/*--------------------------------*- C++ -*----------------------------------*\
| =========                 |                                                 |
| \\      /  F ield         | OpenFOAM: The Open Source CFD Toolbox           |
|  \\    /   O peration     | Version:  2412                                  |
|   \\  /    A nd           | Website:  www.openfoam.com                      |
|    \\/     M anipulation  |                                                 |
\*---------------------------------------------------------------------------*/
FoamFile
{
    version     2.0;
    format      ascii;
    arch        "LSB;label=32;scalar=64";
    class       volScalarField;
    location    "3900";
    object      omega;
}
// * * * * * * * * * * * * * * * * * * * * * * * * * * * * * * * * * * * * * //

dimensions      [0 0 -1 0 0 0 0];

internalField   nonuniform List<scalar> 
38343
(
32.194446
32.193694
32.121694
32.032681
31.993216
31.976589
31.967847
31.962542
31.959384
31.957573
31.956336
31.954781
31.953433
31.952418
31.9516
31.950955
31.950457
31.950194
31.949998
31.949859
31.94979
31.949732
31.949828
31.949962
31.950216
31.950671
31.951512
31.952625
31.954573
31.956583
31.960689
31.965157
31.972653
31.982072
31.998833
32.02732
32.084002
32.177039
32.192902
32.194712
32.430515
32.395391
32.197119
32.065789
31.984683
31.952526
31.935605
31.925177
31.918947
31.914218
31.91095
31.908241
31.906102
31.904361
31.902949
31.901811
31.900894
31.900261
31.89983
31.899549
31.899393
31.89932
31.899391
31.899603
31.899967
31.900635
31.901745
31.903335
31.905615
31.908696
31.91297
31.91968
31.928948
31.942286
31.964929
32.00239
32.092639
32.21852
32.34898
32.429293
32.638755
32.601427
32.289994
32.090098
31.974122
31.929005
31.903976
31.888514
31.878965
31.872608
31.86746
31.863184
31.859801
31.857131
31.854938
31.85314
31.851684
31.850624
31.849906
31.849428
31.849138
31.849007
31.849112
31.849433
31.849985
31.850944
31.852468
31.854581
31.857864
31.86177
31.869205
31.877446
31.889665
31.908052
31.93927
31.987678
32.112252
32.301252
32.525261
32.611764
32.857078
32.812044
32.386434
32.104252
31.963413
31.905921
31.872491
31.852473
31.839591
31.830817
31.82437
31.818618
31.814139
31.810518
31.807517
31.805031
31.803006
31.801482
31.800343
31.799538
31.799056
31.798853
31.799
31.799496
31.800363
31.801813
31.804009
31.807153
31.811478
31.817478
31.825485
31.836681
31.853364
31.876441
31.917201
31.978267
32.121537
32.40808
32.709641
32.796074
33.083497
33.027233
32.459098
32.111125
31.956299
31.883243
31.841745
31.817048
31.801322
31.790642
31.781844
31.774906
31.769236
31.764689
31.76086
31.75763
31.754936
31.752805
31.751177
31.749977
31.749206
31.748886
31.749091
31.749824
31.751133
31.753198
31.756219
31.760299
31.766093
31.772985
31.782157
31.798422
31.818298
31.846502
31.895416
31.971977
32.122012
32.475865
32.897784
32.981131
33.276334
33.246406
32.542782
32.116679
31.953151
31.860781
31.811508
31.782346
31.762946
31.750345
31.740638
31.732088
31.725336
31.719831
31.715161
31.711132
31.707686
31.704888
31.702564
31.700796
31.699664
31.699197
31.699449
31.700561
31.702451
31.705348
31.709407
31.714927
31.722077
31.7319
31.74262
31.760113
31.785012
31.8183
31.874755
31.97053
32.121501
32.537785
33.084804
33.102215
33.360788
33.468346
32.653189
32.12316
31.952991
31.838136
31.78217
31.748043
31.726438
31.711733
31.699311
31.690209
31.682396
31.676025
31.670524
31.665677
31.661392
31.657768
31.654731
31.652289
31.65063
31.649969
31.65031
31.651889
31.654588
31.658596
31.663962
31.670794
31.679823
31.689688
31.705669
31.726431
31.753618
31.792697
31.854815
31.973871
32.120586
32.609689
33.271288
33.149358
33.395557
33.692785
32.788027
32.132551
31.952693
31.815196
31.753396
31.71414
31.688818
31.673806
31.660871
31.650036
31.64114
31.633868
31.627525
31.621787
31.61658
31.612058
31.607992
31.604594
31.602429
31.601457
31.601937
31.604075
31.607772
31.613037
31.619954
31.628737
31.639533
31.654045
31.671413
31.690719
31.723466
31.769392
31.835721
31.975752
32.120958
32.67682
33.457423
33.167199
33.404249
33.919805
32.928002
32.145869
31.950805
31.791722
31.725373
31.680403
31.652486
31.655391
31.641223
31.629903
31.620652
31.613054
31.606419
31.600375
31.594782
31.588712
31.584161
31.580514
31.578208
31.577338
31.57763
31.579649
31.583645
31.589147
31.596371
31.605462
31.616483
31.633899
31.64932
31.663166
31.695368
31.748585
31.816764
31.977221
32.122931
32.74039
33.643504
33.168149
33.395305
34.149471
33.072305
32.163816
31.946381
31.767793
31.697915
31.646757
31.617749
31.614121
31.613546
31.600876
31.592259
31.58488
31.578583
31.572696
31.566734
31.559871
31.554502
31.548935
31.543373
31.54275
31.543743
31.547444
31.555622
31.565829
31.575861
31.583352
31.590713
31.604504
31.611557
31.639258
31.668442
31.730812
31.79907
31.972961
32.12606
32.80232
33.82963
33.16018
33.374994
34.381788
33.221909
32.186078
31.942263
31.743341
31.670755
31.612981
31.582841
31.574498
31.575988
31.562567
31.553543
31.546022
31.539315
31.532808
31.526336
31.519563
31.513661
31.507226
31.499766
31.498619
31.499034
31.501647
31.511635
31.523711
31.536071
31.546068
31.555487
31.569348
31.581336
31.615862
31.643562
31.714687
31.78087
31.967713
32.130354
32.862185
34.015867
33.14532
33.346599
34.617021
33.375663
32.212627
31.936906
31.718537
31.643563
31.578898
31.54783
31.536866
31.539018
31.525323
31.515631
31.507886
31.501386
31.494946
31.488336
31.481416
31.474683
31.467209
31.458821
31.457216
31.457228
31.459655
31.470556
31.484128
31.498139
31.51034
31.521861
31.537403
31.553315
31.593148
31.619368
31.700374
31.761046
31.958373
32.135957
32.921256
34.202257
33.127049
33.312918
34.85522
33.53419
32.242907
31.932233
31.693261
31.616206
31.544458
31.51259
31.500336
31.502244
31.488626
31.479056
31.471853
31.465946
31.459848
31.453789
31.447052
31.439455
31.431053
31.421975
31.420422
31.42012
31.422946
31.434829
31.44998
31.465315
31.479312
31.492751
31.509475
31.52821
31.572522
31.597248
31.686782
31.73979
31.947685
32.142445
32.97872
34.389054
33.105644
33.27517
35.09644
33.696746
32.276903
31.926819
31.667682
31.588372
31.509522
31.477038
31.464304
31.465476
31.452868
31.443925
31.437845
31.432909
31.428273
31.423791
31.418303
31.410289
31.40155
31.391913
31.390959
31.389949
31.393939
31.406876
31.422964
31.439309
31.45458
31.468686
31.485706
31.506268
31.553114
31.575786
31.674128
31.719448
31.934657
32.149804
33.035824
34.576239
33.083092
33.234837
35.340666
33.863139
32.313907
31.922117
31.641638
31.559939
31.473993
31.440968
31.428908
31.428733
31.417692
31.41001
31.405587
31.403155
31.401424
31.399696
31.396903
31.390474
31.382511
31.372817
31.373088
31.370484
31.376133
31.389425
31.405424
31.421531
31.43645
31.450367
31.466638
31.487023
31.536022
31.555743
31.661599
31.69747
31.922302
32.15726
33.091448
34.76374
33.05866
33.192382
35.588324
34.033227
32.353927
31.916833
31.615264
31.53066
31.43775
31.404264
31.392982
31.391752
31.382986
31.377191
31.375723
31.377115
31.3799
31.383643
31.385618
31.384311
31.37984
31.371748
31.373922
31.363708
31.37523
31.386871
31.400378
31.413981
31.426076
31.438419
31.452669
31.47078
31.519769
31.53581
31.648795
31.676628
31.908081
32.164911
33.146951
34.951941
33.03408
33.148801
35.839149
34.206656
32.396396
31.912047
31.588371
31.500434
31.400666
31.366806
31.356191
31.354522
31.348435
31.34541
31.348284
31.355106
31.364516
31.37798
31.387923
31.398431
31.403606
31.399898
31.409315
31.384357
31.400867
31.406082
31.412166
31.419358
31.425211
31.432926
31.443945
31.458435
31.504827
31.517057
31.635829
31.654215
31.893792
32.172005
33.200901
35.140546
33.008496
33.104266
36.093687
34.383306
32.441137
31.906843
31.561214
31.467496
31.362616
31.328408
31.318496
31.317211
31.313408
31.314669
31.322708
31.33651
31.355949
31.384113
31.41011
31.443133
31.471606
31.468012
31.506725
31.426841
31.46922
31.45753
31.446859
31.441076
31.435582
31.435532
31.440222
31.449005
31.491499
31.497164
31.620893
31.632078
31.878194
32.178694
33.254841
35.330061
32.983035
33.059506
36.35148
34.562556
32.487549
31.902041
31.533514
31.435093
31.323573
31.289014
31.279636
31.279254
31.278476
31.284544
31.298449
31.321451
31.354998
31.404056
31.462645
31.535289
31.616215
31.604645
31.656038
31.481028
31.608281
31.557736
31.513208
31.483049
31.460748
31.446851
31.441519
31.442176
31.477304
31.478556
31.606006
31.609101
31.8615
32.184428
33.3072
35.520099
32.956691
33.014572
36.613142
34.74445
32.535646
31.896864
31.505584
31.400486
31.283497
31.248494
31.239623
31.240454
31.24305
31.254249
31.275132
31.309728
31.362288
31.442274
31.552106
31.708107
31.897141
31.924018
31.910028
31.681147
31.866126
31.732323
31.623157
31.550907
31.502014
31.467288
31.448165
31.437598
31.46566
31.456991
31.587081
31.58468
31.844361
32.189277
33.359402
35.711278
32.93085
32.970006
36.878549
34.928399
32.584898
31.891725
31.477187
31.365976
31.242424
31.206842
31.19781
31.200575
31.206498
31.223209
31.252283
31.300964
31.37815
31.502619
31.694721
32.008646
32.428149
32.630518
32.456738
32.223942
32.329109
32.019515
31.792576
31.652637
31.56049
31.49748
31.460502
31.434658
31.450437
31.436893
31.568634
31.560646
31.825049
32.192857
33.410333
35.903081
32.90459
32.925839
37.147777
35.114849
32.634965
31.886394
31.448541
31.329789
31.20038
31.16402
31.15483
31.159554
31.168808
31.190994
31.228782
31.294163
31.402581
31.588554
31.909828
32.484977
33.391523
34.307443
33.831923
33.314216
33.146307
32.477071
32.042801
31.792888
31.638738
31.538351
31.47781
31.432979
31.43833
31.412281
31.540832
31.53323
31.805895
32.195325
33.460697
36.096059
32.878637
32.882506
37.420983
35.302789
32.686374
31.880989
31.419625
31.293357
31.15751
31.120154
31.110558
31.117249
31.129905
31.157652
31.204864
31.28859
31.434033
31.702516
32.216101
33.23456
35.22639
38.109591
37.52772
35.462699
34.557503
33.181954
32.398196
31.980438
31.739477
31.589239
31.499704
31.431845
31.420475
31.388709
31.517305
31.505179
31.783918
32.1961
33.510498
36.290048
32.85241
32.840023
37.698197
35.493121
32.738302
31.875545
31.390649
31.25592
31.113974
31.075384
31.065494
31.0736
31.089295
31.12253
31.17941
31.282321
31.468729
31.845288
32.587884
34.371962
38.763299
45.814735
42.7233
40.060098
36.926263
34.220695
32.888746
32.216086
31.861487
31.649082
31.525039
31.430466
31.404669
31.357134
31.482762
31.474742
31.762302
32.195946
33.558951
36.485817
32.826446
32.798752
37.979618
35.684194
32.791189
31.869895
31.361577
31.218056
31.06988
31.029952
31.019413
31.028603
31.046941
31.0853
31.152114
31.281543
31.50477
31.937567
32.819266
35.805875
44.781943
65.947639
65.055277
48.991556
40.708457
35.655765
33.503369
32.500697
32.003056
31.716873
31.552603
31.428297
31.382173
31.328573
31.453208
31.442364
31.737748
32.193632
33.60804
36.682826
32.800003
32.75872
38.264699
35.877854
32.844884
31.864548
31.332679
31.179709
31.025446
30.98384
30.972631
30.982603
31.00311
31.045398
31.124262
31.271826
31.535243
32.143293
33.418936
37.768966
54.851896
178.19156
549.44262
68.208321
46.114287
37.487443
34.236667
32.830102
32.161439
31.790301
31.581114
31.424435
31.360123
31.29643
31.415836
31.408939
31.713174
32.190157
33.654991
36.881685
32.774072
32.720213
38.554711
36.071818
32.899346
31.858701
31.30389
31.141042
30.980741
30.937428
30.925138
30.93549
30.957737
31.003634
31.092963
31.253828
31.572863
32.322641
33.998089
39.991248
67.837781
606.63364
110.46035
52.568612
39.5956
35.058739
33.189932
32.330592
31.866359
31.609367
31.418522
31.333385
31.26281
31.380411
31.372771
31.686213
32.185234
33.703628
37.081612
32.747797
32.683266
38.849079
36.268392
32.953961
31.853723
31.275479
31.102314
30.936071
30.890754
30.877303
30.887836
30.911547
30.961086
31.054968
31.232825
31.599102
32.47872
34.533031
42.114711
82.177398
935.69406
149.98864
58.827097
41.708571
35.907499
33.564346
32.504327
31.942747
31.63572
31.409733
31.303732
31.226363
31.340198
31.336338
31.657838
32.177758
33.749036
37.283523
32.721989
32.648145
39.148068
36.465138
33.010366
31.848106
31.24749
31.063594
30.891485
30.844243
30.829302
30.839454
30.863633
30.916989
31.015544
31.207932
31.615281
32.601568
34.992304
43.968516
95.948348
174.34434
64.291425
43.646592
36.755146
33.932118
32.67641
32.017898
31.659448
31.397677
31.273823
31.189371
31.300193
31.297287
31.628677
32.171454
33.797035
37.487163
32.696369
32.614883
39.451554
36.664268
33.06633
31.843484
31.220036
31.025107
30.847234
30.797924
30.781439
30.791031
30.815815
30.871762
30.97469
31.180361
31.617902
32.695028
35.36413
45.501138
109.48047
184.97227
67.81133
45.451306
37.546578
34.314429
32.846935
32.091792
31.678661
31.377749
31.237746
31.14802
31.25758
31.258488
31.597458
32.162585
33.84256
37.692894
32.670799
32.583714
39.75982
36.862909
33.123962
31.83811
31.193001
30.98696
30.803406
30.751952
30.733767
30.742569
30.767664
30.825803
30.932626
31.148052
31.60774
32.758268
35.652949
46.705964
121.2854
186.8792
70.387164
46.616776
38.164781
34.623323
33.006203
32.145941
31.695257
31.360735
31.19759
31.108694
31.215268
31.217823
31.566386
32.15594
33.889229
37.900812
32.645471
32.554669
40.072688
37.064203
33.181971
31.834212
31.166771
30.949201
30.760054
30.706768
30.686964
30.694232
30.7195
30.778993
30.889179
31.111425
31.588714
32.792152
35.867074
47.611675
130.75462
184.21865
72.015731
47.55615
38.660155
34.89733
33.137041
32.209841
31.709255
31.34059
31.164531
31.069643
31.171395
31.177916
31.534509
32.147352
33.937265
38.110769
32.620818
32.527965
40.390546
37.264627
33.241428
31.829684
31.14112
30.912029
30.717341
30.662064
30.639769
30.64627
30.671674
30.73192
30.844548
31.071982
31.564019
32.80093
36.019425
48.291612
136.50727
2773.2997
178.54478
72.737303
48.247279
39.07091
35.135786
33.234667
32.24651
31.716378
31.31534
31.124367
31.02689
31.126323
31.137559
31.503104
32.143875
33.984933
38.323496
32.595864
32.503631
40.713113
37.467884
33.301609
31.826855
31.11629
30.87537
30.675315
30.617876
30.59433
30.598592
30.624074
30.684784
30.799394
31.030615
31.53446
32.78869
36.117327
48.7839
143.25373
1724.9434
170.93883
72.802083
48.72956
39.410818
35.3371
33.316929
32.274301
31.707026
31.286009
31.084504
30.983097
31.082217
31.097142
31.469488
32.137027
34.037784
38.537681
32.571221
32.481874
41.040847
37.669625
33.362528
31.823295
31.091869
30.839464
30.633906
30.575014
30.549352
30.551251
30.576836
30.637758
30.754013
30.987841
31.500553
32.760217
36.156726
49.004452
143.80821
1166.3741
162.66926
72.466341
49.041113
39.681074
35.482874
33.384396
32.298952
31.70037
31.256203
31.045715
30.940165
31.038068
31.059271
31.439542
32.135469
34.08878
38.755622
32.546796
32.462716
41.373362
37.874624
33.424411
31.821716
31.068562
30.803962
30.593715
30.532217
30.505526
30.504583
30.529948
30.590953
30.708381
30.94401
31.463118
32.719091
36.157392
49.001297
141.94491
812.3846
154.77137
71.938571
49.21418
39.856133
35.582492
33.433128
32.31856
31.690328
31.226914
31.007005
30.898206
30.994466
31.022973
31.411002
32.135282
34.146791
38.975369
32.522734
32.446373
41.711248
38.077086
33.487176
31.819258
31.045275
30.769051
30.553319
30.489135
30.461251
30.458334
30.483379
30.544311
30.662535
30.899374
31.422623
32.673787
36.140544
48.95176
139.63692
706.15621
147.24104
71.275068
49.265067
39.962424
35.651162
33.464317
32.329003
31.67655
31.197936
30.967638
30.857362
30.952184
30.987613
31.382866
32.1338
34.20147
39.197086
32.49963
32.432838
42.053972
38.283356
33.551429
31.818322
31.023218
30.734472
30.51377
30.447633
30.417523
30.412595
30.437143
30.497875
30.616568
30.854141
31.37947
32.627721
36.111767
48.890703
138.09769
616.99768
140.14162
70.539622
49.213235
40.02899
35.696155
33.485758
32.329106
31.6593
31.168308
30.92846
30.817804
30.911277
30.953447
31.35695
32.134866
34.263914
39.420803
32.477637
32.422297
42.402242
38.486131
33.616104
31.817105
31.001367
30.701282
30.47593
30.406572
30.375022
30.367327
30.39116
30.451583
30.570437
30.808596
31.334378
32.583037
36.076956
48.79413
135.31032
542.48199
133.48119
69.826443
49.08679
40.057778
35.721157
33.500709
32.322096
31.638416
31.137798
30.890059
30.779483
30.871993
30.921114
31.333087
32.139163
34.327819
39.64476
32.45681
32.414828
42.755375
38.693232
33.681954
31.816937
30.980507
30.669725
30.437864
30.365986
30.332178
30.322476
30.345468
30.40549
30.524252
30.762531
31.28805
32.540925
36.03915
48.68684
132.60955
480.513
127.4546
69.061683
48.918819
40.046779
35.729392
33.507689
32.311051
31.615023
31.106915
30.852578
30.742094
30.834375
30.890414
31.311158
32.1467
34.393889
39.869744
32.437151
32.411646
43.114485
38.895896
33.746948
31.816288
30.959918
30.635903
30.399844
30.325385
30.290095
30.277922
30.300029
30.359515
30.478017
30.716302
31.241318
32.501395
36.001793
48.589479
130.27099
430.60629
122.18358
68.266827
48.728254
40.005347
35.721214
33.504867
32.295709
31.589738
31.075918
30.815067
30.705518
30.798358
30.861658
31.291021
32.156705
34.464042
40.0958
32.418697
32.410999
43.478297
39.103583
33.814141
31.816741
30.938733
30.60395
30.362754
30.285149
30.248497
30.233397
30.254669
30.313555
30.431729
30.670086
31.195158
32.463828
35.969736
48.52128
128.45196
391.29282
117.67279
67.444688
48.516926
39.941874
35.699826
33.49447
32.276642
31.562812
31.04486
30.77762
30.669889
30.763855
30.834664
31.272245
32.169045
34.537584
40.323018
32.40149
32.414496
43.846857
39.309162
33.882468
31.818502
30.920095
30.571889
30.326114
30.245574
30.207526
30.189766
30.211493
30.271159
30.391787
30.636566
31.18133
32.511073
36.234199
49.930083
145.89418
4851.3732
387.72865
117.55573
67.230309
48.29129
39.868502
35.667358
33.477353
32.254101
31.534386
31.012954
30.74057
30.635155
30.73077
30.809244
31.255005
32.183716
34.614045
40.55147
32.385541
32.422198
44.22023
39.517822
33.951698
31.820229
30.901745
30.540371
30.289629
30.206781
30.167545
30.145528
30.166952
30.225896
30.346089
30.591127
31.137197
32.47336
36.220879
50.017966
148.66244
3396.636
359.8906
113.91769
66.351486
48.136999
39.782025
35.627471
33.45459
32.22836
31.504853
30.979776
30.703801
30.601265
30.69888
30.78519
31.239856
32.200153
34.694934
40.782049
32.370884
32.434319
44.598083
39.724828
34.022969
31.821194
30.882754
30.50928
30.253663
30.168437
30.128151
30.102466
30.122812
30.18103
30.300831
30.546412
31.094958
32.438495
36.22721
50.261323
155.71715
2654.7323
338.57905
110.8458
65.516792
47.850251
39.665176
35.56715
33.418656
32.195843
31.472648
30.94581
30.667312
30.568051
30.667951
30.762297
31.226443
32.214566
34.779496
41.013125
32.357525
32.450797
44.980525
39.935274
34.094312
31.823881
30.864983
30.478898
30.218351
30.130559
30.089098
30.059567
30.079154
30.136644
30.2561
30.502495
31.054406
32.40375
36.245025
50.591567
165.68821
2194.8479
321.42508
108.23359
64.743786
47.572567
39.544784
35.50247
33.378003
32.160673
31.43882
30.911845
30.631049
30.535365
30.637823
30.740443
31.21467
32.230646
34.866602
41.245678
32.345492
32.471793
45.366727
40.143536
34.166543
31.827222
30.847977
30.449001
30.183545
30.093162
30.050377
30.017132
30.035964
30.092784
30.211948
30.459416
31.015114
32.369144
36.269723
50.966383
177.54964
1879.236
307.18662
105.9954
64.03231
47.308854
39.423748
35.435059
33.333539
32.123256
31.404052
30.87747
30.594615
30.503107
30.608428
30.718988
31.204312
32.24755
34.949321
41.479596
32.33477
32.497405
45.758282
40.355314
34.241255
31.832314
30.831225
30.419609
30.149209
30.0562
30.011929
29.975421
29.991794
30.049463
30.168428
30.417123
30.976624
32.335653
36.298525
51.35993
190.34789
1648.3358
295.08515
104.08174
63.382788
47.058567
39.303121
35.366015
33.286035
32.083977
31.368393
30.843035
30.558641
30.471498
30.579812
30.698103
31.194405
32.265353
35.035065
41.709843
32.325356
32.529039
46.154235
40.561955
34.31597
31.837596
30.814903
30.390722
30.115451
30.019703
29.973707
29.934572
29.95002
30.006679
30.125569
30.375507
30.938575
32.30345
36.330286
51.763141
203.35175
1471.4834
284.53699
102.4041
62.783506
46.82082
39.183625
35.295798
33.236094
32.043145
31.331862
30.808977
30.523178
30.440458
30.55171
30.678725
31.184997
32.284118
35.121503
41.935075
32.317215
32.56405
46.554078
40.772083
34.391716
31.843355
30.799228
30.362309
30.082443
29.983625
29.935743
29.894522
29.908288
29.964332
30.083371
30.334562
30.900699
32.272445
36.363942
52.174083
216.03813
1331.9472
275.19488
100.88743
62.229475
46.593863
39.065128
35.224666
33.184353
32.001012
31.294538
30.775261
30.488155
30.409974
30.524221
30.659902
31.178417
32.309167
35.209609
42.162593
32.314779
32.603693
46.947988
40.983056
34.468959
31.849801
30.784204
30.334361
30.05011
29.948002
29.898089
29.855218
29.866989
29.920899
30.041808
30.294265
30.862814
32.242729
36.39829
52.588883
228.05113
1220.0132
266.83086
99.496668
61.708855
46.376483
38.947947
35.152686
33.131409
31.957827
31.256563
30.741761
30.453591
30.379988
30.497313
30.641603
31.172299
32.335168
35.308722
42.389022
32.317448
32.64787
47.330479
41.192963
34.547613
31.857037
30.76971
30.30695
30.018348
29.912786
29.860798
29.816463
29.826114
29.879839
30.000828
30.254531
30.824854
32.214661
36.432372
53.004727
239.16103
1129.0853
259.27303
98.208224
61.225556
46.16723
38.832188
35.080222
33.077697
31.913836
31.218079
30.708157
30.419407
30.350418
30.470927
30.623783
31.166662
32.362029
35.40958
42.604603
32.313056
32.698012
47.702998
41.402801
34.627445
31.864708
30.755733
30.280021
29.987114
29.878039
29.823962
29.7779
29.785704
29.839244
29.960375
30.215237
30.786751
32.188145
36.465776
53.419218
249.24858
1054.5306
252.38643
97.007944
60.777542
45.964855
38.717996
35.007682
33.023472
31.869255
31.179181
30.674209
30.385634
30.321188
30.444997
30.606382
31.161449
32.389615
35.511824
42.816961
32.309818
32.750957
48.064356
41.612798
34.708445
31.873127
30.742246
30.253537
29.956332
29.843706
29.787593
29.739322
29.746392
29.79911
29.920394
30.17626
30.748523
32.162765
36.498372
53.830772
258.26232
992.80802
246.07111
95.88724
60.352417
45.768513
38.605409
34.935314
32.96893
31.824259
31.139924
30.639834
30.352189
30.29221
30.419447
30.589342
31.156636
32.417887
35.615315
43.025794
32.307909
32.808088
48.416163
41.822921
34.790191
31.882033
30.729172
30.227543
29.925982
29.809964
29.751708
29.70069
29.707533
29.759404
29.880828
30.137512
30.710266
32.138127
36.529907
54.238052
266.2092
939.64868
240.23751
94.839914
59.954745
45.577988
38.494452
34.8632
32.914281
31.778989
31.10033
30.604986
30.319106
30.263414
30.394213
30.572599
31.152169
32.446736
35.719921
43.231375
32.307168
32.869319
48.756955
42.033111
34.873351
31.891639
30.71646
30.201962
29.895999
29.776728
29.716265
29.662076
29.668434
29.720091
29.841615
30.098934
30.672112
32.113981
36.559689
54.63954
273.11965
893.048
234.81425
93.859038
59.579125
45.392621
38.385256
34.791361
32.85971
31.733563
31.060403
30.569627
30.286296
30.234729
30.369231
30.5561
31.148038
32.476144
35.825571
43.433378
32.307739
32.936058
49.087948
42.243235
34.95745
31.901999
30.704007
30.17687
29.866369
29.743965
29.68122
29.623572
29.629812
29.681137
29.802701
30.060494
30.634209
32.090143
36.587402
55.033409
279.03999
851.86944
229.75393
92.937595
59.224454
45.212395
38.278076
34.719851
32.805323
31.688074
31.020142
30.533694
30.253793
30.206112
30.344451
30.539787
31.144194
32.506014
35.932138
43.632126
32.309455
33.004967
49.40948
42.453286
35.042325
31.913076
30.691894
30.152331
29.837027
29.71157
29.646522
29.585298
29.591639
29.642508
29.764043
30.022188
30.596697
32.066444
36.613325
55.418304
284.03309
815.23038
225.02333
92.069887
58.887482
45.037517
38.173196
34.648787
32.751124
31.642582
30.979553
30.496918
30.221485
30.177522
30.319823
30.523616
31.140631
32.536351
36.039562
43.827275
32.312465
33.077484
49.720892
42.663176
35.128429
31.924908
30.680029
30.128176
29.807975
29.679552
29.612128
29.54727
29.553859
29.604175
29.725619
29.984028
30.559695
32.042742
36.63748
55.793307
288.17729
782.41731
220.59318
91.252426
58.568802
44.868612
38.070803
34.578323
32.697044
31.5971
30.938662
30.459323
30.189397
30.148946
30.295307
30.507546
31.137293
32.567071
36.147722
44.019165
32.3166
33.155204
50.022484
42.873001
35.215259
31.937448
30.668356
30.10436
29.779125
29.647779
29.578
29.50952
29.516419
29.566103
29.687411
29.946032
30.52327
32.018947
36.659742
56.158123
291.54983
752.85289
216.43369
90.480246
58.26858
44.705245
37.970969
34.5086
32.64299
31.551603
30.897515
30.421189
30.157392
30.120364
30.270859
30.491548
31.134174
32.598198
36.256566
44.207442
32.322013
33.234488
50.31562
43.082662
35.303334
31.950516
30.656944
30.080858
29.75052
29.616282
29.544115
29.472066
29.479217
29.528256
29.649396
29.908206
30.487424
31.995031
36.680076
56.512892
294.22877
726.07886
212.51594
89.746076
57.983126
44.547002
37.87378
34.439719
32.588903
31.506045
30.85617
30.382795
30.125482
30.091776
30.246444
30.475592
31.131207
32.629655
36.365976
44.392476
32.32853
33.317
50.598553
43.29195
35.392151
31.964162
30.645744
30.057563
29.722079
29.584961
29.510466
29.434878
29.442249
29.490603
29.611542
29.87054
30.452099
31.971015
36.698693
56.857807
296.29016
701.72912
208.81528
89.044856
57.709045
44.394381
37.779392
34.371723
32.534796
31.460393
30.814688
30.344221
30.093483
30.063161
30.222022
30.459662
31.128388
32.661475
36.475915
44.573908
32.336305
33.404195
50.872665
43.50065
35.482267
31.978389
30.634717
30.034483
29.693826
29.553846
29.477023
29.397969
29.405436
29.453119
29.573815
29.833007
30.417207
31.946954
36.715768
57.192818
297.80587
679.49491
205.30988
88.373535
57.447334
44.247702
37.687778
34.304584
32.480735
31.414638
30.773124
30.305552
30.06143
30.034517
30.197566
30.443735
31.125649
32.693582
36.586272
44.752138
32.345162
33.492554
51.138291
43.708626
35.573137
31.993029
30.623836
30.011596
29.665715
29.522859
29.443772
29.361326
29.36797
29.415783
29.53619
29.795577
30.382662
31.922933
36.731422
57.517529
298.84301
659.10358
201.97624
87.730612
57.197226
44.106916
37.598485
34.238239
32.426821
31.368803
30.731524
30.266861
30.029228
30.005819
30.17305
30.427802
31.122993
32.726016
36.697024
44.926797
32.355255
33.583565
51.394777
43.915833
35.665334
32.008095
30.61317
29.988911
29.637779
29.492063
29.410702
29.324935
29.331756
29.378588
29.498652
29.758228
30.348388
31.89904
36.745752
57.831268
299.46297
640.31932
198.78925
87.107849
56.956949
43.971353
37.510653
34.172713
32.373164
31.322938
30.689925
30.228208
29.996917
29.977065
30.148464
30.411846
31.12036
32.758695
36.808074
45.098303
32.366406
33.678988
51.642337
44.122051
35.758615
32.02371
30.602696
29.966343
29.609982
29.461387
29.377805
29.288799
29.295548
29.341511
29.461195
29.720946
30.314317
31.875341
36.758822
58.133173
299.71398
622.94896
195.73099
86.500446
56.722952
43.83971
37.424402
34.108132
32.319864
31.277109
30.648357
30.189642
29.96441
29.948234
30.123798
30.395862
31.117761
32.791665
36.91941
45.266266
32.378769
33.774906
51.881828
44.327326
35.852497
32.039732
30.592363
29.943938
29.582356
29.430897
29.345026
29.252923
29.259401
29.304465
29.423819
29.683718
30.280385
31.851859
36.770633
58.422461
299.64102
606.83803
192.79506
85.909564
56.492976
43.711144
37.340314
34.044609
32.266989
31.231375
30.606845
30.151193
29.931761
29.91933
30.09906
30.379836
31.115147
32.82484
37.030948
45.431118
32.392162
33.873177
52.113487
44.531497
35.947844
32.056302
30.5822
29.921615
29.55487
29.400505
29.312366
29.21731
29.223372
29.266233
29.386527
29.646534
30.246531
31.828564
36.781108
58.698637
299.2986
591.85799
189.98183
85.337952
56.266419
43.585319
37.258334
33.982181
32.214564
31.18577
30.565407
30.112881
29.898892
29.890341
30.074251
30.36377
31.112544
32.858271
37.142691
45.592442
32.406741
33.975328
52.336586
44.733748
36.043772
32.073427
30.572101
29.899444
29.527549
29.370289
29.279772
29.181971
29.187464
29.229582
29.349305
29.60938
30.212694
31.805382
36.790126
58.961574
298.71682
577.89279
187.29091
84.788472
56.044811
43.462235
37.178173
33.920801
32.162575
31.140303
30.52405
30.074708
29.865876
29.861281
30.049391
30.347652
31.109913
32.891872
37.25456
45.750688
32.422321
34.077657
52.551476
44.935545
36.141159
32.09093
30.562229
29.877351
29.500368
29.340143
29.247266
29.146888
29.151671
29.192944
29.309313
29.57225
30.178822
31.782201
36.797582
59.211587
297.92701
564.83094
184.71675
84.263114
55.828186
43.342067
37.099566
33.860359
32.110977
31.094961
30.48277
30.036672
29.832646
29.832146
30.024484
30.331487
31.107292
32.925714
37.366573
45.905413
32.439055
34.181766
52.759664
45.136167
36.239527
32.108845
30.55248
29.855416
29.473361
29.310152
29.21482
29.112044
29.115987
29.156383
29.272256
29.53499
30.144868
31.758891
36.803418
59.449239
296.95647
552.57235
182.24785
83.761756
55.617084
43.22462
37.022275
33.800721
32.059715
31.049726
30.441557
29.998757
29.799289
29.80295
29.99955
30.315267
31.10465
32.959714
37.478659
46.05709
32.456759
34.289537
52.959091
45.33533
36.338562
32.127444
30.542884
29.833556
29.446468
29.280211
29.182416
29.077411
29.080395
29.119903
29.235319
29.492562
30.110801
31.735311
36.807623
59.675072
295.83243
541.03977
179.86987
83.279487
55.411603
43.109666
36.94614
33.74177
32.008733
31.004592
30.400399
29.960951
29.765748
29.773693
29.974589
30.299001
31.10204
32.993959
37.590846
46.205257
32.475584
34.396871
53.151483
45.533119
36.43896
32.146296
30.533405
29.811858
29.419713
29.250407
29.150088
29.042964
29.044883
29.083483
29.198421
29.455578
30.065558
31.711308
36.810208
59.889497
294.58017
530.18147
177.57371
82.812418
55.210484
42.996983
36.87111
33.683413
31.957988
30.95956
30.359289
29.923237
29.732122
29.744388
29.949617
30.282682
31.099436
33.028372
37.703067
46.350417
32.495344
34.50577
53.336944
45.730176
36.540434
32.165719
30.524074
29.790264
29.393086
29.220622
29.117815
29.008677
29.009445
29.047129
29.161568
29.418633
30.030766
31.658969
36.810357
60.092777
293.22069
519.95551
175.35745
82.360599
55.01411
42.886623
36.797153
33.625582
31.90745
30.914638
30.318223
29.885605
29.698353
29.715031
29.924629
30.266321
31.096898
33.06305
37.815359
46.49209
32.516189
34.617751
53.514895
45.924853
36.642418
32.185738
30.514935
29.768787
29.366564
29.190965
29.085605
28.974527
28.974082
29.010839
29.124762
29.381731
29.996519
31.63414
36.732881
59.952569
291.76443
510.31618
173.22294
81.924262
54.823258
42.778296
36.724197
33.568222
31.857105
30.869829
30.2772
29.84804
29.66455
29.685632
29.899631
30.249912
31.094397
33.097918
37.927658
46.630813
32.537933
34.729106
53.686225
46.11773
36.745836
32.206167
30.505865
29.747419
29.340155
29.16132
29.05348
28.940493
28.938779
28.974609
29.088001
29.344876
29.962134
31.608819
36.732774
60.12161
287.52562
501.52968
171.72696
81.503536
54.637503
42.671605
36.65219
33.511284
31.806951
30.82513
30.236215
29.810531
29.63065
29.656187
29.874619
30.233468
31.091998
33.133083
38.040003
46.766083
32.560724
34.841414
53.850362
46.309035
36.850199
32.22723
30.496914
29.726157
29.313847
29.131787
29.021408
28.906565
28.903542
28.938435
29.051282
29.308077
29.927616
31.582627
36.731187
60.303114
286.07336
492.76696
169.71295
81.09461
54.455605
42.566686
36.581046
33.454726
31.756997
30.78053
30.195259
29.773061
29.596761
29.626705
29.849588
30.216983
31.089666
33.168464
38.15233
46.89847
32.584373
34.956669
54.007475
46.498326
36.955478
32.248709
30.488114
29.705001
29.287599
29.102243
28.98941
28.872722
28.868371
28.902315
29.014603
29.271328
29.892959
31.555582
36.72832
60.473162
284.56628
484.42623
167.75935
80.693801
54.276549
42.463343
36.510641
33.398513
31.707259
30.736019
30.154319
29.73562
29.562815
29.597179
29.824537
30.200469
31.087464
33.204172
38.264678
47.027447
32.60903
35.070691
54.159155
46.685975
37.06169
32.270834
30.479512
29.683946
29.261459
29.072837
28.957511
28.838942
28.833265
28.866247
28.977967
29.234636
29.858144
31.527634
36.724213
60.633168
283.01497
476.49369
165.86057
80.298534
54.100065
42.361388
36.440869
33.342625
31.657758
30.691591
30.113386
29.698194
29.528918
29.567622
29.79945
30.183921
31.085346
33.240124
38.376979
47.153616
32.634504
35.185549
54.303347
46.871503
37.168797
32.29356
30.470989
29.663002
29.235382
29.043409
28.925667
28.805219
28.798221
28.830226
28.941364
29.197983
29.823189
31.498863
36.718908
60.783233
281.42395
468.95513
164.02105
79.908322
53.925849
42.260795
36.371641
33.287046
31.60851
30.647248
30.072451
29.660777
29.49499
29.538027
29.774335
30.167352
31.083374
33.276432
38.48927
47.276421
32.660945
35.300919
54.442463
47.05527
37.276267
32.316587
30.462592
29.642148
29.209376
29.014089
28.893906
28.771546
28.763234
28.794248
28.904801
29.161376
29.788073
31.469281
36.712807
60.922111
279.80125
461.78119
162.23475
79.523259
53.753719
42.161232
36.302884
33.231766
31.559529
30.602998
30.031513
29.623363
29.46114
29.508407
29.749169
30.150757
31.081493
33.313007
38.601479
47.396497
32.688158
35.418826
54.574331
47.237763
37.385113
32.340401
30.454432
29.621394
29.183425
28.984756
28.862241
28.737922
28.728306
28.758321
28.868272
29.124796
29.752803
31.439035
36.70594
61.051596
278.15626
454.95006
160.50591
79.142983
53.583257
42.062353
36.234539
33.176769
31.510822
30.558849
29.990578
29.585954
29.427275
29.478758
29.72397
30.134151
31.079762
33.349965
38.71364
47.513258
32.716298
35.535066
54.70143
47.417364
37.494745
32.364528
30.446326
29.600736
29.157537
28.955544
28.830656
28.704349
28.693433
28.722443
28.831779
29.088251
29.717385
31.408191
36.698571
61.172009
276.49917
448.42739
158.82711
78.766868
53.414483
41.964486
36.166503
33.122042
31.46239
30.51481
29.949656
29.548551
29.393506
29.449093
29.698714
30.117527
31.078126
33.387211
38.825681
47.627375
32.745164
35.651752
54.821553
47.594658
37.605214
32.389463
30.438459
29.580167
29.131694
28.926298
28.799126
28.670842
28.658611
28.686624
28.79533
29.051734
29.681835
31.376857
36.690558
61.282327
274.83627
442.18119
157.19564
78.395506
53.247535
41.867585
36.098597
33.067588
31.414231
30.470884
29.908759
29.511161
29.359729
29.41941
29.67343
30.100903
31.076641
33.424866
38.937631
47.73823
32.774915
35.768554
54.937241
47.769917
37.716404
32.414902
30.430648
29.55974
29.10591
28.897156
28.767688
28.637406
28.623832
28.650865
28.758924
29.015237
29.646174
31.345171
36.682301
61.385085
273.17678
436.18965
155.6106
78.029274
53.082418
41.771348
36.030722
33.013415
31.366339
30.427073
29.8679
29.473787
29.326062
29.389721
29.648101
30.08427
31.075253
33.46283
39.04942
47.846531
32.805344
35.887527
55.046148
47.942771
37.828396
32.440985
30.423079
29.539344
29.08017
28.867991
28.736319
28.604057
28.589096
28.615164
28.722565
28.97876
29.610416
31.31319
36.673475
61.478338
271.52397
430.44171
154.0696
77.668077
52.918908
41.67553
35.963043
32.95951
31.318701
30.383378
29.827096
29.436439
29.292391
29.360027
29.622759
30.067649
31.07402
33.501228
39.161074
47.951625
32.836617
36.004464
55.150954
48.114456
37.941047
32.467575
30.415564
29.519047
29.054488
28.838945
28.705013
28.5708
28.554401
28.579526
28.686251
28.942297
29.574573
31.281011
36.664292
61.564665
269.88321
424.91407
152.56827
77.31144
52.756593
41.580271
35.895655
32.905851
31.271301
30.3398
29.786362
29.399124
29.258839
29.330338
29.597395
30.051029
31.07289
33.539957
39.272524
48.054263
32.86852
36.12151
55.24918
48.282617
38.05447
32.494631
30.408297
29.498866
29.028842
28.809849
28.673765
28.537636
28.519749
28.543952
28.649986
28.905847
29.538682
31.248746
36.654641
61.64226
268.2621
419.58848
151.10256
76.958988
52.595663
41.485741
35.828542
32.852414
31.224119
30.296339
29.745707
29.361851
29.225252
29.300654
29.57204
30.034428
31.071922
33.579141
39.383793
48.153751
32.901226
36.238323
55.343655
48.44856
38.168994
32.522408
30.401163
29.478733
29.003282
28.78089
28.642578
28.50457
28.485145
28.508443
28.613772
28.869412
29.502756
31.21644
36.644613
61.713796
266.66991
414.43655
149.66581
76.609883
52.436565
41.391901
35.761697
32.799177
31.177135
30.252997
29.705149
29.324628
29.191798
29.270986
29.546685
30.017838
31.071066
33.618676
39.494818
48.250882
32.934512
36.356987
55.431711
48.612871
38.283695
32.550874
30.394104
29.458718
28.977732
28.751867
28.611449
28.471598
28.450589
28.473
28.577605
28.83299
29.466819
31.184188
36.634228
61.778216
265.11101
409.4461
148.25526
76.264269
52.27908
41.298826
35.695132
32.746119
31.130327
30.209776
29.664701
29.287462
29.158316
29.241331
29.521355
30.001273
31.070384
33.658685
39.605616
48.34492
32.96856
36.473299
55.516317
48.773831
38.39888
32.579865
30.387271
29.43874
28.952247
28.72297
28.580381
28.438718
28.416085
28.437622
28.541486
28.796588
29.430907
31.152013
36.62339
61.83666
263.58386
404.62369
146.87126
75.922201
52.122964
41.206552
35.628882
32.693219
31.083672
30.166677
29.624373
29.250361
29.124975
29.211702
29.496042
29.984727
31.069826
33.69906
39.716128
48.4367
33.003139
36.589439
55.594691
48.932106
38.514705
32.609541
30.380604
29.418883
28.926818
28.694021
28.549371
28.405925
28.381637
28.402302
28.505413
28.760208
29.395026
31.119959
36.612087
61.888699
262.08671
399.97358
145.51517
75.583395
51.968442
41.115111
35.562989
32.640455
31.037147
30.1237
29.584169
29.213331
29.091619
29.182089
29.470763
29.968208
31.069458
33.739922
39.826364
48.525442
33.03844
36.705047
55.669969
49.088985
38.630946
32.639744
30.374073
29.39911
28.90143
28.66521
28.518421
28.373208
28.347249
28.367043
28.469381
28.723856
29.359213
31.088104
36.60059
61.935345
260.62098
395.4857
144.18827
75.247947
51.815617
41.024516
35.497496
32.587805
30.990729
30.080846
29.544092
29.176376
29.05841
29.152509
29.445508
29.951717
31.069229
33.78116
39.936271
48.612019
33.074221
36.822232
55.739103
49.242043
38.747795
32.670639
30.367609
29.379357
28.876104
28.636363
28.487526
28.340562
28.312922
28.331841
28.433392
28.687536
29.323473
31.056376
36.588565
61.976093
259.18795
391.14468
142.88842
74.916198
51.664466
40.934744
35.432434
32.535252
30.9444
30.038115
29.504145
29.139506
29.025189
29.122947
29.420293
29.935255
31.069206
33.822892
40.045843
48.695606
33.110685
36.936816
55.805494
49.392647
38.864928
32.70205
30.361388
29.359737
28.850811
28.607649
28.456723
28.307982
28.278659
28.296697
28.39745
28.651251
29.287813
31.024866
36.576397
62.012699
257.7905
386.93567
141.61403
74.587826
51.514784
40.845739
35.36782
32.482786
30.89815
29.995511
29.464325
29.102722
28.992117
29.093425
29.395109
29.918831
31.069341
33.865001
40.155043
48.777109
33.147579
37.051021
55.866443
49.541448
38.983254
32.734155
30.355331
29.340184
28.825584
28.578898
28.425953
28.27547
28.244458
28.261608
28.361561
28.615012
29.252236
30.993491
36.563889
62.044055
256.43263
382.84729
140.36344
74.262229
51.366242
40.757413
35.30366
32.430413
30.851972
29.953035
29.424632
29.066032
28.959035
29.06392
29.369969
29.902437
31.069698
33.907606
40.263843
48.855656
33.185117
37.16443
55.923727
49.686701
39.101171
32.766785
30.349424
29.320661
28.80039
28.550287
28.395247
28.243024
28.210316
28.226578
28.325733
28.578824
29.216755
30.962227
36.551201
62.071591
255.11777
378.86757
139.1349
73.938857
51.218487
40.669653
35.239961
32.37815
30.805872
29.910688
29.385064
29.02943
28.926102
29.034466
29.344875
29.886093
31.070232
33.95058
40.372241
48.932174
33.223033
37.277402
55.976315
49.830074
39.219574
32.800093
30.343675
29.301264
28.775263
28.521622
28.364617
28.210644
28.176234
28.191604
28.289971
28.542691
29.181363
30.931078
36.538253
62.095238
253.85147
374.98633
137.92712
73.617336
51.07128
40.58238
35.176732
32.326025
30.75986
29.868472
29.345616
28.992918
28.89316
29.005031
29.319834
29.869776
31.071012
33.994035
40.480205
49.005766
33.261553
37.391295
56.025553
49.969895
39.338174
32.834006
30.338073
29.281939
28.750198
28.493138
28.334024
28.17833
28.142209
28.156686
28.254279
28.506619
29.146038
30.900005
36.525206
62.116192
252.63842
371.19494
136.73996
73.297502
50.92454
40.495539
35.113979
32.274071
30.713951
29.826384
29.306284
28.956498
28.860385
28.975665
29.294887
29.853522
31.071995
34.037835
40.587669
49.077309
33.300404
37.501317
56.068565
50.105356
39.456288
32.868255
30.33264
29.262885
28.725321
28.464768
28.303508
28.146095
28.108239
28.121827
28.218663
28.47061
29.110765
30.868898
36.511955
62.133382
251.46986
367.50874
135.5761
72.979295
50.778277
40.40909
35.051691
32.222318
30.668161
29.784421
29.267061
28.920172
28.827762
28.946494
29.270158
29.837378
31.073275
34.081726
40.69378
49.144938
33.339564
86.436289
470.18977
150.16206
105.85852
219.37736
64.476967
671.99066
528.66133
85.916592
153.29676
276.05332
539.29492
78.624885
899.80972
177.8437
238.63533
578.53897
989.10634
92.523635
254.42395
281.28833
998.01118
106.12405
287.27338
298.97435
118.68562
299.72718
298.36805
128.86849
296.95547
290.12399
134.3891
3053.0336
287.1849
276.97232
2861.3455
142.64084
3063.6404
2184.313
273.09099
260.35044
1752.3488
143.83884
2545.7617
1649.4966
255.78828
242.05525
1202.1563
142.78393
1596.9918
1449.7393
237.57352
224.63796
841.4343
139.93162
1389.8735
1077.4629
220.45459
208.37717
730.97992
138.72622
1042.0555
852.97689
204.53684
193.67532
637.80603
135.87787
830.74621
910.96835
133.24956
873.45686
774.38433
130.84911
745.34256
669.6809
128.83035
647.78524
590.48166
9620.6737
146.03454
574.2878
582.8531
7854.1124
52.187836
72.564776
303.09771
761.18668
273.83381
222.49258
354.47907
2017.3804
738.42661
647.39635
720.34974
979.96713
845.79485
883.88065
897.63395
901.0415
898.6285
869.36446
818.58265
779.43799
716.81509
821.56703
3096.2359
755.54974
733.77185
2098.2937
670.18848
649.96389
1351.6741
591.77198
573.5431
1071.3009
190.2793
180.63031
559.9804
5374.6028
4147.6124
177.61357
169.17352
494.92449
2801.0383
2207.7551
166.57281
159.32929
442.13857
2052.3128
1773.8661
1452.8578
1315.5609
860.82238
177.87282
202.07894
2848.9292
2018.6346
3027.3024
336.65699
2256.1087
490.78919
630.87657
370.13576
139.58402
121.07689
177.06963
159.24819
415.25629
765.23708
746.14627
814.82405
732.17383
215.69001
196.46118
255.38664
235.88173
768.03221
984.46231
888.37035
896.21721
291.37119
273.65922
298.17984
291.56775
901.41971
900.84574
313.35133
300.73484
331.79307
315.65357
854.39093
828.00693
341.07899
336.22465
367.1218
343.55418
767.94841
730.52615
371.29616
369.89139
371.92398
371.41835
3117.8719
799.54518
777.17028
396.94413
373.09944
401.70363
401.16297
2909.1249
2844.64
2050.1271
712.59121
691.16513
400.51173
401.28767
398.23637
400.04737
2062.2865
2018.8505
1313.2286
630.06939
610.68219
396.20263
397.48852
391.76653
395.91386
1364.5418
1338.9899
1042.558
555.96327
539.25565
366.82218
387.71353
359.63749
362.65913
1239.6033
1194.1797
358.60883
359.27696
355.75009
358.00189
952.38945
925.06561
340.91323
354.22428
329.62915
335.34975
993.06593
7062.6136
3896.7217
7189.3279
950.85641
5452.7287
325.36516
328.7183
310.66232
322.37412
838.20788
2385.9742
3767.2681
1954.5058
2268.5754
805.19673
3935.2224
2929.0912
305.06009
308.38591
294.86418
303.53388
718.31502
1625.2127
1862.3221
2553.7529
2167.1914
287.91531
292.11057
279.26571
286.00591
1698.9713
1507.1064
275.72762
277.91002
57.055121
85.33515
52.276423
1445.9161
685.9875
1464.4746
1567.1152
941.99578
1945.6984
2018.8216
65.903089
70.859744
169.89992
1960.0537
1949.3519
72.639493
77.007948
183.52555
1892.4071
1880.562
83.40253
87.124353
47.412601
198.49808
201.52721
123.51356
1594.6244
1535.8045
88.147899
90.532359
48.138425
216.14049
217.22962
131.98476
1272.3535
1233.4728
91.577992
94.418429
48.695469
223.20943
231.16348
139.46858
1214.7044
1188.1562
2353.7904
94.89259
95.544789
48.974938
236.2573
236.42772
143.56778
987.09346
962.24114
1430.429
95.571399
95.27277
49.008604
235.85032
235.74507
143.67723
95.003617
94.319481
48.964964
231.50857
228.85197
141.05749
522.96992
507.12691
784.09769
94.199888
93.822395
48.909873
226.28549
226.14625
139.43072
462.9006
449.26928
682.4276
93.597465
92.802012
48.819366
223.17469
220.83672
137.30089
7115.8651
5519.8567
157.13569
151.15329
400.19788
3512.937
3168.034
5183.605
4263.5649
147.47854
568.80407
531.696
3661.9053
100.34221
162.24033
460.8608
102.65415
84.386768
177.51251
1866.7759
2998.2498
469.79899
976.48107
1310.132
3175.3148
1309.8469
1453.6332
855.96139
1805.7096
1861.4382
627.59785
398.49169
379.08791
511.21835
487.23198
828.49839
1070.4827
503.35212
497.0968
274.04731
1980.2356
1966.7212
1043.0283
535.28958
521.04249
591.1351
583.03748
292.26534
513.23595
508.72243
519.09965
516.9809
296.29371
1910.0804
1897.3505
610.27891
591.88511
705.79087
647.30006
1618.1218
1602.5351
709.84808
711.00704
874.53081
761.66172
126.09155
206.50425
213.27369
1369.1535
1294.3014
871.70295
874.56685
841.19324
851.0066
133.04883
218.00312
219.32228
3412.6917
1291.8232
1251.1623
832.29318
839.19482
1249.8416
1257.6752
141.52008
234.97054
235.86139
3658.3083
2679.0253
1918.1577
1040.5047
1013.1016
1270.4115
1247.1409
1332.211
1319.6532
143.76325
236.38254
236.15695
2299.6703
1766.0926
1338.0455
1332.2731
1592.2571
1524.3828
143.34217
235.24292
233.90249
1496.3019
6716.3278
5767.7519
1501.2379
1417.6941
1600.895
1114.0267
1083.4598
140.36468
227.11606
226.48963
1337.6988
4684.2477
6607.2108
1944.4682
2614.1345
1112.3033
756.97211
491.85964
477.07845
1161.0651
1120.4334
2005.5876
1964.51
139.13314
225.65213
224.76835
1011.2006
1769.948
1849.0115
2041.7431
2019.7325
1557.7644
1538.6874
136.50384
218.6039
217.20443
1576.0024
1562.1783
1221.7617
1301.5295
1211.6743
1213.3392
1024.5046
1159.5351
1188.881
1250.3958
693.16097
7033.2848
990.69934
998.74188
851.44093
890.17407
627.35539
1079.6289
1131.175
988.62837
1031.6738
608.38266
4135.189
3632.9203
868.14681
847.50535
565.48423
569.61221
1316.006
1897.6273
2296.3829
735.84639
542.00433
1126.3178
844.81059
1246.7484
664.41998
836.92099
1727.4026
691.62008
1586.2375
1671.9125
948.86124
2015.6053
2003.2325
899.11849
1268.3107
1268.6169
1265.8747
1266.4117
899.88605
1943.0921
1931.6069
1871.5206
1745.5064
1496.5198
1421.7865
1443.8627
1393.7588
2324.7747
1158.1667
1125.2133
1386.466
937.65794
916.5826
4280.7405
4175.8407
2525.4265
2432.5238
1949.3988
4167.9446
4752.1767
3554.3599
4026.1256
1856.511
5446.9899
4501.6354
3081.7381
2822.5558
369.64889
386.6486
2032.8935
2203.6308
3215.5745
621.31834
874.69103
386.33932
1544.9631
1269.0595
1714.504
1559.5674
998.51443
1161.1433
3074.6592
827.13773
1744.5421
1802.4934
435.7502
418.3975
678.99421
827.01681
471.31815
456.75432
1065.2476
1998.1975
1984.2803
891.80422
1268.4922
1267.0077
1269.2558
1269.3234
894.32851
570.86201
564.56994
1066.5714
575.41819
570.2762
1926.8149
1913.6194
901.88659
1262.0217
1263.7926
642.27366
629.87107
643.81134
642.21712
1685.7912
1626.4837
706.66958
708.76456
339.61859
461.08418
461.57082
360.27345
512.6445
527.48235
463.32993
473.63711
349.21813
714.27466
706.01357
1409.7718
1383.3577
863.40286
870.34113
371.25886
530.45825
532.05574
529.12426
530.58631
370.8754
371.50415
536.50402
538.01585
533.31381
535.98481
371.51975
852.33911
861.89388
1351.5553
1323.8447
3385.9303
1252.632
833.97963
386.81413
564.59228
722.38567
538.77462
547.9932
377.34596
402.16031
732.94949
730.97571
730.30676
733.3965
402.18684
1258.1514
1256.641
3725.3519
2714.6251
1095.5366
1069.7218
1964.373
1298.0093
1274.0546
400.83984
733.89837
734.95537
730.2875
733.15706
401.11912
398.89883
734.6355
733.95594
734.97749
734.79619
399.55782
1318.2767
1300.5158
2185.8945
1808.7776
1427.0501
1337.4065
396.37066
732.2033
738.46933
733.61709
731.81584
396.86185
394.53093
745.18674
745.03174
740.17198
744.19022
395.3138
1514.6928
1438.2013
1463.5916
1563.777
5667.3207
1089.7964
1304.7164
372.1129
691.29354
660.03992
743.13171
712.52744
380.41038
359.83659
653.22204
655.84692
657.11615
653.90568
361.40508
1084.6121
1085.2941
3228.5576
3795.4868
1288.4528
6594.045
4893.6534
6431.5611
3702.0763
3912.2943
4752.691
3912.9076
1152.6863
2748.7177
3103.7732
1188.07
1165.5248
358.84282
661.77451
662.05964
657.24754
660.86018
359.19306
356.96247
671.14444
675.40704
661.95669
669.01955
357.55983
1951.3325
1914.1407
3053.6397
2635.3361
3636.9874
3179.1719
2181.6533
1976.947
2550.1634
2260.1726
1708.4577
2041.5263
346.81866
562.91986
548.30355
676.97381
571.29729
351.12984
330.25038
533.2689
536.18407
536.53163
532.42849
332.51763
1538.6433
1593.9099
2122.852
2016.3825
1905.7082
2261.3916
4528.0876
1720.2558
1635.9883
1909.415
1811.9096
5436.3447
7077.0662
7229.3744
1579.841
1579.7676
1390.796
1575.3232
3157.9446
1419.2971
1359.3439
1558.2539
1486.8732
3286.0614
3460.4492
3281.2785
1212.888
1210.7132
1185.181
1212.7528
2418.2336
6985.5805
4910.5302
7087.9304
2287.9844
1001.733
994.28716
922.91868
996.98961
4967.2167
4279.3102
1628.6778
2711.6854
2853.391
1413.9159
1417.5197
329.62954
504.30684
945.76199
2401.1701
2464.9322
58.585893
64.53235
142.10793
1159.2337
942.02837
3576.9026
77.497545
82.044011
46.435033
175.40137
181.94515
112.66712
78.052432
80.483472
186.85512
3666.9727
3682.3066
81.125322
82.584655
185.23281
2218.2345
2172.2628
1738.5726
1709.536
2693.6906
812.99319
795.03706
1134.3484
92.565914
91.797132
48.712141
216.04872
214.71454
134.7127
91.547793
90.86485
48.609416
209.15407
207.94856
132.0561
90.642747
90.073676
48.530482
203.05956
201.85522
129.77595
7116.8494
6871.4928
149.36485
150.48659
395.80981
1331.9816
390.16253
298.61483
133.82
71.250027
62.662334
3385.4969
2362.2188
2404.4227
360.12671
340.12292
499.94861
875.86075
1131.5113
1146.0433
200.72107
384.46081
340.87659
447.90339
418.53329
219.30534
3458.6575
3553.2253
734.79241
717.37845
896.77783
1093.2718
265.24874
488.13222
473.96767
1017.168
739.63528
739.13894
885.8364
886.53781
884.04163
885.24709
1255.1342
115.61926
187.22606
193.9567
299.83294
514.52316
518.32064
504.932
509.67804
299.30489
3633.0622
3664.5858
295.04202
492.65287
499.28496
477.91931
485.66536
292.77897
2512.0669
2262.5446
3368.3237
1867.6713
1796.3854
3342.7474
2301.4961
2507.7152
2714.8702
2842.0201
1696.9941
1237.1478
852.39941
832.9033
1557.8523
2463.707
2563.0807
1368.1338
1424.9784
875.39671
659.58926
436.11604
423.44862
5812.4005
5573.0973
133.97564
212.68182
210.70553
6092.7727
5885.9106
4358.4918
5172.785
131.4599
206.39543
204.67929
4238.4796
4281.9529
3086.4757
3086.6381
6794.5776
6976.3905
3102.5763
3090.2062
559.44127
914.54041
948.8459
130.32201
93.852205
134.01082
2072.0912
1952.7182
250.66445
347.98473
470.56919
958.70047
886.47058
693.44488
2672.1597
2869.92
981.10944
866.15935
1255.1538
1227.5296
1265.5236
1262.3157
876.94222
893.00183
1247.2188
1253.5371
1210.4866
1232.7585
883.64907
3577.5951
806.31586
1124.9498
1141.9729
1085.3811
1103.1048
791.97828
2812.3101
2768.2064
2269.7718
2153.3258
2177.8141
1558.4261
1517.5509
5074.6827
6528.2607
4444.118
2701.0159
4087.0915
4260.2476
1401.5034
2247.9955
2353.0109
5451.2369
5023.149
2582.9802
1536.9134
3042.8279
3407.887
2165.2191
1602.3101
1723.2713
2334.95
460.32572
323.87157
306.35066
943.50556
977.19578
788.90787
3058.0814
3187.5351
767.9909
1064.964
1030.7492
1145.7881
1090.9929
788.01437
816.74228
657.82531
635.89738
1034.7033
815.53795
816.91944
811.75322
813.97793
1257.0375
1259.9272
901.62092
1108.301
1083.357
309.96442
397.17313
403.9576
360.56473
378.35449
305.12438
324.10719
426.8575
451.73725
407.01508
411.78295
318.80585
1143.6336
1114.7762
3495.3457
3503.2115
844.21018
1173.0006
1187.4011
1154.1387
1163.2536
835.32301
459.63366
460.94996
338.38882
2760.457
2745.6166
756.90578
1057.8978
1071.5343
2071.6646
2039.013
3246.8738
3522.778
2790.4024
1483.6718
1461.6423
2020.9174
4922.0819
4557.1474
2094.2099
1947.3607
4726.9387
5022.8031
894.53616
873.21811
1272.5589
1616.937
1690.8741
980.31274
6480.8113
6833.768
4989.1454
4366.4616
7006.0871
7083.7858
899.87173
1484.3318
1550.084
6522.8434
3594.5587
3488.1657
4143.7259
3860.7502
4072.4182
2558.2887
2463.508
3354.0118
3176.6451
6313.2358
6719.8143
6188.3027
327.30799
541.35682
539.8758
538.69339
541.24858
328.3392
313.42524
510.47012
504.13792
533.43406
522.11409
317.95337
2050.9044
1204.7987
1161.4246
1303.48
1253.2963
2156.6996
3801.8828
7072.7035
6627.5566
4505.005
4704.854
3047.0179
6655.1176
6555.7571
306.11563
498.27099
496.60793
501.08034
500.19575
307.27562
298.00271
480.52679
471.72863
493.58813
488.89818
301.08676
6752.3618
6683.1047
1119.6902
1082.4497
1778.3413
4278.9432
4249.8487
465.41904
463.21972
290.44469
4267.6833
4289.548
2461.6647
2586.5195
1566.311
4035.501
3967.5715
1469.8969
1011.3259
966.66161
1122.4183
1084.971
1475.6997
2571.6653
2666.6699
940.59364
2005.6562
3052.6807
2671.9461
3195.0311
3079.8886
2018.614
1957.5164
3903.9451
3825.8832
3988.6678
3931.5547
1953.3105
1890.1186
4243.5903
4192.6963
4268.427
4253.0529
1886.1793
1582.0754
2443.8646
2461.3795
2357.1397
2418.4087
1565.5839
3703.7984
3613.1935
2158.7244
2430.2677
2678.9551
1686.3344
1667.0093
6214.532
5829.1316
3396.2591
4930.7669
5105.1044
4571.9157
4713.1708
3265.6237
6366.9044
5835.445
2665.5804
2275.2883
1542.4664
2894.2068
1911.3567
2826.6966
909.3583
848.76959
1176.4761
2069.0124
2186.3718
3375.0327
1116.2608
1128.286
868.74236
1268.8365
3340.3371
3440.0914
1811.3387
2312.0936
2293.7398
2444.9542
2317.3344
1823.7541
850.21048
692.77513
680.75675
1085.4047
1977.119
3775.5123
3664.9268
3830.5156
3795.9852
1971.9164
751.99285
741.48028
1023.6784
886.888
861.1506
1907.0142
4210.1513
4173.8799
4204.2694
4213.3516
1902.0361
946.70982
884.28746
598.08176
684.63509
718.94533
676.0809
677.64657
593.72316
685.65722
922.71697
1072.5782
795.86275
839.16368
658.74439
1244.3699
1221.6218
3553.7288
3620.1146
1614.1913
2939.9135
2960.1397
2475.0649
2932.0273
1608.8782
710.93093
1172.314
1206.6508
1096.2484
1155.9881
711.41767
873.17115
1493.8338
853.66162
2716.0956
2600.4324
872.97773
873.92933
845.37995
847.01385
1971.9636
1930.2116
3436.1425
833.28722
835.04168
1253.8134
1255.653
3424.9332
2400.1904
1256.0802
1250.5086
1327.2253
1326.2849
4145.491
2431.5545
5280.2692
4836.2303
4846.3257
5184.0082
1733.9865
2915.7409
3621.7275
1335.2028
1335.4806
1564.3698
1555.0721
3710.6548
3627.439
4337.6679
3765.4324
6390.6365
2673.0032
2592.7404
2806.1656
2734.2915
6239.5284
1601.9981
1605.8016
1090.2212
1084.8323
4976.42
2239.9249
2173.4828
2476.7774
2344.4777
5222.9914
1144.9011
1139.7482
1991.898
1978.0708
2042.7788
2029.9054
1551.2597
5499.8472
5732.7946
5152.1843
5418.5381
1546.4343
1571.5172
6084.1974
6269.2745
5806.0569
6017.9616
1567.4135
1225.6522
4227.4367
4170.8019
4754.8971
4272.5464
1256.5052
5493.853
5347.5152
6331.9777
6155.4963
1211.7557
4130.6749
4120.953
4159.4728
4136.4332
1214.2399
1059.1716
2688.1814
2549.2504
3077.5503
2911.9307
1112.3715
5877.0151
6763.0066
6710.0955
6686.1122
4225.2316
4227.7544
986.04908
2462.3629
2461.1415
2488.1428
2469.8136
992.30225
3120.1149
3361.8712
3970.2353
6852.5145
6986.7975
5842.7191
6420.4903
3776.5033
3932.9326
3924.412
18340.096
2248.3604
1999.2944
2760.805
4179.7553
14070.016
1091.6059
822.73641
1940.0973
1041.7397
1283.8699
1445.9581
1790.6169
1430.8138
1168.4216
1135.1005
1190.9142
1181.0881
2668.6869
2668.0027
2068.1032
1943.7892
1622.8687
980.84436
2012.0329
3325.0185
3224.3081
3441.8389
3356.0961
2007.2192
1937.9906
3986.5645
3994.7014
4097.3444
4021.5591
1934.1993
1846.3992
4230.9591
4267.0947
3499.1393
4202.0783
1806.9929
3401.6927
2870.6134
1462.5585
2160.4037
2251.0385
2086.523
2108.6201
1434.9209
2410.8813
2362.4017
1642.2308
1605.4108
2269.8978
4862.1754
4700.8799
5421.747
5145.4882
6164.4127
5493.4541
4308.993
4769.4807
4948.9104
4407.9155
4310.8551
2900.118
2801.057
3159.1285
3027.4608
4518.5062
4924.3694
4735.3187
5797.983
5614.4877
1790.4806
662.03331
937.6471
2465.559
3052.8233
1673.264
3884.2458
3516.405
1499.8837
1666.2311
1703.2723
1396.9708
1637.9573
1619.0577
2424.0702
1841.6862
1977.4752
1236.9675
1203.3782
1259.0859
1242.408
803.17022
979.96234
1045.312
1780.662
2290.61
2251.3784
2289.3392
2289.7869
1794.4138
3213.418
3320.4675
675.0159
669.34823
827.03109
1046.0365
1993.6495
3538.1421
3471.8929
3626.4891
3570.6542
1988.7482
815.44906
793.93963
828.25629
810.81919
1922.4256
4127.8234
4110.5219
4154.7292
4122.874
1916.2617
641.63899
789.29054
788.36678
777.21915
788.96136
638.79163
1070.476
1026.0325
1210.0271
1164.215
642.54326
789.0597
793.79742
787.1347
786.39869
642.51669
1655.238
3023.5451
3248.5271
2966.5537
3001.3351
1631.8334
3509.1284
3524.6242
707.30864
1284.2632
1343.2795
1215.6222
1259.8387
708.0448
706.66291
1400.3941
1458.4143
1358.3812
1391.5296
705.90901
1402.7125
2065.8739
2074.0201
2740.1999
2722.6832
867.37516
868.89573
856.31553
857.68964
3283.5106
2014.2717
1995.9377
1116.8062
954.6348
1258.729
1258.603
3729.592
2774.1772
1288.3426
1285.4415
1310.7134
1308.9745
2132.3272
4433.0152
4101.4943
3682.705
4287.9853
1866.1818
4589.6722
4734.1968
1388.3291
1374.9692
1482.4739
1472.4567
2943.0958
2746.0777
3572.5573
3108.0949
3176.0239
2956.9669
3449.297
3358.4399
1101.319
1125.568
1083.7648
1085.3384
3423.464
1955.3
1879.9723
2112.5504
2040.9604
3650.6438
6615.8908
6207.4959
5972.5307
6053.0174
3440.0002
4088.3173
4577.5616
4502.059
1816.2026
1765.3496
3007.7746
1182.3423
1178.9723
1938.3048
1926.1442
6549.7426
2888.4256
6142.2695
7099.8249
5225.8063
5700.2772
2735.6755
3420.121
6375.5078
7001.2198
6528.0932
3279.4414
5246.5788
5072.046
2118.0174
3467.3663
3575.0169
2459.8844
4164.8473
4322.3698
3709.9459
3920.2767
2352.6418
6693.6834
5382.553
1872.936
4595.2604
1989.2994
1530.8342
4814.9334
5055.7282
4586.6283
4755.9341
1557.9252
3984.866
3748.3886
6397.8874
4477.8034
4284.5064
2792.1714
2679.1545
4322.3275
5890.8157
3011.282
2895.9872
6676.8142
6810.7742
1585.8563
6534.5854
6670.0841
6326.5002
6485.2793
1582.8053
5490.7625
1486.315
6750.6067
5290.5007
6712.2864
6800.4482
1540.9886
6349.4302
7165.3396
3649.0702
6709.8905
7138.2379
6736.6078
6666.8057
7006.9414
3157.4831
5541.784
5962.114
1211.7771
3201.0168
3200.5532
4115.9465
3202.3485
1211.3722
6518.4677
6384.9056
6777.248
6770.183
1202.9073
3180.1928
3149.6539
3198.9898
3192.8922
1207.7995
6502.2684
4037.968
3915.1496
4519.5215
4235.4237
6363.8313
5972.3325
3411.1072
3284.0209
3773.1562
3588.3605
6337.3962
4242.6987
4226.4338
3597.7752
4221.5452
4738.4729
6859.6268
6654.6351
4456.6444
3949.781
3940.2447
3297.5557
3353.4519
70.837798
75.857535
45.148274
3166.3271
3177.5748
82.92149
83.511757
180.16781
2158.5767
2130.2935
2732.2493
411.33783
399.62982
597.15127
89.925158
98.057105
49.947205
197.88451
197.74277
128.50559
3184.9713
3254.993
889.57204
882.71778
979.16268
1004.3013
891.17687
891.31979
102.74861
160.23374
168.0929
3160.4321
3159.3713
3096.8151
284.02442
461.3555
469.67018
3017.0324
2301.1982
2223.8611
3163.639
2962.1493
3003.5598
2201.8395
1795.667
1324.6372
1300.3156
810.8034
1266.3112
1314.5262
6360.7057
6279.2285
129.28518
200.33427
199.06807
6508.7689
6433.4996
1108.7708
550.32606
486.04084
1812.2638
1293.7459
1450.7877
721.78068
850.63965
879.68904
670.29201
826.64349
737.96087
979.39696
1059.3655
1065.098
704.53726
984.54242
1001.1625
3121.0446
2984.8649
2833.0012
1102.1411
776.70305
759.95057
5312.3577
7101.7519
6952.31
3242.2137
3350.6945
2273.3935
2069.8814
2159.5199
1358.7668
7201.0356
7569.8148
507.74137
546.27344
1090.8391
3211.662
3041.8598
2740.6706
3187.1555
3224.4541
293.83674
281.55673
322.85038
619.71845
610.85687
721.48335
1070.2276
1077.9675
1001.3088
1030.9374
1024.4581
295.67101
342.21438
351.75221
304.59889
323.95785
293.21621
1042.324
1036.5009
1019.8565
1040.5247
744.23116
2732.1242
2701.5127
3158.6836
3391.8506
3357.2322
2999.2087
2826.6351
3503.5968
3442.7184
2022.8151
2089.1328
1391.9199
6630.5404
6875.1091
5123.8983
5072.6498
6559.3338
6631.7631
4999.6559
4848.9598
7144.5082
6792.6751
6642.688
5540.4477
2377.2776
2296.3904
3626.1486
1698.2233
1046.1046
1013.9353
289.17439
461.19171
459.2358
280.926
440.98019
437.1659
454.59151
448.08346
283.32852
7449.1635
7233.8867
434.74263
433.56765
276.58418
1456.3574
1283.2295
1253.9079
1391.2418
1389.9586
1492.6418
1672.9886
1545.6751
1875.912
1817.739
1534.9887
940.09075
943.97253
955.07514
1258.2788
1764.2421
1791.301
1721.5334
1742.9192
1244.7351
3196.0496
3208.8458
7013.4819
6928.4693
6796.8635
5574.2663
299.46639
210.46923
249.06842
1115.2844
799.46204
733.44392
1202.6414
1181.6068
1215.8251
2684.1749
2706.1917
3224.5334
582.61705
578.83054
596.70605
830.07927
825.30777
825.81508
1075.0893
899.44069
890.05709
1036.4535
590.03789
674.34588
675.4263
658.78463
671.44202
587.97497
1158.774
1346.8029
1965.7439
2012.9958
1834.4856
1897.5022
1319.5811
842.38465
922.99277
925.14423
907.57153
910.64886
849.73521
2616.1035
2601.0184
3433.1736
831.89262
935.71294
939.07522
926.81025
928.66752
838.05162
1250.7166
2298.4347
2320.2409
2146.8789
2176.0829
1257.2965
3581.9381
2605.609
3742.3096
3805.9002
1390.15
1357.0786
1854.9465
1265.6899
2615.9372
2666.2469
2339.9698
2359.2674
1246.3082
1329.9952
3463.4154
3487.5403
3299.8878
3329.3205
1322.3782
1336.218
3623.4091
3638.8685
3508.9659
3530.5346
1334.0567
1583.3335
4667.2671
4705.0857
4432.7894
4473.7053
1535.2169
2348.1273
2402.3153
1524.5327
6656.1158
4292.0109
4197.3626
4598.4047
4512.4621
5922.1298
1516.7796
4556.8021
4072.055
4741.3773
4778.021
1605.1357
1105.9888
2498.8636
2506.1893
2496.3186
2488.4502
1084.3674
4766.6526
3116.566
3083.7243
4063.3253
3842.6261
6248.78
1598.8123
1555.182
2512.3333
1155.6598
2554.7038
2562.4425
2512.7436
2519.7914
1127.5511
6889.2455
855.26234
1957.354
1944.3889
2066.2253
1993.7022
869.82548
5848.4013
5812.6372
6861.0903
6805.4189
1936.0281
1929.5464
848.15504
19786.713
5412.7493
4468.1136
6023.8316
7397.8306
2331.0336
2137.5821
2211.9653
928.93349
1131.6227
927.22744
2509.0002
2370.4127
737.88015
805.63167
706.75333
1401.4646
1399.5864
1601.698
1911.7395
1896.3296
987.20435
1035.4843
967.23825
3270.5028
3331.2723
5770.626
5981.6622
4405.9231
4121.6399
5549.983
5644.6742
3819.8545
3959.5199
2610.0047
6976.4345
7011.0353
6618.759
2350.056
3480.4899
3644.6608
3685.9708
2516.1286
2442.4689
2703.908
2609.6015
3851.7134
5317.9647
6991.0742
7021.4808
5714.6714
5781.8862
4541.571
2997.3568
4359.3569
4476.1081
4057.4085
4198.8173
2905.6644
3829.6646
3034.1571
3577.3108
689.8789
640.00714
732.66131
1511.554
1560.1045
1648.9883
1689.2499
1657.899
1660.6652
1577.6493
2985.9302
2554.777
2641.806
711.7122
603.08371
592.69375
1060.4078
1104.0539
985.55451
932.21813
1119.7544
1110.6532
570.87409
594.39185
623.49334
575.47637
581.22034
570.19406
2039.9684
2055.7646
1394.3053
864.95952
868.98091
869.92889
523.75396
524.61136
531.35871
536.96255
518.85734
519.65653
517.30031
518.05907
537.42922
534.4316
522.14577
522.93742
520.48951
521.3175
535.27423
853.6414
901.06908
904.50675
875.60872
881.07698
860.4581
3353.3694
2634.1798
2626.1529
1241.2384
1769.3198
1812.693
946.76444
981.45
841.58131
612.06028
527.06178
518.46229
553.44177
542.98904
690.79972
540.03569
515.99678
516.56467
516.04607
515.65849
542.36798
732.37584
560.67554
561.12508
559.37718
560.05636
731.69887
732.63118
560.49309
558.45375
561.34905
561.30087
733.41836
1258.4574
2083.337
2115.389
1855.4287
1897.1924
1257.7396
3781.5171
3793.1156
3755.715
2743.495
1995.1947
1440.7987
1418.2519
1294.6117
2962.6086
3000.2391
2713.3378
2758.8879
1278.2467
734.44959
557.77536
557.94593
557.19957
557.49492
734.76312
730.84781
558.29728
558.69824
558.08802
558.13315
732.08205
734.45343
554.14422
554.76659
552.71805
553.437
734.25074
734.96984
556.38897
556.80197
555.37975
555.86785
734.88411
1315.3187
3238.6579
3269.7914
3036.5119
3072.288
1303.7706
1414.1219
3981.7601
4033.303
3649.4408
3679.1013
1342.0716
734.30904
548.86673
548.94448
548.9699
548.88433
736.4857
733.0903
551.0891
551.85338
549.51421
550.23892
732.48306
745.91221
547.23375
548.13753
544.08206
546.40024
746.15608
741.70089
548.87611
548.94908
548.47928
548.72556
743.02153
1503.6337
4349.9682
4392.194
4081.6615
4129.5767
1450.3551
5782.0214
5945.2295
1427.7834
2178.7374
2275.6138
5707.2964
5300.3588
4868.9734
6125.0369
6301.5812
1088.4377
2599.1002
2585.1415
3482.3108
3044.5524
1218.3231
674.87201
497.8482
507.21248
486.67061
490.10917
665.05616
738.44562
536.67413
541.92686
519.21415
529.88727
729.39611
653.42322
477.60831
477.98443
477.81647
477.48235
654.37203
655.67483
481.54365
482.9039
479.24484
479.74762
654.55256
1083.6357
2513.2699
2505.3781
2570.6237
2560.4449
1086.538
6716.5199
5929.5565
5855.2463
5093.5278
6308.9324
3582.2027
5185.5043
5406.6438
4695.8604
6169.1523
6043.7555
5821.8277
6356.8073
4146.9437
2894.5
1711.3755
1654.7366
1186.5375
2616.9848
2621.4541
2569.8026
2577.9487
1170.4924
662.4827
478.87652
478.90433
478.10866
478.57718
662.6738
658.57064
478.32411
478.01838
478.84253
478.55213
659.75054
3171.0989
3338.0027
2049.3229
6643.0856
6037.7053
6402.8957
1849.9535
2896.8394
3015.9875
7199.6026
7038.0827
5536.5082
3939.0892
3885.0315
6936.0523
7296.4243
2057.086
1993.3463
3049.9213
3449.9389
2208.5321
2130.1925
6836.1501
5350.9006
5306.6581
6905.1818
6565.0556
5243.4427
5112.554
7047.1579
1004.6691
2459.7084
2457.0472
2460.3354
2460.197
1000.6275
5918.8639
956.82209
2317.8885
2187.2711
2442.0722
2401.0554
979.87225
6957.5925
6905.7884
2403.7286
2449.4767
2422.9143
2700.2128
2521.6238
2414.7536
3396.8658
3437.1889
1094.6835
1091.2826
1102.9189
1099.072
3616.6766
3670.6524
3666.4054
2201.5043
2817.729
2843.0849
2782.7138
2797.9368
2180.9208
3182.3416
3188.4915
2708.0287
2105.2086
2095.5118
7210.0317
7157.8877
3055.721
3129.4798
1136.3861
1037.4265
1036.9961
1061.202
1042.4653
1140.0566
3478.4224
3518.195
965.85437
866.06132
838.94408
1113.4995
889.85353
890.537
1010.9073
886.25634
1048.8887
1064.1125
1009.5123
1031.8949
886.47776
884.10039
1093.9222
1100.6971
1076.0924
1086.5944
884.78284
1300.1091
3646.7855
3655.8827
3209.7332
2409.5213
3138.8593
3338.4174
2890.0722
2977.0017
2314.5649
2491.8644
2404.1583
3216.7944
3251.1867
3950.7308
4083.5865
3720.4633
3824.9131
2246.5706
3062.8709
3170.7588
4467.9558
4573.1736
4214.8261
4345.3016
5734.8503
5655.5759
6025.8122
5957.7697
4430.1485
5379.8886
5478.0632
5432.1796
5335.4657
4716.2077
4243.6312
5783.7769
5878.1171
5582.2626
5685.6531
4270.7352
3078.6789
4765.8977
4760.2831
4786.1642
4775.3466
3087.2923
6198.9132
6110.638
6762.8136
6857.0364
6641.1832
6574.6647
3101.7642
4748.9204
4747.289
4754.6279
4752.4297
3098.1532
2030.6742
2235.1342
1960.9113
2684.8918
3343.5297
3309.6958
3440.2112
3381.4221
2730.0101
1048.984
1054.4411
980.41755
2798.1675
3155.6228
3148.322
3194.7498
3154.5489
2774.7098
3372.043
3216.945
7152.0143
7202.2885
5227.949
6578.9374
6186.7465
5797.9943
7155.2258
6790.9864
7110.0524
5258.2801
6685.2986
7109.3671
6228.6218
6388.4877
5101.4864
3353.9264
2680.6733
2963.02
2848.9199
2743.07
2533.7134
2109.4888
3465.9611
2506.9919
2530.5948
3127.3345
3373.0638
3083.1648
3455.9424
3138.6732
1030.0556
1096.1359
1017.4948
1010.6264
1077.7133
1061.1114
812.71929
816.01302
818.11257
1101.3241
1092.8402
1126.1716
1121.3725
3486.4
3490.2462
2755.6377
3289.2335
3243.9902
3369.7733
3330.0764
2750.2691
3201.3472
2673.3011
2665.6385
3229.7629
3398.8745
3613.5838
3558.1345
2801.3417
4804.6346
3201.8047
3178.4515
3234.2737
3220.7171
4684.607
4997.8107
3001.3082
2854.4701
3152.2818
3090.8582
5075.9573
6565.5384
6702.5199
4830.0428
7107.4526
7186.2516
6260.8989
6812.0058
4612.2812
7147.0392
7236.785
5223.2382
5169.3122
6664.232
4015.7535
5604.5292
5834.4434
5368.2611
5469.8712
3910.552
6756.8183
6868.638
6865.1618
4635.046
4391.0531
5788.1008
6541.0945
6593.962
6931.3763
5388.9885
5328.4797
5552.5609
5463.2365
6775.8034
6624.1057
6591.4229
6731.5547
6708.9713
4268.4828
6674.248
6728.0493
6558.0409
6617.6362
4259.0558
4303.1178
6873.7351
6906.555
6779.5049
6827.75
4295.0365
7149.3575
7089.3092
1309.6544
1297.675
1462.4593
1482.516
1383.4936
1338.301
3471.6974
2635.6535
3011.6267
2960.4629
3094.8568
3045.0831
2660.4065
1111.6277
1107.6307
1119.7378
1116.0328
3012.6372
2557.0471
2587.0512
2347.5928
2481.4017
2972.5989
3149.7876
2590.5668
2589.6182
2593.4436
2591.5471
3102.4613
3865.5208
2564.937
2572.472
2563.8649
2559.0816
3825.307
3973.2218
2578.6561
2580.4172
2574.8445
2578.1513
3957.0133
4227.4227
2607.8134
2613.1759
2596.8543
2601.8287
4209.5575
4266.8509
2619.7503
2619.8353
2616.4243
2619.2603
4262.1987
3721.7439
3718.1597
3191.608
3193.5416
2152.3946
2746.1519
2766.7102
2081.5179
2075.8733
2659.8786
6589.7157
6715.195
5676.1227
6660.608
6556.6018
6062.2143
6734.968
6759.0836
6980.8456
6837.7272
5886.4081
2648.1114
2389.3808
2459.722
3223.9789
2819.9826
3213.7343
3397.4625
3343.2395
3598.9071
3338.2489
2752.8709
2870.9703
1120.7213
1031.46
1016.9952
1037.747
1036.7438
1123.5983
3364.6069
3407.1042
2305.1043
2274.6935
2270.4856
2283.9874
2279.2472
2297.2631
2359.5905
2264.1462
2280.0545
2266.2981
2263.3054
2328.6069
827.3741
825.08643
834.59932
1080.4135
3744.6621
2571.502
2574.6844
2564.5992
2569.4101
3709.7811
3823.8992
2571.5845
2570.0404
2574.5431
2574.4541
3816.1331
1029.8833
888.76869
888.99951
885.65071
994.48735
1001.8748
981.87476
987.80182
878.96675
4201.9924
2604.7717
2608.1393
2597.8875
2602.4682
4189.7284
4211.4227
2605.1426
2602.2906
2608.0192
2607.6671
4215.5302
902.22546
1121.0136
1130.8058
1107.3611
1114.0839
888.09553
1041.8003
860.34553
810.5959
899.21938
887.22054
1048.3546
799.70734
780.83353
781.34049
786.85688
781.44083
809.25619
1237.7579
1230.2517
3579.1985
3598.5868
2946.6876
2053.0969
2053.3026
2051.7159
2052.5519
2953.4592
2049.5395
2045.8318
2918.3438
1184.9137
903.65546
904.15347
902.49386
903.09759
1197.2089
1117.8371
904.36145
903.40582
904.39899
904.65288
1139.0514
1328.6099
1300.2804
1381.3905
1356.0527
1534.8284
1078.9219
961.66264
1272.4606
1246.5771
1608.9479
2693.2608
3548.3001
3527.9748
3487.5079
3548.43
2664.9067
1508.2101
1490.9176
1540.0514
1525.6038
1428.3982
1405.827
1471.2604
1450.9318
918.54375
920.91907
844.15614
2048.5899
2028.7697
2084.624
2066.7685
1963.4601
1938.9957
2008.4381
1986.1535
848.27422
913.3929
916.1246
3447.2251
2583.8389
2545.8403
932.70621
934.30215
832.55742
2164.2748
2152.5054
2187.7676
2176.0024
2115.4902
2100.238
2140.7463
2128.4396
836.06925
929.99848
931.57872
2253.3496
2276.5681
1252.8639
1256.259
2204.3194
2230.0084
3506.5833
3376.0433
3638.1366
2509.4431
3705.1935
2506.5796
2563.3983
1261.5739
1244.16
2378.5957
2446.5442
3412.6721
3438.7919
1329.7073
1323.6283
3357.9057
3385.8008
4272.3741
3844.7882
4647.7485
4548.4963
5297.0571
5188.4022
4959.3689
5074.5612
2379.121
2360.707
3564.9652
3589.1253
3608.4611
1336.902
1333.9242
3550.1164
3571.014
4591.2566
4630.0366
1574.2243
1544.6596
4513.1387
4552.9944
3693.8108
5601.6773
5400.1346
5958.0828
5790.62
3666.7647
4019.1441
4802.1664
4706.4514
5191.6567
4977.1644
3821.7165
4372.1675
4335.6935
6534.2036
6079.6881
4437.9545
4409.49
4852.5574
4793.6337
1568.1227
1611.4179
4812.9316
4841.0868
2482.2877
2491.5627
1098.8316
4688.9195
4596.3002
4855.687
4773.9747
4409.0351
4362.1298
4494.4703
4451.3677
1083.4476
2479.6165
2474.0672
3252.542
3180.1545
4852.1686
5665.7272
3591.8154
3403.0302
2540.2058
2547.6722
1150.8165
5271.3847
5208.0291
5391.5691
5331.918
5005.616
4931.7712
5143.311
5075.479
1133.2769
2526.4048
2533.5395
6329.8291
6300.7776
6384.2629
6357.2875
6207.7901
6173.7854
6271.1828
6239.7944
6521.5837
6500.572
6552.306
6539.4609
6434.375
6409.3573
6480.2727
6457.1509
5579.6185
3413.1818
3409.7149
3420.8121
3415.798
5657.0947
5244.8569
3406.3361
3405.356
3408.8597
3406.34
5333.028
6148.0942
3457.9932
3449.4385
3475.7943
3466.0295
6209.8267
5877.9854
3430.335
3424.4896
3442.9623
3435.628
5948.8289
4202.5479
2307.098
2309.5821
2298.4212
2295.2961
4182.7612
4476.6479
2467.7015
2596.9093
2346.0184
2371.271
4338.3025
5417.139
5356.2582
6274.8821
6217.3263
4126.8676
2308.2427
2303.4438
2314.3146
2310.8492
4123.0688
4150.5395
2296.077
2291.7451
2302.4342
2296.8707
4142.526
6412.9866
6632.9911
6767.9285
4223.5768
6136.1738
6215.2271
5967.815
6054.1178
4225.9046
6022.0555
5927.7921
3142.7967
4870.947
4817.968
5225.8959
4988.2152
3239.6229
7054.0532
5412.5502
5221.765
5606.46
5532.5679
7079.4379
5934.235
4685.1781
4629.4818
4991.8169
4822.6349
6109.7231
6755.5412
6696.0353
2624.4378
1605.3343
1918.2857
2121.3367
1411.7173
1405.5377
1141.8706
1182.5913
1255.4087
1187.047
1263.5241
1265.7166
1258.1144
1259.7948
1186.4355
2667.317
3187.5643
3146.3532
3270.4957
3207.5596
2665.0917
1140.6039
1125.765
976.9374
1039.3037
1044.233
3279.7539
2580.4129
2580.7613
2586.8382
2583.1113
3248.7096
3395.9965
2571.9714
2573.5018
2578.4463
2575.8101
3382.438
3991.6139
2571.3351
2567.7143
2578.0313
2576.6307
3997.0636
4074.793
2584.5956
2589.783
2573.5974
2580.7923
4052.2768
4253.7002
2602.9081
2580.5672
2618.5447
2611.53
4263.7854
3818.9555
2400.5431
2295.0054
2553.9755
2490.2731
4081.2326
3152.8889
3217.7298
3146.8341
3152.041
2949.5174
3386.3086
3410.0843
6701.0695
6789.1443
6749.7198
4623.4089
6376.528
6889.6476
7189.8987
7252.3099
6928.232
7050.8396
5364.8422
6975.4736
6851.7953
6996.8751
7053.4181
5287.0735
5800.2043
6481.6447
6525.4454
6714.4051
6577.5176
5573.936
6766.2742
6870.3862
4259.4706
5541.4843
5625.6062
4727.7647
6288.6516
6753.4674
5740.6484
5931.7467
4524.4984
6578.2407
6655.2964
6359.9873
6787.3684
5132.6592
6721.5999
6912.9096
7038.9173
6698.6395
6790.1032
4630.0099
5877.4854
6041.5087
5774.1177
7252.6765
7121.9058
7317.7554
7348.6175
5726.5868
3007.1559
3350.814
2594.888
2850.5712
3053.7865
2917.0376
2924.6354
3828.3598
4472.3875
3567.7179
1715.4847
1669.5176
1814.4211
1777.9461
1666.8195
1548.9259
1498.6341
1626.0393
1580.3308
1694.4482
1662.4836
1594.1837
1678.0336
1682.8652
2354.428
2420.4732
2650.8511
1231.0906
1270.4943
1280.0759
1226.0708
1253.38
1248.3201
990.80703
980.33895
996.72778
3238.6959
3284.5367
1053.3037
3513.3297
2567.8274
2567.4358
2572.4622
2571.3643
3498.5401
3614.0226
2564.5737
2562.7662
2567.9166
2567.4328
3599.5075
1003.9746
995.5299
813.43046
846.29776
900.57091
820.75719
827.0373
810.7339
1101.9725
1090.7472
4125.4945
2591.8496
2591.3804
2590.7111
2592.9507
4121.326
4127.2975
2584.7274
2593.6592
2587.1016
2583.4266
4116.0704
1057.2389
1198.6016
1041.3404
1197.316
1182.3406
790.77719
783.98328
784.98467
782.14003
782.98672
792.24829
3054.7248
2099.9813
2086.8094
2195.8056
2142.1281
3119.3691
2975.7735
2054.6971
2054.0735
2067.9636
2063.1421
2987.8984
3514.4487
3514.1134
1305.8376
902.41591
901.80028
903.20212
902.67046
1325.7857
1223.9786
901.08811
901.65854
901.13556
900.27723
1232.7495
1409.6385
902.82339
901.97254
920.32299
904.91799
1419.0018
1372.1198
903.01453
902.70318
902.8936
902.4771
1382.0573
2735.6166
3439.6272
3405.299
3501.4404
3472.3747
2730.3594
1612.797
1601.7228
1634.7296
1623.3195
1567.1317
1553.8878
1591.6867
1578.8102
893.86192
897.62309
854.9883
1858.0499
1827.5823
1913.7078
1886.412
1722.6276
1681.1293
1795.4555
1760.4597
859.05448
885.71607
889.98359
2650.9262
2643.7208
3322.7077
1688.6169
1727.0901
1204.6267
2428.1059
2239.6803
2199.689
2336.8683
2285.6299
867.12497
1079.7851
1342.7051
2013.4487
2049.1902
1258.665
1258.499
1937.446
1976.4439
3815.6098
2759.4626
3709.9025
3661.8958
2884.8696
2924.4601
1291.8813
1281.5305
2802.0644
2844.2527
3174.1535
3207.0433
1313.6304
1305.9539
3106.907
3141.1156
4302.6224
3290.1441
3266.7207
3508.4565
3376.2909
4188.2053
3772.7694
2466.6259
2421.2351
2689.475
2564.4946
3955.6513
4551.3258
4624.2732
3872.4177
3929.1504
1402.2779
1358.203
3748.9884
3813.6828
4264.0298
4307.6752
1493.8365
1460.7599
4175.0781
4220.5534
5510.2321
5626.658
2850.5609
4483.2777
4703.8569
4273.1549
4361.8406
2776.3586
3454.5933
5991.0384
6063.2379
5125.1939
5676.3879
3293.234
5542.8434
6400.2736
5965.1798
6456.5894
6514.7503
2651.7399
2622.4199
1097.7641
3722.1798
3655.0744
3854.543
3788.4002
3527.4621
3641.4224
3591.8647
3538.618
1150.3543
2811.4116
2709.4629
2530.7255
2522.5889
1084.8141
4208.0818
4152.9089
4312.9113
4261.0853
3979.8119
3917.9178
4096.678
4038.9686
1084.1998
2549.2943
2540.679
6794.0367
5584.3067
5951.1057
6038.006
6177.4682
4963.9877
5059.3639
3485.0866
6497.7479
6651.1467
6229.682
6341.2741
7106.9967
6960.5057
6839.7319
6999.8563
6498.8724
6293.7688
4633.2043
6267.7419
4353.4365
6616.8226
6644.6576
2601.7019
2610.1052
1185.5541
5715.3342
5663.802
5811.6224
5763.8699
5505.337
5448.5573
5613.0034
5558.9481
1174.5448
2585.4837
2593.9034
6066.1604
6026.8205
6139.6403
6102.9298
5902.4797
5857.26
5987.1752
5945.0748
6711.6767
4410.9213
4153.9475
4803.005
4638.9695
7020.031
5327.8953
3685.3827
3637.8844
3922.2791
3790.0887
5463.7746
6272.1684
5400.1348
5196.311
6561.0814
5909.7631
6352.4735
6855.8451
4947.1356
4885.9732
5057.2048
5003.43
6692.9159
5192.8843
6795.73
6639.4389
7090.7188
6950.4824
5133.961
6069.7764
6478.9822
6495.8234
6400.7207
5579.6614
5382.5694
6087.5349
4029.3184
4565.9257
4750.1611
6561.3187
6566.9025
6410.4066
6555.6199
4874.9771
3427.9672
3440.9706
3408.4172
3407.6402
4949.8795
4633.9802
3595.7747
3693.2995
3489.2546
3506.7161
4692.1775
6319.9047
5558.2361
5361.1856
7016.2821
7133.4716
4170.4052
4042.0459
5666.4686
6780.4668
7196.023
6581.3212
3540.9864
3528.8682
3563.53
3553.0611
6627.0733
6381.2491
3495.5346
3484.9326
3517.2917
3505.9299
6434.3912
6496.1896
3332.1205
3488.7034
2838.2226
3108.5892
5977.5694
6751.4581
3576.5728
3575.9795
3537.8404
3577.7709
6789.8123
6852.4265
4880.1038
4640.1862
5245.5991
5093.7796
7111.7979
7191.8716
7092.6268
6754.6265
6886.3778
5632.8927
4188.9321
4135.598
4419.8011
4292.2787
5754.9065
4105.3513
2315.0854
2313.1413
6477.8216
6435.5517
6793.0532
6780.6212
5475.6045
5406.971
6670.2984
6326.573
6019.7347
5683.2814
4499.9648
4392.6709
5773.496
6811.0403
4921.7971
4701.4789
4235.4301
6430.2855
6495.9391
6290.1134
6361.9724
4231.0414
3858.4547
6280.8266
5687.5253
6887.8744
6697.158
4071.7224
7152.8483
6824.6851
7162.9834
7231.815
6725.4732
5738.5946
5669.289
6277.5162
5937.2709
6630.3817
7049.3754
6999.174
1812.1048
1735.2898
4363.107
2190.2221
2193.5031
16999.216
12341.529
3967.1354
3783.7939
4839.0361
641.11198
590.98235
8958.1574
7919.2319
8194.3719
9226.6069
6281.9208
6517.0311
30361.246
8383.1993
8038.4578
10685.973
10817.051
10734.213
13133.56
27061.809
14299.62
15367.338
20216.311
18093.282
14467.102
31.640844
31.620175
31.62352
31.629735
31.60907
31.61057
31.620533
31.599847
31.601849
31.612794
31.591615
31.594442
31.605417
31.583653
31.588095
31.598735
31.57672
31.5822
31.59298
31.570507
31.57644
31.588142
31.566028
31.569545
31.583855
31.562832
31.564364
31.58011
31.558125
31.559225
31.578529
31.555631
31.55472
31.577327
31.553672
31.554044
31.577551
31.553334
31.55517
31.58011
31.558278
31.558622
31.584107
31.566046
31.565992
31.589682
31.574961
31.57487
31.596804
31.583447
31.58417
31.60624
31.59328
31.591438
31.61993
31.60528
31.598762
31.637978
31.621109
31.614072
31.609836
31.579781
31.5855
31.598798
31.568705
31.572059
31.589575
31.559427
31.563151
31.581383
31.551113
31.555678
31.573429
31.542613
31.549229
31.566247
31.535116
31.542596
31.559764
31.528472
31.536233
31.554829
31.522394
31.529498
31.551545
31.517938
31.523782
31.546775
31.512584
31.517552
31.544254
31.510274
31.51042
31.542099
31.508028
31.509472
31.542012
31.508928
31.510013
31.547553
31.515579
31.512853
31.5564
31.525435
31.522536
31.56636
31.536954
31.534167
31.575253
31.547395
31.546099
31.585507
31.558774
31.555445
31.597416
31.57193
31.564194
31.610793
31.585848
31.577997
31.569991
31.541562
31.548464
31.558949
31.530537
31.534591
31.54966
31.52101
31.525081
31.541139
31.512746
31.517194
31.532767
31.504624
31.510622
31.52527
31.49683
31.504187
31.518328
31.489141
31.497552
31.511876
31.481472
31.490654
31.506898
31.475014
31.484143
31.501394
31.468908
31.476945
31.499162
31.466959
31.468768
31.496949
31.464772
31.467215
31.498292
31.467658
31.467281
31.505301
31.475926
31.469734
31.515494
31.487083
31.480432
31.527285
31.499697
31.493601
31.53805
31.511268
31.507249
31.550122
31.524544
31.518881
31.563637
31.539995
31.52991
31.575847
31.552455
31.545225
31.532229
31.504787
31.511605
31.521221
31.494295
31.497703
31.511876
31.485316
31.48807
31.503702
31.477577
31.480664
31.495657
31.469999
31.474584
31.487766
31.462011
31.468306
31.479894
31.453833
31.462035
31.471825
31.444659
31.455212
31.464885
31.43665
31.447812
31.458565
31.429536
31.439542
31.456668
31.427776
31.430701
31.454513
31.42521
31.42909
31.457941
31.43055
31.428817
31.466643
31.440757
31.431523
31.478157
31.453228
31.443152
31.491098
31.467162
31.457929
31.502859
31.479607
31.472893
31.516587
31.494332
31.486478
31.532533
31.512072
31.499575
31.543466
31.523149
31.516241
31.495775
31.469224
31.474772
31.485534
31.459829
31.461768
31.476713
31.45167
31.452595
31.469226
31.445191
31.44619
31.461858
31.438607
31.440914
31.453952
31.431475
31.435792
31.445726
31.423618
31.430773
31.436363
31.414267
31.424874
31.428006
31.405169
31.416826
31.420604
31.397029
31.407977
31.418863
31.395235
31.398645
31.416117
31.39149
31.397448
31.42215
31.399612
31.3965
31.432775
31.411589
31.400324
31.445605
31.425278
31.413067
31.45983
31.440116
31.428922
31.472525
31.453389
31.445098
31.487586
31.469366
31.460106
31.505818
31.488827
31.47421
31.515359
31.497844
31.491387
31.460431
31.434417
31.438027
31.451397
31.42651
31.426449
31.443538
31.419828
31.418382
31.43755
31.415583
31.413445
31.431366
31.411103
31.410242
31.424625
31.40611
31.407641
31.41704
31.400024
31.404992
31.407902
31.392632
31.401526
31.398632
31.383558
31.394318
31.390218
31.375113
31.38563
31.388486
31.373196
31.37632
31.384541
31.367299
31.376005
31.393244
31.378159
31.373903
31.405445
31.391053
31.379271
31.419448
31.405273
31.392657
31.434432
31.420396
31.408728
31.447806
31.433806
31.425106
31.464061
31.450063
31.440339
31.48373
31.47028
31.454396
31.491313
31.476985
31.471126
31.42575
31.399969
31.401189
31.418334
31.394104
31.391648
31.412169
31.389743
31.385317
31.40859
31.388453
31.382931
31.404897
31.387815
31.383239
31.4008
31.387206
31.384765
31.395382
31.385872
31.386815
31.388812
31.382872
31.387212
31.38015
31.376491
31.384211
31.371448
31.369731
31.377625
31.369716
31.368037
31.369851
31.363602
31.35249
31.371503
31.374846
31.371645
31.364217
31.387586
31.38343
31.373573
31.401908
31.396192
31.385832
31.416874
31.410192
31.400144
31.430141
31.422507
31.414807
31.446142
31.436958
31.427851
31.466357
31.456571
31.440875
31.47187
31.460956
31.455863
31.391333
31.365414
31.363899
31.38609
31.36236
31.357111
31.382421
31.360914
31.353233
31.382133
31.364188
31.354927
31.382873
31.369814
31.360307
31.383705
31.375599
31.367743
31.384314
31.384928
31.378264
31.382482
31.390013
31.386146
31.377975
31.391939
31.392432
31.371019
31.391692
31.392566
31.370102
31.391708
31.388304
31.350186
31.360778
31.395562
31.37279
31.388158
31.375592
31.383987
31.395328
31.39201
31.396385
31.402737
31.39876
31.409448
31.41242
31.407285
31.421155
31.421128
31.416692
31.434809
31.431514
31.424432
31.453803
31.447545
31.43354
31.457375
31.449686
31.445813
31.35661
31.330388
31.326685
31.354481
31.330745
31.322158
31.353878
31.333027
31.322262
31.358563
31.342763
31.328973
31.366061
31.356862
31.340846
31.374103
31.373369
31.357398
31.387009
31.399499
31.381316
31.394727
31.423254
31.402352
31.40142
31.44366
31.428182
31.401157
31.459595
31.445581
31.403151
31.465899
31.441573
31.371437
31.403177
31.472385
31.396228
31.442599
31.417247
31.402313
31.436941
31.448708
31.407931
31.431667
31.440564
31.415307
31.43105
31.435767
31.422593
31.431709
31.433868
31.431439
31.434584
31.431975
31.446086
31.4444
31.434115
31.447206
31.442938
31.440905
31.321624
31.295257
31.288895
31.322818
31.299062
31.287247
31.326234
31.306266
31.292063
31.337821
31.324098
31.30442
31.354499
31.349779
31.324941
31.374785
31.38342
31.354438
31.406058
31.434154
31.397272
31.436013
31.498322
31.446819
31.466532
31.556166
31.505651
31.480173
31.606846
31.564166
31.497124
31.633041
31.548137
31.421061
31.447052
31.600786
31.463518
31.561234
31.450061
31.454856
31.525268
31.56756
31.443775
31.492601
31.525513
31.438756
31.471244
31.493281
31.436541
31.456898
31.47054
31.436651
31.446742
31.452916
31.444722
31.44812
31.443246
31.441361
31.439558
31.440938
31.286332
31.259282
31.25032
31.291061
31.26683
31.252004
31.299708
31.280212
31.26187
31.319827
31.308013
31.280905
31.348989
31.349093
31.312431
31.388395
31.407691
31.359636
31.447042
31.498319
31.430304
31.522719
31.626895
31.52659
31.602511
31.776863
31.6558
31.653151
31.918393
31.798566
31.695529
31.960531
31.781781
31.463367
31.537263
31.840256
31.604747
31.791561
31.588948
31.560263
31.689145
31.7923
31.514521
31.59951
31.67662
31.485492
31.540016
31.590827
31.465508
31.498201
31.53124
31.451575
31.469703
31.490013
31.449917
31.457484
31.461202
31.438739
31.438872
31.446156
31.250085
31.22211
31.210706
31.258661
31.233703
31.215851
31.273739
31.254337
31.231115
31.304297
31.294001
31.258011
31.349951
31.355048
31.302974
31.416884
31.448778
31.373573
31.520248
31.602791
31.484238
31.667959
31.843726
31.655195
31.86459
32.185915
31.916706
32.021594
32.540435
32.24646
32.081271
32.590432
32.332113
31.5852
31.775538
32.268602
31.874062
32.222629
32.059861
31.748887
31.975137
32.200066
31.635504
31.772026
31.931089
31.562295
31.645424
31.744089
31.511281
31.560444
31.624238
31.477173
31.505274
31.543848
31.460959
31.474045
31.488878
31.43885
31.441489
31.457066
31.212476
31.183263
31.169986
31.225078
31.199031
31.178312
31.247808
31.227506
31.199102
31.290675
31.281223
31.234788
31.357418
31.36726
31.295919
31.462393
31.508971
31.396114
31.63639
31.758392
31.563434
31.909766
32.194147
31.851491
32.345869
32.87963
32.341952
32.749965
33.783827
33.090515
32.832927
33.874035
33.709493
31.871428
32.312202
33.651718
32.371481
33.006857
33.030451
32.070357
32.450088
32.910774
31.828139
32.037413
32.34246
31.677564
31.793
31.969348
31.580022
31.648561
31.752846
31.516403
31.55348
31.61739
31.479141
31.496397
31.527086
31.44208
31.445599
31.473285
31.173352
31.143045
31.127991
31.190277
31.163513
31.139762
31.220735
31.200174
31.166182
31.277769
31.26845
31.211047
31.371028
31.384417
31.289823
31.526893
31.587916
31.426069
31.807239
31.976974
31.670315
32.300838
32.738567
32.133352
33.144168
34.137547
33.014925
34.262842
36.495568
34.583397
34.374658
36.623364
36.886944
32.492271
34.235115
36.196022
33.284113
34.408498
35.012144
32.602256
33.206379
34.123009
32.122055
32.426507
32.979289
31.838493
31.998819
32.293941
31.6747
31.763438
31.927914
31.567421
31.613611
31.712588
31.503014
31.523828
31.575611
31.446516
31.451003
31.493986
31.132736
31.101169
31.084713
31.154379
31.126403
31.099648
31.193184
31.171305
31.131567
31.265375
31.255207
31.186025
31.388588
31.405108
31.284762
31.612113
31.684449
31.462176
32.045351
32.266444
31.80405
32.899642
33.536813
32.513201
34.600373
36.380317
34.050234
37.637602
41.888919
37.554852
37.818379
42.713418
43.439446
34.683592
38.792089
40.793509
34.951285
36.949007
38.719934
33.448754
34.390821
36.192811
32.544639
32.967037
33.930014
32.062622
32.271543
32.755731
31.796001
31.903282
32.152331
31.630364
31.684781
31.829276
31.531383
31.555335
31.633253
31.452156
31.45669
31.518613
31.090387
31.05747
31.039981
31.116809
31.087278
31.057631
31.164004
31.140694
31.094846
31.252915
31.236056
31.158564
31.406042
31.39648
31.275778
31.716845
31.789926
31.482989
32.355953
32.533522
31.927247
33.767759
34.520883
32.775797
37.215044
39.968244
35.567222
44.069142
51.665628
42.856701
46.455251
65.062397
59.054501
40.446782
48.494097
55.133037
37.894288
41.342357
46.203384
34.742475
36.0588
39.602487
33.132019
33.679944
35.270875
32.349746
32.601237
33.338812
31.941942
32.067947
32.425608
31.704223
31.766203
31.966402
31.563788
31.590273
31.699064
31.45786
31.462476
31.545746
31.046376
31.012582
30.994292
31.077324
31.046169
31.014221
31.13203
31.104112
31.054271
31.227133
31.220168
31.129757
31.413749
31.430229
31.274506
31.815433
31.890168
31.526746
32.567569
32.909273
32.09537
34.598462
35.592109
33.276702
41.375889
45.323607
37.257899
44.005013
46.03399
46.712286
76.890568
101.71616
79.996373
60.779207
74.654886
88.169969
42.761684
47.733842
61.679609
36.561978
38.283173
44.546662
33.892865
34.563586
37.016268
32.693732
32.991497
34.046076
32.112313
32.255018
32.742733
31.78798
31.855653
32.121545
31.59929
31.62726
31.771165
31.463544
31.466861
31.573961
31.001073
30.96616
30.94738
31.035069
31.003485
30.969097
31.096349
31.070307
31.013719
31.218924
31.204512
31.100456
31.438449
31.453674
31.258889
31.919141
32.006228
31.563624
33.017693
33.331301
32.277699
35.936913
37.078298
33.856058
46.974418
53.241858
39.429521
56.070302
60.525413
57.845642
197.57131
258.61265
222.60556
49.702293
56.308265
97.471229
38.90003
40.95663
50.885451
34.810291
35.569268
39.068183
33.096192
33.427429
34.848386
32.303382
32.457483
33.095224
31.879321
31.94998
32.288676
31.636681
31.664666
31.84716
31.467585
31.469544
31.602316
30.954344
30.918533
30.899851
30.992685
30.959277
30.923333
31.061702
31.033863
30.971594
31.19875
31.180258
31.064445
31.45757
31.464679
31.238716
32.032667
32.106697
31.593233
33.432829
33.719371
32.442323
37.463929
38.58301
34.405096
55.464587
61.704601
41.606087
79.683007
86.665215
71.423439
80.707255
86.146148
119.08803
41.598506
43.74925
57.389846
35.839956
36.630612
41.242568
33.540137
33.885012
35.6993
32.508272
32.667839
33.470159
31.974574
32.046373
32.462803
31.674088
31.701297
31.924466
31.470089
31.469797
31.62936
30.906892
30.87027
30.85167
30.948128
30.914194
30.875689
31.02387
30.993383
30.928205
31.173484
31.151066
31.025678
31.466311
31.470017
31.21439
32.129503
32.191025
31.612297
33.807387
34.048403
32.573188
38.932315
39.904109
34.8854
63.654893
69.108433
43.528988
109.08256
116.88964
85.677061
101.88083
106.57898
157.84266
44.374854
45.913944
62.738779
36.912124
37.679567
43.10891
34.002762
34.355111
36.530886
32.720607
32.878994
33.849544
32.070889
32.141233
32.635566
31.709947
31.735263
31.999259
31.469784
31.467242
31.653709
30.858355
30.821701
30.803256
30.902495
30.86761
30.827783
30.982963
30.951243
30.883087
31.143107
31.118138
30.985046
31.47053
31.467913
31.187687
32.20919
32.257549
31.618523
34.120043
34.311842
32.674442
40.198238
40.979866
35.279312
49.216896
49.841024
44.381297
143.46164
151.65192
99.28249
116.69025
119.7009
178.09349
46.703522
48.186521
66.959388
37.940339
38.756322
45.075367
34.438944
34.649706
37.369056
32.926369
33.069765
34.184732
32.164573
32.224292
32.79703
31.743209
31.765779
32.068588
31.46667
31.461765
31.674732
30.809494
30.772996
30.754746
30.855937
30.820532
30.779738
30.940526
30.90798
30.837381
31.109512
31.082693
30.943263
31.465532
31.454559
31.156581
32.271428
32.30638
31.611343
34.36731
34.511836
32.745248
41.213715
41.829179
35.588551
51.551354
52.059559
45.832263
125.43288
126.52205
185.89617
48.681375
49.830875
69.839765
38.927475
39.488661
46.328577
34.783292
35.145182
38.026057
33.119795
33.276152
34.548855
32.240762
32.316702
32.976128
31.772256
31.797671
32.13177
31.46031
31.451914
31.689813
30.760902
30.724384
30.706279
30.808632
30.772811
30.731488
30.897011
30.863761
30.790726
31.073417
31.044574
30.900169
31.449755
31.432451
31.120888
32.315789
32.336954
31.594193
34.5528
34.657483
32.786163
42.010859
42.481169
35.820767
53.430119
53.827648
46.959363
128.90918
129.34233
186.5929
50.224267
51.205888
71.697625
39.635196
40.057175
47.349576
35.218825
35.446162
38.542775
33.308198
33.433765
34.832023
32.33171
32.389038
33.108841
31.802287
31.815813
32.198676
31.446558
31.431477
31.706241
30.712244
30.676005
30.658393
30.760877
30.725104
30.683612
30.852594
30.818787
30.743695
31.034658
31.004166
30.855772
31.425835
31.40382
31.082054
32.34185
32.349982
31.570736
34.686181
34.758913
32.800925
42.620079
42.978723
35.986822
54.889648
55.182445
47.798622
129.62228
129.43227
182.99967
51.487854
52.223091
72.626443
40.181833
40.533714
48.09775
35.527909
35.758253
38.976735
33.471329
33.574606
35.079307
32.40469
32.442411
33.211414
31.821272
31.830828
32.237627
31.43045
31.419083
31.717883
30.663975
30.628074
30.610496
30.713194
30.677494
30.635943
30.807446
30.77328
30.696571
30.993807
30.962239
30.810711
31.39588
31.370525
31.041122
32.35072
32.347093
31.542316
34.777856
34.823561
32.793763
43.08522
43.357302
36.09724
56.01515
56.282989
48.444195
83.592257
83.54081
173.00063
52.425716
52.878221
72.837871
40.644016
40.947754
48.629396
35.830392
36.02172
39.332389
33.606554
33.697357
35.291182
32.454052
32.486543
33.298115
31.832666
31.837029
32.26798
31.413396
31.399054
31.708527
30.616178
30.5807
30.56305
30.665607
30.630088
30.588614
30.761858
30.727579
30.649503
30.951583
30.919294
30.765385
31.361622
31.333753
30.998659
32.344033
32.329939
31.509357
34.833646
34.854149
32.768999
43.428272
43.566214
36.154685
56.902821
57.056347
48.86712
83.421399
82.967698
164.73223
52.97962
53.174906
72.57692
41.039845
41.279735
48.978227
36.076561
36.219948
39.621609
33.725953
33.80219
35.450915
32.496607
32.522768
33.369408
31.837801
31.83716
32.293292
31.394133
31.377815
31.702362
30.568919
30.533709
30.516252
30.618286
30.583012
30.541631
30.716134
30.681765
30.602632
30.908425
30.875544
30.719801
31.324098
31.294119
30.955043
32.323636
32.300668
31.472705
34.854561
34.849554
32.730841
43.594477
43.628291
36.159088
57.248015
57.273261
49.013094
82.784382
82.166856
156.72481
53.212733
53.273962
72.087536
41.345918
41.506492
49.181559
36.261507
36.367765
39.819799
33.823841
33.879084
35.561106
32.530569
32.551155
33.423286
31.836017
31.831268
32.314308
31.371117
31.354014
31.693371
30.522018
30.487046
30.469916
30.571306
30.536286
30.494994
30.670304
30.635866
30.555956
30.864517
30.831174
30.674007
31.283832
31.25208
30.910587
32.291481
32.261861
31.432951
34.846558
34.832477
32.685736
43.6275
43.618207
36.145922
57.243509
57.209482
48.991144
81.92557
81.12949
149.07909
53.280351
53.255654
71.449223
41.549383
41.651763
49.262099
36.397289
36.470213
39.940372
33.894441
33.932705
35.636864
32.556863
32.569918
33.458172
31.829469
31.823244
32.327339
31.348075
31.330738
31.680359
30.475431
30.440764
30.424038
30.52465
30.48986
30.448676
30.624377
30.58991
30.50947
30.819998
30.786287
30.628071
31.241239
31.208002
30.865476
32.25147
32.218815
31.390387
34.826771
34.805301
32.639544
43.613698
43.595164
36.119693
57.123109
57.10244
48.939066
80.852828
79.978863
141.8861
53.234992
53.133579
70.720202
41.677977
41.737068
49.234469
36.489588
36.536185
40.015917
33.942626
33.965295
35.687264
32.572842
32.578392
33.48124
31.820691
31.810686
32.329791
31.324236
31.305778
31.664053
30.429251
30.394813
30.378622
30.478299
30.443648
30.402625
30.578409
30.543859
30.463136
30.775001
30.74093
30.581973
31.196732
31.162367
30.820117
32.207597
32.173215
31.345755
34.797266
34.772012
32.594152
43.586479
43.55452
36.08595
57.01559
56.973031
48.868775
79.680128
78.753413
135.10123
53.088934
52.926874
70.002396
41.750038
41.77373
49.125165
36.548324
36.575506
40.053898
33.970663
33.982412
35.71707
32.579329
32.579475
33.497721
31.806528
31.792213
32.324292
31.298909
31.279623
31.644008
30.383377
30.349172
30.333702
30.432137
30.39768
30.356867
30.532339
30.497794
30.417001
30.729566
30.695292
30.535804
31.15078
31.115716
30.774073
32.161638
32.12694
31.299692
34.763323
34.736592
32.551209
43.542533
43.504392
36.048769
56.833189
56.783417
48.766809
367.44399
357.56067
525.82686
78.447579
77.538586
128.90189
52.868923
52.680872
69.253315
41.775442
41.766468
48.962675
36.581493
36.590823
40.053077
33.985068
33.98957
35.728689
32.578721
32.574184
33.50671
31.78694
31.770429
32.31415
31.27242
31.252198
31.621162
30.337803
30.30378
30.289078
30.386219
30.351884
30.311371
30.486283
30.451703
30.371002
30.683865
30.649507
30.489584
31.103972
31.068678
30.727826
32.115497
32.081556
31.253008
34.727409
34.700178
32.510907
43.492306
43.454375
36.010784
56.636324
56.588256
48.659189
330.64674
322.5036
467.0983
77.237718
76.344309
123.43862
52.613184
52.403445
68.465608
41.758871
41.721246
48.778345
36.590946
36.582999
40.018433
33.989995
33.986952
35.724796
32.571886
32.562622
33.506253
31.764664
31.74691
32.299868
31.244475
31.223273
31.59629
30.292461
30.258549
30.244562
30.340454
30.306205
30.266066
30.44017
30.405601
30.325105
30.638032
30.603754
30.443353
31.056957
31.022009
30.681658
32.070525
32.037997
31.206601
34.691167
34.665141
32.472899
43.444855
43.413214
35.976405
56.461197
56.420882
48.565751
300.96329
294.49187
419.92572
76.049356
75.169511
118.75671
52.329621
52.099039
67.649051
41.705486
41.650969
48.572409
36.577923
36.556092
39.959554
33.984555
33.973878
35.706567
32.55888
32.545594
33.497638
31.740827
31.722159
32.281704
31.215301
31.193487
31.569765
30.247184
30.214973
30.200868
30.29471
30.263536
30.222685
30.394009
30.364988
30.282527
30.592258
30.568965
30.403269
31.010573
31.002784
30.648036
32.027515
32.062694
31.192435
34.657756
34.844694
32.519905
43.410944
44.293478
36.243072
56.331793
56.389714
48.566356
277.3083
272.25142
382.98248
74.881583
74.066116
117.5598
52.017561
51.762055
66.838212
41.629664
41.560245
48.347149
36.546811
36.514102
39.888019
33.969169
33.952318
35.676296
32.54058
32.523708
33.482085
31.71575
31.695978
32.26
31.185335
31.162972
31.541692
30.203807
30.170446
30.156478
30.252218
30.21838
30.178055
30.353534
30.319284
30.23718
30.557552
30.523495
30.35748
30.991387
30.957809
30.602422
32.051946
32.022462
31.148072
34.837371
34.819667
32.482468
44.282533
44.303512
36.222472
97.987519
98.409487
49.978705
248.97617
250.32138
145.96759
148.84425
144.23455
366.24387
74.642258
73.77413
114.77559
51.677488
51.583488
66.569096
41.53538
41.458956
48.209719
36.5016
36.460061
39.810659
33.945832
33.924392
35.638179
32.517555
32.497744
33.460708
31.689169
31.668237
32.235078
31.154592
31.13153
31.512416
30.159371
30.126306
30.113218
30.20714
30.173571
30.133811
30.307914
30.273956
30.192208
30.512217
30.478608
30.312106
30.946827
30.914511
30.557518
32.012869
31.984714
31.105354
34.814497
34.804351
32.447158
44.324011
44.414658
36.224441
98.81466
100.44072
50.189295
4021.1861
3428.1725
153.64412
521.07092
493.27454
2805.1143
142.84508
139.04658
343.43539
73.494137
72.689116
111.57454
51.48315
51.188271
65.720662
41.420993
41.304099
47.921864
36.446107
36.388584
39.695058
33.916571
33.884656
35.582825
32.490687
32.464897
33.428056
31.661038
31.637609
32.204227
31.122925
31.098542
31.481019
30.115341
30.082606
30.070254
30.162431
30.129192
30.090018
30.262695
30.229096
30.147695
30.467478
30.434338
30.267234
30.903953
30.872891
30.513392
31.975496
31.948264
31.064401
34.802629
34.800793
32.412491
44.452869
44.584424
36.239811
101.07944
103.23813
50.503782
3265.7103
2855.8694
162.97947
485.12814
463.24215
2292.88
137.92703
134.78777
325.40795
72.433205
71.698636
108.85915
51.092337
50.81362
64.932539
41.264469
41.145052
47.64107
36.369032
36.309645
39.575164
33.873422
33.838308
35.519138
32.455904
32.427826
33.388476
31.629347
31.603966
32.169687
31.089518
31.065112
31.447443
30.071786
30.037996
30.02767
30.118169
30.085301
30.0467
30.21796
30.18477
30.1037
30.423377
30.390746
30.222933
30.862717
30.832667
30.47011
31.939274
31.912532
31.024828
34.801125
34.803566
32.377903
44.632138
44.786114
36.263019
104.0232
106.57412
50.870106
2739.9273
2438.1877
174.46425
456.65327
438.62089
1948.5508
133.81138
131.15945
310.51752
71.464821
70.795765
106.53145
50.723922
50.464791
64.205548
41.105286
40.987312
47.373706
36.289785
36.229667
39.453822
33.826153
33.788235
35.45216
32.418134
32.388203
33.344939
31.59528
31.56874
32.132809
31.056595
31.031902
31.412889
30.027366
29.995702
29.985716
30.074404
30.041923
30.002249
30.17378
30.141033
30.060244
30.379962
30.347863
30.179251
30.822808
30.793567
30.427626
31.903685
31.877332
30.986178
34.804771
34.809651
32.344147
44.840708
45.010871
36.290976
107.4719
110.32538
51.260522
2350.8239
2121.0119
187.10355
433.12113
417.89207
1700.0924
130.34338
128.07483
297.945
70.583968
69.978422
104.53661
50.380754
50.137739
63.540044
40.948395
40.833218
47.119714
36.209643
36.149143
39.333044
33.77517
33.734788
35.383478
32.377942
32.346458
33.298164
31.55971
31.532191
32.09396
31.023007
30.998195
31.377438
29.985237
29.953761
29.944615
30.031148
29.999075
29.960487
30.130196
30.097923
30.017332
30.337241
30.305621
30.136226
30.783936
30.755269
30.385843
31.868595
31.842292
30.948062
34.81166
34.818363
32.311658
45.069426
45.247836
36.322126
111.31911
114.40822
51.661294
2053.7327
1874.8862
200.11403
413.1855
399.99333
1511.7268
127.37052
125.39673
287.05111
69.785165
69.230316
102.80486
50.059388
49.83218
62.930189
40.795366
40.683748
46.878812
36.128893
36.067739
39.21319
33.720969
33.678659
35.313486
32.335752
32.303077
33.248778
31.522858
31.494487
32.053495
30.989345
30.964318
31.34111
29.943277
29.911976
29.904405
29.988422
29.954326
29.918688
30.087246
30.055457
29.974915
30.29516
30.264007
30.093863
30.745786
30.717482
30.344734
31.833547
31.80724
30.910181
34.820965
34.829304
32.280368
45.307635
45.486452
36.355415
115.47115
118.72491
52.070959
1821.9623
1679.7112
212.91909
395.87293
384.24291
1363.9258
124.77757
123.0202
277.43137
69.052376
68.540067
101.25143
49.758942
49.546321
62.36398
40.64719
40.539272
46.649394
36.047257
35.985696
39.094405
33.664317
33.620719
35.242535
32.292018
32.258416
33.197438
31.484895
31.455819
32.011666
30.955385
30.930004
31.303963
29.901597
29.870611
29.864936
29.943952
29.914264
29.877283
30.044941
30.01362
29.931266
30.253702
30.223018
30.052144
30.708082
30.67995
30.304282
31.798495
31.772332
30.872321
34.832283
34.841469
32.250271
45.545571
45.721997
36.389695
119.83092
123.17753
52.485033
1637.1239
1521.4956
225.12749
380.58921
370.22497
1245.8128
122.46421
120.87571
268.83986
68.372767
67.892673
99.831953
49.477537
49.277228
61.836694
40.503951
40.399816
46.429585
35.965147
35.903493
38.976911
33.606033
33.561657
35.170721
32.247093
32.212806
33.144746
31.446021
31.416404
31.968724
30.92087
30.894999
31.266129
29.860338
29.829647
29.826069
29.903821
29.873526
29.836335
30.003255
29.972372
29.890058
30.212865
30.18261
30.011023
30.670591
30.64253
30.264419
31.763712
31.738125
30.834408
34.844614
34.854079
32.221749
45.780535
45.9554
36.423904
124.30053
127.67583
52.900907
1486.5432
1390.8661
236.47812
366.95207
357.62226
1150.1283
120.37077
118.91997
261.09585
67.737858
67.295802
98.520721
49.212246
49.022141
61.344584
40.365642
40.264717
46.218402
35.882951
35.821457
38.860802
33.546789
33.502039
35.09833
32.201289
32.166504
33.091193
31.406451
31.37643
31.924916
30.885644
30.859205
31.227754
29.819487
29.789091
29.787501
29.863291
29.832648
29.795736
29.962146
29.931659
29.849347
30.172591
30.142708
29.970442
30.633173
30.605062
30.225028
31.729738
31.704893
30.79636
34.857228
34.866608
32.194831
46.013411
46.186862
36.457494
128.79822
132.14209
53.315924
1361.7139
1281.3579
246.83224
354.66255
346.1938
1071.8329
118.45598
117.11866
254.05131
67.152634
66.74059
97.299845
48.960259
48.778182
60.887558
40.231525
40.133278
46.014519
35.801005
35.739873
38.746254
33.487097
33.442239
35.025778
32.154845
32.119687
33.03707
31.36636
31.336024
31.880465
30.849635
30.822652
31.188947
29.779061
29.748936
29.748963
29.822506
29.79226
29.756306
29.921558
29.891428
29.809102
30.132801
30.103226
29.930347
30.595675
30.567444
30.185983
31.696751
31.672608
30.75817
34.869703
34.878829
32.169165
46.244424
46.416074
36.490304
133.24478
136.50891
53.728341
1256.7147
1188.3927
256.11755
343.49866
335.76062
1007.2882
116.68974
115.44998
247.60162
66.605859
66.215535
96.160281
48.718366
48.542431
60.455973
40.100903
40.004924
45.816704
35.719563
35.658899
38.633312
33.427296
33.38253
34.95336
32.107919
32.072477
32.982581
31.325861
31.295267
31.835556
30.812909
30.785463
31.149772
29.738961
29.709669
29.710367
29.782234
29.752325
29.717365
29.88144
29.851628
29.769293
30.093412
30.064086
29.890683
30.558014
30.529652
30.147186
31.664685
31.641165
30.719918
34.881805
34.890453
32.144334
46.47289
46.641933
36.52215
137.5786
140.72549
54.136802
1167.3203
1108.5791
264.32001
333.28932
326.16939
952.27051
115.05146
113.89751
241.65493
66.090232
65.725001
95.095442
48.484979
48.315471
60.052025
39.973266
39.879311
45.62493
35.638755
35.578602
38.521991
33.367644
33.323124
34.881189
32.060627
32.024986
32.927933
31.285027
31.25422
31.790338
30.775584
30.747742
31.110257
29.699849
29.670493
29.671766
29.74241
29.712829
29.678148
29.841738
29.812203
29.729885
30.054345
30.025215
29.851387
30.520182
30.491719
30.108572
31.633436
31.610474
30.68173
34.893227
34.901144
32.120056
46.697761
46.86351
36.55241
141.75149
144.75237
54.539907
1090.3616
1039.3261
271.48671
323.88816
317.29855
904.14959
113.52604
112.44884
236.13432
65.606981
65.263247
94.098652
48.259861
48.095564
59.671186
39.848302
39.75626
45.438345
35.558636
35.499024
38.412379
33.308336
33.264147
34.809291
32.013084
31.977338
32.873323
31.243916
31.212929
31.744933
30.737744
30.709523
31.070412
29.660793
29.632361
29.63324
29.703021
29.673749
29.639421
29.802399
29.773101
29.690844
30.015532
29.986558
29.812403
30.482226
30.453727
30.070101
31.602919
31.580444
30.643748
34.903631
34.91058
32.096135
46.918131
47.079931
36.580642
145.72521
148.55553
54.935804
1023.4225
978.67812
277.65045
315.18269
309.06111
861.70665
112.10153
111.09256
230.98686
65.152142
64.828577
93.162886
48.041697
47.882785
59.31168
39.725896
39.635798
45.256958
35.47925
35.420241
38.304705
33.249473
33.205619
34.737704
31.965415
31.929653
32.818881
31.202568
31.171414
31.699445
30.6994
30.670784
31.030234
29.622735
29.594041
29.594928
29.66404
29.635049
29.601141
29.763371
29.734281
29.652137
29.976923
29.948084
29.773683
30.444237
30.415795
30.031762
31.573034
31.550961
30.606118
34.91271
34.918514
32.072399
47.13314
47.290446
36.606987
149.46807
152.11015
55.323042
964.6773
925.13824
282.86796
307.09287
301.39167
824.00544
110.76672
109.81895
226.17668
64.723704
64.417551
92.282069
47.830712
47.677228
58.97051
39.606097
39.518012
45.080761
35.400687
35.342385
38.199252
33.191049
33.147476
34.666528
31.917737
31.882021
32.764638
31.160998
31.129683
31.653943
30.66053
30.631517
30.989726
29.584547
29.556218
29.556848
29.625429
29.59669
29.563262
29.724616
29.695715
29.613732
29.938493
29.909781
29.735202
30.40634
30.378058
29.993564
31.543667
31.521902
30.568965
34.920244
34.924812
32.048694
47.342091
47.494569
36.631605
152.95827
155.40402
55.700569
912.72092
877.53611
287.21709
299.55637
294.23322
790.29488
109.5126
108.62113
221.67412
64.318296
64.029063
91.452197
47.627077
47.479747
58.646768
39.488995
39.402967
44.910407
35.323089
35.265616
38.09624
33.132989
33.089625
34.59591
31.870124
31.834465
32.710538
31.119214
31.087743
31.608455
30.62114
30.59177
30.948909
29.546844
29.51882
29.51904
29.58715
29.558631
29.525735
29.686112
29.657386
29.575597
29.900232
29.871643
29.696942
30.368674
30.340642
29.955525
31.514695
31.493158
30.532376
34.926125
34.929447
32.024916
47.544585
47.692198
36.654365
156.18619
158.4336
56.067929
866.45005
834.94078
290.77532
292.51707
287.53147
759.96549
108.33279
107.49243
217.44966
63.935908
63.663745
90.669293
47.431502
47.289657
58.341949
39.374638
39.290646
44.745717
35.246615
35.190074
37.995766
33.075199
33.031993
34.525999
31.822584
31.786955
32.656488
31.077225
31.045615
31.562961
30.5813
30.551668
30.907824
29.509551
29.481748
29.481509
29.54916
29.520825
29.488489
29.64784
29.619274
29.537697
29.862135
29.833664
29.658881
30.331351
30.303618
29.917656
31.486013
31.464645
30.496369
34.930338
34.932402
32.001019
47.740618
47.883583
36.675171
159.14976
161.20085
56.42518
824.98241
796.59927
293.62031
285.9214
281.23682
732.53114
107.21996
106.42375
213.47386
63.575336
63.315411
89.926177
47.243165
47.106177
58.053164
39.262995
39.181109
44.586217
35.171397
35.115852
37.897902
33.017614
32.974552
34.456906
31.775076
31.739434
32.602419
31.035054
31.003328
31.517421
30.541152
30.511418
30.866525
29.471685
29.444265
29.444264
29.511411
29.483226
29.451491
29.609777
29.58135
29.499998
29.824194
29.795828
29.620989
30.294428
30.266995
29.87995
31.457548
31.436311
30.460901
34.932902
34.933908
31.977014
47.930502
48.069104
36.694204
161.85237
163.71188
56.772531
787.60454
761.90358
295.82844
279.72189
275.30923
707.60586
106.16496
105.40733
209.72098
63.230568
62.981006
89.21711
47.061344
46.929249
57.776048
39.154205
39.074694
44.432111
35.097511
35.042972
37.802793
32.960223
32.917325
34.38869
31.727544
31.691859
32.548319
30.992733
30.960918
31.471796
30.50092
30.471201
30.825073
29.435134
29.40777
29.407294
29.473861
29.445804
29.414683
29.571896
29.543585
29.462472
29.78639
29.758111
29.583233
30.257899
30.230732
29.842384
31.429253
31.408135
30.42589
34.934101
34.934303
31.952946
48.114608
48.249033
36.711652
164.30118
165.97644
57.110017
753.73883
730.35593
297.47423
273.88085
269.71587
684.86935
105.16067
104.43748
206.16887
62.899754
62.661543
88.538766
46.886108
46.759422
57.511415
39.048633
38.971715
44.28396
35.024958
34.971365
37.710493
32.903057
32.860366
34.321341
31.679952
31.64422
32.494246
30.950299
30.918421
31.426069
30.460768
30.431147
30.783526
29.398708
29.371616
29.370585
29.436483
29.408536
29.377094
29.534165
29.50595
29.4251
29.748699
29.72049
29.545584
30.221716
30.194769
29.804928
31.401116
31.38013
30.39125
34.934253
34.93378
31.928893
48.293156
48.423432
36.72765
166.50543
168.0051
57.437336
722.91084
701.54358
298.62583
268.36592
264.42309
664.0406
104.20163
103.50943
202.79473
62.583769
62.356116
87.889167
46.718135
46.596981
57.258309
38.946535
38.872121
44.141678
34.953645
34.900873
37.620669
32.846174
32.803737
34.254797
31.632301
31.596542
32.44029
30.907785
30.875867
31.380253
30.420798
30.391342
30.741931
29.362503
29.335416
29.334131
29.399255
29.371392
29.340867
29.49656
29.468427
29.387867
29.711098
29.682943
29.508025
30.185818
30.159045
29.767559
31.373157
31.35233
30.356901
34.933522
34.932481
31.904944
48.466158
48.592148
36.742297
168.47625
169.80786
57.753873
694.72598
675.12084
299.34342
263.14251
259.39383
644.87412
103.28306
102.614
199.57327
62.281835
62.063723
87.261842
46.55737
46.44082
57.015924
38.847511
38.774126
44.004871
34.883408
34.831393
37.532493
32.789638
32.747507
34.189051
31.584621
31.548877
32.386562
30.865224
30.833291
31.334393
30.381091
30.351842
30.700328
29.326379
29.299341
29.297935
29.362154
29.33438
29.304606
29.459065
29.431005
29.350758
29.673569
29.645462
29.470547
30.150142
30.123498
29.730259
31.345413
31.324771
30.322774
34.932049
34.930514
31.881174
48.6334
48.754827
36.755671
170.22504
171.39333
58.058807
668.85332
650.79733
299.68122
258.17373
254.59621
627.16615
102.39422
101.74386
196.48412
61.991857
61.77905
86.651191
46.402615
46.289612
56.780368
38.750064
38.678628
43.872283
34.814188
34.762994
37.44579
32.733521
32.691753
34.124213
31.53697
31.501291
32.333164
30.822648
30.790728
31.288551
30.341696
30.312677
30.658748
29.290334
29.263368
29.261988
29.325186
29.2962
29.268431
29.421669
29.393679
29.313767
29.636103
29.608039
29.433149
30.114631
30.088073
29.693017
31.317918
31.297469
30.288804
34.929915
34.927863
31.857618
48.794512
48.911087
36.767792
171.75908
172.77251
58.35131
645.01485
628.32885
299.68466
253.43058
250.01164
610.75347
101.53003
100.89894
193.51802
61.708942
61.501189
86.055735
46.252438
46.142314
56.54986
38.655037
38.584787
43.742991
34.746075
34.695766
37.361128
32.677898
32.636538
34.060408
31.489415
31.453849
32.280177
30.780093
30.748213
31.24279
30.302638
30.273852
30.617218
29.254393
29.227527
29.226305
29.287068
29.259677
29.232366
29.38437
29.356449
29.275375
29.598697
29.570671
29.395833
30.079227
30.052714
29.655822
31.290677
31.270405
30.25493
34.927089
34.9245
31.834261
48.949108
49.060577
36.778603
173.0874
173.95992
58.630803
622.97656
607.50886
299.40694
248.89782
245.63264
595.50209
100.69228
100.08339
190.67423
61.432553
61.228055
85.479304
46.106015
45.998164
56.322272
38.561589
38.492856
43.616532
34.679148
34.629738
37.278623
32.622824
32.581888
33.997696
31.442017
31.406594
32.227636
30.737596
30.705777
31.197153
30.263916
30.23535
30.575757
29.218584
29.191811
29.190898
29.25052
29.223102
29.19643
29.347161
29.319273
29.238751
29.561345
29.533353
29.358576
30.043875
30.017368
29.61866
31.263664
31.243524
30.221091
34.923539
34.920358
31.81104
49.096867
49.203111
36.78799
174.22862
174.96571
58.897057
602.54007
588.16086
298.88178
244.56954
241.45428
581.29367
99.88432
99.299091
187.95295
61.160715
60.961413
84.923891
45.962576
45.856888
56.099378
38.470266
38.403407
43.49267
34.613415
34.56486
37.198014
32.568315
32.527789
33.93605
31.394814
31.359546
32.175538
30.695182
30.663432
31.151652
30.225507
30.197132
30.534377
29.182892
29.156206
29.155745
29.213962
29.186587
29.160609
29.307483
29.279801
29.202099
29.524043
29.496078
29.31861
30.008525
29.981991
29.581521
31.236816
31.216747
30.187231
34.919186
34.915336
31.787853
49.237663
49.338769
36.795842
175.19112
175.80429
59.150274
583.53541
570.13238
298.14156
240.44011
237.46661
568.01562
99.108146
98.547509
185.35029
60.895866
60.70207
84.39238
45.822009
45.718938
55.881612
38.381417
38.316244
43.371787
34.548808
34.50102
37.119031
32.514347
32.474194
33.875375
31.347817
31.312702
32.123845
30.65286
30.621176
31.106279
30.187369
30.159144
30.493076
29.147313
29.120705
29.120839
29.177469
29.150156
29.124899
29.270555
29.242886
29.16552
29.486782
29.458722
29.281495
29.973133
29.946549
29.544394
31.210049
31.189975
30.153303
34.913928
34.909339
31.764574
49.371644
49.467866
36.802087
175.9899
176.48835
59.390977
565.81533
553.29046
297.21365
236.49773
233.65244
555.56442
98.364599
97.828211
182.8563
60.638253
60.450169
83.885226
45.685014
45.584446
55.669075
38.294772
38.231043
43.253681
34.485206
34.438084
37.041424
32.460867
32.421038
33.81554
31.301021
31.266047
32.072503
30.610623
30.578993
31.061019
30.149446
30.121327
30.451845
29.111836
29.085302
29.086151
29.141059
29.11381
29.089285
29.233665
29.206023
29.129021
29.445152
29.416947
29.244545
29.937669
29.911018
29.502033
31.18326
31.163103
30.119272
34.907674
34.902285
31.741064
49.499159
49.590793
36.806706
176.63728
177.03008
59.619728
549.25124
537.5187
296.12489
232.72376
229.99175
543.85654
97.652613
97.135244
180.45667
60.388518
60.206155
83.397961
45.551278
45.452723
55.462369
38.210013
38.147498
43.138135
34.422475
34.375928
36.965006
32.40781
32.368256
33.756421
31.254411
31.219568
32.021456
30.568456
30.53687
31.01586
30.111678
30.083625
30.410673
29.076459
29.049987
29.051658
29.104732
29.07754
29.053753
29.196819
29.169214
29.092585
29.407682
29.379911
29.207639
29.901926
29.865748
29.464818
31.156342
31.136019
30.074853
34.900345
34.894102
31.71718
49.620595
49.707884
36.809706
177.14563
177.44233
59.836982
533.73055
522.71534
294.90208
229.09891
226.47022
532.8336
96.965718
96.464425
178.14051
60.146113
59.968324
82.927136
45.420169
45.323462
55.260196
38.126836
38.06539
43.024894
34.360499
34.314471
36.889703
32.355112
32.315794
33.697919
31.207973
31.173251
31.970656
30.526347
30.494803
30.970803
30.07401
30.045991
30.36955
29.041163
29.014752
29.017329
29.068482
29.041343
29.018297
29.160021
29.13245
29.056215
29.370658
29.342906
29.170776
29.856718
29.830075
29.427863
31.129183
31.085672
30.039241
34.891874
34.884711
31.666494
49.736257
49.819358
36.811083
177.52741
177.73642
60.043037
519.15485
508.79116
293.56702
225.61076
223.08165
522.45347
96.300055
95.815326
175.90468
59.909771
59.736452
82.471467
45.291557
45.196923
55.062513
38.045085
37.984713
42.913926
34.299207
34.253655
36.815487
32.302724
32.263614
33.639961
31.161696
31.127088
31.92007
30.484293
30.452792
30.925853
30.0364
30.008389
30.328474
29.005947
28.979591
28.98314
29.032303
29.005217
28.982915
29.123266
29.095728
29.01991
29.333661
29.305943
29.133959
29.821195
29.794532
29.390949
31.078691
31.058217
30.005041
34.881401
34.813017
31.640173
49.846333
49.756098
36.733321
177.79379
177.92073
60.235704
505.43773
495.668
292.13619
222.25487
219.82339
512.67035
95.65658
95.189197
173.74946
59.679498
59.511311
82.031138
45.16573
45.073264
54.87028
37.964753
37.905343
42.805231
34.238543
34.193426
36.742289
32.25061
32.211692
33.582488
31.115569
31.081068
31.86968
30.442298
30.410845
30.881017
29.998813
29.970789
30.287441
28.970806
28.944502
28.949076
28.996195
28.969165
28.947598
29.086554
29.05905
28.983665
29.29671
29.269036
29.097187
29.78564
29.758933
29.354082
31.051327
31.030429
29.97069
34.81053
34.802839
31.615061
49.743776
49.81231
36.73292
177.9471
176.22684
60.074294
492.50417
483.54548
287.88169
219.02939
217.45507
503.77476
95.036316
94.587135
172.23869
59.456096
59.292963
81.606522
45.042697
44.951707
54.683318
37.88568
37.827129
42.69806
34.178452
34.13373
36.670054
32.19875
32.160014
33.525449
31.069584
31.035181
31.81948
30.400367
30.368961
30.836293
29.961221
29.933169
30.246448
28.935738
28.909485
28.915124
28.96016
28.93318
28.912345
29.049886
29.022414
28.947477
29.259815
29.232181
29.060455
29.750024
29.723299
29.317267
31.023392
31.002043
29.936207
34.800112
34.791323
31.589124
49.838089
49.913134
36.731785
176.2508
176.29982
60.258304
480.55464
471.82153
286.44175
216.68344
214.39981
494.91652
94.439935
94.00453
170.21068
59.239271
59.08022
81.194964
44.921606
44.832132
54.500566
37.80774
37.749961
42.592713
34.11888
34.074513
36.598709
32.147132
32.108577
33.468801
31.02373
30.989418
31.769477
30.358498
30.327136
30.791671
29.923602
29.895506
30.205486
28.900741
28.874536
28.881256
28.924192
28.897256
28.877157
29.013261
28.985815
28.911344
29.222974
29.195376
29.023766
29.714376
29.687621
29.280507
30.994828
30.972967
29.901585
34.788288
34.778606
31.562315
49.937666
50.008582
36.72924
176.30869
176.29359
60.431566
468.98859
460.71439
284.94771
213.65145
211.44259
486.47277
93.861253
93.436223
168.24279
59.027638
58.871223
80.792505
44.802571
44.714634
54.320827
37.73081
37.673675
42.489012
34.059774
34.015723
36.528133
32.095755
32.057383
33.412506
30.977995
30.94377
31.719684
30.316686
30.285357
30.747139
29.885936
29.857783
30.164545
28.865812
28.839653
28.847457
28.888282
28.861389
28.842036
28.976673
28.949256
28.875261
29.186184
29.158622
28.987118
29.678701
29.651919
29.243797
30.965586
30.943218
29.866821
34.775206
34.7647
31.534627
50.031869
50.099088
36.725412
176.28156
176.20928
60.594796
458.02867
450.17871
283.40695
210.71825
208.57848
478.43939
93.295839
92.878778
166.33011
58.81948
58.665352
80.396004
44.685544
44.598877
54.143802
37.654717
37.598127
42.386706
34.001083
33.957314
36.458215
32.044623
32.00644
33.356539
30.932376
30.898238
31.670123
30.274917
30.243613
30.702692
29.848205
29.819985
30.123613
28.830947
28.804836
28.813718
28.852428
28.825574
28.806977
28.940123
28.912734
28.839229
29.149439
29.121913
28.95051
29.642983
29.616172
29.207135
30.935646
30.912749
29.831907
34.76104
34.749633
31.506047
50.120738
50.18385
36.720459
176.18027
176.05502
60.746629
447.62872
440.16987
281.82499
207.87719
205.80708
470.80457
92.740915
92.331221
164.47556
58.614261
58.462036
80.004602
44.570179
44.484674
53.969028
37.579345
37.52326
42.285796
33.942765
33.899254
36.388863
31.993746
31.955762
33.300887
30.886874
30.852828
31.62081
30.23318
30.201894
30.658329
29.810397
29.782104
30.082681
28.796147
28.770082
28.780034
28.816629
28.789811
28.771975
28.903611
28.876253
28.803242
29.112741
29.085246
28.913936
29.607228
29.58038
29.170513
30.905018
30.881614
29.796832
34.745748
34.733706
31.476696
50.204303
50.263898
36.714534
176.00511
175.83328
60.888628
437.74513
430.64761
280.2094
205.12807
203.12439
463.54202
92.1958
91.793523
162.67659
58.411574
58.261057
79.618365
44.456362
44.371963
53.796449
37.504636
37.448992
42.186021
33.884788
33.841516
36.319997
31.943134
31.905356
33.245535
30.841495
30.807549
31.571761
30.191466
30.160196
30.614056
29.772504
29.744138
30.041746
28.761409
28.735388
28.746392
28.780878
28.754097
28.737032
28.86714
28.839814
28.7673
29.076083
29.048614
28.877398
29.57143
29.54455
29.133927
30.873746
30.849876
29.761602
34.729627
34.716996
31.446626
50.282784
50.339009
36.707811
175.76858
175.55396
61.020425
428.33871
421.57572
278.56884
202.46764
200.53004
456.62746
91.660709
91.266092
160.93342
58.21109
58.061834
79.23704
44.344
44.260543
53.625608
37.430514
37.375286
42.086964
33.827128
33.784084
36.251562
31.892799
31.855231
33.190471
30.796251
30.76241
31.522983
30.149775
30.118523
30.569882
29.734525
29.706089
30.000813
28.726728
28.700749
28.712804
28.745177
28.718434
28.702147
28.83071
28.803413
28.731408
29.039461
29.012013
28.840899
29.535586
29.508665
29.097374
30.841847
30.817585
29.726233
34.712765
34.699648
31.415962
50.356792
50.409394
36.700554
175.47183
175.21419
61.142359
419.37424
412.92239
276.9144
199.89508
198.02015
450.02994
91.135639
90.747208
159.24303
58.012275
57.864287
78.85999
44.232853
44.150215
53.45644
37.356942
37.302078
41.988853
33.76977
33.726942
36.18347
31.842744
31.805388
33.135679
30.751148
30.717417
31.47448
30.108109
30.076883
30.525815
29.696464
29.667964
29.959889
28.692102
28.666165
28.679276
28.709527
28.682825
28.667313
28.79432
28.767059
28.695573
29.002868
28.975445
28.804437
29.499682
29.472728
29.060848
30.809435
30.784813
29.690717
34.695302
34.681881
31.384748
50.426133
50.475656
36.692739
175.12302
174.83025
61.255504
410.82115
404.66031
275.25203
197.40444
195.58492
443.71859
90.618733
90.236885
157.59839
57.815166
57.668549
78.487458
44.12286
44.041291
53.289057
37.283822
37.229061
41.891726
33.712699
33.670084
36.115556
31.792972
31.75583
33.081158
30.706192
30.672573
31.426251
30.066478
30.035284
30.481861
29.658329
29.629774
29.918986
28.657531
28.631629
28.645818
28.673931
28.647271
28.632523
28.757977
28.730753
28.659799
28.966306
28.938905
28.76802
29.463734
29.436741
29.024351
30.77654
30.751642
29.655086
34.677367
34.663719
31.353152
50.491387
50.537572
36.684448
174.72494
174.40234
61.360324
402.65298
396.76423
273.59155
194.98791
193.22436
437.66357
90.110784
89.736094
156.0017
57.6199
57.474706
78.120014
44.014238
43.933491
53.123514
37.210792
37.156041
41.795377
33.655913
33.613514
36.047683
31.743485
31.706555
33.026916
30.661385
30.627875
31.37829
30.024889
29.993727
30.438022
29.620133
29.591535
29.878119
28.623006
28.597134
28.612448
28.638395
28.611779
28.597777
28.721685
28.694502
28.624085
28.929777
28.902398
28.73165
29.427737
29.400718
28.987869
30.74331
30.718168
29.619352
34.659135
34.645215
31.321236
50.552347
50.59525
36.675808
174.28746
173.93727
61.456285
394.84426
389.20837
271.93633
192.64553
190.93462
431.85724
89.612346
89.244554
154.45001
57.426529
57.282682
77.757634
43.906646
43.826216
52.959657
37.137817
37.083197
41.699441
33.599414
33.557218
35.979952
31.69428
31.657555
32.972947
30.616724
30.583322
31.330587
29.983341
29.952215
30.394298
29.58189
29.553264
29.837302
28.588521
28.56268
28.579162
28.602917
28.576346
28.563072
28.685447
28.658305
28.588432
28.893274
28.865914
28.695325
29.391697
29.364644
28.951403
30.70975
30.684452
29.583539
34.640578
34.626505
31.289095
50.60908
50.649212
36.666705
173.81376
173.43579
61.543784
387.36957
381.96918
270.29201
190.37286
188.71062
426.27609
89.123019
88.761341
152.94025
57.234935
57.09223
77.399964
43.79952
43.719693
52.797094
37.065021
37.010615
41.604053
33.543183
33.501168
35.9125
31.645347
31.608815
32.91923
30.572207
30.538911
31.283127
29.941844
29.910766
30.350691
29.54362
29.514984
29.79655
28.554077
28.528267
28.545969
28.567496
28.540971
28.528409
28.649263
28.622161
28.552842
28.856796
28.829457
28.659048
29.355629
29.328559
28.914953
30.67599
30.650557
29.54765
34.62182
34.607536
31.256848
50.662139
50.699593
36.657131
173.30507
172.90777
61.623878
380.20677
375.02919
268.66521
188.16396
186.54551
420.90185
88.641662
88.285446
151.46529
57.044813
56.903079
77.046589
43.693179
43.613854
52.635775
36.992524
36.938365
41.509363
33.48719
33.445338
35.845329
31.596668
31.560316
32.865741
30.52783
30.494637
31.235891
29.900413
29.869395
30.3072
29.505346
29.476718
29.755872
28.519674
28.493896
28.512876
28.532137
28.505658
28.493793
28.613134
28.586075
28.517316
28.820346
28.793018
28.622821
29.319528
29.292444
28.878511
30.64207
30.616585
29.51173
34.60281
34.588415
31.224537
50.711646
50.746149
36.64719
172.77133
172.35546
61.696311
373.33908
368.37294
267.0651
186.01285
184.43334
415.70945
88.167458
87.815652
150.02176
56.856034
56.715651
76.696699
43.587534
43.508907
52.476237
36.920353
36.866426
41.415345
33.431411
33.389704
35.778423
31.548225
31.512035
32.812457
30.483591
30.4505
31.188858
29.859065
29.828119
30.263829
29.467092
29.43849
29.715287
28.485314
28.459574
28.479877
28.49684
28.470409
28.459225
28.577063
28.550045
28.481857
28.783911
28.7566
28.586643
29.283413
29.256331
28.842086
30.608088
30.582577
29.475802
34.583575
34.569084
31.192264
50.757357
50.789476
36.636892
172.21489
171.78827
61.762329
366.75161
361.98766
265.49802
183.91278
182.36819
410.6787
87.699071
87.351335
148.60484
56.669094
56.530126
76.350236
43.48281
43.404845
52.318379
36.848493
36.794806
41.322078
33.375823
33.33425
35.711792
31.499996
31.46395
32.759359
30.439487
30.406497
31.142008
29.817816
29.786952
30.220578
29.428881
29.40032
29.674809
28.451004
28.425303
28.446971
28.461606
28.435225
28.424707
28.541047
28.514072
28.446462
28.747496
28.720197
28.550515
29.247303
29.220227
28.805684
30.574086
30.548612
29.439883
34.564214
34.549641
31.160055
50.799522
50.829399
36.626123
171.64443
171.20871
61.822234
360.4318
355.85746
263.96279
181.85911
180.34956
405.81363
87.236056
86.892153
147.21419
56.484015
56.346187
76.007334
43.37898
43.301736
52.161907
36.776957
36.723535
41.229601
33.320414
33.278965
35.645465
31.451956
31.416036
32.706424
30.395517
30.362623
31.095317
29.776679
29.745905
30.177448
29.390733
29.362228
29.63445
28.416746
28.391085
28.414156
28.426439
28.400101
28.390244
28.505087
28.478155
28.411127
28.711102
28.683821
28.514431
29.211205
29.184152
28.769298
30.540119
30.514721
29.404
34.544736
34.530008
31.127981
50.839134
50.866439
36.615028
171.06201
170.61465
61.876393
354.36277
349.96572
262.45813
179.85242
178.37911
401.12061
86.778137
86.438001
145.85217
56.300432
56.163753
75.667764
43.276115
43.199615
52.006979
36.70578
36.652658
41.137947
33.265168
33.223835
35.579482
31.404081
31.368266
32.653631
30.351675
30.318876
31.048762
29.735663
29.704983
30.13444
29.352666
29.324226
29.594213
28.382543
28.356931
28.381415
28.391333
28.36504
28.355841
28.469182
28.442286
28.375853
28.674729
28.647467
28.478387
29.17514
29.148122
28.73294
30.506257
30.480964
29.368158
34.525088
34.510295
31.09605
50.875475
50.900735
36.603491
170.46558
170.01552
61.924365
348.52815
344.29729
260.98479
177.89381
176.45629
396.59363
86.325249
85.988999
144.51731
56.118435
55.983258
75.331456
43.174244
43.098494
51.853718
36.635011
36.582226
41.047136
33.210076
33.16885
35.513886
31.356342
31.320614
32.600958
30.307958
30.27525
31.00232
29.694773
29.664191
30.091555
29.314693
29.286326
29.554104
28.348404
28.322845
28.348747
28.356284
28.330035
28.321498
28.433326
28.40647
28.340637
28.638382
28.611144
28.442388
29.139113
29.112134
28.696611
30.472539
30.447346
29.332397
34.505354
34.490426
31.064299
50.908675
50.931958
36.591651
169.86456
169.40602
61.966383
342.91361
338.84064
259.54314
175.98295
174.57967
392.21683
85.877587
85.545403
143.21087
55.938464
55.804811
74.998815
43.073371
42.998346
51.702152
36.564697
36.512282
40.957156
33.155126
33.114
35.448713
31.308716
31.273055
32.548386
30.264362
30.231741
30.955973
29.654013
29.62353
30.048793
29.276823
29.248534
29.514123
28.314334
28.288831
28.316148
28.321293
28.295087
28.28722
28.397523
28.370704
28.305478
28.602071
28.574853
28.406433
29.10314
29.076203
28.66032
30.438965
30.413911
29.296712
34.485479
34.470504
31.032737
50.939263
50.960681
36.579428
169.25018
168.78851
62.004202
337.50836
333.58575
258.13674
174.11736
172.74581
387.97592
85.435322
85.106913
141.93027
55.760503
55.628225
74.669662
42.973454
42.89909
51.552124
36.49488
36.442851
40.867959
33.100309
33.05928
35.383983
31.261177
31.225572
32.495903
30.220882
30.188348
30.909706
29.613386
29.583004
30.006156
29.239062
29.210853
29.474271
28.280338
28.254895
28.283616
28.286358
28.260194
28.253003
28.36177
28.334991
28.270376
28.565786
28.538604
28.370531
29.067234
29.040339
28.62407
30.405575
30.380629
29.261121
34.465532
34.45052
31.001318
50.967384
50.987096
36.566971
168.63548
168.17272
62.036623
332.30232
328.52254
256.7686
172.29373
170.95217
383.85817
84.998003
84.67282
140.67392
55.584335
55.453159
74.343442
42.874403
42.800602
51.403328
36.425578
36.373939
40.779465
33.045622
33.004695
35.319705
31.213712
31.178157
32.44351
30.177518
30.14507
30.863512
29.572894
29.542612
29.963647
29.201413
29.173283
29.434545
28.246421
28.221034
28.251149
28.251479
28.225356
28.218846
28.326072
28.299338
28.235332
28.529546
28.502401
28.334687
29.03138
29.004548
28.587865
30.372336
30.347517
29.225615
34.445455
34.430412
30.970015
50.993256
51.011017
36.554325
168.01975
167.55518
62.065069
327.2856
323.64217
255.44274
170.50968
169.19598
379.85233
84.564904
84.242507
139.44
55.409583
55.279203
74.019579
42.776082
42.702724
51.255407
36.356795
36.30554
40.691566
32.991073
32.950261
35.255883
31.166313
31.130809
32.39122
30.134269
30.101909
30.817395
29.532535
29.502353
29.921267
29.163874
29.135821
29.394945
28.212582
28.187253
28.218747
28.216655
28.190573
28.184748
28.290434
28.263748
28.200341
28.493357
28.466252
28.298909
28.995608
28.968823
28.551717
30.339263
30.314553
29.1902
34.42542
34.410279
30.938869
51.016712
51.033189
36.541526
167.40323
166.94322
62.089451
322.44974
318.93695
254.1637
168.76263
167.4753
375.9474
84.135465
83.815509
138.22717
55.23585
55.106048
73.697648
42.678336
42.605332
51.108086
36.288523
36.237654
40.604174
32.93668
32.896003
35.192529
31.118984
31.083539
32.339059
30.091137
30.058864
30.771361
29.492309
29.462223
29.879017
29.126443
29.098465
29.355467
28.178817
28.153541
28.186417
28.181888
28.155848
28.15071
28.25486
28.228224
28.16541
28.457227
28.430166
28.263197
28.959901
28.93317
28.515633
30.306331
30.281679
29.154856
34.405283
34.390133
30.907748
51.038494
51.05389
36.5285
166.79323
166.34045
62.111741
317.78717
314.39959
252.93715
167.05043
165.78811
372.13414
83.709233
83.391502
137.03517
55.062868
54.933555
73.377432
42.581049
42.508339
50.961241
36.220765
36.170284
40.517225
32.882471
32.841952
35.129648
31.071736
31.036364
32.28706
30.048122
30.015938
30.725426
29.452211
29.422217
29.836897
29.089115
29.061202
29.316106
28.145124
28.119897
28.154148
28.147175
28.121179
28.116726
28.219353
28.192773
28.130536
28.421154
28.394145
28.227564
28.924265
28.897573
28.479608
30.27348
30.248881
29.119581
34.385054
34.369908
30.876702
51.058863
51.072909
36.515387
166.19325
165.74656
62.130211
313.29069
310.02039
251.76357
165.37153
164.13486
368.41105
83.285963
82.970443
135.86225
54.890534
54.761704
73.058859
42.484149
42.411707
50.81487
36.153524
36.103424
40.430681
32.828476
32.788135
35.067237
31.024588
30.989303
32.235254
30.005225
29.973129
30.679605
29.412235
29.382327
29.794901
29.051879
29.024024
29.276856
28.111495
28.086592
28.122235
28.11252
28.086853
28.083088
28.183921
28.157681
28.096015
28.385151
28.358479
28.192288
28.888674
28.86227
28.443924
30.240669
30.216193
29.084561
34.364744
34.349066
30.845624
51.076734
51.085605
36.501118
165.59269
165.11089
62.137859
308.94246
305.74131
250.58229
163.73086
162.54688
364.88929
82.865636
82.553316
134.73583
54.718845
54.591187
72.742791
42.387602
42.315888
50.669621
36.086788
36.037437
40.344949
32.774722
32.734919
35.005645
30.977559
30.94269
32.184004
29.962446
29.93073
30.634223
29.372372
29.342818
29.753311
29.014729
28.98719
29.237972
109.13102
132.93086
87.777957
604.48365
407.61764
356.1437
61.11269
66.015994
72.494938
1134.6007
1819.7607
991.83999
104.39231
175.64767
126.41667
292.79095
233.47756
128.76176
74.99757
94.403302
101.1258
89.120014
125.99234
134.44363
444.439
452.973
280.60203
269.04231
427.07706
435.83228
409.17831
418.2218
264.7822
251.1893
391.04284
400.08444
373.0485
382.0021
246.57082
233.20166
355.59664
364.20515
338.90933
347.13421
228.89132
216.35168
322.95672
330.85252
307.73335
315.24268
212.30155
200.81869
293.28338
300.3929
279.72909
286.39161
197.2045
146.19111
250.82131
249.67144
942.9001
975.31165
599.19292
57.292638
64.277391
56.686384
92.987801
75.341861
63.714335
205.06378
166.01089
221.84584
186.96948
267.02338
273.24833
255.22291
261.01419
183.7597
578.1527
388.48939
377.7259
174.69737
244.29009
249.6322
234.1906
239.11769
171.9005
509.85771
348.15794
339.14789
164.04614
225.01038
229.4978
216.68461
220.74714
161.64939
454.14175
314.94446
307.721
166.02618
282.28025
223.28112
60.370991
49.342896
47.322751
54.730508
51.815668
69.306351
49.127025
47.35059
52.106168
67.232374
81.199212
77.806369
86.509453
83.828966
69.449191
164.95541
110.40606
113.49484
74.353863
91.162172
88.906371
94.589574
93.039524
75.704151
181.17941
122.03548
123.94052
84.647098
65.790544
65.174154
66.947779
66.393659
85.913163
47.193268
54.211559
54.560172
88.953632
67.908749
67.451493
68.773348
68.3266
89.719172
47.970111
55.466596
55.739826
92.709368
69.729925
69.237093
70.500733
70.147077
93.699921
48.573837
56.526846
56.738941
95.181034
70.966873
70.780397
71.197189
71.113208
95.416196
48.934443
57.156652
57.206944
95.550171
71.26704
71.246535
71.185565
71.244343
95.452426
49.010662
57.27963
57.271013
94.725317
70.99459
71.093742
70.832139
70.902504
94.483724
48.978276
57.17476
57.146861
94.097031
70.72879
70.776429
70.603776
70.674072
93.979846
48.92523
57.079729
57.051359
93.328867
70.400412
70.509982
70.173264
70.285105
93.047735
48.844723
56.926637
56.879412
155.0436
209.16368
212.79834
202.4633
205.72744
153.04684
409.73229
288.48258
282.69798
756.01604
698.27585
4534.7372
146.55776
254.19595
260.10768
555.36604
886.36304
913.46467
839.00334
861.54359
542.89159
3977.894
1665.9947
1603.3324
360.9708
312.17789
347.5545
624.25315
674.67187
827.02437
1023.1451
1151.9103
1544.1125
560.64907
429.84587
318.36046
60.891633
70.01442
66.700339
75.375945
72.945834
63.016066
130.62192
91.497941
96.578082
79.07154
63.021179
62.206164
64.504492
63.778028
80.58805
46.143779
52.547066
52.998119
78.959028
96.944101
95.868742
98.592218
97.792552
79.765382
186.5186
127.4903
128.28566
81.682524
99.792464
99.240326
100.54964
100.22608
82.169508
186.03636
129.60149
129.6846
92.328376
69.956997
70.066114
69.731404
69.84327
92.059964
48.740469
56.734746
56.683513
91.321674
69.52164
69.623484
69.32417
69.421918
91.089683
48.635982
56.544953
56.49946
90.4439
69.147711
69.232725
68.998867
69.068561
90.250791
48.549331
56.387054
56.354656
147.71492
196.48459
199.3702
200.82163
194.01015
146.25076
396.9468
267.9783
278.33955
719.38557
613.78199
885.91011
72.525303
59.520991
58.543206
61.357771
60.454954
74.205721
44.776155
50.443136
51.008428
83.181915
100.82855
100.73901
100.73333
100.81553
83.376084
181.63884
129.14928
128.78072
90.020384
69.011874
68.943753
73.136913
73.126527
98.096498
49.945677
58.711115
58.720854
31.652581
31.633876
31.636931
31.648775
31.631827
31.630078
31.612993
31.594761
31.596196
31.612278
31.603061
31.603756
31.600733
31.591229
31.591182
31.591046
31.581323
31.582509
31.582847
31.572967
31.575086
31.575566
31.565561
31.56878
31.568804
31.558511
31.562743
31.562108
31.55161
31.556451
31.554889
31.544245
31.549701
31.549132
31.538284
31.544255
31.544721
31.533638
31.538457
31.542125
31.530761
31.532143
31.541245
31.529633
31.531576
31.543072
31.531561
31.532427
31.545498
31.534022
31.535832
31.549968
31.538758
31.544597
31.556031
31.545108
31.555417
31.564067
31.554084
31.566254
31.573325
31.56399
31.574126
31.585417
31.576601
31.581932
31.604541
31.596236
31.595638
31.610385
31.595544
31.599411
31.574147
31.556197
31.557082
31.575009
31.56589
31.566418
31.563073
31.553765
31.553148
31.552716
31.543277
31.544058
31.543963
31.534318
31.53627
31.536172
31.526696
31.529554
31.528945
31.519516
31.523143
31.522054
31.512628
31.51657
31.514262
31.504767
31.50975
31.507805
31.498232
31.503655
31.502353
31.492482
31.496997
31.498052
31.487626
31.489264
31.49575
31.484799
31.487961
31.497796
31.486859
31.488224
31.500346
31.489452
31.490727
31.506882
31.496611
31.500987
31.51544
31.506123
31.513426
31.526188
31.517686
31.526239
31.537981
31.529848
31.536749
31.552395
31.54474
31.5468
31.572887
31.565425
31.561169
31.575063
31.562187
31.570499
31.536024
31.518695
31.519536
31.537893
31.528911
31.529434
31.525706
31.516356
31.516006
31.514922
31.505763
31.506347
31.506537
31.497493
31.49869
31.499215
31.490329
31.492278
31.492349
31.483675
31.485871
31.485573
31.47699
31.47933
31.477714
31.46924
31.472414
31.470969
31.462442
31.465472
31.464469
31.455635
31.457685
31.457767
31.448387
31.44916
31.453324
31.443452
31.447512
31.455428
31.445493
31.447411
31.458086
31.448167
31.449906
31.467077
31.457795
31.461091
31.479241
31.470672
31.475035
31.493458
31.485745
31.489401
31.507225
31.500085
31.502
31.522829
31.515927
31.514124
31.54422
31.537397
31.530196
31.54271
31.531676
31.544165
31.498962
31.482012
31.483146
31.501327
31.4925
31.492681
31.489024
31.479984
31.479648
31.478687
31.469787
31.470162
31.471016
31.46243
31.463164
31.464665
31.456489
31.457434
31.458848
31.450998
31.451586
31.452662
31.445103
31.445798
31.445409
31.438093
31.439267
31.438633
31.431429
31.43146
31.431177
31.423712
31.42285
31.422241
31.414394
31.413731
31.416037
31.407794
31.412265
31.417832
31.409429
31.411758
31.420402
31.412001
31.414883
31.431726
31.423827
31.427083
31.446948
31.439734
31.442471
31.464047
31.457402
31.458129
31.47979
31.473503
31.472505
31.496309
31.49022
31.486251
31.518217
31.512224
31.503275
31.513831
31.504791
31.520879
31.462473
31.445566
31.446785
31.465027
31.456272
31.456003
31.453171
31.444328
31.444033
31.443689
31.435171
31.435335
31.437518
31.429512
31.429619
31.433045
31.425574
31.425124
31.428884
31.421959
31.421065
31.424317
31.418195
31.417082
31.418456
31.412845
31.412254
31.412197
31.406911
31.404298
31.40458
31.399237
31.395388
31.393887
31.388421
31.385959
31.386438
31.380609
31.385146
31.387486
31.38135
31.383624
31.389826
31.383746
31.38827
31.40289
31.397033
31.401448
31.420684
31.415275
31.417564
31.439705
31.434633
31.434017
31.456296
31.451243
31.44944
31.473549
31.468567
31.463556
31.495613
31.490509
31.480661
31.48908
31.481106
31.500653
31.426223
31.409373
31.411276
31.428779
31.420036
31.419279
31.417976
31.409267
31.408997
31.410118
31.401929
31.401718
31.406339
31.398867
31.397855
31.404283
31.397662
31.396241
31.402901
31.397161
31.395517
31.401762
31.39705
31.394866
31.399322
31.396119
31.392892
31.394702
31.392409
31.387405
31.388474
31.386463
31.379404
31.376756
31.375112
31.370566
31.368664
31.366758
31.371091
31.367818
31.364451
31.367642
31.36997
31.367474
31.37403
31.383756
31.380842
31.387216
31.402723
31.399838
31.402766
31.422323
31.419341
31.418612
31.438735
31.435473
31.433063
31.455496
31.451724
31.446857
31.476741
31.47263
31.462845
31.467645
31.461558
31.483168
31.390038
31.373033
31.37473
31.392277
31.383341
31.382211
31.383294
31.374698
31.374369
31.377825
31.369921
31.369114
31.37698
31.369888
31.368662
31.378715
31.372797
31.3713
31.38214
31.377854
31.375442
31.385889
31.383103
31.381109
31.390377
31.390405
31.385023
31.391081
31.393365
31.385549
31.389208
31.392592
31.381486
31.378054
31.382794
31.375672
31.369951
31.374664
31.378796
31.357383
31.35706
31.366071
31.366459
31.369527
31.379051
31.378735
31.38008
31.38935
31.396253
31.396938
31.40144
31.41406
31.413771
31.414043
31.428637
31.427394
31.424901
31.442966
31.440866
31.436398
31.461981
31.458922
31.450197
31.45085
31.445483
31.468639
31.353769
31.336421
31.337685
31.355244
31.346259
31.345073
31.348942
31.340315
31.33971
31.346437
31.338733
31.337622
31.349245
31.342635
31.341757
31.356784
31.351998
31.350141
31.367806
31.365307
31.361697
31.379443
31.379742
31.378334
31.396482
31.401596
31.391429
31.408976
31.418342
31.406127
31.417478
31.429926
31.412975
31.410676
31.425262
31.409386
31.401471
31.419576
31.426653
31.365895
31.375944
31.39708
31.388896
31.400132
31.41439
31.394405
31.402184
31.415332
31.405654
31.411349
31.418431
31.417543
31.420718
31.423144
31.427189
31.428325
31.426711
31.437391
31.437009
31.432763
31.451548
31.449729
31.44279
31.43717
31.433266
31.457702
31.316843
31.29891
31.299208
31.317934
31.308785
31.307667
31.314351
31.305769
31.304696
31.3156
31.307941
31.307109
31.323652
31.317583
31.316537
31.339124
31.335387
31.33245
31.360861
31.360373
31.354943
31.387678
31.391965
31.387417
31.422836
31.434565
31.420517
31.460981
31.481285
31.460358
31.492429
31.520774
31.494234
31.482043
31.503653
31.48579
31.504331
31.533047
31.537267
31.429568
31.45371
31.428688
31.452744
31.476493
31.498395
31.440175
31.458055
31.476496
31.436711
31.449078
31.460306
31.436109
31.443591
31.449453
31.436301
31.440301
31.440391
31.438004
31.439258
31.437593
31.446366
31.445795
31.440308
31.42769
31.424741
31.449496
31.279041
31.260471
31.259976
31.280014
31.270656
31.269565
31.279841
31.271136
31.269693
31.284996
31.277418
31.277015
31.299965
31.294308
31.292557
31.325598
31.322909
31.318275
31.362619
31.364442
31.355975
31.413265
31.422387
31.411402
31.479571
31.503182
31.481805
31.567032
31.604448
31.569852
31.650199
31.707285
31.662402
31.586194
31.623849
31.639898
31.710361
31.764976
31.72297
31.513631
31.566729
31.498111
31.582345
31.629213
31.662711
31.530578
31.563444
31.590872
31.496956
31.517895
31.536197
31.473608
31.485986
31.497731
31.456902
31.463825
31.469276
31.446202
31.449613
31.451002
31.446169
31.447019
31.442858
31.4199
31.417001
31.443566
31.240143
31.220819
31.218617
31.241295
31.231655
31.230529
31.244768
31.235853
31.234061
31.25472
31.247129
31.246598
31.277755
31.272415
31.269415
31.316184
31.314528
31.307351
31.374385
31.378849
31.365497
31.460514
31.475777
31.454384
31.58675
31.625911
31.583635
31.759512
31.823238
31.76761
31.959515
32.069571
31.986585
31.771949
31.860408
32.004268
31.997813
32.087063
32.024651
31.703827
31.824594
31.763728
31.820018
31.909044
31.967308
31.687931
31.742016
31.787971
31.596265
31.627921
31.659373
31.53448
31.553561
31.573386
31.490947
31.501685
31.51488
31.46308
31.468447
31.474002
31.450862
31.452304
31.45098
31.413992
31.412784
31.439684
31.200027
31.179935
31.176429
31.201506
31.191544
31.190403
31.208372
31.199022
31.197139
31.224111
31.216221
31.215197
31.256542
31.251343
31.24656
31.310586
31.309928
31.299226
31.397018
31.404395
31.383802
31.535168
31.557645
31.520418
31.758779
31.820001
31.743727
32.094807
32.210966
32.105838
32.547926
32.76039
32.607322
32.177925
32.422594
32.852318
32.778145
32.942314
32.836114
32.178224
32.428009
32.464496
32.239054
32.397162
32.507125
31.943808
32.028918
32.113322
31.746068
31.79229
31.847088
31.623141
31.650017
31.683385
31.538988
31.553515
31.578267
31.487005
31.494317
31.506678
31.457943
31.460343
31.464654
31.408439
31.405484
31.436926
31.158529
31.137598
31.132645
31.160542
31.150234
31.149094
31.170906
31.161341
31.159207
31.192459
31.184483
31.182825
31.235245
31.229984
31.222985
31.308092
31.308087
31.292736
31.430996
31.441194
31.410277
31.643079
31.674032
31.613418
32.021386
32.112749
31.980665
32.677365
32.868593
32.640129
33.696263
34.111755
33.717044
33.388584
34.371634
34.960809
33.921072
34.176514
34.566503
33.294486
33.794395
33.835438
32.964165
33.211929
33.436091
32.342069
32.468604
32.627568
31.967372
32.034181
32.118777
31.739853
31.7744
31.834612
31.604325
31.623715
31.661916
31.519817
31.529438
31.550225
31.469208
31.472459
31.483012
31.40281
31.402099
31.435453
31.115635
31.093905
31.088318
31.118304
31.107635
31.106493
31.132189
31.12227
31.119915
31.160058
31.151734
31.149102
31.213744
31.208296
31.19873
31.307523
31.308142
31.287113
31.47463
31.488771
31.443617
31.788815
31.827318
31.733735
32.404431
32.532049
32.310676
33.62175
33.924112
33.480012
35.850286
36.576342
35.81085
37.171688
39.132218
39.571136
35.961384
36.672083
38.496294
35.569379
36.406572
36.452768
34.16541
34.551619
35.019592
32.945385
33.136621
33.410921
32.26081
32.348332
32.509297
31.89697
31.942458
32.034271
31.688739
31.712503
31.768272
31.56112
31.572418
31.603329
31.483826
31.487849
31.505926
31.397486
31.393583
31.433366
31.071282
31.048734
31.042515
31.074638
31.063523
31.062483
31.09196
31.081587
31.078811
31.126206
31.117297
31.113438
31.190869
31.185502
31.172859
31.308566
31.307651
31.282294
31.520703
31.527448
31.475156
31.967507
31.988207
31.879712
32.930242
33.093561
32.667969
35.124782
35.601162
34.745235
38.993681
40.303355
39.847753
46.85751
51.419427
49.332171
42.51194
45.761346
45.396487
39.679796
41.066886
41.854227
36.084127
36.730543
37.717296
33.796014
34.052403
34.553187
32.652987
32.766874
33.031074
32.094567
32.150334
32.282942
31.789646
31.817379
31.895399
31.609062
31.621727
31.665253
31.500938
31.505434
31.53195
31.389858
31.38781
31.43168
31.02568
31.002583
30.996211
31.029639
31.018299
31.01726
31.050141
31.03955
31.036114
31.090297
31.080243
31.075778
31.1654
31.159729
31.145922
31.305911
31.313793
31.282909
31.570642
31.578968
31.512403
32.047612
32.141907
32.013234
33.592083
33.817671
33.034768
36.867003
37.118977
36.09789
46.754198
49.105399
52.391819
39.046035
39.951259
41.873126
34.931883
35.266233
36.092545
33.14957
33.291481
33.677699
32.329442
32.394317
32.578904
31.905715
31.936895
32.041884
31.662453
31.676226
31.734439
31.519458
31.524086
31.55982
31.382678
31.377319
31.428085
30.979011
30.955322
30.948901
30.983628
30.971903
30.970926
31.007042
30.996055
30.991852
31.052702
31.042726
31.034628
31.140622
31.133178
31.11476
31.310309
31.308584
31.268435
31.609711
31.626577
31.543452
32.310377
32.37561
32.188716
34.366275
34.56228
33.56577
39.624002
40.441603
38.322548
59.095145
63.491123
76.338373
43.104025
44.261602
47.603571
36.360473
36.743295
38.017823
33.739481
33.905498
34.4387
32.59678
32.667083
32.915066
32.034398
32.068177
32.203936
31.719566
31.734149
31.808831
31.538082
31.542528
31.588234
31.370963
31.366328
31.423255
30.931398
30.907376
30.901299
30.936523
30.924631
30.923646
30.96229
30.950674
30.945925
31.012167
31.002031
30.993217
31.112077
31.103447
31.083881
31.301743
31.29924
31.24901
31.670617
31.683778
31.580437
32.564141
32.623132
32.364306
35.142555
35.332169
34.136894
43.046742
43.913392
40.542054
47.893768
49.094926
54.197267
37.995471
38.40132
40.14835
34.39764
34.569886
35.271101
32.886579
32.959837
33.28122
32.170844
32.205789
32.375235
31.778331
31.792992
31.885845
31.556031
31.560016
31.616097
31.358668
31.351825
31.415083
30.883151
30.858795
30.853257
30.888907
30.876809
30.875834
30.916462
30.904711
30.899329
30.970866
30.960208
30.950286
31.078506
31.070033
31.045354
31.288594
31.284218
31.22689
31.721625
31.732807
31.60412
32.787962
32.838335
32.512115
35.868001
36.034108
34.655523
46.376327
47.138828
42.602478
52.74944
53.683428
60.344946
39.663235
40.081276
42.304075
35.07778
35.250135
36.12587
33.188725
33.261015
33.659745
32.310873
32.344264
32.549823
31.836588
31.850961
31.962438
31.571883
31.575305
31.641991
31.342315
31.333963
31.404394
30.834452
30.810002
30.805354
30.84057
30.828488
30.827365
30.869331
30.85772
30.851577
30.927168
30.916145
30.905726
31.043034
31.033695
31.005483
31.27014
31.265246
31.201466
31.75908
31.765334
31.617296
32.975583
33.015769
32.627634
36.486276
36.62179
35.092732
57.020416
57.759246
65.299706
41.268006
41.659898
44.138604
35.725581
35.856713
36.901539
33.481488
33.557749
34.031588
32.448736
32.477237
32.721047
31.891267
31.906745
32.034733
31.585123
31.587391
31.664579
31.323378
31.313176
31.391332
30.785589
30.761183
30.757683
30.79208
30.779989
30.779011
30.82231
30.810445
30.803821
30.883017
30.871961
30.860372
31.004922
30.995153
30.964307
31.248531
31.242174
31.172787
31.777358
31.779427
31.616423
33.118751
33.146817
32.713735
36.97878
37.082216
35.44389
59.767749
60.335331
68.549502
42.704433
42.93275
45.760873
36.300774
36.449889
37.721383
33.766379
33.876457
34.39689
32.541834
32.596003
32.915674
31.940309
31.948584
32.110737
31.594783
31.596691
31.684029
31.30091
31.291661
31.364557
30.736792
30.712578
30.710294
30.743605
30.731554
30.730485
30.774734
30.76279
30.75557
30.838536
30.827308
30.814147
30.965132
30.954877
30.921903
31.220647
31.212763
31.139223
31.781155
31.780445
31.603703
33.213317
33.229956
32.769302
37.350274
37.426982
35.713692
61.658773
62.019518
70.885162
43.703804
43.933403
46.88035
36.891871
37.009528
38.289159
34.056665
34.114229
34.694455
32.686306
32.717213
33.046044
31.99163
31.998093
32.17222
31.603741
31.605604
31.707685
31.278395
31.263328
31.349259
30.688528
30.664342
30.663291
30.695432
30.683463
30.682371
30.726998
30.715097
30.707523
30.793423
30.782056
30.767231
30.9235
30.912869
30.878098
31.187609
31.178812
31.101778
31.77477
31.771679
31.583053
33.266125
33.274006
32.796475
37.622586
37.678209
35.911155
62.924114
63.163087
72.26975
44.50541
44.669429
47.750273
37.323269
37.418652
38.772804
34.274591
34.324744
34.960047
32.784058
32.809741
33.163213
32.03335
32.038367
32.218482
31.599126
31.596195
31.713599
31.252428
31.241846
31.330712
30.640168
30.616251
30.617047
30.647512
30.635552
30.634306
30.679497
30.667654
30.659742
30.747788
30.736304
30.720134
30.880642
30.869802
30.833283
31.151484
31.142083
31.0618
31.759013
31.753676
31.557097
33.286989
33.288422
32.799755
37.818666
37.857723
36.048598
128.3132
127.77082
176.82572
63.705426
63.839986
72.808427
45.132037
45.274908
48.388877
37.692913
37.779766
39.162455
34.455498
34.496132
35.190385
32.876871
32.897138
33.256453
32.055174
32.0614
32.254245
31.599505
31.598186
31.712669
31.226281
31.211525
31.300236
30.592527
30.568934
30.571873
30.600003
30.588238
30.586736
30.6322
30.620408
30.612229
30.701786
30.690275
30.673009
30.837036
30.82603
30.78807
31.113071
31.103143
31.020044
31.734759
31.727587
31.526355
33.283714
33.280108
32.783098
37.949862
37.972433
36.132818
125.56881
124.68692
168.88128
64.124891
64.185432
72.746895
45.636642
45.733104
48.822767
38.010796
38.076974
39.486178
34.609474
34.642975
35.378451
32.954485
32.971795
33.335452
32.078046
32.082709
32.280863
31.592701
31.590795
31.705565
31.192138
31.176512
31.272086
30.545534
30.522097
30.527235
30.553188
30.541574
30.539561
30.58516
30.57345
30.565072
30.655747
30.644228
30.626032
30.792779
30.781608
30.742618
31.072637
31.062222
30.976962
31.70394
31.695437
31.491472
33.262771
33.255666
32.751303
38.012066
38.021205
36.155474
121.75997
120.78694
160.66659
64.265279
64.260459
72.348774
45.957849
46.013792
49.095738
38.245213
38.291545
39.733268
34.729981
34.755544
35.511337
33.016631
33.029113
33.398814
32.094036
32.09698
32.304624
31.582144
31.578463
31.698464
31.154274
31.137436
31.242432
30.498867
30.475655
30.483268
30.506876
30.495366
30.493018
30.538518
30.526924
30.518285
30.60971
30.598206
30.579285
30.747952
30.736684
30.696943
31.030397
31.019591
30.93292
31.668642
31.659273
31.453258
33.227776
33.218203
32.709042
38.015093
38.011071
36.154848
117.83955
116.84347
152.8566
64.167214
64.107396
71.783091
46.142141
46.172107
49.23712
38.409087
38.443212
39.887875
34.822974
34.842766
35.602296
33.059242
33.067293
33.442458
32.103113
32.104352
32.322144
31.565237
31.560571
31.687279
31.116265
31.099997
31.213782
30.452505
30.429491
30.439696
30.460883
30.449443
30.446868
30.492223
30.480699
30.471791
30.563662
30.552163
30.532685
30.702716
30.691364
30.651053
30.986636
30.975489
30.888106
31.630134
31.619919
31.412034
33.189441
33.179729
32.66243
37.99459
37.987163
36.134181
113.87443
112.88491
145.43375
63.869953
63.774466
71.090986
46.231988
46.243222
49.261574
38.532602
38.559025
39.982914
34.893454
34.907434
35.664546
33.087111
33.092505
33.470417
32.105275
32.104585
32.329807
31.545842
31.540872
31.672709
31.081818
31.065989
31.184684
30.406636
30.383986
30.395637
30.41524
30.403886
30.401225
30.44622
30.43475
30.425623
30.517682
30.506189
30.486287
30.657201
30.645769
30.605047
30.941804
30.930401
30.842773
31.588742
31.578068
31.368317
33.150282
33.140403
32.616474
37.960808
37.951017
36.103397
109.9919
109.06875
138.44379
63.452786
63.338384
70.359903
46.249392
46.244807
49.187505
38.62197
38.637691
40.040078
34.941809
34.950852
35.704616
33.106253
33.109903
33.490093
32.100152
32.097961
32.327767
31.525063
31.519563
31.654445
31.048081
31.031994
31.154633
30.361548
30.339234
30.353697
30.369974
30.358713
30.356098
30.400419
30.389018
30.379713
30.471729
30.460259
30.440045
30.611376
30.599896
30.558893
30.895967
30.88443
30.797138
31.545327
31.534213
31.322878
33.111129
33.101523
32.572296
37.919991
37.90928
36.067636
106.41549
105.56697
131.91944
62.965788
62.82674
69.635993
46.212783
46.19611
49.048009
38.667637
38.672614
40.058598
34.972357
34.977634
35.724853
33.118373
33.120248
33.503275
32.090148
32.087216
32.319666
31.502032
31.496029
31.632868
31.013191
30.996809
31.123903
30.316922
30.294722
30.310985
30.324989
30.313779
30.311317
30.354888
30.343534
30.334087
30.425877
30.414421
30.393986
30.565404
30.553894
30.512709
30.849596
30.837939
30.750953
31.500458
31.489118
31.276387
33.073296
33.064062
32.530776
37.876127
37.865215
36.029709
103.1378
102.36961
126.06482
62.417401
62.276197
68.864831
46.128107
46.100158
48.873415
38.675775
38.673174
40.038352
34.98906
34.991402
35.728802
33.122509
33.12219
33.507769
32.077459
32.073742
32.307545
31.477022
31.470594
31.608944
30.977443
30.961
31.092962
30.272556
30.250637
30.269106
30.280215
30.269055
30.26683
30.309531
30.298221
30.288711
30.380054
30.368611
30.348046
30.51933
30.507807
30.46646
30.803031
30.791393
30.704741
31.455012
31.443686
31.229693
33.036812
33.027922
32.491786
37.832936
37.822776
35.993129
100.17732
99.490205
121.00269
61.84375
61.692261
68.06206
46.01087
45.978751
48.677725
38.655787
38.647575
39.991201
34.993515
34.992883
35.717092
33.117684
33.115198
33.502912
32.061595
32.057173
32.291295
31.450308
31.443387
31.583246
30.941497
30.925193
31.061946
30.228403
30.206299
30.227655
30.235451
30.224156
30.222186
30.264195
30.252823
30.243267
30.334185
30.322735
30.302048
30.47325
30.461934
30.420271
30.756661
30.74572
30.658988
31.41002
31.400956
31.18546
33.001547
32.998971
32.459117
37.795295
37.807748
35.977626
97.5403
96.934557
116.67388
61.237275
61.078072
67.234206
45.873208
45.835574
48.461658
38.617141
38.605161
39.924653
34.987177
34.983959
35.692632
33.105308
33.101297
33.490718
32.042819
32.037672
32.271307
31.421889
31.414658
31.555925
30.90578
30.889658
31.030706
30.184569
30.162873
30.187028
30.192084
30.181037
30.17868
30.221494
30.210313
30.200325
30.292566
30.281215
30.259813
30.435016
30.423613
30.38033
30.726289
30.714888
30.625144
31.406225
31.395121
31.170128
33.077719
33.068728
32.501351
38.151274
38.146297
36.232991
58.703778
58.703004
49.934197
273.50782
268.88702
379.99697
97.305214
96.726973
116.59681
60.890183
60.91257
67.011546
45.714078
45.737898
48.352122
38.563741
38.548619
39.849573
34.97076
34.96526
35.658055
33.087447
33.082321
33.472142
32.02113
32.015261
32.247947
31.392425
31.385006
31.527177
30.8704
30.854386
30.99838
30.141681
30.12042
30.147293
30.148036
30.137051
30.134567
30.176894
30.165801
30.15588
30.24728
30.236015
30.21464
30.389561
30.378266
30.334733
30.681052
30.669898
30.579877
31.362734
31.352295
31.126473
33.043499
33.036011
32.464518
38.148486
38.152259
36.221233
58.850098
58.943716
50.066441
267.6417
276.57461
150.10403
1546.3022
1494.1518
3170.7098
256.66416
253.13132
354.07198
95.078608
94.566013
113.10649
60.407203
60.243183
66.137955
45.564423
45.504919
48.065142
38.493065
38.468775
39.753444
34.946053
34.935827
35.612964
33.065387
33.05782
33.446105
31.996459
31.989965
32.220514
31.362421
31.354882
31.497384
30.835112
30.819185
30.964578
30.099121
30.077927
30.108096
30.103438
30.092564
30.091609
30.132658
30.121667
30.111848
30.202376
30.191221
30.169888
30.344587
30.333429
30.289601
30.636861
30.625989
30.535353
31.321736
31.311807
31.084678
33.014194
33.007047
32.429843
38.171751
38.181101
36.230677
59.321803
59.47099
50.33851
308.29447
319.82252
157.97872
1360.9326
1322.6891
2520.9004
243.51791
240.64351
333.9638
93.134581
92.687492
110.157
59.765112
59.610699
65.318424
45.324211
45.263628
47.779865
38.393164
38.367186
39.635455
34.901903
34.8896
35.551395
33.033511
33.024882
33.408842
31.96726
31.959365
32.187279
31.330431
31.322234
31.464362
30.800215
30.784578
30.930548
30.056744
30.035681
30.069262
30.060653
30.049913
30.048815
30.088849
30.07797
30.068332
30.15794
30.146913
30.125632
30.300183
30.289178
30.245006
30.593763
30.583161
30.491642
31.282475
31.272837
31.044497
32.986067
32.979173
32.395123
38.213548
38.225862
36.250731
59.957667
60.130863
50.682016
354.45882
365.76125
168.51928
1221.9536
1192.2707
2105.4842
232.80183
230.42577
317.62372
91.421335
91.026946
107.63562
59.164757
59.02083
64.560377
45.082949
45.023255
47.505318
38.288158
38.261524
39.514471
34.850279
34.836468
35.485864
32.997396
32.987739
33.367177
31.934791
31.926326
32.15152
31.297255
31.288907
31.430274
30.765519
30.749881
30.896461
30.014659
29.993808
30.030741
30.018032
30.007461
30.006516
30.045509
30.034769
30.025207
30.114031
30.103141
30.081907
30.256387
30.245537
30.201012
30.551721
30.541363
30.448774
31.244293
31.234894
31.00542
32.958979
32.952474
32.360751
38.266458
38.280928
36.276455
60.667449
60.85171
51.063491
397.56214
407.39564
180.69263
1112.5926
1088.7363
1815.0846
223.90566
221.90371
303.98961
89.903704
89.569153
105.49132
58.604447
58.470892
63.865334
44.847879
44.790708
47.24508
38.181292
38.154487
39.393381
34.79355
34.778711
35.417989
32.957475
32.946991
33.321927
31.900153
31.891207
32.113594
31.263517
31.255004
31.39527
30.7303
30.714286
30.861594
29.973031
29.952469
29.992459
29.97597
29.965554
29.965002
30.002523
29.990165
29.981401
30.070677
30.059928
30.03872
30.213221
30.202532
30.157654
30.510627
30.50048
30.406646
31.206843
31.197539
30.967091
32.933914
32.928009
32.327617
38.326265
38.341844
36.30614
61.411664
61.600329
51.459664
434.49071
442.68055
193.60308
1023.8248
1004.1228
1599.8892
216.33339
214.60298
292.32247
88.59115
88.293
103.64606
58.086563
57.963644
63.229453
44.623359
44.568986
46.997924
38.074003
38.047224
39.273019
34.733053
34.717493
35.348605
32.914455
32.903305
33.273747
31.863713
31.854347
32.073908
31.22912
31.220428
31.359379
30.694655
30.678647
30.827099
29.932005
29.91187
29.954437
29.934484
29.92422
29.924374
29.958846
29.948315
29.939547
30.02789
30.017282
29.996072
30.170706
30.160177
30.11496
30.470326
30.460363
30.365208
31.169611
31.160307
30.929104
32.911102
32.905711
32.295741
38.389443
38.405585
36.338564
62.172692
62.365068
51.865393
464.75678
471.3228
206.56956
949.90376
933.28517
1433.5454
209.73288
208.20624
282.09761
87.419202
87.141171
102.00964
57.607452
57.493448
62.640813
44.410218
44.358752
46.762983
37.966942
37.94024
39.153791
34.669914
34.653837
35.278114
32.869024
32.857352
33.22331
31.825658
31.815915
32.032729
31.193994
31.185106
31.32263
30.65903
30.643042
30.79299
29.891784
29.872132
29.91666
29.893517
29.883351
29.884538
29.917075
29.906706
29.897929
29.985661
29.97516
29.95123
30.128834
30.118464
30.072925
30.4307
30.420885
30.324428
31.132348
31.123002
30.891236
32.890041
32.884997
32.265026
38.454783
38.471385
36.372508
62.949142
63.144944
52.277525
488.75333
493.85108
219.11623
887.20091
872.97086
1301.6793
203.88223
202.51934
273.02174
86.34252
86.086359
100.52831
57.163839
57.05723
62.095847
44.208124
44.159269
46.538488
37.860604
37.834205
39.035601
34.605006
34.588555
35.206732
32.82172
32.809668
33.171217
31.786171
31.776103
31.990313
31.158101
31.149023
31.28512
30.623463
30.607475
30.759177
29.852446
29.83325
29.87924
29.852908
29.842815
29.845404
29.875733
29.865438
29.856755
29.943933
29.93359
29.910615
30.087576
30.077352
30.031512
30.391633
30.381938
30.284283
31.094941
31.085577
30.853357
32.870303
32.865599
32.235681
38.521477
38.538198
36.406859
63.735781
63.933658
52.692888
507.14157
510.95096
230.91981
833.23651
820.89247
1195.5233
198.63217
197.40056
264.87257
85.345122
85.106624
99.164926
56.749422
56.650313
61.584514
44.016297
43.969759
46.323232
37.755517
37.729445
38.918759
34.538792
34.522092
35.134582
32.773083
32.76077
33.118049
31.74547
31.735134
31.946907
31.121494
31.112254
31.247
30.587967
30.571984
30.725506
29.813946
29.795121
29.842219
29.812548
29.802519
29.806739
29.834654
29.825595
29.815956
29.902747
29.892529
29.869644
30.04688
30.036787
29.990668
30.353
30.343392
30.244672
31.057447
31.048069
30.815375
32.851967
32.847596
32.208007
38.588163
38.604707
36.440791
64.529238
64.728256
53.108594
520.65853
523.37299
241.78609
786.23692
775.41738
1109.0598
193.87367
192.75005
257.49287
84.415979
84.193144
97.899829
56.360374
56.267229
61.110185
43.833243
43.788686
46.115826
37.65176
37.626025
38.803403
34.471783
34.454964
35.062063
32.723525
32.711023
33.064187
31.703781
31.693233
31.902751
31.084288
31.074916
31.2084
30.552603
30.536585
30.691668
29.776131
29.757574
29.805664
29.772432
29.762485
29.768207
29.795268
29.785214
29.775539
29.862062
29.851967
29.829169
30.006692
29.996718
29.950337
30.314659
30.305102
30.205468
31.019925
31.010556
30.777244
32.834858
32.830735
32.181796
38.653919
38.670141
36.474004
65.325948
65.525259
53.522487
530.05905
531.85588
251.60904
744.91944
735.35596
1038.0329
189.52251
188.49162
250.75783
83.546476
83.337488
96.720466
55.995463
55.906199
60.66927
43.657602
43.614715
45.915008
37.549322
37.523911
38.689636
34.404463
34.387628
34.989553
32.673278
32.660627
33.00986
31.661324
31.650617
31.858051
31.046609
31.037134
31.169404
30.517339
30.501289
30.65745
29.738811
29.720412
29.769585
29.732629
29.722776
29.729638
29.75596
29.745992
29.736433
29.821852
29.811867
29.789144
29.966961
29.957094
29.910465
30.276479
30.266947
30.166557
30.982473
30.97314
30.739004
32.818577
32.814592
32.156611
38.718058
38.733792
36.506368
66.122554
66.321276
53.933092
536.04811
537.09843
260.35599
708.28405
699.7575
978.82684
185.52325
184.57254
244.57074
82.729971
82.533801
95.618833
55.646818
55.563231
60.250748
43.48847
43.447118
45.720282
37.448163
37.423071
38.577479
34.337173
34.320378
34.91725
32.622489
32.609725
32.955268
31.618307
31.607489
31.812972
31.008543
30.998977
31.130059
30.482156
30.466045
30.62279
29.701801
29.683493
29.733979
29.693205
29.68347
29.691025
29.716379
29.706559
29.6977
29.782068
29.772183
29.74954
29.927633
29.917855
29.870993
30.238374
30.228854
30.127857
30.945208
30.935942
30.700763
32.802723
32.798795
32.132099
38.78029
38.795542
36.537527
66.915471
67.112719
54.339092
539.24826
539.67706
268.03078
675.52352
667.86228
927.43214
181.82628
180.94389
238.84535
81.963477
81.779253
94.588883
55.318042
55.237868
59.858872
43.325054
43.284965
45.531059
37.348298
37.323546
38.46697
34.27008
34.253347
34.845209
32.571318
32.558488
32.90062
31.574912
31.564025
31.767649
30.970112
30.960452
31.09038
30.447035
30.430871
30.587646
29.665004
29.646757
29.698773
29.654305
29.644695
29.652452
29.677264
29.667555
29.658702
29.742668
29.732873
29.71032
29.888638
29.878933
29.83186
30.200301
30.190786
30.089316
30.908259
30.899091
30.66266
32.787007
32.783074
32.108033
38.840493
38.855191
36.566806
67.701091
67.895908
54.738819
540.21925
540.16819
274.69117
646.02311
639.10116
882.28177
178.38797
177.56491
233.51652
81.242833
81.069323
93.62346
55.003534
54.928339
59.488841
43.166448
43.127485
45.347069
37.249863
37.225508
38.358274
34.203242
34.186576
34.773453
32.51996
32.507112
32.846086
31.531286
31.520358
31.722195
30.931297
30.921536
31.050369
30.411963
30.395718
30.55196
29.628369
29.610166
29.663951
29.615781
29.606248
29.614019
29.638586
29.628978
29.620227
29.703613
29.693898
29.67145
29.849915
29.840271
29.793012
30.16225
30.152744
30.05091
30.87174
30.862695
30.624838
32.771192
32.767199
32.084235
38.898445
38.912616
36.594031
68.47546
68.66684
55.130556
539.41175
538.9771
280.37253
619.3272
613.04692
842.31347
175.17716
174.40734
228.5415
80.563433
80.399631
92.715864
54.706314
54.634381
59.13885
43.012158
42.974219
45.168164
37.153117
37.129232
38.25166
34.136683
34.120091
34.702049
32.46858
32.455743
32.791747
31.487526
31.476574
31.676698
30.892073
30.882208
31.010024
30.376924
30.360607
30.515445
29.591885
29.57372
29.629432
29.577763
29.568344
29.575818
29.600296
29.590784
29.582154
29.664865
29.655223
29.632898
29.811421
29.80183
29.754415
30.124247
30.114759
30.01264
30.835744
30.82684
30.587438
32.755069
32.75097
32.060538
38.954333
38.967961
36.619531
69.234715
69.421794
55.513039
537.20427
536.47201
285.14606
595.06877
589.34603
806.69224
172.17215
171.45098
223.88874
79.921961
79.767285
91.860957
54.422582
54.353911
58.80574
42.861954
42.825049
44.994797
37.058351
37.035003
38.147399
34.070444
34.053944
34.631126
32.417257
32.404436
32.737586
31.443687
31.432719
31.631205
30.852443
30.842481
30.969356
30.341898
30.325481
30.478101
29.555539
29.53742
29.595208
29.540159
29.530852
29.537869
29.562374
29.552948
29.544459
29.626395
29.616818
29.594633
29.773132
29.76359
29.716046
30.086339
30.076885
29.974519
30.800333
30.791579
30.550567
32.738473
32.734239
32.036812
39.007971
39.021016
36.643231
69.97579
70.157972
55.8855
533.91805
532.95942
289.09007
572.92488
567.68472
774.74053
169.35535
168.67856
219.52907
79.316556
79.170609
91.055388
54.154334
54.089317
58.492039
42.715818
42.679902
44.827347
36.965792
36.943017
38.045647
34.004603
33.988218
34.56084
32.365976
32.353153
32.683522
31.39979
31.388807
31.58572
30.812447
30.802403
30.928397
30.30686
30.290357
30.44017
29.519332
29.501277
29.561214
29.502929
29.493726
29.5002
29.524768
29.515415
29.507083
29.588176
29.578658
29.556621
29.73503
29.725532
29.677889
30.04858
30.039169
29.936565
30.765523
30.756916
30.51428
32.721323
32.716949
32.012982
39.059267
39.071732
36.665001
70.696681
70.873613
56.247779
529.81968
528.69429
292.28201
552.61236
547.79194
745.91254
166.70925
166.07224
215.43254
78.743581
78.604737
90.293289
53.898255
53.836275
58.195735
42.573586
42.538636
44.66528
36.875556
36.853373
37.946465
33.939256
33.923009
34.491324
32.314663
32.301819
32.629464
31.355833
31.344831
31.540209
30.772153
30.762047
30.887196
30.271788
30.255174
30.40194
29.483279
29.465303
29.527462
29.466113
29.457003
29.462821
29.487419
29.478126
29.46997
29.550181
29.540716
29.518825
29.697093
29.68763
29.639917
30.011001
30.001637
29.89878
30.731283
30.722808
30.478561
32.703627
32.699125
31.989032
39.10829
39.120209
36.684889
71.396248
71.567711
56.600064
525.13137
523.88738
294.79913
533.90091
529.45122
719.77614
164.21546
163.61377
211.57115
78.197886
78.065449
89.567682
53.654742
53.595082
57.913376
42.435268
42.401344
44.508359
36.787705
36.766122
37.849958
33.87449
33.858398
34.422664
32.263251
32.250378
32.575372
31.311798
31.300774
31.49463
30.73164
30.721493
30.845812
30.236658
30.219951
30.363481
29.44741
29.42952
29.49392
29.429566
29.420481
29.425709
29.450277
29.441038
29.433063
29.512385
29.502966
29.481216
29.659288
29.649855
29.602098
29.973606
29.964284
29.861149
30.697548
30.689186
30.443342
32.68546
32.680858
31.964992
39.155188
39.166595
36.703108
72.073731
72.239525
56.942506
520.03134
518.70772
296.71699
516.61117
512.49281
695.98268
161.85697
161.2866
207.92135
77.677161
77.550709
88.87431
53.421062
53.364447
57.642347
42.301323
42.268602
44.357227
36.702234
36.681223
37.756275
33.810358
33.794426
34.354885
32.211731
32.198836
32.521271
31.267668
31.256618
31.448952
30.690989
30.680818
30.804305
30.20145
30.184623
30.324877
29.411736
29.39393
29.460593
29.393189
29.384153
29.388872
29.413295
29.404077
29.395287
29.474764
29.465387
29.443769
29.621588
29.612176
29.564398
29.93637
29.927083
29.823642
30.664244
30.655978
30.408535
32.666942
32.662273
31.940926
39.200073
39.210987
36.719818
72.728243
72.888117
57.274979
514.66169
513.29013
298.10778
500.59288
496.77025
674.23336
159.61795
159.07498
204.46126
77.179383
77.058577
88.210364
53.198095
53.144033
57.383539
42.172291
42.140814
44.212033
36.618976
36.59846
37.665294
33.746868
33.731094
34.287947
32.160149
32.147251
32.46724
31.223435
31.21236
31.403176
30.650269
30.640089
30.762729
30.166144
30.149215
30.28621
29.37625
29.358525
29.427428
29.356979
29.34796
29.352293
29.376493
29.367267
29.358912
29.437297
29.427957
29.406468
29.583969
29.574575
29.526795
29.899263
29.890003
29.786233
30.631307
30.623124
30.374057
32.648209
32.643507
31.916921
39.243001
39.25343
36.735131
73.358479
73.512016
57.597009
509.13885
507.74463
299.03529
485.70658
482.14623
654.26399
157.48199
156.96189
201.16654
76.703491
76.5873
87.57328
52.98561
52.933888
57.136305
42.04817
42.017892
44.072665
36.537501
36.517363
37.576401
33.684012
33.668401
34.221796
32.108589
32.095714
32.413383
31.179111
31.168018
31.35733
30.609533
30.599356
30.721127
30.130722
30.113666
30.247548
29.340953
29.323305
29.394457
29.320896
29.311908
29.31597
29.338766
29.329682
29.322714
29.399964
29.390661
29.369306
29.546419
29.53704
29.489277
29.862256
29.853018
29.748901
30.598689
30.590578
30.339832
32.62939
32.624682
31.893063
39.283983
39.293913
36.749138
73.962643
74.109358
57.907863
503.56568
502.17475
299.55758
471.82427
468.49727
635.84946
155.43119
154.93023
198.01301
76.243797
76.130846
86.954665
52.781184
52.731155
56.897531
41.927872
41.898334
43.93814
36.457533
36.437788
37.488917
33.621837
33.606413
34.15649
32.057156
32.044329
32.359808
31.13473
31.123631
31.31147
30.568821
30.558654
30.679532
30.095172
30.078012
30.208944
29.305834
29.288265
29.36162
29.284963
29.276002
29.279899
29.302421
29.293344
29.286502
29.362752
29.353483
29.332243
29.508934
29.49957
29.451839
29.825328
29.816106
29.711632
30.566344
30.558293
30.305797
32.610574
32.605874
31.869408
39.322918
39.332321
36.761892
74.538976
74.678462
58.206674
498.04051
496.67209
299.72317
458.83989
455.72397
618.80711
153.4545
152.97153
194.98567
75.795372
75.684975
86.351263
52.582926
52.533815
56.665074
41.810951
41.782138
43.807306
36.379163
36.359826
37.403175
33.56045
33.545241
34.092162
32.005945
31.993188
32.30661
31.090344
31.079253
31.265661
30.528157
30.518005
30.637975
30.059486
30.042197
30.170439
29.270911
29.253424
29.328916
29.249164
29.24023
29.244084
29.266089
29.257023
29.250383
29.325643
29.316375
29.293671
29.471515
29.462166
29.414481
29.788454
29.779243
29.674415
30.534222
30.526216
30.271886
32.591798
32.587106
31.845966
39.3597
39.368543
36.773374
75.085971
75.218036
58.492719
492.62727
491.29592
299.57866
446.6728
443.75122
602.99039
151.55017
151.08572
192.08044
75.358671
75.251479
85.765024
52.387626
52.339401
56.435667
41.696585
41.668323
43.679403
36.302437
36.283516
37.319628
33.499949
33.484971
34.028908
31.955034
31.94236
32.253846
31.046003
31.03493
31.219958
30.48756
30.477426
30.596479
30.02366
30.006272
30.132059
29.236155
29.218755
29.296288
29.213512
29.204609
29.208539
29.229827
29.220775
29.214384
29.286725
29.277599
29.257082
29.434165
29.42483
29.377205
29.751612
29.742407
29.637239
30.502262
30.494286
30.238039
32.57304
32.568343
31.822698
39.394182
39.402425
36.783493
75.603231
75.727816
58.765589
487.38121
486.08239
299.17336
435.26017
432.51806
588.27484
149.72066
149.27514
189.29799
74.933606
74.829242
85.198585
52.196313
52.14912
56.210362
41.584211
41.556566
43.554268
36.227341
36.208807
37.238118
33.440373
33.425624
33.966744
31.904464
31.891877
32.201532
31.001741
30.990689
31.174389
30.447038
30.436923
30.555059
29.987696
29.970191
30.093816
29.201571
29.18426
29.263747
29.17802
29.169152
29.173267
29.193658
29.184635
29.178505
29.250037
29.24086
29.22042
29.396875
29.387538
29.339964
29.714776
29.705573
29.60009
30.470398
30.462433
30.204198
32.554231
32.549504
31.799517
39.426223
39.433842
36.792127
76.090635
76.207837
59.025263
482.16752
480.85567
298.53695
424.54306
421.96473
574.54539
147.96685
147.54011
186.63693
74.521644
74.421017
84.654995
52.008749
51.962399
55.990069
41.474639
41.447693
43.431898
36.153725
36.135529
37.158362
33.381692
33.367155
33.905605
31.854241
31.841739
32.149644
30.957563
30.946531
31.128954
30.406595
30.396499
30.513721
29.951604
29.934017
30.055708
29.167158
29.149927
29.231256
29.142691
29.133865
29.138242
29.1576
29.148602
29.14274
29.213295
29.204123
29.1838
29.356298
29.347104
29.300005
29.677927
29.668722
29.562962
30.438557
30.430586
30.170309
32.535264
32.530478
31.776308
39.455768
39.462768
36.799181
76.548806
76.658838
59.272141
476.91283
475.59516
297.69954
414.45745
412.02624
561.69266
146.28658
145.87742
184.09035
74.125479
74.029124
84.135712
51.82492
51.779693
55.774752
41.367893
41.341623
43.312434
36.081388
36.063479
37.0801
33.323825
33.309475
33.845371
31.804345
31.79192
32.098135
30.913457
30.902439
31.083639
30.366228
30.35615
30.472457
29.915396
29.89771
30.017728
29.132913
29.115766
29.198852
29.107539
29.098758
29.103449
29.121639
29.112663
29.107083
29.176605
29.16745
29.147262
29.31911
29.309861
29.263019
29.641038
29.631802
29.520708
30.406672
30.398675
30.136333
32.516015
32.511137
31.752936
39.48287
39.489275
36.804611
76.978619
77.081703
59.506798
471.64232
470.3237
296.68773
404.93741
402.63827
549.62179
144.67348
144.27959
181.64536
73.746162
73.653558
83.639387
51.645913
51.601778
55.565119
41.263749
41.238084
43.19563
36.01014
35.992479
37.003105
33.266665
33.252473
33.785912
31.754743
31.742384
32.046947
30.869407
30.858402
31.03843
30.325933
30.315871
30.431257
29.879088
29.861343
29.979861
29.098832
29.081771
29.166478
29.07257
29.063832
29.068867
29.085763
29.076808
29.07151
29.139982
29.13084
29.110795
29.282098
29.27285
29.226088
29.597795
29.588321
29.483301
30.37468
30.366636
30.10201
32.496349
32.491344
31.72926
39.507643
39.513482
36.808414
77.380994
77.477367
59.729753
466.37385
465.05817
295.52884
395.92717
393.74889
538.26203
143.11834
142.73783
179.28837
73.380424
73.290714
83.161036
51.470651
51.427338
55.36085
41.161875
41.136718
43.081259
35.939839
35.922401
36.927248
33.210106
33.19605
33.727113
31.705395
31.693093
31.996027
30.82541
30.814419
30.993321
30.285701
30.275653
30.390111
29.842697
29.824875
29.942094
29.064907
29.047915
29.13419
29.037777
29.029078
29.034461
29.049967
29.041031
29.036017
29.103416
29.094288
29.074392
29.245118
29.235879
29.189202
29.560729
29.551543
29.446337
30.329957
30.320776
30.056416
32.476132
32.470952
31.704775
39.530203
39.535501
36.810603
77.756774
77.846652
59.941382
461.12301
459.81414
294.24742
387.3883
385.32353
527.5656
141.61541
141.24751
177.01227
73.026115
72.939354
82.697663
51.298594
51.256125
55.160792
41.061994
41.037331
42.969135
35.870424
35.853204
36.852493
33.154065
33.140127
33.668892
31.656265
31.644014
31.945336
30.781475
30.770503
30.948316
30.245525
30.23549
30.349012
29.806241
29.788384
29.904415
29.031131
29.014212
29.101928
29.003135
28.994473
29.000206
29.01425
29.005335
29.000599
29.066907
29.057792
29.038053
29.208186
29.198959
29.152361
29.52398
29.514795
29.409402
30.295852
30.287804
30.022182
32.421702
32.414451
31.652558
39.55061
39.554101
36.74808
78.106715
78.190288
60.141916
455.90409
454.60587
292.86301
379.29385
377.33596
517.49009
140.16358
139.80893
174.81643
72.683588
72.59974
82.249661
51.13029
51.088874
54.96581
40.964032
40.939813
42.859394
35.801867
35.784852
36.778794
33.098475
33.084641
33.611184
31.607325
31.595117
31.894849
30.73762
30.726671
30.903423
30.205397
30.195372
30.307957
29.769741
29.751829
29.86681
28.997495
28.980646
29.069764
28.968634
28.960005
28.966083
28.978605
28.969705
28.96525
29.030451
29.021349
29.001779
29.171299
29.162085
29.115566
29.487242
29.478064
29.372509
30.263601
30.255492
29.987906
32.398475
32.393164
31.627815
39.464716
39.46919
36.732949
77.87816
77.909998
59.980717
450.71995
446.91448
288.76511
371.61952
369.76237
507.98789
138.76359
138.42319
172.70428
72.352816
72.272009
81.817316
50.966205
50.92582
54.776293
40.867752
40.843901
42.751412
35.734102
35.717275
36.706082
33.043284
33.029542
33.553933
31.558555
31.546387
31.844553
30.693859
30.682933
30.858643
30.165308
30.155292
30.266945
29.733213
29.715287
29.829268
28.963995
28.947213
29.037629
28.934255
28.925657
28.932081
28.943028
28.934147
28.929964
28.994043
28.984953
28.965564
29.134461
29.125258
29.078817
29.450536
29.441364
29.335671
30.23107
30.222896
29.953492
32.376791
32.371245
31.602276
39.483131
39.487506
36.732508
78.142597
78.219102
60.16759
442.91469
441.67919
287.1685
366.03151
364.24131
499.29734
137.83564
137.50085
171.21799
72.033725
71.955415
81.39982
50.805985
50.76642
54.59165
40.772873
40.749374
42.645197
35.667069
35.650416
36.634301
32.988452
32.974795
33.497094
31.509943
31.497815
31.794448
30.650191
30.639288
30.813971
30.125245
30.115234
30.225968
29.696674
29.678712
29.791775
28.930617
28.9139
29.005608
28.899985
28.891409
28.898171
28.907523
28.898659
28.894744
28.957685
28.948607
28.929404
29.09767
29.088479
29.042107
29.413867
29.404707
29.298882
30.198256
30.190009
29.918944
32.354115
32.348286
31.575883
39.500134
39.504086
36.730693
78.440267
78.511212
60.346565
437.99992
436.78138
285.70142
358.99279
357.28283
490.64331
136.51007
136.18468
169.2194
71.723762
71.647283
80.993425
50.648717
50.609831
54.410445
40.679426
40.656274
42.540696
35.600704
35.584204
36.563354
32.93395
32.920372
33.440625
31.461493
31.449406
31.744548
30.606609
30.595724
30.769394
30.085191
30.075181
30.185018
29.660142
29.642183
29.754316
28.897358
28.880701
28.97364
28.865794
28.857239
28.86434
28.87209
28.863242
28.859588
28.921377
28.912311
28.893296
29.060928
29.051749
29.005439
29.377246
29.368094
29.262147
30.165152
30.156817
29.884246
32.330414
32.32434
31.548612
39.51516
39.51872
36.727427
78.715565
78.780969
60.514812
433.1542
431.95388
284.1824
352.25599
350.61468
482.40466
135.22106
134.90392
167.27853
71.41961
71.344243
80.594058
50.494335
50.45613
54.232129
40.587268
40.564399
42.4377
35.534923
35.518558
36.493117
32.879756
32.866253
33.384496
31.413214
31.401173
31.694867
30.563097
30.552228
30.724905
30.045131
30.035119
30.144082
29.62363
29.60565
29.716878
28.8642
28.847597
28.941772
28.831673
28.823134
28.830573
28.836722
28.82789
28.824501
28.885114
28.876058
28.85724
29.024232
29.015061
28.968811
29.340671
29.331531
29.225464
30.131712
30.123301
29.849398
32.305704
32.299357
31.520489
39.528666
39.53186
36.722962
78.967728
79.027711
60.671591
428.3785
427.19544
282.62126
345.79077
344.21613
474.57322
133.96442
133.65549
165.39565
71.119685
71.045246
80.200104
50.342175
50.304444
54.056204
40.496198
40.473585
42.336103
35.469667
35.453427
36.423492
32.825855
32.812424
33.328687
31.365124
31.353134
31.645428
30.519645
30.508791
30.680498
30.005051
29.995035
30.103149
29.587154
29.569195
29.679453
28.831149
28.814587
28.90996
28.797608
28.789083
28.796858
28.801414
28.792597
28.789469
28.84889
28.839845
28.821231
28.987568
28.978407
28.932222
29.304133
29.295004
29.188824
30.097952
30.089465
29.814409
32.28004
32.273474
31.491505
39.540615
39.54332
36.717548
79.19835
79.251743
60.818482
423.67439
422.50981
281.02089
339.59302
338.08616
467.12866
132.7402
132.4392
163.56959
70.823344
70.749762
79.811222
50.19211
50.154931
53.88257
40.406101
40.383705
42.235807
35.404894
35.388768
36.354388
32.772241
32.758881
33.273186
31.317243
31.305308
31.596246
30.47625
30.465409
30.636178
29.964941
29.95492
30.062215
29.550726
29.532762
29.642034
28.79818
28.781665
28.878252
28.763597
28.755085
28.763199
28.766164
28.757361
28.754497
28.81271
28.803676
28.785264
28.95094
28.94179
28.895663
29.267634
29.258514
29.15222
30.063877
30.055317
29.779259
32.253497
32.246741
31.461759
39.551148
39.553573
36.711267
79.40564
79.455315
60.955693
419.0447
417.89923
279.39201
333.6624
332.22115
460.04206
131.54922
131.25662
161.7972
70.530234
70.457336
79.427447
50.044116
50.007378
53.710886
40.316818
40.294606
42.136425
35.340559
35.324535
36.285742
32.718911
32.705621
33.217979
31.269587
31.257709
31.547332
30.432914
30.42209
30.591953
29.924801
29.914774
30.021279
29.514364
29.496438
29.604619
28.765298
28.748817
28.846595
28.729623
28.72112
28.729582
28.730974
28.722184
28.719582
28.776581
28.767557
28.749347
28.914349
28.905206
28.859144
29.231165
29.222053
29.115653
30.029517
30.020875
29.743945
32.226182
32.219269
31.43137
39.560613
39.562785
36.704151
79.593024
79.637775
61.082895
414.493
413.36796
277.74284
327.99323
326.61488
453.29143
130.39182
130.10705
160.08172
70.239646
70.167309
79.048292
49.897788
49.861457
53.540853
40.228225
40.206186
42.037787
35.276605
35.260664
36.217492
32.665861
32.652641
33.163051
31.222164
31.210345
31.498693
30.389647
30.378841
30.547832
29.884635
29.874606
29.980347
29.478079
29.460163
29.56721
28.732487
28.716059
28.815045
28.695693
28.687201
28.696023
28.695839
28.687062
28.684722
28.740502
28.731487
28.713483
28.877795
28.86866
28.822662
29.194729
29.18562
29.079111
29.994879
29.986176
29.708498
32.198223
32.191169
31.40041
39.568811
39.570776
36.696666
79.761231
79.800083
61.200364
410.0239
408.9199
276.08353
322.56729
321.24639
446.84129
129.26321
128.98591
158.41556
69.951302
69.87959
78.673331
49.753116
49.717215
53.372543
40.140385
40.118557
41.940176
35.212953
35.197082
36.149513
32.613089
32.599938
33.108393
31.174976
31.163217
31.450328
30.346456
30.335672
30.503821
29.844455
29.834426
29.939431
29.441887
29.424026
29.529811
28.699768
28.683378
28.783537
28.661807
28.653327
28.662528
28.660752
28.651988
28.649912
28.704475
28.695477
28.677679
28.841273
28.832152
28.786225
29.158309
29.149205
29.042601
29.959982
29.951227
29.672921
32.169763
32.162565
31.368989
39.576182
39.577947
36.688555
79.910042
79.944563
61.309322
405.64006
404.55678
274.4211
317.3674
316.10072
440.65895
128.16312
127.89235
156.79436
69.665593
69.594574
78.303294
49.61013
49.574637
53.206075
40.053337
40.031656
41.843493
35.149588
35.133796
36.081619
32.560594
32.547514
33.05401
31.128024
31.116322
31.402235
30.30335
30.292588
30.459924
29.804276
29.794251
29.898543
29.405796
29.387958
29.492428
28.667116
28.650772
28.752154
28.627966
28.619497
28.629112
28.625715
28.616963
28.615144
28.668507
28.659524
28.641935
28.804794
28.795678
28.749828
29.121905
29.112804
29.00611
29.924896
29.916083
29.637242
32.140887
32.133611
31.3372
39.582781
39.584173
36.680095
80.040513
80.070873
61.409334
401.33805
400.27495
272.7633
312.37682
311.16228
434.7309
127.09226
126.82858
155.22074
69.382615
69.312297
77.938363
49.4687
49.433551
53.041397
39.966762
39.945152
41.747341
35.086542
35.070825
36.013781
32.508377
32.495365
32.999905
31.081301
31.069656
31.354406
30.260334
30.249595
30.416142
29.764112
29.754092
29.857698
29.36982
29.352051
29.455066
28.634558
28.618256
28.72078
28.594175
28.58572
28.595785
28.590726
28.581986
28.580419
28.632599
28.623632
28.60625
28.768349
28.759244
28.713481
29.08551
29.076412
28.969638
29.889617
29.880768
29.601452
32.111694
32.104366
31.305171
39.58844
39.589657
36.671286
80.154711
80.181126
61.500626
397.11681
396.07408
271.11258
307.59427
306.42948
429.03997
126.04921
125.79295
153.68997
69.102439
69.03281
77.57838
49.328439
49.293485
52.87824
39.880453
39.85892
41.651683
35.023768
35.00811
35.946179
32.456428
32.443479
32.946065
31.0348
31.023208
31.306829
30.217412
30.206697
30.372476
29.723979
29.713968
29.816911
29.333963
29.316224
29.417735
28.602083
28.585827
28.689526
28.560429
28.551988
28.562546
28.555788
28.54706
28.545734
28.596754
28.587802
28.570628
28.731946
28.722851
28.67718
29.049126
29.040027
28.93318
29.854208
29.845332
29.565607
32.082321
32.074957
31.272966
39.593176
39.594195
36.661898
80.253405
80.276092
61.584362
392.97716
391.95496
269.47579
303.00343
301.88367
423.56438
125.03241
124.78115
152.19889
68.824927
68.755935
77.222863
49.189038
49.154396
52.716214
39.794536
39.77314
41.5566
34.961217
34.94561
35.878866
32.404727
32.391837
32.892464
30.988509
30.976967
31.259484
30.174588
30.163899
30.328927
29.683898
29.673903
29.776194
29.298232
29.28057
29.380441
28.569696
28.553486
28.658272
28.526737
28.51831
28.529403
28.520896
28.512184
28.511096
28.560971
28.552036
28.53507
28.695582
28.686497
28.640928
29.012744
29.003652
28.896734
29.818692
29.8098
29.529698
32.052801
32.045427
31.240692
39.597129
39.597972
36.652252
80.336355
80.355626
61.660949
388.92019
387.91872
267.86142
298.58604
297.50717
418.28435
124.03672
123.7911
150.74087
68.54981
68.481322
76.871315
49.051034
49.016753
52.555752
39.709138
39.687868
41.462239
34.89886
34.8833
35.811824
32.353255
32.34042
32.83908
30.942415
30.930921
31.212353
30.131867
30.121204
30.285496
29.643894
29.633921
29.73556
29.262627
29.244998
29.343194
28.537396
28.521234
28.627138
28.493099
28.484688
28.496359
28.486059
28.477358
28.476503
28.525257
28.516337
28.499576
28.65926
28.650185
28.604726
28.976378
28.96729
28.860299
29.783107
29.774206
29.493771
32.023254
32.015882
31.208393
39.600158
39.600797
36.642139
80.406089
80.420953
61.730113
384.94521
383.96418
266.27747
294.32917
293.2881
413.17415
123.05962
122.81819
149.30978
68.276724
68.208799
76.52307
48.914394
48.880436
52.397097
39.62424
39.603096
41.368588
34.836687
34.821173
35.74505
32.301992
32.289206
32.785891
30.896506
30.885056
31.165414
30.089254
30.078618
30.242184
29.603988
29.594041
29.695027
29.227151
29.209602
29.306
28.505186
28.489068
28.596002
28.459521
28.451125
28.463408
28.451274
28.442587
28.441958
28.489605
28.480702
28.46415
28.622974
28.613912
28.568574
28.940025
28.930938
28.823884
29.747501
29.738601
29.457838
31.9937
31.986342
31.176132
39.602429
39.602882
36.631549
80.46238
80.474349
61.793011
381.05278
380.09217
264.72645
290.21666
289.2104
408.22421
122.09944
121.86103
147.90682
68.006049
67.938798
76.178396
48.778981
48.745337
52.239932
39.539855
39.518846
41.275711
34.774704
34.759241
35.678564
32.250918
32.238175
32.732876
30.850768
30.839357
31.118647
30.046752
30.036145
30.198994
29.564196
29.554279
29.654608
29.1918
29.174281
29.268868
28.473061
28.456991
28.56499
28.426005
28.417627
28.430549
28.416546
28.407873
28.407468
28.454015
28.445127
28.428786
28.586725
28.577669
28.532465
28.903693
28.894612
28.787488
29.711916
29.703025
29.421935
31.964219
31.956845
31.143988
39.603795
39.604072
36.620622
80.507349
80.516572
61.850001
377.24067
376.29938
263.20681
286.2434
285.27189
403.44523
121.15421
120.92059
146.52978
67.738004
67.671362
75.837178
48.644907
48.611606
52.084211
39.456026
39.435164
41.183642
34.712931
34.697525
35.612401
32.200007
32.187302
32.680014
30.805182
30.793807
31.072026
30.004366
29.993788
30.155925
29.524532
29.514646
29.61431
29.156573
29.139133
29.231803
28.44102
28.424989
28.53397
28.39256
28.3842
28.397773
28.381877
28.373218
28.373035
28.418485
28.409612
28.393482
28.550509
28.54146
28.496403
28.867385
28.858311
28.751118
29.676362
29.667488
29.386068
31.93481
31.92747
31.112002
39.60446
39.604561
36.609241
80.541638
80.54831
61.900679
373.50478
372.58221
261.71764
282.41117
281.47511
398.837
120.22514
119.9956
145.18077
67.472268
67.406195
75.499179
48.512225
48.479281
51.930104
39.372806
39.352105
41.092411
34.651394
34.636051
35.546606
32.149235
32.136559
32.627282
30.759731
30.748387
31.02553
29.962098
29.95155
30.112979
29.485001
29.475149
29.574138
29.121463
29.10405
29.194812
28.409053
28.393063
28.503078
28.35918
28.350837
28.365071
28.347265
28.338624
28.338662
28.383015
28.374156
28.358237
28.514327
28.505289
28.46038
28.831104
28.822034
28.714772
29.640871
29.632021
29.350272
31.905541
31.898237
31.08016
39.604448
39.604385
36.597551
80.564743
80.568969
61.946006
369.84328
368.93902
260.25969
278.71605
277.81232
394.38723
119.31316
119.08766
143.8608
67.209088
67.143754
75.16467
48.380968
48.348374
51.777703
39.290242
39.269709
41.002022
34.590117
34.574843
35.481218
32.098572
32.085921
32.574659
30.714398
30.703082
30.979137
29.919951
29.909435
30.070155
29.445607
29.435788
29.534094
29.08647
29.069132
29.1579
28.377153
28.3612
28.472197
28.325871
28.317548
28.332439
28.312715
28.304086
28.30435
28.347603
28.338759
28.32305
28.478184
28.469154
28.424403
28.794855
28.7858
28.678461
29.605482
29.59666
29.314544
31.876378
31.869111
31.048477
39.603624
39.60341
36.585575
80.578194
80.580204
61.985533
366.25473
365.36828
258.83524
275.1476
274.27433
390.08023
118.41696
118.19523
142.56747
66.948807
66.884158
74.83382
48.251077
48.218803
51.626941
39.208354
39.18799
40.912445
34.529123
34.513922
35.416266
32.047996
32.035363
32.52213
30.669169
30.657876
30.93283
29.87793
29.867445
30.027455
29.406348
29.396561
29.494178
29.051585
29.034267
29.121074
28.345315
28.329403
28.441435
28.292636
28.284335
28.299877
28.278223
28.269608
28.270102
28.312251
28.303422
28.28792
28.44208
28.433062
28.388474
28.758649
28.749606
28.642187
29.570209
29.561404
29.278905
31.84736
31.840126
31.017008
39.602219
39.601867
36.57323
80.582874
80.58276
62.020944
362.7365
361.86742
257.44751
271.69947
270.8557
385.9022
117.53538
117.31711
141.29921
66.691108
66.627033
74.506205
48.122398
48.090392
51.477575
39.127135
39.106933
40.823615
34.468427
34.453303
35.351763
31.997491
31.984875
32.469689
30.624031
30.612761
30.886599
29.836037
29.825584
29.984883
29.367221
29.357465
29.45439
29.016805
28.999559
29.084338
28.313558
28.297683
28.410648
28.259481
28.251202
28.267379
28.243785
28.235185
28.235917
28.276954
28.268139
28.252845
28.406029
28.397024
28.3526
28.722491
28.713456
28.60596
29.535046
29.526272
29.243353
31.818434
31.811232
30.985636
39.600285
39.599624
36.560672
80.579552
80.576389
62.051286
359.28645
358.4339
256.09989
268.36597
267.54938
381.84184
116.66715
116.45204
140.05427
66.435507
66.371878
74.181219
47.994689
47.962882
51.32926
39.046546
39.026492
40.735436
34.408045
34.393002
35.287715
31.947053
31.934455
32.417343
30.578982
30.567733
30.840442
29.794276
29.783857
29.942438
29.328222
29.318495
29.414728
28.982124
28.964894
29.047696
28.281861
28.266022
28.380024
28.226409
28.218151
28.234948
28.209404
28.200817
28.20179
28.241718
28.232917
28.217829
28.370029
28.36104
28.316787
28.686384
28.677362
28.569784
29.500009
29.491265
29.207894
31.789626
31.782454
30.954433
39.597714
39.596975
36.547942
80.568396
80.565018
62.077256
355.90151
355.06459
254.79694
265.13824
264.34707
377.88792
115.81118
115.59901
138.83105
66.181529
66.118246
73.85835
47.867681
47.836014
51.181661
38.966528
38.946609
40.647802
34.347997
34.333041
35.224129
31.896692
31.884116
32.365113
30.53402
30.522793
30.794364
29.752649
29.742263
29.900124
29.289344
29.279646
29.37519
28.947542
28.930363
29.011145
28.25024
28.234438
28.349348
28.193421
28.185188
28.202585
28.175078
28.166505
28.167722
28.206538
28.197752
28.182869
28.334096
28.325123
28.281043
28.650326
28.641324
28.533665
29.465072
29.456353
29.172521
31.760926
31.753773
30.923306
39.594794
39.59397
36.534969
80.551843
80.547307
62.100907
352.57772
351.75545
253.54377
262.00968
261.24206
374.02971
114.9674
114.758
137.62829
65.928835
65.865844
73.537275
47.741175
47.709617
51.034579
38.88704
38.86725
40.560639
34.288306
34.273444
35.161015
31.846428
31.833881
32.313029
30.48915
30.477948
30.748377
29.711156
29.700803
29.85794
29.250581
29.24091
29.335772
28.913034
28.895855
28.974681
28.218699
28.202929
28.318824
28.160523
28.152312
28.170289
28.140807
28.132247
28.133711
28.171419
28.162649
28.147965
28.29823
28.289273
28.245367
28.614337
28.605346
28.497614
29.43023
29.421531
29.137213
31.732295
31.725112
30.892244
39.591592
39.590713
36.522016
80.530977
80.524321
62.121213
349.31079
348.50196
252.34446
258.97389
258.22918
370.25972
114.13388
113.92718
136.44592
65.677278
65.614566
73.21787
47.615089
47.583633
50.887962
38.808061
38.788394
40.473899
34.228994
34.214228
35.098375
31.796288
31.783777
32.261122
30.44438
30.433204
30.702496
29.669795
29.659475
29.815883
29.211928
29.202281
29.296468
28.878608
28.861488
28.938304
28.187228
28.171711
28.288529
28.127708
28.119524
28.138081
28.106588
28.09804
28.099755
28.136364
28.12761
28.113122
28.262434
28.253497
28.209769
28.578396
28.569415
28.461614
29.395451
29.386739
29.101941
31.703572
31.696346
30.861071
39.587662
39.586388
36.508388
80.502932
80.491719
62.135717
346.10176
345.31144
251.17483
256.03906
255.33001
366.62077
113.31515
113.11583
135.29198
65.426818
65.364373
72.900074
47.489412
47.458058
50.741826
38.72956
38.710005
40.387539
34.17007
34.1554
35.036195
31.746299
31.733829
32.209424
30.399719
30.388572
30.656739
29.628561
29.618271
29.773949
29.173376
29.163754
29.25727
28.844258
28.82736
28.902239
31.623013
31.631964
31.630535
31.63198
31.631216
31.622107
31.610525
31.620013
31.61947
31.619921
31.620034
31.610434
31.600334
31.610221
31.610288
31.610992
31.610699
31.60098
31.591578
31.601905
31.601957
31.603545
31.602928
31.592976
31.583318
31.594092
31.594332
31.597113
31.596094
31.585887
31.576013
31.587137
31.587468
31.591214
31.589795
31.579314
31.569762
31.581243
31.581517
31.585626
31.583821
31.572992
31.564472
31.576369
31.577191
31.579386
31.577287
31.565983
31.560042
31.572043
31.573992
31.574689
31.572261
31.560493
31.556651
31.568418
31.569516
31.569937
31.568229
31.556247
31.554751
31.566609
31.566998
31.566293
31.565863
31.553826
31.552951
31.565135
31.565423
31.565445
31.565101
31.55306
31.552927
31.565068
31.565157
31.566667
31.566104
31.554641
31.555334
31.567673
31.569195
31.569682
31.568331
31.557058
31.560132
31.572171
31.575265
31.575587
31.572757
31.56163
31.566686
31.578316
31.582867
31.582814
31.578055
31.567169
31.575054
31.586098
31.590812
31.591037
31.585563
31.574674
31.585628
31.596054
31.600241
31.598507
31.594415
31.5835
31.600146
31.610095
31.61263
31.606582
31.60554
31.595021
31.618522
31.627802
31.627258
31.623367
31.62359
31.613957
31.599685
31.605227
31.614187
31.587359
31.59628
31.589641
31.59431
31.593567
31.584571
31.588632
31.592232
31.601356
31.574156
31.583166
31.578595
31.581578
31.581804
31.572431
31.579394
31.581432
31.590785
31.563062
31.572198
31.56933
31.572805
31.57172
31.562187
31.571187
31.572089
31.581678
31.553405
31.562678
31.561101
31.565337
31.563255
31.553638
31.563162
31.563258
31.573079
31.543972
31.553604
31.552799
31.559026
31.555747
31.545914
31.555633
31.555137
31.565427
31.535358
31.545072
31.54522
31.552612
31.548387
31.538566
31.549237
31.547986
31.558642
31.527755
31.537725
31.538778
31.546253
31.541513
31.531682
31.543797
31.541767
31.552862
31.520665
31.53107
31.533049
31.539542
31.533978
31.523997
31.54025
31.536832
31.548233
31.514907
31.525732
31.529054
31.533987
31.527815
31.517666
31.535276
31.533216
31.544828
31.510673
31.521845
31.523895
31.527968
31.522905
31.512482
31.532841
31.531215
31.542919
31.508382
31.51971
31.521505
31.52119
31.519616
31.508724
31.530666
31.529316
31.540926
31.506036
31.517543
31.519277
31.520459
31.518164
31.506877
31.530826
31.529627
31.541163
31.507098
31.518276
31.519784
31.521176
31.520176
31.508895
31.536766
31.532265
31.543588
31.510385
31.521212
31.526074
31.524268
31.522667
31.511435
31.546002
31.536779
31.548144
31.515628
31.526003
31.535598
31.533517
31.52793
31.517347
31.55678
31.543973
31.555081
31.523413
31.533403
31.546837
31.544739
31.534777
31.524967
31.565915
31.553466
31.563903
31.533832
31.543524
31.556581
31.556236
31.544384
31.53503
31.57659
31.565267
31.575072
31.547073
31.555972
31.567578
31.564761
31.55513
31.546509
31.588908
31.581135
31.590268
31.564164
31.572464
31.580349
31.573007
31.568226
31.560194
31.602825
31.599646
31.608177
31.582889
31.590374
31.592607
31.586628
31.588165
31.580504
31.560368
31.569327
31.578377
31.551101
31.56022
31.550837
31.557358
31.556358
31.547444
31.54936
31.556225
31.565168
31.538291
31.547312
31.539922
31.543779
31.544479
31.535182
31.539936
31.544897
31.554009
31.526539
31.535646
31.530337
31.534608
31.533722
31.524212
31.531395
31.534785
31.544054
31.51685
31.525748
31.521966
31.526635
31.524916
31.515677
31.523183
31.525374
31.534547
31.507447
31.516342
31.51381
31.52002
31.517406
31.508247
31.515598
31.516487
31.525842
31.498371
31.507336
31.506115
31.513596
31.510274
31.501214
31.508379
31.508513
31.51802
31.490139
31.499216
31.498642
31.50697
31.503398
31.494382
31.50152
31.500646
31.510531
31.481639
31.491017
31.491389
31.50011
31.495498
31.48649
31.496054
31.494037
31.504331
31.474353
31.484036
31.485391
31.493809
31.488887
31.479815
31.490354
31.489082
31.499766
31.468607
31.478722
31.479512
31.486893
31.482895
31.473532
31.48823
31.486346
31.497249
31.465288
31.475677
31.477466
31.47891
31.477413
31.467472
31.486029
31.4836
31.494719
31.461888
31.472606
31.475319
31.477455
31.474016
31.463519
31.487852
31.485354
31.49613
31.464458
31.474801
31.477649
31.477658
31.47615
31.465643
31.495264
31.489404
31.499771
31.469352
31.479253
31.485449
31.480104
31.478759
31.468307
31.50577
31.495735
31.505555
31.476745
31.48611
31.496297
31.490547
31.486515
31.476695
31.517824
31.504589
31.513847
31.486864
31.495604
31.508633
31.503377
31.496978
31.488027
31.528855
31.515847
31.524604
31.499403
31.507509
31.519904
31.516599
31.509425
31.501332
31.541377
31.529948
31.538346
31.514378
31.521962
31.532826
31.52771
31.522093
31.514572
31.555628
31.548542
31.556192
31.533743
31.541018
31.547744
31.5382
31.537181
31.529907
31.56818
31.567154
31.574174
31.552496
31.558759
31.558412
31.553
31.558163
31.551189
31.522969
31.532779
31.541928
31.51475
31.52371
31.513791
31.520487
31.519487
31.510753
31.51211
31.520043
31.529087
31.502336
31.511168
31.503144
31.50679
31.507186
31.498098
31.502891
31.508772
31.51762
31.491253
31.499994
31.494032
31.497158
31.496672
31.487646
31.494825
31.49931
31.508031
31.482141
31.490665
31.486119
31.489616
31.488555
31.479728
31.486877
31.490016
31.498653
31.473041
31.48146
31.478347
31.483371
31.481575
31.473029
31.478932
31.481021
31.4896
31.464507
31.472658
31.470349
31.476996
31.4752
31.466921
31.470925
31.47269
31.48129
31.456272
31.464347
31.462232
31.470565
31.46863
31.460522
31.462427
31.463719
31.472543
31.447115
31.455236
31.45336
31.463671
31.461022
31.453071
31.455119
31.455971
31.464987
31.439059
31.447312
31.445662
31.456516
31.454174
31.446271
31.448542
31.449438
31.458889
31.431794
31.440469
31.438827
31.448483
31.447159
31.438938
31.446714
31.445412
31.45518
31.426959
31.435978
31.437031
31.439746
31.43929
31.430592
31.44447
31.440989
31.451402
31.421561
31.431064
31.434719
31.438095
31.433895
31.424777
31.448484
31.444554
31.454372
31.42586
31.435028
31.439357
31.437946
31.435888
31.426652
31.457709
31.450254
31.459657
31.432253
31.441076
31.449025
31.440507
31.438535
31.429289
31.469533
31.458738
31.467586
31.441862
31.45013
31.461199
31.451812
31.448743
31.440083
31.482792
31.470135
31.47839
31.454489
31.462161
31.474841
31.466295
31.462434
31.45451
31.494836
31.484105
31.491662
31.470041
31.47699
31.487021
31.480898
31.47831
31.471031
31.508847
31.500106
31.507044
31.486895
31.493384
31.501425
31.494045
31.493118
31.486346
31.525428
31.520117
31.526799
31.507311
31.51359
31.518597
31.506691
31.509181
31.502637
31.536709
31.537985
31.543879
31.52478
31.529852
31.528151
31.522955
31.530732
31.524418
31.486884
31.496775
31.505754
31.478867
31.487782
31.477987
31.483691
31.483097
31.474436
31.47689
31.484752
31.493544
31.467251
31.475973
31.468323
31.470676
31.470996
31.46207
31.468256
31.473959
31.482593
31.45688
31.465377
31.459907
31.46134
31.460995
31.452296
31.461031
31.465344
31.473675
31.448894
31.457049
31.453047
31.454623
31.453963
31.445659
31.453895
31.456779
31.464804
31.441333
31.448928
31.446166
31.449112
31.448476
31.440683
31.446159
31.448915
31.456589
31.434368
31.441498
31.438681
31.443596
31.443372
31.436011
31.437975
31.441003
31.448479
31.427115
31.433888
31.430603
31.438148
31.437831
31.430923
31.428516
31.432028
31.439381
31.418611
31.425102
31.421121
31.431856
31.431129
31.424584
31.419897
31.423845
31.431211
31.410621
31.416951
31.41221
31.423915
31.424535
31.418177
31.412233
31.415948
31.423712
31.402248
31.408917
31.404253
31.41527
31.416848
31.410325
31.410479
31.410242
31.418345
31.39566
31.402632
31.402528
31.405881
31.406964
31.40017
31.407391
31.403703
31.412329
31.38788
31.39551
31.399267
31.404559
31.400063
31.392913
31.414138
31.408675
31.417042
31.393372
31.400737
31.406644
31.403985
31.401564
31.394168
31.425287
31.415617
31.423711
31.400684
31.40787
31.418141
31.407296
31.40403
31.396668
31.438398
31.4263
31.433886
31.412324
31.419091
31.431605
31.419742
31.416321
31.409346
31.452846
31.440195
31.447174
31.42742
31.433619
31.446278
31.435444
31.432942
31.426558
31.465776
31.456992
31.463352
31.44538
31.450999
31.45939
31.45139
31.45112
31.445211
31.481161
31.474662
31.480627
31.463556
31.468938
31.475107
31.46612
31.467463
31.461755
31.499873
31.495402
31.501222
31.484463
31.489792
31.494188
31.480054
31.484385
31.47882
31.509431
31.511987
31.516726
31.500254
31.504152
31.501916
31.497021
31.506407
31.500936
31.451748
31.460949
31.469896
31.443048
31.451954
31.443027
31.446992
31.446853
31.43822
31.443038
31.449932
31.45857
31.432744
31.44132
31.43474
31.435206
31.435502
31.426731
31.43552
31.440127
31.448472
31.423681
31.431879
31.427594
31.426818
31.426736
31.418386
31.430063
31.432957
31.440854
31.417557
31.425172
31.422755
31.421481
31.421674
31.413954
31.424347
31.426659
31.4339
31.412774
31.419594
31.417623
31.417583
31.418267
31.411183
31.418023
31.421015
31.427522
31.408842
31.41481
31.411893
31.414203
31.415319
31.408943
31.410877
31.414735
31.420745
31.404269
31.409229
31.405141
31.410803
31.412394
31.406874
31.402188
31.407148
31.412619
31.398013
31.40227
31.397003
31.406655
31.407732
31.403247
31.392879
31.399739
31.404846
31.391649
31.395308
31.387754
31.39898
31.402073
31.398117
31.384441
31.391149
31.396493
31.383232
31.386956
31.379051
31.390422
31.394894
31.391017
31.382575
31.38372
31.389286
31.375081
31.378879
31.377328
31.380655
31.383569
31.379777
31.377965
31.37433
31.381048
31.364605
31.369371
31.372649
31.380256
31.375858
31.371583
31.38743
31.380397
31.38654
31.370367
31.374955
31.382442
31.378719
31.376218
31.371666
31.40002
31.387877
31.393931
31.377732
31.382346
31.395094
31.383355
31.378276
31.373801
31.414129
31.400268
31.406051
31.390549
31.395148
31.409431
31.396615
31.391862
31.387356
31.429209
31.416415
31.421705
31.407499
31.41171
31.424538
31.41284
31.410486
31.406232
31.44266
31.43537
31.440166
31.427134
31.43102
31.43799
31.429278
31.430018
31.425916
31.459056
31.453624
31.458398
31.445313
31.449257
31.45439
31.444671
31.44663
31.442465
31.478961
31.474573
31.479374
31.465786
31.470036
31.474436
31.458754
31.463902
31.459518
31.486325
31.489896
31.493542
31.480558
31.483381
31.480076
31.475549
31.485611
31.481086
31.417168
31.42511
31.434064
31.407137
31.416087
31.408528
31.41021
31.410566
31.401868
31.410214
31.415659
31.424193
31.398649
31.40715
31.402137
31.400296
31.400575
31.391928
31.404613
31.407437
31.415529
31.391459
31.399408
31.397135
31.393477
31.393821
31.38578
31.401701
31.402747
31.410051
31.388561
31.395603
31.394992
31.3903
31.391468
31.384157
31.398866
31.399791
31.406134
31.387773
31.393699
31.393195
31.389597
31.391158
31.38487
31.395808
31.397908
31.403234
31.388459
31.393027
31.391353
31.389975
31.391794
31.38677
31.391495
31.396087
31.399895
31.390026
31.392749
31.388261
31.390592
31.392847
31.389083
31.386021
31.391619
31.39445
31.388508
31.389617
31.383776
31.389653
31.393383
31.39165
31.377811
31.386946
31.388844
31.386408
31.386166
31.376559
31.385338
31.390767
31.39052
31.369829
31.379307
31.380983
31.380427
31.379492
31.368349
31.378627
31.386205
31.386558
31.368004
31.370643
31.372134
31.371638
31.370023
31.366856
31.369405
31.374465
31.375571
31.359405
31.358586
31.360861
31.357698
31.357087
31.356006
31.370302
31.366403
31.366926
31.372542
31.363986
31.366634
31.361708
31.362221
31.371338
31.365377
31.361442
31.359056
31.385274
31.370864
31.373679
31.368082
31.368639
31.383609
31.373082
31.365684
31.365688
31.399109
31.383648
31.386845
31.380148
31.381653
31.397369
31.385921
31.379125
31.378131
31.413951
31.401043
31.403984
31.397425
31.398885
31.411719
31.401096
31.397812
31.396546
31.427021
31.420899
31.423748
31.416936
31.418606
31.424459
31.416328
31.416917
31.415195
31.442627
31.438706
31.441788
31.433894
31.436059
31.439554
31.430179
31.432683
31.430392
31.462856
31.458125
31.461828
31.451831
31.454773
31.459547
31.443671
31.44837
31.445427
31.467865
31.472669
31.475266
31.465807
31.467615
31.463055
31.458985
31.468763
31.465275
31.382743
31.388928
31.398051
31.370544
31.379705
31.374067
31.372994
31.37368
31.364846
31.378154
31.381708
31.39018
31.364732
31.373219
31.370245
31.365716
31.366107
31.357536
31.375182
31.375787
31.383578
31.360409
31.36805
31.368008
31.361141
31.362043
31.354223
31.375981
31.374868
31.38164
31.361766
31.368236
31.369982
31.361736
31.362934
31.356034
31.378225
31.376582
31.382075
31.366392
31.371334
31.373872
31.365693
31.367173
31.361851
31.380478
31.380738
31.384431
31.374835
31.377588
31.377861
31.371397
31.374088
31.37069
31.383703
31.386328
31.387856
31.385523
31.38554
31.383752
31.379389
31.381235
31.379782
31.383879
31.389386
31.388435
31.395006
31.391549
31.385771
31.385014
31.391147
31.393547
31.380716
31.391034
31.388154
31.402131
31.395977
31.385697
31.388297
31.396692
31.402126
31.376335
31.388015
31.383701
31.403953
31.395229
31.381176
31.387542
31.398968
31.406269
31.375238
31.379646
31.374071
31.39705
31.386149
31.381255
31.381625
31.389344
31.3988
31.350978
31.363934
31.359008
31.369974
31.366139
31.352678
31.38576
31.380835
31.390847
31.376307
31.362849
31.361042
31.371095
31.364618
31.380362
31.369112
31.357687
31.361055
31.386418
31.370397
31.368178
31.37907
31.37353
31.389774
31.383921
31.373621
31.380393
31.397147
31.380812
31.380248
31.386556
31.383432
31.399642
31.393209
31.383478
31.387682
31.409528
31.397137
31.396833
31.400745
31.398373
31.410479
31.403844
31.398646
31.40164
31.420458
31.415538
31.415861
31.417056
31.415847
31.420445
31.414852
31.41413
31.41547
31.433217
31.430995
31.432172
31.430153
31.430272
31.432075
31.424323
31.426742
31.426642
31.451446
31.447116
31.449269
31.444035
31.445377
31.44926
31.434729
31.439313
31.438133
31.454322
31.459748
31.461311
31.454777
31.455484
31.450942
31.447637
31.456106
31.453693
31.347865
31.352145
31.361335
31.333742
31.342925
31.339077
31.335847
31.336612
31.327631
31.346599
31.347682
31.356226
31.330451
31.33907
31.338686
31.330921
31.33164
31.322971
31.346856
31.345338
31.352816
31.330529
31.337932
31.339901
31.329906
31.330997
31.323296
31.353134
31.34918
31.3554
31.337198
31.343097
31.347851
31.335317
31.336172
31.329856
31.362646
31.357462
31.361764
31.349793
31.353462
31.359559
31.345363
31.347439
31.343176
31.373065
31.371033
31.372701
31.369529
31.370037
31.372947
31.359336
31.363343
31.361806
31.389955
31.387716
31.386376
31.393425
31.390079
31.394129
31.37963
31.381515
31.383806
31.402547
31.406466
31.399908
31.424742
31.414617
31.410868
31.395775
31.406805
31.41462
31.412078
31.421397
31.411139
31.451131
31.435675
31.427366
31.416132
31.429674
31.443957
31.418568
31.430796
31.416258
31.471999
31.449753
31.432863
31.430505
31.447403
31.466648
31.420469
31.426957
31.408945
31.472976
31.446091
31.439707
31.428512
31.442612
31.460333
31.380074
31.394288
31.380865
31.416334
31.400288
31.390781
31.447726
31.439105
31.465244
31.409358
31.389623
31.378235
31.421347
31.403509
31.422826
31.410355
31.387364
31.407176
31.411598
31.395749
31.386235
31.422521
31.408217
31.4233
31.428344
31.414357
31.431095
31.41388
31.398479
31.392182
31.417875
31.407655
31.422254
31.426891
31.412783
31.425048
31.419391
31.408908
31.40411
31.422378
31.41475
31.424502
31.426161
31.418055
31.426865
31.424772
31.42183
31.418899
31.430236
31.4254
31.427868
31.427934
31.424722
31.429934
31.431974
31.431677
31.430524
31.435721
31.433194
31.432897
31.428957
31.430313
31.43278
31.445103
31.442105
31.442857
31.44187
31.441768
31.444501
31.433262
31.436952
31.437281
31.445059
31.450671
31.451073
31.447696
31.447336
31.443368
31.441448
31.448259
31.4472
31.3129
31.31516
31.32447
31.296379
31.305775
31.304074
31.298264
31.299032
31.289846
31.314898
31.313443
31.321905
31.296579
31.305034
31.307003
31.295977
31.297183
31.288544
31.31951
31.315782
31.323145
31.301118
31.30845
31.31286
31.299566
31.300264
31.292607
31.333084
31.325854
31.33144
31.315079
31.320384
31.328486
31.310434
31.311602
31.305749
31.352553
31.343364
31.346404
31.338205
31.3406
31.350954
31.328549
31.331844
31.328628
31.376747
31.370407
31.369726
31.37382
31.371926
31.379846
31.354474
31.360552
31.361195
31.413891
31.404048
31.398251
31.420233
31.41163
31.423267
31.392059
31.398102
31.404644
31.454311
31.45028
31.436212
31.484285
31.465789
31.472769
31.432034
31.446351
31.462752
31.490077
31.494575
31.472327
31.555755
31.52489
31.522967
31.481428
31.505571
31.533331
31.519628
31.532479
31.499777
31.619032
31.571902
31.549886
31.531426
31.55767
31.598253
31.535578
31.539051
31.501407
31.621463
31.579629
31.577352
31.523546
31.528459
31.555989
31.425489
31.486538
31.450268
31.564262
31.549827
31.435574
31.573172
31.577286
31.633876
31.491628
31.470013
31.444079
31.538411
31.501975
31.522467
31.44433
31.464702
31.503023
31.473822
31.462195
31.442028
31.51877
31.490415
31.499414
31.52757
31.50735
31.540544
31.45738
31.446326
31.431264
31.485762
31.464755
31.473953
31.500169
31.478604
31.503375
31.448065
31.441981
31.431046
31.468642
31.453936
31.458824
31.475396
31.462627
31.479039
31.442291
31.44268
31.435787
31.459752
31.450584
31.44896
31.45927
31.45223
31.462105
31.439313
31.442568
31.43894
31.451579
31.446644
31.442696
31.446141
31.445215
31.450486
31.445505
31.443325
31.442355
31.446752
31.444829
31.446628
31.440174
31.441011
31.443394
31.440194
31.445608
31.444972
31.444665
31.443225
31.439275
31.440237
31.445533
31.445724
31.277393
31.27736
31.286893
31.258115
31.267755
31.268354
31.259933
31.260752
31.25131
31.283022
31.279538
31.288066
31.2624
31.271002
31.27495
31.260884
31.26242
31.253642
31.29319
31.286508
31.293804
31.271981
31.279237
31.286686
31.269451
31.269852
31.26229
31.315763
31.304806
31.309869
31.294964
31.29982
31.311788
31.286697
31.2887
31.283216
31.34861
31.334323
31.336069
31.331719
31.332815
31.348657
31.315187
31.320385
31.318215
31.393654
31.380016
31.376813
31.389274
31.38463
31.400653
31.357584
31.367199
31.37028
31.4618
31.442728
31.430947
31.472151
31.456788
31.478961
31.420622
31.433824
31.44588
31.555083
31.528705
31.504043
31.589208
31.554368
31.585307
31.501879
31.526487
31.557046
31.648679
31.639126
31.597832
31.750957
31.696237
31.712705
31.611842
31.650632
31.699393
31.733544
31.741017
31.673897
31.911349
31.816515
31.806177
31.734237
31.779721
31.859314
31.7701
31.724586
31.668701
31.841308
31.773008
31.853745
31.729208
31.663084
31.719259
31.480524
31.620275
31.594576
31.733946
31.691977
31.508173
31.772897
31.820282
31.904429
31.658286
31.63383
31.582394
31.767839
31.693382
31.718632
31.552526
31.58719
31.666025
31.595296
31.596757
31.55714
31.70213
31.647304
31.641768
31.718332
31.684103
31.748527
31.53922
31.538513
31.510176
31.607397
31.570059
31.567552
31.633747
31.599107
31.641663
31.501532
31.503427
31.484457
31.547624
31.523746
31.519602
31.561867
31.541016
31.567
31.475799
31.482167
31.47035
31.510511
31.495995
31.486405
31.513187
31.500628
31.516645
31.45694
31.463651
31.457164
31.478871
31.470788
31.463131
31.479103
31.472058
31.480868
31.452111
31.451754
31.449101
31.458356
31.45493
31.454586
31.455811
31.45348
31.458072
31.438254
31.444607
31.442915
31.44545
31.44311
31.437892
31.44406
31.448211
31.449523
31.240872
31.238619
31.248394
31.218854
31.228776
31.23155
31.220607
31.221521
31.211764
31.250434
31.245
31.253728
31.227172
31.236182
31.242137
31.225021
31.226859
31.217714
31.267281
31.257478
31.264733
31.242917
31.250216
31.260815
31.238891
31.239523
31.231855
31.300783
31.285483
31.290167
31.276288
31.280838
31.297287
31.263693
31.267064
31.261825
31.351239
31.330379
31.330827
31.330252
31.330065
31.352879
31.305013
31.312944
31.311787
31.425953
31.401829
31.395536
31.417882
31.409709
31.437403
31.369136
31.384281
31.39023
31.544844
31.509388
31.489931
31.555402
31.531396
31.572206
31.469436
31.494035
31.512733
31.722477
31.669331
31.623698
31.772062
31.713331
31.774531
31.615545
31.663248
31.712524
31.951582
31.899972
31.830318
32.088937
32.003469
32.071511
31.838307
31.903139
31.988458
32.177131
32.147948
32.014948
32.476996
32.289707
32.323458
32.119872
32.207144
32.359171
32.225134
31.974973
31.883299
32.1114
32.015852
32.393205
32.20979
31.929683
32.066156
31.632439
31.910919
31.833861
32.211598
32.063245
31.696555
32.121723
32.261037
32.552393
31.974872
31.957854
31.847318
32.220779
32.062199
32.085159
31.897303
31.89223
32.070375
31.813208
31.843035
31.767586
32.028117
31.926886
31.888864
32.064348
32.000098
32.121186
31.6761
31.695814
31.647471
31.807524
31.745938
31.721195
31.858845
31.801056
31.869321
31.58773
31.602707
31.5731
31.670529
31.634287
31.614862
31.699265
31.664132
31.702159
31.525732
31.543694
31.526622
31.581996
31.562375
31.542458
31.597586
31.574732
31.597833
31.485439
31.49768
31.487933
31.520112
31.508684
31.494998
31.528807
31.513035
31.525408
31.464847
31.466365
31.462152
31.476456
31.471218
31.469246
31.481135
31.474108
31.480238
31.439418
31.44727
31.444669
31.450069
31.446892
31.439896
31.45362
31.453875
31.455735
31.202799
31.19871
31.208826
31.178322
31.188561
31.19305
31.180185
31.181161
31.171066
31.216393
31.208768
31.217976
31.190487
31.199646
31.207727
31.18776
31.189736
31.180358
31.241142
31.227998
31.235537
31.212759
31.220353
31.234342
31.207148
31.20831
31.200384
31.28758
31.267283
31.271744
31.258144
31.262705
31.284319
31.240655
31.245997
31.240686
31.36043
31.33125
31.330466
31.333217
31.33196
31.363534
31.297446
31.30904
31.308803
31.476362
31.437498
31.427322
31.460789
31.448445
31.492137
31.389328
31.412627
31.421327
31.673469
31.611101
31.582251
31.677731
31.643719
31.714075
31.542212
31.584666
31.611231
31.998078
31.902497
31.828038
32.064419
31.972003
32.082517
31.791993
31.87679
31.952195
32.491868
32.33193
32.22292
32.66102
32.522239
32.694777
32.219942
32.348162
32.502477
33.051347
32.940575
32.669635
33.599247
33.205761
33.361768
32.839594
33.028176
33.329731
33.094392
32.283927
32.186155
32.601082
32.421042
33.447747
33.27834
32.599952
33.129929
31.982019
32.532774
32.405234
32.925679
32.788156
32.115871
33.308088
33.073472
33.278896
32.557237
32.583832
32.355107
33.08317
32.763283
32.75939
32.67272
32.603167
32.962785
32.183939
32.268266
32.136865
32.576839
32.410959
32.303792
32.680247
32.553587
32.75392
31.890902
31.947251
31.869683
32.119931
32.023424
31.960309
32.222523
32.122008
32.226685
31.713234
31.752928
31.710147
31.849055
31.799392
31.75118
31.905893
31.847209
31.903588
31.601121
31.627097
31.603618
31.680851
31.653138
31.623962
31.717094
31.677891
31.707545
31.52805
31.545244
31.532327
31.574132
31.559317
31.540489
31.597156
31.569348
31.586215
31.484496
31.488301
31.482141
31.502038
31.494949
31.490276
31.516604
31.502261
31.510696
31.443163
31.453337
31.450081
31.45728
31.453559
31.443888
31.468651
31.463086
31.465999
31.16335
31.15761
31.168014
31.136598
31.147151
31.153248
31.138533
31.139571
31.129106
31.181449
31.171896
31.181251
31.152911
31.16246
31.172513
31.149548
31.151723
31.141982
31.213948
31.197601
31.205182
31.182182
31.189898
31.20711
31.174524
31.176411
31.168296
31.274724
31.248896
31.253361
31.239774
31.244204
31.271448
31.216926
31.224549
31.219265
31.375232
31.335761
31.334365
31.339064
31.337295
31.379251
31.291194
31.307582
31.3079
31.546342
31.487747
31.47307
31.517693
31.501158
31.566856
31.417447
31.45171
31.463815
31.859118
31.756286
31.716955
31.84766
31.802734
31.917297
31.642029
31.710957
31.746132
32.438593
32.262222
32.149254
32.500883
32.364755
32.570656
32.050594
32.196075
32.305003
33.412941
33.105474
32.924346
33.685298
33.452063
33.762966
32.81888
33.092824
33.332588
34.860324
34.574131
33.971779
35.977527
35.085059
35.632299
34.147811
34.608522
35.154848
34.984069
33.171075
32.839555
34.197047
33.604999
35.733153
35.857897
34.791668
36.161297
33.068387
33.543279
33.294389
34.574694
34.034509
33.29078
34.858026
34.823023
35.209694
33.604232
33.767326
33.34243
34.696629
34.159902
33.996595
34.243782
34.247082
34.906963
32.785721
32.970959
32.764462
33.471973
33.213378
32.979169
33.758228
33.492577
33.799479
32.213615
32.332528
32.212834
32.587017
32.448289
32.318126
32.794016
32.608867
32.767954
31.88727
31.956555
31.902105
32.084086
32.019465
31.941474
32.20392
32.105492
32.179381
31.702446
31.741571
31.710076
31.811482
31.774993
31.73181
31.880326
31.81242
31.852722
31.582108
31.606935
31.59004
31.643693
31.625
31.597639
31.68632
31.644438
31.666174
31.509695
31.517624
31.50971
31.534495
31.525932
31.516693
31.562738
31.539589
31.55006
31.448023
31.461772
31.457972
31.46677
31.462637
31.449068
31.488194
31.476067
31.479804
31.122322
31.115258
31.125983
31.093541
31.10446
31.111805
31.095605
31.096677
31.085804
31.145182
31.133536
31.143277
31.113763
31.123702
31.135854
31.109843
31.112287
31.102185
31.185964
31.166396
31.1743
31.150208
31.158319
31.1789
31.140348
31.143356
31.134747
31.262037
31.230454
31.235065
31.220845
31.225663
31.259273
31.19243
31.202611
31.197065
31.394643
31.34315
31.340899
31.347613
31.344785
31.398927
31.28575
31.307699
31.308291
31.633874
31.55051
31.532897
31.585445
31.568892
31.663042
31.451953
31.500317
31.512526
32.112449
31.952148
31.901356
32.069987
32.013079
32.190864
31.77056
31.877032
31.9176
33.102088
32.785733
32.624275
33.120631
32.932606
33.296087
32.407105
32.64884
32.795574
35.096722
34.44212
34.133909
35.435448
35.017818
35.709522
33.746687
34.290495
34.669635
38.79496
37.857593
36.702231
39.978269
38.488587
40.373307
36.779948
37.192636
38.147379
39.043707
36.069361
35.06032
40.186037
38.067843
40.777882
41.243639
41.024327
43.882881
35.950162
36.618075
35.427344
39.784814
37.915162
37.077315
39.570434
38.35004
40.417745
35.491846
35.98153
35.29993
37.757455
36.845018
36.21943
37.405425
37.363756
38.440249
33.728749
34.10142
33.777378
34.883474
34.483282
34.035754
35.593188
35.010405
35.507477
32.67151
32.880315
32.723758
33.233314
33.049419
32.81386
33.652714
33.338428
33.553513
32.128293
32.232825
32.157691
32.402304
32.318282
32.199862
32.628773
32.444033
32.544692
31.830342
31.888869
31.848999
31.973075
31.929423
31.865709
32.092196
31.991044
32.041384
31.647814
31.683275
31.662995
31.726118
31.704153
31.66591
31.797877
31.737152
31.762977
31.539081
31.552868
31.543583
31.572552
31.562633
31.547115
31.61808
31.584325
31.596343
31.453887
31.472125
31.468044
31.477697
31.47346
31.45492
31.512019
31.492111
31.496429
31.079457
31.071329
31.082513
31.048898
31.060155
31.068483
31.051204
31.052232
31.041018
31.107022
31.093423
31.103646
31.072777
31.083079
31.097177
31.068242
31.071153
31.060713
31.156257
31.133549
31.141822
31.116191
31.124592
31.148121
31.104071
31.108393
31.099324
31.248206
31.210489
31.215973
31.198854
31.20651
31.24573
31.165769
31.178154
31.170791
31.406985
31.349149
31.348255
31.337666
31.343098
31.401507
31.279657
31.309256
31.307458
31.738392
31.623341
31.607397
31.667181
31.647426
31.761716
31.483065
31.539986
31.54328
32.421002
32.1778
32.138447
32.229417
32.211536
32.497698
31.920366
32.021207
32.031671
34.053181
33.510726
33.293856
33.953034
33.713219
34.190075
32.731999
33.247696
33.419372
38.080517
36.717893
36.157335
38.345694
37.603621
39.210113
35.123104
36.155077
36.442634
45.946524
42.544732
40.880483
45.801536
43.686819
49.134934
41.379281
41.234069
42.967785
50.949266
49.270109
43.965558
68.507224
56.83753
58.645521
53.029477
56.610037
65.044124
42.778063
44.534036
41.745799
51.72179
47.437659
45.164804
49.293163
49.07517
54.752031
38.89141
40.080314
38.868311
43.005487
41.448593
40.083393
43.74768
42.732683
44.512851
35.148054
35.828058
35.352021
36.970247
36.384516
35.583247
38.653224
37.40223
38.189987
33.302857
33.644572
33.434956
34.109865
33.876552
33.490189
34.890284
34.327151
34.623114
32.428783
32.590534
32.495817
32.798366
32.692186
32.514247
33.180026
32.888639
33.01639
31.982595
32.06492
32.017329
32.164192
32.11285
32.024346
32.352378
32.207689
32.268435
31.724347
31.772034
31.748539
31.820707
31.79588
31.744999
31.930038
31.845949
31.875433
31.572465
31.593404
31.582918
31.615213
31.604244
31.581225
31.682139
31.635156
31.648418
31.459591
31.483586
31.479387
31.48955
31.485357
31.460709
31.538614
31.510071
31.514722
31.035203
31.02623
31.037624
31.003257
31.014799
31.023937
31.005765
31.006801
30.995307
31.067137
31.051763
31.062359
31.030414
31.041349
31.057076
31.02526
31.028814
31.018016
31.123901
31.097354
31.107082
31.081756
31.0897
31.113586
31.065107
31.070352
31.06183
31.227607
31.189272
31.193584
31.178682
31.182883
31.222124
31.136928
31.150694
31.143006
31.417497
31.351981
31.346978
31.354356
31.356281
31.421739
31.277519
31.316999
31.312811
31.850841
31.71169
31.690336
31.741387
31.725716
31.866782
31.515686
31.58223
31.594287
32.724888
32.37296
32.250146
32.513795
32.437199
32.80966
32.051316
32.188726
32.244853
34.772539
34.401713
34.166923
34.944435
34.749336
35.298105
33.156156
34.034982
34.186667
41.762387
40.350176
39.380736
43.143682
41.712131
43.18392
36.833533
38.230669
38.923024
44.256937
46.65279
44.717417
51.180596
48.766517
45.963384
56.466079
51.97802
55.253231
37.103708
38.295873
37.627871
39.822927
39.070546
37.670629
43.231133
40.954919
41.982419
34.101677
34.626744
34.368944
35.192097
34.908601
34.334963
36.523041
35.611101
35.976314
32.788933
33.024712
32.907176
33.268879
33.140596
32.888258
33.855856
33.433819
33.589677
32.158816
32.270328
32.215726
32.382871
32.32541
32.20548
32.660271
32.45936
32.527847
31.810026
31.871871
31.845873
31.925367
31.898262
31.832842
32.080321
31.968694
32.001479
31.608572
31.637813
31.626413
31.661029
31.649278
31.617827
31.753052
31.690669
31.704939
31.465038
31.495418
31.491533
31.500995
31.497275
31.465705
31.566788
31.528799
31.53338
30.989484
30.979838
30.991602
30.956244
30.968035
30.977774
30.959123
30.960121
30.948326
31.025003
31.008799
31.019776
30.987005
30.997975
31.013906
30.980498
30.984798
30.973458
31.087817
31.060489
31.072701
31.041078
31.048658
31.079556
31.023974
31.032849
31.023438
31.215053
31.167592
31.173256
31.155079
31.161649
31.210058
31.10677
31.125855
31.119458
31.444234
31.354965
31.353249
31.359344
31.357523
31.449085
31.263892
31.306119
31.303871
31.949213
31.77498
31.758669
31.806353
31.790872
31.978512
31.55353
31.642597
31.657119
33.122539
32.684738
32.599438
32.85067
32.76791
33.227197
32.233282
32.440024
32.50297
36.310998
35.455564
35.186448
35.993689
35.722984
36.689209
33.711822
34.756902
34.950618
48.918676
45.325552
44.140972
47.911848
46.620601
51.07997
38.870394
41.301064
42.16783
51.785877
56.67825
53.710845
63.199253
59.751021
53.980014
86.874317
68.756159
74.27736
39.58099
41.536333
40.694116
43.362205
42.430173
40.220991
49.280221
45.437392
46.677921
35.0565
35.800231
35.497448
36.439521
36.128609
35.313366
38.5238
37.162691
37.555948
33.204839
33.526063
33.390822
33.793614
33.653293
33.313781
34.639929
34.062265
34.233751
32.35475
32.499645
32.440893
32.620441
32.559958
32.404383
33.007359
32.739316
32.811677
31.902406
31.980348
31.952773
32.036594
32.008489
31.92662
32.245013
32.101943
32.136465
31.646001
31.684441
31.672631
31.707898
31.696093
31.655488
31.828164
31.748838
31.763583
31.468679
31.50631
31.502965
31.511275
31.508155
31.4689
31.595403
31.547192
31.551485
30.942623
30.932541
30.944395
30.908733
30.92061
30.930622
30.911753
30.912797
30.900821
30.981227
30.964134
30.975241
30.941733
30.953322
30.970373
30.934653
30.939388
30.928086
31.053017
31.020414
31.030671
31.000536
31.010501
31.043737
30.982286
30.992083
30.981326
31.192794
31.140154
31.147715
31.124681
31.132479
31.186662
31.074015
31.094844
31.086693
31.460528
31.359678
31.360072
31.358073
31.359033
31.462786
31.244027
31.296244
31.292688
32.058137
31.838748
31.822695
31.87074
31.854978
32.082822
31.587053
31.696839
31.709578
33.531622
33.011039
32.931144
33.161711
33.087236
33.626705
32.40417
32.68008
32.735047
37.846863
36.520265
36.258586
37.020274
36.772533
38.218401
34.272815
35.516241
35.69592
57.604616
50.490198
49.211391
52.961111
51.7434
59.737991
41.082201
44.760558
45.584501
42.3614
45.202927
44.238109
46.990746
46.087434
42.992792
55.830944
50.370249
51.435312
36.096253
37.101071
36.786364
37.769057
37.450453
36.37664
40.663499
38.834995
39.250277
33.655069
34.067705
33.926512
34.345366
34.20391
33.771215
35.48379
34.738108
34.908869
32.562372
32.744004
32.682006
32.868779
32.80572
32.614068
33.376527
33.037199
33.109619
31.998185
32.093985
32.065069
32.151851
32.121904
32.022824
32.417183
32.240675
32.275376
31.683179
31.731261
31.719538
31.754256
31.742664
31.692288
31.904612
31.807716
31.822134
31.470698
31.515818
31.51326
31.519399
31.517211
31.470182
31.622844
31.56424
31.567926
30.894717
30.884683
30.896664
30.86047
30.87262
30.88241
30.863737
30.864645
30.852697
30.937133
30.91814
30.93006
30.895783
30.906812
30.925786
30.887067
30.892634
30.880861
31.013874
30.980454
30.990522
30.959878
30.970216
31.003712
30.939301
30.949266
30.938213
31.166332
31.108406
31.116652
31.091414
31.099993
31.158846
31.035597
31.061254
31.052211
31.467795
31.354291
31.356305
31.349297
31.351927
31.46905
31.220727
31.279631
31.27492
32.1512
31.901826
31.886673
31.930337
31.916614
32.171777
31.608577
31.742844
31.751561
33.891851
33.29945
33.231918
33.421345
33.362057
33.971873
32.543538
32.886642
32.932393
39.27187
37.484631
37.25607
37.910294
37.702497
39.594917
34.773614
36.191976
36.343176
65.534574
55.325395
54.152761
57.527699
56.454426
67.35684
43.075847
47.860927
48.556619
45.056483
48.641428
47.896158
50.267145
49.515561
45.580893
61.419959
54.75048
56.134139
37.162745
38.424998
38.110625
39.058314
38.754514
37.437779
42.586319
40.46859
40.871883
34.118423
34.624151
34.481056
34.898209
34.753888
34.227398
36.329811
35.408884
35.585999
32.77328
32.993213
32.930085
33.116566
33.053422
32.825727
33.750046
33.337057
33.414048
32.094163
32.20887
32.178682
32.263538
32.235803
32.118187
32.591306
32.380753
32.412293
31.71875
31.776591
31.76531
31.798072
31.787358
31.72695
31.980563
31.86453
31.879402
31.46979
31.522734
31.520955
31.524822
31.523437
31.468467
31.647949
31.578817
31.58181
30.846014
30.835849
30.848147
30.811644
30.823669
30.833824
30.815318
30.81639
30.804264
30.890856
30.872425
30.88433
30.848539
30.860418
30.879228
30.839681
30.845953
30.834146
30.972482
30.938941
30.949448
30.917441
30.928233
30.961887
30.894407
30.905097
30.894056
31.134982
31.074191
31.082833
31.056494
31.065407
31.126624
30.995299
31.0242
31.014607
31.470435
31.343319
31.346474
31.335857
31.339789
31.469542
31.194715
31.260042
31.254492
32.226298
31.954468
31.943
31.973832
31.964673
32.242458
31.618323
31.770372
31.774335
34.188254
33.526136
33.475486
33.614287
33.572025
34.251601
32.651925
33.053119
33.087364
40.473184
38.297396
38.108964
38.645587
38.478109
40.734584
35.189224
36.74923
36.868082
47.209998
51.896062
51.150861
52.607677
52.207862
47.662659
66.075986
58.453075
59.089014
38.156773
39.614234
39.349554
40.321638
39.906961
38.429419
44.661906
41.901032
42.269045
34.538084
35.135196
35.020332
35.330673
35.252426
34.582982
37.074554
36.020231
36.13405
32.982456
33.222645
33.169212
33.295327
33.259254
33.025511
34.107206
33.63055
33.687403
32.186267
32.316485
32.293516
32.365118
32.348883
32.211531
32.760298
32.504626
32.522585
31.750925
31.819208
31.808365
31.83967
31.827806
31.758244
32.054421
31.917935
31.930836
31.466015
31.52677
31.525742
31.527069
31.526445
31.46409
31.669875
31.590677
31.591977
30.797278
30.787296
30.799481
30.762931
30.775071
30.785107
30.766853
30.767836
30.755713
30.8442
30.824866
30.836685
30.801056
30.812977
30.832393
30.791793
30.79856
30.786655
30.929745
30.895576
30.906533
30.873424
30.88452
30.918892
30.848909
30.860861
30.849719
31.100744
31.038307
31.047472
31.019522
31.028992
31.091805
30.953831
30.985263
30.97526
31.462491
31.326823
31.331547
31.316118
31.321673
31.45881
31.164847
31.235382
31.228201
32.284266
31.988918
31.981708
32.000369
31.994994
32.29594
31.61421
31.78066
31.781185
34.41935
33.687076
33.652341
33.746118
33.718257
34.467306
32.730397
33.171812
33.193826
41.431179
38.953494
38.806125
39.222716
39.094109
41.638774
35.518732
37.178454
37.267612
49.04767
53.803933
53.300263
54.724351
54.263997
49.415336
69.222292
60.833194
61.271795
39.118404
40.779231
40.551383
41.226948
41.010115
39.329414
46.043634
43.186284
43.455395
34.87349
35.609157
35.486151
35.851839
35.735776
35.008362
37.887351
36.594794
36.74974
33.181962
33.382359
33.337187
33.512786
33.465988
33.253751
34.468949
33.962871
34.009077
32.27676
32.429411
32.383819
32.481426
32.457319
32.297678
32.959407
32.621554
32.642191
31.778468
31.85502
31.846274
31.8767
31.869874
31.789628
32.122695
31.965651
31.976435
31.458056
31.527337
31.526898
31.516434
31.521393
31.453893
31.688319
31.595461
31.598881
30.748742
30.738776
30.750825
30.714558
30.726667
30.736551
30.718329
30.719486
30.707444
30.796699
30.77717
30.789123
30.753293
30.765225
30.784751
30.743506
30.75084
30.738911
30.885982
30.851107
30.862281
30.828681
30.8399
30.874896
30.802442
30.816042
30.804747
31.063969
31.000123
31.009899
30.980149
30.990199
31.05435
30.911078
30.94451
30.934048
31.444438
31.303789
31.310147
31.289965
31.297044
31.43865
31.130151
31.204601
31.196213
32.32394
32.008421
32.004736
32.013172
32.011146
32.33106
31.599186
31.779163
31.777239
34.590813
33.793496
33.771367
33.831191
33.813793
34.62535
32.778593
33.244229
33.256176
42.177223
39.456086
39.34449
39.656977
39.56088
42.336995
35.768665
37.497284
37.563029
50.579007
55.458051
55.117723
56.113022
55.790304
50.906444
71.320713
62.351265
62.652801
39.783325
41.650138
41.441587
42.019128
41.839987
39.926753
47.125981
44.141998
44.33147
35.279509
36.062055
35.964708
36.266664
36.165348
35.361553
38.416839
37.120195
37.224415
33.354062
33.645492
33.577084
33.747026
33.699306
33.395041
34.763553
34.169396
34.221459
32.351394
32.524595
32.504722
32.573013
32.547864
32.373265
33.074223
32.734731
32.75829
31.80923
31.891873
31.884532
31.903722
31.897341
31.812305
32.184751
32.008307
32.026086
31.44645
31.520802
31.521954
31.519177
31.520626
31.438657
31.708041
31.6044
31.603912
30.700133
30.690428
30.702478
30.666392
30.678399
30.688051
30.670339
30.671482
30.659513
30.748942
30.729454
30.741372
30.705665
30.717554
30.737017
30.69556
30.703213
30.691348
30.841365
30.806134
30.817422
30.783471
30.794811
30.830093
30.755463
30.770661
30.759239
31.024603
30.959698
30.969978
30.938876
30.949326
31.014436
30.866955
30.902175
30.891434
31.418821
31.27489
31.282566
31.258791
31.266957
31.411474
31.091982
31.16985
31.160741
32.345546
32.014703
32.0143
32.013072
32.014208
32.348315
31.577079
31.76803
31.763772
34.713122
33.860769
33.847199
33.883542
33.873209
34.736704
32.79948
33.280004
33.284412
42.745422
39.829044
39.746791
39.976969
39.906643
42.866551
35.950175
37.728825
37.775898
51.752297
56.683494
56.407036
57.154033
56.933365
51.998637
72.471539
63.371825
63.549765
40.302757
42.349258
42.191372
42.635088
42.497557
40.419849
47.930451
44.827716
44.981062
35.606632
36.445539
36.359096
36.603935
36.526948
35.683073
38.87873
37.512276
37.603778
33.507263
33.837277
33.792322
33.920165
33.879041
33.541628
35.020127
34.370924
34.41377
32.418301
32.603057
32.588443
32.635393
32.61994
32.430523
33.188056
32.833724
32.855792
31.825654
31.915595
31.909586
31.925651
31.921116
31.828412
32.227822
32.044214
32.049117
31.42609
31.515799
31.517136
31.51332
31.513985
31.422294
31.716275
31.597844
31.599523
30.651969
30.642403
30.654383
30.618617
30.630482
30.639999
30.622303
30.623642
30.611788
30.701283
30.681916
30.693791
30.658202
30.670059
30.689385
30.64783
30.655827
30.644011
30.796071
30.760731
30.772111
30.737932
30.749331
30.784682
30.708353
30.724807
30.713297
30.983353
30.917744
30.928346
30.896371
30.907088
30.972834
30.822008
30.858926
30.848004
31.387661
31.241848
31.250421
31.2242
31.233112
31.37921
31.051515
31.132549
31.12288
32.35039
32.008473
32.011077
32.001125
32.00508
32.349164
31.549857
31.747848
31.741521
34.795663
33.900231
33.89277
33.91144
33.906651
34.810193
32.797386
33.288037
33.286782
43.185315
40.104138
40.043998
40.208429
40.159531
43.275899
36.075053
37.892666
37.92332
83.631778
100.37574
100.5782
99.791457
100.10572
83.60815
174.94345
127.11357
126.38763
52.603049
57.525209
57.351086
57.798962
57.671182
52.753136
72.839466
63.953665
64.048227
40.750331
42.882758
42.762977
43.089791
42.991181
40.851934
48.515211
45.407339
45.528783
35.898591
36.746375
36.676808
36.874402
36.812002
35.962405
39.249747
37.862112
37.93899
33.637644
33.993184
33.957358
34.062
34.027902
33.66799
35.242427
34.535639
34.573533
32.465249
32.663815
32.649988
32.688588
32.676731
32.476122
33.277805
32.916868
32.936054
31.834437
31.931998
31.928975
31.93798
31.935147
31.835883
32.261376
32.067386
32.072927
31.408314
31.507554
31.51121
31.498387
31.502751
31.403308
31.709833
31.596245
31.594483
30.60432
30.595006
30.606794
30.571537
30.583248
30.592495
30.574834
30.576518
30.564841
30.653744
30.634522
30.646355
30.610934
30.62272
30.641906
30.60041
30.608639
30.596891
30.750435
30.715107
30.726513
30.692302
30.7037
30.739009
30.661251
30.678768
30.66726
30.940871
30.874784
30.885599
30.853031
30.863932
30.930111
30.776736
30.814991
30.803907
31.352525
31.205885
31.215118
31.186945
31.196491
31.343237
31.009393
31.093096
31.082929
32.340208
31.991214
31.996405
31.978993
31.985307
32.335446
31.51796
31.720068
31.712156
34.842976
33.917244
33.915168
33.91794
33.918512
34.848586
32.776508
33.275092
33.269534
43.486385
40.286784
40.250555
40.321071
40.307031
43.528278
36.145527
37.990941
38.004785
83.288612
98.936277
99.379629
97.983939
98.453668
83.130254
166.77801
123.7286
122.75607
53.061738
57.989664
57.901532
58.105478
58.055786
53.126194
72.671945
64.229128
64.25416
41.126508
43.256874
43.178229
43.387708
43.326115
41.206702
48.906081
45.818083
45.89298
36.12773
36.987909
36.932855
37.087704
37.039207
36.175425
39.556647
38.137792
38.194028
33.753114
34.126754
34.09495
34.185053
34.15675
33.778574
35.41625
34.6741
34.703026
32.505881
32.711233
32.700334
32.731717
32.721791
32.514575
33.353022
32.987994
33.002933
31.838085
31.941599
31.940127
31.943413
31.942685
31.837834
32.287252
32.08694
32.090713
31.389102
31.490084
31.494144
31.48099
31.48525
31.382719
31.704044
31.58833
31.58558
30.557155
30.548201
30.559849
30.524994
30.536579
30.545418
30.527846
30.529985
30.518424
30.606497
30.587425
30.599172
30.564049
30.575723
30.59474
30.553337
30.561776
30.550133
30.704675
30.669481
30.680891
30.646677
30.658073
30.693217
30.614323
30.632717
30.621211
30.897501
30.831097
30.842087
30.809038
30.820081
30.886542
30.731212
30.770413
30.759194
31.314257
31.16735
31.177221
31.147139
31.15731
31.304266
30.966032
31.051713
31.041101
32.316606
31.964689
31.972049
31.94867
31.956832
32.308918
31.482166
31.686727
31.677775
34.853161
33.91461
33.9171
33.908597
33.911606
34.85361
32.741853
33.246517
33.236765
43.617141
40.34412
40.336744
40.360693
40.354393
43.625646
36.160751
38.022865
38.019551
82.594177
97.051834
97.509728
96.122226
96.597145
82.388348
158.69041
119.81153
118.82786
53.239571
58.158529
58.1391
58.159401
58.164261
53.259629
72.223007
64.242136
64.212485
41.405454
43.491123
43.442392
43.575914
43.535514
41.458682
49.142364
46.062353
46.104734
36.299846
37.175529
37.132881
37.253452
37.215593
36.335198
39.779111
38.333787
38.3728
33.844006
34.236309
34.21147
34.280166
34.259054
33.862318
35.53729
34.779387
34.801902
32.538004
32.750397
32.741385
32.76678
32.758991
32.544877
33.411767
33.040266
33.050278
31.834657
31.944354
31.943931
31.944778
31.944624
31.832988
32.309712
32.099439
32.101488
31.365631
31.471569
31.476228
31.461338
31.466043
31.358852
31.696002
31.574199
31.569909
30.510347
30.501867
30.513419
30.478776
30.490313
30.498688
30.481417
30.483871
30.472373
30.559617
30.540788
30.55241
30.517592
30.529187
30.547947
30.506633
30.515342
30.50377
30.658836
30.623867
30.63527
30.601017
30.612445
30.647355
30.567619
30.586691
30.575171
30.853446
30.786858
30.797964
30.764533
30.775715
30.842333
30.685481
30.725383
30.714055
31.273387
31.126346
31.136807
31.104964
31.115721
31.262809
30.921782
31.008691
30.99769
32.281877
31.931141
31.940091
31.912427
31.921805
32.27221
31.443155
31.649734
31.639992
34.842676
33.898703
33.904421
33.884607
33.891441
34.83765
32.697432
33.209137
33.199283
43.625307
40.363262
40.363043
40.357971
40.361552
43.62236
36.150788
38.006436
38.000953
81.669586
95.148967
95.639955
94.159092
94.654052
81.405747
150.94769
115.85366
114.86573
53.278392
58.11031
58.141137
58.02169
58.071614
53.271303
71.619689
64.038646
63.957598
41.587966
43.647403
43.613519
43.703096
43.677558
41.62191
49.253349
46.19734
46.216782
36.424147
37.322435
37.289134
37.381563
37.353575
36.448644
39.915664
38.474948
38.504581
33.908486
34.317224
34.299457
34.348198
34.333406
33.921215
35.620655
34.861135
34.878134
32.561898
32.780857
32.774162
32.792862
32.787129
32.566242
33.450787
33.074562
33.081207
31.827598
31.944705
31.944865
31.943535
31.944303
31.825513
32.325033
32.105125
32.105489
31.342243
31.450819
31.455872
31.439684
31.444722
31.336093
31.683831
31.555605
31.550859
30.463849
30.455768
30.467253
30.432861
30.444301
30.452292
30.435404
30.438036
30.426636
30.513036
30.494488
30.506029
30.471469
30.482969
30.501441
30.460224
30.469193
30.457699
30.612891
30.578163
30.589586
30.555305
30.566734
30.6014
30.521073
30.540666
30.529173
30.808792
30.742103
30.753327
30.719569
30.730849
30.79756
30.639565
30.679996
30.668607
31.230284
31.083096
31.094087
31.060793
31.072011
31.219198
30.876819
30.964294
30.953011
32.240706
31.892247
31.902369
31.871464
31.881947
32.229869
31.401258
31.609654
31.599249
34.820225
33.871181
33.878075
33.856217
33.863928
34.812996
32.651083
33.16999
33.160212
43.608297
40.346152
40.352628
40.330412
40.338764
43.602303
36.127222
37.979019
37.970163
80.564348
93.175781
93.664895
92.216748
92.694538
80.272361
143.65743
111.90624
110.93964
53.207092
57.901997
57.965689
57.757108
57.832762
53.173736
70.904282
63.671938
63.565689
41.70152
43.743286
43.725009
43.765644
43.756766
41.720691
49.250297
46.248943
46.25115
36.507149
37.430376
37.407085
37.468544
37.450575
36.5226
40.00052
38.582583
38.603565
33.951311
34.373687
34.361537
34.39478
34.384782
33.958882
35.676665
34.920223
34.931632
32.575157
32.802725
32.798063
32.810712
32.807006
32.577053
33.476164
33.097522
33.102065
31.817784
31.940775
31.942388
31.936296
31.938753
31.814444
32.330089
32.103503
32.101991
31.317852
31.428307
31.433706
31.416319
31.421729
31.31133
31.668448
31.535635
31.530515
30.417754
30.410028
30.421433
30.387275
30.398637
30.406271
30.389874
30.39257
30.381271
30.466741
30.448507
30.459987
30.42559
30.437041
30.455182
30.414113
30.423286
30.411841
30.566898
30.532415
30.543865
30.5095
30.520955
30.555376
30.474711
30.494689
30.48321
30.763664
30.696915
30.708258
30.674153
30.685541
30.752312
30.593507
30.634312
30.622847
31.185365
31.038066
31.049457
31.015115
31.02664
31.173903
30.831418
30.918898
30.907446
32.19624
31.849881
31.860758
31.827671
31.838838
32.184793
31.357072
31.567272
31.556335
34.788926
33.839611
33.848046
33.822104
33.830944
34.780491
32.605333
33.13062
33.120843
43.576439
40.31095
40.32123
40.28821
40.299924
43.565777
36.094759
37.940933
37.930626
79.370463
91.259932
91.735296
90.304707
90.781443
79.063694
136.74758
108.16693
107.27686
53.037798
57.594059
57.680108
57.426222
57.510823
52.983397
70.182395
63.222087
63.098293
41.760977
43.77311
43.771551
43.766948
43.771365
41.768122
49.156647
46.236702
46.226152
36.559103
37.497942
37.484034
37.518876
37.509266
36.5681
40.048386
38.650343
38.660159
33.975246
34.41197
34.403878
34.425578
34.419337
33.979204
35.711352
34.959065
34.966103
32.579709
32.81669
32.813995
32.820807
32.818985
32.579828
33.494223
33.113252
33.116079
31.802027
31.930325
31.933502
31.923295
31.926948
31.797244
32.326204
32.095564
32.092957
31.292205
31.403783
31.409665
31.390589
31.396569
31.285493
31.649229
31.51377
31.508089
30.371959
30.364615
30.375934
30.342022
30.353312
30.360559
30.344858
30.347476
30.336235
30.420644
30.402749
30.414162
30.379953
30.391347
30.409157
30.368283
30.377629
30.366251
30.520823
30.486604
30.498057
30.463705
30.47515
30.509317
30.428523
30.4488
30.437335
30.718149
30.651334
30.662749
30.628477
30.63992
30.706698
30.547343
30.588402
30.576914
31.139141
30.991895
31.003543
30.968528
30.980252
31.12745
30.785638
30.872841
30.861221
32.150045
31.805058
31.81641
31.782174
31.793664
32.138487
31.311303
31.523014
31.511755
34.754505
33.804064
33.813137
33.785701
33.794894
34.745557
32.561721
33.092069
33.082621
43.530039
40.263131
40.275769
40.236823
40.249848
43.517756
36.058217
37.898271
37.887317
78.142806
89.341477
89.822228
88.395327
88.864134
77.840445
130.388
104.74268
103.92903
52.809401
57.260367
57.343806
57.081772
57.172996
52.746144
69.44504
62.690523
62.553978
41.775752
43.749358
43.758716
43.72569
43.736885
41.772075
49.006239
46.176627
46.153999
36.586129
37.532398
37.526559
37.538232
37.536254
36.589213
40.0575
38.675299
38.676342
33.987123
34.435657
34.431035
34.442536
34.439529
33.988803
35.727409
34.982459
34.986059
32.577588
32.822958
32.822074
32.823199
32.823314
32.576105
33.505404
33.121578
33.122361
31.781557
31.915514
31.919497
31.907274
31.911465
31.776002
32.317016
32.084111
32.08085
31.265415
31.376859
31.383254
31.36272
31.369109
31.258315
31.62696
31.489692
31.483535
30.326447
30.319482
30.330745
30.296997
30.308238
30.315111
30.300159
30.302598
30.291415
30.374765
30.3572
30.368572
30.334483
30.345842
30.363324
30.322725
30.332195
30.320857
30.47476
30.440791
30.452249
30.417869
30.429335
30.463234
30.382494
30.40297
30.391509
30.672448
30.605598
30.617056
30.582684
30.594119
30.660995
30.501144
30.542382
30.53086
31.092205
30.945093
30.95684
30.921642
30.933398
31.080448
30.73938
30.826298
30.814659
32.104083
31.75918
31.770709
31.73621
31.747711
32.0928
31.264699
31.477753
31.466383
34.71837
33.767156
33.776395
33.74854
33.757734
34.709114
32.520801
33.05489
33.045796
43.478942
40.210585
40.223405
40.18537
40.197729
43.467586
36.020041
37.854037
37.843298
76.938793
87.468532
87.926716
86.571071
87.014162
76.640205
124.72675
101.61709
100.88921
52.545405
56.89011
56.986653
56.692779
56.792074
52.474753
68.665363
62.134347
61.988267
41.748417
43.696335
43.711988
43.657915
43.678094
41.735762
48.82706
46.071632
46.042107
36.589503
37.538044
37.538898
37.531015
37.535285
36.586937
40.029153
38.669046
38.66298
33.989423
34.44624
34.444682
34.447557
34.447039
33.988467
35.727299
34.992744
34.993421
32.569111
32.821354
32.822526
32.817891
32.819809
32.566024
33.50728
33.121163
33.119677
31.758814
31.898591
31.902991
31.889413
31.894076
31.752876
32.303861
32.069836
32.065803
31.237134
31.348177
31.354937
31.333374
31.340112
31.229682
31.602552
31.463848
31.457227
30.281163
30.274552
30.285766
30.2521
30.263366
30.26989
30.255711
30.257912
30.246686
30.329037
30.311799
30.323133
30.289118
30.300485
30.317643
30.277422
30.286934
30.275584
30.428648
30.394942
30.406406
30.372018
30.3835
30.417143
30.336597
30.357182
30.345712
30.626616
30.559795
30.571264
30.536874
30.54833
30.615223
30.454928
30.496333
30.484818
31.045272
30.898311
30.909996
30.875132
30.886705
31.033651
30.693198
30.779814
30.768223
32.059541
31.713441
31.724834
31.690946
31.702164
32.048715
31.218116
31.432335
31.421123
34.682438
33.730142
33.739147
33.711824
33.720666
34.673708
32.482218
33.018944
33.010292
43.432486
40.162271
40.173665
40.141801
40.151803
43.424578
35.984665
37.812729
37.803728
75.754775
85.706483
86.13503
84.865566
85.281893
75.461
119.84841
98.817757
98.176039
52.255904
56.489825
56.59303
56.277699
56.38562
52.178383
67.856372
61.542404
61.386991
41.688781
43.613288
43.635905
43.564296
43.589405
41.670665
48.625961
45.945409
45.910117
36.571635
37.518629
37.525527
37.500985
37.51046
36.564297
39.975971
38.638482
38.628419
33.981547
34.445886
34.447095
34.441699
34.444035
33.977941
35.712212
34.991652
34.989829
32.55477
32.812401
32.815343
32.805288
32.809026
32.550324
33.500491
33.112287
33.108949
31.734709
31.879618
31.884592
31.869196
31.87446
31.728448
32.286613
32.052562
32.047772
31.207787
31.318286
31.325315
31.303035
31.310014
31.200115
31.576452
31.436205
31.429173
30.235796
30.229479
30.240802
30.208616
30.219709
30.226135
30.211907
30.214238
30.203164
30.283249
30.266313
30.277695
30.24651
30.257727
30.274829
30.233863
30.243876
30.232692
30.382559
30.349071
30.360483
30.331067
30.342421
30.376395
30.293869
30.315269
30.303933
30.581188
30.514255
30.525383
30.500677
30.511974
30.580282
30.414696
30.457804
30.44644
31.000418
30.853092
30.863654
30.850435
30.861683
31.013999
30.659399
30.74909
30.737745
32.020815
31.671781
31.6799
31.699121
31.710064
32.072881
31.203727
31.427791
31.417088
34.660368
33.701834
33.702977
33.827015
33.836234
34.852815
32.52783
33.092769
33.084705
43.441692
40.153381
40.135042
40.685978
40.692413
44.306927
36.249309
38.167914
38.159083
74.593816
84.051337
84.455893
83.317849
83.660445
74.314445
115.72383
96.350232
95.862382
51.935163
56.057575
56.171206
55.823288
55.946254
51.849242
67.029985
60.926424
60.764396
41.607754
43.510451
43.537359
43.452956
43.481624
41.584073
48.404516
45.795427
45.754769
36.536843
37.478402
37.490188
37.452152
37.465704
36.525885
39.906512
38.592175
38.578403
33.964005
34.435075
34.438634
34.426202
34.43093
33.958416
35.684617
34.980147
34.97565
32.535237
32.796659
32.801171
32.786581
32.791805
32.529621
33.486617
33.09698
33.092317
31.709268
31.858213
31.863763
31.846635
31.852474
31.702641
32.265751
32.032329
32.026813
31.177629
31.287578
31.294784
31.272072
31.2792
31.1698
31.548742
31.407206
31.39992
30.192664
30.186432
30.197516
30.164351
30.17537
30.181542
30.16769
30.169975
30.158981
30.240919
30.224049
30.23527
30.201662
30.212844
30.229638
30.189177
30.199152
30.188013
30.342097
30.308296
30.319673
30.285597
30.296937
30.330679
30.248485
30.269882
30.258571
30.546165
30.477942
30.489299
30.455308
30.466607
30.534811
30.368894
30.412236
30.400884
30.980082
30.827783
30.839094
30.805412
30.816561
30.968911
30.613758
30.703547
30.692267
32.042603
31.677533
31.687867
31.656383
31.666771
32.032328
31.159051
31.384042
31.373307
34.83235
33.810485
33.820989
33.794102
33.800809
34.825222
32.492015
33.059895
33.0514
44.294709
40.68612
40.686527
40.684597
40.682856
44.294233
36.227244
38.147019
38.147096
97.968512
73.120359
73.116145
73.314291
73.189828
98.115002
49.954191
58.728554
58.777294
147.23031
195.25521
197.97656
190.23818
192.66608
145.70821
372.90953
264.59255
260.50119
74.352625
83.814073
84.210724
83.031907
83.418751
74.060983
115.66395
96.158811
95.607209
51.783255
55.883076
55.721279
55.628235
55.756957
51.684523
66.789577
60.742655
60.573704
41.510467
43.422947
43.423628
43.33657
43.38027
41.485604
48.281841
45.681591
45.623423
36.488273
37.423894
37.438371
37.394055
37.409284
36.473692
39.830464
38.533018
38.516855
33.939014
34.415186
34.420965
34.40215
34.40886
33.93182
35.648318
34.959322
34.952946
32.511172
32.775312
32.781078
32.763039
32.769283
32.504548
33.466574
33.076916
33.071273
31.682305
31.834651
31.840682
31.822111
31.828435
31.675305
32.241595
32.009149
32.002772
31.146686
31.256437
31.263737
31.240924
31.248112
31.138654
31.519752
31.377445
31.370025
30.14832
30.142375
30.153349
30.120434
30.131376
30.137289
30.123799
30.126086
30.114246
30.195927
30.179359
30.190497
30.157149
30.168239
30.184735
30.144831
30.154726
30.143681
30.296568
30.26299
30.274284
30.240489
30.251729
30.285249
30.203409
30.224775
30.213561
30.500976
30.432809
30.444041
30.410449
30.421611
30.489772
30.323404
30.367006
30.35578
30.935949
30.783419
30.794376
30.76179
30.772561
30.925179
30.568674
30.658821
30.647807
32.00336
31.636138
31.646192
31.61648
31.626243
31.993964
31.115872
31.341995
31.33181
34.810132
33.781508
33.787648
33.770488
33.775818
34.806824
32.455843
33.028638
33.021364
44.350217
40.699241
40.690121
40.727678
40.712157
44.380418
36.222441
38.157341
38.163924
99.305531
73.689418
73.483215
74.186584
73.926251
99.848492
50.124474
59.054742
59.182103
3803.3417
861.41818
810.85535
946.28732
906.44951
3606.6181
151.76266
286.45469
297.15999
511.18184
798.95831
818.20014
764.48638
781.11595
501.94198
2975.6172
1446.2395
1401.9793
141.52434
185.71761
187.89665
181.69042
183.68409
140.24869
348.59394
249.75984
246.54657
73.219557
82.292964
82.657563
81.595707
81.939909
72.951863
112.32104
94.072342
93.596389
51.383964
55.375053
55.501085
55.127856
55.250684
51.285492
65.927523
60.08115
59.921914
41.382404
43.246194
43.291724
43.153026
43.199844
41.34347
47.993622
45.444987
45.384652
36.427183
37.352175
37.373502
37.309039
37.330878
36.40801
39.724483
38.444039
38.418801
33.906232
34.384755
34.394832
34.363203
34.37414
33.895575
35.598086
34.925028
34.913712
32.482311
32.748654
32.756541
32.732158
32.740524
32.473692
33.437239
33.049984
33.041882
31.653756
31.808975
31.815602
31.793985
31.801543
31.64572
32.212462
31.982561
31.974993
31.114613
31.225292
31.232621
31.208999
31.216639
31.106133
31.489169
31.346723
31.338676
30.10442
30.098614
30.10954
30.075557
30.087667
30.093477
30.080971
30.081837
30.07134
30.151323
30.135041
30.146079
30.113041
30.124022
30.140241
30.100905
30.110697
30.099763
30.251463
30.218101
30.229282
30.195833
30.206955
30.240264
30.158774
30.180094
30.169002
30.456389
30.388243
30.399326
30.366189
30.377193
30.445345
30.278401
30.322312
30.311227
30.893506
30.740529
30.751117
30.719625
30.73003
30.883152
30.524345
30.615178
30.604438
31.966372
31.597272
31.606824
31.578447
31.587838
31.957297
31.0745
31.301941
31.292178
34.801482
33.761252
33.765668
33.752916
33.757032
34.80095
32.421187
32.999988
32.992982
44.494628
40.764298
40.745412
40.807223
40.784985
44.538486
36.234917
38.1912
38.202055
101.76342
74.757829
74.464537
75.382038
75.064376
102.48122
50.418953
59.626997
59.789904
3117.2261
1010.1944
980.60399
1055.9844
1035.0042
2981.1027
160.40076
331.39269
343.04786
477.44025
734.26691
748.91445
707.35075
720.44262
470.15982
2401.0301
1286.9542
1253.4446
136.83191
178.07698
179.8401
174.76266
176.38083
135.80758
329.5789
237.91116
235.29309
72.183214
80.935386
81.262742
80.305989
80.617723
71.938511
109.50345
92.251751
91.829209
50.998036
54.888081
55.007269
54.656233
54.771234
50.905103
65.123795
59.459314
59.310803
41.224697
43.057907
43.105664
42.962086
43.010136
41.18488
47.710199
45.203203
45.142899
36.349357
37.265154
37.287299
37.220661
37.243068
36.329597
39.605382
38.341083
38.314711
33.861971
34.340105
34.351803
34.31569
34.328038
33.850246
35.535399
34.876918
34.86378
32.446709
32.714725
32.723553
32.696396
32.705665
32.437347
33.398768
33.015978
33.006822
31.621007
31.778342
31.786223
31.76208
31.770267
31.612522
32.17856
31.951316
31.943127
31.080921
31.192274
31.200328
31.175659
31.18336
31.07234
31.455872
31.313897
31.305654
30.060939
30.054116
30.064852
30.033046
30.043524
30.050085
30.038304
30.039244
30.028634
30.107183
30.091158
30.102079
30.069396
30.080254
30.096221
30.057485
30.067106
30.056301
30.206861
30.173698
30.184752
30.151701
30.162684
30.195798
30.114645
30.135919
30.12496
30.412456
30.344283
30.355214
30.32253
30.33339
30.401582
30.233952
30.278206
30.267278
30.852623
30.699046
30.709297
30.678768
30.688867
30.842617
30.480848
30.572619
30.562142
31.930303
31.559907
31.569162
31.54156
31.550735
31.921418
31.034633
31.26326
31.253758
34.801618
33.745384
33.749131
33.738384
33.741837
34.802403
32.386517
32.972368
32.965621
44.681725
40.85496
40.830574
40.907618
40.880684
44.732882
36.256761
38.238911
38.252346
104.84807
76.041718
75.708602
76.732897
76.382759
105.6957
50.774843
60.306568
60.485859
2632.1199
1087.1174
1073.056
1106.7547
1098.0701
2531.7553
171.44557
376.66356
387.36092
450.36666
683.09905
694.92192
661.09394
671.83584
444.36276
2023.7127
1164.2351
1137.7152
132.88407
171.72704
173.21003
168.948
170.30649
131.99871
313.99237
228.15519
225.98364
71.236116
79.71266
80.005839
79.153968
79.43012
71.013629
107.07925
90.64583
90.270045
50.636029
54.432253
54.543585
54.214584
54.322637
50.549795
64.380968
58.879324
58.740361
41.065768
42.866265
42.914144
42.771298
42.81875
41.026427
47.439182
44.964245
44.905665
36.269794
37.175818
37.198366
37.130599
37.153291
36.249778
39.484134
38.234873
38.208087
33.813755
34.290194
34.303051
34.263728
34.27708
33.80111
35.469107
34.822417
34.808123
32.408301
32.677238
32.686919
32.657312
32.667368
32.398322
33.356146
32.977865
32.967764
31.586533
31.745227
31.753708
31.727856
31.736595
31.57766
32.142231
31.91772
31.908999
31.048174
31.159741
31.167189
31.143265
31.151113
31.039644
31.421556
31.280443
31.272057
30.016696
30.011898
30.022516
29.990858
30.001359
30.006149
29.996194
29.996928
29.986458
30.06355
30.047754
30.058549
30.026244
30.036957
30.052715
30.014425
30.024002
30.013274
30.162828
30.129842
30.140757
30.10813
30.11897
30.15191
30.071054
30.092284
30.081464
30.369218
30.300937
30.311714
30.279506
30.290202
30.358519
30.190113
30.234727
30.223951
30.81299
30.658763
30.668735
30.639011
30.648852
30.803253
30.438175
30.531061
30.520817
31.894902
31.523345
31.532462
31.505122
31.514244
31.886106
30.995778
31.22551
31.216165
34.806276
33.732138
33.735215
33.726618
33.729353
34.807912
32.352453
32.946146
32.939973
44.896177
40.963854
40.935223
41.022717
40.99306
44.953126
36.283608
38.295869
38.310993
108.40126
77.449262
77.087592
78.191087
77.817175
109.35494
51.161654
61.036765
61.223796
2269.1524
1117.349
1112.9679
1121.398
1120.1082
2192.6961
183.88068
416.84713
425.88442
427.84426
641.00751
650.83175
622.54966
631.59375
422.77344
1755.5456
1066.0527
1044.443
129.55809
166.39036
167.64479
164.02708
165.18606
128.80412
300.91104
219.97747
218.12353
70.377881
78.622832
78.883214
78.113531
78.366171
70.17591
105.01001
89.23386
88.901754
50.29842
54.003789
54.108209
53.800032
53.901164
50.217261
63.701225
58.340299
58.212087
40.909721
42.677449
42.724316
42.585078
42.63105
40.871338
47.182024
44.734338
44.678525
36.189573
37.085259
37.107975
37.039701
37.062514
36.169427
39.363146
38.127716
38.100868
33.761883
34.236223
34.250081
34.207811
34.222113
33.748422
35.40078
34.763692
34.748455
32.367559
32.636702
32.6471
32.61548
32.626169
32.357059
33.310135
32.936315
32.925467
31.550622
31.710013
31.718983
31.691738
31.70092
31.541431
32.10383
31.882147
31.872986
31.01463
31.126546
31.134554
31.109853
31.117869
31.00597
31.386336
31.246385
31.237823
29.974731
29.969948
29.980404
29.949062
29.959493
29.964246
29.954874
29.955164
29.944832
30.020434
30.004806
30.01548
29.981368
29.994097
30.009717
29.970971
29.979705
29.969314
30.119399
30.086567
30.097332
30.065154
30.075844
30.108642
30.028001
30.049212
30.038536
30.326658
30.258231
30.268845
30.237121
30.247657
30.316119
30.146921
30.191883
30.181275
30.774349
30.619473
30.629208
30.600091
30.609741
30.764779
30.396222
30.490377
30.480328
31.859861
31.486904
31.496059
31.468571
31.477787
31.851091
30.957563
31.188222
31.178918
34.813763
33.721806
33.724156
33.717567
33.719663
34.815966
32.319683
32.922279
32.916644
45.128379
41.083424
41.052852
41.145489
41.114365
45.187801
36.314093
38.3575
38.373443
112.32863
78.954602
78.570185
79.74205
79.347375
113.36095
51.560084
61.790253
61.980828
1990.485
1120.4594
1121.466
1115.91
1118.5702
1930.9698
196.85945
450.44918
457.80892
408.64037
605.47434
613.85308
589.59484
597.39527
404.24613
1554.4539
985.27203
967.21359
126.69233
161.82964
162.90743
159.77226
160.7827
126.03449
289.6429
212.92836
211.3064
69.597168
77.637945
77.871899
77.173148
77.404075
69.412297
103.22013
87.99566
87.702802
49.982309
53.603559
53.70076
53.413696
53.50778
49.906554
63.078841
57.842434
57.723864
40.757856
42.49431
42.5395
42.405507
42.449613
40.720638
46.937975
44.515458
44.462455
36.108557
36.993984
37.016846
36.948144
36.97104
36.088197
39.243061
38.020414
37.993673
33.706997
34.178622
34.193316
34.148784
34.163779
33.692884
35.331092
34.701767
34.685906
32.32495
32.593758
32.604687
32.57159
32.582735
32.314057
33.26133
32.892011
32.880583
31.513474
31.67307
31.682447
31.654047
31.663598
31.504002
32.063747
31.844878
31.835318
30.980979
31.092889
31.101068
31.07591
31.084125
30.972168
31.350231
31.211635
31.202879
29.932816
29.928261
29.938649
29.90755
29.917893
29.922382
29.914434
29.913961
29.903752
29.977834
29.960377
29.970885
29.939623
29.949957
29.967191
29.929092
29.937865
29.927442
30.07661
30.043891
30.054505
30.02278
30.033317
30.066014
29.985457
30.006704
29.996174
30.284737
30.216164
30.226624
30.195357
30.205741
30.274354
30.104392
30.149691
30.139243
30.736329
30.580871
30.590452
30.561768
30.571294
30.726895
30.354951
30.450439
30.440552
31.824796
31.450207
31.459454
31.431774
31.441061
31.816045
30.919643
31.151001
31.141688
34.823636
33.713881
33.71573
33.710608
33.71226
34.826424
32.288094
32.900422
32.895218
45.367645
41.208676
41.177041
41.272526
41.240508
45.42716
36.346949
38.421862
38.438262
116.54513
80.546808
80.141821
81.370115
80.954728
117.6275
51.968153
62.559782
62.754082
1771.9381
1108.7041
1112.6003
1098.9682
1104.1328
1724.592
209.76037
477.49931
483.31163
391.87855
574.77153
582.05861
560.89078
567.71985
388.00379
1397.7456
917.32357
901.97335
124.17523
157.8388
158.79049
156.01357
156.91254
123.5898
279.73098
206.72445
205.28354
68.876907
76.733721
76.952825
76.318356
76.523987
68.70758
101.62557
86.869068
86.603452
49.686873
53.230452
53.321098
53.053403
53.14114
49.616066
62.501237
57.381681
57.271892
40.610892
42.31871
42.361817
42.233818
42.27599
40.574907
46.705851
44.307874
44.257662
36.026743
36.902187
36.925142
36.856217
36.879148
36.006228
39.124012
37.913591
37.887049
33.649873
34.11847
34.133692
34.087749
34.103164
33.635338
35.260358
34.637657
34.62138
32.280885
32.549037
32.560365
32.526157
32.537642
32.269684
33.210423
32.845573
32.833694
31.475261
31.634703
31.644413
31.615071
31.624921
31.465557
32.022237
31.806082
31.79617
30.946981
31.058636
31.067016
31.041307
31.049748
30.937983
31.313284
31.176125
31.167169
29.89124
29.88691
29.89722
29.86634
29.876614
29.880916
29.874757
29.873187
29.863067
29.93366
29.918903
29.929279
29.898114
29.908515
29.923159
29.887578
29.896363
29.886019
30.034463
30.001815
30.012279
29.980995
29.991389
30.024024
29.940828
29.964746
29.954314
30.243436
30.1747
30.185011
30.154188
30.164427
30.233208
30.062517
30.108132
30.097837
30.698688
30.542756
30.552236
30.523832
30.533274
30.689314
30.314335
30.411102
30.401351
31.789768
31.413293
31.422615
31.394824
31.404135
31.781054
30.881787
31.113664
31.104317
34.835267
33.707627
33.709159
33.704965
33.706316
34.838358
32.257663
32.880012
32.87514
45.604524
41.336851
41.304678
41.400984
41.368939
45.663332
36.381099
38.488048
38.504751
120.94111
82.206439
81.786324
83.056398
82.629728
122.05673
52.381198
63.341329
63.538329
1596.6553
1087.1735
1093.2939
1073.8287
1080.6653
1558.1597
222.14611
498.60407
503.03448
377.03888
547.8575
554.27443
535.58313
541.63014
373.58611
1273.0034
859.25199
846.01682
121.92248
154.28449
155.13612
152.6395
153.44969
121.3919
270.90051
201.18786
199.89377
68.210322
75.911152
76.113285
75.520767
75.713214
68.050643
100.17552
85.833997
85.586998
49.409704
52.882122
52.967035
52.716597
52.798519
49.342965
61.964147
56.953122
56.850426
40.468932
42.150896
42.19204
42.069861
42.110095
40.434204
46.483656
44.111017
44.063354
35.944591
36.810243
36.833187
36.764235
36.78719
35.924033
39.006157
37.807878
37.781637
33.591288
34.056696
34.072268
34.025384
34.041075
33.576495
35.188744
34.572031
34.555442
32.235714
32.502994
32.514615
32.479594
32.491327
32.224284
33.158016
32.797541
32.785345
31.436192
31.595184
31.60516
31.575072
31.585157
31.42631
31.979551
31.76596
31.755751
30.912373
31.023671
31.032273
31.005959
31.014634
30.903155
31.275612
31.139864
31.130726
29.850078
29.84583
29.856075
29.825394
29.8356
29.83986
29.835754
29.832712
29.822652
29.893406
29.877364
29.887783
29.858131
29.868436
29.883856
29.846502
29.855158
29.844959
29.992927
29.960312
29.970636
29.939761
29.95002
29.982633
29.900313
29.923277
29.912996
30.202747
30.133817
30.143987
30.113581
30.123684
30.192662
30.021251
30.067162
30.057005
30.661237
30.504974
30.514386
30.486162
30.495555
30.651884
30.274336
30.372269
30.362623
31.755143
31.3764
31.385688
31.358055
31.367304
31.746636
30.843899
31.076214
31.066846
34.847771
33.702548
33.703774
33.700344
33.70146
34.850932
32.228729
32.860986
32.856458
45.838955
41.464955
41.432977
41.528767
41.496876
45.897252
36.415399
38.554894
38.571552
125.42589
83.917522
83.48554
84.787475
84.35151
126.55096
52.796923
64.131885
64.33045
1453.1912
1059.3478
1066.7058
1044.055
1051.7846
1421.331
233.72735
514.46201
517.6987
363.76381
523.99451
529.70674
513.02795
518.43702
360.65482
1172.2533
808.95722
797.41232
119.87666
151.07428
151.84705
149.57852
150.31752
119.39312
262.96158
196.19768
195.02236
67.589096
75.14352
75.330586
74.780851
74.962017
67.441747
98.839704
84.872904
84.642617
49.148111
52.556136
52.635557
52.400076
52.477496
49.084652
61.462411
56.551974
56.455357
40.331733
41.990522
42.02991
41.912758
41.951367
40.298074
46.270467
43.923732
43.878216
35.862427
36.71822
36.741176
36.672219
36.695167
35.841921
38.889678
37.703451
37.677546
33.531892
33.99387
34.009655
33.962211
33.97806
33.516974
35.116456
34.505351
34.488579
32.189731
32.455987
32.467819
32.432202
32.444118
32.178136
33.104644
32.748404
32.735988
31.396478
31.554764
31.564945
31.534284
31.544549
31.386463
31.935938
31.724738
31.714288
30.877009
30.987949
30.996775
30.969756
30.978646
30.867561
31.237365
31.102945
31.093656
29.809305
29.805033
29.815199
29.784771
29.794883
29.799208
29.797125
29.792469
29.782479
29.853032
29.838438
29.847882
29.818139
29.828259
29.842823
29.805849
29.815449
29.805383
29.951953
29.919341
29.929535
29.899044
29.909177
29.941791
29.859481
29.882343
29.872188
30.162603
30.093475
30.103514
30.073489
30.083468
30.152642
29.98054
30.026726
30.016694
30.623812
30.467377
30.476761
30.448598
30.457983
30.614443
30.234839
30.3338
30.324223
31.721413
31.339825
31.349014
31.321723
31.330847
31.713154
30.80589
31.038698
31.029327
34.860369
33.698328
33.699348
33.69646
33.697405
34.8635
32.201434
32.843299
32.839067
46.071336
41.592333
41.560572
41.655751
41.624041
46.129164
36.449165
38.621182
38.637586
129.9178
85.663825
85.224904
86.544601
86.103711
131.03211
53.21235
64.927393
65.126665
1333.7924
1028.2066
1036.1854
1012.0053
1020.1383
1307.0304
244.33792
525.82887
528.06268
351.77336
502.63089
507.76116
492.75761
497.63146
348.95118
1089.9937
764.93448
754.7742
118.00128
148.1462
148.85429
146.7726
147.452
117.55553
255.75289
191.65086
190.57524
67.013175
74.4283
74.602925
74.089041
74.257662
66.87682
97.597023
83.974174
83.758727
48.89897
52.247961
52.323413
52.09993
52.173452
48.838332
60.99877
56.17649
56.08558
40.198553
41.83642
41.874328
41.761376
41.79865
40.165785
46.064875
43.744561
43.700847
35.780589
36.626285
36.649198
36.580451
36.603317
35.760204
38.774733
37.600366
37.57479
33.472146
33.930465
33.946351
33.898675
33.914575
33.457192
35.043909
34.438133
34.421296
32.143155
32.408257
32.42025
32.384167
32.396229
32.131435
33.050644
32.69848
32.685897
31.356275
31.513658
31.523994
31.492906
31.503302
31.346157
31.891629
31.682639
31.672004
30.84085
30.951353
30.960361
30.932982
30.942047
30.8312
31.198662
31.065489
31.056082
29.768958
29.764612
29.774668
29.744579
29.754558
29.758932
29.758576
29.752502
29.7426
29.812396
29.797964
29.808
29.777886
29.7879
29.802313
29.766299
29.775916
29.765907
29.911487
29.878865
29.88894
29.858797
29.868817
29.901444
29.819121
29.841901
29.831863
30.122921
30.053618
30.063541
30.033853
30.043724
30.113063
29.940328
29.986772
29.976854
30.586278
30.429811
30.439204
30.411003
30.420409
30.57687
30.195718
30.295554
30.286013
31.688666
31.303768
31.312816
31.285965
31.294934
31.680639
30.767732
31.001199
30.991849
34.872774
33.694687
33.695585
33.692953
33.693833
34.875819
32.175497
32.826657
32.822615
46.301828
41.718953
41.68737
41.781782
41.750402
46.359052
36.48218
38.686233
38.702202
134.34111
87.427874
86.985977
88.311558
87.869718
135.42885
53.625553
65.724489
65.923622
1233.0405
995.61421
1003.8233
979.1653
987.38918
1210.2838
253.89035
533.43631
534.8409
340.863
483.36636
488.00459
474.41677
478.8389
338.28452
1022.3021
726.07125
717.05101
116.26882
145.45365
146.10631
144.18591
144.81347
115.8556
249.16342
187.48197
186.49277
66.473987
73.758923
73.923031
73.438973
73.598015
66.34421
96.437947
83.131803
82.929267
48.659076
51.954169
52.026436
51.811736
51.882576
48.600368
60.56141
55.818268
55.731521
40.068714
41.687508
41.724206
41.61475
41.650908
40.036704
45.865579
43.572222
43.530122
35.699297
36.534772
36.557562
36.489283
36.511985
35.679071
38.66139
37.498575
37.47332
33.412362
33.866892
33.882782
33.835144
33.851013
33.397439
34.971441
34.370798
34.353977
32.096127
32.359945
32.372071
32.335603
32.347785
32.084313
32.996228
32.647943
32.635228
31.315685
31.472048
31.482495
31.451101
31.46159
31.305481
31.84682
31.639877
31.629108
30.803987
30.914387
30.92355
30.895774
30.904983
30.794179
31.159579
31.027612
31.018107
29.72903
29.724689
29.734596
29.704848
29.714731
29.719007
29.719976
29.712879
29.703066
29.772237
29.757943
29.767901
29.738109
29.748015
29.762268
29.726545
29.736127
29.726229
29.871477
29.838835
29.848803
29.818973
29.828892
29.861541
29.779206
29.801909
29.791976
30.083619
30.014187
30.02401
29.994608
30.004388
30.073844
29.900562
29.947251
29.937431
30.548574
30.39217
30.401592
30.373306
30.382745
30.539123
30.156867
30.25742
30.247896
31.656811
31.268323
31.277208
31.250843
31.259643
31.648989
30.729486
30.963826
30.954526
34.884737
33.691203
33.692092
33.68939
33.69031
34.887621
32.150488
32.810628
32.806679
46.529484
41.844111
41.812994
41.905846
41.875039
46.585837
36.514294
38.749409
38.764908
138.63907
89.193856
88.752994
90.072915
89.634003
139.68806
54.035126
66.519712
66.717801
1147.0208
962.76094
970.95103
946.47778
954.59997
1127.4533
262.37086
537.95477
538.67362
330.86824
465.87187
470.09595
457.69944
461.74093
328.4956
965.32393
691.46214
683.3868
114.65999
142.96626
143.57023
141.79168
142.37352
114.27538
243.09908
183.63994
182.72476
65.966736
73.129669
73.283282
72.83047
72.979086
65.845274
95.354962
82.340756
82.150671
48.427985
51.672662
51.741591
51.536448
51.604288
48.371449
60.150772
55.479727
55.398191
39.941772
41.543017
41.578682
41.472226
41.507441
39.910441
45.672395
43.406102
43.365397
35.618658
36.444024
36.466614
36.399025
36.421492
35.598604
38.549664
37.39806
37.373133
33.352781
33.803466
33.819295
33.771869
33.787657
33.33794
34.899205
34.303596
34.286829
32.048761
32.311159
32.323389
32.286628
32.298897
32.03688
32.941599
32.596938
32.584133
31.274776
31.430083
31.440605
31.409005
31.419554
31.264502
31.801666
31.596649
31.585791
30.766543
30.876973
30.886263
30.858151
30.867483
30.756607
31.12015
30.989366
30.979767
29.690026
29.685188
29.694983
29.665695
29.675412
29.680266
29.681352
29.673711
29.664037
29.732523
29.718383
29.728233
29.698761
29.708559
29.722663
29.687927
29.696766
29.687003
29.831871
29.799205
29.809078
29.779524
29.789354
29.822027
29.739701
29.762322
29.752484
30.044621
29.975108
29.98485
29.955678
29.965386
30.034912
29.86118
29.908097
29.898359
30.510705
30.354413
30.363869
30.335494
30.344965
30.501222
30.118211
30.219335
30.209819
31.625752
31.233532
31.242243
31.216388
31.225011
31.618112
30.691268
30.926703
30.917486
34.895936
33.687475
33.688447
33.685427
33.686467
34.898574
32.12609
32.794871
32.790946
46.753312
41.966906
41.936449
42.027221
41.997148
46.808565
36.545026
38.810662
38.825646
142.76498
90.946949
90.510703
91.814094
91.38153
143.76538
54.439736
67.30944
67.505604
1072.7674
930.38516
938.40561
914.52967
922.42607
1055.7654
269.79072
539.98086
540.15791
321.65009
449.87155
453.74399
442.36493
446.07939
319.45406
915.60673
660.39698
653.11898
113.1609
140.65928
141.22039
139.56631
140.10804
112.80189
237.47786
180.07704
179.22523
65.490991
72.540508
72.684538
72.259383
72.399122
65.376378
94.341868
81.597797
81.41905
48.204651
51.402799
51.469271
51.27206
51.337125
48.149842
59.764408
55.158947
55.08069
39.817452
41.402306
41.437099
41.333229
41.367613
39.786761
45.484501
43.245164
43.205649
35.538716
36.354314
36.376641
36.309924
36.332094
35.518845
38.439609
37.298888
37.274327
33.293579
33.740367
33.756104
33.70896
33.72465
33.278848
34.827238
34.236629
34.219926
32.001174
32.262033
32.27433
32.237391
32.249709
31.989257
32.886963
32.545649
32.532803
31.233603
31.387879
31.398451
31.366712
31.377302
31.223269
31.756297
31.553123
31.542211
30.728591
30.839149
30.848558
30.820112
30.829569
30.718531
31.08039
30.950747
30.941049
29.651039
29.646304
29.655976
29.627201
29.636526
29.641366
29.642787
29.635011
29.625404
29.693239
29.679245
29.68899
29.659832
29.669526
29.683482
29.649076
29.657873
29.648219
29.792614
29.759926
29.769715
29.740405
29.750156
29.782849
29.700572
29.723099
29.713346
30.005862
29.936312
29.945989
29.917001
29.926651
29.996205
29.822122
29.869245
29.859573
30.472731
30.316554
30.326036
30.2976
30.30709
30.463236
30.079706
30.181273
30.171762
31.595401
31.199413
31.207946
31.182602
31.191048
31.587922
30.653222
30.889955
30.880848
34.906035
33.683218
33.68434
33.680819
33.682037
34.90835
32.102095
32.77913
32.775173
46.972417
42.086727
42.057071
42.145363
42.116153
47.026353
36.573786
38.869737
38.884149
146.68379
92.672414
92.244485
93.520142
93.097721
147.62719
54.837589
68.089939
68.283162
1008.029
898.94551
906.70223
883.65973
891.26417
993.12171
276.20074
540.01305
539.75858
313.10509
435.15984
438.72591
428.2388
431.66496
311.06499
871.84109
632.34882
625.7588
111.75983
138.51027
139.03383
137.48892
137.99537
111.42356
232.24092
176.75565
175.95983
65.042832
71.986619
72.122145
71.721795
71.853351
64.935097
93.391476
80.898287
80.729707
47.98829
51.144085
51.207777
51.018768
51.081107
47.935334
59.39969
54.85331
54.779385
39.695694
41.264957
41.298955
41.197471
41.231091
39.665657
45.301843
43.088783
43.050326
35.459527
36.265879
36.287879
36.222213
36.244025
35.439858
38.331427
37.201266
37.177137
33.234829
33.677646
33.693289
33.646425
33.662023
33.22021
34.755567
34.169927
34.153295
31.953493
32.212726
32.225051
32.18805
32.200379
31.941571
32.832472
32.494263
32.481416
31.192198
31.345509
31.356115
31.32427
31.334893
31.181809
31.710821
31.50942
31.498476
30.690131
30.800894
30.810429
30.781624
30.791213
30.679938
31.040298
30.91173
30.901928
29.613133
29.608084
29.617625
29.589104
29.598576
29.603574
29.604396
29.596731
29.587256
29.654354
29.640516
29.650162
29.621294
29.630894
29.644691
29.610675
29.619393
29.609834
29.753657
29.720956
29.730672
29.701575
29.711257
29.743961
29.661784
29.684202
29.674525
29.9673
29.897742
29.907366
29.878532
29.888132
29.957688
29.78334
29.830641
29.821024
30.434753
30.278644
30.288135
30.259696
30.269183
30.425277
30.041335
30.143242
30.133744
31.565656
31.165955
31.174313
31.149464
31.157739
31.558308
30.61549
30.853687
30.844712
34.914743
33.678204
33.679533
33.675348
33.6768
34.916676
32.078327
32.763183
32.759142
47.185968
42.203082
42.174341
42.259794
42.231578
47.238404
36.600557
38.926656
38.940562
150.36498
94.355691
93.939542
95.177767
94.768512
151.24558
55.227112
68.857199
69.04652
951.0993
868.69195
876.13532
854.05643
861.3323
937.9255
281.64775
538.46147
537.86825
305.15906
421.58615
424.88005
415.18663
418.35587
303.25908
833.03101
606.91432
600.92274
110.44591
136.50037
136.99061
135.543
136.01781
110.13002
227.34928
173.65008
172.9051
64.620347
71.464399
71.592222
71.214179
71.338519
64.518378
92.497388
80.238156
80.078947
47.779099
50.895817
50.956813
50.775523
50.835583
47.727914
59.054602
54.562911
54.49221
39.576562
41.130762
41.164005
41.064845
41.097703
39.547201
45.124288
42.936543
42.899112
35.381191
36.178953
36.200563
36.136127
36.157519
35.361759
38.225396
37.105479
37.081856
33.176503
33.615287
33.630845
33.584236
33.599751
33.161978
34.684277
34.10352
34.086971
31.905827
32.163375
32.1757
32.138708
32.151029
31.893919
32.778181
32.442908
32.430078
31.150574
31.302999
31.313636
31.281692
31.292346
31.140132
31.665318
31.465615
31.454653
30.65114
30.762173
30.771838
30.742662
30.752383
30.640816
30.999873
30.872301
30.862396
29.575071
29.570237
29.579653
29.551485
29.560841
29.56564
29.566243
29.558922
29.549561
29.615829
29.602162
29.611718
29.583114
29.592628
29.606251
29.572703
29.581291
29.571825
29.714967
29.682261
29.69191
29.66301
29.672628
29.705333
29.623307
29.645597
29.635988
29.928912
29.859368
29.868945
29.840249
29.849804
29.919342
29.744801
29.792252
29.782686
30.396901
30.240772
30.250245
30.221884
30.231338
30.387478
30.0031
30.10528
30.095808
31.536396
31.133124
31.141319
31.116927
31.125046
31.529149
30.578207
30.817976
30.809148
34.921869
33.672232
33.673816
33.668843
33.670566
34.92339
32.054626
32.746839
32.742674
47.393328
42.315419
42.287752
42.369967
42.34284
47.444155
36.625622
38.981444
38.994781
153.79007
95.985267
95.583439
96.777299
96.383315
154.60528
55.607136
69.607686
69.792371
900.65789
839.76231
846.86672
825.81493
832.74567
888.9342
286.20685
535.67835
534.82475
297.75203
409.02573
412.0774
403.08911
406.03038
295.97802
798.38503
583.75129
578.27859
109.21092
134.61545
135.07547
133.71641
134.16233
108.91378
222.77252
170.7413
170.04285
64.220349
70.971112
71.091773
70.735222
70.852312
64.124001
91.655072
79.614893
79.464551
47.577469
50.658137
50.716402
50.543794
50.600786
47.528362
58.72576
54.286596
54.220245
39.46015
40.999725
41.032195
40.935398
40.967485
39.431478
44.952453
42.7884
42.751994
35.303861
36.093756
36.114921
36.051859
36.072785
35.284707
38.121762
37.011797
36.988733
33.118518
33.553264
33.568742
33.522378
33.537814
33.104063
34.613506
34.03747
34.021023
31.858233
32.114048
32.126364
32.089392
32.101707
31.846344
32.724054
32.391614
32.378792
31.108737
31.26035
31.27102
31.238973
31.249661
31.098244
31.619826
31.421745
31.410769
30.611634
30.722982
30.732773
30.703251
30.713091
30.601198
30.959131
30.832482
30.822486
29.53747
29.532836
29.542139
29.514289
29.523537
29.528151
29.528353
29.521507
29.512256
29.577626
29.564144
29.57362
29.545245
29.554686
29.568121
29.5351
29.543535
29.534148
29.676522
29.64382
29.653408
29.624689
29.634248
29.666947
29.585108
29.607256
29.597709
29.890692
29.821172
29.830706
29.802136
29.81165
29.881164
29.706487
29.754059
29.744539
30.359311
30.203045
30.212472
30.184265
30.193661
30.349972
29.96502
30.067441
30.058007
31.507504
31.100864
31.108911
31.084924
31.092905
31.50033
30.541472
30.782864
30.774185
34.927334
33.665171
33.667036
33.661221
33.663225
34.928441
32.030872
32.72997
32.725664
47.594194
42.42346
42.39686
42.475931
42.44984
47.643399
36.64886
39.033913
39.046664
156.95186
97.553111
97.167332
98.312097
97.934794
157.70091
55.977048
70.33886
70.518447
855.66305
812.21618
818.97262
798.96558
805.54819
845.16394
289.9555
531.95554
530.90678
290.82854
397.36299
400.20059
391.83463
394.57481
289.16694
767.26033
562.55538
557.53209
108.04867
132.84448
133.277
131.99812
132.41805
107.76859
218.48136
168.01214
167.35579
63.844105
70.506441
70.62018
70.283476
70.39418
63.753389
90.861069
79.026454
78.884153
47.383751
50.432151
50.487583
50.322901
50.377332
47.336542
58.416394
54.025205
53.961254
39.346474
40.871854
40.903558
40.809076
40.840403
39.318483
44.786396
42.644241
42.608813
35.227692
36.010445
36.031128
35.969521
35.989957
35.20885
38.02065
36.920391
36.89791
33.060784
33.491578
33.506973
33.460871
33.476219
33.046381
34.543406
33.971866
33.955546
31.810705
32.064732
32.07705
32.040063
32.052387
31.798827
32.67
32.340326
32.327494
31.066699
31.21756
31.228265
31.196113
31.206834
31.05616
31.574336
31.377819
31.366827
30.571699
30.683376
30.693272
30.66347
30.673403
30.561192
30.918109
30.792328
30.782259
29.500253
29.495836
29.505035
29.477497
29.486627
29.491043
29.490746
29.484446
29.475325
29.539699
29.52641
29.53582
29.507633
29.517015
29.530257
29.497804
29.506065
29.496744
29.638305
29.605614
29.615145
29.586593
29.596097
29.628783
29.547153
29.569152
29.559661
29.852636
29.783138
29.792633
29.764177
29.773654
29.843146
29.668379
29.716043
29.706563
30.322085
30.165553
30.174914
30.146913
30.156236
30.312845
29.927108
30.02977
30.020382
31.478881
31.069098
31.077018
31.053376
31.06124
31.471761
30.50532
30.748343
30.739804
34.931124
33.656997
33.659138
33.652519
33.654786
34.931809
32.007006
32.71254
32.708099
47.788654
42.527426
42.501819
42.577987
42.552844
47.836311
36.670145
39.084058
39.096245
159.84976
99.053766
98.685181
99.777716
99.418036
160.5333
56.336806
71.049196
71.223418
815.27924
786.06024
792.47066
773.49595
779.73643
805.82112
292.97152
527.53726
526.34715
284.336
386.49231
389.14079
381.32603
383.88763
282.77464
739.14172
543.06865
538.43894
106.95112
131.17572
131.58385
130.3758
130.77286
106.68573
214.44603
165.44445
164.8256
63.48762
70.065652
70.173916
69.852525
69.958374
63.400986
90.10864
78.467476
78.331909
47.197107
50.216324
50.269455
50.111564
50.163827
47.151471
58.124185
53.775034
53.714559
39.235525
40.74709
40.778026
40.685929
40.716446
39.208231
44.625633
42.503927
42.469466
35.152803
35.929089
35.949276
35.889147
35.909087
35.134294
37.922122
36.831342
36.809459
33.003248
33.430264
33.445563
33.399762
33.41501
32.988893
34.474101
33.906801
33.89063
31.763196
32.015374
32.027709
31.990662
32.00301
31.751313
32.615939
32.288968
32.276111
31.024487
31.174631
31.185369
31.153116
31.163871
31.013909
31.528811
31.333824
31.322812
30.531492
30.643454
30.653425
30.623433
30.633426
30.520996
30.876859
30.751916
30.741793
29.462561
29.459376
29.468473
29.441114
29.450257
29.453421
29.453435
29.447837
29.438732
29.502002
29.488905
29.498265
29.470223
29.479562
29.492612
29.460705
29.468824
29.45956
29.600291
29.567622
29.577101
29.548697
29.558154
29.590815
29.509407
29.53126
29.521818
29.81473
29.745247
29.754709
29.726348
29.735795
29.805276
29.630449
29.678176
29.668728
30.285263
30.128344
30.137629
30.109845
30.119094
30.276121
29.889363
29.992284
29.982942
31.45046
31.037748
31.045561
31.022205
31.029971
31.443382
30.469724
30.714363
30.705945
34.933315
33.647804
33.650187
33.642876
33.645363
34.933648
31.983024
32.694596
32.690039
47.977061
42.627657
42.602955
42.676465
42.652191
48.023267
36.689601
39.132001
39.143662
162.4879
100.48366
100.13304
101.17134
100.8299
163.10798
56.68662
71.737813
71.906469
778.82905
761.26724
767.3408
749.36775
755.27778
770.26443
295.33237
522.62337
521.33506
278.22926
376.32697
378.80604
371.48749
373.88769
276.75854
713.62117
525.08813
520.80861
105.90933
129.597
129.98366
128.83815
129.215
105.65682
210.63962
163.02031
162.43475
63.146399
69.644067
69.747667
69.440124
69.541397
63.063179
89.391413
77.934506
77.80512
47.016882
50.008456
50.059791
49.908005
49.957978
46.972852
57.844175
53.5362
53.478323
39.127501
40.625672
40.655739
40.566435
40.595979
39.101004
44.470087
42.367723
42.334388
35.079254
35.849692
35.869386
35.810711
35.830166
35.061081
37.826311
36.744689
36.7234
32.945909
33.369377
33.384567
33.339111
33.354242
32.93161
34.405663
33.842348
33.826338
31.715651
31.965924
31.978287
31.941162
31.953538
31.703754
32.561843
32.2375
32.224616
30.982134
31.131569
31.14234
31.109993
31.120778
30.971527
31.48321
31.289743
31.278707
30.491239
30.603338
30.613352
30.583266
30.593285
30.480795
30.835441
30.711326
30.70117
29.425991
29.42288
29.432005
29.404705
29.413806
29.41689
29.416387
29.411362
29.402303
29.464495
29.451583
29.460902
29.432983
29.442284
29.455151
29.423832
29.431768
29.422556
29.56245
29.529816
29.539251
29.510974
29.52039
29.553013
29.47184
29.493555
29.484157
29.776957
29.707475
29.716909
29.688626
29.698048
29.767532
29.592662
29.640427
29.631004
30.248825
30.091409
30.100625
30.073033
30.082218
30.23977
29.851764
29.954972
29.945668
31.422204
31.00674
31.014464
30.991347
30.999031
31.415164
30.434606
30.680849
30.672536
34.934231
33.637762
33.640339
33.632485
33.635139
34.934298
31.958965
32.676236
32.671595
48.159763
42.724433
42.700575
42.771573
42.748127
48.204579
36.707431
39.177882
39.189043
164.8743
101.8406
101.50841
102.49123
102.16836
165.43327
57.026589
72.40394
72.566812
745.76377
737.79099
743.54094
726.52938
732.12297
737.9714
297.11223
517.37255
516.02144
272.47273
366.80028
369.12531
362.25828
364.51157
271.08461
690.36506
508.45205
504.48585
104.91683
128.09804
128.46566
127.37557
127.73453
104.67577
207.03933
160.7235
160.16734
62.819435
69.240818
69.339757
69.045805
69.142588
62.739942
88.705514
77.425468
77.301836
46.843446
49.80977
49.858611
49.713806
49.761497
46.801215
57.576459
53.308397
53.252944
39.022769
40.508279
40.537268
40.451187
40.479662
38.99714
44.320467
42.236219
42.204097
35.007024
35.772185
35.791413
35.734076
35.753096
34.989166
37.733317
36.66035
36.639608
32.888809
33.308972
33.324039
33.278962
33.293966
32.87458
34.3381
33.778537
33.762689
31.668043
31.916377
31.928765
31.891577
31.903973
31.65613
32.507755
32.18594
32.173043
30.939677
31.088387
31.099187
31.066757
31.077569
30.929049
31.437508
31.245562
31.234499
30.451097
30.56315
30.573176
30.54308
30.553099
30.440726
30.793914
30.670633
30.660461
29.389733
29.386653
29.395688
29.368609
29.377631
29.380671
29.379617
29.375084
29.366055
29.427153
29.41442
29.423706
29.395887
29.405164
29.417851
29.386184
29.394873
29.385651
29.524752
29.492169
29.501567
29.473398
29.482779
29.515348
29.434432
29.456013
29.446654
29.739291
29.669796
29.679209
29.650985
29.660389
29.729889
29.554989
29.60277
29.593366
30.212718
30.054708
30.063867
30.036429
30.045563
30.203736
29.814284
29.917803
29.90853
31.394108
30.976024
30.983669
30.960767
30.968375
31.387109
30.39988
30.647733
30.639508
34.934148
33.627069
33.629789
33.621536
33.624311
34.93399
31.934899
32.657592
32.652902
48.33693
42.817891
42.794853
42.863383
42.840757
48.380362
36.723781
39.221784
39.232457
167.01965
103.12301
102.80954
103.73576
103.43179
167.5193
57.356494
73.046505
73.203282
715.63082
715.57543
721.01614
704.92005
710.21223
708.51
298.38039
511.91299
510.52713
267.03414
357.85389
360.03935
353.57957
355.70088
265.72006
669.08398
493.01665
489.32918
103.96836
126.66947
127.0204
125.97839
126.32206
103.73777
203.62296
158.5382
158.0073
62.507041
68.855096
68.949721
68.668775
68.761192
62.431051
88.048871
76.938928
76.820564
46.677278
49.620024
49.666593
49.528364
49.573874
46.636922
57.32045
53.09071
53.037826
38.921583
40.395172
40.423078
40.340281
40.367625
38.896774
44.176684
42.109648
42.078757
34.935995
35.69634
35.715176
35.658923
35.677601
34.918409
37.642934
36.578049
36.557735
32.832006
33.249084
33.264021
33.219341
33.234211
32.817862
34.271359
33.715363
33.699673
31.62038
31.86677
31.87917
31.841966
31.854364
31.608459
32.45376
32.134358
32.12147
30.897148
31.045104
31.055928
31.023433
31.034265
30.886507
31.391711
31.20128
31.190196
30.411163
30.522993
30.533006
30.502966
30.512963
30.400883
30.752328
30.6299
30.619725
29.353482
29.350554
29.359569
29.332543
29.341543
29.344435
29.343099
29.338928
29.32993
29.389955
29.377377
29.386652
29.358908
29.368157
29.38069
29.349899
29.356969
29.347898
29.487175
29.454659
29.464024
29.435949
29.445301
29.477799
29.397167
29.418615
29.409293
29.701708
29.632189
29.641586
29.613409
29.622798
29.692325
29.517409
29.565186
29.555799
30.17688
30.018188
30.027302
29.999979
30.009076
30.167954
29.776894
29.880749
29.8715
31.366197
30.945577
30.953148
30.930454
30.937987
31.359251
30.365464
30.614958
30.606811
34.933219
33.615906
33.618724
33.610194
33.613048
34.932871
31.910915
32.6388
32.634092
48.508524
42.908045
42.885832
42.951866
42.930073
48.550526
36.738757
39.263742
39.273929
168.93401
104.32926
104.03493
104.90324
104.61874
169.37797
57.675797
73.663929
73.814115
688.05281
694.55397
699.70236
684.46715
689.47698
681.51909
299.20184
506.35222
504.95617
261.87773
349.42745
351.48865
345.39035
347.39487
260.62835
649.52284
478.64712
475.20674
103.05839
125.3003
125.63776
124.63376
124.96561
102.83538
200.36563
156.44682
155.93661
62.208498
68.486442
68.577172
68.307216
68.396414
62.135939
87.416948
76.471969
76.357441
46.518313
49.438863
49.483314
49.350767
49.394611
46.479434
57.075856
52.882543
52.831613
38.823059
40.286335
40.313325
40.232887
40.25951
38.798505
44.038662
41.98763
41.957631
34.866007
35.62181
35.640333
35.585003
35.603369
34.848672
37.554418
36.49732
36.477379
32.775568
33.189739
33.204537
33.160287
33.175009
32.761525
34.205406
33.652836
33.637318
31.572701
31.817174
31.829566
31.792407
31.804787
31.560786
32.399965
32.08285
32.069997
30.854579
31.001748
31.012587
30.980055
30.990897
30.843934
31.345858
31.156922
31.145825
30.371509
30.48294
30.492923
30.462984
30.472945
30.36133
30.710725
30.589172
30.579003
29.317356
29.31454
29.32353
29.296566
29.305542
29.308347
29.306836
29.302922
29.293952
29.352863
29.340472
29.349724
29.320898
29.330006
29.343648
29.313646
29.320632
29.311557
29.449704
29.417269
29.426607
29.398615
29.407941
29.440355
29.360036
29.381345
29.372057
29.664195
29.594642
29.604025
29.57589
29.585266
29.654829
29.479911
29.527668
29.518297
30.14125
29.981797
29.99088
29.963636
29.972707
30.132367
29.739578
29.843783
29.834554
31.338512
30.915396
30.922893
30.900403
30.907864
31.331626
30.331286
30.58248
30.574399
34.931578
33.604414
33.607298
33.598575
33.601484
34.931067
31.887095
32.619973
32.615266
48.674265
42.994826
42.973463
43.036906
43.015985
48.714746
36.752445
39.303714
39.313384
170.62733
105.45734
105.18285
105.9915
105.72696
171.01733
57.983718
74.254381
74.397536
662.71289
674.64971
679.52643
665.09206
669.83992
656.69533
299.63034
500.79207
499.41044
256.96754
341.46188
343.4129
337.63664
339.53667
255.77519
631.46711
465.22537
462.0063
102.17587
123.97798
124.30461
123.33268
123.65413
101.95909
197.24473
154.43384
153.94189
61.920409
68.130234
68.218455
67.954972
68.042145
61.849499
86.802542
76.018332
75.906446
46.36468
49.26416
49.307209
49.178458
49.221139
46.327028
56.838691
52.681516
52.632095
38.726094
40.179991
40.206415
40.127489
40.153712
38.702307
43.905104
41.868923
41.839808
34.797053
35.548522
35.566722
35.512373
35.530404
34.77999
37.467293
36.418144
36.398604
32.719567
33.130994
33.145634
33.101871
33.116424
32.705646
34.14033
33.591041
33.575724
31.525069
31.767675
31.780037
31.742989
31.755328
31.513175
32.346477
32.031518
32.018723
30.812005
30.958359
30.969203
30.936668
30.947508
30.801364
31.300006
31.112533
31.101436
30.332178
30.443038
30.452981
30.423165
30.433085
30.322104
30.669137
30.548482
30.538324
29.281337
29.278614
29.287579
29.26069
29.269639
29.272346
29.270829
29.267056
29.258113
29.315894
29.302628
29.311748
29.284441
29.293575
29.305345
29.277465
29.284248
29.275175
29.41233
29.379986
29.3893
29.361381
29.370686
29.403007
29.322975
29.344185
29.334935
29.626743
29.557152
29.566522
29.538429
29.547792
29.617393
29.442495
29.490216
29.480859
30.10577
29.94549
29.954554
29.927356
29.936413
30.096915
29.702323
29.806885
29.797669
31.31108
30.885472
30.892899
30.870601
30.877994
31.304257
30.297283
30.550252
30.542223
34.929273
33.592681
33.595613
33.586732
33.589688
34.928586
31.863485
32.601174
32.596477
48.833784
43.078073
43.05761
43.118298
43.098309
48.872646
36.764881
39.341588
39.350715
172.10935
106.50592
106.25131
107.00016
106.75562
172.44737
58.279396
74.816173
74.95194
639.34487
655.78609
660.40952
646.72347
651.22611
633.78378
299.7133
495.31636
493.96408
252.27794
333.91063
335.76153
330.2804
332.08382
251.13839
614.74401
452.65837
449.64143
101.31789
122.69792
123.01411
122.07429
122.38488
101.10752
194.24812
152.49312
152.01933
61.639433
67.781992
67.868045
67.61165
67.6965
61.570084
86.202978
75.575205
75.466549
46.21552
49.09344
49.135773
49.009407
49.051227
46.178805
56.607293
52.48478
52.436027
38.631533
40.075413
40.101409
40.023621
40.049488
38.60811
43.775082
41.753475
41.724958
34.729231
35.476562
35.49442
35.441092
35.458778
34.712462
37.382085
36.340592
36.321461
32.664077
33.072924
33.087387
33.04416
33.058529
32.650292
34.076259
33.530089
33.514994
31.477548
31.718358
31.730669
31.69379
31.706068
31.465692
32.293383
31.980451
31.967733
30.769462
30.914986
30.925822
30.89332
30.904147
30.758834
31.25422
31.068165
31.05708
30.293186
30.403308
30.413208
30.383521
30.393397
30.283216
30.627592
30.507849
30.497708
29.24543
29.242791
29.251728
29.224923
29.233844
29.236472
29.235081
29.23133
29.222416
29.27798
29.266212
29.275334
29.247987
29.257102
29.268804
29.24137
29.247953
29.238887
29.375052
29.342794
29.352094
29.324226
29.333523
29.365756
29.28451
29.307153
29.297875
29.589348
29.51972
29.529076
29.501025
29.510376
29.580014
29.40516
29.452831
29.44349
30.070384
29.909227
29.918282
29.891099
29.900153
30.061542
29.665118
29.770029
29.760822
31.283899
30.855781
30.863146
30.841009
30.848347
31.277133
30.26339
30.518217
30.510226
34.92627
33.580723
33.583705
33.574646
33.577659
34.925404
31.840082
32.582411
32.577715
48.986694
43.157547
43.138049
43.195792
43.1768
49.023853
36.776028
39.37724
39.385786
173.38937
107.47467
107.23996
107.92972
107.70474
173.68107
58.562178
75.348332
75.476661
617.72443
637.89514
642.28207
629.29185
633.56738
612.56928
299.50157
489.98193
488.67368
247.79674
326.74363
328.5006
323.29776
325.00969
246.70845
599.21357
440.87588
438.04579
100.48747
121.46234
121.76708
120.86227
121.16105
100.28448
191.37362
150.62597
150.17097
61.364056
67.443201
67.527045
67.27641
67.359469
61.295808
85.621551
75.144807
75.038755
46.069893
48.92629
48.967647
48.844143
48.885019
46.033932
56.378734
52.291399
52.243689
38.538526
39.972466
39.997948
39.921941
39.94715
38.515613
43.647958
41.640091
41.612038
34.662604
35.405959
35.423474
35.371158
35.388506
34.646134
37.299063
36.264693
36.245967
32.609144
33.015579
33.029855
32.987183
33.001366
32.5955
34.013273
33.47005
33.455186
31.430197
31.669288
31.681533
31.644857
31.657066
31.418389
32.24073
31.929707
31.917076
30.726983
30.871673
30.88249
30.850047
30.860853
30.716376
31.20855
31.023861
31.012797
30.254528
30.363748
30.373606
30.344041
30.353878
30.244656
30.586113
30.467289
30.457166
29.209653
29.207082
29.21599
29.189276
29.198167
29.200725
29.199603
29.195755
29.186876
29.241382
29.229768
29.238876
29.211564
29.220661
29.232239
29.205402
29.211728
29.202691
29.337845
29.305692
29.314989
29.285077
29.29422
29.328591
29.247907
29.268427
29.259243
29.552006
29.482345
29.49169
29.463678
29.473019
29.542688
29.367904
29.415515
29.406186
30.035037
29.872968
29.882024
29.854829
29.863889
30.026197
29.627951
29.733193
29.723989
31.256933
30.826273
30.833591
30.811566
30.818867
31.250209
30.229547
30.486313
30.478342
34.922527
33.568488
33.571538
33.562235
33.565331
34.921462
31.816834
32.563637
32.558924
49.132715
43.23301
43.214535
43.26919
43.251235
49.168131
36.785784
39.410515
39.418446
174.48469
108.36547
108.15012
108.78221
108.57632
174.73115
58.831741
75.850636
75.9715
597.66087
620.90686
625.07414
612.73414
616.79592
592.86842
299.03518
484.78137
483.47504
243.51887
319.94064
321.60851
316.66944
318.29487
242.48062
584.75522
429.81869
427.16041
99.68725
120.27441
120.56708
119.69879
119.98534
99.492208
188.62189
148.83438
148.39832
61.093764
67.111948
67.193879
66.94998
67.030556
61.027342
85.06056
74.725748
74.623197
45.927155
48.762639
48.803233
48.681881
48.722094
45.89193
56.154683
52.102091
52.05529
38.447828
39.872051
39.896926
39.822867
39.847376
38.425543
43.523332
41.52908
41.501767
34.597161
35.33667
35.353862
35.302482
35.319524
34.580975
37.218005
36.190359
36.171996
32.554774
32.958966
32.973058
32.930921
32.944926
32.541266
33.951368
33.410928
33.396286
31.383045
31.620498
31.632671
31.59621
31.608347
31.371289
32.188524
31.879312
31.866766
30.684592
30.828443
30.839238
30.80686
30.817644
30.674008
31.163015
30.979642
30.968599
30.216176
30.324344
30.334165
30.304703
30.314507
30.20639
30.544712
30.426806
30.416702
29.173993
29.171499
29.180373
29.153752
29.162612
29.165088
29.164394
29.160347
29.151498
29.204835
29.193387
29.20247
29.175232
29.184305
29.195706
29.169552
29.175615
29.166604
29.29832
29.266637
29.275862
29.248212
29.257416
29.289066
29.211253
29.231669
29.222484
29.51471
29.445025
29.454362
29.426365
29.435713
29.505409
29.327791
29.378251
29.368891
29.999681
29.83668
29.845746
29.818518
29.82759
29.99083
29.590809
29.696353
29.68715
31.230113
30.796875
30.804167
30.782193
30.789479
31.223411
30.195696
30.454468
30.446499
34.917956
33.555871
33.55902
33.549379
33.552591
34.916667
31.79365
32.544761
32.540004
49.271785
43.304333
43.286897
43.338454
43.321529
49.305486
36.794027
39.441307
39.448614
175.40501
109.18036
108.98371
109.56036
109.37272
175.61013
59.088174
76.323321
76.43691
578.99039
604.76694
608.72659
596.99821
600.85927
574.52322
298.34588
479.54349
478.22797
239.43758
313.48096
315.06544
310.3715
311.91704
238.44668
571.25518
419.42562
416.92292
98.919303
119.13549
119.41586
118.58406
118.85843
98.732377
185.99029
147.11784
146.70005
60.830821
66.790597
66.869928
66.63417
66.71198
60.766248
84.522892
74.321483
74.222987
45.787423
48.601769
48.641627
48.522583
48.56198
45.753062
55.935626
51.916331
51.870446
38.359561
39.774357
39.798533
39.726502
39.750349
38.337838
43.401744
41.420926
41.394325
34.532817
35.268569
35.285474
35.234913
35.25169
34.516886
37.13864
36.117407
36.099356
32.500934
32.903038
32.916961
32.875308
32.889155
32.48755
33.890461
33.352666
33.338223
31.3361
31.571993
31.584095
31.547842
31.559911
31.324394
32.136735
31.829256
31.816792
30.642293
30.785295
30.79607
30.763747
30.774514
30.63173
31.117612
30.935502
30.924477
30.178082
30.285067
30.294858
30.265479
30.275257
30.168368
30.503392
30.386401
30.376316
29.138442
29.136034
29.14488
29.118348
29.127178
29.129562
29.129429
29.125109
29.116298
29.168361
29.157102
29.166164
29.13899
29.148042
29.159254
29.133816
29.139609
29.130622
29.261332
29.229802
29.239004
29.211398
29.220598
29.252112
29.174653
29.194942
29.185776
29.477438
29.407685
29.417072
29.385405
29.394623
29.468139
29.290733
29.337746
29.3284
29.964274
29.800341
29.809421
29.782148
29.791235
29.955405
29.553685
29.659487
29.650282
31.20335
30.767504
30.774793
30.752802
30.760097
31.196644
30.161787
30.422613
30.414628
34.912457
33.542739
33.546024
33.535937
33.539303
34.910921
31.770407
32.525668
32.520835
49.404115
43.37158
43.355151
43.403738
43.387792
49.436187
36.800677
39.469619
39.476318
176.1649
109.92262
109.7438
110.26756
110.09736
176.33174
59.331949
76.767203
76.873731
561.57073
589.40672
593.18677
581.92584
585.65831
557.39617
297.46241
474.27831
472.95969
235.53916
307.33693
308.84551
304.37331
305.84686
234.59109
558.60644
409.63062
407.2672
98.183939
118.0445
118.31277
117.51552
117.77871
98.005207
183.47041
145.47227
145.07106
60.574966
66.480564
66.556892
66.330225
66.404879
60.512214
84.009793
73.933809
73.839604
45.651292
48.444441
48.483352
48.367216
48.405675
45.61777
55.721612
51.734815
51.69025
38.273416
39.679249
39.702795
39.632551
39.65582
38.252171
43.282965
41.31551
41.28955
34.469445
35.201492
35.218153
35.168292
35.184843
34.453735
37.060709
36.045634
36.02785
32.447566
32.847718
32.861495
32.820259
32.83397
32.434289
33.830428
33.295165
33.280895
31.289352
31.523755
31.535792
31.499728
31.511735
31.277694
32.08531
31.779511
31.767119
30.600075
30.742212
30.752973
30.720689
30.731443
30.58953
31.072324
30.891425
30.880413
30.140188
30.245891
30.255659
30.226343
30.236101
30.13053
30.462145
30.34607
30.336002
29.102992
29.100691
29.109506
29.083065
29.091865
29.094136
29.09469
29.09005
29.081282
29.131971
29.1209
29.129941
29.102831
29.111861
29.122884
29.098179
29.10369
29.094725
29.224447
29.19301
29.202202
29.174636
29.183821
29.215234
29.138133
29.158287
29.149137
29.43569
29.366643
29.376044
29.34811
29.357374
29.426265
29.25378
29.300605
29.291349
29.928792
29.763937
29.773035
29.745542
29.75481
29.919899
29.511511
29.62245
29.607317
31.17654
30.738071
30.745379
30.723304
30.73063
31.169803
30.12778
30.390681
30.382661
34.90594
33.528952
33.532409
33.521771
33.525327
34.904138
31.746969
32.506226
32.501284
49.53008
43.434965
43.419483
43.465292
43.45026
49.560619
36.805703
39.495542
39.501661
176.77618
110.59561
110.43381
110.90721
110.75359
176.90805
59.563638
77.183182
77.282883
545.2775
574.54223
578.2256
567.25972
570.89234
541.36693
296.41177
469.00676
467.68919
231.80406
301.47675
302.91716
298.64437
300.05304
230.89374
546.71911
400.37135
398.1338
97.478592
116.99602
117.25466
116.48555
116.73979
97.306207
181.0485
143.88918
143.50217
60.327283
66.182598
66.255987
66.037275
66.109529
60.266524
83.517992
73.561715
73.470694
45.518261
48.290843
48.328893
48.215232
48.252913
45.485409
55.513596
51.557899
51.514152
38.18908
39.58636
39.609378
39.540634
39.563421
38.168238
43.166797
41.212554
41.187147
34.406911
35.135295
35.151746
35.102496
35.118848
34.391393
36.984005
35.974872
35.957321
32.394604
32.792917
32.80657
32.765686
32.779284
32.381419
33.77114
33.238316
33.224193
31.242786
31.475758
31.487737
31.451841
31.463793
31.231172
32.034193
31.73004
31.717711
30.557923
30.699175
30.709925
30.677671
30.688416
30.547393
31.02714
30.8474
30.836402
30.102437
30.20679
30.216541
30.187272
30.197015
30.092818
30.420958
30.305807
30.295755
29.067634
29.06547
29.074256
29.047906
29.056674
29.0588
29.060155
29.05517
29.046446
29.095664
29.084781
29.093802
29.066753
29.075762
29.086596
29.062627
29.067855
29.05891
29.187614
29.156275
29.165455
29.137927
29.1471
29.178412
29.101684
29.121692
29.112557
29.398423
29.329582
29.338843
29.311066
29.320321
29.389166
29.216862
29.263602
29.254359
29.884606
29.719829
29.729372
29.701258
29.710378
29.875072
29.474057
29.579106
29.569916
31.149575
30.708489
30.71584
30.693605
30.700993
31.142778
30.083322
30.358548
30.350266
34.898329
33.514375
33.518041
33.506752
33.510534
34.896246
31.723195
32.486299
32.481215
49.650055
43.49475
43.480151
43.523363
43.509187
49.679139
36.809105
39.519196
39.524763
177.25162
111.20279
111.05711
111.48277
111.3448
177.35161
59.783723
77.572163
77.665262
530.00182
560.0803
563.66136
553.00666
556.53476
526.33024
295.22079
463.74522
462.43255
228.21421
295.8739
297.25186
293.1634
294.51164
227.33822
535.52928
391.60062
389.47972
96.797395
115.98303
116.23321
115.48828
115.73458
96.630247
178.71206
142.36047
141.98626
60.086462
65.894081
65.965315
65.752875
65.823029
60.027178
83.043516
73.201734
73.113525
45.387767
48.140315
48.177649
48.066098
48.103081
45.355517
55.310367
51.384195
51.341254
38.10626
39.495342
39.517911
39.450474
39.47283
38.085772
43.052992
41.111683
41.086771
34.345112
35.069884
35.086144
35.037457
35.053624
34.329765
36.908425
35.905016
35.887685
32.341988
32.738556
32.752104
32.71152
32.725021
32.328881
33.712491
33.182025
33.168028
31.196389
31.427973
31.439901
31.404151
31.416057
31.184815
31.983335
31.680805
31.66853
30.515828
30.656178
30.666918
30.634696
30.64543
30.505312
30.982057
30.803432
30.79245
30.064776
30.167746
30.177484
30.148251
30.157983
30.055185
30.379824
30.265604
30.255565
29.032359
29.030365
29.039122
29.012853
29.021596
29.023545
29.02579
29.020454
29.011766
29.059432
29.048743
29.057745
29.030754
29.039746
29.050383
29.027154
29.032101
29.023174
29.150828
29.119594
29.128761
29.101273
29.110431
29.141638
29.065298
29.085154
29.076034
29.361405
29.292558
29.301809
29.274064
29.283308
29.352154
29.179986
29.226645
29.217415
29.847823
29.683082
29.692162
29.664905
29.673989
29.83894
29.437098
29.542354
29.533166
31.121996
30.663214
30.685763
30.646165
30.654204
31.093994
30.047778
30.311967
30.30386
34.889559
33.498886
33.502793
33.490059
33.494783
34.88718
31.675329
32.465184
32.430636
49.764317
43.551153
43.537389
43.578136
43.564777
49.791991
36.810899
39.540688
39.545723
177.60348
111.7475
111.61706
111.99736
111.87426
177.67439
59.992543
77.934934
78.021638
515.6485
546.04075
549.5151
539.18461
542.60411
512.19394
293.91259
458.50864
457.20468
224.75955
290.51191
291.83083
287.91792
289.20829
223.91642
524.99293
383.2872
381.27686
96.136992
115.00195
115.24406
114.5242
114.76199
95.97545
176.45593
140.88312
140.52186
59.851569
65.613742
65.682888
65.476784
65.544824
59.793777
82.584069
72.853388
72.768078
45.259825
47.99264
48.029258
47.920018
47.956205
45.228284
55.111437
51.213916
51.171947
38.024869
39.406015
39.428167
39.361948
39.383907
38.00474
42.94144
41.012783
40.988346
34.283982
35.005207
35.021287
34.973129
34.989124
34.268794
36.833942
35.836036
35.818919
32.289671
32.684573
32.69803
32.657708
32.671125
32.276634
33.654403
33.126215
33.11233
31.15015
31.380374
31.392258
31.356638
31.368502
31.138614
31.932698
31.631773
31.619544
30.473788
30.613228
30.623955
30.591776
30.602495
30.463286
30.93708
30.759536
30.748574
30.027163
30.128746
30.138475
30.109268
30.118992
30.017591
30.338736
30.225453
30.215425
28.997161
28.995364
29.004095
28.977902
28.98662
28.988366
28.99157
28.985884
28.97723
29.023271
29.012781
29.021764
28.994828
29.003801
29.01424
28.991754
28.99642
28.987511
29.114084
29.08296
29.092115
29.064658
29.073807
29.104905
29.028975
29.048671
29.039565
29.324419
29.255579
29.264819
29.237108
29.246341
29.315181
29.143157
29.189735
29.180518
29.812304
29.646726
29.655811
29.628542
29.637626
29.803418
29.400176
29.505609
29.496426
31.07187
30.631154
30.638582
30.616114
30.623587
31.065039
30.013601
30.279739
30.271671
34.822791
33.439334
33.448478
33.429133
33.433374
34.815951
31.646342
32.408973
32.403733
49.873005
43.604295
43.591365
43.486245
43.615612
49.89773
36.737953
39.474672
39.464349
177.84243
112.23266
112.11676
112.45094
112.34497
177.88703
60.190269
78.272176
78.350286
502.1339
532.43991
535.80366
525.80352
529.11429
498.87716
292.5057
453.31082
452.01885
221.43616
285.38022
286.64273
282.89766
284.13256
220.62558
515.06303
375.40479
373.4993
95.499295
114.0548
114.28829
113.59379
113.82307
95.343473
174.28021
139.45703
139.10887
59.62299
65.342035
65.408917
65.209527
65.27528
59.566894
82.139759
72.516632
72.434294
45.134743
47.848261
47.884015
47.777381
47.812716
45.103934
54.917831
51.047719
51.006822
37.944872
39.318235
39.340022
39.27485
39.296473
37.925063
42.832282
40.915695
40.891674
34.223467
34.941218
34.957131
34.909465
34.9253
34.208424
36.760496
35.767883
35.750962
32.237622
32.630923
32.644301
32.604213
32.617554
32.224649
33.596813
33.07083
33.057042
31.10406
31.332941
31.344786
31.309282
31.321108
31.09256
31.88226
31.58292
31.570733
30.431809
30.570342
30.581052
30.548926
30.559627
30.421323
30.892215
30.715727
30.704789
29.989567
30.089779
30.099501
30.070312
30.080032
29.980005
30.297693
30.185346
30.175327
28.962038
28.960462
28.969169
28.943046
28.951741
28.95326
28.95748
28.951444
28.94282
28.987181
28.976893
28.985857
28.958976
28.967931
28.978168
28.956421
28.960808
28.951917
29.077381
29.046368
29.055511
29.028088
29.037227
29.068214
28.992716
29.012241
29.003144
29.287482
29.218649
29.227874
29.200204
29.209425
29.278256
29.106373
29.152875
29.143665
29.776737
29.610355
29.619443
29.592179
29.601264
29.767832
29.363296
29.468883
29.45971
31.044376
30.600981
30.608503
30.585725
30.593319
31.037411
29.979286
30.24735
30.239207
34.808043
33.420678
33.424888
33.411942
33.416296
34.805473
31.621419
32.387751
32.382282
49.76112
43.499299
43.487541
43.525447
43.512488
49.786618
36.733038
39.473909
39.478661
176.25118
111.69739
111.83348
111.86344
111.76374
176.20213
60.027049
77.983939
78.063285
489.38758
519.25219
522.53644
512.01056
515.10608
486.57739
288.25472
445.4267
444.15698
218.24518
280.4716
281.67757
279.19197
280.35512
218.21121
505.99008
369.62289
367.83667
94.884942
113.14251
113.36644
112.91667
113.13817
94.735288
172.73644
138.49241
138.16968
59.401301
65.079218
65.143855
64.951018
65.0146
59.346881
81.711178
72.191878
72.112463
45.012211
47.707278
47.742226
47.637873
47.672458
44.981882
54.729581
50.885633
50.845711
37.86609
39.231805
39.253256
39.189099
39.210385
37.846567
42.724656
40.820133
40.796451
34.16351
34.877866
34.893625
34.846414
34.862101
34.148599
36.688025
35.700491
35.683752
32.185823
32.577577
32.590881
32.551012
32.564281
32.172911
33.53967
33.015822
33.002124
31.058109
31.285659
31.297468
31.262072
31.273863
31.046641
31.832012
31.53423
31.522082
30.389893
30.527531
30.538222
30.506155
30.516836
30.379423
30.847464
30.672013
30.661098
29.951961
30.050832
30.060551
30.03137
30.041089
29.942403
30.256691
30.145272
30.13526
28.926984
28.925655
28.934337
28.908288
28.916954
28.918229
28.923503
28.917119
28.908525
28.951163
28.941078
28.950024
28.923201
28.932138
28.94217
28.921151
28.925267
28.916394
29.040725
29.00982
29.018953
28.991564
29.00069
29.031567
28.956515
28.975858
28.966774
29.250598
29.181773
29.190986
29.163357
29.17256
29.241387
29.069634
29.11606
29.106863
29.741118
29.574006
29.583086
29.55584
29.564917
29.732205
29.326466
29.432195
29.423028
31.016296
30.570377
30.578012
30.554887
30.562598
31.009182
29.944844
30.214688
30.206476
34.797225
33.402926
33.407424
33.393629
33.398273
34.794344
31.595686
32.365602
32.359852
49.863551
43.550879
43.538292
43.575598
43.563366
49.8887
36.732251
39.491933
39.496096
176.27368
112.0637
111.9651
112.25161
112.1592
176.2913
60.213651
78.294178
78.367937
477.60427
505.85741
508.92507
499.79561
502.81397
474.69315
286.80636
440.44867
439.22222
215.91618
276.83718
278.01069
274.52335
275.67478
215.15496
497.09346
362.47174
360.72268
94.293724
112.47726
112.69608
112.04404
112.25974
94.148586
170.71321
137.16757
136.83767
59.185952
64.824613
64.887338
64.699798
64.761753
59.132934
81.29687
71.877684
71.800482
44.891627
47.569068
47.603378
47.500852
47.534857
44.861797
54.545951
50.726998
50.687763
37.788417
39.146696
39.167835
39.104573
39.125575
37.769153
42.618893
40.725967
40.702648
34.10406
34.815103
34.830721
34.783924
34.799477
34.089268
36.616466
35.633802
35.617228
32.134266
32.524518
32.537752
32.498092
32.511292
32.121414
33.482927
32.961159
32.947542
31.012285
31.238519
31.250294
31.215001
31.226759
31.000848
31.781959
31.485698
31.473591
30.34804
30.484797
30.49547
30.463457
30.474121
30.337585
30.802817
30.62839
30.617496
29.914323
30.011891
30.021611
29.992424
30.002146
29.904764
30.215722
30.105215
30.095206
28.892001
28.890937
28.899595
28.873608
28.882254
28.883268
28.88962
28.88289
28.874316
28.915211
28.905339
28.914267
28.887496
28.896416
28.90623
28.885947
28.8898
28.880944
29.004109
28.973318
28.98244
28.955082
28.964198
28.994961
28.920369
28.939524
28.930451
29.213771
29.144954
29.154153
29.126562
29.135754
29.204571
29.032935
29.079291
29.070107
29.70546
29.537675
29.546754
29.519529
29.528598
29.696541
29.289691
29.395553
29.386394
30.987572
30.539291
30.547064
30.523558
30.531394
30.980273
29.910255
30.181729
30.17343
34.785109
33.384001
33.388787
33.374102
33.379028
34.781928
31.569091
32.342393
32.336439
49.961488
43.599358
43.587726
43.622689
43.611139
49.985392
36.730018
39.507945
39.511678
176.30656
112.42849
112.34173
112.59034
112.50946
176.30462
60.389372
78.580687
78.648819
466.19363
493.83662
496.8042
487.97914
490.89594
463.43578
285.3258
435.56807
434.35879
212.9092
272.25472
273.38405
270.02757
271.13641
212.17329
488.54534
355.59005
353.91485
93.718844
111.61647
111.82941
111.19386
111.40439
93.577135
168.72935
135.86137
135.5402
58.975266
64.575985
64.637496
64.453046
64.51413
58.923092
80.89259
71.571054
71.4951
44.773136
47.433325
47.466981
47.366455
47.399795
44.743822
54.365476
50.571145
50.532644
37.711712
39.0627
39.083581
39.02105
39.041822
37.692662
42.514797
40.633197
40.610192
34.045063
34.752869
34.768361
34.721931
34.737366
34.030375
36.545709
35.567738
35.551308
32.082949
32.471735
32.484901
32.445448
32.45858
32.070159
33.426546
32.906813
32.893273
30.96658
31.191519
31.203259
31.168073
31.179795
30.955172
31.732112
31.437332
31.425268
30.30624
30.442132
30.452789
30.42082
30.431472
30.295796
30.758264
30.584844
30.573968
29.876634
29.972935
29.982662
29.953454
29.963185
29.867068
30.174777
30.065161
30.055151
28.857086
28.856295
28.864932
28.839001
28.847628
28.848372
28.85581
28.848736
28.840181
28.879316
28.869667
28.878579
28.851853
28.860758
28.870349
28.85081
28.8544
28.84556
28.967532
28.936859
28.945971
28.918643
28.92775
28.958392
28.884275
28.903239
28.894178
29.176991
29.108183
29.117372
29.089816
29.098996
29.167804
28.996277
29.042573
29.033399
29.66977
29.501382
29.510446
29.483244
29.492304
29.660837
29.252969
29.358949
29.349807
30.958163
30.507718
30.51562
30.491721
30.499687
30.950697
29.875526
30.148461
30.140087
34.771754
33.363935
33.369002
33.353465
33.358711
34.768296
31.541617
32.318166
32.311973
50.054448
43.645066
43.633878
43.666787
43.655924
50.076724
36.72647
39.522188
39.525561
176.26215
112.74103
112.66808
112.88098
112.81365
176.23803
60.555113
78.845031
78.907718
455.378
482.22344
485.08942
476.57059
479.38562
452.76155
283.79519
430.75788
429.56587
209.99899
267.84026
268.92952
265.69106
266.76131
209.28597
480.40999
348.99017
347.38185
93.15614
110.77593
110.98415
110.36256
110.56849
93.017031
166.80281
134.58887
134.2756
58.767918
64.330896
64.391593
64.209408
64.269798
58.716512
80.494653
71.269102
71.194205
44.656554
47.300046
47.333198
47.233994
47.266952
44.627666
54.187853
50.418031
50.380027
37.635807
38.979611
39.000279
38.938378
38.958945
37.616939
42.412151
40.541598
40.51886
33.986468
34.691106
34.706486
34.660387
34.675715
33.971875
36.475634
35.502225
35.485925
32.03188
32.41923
32.432327
32.393081
32.406144
32.019153
33.370499
32.852767
32.8393
30.92099
31.144666
31.156369
31.121298
31.132981
30.909611
31.682491
31.389145
31.37713
30.264481
30.39952
30.410166
30.378231
30.388872
30.254045
30.713796
30.541364
30.530502
29.838876
29.933946
29.943685
29.914441
29.924187
29.8293
30.133844
30.025092
30.01508
28.822236
28.821723
28.830341
28.804462
28.813071
28.81354
28.822059
28.814644
28.806104
28.843475
28.834054
28.842951
28.81627
28.82516
28.834521
28.815736
28.819061
28.810236
28.930991
28.900436
28.909539
28.882241
28.891337
28.921862
28.848231
28.866996
28.857946
29.140261
29.071457
29.080634
29.053109
29.062281
29.131084
28.959659
29.005894
28.99673
29.634045
29.465107
29.474169
29.446976
29.456035
29.625107
29.216294
29.322398
29.313263
30.928054
30.475617
30.483648
30.459373
30.467485
30.920399
29.840648
30.114869
30.106405
34.75732
33.342806
33.348122
33.33186
33.337349
34.753469
31.51327
32.292953
32.286534
50.142092
43.687852
43.677318
43.708028
43.698058
50.1631
36.721758
39.534812
39.537837
176.14262
113.00929
112.94759
113.12684
113.07047
176.10064
60.70944
79.08633
79.142332
445.11107
471.01957
473.78316
465.57161
468.28365
442.62495
282.22403
426.01738
424.8434
207.1814
263.58038
264.63124
261.50852
262.54045
206.49144
472.67777
342.65873
341.11741
92.603731
109.95363
110.15733
109.54913
109.7506
92.467066
164.93406
133.3484
133.04335
58.563335
64.088531
64.148626
63.968259
64.028064
58.512561
80.101994
70.971004
70.896995
44.541578
47.168442
47.20114
47.103352
47.135825
44.513073
54.012496
50.266852
50.229403
37.560607
38.897343
38.917815
38.856486
38.876872
37.541906
42.310901
40.451031
40.428535
33.928238
34.629772
34.645049
34.599256
34.614485
33.913731
36.40615
35.437217
35.421037
31.981068
32.367004
32.380031
32.340996
32.353989
31.968407
33.31477
32.79901
32.785615
30.875518
31.097971
31.109633
31.074689
31.086329
30.86417
31.633114
31.341158
31.329195
30.22275
30.35695
30.367588
30.335679
30.346313
30.21232
30.669411
30.49794
30.487093
29.801039
29.894907
29.904661
29.875371
29.885134
29.791451
30.092913
29.984998
29.974981
28.787452
28.787218
28.795818
28.76999
28.778584
28.778771
28.788362
28.780604
28.77208
28.807687
28.798499
28.807382
28.780742
28.789618
28.798746
28.78072
28.783782
28.774972
28.894491
28.864054
28.873147
28.845879
28.854966
28.885371
28.812232
28.830795
28.821756
29.103573
29.03477
29.043937
29.016441
29.025601
29.094406
28.923077
28.96925
28.960093
29.598282
29.428857
29.437913
29.41073
29.41979
29.589333
29.179665
29.285877
29.276753
30.897263
30.44301
30.451184
30.426529
30.434765
30.889448
29.805621
30.080945
30.07242
34.741811
33.320709
33.326299
33.309302
33.314998
34.737823
31.484107
32.26686
32.260196
50.224456
43.727595
43.717924
43.746822
43.737444
50.244324
36.716032
39.546117
39.548679
175.95149
113.23138
113.18029
113.32829
113.28229
175.89417
60.853853
79.305182
79.35603
435.35027
460.22631
462.8871
454.98292
457.59289
432.98458
280.61587
421.35005
420.19476
204.45488
259.47421
260.48701
257.47428
258.47012
203.7869
465.32478
336.5946
335.12044
92.061043
109.14921
109.34839
108.75406
108.95086
91.926883
163.12132
132.14013
131.84329
58.361258
63.848547
63.908095
63.72932
63.788655
58.311063
79.714476
70.676356
70.603136
44.42814
47.038733
47.070975
46.974542
47.006579
44.400007
53.839418
50.117877
50.080934
37.48605
38.815787
38.836098
38.775238
38.795476
37.467498
42.210883
40.361359
40.339059
33.870341
34.568837
34.584018
34.538513
34.553648
33.855915
36.337168
35.372669
35.356597
31.930525
32.31506
32.328017
32.289195
32.302117
31.917933
33.259344
32.745538
32.732214
30.830172
31.051451
31.063069
31.02826
31.039854
30.818857
31.583998
31.293388
31.281482
30.181041
30.314417
30.325046
30.293164
30.303789
30.170617
30.625115
30.454574
30.443742
29.763116
29.855806
29.865577
29.836236
29.846018
29.753516
30.051979
29.944873
29.93485
28.752726
28.752778
28.761366
28.735579
28.74416
28.744061
28.754715
28.746615
28.738098
28.771949
28.763
28.77187
28.74527
28.754133
28.763021
28.745762
28.74856
28.739764
28.858027
28.827714
28.836796
28.809564
28.818638
28.84892
28.776279
28.794638
28.78561
29.066923
28.998118
29.007276
28.979807
28.98896
29.057768
28.886529
28.93264
28.923493
29.562474
29.392615
29.401667
29.374494
29.383551
29.553515
29.14307
29.249396
29.240276
30.86582
30.409936
30.41823
30.393223
30.401568
30.857858
29.770426
30.046726
30.038131
34.725434
33.297772
33.30356
33.286027
33.291897
34.721276
31.454201
32.23994
32.233058
50.301811
43.76522
43.756128
43.782834
43.774
50.320554
36.709578
39.555935
39.558235
175.70041
113.41277
113.37165
113.48766
113.45133
175.62878
60.987982
79.502408
79.548296
426.05748
449.84037
452.40002
444.7968
447.30699
423.80327
278.98052
416.75893
415.62333
201.8162
255.51037
256.48825
253.58179
254.54174
201.17039
458.32472
330.79572
329.38678
91.528504
108.36396
108.55826
107.97878
108.17067
91.396948
161.36433
130.966
130.67747
58.161213
63.610495
63.669657
63.492036
63.551037
58.111446
79.331972
70.384596
70.311979
44.316108
46.910729
46.94258
46.847275
46.878949
44.288285
53.668171
49.970743
49.934205
37.412067
38.734853
38.755009
38.694653
38.714715
37.393655
42.111661
40.272436
40.250305
33.812758
34.50828
34.523371
34.478133
34.493182
33.798408
36.268631
35.308534
35.292555
31.880259
32.2634
32.276286
32.237676
32.250527
31.867737
33.20421
32.692349
32.679095
30.784962
31.005118
31.016687
30.982023
30.993569
30.773682
31.535152
31.245847
31.233999
30.139356
30.271922
30.282542
30.250691
30.261306
30.128938
30.580915
30.411271
30.400457
29.725109
29.816638
29.826428
29.797036
29.806835
29.715496
30.011044
29.904719
29.894693
28.71806
28.718394
28.726968
28.701223
28.709791
28.709408
28.721118
28.712661
28.704157
28.736259
28.727555
28.736413
28.709853
28.718702
28.727345
28.710861
28.713399
28.704619
28.821608
28.791423
28.800492
28.773296
28.78236
28.812509
28.740377
28.758537
28.749518
29.030306
28.961502
28.970651
28.943208
28.95235
29.021157
28.85002
28.896066
28.88693
29.526611
29.356381
29.365431
29.338267
29.347316
29.517641
29.106511
29.212941
29.203833
30.833787
30.376422
30.384825
30.35951
30.367962
30.825696
29.735092
30.012217
30.003545
34.708427
33.274141
33.280081
33.262128
33.268132
34.704052
31.423677
32.212272
32.205283
50.374717
43.800197
43.791608
43.816765
43.808683
50.392004
36.70245
39.564745
39.566815
175.39059
113.55337
113.52152
113.60965
113.58257
175.30591
61.112892
79.680106
79.721245
417.1985
439.85033
442.31189
434.99901
437.41432
415.04804
277.32871
412.24805
411.1331
199.26523
251.68864
252.63153
249.82727
250.75413
198.64042
451.65132
325.25147
323.90238
91.005643
107.59806
107.7878
107.22087
107.40884
90.87613
159.66171
129.82384
129.54315
57.962814
63.37395
63.432777
63.256279
63.314906
57.913469
78.953888
70.095117
70.023071
44.205218
46.784193
46.815682
46.721484
46.752788
44.177668
53.498573
49.825236
49.789115
37.338627
38.654644
38.674615
38.61482
38.634698
37.320337
42.013289
40.184194
40.162256
33.755474
34.448065
34.463076
34.41807
34.433046
33.741196
36.200466
35.244741
35.228836
31.830274
32.212023
32.224838
32.18644
32.19922
31.817823
33.14935
32.639439
32.626253
30.739895
30.958978
30.970498
30.935981
30.947477
30.728653
31.48658
31.198541
31.186753
30.097698
30.229473
30.240082
30.208268
30.21887
30.087289
30.536821
30.368042
30.357247
29.687022
29.777407
29.787214
29.757776
29.767591
29.677397
29.970117
29.864545
29.854517
28.683448
28.684064
28.692627
28.66692
28.675476
28.674809
28.687577
28.678753
28.670261
28.700623
28.692163
28.701007
28.674486
28.683323
28.691722
28.676014
28.678289
28.669519
28.78523
28.755178
28.764237
28.737075
28.746126
28.776143
28.704527
28.722478
28.713474
28.993722
28.924917
28.934058
28.906635
28.915774
28.984582
28.813548
28.859529
28.8504
29.490696
29.320143
29.329199
29.302025
29.311081
29.481715
29.069977
29.176511
29.167409
30.801236
30.34251
30.351008
30.325413
30.33397
30.793034
29.699606
29.977463
29.968718
34.690854
33.250008
33.256065
33.237736
33.243896
34.686384
31.392575
32.184048
32.176939
50.443032
43.83313
43.825037
43.848775
43.840908
50.459265
36.694733
39.572689
39.574551
175.02933
113.65691
113.63421
113.69379
113.67743
174.92898
61.228189
79.837817
79.874462
408.74403
430.24172
432.60954
425.57533
427.89771
406.69053
275.66738
407.82165
406.72806
196.79333
247.99782
248.90865
246.19933
247.09502
196.18686
445.27146
319.94014
318.64732
90.490822
106.84759
107.03358
106.47855
106.66241
90.363512
158.0056
128.70955
128.43493
57.766161
63.139062
63.197476
63.022351
63.080528
57.717274
78.580131
69.808057
69.736684
44.095595
46.65918
46.690279
46.597251
46.628175
44.06841
53.330729
49.681421
49.645724
37.265565
38.575156
38.594962
38.535591
38.555356
37.247301
41.915923
40.096781
40.075046
33.698474
34.388142
34.403086
34.358283
34.373194
33.684267
36.132529
35.181229
35.165396
31.780574
32.160929
32.173673
32.135489
32.148197
31.768193
33.094761
32.586805
32.573689
30.694977
30.913034
30.924505
30.890134
30.901581
30.683771
31.438282
31.151472
31.139742
30.056078
30.187078
30.197673
30.165905
30.176492
30.04568
30.492839
30.324893
30.31412
29.648864
29.738123
29.747944
29.718466
29.728298
29.639231
29.929208
29.824363
29.814338
28.648889
28.649787
28.658337
28.632669
28.641211
28.640261
28.654106
28.64489
28.636409
28.665041
28.656822
28.665653
28.639172
28.647996
28.656155
28.641216
28.643228
28.63447
28.7489
28.718986
28.72803
28.70091
28.709946
28.739825
28.668738
28.686483
28.677493
28.957169
28.888361
28.897496
28.870096
28.879227
28.948037
28.777122
28.823031
28.81391
29.454737
29.283899
29.292956
29.26578
29.274838
29.445738
29.033471
29.140106
29.131004
30.768268
30.308261
30.316838
30.291025
30.299654
30.759975
29.664002
29.942459
29.933681
34.672835
33.225387
33.231585
33.213023
33.219258
34.668285
31.361068
32.155387
32.148148
50.506882
43.863958
43.856321
43.878691
43.871275
50.522142
36.686528
39.579663
39.581169
174.62118
113.7253
113.71046
113.74673
113.73571
174.51095
61.33507
79.978022
80.01043
400.66817
420.9991
423.27678
416.51076
418.74444
398.70538
274.00591
403.47894
402.40582
194.39553
244.43094
245.31141
242.69356
243.5589
193.8076
439.15375
314.84688
313.60517
89.98527
106.11385
106.29551
105.75342
105.93299
89.860363
156.39706
127.6241
127.35675
57.571373
62.906161
62.964089
62.790512
62.84818
57.522966
78.211407
69.523722
69.453046
43.987262
46.535679
46.566421
46.474439
46.505018
43.960355
53.164737
49.539238
49.503915
37.192527
38.496094
38.515834
38.456603
38.476337
37.174281
41.819424
40.010003
39.988371
33.64176
34.328495
34.343371
34.29878
34.31362
33.627625
36.064647
35.118025
35.102272
31.731158
32.11012
32.122793
32.084823
32.09746
31.718848
33.040449
32.53445
32.521404
30.650206
30.867282
30.878705
30.844477
30.855876
30.639037
31.390255
31.104635
31.092962
30.014501
30.144749
30.155328
30.123612
30.134181
30.004111
30.448971
30.281831
30.271081
29.610648
29.698798
29.708627
29.679127
29.688969
29.601009
29.888331
29.784191
29.77417
28.614375
28.61556
28.6241
28.598466
28.606997
28.605758
28.620712
28.611072
28.602609
28.629519
28.621535
28.630353
28.603912
28.612722
28.620647
28.606459
28.608215
28.599469
28.71262
28.682848
28.691879
28.664802
28.673825
28.703561
28.633009
28.650545
28.641571
28.920647
28.85184
28.860966
28.833592
28.842711
28.911522
28.74074
28.786565
28.777456
29.418733
29.247652
29.256711
29.229523
29.238583
29.409725
28.996988
29.103704
29.094605
30.734937
30.27373
30.28239
30.256384
30.26507
30.726549
29.628291
29.907273
29.898441
34.654539
33.20055
33.206809
33.188028
33.194311
34.649927
31.329245
32.126321
32.119018
50.566878
43.89273
43.88577
43.906553
43.899841
50.581183
36.677976
39.585705
39.587021
174.17421
113.7607
113.75578
113.76746
113.76611
174.05486
61.433023
80.100301
80.128638
392.94569
412.11046
414.30015
407.79654
409.94329
391.06693
272.34951
399.21726
398.16433
192.07103
240.98547
241.8361
239.30556
240.14249
191.50091
433.28732
309.96049
308.77148
89.489169
105.39733
105.57472
105.04533
105.2207
89.366574
154.83473
126.56747
126.30793
57.378468
62.675412
62.732812
62.560856
62.617997
57.330507
77.847779
69.242157
69.1722
43.879796
46.413443
46.443942
46.352542
46.382981
43.852977
53.000481
49.398462
49.363422
37.119601
38.417146
38.436873
38.377752
38.397435
37.101392
41.723371
39.923559
39.901996
33.585331
34.269133
34.283941
34.239551
34.254328
33.571264
35.99686
35.055124
35.039438
31.682022
32.059594
32.072196
32.034433
32.047002
31.66978
32.986414
32.482369
32.469389
30.605582
30.821717
30.833094
30.799002
30.810356
30.594448
31.34249
31.058024
31.046406
29.972965
30.102493
30.113054
30.081395
30.091946
29.962587
30.405218
30.238862
30.228135
29.572392
29.659453
29.669287
29.639782
29.649626
29.562751
29.8475
29.74404
29.734026
28.579901
28.58138
28.589909
28.564305
28.572829
28.571294
28.587408
28.577306
28.568853
28.594056
28.586305
28.595109
28.56871
28.577507
28.585199
28.571744
28.57325
28.564516
28.676395
28.64677
28.655786
28.628757
28.637761
28.667347
28.597339
28.614668
28.60571
28.884152
28.81535
28.824468
28.797116
28.80623
28.875031
28.704401
28.750141
28.741043
29.382683
29.211386
29.220447
29.193255
29.202316
29.373667
28.960517
29.067315
29.058219
30.701326
30.238993
30.247703
30.221566
30.230277
30.692906
29.592495
29.871925
29.863063
34.635926
33.175415
33.181713
33.162827
33.16914
34.631186
31.297144
32.097028
32.089681
50.622684
43.91994
43.913188
43.932613
43.926342
50.636064
36.66896
39.590828
39.592115
173.68826
113.76958
113.76937
113.7603
113.76572
173.56101
61.522441
80.206574
80.229779
385.55031
403.56711
405.67186
399.41973
401.48368
383.75026
270.70152
395.03672
394.00418
189.81489
237.6526
238.47577
236.02565
236.83579
189.26076
427.65164
305.27625
304.1346
89.001975
104.69717
104.87065
104.35252
104.52425
88.881392
153.31381
125.53738
125.28418
57.187281
62.446817
62.50371
62.333262
62.389948
57.139717
77.488974
68.96335
68.894043
43.772873
46.291766
46.322137
46.23126
46.261494
43.746263
52.837636
49.258595
49.223779
37.046865
38.33844
38.358099
38.299174
38.318811
37.028732
41.627854
39.837422
39.815965
33.529162
34.210029
34.224778
34.180561
34.195284
33.515156
35.929336
34.992466
34.976835
31.633154
32.009337
32.021873
31.984303
31.996808
31.620976
32.932636
32.430546
32.417627
30.5611
30.776331
30.787663
30.753702
30.765013
30.550002
31.294971
31.011629
31.000063
29.931482
30.060319
30.070859
30.039264
30.049793
29.921121
30.361582
30.195989
30.185287
29.534114
29.620116
29.629949
29.600459
29.610298
29.524477
29.80673
29.703931
29.693929
28.545468
28.547241
28.555761
28.53019
28.538703
28.53687
28.5542
28.543587
28.535148
28.558651
28.551132
28.559921
28.533564
28.542347
28.549809
28.53707
28.538336
28.529615
28.640226
28.610756
28.619755
28.59277
28.601762
28.631193
28.561733
28.578855
28.569912
28.847683
28.778893
28.788001
28.760675
28.769782
28.838569
28.668112
28.713759
28.704669
29.346608
29.17512
29.184181
29.156982
29.16605
29.337579
28.924064
29.030932
29.021839
30.66752
30.204089
30.212834
30.186606
30.195346
30.659044
29.556628
29.836452
29.82758
34.617045
33.150167
33.156538
33.137539
33.143869
34.612338
31.264917
32.067593
32.060223
50.674841
43.944852
43.938796
43.956656
43.950815
50.687326
36.659589
39.595169
39.596097
173.17282
113.74709
113.75561
113.7279
113.73938
173.03911
61.604341
80.296602
80.317548
378.46279
395.35163
397.37622
391.35996
393.34667
376.737
269.06952
390.93824
389.92641
187.621
234.4233
235.22138
232.84486
233.63111
187.08147
422.22758
300.774
299.67489
88.522462
104.01113
104.18123
103.67275
103.84139
88.403725
151.83153
124.53204
124.2842
56.997477
62.220125
62.276601
62.107378
62.163673
56.950215
77.134578
68.687088
68.618376
43.666698
46.171045
46.201137
46.1111
46.141063
43.640251
52.675946
49.119856
49.085402
36.974453
38.259982
38.279582
38.220871
38.240434
36.956403
41.532974
39.751778
39.730446
33.473225
34.151143
34.165843
34.121774
34.136451
33.459274
35.862097
34.930015
34.914433
31.584536
31.959329
31.971804
31.934412
31.946859
31.572418
32.879092
32.378962
32.3661
30.516757
30.731115
30.742405
30.708568
30.719837
30.505694
31.24768
30.965438
30.953921
29.890071
30.018233
30.028751
29.997225
30.007732
29.87973
30.318062
30.153216
30.14254
29.495839
29.580815
29.590639
29.561189
29.571014
29.486211
29.766035
29.663886
29.653902
28.511075
28.513149
28.521658
28.496122
28.504624
28.502488
28.521085
28.50992
28.501497
28.523307
28.516012
28.524787
28.498475
28.507242
28.514481
28.502443
28.503473
28.494764
28.604111
28.5748
28.583784
28.556848
28.565824
28.595091
28.526191
28.543107
28.534181
28.811235
28.742465
28.751568
28.724265
28.733361
28.802123
28.631873
28.677415
28.668337
29.310497
29.138845
29.147913
29.120713
29.129776
29.301474
28.887622
28.994557
28.985469
30.633579
30.169093
30.177854
30.151565
30.160336
30.625086
29.520714
29.800905
29.792007
34.597996
33.124844
33.131179
33.112144
33.11848
34.593174
31.232638
32.038052
32.030636
50.723485
43.968041
43.962407
43.979008
43.97358
50.734703
36.649738
39.598748
39.599479
172.63376
113.70314
113.71505
113.67078
113.68761
172.49509
61.679204
80.372795
80.389181
371.66653
387.44159
389.392
383.59501
385.50968
370.01119
267.46202
386.92258
385.93117
185.48336
231.28971
232.06464
229.75623
230.52063
184.95677
416.99196
296.4391
295.37942
88.049822
103.3369
103.50436
103.00334
103.16965
87.932517
150.37985
123.5465
123.30293
56.809116
61.995045
62.051137
61.883239
61.939085
56.762324
76.783856
68.413004
68.344776
43.561272
46.051415
46.081245
45.991991
46.021698
43.535068
52.515952
48.982558
48.948443
36.902361
38.181849
38.201369
38.142919
38.162395
36.884389
41.438782
39.666631
39.645425
33.417496
34.09245
34.107105
34.06317
34.077805
33.403593
35.795125
34.867751
34.852215
31.536149
31.909548
31.921968
31.884735
31.897131
31.524084
32.825759
32.327597
32.314787
30.472553
30.686061
30.69731
30.663593
30.674822
30.461523
31.200598
30.919439
30.907967
29.848745
29.976242
29.986736
29.955285
29.965766
29.838429
30.274661
30.110548
30.099899
29.45759
29.541582
29.551389
29.522
29.531803
29.447976
29.725427
29.623929
29.613969
28.47673
28.479106
28.487603
28.462104
28.470594
28.468154
28.488066
28.476311
28.467904
28.488026
28.480952
28.489712
28.463445
28.472197
28.479216
28.467862
28.46866
28.459965
28.568054
28.53891
28.547878
28.520987
28.529947
28.559049
28.490714
28.507422
28.498514
28.774804
28.706066
28.715162
28.687875
28.69697
28.7657
28.595682
28.641113
28.632041
29.27439
29.102581
29.111646
29.084453
29.09351
29.265359
28.851192
28.958198
28.949113
30.599569
30.134033
30.142806
30.116505
30.125276
30.591075
29.484786
29.765319
29.756404
34.578728
33.099444
33.105778
33.086747
33.093078
34.573952
31.20032
32.00847
32.001111
50.768404
43.989568
43.984344
43.999472
43.994438
50.778827
36.639529
39.601389
39.601933
172.07351
113.63581
113.65276
113.59384
113.6154
171.93128
61.746774
80.436358
80.449732
365.14759
379.81792
381.69794
376.10671
377.95416
363.55948
265.88674
382.98868
382.01795
183.39508
228.24364
228.99729
226.75045
227.49467
182.88029
411.92208
292.25558
291.23145
87.582815
102.67205
102.83725
102.3429
102.50706
87.466883
148.95642
122.57759
122.33799
56.622666
61.772013
61.827555
61.661387
61.716638
56.576344
76.436504
68.14105
68.073466
43.456767
45.932852
45.962404
45.874014
45.903421
43.430783
52.357705
48.84654
48.812724
36.83058
38.104088
38.123517
38.065359
38.084738
36.812689
41.345323
39.581987
39.560911
33.361954
34.033932
34.048547
34.004738
34.019333
33.348096
35.728423
34.805672
34.790184
31.487969
31.85997
31.872342
31.835249
31.8476
31.475953
32.772617
32.276432
32.263668
30.428483
30.641161
30.652372
30.618766
30.629959
30.417486
31.153704
30.873617
30.862187
29.807522
29.934354
29.944821
29.913452
29.923905
29.797235
30.231379
30.06799
30.057369
29.41939
29.502442
29.512225
29.482914
29.49269
29.409794
29.684922
29.584078
29.574146
28.442433
28.445118
28.453599
28.428144
28.436621
28.433869
28.455142
28.442763
28.434373
28.452808
28.445953
28.454698
28.428477
28.437214
28.444014
28.433331
28.433903
28.425223
28.532053
28.50308
28.512032
28.485187
28.494133
28.523061
28.455303
28.471802
28.462907
28.738393
28.66969
28.678782
28.651512
28.6606
28.729296
28.559543
28.604847
28.595786
29.238276
29.066323
29.075384
29.0482
29.057258
29.22925
28.814785
28.92186
28.912775
30.565576
30.098968
30.107733
30.081463
30.09022
30.557095
29.44886
29.729708
29.720811
34.559337
33.073999
33.080381
33.061318
33.067695
34.554533
31.168112
31.97895
31.971564
50.809808
44.009253
44.004411
44.018387
44.013999
50.819908
36.62885
39.603287
39.603479
171.49987
113.5474
113.57115
113.49663
113.52248
171.35471
61.808167
80.486893
80.497455
358.8917
372.46164
374.27609
368.88237
370.66393
357.36698
264.34334
379.13701
378.18616
181.35295
225.2771
226.0113
223.82392
224.54801
180.8497
407.01399
288.21255
287.22336
87.121091
102.01587
102.17898
101.69098
101.85303
87.006443
147.55907
121.6244
121.38877
56.43799
61.551303
61.606282
61.441693
61.496458
56.392047
76.092749
67.871712
67.804769
43.353175
45.815461
45.844726
45.757209
45.78632
43.327431
52.200892
48.71178
48.678307
36.759131
38.026739
38.046064
37.988234
38.007502
36.741328
41.252646
39.497875
39.476939
33.306587
33.975587
33.990161
33.94648
33.961033
33.292771
35.662017
34.743792
34.728357
31.439972
31.81057
31.8229
31.785928
31.79824
31.427998
32.719643
32.225443
32.212719
30.384545
30.596406
30.607581
30.574079
30.585238
30.373581
31.106976
30.827956
30.816564
29.766414
29.892579
29.903017
29.871735
29.882158
29.756157
30.188219
30.025545
30.014953
29.381258
29.463415
29.47317
29.44395
29.453694
29.371685
29.644533
29.544348
29.534448
28.408186
28.411185
28.419655
28.394245
28.402707
28.399637
28.422304
28.409282
28.400912
28.417656
28.411016
28.419745
28.39357
28.402291
28.408877
28.398854
28.399204
28.390539
28.496106
28.46731
28.476247
28.449447
28.458377
28.487127
28.419955
28.436242
28.427362
28.702006
28.63334
28.642426
28.615176
28.624258
28.692911
28.523446
28.568613
28.559561
29.202185
29.03009
29.039145
29.011982
29.021033
29.193167
28.778393
28.885532
28.876455
30.531654
30.06396
30.072707
30.04648
30.055232
30.523175
29.412966
29.694125
29.685242
34.539835
33.048593
33.054961
33.035939
33.042241
34.534925
31.136002
31.949481
31.942166
50.848272
44.027413
44.022947
44.035818
44.031529
50.857652
36.617836
39.604302
39.604488
170.9147
113.44182
113.46974
113.38313
113.41298
170.76673
61.86301
80.526443
80.53435
352.88281
365.36841
367.11746
361.91887
363.63583
351.41717
262.8312
375.36341
374.43148
179.35836
222.39151
223.10546
220.97931
221.68292
178.8672
402.27804
284.30973
283.35608
86.664431
101.36826
101.52924
101.04772
101.20762
86.55104
146.19007
120.68799
120.45564
56.254768
61.33258
61.387102
61.223892
61.278186
56.209208
75.752355
67.604857
67.538496
43.250556
45.699258
45.728218
45.641611
45.670417
43.22506
52.045559
48.578395
48.545272
36.688051
37.949854
37.969059
37.911604
37.930744
36.670349
41.160783
39.414344
39.393562
33.251381
33.917418
33.93195
33.888402
33.902911
33.237604
35.595944
34.682134
34.66676
31.392134
31.761321
31.773616
31.736744
31.749025
31.380195
32.666817
32.174605
32.161915
30.340735
30.551785
30.562928
30.529521
30.540649
30.329802
31.060389
30.78244
30.771081
29.725429
29.850922
29.86133
29.83014
29.840532
29.715203
30.145181
29.983218
29.972655
29.34321
29.424515
29.434238
29.405117
29.414827
29.333664
29.604265
29.50475
29.494882
28.374
28.377318
28.385773
28.36041
28.368856
28.365465
28.38955
28.375867
28.367514
28.382565
28.376142
28.384856
28.358725
28.367432
28.373801
28.364436
28.364564
28.355913
28.460214
28.431598
28.440522
28.413763
28.42268
28.451248
28.384666
28.400743
28.391877
28.665642
28.597018
28.606095
28.578866
28.587942
28.656553
28.487393
28.532415
28.52337
29.16613
28.993884
29.002929
28.975789
28.984836
29.157125
28.742027
28.84924
28.84017
30.497827
30.029031
30.037767
30.011612
30.020331
30.489382
29.377119
29.658607
29.649743
34.520162
33.023242
33.029593
33.01056
33.016902
34.515232
31.104025
31.920138
31.912816
50.883904
44.043876
44.039758
44.05157
44.047619
50.892206
36.606375
39.604619
39.604468
170.31606
113.32068
113.35236
113.25469
113.28806
170.16597
61.912319
80.554336
80.559848
347.1044
358.533
360.21822
355.20952
356.86369
345.69413
261.3501
371.66485
370.75147
177.41164
219.58697
220.28077
218.2149
218.89864
176.93254
397.71105
280.54743
279.62799
86.212821
100.7294
100.8882
100.41334
100.57101
86.100728
144.84815
119.7671
119.53961
56.073247
61.115689
61.169741
61.008096
61.061842
56.028193
75.415197
67.340306
67.274606
43.148936
45.584269
45.612921
45.527227
45.555728
43.12369
51.891872
48.446427
48.41366
36.617391
37.873494
37.892564
37.83553
37.854526
36.599803
41.069761
39.331448
39.310831
33.196326
33.859432
33.873919
33.830511
33.844974
33.182585
35.530248
34.620725
34.605417
31.344426
31.712194
31.724462
31.687668
31.699925
31.332516
32.614117
32.123891
32.111228
30.297048
30.507288
30.518401
30.485082
30.496181
30.286146
31.013921
30.737051
30.725721
29.684572
29.80939
29.819765
29.788671
29.799031
29.674378
30.102265
29.94101
29.930478
29.305259
29.385749
29.395439
29.366419
29.376095
29.295742
29.564123
29.465288
29.455453
28.339879
28.34352
28.351957
28.326649
28.335077
28.33136
28.35687
28.34252
28.334187
28.347531
28.341327
28.350023
28.323939
28.332631
28.338781
28.330078
28.329984
28.321348
28.424373
28.395946
28.404853
28.37814
28.387041
28.415421
28.349436
28.365302
28.356451
28.629303
28.560722
28.569793
28.542589
28.551654
28.620222
28.451382
28.496251
28.487217
29.130116
28.957711
28.966747
28.939646
28.948675
29.121123
28.70569
28.812971
28.803911
30.464124
29.994229
30.00293
29.976882
29.985564
30.455744
29.341327
29.623164
29.614327
34.500328
32.997897
33.004229
32.985252
32.991573
34.49538
31.072227
31.890942
31.883656
50.916459
44.058945
44.055166
44.065995
44.062379
50.924502
36.594609
39.604111
39.603972
169.7097
113.18514
113.22041
113.11213
113.14904
169.55799
61.956351
80.572621
80.575657
341.54311
351.94731
353.57102
348.74494
350.33887
340.18546
259.90001
368.0399
367.1447
175.51243
216.86204
217.53615
215.52747
216.19256
175.04477
393.29804
276.91664
276.02834
85.766518
100.09955
100.2561
99.787977
99.94344
85.655787
143.535
118.86314
118.63956
55.893795
60.901098
60.954553
60.79471
60.847852
55.84925
75.081631
67.0786
67.013621
43.048308
45.470478
45.498832
45.414007
45.442222
43.023303
51.739891
48.315865
48.283436
36.547199
37.797716
37.816636
37.760057
37.778899
36.529733
40.979576
39.249221
39.228774
33.14141
33.801638
33.816078
33.772816
33.787231
33.127702
35.464967
34.559588
34.544351
31.296823
31.663162
31.675411
31.638675
31.650915
31.284936
32.56152
32.073274
32.060633
30.253481
30.462904
30.47399
30.440753
30.451825
30.242608
30.967552
30.691771
30.680467
29.643845
29.767985
29.778328
29.747331
29.757658
29.633685
30.059472
29.898926
29.888425
29.267414
29.34712
29.356776
29.327857
29.337499
29.257926
29.52411
29.425961
29.416159
28.305829
28.309797
28.318216
28.292966
28.301375
28.297327
28.324256
28.309248
28.300934
28.312554
28.306566
28.315251
28.289207
28.297885
28.303819
28.295784
28.295463
28.286841
28.38858
28.360347
28.369242
28.342569
28.351457
28.379641
28.314263
28.329919
28.321082
28.592996
28.524465
28.533528
28.50635
28.515407
28.583922
28.415417
28.460126
28.451102
29.094158
28.921587
28.93061
28.903544
28.912566
29.085176
28.669389
28.776749
28.767695
30.430594
29.959575
29.968236
29.942292
29.950931
30.422263
29.30563
29.587831
29.579024
34.480516
32.97262
32.978931
32.95995
32.966252
34.475471
31.040619
31.861852
31.854603
50.946839
44.072728
44.069268
44.078888
44.075843
50.953837
36.582565
39.602991
39.602706
169.09769
113.03595
113.07441
112.95471
112.99454
168.94491
61.995383
80.58164
80.582494
336.18862
345.60149
347.16633
342.51465
344.05108
334.88109
258.48473
364.48693
363.60924
173.6575
214.2108
214.86709
212.91185
213.5592
173.20038
389.02464
273.4088
272.55064
85.325552
99.478557
99.632965
99.171185
99.32459
85.216083
142.24808
117.9744
117.75445
55.716308
60.688929
60.741772
60.583683
60.636267
55.672223
74.751648
66.819666
66.755321
42.948617
45.357798
45.385882
45.30183
45.329795
42.923833
51.589502
48.186603
48.154472
36.477509
37.722554
37.741317
37.685208
37.703891
36.460172
40.89019
39.167669
39.147389
33.086625
33.744044
33.758435
33.715326
33.72969
33.07295
35.400125
34.498741
34.483579
31.249305
31.614205
31.626438
31.58975
31.601976
31.237436
32.509016
32.022735
32.010111
30.210031
30.418627
30.429687
30.396527
30.407574
30.199186
30.921265
30.646589
30.635307
29.603252
29.726711
29.73702
29.706124
29.716417
29.593125
30.016804
29.856968
29.8465
29.229678
29.308623
29.318246
29.289425
29.299034
29.220221
29.484225
29.386769
29.376998
28.271852
28.276154
28.284555
28.259364
28.267754
28.263368
28.291712
28.276052
28.267761
28.277633
28.271862
28.280533
28.254531
28.263195
28.268912
28.261549
28.260997
28.25239
28.352841
28.324807
28.333688
28.307056
28.31593
28.343914
28.279146
28.294595
28.285773
28.556722
28.488243
28.497297
28.47015
28.479196
28.547662
28.379502
28.424047
28.415035
29.058262
28.885518
28.894527
28.867501
28.876503
29.049302
28.633127
28.740561
28.731524
30.397249
29.925065
29.933684
29.90786
29.916458
30.388934
29.270004
29.552619
29.543829
34.460477
32.947354
32.953648
32.934712
32.941056
34.455501
31.009158
31.832859
31.825642
50.973949
44.085019
44.082123
44.090616
44.087849
50.980379
36.570162
39.601309
39.600723
168.48239
112.87277
112.91408
112.78618
112.82869
168.32577
62.028913
80.582139
80.581079
331.03078
339.48352
340.99225
336.50695
337.98856
329.77086
257.10647
361.00314
360.14234
171.84415
211.62983
212.26876
210.36425
210.99506
171.39699
384.87734
270.01899
269.1891
84.889357
98.865742
99.018205
98.562116
98.713691
84.780963
140.98584
117.09966
116.883
55.540534
60.478905
60.531262
60.374528
60.426692
55.496815
74.424752
66.563081
66.499244
42.849763
45.246078
45.273937
45.190517
45.218282
42.825166
51.44043
48.058444
48.026546
36.408338
37.648016
37.666621
37.610973
37.629502
36.39113
40.801529
39.086771
39.066647
33.031972
33.686661
33.700999
33.658054
33.672363
33.018331
35.335733
34.4382
34.423117
31.201856
31.56531
31.577529
31.540885
31.553097
31.190004
32.456599
31.972263
31.959656
30.166695
30.374452
30.385487
30.352402
30.363425
30.15588
30.875054
30.601496
30.590236
29.562792
29.685571
29.695846
29.665052
29.67531
29.552699
29.974262
29.815141
29.804705
29.192054
29.270255
29.279846
29.251117
29.260694
29.182627
29.444467
29.347706
29.337966
28.237954
28.242594
28.250974
28.225847
28.234216
28.22949
28.259232
28.242936
28.234668
28.242768
28.237213
28.245871
28.21991
28.22856
28.23406
28.227379
28.226588
28.217994
28.317157
28.289322
28.298188
28.271602
28.28046
28.308246
28.244088
28.25933
28.250522
28.520494
28.452075
28.461114
28.434008
28.443042
28.511447
28.343642
28.388023
28.379026
29.022434
28.849499
28.858493
28.831516
28.840502
29.013484
28.596913
28.704431
28.695403
30.364053
29.890711
29.899272
29.87358
29.882141
30.355781
29.234485
29.517505
29.50876
34.440471
32.922142
32.928421
32.909526
32.915799
34.435482
30.97782
31.804037
31.79685
50.999293
44.09624
44.093581
44.101338
44.098815
51.005214
36.557559
39.598959
39.598436
167.86351
112.69956
112.74318
112.60886
112.65339
167.71093
62.058292
80.574091
80.571423
326.06
333.58345
335.03866
330.71183
332.14128
324.84553
255.76937
357.58607
356.74146
170.06948
209.11465
209.73743
207.88041
208.49555
169.63167
380.84433
266.73928
265.93576
84.457217
98.26021
98.410944
97.95996
98.109881
84.349753
139.74645
116.23768
116.02406
55.36607
60.270486
60.32249
60.166726
60.218596
55.322614
74.100345
66.308344
66.244899
42.751597
45.135116
45.162804
45.079847
45.107471
42.727147
51.292322
47.931115
47.899384
36.339682
37.574074
37.59253
37.537315
37.555699
36.322602
40.713491
39.006474
38.98649
32.97746
33.629507
33.643785
33.601023
33.615269
32.963858
35.271797
34.377982
34.362983
31.154474
31.516476
31.528681
31.492086
31.504282
31.14264
32.404282
31.921862
31.909275
30.123475
30.330377
30.341387
30.308378
30.319376
30.112689
30.828917
30.55649
30.545252
29.522467
29.644567
29.654808
29.624116
29.634339
29.512407
29.93185
29.773446
29.763044
29.154541
29.232004
29.241565
29.212921
29.222468
29.145143
29.404835
29.308768
29.299056
28.204135
28.209123
28.217481
28.192417
28.200766
28.19569
28.22682
28.209905
28.201659
28.207957
28.202619
28.211263
28.185342
28.193979
28.199263
28.193267
28.192234
28.183655
28.281535
28.253897
28.262748
28.236207
28.24505
28.272639
28.209083
28.22412
28.215327
28.484319
28.415958
28.424982
28.397923
28.406939
28.475283
28.307846
28.352054
28.343076
28.986672
28.813545
28.822523
28.795583
28.80456
28.977749
28.56075
28.66835
28.659336
30.331018
29.856488
29.865031
29.839423
29.84795
30.322781
29.199048
29.482527
29.473796
34.420346
32.896924
32.903253
32.88438
32.890647
34.415351
30.946646
31.775286
31.768082
51.022302
44.106503
44.103818
44.1112
44.108877
51.027797
36.544679
39.596383
39.595597
167.24827
112.51659
112.56403
112.42519
112.4711
167.0972
62.083452
80.560083
80.556113
321.26813
327.89074
329.29505
325.11897
326.49877
320.09723
254.47858
354.23218
353.40278
168.33144
206.66114
207.26883
205.45644
206.05706
167.90225
376.91518
263.56182
262.78282
84.028622
97.661292
97.810442
97.364129
97.512541
83.921972
138.52847
115.38825
115.17747
55.192543
60.06321
60.114964
59.95991
60.011561
55.14928
73.777958
66.055039
65.991907
42.653976
45.02469
45.05226
44.969629
44.997153
42.629643
51.144868
47.804375
47.772765
36.271538
37.500692
37.519007
37.464205
37.48245
36.254586
40.625979
38.926724
38.906871
32.923111
33.572605
33.586818
33.544259
33.558435
32.909553
35.208324
34.318109
34.3032
31.107164
31.467717
31.479903
31.44337
31.455545
31.09535
32.352086
31.871548
31.858986
30.080372
30.286405
30.29739
30.264459
30.275431
30.069615
30.782861
30.511573
30.500359
29.482273
29.603698
29.613905
29.583314
29.593503
29.472245
29.889568
29.731886
29.721517
29.117135
29.193859
29.203391
29.174824
29.184343
29.107764
29.365326
29.269949
29.260264
28.170388
28.175735
28.184071
28.15907
28.167399
28.161962
28.194471
28.176962
28.168741
28.173205
28.168079
28.176709
28.150829
28.159452
28.164525
28.159214
28.157936
28.14937
28.245977
28.218534
28.227369
28.200878
28.209705
28.237099
28.174138
28.188971
28.180193
28.448201
28.379904
28.388914
28.361903
28.370904
28.439184
28.27212
28.316153
28.30719
28.950983
28.777644
28.786613
28.759713
28.768675
28.94207
28.524648
28.632322
28.623331
30.298115
29.822384
29.830898
29.805369
29.813871
30.289905
29.163684
29.44764
29.438932
34.400204
32.871782
32.878045
32.859185
32.865448
34.395127
30.915538
31.746582
31.739436
51.043709
44.115719
44.113484
44.120079
44.11792
51.048843
36.531794
39.593137
39.59246
166.6405
112.33066
112.37702
112.23537
112.2821
166.49183
62.106415
80.541282
80.536266
316.64774
322.39532
323.75119
319.7189
321.05128
315.51858
253.23835
350.93737
350.12195
166.62762
204.26609
204.85951
203.08958
203.67611
166.20685
373.07997
260.48038
259.72434
83.603141
97.068417
97.216119
96.774122
96.921126
83.497232
137.33068
114.54928
114.34124
55.019727
59.856814
59.908367
59.753913
59.805373
54.976627
73.457321
65.802923
65.740074
42.55679
44.914656
44.942138
44.859765
44.887207
42.532554
50.997907
47.678084
47.646577
36.203909
37.427851
37.446028
37.39163
37.409738
36.187085
40.538923
38.847492
38.827765
32.868952
33.515988
33.530126
33.487794
33.501892
32.855448
35.145325
34.258606
34.243791
31.05994
31.419051
31.431213
31.394762
31.406908
31.04815
32.300044
31.821343
31.808813
30.037386
30.24254
30.253498
30.220649
30.231593
30.026659
30.7369
30.466752
30.455563
29.442206
29.562962
29.573135
29.542641
29.552799
29.432208
29.847415
29.69046
29.680124
29.079829
29.155811
29.165316
29.136824
29.146316
29.070484
29.325936
29.231241
29.221583
28.136711
28.142425
28.150744
28.125797
28.134107
28.128302
28.162195
28.144105
28.135904
28.138508
28.133595
28.142209
28.116372
28.124982
28.129842
28.125217
28.123691
28.115137
28.210488
28.183238
28.192056
28.165616
28.174426
28.201631
28.139249
28.153884
28.145122
28.412149
28.34392
28.352912
28.325956
28.334939
28.403145
28.236466
28.280324
28.271377
28.915363
28.741805
28.750759
28.723904
28.732851
28.906466
28.488609
28.596359
28.587375
30.265284
29.788354
29.796846
29.771371
29.779857
30.257092
29.128394
29.412842
29.404151
34.379978
32.846591
32.852854
32.833937
32.840259
34.374984
30.884455
31.717971
31.710795
51.063763
44.124303
44.122212
44.128387
44.126369
51.06859
36.518709
39.589821
39.588932
166.04348
112.13956
112.18652
112.0412
112.09259
165.89462
62.12616
80.518641
80.51151
312.1917
317.08878
318.3981
314.50426
315.79078
311.10256
252.05327
347.69755
346.89635
164.95685
201.92664
202.50651
200.77862
201.34995
164.54414
369.33027
257.48976
256.75871
83.180611
96.481241
96.627549
96.189755
96.335378
83.075442
136.15306
113.72115
113.51715
54.847555
59.651208
59.702574
59.548696
59.59997
54.804616
73.138341
65.551922
65.489347
42.459982
44.804956
44.832358
44.750226
44.77759
42.435835
50.851415
47.552203
47.520799
36.136796
37.355538
37.37358
37.319571
37.33755
36.120098
40.452282
38.768756
38.749147
32.815015
33.45968
33.473737
33.431649
33.445664
32.80157
35.082798
34.199487
34.184769
31.012819
31.370505
31.382636
31.346286
31.358397
31.001059
32.248187
31.771275
31.758784
29.994519
30.198786
30.209716
30.176952
30.187867
29.983821
30.691049
30.422035
30.410874
29.402259
29.522352
29.532494
29.502091
29.512218
29.39229
29.805389
29.649163
29.638858
29.042612
29.117858
29.127338
29.098915
29.108383
29.033291
29.286659
29.19264
29.183005
28.103098
28.109194
28.11749
28.092884
28.10091
28.094715
28.130002
28.111346
28.103421
28.103864
28.099162
28.107765
28.082258
28.090571
28.09522
28.091288
28.089506
28.081245
28.175073
28.148011
28.156812
28.130713
28.139222
28.166238
28.104428
28.118869
28.110408
28.37616
28.308006
28.316982
28.290369
28.299049
28.367179
28.20089
28.24457
28.235925
28.879778
28.706005
28.714952
28.688404
28.697066
28.870884
28.452629
28.560446
28.551752
30.232434
29.754341
29.762861
29.737556
29.745821
30.224205
29.093115
29.378031
29.369588
34.359498
32.821158
32.827544
32.808434
32.814707
34.354253
30.853251
31.689073
31.682012
51.080062
44.131251
44.129842
44.132875
44.132364
51.08333
36.504717
39.584906
39.583477
165.43639
111.93408
111.98983
111.81458
111.87627
165.27444
62.137267
80.47906
80.466475
307.86903
311.96551
313.22919
309.47555
310.71301
306.80063
250.87738
344.5277
343.75063
163.3314
199.65721
200.21451
198.56289
199.10627
162.93624
365.74793
254.63062
253.94276
82.76101
95.899666
96.044596
95.612388
95.755267
82.656564
135.01163
112.91778
112.72358
54.676027
59.446374
59.497558
59.344996
59.395342
54.63326
72.820959
65.302003
65.240515
42.363515
44.695572
44.722901
44.641527
44.668295
42.339457
50.705417
47.426738
47.396006
36.070181
37.283723
37.301641
37.248395
37.265856
36.053611
40.366016
38.690485
38.671404
32.761325
33.403701
33.417673
33.376187
33.389774
32.747954
35.020733
34.140764
34.126494
30.965823
31.322105
31.334197
31.298288
31.310046
30.954105
32.196553
31.72138
31.709252
29.95177
30.155148
30.166048
30.133669
30.144267
29.94111
30.645334
30.377442
30.366603
29.362423
29.481858
29.491972
29.461926
29.471759
29.35249
29.763493
29.607998
29.597996
29.005482
29.07999
29.089449
29.061336
29.07054
28.996186
29.247492
29.154145
29.14479
15907.626
6108.274
6178.5661
7714.3305
7392.7166
11155.095
1278.1015
1257.9728
1698.6103
1316.0952
1937.3679
1980.295
743.10536
727.78002
1014.5213
275.4609
432.56297
433.73993
861.72194
1935.3588
1947.957
1536.0182
2475.8103
2073.2218
530.26404
525.43525
526.32171
527.19847
528.0769
530.66744
673.0574
477.37027
477.63521
476.1526
476.72573
675.08052
664.46256
478.23741
478.54651
477.88698
478.03255
666.1926
676.79586
473.83699
475.04551
2865.2251
4849.0497
4137.9348
3571.8995
15720.898
45357.869
12867.114
39625.483
33543.181
12990.205
39760.149
33756.262
11060.585
34876.996
31846.71
12114.929
16038.549
34993.284
3317.5986
15239.04
44854.389
14372.285
41632.496
34316.191
17196.193
25321.724
43637.903
17788.77
26387.842
43730.795
17100.965
25171.526
43618.295
12142.733
16055.085
35095.121
4556.5514
7675.0274
12530.501
2618.639
6029.2507
24993.159
2639.2263
5910.4422
24429.912
3287.589
15140.013
44750.696
14532.813
41846.314
34437.649
17857.562
26551.903
43745.974
16723.587
24169.485
43532.616
16644.433
24037.853
43528.015
13554.598
18111.696
39900.022
13589.657
18145.903
39976.234
2587.8379
11873.726
40058.208
11762.618
15245.417
31402.892
11644.557
15162.255
31030.795
8497.3482
20970.607
57562.5
7850.3641
19638.913
37564.954
7837.1103
20211.095
37070.457
5359.3734
17857.624
44994.963
11219.42
17998.855
38894.513
11247.878
18084.638
38962.897
11208.75
17968.407
38871.701
11174.097
17881.332
38810.54
2573.2186
11721.155
39759.251
2518.8518
11112.561
38721.141
3408.1395
15378.788
45091.579
13651.551
40458.791
33993.664
11786.326
15271.407
31520.9
11798.168
15343.969
31876.323
7789.2651
16112.788
46357.639
8508.8306
20997.381
57645.541
8433.4012
20787.32
57823.607
7861.2537
19439.116
37743.559
7861.3355
18835.043
38308.131
3327.9688
5943.0426
15840.738
13193.902
17268.839
38166.207
7932.9002
17406.874
40784.956
5046.2683
17509.371
45557.738
4991.5353
17441.44
45664.395
5055.4197
17503.761
45520.626
5109.4646
17521.706
45348.436
10978.014
17519.754
38618.842
11037.291
17613.779
38657.845
10955.846
17487.791
38607.851
10885.423
17388.501
38585.813
3242.4341
5786.9835
16318.437
7653.5089
15301.979
37472.651
3080.1915
14559.59
44205.722
15119.626
42315.496
35202.398
18646.961
35553.228
41939.947
18507.888
36307.916
41474.023
18675.777
35302.106
42091.322
18705.452
34494.212
42552.401
14927
20297.168
41647.764
15071.28
20528.76
41820.423
14877.891
20225.016
41594.874
14720.87
20003.931
41438.897
13668.587
18249.333
40268.787
13170.361
17234.351
38096.065
13080.726
17127.459
37889.128
8278.1333
19977.414
57406.173
7927.8599
17477.364
40575.353
7891.1426
17694.5
39955.801
2562.8471
6422.9599
26688.983
2546.8974
6581.6854
27268.143
7995.5146
21331.567
36390.801
7882.1122
20472.509
36905.908
5299.9215
17792.921
45179.777
5351.7177
17859.846
45041.372
11276.879
18195.567
39061.625
11257.006
18113.783
38986.766
11120.244
17762.727
38732.703
11161.234
17851.279
38790.607
10722.64
17165.043
38604.066
10690.39
17157.87
38646.743
6742.4968
15141.023
23534.844
2507.2867
10957.565
38406.448
2464.4699
10296.649
37221.901
3388.3955
15358.191
45077.422
13842.023
40746.787
34068.001
18177.067
37507.368
40665.766
18567.466
31077.803
44304.322
18784.335
32032.137
43801.648
18882.802
33131.579
43269.81
18825.305
32310.522
43660.456
17457.279
25765.438
43674.144
17543.37
25917.12
43684.13
12197.634
16098.849
35411.91
12185.594
16107.459
35518.841
8356.0605
20471.103
57827.702
8437.1484
20782.604
57854.303
7812.4094
18086.495
39043.016
7854.9664
18638.562
38499.469
8018.7304
21640.309
36195.627
4962.1005
17403.416
45697.231
5273.1288
17757.52
45225.257
5160.6635
17593.728
45336.515
11266.303
18222.906
39089.47
11105.472
17732.404
38721.834
11055.744
17645.028
38673.185
10761.544
17222.894
38596.92
10858.109
17352.677
38582.95
2687.3383
5617.5371
22776.709
3023.283
5408.1353
17841.922
6784.4917
15158.364
24705.071
7673.7326
15350.413
38512.512
2429.9891
9326.682
35087.914
2457.9028
10121.712
36825.442
2433.6216
9502.7272
35511.069
3155.3774
14747.895
44355.561
14980.403
42247.959
34964.848
18259.821
37272.313
40834.195
18454.607
36551.32
41309.552
18889.949
33401.394
43124.009
18825.61
34224.112
42700.759
17049.739
24716.215
43580.645
16972.48
24576.636
43567.218
16293.592
23493.976
43495.634
16400.184
23634.153
43506.966
15083.943
20609.551
41882.401
14645.994
19929.899
41382.892
13415.856
18011.267
39661.45
13673.232
18223.454
40194.472
12718.989
16715.547
37139.311
12885.095
16816.579
37315.192
13024.193
16950.858
37559.839
12925.888
16853.026
37380.448
13042.641
17094.03
37832.016
13023.528
16987.442
37624.39
8364.1393
20450.433
57803.327
8279.372
20055.646
57533.835
7788.6603
17936.643
39198.816
7866.2996
17752.655
39761.903
3511.3354
15594.015
45251.646
12757.24
39556.024
33227.292
13236.584
39943.803
33837.821
2969.1532
14128.867
43615.136
2942.2447
13989.893
43429.49
13448.77
17826.279
39267.005
13417.075
17786.434
39191.1
10917.231
34479.306
31890.379
7453.3175
15203.775
33033.897
7411.0022
15169.984
31891.731
7573.2019
15183.748
35351.045
7400.3706
15186.621
34189.555
3003.4664
14288.774
43802.604
3032.8517
14415.734
43979.207
15584.031
42309.223
35964.358
15451.292
42343.795
35701.631
15708.009
42246.387
36244.888
15828.923
42153.889
36521.864
14366.395
19178.437
40885.567
13478.952
17864.299
39343.92
13506.341
17902.05
39415.006
2601.0451
6165.9422
25617.054
12082.262
16014.882
34883.499
12043.616
15873.457
34227.183
12068.839
15899.357
34331.534
4420.0959
16858.933
46068.186
9246.8671
22933.816
40370.805
9219.6615
22942.097
40393.238
9000.6582
22836.516
40545.184
9041.4933
22863.806
40514.428
9269.4518
22913.779
40360.503
9287.4492
22863.358
40336.84
9685.5032
23012.701
40303.782
9622.1076
22973.446
40323.663
10758.234
23135.923
39884.977
10724.402
23154.795
39885.074
10498.758
23235.953
39929.66
10538.514
23227.002
39917.485
10791.657
23114.79
39887.724
10824.454
23089.437
39892.578
10962.34
22792.962
39990.509
10946.628
22867.143
39969.051
11972.788
22319.63
39962.572
11947.504
22349.776
39965.701
11766.111
22508.228
40031.461
11801.351
22485.897
40018.363
11994.953
22286.411
39955.713
12017.525
22252.93
39948.197
12108.927
22029.012
39931.132
12101.274
22069.768
39929.767
20315.749
61926.378
3342.9406
15287.742
44940.455
14200.956
41373.757
34216.769
16517.915
40721.902
38768.025
16572.832
40362.315
39167.749
17284.502
25468.504
43645.766
17710.723
26228.14
43715.749
16986.302
25015.139
43603.512
12163.964
16073.684
35203.164
4945.9857
7934.5962
12189.372
12012.74
15847.123
34121.853
11978.727
15819.56
34013.253
3919.7915
16258.223
45851.787
8552.8792
22432.296
40879.255
8496.0939
22371.507
40916.313
8608.7964
22490.495
40840.738
8662.9508
22544.78
40802.024
8956.185
22804.186
40578.153
8912.022
22770.083
40612.525
10107.227
23211.026
40104.848
10059.204
23196.17
40129.884
9744.518
23048.017
40281.648
9801.8011
23080.139
40257.612
10153.707
23223.302
40080.7
10199.892
23232.997
40057.405
10458.487
23242.252
39943.541
10417.143
23246.549
39960.369
11368.171
22624.656
40130.468
11314.632
22625.61
40133.09
10964.551
22683.72
40024.727
10996.734
22610.243
40050.587
11417.686
22620.597
40116.413
11468.051
22614.594
40110.687
11730.035
22529.748
40044.449
11690.889
22548.666
40056.686
2656.4595
5810.2376
23887.499
2810.2976
5371.3611
20541.147
2770.582
5402.459
21072.99
5747.9669
13813.819
14208.258
7667.8526
15451.338
40626.723
3256.9776
15039.168
44640.219
14688.259
42017.223
34589.184
16451.901
41017.074
38403.612
16369.637
41278.034
38075.023
17884.131
26723.042
43765.055
16806.478
24304.409
43548.395
16241.853
23075.646
43509.838
16329.48
23214.982
43496.624
16566.614
23903.489
43520.219
16142.153
22931.967
43532
16035.796
22772.596
43572.134
15690.064
22342.526
43411.609
13515.816
18081.721
39824.812
13622.89
18170.483
40045.254
11731.545
15219.578
31285.773
11700.508
15190.42
31159.716
8494.5592
20954.174
57449.645
7835.9867
19824.584
37388.441
7814.8679
19996.544
37215.987
11229.341
18026.904
38916.739
11238.942
18056.457
38939.394
11197.963
17940.573
38850.592
11186.207
17910.478
38831.411
10774.114
17200.516
38636.716
2550.785
11495.966
39388.337
2531.9759
11262.569
39019.855
13454.821
40174.029
33920.516
11801.783
15292.736
31637.84
11808.942
15319.75
31756.722
8478.7412
20915.791
57708.345
8430.2767
20801.682
57766.96
7860.4961
19236.152
37927.441
7864.2461
19037.921
38116.417
3397.3353
6120.8492
15408.94
3513.97
6298.6817
14972.414
2895.0888
13793.355
43112.52
2920.2062
13903.861
43298.021
13337.58
17705.624
39039.202
13379.789
17746.914
39116.353
13191.223
17304.833
38240.17
5036.0038
17493.269
45592.578
5015.2971
17472.734
45628.531
5059.7435
17485.734
45470.26
5062.7215
17449.668
45373.175
10998.624
17551.745
38630.586
11018.458
17583.126
38643.173
10933.385
17455.945
38597.405
10909.748
17422.54
38590.65
5945.2361
10592.712
12357.685
4579.9886
7502.4783
11372.454
7373.4919
15185.927
30729.906
7311.0886
15207.373
29527.839
7633.7279
15271.952
36438.155
3055.1235
14485.206
44096.549
15304.869
42343.656
35439.222
16061.413
41882.023
37115.533
15946.491
42031.99
36820.624
18606.251
35808.95
41784.401
18562.931
36057.698
41625.028
18699.158
35042.801
42245.159
18711.726
34776.901
42400.143
14980.409
20372.831
41702.791
15027.675
20448.935
41759.91
14828.499
20149.266
41543.63
14777.422
20079.538
41491.385
13525.268
17976.605
39574.863
13528.899
17940.777
39499.372
13142.524
17198.774
38028.841
13113.025
17163.743
37961.116
8164.9989
19555.325
57071.594
8235.2868
19788.707
57250.69
7920.3828
17552.687
40363.684
7906.9799
17622.068
40159.306
2582.7728
6307.4396
26194.638
12029.919
15994.232
34770.005
12105.678
15973.832
34657.394
12109.208
15950.332
34546.586
12091.723
15924.18
34438.418
7944.0343
17436.869
52189.444
7959.1682
21034.225
36571.331
7923.8737
20751.677
36747.505
5323.0635
17825.52
45133.662
5340.9498
17844.969
45087.227
9156.0273
22926.857
40434.9
9188.9375
22936.384
40412.575
9119.8116
22909.29
40458.86
9083.0259
22889.101
40485.646
9402.0914
22842.149
40329.395
9305.3432
22801.881
40322.533
9481.5157
22879.695
40345.803
9555.2015
22929.048
40340.464
10652.826
23188.361
39891.754
10689.458
23171.868
39887.295
10615.664
23202.742
39898.383
10577.45
23216.315
39907.028
10883.458
23022.765
39911.579
10855.016
23058.124
39900.844
10908.065
22979.723
39926.596
10931.755
22931.459
39944.563
11893.724
22408.36
39983.509
11922.085
22380.197
39981.256
11865.111
22436.023
40000.452
11833.415
22461.309
40007.421
12056.118
22182.232
39940.146
12036.64
22217.976
39944.382
12072.256
22145.245
39935.515
12087.678
22108.954
39938.233
11272.589
18168.332
39034.038
11264.921
18141.139
39010.158
11134.367
17792.401
38755.05
11148.381
17822.839
38772.526
10679.456
17086.09
38630.085
10685.937
17112.281
38632.543
6545.2731
14942.72
21196.255
2472.4235
10473.618
37587.186
2491.5042
10741.33
38001.103
3367.8753
15338.772
45034.229
14028.048
41065.938
34134.274
16722.813
40108.824
39246.561
18665.667
31438.041
44102.212
18738.062
31744.827
43937.711
18869.545
32859.897
43395.661
18850.157
32587.211
43529.483
17371.292
25615.927
43658.54
17627.933
26071.545
43703.587
12183.537
16086.615
35306.928
8362.7505
20535.714
57839.748
8409.8462
20673.942
57851.476
7834.4018
18268.113
38873.311
7844.5214
18445.611
38689.25
2868.2582
13639.276
42892.086
2817.1402
13428.511
42666.376
2793.9128
13312.948
42465.179
13273.994
17662.612
38959.81
11924.865
15791.563
33900.845
4882.7062
17289.317
45747.106
4926.454
17352.289
45727.959
5241.3795
17713.814
45267.742
5204.6245
17659.513
45302.937
8435.5284
22305.127
40952.843
8370.751
22232.382
40987.71
8767.4731
22644.305
40722.723
8716.5995
22596.773
40762.668
8817.3084
22690.232
40684.322
8864.8012
22731.389
40648.679
9960.0583
23157.958
40181.169
10010.763
23178.602
40155.38
9909.1673
23135.053
40207.002
9856.0116
23109.106
40232.7
10289.092
23245.215
40014.126
10244.622
23240.336
40035.23
10332.2
23247.771
39994.369
10375.54
23248.591
39977.328
11202.345
22619.734
40127.489
11260.875
22624.905
40134.276
11141.865
22611.813
40120.314
11073.526
22607.828
40087.464
11563.216
22594.494
40086.092
11515.073
22605.266
40104.559
11607.55
22580.723
40078.079
11651.002
22566.527
40067.223
11631.619
19280.541
39785.658
11090.682
17703.91
38703.043
11073.613
17674.423
38687.846
10797.554
17270.748
38587.143
10828.553
17313.42
38582.962
2672.4967
5710.7337
23332.518
2708.1567
5530.7826
22203.85
2741.6759
5470.5542
21647.569
6406.9406
12113.511
13568.453
5957.7451
11552.244
12920.601
5602.5818
7757.0923
11398.707
7004.6175
15283.984
25897.578
7691.178
15431.159
39553.51
2418.5839
8872.3191
34040.479
2423.3749
9093.13
34587.285
2446.6235
9897.3634
36351.612
2436.4756
9673.3406
35891.099
3210.6992
14910.955
44515.297
14835.638
42149.909
34766.276
16172.133
41707.125
37431.819
16276.748
41504.176
37739.68
18331.838
37033.174
40994.006
18392.462
36795.831
41154.462
18889.597
33673.936
42992.979
18876.12
33945.172
42847.714
18462.832
28665.105
44015.393
16889.441
24438.801
43553.181
16382.907
23352.654
43497.039
16487.01
23772.859
43505.643
15883.029
22550.781
43566.6
15937.056
22610.641
43588.301
15828.356
22478.932
43539.747
15768.346
22413.246
43492.423
13475.009
18041.992
39745.039
13650.171
18200.932
40118.085
12789.927
16748.347
37199.552
12839.125
16785.692
37257.628
12996.533
16919.06
37501.237
12963.85
16882.35
37439.776
12936.097
17017.891
37690.813
13000.252
17056.354
37758.508
8335.488
20312.968
57733.188
8280.7374
20129.602
57629.242
7805.0992
17861.49
39377.1
7843.4726
17816.295
39586.764
46362.051
3619.7726
15816.317
45440.339
7910.9179
16732.313
49520.159
9445.4989
30287.385
32265.323
10901.272
16918.462
36691.312
10898.804
16901.909
36625.685
7903.0828
16596.886
48820.523
9398.7848
29938.974
32384.122
13698.709
18272.682
40516.57
11759.845
15111.236
29870.431
4104.6093
16494.85
46035.177
4117.0068
16480.549
46008.113
11114.24
17108.091
36057.292
11191.887
35280.698
31813.232
13666.343
18279.55
40479.719
14350.108
19111.316
40839.605
2507.7835
7050.8074
28916.161
3788.0988
16011.319
45707.402
9765.5839
32079.657
32096.718
10897.204
17016.647
37133.015
10898.236
16830.378
36143.111
11530.674
17804.101
37273.823
7791.3188
15641.588
42688.863
12095.088
38188.858
32035.644
12180.581
16109.897
35818.216
11986.436
15614.922
30693.073
4286.8198
7487.4284
12894.443
2500.8122
7250.1128
29490.638
3867.6706
16160.635
45784.013
12326.765
16148.486
36322.83
9965.1927
32313.503
32091.659
4410.13
16849.475
46067.762
10879.727
17029.534
37195.391
10897.134
16820.286
36066.387
7757.4387
15549.342
41702.353
11992.679
37858.093
31919.036
18272.372
27935.385
43903.502
18199.236
27759.577
43880.992
13977.181
18682.18
40625.183
13968.236
18555.929
40568.147
13899.486
18616.815
40597.223
12202.087
16101.116
35913.227
12269.444
16096.437
36286.517
2658.1498
12441.002
40969.874
3712.4437
15983.675
45628.678
7927.8259
17218.775
51548.705
8581.9863
21116.379
57259.794
8696.169
19902.442
51289.12
8723.6896
19784.135
50641.381
8124.9423
17331.298
43874.256
8125.6806
17352.804
43308.368
9580.4308
31251.79
32057.439
5422.5278
17917.498
44831.711
5467.3514
17987.015
44797.072
5571.229
18155.105
44653.164
11426.311
18808.867
39812.147
11439.073
18840.889
39893.318
11420.732
18793.654
39780.588
11402.933
18738.933
39687.396
10902.704
16960.107
36882.721
10898.736
16867.612
36426.472
12514.993
39234.353
32702.61
17479.224
39155.114
39610.192
17111.296
39692.678
39403.499
17576.075
38973.815
39707.98
17837.34
38392.562
40060.936
8749.1754
20061.244
51572.667
8808.8214
20397.565
52340.712
8179.1551
17451.707
44100.667
8300.5496
17755.929
44786.488
13818.939
18335.623
40571.965
13145.852
17365.201
38381.052
8721.5344
21001.002
55231.412
8708.481
21112.445
55842.236
8588.2522
18841.299
47744.909
8577.0195
18972.042
48430.588
7910.4605
17166.27
41368.316
10609.257
33663.453
31974.792
4045.9162
16454.287
45968.101
4258.2489
16651.687
46025.785
5891.4974
18608.341
44013.173
5779.3495
18428.742
44176.602
5919.4146
18653.651
43955.328
5978.8368
18743.571
43788.02
11644.263
19230.661
39791.1
11631.279
19184.316
39799.724
11542.928
19017.699
39847.349
11290.608
18440.082
39309.871
11324.637
18522.913
39397.406
11278.962
18413.109
39280.967
11240.787
18328.71
39195.987
10908.384
16802.805
35750.07
11558.471
36432.541
31757.332
15373.358
21269.423
42420.166
14196.789
18922.49
40734.834
8736.5052
20981.938
55044.227
8719.3156
20769.902
54374.35
8571.2976
18752.261
47504.901
8485.9728
18417.066
46789.961
2747.3816
13048.105
41989.788
2679.9762
12581.869
41229.833
3734.8231
16008.515
45693.729
8648.8337
21169.664
56705.244
8582.1221
21105.316
57137.54
8718.3836
19515.893
49646.608
8733.6137
19745.924
50410.17
8065.2367
17296.626
42409.049
8117.2228
17335.698
43095.169
9623.1167
31491.782
32043.657
5647.0878
18279.538
44436.899
5597.2435
18196.8
44598.691
6468.6246
19411.771
43080.992
6354.8795
19220.968
43272.132
6152.3409
18896.761
43496.543
6310.7798
19147.409
43333.439
6262.2606
19067.724
43393.616
6503.3307
19473.958
43015.629
6599.6291
19652.117
42833.135
6710.7214
19894.66
42597.184
6629.5966
19711.939
42776.395
7761.5023
21707.484
41448.051
7628.9012
21501.179
41597.746
7435.7546
21173.153
41812.027
7583.0974
21425.64
41650.22
7801.8906
21766.794
41400.896
7914.7277
21920.122
41272.345
8026.0602
22003.587
41110.006
7944.5869
21956.041
41233.361
12273.984
20918.249
40333.878
12223.097
20932.495
40281.679
12279.461
21217.011
40146.153
12192.351
20931.951
40249.073
12282.429
20906.821
40324.439
12294.552
20853.619
40282.54
12285.633
20751.789
40209.944
12294.64
20830.968
40273.231
11893.065
19893.473
39817.207
11963.248
20012.256
39855.04
12050.499
20166.336
39905.821
11986.144
20050.908
39859.662
11868.338
19853.972
39815.398
11794.025
19733.688
39790.278
11688.387
19573.535
39774.972
11767.18
19694.105
39781.868
11444.877
18831.257
39952.751
11442.719
18846.053
39914.766
11372.699
18650.19
39557.405
11396.008
18718.472
39653.55
10904.143
16976.658
36945.832
10895.756
16855.686
36356.846
6564.0618
14925.826
22354.258
7826.3461
16030.533
45449.762
12408.166
39006.79
32495.908
16950.746
39879.457
39332.551
17908.59
38189.032
40207.785
11829.575
15447.964
32347.937
11718.886
15368.303
31997.43
8735.8748
20515.347
53296.461
8814.3069
20477.129
52599.919
8373.6342
18014.762
45726.262
8328.8521
17838.727
45033.439
2464.6424
7751.5477
31056.519
2773.99
13195.254
42255.489
13885.617
18418.654
40555.455
13338.266
17548.624
38735.444
13306.078
17506.865
38664.01
13188.396
17404.606
38457.967
12474.442
16264.392
36450.65
12515.576
16303.533
36500.403
11947.695
15673.478
33360.781
12002.98
15742.018
33679.115
11999.185
15769.098
33788.133
8657.3701
21156.869
56547.619
8697.613
21132.058
56014.115
8688.6557
19393.831
49397.464
8544.5938
18941.645
48623.142
8036.4223
17265.614
42191.94
7919.7232
17142.664
41540.695
10463.137
33283.353
32021.374
4015.5965
16408.941
45938.448
4306.7314
16722.859
46052.596
5657.1051
18288.079
44386.278
5732.3247
18360.083
44213.587
6087.0141
18809.509
43520.29
5989.0857
18748.97
43733.786
6844.2563
20160.407
42150.803
6806.1535
20147.305
42345.07
6735.523
19954.1
42550.023
6789.2244
20111.18
42400.435
6938.9445
20287.001
42139.569
7155.2631
20661.774
42061.182
7384.1088
21080.78
41863.567
7215.9385
20773.926
42016.101
8041.6107
21958.91
41044.674
8293.1678
22158.8
41018.495
12308.438
21699.789
39974.305
12284.028
21827.294
39946.653
12197.962
21990.538
39931.551
12272.384
21868.578
39940.639
12313.931
21655.065
39984.836
12323.023
21510.524
40026.374
12297.167
21285.287
40115.187
12320.795
21458.566
40045.202
12209.265
20495.716
40050.158
12245.353
20596.874
40116.371
12279.821
20722.869
40197.358
12256.024
20630.225
40129.369
12194.652
20460.867
40038.324
12146.288
20353.036
39977.09
12071.423
20204.664
39913.156
12128.442
20316.531
39967.336
11562.496
19369.2
39783.572
11661.096
19531.387
39775
11584.026
19411.104
39776.883
11441.707
18818.383
39942.483
11501.135
18947.748
39873.145
11364.019
18626.216
39523.625
11334.808
18548.585
39429.722
11229.024
18303.288
39169.499
10906.91
16806.827
35832.525
2850.6215
5334.8457
19970.137
2970.208
5366.1012
18387.086
7227.1845
15194.929
28325.864
11676.278
36810.827
31754.991
18449.704
28476.732
43980.077
17970.348
27246.576
43820.071
17880.836
27074.709
43808.597
15405.174
21609.044
42723.23
15559.215
21860.235
42951.809
15764.741
22185.827
43265.571
15610.091
21942.336
43036.263
15784.767
22264.843
43346.148
15334.54
21526.118
42648.353
15179.929
20937.278
42143.915
15326.834
21186.777
42348.7
15128.277
20858.602
42078.293
14142.837
18862.124
40711.268
12258.499
16006.94
36177.679
12247.507
16040.74
36138.684
11851.237
15478.443
32461.342
11921.08
15648.168
33254.142
11880.435
15556.115
32801.221
11802.844
15581.158
32918.038
8706.6346
20498.957
53507.379
8736.7206
20765.678
54174.615
8375.6568
18046.676
45919.826
8436.9661
18272.231
46577.395
3656.0296
15891.024
45508.607
7925.0863
16919.278
50221.994
9493.3945
30640.251
32167.245
4628.7658
17057.3
45996.948
4585.0783
16996.034
46003.981
4664.4304
17104.154
45979.583
4695.411
17139.985
45968.12
10825.5
17259.481
38526.681
10814.325
17247.606
38568.23
10834.538
17265.078
38482.454
10842.324
17268.004
38435.228
10901.097
16930.447
36755.325
10899.179
16891.161
36560.097
3427.6685
15409.717
45136.762
7886.2075
16445.061
48064.057
9337.245
29554.42
32513.481
13728.215
18268.891
40538.771
11672.636
14948.049
29678.154
8188.4278
19400.764
56635.621
8147.6005
19148.669
56370.794
8166.0838
23548.316
35052.955
8081.4299
23259.019
35198.993
4088.4165
16499.117
46019.945
4125.8326
16439.84
45951.181
10857.03
17132.413
37667.068
10860.224
17148.09
37725.004
10853.235
17118.854
37610.342
10849.108
17102.709
37552.167
10961.23
16878.681
35708.601
11323.125
35664.514
31788.299
14284.644
19243.165
40927.148
13628.941
18275.538
40416.31
14303.62
19048.307
40809.558
8171.8317
19484.101
56861.152
8272.3968
23869.951
34926.787
8371.3884
24242.918
34781.198
2521.087
6901.1334
28407.778
2534.1046
6739.1303
27854.749
3769.0749
16002.783
45692.48
11719.393
15053.334
30522.068
11735.379
15083.882
30645.439
8016.5416
17970.349
53798.515
7987.9612
17761.8
53306.96
9708.7788
31876.044
32082.334
4436.0907
16868.467
46067.689
4771.7859
17114.345
45753.074
4764.7385
17144.888
45810.074
10867.139
17235.555
38120.063
10864.872
17244.665
38175.087
10901.878
17004.072
37070.544
10895.165
16836.557
36214.506
7794.0639
15736.813
43604.025
12196.486
38479.573
32152.401
18713.529
30560.042
44337.852
18550.961
29423.092
44159.069
18595.765
29607.819
44197.912
12154.76
16109.125
35728.239
17398.773
47382.823
8939.1446
27076.365
33504.428
9009.7585
27507.306
33316.042
4084.47
7190.0335
13268.334
2432.4363
8505.8036
33103.069
2436.1793
8292.0477
32562.109
2489.4485
7399.4513
29992.68
12808.347
16685.939
37084.614
12803.296
16652.356
37023.762
12566.011
16445.349
36700.709
12615.05
16482.729
36757.392
12380.689
16190.265
36368.844
12561.57
16375.767
36594.252
12495.537
16407.445
36652.086
11697.614
15028.522
30395.816
11672.723
14996.455
30271.434
8056.2923
18225.543
54297.095
8064.0004
18370.652
54728.919
8048.9029
21934.509
36023.386
10138.876
32605.922
32081.27
4383.1775
16821.519
46066.12
4831.2545
17217.34
45748.86
10867.913
17225.252
38064.613
10868.522
17213.847
38008.805
10819.118
17037.848
37255.945
10901.282
16816.049
35991.63
2426.9453
8695.8566
33598.76
11894.439
37523.373
31840.575
18337.287
28112.724
43925.021
18498.478
29238.724
44115.105
18436.498
29049.999
44085.987
18126.578
27586.093
43855.519
17090.448
24863.544
43593.049
14629.921
19649.778
41184.81
14580.823
19581.221
41139.643
14677.355
19717.676
41231.39
14720.457
19788.832
41281.307
14034.616
18743.634
40651.903
12218.741
16092.999
35998.956
12187.434
16035.207
36255.846
8868.2507
26671.8
33693.483
8794.0373
26233.928
33883.081
2605.2516
12020.304
40340.294
2636.195
12245.018
40659.054
3688.743
15956.939
45572.426
7923.6717
17050.325
50898.939
8547.5063
21057.327
57347.247
8653.2802
19748.787
51052.103
8692.3328
19782.461
50849.966
8124.3743
17325.217
43690.57
8127.999
17335.144
43506.046
9535.2439
30946.645
32113.117
4467.3425
16812.351
45972.945
4534.4857
16923.68
45985.657
4737.9405
17180.218
45922.428
4719.47
17163.957
45951.044
5356.7088
17839.672
44915.91
5364.7503
17830.742
44858.696
5506.0673
18050.844
44756.209
5541.4884
18107.77
44706.345
11430.846
18822.157
39842.223
11435.499
18833.051
39869.554
11415.338
18777.571
39751.02
11409.399
18759.126
39720.656
10801.135
17230.724
38605.121
10854.365
17264.556
38334.919
10848.49
17266.89
38385.899
10903.075
16947.229
36819.515
10897.372
16875.981
36493.629
12621.609
39416.535
32959.523
17366.9
39337.007
39532.436
17249.919
39512.096
39472.828
17671.641
38784.382
39813.621
17755.428
38592.954
39935.777
7846.9822
16239.799
47235.757
8778.5436
20189.225
51813.962
8800.8507
20306.537
52073.486
8229.9634
17570.82
44352.73
8269.2312
17670.897
44558.665
9281.2044
29171.713
32649.864
9207.0604
28758.967
32805.299
3639.7228
6506.5366
14537.165
13758.233
18249.391
40568.523
13085.14
17335.338
38313.154
11618.75
14879.254
29744.573
11549.45
14901.447
29865.003
8131.9412
18889.099
55795.296
8130.4874
19011.387
56096.242
8682.118
20954.974
55418.023
8702.3058
21051.007
55619.037
8592.5433
18903.038
48013.049
8592.2387
18955.07
48252.377
7926.7175
17317.446
40990.142
7924.8268
17244.599
41191.312
8093.0105
22772.728
35526.552
8088.6789
23035.836
35368.335
10755.163
34069.636
31934.959
4069.5349
16488.465
45995.018
4198.174
16559.81
45983.773
5858.1897
18555.055
44070.561
5821.234
18497.153
44122.454
5945.4988
18694.938
43899.687
5964.7511
18726.743
43843.506
11607.833
19133.242
39807.456
11578.256
19078.029
39826.85
11302.765
18469.045
39339.469
11313.656
18495.64
39368.11
11265.879
18383.606
39252.36
11253.659
18356.326
39223.368
10865.242
17176.013
37839.203
10863.172
17161.487
37782.094
10840.39
17074.46
37436.676
10844.934
17089.818
37494.603
10925.026
16815.8
35690.25
3163.9193
5623.2241
16813.727
3083.2997
5515.9337
17339.246
5444.3931
8951.3893
11810.014
11435.5
36059.515
31763.311
15428.403
21441.139
42570.54
15416.107
21355.238
42492.296
14426.732
19382.042
41011.867
14366.016
19313.324
40969.323
13571.76
18262.579
40346.958
14253.231
18984.399
40773.263
8740.0966
20924.45
54825.774
8715.827
20825.38
54613.383
8550.3627
18657.1
47261.527
8522.1402
18538.444
47022.042
8550.6339
25013.929
34434.128
8461.7957
24608.721
34620.609
2718.3995
12841.162
41721.855
2697.4051
12700.212
41452.398
3752.801
16006.774
45698.301
11729.086
15139.392
30901.017
11741.728
15108.412
30774.068
7993.9964
17653.325
52787.248
8615.23
21130.924
56851.68
8569.3561
21058.253
56991.147
8729.8663
19608.082
49902.01
8740.6793
19693.804
50155.375
8084.6223
17307.287
42647.698
8107.0391
17336.859
42868.482
9668.1929
31720.414
32043.703
4455.0586
16823.969
45999.25
4447.8362
16848.481
46041.083
4749.6834
17187.644
45907.241
4759.348
17171.518
45875.501
5637.7125
18261.656
44484.735
5618.7039
18232.436
44547.107
6432.5485
19350.778
43149.183
6394.1523
19287.259
43210.158
6210.763
18987.137
43449.743
6536.4395
19532.79
42956.773
6569.1654
19593.604
42894.648
6685.2103
19832.958
42660.38
6657.2918
19772.052
42709.827
7717.9987
21641.645
41497.147
7675.0394
21574.252
41547.388
7486.7326
21262.055
41758.486
7534.7593
21345.653
41704.975
7841.8681
21823.057
41354.163
7878.5332
21873.701
41311.282
8000.3387
22003.011
41157.232
7975.4382
21988.112
41194.459
12260.866
20921.89
40332.518
12244.191
20920.656
40318.068
12258.588
21142.787
40178.629
12226.148
21048.838
40212.467
12288.801
20892.072
40310.424
12292.265
20874.374
40304.809
12290.016
20779.79
40236.643
12293.117
20806.021
40248.118
11916.686
19933.654
39833.817
11940.409
19972.583
39837.041
12029.843
20128.247
39885.097
12007.797
20090.029
39879.086
11843.989
19813.603
39800.145
11818.592
19773.748
39800.233
11714.558
19613.928
39778.037
11742.041
19653.796
39783.635
11446.518
18843.16
39948.928
11445.07
18846.719
39933.801
11381.172
18674.584
39591.125
11388.927
18697.032
39622.37
10858.563
17259.254
38282.629
10862.575
17252.968
38229.278
10902.471
16989.06
37008.222
10896.95
16847.965
36287.561
7823.6897
15882.073
44525.416
12300.805
38768.846
32312.463
18039.894
37738.02
40517.833
17979.77
37970.199
40351.726
18668.939
30792.821
44331.408
18696.918
30166.254
44302.2
18712.229
30355.074
44328.927
18669.508
29979.412
44266.605
18635.812
29792.086
44229.487
12109.127
16111.337
35623.206
11802.01
15423.27
32235.422
11771.159
15391.813
32118.439
8777.1603
20533.371
53081.23
8794.8992
20507.148
52839.589
8364.2644
17964.039
45486.466
8351.4296
17912.641
45251.789
9146.1165
28341.288
32986.812
9081.0348
27912.405
33156.168
3923.493
6967.6902
13669.864
3776.839
6712.4368
14097.733
2456.7181
7950.2675
31627.058
2445.7396
8117.441
32088.921
2472.3673
7557.6716
30470.726
13942.603
18488.56
40563.792
13366.181
17584.137
38803.049
13366.144
17626.36
38877.148
13267.867
17474.216
38593.156
13229.612
17434.767
38518.766
12738.359
16585.295
36916.388
12773.461
16618.184
36963.483
12700.361
16551.509
36861.33
12660.263
16516.339
36807.527
12429.337
16230.466
36412.629
12551.315
16338.608
36550.792
11968.786
15691.684
33465.891
11987.591
15719.684
33571.543
11605.199
14935.615
30011.871
11642.801
14971.556
30142.535
8110.3311
18736.313
55452.895
8047.1769
18431.414
55094.498
8644.3375
21097.626
56364.342
8662.7096
21085.961
56183.303
8652.9937
19256.025
49154.7
8600.0643
19096.936
48880.492
8003.9792
17244.655
41992.006
7964.1722
17191.926
41774.023
8086.6756
22508.727
35676.185
8069.7936
22224.403
35844.257
10304.546
32932.211
32055.671
3972.7748
16345.757
45903.28
4348.1583
16780.132
46060.932
5661.7817
18273.552
44301.045
5675.1263
18276.47
44251.598
6005.0687
18707.721
43550.135
5999.3561
18735.842
43642.306
6828.298
20158.119
42192.752
6816.5509
20162.818
42286.069
6753.7752
20014.941
42491.346
6773.9208
20067.931
42448.871
7018.414
20414.009
42131.157
7089.2612
20541.497
42102.989
7329.8525
20982.623
41915.702
7274.4347
20881.616
41967.601
8125.8621
22009.364
41039.578
8212.9174
22080.178
41030.632
12301.959
21742.876
39963.304
12294.029
21785.442
39953.529
12236.493
21950.214
39936.792
12257.093
21909.594
39933.055
12318.261
21609.052
39995.982
12321.714
21560.623
40010.84
12308.191
21347.077
40089.065
12317.636
21404.772
40064.519
12221.952
20530.05
40076.701
12234.601
20564.117
40089.275
12272.958
20693.176
40169.933
12264.785
20661.616
40156.842
12179.378
20425.305
40012.622
12163.174
20389.612
40001.732
12090.857
20242.115
39935.262
12110.035
20279.732
39943.882
11531.333
19327.714
39782.877
11634.71
19491.436
39770.339
11608.626
19448.564
39775.529
11433.232
18796.601
39912.897
11453.79
18856.779
39900.114
11354.715
18601.258
39492.873
11345.278
18576.219
39462.434
11200.27
18249.702
39118.809
11218.134
18276.213
39138.34
10867.104
17188.856
37895.948
10867.846
17201.96
37952.571
10836.179
17063.54
37378.928
10831.389
17049.444
37318.543
10900.727
16807.706
35911.199
2884.2193
5333.773
19439.416
2925.7781
5328.9832
18902.319
7178.4591
15102.894
27129.002
11782.67
37168.417
31797.737
18399.979
28291.71
43949.858
18351.745
28853.708
44048.913
18049.278
27415.669
43841.335
17771.194
26897.038
43780.951
15459.54
21697.738
42807.402
15509.172
21776.261
42883.679
15716.584
22104.718
43188.423
15665.579
22024.98
43112.443
15229.811
21021.116
42209.902
15278.552
21102.203
42278.146
15068.946
20773.03
42012.743
14990.335
20688.915
41944.339
14480.208
19447.637
41055.275
14531.024
19515.519
41096.839
14732.744
19860.802
41331.61
14089.575
18801.945
40680.837
12254.887
15964.4
36219.984
12234.84
16070.532
36077.497
11870.664
15503.1
32572.085
11885.609
15531.506
32685.5
11890.962
15629.067
33146.965
11858.67
15601.173
33035.829
8728.3706
20628.38
53744.842
8747.0358
20716.27
53969.628
8363.6015
18044.335
46116.602
8380.0401
18121.89
46342.924
8632.3302
25404.394
34260.414
8719.5742
25829.955
34065.18
12644.588
19502.12
40812.489
12606.991
16770.474
33222.883
39219.293
15373.202
24137.751
50204.451
14135.675
19758.242
39769.768
5524.9585
8028.5521
11837.737
5868.2229
14873.954
15539.336
6221.5151
13844.663
16774.44
6117.2646
14013.348
18216.401
6130.1746
14558.77
20096.585
5635.0988
14928.476
14911.421
5827.0312
14498.09
16097.594
6072.1071
13881.67
17433.008
6119.4565
14673.443
19088.349
5868.1868
7746.2292
11496.738
)
;

boundaryField
{
    inlet
    {
        type            fixedValue;
        value           uniform 32;
    }
    outlet
    {
        type            inletOutlet;
        inletValue      uniform 32;
        value           nonuniform List<scalar> 
102
(
37.501317
56.068565
50.105356
39.456288
32.868255
30.33264
29.262885
28.725321
28.464768
28.827762
28.946494
29.270158
29.837378
31.073275
34.081726
40.69378
49.144938
33.339564
28.086592
28.122235
28.086853
28.083088
28.157681
28.096015
28.358479
28.192288
28.86227
28.443924
30.216193
29.084561
34.349066
30.845624
51.085605
36.501118
165.11089
62.137859
305.74131
250.58229
162.54688
364.88929
82.553316
134.73583
54.591187
72.742791
42.315888
50.669621
36.037437
40.344949
32.734919
35.005645
30.94269
32.184004
29.93073
30.634223
29.342818
29.753311
28.98719
29.237972
28.171711
28.288529
28.82736
28.902239
28.092884
28.103421
28.082258
28.081245
28.130713
28.110408
28.290369
28.235925
28.688404
28.551752
29.737556
29.369588
32.808434
31.682012
44.132875
39.583477
111.81458
80.466475
309.47555
343.75063
198.56289
253.94276
95.612388
112.72358
59.344996
65.240515
44.641527
47.396006
37.248395
38.671404
33.376187
34.126494
31.298288
31.709252
30.133669
30.366603
29.461926
29.597996
29.061336
29.14479
)
;
    }
    top
    {
        type            slip;
    }
    bottom
    {
        type            slip;
    }
    symFront
    {
        type            empty;
    }
    symBack
    {
        type            empty;
    }
    wing
    {
        type            omegaWallFunction;
        blending        binomial;
        n               2;
        value           nonuniform List<scalar> 
1073
(
14467.102
45357.869
33543.181
33756.262
31846.71
34993.284
44854.389
34316.191
43637.903
43730.795
43618.295
35095.121
12530.501
24993.159
24429.912
44750.696
34437.649
43745.974
43532.616
43528.015
39900.022
39976.234
40058.208
31402.892
31030.795
57562.5
37564.954
37070.457
44994.963
38894.513
38962.897
38871.701
38810.54
39759.251
38721.141
45091.579
33993.664
31520.9
31876.323
46357.639
57645.541
57823.607
37743.559
38308.131
15840.738
38166.207
40784.956
45557.738
45664.395
45520.626
45348.436
38618.842
38657.845
38607.851
38585.813
16318.437
37472.651
44205.722
35202.398
41939.947
41474.023
42091.322
42552.401
41647.764
41820.423
41594.874
41438.897
40268.787
38096.065
37889.128
57406.173
40575.353
39955.801
26688.983
27268.143
36390.801
36905.908
45179.777
45041.372
39061.625
38986.766
38732.703
38790.607
38604.066
38646.743
23534.844
38406.448
37221.901
45077.422
34068.001
40665.766
44304.322
43801.648
43269.81
43660.456
43674.144
43684.13
35411.91
35518.841
57827.702
57854.303
39043.016
38499.469
36195.627
45697.231
45225.257
45336.515
39089.47
38721.834
38673.185
38596.92
38582.95
22776.709
17841.922
24705.071
38512.512
35087.914
36825.442
35511.069
44355.561
34964.848
40834.195
41309.552
43124.009
42700.759
43580.645
43567.218
43495.634
43506.966
41882.401
41382.892
39661.45
40194.472
37139.311
37315.192
37559.839
37380.448
37832.016
37624.39
57803.327
57533.835
39198.816
39761.903
45251.646
33227.292
33837.821
43615.136
43429.49
39267.005
39191.1
31890.379
33033.897
31891.731
35351.045
34189.555
43802.604
43979.207
35964.358
35701.631
36244.888
36521.864
40885.567
39343.92
39415.006
25617.054
34883.499
34227.183
34331.534
46068.186
40370.805
40393.238
40545.184
40514.428
40360.503
40336.84
40303.782
40323.663
39884.977
39885.074
39929.66
39917.485
39887.724
39892.578
39990.509
39969.051
39962.572
39965.701
40031.461
40018.363
39955.713
39948.197
39931.132
39929.767
61926.378
44940.455
34216.769
38768.025
39167.749
43645.766
43715.749
43603.512
35203.164
12189.372
34121.853
34013.253
45851.787
40879.255
40916.313
40840.738
40802.024
40578.153
40612.525
40104.848
40129.884
40281.648
40257.612
40080.7
40057.405
39943.541
39960.369
40130.468
40133.09
40024.727
40050.587
40116.413
40110.687
40044.449
40056.686
23887.499
20541.147
21072.99
14208.258
40626.723
44640.219
34589.184
38403.612
38075.023
43765.055
43548.395
43509.838
43496.624
43520.219
43532
43572.134
43411.609
39824.812
40045.254
31285.773
31159.716
57449.645
37388.441
37215.987
38916.739
38939.394
38850.592
38831.411
38636.716
39388.337
39019.855
33920.516
31637.84
31756.722
57708.345
57766.96
37927.441
38116.417
15408.94
14972.414
43112.52
43298.021
39039.202
39116.353
38240.17
45592.578
45628.531
45470.26
45373.175
38630.586
38643.173
38597.405
38590.65
12357.685
11372.454
30729.906
29527.839
36438.155
44096.549
35439.222
37115.533
36820.624
41784.401
41625.028
42245.159
42400.143
41702.791
41759.91
41543.63
41491.385
39574.863
39499.372
38028.841
37961.116
57071.594
57250.69
40363.684
40159.306
26194.638
34770.005
34657.394
34546.586
34438.418
52189.444
36571.331
36747.505
45133.662
45087.227
40434.9
40412.575
40458.86
40485.646
40329.395
40322.533
40345.803
40340.464
39891.754
39887.295
39898.383
39907.028
39911.579
39900.844
39926.596
39944.563
39983.509
39981.256
40000.452
40007.421
39940.146
39944.382
39935.515
39938.233
39034.038
39010.158
38755.05
38772.526
38630.085
38632.543
21196.255
37587.186
38001.103
45034.229
34134.274
39246.561
44102.212
43937.711
43395.661
43529.483
43658.54
43703.587
35306.928
57839.748
57851.476
38873.311
38689.25
42892.086
42666.376
42465.179
38959.81
33900.845
45747.106
45727.959
45267.742
45302.937
40952.843
40987.71
40722.723
40762.668
40684.322
40648.679
40181.169
40155.38
40207.002
40232.7
40014.126
40035.23
39994.369
39977.328
40127.489
40134.276
40120.314
40087.464
40086.092
40104.559
40078.079
40067.223
39785.658
38703.043
38687.846
38587.143
38582.962
23332.518
22203.85
21647.569
13568.453
12920.601
11398.707
25897.578
39553.51
34040.479
34587.285
36351.612
35891.099
44515.297
34766.276
37431.819
37739.68
40994.006
41154.462
42992.979
42847.714
44015.393
43553.181
43497.039
43505.643
43566.6
43588.301
43539.747
43492.423
39745.039
40118.085
37199.552
37257.628
37501.237
37439.776
37690.813
37758.508
57733.188
57629.242
39377.1
39586.764
46362.051
45440.339
49520.159
32265.323
36691.312
36625.685
48820.523
32384.122
40516.57
29870.431
46035.177
46008.113
36057.292
31813.232
40479.719
40839.605
28916.161
45707.402
32096.718
37133.015
36143.111
37273.823
42688.863
32035.644
35818.216
30693.073
12894.443
29490.638
45784.013
36322.83
32091.659
46067.762
37195.391
36066.387
41702.353
31919.036
43903.502
43880.992
40625.183
40568.147
40597.223
35913.227
36286.517
40969.874
45628.678
51548.705
57259.794
51289.12
50641.381
43874.256
43308.368
32057.439
44831.711
44797.072
44653.164
39812.147
39893.318
39780.588
39687.396
36882.721
36426.472
32702.61
39610.192
39403.499
39707.98
40060.936
51572.667
52340.712
44100.667
44786.488
40571.965
38381.052
55231.412
55842.236
47744.909
48430.588
41368.316
31974.792
45968.101
46025.785
44013.173
44176.602
43955.328
43788.02
39791.1
39799.724
39847.349
39309.871
39397.406
39280.967
39195.987
35750.07
31757.332
42420.166
40734.834
55044.227
54374.35
47504.901
46789.961
41989.788
41229.833
45693.729
56705.244
57137.54
49646.608
50410.17
42409.049
43095.169
32043.657
44436.899
44598.691
43080.992
43272.132
43496.543
43333.439
43393.616
43015.629
42833.135
42597.184
42776.395
41448.051
41597.746
41812.027
41650.22
41400.896
41272.345
41110.006
41233.361
40333.878
40281.679
40146.153
40249.073
40324.439
40282.54
40209.944
40273.231
39817.207
39855.04
39905.821
39859.662
39815.398
39790.278
39774.972
39781.868
39952.751
39914.766
39557.405
39653.55
36945.832
36356.846
22354.258
45449.762
32495.908
39332.551
40207.785
32347.937
31997.43
53296.461
52599.919
45726.262
45033.439
31056.519
42255.489
40555.455
38735.444
38664.01
38457.967
36450.65
36500.403
33360.781
33679.115
33788.133
56547.619
56014.115
49397.464
48623.142
42191.94
41540.695
32021.374
45938.448
46052.596
44386.278
44213.587
43520.29
43733.786
42150.803
42345.07
42550.023
42400.435
42139.569
42061.182
41863.567
42016.101
41044.674
41018.495
39974.305
39946.653
39931.551
39940.639
39984.836
40026.374
40115.187
40045.202
40050.158
40116.371
40197.358
40129.369
40038.324
39977.09
39913.156
39967.336
39783.572
39775
39776.883
39942.483
39873.145
39523.625
39429.722
39169.499
35832.525
19970.137
18387.086
28325.864
31754.991
43980.077
43820.071
43808.597
42723.23
42951.809
43265.571
43036.263
43346.148
42648.353
42143.915
42348.7
42078.293
40711.268
36177.679
36138.684
32461.342
33254.142
32801.221
32918.038
53507.379
54174.615
45919.826
46577.395
45508.607
50221.994
32167.245
45996.948
46003.981
45979.583
45968.12
38526.681
38568.23
38482.454
38435.228
36755.325
36560.097
45136.762
48064.057
32513.481
40538.771
29678.154
56635.621
56370.794
35052.955
35198.993
46019.945
45951.181
37667.068
37725.004
37610.342
37552.167
35708.601
31788.299
40927.148
40416.31
40809.558
56861.152
34926.787
34781.198
28407.778
27854.749
45692.48
30522.068
30645.439
53798.515
53306.96
32082.334
46067.689
45753.074
45810.074
38120.063
38175.087
37070.544
36214.506
43604.025
32152.401
44337.852
44159.069
44197.912
35728.239
47382.823
33504.428
33316.042
13268.334
33103.069
32562.109
29992.68
37084.614
37023.762
36700.709
36757.392
36368.844
36594.252
36652.086
30395.816
30271.434
54297.095
54728.919
36023.386
32081.27
46066.12
45748.86
38064.613
38008.805
37255.945
35991.63
33598.76
31840.575
43925.021
44115.105
44085.987
43855.519
43593.049
41184.81
41139.643
41231.39
41281.307
40651.903
35998.956
36255.846
33693.483
33883.081
40340.294
40659.054
45572.426
50898.939
57347.247
51052.103
50849.966
43690.57
43506.046
32113.117
45972.945
45985.657
45922.428
45951.044
44915.91
44858.696
44756.209
44706.345
39842.223
39869.554
39751.02
39720.656
38605.121
38334.919
38385.899
36819.515
36493.629
32959.523
39532.436
39472.828
39813.621
39935.777
47235.757
51813.962
52073.486
44352.73
44558.665
32649.864
32805.299
14537.165
40568.523
38313.154
29744.573
29865.003
55795.296
56096.242
55418.023
55619.037
48013.049
48252.377
40990.142
41191.312
35526.552
35368.335
31934.959
45995.018
45983.773
44070.561
44122.454
43899.687
43843.506
39807.456
39826.85
39339.469
39368.11
39252.36
39223.368
37839.203
37782.094
37436.676
37494.603
35690.25
16813.727
17339.246
11810.014
31763.311
42570.54
42492.296
41011.867
40969.323
40346.958
40773.263
54825.774
54613.383
47261.527
47022.042
34434.128
34620.609
41721.855
41452.398
45698.301
30901.017
30774.068
52787.248
56851.68
56991.147
49902.01
50155.375
42647.698
42868.482
32043.703
45999.25
46041.083
45907.241
45875.501
44484.735
44547.107
43149.183
43210.158
43449.743
42956.773
42894.648
42660.38
42709.827
41497.147
41547.388
41758.486
41704.975
41354.163
41311.282
41157.232
41194.459
40332.518
40318.068
40178.629
40212.467
40310.424
40304.809
40236.643
40248.118
39833.817
39837.041
39885.097
39879.086
39800.145
39800.233
39778.037
39783.635
39948.928
39933.801
39591.125
39622.37
38282.629
38229.278
37008.222
36287.561
44525.416
32312.463
40517.833
40351.726
44331.408
44302.2
44328.927
44266.605
44229.487
35623.206
32235.422
32118.439
53081.23
52839.589
45486.466
45251.789
32986.812
33156.168
13669.864
14097.733
31627.058
32088.921
30470.726
40563.792
38803.049
38877.148
38593.156
38518.766
36916.388
36963.483
36861.33
36807.527
36412.629
36550.792
33465.891
33571.543
30011.871
30142.535
55452.895
55094.498
56364.342
56183.303
49154.7
48880.492
41992.006
41774.023
35676.185
35844.257
32055.671
45903.28
46060.932
44301.045
44251.598
43550.135
43642.306
42192.752
42286.069
42491.346
42448.871
42131.157
42102.989
41915.702
41967.601
41039.578
41030.632
39963.304
39953.529
39936.792
39933.055
39995.982
40010.84
40089.065
40064.519
40076.701
40089.275
40169.933
40156.842
40012.622
40001.732
39935.262
39943.882
39782.877
39770.339
39775.529
39912.897
39900.114
39492.873
39462.434
39118.809
39138.34
37895.948
37952.571
37378.928
37318.543
35911.199
19439.416
18902.319
27129.002
31797.737
43949.858
44048.913
43841.335
43780.951
42807.402
42883.679
43188.423
43112.443
42209.902
42278.146
42012.743
41944.339
41055.275
41096.839
41331.61
40680.837
36219.984
36077.497
32572.085
32685.5
33146.965
33035.829
53744.842
53969.628
46116.602
46342.924
34260.414
34065.18
40812.489
33222.883
39219.293
50204.451
39769.768
11837.737
15539.336
16774.44
18216.401
20096.585
14911.421
16097.594
17433.008
19088.349
11496.738
)
;
    }
}


// ************************************************************************* //
