/*--------------------------------*- C++ -*----------------------------------*\
| =========                 |                                                 |
| \\      /  F ield         | OpenFOAM: The Open Source CFD Toolbox           |
|  \\    /   O peration     | Version:  2412                                  |
|   \\  /    A nd           | Website:  www.openfoam.com                      |
|    \\/     M anipulation  |                                                 |
\*---------------------------------------------------------------------------*/
FoamFile
{
    version     2.0;
    format      ascii;
    arch        "LSB;label=32;scalar=64";
    class       volScalarField;
    location    "3800";
    object      k;
}
// * * * * * * * * * * * * * * * * * * * * * * * * * * * * * * * * * * * * * //

dimensions      [0 2 -2 0 0 0 0];

internalField   nonuniform List<scalar> 
38343
(
1.4974386
1.4974443
1.4974489
1.4974482
1.4974447
1.4974437
1.4974455
1.4974454
1.49745
1.497449
1.4974613
1.497467
1.49748
1.4974858
1.4975062
1.4975379
1.497589
1.4976171
1.4976767
1.4978469
1.4974583
1.4976548
1.4976811
1.4978689
1.4977633
1.4978651
1.4977343
1.4976766
1.497639
1.4976463
1.4975135
1.4975394
1.4974749
1.4974899
1.4974754
1.4974705
1.4974653
1.4974551
1.4974438
1.4974388
1.4948636
1.4948689
1.4948745
1.4948751
1.4948737
1.4948745
1.4948784
1.4948796
1.4948852
1.4948875
1.494903
1.4949144
1.4949346
1.4949615
1.4949975
1.4950479
1.4950987
1.4951752
1.4952692
1.4954253
1.4953071
1.4952883
1.4955155
1.4954054
1.4954596
1.495488
1.4953595
1.4952698
1.4952165
1.4951607
1.4950212
1.4950254
1.4949442
1.494956
1.4949345
1.4949161
1.4949009
1.4948866
1.4948731
1.4948662
1.4922972
1.4923018
1.4923089
1.4923112
1.4923112
1.4923131
1.4923195
1.4923227
1.4923317
1.4923378
1.4923572
1.4923767
1.4924058
1.4924448
1.4924994
1.4925741
1.4926622
1.4927608
1.4929328
1.4930756
1.492908
1.4931079
1.4932374
1.49316
1.4931302
1.4931649
1.4930503
1.4928968
1.4928124
1.4927414
1.4925274
1.4925529
1.4924557
1.4924421
1.4924015
1.4923752
1.4923514
1.4923315
1.4923158
1.4923073
1.4897392
1.4897435
1.4897512
1.4897547
1.4897563
1.4897603
1.4897667
1.489775
1.4897866
1.4897983
1.4898249
1.4898515
1.4898944
1.4899517
1.4900292
1.4901315
1.4902518
1.4903738
1.4905974
1.4907918
1.4905749
1.4908484
1.4908322
1.4910263
1.4907937
1.4908802
1.4907506
1.4905406
1.4904393
1.4903694
1.4900581
1.4900878
1.4899803
1.489944
1.4898915
1.48985
1.489817
1.4897908
1.4897724
1.4897624
1.4871899
1.4871939
1.4872004
1.4872061
1.4872095
1.4872148
1.4872238
1.4872336
1.4872511
1.4872694
1.4873012
1.4873418
1.4873984
1.4874773
1.487582
1.4877171
1.4878757
1.4880314
1.4883054
1.4885455
1.4883943
1.4886959
1.4886613
1.4887
1.4886309
1.4886675
1.488486
1.4882463
1.488119
1.4880024
1.4875861
1.4876632
1.4875239
1.4874699
1.4873997
1.4873462
1.4873029
1.4872687
1.4872469
1.4872343
1.4846488
1.4846529
1.4846588
1.4846657
1.4846694
1.4846774
1.4846879
1.484702
1.4847239
1.4847514
1.4847951
1.4848456
1.4849227
1.4850267
1.485164
1.4853374
1.4855406
1.4857399
1.4860714
1.4863611
1.4862229
1.4864326
1.4862417
1.4862869
1.4865293
1.4865286
1.4862529
1.4859899
1.4858262
1.4857029
1.4852056
1.4852498
1.4850992
1.4850169
1.4849297
1.4848582
1.4848053
1.4847647
1.4847388
1.4847244
1.4821159
1.4821202
1.482126
1.482133
1.4821385
1.4821482
1.4821623
1.4821774
1.4822064
1.4822459
1.4822979
1.4823702
1.4824682
1.4826031
1.4827802
1.483001
1.4832589
1.4835114
1.4839156
1.4842478
1.484143
1.4841071
1.4839251
1.4839129
1.4845232
1.4843624
1.4841096
1.4837888
1.4835993
1.4834076
1.4828421
1.4828896
1.4826987
1.4825946
1.4824851
1.4824017
1.4823342
1.4822837
1.4822525
1.4822342
1.4795915
1.4795957
1.4796017
1.4796086
1.4796154
1.4796267
1.479643
1.4796649
1.4796947
1.4797609
1.479831
1.4799168
1.4800468
1.4802209
1.4804492
1.4807312
1.4810607
1.4813858
1.4818713
1.4823098
1.482233
1.4821805
1.4819273
1.4819301
1.4824328
1.4825679
1.4820579
1.4816846
1.4814297
1.4812473
1.4806303
1.4805288
1.4803412
1.4801991
1.480064
1.479959
1.4798789
1.4798222
1.4797853
1.4797645
1.477075
1.4770796
1.4770855
1.4770926
1.4771004
1.4771133
1.4771345
1.4771585
1.4772
1.4784952
1.4785939
1.4786705
1.4788063
1.4789899
1.4792366
1.4795519
1.479942
1.4803503
1.4808776
1.4814152
1.4812855
1.4811498
1.4809078
1.4808817
1.4812892
1.4814018
1.4809704
1.4806271
1.4803662
1.4801548
1.4794683
1.4782265
1.4780168
1.4778374
1.4776763
1.4775541
1.4774575
1.4773864
1.4773419
1.477316
1.4745667
1.4745713
1.4745776
1.4745849
1.4745926
1.4746089
1.4746311
1.4746623
1.4747241
1.475976
1.4767183
1.4768493
1.4770278
1.4772484
1.4775419
1.4779083
1.4783202
1.4787671
1.4792897
1.4799492
1.4798564
1.4796976
1.4793188
1.4794542
1.4797381
1.4798581
1.4793831
1.4790017
1.4787462
1.4785
1.4773239
1.4760446
1.4757369
1.475511
1.4753145
1.4751621
1.4750501
1.4749704
1.4749186
1.4748891
1.4720664
1.4720712
1.4720779
1.4720857
1.4720948
1.4721109
1.4721404
1.4721717
1.4722448
1.4734677
1.4742267
1.4744267
1.4746505
1.4749196
1.475266
1.4757069
1.4762189
1.4767746
1.4773399
1.4781026
1.4781029
1.4779899
1.4778432
1.4777672
1.477987
1.4780494
1.4775077
1.4770167
1.4767047
1.4763999
1.4752316
1.4738725
1.4734902
1.4732284
1.4729929
1.4728188
1.4726827
1.4725813
1.4725193
1.4724827
1.469574
1.4695791
1.469586
1.4695941
1.4696038
1.4696237
1.4696566
1.4696966
1.4697922
1.4709888
1.4717287
1.4719965
1.4722533
1.4725957
1.4730503
1.4736214
1.4742704
1.4749723
1.4756278
1.4765413
1.4766737
1.4765493
1.4767912
1.4765787
1.4765788
1.4764663
1.4758709
1.475199
1.4747791
1.4744006
1.4732172
1.4718188
1.4712981
1.4709893
1.4706964
1.4704836
1.4703243
1.4702116
1.4701388
1.4700977
1.4670895
1.4670949
1.4671017
1.46711
1.4671233
1.4671445
1.467187
1.4672262
1.4673292
1.4685278
1.4692862
1.4695966
1.4699248
1.4703563
1.470931
1.4716591
1.4724997
1.4734094
1.4742387
1.475333
1.475693
1.4756639
1.4762272
1.4756692
1.4755235
1.4752298
1.4745201
1.473624
1.47305
1.4725542
1.4713137
1.4697654
1.4691618
1.4688008
1.4684501
1.4682047
1.4680098
1.4678675
1.4677804
1.4677299
1.4646132
1.4646187
1.4646252
1.4646339
1.464648
1.4646732
1.4647185
1.4647732
1.4648961
1.4660855
1.4668694
1.4672409
1.4676421
1.4681838
1.4689142
1.4698532
1.4709573
1.4721727
1.4732915
1.4746422
1.4753035
1.4754618
1.4759996
1.4752149
1.4748731
1.4744248
1.4734753
1.472302
1.4715333
1.4708704
1.4695059
1.4678666
1.467089
1.4666557
1.4662234
1.4659254
1.4656972
1.46554
1.4654387
1.4653816
1.4621448
1.4621505
1.4621569
1.4621661
1.4621818
1.4622085
1.4622701
1.4623158
1.4624455
1.4636441
1.4644785
1.4649174
1.4654091
1.4660892
1.4670204
1.4682393
1.4697127
1.4713643
1.4729472
1.474715
1.4757438
1.4761021
1.4765315
1.4757631
1.4748754
1.4741491
1.4728384
1.4712831
1.470256
1.4693734
1.4678345
1.4659681
1.4650829
1.4645668
1.4640529
1.463709
1.4634315
1.463235
1.463114
1.4630452
1.4596839
1.4596902
1.4596983
1.4597062
1.4597226
1.4597515
1.4598182
1.4598893
1.4600471
1.4612393
1.4620979
1.4626287
1.4632307
1.4640829
1.465271
1.4668621
1.4688456
1.4711495
1.4733907
1.4755515
1.4768638
1.4773402
1.477308
1.47691
1.4757514
1.4746311
1.4727638
1.4706778
1.4692696
1.4680853
1.4662868
1.4642618
1.4631559
1.4625203
1.4618965
1.4614811
1.4611588
1.4609426
1.4608021
1.4607247
1.4572314
1.4572375
1.4572464
1.4572583
1.4572714
1.4573034
1.4573904
1.4574488
1.4576252
1.4588482
1.4597411
1.4603676
1.4611108
1.4621742
1.4636887
1.4657723
1.4684695
1.4716525
1.4743767
1.4769823
1.47869
1.4792717
1.479333
1.4786698
1.4771511
1.4758498
1.4734173
1.4706071
1.4686485
1.467039
1.4649069
1.4625615
1.4612936
1.4605324
1.4597994
1.4593219
1.4589335
1.4586668
1.458501
1.4584085
1.454787
1.4547931
1.4548028
1.4548162
1.4548377
1.4548638
1.4549559
1.4550461
1.4552578
1.4564758
1.457426
1.4581288
1.4590524
1.4603732
1.4622979
1.4650313
1.468725
1.4726033
1.4759578
1.4792248
1.4814751
1.4821892
1.4821709
1.481134
1.4791523
1.4774974
1.4747258
1.4711953
1.4684539
1.4662605
1.4637067
1.4610834
1.459534
1.4585849
1.4577118
1.457138
1.4566917
1.4563987
1.4562077
1.4561042
1.4523513
1.4523573
1.4523678
1.4523831
1.4524067
1.4524471
1.4525483
1.452626
1.4528538
1.4541084
1.4551347
1.4559549
1.4570598
1.4586879
1.4611221
1.4647084
1.4694441
1.4740647
1.4783456
1.4825978
1.48563
1.4865209
1.4853126
1.4846029
1.4819523
1.4796832
1.476397
1.4724811
1.4687808
1.465821
1.4627091
1.4596071
1.4578213
1.456698
1.4556826
1.4550258
1.4544952
1.4541399
1.4539175
1.453796
1.4499247
1.449931
1.4499424
1.4499592
1.4499862
1.450032
1.4501566
1.4502674
1.4505086
1.4517735
1.4528703
1.4538281
1.455133
1.4571227
1.4601815
1.4648684
1.4705293
1.4761754
1.4817703
1.4875402
1.4918366
1.4930943
1.4904808
1.4895603
1.4858092
1.4825438
1.4785042
1.4741106
1.469715
1.4657712
1.4619123
1.4583764
1.456237
1.4548449
1.4536575
1.4528765
1.4522748
1.4518849
1.4516305
1.4514951
1.4475071
1.4475142
1.4475268
1.4475456
1.4475778
1.4476294
1.4477609
1.4478912
1.4482091
1.4494953
1.4506346
1.4517201
1.4532626
1.455676
1.4594955
1.4654307
1.4720402
1.4790663
1.4865886
1.494699
1.5012325
1.5030499
1.4959577
1.4965246
1.4910173
1.4862279
1.4811406
1.4760935
1.4712362
1.4661503
1.4613427
1.4571532
1.4546818
1.4530578
1.4516887
1.4508003
1.4500951
1.4496308
1.4493393
1.4491832
1.445099
1.4451069
1.4451211
1.4451428
1.4451791
1.4452394
1.4453814
1.4455291
1.445876
1.4471856
1.4484406
1.4496769
1.4514307
1.454328
1.4590675
1.4662201
1.4740215
1.4828788
1.4931765
1.5050933
1.5155271
1.5184568
1.5041278
1.5061739
1.4978462
1.4908878
1.4843451
1.4784413
1.4730309
1.466954
1.461015
1.4561782
1.4532606
1.4512896
1.4497162
1.4486752
1.4478862
1.4473783
1.4470481
1.4468749
1.4427005
1.4427094
1.4427254
1.4427505
1.4427918
1.4428607
1.4430152
1.4431893
1.4435636
1.444837
1.4462201
1.4476219
1.4496016
1.4530214
1.4586532
1.4672361
1.4764944
1.4877357
1.5020648
1.5204834
1.539565
1.5445145
1.5230068
1.5193854
1.50658
1.4966189
1.4882288
1.4811911
1.4750789
1.4682319
1.4609291
1.4552252
1.4518697
1.4495975
1.4478
1.4466242
1.4457125
1.4451195
1.4447473
1.4445514
1.4403121
1.440322
1.4403398
1.4403687
1.4404157
1.4404939
1.440661
1.4408637
1.4412783
1.4425144
1.4440205
1.4455935
1.4478693
1.4519628
1.4585823
1.468315
1.4794282
1.4935504
1.5136169
1.5435761
1.5726382
1.5769226
1.5534961
1.5374208
1.5176337
1.5034957
1.4927706
1.484328
1.4773604
1.4699457
1.4611062
1.4544936
1.4505796
1.4479017
1.4458691
1.4445171
1.4435105
1.4428626
1.4424455
1.4422297
1.437934
1.4379448
1.4379647
1.4379976
1.4380501
1.4381389
1.4383197
1.4385488
1.439006
1.4402506
1.441858
1.443584
1.4461957
1.4508711
1.4587278
1.4697862
1.482784
1.5006463
1.527692
1.5764507
1.6202159
1.6236394
1.589446
1.5611843
1.530936
1.5114466
1.4979112
1.4878473
1.4798829
1.4718531
1.4614872
1.4537704
1.449345
1.4462878
1.4439949
1.4424795
1.4413338
1.4405944
1.4401323
1.4398934
1.4355665
1.4355782
1.4356005
1.4356372
1.4356958
1.4357949
1.43599
1.4362441
1.4367436
1.4380197
1.4397081
1.4415871
1.4445366
1.4497732
1.4589994
1.4710616
1.4863057
1.5085394
1.5448677
1.6195357
1.7235642
1.8280646
1.6363162
1.5898456
1.5460942
1.5204079
1.503615
1.4917188
1.4826336
1.4739035
1.4621129
1.4532674
1.4481637
1.4446631
1.4421001
1.4402922
1.4390869
1.4383318
1.4378198
1.4375586
1.4332095
1.4332223
1.4332466
1.4332875
1.4333519
1.4334614
1.4336702
1.4339476
1.4344856
1.4357982
1.4375557
1.4395812
1.4428513
1.4486442
1.4591168
1.4723645
1.4899439
1.5168216
1.5643531
1.6743349
2.045261
1.7056475
1.6215243
1.5626062
1.5300908
1.5097407
1.4958301
1.4855527
1.4760725
1.462882
1.4526719
1.4470554
1.4431151
1.4402676
1.4382674
1.4369072
1.4360598
1.4355008
1.4352161
1.4308632
1.430877
1.4309034
1.4309484
1.4310182
1.4311376
1.4313599
1.4316591
1.432233
1.4335863
1.4354155
1.437574
1.4411286
1.4474528
1.4590765
1.4735892
1.4934515
1.5249632
1.5837927
1.7300758
2.1869302
1.7752297
1.6517015
1.5794763
1.5400826
1.5161719
1.5001298
1.4886258
1.4783525
1.4638968
1.4524696
1.4459015
1.441368
1.4383336
1.4360496
1.4346585
1.4338025
1.433188
1.4328789
1.4285276
1.4285424
1.4285704
1.4286194
1.4286947
1.4288235
1.4290586
1.4293787
1.4299857
1.4313776
1.433264
1.4355428
1.4393414
1.4461494
1.458802
1.4746646
1.4966304
1.532513
1.6019096
1.7751465
1.8207647
1.678286
1.5950886
1.5500853
1.5226617
1.5045133
1.4918084
1.4806992
1.4649695
1.4517137
1.4441827
1.4398199
1.4364436
1.4339989
1.4325474
1.4315673
1.4308883
1.4305443
1.4262029
1.4262185
1.4262483
1.4263011
1.4263815
1.4265193
1.4267666
1.4271056
1.4277419
1.42917
1.4311092
1.4334979
1.4374959
1.4447132
1.4582334
1.4755256
1.4993912
1.5391472
1.6177314
1.8075152
1.8462175
1.6991296
1.6137788
1.5603807
1.5290281
1.5086301
1.4950599
1.4831979
1.4659295
1.4512101
1.4436036
1.4386045
1.4347992
1.4320825
1.4303809
1.4293129
1.4285863
1.4282207
1.4238888
1.4239054
1.423937
1.4239936
1.4240788
1.4242252
1.4244831
1.4248387
1.4254992
1.4269568
1.4289424
1.4314244
1.4355794
1.4431294
1.457358
1.476115
1.501648
1.5447929
1.630736
1.8292274
1.8657732
1.7156953
1.6230545
1.5687703
1.5358135
1.5132152
1.4978394
1.485499
1.4675649
1.4516249
1.4423919
1.4370305
1.4329273
1.4300409
1.4282296
1.4270847
1.4263027
1.4259127
1.4215855
1.421603
1.4216363
1.4216966
1.4217863
1.4219404
1.4222076
1.4225777
1.4232581
1.4247379
1.4267633
1.4293183
1.4335935
1.4414015
1.4561943
1.476236
1.5033954
1.5494545
1.6410808
1.8426
1.8802095
1.7305588
1.6338861
1.5771399
1.5413961
1.5174006
1.5007636
1.4881124
1.4686174
1.4510884
1.4413447
1.4355549
1.4311312
1.4280531
1.4261126
1.4248785
1.4240398
1.4236241
1.4192925
1.419311
1.419346
1.4194094
1.4195031
1.4196641
1.4199392
1.4203216
1.4210176
1.4225127
1.4245703
1.4271788
1.4315408
1.4395422
1.4547585
1.4757668
1.5046245
1.5531817
1.64911
1.847256
2.0010397
1.8902184
1.7443009
1.6439878
1.5846728
1.5467592
1.5214723
1.5035378
1.4904457
1.4694874
1.4507988
1.4404792
1.4341294
1.4293924
1.4261074
1.4240221
1.4226927
1.4218011
1.4213596
1.4170099
1.4170292
1.4170656
1.4171321
1.4172293
1.4173964
1.4176779
1.4180703
1.4187779
1.420283
1.4223625
1.4250069
1.4294267
1.4375632
1.4530847
1.4748102
1.5053393
1.556198
1.6557909
1.8497462
1.7168196
1.8957661
1.7553763
1.6527128
1.5915784
1.5519303
1.525302
1.5062892
1.4926982
1.4703976
1.450608
1.4395472
1.4327009
1.4276744
1.4241843
1.4219601
1.4205382
1.4195926
1.419125
1.4147375
1.4147575
1.4147952
1.4148645
1.4149648
1.4151371
1.4154238
1.4158239
1.4165391
1.4180493
1.4201431
1.4228085
1.4272618
1.4354824
1.451206
1.4734325
1.5052454
1.557806
1.6598513
1.8456001
1.689362
1.8988474
1.7634861
1.660342
1.5976668
1.556754
1.5288487
1.5090418
1.4948578
1.4712638
1.4502911
1.4385893
1.4312896
1.4259841
1.42229
1.4199305
1.4184163
1.4174173
1.4169233
1.412475
1.4124957
1.4125345
1.4126065
1.4127093
1.412886
1.4131766
1.4135828
1.4143024
1.415814
1.4179138
1.4205882
1.4250548
1.4333193
1.4491611
1.4717925
1.5047438
1.5590785
1.6624754
1.8380239
1.7396281
1.9010548
1.7695664
1.6668244
1.6028871
1.5610525
1.5320195
1.5116858
1.4969013
1.471981
1.4498855
1.4376226
1.4298851
1.4243163
1.420423
1.4179323
1.4163276
1.4152763
1.4147567
1.4102222
1.4102436
1.4102833
1.4103574
1.4104625
1.4106428
1.4109361
1.4113467
1.4120686
1.4135787
1.4156779
1.4183527
1.4228169
1.4310988
1.4469735
1.4698743
1.5036681
1.5599786
1.6644608
1.8295119
1.7407983
1.9026045
1.7747654
1.6724185
1.6073477
1.564767
1.5349046
1.5141842
1.4988192
1.4724541
1.4493965
1.4366242
1.428483
1.4226649
1.4185816
1.4159649
1.4142735
1.4131713
1.4126266
1.4079791
1.408001
1.4080415
1.4081173
1.4082243
1.4084077
1.4087028
1.4091166
1.4098389
1.4113459
1.4134406
1.4161108
1.4205638
1.4288501
1.4447562
1.4678617
1.5023394
1.5606658
1.6664519
1.8217538
1.748807
1.904045
1.7792789
1.6771059
1.6111842
1.567958
1.537506
1.5165223
1.5006153
1.4727
1.4488255
1.4355836
1.4270817
1.4210252
1.4167643
1.4140286
1.4122534
1.4111027
1.4105334
1.4057454
1.4057678
1.4058091
1.4058865
1.405995
1.4061809
1.4064774
1.4068935
1.4076153
1.4091166
1.4112031
1.4138666
1.4183064
1.4265928
1.4425254
1.4658153
1.5010444
1.5611525
1.668435
1.815095
1.7637411
1.9059659
1.7827564
1.6809135
1.6146097
1.5707046
1.53978
1.51862
1.5022183
1.4727494
1.448164
1.4344922
1.4256719
1.4193953
1.4149687
1.4121204
1.4102668
1.4090695
1.4084768
1.403521
1.4035439
1.4035857
1.4036646
1.4037743
1.4039623
1.4042598
1.4046777
1.4053988
1.4068939
1.408972
1.411631
1.4160606
1.4243529
1.4403278
1.463811
1.499895
1.5617211
1.6707468
1.8113394
1.7830014
1.9075285
1.7852823
1.6840387
1.6176225
1.5730735
1.5417626
1.5204295
1.5034064
1.4726411
1.4473989
1.4333494
1.424247
1.4177735
1.4131899
1.4102378
1.4083107
1.4070692
1.4064545
1.4013057
1.4013289
1.4013713
1.4014516
1.4015622
1.4017521
1.4020505
1.4024702
1.4031908
1.404678
1.4067483
1.409406
1.4138327
1.4221411
1.4381898
1.4619036
1.4989532
1.5625431
1.6735921
1.8122025
1.8045462
1.9089564
1.7870512
1.6865436
1.6201167
1.5750664
1.5434527
1.5219681
1.5041834
1.472391
1.4465146
1.4321515
1.4228016
1.4161506
1.4114253
1.4083769
1.4063819
1.4050997
1.4044641
1.3990995
1.399123
1.399166
1.3992473
1.399359
1.3995506
1.3998497
1.4002712
1.4009915
1.4024722
1.4045323
1.4071945
1.4116295
1.4199777
1.4361343
1.4601418
1.4982304
1.5635803
1.6769798
1.818228
1.8271604
1.9100792
1.7880557
1.6883857
1.6220666
1.5766671
1.5448386
1.5232767
1.5045621
1.4719868
1.4455141
1.4308932
1.4213326
1.4145206
1.4096733
1.4065334
1.4044764
1.4031566
1.4025019
1.3969022
1.3969261
1.3969695
1.3970519
1.3971648
1.3973579
1.397658
1.3980818
1.3988039
1.4002774
1.402419
1.4051322
1.4096805
1.4183066
1.4348896
1.4596264
1.4996916
1.5680874
1.6876955
1.8335479
16.791121
1.826758
1.9143149
1.7907566
1.6895906
1.6234802
1.5778808
1.5459166
1.5242766
1.5045473
1.4713842
1.4444198
1.4295714
1.4198347
1.4128799
1.4079273
1.4047028
1.4025911
1.4012365
1.4005643
1.3947136
1.3947379
1.3947819
1.3948652
1.3949791
1.3951742
1.3954755
1.3959022
1.3966273
1.3981045
1.400143
1.4029653
1.4075433
1.4162502
1.4329741
1.4580462
1.499127
1.5693111
1.6915292
1.8391682
11.395743
1.8305033
1.9124958
1.7897752
1.6905895
1.6242447
1.5787634
1.546748
1.5247566
1.5041832
1.4705302
1.4432195
1.4281868
1.4183034
1.4112241
1.4061819
1.4028817
1.4007203
1.3993348
1.3986467
1.3925337
1.3925584
1.3926029
1.3926873
1.3928024
1.3929992
1.3933023
1.3937325
1.3944613
1.3959418
1.3979983
1.4008199
1.4054382
1.4142414
1.4311208
1.4566118
1.4985689
1.5706007
1.6952231
1.8383165
8.6588568
1.8269557
1.9087988
1.7879451
1.6900188
1.6242001
1.5790234
1.5471409
1.5246399
1.5034408
1.4694322
1.4419114
1.4267338
1.4167355
1.40955
1.4044323
1.4010701
1.3988595
1.3974474
1.3967451
1.3903624
1.3903874
1.3904324
1.3905178
1.3906343
1.3908332
1.3911384
1.3915728
1.3923067
1.3937908
1.3958541
1.3986949
1.4033624
1.4122729
1.4293211
1.4552199
1.4980453
1.5717608
1.6979187
1.8368622
6.9860441
1.8179491
1.9020815
1.7854741
1.6888552
1.6236673
1.5788631
1.5469324
1.5240469
1.5023976
1.4681831
1.440497
1.425229
1.4151287
1.4078515
1.4026741
1.3992587
1.3970048
1.3955693
1.3948548
1.3881994
1.3882247
1.3882704
1.3883571
1.3884748
1.388676
1.3889837
1.3894229
1.3901629
1.3916521
1.3937212
1.3965873
1.4013111
1.4103356
1.4275557
1.4538396
1.4974358
1.5725337
1.699029
1.8376691
5.8574157
1.8061983
1.8935068
1.7817757
1.6869633
1.6225073
1.5780587
1.5461732
1.5230446
1.5010976
1.4667192
1.4389362
1.4236618
1.4134819
1.406135
1.4009021
1.3974443
1.3951554
1.3936962
1.3929718
1.3860446
1.3860703
1.3861167
1.3862044
1.3863239
1.3865274
1.3868381
1.3872828
1.38803
1.3895252
1.3916013
1.3943805
1.3992797
1.4084192
1.4258068
1.4524363
1.4967114
1.5726852
1.6980386
1.8396286
5.0561564
1.7932815
1.8843123
1.7768698
1.6841054
1.6205864
1.5766536
1.5449483
1.5217068
1.4995598
1.4650714
1.437278
1.4220047
1.4117747
1.4043937
1.3991185
1.3956225
1.3933034
1.3918246
1.3910921
1.3838978
1.3839241
1.383971
1.3840601
1.3841813
1.3843874
1.3847014
1.3851519
1.3859067
1.3874094
1.3894939
1.3923189
1.3972628
1.4065149
1.4240589
1.4509905
1.4958438
1.5723197
1.6958773
1.8409369
4.4730112
1.77989
1.8750843
1.7713322
1.6805909
1.6181402
1.5747736
1.543325
1.5200942
1.4978112
1.4632925
1.4355319
1.4202875
1.4100266
1.4026109
1.3973194
1.3937921
1.391449
1.3899507
1.389212
1.381759
1.3817856
1.3818334
1.3819238
1.3820468
1.3822556
1.3825732
1.3830299
1.383793
1.3853038
1.3873979
1.3902544
1.3952508
1.4046158
1.422301
1.4494955
1.4948297
1.5715789
1.6933595
1.8406714
4.0401419
1.7663402
1.8655667
1.7655656
1.6766422
1.6153212
1.57254
1.5414058
1.5182532
1.4958836
1.461396
1.4337076
1.4185129
1.4082386
1.4007997
1.3954912
1.3919428
1.3895885
1.3880744
1.3873277
1.3796279
1.379655
1.3797035
1.3797951
1.3799202
1.3801319
1.380453
1.3809164
1.3816878
1.3832072
1.3853118
1.3881975
1.3931174
1.4027163
1.4205253
1.4479466
1.4936746
1.5705655
1.6905694
1.8382108
3.6982821
1.7528899
1.8560508
1.7592699
1.6724291
1.6122505
1.5700454
1.5392585
1.5162238
1.4938065
1.4593946
1.4318143
1.4166853
1.4064125
1.3989604
1.393643
1.3900794
1.3877127
1.386193
1.3854388
1.3775043
1.3775317
1.3775811
1.3776742
1.3778012
1.3780158
1.3783407
1.3788105
1.3795907
1.3811188
1.3832341
1.3861451
1.3911352
1.4008116
1.4187285
1.4463448
1.4923966
1.569352
1.6875034
1.833259
3.4196909
1.7396245
1.8467573
1.7530122
1.668092
1.6090139
1.5673624
1.536923
1.5140419
1.4916053
1.4573041
1.4298599
1.4148088
1.4045497
1.397093
1.391774
1.3882002
1.3858252
1.384299
1.3835417
1.3753879
1.375416
1.3754661
1.3755606
1.3756896
1.3759071
1.3762359
1.376712
1.3775004
1.3790376
1.3811635
1.3841033
1.3891496
1.3988989
1.4169092
1.4446933
1.4910074
1.5679935
1.6841819
1.8257541
3.1887882
1.7265128
1.8375562
1.7466454
1.6637083
1.6056636
1.5645413
1.5344417
1.5117439
1.4893032
1.4551399
1.4278525
1.4128885
1.4026524
1.3951988
1.3898841
1.3863048
1.3839251
1.3823943
1.3816351
1.3732787
1.3733071
1.3733582
1.373454
1.3735851
1.3738054
1.374138
1.3746204
1.3754168
1.3769627
1.3790985
1.3821468
1.3871628
1.3969771
1.4150673
1.4429982
1.4895187
1.5665228
1.6806386
1.8158463
2.9946128
1.7135226
1.8284393
1.7404606
1.6593194
1.6022305
1.5616158
1.5318587
1.5093616
1.4869212
1.4529148
1.4257984
1.4109286
1.4007226
1.3932786
1.3879732
1.3843925
1.3820111
1.3804776
1.3797175
1.3711765
1.3712053
1.3712571
1.3713543
1.3714875
1.3717105
1.3720467
1.372535
1.3733389
1.3748933
1.3770381
1.3801373
1.3851743
1.3950464
1.4132042
1.4412656
1.4879443
1.5649378
1.6768846
1.8037258
2.8292115
1.7006803
1.8194091
1.7344392
1.6549429
1.5987483
1.5586265
1.5292036
1.5069172
1.484477
1.4506408
1.4237049
1.4089341
1.398763
1.3913343
1.3860422
1.3824636
1.3800831
1.3785486
1.3777884
1.3690809
1.36911
1.3691627
1.3692612
1.3693963
1.369622
1.3699616
1.3704555
1.3712663
1.3728286
1.3749817
1.3781012
1.3831838
1.3931074
1.4113224
1.4394983
1.4862968
1.5632135
1.6729175
1.7897344
2.6867788
1.6880296
1.8105123
1.728511
1.6506015
1.5952501
1.555605
1.526501
1.5044251
1.4819844
1.4483282
1.4215775
1.4069088
1.3967759
1.3893673
1.3840917
1.3805182
1.3781407
1.3766065
1.3758471
1.3669917
1.3670213
1.3670748
1.3671745
1.3673115
1.3675395
1.3678825
1.3683816
1.3691985
1.3707683
1.3729271
1.3760657
1.3811912
1.3911613
1.4094241
1.4376963
1.4845875
1.5613961
1.6687547
1.7742723
2.56308
1.675584
1.8017903
1.7226623
1.6463174
1.5917611
1.5525742
1.5237698
1.5018955
1.4794546
1.4459858
1.4194228
1.404857
1.3947643
1.3873799
1.382123
1.3785571
1.3761845
1.3746517
1.3738937
1.3649088
1.3649388
1.3649931
1.3650939
1.3652328
1.3654629
1.3658088
1.3663127
1.3671352
1.3687117
1.3708764
1.3740292
1.3791964
1.389209
1.407511
1.4358612
1.4828271
1.5594994
1.6644035
1.7577098
2.4549142
1.6633382
1.7932663
1.7168807
1.6421109
1.5882937
1.5495454
1.5210239
1.4993364
1.4768963
1.4436212
1.4172454
1.4027821
1.3927308
1.3853735
1.3801371
1.3765809
1.3742146
1.3726843
1.3719282
1.3628321
1.3628623
1.3629174
1.3630193
1.3631597
1.363392
1.3637406
1.3642488
1.3650761
1.3666586
1.3688287
1.3719927
1.3771991
1.3872513
1.405585
1.433997
1.4810259
1.5575199
1.6598576
1.740377
2.3596983
1.651296
1.7849348
1.7112128
1.6379575
1.5848467
1.5465225
1.5182734
1.4967558
1.4743171
1.4412408
1.4150505
1.4006878
1.3906783
1.3833504
1.3781356
1.3745909
1.3722318
1.3707049
1.3699511
1.3607612
1.3607919
1.3608476
1.3609503
1.3610925
1.3613265
1.3616774
1.3621892
1.3630208
1.3646087
1.3667834
1.3699568
1.3751989
1.3852889
1.4036484
1.4321092
1.4791931
1.5554684
1.6551071
1.7225452
2.2753247
1.6394739
1.7767824
1.7056206
1.6338332
1.5814184
1.5435075
1.5155263
1.4941615
1.4717241
1.4388499
1.4128418
1.3985768
1.3886093
1.3813121
1.3761197
1.3725876
1.3702368
1.3687138
1.3679628
1.3586963
1.3587272
1.3587835
1.3588871
1.3590305
1.3592663
1.359619
1.3601344
1.3609694
1.362562
1.3647408
1.3679207
1.373196
1.3833226
1.4017036
1.4302027
1.477336
1.5533529
1.65015
1.7044141
2.200123
1.6278867
1.7687957
1.7001187
1.629744
1.5780123
1.5405031
1.5127888
1.4915605
1.4691236
1.436453
1.4106228
1.3964521
1.3865264
1.379261
1.3740911
1.3705728
1.3682307
1.3667122
1.365964
1.3566369
1.356668
1.3567251
1.3568294
1.3569739
1.357211
1.3575653
1.3580836
1.3589214
1.3605181
1.3626994
1.365886
1.3711906
1.3813531
1.399753
1.4282811
1.4754587
1.5511778
1.6449951
1.6861463
2.1327686
1.6165302
1.7609719
1.6947064
1.6256974
1.5746306
1.5375128
1.5100649
1.4889581
1.4665212
1.4340539
1.4083962
1.394316
1.3844318
1.3771983
1.3720511
1.368547
1.3662142
1.3647006
1.3639555
1.3545832
1.3546146
1.354672
1.3547769
1.3549224
1.3551608
1.3555165
1.3560372
1.3568773
1.3584775
1.3606595
1.3638508
1.3691832
1.3793814
1.3977979
1.4263475
1.4735624
1.5489459
1.639659
1.6678686
2.0721918
1.6053961
1.7533005
1.6893863
1.6216882
1.5712722
1.5345405
1.5073571
1.4863581
1.4639215
1.4316555
1.4061644
1.3921711
1.3823277
1.375126
1.3700014
1.3665119
1.3641885
1.3626801
1.3619381
1.3525348
1.3525663
1.3526241
1.3527295
1.352876
1.3531152
1.353472
1.3539947
1.3548365
1.3564394
1.3586217
1.3617247
1.3671743
1.3774079
1.3958388
1.4244045
1.4716473
1.5466603
1.6341614
1.649721
2.0175031
1.5944766
1.7457515
1.6841567
1.6177185
1.5679394
1.5315899
1.5046667
1.4837633
1.4613281
1.4292603
1.4039294
1.390019
1.3802157
1.3730455
1.3679431
1.3644683
1.3621545
1.3606514
1.3599127
1.3504918
1.3505233
1.3505815
1.3506874
1.3508344
1.3510745
1.3514322
1.3519566
1.3527994
1.354404
1.3565861
1.3597036
1.3651644
1.3754329
1.3938761
1.4224542
1.469714
1.5443263
1.6285231
1.6318119
1.9679464
1.583741
1.7383208
1.6790456
1.6138018
1.5646358
1.5286643
1.5019945
1.4811755
1.4587435
1.4268701
1.4016927
1.3878618
1.3780977
1.3709585
1.3658777
1.3624176
1.3601133
1.3586158
1.3578802
1.3484538
1.3484856
1.348544
1.3486502
1.3487977
1.3490385
1.3493966
1.3499223
1.350766
1.3523717
1.3545533
1.3576796
1.3631539
1.3734563
1.3919101
1.420499
1.4677641
1.5419495
1.6227648
1.6142764
1.9228344
1.5731576
1.7310059
1.673965
1.6099392
1.5613621
1.5257658
1.4993415
1.4785968
1.4561693
1.4244863
1.3994557
1.3857008
1.375975
1.3688659
1.3638063
1.3603606
1.3580658
1.3565738
1.3558414
1.3464212
1.3464529
1.3465117
1.3466182
1.3467662
1.3470072
1.3473655
1.3478923
1.3487367
1.3503427
1.3525231
1.3556548
1.3611386
1.3714782
1.3899413
1.4185406
1.4657997
1.5395341
1.6169055
1.5972338
1.8815496
1.5626991
1.7238051
1.6689355
1.6061072
1.5581195
1.5228963
1.4967086
1.4760295
1.4536069
1.42211
1.3972195
1.3835377
1.3738491
1.3667694
1.3617302
1.3582986
1.3560132
1.3545267
1.3537974
1.3443936
1.3444254
1.3444842
1.3445909
1.3447391
1.3449804
1.3453388
1.3458663
1.3467107
1.3483169
1.3504954
1.3536314
1.3589942
1.3694984
1.38797
1.4165802
1.4638225
1.5370832
1.6109612
1.5807928
1.8435984
1.5523415
1.7167122
1.6639841
1.6023098
1.5549148
1.5200578
1.4940967
1.4734757
1.4510579
1.4197421
1.3949856
1.3813732
1.371721
1.3646698
1.3596503
1.3562323
1.353956
1.3524749
1.3517487
1.342371
1.342403
1.3424619
1.3425687
1.3427173
1.3429584
1.3433167
1.3438444
1.3446888
1.3462945
1.3484708
1.3516097
1.3569868
1.3675157
1.3859966
1.4146183
1.4618339
1.5345992
1.6049453
1.5650242
1.8085708
1.5421007
1.7097197
1.6591117
1.5985621
1.5517524
1.5172509
1.4915058
1.4709371
1.4485238
1.4173833
1.3927544
1.3792088
1.3695919
1.3625683
1.3575677
1.3541629
1.3518954
1.3504198
1.3496964
1.3403536
1.3403855
1.3404445
1.3405512
1.3406999
1.3409409
1.3412989
1.3418267
1.3426708
1.3442757
1.3464491
1.3495903
1.3549814
1.3653063
1.3840212
1.412655
1.459835
1.5320852
1.5988694
1.549959
1.7761614
1.5319977
1.7028204
1.6543458
1.594862
1.5486295
1.5144745
1.488935
1.4684147
1.4460057
1.415034
1.3905275
1.3770451
1.3674625
1.3604655
1.3554831
1.3520909
1.349832
1.3483616
1.3476411
1.3383413
1.3383731
1.338432
1.3385388
1.3386873
1.3389284
1.3392859
1.3398135
1.3406568
1.3422604
1.3444307
1.3475737
1.3529773
1.3633193
1.3820355
1.4106898
1.4578268
1.5295446
1.5927433
1.5356052
1.746113
1.522022
1.6959985
1.6496137
1.5912166
1.5455434
1.5117259
1.4863825
1.4659086
1.4435045
1.4126946
1.3883048
1.3748831
1.3653339
1.3583626
1.3533976
1.3500174
1.3477668
1.3463015
1.3455836
1.3363338
1.3363657
1.3364246
1.3365311
1.3366796
1.3369202
1.3372773
1.3378048
1.3386472
1.3402493
1.3424156
1.3455602
1.3509756
1.3613417
1.3797218
1.4087221
1.4558098
1.5269812
1.5865754
1.5219729
1.7181855
1.5121626
1.6892491
1.6449329
1.5876021
1.5424967
1.5090024
1.4838462
1.4634182
1.4410206
1.4103655
1.3860881
1.3727234
1.3632066
1.3562601
1.3513117
1.3479429
1.3457001
1.3442398
1.3435245
1.3343315
1.3343633
1.3344222
1.3345285
1.3346767
1.334917
1.3352733
1.3358004
1.336642
1.3382422
1.3404044
1.3435498
1.348976
1.3593637
1.3777474
1.4063081
1.4537845
1.5243974
1.5803728
1.5090805
1.6921608
1.50242
1.6825812
1.640303
1.5840118
1.53949
1.5063007
1.4813244
1.460943
1.4385538
1.4080469
1.3838767
1.3705667
1.3610815
1.3541587
1.3492263
1.3458683
1.3436331
1.3421776
1.3414646
1.3323342
1.332366
1.3324248
1.3325306
1.3326785
1.3329184
1.3332739
1.3338003
1.3346409
1.336239
1.3383972
1.3415431
1.3469794
1.3573863
1.3757725
1.4043235
1.4510932
1.5217845
1.5741414
1.4969526
1.6678317
1.4928
1.6759817
1.6357273
1.5804617
1.5365116
1.5036178
1.4788159
1.4584826
1.4361038
1.405739
1.3816723
1.3684134
1.358959
1.352059
1.3471417
1.3437939
1.3415658
1.340115
1.3394044
1.3303419
1.3303738
1.3304324
1.3305378
1.3306855
1.3309247
1.3312792
1.331805
1.3326445
1.3342401
1.3363941
1.3395407
1.3449861
1.35541
1.3737971
1.40236
1.4490658
1.5184514
1.5679438
1.4857032
1.6442547
1.4833073
1.6694601
1.6311881
1.5769478
1.533557
1.5009521
1.4763208
1.4560371
1.4336705
1.403442
1.3794738
1.3662643
1.3568398
1.3499616
1.3450588
1.3417206
1.3394993
1.3380529
1.3373444
1.3283547
1.3283865
1.3284448
1.32855
1.3286972
1.3289358
1.3292894
1.3298143
1.3306525
1.3322456
1.3343952
1.3375422
1.3429964
1.3534355
1.3718218
1.4003948
1.4470352
1.515841
1.5617444
1.4732161
1.6224962
1.4721046
1.6630256
1.6267122
1.5734754
1.5306288
1.4983036
1.4738393
1.4536065
1.4312538
1.4011562
1.3772832
1.3641196
1.3547243
1.3478668
1.3429778
1.3396487
1.3374337
1.3359916
1.3352851
1.3263727
1.3264042
1.3264625
1.3265672
1.326714
1.3269518
1.3273044
1.3278285
1.3286653
1.3302558
1.3324011
1.3355483
1.3410104
1.351463
1.3698474
1.3984286
1.4449972
1.5132128
1.5554878
1.4633485
1.6015946
1.4629
1.6566669
1.6223089
1.5700326
1.527727
1.4956722
1.4713718
1.4511907
1.4288535
1.3988817
1.3750988
1.3619797
1.3526129
1.3457752
1.3408994
1.3375787
1.3353697
1.3339317
1.3332271
1.3243956
1.3244271
1.3244853
1.3245896
1.3247356
1.3249727
1.3253243
1.3258474
1.326683
1.3282709
1.3304116
1.333559
1.3390286
1.3494931
1.3678743
1.3964623
1.4429531
1.5105672
1.5492156
1.4544355
1.5809945
1.4538255
1.6503877
1.6179809
1.5666114
1.5248491
1.4930575
1.4689183
1.4487895
1.4264693
1.3966187
1.3729227
1.3598451
1.3505059
1.3436871
1.3388237
1.335511
1.3333076
1.3318734
1.3311707
1.3224238
1.3224552
1.322513
1.3226171
1.3227626
1.3229987
1.3233491
1.3238715
1.3247058
1.3262907
1.3284269
1.3315749
1.3370516
1.3475267
1.3659038
1.3944962
1.4409027
1.5079035
1.5429289
1.4465106
1.5608604
1.4448909
1.6441694
1.6137129
1.5632092
1.5219942
1.4904594
1.4664789
1.4464023
1.4241007
1.3943674
1.370753
1.357716
1.3484038
1.3416029
1.3367514
1.333446
1.3312479
1.3298175
1.3291164
1.3204571
1.3204882
1.3205459
1.3206495
1.3207946
1.32103
1.3213793
1.3219004
1.3227333
1.3243153
1.3264472
1.329596
1.3350794
1.3455638
1.3639357
1.3925322
1.4388471
1.5052217
1.5366304
1.4394102
1.5413857
1.4360919
1.6380155
1.6094911
1.559822
1.5191626
1.4878783
1.4640536
1.4440288
1.4217469
1.3921279
1.3685921
1.3555927
1.3463067
1.3395228
1.3346826
1.3313841
1.3291907
1.3277638
1.3270643
1.3184957
1.3185266
1.318584
1.3186871
1.3188316
1.3190662
1.3194143
1.3199344
1.3207659
1.3223451
1.3244727
1.3276222
1.3331121
1.3436054
1.3619715
1.3905703
1.4367866
1.5025235
1.5303241
1.4328298
1.5224238
1.4274262
1.6319202
1.6053113
1.5564531
1.5163542
1.4853153
1.461643
1.4416688
1.4194072
1.3899004
1.3664375
1.3534755
1.3442149
1.3374471
1.3326177
1.3293255
1.3271367
1.3257131
1.325015
1.3165392
1.3165701
1.3166273
1.3167297
1.3168737
1.3171073
1.3174543
1.3179735
1.3188036
1.3203798
1.3225035
1.325654
1.3311506
1.3416516
1.3600109
1.3886116
1.4347236
1.4998097
1.52401
1.4267593
1.5038156
1.4188913
1.6259026
1.6011785
1.5531174
1.5135673
1.4827711
1.4592475
1.4393224
1.417081
1.3876849
1.3642923
1.3513646
1.3421287
1.335376
1.3305568
1.3272705
1.3250858
1.3236653
1.3229686
1.3145882
1.3146189
1.3146757
1.3147777
1.314921
1.3151538
1.3154997
1.3160178
1.3168465
1.3184197
1.3205395
1.3236917
1.3291941
1.3397027
1.3580552
1.3866568
1.4326591
1.4970827
1.5176895
1.4211776
1.4856777
1.4104969
1.6199524
1.5970978
1.5498125
1.510799
1.4802462
1.4568678
1.4369898
1.4147678
1.3854814
1.3621535
1.3492603
1.3400482
1.3333099
1.3285003
1.3252195
1.3230386
1.3216211
1.3209256
1.3126424
1.3126728
1.3127294
1.3128309
1.3129735
1.3132054
1.3135501
1.3140672
1.3148948
1.3164652
1.3185809
1.3217347
1.3272438
1.3377594
1.3561048
1.3847065
1.430594
1.4943423
1.511367
1.4160651
1.4679763
1.4022323
1.6140743
1.5930395
1.5465336
1.5080496
1.4777406
1.4545044
1.4346712
1.4124673
1.38329
1.3600243
1.3471627
1.3379736
1.3312487
1.3264482
1.3231724
1.320995
1.3195802
1.3188859
1.310702
1.3107322
1.3107884
1.3108894
1.3110314
1.3112623
1.311606
1.3121219
1.3129484
1.3145157
1.3166277
1.3197832
1.3252993
1.335822
1.3541598
1.3827608
1.4285301
1.4915915
1.505039
1.4113985
1.4503489
1.3941033
1.6082633
1.5890141
1.5432699
1.5053212
1.4752545
1.4521575
1.4323669
1.4101792
1.3811105
1.3579017
1.3450721
1.335905
1.3291928
1.3244009
1.3211298
1.3189554
1.3175433
1.31685
1.3087666
1.3087968
1.3088527
1.3089531
1.3090945
1.3093245
1.309667
1.310182
1.3110077
1.3125719
1.3146801
1.3178375
1.3233607
1.3338908
1.3522207
1.3808196
1.4264667
1.4888296
1.4987127
1.4071556
1.4326913
1.3861141
1.6025132
1.5850227
1.5400337
1.5026138
1.4727871
1.4498271
1.4300768
1.4079033
1.3789428
1.3557892
1.3429885
1.3338426
1.3271422
1.3223584
1.3190915
1.31692
1.3155102
1.314818
1.3068368
1.3068668
1.3069224
1.3070222
1.307163
1.307392
1.3077335
1.3082477
1.3090722
1.3106333
1.3127381
1.3158975
1.3214281
1.3319656
1.3502877
1.3788825
1.4244045
1.4860586
1.492384
1.4033132
1.4150608
1.3782453
1.5968266
1.5810656
1.5368415
1.4999226
1.470337
1.4475129
1.4278008
1.4056391
1.3767866
1.3536832
1.3409121
1.3317864
1.3250971
1.3203209
1.3170579
1.3148889
1.3134815
1.3127901
1.3049123
1.304942
1.3049973
1.3050966
1.3052367
1.3054649
1.3058053
1.3063186
1.3071423
1.3087003
1.3108015
1.3139634
1.3195016
1.3300467
1.348361
1.3769499
1.4223443
1.483279
1.4860615
1.3998417
1.3974487
1.3704981
1.5912062
1.5771296
1.5336791
1.4972445
1.4679028
1.4452143
1.4255385
1.4033863
1.3746414
1.3515877
1.338843
1.3297366
1.3230576
1.3182884
1.315029
1.3128623
1.3114569
1.3107663
1.3029933
1.3030228
1.3030777
1.3031765
1.3033158
1.3035433
1.3038827
1.3043952
1.3052176
1.3067726
1.3088705
1.3120353
1.3175814
1.3281345
1.3464409
1.3750214
1.4202858
1.4804929
1.4797428
1.3967194
1.3800644
1.3628794
1.5856371
1.5732075
1.5305401
1.4945806
1.4654841
1.4429307
1.4232897
1.4011447
1.3725069
1.3494989
1.3367813
1.3276931
1.3210237
1.3162612
1.3130051
1.3108403
1.3094369
1.308747
1.3010794
1.3011088
1.3011635
1.3012616
1.3014003
1.3016268
1.3019654
1.302477
1.3032989
1.3048507
1.3069451
1.3101131
1.3156677
1.3262287
1.3445273
1.3730971
1.4182299
1.4777013
1.4734331
1.3939384
1.3632524
1.355361
1.5801062
1.5692841
1.5274187
1.4919329
1.4630814
1.4406619
1.4210538
1.3989138
1.3703826
1.3474211
1.3347272
1.3256562
1.3189956
1.3142392
1.3109861
1.308823
1.3074213
1.3067321
1.2991712
1.2992004
1.2992546
1.2993522
1.2994904
1.2997162
1.3000537
1.3005645
1.3013855
1.3029344
1.3050256
1.3081968
1.3137604
1.3243296
1.3426202
1.3711777
1.4161763
1.4749061
1.4671324
1.3915079
1.3470469
1.3479212
1.5746175
1.5653805
1.5243139
1.489304
1.4606956
1.4384072
1.4188304
1.3966937
1.3682681
1.3453498
1.3326806
1.3236257
1.3169734
1.3122226
1.3089722
1.3068107
1.3054106
1.304722
1.2972682
1.2972972
1.2973512
1.2974483
1.2975858
1.2978108
1.2981474
1.2986574
1.299478
1.3010239
1.3031119
1.3062865
1.3118594
1.322437
1.3407197
1.3692627
1.4141254
1.4721077
1.4608433
1.3894424
1.3313873
1.3405599
1.5691744
1.5615003
1.5212269
1.4866954
1.4583275
1.4361664
1.416619
1.3944843
1.3661628
1.3432901
1.3306417
1.3216018
1.3149571
1.3102115
1.3069635
1.3048031
1.3034045
1.3027164
1.2953709
1.2953996
1.2954533
1.2955497
1.2956868
1.2959109
1.2962467
1.296756
1.2975758
1.2991189
1.3012042
1.3043824
1.3099648
1.3205509
1.3388255
1.3673527
1.4120777
1.4693081
1.4545633
1.3877493
1.3161813
1.333274
1.5637788
1.5576437
1.5181587
1.4841077
1.4559776
1.4339389
1.4144192
1.3922859
1.3640666
1.3412368
1.3286105
1.3195845
1.3129467
1.3082059
1.3049601
1.3028008
1.3014034
1.3007158
1.2934787
1.2935074
1.2935608
1.2936567
1.2937933
1.2940166
1.2943515
1.2948602
1.2956797
1.2972195
1.2993022
1.3024844
1.3080766
1.3186709
1.3369374
1.3654473
1.4100316
1.4665061
1.4482953
1.386423
1.3013606
1.3260828
1.5584286
1.5538092
1.5151094
1.4815404
1.453646
1.4317237
1.4122305
1.3900987
1.3619789
1.3391954
1.3265871
1.3175738
1.3109424
1.3062059
1.302962
1.3008034
1.2994072
1.29872
1.2915923
1.2916208
1.2916738
1.2917692
1.2919053
1.2921278
1.2924619
1.2929701
1.2937891
1.2953261
1.2974061
1.3005926
1.3061948
1.3167971
1.335055
1.3635462
1.4079882
1.4637026
1.4420355
1.3854369
1.2869558
1.3189886
1.5531204
1.5499946
1.5120782
1.4789923
1.4513319
1.4295201
1.4100524
1.3879232
1.3598995
1.3371604
1.3245716
1.3155697
1.3089442
1.3042116
1.3009694
1.2988114
1.2974162
1.2967293
1.2897113
1.2897395
1.2897922
1.2898871
1.2900226
1.2902444
1.2905778
1.2910855
1.2919046
1.2934384
1.2955161
1.2987071
1.3043194
1.3149294
1.3331784
1.3616492
1.4059462
1.4608961
1.4357899
1.3847498
1.2730444
1.3119957
1.5478503
1.5461992
1.5090645
1.4764614
1.4490341
1.4273268
1.4078845
1.3857595
1.3578281
1.3351377
1.322564
1.3135724
1.3069522
1.3022229
1.2989821
1.2968245
1.2954302
1.2947436
1.2878358
1.2878638
1.2879163
1.2880108
1.2881458
1.2883667
1.2886994
1.2892069
1.2900253
1.2915564
1.2936322
1.2968275
1.3024505
1.3130678
1.3313074
1.3597568
1.4039052
1.4580866
1.4295579
1.3843146
1.2596976
1.3050975
1.5426147
1.5424225
1.5060693
1.4739455
1.4467506
1.4251428
1.4057263
1.3836077
1.3557645
1.3331211
1.3205642
1.3115817
1.3049663
1.30024
1.2970005
1.294843
1.2934495
1.2927631
1.2859656
1.2859934
1.2860456
1.2861396
1.2862742
1.2864944
1.2868265
1.2873338
1.2881526
1.2896804
1.2917545
1.2949542
1.3005878
1.3112121
1.3294419
1.3578692
1.4018661
1.4552738
1.4233444
1.3840906
1.2469308
1.298291
1.537413
1.5386628
1.5030949
1.4714415
1.4444798
1.422967
1.4035774
1.3814679
1.3537084
1.3311173
1.3185724
1.3095976
1.3029865
1.2982628
1.2950242
1.2928667
1.2914737
1.2907875
1.2841023
1.2841301
1.284182
1.2842754
1.2844095
1.2846291
1.2849605
1.2854675
1.2862857
1.2878101
1.289883
1.2930871
1.2987313
1.3093624
1.3275822
1.3559866
1.3998293
1.4524582
1.4171494
1.3840465
1.2347532
1.2915714
1.5322463
1.5349191
1.5001428
1.468947
1.44222
1.4207988
1.4014376
1.3793398
1.3516597
1.3291199
1.3165895
1.3076216
1.3010144
1.296293
1.2930552
1.2908976
1.2895052
1.288819
1.2822497
1.2822786
1.2823322
1.2824277
1.2825621
1.2827815
1.2831129
1.28362
1.2844391
1.2859465
1.2880179
1.2912261
1.296881
1.307519
1.3257286
1.3541097
1.3977947
1.44964
1.4109803
1.3841713
1.2232183
1.2849211
1.5271149
1.5311942
1.4972131
1.4664613
1.4399701
1.4186379
1.3993068
1.3772232
1.3496187
1.3271499
1.3146276
1.3056649
1.2990608
1.2943408
1.2911034
1.2889453
1.2875531
1.2868597
1.6353576
1.8037215
1.7007696
1.6945169
1.830651
1.6600022
1.8637219
2.0005945
1.6549384
1.7298057
1.8835214
2.0340003
1.7169374
2.1772652
1.7564657
1.8232865
2.0504232
2.1476747
1.765117
1.8423157
1.8777359
2.1469625
1.8005391
1.8863726
1.9107714
1.8248363
1.9165357
1.9291043
1.8402385
1.9322128
1.9384686
1.8439386
2.0974792
1.9399393
1.9433101
2.0322939
1.8499648
2.1001312
1.8301362
1.9440039
1.9445707
1.723565
1.847021
1.9510711
1.7130706
1.944215
1.9419089
1.6902672
1.8403723
1.7049184
1.7083534
1.9409125
1.9380834
1.74118
1.8313429
1.7001634
1.667653
1.9372369
1.9351744
1.7395771
1.8238099
1.6662568
1.6651803
1.9346539
1.9331698
1.7463293
1.8163334
1.6660576
1.6928195
1.8117985
1.6861974
1.6754124
1.8113202
1.6739205
1.6764164
1.8160913
1.6795405
1.6887523
24.205106
1.8316328
1.692508
1.7267158
25.999576
1.5980227
1.6372356
1.7470323
1.8180634
1.8175099
1.7296353
1.8030766
2.1973696
2.1121881
1.9471239
1.9853719
2.1820945
2.0519893
2.0722517
2.0781137
2.0664773
2.0457896
2.0281623
2.0065591
1.9957983
1.9782429
1.9360126
2.1048494
1.9148745
1.9093335
1.7971481
1.8963005
1.8928324
1.7015289
1.8848203
1.8830312
1.688643
1.9329142
1.9323145
1.7595449
13.678312
10.094461
1.9323341
1.932954
1.7779322
6.0604129
4.4463513
1.9332916
1.9344957
1.7986106
4.5018131
3.812214
3.0667507
2.7704648
1.9164341
1.6876606
1.7093938
2.3373234
2.2225725
2.3715282
1.867475
2.242571
1.8697777
1.9343704
1.940814
1.8058612
1.7778098
1.8537126
1.8326709
1.9642352
2.1208288
2.0027228
2.0372827
2.1084056
1.8920736
1.8751811
1.9227133
1.9095598
2.1169158
2.1806753
2.0751465
2.0770557
1.9441971
1.935758
1.9448901
1.9425556
2.064303
2.0496189
1.9491021
1.9445137
1.9519822
1.9491912
2.0240295
2.0103742
1.9492338
1.9516719
1.942346
1.9476733
1.99211
1.9818378
1.9298106
1.9383517
1.9168843
1.9266636
2.1171372
1.9282247
1.921199
1.8998323
1.9135509
1.8818877
1.8947153
2.1121679
2.0842969
1.7851754
1.904313
1.9000669
1.8645799
1.8772916
1.8469191
1.859904
1.8090581
1.7958711
1.6973837
1.8896908
1.8870053
1.8299528
1.8424286
1.8132036
1.8253285
1.6690291
1.6653262
1.6888432
1.8814712
1.8803513
1.8034392
1.8096869
1.7897146
1.8004452
1.6811669
1.6764251
1.7740916
1.7855407
1.7587709
1.7700423
1.6638711
1.6637127
1.7504709
1.7551938
1.7423858
1.749543
1.711884
17.611925
8.1785893
18.292436
1.7011471
13.931328
1.7317956
1.7396023
1.7285704
1.7304114
1.6814219
4.3197507
7.8349125
3.4690527
4.0796115
1.6776391
9.4414357
6.4260817
1.7204546
1.7270003
1.7193212
1.7188086
1.6737696
2.8776103
3.2969141
5.7962803
4.7921352
1.7202326
1.7199097
1.7251394
1.7211523
3.6338169
3.1882164
1.7283194
1.7265422
1.6118227
1.6656132
1.6076857
2.2900444
2.0853003
2.1575582
2.1880166
2.187987
2.2246515
2.2072372
1.6739019
1.6940598
1.8147656
2.0988971
2.0763298
1.7012803
1.71961
1.8404891
1.9789969
1.9570313
1.7649675
1.7772278
1.6386981
1.8995571
1.9014757
1.833119
1.8938928
1.8835132
1.78011
1.7855593
1.6475099
1.9014134
1.9021086
1.8450145
1.858048
1.8502571
1.7878803
1.7947566
1.6544758
1.8974681
1.8953389
1.848853
1.7958645
1.7926516
1.8588521
1.7959295
1.7981993
1.6589888
1.8857886
1.8822221
1.8491118
1.7865101
1.7871987
1.711689
1.7986253
1.7986727
1.661914
1.870897
1.86709
1.8441199
1.7980541
1.7964462
1.6639555
1.8543514
1.8500415
1.8355947
1.8796521
1.8793295
1.7388388
1.7961316
1.7954057
1.665962
1.8380321
1.8339838
1.827702
1.8806154
1.8815064
1.7422853
1.795008
1.7940798
1.6679073
1.8213041
1.8174507
1.8196943
27.295958
20.020987
1.9350866
1.9369457
1.8214045
11.587639
10.097948
13.51241
11.221059
1.8383602
1.7295586
1.7258797
12.379858
1.6625607
1.6898357
1.7677063
1.7451699
1.7141574
1.786753
2.1497765
2.2250015
1.9630111
2.1233829
2.2487238
2.4012343
2.105664
2.1481987
2.158128
2.2353547
2.2269014
2.0682041
1.9771846
1.9626713
2.0364703
2.0271011
2.1261785
2.1830237
1.9772285
1.9704205
1.8679007
2.1309409
2.1071587
2.1388661
2.0443874
2.0401104
2.0394515
2.0437366
1.8954088
1.9918611
1.9850045
2.0015743
1.9973945
1.9036887
2.0088316
1.986604
2.0321654
2.0367319
2.001718
2.0096414
1.9180835
1.8997406
1.987316
1.9983649
1.9539551
1.9559253
1.8368759
1.903848
1.9031745
1.859458
1.8587457
1.9332592
1.9488453
1.8720212
1.8894485
1.8440756
1.9005819
1.8988835
2.2482131
1.7989088
1.7980426
1.8536485
1.8696358
1.903114
1.9270524
1.8496503
1.8922358
1.8891857
2.3961501
1.997133
1.7473547
1.786452
1.7870502
1.8923956
1.8995268
1.882875
1.8879408
1.8481009
1.8784646
1.8746436
1.8781394
1.7397086
1.8676732
1.8808793
2.0171604
1.9726453
1.8423914
1.8630775
1.8588194
1.6860115
7.7929095
6.0588673
1.7180027
1.9586989
2.0225613
1.8474687
1.8296466
1.8333254
1.8459561
1.8420268
1.6929287
5.0893891
7.6896455
2.164327
2.7373055
1.6697955
1.7388855
1.8794389
1.8798737
1.8795986
1.8518065
2.7102676
2.6712618
1.8258112
1.8297363
1.8255619
1.6649273
2.0519993
2.1022764
2.7434584
2.7239913
2.4238773
2.3827116
1.8179275
1.8137709
1.8106795
2.4651734
2.4334485
2.1878652
2.2552207
2.1793656
2.1808987
2.0298543
2.1326099
2.1986197
2.2729729
1.6751776
26.701796
2.0115274
2.0103335
1.932861
1.9613509
1.6819817
2.0749688
2.1320315
1.9805527
2.0246124
1.6860331
14.319406
12.088319
1.9832206
1.9299828
2.2335979
2.2299673
2.7800398
5.2039063
2.3861635
1.8645459
1.7947202
2.0874887
1.9187468
2.0144267
1.8899193
1.9500908
2.3713884
2.0879807
2.1962739
2.2166384
2.1883352
2.1999414
2.1732386
2.073211
2.0764268
2.082479
2.0618719
2.0689223
2.0724717
2.0684433
2.0463515
1.949719
1.9392181
1.8837951
1.8788931
1.8146078
1.8127381
1.8469233
1.7899258
1.7899086
1.706926
1.7876924
1.787737
10.014531
9.6780989
5.2905288
5.040163
4.2422433
13.298996
15.69805
10.806079
12.727485
4.0144267
19.730635
15.407126
9.7396109
8.6709081
1.7705993
1.7517317
2.0560219
2.2306243
2.2384589
1.9778692
2.087081
1.9130709
2.2820693
2.1513285
2.369714
2.2949097
2.0052557
2.0592814
2.3815386
2.148412
2.2268944
2.2363164
2.0010534
1.9894825
2.0865087
2.1274062
2.0198822
2.0116497
2.1840096
2.1643773
2.1394012
2.0785029
2.1002634
2.1058971
2.0888255
2.0942687
2.0800974
2.0490296
2.0484186
2.1397138
2.0453459
2.0480649
2.0386638
2.0164357
2.058707
2.0457299
2.0535123
2.0238342
2.0308938
2.0126335
2.02103
1.9382114
1.9239756
1.9724493
1.9836641
1.9500376
1.9629075
1.9594235
1.9443157
1.9477921
1.9430514
1.9556829
1.9514835
1.9460505
1.9577474
1.9687488
1.8750681
1.8624714
1.9123612
1.9280096
1.9328097
1.9291129
1.9213984
1.9376154
1.9320001
1.9352873
1.9197244
1.9063944
1.8969594
1.9186227
1.909471
1.9231171
1.8920017
1.9097476
1.809273
1.803624
2.2366049
1.9539879
1.8518617
1.9047657
1.8791703
1.8795754
1.8938576
1.8838026
1.9097383
1.8858548
1.8597443
1.8467911
1.8765115
1.8640902
1.8904802
1.9302536
1.9520497
2.4317642
2.0127288
1.7882797
1.7870245
1.7569706
1.8905988
1.8918653
1.8687179
1.8262703
1.8139967
1.8425023
1.8303252
1.8733674
1.8510411
1.7932191
1.7807763
1.8098469
1.7973914
1.8556824
1.8887578
1.8900845
1.8505276
1.7505963
1.9137182
1.8654968
1.8339461
1.7603551
1.7502417
1.7766446
1.7642666
1.8385248
1.816716
1.7334544
1.722869
1.7469061
1.7368527
1.8212331
1.9667572
1.9198503
1.6808875
1.7287707
5.8840851
1.8429255
1.9200199
1.8057216
1.7144157
1.7105045
1.7193617
1.7135464
1.8076239
1.7932315
1.6955453
1.6873776
1.7078368
1.6986388
1.7970144
1.8313322
1.8404062
3.3329324
3.9316208
1.6861816
8.2294444
5.8655538
7.9145915
4.2189183
4.9080453
5.6629961
4.5021641
1.6728145
2.8615324
3.2061811
1.8927567
1.8823748
1.7776737
1.6753713
1.667123
1.6849924
1.6778587
1.7818442
1.7620407
1.6649702
1.6628194
1.664959
1.665088
1.7661124
2.6588843
2.6254663
3.7659478
3.2361011
4.536009
3.9272626
2.7003421
2.4746942
3.1326322
2.7897229
2.4968213
2.7457282
1.7508658
1.6676585
1.668021
1.6626631
1.6702126
1.752685
1.7451869
1.6635124
1.6620557
1.6672154
1.6652009
1.7476017
2.3757439
2.4112465
2.9737645
2.8484785
2.4003399
3.1359796
9.9249718
2.5157218
2.4236541
2.7268078
2.6163347
12.863215
19.169308
19.909173
2.4837517
2.4738766
2.3274997
2.481369
6.2445787
2.1997016
2.1404244
2.3418323
2.2674072
6.5721403
7.994419
7.4574979
2.180479
2.1782143
2.153363
2.178775
5.4384835
25.521016
16.326093
26.189444
5.1031477
2.0468431
2.0220252
1.9862365
2.042753
17.968576
14.938742
3.4674037
7.4511915
7.9540378
3.3506821
3.3334061
1.7623852
1.8296862
1.9472335
2.3058779
2.3204727
1.6410516
1.6664442
1.7591038
2.2466195
2.1876509
2.3647762
1.742652
1.7600554
1.6276712
1.8799462
1.8864262
1.8139164
1.7264237
1.7436883
1.8613161
2.1368539
2.1313235
1.7485017
1.7605654
1.8770241
1.8293595
1.8156471
1.7589741
1.7538853
1.9662218
1.7914043
1.7926426
1.6885085
1.7939732
1.793992
1.6700839
1.8074034
1.8046146
1.8138111
1.794237
1.7957042
1.6727433
1.7962562
1.7942226
1.8108965
1.7966141
1.8000098
1.676033
1.7904661
1.7912109
1.8131019
30.690003
29.693941
1.9376007
1.9417577
1.8225141
1.9526082
1.7566452
1.7468656
1.7336933
1.6849578
1.6619296
2.4273419
2.2968889
2.3043424
1.9534403
1.9375581
2.0111839
2.1688962
2.2429903
2.2465038
1.7792553
1.876084
1.8431889
1.9217266
1.9000298
1.800126
2.3618712
2.3638523
2.0988267
2.0950529
2.1344839
2.1769561
1.8550299
1.9642565
1.9478148
2.144327
2.0970634
2.0984612
2.0681403
2.0751202
2.0586642
2.0656657
2.0512677
1.8194681
1.8914265
1.8962496
1.9213136
2.0067659
2.005003
2.0077608
2.0073444
1.9254856
2.1382293
2.1394964
1.9347317
2.0060232
2.0072741
2.0002558
2.0031661
1.936804
1.8647514
1.8355563
2.2246755
1.76538
1.7627161
2.235967
1.8700682
1.9337428
2.1631971
2.2237895
1.7218147
1.6921491
1.7894458
1.7904088
1.6980431
2.0498412
2.0951177
1.8289397
1.856702
1.6643781
1.7442674
1.8826488
1.8839086
16.026293
15.044553
1.8128599
1.8015561
1.7991505
17.271576
16.339722
12.92048
16.081399
1.8110977
1.792008
1.7914109
12.589319
12.654473
8.9310588
8.8383108
28.312106
29.827091
9.1275215
8.9803864
1.6954552
1.9093056
1.9435858
1.6759197
1.6529918
1.6809762
2.4031324
2.3280289
1.7856179
1.8278302
1.8930186
2.0361394
2.0105687
1.9733191
2.3184932
2.3307327
2.1879744
2.0630849
2.1189857
2.1145825
2.1117124
2.115826
2.069869
2.0390903
2.0117817
2.0197304
1.9972384
2.0034533
2.0347468
2.1445197
2.0026702
1.9552937
1.9615624
1.9444906
1.9501988
1.9990801
1.9651556
1.9448272
1.8236928
1.8152963
1.8128262
1.7358431
1.7352605
12.68704
19.636488
11.032557
5.7750695
10.939856
11.549024
2.9525282
5.8978345
6.24197
22.675601
20.426728
2.3019143
1.9815884
2.617528
2.4567855
2.4226614
2.1184929
2.1520953
2.2591037
1.9931764
1.9282427
1.9123454
2.1770302
2.1920384
2.1330559
2.3566756
2.366036
2.0146797
2.0736888
2.062054
2.0979678
2.0826707
2.0247973
2.1293958
2.0781136
2.0712851
2.1860856
2.0918229
2.0958024
2.0854944
2.0886126
2.0287879
2.0368553
2.0554261
2.0611213
2.0644038
1.9474584
1.9767288
1.9765517
1.9695786
1.9738527
1.9469038
1.950893
1.9730593
1.9728927
1.9749632
1.9735718
1.9503211
2.0562878
2.0596034
2.129398
2.1264944
2.0183154
1.984102
1.9906429
1.9688342
1.9762715
2.0145972
1.9702725
1.9667408
1.9511386
1.9393112
1.9251201
1.9885454
1.9322737
1.9385069
1.8068649
1.7989649
2.1748377
2.3717817
2.0537413
1.7332629
1.7301025
1.7754449
3.4022499
3.1658399
1.8209183
1.7795622
3.299686
3.468308
1.78802
1.7889348
1.6952179
1.9608394
2.0037838
1.664266
12.407153
13.772533
9.4379331
7.8578532
14.364518
14.962031
1.6639001
1.8877126
1.9227377
15.256647
6.4866366
6.2518395
7.3071953
6.6283956
8.6566269
4.29112
4.1024341
5.96105
5.5728893
15.679468
17.200715
16.549404
1.733667
1.655308
1.6526939
1.6599713
1.6584155
1.73642
1.72955
1.649026
1.6467776
1.6498971
1.6495658
1.7299167
3.6509616
1.9979417
1.9598234
2.0878528
2.0410484
3.8574836
9.0316596
22.146652
20.095197
12.422563
13.133222
6.7687728
20.558885
19.802205
1.7223012
1.6360157
1.631976
1.6436848
1.6404122
1.7244698
1.7182608
1.6254692
1.6265231
1.6281882
1.6260336
1.7177711
21.461188
20.794323
1.9251531
1.8951528
3.1460868
13.179867
12.956082
1.6255677
1.6248055
1.7183835
13.273204
13.258141
6.6035063
7.0258576
3.3244547
13.969396
13.489463
2.3111111
2.174793
2.1519168
2.222438
2.2039024
2.3182149
2.3330145
2.3349204
2.1850209
2.2208887
2.3023809
2.2673166
2.3088239
2.3022849
2.2154992
2.0911686
2.326557
2.3197606
2.3307308
2.3292747
2.0832688
1.9715013
2.2818406
2.2754487
2.2755421
2.2813506
1.9640389
1.8890816
1.9050792
1.9147895
1.8862846
1.8957789
1.8848174
2.1362563
2.1198106
1.8111783
1.8533644
1.9585802
1.7485581
1.7438265
23.170764
21.350636
11.078349
19.122513
19.928361
17.43187
18.085892
10.515418
27.03832
24.423642
2.267958
2.2044614
2.0718606
2.2618627
2.0646218
2.2399079
2.1255012
2.0955287
2.1989179
2.2412979
2.2695227
2.4292395
2.2391909
2.2445443
2.1652145
2.293563
2.3638763
2.3640349
2.2351363
2.2474324
2.255927
2.2469764
2.2443867
2.2313026
2.1261481
2.0888433
2.0872438
2.1772415
2.1227007
2.3326347
2.3184874
2.3267089
2.3328222
2.1144493
2.0964706
2.0968081
2.1427098
2.0774436
2.0813575
2.0013664
2.3022671
2.3026298
2.2837666
2.2992297
1.9937461
2.0567423
2.0562986
2.0328705
2.0463202
2.0450931
2.050875
2.0486161
2.035144
2.0043155
2.0183323
2.0295041
2.0152971
2.0129981
2.0067784
2.0518661
2.0564729
2.1239262
2.136928
1.9117984
1.9873585
2.003819
1.9246064
1.9817047
1.905598
1.990985
2.0376677
2.036553
2.0321265
2.0369386
1.994727
1.9588948
2.0507072
1.9613254
1.9012231
1.8763459
1.9385071
1.9436616
1.8794032
1.8818919
1.7763733
1.7698475
2.2558382
1.8602725
1.8625722
1.9135812
1.9171818
2.2761868
1.9007204
1.8927172
1.8928099
1.8855714
1.886714
2.8977177
1.910938
3.6436411
3.3990324
3.3803387
3.5798988
1.7307085
2.2632322
2.6498178
1.8734999
1.875571
1.9988094
1.9929465
2.7412053
2.6908717
3.105215
2.7737908
7.1209225
2.3870567
2.3376018
2.4733513
2.4267158
6.8512387
2.0244965
2.0263803
1.8301997
1.8267169
5.4637041
2.1394291
2.1011629
2.27126
2.1970228
5.7911514
1.8685846
1.8652764
2.6975265
2.6841172
2.74502
2.7323948
2.4093771
12.565246
13.493378
11.222374
12.246212
2.3993347
2.4545289
14.933612
15.7538
13.789444
14.654196
2.4453257
2.1900478
10.466155
10.346709
12.057602
10.588916
2.2171405
14.721197
14.049351
18.445621
17.565355
2.1798841
10.30976
10.333671
10.329527
10.311041
2.1823793
2.0560633
6.102711
5.7615304
7.0852156
6.6623666
2.0961543
18.909129
22.202549
24.549732
24.581241
12.683927
12.585123
1.9993471
5.584555
5.5962633
5.6193456
5.5893386
2.0047412
8.9421756
9.8060101
13.589515
28.878994
29.201956
23.77115
26.634652
12.728994
13.033492
12.9116
35.841504
6.6710015
5.751508
8.4268187
15.582996
32.664619
2.0762442
1.9514899
2.270398
2.0302713
2.1571471
2.2190932
2.2881889
2.1688827
2.2487096
2.2313441
2.2592274
2.2533309
2.3310627
2.319412
2.2637067
2.2545557
2.2067593
2.19031
2.1909225
2.3126966
2.3088942
2.3152084
2.3135662
2.1819273
2.0609102
2.3078677
2.3269866
2.3216655
2.3132297
2.0531699
1.9439168
2.2481525
2.271176
2.1220466
2.2406324
1.9397429
2.0811851
1.9785516
1.8838518
1.8714779
1.8782719
1.8570212
1.8642014
1.8824703
1.8439569
1.8336352
1.7391471
1.7365926
1.8316091
11.966049
11.830521
16.679873
15.635885
19.659679
16.941538
12.339031
14.487777
14.858096
12.717397
13.87801
7.663362
7.3189513
8.5702128
8.1036606
14.73506
17.32891
16.446171
24.296838
23.520828
2.0276663
1.8450135
1.8617152
2.2774773
2.3162343
2.047468
2.7819825
2.4579244
2.2552059
2.2857274
2.321873
2.2100535
2.3296796
2.3176485
2.2721609
2.1821287
2.2177127
2.2762801
2.2616415
2.2932383
2.280609
2.1371355
2.1921176
2.2158993
2.2322737
2.2707755
2.2736298
2.2584889
2.2640395
2.2357067
2.3652971
2.3664258
2.0852327
2.0824945
2.1298968
2.187706
2.1555901
2.3147854
2.3163116
2.3141681
2.3169892
2.1469219
2.0991224
2.0994931
2.0804584
2.0840926
2.0312371
2.3112231
2.320693
2.3007211
2.3045814
2.0234721
2.0263567
2.0373702
2.0331904
2.0448813
2.0416548
2.0291904
2.0647094
2.0638645
2.0571706
2.057138
2.015503
2.0231394
2.0172498
2.0288589
2.0248854
2.0183946
1.9345167
2.0372235
2.0819549
2.0094354
2.029255
1.9299572
2.1244873
2.1174029
1.9762099
2.0389178
2.0436281
2.0351554
2.0358437
1.9798555
1.9614601
2.0392603
2.0433698
2.0442247
2.0412012
1.9652207
1.8705741
1.8423
1.8495634
1.9203303
1.9062086
1.9175865
1.9227761
1.8995647
1.9021079
2.1912346
1.7913959
1.7839972
1.9206693
1.8759045
1.9397454
1.9428775
2.4536346
2.0443923
1.8909178
1.8914593
1.8892241
1.8898416
1.8342225
3.0882209
2.8811127
2.6864208
3.0365634
1.7633575
3.2481424
3.3195529
1.8917098
1.884638
1.9462557
1.9405059
2.3249407
2.2215673
2.6597969
2.4106186
2.7027
2.5661365
2.8852111
2.8180337
1.8498095
1.8584265
1.8350047
1.8367323
3.5341182
1.9881568
1.9513367
2.0677634
2.0300264
3.7749534
8.4551071
7.8668017
6.9837907
7.1613382
3.8744769
5.1488391
5.4224336
5.3195671
1.9209012
1.8961502
3.1098695
1.8929151
1.8910934
2.6467704
2.6359995
12.414395
3.5533866
11.389174
13.698311
9.1646754
10.287262
3.3620134
4.2435861
11.257711
13.325969
11.757698
4.0585178
10.047605
9.6396428
2.628046
5.280223
5.4817129
3.0232429
6.6480197
6.9672232
5.7402272
6.1539904
2.8977555
13.978132
10.392949
2.6188096
9.320641
2.7055952
2.3598213
10.01567
10.858723
9.3227459
9.8317795
2.3812003
7.3741869
6.8293803
14.824288
8.517969
8.0656888
4.7638918
4.5322342
9.3503741
14.287985
5.220754
4.9763422
17.228006
18.837996
2.4882704
17.053624
17.793343
16.020574
16.798629
2.4811491
14.445824
2.4051754
18.578997
13.771646
18.037879
18.650096
2.4511321
19.530923
22.6496
8.5720915
20.903284
23.337354
22.054331
20.854753
22.641926
7.0874869
16.436949
18.00572
2.176529
7.4311276
7.4304462
10.334265
7.4321103
2.1772485
19.542284
18.718688
22.119649
21.666176
2.1682117
7.3669371
7.2797537
7.4254748
7.4077773
2.1736576
22.736521
11.750737
11.304813
13.555654
12.480538
21.942987
21.189885
9.4674116
9.0101595
10.791209
10.108349
22.871668
12.893119
12.723459
10.69883
13.115029
16.977516
28.393804
26.931191
15.722598
13.295631
13.153543
2.4236845
2.4293931
1.7131965
1.7357688
1.6140063
2.0605831
2.0630026
1.7641639
1.7740279
1.8881585
1.8109723
1.803982
1.9847505
1.8855241
1.8872111
1.7519581
1.8017127
1.8111254
1.6867919
1.7948281
1.7970088
1.8202093
2.4139122
2.414329
2.1306793
2.1310995
2.1471205
2.1464441
2.1268342
2.1289381
1.7926987
1.862949
1.8721771
2.058919
2.0585567
2.1187989
1.9412895
1.9933651
1.9959371
2.0877387
1.8373645
1.8228906
2.1490234
2.0996275
2.1174546
1.8373772
1.7305164
1.7245476
1.7244473
1.6670741
1.7830182
1.8036966
23.381921
22.928342
1.8146919
1.7918097
1.7934387
24.242333
23.799888
1.9172641
1.8449123
1.7950035
2.147295
2.0367768
2.0809173
2.1017463
2.1450231
2.1568218
1.9620235
1.994557
1.9635687
2.1835164
2.1998737
2.200875
1.9747236
1.9141261
1.9190049
2.1094412
2.0426286
1.9977645
1.688356
1.7937092
1.7951741
13.483157
20.504828
19.828618
8.0544698
8.4130611
4.6170092
5.3295178
5.6137431
2.8628561
32.250977
34.343739
1.8171567
1.8269513
1.9497011
2.3896755
2.3560807
2.3232478
2.3961784
2.3882329
1.903835
1.8896401
1.9111251
2.0653768
2.0602596
2.1036021
2.198914
2.1999526
2.182503
2.1194345
2.1204636
1.9428972
1.9635299
1.9671725
1.9492485
1.9568312
1.9437979
2.1169095
2.1179709
1.9228778
1.9273818
1.9848925
1.9688876
1.9575561
2.1352114
2.3207009
2.3102784
2.1509322
2.074078
2.3581963
2.3374875
1.8636481
1.8898475
1.6727094
14.531449
16.733397
11.093246
10.959014
14.475258
14.807522
10.764552
10.341333
18.339568
19.118708
18.44306
14.221385
3.9369614
3.7816473
7.4622945
3.0028565
1.8670158
1.8422849
1.7192477
1.6227609
1.6221686
1.7231442
1.6254652
1.6274194
1.6215365
1.6238822
1.7205243
30.737914
29.647235
1.6276554
1.6298435
1.7251801
2.2980329
2.2403578
2.2302373
2.2988876
2.2909635
2.1687122
2.196258
2.1684839
2.2346255
2.2234065
2.1798286
2.1864031
2.185937
2.1876947
1.8560671
1.8031717
1.808004
1.7928874
1.7978034
1.853417
2.0552544
2.058564
26.949403
27.027105
26.228217
20.224975
1.7482712
1.7132234
1.7196192
2.1778242
2.075991
2.0413715
2.2115992
2.2016657
2.214186
2.3191614
2.3239417
2.4042643
2.0517652
2.0496238
2.0561405
2.1247792
2.1257435
2.1264923
2.180545
2.116603
2.11722
2.1399645
2.0409236
2.0553238
2.0532809
2.0575916
2.0571282
2.0434093
2.1166092
1.8586655
1.816298
1.8210845
1.8116102
1.8137252
1.8586514
1.8744706
1.889991
1.8881395
1.90043
1.8987799
1.8869253
1.9133748
1.9064297
2.2564737
1.8556944
1.8740158
1.8724841
1.8861771
1.8842625
1.8672517
1.9065605
2.3670475
2.3730156
2.3120526
2.3242664
1.9238361
2.3551744
1.9697038
2.387257
2.4200847
1.7236647
1.7239295
1.7383178
1.8923318
2.5731688
2.6131347
2.3784137
2.3830902
1.8961242
1.8837077
3.2993203
3.3225265
3.1455103
3.1734107
1.8878512
1.869521
3.4405869
3.454757
3.3416978
3.3601244
1.8794307
2.0113049
5.1817725
5.2579502
4.7378937
4.8129431
1.9799626
1.9939503
2.0200688
1.6916657
7.6323642
4.1806861
4.0800388
4.5072343
4.4127405
6.3128294
1.9940165
5.335718
4.8324881
5.331339
5.4075605
2.0255849
1.8415654
3.1308382
3.1410152
3.1333524
3.1223303
1.8285589
5.1934932
2.9917144
2.9605217
3.9405658
3.70958
7.2242922
1.8245723
1.8064091
2.6447345
1.8758479
3.2171456
3.2307121
3.1501808
3.1607229
1.8569199
25.861383
1.9349797
4.4904465
4.4713702
4.7367518
4.5686115
1.945508
20.68022
20.467772
26.694063
26.275618
4.4615976
4.4621047
1.9308998
45.352671
19.575061
16.054839
26.056789
30.707014
2.3740968
2.313942
2.346852
1.9970275
2.0897159
1.9631059
2.4416784
2.3943798
2.1021725
2.1284832
2.0959166
2.3070274
2.3059943
2.2011159
2.249016
2.2422791
2.1928407
2.2006371
2.1912648
2.0853444
2.1119978
15.760714
16.530135
10.427159
9.5129369
14.992166
15.317379
10.021742
10.50221
5.5240078
24.248236
24.549757
22.113508
4.8175392
8.8514559
9.4160739
11.337883
6.3577156
6.1147365
6.9892664
6.6689982
12.013452
19.159233
27.647713
27.653574
21.637056
21.927523
15.578251
9.3948538
16.502257
17.014712
15.088093
15.752323
9.0126857
2.3425866
2.2018229
2.4742247
2.0218348
1.9910679
2.0294093
2.2627192
2.2833759
2.3161544
2.3564181
2.3238922
2.3261748
2.3010611
2.379151
2.3044914
2.3158397
2.0995094
2.0570578
2.0540387
2.1861369
2.1439798
2.1250538
2.119585
2.1128521
2.1133219
2.0453705
2.0528876
2.0555967
2.0500814
2.0515333
2.0474968
1.8277265
1.8348316
1.866154
1.9149338
1.9154845
1.9133713
1.9217607
1.9244584
1.9239602
1.9032422
1.9059231
1.9085293
1.9005186
1.9032028
1.9000992
1.9156306
1.9164815
1.9191515
1.9111584
1.9138172
1.9125128
1.8945131
1.9036445
1.9020689
1.9121168
1.9109185
1.9071961
2.2223896
1.9243184
1.9191057
1.9533919
2.129342
2.1507659
1.8721423
1.8791584
1.8512497
1.8746088
1.8831446
1.886789
1.8772356
1.8800388
1.8792106
1.8905835
1.8953282
1.8979697
1.8900254
1.8926985
1.8872257
1.8554525
1.8585073
1.8617332
1.852284
1.8553342
1.85112
1.8725639
1.8711655
1.8743243
1.8647645
1.8679005
1.8683945
1.9333996
2.2824101
2.2970891
2.1720234
2.1923538
1.9491021
2.4640992
2.4238237
2.4183395
2.0263496
1.7662239
1.727089
1.7250216
1.8904794
2.851695
2.8833386
2.6501521
2.6866608
1.8918776
1.8222098
1.8339964
1.8371875
1.8278546
1.8309115
1.8180937
1.8383738
1.8463338
1.8492977
1.8402882
1.8432496
1.8343214
1.78906
1.808705
1.8119398
1.8024004
1.8055139
1.7849189
1.805689
1.8214293
1.8246624
1.8151239
1.8182544
1.8015455
1.8886715
3.0895802
3.1183805
2.9134115
2.9440943
1.8902392
1.9060453
3.9721522
4.0553905
3.4662962
3.5030828
1.8663402
1.7568831
1.7842784
1.7872974
1.7783844
1.7812511
1.7535127
1.7725034
1.796244
1.7993832
1.7902556
1.7931742
1.7683939
1.7300029
1.7601748
1.7631947
1.7550054
1.7572805
1.7264955
1.7435701
1.7721191
1.7753216
1.7662778
1.7691553
1.740217
1.9594136
4.5898127
4.6652319
4.1336939
4.213084
1.9272696
5.3881019
5.6296518
1.6766763
1.9241506
1.9623531
5.8706666
5.3124713
4.8103276
5.9042016
6.1954812
1.8436576
3.2772182
3.2584919
4.1973867
3.7430601
1.8902795
1.7143584
1.7543094
1.7535323
1.7528744
1.7543524
1.7129309
1.7161815
1.7512571
1.7525144
1.7519149
1.7506729
1.7139576
1.6925082
1.7395949
1.7421572
1.7343842
1.7368845
1.6897496
1.704876
1.7491371
1.7515134
1.7444164
1.7469867
1.7018078
1.8323854
3.1573556
3.1460012
3.2396505
3.2249992
1.8395529
8.4780187
7.5513886
7.3862129
6.1607624
7.6683957
4.0586745
7.1021488
7.5047904
5.5848475
8.0532098
7.7890801
8.2864701
9.3369892
4.8261194
2.9992643
1.8718725
1.8474611
1.8942643
3.3297185
3.3456958
3.2434915
3.2582482
1.8857643
1.6728411
1.7181209
1.7209537
1.7132672
1.7155465
1.6700797
1.6826334
1.7287711
1.7316926
1.7236914
1.7261434
1.6802135
4.7317389
5.0391815
2.5531204
15.595587
13.734115
14.69885
2.3420812
4.2400762
4.4510348
17.124819
16.728223
13.165756
7.8402389
7.6992166
18.445231
20.358307
3.3429193
3.2295514
5.9745266
6.9970124
3.6189639
3.473588
24.638973
17.600044
17.44908
24.196218
22.776873
17.21408
16.685943
26.13218
2.0480975
5.6406029
5.6521943
5.6083723
5.6255517
2.0383048
20.857767
2.0115656
5.3327824
5.0217256
5.6252925
5.5324833
2.0290101
27.481944
27.071655
2.3108042
2.3076076
2.305466
2.3396777
2.3197588
2.314711
2.4278954
2.4318374
2.2217434
2.2235705
2.22292
2.2239374
2.3676505
2.1344738
2.1290077
1.8247549
1.9515043
1.9610509
1.9359274
1.943235
1.8198901
2.0633275
2.0629777
1.9738769
1.7975865
1.7931664
31.29423
31.129085
2.3843397
2.3950405
2.2453794
2.2085386
2.2092582
2.2159931
2.208772
2.2439935
2.3594951
2.3623255
2.1465786
2.1298866
2.1264363
2.1778013
2.122748
2.1247418
2.1451869
2.0704746
2.0896375
2.0894671
2.0888201
2.0895621
2.0728374
2.0608936
2.0865937
2.0849166
2.0888204
2.0878807
2.0633814
2.057641
2.1397206
2.1397901
2.0734598
1.8527554
2.041895
2.0985954
1.9753298
1.9990931
1.8425029
1.8749332
1.8563259
2.1625298
2.1916762
2.6346758
2.7158654
2.4913125
2.5574958
1.8520154
2.1420798
2.1844942
2.9733601
3.0491498
2.8016373
2.8897222
15.700461
15.378157
16.960718
16.656691
13.17184
17.000508
17.430264
17.148127
16.802428
14.264348
12.574389
18.774947
19.207227
17.880698
18.336924
12.643837
8.8673224
16.311403
16.353639
16.271759
16.288712
8.8694932
22.491619
22.024644
28.385596
29.011938
25.063419
24.64304
9.091261
16.504792
16.572023
16.393898
16.453954
9.0475809
2.3759161
2.3860456
2.3484843
2.3149375
2.3973074
2.3993309
2.4005975
2.3974784
2.3190438
2.2006903
2.2018099
2.1861288
1.9583183
2.034495
2.0360226
2.0414534
2.0302955
1.950198
2.1496932
2.1107672
20.925516
21.030157
13.211268
19.691777
18.265995
16.742637
21.998117
20.653553
31.573095
21.660478
29.555165
31.8024
27.281901
28.034987
20.840305
2.3758009
2.3135791
2.3544062
2.3289939
2.1334202
2.2334473
2.0936047
2.3944067
2.4263821
2.502154
2.6026109
2.4410964
2.3568377
2.4033161
2.3628333
2.1858303
2.2009055
2.1217481
2.12312
2.1164042
2.1168782
2.0870331
2.0872869
2.0855724
2.062717
2.0635526
2.0559786
2.0578515
2.127314
2.1259413
1.9345241
2.0710557
2.0569799
2.0968225
2.0841378
1.9296606
2.1546373
1.9471168
1.9417298
2.2456054
2.3296056
2.3895836
2.3742428
2.0612353
3.3247746
2.354711
2.3405688
2.3764063
2.3667689
3.2482542
3.4609184
2.2509738
2.1827748
2.3253255
2.2939056
3.5072258
12.761361
13.251028
9.0315766
15.946253
16.099359
13.505268
15.125516
8.4819688
14.872888
15.273236
11.351196
11.210433
15.761882
6.9937077
11.644109
12.284731
11.011017
11.280026
6.7442448
15.272936
15.759936
17.551774
9.745434
9.0639902
15.091922
17.968993
17.990738
21.470168
15.243593
15.035952
15.819181
15.502839
20.761311
20.310357
20.062853
21.245807
21.027236
13.101356
23.389631
23.726595
22.693858
23.044641
13.028601
13.387456
24.705526
24.975373
24.060555
24.383612
13.319754
29.091536
28.629519
2.2550747
2.2468868
2.3042562
2.3188527
2.2839048
2.265452
2.4315723
2.336136
2.3820748
2.3753828
2.391867
2.3876088
2.3352989
2.2232284
2.2246473
2.2216082
2.2240332
2.299609
2.251161
2.250279
2.2393268
2.24808
2.2966831
2.3051659
2.2375664
2.2337662
2.2464512
2.2418806
2.3011403
2.3203763
2.1184318
2.1158744
2.1267404
2.1217487
2.314142
2.3312583
2.1046165
2.1012133
2.1120068
2.1086107
2.3317581
2.2798194
1.9992196
1.9965198
2.0051365
2.0019485
2.2774396
2.2788042
1.9864931
1.982901
1.9933937
1.990052
2.2809256
2.1405719
2.1394501
2.0604832
2.0568639
1.807431
1.9201245
1.9285046
1.7882022
1.7845958
1.9499857
24.827731
25.594356
20.65891
25.423956
24.802826
25.473359
28.866368
28.773806
30.427107
29.537338
24.611452
2.2565215
2.2424963
2.2576807
2.3225866
2.2343153
2.3188202
2.2997042
2.2909759
2.3468773
2.4241557
2.3319911
2.3525595
2.2421225
2.2090571
2.2052438
2.2110558
2.2098355
2.241606
2.3619703
2.364122
2.2499198
2.253079
2.2502787
2.2566729
2.2554982
2.2522403
2.2415434
2.2404606
2.2375846
2.2472644
2.243785
2.24217
2.1256603
2.1255628
2.1243052
2.1795611
2.3292944
2.1521664
2.1489472
2.1593289
2.1558177
2.3252083
2.3300958
2.136008
2.1319294
2.1446208
2.1404813
2.3332156
2.1417596
2.1188772
2.1206792
2.0794857
2.0913767
2.0899834
2.0938592
2.0924224
2.0811251
2.3036338
2.0292565
2.0261109
2.0359548
2.0326466
2.3036712
2.2903863
2.0141176
2.0098887
2.0223193
2.0183117
2.2959175
2.0536982
2.0793298
2.078746
2.0830563
2.0811706
2.0545346
2.0278172
2.0112607
2.0092951
2.0100353
2.0112679
2.0267067
2.0136071
2.0130729
2.0150452
2.0095735
2.0111511
2.0123655
2.0537385
2.0552859
2.1292744
2.1327092
1.9928047
1.9027354
1.8995526
1.9095393
1.9060783
1.9982489
1.8956081
1.8917451
1.9753641
2.0378096
1.9951511
1.9977642
1.9898135
1.9924913
2.0374106
2.0341321
2.0055144
2.0079837
2.0003667
2.0029442
2.0359389
2.0248182
2.0183857
2.0364518
2.0306168
2.0605577
1.9764838
1.9581784
2.0127011
2.0072663
2.0849478
1.8942218
2.1559541
2.1491334
2.1397978
2.1569669
1.8868457
2.0603528
2.057611
2.0632404
2.0621173
2.0463851
2.0415593
2.0546741
2.0505934
1.8936233
1.8918434
1.8769252
2.1904506
2.1848787
2.1987484
2.1949614
2.1657066
2.1583522
2.1791119
2.1725222
1.8843909
1.8970837
1.8953917
2.2619104
1.8992353
1.8880986
1.8780446
1.8760642
1.8580044
2.2045293
2.2050469
2.2036694
2.2041575
2.204606
2.2016996
2.2054768
2.2052851
1.8649087
1.88219
1.8801943
2.3545421
2.3609897
1.9101625
1.920479
2.3365656
2.3456667
2.3152627
2.2634198
2.3673478
1.9368125
2.4676261
2.487502
2.5321739
1.8928361
1.8926304
2.3880859
2.4413675
3.250987
3.2767869
1.885184
1.8869251
3.1995333
3.2264062
2.9351585
2.7010912
3.1072616
3.0681527
3.6611941
3.6037281
3.4420604
3.5114881
1.9741666
1.9648911
2.6160639
3.4095724
3.4258786
1.871688
1.8774106
3.3766927
3.393586
5.0332729
5.1088168
2.005511
1.9858122
4.8854962
4.9607322
2.7309238
4.665787
4.4076174
5.1411862
4.914092
2.7141308
2.9207155
3.6415839
3.4215512
4.1462909
3.8783684
2.8076541
4.2642966
4.2260262
7.3901533
6.5762075
4.332398
4.3032134
5.5971137
5.5696937
2.0122101
2.02891
5.4805091
5.5493907
3.1094682
3.1213747
1.8365821
6.2688171
6.0456976
6.6802016
6.475903
5.6485371
5.5677625
5.8043022
5.7251239
1.8269213
3.1096416
3.099822
3.121937
3.0518331
5.3025029
6.3970076
3.457683
3.2676819
3.1927584
3.2053356
1.8727792
7.8060299
7.6217337
8.169862
7.9858846
7.0668586
6.8736907
7.4398648
7.2532078
1.860667
3.1706884
3.1820871
11.918518
11.757308
12.236056
12.076171
11.275671
11.110494
11.598805
11.435939
13.160375
13.006299
13.439599
13.30306
12.549665
12.390947
12.858759
12.701826
12.881772
6.6202169
6.6018504
6.6593216
6.6361023
13.188567
11.574746
6.5690869
6.5585654
6.5914004
6.576734
11.912047
15.210069
6.8214382
6.7870922
6.8917612
6.8538099
15.48348
14.081583
6.7041169
6.6781136
6.7592001
6.7284652
14.368671
10.408037
4.5006243
4.5020811
4.4918822
4.4786048
10.365828
11.191898
4.8306966
5.1119769
4.5760545
4.6266517
10.776408
14.402494
14.141823
18.15039
17.867445
10.316402
4.5580955
4.5389054
4.588092
4.5722513
10.321402
10.319598
4.4981909
4.4812072
4.5288198
4.507288
10.311825
21.027796
21.798891
25.139738
12.641268
20.438259
20.835238
19.625152
20.037
12.614719
21.567043
21.085181
9.00561
16.509269
16.343249
17.923809
16.953648
9.3502274
29.834202
21.123165
20.172574
22.010953
21.688743
29.838025
24.222188
17.494196
17.20322
19.024947
18.174526
25.073107
25.886769
25.461382
2.4705532
2.2320568
2.3074401
2.3581736
2.312013
2.3118643
2.2376018
2.2484254
2.2689119
2.2568651
2.278331
2.2783935
2.2731012
2.273412
2.2570197
2.3257421
2.39697
2.3953743
2.3992932
2.3957133
2.3239626
2.2229889
2.2227431
2.1905639
2.2000461
2.2020589
2.3086775
2.2192375
2.2156108
2.2289677
2.2237474
2.3079706
2.3104317
2.2011701
2.1977533
2.2108604
2.2057935
2.3134071
2.3149325
2.0873634
2.0828959
2.0965239
2.0922995
2.3222872
2.3195019
2.0732307
2.0703558
2.0795449
2.0766653
2.3176407
2.2583444
1.9691707
1.9639991
1.9788378
1.9740076
2.2660212
2.1759819
1.9475591
1.9428938
1.9586006
1.9528196
2.2195938
2.0327712
2.0551094
2.0380894
2.0408642
1.9955413
2.1369723
2.1524466
19.349356
19.825343
19.382883
11.151127
18.010146
19.989124
21.827073
22.247516
20.457144
21.126265
16.478376
23.454896
22.796416
23.79144
23.924625
16.192961
18.149202
20.985861
21.038922
22.09634
21.438954
17.241214
23.052024
23.642295
12.165375
17.76287
18.079322
13.973846
20.808287
22.814498
18.531795
19.309652
13.171439
22.046459
22.466421
24.611614
26.730451
18.303192
26.228491
27.672591
28.516944
26.287998
26.906431
15.964042
22.334325
23.086071
24.241755
32.170685
31.32279
32.790134
32.825292
24.063043
2.3335395
2.3795316
2.2848768
2.3085735
2.311926
2.193989
2.1759885
2.6391471
2.9517495
2.4782414
2.3384344
2.3197562
2.367038
2.3599436
2.2993252
2.2715614
2.2486528
2.3021461
2.2841506
2.3161028
2.3431889
2.309113
2.3373759
2.3385187
2.2660164
2.2783756
2.3133071
2.2711366
2.2821335
2.2827704
2.2668971
2.2893007
2.2850647
2.1962028
2.1910096
2.1969298
2.3639301
2.3662331
2.1861026
2.3145419
2.1839933
2.1803058
2.1932791
2.188564
2.3168732
2.316636
2.1672685
2.1633856
2.1760178
2.1716895
2.3187395
2.1239899
2.1246297
2.080899
2.0827114
2.0866919
2.0838485
2.0825163
2.0826687
2.1145009
2.1155643
2.3154764
2.0585618
2.0545955
2.0663039
2.0626966
2.319185
2.2961853
2.0415705
2.0392371
2.0498864
2.0453071
2.2973632
2.0646272
2.0872003
2.0643532
2.0576874
2.05768
2.0212273
2.0210139
2.0231018
2.0170391
2.0189496
2.0192535
2.0463179
1.9314084
1.927871
1.938775
1.9350128
2.0596662
2.0156439
1.9164993
1.9131873
1.924136
1.9202289
2.0223393
2.1221652
2.117898
2.0409584
1.9749531
1.9772342
1.9701199
1.9724997
2.0427741
2.0336535
1.9844881
1.9871694
1.9794953
1.9818867
2.0322143
2.0372845
1.955564
1.9577446
1.9536167
1.95345
2.0353109
2.0438943
1.9651726
1.9676365
1.9602797
1.9626731
2.0429399
1.9158491
2.1194231
2.1083147
2.1401311
2.130569
1.9112314
2.0612319
2.0620223
2.0589936
2.0600379
2.0639173
2.063968
2.0629871
2.0633771
1.906699
1.9052019
1.8970419
2.1331488
2.1233886
2.1505841
2.1421136
2.0887078
2.0747762
2.1129851
2.1013442
1.9046439
1.9095686
1.9081728
1.9348628
1.9298337
2.2089464
2.0900791
2.1084969
1.9446291
2.3440857
2.2233047
2.2032254
2.279234
2.2486938
1.8550037
1.9043817
1.9792688
2.2491161
2.2657429
1.9365668
1.9460806
2.2122061
2.230999
2.4847274
2.0355462
2.409764
2.4001721
2.7879261
2.820584
1.8909835
1.8913619
2.7209665
2.7552042
3.0318922
3.0616291
1.88931
1.8897127
2.9733696
3.0033599
3.0061445
2.4097879
2.3951674
2.5258628
2.4555916
2.935646
2.7391476
2.0137198
1.993167
2.1104616
2.0554606
2.8440779
3.2222792
3.2586133
3.7997472
3.8892107
1.8997207
1.8750334
3.6092966
3.7091858
4.4399093
4.5158628
1.9536238
1.9331139
4.2886962
4.3659301
4.9890293
5.166199
2.276355
3.8260598
4.033196
3.6341584
3.7143561
2.2376053
2.5951972
5.2790075
5.3053838
4.4398929
4.9976519
2.5087873
4.967547
6.5487484
6.0953096
6.4527862
6.6082443
3.3387103
3.3048459
1.8476366
4.61065
4.5168319
4.7984388
4.7038696
4.3233134
4.4228013
4.4278033
4.3512895
1.8673917
3.5057963
3.4001053
3.1826191
3.1704826
1.8340293
5.3182408
5.2339601
5.4859609
5.4020919
4.9792497
4.8894876
5.1496399
5.0655907
1.8376336
3.2094962
3.1965946
8.6731941
6.8960422
7.4432846
7.0091956
7.4056225
6.7173577
6.8805268
3.9325954
10.392113
10.9037
9.4851137
9.8873474
12.394832
12.180927
11.475337
11.984804
8.984901
8.3279943
5.4984983
9.3807747
5.1108681
9.6710769
9.5167858
3.3013812
3.317532
1.8946682
9.2612735
9.077117
9.6170043
9.4357436
8.5355604
8.3494788
8.9005764
8.7147754
1.8881921
3.2716442
3.2872523
10.621435
10.453094
10.950338
10.783164
9.9550486
9.7836283
10.289692
10.120264
12.857489
6.709658
6.1874249
7.5094286
7.1708151
13.586154
9.3976539
5.2792379
5.1921255
5.7332282
5.476037
9.7152494
10.888894
8.7361163
8.2930652
11.382778
9.8688462
10.921037
12.833615
7.7927465
7.6735189
8.0030196
7.9003016
12.293478
9.9239838
14.65652
14.102101
15.723857
15.214829
9.7865924
12.232924
13.302268
13.58997
13.218823
10.910966
11.147562
12.788338
7.9393902
9.2043429
9.6489272
13.659967
13.572011
13.484273
13.739716
10.208485
6.5885335
6.6161869
6.5569901
6.5478009
10.463192
9.4674372
6.956476
7.1766451
6.7211335
6.7585304
9.639899
14.526555
12.312458
11.740025
16.318143
16.784918
8.4609428
8.1127129
13.56924
17.761903
20.143504
17.301705
7.1395939
7.0938382
7.2273867
7.1849282
17.551592
16.282229
6.9676391
6.9271789
7.050299
7.0072489
16.542513
17.774709
6.7529504
7.1139076
5.639081
6.2496497
16.060604
18.272087
7.2900581
7.2737608
7.2186797
7.3046936
18.509558
21.562857
13.408283
12.522484
14.748576
14.191706
22.540381
23.731745
23.44564
21.326247
21.971268
16.759804
10.900426
10.723592
11.723345
11.265294
17.212722
10.32407
4.5938089
4.588719
19.26859
18.997295
22.035435
21.851001
18.066556
17.804711
23.682497
21.465616
20.390487
18.934959
14.160078
13.72302
20.296889
25.108242
15.903473
14.989087
12.828689
21.971635
22.337255
21.221073
21.600476
12.77709
11.71089
22.477958
19.879638
25.017204
24.263009
12.530328
29.577873
28.008372
29.334533
29.851119
27.562274
22.562881
22.267343
25.240107
23.522721
26.961258
28.260267
27.852612
4.9480816
4.7204343
14.968967
6.4881851
6.5601818
33.900268
29.930355
14.76634
13.984424
12.66521
2.423597
2.297241
35.759104
32.666507
37.510656
41.522228
21.183688
21.812807
41.377726
31.757783
30.670233
37.916184
38.587872
44.444836
45.120955
39.326112
36.669066
38.352198
40.486366
37.79685
35.708553
1.4785861
1.4773802
1.4773448
1.478678
1.4775144
1.4774537
1.4788215
1.4777004
1.4776172
1.4790291
1.4779579
1.477823
1.4792984
1.4782838
1.4780974
1.4796107
1.478643
1.4784426
1.4799741
1.4790094
1.4788515
1.4803266
1.4793467
1.4792847
1.4808666
1.4798413
1.4798097
1.4812915
1.4802033
1.4804453
1.4811441
1.4800459
1.4803557
1.4811986
1.480325
1.4801461
1.4808782
1.4797141
1.4797141
1.4808904
1.4797867
1.4799046
1.4812821
1.4801868
1.4802183
1.4816469
1.4805865
1.4803106
1.4810939
1.4801204
1.4798778
1.4806618
1.47963
1.4795241
1.4803745
1.4793021
1.4792747
1.4801834
1.4790217
1.4790454
1.4767721
1.4749497
1.474861
1.4769276
1.4751528
1.4750315
1.4771344
1.4754037
1.4752446
1.4774152
1.4757289
1.4755077
1.4777658
1.4761101
1.4758451
1.4781394
1.4765496
1.4762453
1.4785184
1.4770187
1.4767282
1.4788582
1.477407
1.4772554
1.4793636
1.4779846
1.4778087
1.4797039
1.4784011
1.4785376
1.4796407
1.4783884
1.4785072
1.4799712
1.4787103
1.4783922
1.4791962
1.4780615
1.478149
1.479293
1.4780135
1.47816
1.4796762
1.4783217
1.4783935
1.4800523
1.4785293
1.4784835
1.4795806
1.4779873
1.4779556
1.4791079
1.4775807
1.4775026
1.4787657
1.4772068
1.4772043
1.4784134
1.4767604
1.4769161
1.4743457
1.4725377
1.4723504
1.4745625
1.4727815
1.4726125
1.4748235
1.4730737
1.4728507
1.4751512
1.4734854
1.4731649
1.475569
1.4739926
1.4735941
1.4760384
1.4745512
1.4741324
1.4765342
1.4751447
1.4747428
1.4769455
1.4756436
1.4754028
1.4775595
1.4764028
1.4760297
1.4780261
1.4769905
1.4769023
1.4779862
1.4768898
1.4769956
1.4783138
1.4772259
1.4768564
1.4778593
1.4767441
1.4770168
1.4776009
1.4766682
1.4768331
1.4779407
1.476938
1.4768942
1.4780621
1.4767404
1.4768329
1.4774634
1.4760494
1.4762548
1.4770712
1.4755948
1.4756311
1.4767006
1.4751881
1.4752415
1.4761724
1.4745738
1.4748947
1.4719256
1.4701299
1.4698987
1.4721831
1.470442
1.4701901
1.4725084
1.4708349
1.4705025
1.4729444
1.4713523
1.4709102
1.4734807
1.4719915
1.4714519
1.4740738
1.472707
1.4721361
1.4747071
1.4734839
1.4729233
1.4752427
1.4741628
1.4737748
1.476064
1.4751917
1.47455
1.476687
1.4759627
1.4755907
1.4765806
1.4758516
1.4758826
1.4769041
1.4760948
1.4758177
1.4764351
1.4758783
1.4762938
1.4764446
1.4759184
1.4758617
1.4766468
1.4759138
1.4757498
1.476337
1.475262
1.4755027
1.4756133
1.4744027
1.4748304
1.475136
1.4738408
1.4739946
1.4747003
1.47332
1.4734635
1.4740507
1.4726009
1.4730049
1.4695388
1.4677771
1.4674748
1.4698683
1.4681627
1.4678269
1.4702842
1.468656
1.4682083
1.4708323
1.4693091
1.4687201
1.4715121
1.4701292
1.4694078
1.4722766
1.4710694
1.4702882
1.4731076
1.4721046
1.4713173
1.4738493
1.4730715
1.4724463
1.4749657
1.474479
1.4734786
1.475804
1.475561
1.4747519
1.4756791
1.4754251
1.4753295
1.4759056
1.475465
1.4754362
1.4757521
1.4755902
1.4760221
1.4757841
1.4755709
1.4752826
1.4757175
1.4752892
1.4749884
1.4749475
1.4741355
1.474582
1.4740341
1.4730509
1.4737044
1.4734373
1.4723131
1.4726073
1.4728801
1.4716306
1.4718913
1.4721219
1.4707907
1.471279
1.4671931
1.4654531
1.4650763
1.4675995
1.4659275
1.4654952
1.4681217
1.4665459
1.4659624
1.4688144
1.4673737
1.466605
1.4696884
1.4684347
1.4674812
1.4706977
1.4696881
1.4686225
1.4718166
1.4711097
1.4699925
1.4728744
1.472502
1.47152
1.4744095
1.4744436
1.4729645
1.4755813
1.4759416
1.4745973
1.4754465
1.4758789
1.4755469
1.4754601
1.4757735
1.4758706
1.4755833
1.4759829
1.4762842
1.4755723
1.475887
1.4755417
1.475203
1.4751509
1.4747973
1.4739148
1.473455
1.4741579
1.4727683
1.472072
1.4729501
1.4719669
1.4710218
1.4715037
1.4712368
1.4701374
1.470551
1.470343
1.4691315
1.4697338
1.4648767
1.46316
1.4626987
1.4653761
1.4637407
1.4631975
1.4660303
1.4645135
1.46377
1.4669088
1.465564
1.4645756
1.4680413
1.4669442
1.4656937
1.469391
1.4686332
1.4671815
1.4709334
1.4706036
1.4690215
1.4724625
1.4726567
1.4711365
1.4745979
1.4751999
1.4732151
1.4761656
1.47698
1.4752849
1.4761175
1.4770075
1.4765224
1.4760118
1.4768691
1.4769613
1.4762831
1.477207
1.4770072
1.4761048
1.4769153
1.4765582
1.4752149
1.4757165
1.4754793
1.4733745
1.4733927
1.4744239
1.4718926
1.4715282
1.4727217
1.4707416
1.4700228
1.4707842
1.4697968
1.4688683
1.4694859
1.4687207
1.4676156
1.4683918
1.462591
1.4608875
1.4603262
1.4632019
1.4616052
1.4609329
1.4640183
1.4625657
1.4616351
1.4651333
1.4638977
1.4626418
1.4666078
1.4656974
1.464067
1.4684304
1.4679871
1.466015
1.4705717
1.4707469
1.4685097
1.4728197
1.4734704
1.4714823
1.4754839
1.4764601
1.4740825
1.4773447
1.478616
1.4765448
1.4773926
1.4787542
1.4781508
1.477241
1.4785552
1.4787021
1.4775436
1.4787597
1.4787385
1.4772313
1.4783648
1.4781884
1.4759783
1.4768948
1.4767531
1.4734915
1.4741112
1.4755089
1.4714675
1.4714963
1.4731754
1.4698293
1.4694063
1.4705678
1.4685879
1.4678557
1.4687668
1.4672382
1.4662572
1.4672824
1.4603186
1.4586341
1.4580044
1.4610794
1.4595176
1.4586808
1.4620927
1.4607099
1.4595613
1.4635057
1.4623934
1.4608131
1.4654286
1.4647405
1.4626253
1.4679031
1.4678564
1.4651814
1.4708932
1.471467
1.4685935
1.4737421
1.4747802
1.4723263
1.4769044
1.4784116
1.4755013
1.4791729
1.4810812
1.4785558
1.4793538
1.4813985
1.4806686
1.4790443
1.4808452
1.4813232
1.4792688
1.4810708
1.4813188
1.4788026
1.4803649
1.4804569
1.4772503
1.4784826
1.4785815
1.4744202
1.4754654
1.4770409
1.4715806
1.4720998
1.4743664
1.4693241
1.4692706
1.4709809
1.4676437
1.4671231
1.4684578
1.4659171
1.4650844
1.466435
1.4580812
1.4564378
1.4557071
1.4590039
1.4574957
1.4564954
1.4602613
1.4589517
1.4575526
1.4620453
1.46107
1.4590978
1.4645521
1.4641279
1.4613943
1.4679221
1.4682981
1.464749
1.4717116
1.472615
1.4692301
1.4751957
1.4767435
1.4736471
1.4790811
1.4813283
1.4776676
1.4819088
1.4847589
1.4816125
1.4822827
1.4853623
1.4844445
1.4816851
1.4846428
1.4852738
1.4817842
1.4843466
1.4842846
1.4809803
1.4831303
1.4836143
1.4789627
1.4806093
1.4811605
1.4758592
1.4771767
1.4790793
1.4723715
1.4734052
1.4759391
1.4693183
1.4696746
1.4721193
1.4669869
1.4667202
1.4686463
1.4648024
1.4641637
1.4659043
1.4558942
1.4542791
1.4534369
1.4569976
1.455526
1.4543571
1.4585291
1.4572948
1.4556085
1.4607689
1.4599441
1.4575017
1.4640306
1.4639132
1.4603969
1.4684645
1.4690803
1.4647911
1.4729793
1.4742851
1.4702143
1.4773468
1.4795903
1.4755833
1.482295
1.4855185
1.4808057
1.4859851
1.4902324
1.486146
1.4867077
1.4913478
1.4900792
1.4858798
1.4902514
1.4911588
1.4854095
1.4891855
1.4892139
1.483984
1.4869562
1.4881551
1.4812504
1.4834294
1.4847383
1.4776728
1.479334
1.4817585
1.4737934
1.4750763
1.477933
1.469868
1.4707018
1.4736698
1.4666814
1.4667376
1.4694193
1.4639403
1.4634784
1.4657545
1.4537441
1.4521564
1.4511914
1.4550427
1.4536017
1.4522518
1.4568993
1.4557384
1.4537259
1.4596917
1.4590258
1.4560283
1.4639167
1.4641354
1.4596475
1.4693321
1.4702117
1.4652764
1.4747949
1.47659
1.4716093
1.4804367
1.4835606
1.4782621
1.4868716
1.491497
1.4852436
1.4920448
1.498398
1.4927263
1.4934218
1.5004508
1.4986094
1.4920448
1.497946
1.5000892
1.4907001
1.4961124
1.4942887
1.4881052
1.4921575
1.4945916
1.4842676
1.4871041
1.489577
1.4799625
1.4820375
1.4852263
1.4755498
1.4771059
1.4804342
1.4710642
1.4722572
1.4755602
1.4668116
1.4672155
1.4708247
1.4633161
1.4630686
1.4660217
1.4516228
1.4500454
1.4489804
1.4531187
1.4517141
1.4501708
1.4553692
1.4542353
1.4518839
1.4588225
1.4582976
1.4546447
1.4642433
1.4646476
1.4591332
1.4705651
1.4717376
1.4660026
1.4772753
1.479653
1.473462
1.4847065
1.4889437
1.4818318
1.4934152
1.5000172
1.491359
1.5011311
1.5108068
1.5022902
1.5036771
1.5149416
1.5118319
1.4994943
1.5079441
1.5137455
1.4981174
1.5057148
1.5014366
1.4936851
1.4990534
1.5035344
1.4881763
1.4917987
1.4959657
1.482798
1.4853425
1.4896278
1.4776754
1.4795278
1.4834889
1.4726859
1.4740726
1.4778157
1.4674037
1.4681545
1.4725602
1.4629788
1.4629382
1.4667255
1.4495029
1.4479416
1.4467645
1.4512443
1.4498931
1.4481479
1.453889
1.4529137
1.4500549
1.4581355
1.4577759
1.4533357
1.4648182
1.4653013
1.4588348
1.4721888
1.4736697
1.4669186
1.4805346
1.4835697
1.4757956
1.4904768
1.4961141
1.4864293
1.5027529
1.5123365
1.4996448
1.5150247
1.5302305
1.5163579
1.5198993
1.5388119
1.5329402
1.5107755
1.5255427
1.5373921
1.5084285
1.518934
1.5167186
1.5010661
1.5080239
1.5157802
1.4931375
1.4976895
1.5042385
1.4862712
1.489376
1.4951202
1.4802024
1.4823733
1.4871853
1.4745677
1.4761504
1.4804621
1.4684633
1.4696031
1.4745468
1.4629226
1.4631163
1.4678755
1.4474213
1.4458796
1.444574
1.4493955
1.4480012
1.4460991
1.4526447
1.4515704
1.4482966
1.4577203
1.4574102
1.4522468
1.4654673
1.4658048
1.4586313
1.4742163
1.4760943
1.4680249
1.484662
1.4883335
1.4786542
1.4981283
1.5054058
1.4921321
1.5162121
1.5300023
1.5106541
1.5370215
1.5600171
1.5373579
1.5462355
1.5706971
1.5635989
1.5316301
1.5529736
1.5685233
1.5228553
1.5374727
1.5454302
1.5106534
1.5195366
1.5324596
1.4993342
1.5049115
1.5146939
1.4905024
1.4941854
1.5016869
1.483163
1.4856576
1.4915762
1.4767148
1.4784953
1.4835036
1.4700319
1.4713844
1.4767696
1.463177
1.4635973
1.4694952
1.4453649
1.4438263
1.4423954
1.4475492
1.4462155
1.4440825
1.4512454
1.4502883
1.4466094
1.4573574
1.4571429
1.4511412
1.4659894
1.4668372
1.4586659
1.4769322
1.4784852
1.4694278
1.4896079
1.4941627
1.4819226
1.5080231
1.5172826
1.4988927
1.5355081
1.5508225
1.5230025
1.5686459
1.5992706
1.567672
1.5801053
1.6167983
1.6058298
1.5608133
1.5875731
1.6087642
1.5431219
1.5630916
1.579746
1.5229742
1.5338545
1.5548105
1.5069487
1.5134742
1.5274219
1.4954979
1.4996954
1.5093436
1.4865504
1.4893494
1.4965741
1.4791219
1.4811029
1.4869277
1.4718537
1.473332
1.4792358
1.4637302
1.4643983
1.4713652
1.4433172
1.4417924
1.4402464
1.4457792
1.4444701
1.4420881
1.4499743
1.4490283
1.4449526
1.4570747
1.4568855
1.4500496
1.4671366
1.4679693
1.4589384
1.4791052
1.4811353
1.470739
1.4956212
1.5004499
1.4854123
1.5211834
1.5309853
1.506503
1.5553497
1.5817897
1.5402837
1.5893343
1.5977247
1.5861519
1.6292214
1.6525548
1.638404
1.6159443
1.6319392
1.6439623
1.5707528
1.5953382
1.6230374
1.5379778
1.5507848
1.5823545
1.515799
1.5231986
1.5422125
1.5011595
1.5058593
1.5180385
1.4903394
1.4934205
1.5021556
1.4817887
1.4839618
1.4907094
1.4738425
1.475447
1.4819349
1.4645954
1.465473
1.4733786
1.4412811
1.4397466
1.4380923
1.4440292
1.4426949
1.4400819
1.4487085
1.4477281
1.4432747
1.4568206
1.4566098
1.4489299
1.4682282
1.4689749
1.4590981
1.4818435
1.4840248
1.4720464
1.5021129
1.5071687
1.4890349
1.5346969
1.5462276
1.5147421
1.5918289
1.6240483
1.5594354
1.6361614
1.6521099
1.6322968
1.730628
1.7696919
1.7509628
1.6042756
1.6316418
1.686808
1.55548
1.5696549
1.6134616
1.5258324
1.5338998
1.5585169
1.5074668
1.5125174
1.5275755
1.4944963
1.4977863
1.5081881
1.4847053
1.4870186
1.4947629
1.4759982
1.4776978
1.4848181
1.4657371
1.466817
1.4755254
1.4392358
1.4377025
1.4359512
1.4422458
1.4408876
1.438078
1.4473969
1.4463741
1.4415637
1.4565319
1.4562563
1.4477585
1.4692151
1.4698972
1.4591043
1.484755
1.4869041
1.4732994
1.5088613
1.5138762
1.4925986
1.5501198
1.5616439
1.5229684
1.6351668
1.6672068
1.5790141
1.7117554
1.7317961
1.6887066
1.676755
1.6902884
1.7243597
1.5745374
1.5889161
1.64393
1.5367283
1.5451065
1.5751911
1.5142485
1.5195042
1.5375626
1.4989133
1.5023618
1.514527
1.487806
1.4902442
1.4990204
1.478279
1.4800759
1.4878634
1.4671392
1.4683554
1.477777
1.437188
1.4356348
1.4338023
1.4404292
1.4390314
1.4360518
1.4460233
1.444925
1.4397929
1.4561441
1.4557199
1.4464863
1.4701068
1.4706727
1.4588966
1.4875942
1.4895567
1.4744149
1.5155061
1.5201802
1.4958686
1.5653918
1.5760981
1.5306778
1.6772045
1.7046905
1.5975554
1.7860141
1.8011015
1.7426574
1.7264322
1.7402579
1.7867335
1.5938007
1.6078347
1.6710699
1.5479832
1.5562797
1.5918328
1.5213489
1.5266838
1.5475935
1.5035437
1.5070552
1.5210399
1.4910644
1.493566
1.5033899
1.4806728
1.4825526
1.4910031
1.4687295
1.4700769
1.4801237
1.4351151
1.4335539
1.4316501
1.4385606
1.4371303
1.434012
1.4445458
1.443364
1.4379643
1.4555492
1.4549399
1.4450864
1.4708396
1.4712656
1.4584059
1.4901714
1.4918734
1.4753339
1.5216621
1.5258075
1.4987475
1.5794218
1.5887788
1.5375809
1.630822
1.6359412
1.6061063
1.8419618
1.8521892
1.7841902
1.7653779
1.7737814
1.8273828
1.6119413
1.6257526
1.6947303
1.5590966
1.5673288
1.6089623
1.528468
1.5333103
1.5572293
1.5082357
1.5118895
1.5275503
1.4944275
1.4969163
1.5077255
1.4831522
1.4850715
1.4941477
1.470464
1.4718331
1.4824776
1.4330293
1.4314491
1.429486
1.4366454
1.435167
1.4319457
1.4429536
1.4416752
1.4360653
1.4547021
1.4538893
1.4435396
1.4713811
1.4715907
1.457605
1.4923927
1.4937575
1.4759937
1.5270872
1.5305978
1.5011341
1.5916467
1.5996041
1.5434932
1.6501007
1.6544538
1.6211815
1.7966265
1.8032752
1.8519025
1.6286533
1.6397522
1.7118005
1.5699231
1.5771794
1.6198978
1.5347287
1.5405233
1.5666275
1.5126076
1.5158971
1.534363
1.4978588
1.5001974
1.512076
1.4856367
1.487911
1.4971941
1.4724918
1.4736351
1.4849215
1.4309181
1.4293162
1.4273102
1.434666
1.4331387
1.4298477
1.4412338
1.4398627
1.4340964
1.4535852
1.4525769
1.4418465
1.4715953
1.4714002
1.4565123
1.4941563
1.495162
1.4762577
1.5316417
1.5345103
1.5030175
1.6020206
1.6085265
1.5483961
1.6660864
1.6696462
1.6334947
1.8206713
1.8254966
1.8697794
1.6431109
1.6524899
1.727012
1.5794726
1.5866009
1.6311853
1.5421359
1.5463603
1.5751052
1.5174388
1.5209185
1.5399694
1.5008865
1.5030375
1.5164023
1.4884415
1.4902822
1.5000159
1.4740886
1.4756935
1.4874446
1.428778
1.4271542
1.425121
1.432622
1.431049
1.4277167
1.4393911
1.437933
1.4320601
1.4522094
1.4510176
1.4400193
1.4712735
1.4707016
1.4551412
1.4954371
1.49608
1.4759321
1.5353373
1.5375819
1.5043837
1.610449
1.6155773
1.5523501
1.6787131
1.6816259
1.6433331
1.8375698
1.840935
1.8831634
1.6554263
1.6633504
1.7410612
1.5888276
1.5949432
1.6416417
1.5479844
1.5525464
1.5828477
1.5220675
1.5253987
1.5454347
1.5038584
1.5062463
1.5204865
1.4908881
1.4927111
1.5028639
1.4761404
1.4771269
1.4898711
1.4266087
1.4249641
1.422917
1.4305175
1.428903
1.4255528
1.4374335
1.4358972
1.4299604
1.4505921
1.4492393
1.4380689
1.4704517
1.4695529
1.4535231
1.4962403
1.496375
1.4750826
1.5382132
1.5400182
1.5052002
1.6168027
1.6202339
1.5553793
1.6875459
1.6897769
1.6508641
1.7770019
1.7848755
1.894691
1.6658038
1.6727026
1.7528474
1.5968372
1.6022343
1.6506247
1.5540063
1.5582179
1.5899221
1.5264302
1.529415
1.5506671
1.5069886
1.5091254
1.524364
1.4933191
1.4950952
1.505608
1.4775258
1.4786612
1.4921466
1.424412
1.4227509
1.4207001
1.4283584
1.4267098
1.4233606
1.435373
1.4337704
1.4278076
1.4487661
1.4472822
1.4360115
1.4692007
1.4680356
1.4516924
1.4963834
1.4957946
1.4738091
1.5405582
1.5416304
1.5053625
1.6216871
1.624953
1.5573977
1.695932
1.6977135
1.6569182
1.7872018
1.7933921
1.8982068
1.6748011
1.6804964
1.7616624
1.6039532
1.6088874
1.6585545
1.5595442
1.5633267
1.5962263
1.5303784
1.5331814
1.5555826
1.5098371
1.5119699
1.5279976
1.4956731
1.4973874
1.5083609
1.4790236
1.4800622
1.494331
1.422194
1.4205188
1.4184724
1.4261551
1.4244798
1.4211446
1.4332263
1.4315704
1.4256094
1.4467695
1.4451829
1.4338657
1.4676074
1.4661803
1.4496834
1.4956305
1.4949934
1.4722863
1.5417358
1.5422968
1.5049174
1.6257079
1.6278176
1.5588191
1.7013909
1.702309
1.6606351
1.7952269
1.7999652
1.9006013
1.682226
1.6870346
1.7681481
1.6104292
1.6146723
1.6652852
1.5645391
1.568032
1.6016586
1.5340901
1.5367149
1.5600292
1.5126721
1.5147189
1.5312599
1.4979483
1.4995811
1.5110376
1.4803965
1.4813131
1.4964078
1.4199588
1.4182746
1.4162379
1.4239182
1.4222243
1.4189126
1.4310121
1.429321
1.4233784
1.4446414
1.4429792
1.4316577
1.4657529
1.4641683
1.4475277
1.494669
1.4937498
1.4703568
1.5424506
1.5427361
1.5039725
1.6283772
1.6298222
1.5597692
1.7041806
1.7046329
1.6629877
1.8013193
1.8047762
1.9022857
1.6885278
1.6926709
1.7734992
1.6159751
1.6196389
1.6710989
1.5691495
1.572337
1.606307
1.5375549
1.5399523
1.5638908
1.5153806
1.5173233
1.5342105
1.5001061
1.5016501
1.5135689
1.4815859
1.4823258
1.4983536
1.4177119
1.4160244
1.4140005
1.4216576
1.419955
1.4166716
1.4287533
1.4270452
1.4211278
1.4424277
1.440735
1.4294137
1.463639
1.4620385
1.4453134
1.4934209
1.4923212
1.4683693
1.5427998
1.5430175
1.5026791
1.6302532
1.6314345
1.5605141
1.7059616
1.7064246
1.6649579
1.8058175
1.8085821
1.9037116
1.6939611
1.6975381
1.7782132
1.6207869
1.6240381
1.6760218
1.5733343
1.5761281
1.6102782
1.5407036
1.5428125
1.5672064
1.5179584
1.5198113
1.5368888
1.5021575
1.5036535
1.5159532
1.482538
1.48312
1.5001849
1.4154613
1.4137722
1.4117623
1.4193869
1.417682
1.4144269
1.4264746
1.4247619
1.4188701
1.4401692
1.4384716
1.427156
1.4615039
1.459907
1.4430811
1.4919218
1.4907182
1.4663258
1.543099
1.5433673
1.5013613
1.6318318
1.6330878
1.5610335
1.7077779
1.7081817
1.6669297
1.8094452
1.8117894
1.9055005
1.6986503
1.7017004
1.7819904
1.6250419
1.6278364
1.6800364
1.5769909
1.5793879
1.6137945
1.5434656
1.5453072
1.5700582
1.5204033
1.5220858
1.5392417
1.5041347
1.50553
1.5181155
1.4832694
1.4836615
1.5018628
1.4132099
1.4115269
1.4095293
1.4171149
1.4154192
1.412189
1.4241927
1.4224937
1.4166206
1.4379081
1.4362339
1.4249104
1.4593794
1.4578172
1.4408728
1.4903287
1.4892277
1.4643051
1.5434562
1.5437274
1.5001705
1.6335574
1.6351063
1.5615549
1.7096104
1.7100577
1.6689471
1.8939824
1.8961764
1.7684168
1.8125108
1.8144477
1.9073199
1.7026171
1.7051043
1.784717
1.628687
1.6310445
1.6833219
1.5801258
1.5821642
1.6169187
1.5458857
1.5475257
1.5725181
1.5226119
1.5240766
1.5412959
1.5059665
1.5072002
1.5199983
1.4837394
1.4839152
1.5031591
1.4109668
1.4092916
1.4073035
1.4148559
1.4131733
1.4099612
1.4219306
1.4202534
1.4143877
1.4356824
1.4340525
1.4226922
1.4573065
1.4558051
1.438717
1.4888783
1.4879193
1.4623693
1.5438172
1.5441078
1.4991701
1.6356838
1.6375428
1.5622937
1.7118592
1.7124451
1.6713465
1.9044207
1.9068489
1.787813
1.8149314
1.8161612
1.908738
1.7058071
1.7077606
1.7866613
1.6317614
1.6337277
1.686009
1.5827853
1.584462
1.6195449
1.5480399
1.549483
1.5746071
1.5245285
1.5257879
1.5430603
1.507566
1.5085002
1.5216038
1.483902
1.4838385
1.5040359
1.4087342
1.4070704
1.4050875
1.4126149
1.4109512
1.4077482
1.4196982
1.4180504
1.4121796
1.433518
1.4319404
1.4205133
1.4553197
1.4539079
1.4366407
1.487623
1.4868177
1.4605681
1.544232
1.544622
1.4983769
1.6382244
1.6403478
1.5632669
1.7148386
1.7156739
1.6743049
1.9174118
1.9202398
1.810039
1.8164938
1.8171762
1.909999
1.708297
1.709551
1.7878494
1.6342962
1.6358812
1.6879839
1.5849596
1.5862828
1.6216275
1.5499297
1.5511563
1.576305
1.5261775
1.5272641
1.5445232
1.508754
1.5093638
1.5229668
1.4837505
1.4834779
1.5045133
1.4065142
1.4049675
1.4029674
1.410397
1.4089341
1.4056772
1.4175067
1.4162458
1.4102199
1.4314138
1.4305188
1.4188286
1.4534556
1.4530982
1.4353723
1.4865887
1.4876596
1.460016
1.5448067
1.5483234
1.4998504
1.6411983
1.6493374
1.567865
1.7185563
1.7202188
1.6783292
1.9310398
1.931459
1.8307168
1.8173381
1.8176573
1.9129053
1.7098714
1.7106046
1.7883475
1.6363084
1.6373724
1.6893409
1.5866621
1.5876639
1.6231794
1.551522
1.5524776
1.5776083
1.5275966
1.5284867
1.5456711
1.5095099
1.5097908
1.5240729
1.4833282
1.4828833
1.5045949
1.4044199
1.4027857
1.4006822
1.4083908
1.4067722
1.4035051
1.4157145
1.4141404
1.4080746
1.4300279
1.4285487
1.4167596
1.4526802
1.4514631
1.4334458
1.4874911
1.4866827
1.4584386
1.5485269
1.5491788
1.4993301
1.6497722
1.6524678
1.5689715
1.8125214
1.8160206
1.690506
1.8640167
1.8675679
1.8354223
1.9421696
1.9418349
1.8305806
1.8205238
1.8198168
1.9131403
1.7108068
1.712049
1.7901193
1.6376506
1.6383527
1.690634
1.5879477
1.5886181
1.6241714
1.5527537
1.5534484
1.5785784
1.528751
1.5293535
1.5465639
1.5098272
1.5097919
1.5246852
1.4826764
1.4820631
1.5043122
1.402243
1.4006241
1.3985342
1.4062362
1.4046399
1.4013544
1.4136218
1.4120818
1.4059618
1.4280637
1.4266323
1.4147398
1.4510409
1.4498462
1.4315782
1.486487
1.4859602
1.4569654
1.5493333
1.5499283
1.4987101
1.653326
1.6555158
1.5702923
1.8169
1.8177001
1.6943864
10.604534
9.0700353
1.8387562
1.7240484
1.7155098
9.211137
1.9413894
1.9366087
1.8283751
1.8194198
1.8179635
1.9099773
1.7119585
1.7114434
1.7884716
1.6384247
1.638434
1.6902211
1.5887911
1.5889457
1.6242606
1.5536368
1.5539788
1.5789947
1.5294834
1.5296072
1.5470938
1.5097292
1.5093692
1.5247158
1.4817982
1.4809571
1.5036669
1.4000862
1.3984807
1.3963892
1.4041112
1.4025357
1.3992247
1.4115737
1.4100635
1.403879
1.4261616
1.424768
1.4127618
1.4494574
1.4483052
1.429767
1.4857669
1.4851682
1.4555652
1.5501207
1.5506132
1.4981864
1.6562114
1.65818
1.5714822
1.8168993
1.8128778
1.6973428
8.640346
7.5463174
1.8370246
1.7120353
1.7004683
7.3404634
1.9358262
1.9292471
1.8205339
1.8173727
1.8153606
1.9034552
1.7111891
1.7102025
1.7861439
1.6383689
1.6379824
1.6891971
1.5889482
1.5888194
1.6238462
1.5540522
1.5540272
1.5789578
1.5295809
1.529309
1.5470358
1.5091963
1.5085633
1.5242364
1.4806147
1.4796387
1.5026893
1.3979476
1.3962353
1.3942536
1.4020133
1.4004558
1.3971124
1.4095641
1.4080773
1.4018222
1.4243087
1.4229416
1.4108176
1.4479237
1.4467836
1.4279952
1.4849643
1.4843255
1.4541853
1.5507347
1.5509304
1.4975986
1.6587667
1.6601329
1.5723946
1.81117
1.8055349
1.6989178
7.2365126
6.4379919
1.837293
1.6963971
1.6839476
6.1034079
1.9274979
1.9193186
1.8092863
1.8146252
1.8115687
1.895571
1.7098018
1.7082919
1.7828386
1.6377935
1.6370175
1.6875397
1.5887172
1.5881049
1.622882
1.5539357
1.55344
1.5783209
1.5291563
1.5285289
1.5464083
1.5083115
1.5074532
1.5233299
1.4792906
1.4781599
1.5014503
1.3957125
1.3941471
1.3921309
1.3999387
1.3983962
1.3948938
1.4075847
1.4061138
1.3997866
1.4224892
1.4211378
1.4088969
1.4464047
1.4452638
1.4262434
1.4841021
1.4833999
1.4527902
1.5509417
1.5508367
1.4969053
1.660445
1.6610661
1.5726981
1.803524
1.7973729
1.6984688
6.2083785
5.6060789
1.8391566
1.6797672
1.6672048
5.2327108
1.9168106
1.9087732
1.7965733
1.8103512
1.8061239
1.8866792
1.7076327
1.7052694
1.7781816
1.6366414
1.6351868
1.684892
1.5878142
1.5867246
1.6211263
1.5532064
1.5523195
1.5770551
1.5282658
1.5273332
1.5452908
1.5071303
1.5060684
1.5220699
1.4777378
1.4764872
1.4999688
1.3936269
1.3920635
1.3900204
1.3978831
1.3963504
1.3928358
1.4056256
1.4041656
1.3977669
1.4206884
1.4193418
1.4069904
1.4448817
1.4437237
1.4244963
1.4831545
1.4823791
1.4513562
1.5507611
1.5504231
1.4960736
1.6611758
1.6611385
1.5724509
1.7952976
1.7890772
1.6964728
5.42996
4.9615646
1.8407406
1.6630208
1.6505461
4.6024859
1.9060298
1.897821
1.7832604
1.8045438
1.7999239
1.8774348
1.7043766
1.7014657
1.772748
1.6346091
1.6326631
1.6815165
1.5862963
1.5848377
1.6187944
1.5519707
1.5507692
1.5752814
1.5269792
1.5258084
1.5437616
1.5056819
1.5044417
1.5205213
1.4760289
1.4746668
1.4982692
1.391542
1.3899822
1.3879217
1.3958405
1.3941459
1.3907697
1.40368
1.402226
1.395756
1.4188928
1.4175422
1.4050905
1.4433337
1.4421488
1.422742
1.4821085
1.4812571
1.4498743
1.5502768
1.5497308
1.4950962
1.6609643
1.6600661
1.5717945
1.7869866
1.7806797
1.694022
4.8228366
4.4499984
1.8409397
1.6464294
1.6342571
4.1379648
1.8950825
1.8868241
1.7697212
1.7982269
1.7934232
1.8679621
1.7004331
1.6971869
1.7670293
1.631957
1.6297057
1.6776627
1.5842995
1.5825515
1.6160555
1.5503209
1.5488633
1.5731264
1.5253837
1.5240193
1.5419075
1.5040006
1.5026097
1.5187335
1.4741755
1.4727152
1.496383
1.3894629
1.3879099
1.3858334
1.3936461
1.3922543
1.3887113
1.4017419
1.40029
1.3936129
1.4170906
1.4157299
1.4031917
1.4417484
1.4405301
1.4209713
1.4809601
1.4800302
1.4483389
1.5495147
1.5487717
1.4939746
1.6596708
1.658293
1.5708421
1.7785457
1.7720503
1.6912998
4.3384478
4.0357734
1.8390698
1.6302644
1.6184828
3.777095
1.8840169
1.87561
1.7562295
1.7916231
1.7861387
1.8583833
1.6960604
1.6925939
1.7608295
1.6289199
1.6264781
1.6734987
1.5819297
1.5799664
1.6130375
1.5483464
1.5467141
1.5706897
1.523538
1.5220177
1.539814
1.5021229
1.500606
1.5167479
1.4721955
1.4706514
1.4943404
1.3873927
1.3858456
1.3837538
1.3917435
1.3902564
1.3866588
1.399806
1.3983529
1.3916315
1.4152743
1.4139009
1.4012886
1.4401185
1.4388665
1.41918
1.4797081
1.4787062
1.4467502
1.5484962
1.5475979
1.4927263
1.6577844
1.6561444
1.5696729
1.7698357
1.7630432
1.6883002
3.9443366
3.6941873
1.83475
1.6146186
1.6031993
3.4843748
1.8728304
1.8645957
1.7429154
1.7843373
1.778995
1.8490629
1.6914236
1.6878781
1.7546305
1.6256409
1.6230727
1.6691829
1.5792842
1.5771701
1.6098354
1.5461436
1.5443655
1.5680482
1.5214884
1.519844
1.5375227
1.5000811
1.49846
1.5146008
1.4701083
1.4684938
1.4921678
1.38533
1.3837868
1.3816815
1.3897517
1.3882353
1.3846129
1.397868
1.3964114
1.3896462
1.4134409
1.4120538
1.3993781
1.4384436
1.4371595
1.4173665
1.4783605
1.477289
1.4451107
1.5472778
1.5462655
1.4913641
1.6555688
1.6537842
1.5683458
1.760715
1.7535188
1.6850381
3.6180052
3.4081013
1.827871
1.5994459
1.5883235
3.242712
1.8618881
1.8538754
1.7297699
1.7771717
1.7720209
1.839839
1.6866905
1.6831247
1.7482675
1.6222005
1.6195446
1.6648062
1.5764465
1.5742306
1.6065091
1.5437525
1.5418564
1.5652588
1.5192797
1.5175452
1.5350731
1.497904
1.4961987
1.5123285
1.4679315
1.4662588
1.4898887
1.3832729
1.381733
1.3796153
1.38773
1.3862147
1.3826583
1.3959252
1.3944644
1.3876597
1.4115891
1.410188
1.3974586
1.4367264
1.4354138
1.4155302
1.4769205
1.4757836
1.4434258
1.5459132
1.5448175
1.4898994
1.6531703
1.6512716
1.566901
1.751038
1.7433446
1.6815455
3.3437449
3.165335
1.8185393
1.5846565
1.5737686
3.0402028
1.8512376
1.8434124
1.7167511
1.770306
1.7652952
1.8307088
1.6819384
1.6783873
1.7420075
1.618648
1.6159323
1.660416
1.5734801
1.5711977
1.6030938
1.541207
1.539219
1.5623552
1.5169548
1.5151521
1.5325129
1.495618
1.4938466
1.5099647
1.465681
1.4639613
1.4875248
1.3812205
1.3797566
1.3775538
1.3857099
1.3841964
1.380646
1.3939767
1.3925114
1.3856717
1.4097188
1.4083045
1.3955301
1.434972
1.433635
1.4136722
1.4753947
1.474201
1.4417021
1.5444404
1.5432741
1.4883455
1.6506194
1.6486034
1.5653468
1.7406934
1.7324758
1.6778443
3.1103118
2.9569461
1.806943
1.5701755
1.5595125
2.8682265
1.8408311
1.8331714
1.7038706
1.7636522
1.758703
1.8216554
1.6771991
1.673656
1.7359537
1.615019
1.6122658
1.6560328
1.5704297
1.5681105
1.5996202
1.5385453
1.5364987
1.5593787
1.5145423
1.5126904
1.5298734
1.4932466
1.4914244
1.507534
1.4633712
1.4616138
1.4850946
1.3792431
1.3777049
1.3754965
1.3836921
1.3821795
1.3786098
1.3920223
1.3905528
1.3836816
1.4078311
1.406405
1.3935931
1.4331857
1.4318269
1.4117949
1.4737947
1.4725527
1.4399433
1.5428736
1.5416359
1.4867156
1.647911
1.6457731
1.5636553
1.729647
1.7208956
1.6739268
2.9093953
2.7762557
1.7933838
1.5559973
1.5455758
2.7205016
1.8306459
1.8231527
1.691172
1.7570561
1.752167
1.8127242
1.6724827
1.6689728
1.7299854
1.6113448
1.6085797
1.6516806
1.5673339
1.5649982
1.5961232
1.5358094
1.5337256
1.5563626
1.5120668
1.51018
1.5271807
1.4908098
1.4889487
1.5050525
1.4610142
1.4592279
1.482613
1.3771923
1.3756882
1.3734414
1.3816753
1.3801629
1.3765748
1.3900623
1.3885889
1.3816895
1.405928
1.4044919
1.3916486
1.4313704
1.4299905
1.4099005
1.4721313
1.4708469
1.43815
1.5412114
1.5399045
1.485021
1.6450401
1.6427829
1.561857
1.7178905
1.7086222
1.6698102
2.7347918
2.6182235
1.7782529
1.5421427
1.5319647
2.5924504
1.8206825
1.8133549
1.6786777
1.7505563
1.7457098
1.8039564
1.6678086
1.6643446
1.7241001
1.6076586
1.6049035
1.6473805
1.5642189
1.5618817
1.5926302
1.5330269
1.5309221
1.5533325
1.5095465
1.5076335
1.5244552
1.4883227
1.4864313
1.5025313
1.4586213
1.4568133
1.4800916
1.3751776
1.3736464
1.3713897
1.3796587
1.3781462
1.3745384
1.3880972
1.3866203
1.3796953
1.4040118
1.4025671
1.3896977
1.429527
1.4281266
1.4079909
1.4704123
1.4690904
1.436323
1.5394583
1.538091
1.4832726
1.6420111
1.6396411
1.5599813
1.7054505
1.6957047
1.6655049
2.581777
2.4789443
1.7619324
1.5286112
1.5186648
2.4806597
1.8109402
1.8037765
1.6663837
1.7441156
1.7393627
1.7953828
1.6631988
1.6597938
1.7183175
1.6039884
1.6012552
1.6431533
1.5611034
1.5587719
1.5891571
1.5302186
1.5281044
1.5503024
1.5069923
1.5050591
1.5217119
1.4857965
1.4838815
1.4999788
1.4562018
1.4543786
1.4775396
1.3731357
1.3716054
1.3693413
1.3776419
1.3761291
1.3725018
1.3861274
1.3846473
1.3776985
1.4020843
1.4006323
1.3877412
1.4276566
1.4262379
1.4060679
1.4686442
1.4672909
1.4344657
1.5376263
1.5362075
1.4814806
1.6388325
1.6363528
1.5580218
1.6923825
1.6822116
1.6610081
2.446679
2.3553478
1.7447624
1.515387
1.5056666
2.3824173
1.801415
1.7944047
1.6542903
1.7377966
1.7331379
1.7870041
1.6586741
1.6553417
1.7126229
1.6003479
1.5976356
1.6389907
1.557996
1.5556719
1.5857055
1.5273991
1.5252827
1.5472778
1.504412
1.5024643
1.5189616
1.4832399
1.4813072
1.4974028
1.453764
1.4519316
1.474965
1.371095
1.3695654
1.3672955
1.3756247
1.3741115
1.3704656
1.3841534
1.3826703
1.375699
1.4001473
1.3986894
1.3857799
1.4257623
1.4243284
1.4041336
1.4668355
1.4654581
1.4325834
1.535727
1.5342642
1.4796549
1.6355078
1.6329178
1.5559877
1.6787584
1.6682214
1.6563096
2.3265996
2.2449846
1.7270399
1.5024651
1.4929782
2.2955007
1.7920925
1.7852264
1.6424112
1.7315975
1.7270027
1.7788072
1.6542364
1.6509497
1.7070095
1.596734
1.594038
1.6348587
1.5548983
1.5525816
1.5822726
1.5245777
1.5224648
1.5442606
1.5018133
1.4998568
1.516213
1.4806607
1.478716
1.4948113
1.4513154
1.449478
1.4723748
1.3690554
1.3675245
1.3652518
1.373607
1.3720933
1.36843
1.3821754
1.3806897
1.3736968
1.3982026
1.3967403
1.3838144
1.4238483
1.4224024
1.4021906
1.4649957
1.4636004
1.4306812
1.5337696
1.5322665
1.4778032
1.6320358
1.6293353
1.5538877
1.6646549
1.6538087
1.6514047
2.2192199
2.1458773
1.7089702
1.4898562
1.4806104
2.2181376
1.7829613
1.7762342
1.6307639
1.7254835
1.720967
1.7707796
1.6498644
1.6466146
1.7014853
1.5931423
1.5904666
1.6307616
1.5518107
1.5495029
1.5788608
1.5217617
1.5196573
1.5412532
1.4992038
1.4972436
1.5134725
1.4780663
1.4761147
1.4922114
1.4488615
1.4470223
1.4697756
1.3669194
1.3653986
1.3632103
1.3715887
1.3700745
1.3663947
1.380194
1.378706
1.3716919
1.3962523
1.3947869
1.3818455
1.4219187
1.4204634
1.4002412
1.4631328
1.4617234
1.4287632
1.5317601
1.5302256
1.4759305
1.6284165
1.6256048
1.5517274
1.6501464
1.6390363
1.6462994
2.122662
2.0564138
1.6907257
1.477569
1.4685598
2.1489304
1.7740147
1.7674227
1.61935
1.7194744
1.7150383
1.7629145
1.645536
1.6423042
1.6960526
1.5895786
1.5869269
1.6267028
1.5487353
1.5464385
1.5754733
1.5189578
1.5168656
1.5382592
1.4965901
1.4946302
1.5107448
1.4754636
1.4735095
1.489609
1.4464062
1.4445674
1.4671732
1.3648902
1.363366
1.3611701
1.3695697
1.3680551
1.3643612
1.3782097
1.3767201
1.369685
1.394298
1.3928303
1.3798742
1.419977
1.4185143
1.3982869
1.4612516
1.4598296
1.4268324
1.5297088
1.5281429
1.4740387
1.6246494
1.6217319
1.5495095
1.6352978
1.6239918
1.6410087
2.0353931
1.9752726
1.6724303
1.4655936
1.4568013
2.0867504
1.7652478
1.7587832
1.6081582
1.7135741
1.709222
1.7552082
1.6412346
1.6380526
1.6907079
1.5860467
1.5834168
1.6226866
1.5456749
1.5433912
1.5721096
1.5161706
1.5140931
1.5352821
1.4939773
1.4920204
1.5080326
1.4728582
1.4709052
1.4870082
1.4439521
1.4421152
1.4645725
1.3628595
1.3613412
1.3591315
1.3675503
1.3660355
1.3622316
1.3762233
1.3747326
1.3676764
1.3923407
1.3908709
1.377901
1.4180257
1.4165574
1.3963287
1.4593536
1.4579195
1.4248914
1.5276159
1.5260205
1.4721281
1.6207428
1.6177289
1.5472371
1.6201965
1.6087471
1.6355511
1.9561535
1.901357
1.6542389
1.4539047
1.4453106
2.0306661
1.7566481
1.7503025
1.5971859
1.7077848
1.7035211
1.7476281
1.6369967
1.6338454
1.6854564
1.5825435
1.5799353
1.6187062
1.5426323
1.5403639
1.5687703
1.5134032
1.5113416
1.5323258
1.4913689
1.4894166
1.5053376
1.4702548
1.4683055
1.4844119
1.4415012
1.4396673
1.4619772
1.3608321
1.3593111
1.3570953
1.3655307
1.3640159
1.3602106
1.3742355
1.372744
1.3656667
1.3903807
1.3889089
1.3759264
1.4160672
1.4145947
1.3943667
1.4574396
1.4559943
1.4229427
1.5254841
1.523862
1.4701991
1.6167095
1.6136098
1.5449148
1.604911
1.5933603
1.6299473
1.8838946
1.8337481
1.6362604
1.4424757
1.4340527
1.979888
1.7482071
1.7419746
1.5864064
1.7021109
1.6979143
1.7401668
1.6327999
1.6296817
1.6803142
1.5790701
1.5764873
1.6147752
1.5396106
1.5373599
1.5654594
1.5106571
1.5086122
1.5293937
1.4887668
1.4868204
1.5026607
1.4676566
1.4657129
1.4818222
1.4390548
1.437225
1.4593902
1.3588032
1.3572815
1.3550619
1.3635113
1.3619953
1.3581861
1.3722467
1.3707546
1.3636564
1.3884179
1.3869441
1.3739502
1.4141034
1.412628
1.3924015
1.4555108
1.4540557
1.4209884
1.5233173
1.5216715
1.4682531
1.6125637
1.609389
1.5425482
1.5894988
1.5778994
1.6242182
1.8177358
1.771673
1.6186182
1.4312705
1.4229956
1.9337294
1.7399152
1.7337937
1.5757873
1.6965261
1.6924005
1.7328235
1.6286492
1.6255682
1.6752338
1.5756307
1.5730733
1.6109015
1.5366128
1.5343815
1.5621786
1.5079334
1.5059058
1.5264882
1.4861728
1.4842335
1.5000026
1.4650661
1.4631294
1.4792411
1.4366143
1.4347896
1.4568132
1.3567739
1.3552526
1.3530309
1.3614903
1.3598494
1.3561609
1.3702571
1.3687644
1.3616445
1.3864525
1.3849766
1.3719724
1.4121358
1.4106586
1.3904332
1.4535693
1.4521063
1.4190306
1.5211193
1.5194522
1.466292
1.6083197
1.6050806
1.5401422
1.5740306
1.5624341
1.618383
1.7569393
1.7144844
1.6014405
1.4202596
1.4121145
1.8915353
1.7317712
1.7257536
1.5653011
1.6910272
1.6869313
1.7255944
1.6245495
1.6215194
1.6701908
1.5722249
1.5696914
1.607063
1.5336411
1.5314306
1.558928
1.5052329
1.5032233
1.5236112
1.4835885
1.4816579
1.4973645
1.4624852
1.4605569
1.4766708
1.4341809
1.432362
1.4542477
1.3547455
1.3532257
1.3510024
1.3593484
1.3578369
1.354137
1.3682667
1.3667736
1.3594969
1.3844844
1.3830067
1.3699931
1.410166
1.4086877
1.3884625
1.4516176
1.4501481
1.4170704
1.5188931
1.5172061
1.4643177
1.6039914
1.600697
1.5376999
1.5585741
1.5470237
1.6124588
1.7008828
1.6616303
1.5848396
1.4094181
1.4013838
1.8527932
1.7237626
1.7178343
1.5549196
1.6855776
1.6815387
1.7184758
1.6205162
1.6175159
1.6652167
1.5688512
1.5663465
1.6032552
1.5306975
1.5285102
1.5557131
1.5025565
1.5005655
1.5207646
1.481016
1.4790957
1.4947471
1.4599157
1.457997
1.4741134
1.4317557
1.4299435
1.4516952
1.3527194
1.3512015
1.3489772
1.3573339
1.355825
1.3521149
1.3662758
1.3647767
1.3574885
1.3825139
1.3810345
1.3680122
1.4081949
1.406716
1.3864896
1.4496574
1.4481825
1.4151088
1.5166406
1.5149348
1.4623318
1.5995908
1.5962487
1.5352239
1.5431852
1.5317133
1.6064595
1.6490361
1.6126408
1.568897
1.3987232
1.3908
1.8170667
1.7158704
1.710019
1.5446474
1.6802013
1.6762231
1.711457
1.6165183
1.6135387
1.6603232
1.5655175
1.5630464
1.599495
1.5277852
1.5256226
1.55254
1.499905
1.4979325
1.5179498
1.4784575
1.4765488
1.4921509
1.4573593
1.4554516
1.4715709
1.4293397
1.4275349
1.4491571
1.3506956
1.3491794
1.3469546
1.3553216
1.353813
1.3500949
1.3640818
1.3625826
1.3554829
1.3805413
1.3790603
1.3658095
1.4062229
1.4047435
1.3845147
1.44769
1.4462103
1.4131458
1.5143633
1.5126402
1.4603353
1.5951278
1.591745
1.532717
1.5279055
1.5165373
1.6003974
1.6009474
1.5671121
1.5536531
1.3881789
1.3803741
1.7840276
1.7080851
1.7023139
1.5345116
1.6749135
1.6710235
1.7045378
1.6125526
1.6096167
1.6555336
1.5622282
1.5597886
1.5957808
1.5249059
1.5227676
1.5494075
1.4972779
1.495323
1.5151658
1.4759147
1.4740182
1.4895753
1.4548177
1.4529221
1.4690444
1.4269338
1.4251372
1.4466347
1.3486743
1.3471602
1.3449352
1.3533101
1.3518028
1.3480777
1.3620848
1.3605954
1.3534785
1.3785667
1.3770754
1.3638135
1.4042501
1.4027699
1.3825374
1.4457162
1.444232
1.4111811
1.5120633
1.510325
1.4583292
1.5906115
1.5871937
1.5301827
1.5127682
1.5015268
1.5942826
1.5562267
1.5246911
1.5391223
1.3777911
1.3700936
1.7534089
1.7004015
1.6946901
1.524506
1.6697373
1.6659031
1.6976946
1.6086444
1.6057484
1.6507934
1.5589807
1.5565727
1.5921248
1.5220587
1.519943
1.546312
1.494674
1.4927347
1.5124104
1.4733881
1.4715038
1.4870184
1.4522924
1.4504095
1.4665342
1.4245391
1.4227511
1.4441292
1.3466558
1.3451443
1.3429192
1.3513005
1.3497952
1.3460634
1.3600988
1.3586095
1.3514762
1.3762907
1.3747799
1.3618358
1.4022762
1.4007947
1.380228
1.4437364
1.4422481
1.4092143
1.5097433
1.5079917
1.4563143
1.5860494
1.5826018
1.5276245
1.4978038
1.4867081
1.588124
1.5145321
1.4850678
1.525308
1.3675449
1.3599478
1.7249651
1.6927957
1.6871495
1.5146193
1.6646293
1.6608238
1.6909321
1.6047912
1.6019446
1.6460961
1.5557761
1.5534055
1.5885023
1.5192414
1.5171465
1.5432548
1.4920906
1.4901651
1.5096807
1.4708777
1.4690051
1.4844782
1.4497841
1.447914
1.4640398
1.4221562
1.4203774
1.4416408
1.3446408
1.3431318
1.3409072
1.3492935
1.3477903
1.3440521
1.3581133
1.3566247
1.349476
1.3742869
1.3728086
1.3598579
1.400291
1.3983851
1.3782408
1.4417511
1.4402587
1.4068341
1.507406
1.5056426
1.454291
1.5814482
1.577975
1.5250455
1.4830368
1.4721074
1.5819289
1.4755637
1.4479796
1.5122253
1.3574321
1.3499354
1.6984802
1.6852757
1.6796972
1.5048474
1.6595658
1.6558093
1.6842458
1.6010028
1.5981832
1.6414577
1.5526217
1.5502839
1.5849053
1.5164515
1.5143756
1.5402386
1.4895252
1.4876115
1.5069739
1.4683828
1.4665214
1.481953
1.4472928
1.4454353
1.4615608
1.4197856
1.4180163
1.4391697
1.3426291
1.3411228
1.3388989
1.3472893
1.3457884
1.3420445
1.3561288
1.3546413
1.3474787
1.3723156
1.370836
1.3578805
1.3978876
1.3964115
1.3762661
1.4397598
1.4376274
1.4048135
1.5050532
1.5032784
1.4516295
1.5768134
1.5733181
1.5224475
1.468494
1.4577443
1.5757038
1.4390805
1.4132789
1.4999164
1.3474546
1.340063
1.6737549
1.6778474
1.6723287
1.4951966
1.6545615
1.6508402
1.6776252
1.5972446
1.5944385
1.6368696
1.5495081
1.5471874
1.5813475
1.5136864
1.5116266
1.5372539
1.4869753
1.485072
1.5042865
1.4659027
1.4640522
1.4794413
1.4448183
1.4429732
1.4590967
1.4174279
1.4156682
1.4367154
1.3406212
1.3391179
1.3368947
1.3452882
1.3437899
1.3400409
1.3541456
1.3526595
1.3454845
1.3703427
1.3688626
1.355904
1.3959197
1.3944435
1.3742908
1.437129
1.4356429
1.4028508
1.5026715
1.5001328
1.4495715
1.5721497
1.5682834
1.5191042
1.4542105
1.4436684
1.5694503
1.4049563
1.3808573
1.4884036
1.3376182
1.3303334
1.6500027
1.6704987
1.6650349
1.4856719
1.6496064
1.645922
1.6710841
1.5935076
1.5907195
1.6323208
1.5464165
1.5441144
1.5778218
1.5109425
1.5088974
1.534293
1.4844392
1.4825459
1.5016167
1.4634372
1.4615976
1.4769429
1.4423602
1.4405272
1.4566474
1.415083
1.4133329
1.4342779
1.3386175
1.3371175
1.3348947
1.3432907
1.3417955
1.3380415
1.3521643
1.3506801
1.3434938
1.3683693
1.3668897
1.3539291
1.3939516
1.3924746
1.3723156
1.4351471
1.4336561
1.4008859
1.499543
1.4977702
1.4475426
1.5671301
1.5636297
1.5164946
1.4402336
1.4308521
1.5633069
1.373087
1.3490383
1.4758365
1.3279239
1.3184369
1.6277064
1.6632222
1.6578094
1.4744331
1.6446994
1.6410582
1.6646269
1.589795
1.5870379
1.6278248
1.5433508
1.5410721
1.57434
1.5082181
1.5061876
1.5313581
1.4819164
1.4800331
1.498964
1.4609863
1.4591579
1.474458
1.4399182
1.4380972
1.454213
1.4127511
1.4110108
1.431857
1.3366181
1.3351215
1.3328996
1.3412973
1.3398053
1.3360464
1.3501855
1.3487033
1.3415069
1.3663964
1.3649174
1.3519559
1.3919823
1.3905056
1.3703409
1.4331588
1.4316643
1.3989199
1.4971776
1.4953937
1.4455068
1.5624578
1.5589331
1.5138713
1.4274725
1.4174468
1.5570544
1.3417674
1.3207402
1.4657335
1.3160699
1.3090314
1.6067865
1.6560133
1.650649
1.465193
1.6398532
1.6362576
1.6582482
1.5861239
1.5833945
1.6234039
1.5403164
1.5380605
1.5708905
1.5055132
1.503497
1.5284498
1.4794069
1.4775338
1.4963284
1.4585503
1.456733
1.4719871
1.4374923
1.4356832
1.4517936
1.4104323
1.4087019
1.4294525
1.3346232
1.3331302
1.3309087
1.3393082
1.3378193
1.334056
1.3482096
1.3467294
1.339524
1.3644245
1.3629465
1.3499854
1.3900131
1.3885364
1.3683676
1.4311653
1.429667
1.3969535
1.4947978
1.493004
1.4434643
1.5577551
1.5542124
1.5112299
1.4141465
1.4043682
1.5507848
1.3139707
1.2943684
1.456577
1.3067053
1.2997814
1.5861005
1.6488728
1.643568
1.4560837
1.6350691
1.6315316
1.6519537
1.5824885
1.5797814
1.6190574
1.537312
1.5350764
1.5674646
1.5028273
1.500825
1.5255661
1.4769112
1.4750485
1.4937097
1.4561291
1.4543229
1.4695302
1.4350822
1.4332848
1.4493887
1.4081267
1.4064063
1.4270643
1.332633
1.3311437
1.3289227
1.3373234
1.335838
1.3320706
1.3462366
1.3447592
1.3375457
1.362454
1.3609775
1.348018
1.3880445
1.3865687
1.3663963
1.429167
1.4276659
1.3949876
1.4924042
1.4906011
1.4414158
1.5530284
1.5494678
1.5085706
1.4011531
1.3916387
1.5445001
1.288063
1.2698199
1.4484023
1.2974936
1.2906857
1.5658284
1.6418088
1.6365595
1.4471158
1.6303602
1.6268771
1.6457173
1.5788824
1.5761962
1.6147755
1.5343343
1.5321171
1.5640578
1.5001598
1.4981709
1.5227056
1.4744294
1.4725773
1.4911075
1.4537226
1.451927
1.4670873
1.4326876
1.4309015
1.4469981
1.4058345
1.4041241
1.4246918
1.3306478
1.3291625
1.3269417
1.3353433
1.3338618
1.3300903
1.3442673
1.342793
1.3355722
1.3604856
1.3590113
1.3460544
1.3860769
1.3846026
1.3644276
1.4271645
1.4256603
1.393023
1.4899981
1.4881841
1.4393609
1.548278
1.5447007
1.5058935
1.3885165
1.3792862
1.5382053
1.2639562
1.2470112
1.441136
1.2884338
1.2817337
1.5461806
1.6348206
1.6296244
1.4382836
1.6257263
1.6223017
1.639548
1.575304
1.5726361
1.6105421
1.5313808
1.5291809
1.5606668
1.4975102
1.4955349
1.5198681
1.4719618
1.4701207
1.4885222
1.4513302
1.449545
1.4646585
1.4303079
1.4285326
1.4446212
1.4035557
1.4018553
1.4223343
1.328668
1.3271866
1.3249661
1.3333685
1.3318908
1.3281152
1.3423022
1.3408314
1.3336039
1.3585202
1.3570484
1.3440948
1.3841115
1.382639
1.3624622
1.4251585
1.4236521
1.3910604
1.4875781
1.4857553
1.4373018
1.5435053
1.5399112
1.5031994
1.3762572
1.3673193
1.5318998
1.2415721
1.2258807
1.4344246
1.2795187
1.272914
1.5271236
1.6279028
1.6227684
1.4295813
1.6211696
1.6177957
1.633438
1.5717496
1.5690968
1.6063511
1.5284506
1.5262692
1.5572929
1.4948788
1.4929177
1.5170541
1.4695088
1.4676791
1.4859546
1.4489517
1.4471767
1.4622442
1.4279426
1.4261775
1.4422578
1.4012903
1.3995999
1.4199911
1.3266934
1.325216
1.3229953
1.3313988
1.3299252
1.3261455
1.3403417
1.3388747
1.3316406
1.3565583
1.3550894
1.3421397
1.382149
1.3806795
1.3605008
1.4231502
1.4216425
1.3891007
1.4851465
1.4833152
1.4352394
1.5387108
1.5351011
1.5004892
1.3643881
1.3557435
1.5255873
1.2208556
1.2064046
1.4282272
1.2707296
1.2642324
1.5084135
1.6210655
1.6159872
1.4210104
1.6166785
1.6133471
1.6274024
1.5682149
1.5655795
1.602207
1.5255454
1.5233837
1.5539474
1.4922664
1.4903197
1.5142621
1.4670711
1.4652532
1.4834057
1.4465868
1.4448224
1.459845
1.4255908
1.4238356
1.4399079
1.3990383
1.3973579
1.4176615
1.3247244
1.3232512
1.32103
1.3294347
1.3279651
1.3241819
1.3383863
1.3369229
1.3296827
1.3546003
1.3531347
1.3401897
1.3801903
1.3787239
1.3585438
1.42114
1.4196325
1.3871452
1.482704
1.4808655
1.4331756
1.5338957
1.5302723
1.4977656
1.3529069
1.3445506
1.5192697
1.2017897
1.1885603
1.4225239
1.2620851
1.2557031
1.4901561
1.6143051
1.6092906
1.4125788
1.612242
1.6089467
1.6214332
1.5647066
1.5620963
1.5981132
1.5226657
1.5205185
1.5506359
1.4896732
1.4877408
1.5114893
1.4646492
1.4628435
1.480876
1.444236
1.4424822
1.4574613
1.4232521
1.4215065
1.4375718
1.3967996
1.3951291
1.4153451
1.3227608
1.3212919
1.31907
1.327476
1.3260107
1.3222235
1.3364359
1.3349768
1.3277308
1.3526468
1.351185
1.3382449
1.3782356
1.3767729
1.3565919
1.4191302
1.4176231
1.3851936
1.4802523
1.478408
1.4311104
1.5290622
1.5254247
1.4950287
1.3418131
1.3337447
1.5129469
1.1843469
1.1722947
1.4172961
1.2535949
1.2473318
1.4723587
1.6076299
1.6026811
1.404284
1.6078532
1.604592
1.6155365
1.5612292
1.5586377
1.5940506
1.5198048
1.5176697
1.5473518
1.4870991
1.485181
1.5087351
1.4622437
1.4604504
1.4783656
1.4418995
1.4401567
1.4550938
1.4209263
1.4191901
1.4352497
1.3945741
1.3929133
1.4130415
1.3208028
1.3193381
1.3171154
1.325523
1.3240622
1.3202706
1.334491
1.3330362
1.3257849
1.3506984
1.3492406
1.3363059
1.3762858
1.3748267
1.3546457
1.4171206
1.415615
1.3832467
1.4777924
1.4759434
1.4290462
1.5242102
1.5205603
1.4922801
1.3310995
1.3233164
1.5066199
1.1684641
1.1575369
1.4125198
1.2452612
1.2391071
1.4547485
1.6010435
1.5961657
1.3961194
1.6035086
1.6002677
1.6097091
1.5577795
1.5552143
1.5900176
1.5169601
1.5148379
1.5440849
1.4845441
1.4826407
1.5060014
1.4598547
1.458074
1.4758747
1.4395776
1.437846
1.4527428
1.418613
1.4168862
1.4329418
1.3923616
1.3907102
1.4107503
1.3188505
1.3173899
1.3151667
1.3235761
1.3221197
1.3183234
1.3325521
1.331102
1.3238448
1.3487555
1.3473021
1.3343732
1.374341
1.372886
1.3527051
1.4151135
1.4136088
1.3813043
1.4753263
1.4734722
1.4269825
1.5193417
1.5156805
1.4895212
1.3207659
1.3132654
1.5002924
1.1540723
1.1442223
1.4081729
1.2370766
1.2310409
1.4371074
1.5945506
1.5897342
1.3880969
1.5991912
1.5959786
1.6039434
1.5543611
1.5518065
1.5860168
1.514133
1.5120263
1.5408393
1.4820087
1.4801196
1.5032891
1.4574825
1.4557141
1.4734027
1.4372706
1.4355502
1.4504082
1.4163122
1.4145947
1.4306481
1.3901616
1.3885193
1.4084713
1.3169037
1.3154474
1.3132231
1.3216351
1.3201832
1.316382
1.3306193
1.3291739
1.3219107
1.3468184
1.3453696
1.3324464
1.3724013
1.3709498
1.3507705
1.4131073
1.4116044
1.3793664
1.4728537
1.4709959
1.4249198
1.5144582
1.5107865
1.4867524
1.3108084
1.303583
1.4939653
1.1411102
1.1323033
1.4042331
1.2290465
1.2231129
1.4194743
1.588138
1.5833795
1.380191
1.5949101
1.5917117
1.5982401
1.5509571
1.5484236
1.5820531
1.5113265
1.5092329
1.5376383
1.4794922
1.4776163
1.5005943
1.4551267
1.4533703
1.4709483
1.4349786
1.4332692
1.44809
1.4140237
1.4123154
1.4283685
1.3879736
1.3863399
1.4062043
1.3149626
1.3135107
1.311285
1.3196999
1.3182526
1.3144464
1.3286928
1.3272521
1.3199827
1.3448874
1.3434436
1.3305259
1.3704669
1.3690195
1.3488424
1.4111035
1.4096018
1.3774323
1.4703762
1.4685146
1.422859
1.509561
1.5058805
1.4839747
1.301217
1.2942595
1.4876402
1.1295338
1.1217414
1.4006715
1.2211537
1.2153309
1.4018695
1.5818047
1.577115
1.3724177
1.5906502
1.5874774
1.5926033
1.5475833
1.5450692
1.5781097
1.5085366
1.506452
1.5344675
1.4769931
1.4751293
1.497913
1.4527868
1.4510419
1.4685102
1.4327013
1.4310028
1.4457874
1.4117474
1.4100481
1.4261029
1.385797
1.3841711
1.4039487
1.3130274
1.3115798
1.3093526
1.3177709
1.3163281
1.3125168
1.3267727
1.3253367
1.3180609
1.3429631
1.3415238
1.328612
1.3685374
1.3670937
1.3469203
1.4091016
1.4076019
1.3755027
1.4678939
1.4660298
1.4207999
1.5046525
1.5009661
1.4811901
1.2919812
1.2852781
1.4813216
1.1193058
1.1125043
1.3974644
1.2134084
1.2077008
1.3843939
1.5755606
1.5709274
1.3647673
1.5864219
1.5832538
1.587023
1.5442354
1.541746
1.57419
1.5057587
1.5036836
1.5313232
1.47451
1.472658
1.4952453
1.4504621
1.4487284
1.4660876
1.4304384
1.4287504
1.4435001
1.4094831
1.4077925
1.4238507
1.3836307
1.3820122
1.4017043
1.311098
1.3096549
1.3074258
1.3158479
1.3144098
1.3105931
1.3248589
1.3234279
1.3161456
1.341045
1.3396108
1.3267045
1.3666131
1.3651735
1.345005
1.4071024
1.4056046
1.3735776
1.4654079
1.463542
1.4187433
1.4997366
1.4960454
1.4783998
1.2830846
1.2766341
1.4750105
1.1103932
1.1045502
1.3945992
1.2058163
1.2002059
1.367432
1.569392
1.5648093
1.3572274
1.5821978
1.5790339
1.5814825
1.5409198
1.5384512
1.5702636
1.5029937
1.5009294
1.5281978
1.4720427
1.4702028
1.4925934
1.4481523
1.4464294
1.4636808
1.4281895
1.4265117
1.4412275
1.4072305
1.4055485
1.4216116
1.3814741
1.3798622
1.3994708
1.3091745
1.307736
1.3055048
1.3139312
1.312498
1.3086753
1.3229518
1.3215257
1.3142367
1.3391335
1.3377042
1.3248038
1.3646942
1.3632585
1.3430965
1.4051059
1.4036107
1.3716571
1.4629197
1.4610529
1.416689
1.4948149
1.4911204
1.4756049
1.2745248
1.2683276
1.4687075
1.102754
1.0978519
1.3920807
1.1983468
1.192805
1.3510788
1.5632887
1.5587485
1.3497694
1.577981
1.5748299
1.5759829
1.5376316
1.5351821
1.5663547
1.5002433
1.4981917
1.5250889
1.4695917
1.467765
1.4899595
1.445857
1.444145
1.4612905
1.425954
1.4242859
1.4389693
1.4049893
1.4033159
1.419385
1.3793263
1.3777207
1.397248
1.3072571
1.3058228
1.3035898
1.312021
1.3105923
1.3067635
1.3210513
1.3196304
1.312334
1.3372287
1.3358044
1.3229097
1.3627806
1.3613491
1.3411943
1.4031124
1.4016199
1.3697412
1.4604305
1.4585629
1.4146376
1.4898882
1.4861921
1.4728077
1.2663032
1.2603583
1.4624141
1.0963694
1.0924147
1.3899233
1.190968
1.1854931
1.3352845
1.5572419
1.5527431
1.3423847
1.5737822
1.5706484
1.5705283
1.5343688
1.5319377
1.5624687
1.4975101
1.4954728
1.5219974
1.4671584
1.4653458
1.4873456
1.4435761
1.441875
1.4589177
1.4237315
1.4220726
1.436725
1.4027595
1.4010947
1.4171707
1.3771867
1.375587
1.395036
1.3053454
1.3039157
1.3016804
1.3101171
1.3086933
1.3048578
1.3191574
1.3177414
1.3104378
1.3353304
1.3339109
1.3210219
1.3608727
1.3594454
1.3392985
1.4011226
1.3996327
1.3678297
1.4579404
1.4560732
1.4125889
1.4849591
1.4812615
1.470008
1.2584209
1.2527454
1.456132
1.0912499
1.0882542
1.3881372
1.1836798
1.1782724
1.3199743
1.55125
1.5467925
1.3350831
1.569607
1.566493
1.565121
1.5311304
1.528717
1.5586064
1.4947962
1.4927741
1.5189245
1.4647441
1.4629463
1.4847526
1.4413097
1.4396192
1.4565631
1.4215212
1.4198711
1.4344941
1.4005412
1.398885
1.414968
1.375055
1.3734611
1.3928348
1.3034398
1.3020146
1.299777
1.3082194
1.3068004
1.3029583
1.3172701
1.3158589
1.308548
1.3334385
1.3320239
1.3191404
1.35897
1.3575467
1.3374089
1.3991361
1.3976482
1.3659232
1.4554509
1.4535839
1.4105428
1.4800289
1.476329
1.4672068
1.2508961
1.2454753
1.4498615
1.0874117
1.0853973
1.3867199
1.1764829
1.17116
1.3050509
1.5453134
1.5408974
1.3278685
1.5654584
1.5623641
1.55976
1.5279155
1.5255188
1.5547668
1.4921027
1.4900958
1.5158705
1.4623495
1.4605667
1.4821801
1.4390574
1.4373773
1.4542268
1.4193225
1.4176807
1.4322758
1.3983344
1.3966869
1.4127765
1.372931
1.3713428
1.3906448
1.3015402
1.3001196
1.2978795
1.3063281
1.3049139
1.301065
1.3153893
1.3139828
1.3066647
1.3315532
1.3301428
1.317265
1.3570727
1.3556531
1.3355252
1.3971524
1.3956668
1.3640209
1.4529621
1.4510952
1.4084989
1.4750958
1.4713944
1.4644034
1.2437061
1.2385382
1.4435991
1.0848841
1.0838505
1.3856523
1.1694002
1.1641681
1.2905369
1.539432
1.5350553
1.32075
1.5613361
1.558261
1.5544417
1.5247225
1.5223408
1.5509476
1.4894294
1.4874374
1.5128349
1.4599749
1.4582065
1.4796272
1.4368188
1.4351484
1.4519083
1.4171348
1.4155008
1.4300694
1.3961392
1.3945007
1.4105958
1.3708146
1.3692323
1.3884663
1.2996467
1.2982308
1.295988
1.3044432
1.3030337
1.2991779
1.3135147
1.3121129
1.3047876
1.3296735
1.3282677
1.3153958
1.3551806
1.3537644
1.3336472
1.3951717
1.3936873
1.3621232
1.450473
1.4486056
1.4064565
1.4701608
1.4664579
1.4615976
1.2368578
1.2319365
1.4373505
1.0836568
1.0835554
1.3848948
1.162439
1.1573019
1.2764881
1.5336024
1.529262
1.3137325
1.5572389
1.5541807
1.5491629
1.5215493
1.519181
1.5471476
1.4867759
1.4847985
1.5098169
1.4576193
1.4558644
1.4770922
1.4345931
1.4329318
1.4496064
1.4149573
1.4133305
1.4278736
1.393956
1.3923265
1.4084254
1.3687059
1.3671295
1.3862996
1.2977595
1.296348
1.2941025
1.3025647
1.30116
1.2972968
1.3116464
1.3102492
1.3029172
1.3277996
1.3263982
1.3135326
1.3532928
1.3518806
1.3317746
1.3931928
1.3917103
1.3602297
1.4479827
1.4461142
1.4044152
1.4652239
1.4615215
1.4587888
1.2303385
1.2256571
1.4311149
1.0836596
1.0844099
1.3844009
1.155605
1.1505575
1.2629937
1.5278206
1.5235134
1.3068115
1.5531642
1.5501234
1.5439191
1.5183938
1.5160382
1.5433665
1.4841417
1.4821778
1.5068168
1.4552814
1.4535384
1.4745727
1.4323793
1.4307261
1.4473194
1.4127894
1.4111693
1.4256873
1.3917848
1.3901643
1.4062648
1.3666052
1.3650348
1.3841449
1.2958784
1.2944715
1.2922232
1.3006925
1.2992925
1.2954219
1.3097842
1.3083916
1.3010527
1.3259316
1.3245343
1.3116754
1.3514103
1.3500017
1.3299077
1.3912165
1.3897359
1.3583409
1.4454913
1.4436211
1.4023761
1.4602875
1.4565856
1.455977
1.224139
1.2196958
1.4248972
1.0847808
1.0862863
1.3841279
1.1488884
1.1439234
1.2500754
1.522083
1.5178076
1.2999825
1.5491129
1.5460901
1.5387093
1.5152552
1.5129126
1.5396028
1.4815251
1.4795723
1.503837
1.4529592
1.4512265
1.4720659
1.4301762
1.4285302
1.4450456
1.4106304
1.4090167
1.4235096
1.3896256
1.388014
1.4041136
1.3645124
1.3629483
1.382002
1.2940033
1.2926011
1.2903504
1.2988267
1.2974315
1.2935532
1.3079281
1.3065402
1.2991948
1.3240693
1.3226763
1.3098242
1.3495327
1.3481282
1.3280467
1.3892428
1.3877641
1.356457
1.4429978
1.4411262
1.4003383
1.4553519
1.4516517
1.4531622
1.2182571
1.2140579
1.4186949
1.0868939
1.0890123
1.3840417
1.1422817
1.1373975
1.2377449
1.5163874
1.512142
1.2932404
1.5450854
1.5420792
1.5335342
1.5121339
1.5098042
1.5358552
1.4789228
1.4769782
1.5008792
1.4506503
1.4489264
1.4695692
1.4279826
1.4263432
1.4427831
1.4084798
1.4068723
1.4213395
1.3874782
1.3858753
1.4019716
1.3624279
1.36087
1.379871
1.2921344
1.2907367
1.2884833
1.2969672
1.2955768
1.2916907
1.3060782
1.304695
1.2973429
1.3222127
1.3208243
1.3079793
1.3476607
1.3462604
1.3261916
1.3872719
1.3857963
1.3545789
1.440502
1.4386293
1.3983039
1.4504189
1.4467226
1.4503449
1.2127022
1.2087507
1.4125179
1.0897361
1.0918984
1.3841213
1.1357821
1.1309694
1.2260115
1.5107319
1.5065172
1.2865894
1.5410799
1.5380887
1.5283943
1.5090299
1.5067142
1.5321253
1.4763311
1.4743934
1.4979439
1.448353
1.4466369
1.4670814
1.4257976
1.4241643
1.4405308
1.4063374
1.404736
1.4191769
1.3853424
1.383748
1.3998386
1.3603518
1.3588003
1.3777515
1.2902716
1.2888955
1.2866403
1.295114
1.2937448
1.2898513
1.3042346
1.3028721
1.2955141
1.3203623
1.3189949
1.3061564
1.3457942
1.3444142
1.3243586
1.3853047
1.3838471
1.3527218
1.4380043
1.4361469
1.3962867
1.4454935
1.4418388
1.4475423
1.2074616
1.2036836
1.4064181
1.0926045
1.094653
1.3844202
1.1293542
1.1244755
1.215212
1.5051175
1.5009555
1.2799131
1.5370944
1.5341415
1.5233117
1.505945
1.5036668
1.5284401
1.4737486
1.4718377
1.4950509
1.446066
1.4443755
1.4646219
1.4236208
1.4220108
1.4383058
1.4042033
1.4026252
1.4170388
1.383218
1.381649
1.3977317
1.3582843
1.3567571
1.3756604
1.661736
1.6652592
1.6367185
1.828627
1.7757033
1.7687977
1.6459947
1.6705474
1.6908797
1.9723417
2.0816511
1.9279669
1.676695
1.7218377
1.6833792
1.8067577
1.7656961
1.7030703
1.7030026
1.7511965
1.7688973
1.7543883
1.8164334
1.8291396
1.9882106
1.9908242
1.9424033
1.9444684
1.9827663
1.9855454
1.9769994
1.9799502
1.9446604
1.9436256
1.9711427
1.9740577
1.9659669
1.9684659
1.9428314
1.9399435
1.9616941
1.9637216
1.9583293
1.9599096
1.9389796
1.936487
1.9555394
1.9568105
1.953488
1.9543337
1.9358067
1.9340752
1.9519614
1.9525436
1.9506579
1.9510853
1.9337016
1.8280894
1.8615355
1.8639986
2.0564685
2.0869707
1.7281019
1.6094978
1.619832
1.6062518
1.6558556
1.6359288
1.6224007
1.7064663
1.6936201
1.71915
1.9325857
1.9496387
1.9499163
1.9491157
1.949224
1.9324409
1.7554059
1.8893679
1.891324
1.9324036
1.949052
1.9489206
1.9496057
1.9490123
1.9327435
1.7731742
1.8989026
1.9011596
1.9335644
1.9509032
1.9500215
1.9525623
1.9514985
1.9340259
1.7934003
1.9106367
1.9132826
1.6873465
1.724668
1.7161437
1.6263263
1.6133636
1.6011215
1.6430648
1.6268757
1.6433751
1.5966319
1.609151
1.6219662
1.6795246
1.7097437
1.701038
1.7277369
1.719829
1.6851705
1.8027697
1.7474499
1.7547493
1.7081975
1.7439568
1.7353679
1.7560899
1.7494061
1.7136814
1.8337691
1.7821958
1.789648
1.7693315
1.7163344
1.7124581
1.7233264
1.7199623
1.7735509
1.6362332
1.6728336
1.6760587
1.7818842
1.7291269
1.7264532
1.7339448
1.7319187
1.7834125
1.6453331
1.6839163
1.6855396
1.7906164
1.7398283
1.7368223
1.7430722
1.7417475
1.7929973
1.6530066
1.6926402
1.6942398
1.7969597
1.7458402
1.7443773
1.7478595
1.746896
1.797598
1.6579918
1.699051
1.7003041
1.7989425
1.7493198
1.7486627
1.7503177
1.7498739
1.7989143
1.6613202
1.7030314
1.7036655
1.7974415
1.7507758
1.7505818
1.7511763
1.7509555
1.7968138
1.6634797
1.7050591
1.7055025
1.7959477
1.7516888
1.7514307
1.7521362
1.7519509
1.7956872
1.6654665
1.7068921
1.7073317
1.7946171
1.7524306
1.7523269
1.7528179
1.7526458
1.7942807
1.6674206
1.7086463
1.7090664
1.9356939
1.9545049
1.9532897
1.9566409
1.9553632
1.9363503
1.8162279
1.9244224
1.9271773
2.7076512
2.5663603
11.906019
1.8370824
1.8755455
1.8859941
1.7286068
1.9948458
2.0245347
1.942255
1.9675923
1.7273912
13.551421
4.5133393
4.3252515
1.7618265
1.7387037
1.7391884
1.8239167
1.842096
1.9190634
1.9692519
2.0046612
2.0865318
1.7933844
1.7829931
1.7502109
1.6500685
1.6690722
1.657553
1.6900373
1.6797465
1.6591051
1.7411906
1.7043655
1.7159766
1.7488353
1.6989012
1.6938233
1.7082406
1.7037992
1.7547146
1.6245804
1.6585171
1.6624713
1.7324157
1.769106
1.7628955
1.7795716
1.7746046
1.7382783
1.8569314
1.8095457
1.8153525
1.7528152
1.7884965
1.7841687
1.7960732
1.7924227
1.7568078
1.8735302
1.829899
1.8338943
1.7939305
1.7534182
1.7531552
1.7541691
1.7538153
1.7939363
1.6695334
1.7106661
1.7111588
1.7945617
1.7552064
1.7546854
1.7566174
1.7559098
1.7951152
1.6720947
1.713246
1.713945
1.7975265
1.7585087
1.7575502
1.7608638
1.7596548
1.7988297
1.6752158
1.7166119
1.7176126
1.9381755
1.9588042
1.9575155
1.9585095
1.9596979
1.9388524
1.8229212
1.9343927
1.9239083
1.8165206
1.7970175
1.8803073
1.7210279
1.6763368
1.6698797
1.6882704
1.6824874
1.7287239
1.6101673
1.64087
1.6456046
1.7675993
1.8025797
1.7994581
1.8082421
1.8055251
1.7708958
1.8858108
1.84405
1.8468885
1.8034116
1.7639045
1.7622597
1.7741463
1.772017
1.8086756
1.6856272
1.7280746
1.7288372
1.4785062
1.4772647
1.4772427
1.4794083
1.478278
1.4784322
1.4760285
1.4747972
1.474727
1.4767152
1.476098
1.4761018
1.4768036
1.4761921
1.4762432
1.4769517
1.4763497
1.4764347
1.4771554
1.4765677
1.4766694
1.4774369
1.4768709
1.4769807
1.4778087
1.4772616
1.4773562
1.478282
1.4777696
1.477777
1.4788347
1.4783705
1.4782519
1.4795322
1.4791186
1.4787837
1.4803063
1.4799234
1.4794625
1.4798953
1.4795785
1.4793766
1.4800408
1.4796155
1.4792746
1.4797591
1.4794222
1.4788839
1.4798619
1.4794038
1.4790269
1.4800333
1.4795994
1.4792578
1.4800972
1.4796634
1.4793894
1.4796006
1.4792115
1.4788989
1.4791841
1.4787355
1.4784919
1.4788758
1.4784
1.4782233
1.4785967
1.4780928
1.4779644
1.4770624
1.4759902
1.4763342
1.4735524
1.472327
1.4722328
1.4742443
1.4736298
1.4736044
1.4743759
1.4737749
1.4738224
1.4745722
1.4739848
1.4740575
1.4748337
1.4742542
1.4743247
1.4751987
1.4746554
1.4746991
1.4756929
1.4751896
1.4751757
1.4763305
1.4758706
1.4757177
1.477069
1.4766575
1.4763049
1.477946
1.4775806
1.4768872
1.4788498
1.4785272
1.4776843
1.4787699
1.4784835
1.477717
1.4785475
1.478217
1.4775802
1.4782781
1.4779375
1.4775667
1.4783038
1.4779734
1.4774328
1.4783752
1.4779967
1.4776048
1.4784548
1.4780908
1.4776269
1.4780338
1.4776469
1.4770745
1.4774359
1.4770168
1.4765376
1.4770127
1.476558
1.4762086
1.4765993
1.4761113
1.4758941
1.4747924
1.4737329
1.4742826
1.4710928
1.4698842
1.4697618
1.4717675
1.4711609
1.4711194
1.4719637
1.4713571
1.4713858
1.4722072
1.4716269
1.4716658
1.4725639
1.472008
1.4720302
1.4730627
1.4725406
1.4725118
1.473717
1.4732389
1.4731181
1.4745411
1.4741161
1.4738094
1.4754876
1.4751226
1.474557
1.4765662
1.4762635
1.4752464
1.4776464
1.4773905
1.4761988
1.4776904
1.4774739
1.476375
1.4773557
1.4771285
1.4762514
1.4771056
1.4769681
1.4765611
1.4770188
1.476758
1.4763096
1.4770019
1.4767189
1.4762795
1.4771046
1.4768063
1.4761218
1.4765442
1.4762045
1.4755052
1.4758144
1.475433
1.474782
1.4752174
1.4747869
1.4743284
1.4746676
1.4742029
1.4739273
1.4725827
1.4716299
1.4723351
1.4686625
1.4674626
1.4673135
1.4693369
1.4687372
1.4686825
1.4695755
1.4689858
1.4690049
1.4699005
1.4693295
1.4693498
1.4703595
1.4698168
1.4698064
1.4710016
1.4704991
1.4704165
1.4718481
1.4714001
1.4711917
1.4729038
1.4725247
1.4720905
1.474116
1.4738161
1.4730657
1.4754692
1.4752547
1.473955
1.4767508
1.4766031
1.4751016
1.4769819
1.4768713
1.4755303
1.4766406
1.4765437
1.4755469
1.4767334
1.476477
1.4760531
1.4761296
1.4759839
1.4754938
1.4760057
1.4758172
1.4753182
1.4759937
1.4757582
1.4749859
1.4752832
1.4750088
1.4742282
1.4743494
1.4740084
1.4732692
1.4735439
1.4731487
1.4726503
1.4728401
1.4724031
1.4721212
1.4705446
1.4695839
1.4704869
1.466249
1.4650534
1.4648674
1.4669328
1.4663385
1.4662716
1.4672268
1.4666443
1.4666568
1.4676317
1.4670712
1.4670791
1.4682119
1.4676853
1.4676524
1.4690284
1.4685515
1.4684285
1.470115
1.4697078
1.46943
1.4714776
1.4711617
1.4706161
1.4730429
1.472836
1.4719261
1.4747731
1.4746862
1.473141
1.4763492
1.4763588
1.4745685
1.4767548
1.4768279
1.475318
1.4765266
1.4766166
1.4755322
1.4762448
1.4763337
1.4760678
1.4757066
1.4757322
1.4752784
1.4754022
1.4753264
1.4748007
1.4751921
1.4750596
1.4742999
1.474293
1.4740953
1.4732702
1.4730536
1.4727616
1.472015
1.4720244
1.4716736
1.4711904
1.4711327
1.4707314
1.4704824
1.4685636
1.4677361
1.4687586
1.4638515
1.4626636
1.462444
1.4645538
1.4639649
1.4638858
1.4649086
1.4643341
1.4643419
1.4654072
1.4648589
1.4648593
1.4661338
1.4656268
1.4655791
1.4671666
1.4667217
1.4665688
1.4685611
1.468206
1.4678709
1.4703379
1.4701089
1.4694569
1.4723878
1.4723082
1.4712475
1.474658
1.4747559
1.472979
1.4766237
1.4767848
1.4748709
1.4772589
1.4774823
1.4759652
1.477167
1.4774014
1.4763449
1.4767186
1.4772967
1.4766172
1.47621
1.4764547
1.4759965
1.4753258
1.475424
1.4750249
1.47486
1.474871
1.4741866
1.4736484
1.4735555
1.4727616
1.4719867
1.4717679
1.4710884
1.4707
1.4704047
1.46998
1.4695759
1.4692177
1.4690362
1.4667971
1.4659414
1.4671525
1.4614707
1.4602954
1.4600442
1.4621921
1.4616001
1.4615033
1.4626241
1.4620589
1.462062
1.4632347
1.4627007
1.4626952
1.4641392
1.4636552
1.4635961
1.465443
1.4650375
1.4648588
1.4672374
1.4669492
1.4665607
1.4695798
1.4694631
1.4687003
1.4723174
1.4724254
1.4712181
1.4752102
1.4754171
1.4735892
1.4774209
1.4777213
1.475835
1.4782889
1.478682
1.4772421
1.4783999
1.4788079
1.4777381
1.4782048
1.4784375
1.47784
1.4773143
1.4776615
1.4772999
1.4760117
1.4762623
1.4760568
1.4751985
1.4754161
1.4748988
1.4734732
1.4735194
1.4728516
1.4712569
1.4711393
1.4706041
1.4696169
1.4693895
1.4690779
1.4682012
1.4678928
1.4678055
1.4650931
1.4644008
1.4656943
1.4591265
1.4579629
1.4576681
1.4598392
1.4592609
1.4591619
1.4603747
1.4598137
1.4598016
1.4611211
1.4606031
1.4605907
1.4622426
1.4617859
1.4617139
1.4638885
1.4635297
1.4633215
1.4662076
1.4660046
1.4655525
1.4693241
1.4693574
1.4684676
1.4729007
1.4731158
1.4718525
1.4762224
1.4765642
1.4747132
1.4788467
1.4793415
1.4774406
1.4800088
1.4806516
1.47928
1.4803468
1.4809416
1.4798753
1.4797637
1.4803747
1.4796438
1.4789083
1.4794262
1.4792311
1.4771989
1.4775622
1.4775863
1.4762376
1.4765558
1.4762189
1.4739171
1.4741447
1.4737126
1.4709708
1.4709839
1.4706888
1.4688345
1.4686964
1.4685583
1.4670345
1.4667811
1.466826
1.4636033
1.4628925
1.4644001
1.4567976
1.4556445
1.4552898
1.457534
1.4569631
1.4568521
1.4581436
1.4576004
1.4575817
1.4590735
1.4585726
1.4585485
1.4604593
1.4600332
1.4599408
1.462536
1.462233
1.4619819
1.4655483
1.4654532
1.4649104
1.4697001
1.469863
1.4688726
1.4739343
1.4742779
1.4729186
1.4778551
1.4783844
1.4764764
1.481141
1.4818923
1.4799304
1.4827337
1.4837449
1.4823685
1.4830731
1.4834652
1.4831068
1.4823918
1.4831612
1.4825734
1.4812212
1.4819158
1.4818967
1.4789295
1.479454
1.4797618
1.4776772
1.4781048
1.4779885
1.4750097
1.4753356
1.4751058
1.4712485
1.4714206
1.4714617
1.4684329
1.4683992
1.4684842
1.4661061
1.4659201
1.4661251
1.4622059
1.4616736
1.4633076
1.4544955
1.4533502
1.4529483
1.4552577
1.4546945
1.454568
1.4559901
1.4554598
1.4554199
1.4570974
1.4566145
1.4565724
1.4588024
1.4584102
1.4582846
1.4614197
1.4611828
1.4608651
1.4653475
1.4653843
1.4647061
1.4704901
1.4707486
1.4696747
1.4755194
1.4760234
1.4745304
1.4803463
1.4811328
1.4790981
1.4846357
1.4857293
1.4836663
1.486902
1.488452
1.4869776
1.486595
1.4874299
1.4879083
1.4858836
1.4867667
1.4864868
1.4844728
1.4854413
1.4856774
1.4813867
1.4821363
1.4828066
1.4795964
1.4801636
1.4803298
1.476451
1.4768679
1.4768778
1.4722241
1.4725553
1.4728593
1.4684791
1.4685713
1.4689535
1.4654699
1.4653634
1.4657801
1.4610319
1.4604892
1.462396
1.452207
1.4510702
1.4506384
1.4530122
1.4524552
1.4523093
1.4538839
1.4533624
1.4533009
1.4551965
1.4547321
1.4546606
1.4572829
1.4569254
1.4567494
1.4605714
1.4604104
1.4599908
1.46568
1.4658289
1.4649968
1.4716925
1.4720621
1.4708578
1.4778151
1.4785245
1.4768212
1.4840199
1.4851515
1.4828378
1.4898476
1.4913851
1.4891306
1.4931827
1.4955513
1.4938931
1.4920882
1.4933107
1.4950998
1.4896842
1.4906867
1.4917398
1.4890671
1.4904651
1.4911
1.4847966
1.4858269
1.4869817
1.482117
1.4828579
1.4833839
1.4782761
1.4788008
1.4791119
1.4736616
1.4740662
1.4745686
1.4690472
1.4692793
1.470052
1.4651596
1.46514
1.465833
1.459962
1.4595951
1.4617163
1.4499415
1.448849
1.4483518
1.450793
1.450247
1.4500716
1.4517911
1.4512739
1.4511982
1.4533658
1.4529121
1.4527926
1.4559073
1.4555834
1.455334
1.4600195
1.4599371
1.4593643
1.4663526
1.4665635
1.4656111
1.4733779
1.4738753
1.4724754
1.4810136
1.4819649
1.479926
1.4892668
1.4908649
1.4880666
1.4974947
1.4997593
1.4970605
1.5027675
1.5064466
1.5045152
1.5008944
1.5031395
1.5062768
1.4958938
1.498552
1.4973406
1.4954737
1.4974493
1.4987134
1.4894125
1.4907717
1.4925572
1.4853672
1.4863131
1.487302
1.4805779
1.4812389
1.4818898
1.4754041
1.4758875
1.476643
1.4702116
1.470597
1.4716624
1.4652167
1.4652933
1.4663243
1.4591179
1.4587641
1.4612447
1.4477127
1.4465759
1.4460147
1.4486143
1.4480875
1.4478989
1.4497486
1.449247
1.4491519
1.4515817
1.4511716
1.4509292
1.4546392
1.4543768
1.4539797
1.4597802
1.4597519
1.4589557
1.4672956
1.4675562
1.4664447
1.4756067
1.4762442
1.4745692
1.4852914
1.4865251
1.4839948
1.4966268
1.498833
1.4951911
1.5088933
1.5122359
1.5086498
1.5178666
1.5240036
1.5209298
1.5152444
1.5181743
1.5241091
1.5076573
1.5114246
1.5072458
1.504237
1.5069026
1.5091765
1.4954805
1.497231
1.499844
1.4894697
1.4906564
1.4922395
1.4834361
1.4842344
1.4852467
1.4774807
1.4780561
1.479086
1.4718311
1.4722752
1.4735202
1.4656488
1.4658201
1.4672349
1.4584099
1.4582294
1.4610325
1.4454472
1.4443384
1.4436746
1.4464563
1.4459163
1.4456756
1.4477161
1.447217
1.4471075
1.4499635
1.4495129
1.4491601
1.4537103
1.4534648
1.4528634
1.4598375
1.4600116
1.4587697
1.468473
1.4688591
1.4673689
1.4784256
1.4791817
1.4771503
1.4908263
1.4923787
1.4891415
1.506735
1.5097585
1.5047803
1.5263212
1.5316497
1.5257963
1.5426598
1.5504148
1.5471632
1.5378269
1.5456587
1.5523789
1.5247647
1.5303068
1.5301272
1.5160598
1.5196129
1.5234851
1.5032639
1.5055156
1.5091695
1.4945237
1.4959779
1.4982461
1.4868913
1.4878454
1.4893048
1.4799428
1.4806037
1.4819348
1.4736893
1.4741886
1.475628
1.4664907
1.4667705
1.4686342
1.4579057
1.4577334
1.4610393
1.4432229
1.4421207
1.4413884
1.4442972
1.4437593
1.4434767
1.445749
1.4452579
1.445087
1.4482769
1.4478729
1.4474454
1.4526056
1.4523643
1.4516842
1.4601622
1.4602773
1.4585799
1.4700532
1.4703978
1.4686659
1.4813476
1.4826193
1.4803976
1.4977517
1.4995991
1.4950673
1.5204361
1.5236275
1.5171878
1.5530792
1.5613677
1.5514091
1.5768529
1.5872727
1.5825431
1.571597
1.5812165
1.5861233
1.5507255
1.5584105
1.5618428
1.5318852
1.5365403
1.5428809
1.5129454
1.5157111
1.5207791
1.5006948
1.5023762
1.5053804
1.4909024
1.491982
1.4939985
1.4827354
1.4834888
1.4851686
1.4757591
1.4763146
1.4779731
1.4677533
1.4681333
1.4704125
1.4575763
1.4575607
1.4613107
1.4410122
1.4399232
1.4391345
1.4421588
1.44163
1.4413196
1.4438117
1.4433338
1.4430853
1.4466746
1.4462807
1.445782
1.4516474
1.4514166
1.4505984
1.4606087
1.460711
1.4588038
1.4715997
1.4720287
1.4701051
1.4855451
1.4865975
1.4836511
1.5062562
1.5083851
1.5025443
1.5359121
1.5408959
1.531483
1.5837242
1.5930655
1.5998104
1.5522635
1.5579857
1.5680286
1.5245696
1.5277636
1.5345764
1.5077543
1.5096687
1.5135691
1.4954466
1.49666
1.4992916
1.4858824
1.4867183
1.4887746
1.4780485
1.4786611
1.4805564
1.4693989
1.4698637
1.4723544
1.4574192
1.4573514
1.4617923
1.4388182
1.4377341
1.4369094
1.4400384
1.4395081
1.4391666
1.4418959
1.4414112
1.4410838
1.4451032
1.4447084
1.4441161
1.4507392
1.4505145
1.449494
1.4610153
1.4611218
1.4590414
1.4733039
1.4737249
1.4713883
1.4898491
1.4909519
1.4872091
1.5154248
1.5178685
1.5105933
1.5578557
1.5640109
1.5496593
1.62414
1.6359511
1.6512315
1.5765197
1.5831087
1.5976603
1.5378846
1.5414957
1.5502454
1.5156738
1.5177942
1.5227275
1.5004934
1.5018229
1.5051223
1.4893621
1.4902585
1.4927096
1.4805507
1.4812113
1.4833583
1.4713
1.4717928
1.4744418
1.4574179
1.4575053
1.4625339
1.4366314
1.4355545
1.4346929
1.4379213
1.4373982
1.4370182
1.4399653
1.439483
1.4390809
1.4435204
1.44312
1.4424242
1.4498396
1.4496085
1.4483532
1.4614395
1.4615415
1.4591214
1.4749677
1.4753754
1.4726849
1.4942548
1.4953422
1.4908443
1.5252909
1.527778
1.5188971
1.5831667
1.5896097
1.5692848
1.6031658
1.6099963
1.6292735
1.5522989
1.5560908
1.5668756
1.524258
1.5264746
1.5325352
1.505926
1.5073247
1.5113318
1.4930785
1.4940195
1.4968709
1.4832143
1.4839132
1.4863232
1.4732995
1.4738141
1.476638
1.4575445
1.4572906
1.4633903
1.4344523
1.4333737
1.4324824
1.4358171
1.4352928
1.4348766
1.4380301
1.4375421
1.437069
1.441908
1.4414969
1.4406881
1.4488952
1.4486455
1.4471395
1.4617933
1.4618456
1.4590341
1.4765698
1.476956
1.4738757
1.4985332
1.4995635
1.4942767
1.5351283
1.5375011
1.5269095
1.6083547
1.6142802
1.5885016
1.6291846
1.635985
1.6579345
1.5671079
1.5706562
1.5834784
1.5331497
1.5354749
1.5426072
1.5116404
1.5130601
1.5177659
1.4969834
1.4979474
1.5011978
1.4860215
1.4867564
1.4894253
1.4753914
1.475927
1.4789377
1.4573337
1.4571883
1.4644521
1.4322701
1.4311932
1.4302753
1.4336979
1.4331732
1.4327243
1.4360656
1.435574
1.435035
1.4402372
1.4398123
1.4388874
1.4478471
1.4475695
1.4458051
1.4618974
1.4618831
1.4586906
1.4780597
1.4784057
1.4749037
1.5025383
1.5034691
1.4973598
1.5443625
1.5465006
1.5342657
1.652274
1.6584034
1.6856472
1.5810402
1.585478
1.599084
1.5420572
1.5440648
1.5525459
1.5174094
1.5189391
1.5242971
1.5009839
1.5019322
1.5055817
1.4889132
1.489612
1.4926114
1.477541
1.4781297
1.4813191
1.4570195
1.4566656
1.4655993
1.430086
1.4290051
1.4280653
1.4315738
1.4310447
1.4305659
1.434083
1.4335822
1.4329826
1.438503
1.4380567
1.4370236
1.4466694
1.446349
1.4443317
1.4617186
1.4616247
1.4580431
1.4793604
1.4796476
1.4756986
1.5060996
1.5069095
1.5000061
1.5525769
1.554443
1.5406605
1.6735746
1.6767724
1.7035519
1.5951497
1.5986587
1.6152249
1.5506055
1.5526532
1.562545
1.5233605
1.524895
1.5310961
1.5045314
1.5058716
1.5100503
1.491846
1.4923435
1.4955673
1.4795112
1.4797975
1.4836002
1.4563605
1.4567161
1.4670838
1.4278937
1.4268083
1.4258491
1.4294341
1.4289007
1.428396
1.4320648
1.431554
1.4309009
1.4366862
1.4362188
1.4350893
1.4453185
1.4449526
1.4427105
1.4612172
1.4610411
1.4570939
1.480389
1.4805946
1.4761992
1.509153
1.5098319
1.5021381
1.5596127
1.561152
1.5460707
1.6895484
1.6935628
1.7195523
1.6062301
1.6090012
1.6258793
1.5579306
1.5601601
1.5709285
1.5291218
1.5303976
1.5371248
1.5091324
1.5100549
1.5142905
1.4946791
1.4951967
1.4985948
1.481754
1.4826388
1.4861474
1.4567914
1.4574786
1.468062
1.4256933
1.4246025
1.4236272
1.427278
1.4267399
1.4262138
1.4300071
1.4294863
1.4287865
1.4347868
1.4342994
1.4330864
1.4437893
1.4433797
1.4409487
1.4603827
1.4601233
1.45586
1.4810794
1.4811732
1.4761669
1.511631
1.5121655
1.5037677
1.5654572
1.5666789
1.5504829
1.7042285
1.7074095
1.7341833
1.6172629
1.6198492
1.6365852
1.5663299
1.5682585
1.5790875
1.5341692
1.5354799
1.5427682
1.5129426
1.5139173
1.5184348
1.4970439
1.4977539
1.5014687
1.4842276
1.4848049
1.4887078
1.4573971
1.4573398
1.4691359
1.4234834
1.4223872
1.4213997
1.425104
1.4245608
1.4240171
1.4279084
1.4273771
1.4266387
1.4328092
1.4323033
1.4310176
1.4420899
1.4416402
1.4390584
1.459225
1.4588853
1.4543607
1.4811893
1.4811327
1.4755685
1.5134955
1.5138905
1.5048649
1.5702001
1.5711743
1.5539857
1.8494917
1.8518433
1.8919781
1.7162633
1.7189975
1.7473422
1.627153
1.6294449
1.6462664
1.5737591
1.5754716
1.586464
1.539203
1.5403928
1.5480736
1.5167236
1.5176079
1.5224435
1.4998817
1.5005653
1.5042267
1.4864595
1.4869954
1.4910152
1.4570801
1.457401
1.470013
1.4212645
1.4201634
1.4191678
1.4229115
1.4223638
1.4218063
1.4257687
1.4252281
1.4244596
1.430759
1.430236
1.4288899
1.4402345
1.4397492
1.4370521
1.4577617
1.457356
1.4526319
1.4807149
1.4805035
1.4744885
1.5147945
1.5150455
1.5053044
1.5742087
1.5748219
1.5568351
1.8577182
1.8593462
1.8966736
1.7263168
1.7284681
1.7576447
1.6357244
1.637624
1.6547365
1.5802256
1.5816991
1.5931803
1.5438756
1.5449956
1.553174
1.5201601
1.5209671
1.5262235
1.5025767
1.5032375
1.5069823
1.4885819
1.4891125
1.4932509
1.4575189
1.457863
1.470975
1.4190378
1.4179323
1.4169328
1.4207039
1.4201517
1.419584
1.423594
1.423045
1.4222547
1.4286443
1.428106
1.4267131
1.4382466
1.4377308
1.4349477
1.4560378
1.4555821
1.4507081
1.4797215
1.4793632
1.4730343
1.5155372
1.5155103
1.5051695
1.5763951
1.5769551
1.5582007
1.8634844
1.864627
1.8994826
1.7342645
1.7360242
1.7651213
1.6428221
1.6443966
1.662053
1.5858326
1.5871083
1.5990468
1.5481909
1.5492037
1.55788
1.5232607
1.5239862
1.5296767
1.5051795
1.5058097
1.5097199
1.4906685
1.4911786
1.4953891
1.4581485
1.4584625
1.471809
1.4168057
1.415697
1.4146973
1.4184831
1.4179285
1.4173536
1.4213902
1.420836
1.4200308
1.4264751
1.4259263
1.4244979
1.4361512
1.4356149
1.4327687
1.4541103
1.4535931
1.4486148
1.478425
1.4780092
1.4713102
1.5153739
1.5152698
1.5045153
1.5783233
1.5786861
1.5593245
1.8674335
1.868181
1.9015134
1.7409542
1.7424346
1.7709094
1.6487652
1.6501113
1.6682992
1.590699
1.5918299
1.6040766
1.5521005
1.5530225
1.5620332
1.5260666
1.5267381
1.5327646
1.5076248
1.5082117
1.5123206
1.4926122
1.493071
1.4973953
1.4586953
1.4589224
1.4724228
1.4145697
1.4134604
1.4124629
1.4162531
1.4156966
1.4151167
1.4191657
1.4186077
1.4177926
1.424266
1.4237097
1.4222546
1.433981
1.4334322
1.4305385
1.4520132
1.4514694
1.4464221
1.4767389
1.4762936
1.4693783
1.5148154
1.5146218
1.5033469
1.5796499
1.5799397
1.560172
1.8701814
1.8707937
1.9029685
1.7464453
1.7476256
1.7759563
1.6538646
1.6550402
1.6736862
1.5950329
1.5960488
1.6083625
1.555632
1.55644
1.5656095
1.528693
1.5293141
1.5355847
1.509933
1.5104896
1.5147835
1.4943645
1.49477
1.4992871
1.4590558
1.4591681
1.4727938
1.412334
1.4112243
1.4102316
1.4140199
1.4134624
1.4128792
1.4169317
1.4163721
1.4155496
1.4220347
1.4214746
1.4199991
1.4317705
1.4312141
1.4282853
1.4498334
1.4492842
1.4441974
1.4749145
1.4744396
1.4673507
1.5140088
1.5138119
1.5020081
1.5807497
1.5810005
1.5607951
1.872493
1.8730605
1.9045412
1.750729
1.7516288
1.7802346
1.6583102
1.6593351
1.6781315
1.598915
1.5998213
1.61208
1.558687
1.5593772
1.5686862
1.5310709
1.5316167
1.5381047
1.5120997
1.5126124
1.51707
1.4958362
1.496156
1.5010489
1.4591861
1.4591811
1.4729488
1.4101003
1.4089938
1.408006
1.4117849
1.4112282
1.4106431
1.4146938
1.4141358
1.4133069
1.4197945
1.4192352
1.4177434
1.4295451
1.4289904
1.4260301
1.4476381
1.4470921
1.4419719
1.472988
1.4725063
1.465308
1.5132608
1.5130956
1.5007442
1.5817654
1.5820312
1.5612737
1.8743944
1.8747477
1.9065683
1.7540558
1.7547395
1.783428
1.6621825
1.6630563
1.6817559
1.6023651
1.6031539
1.6154128
1.5613071
1.5619075
1.5713321
1.533158
1.5336436
1.5403026
1.5140608
1.5145132
1.5190947
1.496965
1.4972016
1.502567
1.4590867
1.4589797
1.4729209
1.4078735
1.4067703
1.405787
1.4095557
1.4090006
1.4084137
1.4124639
1.411908
1.4110737
1.4175631
1.4170077
1.4155018
1.4273372
1.4267902
1.4237979
1.4454695
1.4449352
1.4397861
1.4710886
1.4706309
1.4633236
1.5126248
1.5124891
1.4996446
1.5828701
1.5831657
1.5618918
1.8760846
1.8765549
1.9079808
1.7567122
1.7572505
1.7857744
1.665405
1.6660937
1.6847488
1.605305
1.6059465
1.6182996
1.5635946
1.5641179
1.5736082
1.5350266
1.5354583
1.5422124
1.5157911
1.5161914
1.5208354
1.4977579
1.4979097
1.5036492
1.4587952
1.4586059
1.4727399
1.4056537
1.4045563
1.4035776
1.4073337
1.4067809
1.4061921
1.4102447
1.4096925
1.4088522
1.4153485
1.4147988
1.4132798
1.4251627
1.4246269
1.4215977
1.4433629
1.4428485
1.4376681
1.4693039
1.4688863
1.4614489
1.5121179
1.5120121
1.4987493
1.5841811
1.5845209
1.5627519
1.8776997
1.8780582
1.9094503
1.7585614
1.7588879
1.7873527
1.6679339
1.6684584
1.6870496
1.6076443
1.6081374
1.6206515
1.5655671
1.5660093
1.5755035
1.5366768
1.5370532
1.54383
1.517301
1.5176436
1.5223145
1.4981992
1.4982562
1.5043259
1.4583429
1.4580791
1.47241
1.4034349
1.402372
1.4013717
1.4051203
1.4045605
1.4039688
1.4080404
1.4074857
1.4066355
1.4131595
1.4126189
1.4110803
1.4230347
1.4225269
1.4194551
1.4413432
1.4408904
1.4356572
1.4676849
1.4673819
1.4597833
1.5117737
1.5118758
1.4981882
1.5856526
1.5863021
1.5640764
1.8788365
1.8790322
1.9103431
1.7597272
1.7598525
1.788147
1.6697435
1.6701022
1.688754
1.6094122
1.609768
1.6224807
1.5672054
1.5675559
1.5770023
1.5380853
1.5383942
1.5451342
1.5185568
1.5187993
1.5235651
1.4982668
1.4982329
1.5046047
1.457739
1.4573942
1.4719023
1.4012683
1.4001805
1.3991911
1.4030234
1.4024789
1.4018702
1.4060187
1.4054771
1.4045886
1.4112886
1.4107553
1.4091432
1.4215075
1.4209994
1.4177881
1.4402334
1.4397664
1.4344074
1.467523
1.4671596
1.4591916
1.5138098
1.5136566
1.4996412
1.5912755
1.5917585
1.5684456
1.7304799
1.7314773
1.6887681
1.9266904
1.9265233
1.8275455
1.8828954
1.8828367
1.9140771
1.7613175
1.762281
1.7906522
1.67092
1.671536
1.6905621
1.6106818
1.6109156
1.6237492
1.5684756
1.5687334
1.5781325
1.5392305
1.5394839
1.5461477
1.5193328
1.5194478
1.5244456
1.4979878
1.4978752
1.5044957
1.456969
1.4565319
1.4711661
1.39909
1.3980186
1.3970226
1.4008444
1.4003039
1.3996014
1.4038604
1.4033247
1.4024272
1.4091689
1.4086446
1.4070142
1.4194946
1.418999
1.415744
1.4383869
1.4379348
1.4325042
1.4662164
1.4658793
1.4576778
1.5138264
1.5138303
1.4989534
1.5928889
1.5933382
1.5695881
1.7345716
1.7355873
1.6925644
1.8988732
1.9141205
1.839337
4.1553737
4.0009909
10.559406
1.9267799
1.9250027
1.8300005
1.8817245
1.8812416
1.9117965
1.7615735
1.761252
1.7893885
1.6716062
1.6715534
1.6905071
1.6113857
1.6114374
1.6242822
1.5693693
1.5695001
1.5788669
1.5401522
1.5403105
1.5468872
1.5196127
1.5196133
1.5247757
1.4974247
1.4972489
1.5040517
1.4560114
1.4554879
1.4701589
1.396929
1.3958614
1.3948655
1.3985806
1.3980463
1.3974581
1.4017256
1.4011956
1.4002871
1.4070847
1.4065689
1.4049168
1.4175282
1.4170428
1.413746
1.436604
1.4361675
1.4306665
1.4649082
1.4645931
1.4562607
1.5137211
1.5136689
1.4984468
1.5944907
1.5948728
1.5708971
1.7382819
1.7390878
1.6959905
1.9679709
1.9874012
1.8377836
3.6110326
3.5006055
8.169544
1.9182991
1.9157924
1.8251095
1.8792778
1.8783535
1.9073546
1.7600162
1.7595281
1.7873858
1.6711902
1.671005
1.6897802
1.6114136
1.6113451
1.6241128
1.5697423
1.5697684
1.5790254
1.5405431
1.5405433
1.5471412
1.5193911
1.519265
1.5245341
1.4965366
1.4962744
1.5032123
1.4549133
1.4543359
1.468964
1.394777
1.3937165
1.3927209
1.3964539
1.3959226
1.3953173
1.3996127
1.3990879
1.3981671
1.4050326
1.4045242
1.4028478
1.4156015
1.4151255
1.4117859
1.434874
1.4344478
1.4288771
1.4636568
1.4633454
1.4548757
1.5134591
1.5133684
1.4979024
1.5959959
1.5963212
1.5720078
1.7409329
1.7412192
1.6983679
2.0428973
2.0600275
1.836863
3.2139766
3.1308112
6.6647381
1.9073792
1.9043514
1.8151889
1.8748287
1.8734715
1.8998179
1.7578488
1.7571795
1.7846982
1.6702699
1.6699663
1.6884812
1.6109839
1.6108157
1.6234639
1.5696552
1.5695338
1.5787243
1.5403211
1.540177
1.5467906
1.518737
1.5185145
1.5238321
1.4953911
1.4950741
1.5021017
1.45369
1.4530363
1.4676149
1.3926378
1.3915845
1.3905881
1.3943302
1.3938027
1.393188
1.3975195
1.3969995
1.3960629
1.4030072
1.4025045
1.4008021
1.4137076
1.4132381
1.4098551
1.4331784
1.4327576
1.4271177
1.4624101
1.4620965
1.4534917
1.5130354
1.5129052
1.4972676
1.5970415
1.5972013
1.5726251
1.7408083
1.7403088
1.6989991
2.1061323
2.1195903
1.8381342
2.9104671
2.8453521
5.6316424
1.8948296
1.8915512
1.8030424
1.8679575
1.8662135
1.8911531
1.7546536
1.7536582
1.780643
1.6687504
1.6682123
1.6863268
1.6100022
1.6096379
1.6220882
1.5689361
1.5686655
1.5777599
1.5395508
1.5392829
1.5459057
1.5177143
1.5174076
1.5227393
1.4940279
1.4936557
1.5007391
1.452277
1.451517
1.4660258
1.3905117
1.3894651
1.3884672
1.3922173
1.3916934
1.3910713
1.3954396
1.3947851
1.3938677
1.4010024
1.4005038
1.398775
1.4118351
1.411369
1.4079424
1.4314981
1.4310779
1.4253697
1.4611372
1.4608107
1.4520795
1.5124628
1.512297
1.4965078
1.597469
1.5974949
1.5726344
1.7380531
1.7371276
1.6975558
2.1536257
2.1628708
1.8400697
2.6703306
2.6178541
4.8930748
1.88148
1.8780837
1.7899595
1.8599587
1.8578351
1.882048
1.7503618
1.7491953
1.7755506
1.6662827
1.6655514
1.6832778
1.6082994
1.6077794
1.6200184
1.567673
1.5672864
1.5762233
1.5383176
1.5379493
1.5445755
1.5163762
1.5159989
1.5213279
1.4924505
1.4920273
1.4991449
1.4506935
1.4498709
1.4642974
1.3883979
1.3873572
1.3863565
1.3901161
1.3895951
1.3889669
1.3932547
1.3927405
1.3918017
1.3990119
1.3985162
1.3967615
1.4099729
1.4095076
1.4060398
1.4298141
1.4293911
1.4236209
1.4598066
1.4594645
1.4506216
1.5117432
1.5115382
1.4956038
1.5974023
1.5973184
1.5721656
1.7341302
1.7330776
1.6952763
2.1843426
2.189538
1.8410569
2.4749971
2.4316548
4.3529396
1.8678779
1.8644862
1.7765054
1.8515499
1.8495207
1.8727264
1.7454896
1.7442087
1.769822
1.6631521
1.6622948
1.6796377
1.6060269
1.6053877
1.6174666
1.5659731
1.565489
1.5742444
1.5367296
1.5362866
1.5428684
1.5147755
1.51434
1.5196543
1.4906788
1.4902103
1.4973479
1.4489903
1.4481119
1.4624461
1.386295
1.3852597
1.3842559
1.3880257
1.3875074
1.3868734
1.3912056
1.3906946
1.3897397
1.3970305
1.3965342
1.3945706
1.4081119
1.4076462
1.4041412
1.4281136
1.4276848
1.421859
1.4584146
1.4580562
1.4491131
1.5108562
1.5106062
1.4945532
1.5969157
1.5967328
1.5713488
1.7297666
1.7286165
1.6926918
2.1997001
2.2014291
1.840292
2.312578
2.2761496
3.9476616
1.8543636
1.8510115
1.762957
1.8433514
1.8411996
1.8631367
1.7402643
1.7388806
1.7639129
1.659583
1.6586416
1.6756073
1.6033398
1.6026214
1.6145741
1.5639166
1.5633557
1.5719379
1.5348565
1.5343492
1.5408882
1.5129572
1.5124731
1.5177627
1.4887377
1.4882305
1.4953797
1.4471819
1.4462556
1.4604838
1.3842018
1.3831708
1.3821634
1.3859448
1.3854288
1.3847897
1.3891622
1.3886511
1.3876845
1.3950503
1.394555
1.3926231
1.4062465
1.4057788
1.4022408
1.426388
1.4259522
1.4200783
1.4569582
1.4565843
1.4475511
1.5097905
1.5094981
1.4933657
1.5960528
1.5957871
1.5702795
1.725027
1.723789
1.6898315
2.2022447
2.2011913
1.8372245
2.1753466
2.1443167
3.6234239
1.841043
1.8377529
1.7495529
1.8348013
1.8327041
1.8537143
1.7347063
1.7333104
1.7577676
1.6557352
1.6547455
1.6713526
1.6003837
1.5996151
1.6114548
1.5615779
1.5609575
1.5693902
1.5327618
1.532212
1.5386914
1.5109564
1.5104316
1.5156918
1.4866537
1.4861142
1.4932689
1.4452826
1.4443143
1.4584258
1.3821169
1.3810895
1.3800788
1.3838719
1.3833577
1.3827138
1.3871256
1.3867247
1.3856333
1.3930694
1.3925743
1.3906391
1.404372
1.4039016
1.4003343
1.424634
1.424191
1.418276
1.455439
1.4550497
1.4459365
1.508566
1.5082384
1.492059
1.5948934
1.5945678
1.5690251
1.7199493
1.7186311
1.686698
2.1946676
2.1915002
1.8316357
2.0579646
2.0312381
3.3579842
1.82799
1.8247715
1.7363299
1.8264713
1.8244078
1.8444433
1.7291189
1.7277606
1.7514527
1.6517319
1.6507163
1.6669983
1.5972565
1.5964554
1.6081854
1.5590197
1.5583524
1.5666687
1.530506
1.5299197
1.5363142
1.5088056
1.5082485
1.5134775
1.484451
1.4838849
1.4910402
1.4433043
1.4422995
1.4562879
1.3800391
1.3790149
1.3780007
1.3818055
1.3812927
1.3806448
1.3851921
1.3846788
1.3835922
1.3910888
1.3905935
1.3886531
1.4024858
1.4020123
1.3984194
1.4228512
1.4224011
1.416451
1.4538606
1.4534576
1.4442734
1.5072114
1.5068556
1.4906439
1.5935221
1.5931512
1.5676363
1.714565
1.7131758
1.6833171
2.1794082
2.1747397
1.8234958
1.9565073
1.9332585
3.1371533
1.8152165
1.8120633
1.7232499
1.8182207
1.816164
1.8352692
1.7235695
1.7222289
1.7450571
1.6476469
1.6466186
1.6626115
1.5940158
1.5931921
1.6048122
1.5562955
1.5555963
1.563818
1.5281149
1.5274996
1.5338045
1.5065378
1.5059561
1.5111558
1.4821512
1.4815638
1.4887161
1.4412576
1.4402216
1.454084
1.3779675
1.3769456
1.3759288
1.3797444
1.3792328
1.3785811
1.3831935
1.3826858
1.3816338
1.389107
1.3886113
1.3866659
1.4005869
1.4001102
1.3964954
1.4210403
1.4205835
1.4146036
1.4522301
1.4518152
1.4425684
1.5057522
1.5053731
1.4891326
1.5919553
1.5915317
1.5661383
1.7089109
1.7074594
1.679722
2.1590184
2.1533392
1.8130112
1.8679243
1.8474952
2.9508225
1.8026968
1.7996059
1.7102936
1.8100035
1.8079444
1.82617
1.7180809
1.7166823
1.7389291
1.6435222
1.6424878
1.6582226
1.5907013
1.5898659
1.6013625
1.5534647
1.5527446
1.5608735
1.52562
1.5249839
1.531201
1.5041814
1.5035813
1.5087562
1.4797742
1.4791701
1.4863168
1.4391529
1.4380905
1.4518264
1.3759009
1.374881
1.3738617
1.3776866
1.377176
1.3765218
1.3811645
1.3806571
1.3796279
1.3871236
1.3866275
1.3846769
1.3986756
1.3981959
1.3945625
1.4192038
1.418741
1.4127356
1.4505543
1.4501288
1.440827
1.5042045
1.503805
1.4875391
1.5901929
1.5897258
1.5645188
1.7030156
1.7015064
1.6759119
2.1353526
2.1291292
1.8003872
1.7898169
1.7717025
2.7916366
1.7904307
1.7874037
1.6974971
1.8017956
1.7997571
1.8171717
1.7125242
1.7111719
1.73294
1.6393852
1.6383522
1.6538522
1.58735
1.5865095
1.5978734
1.5505633
1.5498307
1.5578734
1.5230525
1.5224023
1.5285319
1.5017587
1.5011448
1.5062986
1.4773371
1.4767201
1.4838592
1.4369995
1.4359151
1.4495261
1.3738388
1.3728202
1.3717993
1.3756334
1.3751237
1.3744662
1.3791344
1.3786269
1.3775919
1.3851385
1.3846419
1.3826858
1.396753
1.3962709
1.3926216
1.4173443
1.4168761
1.4108495
1.4488363
1.4484003
1.439051
1.502578
1.50216
1.4858753
1.5882737
1.5877772
1.5627659
1.6968939
1.6953296
1.6718936
2.110032
2.1035905
1.7859908
1.7203718
1.7041975
2.6542348
1.7784142
1.7754464
1.6848992
1.793696
1.7916952
1.8083153
1.7070898
1.705719
1.7270355
1.6352667
1.6342433
1.6495229
1.5839882
1.5831487
1.5943755
1.5476218
1.5468829
1.5548479
1.5204361
1.5197764
1.5258207
1.4992853
1.4986604
1.5037962
1.474854
1.4742275
1.4813564
1.434806
1.4337037
1.4471926
1.3717803
1.3707629
1.3697407
1.3735806
1.3730716
1.3724124
1.3771038
1.3765963
1.3755567
1.3831513
1.3826541
1.3806927
1.394821
1.3943367
1.3906739
1.4154638
1.4149906
1.4089473
1.4470767
1.4466304
1.4372406
1.5008809
1.5004469
1.4841524
1.5862525
1.5857325
1.5609296
1.6905549
1.6889372
1.6676829
2.0842399
2.0778495
1.7702206
1.6582345
1.6437122
2.5346874
1.7666244
1.7637091
1.6725048
1.7857635
1.7838102
1.7996427
1.7016872
1.7003541
1.7212252
1.6311936
1.6301846
1.6452568
1.5806361
1.5798009
1.5908914
1.544662
1.5439209
1.5518168
1.5177871
1.5171213
1.5230847
1.4967716
1.496138
1.5012584
1.4723369
1.4717034
1.4788186
1.4325802
1.4314633
1.4448341
1.3697251
1.3687085
1.367686
1.3715343
1.3710255
1.3703626
1.3750736
1.3745661
1.3735201
1.3811617
1.3806639
1.3786973
1.392881
1.3923949
1.3887201
1.4135638
1.413086
1.4070308
1.4452776
1.4448222
1.4353978
1.499124
1.4986767
1.4823808
1.5841386
1.5835962
1.5590117
1.6840039
1.6823329
1.6632834
2.0591048
2.0530493
1.7534335
1.6023372
1.5892296
2.4299789
1.7550364
1.752169
1.6603095
1.7780244
1.7761186
1.7911681
1.6963667
1.6950615
1.7154579
1.6271821
1.6261877
1.6410682
1.5773026
1.5764721
1.5874295
1.5416972
1.5409562
1.5487892
1.5151177
1.5144483
1.5203367
1.4942261
1.4935857
1.4986931
1.469795
1.4691565
1.4762543
1.4303286
1.4292004
1.4424572
1.3676725
1.3666568
1.3656344
1.3694891
1.3689805
1.3683156
1.3730435
1.3725361
1.3714836
1.3791696
1.3786711
1.3766992
1.3909343
1.3904467
1.3867611
1.4116464
1.4111647
1.4051019
1.4434443
1.4429814
1.4335272
1.4973182
1.4968603
1.4805709
1.5819367
1.5813731
1.5570134
1.677239
1.6755136
1.658687
2.0355747
2.0297554
1.7359571
1.5517847
1.5398896
2.3376505
1.7436376
1.7408173
1.6483207
1.7704617
1.7685959
1.7828821
1.6911657
1.6898731
1.709807
1.6232177
1.62223
1.6369219
1.5739874
1.5731613
1.5839871
1.5387351
1.5379956
1.5457681
1.5124375
1.5117668
1.5175864
1.4916568
1.4910118
1.4961084
1.4672357
1.4665938
1.473671
1.4280571
1.4269203
1.4400678
1.3656225
1.3646072
1.3635861
1.3674452
1.3669369
1.366271
1.3710136
1.3705062
1.3694478
1.3771746
1.3766754
1.3746983
1.3889821
1.3884933
1.3847976
1.4097147
1.40923
1.4031629
1.4415834
1.4411146
1.4316343
1.4954732
1.4950067
1.4787314
1.5796522
1.5790687
1.5549454
1.670255
1.6684743
1.6538848
2.0119255
2.0058763
1.7180347
1.5058185
1.4949671
2.2557071
1.73243
1.729659
1.6365563
1.7630596
1.7612343
1.774772
1.6860331
1.6847632
1.7042375
1.619277
1.6182962
1.6328064
1.5706903
1.569869
1.5805642
1.5357809
1.5350441
1.5427554
1.5097545
1.5090841
1.5148411
1.4890718
1.488424
1.4935118
1.464665
1.4640212
1.4710755
1.4257709
1.4246278
1.4376708
1.3635747
1.3625601
1.3615407
1.3654065
1.3648998
1.364229
1.3689838
1.3684765
1.367412
1.3751768
1.374677
1.3726947
1.3870256
1.3865359
1.3828304
1.4077719
1.4072849
1.4012165
1.4397006
1.439227
1.4297238
1.4935961
1.4931225
1.4768689
1.5772896
1.5766872
1.5528148
1.6630495
1.6612137
1.6488777
1.9874779
1.9812651
1.6998551
1.4638143
1.4538721
2.18258
1.7214227
1.7187029
1.6250278
1.7558137
1.7540255
1.7668255
1.680991
1.6797416
1.6987558
1.6153695
1.6143998
1.6287266
1.5674135
1.5665977
1.5771643
1.5328389
1.5321058
1.5397542
1.507075
1.5064062
1.5121066
1.4864782
1.4858292
1.4909101
1.4620883
1.4614437
1.468474
1.4234743
1.4223271
1.4352701
1.3615295
1.3605157
1.3594982
1.3633691
1.3628616
1.3621881
1.3669537
1.3664465
1.3653778
1.3731765
1.3726761
1.3706888
1.3850659
1.3845756
1.3808602
1.4058209
1.4053321
1.3992646
1.4377999
1.4373223
1.427799
1.4916918
1.4912119
1.4749867
1.5748498
1.5742276
1.5506253
1.6556285
1.6537413
1.6436767
1.9624986
1.956185
1.6815697
1.4252739
1.4161286
2.1170145
1.7106194
1.7079495
1.6137256
1.748715
1.7469635
1.7590433
1.6760179
1.6747865
1.693371
1.6115084
1.6105497
1.6246917
1.5641586
1.5633482
1.5737887
1.529913
1.5291845
1.5367681
1.5044034
1.5037371
1.5093865
1.4838815
1.4832324
1.488308
1.4595102
1.458866
1.4658719
1.4211714
1.4200218
1.432869
1.3594872
1.3584743
1.3574589
1.3613324
1.3608256
1.3601487
1.3649237
1.3644158
1.3632418
1.3711741
1.3706732
1.3686809
1.383104
1.3826132
1.378888
1.4038636
1.4033735
1.3973083
1.435884
1.435403
1.4258628
1.4897629
1.489277
1.4730856
1.5723323
1.5716913
1.5483796
1.6480081
1.6460739
1.6382992
1.9371774
1.9308098
1.663314
1.3897727
1.3813291
2.0579902
1.7000153
1.6973947
1.6026466
1.7417614
1.7400421
1.751402
1.6711167
1.6699042
1.6880668
1.6076866
1.6067366
1.6206913
1.5609253
1.5601204
1.5704365
1.5270067
1.5262836
1.5338009
1.5017425
1.5010792
1.5066829
1.4812858
1.4806375
1.4857091
1.456935
1.456292
1.4632735
1.4188654
1.4177149
1.4304702
1.3574476
1.3564356
1.3554221
1.3592975
1.3587905
1.3581113
1.3628931
1.3623837
1.3612201
1.3691701
1.368669
1.3666717
1.3811402
1.380649
1.3769141
1.4019014
1.4014102
1.3953483
1.4339555
1.4334717
1.4239177
1.4878106
1.4873191
1.4711657
1.569742
1.5690839
1.5460815
1.6402067
1.6382302
1.6327651
1.9117126
1.9053318
1.6452151
1.3569513
1.3491272
2.0046518
1.6896075
1.687036
1.5917756
1.7349281
1.733236
1.7438827
1.666306
1.6651168
1.6828653
1.6039032
1.6029643
1.6167339
1.5577151
1.5569165
1.5671109
1.5241236
1.5234068
1.5308563
1.4990939
1.4984338
1.5039969
1.4786941
1.4780471
1.4831159
1.4543657
1.4537247
1.460682
1.4165592
1.4154094
1.4280758
1.3554109
1.3543998
1.3533882
1.3572635
1.3567568
1.3560767
1.3607578
1.360254
1.3591973
1.3671651
1.3666638
1.3646617
1.3791747
1.378683
1.3749387
1.3999352
1.3994432
1.3933847
1.4320168
1.4315308
1.421966
1.4858365
1.4853397
1.4692281
1.5670862
1.566413
1.5437363
1.6322432
1.6302293
1.6270955
1.8862606
1.8799075
1.6273851
1.3264956
1.319218
1.9562728
1.6793898
1.6768621
1.5810806
1.7281969
1.7265287
1.7364809
1.6615658
1.6603867
1.6777728
1.6001627
1.5992337
1.6128323
1.5545309
1.5537392
1.5638149
1.5212667
1.5205568
1.5279373
1.4964586
1.495802
1.5013293
1.4761087
1.4754637
1.4805302
1.451805
1.4511663
1.4580998
1.4142553
1.4131069
1.4256873
1.3533768
1.3523668
1.3513573
1.3552318
1.3547255
1.3540446
1.3587386
1.3582332
1.3571733
1.3651594
1.3646582
1.362651
1.3772072
1.3767149
1.3729617
1.3979659
1.3974731
1.3914179
1.4300706
1.4295832
1.4200098
1.4838422
1.4833408
1.4672743
1.5643727
1.5636862
1.5413495
1.6241377
1.6220915
1.6213108
1.8609621
1.8546736
1.6099621
1.2981274
1.2913322
1.9121659
1.6693383
1.6668483
1.5705302
1.7215607
1.7199152
1.7291951
1.6568631
1.6556984
1.672702
1.5964621
1.5955427
1.6089793
1.5513741
1.5505893
1.5605489
1.5184377
1.5177349
1.5250458
1.4938379
1.4931852
1.4986812
1.4735319
1.4728893
1.4779541
1.4492544
1.4486185
1.4555284
1.4119556
1.4108097
1.4233061
1.3513459
1.350337
1.3493301
1.3532019
1.3526961
1.3520149
1.3567175
1.3562123
1.3551489
1.3631533
1.3626511
1.3604955
1.3752375
1.3747447
1.3709832
1.3959941
1.3955009
1.3894483
1.4281193
1.4276309
1.4180507
1.4818297
1.4813239
1.4653064
1.5616083
1.5609098
1.538925
1.6159108
1.6138375
1.615429
1.8359524
1.8297503
1.5930602
1.2716044
1.2652367
1.8717583
1.6594281
1.6569701
1.5600993
1.7150136
1.7133926
1.7220223
1.6522209
1.6510693
1.6676959
1.5927959
1.5918833
1.6051545
1.548246
1.547469
1.557315
1.5156377
1.5149423
1.5221839
1.4912333
1.4905849
1.4960534
1.4709657
1.4703262
1.47539
1.4467154
1.4460826
1.4529692
1.4096616
1.4085187
1.420933
1.349318
1.3483106
1.3473058
1.3511745
1.3506692
1.349988
1.3546961
1.354191
1.3531258
1.3609835
1.360487
1.3584905
1.3732657
1.3727724
1.3690031
1.3940206
1.3935269
1.3874765
1.4261646
1.4256755
1.4160898
1.4798004
1.4792906
1.4633262
1.5587977
1.5580883
1.5364656
1.6075827
1.6054871
1.6094656
1.8113084
1.8052106
1.5767814
1.2467189
1.2407322
1.8345718
1.6496361
1.6472053
1.5497682
1.708563
1.7069642
1.7149539
1.6476484
1.6465167
1.6627565
1.5891674
1.5882665
1.6013673
1.5451516
1.5443839
1.5541209
1.5128674
1.5121795
1.5193532
1.4886464
1.4880025
1.4934467
1.4684125
1.4677765
1.4728399
1.4441891
1.4435597
1.4504237
1.4073746
1.4062355
1.4185687
1.3472938
1.3462874
1.3452851
1.3491497
1.3486452
1.3479643
1.3526759
1.3521713
1.3511047
1.3589802
1.3584811
1.3564857
1.3712919
1.3707979
1.3670154
1.3920455
1.3915516
1.3855026
1.4242073
1.4237176
1.4141276
1.4777557
1.4772422
1.4613349
1.555945
1.5552257
1.5339738
1.5991721
1.5970587
1.6034336
1.7870978
1.7811217
1.5611857
1.2233003
1.2176584
1.8002241
1.6399625
1.6375645
1.5395612
1.7022129
1.7006389
1.7079915
1.6431487
1.6420351
1.6579159
1.5855847
1.5846973
1.5976314
1.5420948
1.5413366
1.5509686
1.5101268
1.5094461
1.516554
1.486078
1.4854388
1.4908609
1.4658741
1.4652419
1.4703053
1.4416767
1.441051
1.4478934
1.4050955
1.4039603
1.4162139
1.3452726
1.3442678
1.3432679
1.3471278
1.3466237
1.3459434
1.350658
1.3501539
1.3490859
1.3569804
1.3564809
1.3544805
1.369065
1.3685758
1.364804
1.390069
1.3895748
1.3835267
1.4222479
1.4217575
1.4121638
1.4756969
1.4751801
1.4593336
1.5530542
1.5523262
1.5314527
1.590696
1.5885687
1.5973441
1.7633881
1.7575527
1.5462977
1.2012148
1.1958877
1.7684271
1.6304205
1.6280549
1.5294922
1.6959531
1.6944057
1.701109
1.6387113
1.6376063
1.6531613
1.5820483
1.581169
1.5939459
1.5390755
1.5383265
1.547855
1.5074143
1.5067403
1.5137847
1.483528
1.4828933
1.4882949
1.4633515
1.4627235
1.467787
1.4391795
1.4385577
1.4453794
1.4028251
1.4016946
1.4138689
1.3432551
1.3422518
1.3412545
1.3451087
1.3446054
1.3439257
1.3486426
1.3481392
1.3470702
1.3549809
1.3544819
1.3524771
1.3670736
1.3665808
1.3628248
1.3880907
1.3875938
1.38123
1.4202861
1.419795
1.4101982
1.4736255
1.4731058
1.457323
1.5501301
1.5493944
1.5289061
1.5821694
1.5800312
1.5912066
1.7402536
1.7345718
1.5321251
1.1803463
1.1753065
1.738925
1.6210043
1.618669
1.5195472
1.6897857
1.6882505
1.6943065
1.6343106
1.6332154
1.6484352
1.5785419
1.5776703
1.5903105
1.5360924
1.5353521
1.5447781
1.5047274
1.5040594
1.5110426
1.4809953
1.4803647
1.4857467
1.4608453
1.4602213
1.4652848
1.4366982
1.4360805
1.4428825
1.4005639
1.3994377
1.4115341
1.3412419
1.3402401
1.3392454
1.343093
1.3425905
1.3419119
1.3466299
1.3461272
1.3450573
1.3529832
1.3524846
1.3504758
1.3651017
1.3646085
1.360847
1.3857497
1.3852422
1.3792275
1.4183218
1.4178297
1.4082198
1.4715427
1.4710204
1.4553039
1.547177
1.5464347
1.5263373
1.5736047
1.5714592
1.5850292
1.7177501
1.7122413
1.5186727
1.160589
1.1558121
1.7114871
1.6117093
1.6094031
1.5097172
1.6836752
1.6821596
1.6875726
1.6299593
1.6288831
1.6437741
1.5750692
1.5742104
1.5867016
1.5331437
1.5324116
1.5417418
1.5020634
1.5014006
1.5083248
1.4784784
1.4778515
1.4832141
1.4583552
1.4577352
1.4627982
1.4342335
1.4336199
1.4404028
1.3983124
1.3971913
1.4092097
1.3392322
1.3382323
1.3372402
1.3410812
1.3405796
1.3399017
1.3446204
1.3441186
1.3430478
1.3509877
1.3504896
1.3484769
1.3631288
1.3626354
1.3588691
1.3837616
1.3832684
1.3772536
1.4158999
1.4153671
1.405797
1.4694496
1.4689242
1.4532661
1.5441987
1.5434506
1.5237488
1.5650139
1.5628636
1.5788187
1.6959222
1.6905979
1.5059699
1.1418494
1.137314
1.6859057
1.6025244
1.6002441
1.5000043
1.6776406
1.676141
1.6809241
1.625664
1.6245984
1.6391551
1.5716515
1.570806
1.5831211
1.5302259
1.5295007
1.5387432
1.4994193
1.498761
1.5056281
1.4759761
1.4753527
1.4806957
1.4558807
1.4552645
1.4603267
1.4317854
1.4311761
1.4379402
1.3960708
1.3949543
1.406896
1.3372266
1.3362285
1.3352392
1.339073
1.3385723
1.3378954
1.3426146
1.3421139
1.3410422
1.3489948
1.3484975
1.346481
1.3611558
1.3606625
1.356892
1.3817882
1.3812947
1.3752786
1.4138736
1.413384
1.4038324
1.4666691
1.466114
1.4505839
1.5411975
1.5404308
1.5205152
1.5564077
1.5542547
1.5725806
1.6748047
1.6696621
1.4940405
1.1240446
1.1197317
1.6618446
1.5934434
1.5911892
1.490416
1.6716763
1.6701972
1.6743441
1.621419
1.6203612
1.6345903
1.5682832
1.567448
1.5795785
1.5273339
1.5266145
1.5357705
1.4967925
1.4961382
1.5029496
1.4734877
1.4728678
1.4781907
1.4534215
1.4528091
1.45787
1.429354
1.4287488
1.4354944
1.3938394
1.3927283
1.4045932
1.3352252
1.3342292
1.3332425
1.3370689
1.3365692
1.3358934
1.3406127
1.3401129
1.3390407
1.3470049
1.3465084
1.3444886
1.359183
1.3586899
1.3549162
1.3798139
1.3793203
1.3733031
1.4119148
1.4114245
1.4018686
1.4645415
1.4640179
1.4485587
1.5374995
1.5367477
1.5178001
1.5484543
1.5464012
1.5664198
1.6543395
1.6469122
1.4813621
1.1071059
1.1029995
1.6382759
1.5844665
1.5822326
1.4809485
1.6657883
1.6643321
1.6678451
1.6172046
1.6161593
1.6300622
1.5649548
1.5641277
1.5760762
1.5244658
1.5237527
1.5328223
1.4941816
1.4935313
1.5002883
1.4710133
1.4703969
1.4756989
1.4509774
1.4503687
1.4554282
1.4269392
1.4263382
1.4330652
1.3916182
1.3905116
1.4023015
1.3332284
1.3322345
1.3312503
1.3350692
1.3345707
1.333896
1.3386149
1.3381162
1.3370433
1.345018
1.3445224
1.3424999
1.3572112
1.3567184
1.3529422
1.3778395
1.3773458
1.3713282
1.4099526
1.4094618
1.3999032
1.462442
1.4619162
1.4465259
1.5344866
1.5337301
1.5151854
1.5399865
1.5378446
1.5601826
1.633979
1.629231
1.4706676
1.0953808
1.0913948
1.6172388
1.5744402
1.5722421
1.4697927
1.6599931
1.6585589
1.6614283
1.6130448
1.6120152
1.6256066
1.5616575
1.5608375
1.572612
1.5216227
1.5209159
1.5299008
1.4915863
1.4909399
1.4976441
1.4685532
1.4679404
1.4732209
1.4485483
1.4479434
1.4530013
1.424541
1.4239441
1.4306525
1.3894073
1.3883063
1.4000211
1.3312361
1.3302445
1.3292629
1.3330744
1.3325768
1.3319029
1.3366215
1.336124
1.3350505
1.3430348
1.3425402
1.3405149
1.3552409
1.3547486
1.3509703
1.3758654
1.3753721
1.369354
1.4079882
1.4074971
1.397937
1.4603337
1.4598053
1.4444865
1.5314535
1.5306919
1.5125533
1.5314229
1.5292838
1.5539212
1.6152336
1.6106434
1.4610323
1.0797158
1.0759132
1.5964059
1.5656904
1.5635194
1.4606201
1.6542801
1.6528614
1.6550903
1.6089468
1.6079297
1.6212207
1.5583867
1.5575724
1.5691752
1.5188041
1.5181031
1.5270052
1.4890065
1.488364
1.4950169
1.4661076
1.4654984
1.470757
1.4461342
1.445533
1.4505892
1.4221594
1.4215665
1.4282563
1.3872066
1.3861101
1.3977521
1.3292486
1.328259
1.3272802
1.3310839
1.3305875
1.3299145
1.334633
1.3341367
1.3330625
1.3410558
1.3405621
1.3385342
1.3532729
1.3527813
1.3490012
1.3738927
1.3733996
1.3673815
1.4060227
1.405531
1.3959706
1.4582167
1.4576864
1.4424407
1.5283987
1.5276317
1.5099026
1.5228732
1.5207391
1.5476439
1.5971172
1.592684
1.4523646
1.0647605
1.0611259
1.5759003
1.5570459
1.5549021
1.4515837
1.6486274
1.6472254
1.6488252
1.6048915
1.6038836
1.6169092
1.555137
1.5543274
1.5657588
1.516008
1.5153123
1.5241331
1.4864424
1.4858037
1.4924065
1.4636764
1.4630707
1.468307
1.4437346
1.443137
1.4481915
1.419794
1.4192052
1.425876
1.3850162
1.3839254
1.3954947
1.3272658
1.3262785
1.3253024
1.3290983
1.3286032
1.3279311
1.3326495
1.3321544
1.3310798
1.3390811
1.3385885
1.3365583
1.3513079
1.3508169
1.3470356
1.371922
1.3714296
1.3654115
1.4040556
1.4035639
1.3940049
1.4560916
1.4555589
1.4403893
1.5253223
1.52455
1.507234
1.5143477
1.5122199
1.5413549
1.5796263
1.5753471
1.4446867
1.0504575
1.0469779
1.555919
1.5485119
1.5463973
1.4426802
1.643037
1.6416497
1.6426246
1.6008754
1.5998778
1.6126531
1.5519058
1.5511009
1.5623606
1.5132329
1.5125424
1.521284
1.4838939
1.4832593
1.4898126
1.4612592
1.4606571
1.4658712
1.4413492
1.440755
1.4458078
1.4174445
1.4168596
1.4235111
1.3828359
1.3817494
1.3932491
1.3252879
1.3243032
1.3233295
1.3271178
1.3266239
1.3259525
1.330671
1.3301772
1.3291021
1.3371108
1.3366194
1.3345874
1.3493458
1.3488558
1.3450741
1.3699536
1.369462
1.3634444
1.4020885
1.401597
1.3920415
1.453959
1.4534247
1.4383322
1.5222245
1.5214464
1.5045487
1.5058503
1.5037328
1.5350549
1.5627517
1.5586271
1.437716
1.0367572
1.0334207
1.5366173
1.5400926
1.5380056
1.4339124
1.6375164
1.6361483
1.6364858
1.5969031
1.5959163
1.6084416
1.5486939
1.5478942
1.5589781
1.5104791
1.5097941
1.5184582
1.4813618
1.4807314
1.4872359
1.458856
1.4582574
1.4634496
1.4389774
1.4383865
1.4434377
1.4151104
1.4145292
1.4211609
1.3806657
1.3795849
1.3910154
1.3233154
1.3223328
1.3213617
1.3251429
1.3246503
1.3239796
1.3286978
1.3282054
1.3271296
1.3351455
1.3346554
1.3326215
1.3473875
1.3468988
1.3431166
1.3679886
1.3674979
1.3614808
1.4001223
1.3996313
1.3900804
1.4518199
1.4512843
1.4362709
1.5191053
1.5183223
1.5018466
1.4973911
1.49528
1.528745
1.5464923
1.5425178
1.4312641
1.0236117
1.0204086
1.5177239
1.5317855
1.5297286
1.4252792
1.632068
1.6307178
1.6304094
1.5929714
1.591995
1.6042742
1.5455038
1.5447104
1.5556165
1.5077477
1.5070684
1.5156556
1.4788469
1.478221
1.4846776
1.4564669
1.4558719
1.4610427
1.4366189
1.4360313
1.441081
1.4127909
1.4122133
1.4188246
1.3785054
1.3774288
1.3887937
1.3213476
1.3203676
1.3193991
1.3231731
1.3226819
1.3220115
1.3267303
1.3262393
1.3251628
1.3331859
1.3326969
1.330661
1.3454338
1.344946
1.341164
1.3660274
1.3655379
1.3595217
1.3981585
1.3976678
1.3881224
1.4496754
1.4491392
1.4342077
1.5159667
1.515179
1.4991288
1.4889684
1.4868674
1.5224291
1.5308258
1.5269954
1.4253162
1.0109909
1.0079107
1.4992323
1.523602
1.5215767
1.4167789
1.6266912
1.6253584
1.624408
1.5890809
1.5881152
1.6001504
1.5423416
1.5415564
1.5522892
1.505038
1.5043636
1.5128735
1.47635
1.4757287
1.4821383
1.4540924
1.4535011
1.4586511
1.4342736
1.4336893
1.438738
1.4104856
1.4099114
1.4165017
1.376355
1.375284
1.386584
1.3193852
1.318408
1.3174418
1.3212087
1.3207188
1.3200489
1.3247687
1.3242791
1.3232019
1.3312316
1.3307435
1.328706
1.3434849
1.3429983
1.3392164
1.3640711
1.3635826
1.3575671
1.3961974
1.3957076
1.3861688
1.4475276
1.4469905
1.432143
1.512809
1.5120169
1.4963987
1.4805842
1.4784946
1.5161087
1.5157264
1.512035
1.4198545
0.99884153
0.99587294
1.4812128
1.5155463
1.5135506
1.4084164
1.6213836
1.6200655
1.618476
1.5852305
1.584273
1.5960801
1.5392093
1.538429
1.548991
1.5023473
1.5016775
1.5101098
1.4738714
1.4732547
1.4796182
1.4517331
1.4511457
1.4562755
1.4319415
1.4313606
1.4364089
1.4081939
1.4076231
1.4141917
1.3742142
1.3731472
1.3843864
1.3174283
1.3164534
1.3154898
1.3192497
1.3187612
1.3180916
1.3228123
1.3223241
1.3212463
1.3292826
1.3287963
1.3267571
1.3415409
1.3410561
1.3372747
1.3621195
1.3616324
1.355618
1.3942394
1.3937505
1.3842196
1.4453777
1.4448398
1.4300783
1.5096343
1.5088382
1.4936555
1.4722406
1.4701608
1.5097836
1.5011678
1.4976076
1.4148555
0.98712727
0.98426493
1.4635639
1.5076146
1.5056535
1.400188
1.6161303
1.6148239
1.6126152
1.5814078
1.5804555
1.5920302
1.5360943
1.5353185
1.5457164
1.4996751
1.49901
1.5073655
1.4714113
1.4707991
1.4771175
1.4493894
1.448806
1.4539162
1.4296229
1.4290454
1.4340939
1.4059153
1.4053477
1.4118943
1.3720832
1.3710217
1.3822008
1.3154766
1.3145045
1.3135429
1.3172962
1.3168091
1.3161399
1.3208616
1.3203749
1.3192963
1.3273398
1.326855
1.3248141
1.339603
1.3391193
1.3353386
1.3601734
1.3596878
1.3536745
1.3922855
1.3917972
1.3822753
1.4432264
1.4426884
1.4280139
1.5064438
1.5056437
1.4909016
1.4639393
1.4618694
1.5034565
1.4871228
1.4836865
1.4102972
0.97583685
0.97308196
1.4459281
1.4998151
1.4978877
1.3920953
1.6109193
1.6096221
1.6068195
1.5776237
1.576684
1.588013
1.5329994
1.5322292
1.5424571
1.4970225
1.4963625
1.5046426
1.4689693
1.4683617
1.4746362
1.4470618
1.4464825
1.4515734
1.4273177
1.4267436
1.4317931
1.4036495
1.403085
1.4096093
1.3699615
1.3689039
1.3800271
1.3135304
1.3125608
1.311602
1.3153487
1.3148629
1.3141939
1.3189168
1.3184315
1.317352
1.325403
1.3249198
1.322877
1.3376707
1.3371885
1.3334089
1.358233
1.3577488
1.3517369
1.3903347
1.3898474
1.3803347
1.4410746
1.4405366
1.425951
1.5032383
1.5024345
1.4881379
1.4556786
1.453619
1.4971301
1.4735616
1.4702401
1.4061576
0.96496694
0.96231099
1.4282856
1.4921437
1.4902423
1.3841339
1.6057445
1.6044573
1.6010846
1.5738775
1.5729456
1.5840304
1.5299299
1.5291683
1.5392348
1.4943898
1.4937345
1.5019398
1.466545
1.4659415
1.4721732
1.4447503
1.4441749
1.4492471
1.425026
1.4244552
1.4295065
1.4013959
1.4008344
1.4073363
1.3678494
1.3667973
1.377865
1.3115896
1.3106226
1.3096659
1.3134064
1.312922
1.3122531
1.316978
1.3164942
1.3154135
1.3234724
1.3229907
1.3209459
1.3357446
1.3352641
1.3314853
1.3562986
1.3558157
1.3498056
1.3883878
1.3879014
1.378399
1.4389231
1.4383854
1.4238892
1.5000186
1.4992117
1.4853642
1.4474594
1.4454105
1.4908036
1.4604513
1.4572375
1.4024094
0.95448478
0.95192199
1.4106581
1.4845864
1.4827165
1.3762916
1.6006148
1.5993404
1.5954145
1.5701567
1.569227
1.5800788
1.5268964
1.5261416
1.5360482
1.4917744
1.491123
1.499252
1.4641371
1.4635376
1.4697272
1.4424545
1.441883
1.4469368
1.4227477
1.4221801
1.427234
1.399154
1.3985953
1.405075
1.3657464
1.364698
1.3757143
1.3096543
1.30869
1.3077358
1.3114698
1.3109869
1.3103178
1.3150449
1.3145628
1.3134809
1.321548
1.3210679
1.319021
1.3338248
1.3333459
1.3295681
1.35437
1.3538889
1.3478805
1.3864442
1.3859589
1.3764672
1.436772
1.4362346
1.4218295
1.4967869
1.4959776
1.4825835
1.4392873
1.4372498
1.4844804
1.4477601
1.4446475
1.3990276
0.94436363
0.94188775
1.3930708
1.4771444
1.4753004
1.368579
1.5955331
1.5942684
1.5898088
1.5664515
1.5655258
1.5761519
1.5238817
1.5231297
1.5328926
1.4891742
1.4885265
1.4965773
1.4617446
1.4611488
1.4672968
1.4401742
1.4396064
1.4446419
1.4204824
1.4199181
1.4249751
1.3969233
1.3963673
1.4028251
1.3636529
1.36261
1.3735744
1.3077246
1.3067631
1.3058107
1.309539
1.3090574
1.3083882
1.3131181
1.3126372
1.3115543
1.3196302
1.3191517
1.3171024
1.3319116
1.3314344
1.3276575
1.3524479
1.3519685
1.3459618
1.3845042
1.3840198
1.3745398
1.4346222
1.4340851
1.4197715
1.4935451
1.4927332
1.4797958
1.4311613
1.4291387
1.4781654
1.4354689
1.4324539
1.3959911
0.93457904
0.93218062
1.3758195
1.469814
1.4679977
1.3609922
1.5904856
1.5892279
1.5842494
1.562752
1.5618305
1.5722251
1.5208772
1.5201276
1.5297583
1.4865891
1.4859454
1.4939172
1.459367
1.458775
1.4648821
1.4379086
1.4373445
1.4423621
1.4182299
1.4176688
1.4227295
1.3947032
1.3941498
1.4005861
1.3615683
1.3605288
1.3714449
1.3058005
1.3048418
1.3038918
1.3076139
1.3071338
1.3064644
1.3111971
1.3107178
1.3096334
1.3177188
1.3172419
1.3151902
1.3300049
1.3295295
1.3257535
1.3505323
1.3500543
1.3440498
1.3825681
1.3820847
1.3726167
1.4324738
1.4319372
1.4177159
1.4902949
1.4894813
1.4770027
1.423086
1.4210754
1.471858
1.4235717
1.4206555
1.3932971
0.92509706
0.92277206
1.3591602
1.4625793
1.4607853
1.3534898
1.5854655
1.584215
1.5787286
1.5590752
1.5581597
1.5683063
1.5178828
1.5171361
1.5266411
1.4840207
1.4833814
1.491274
1.4570046
1.4564164
1.4624834
1.4356575
1.4350968
1.4400967
1.41599
1.4154319
1.4204968
1.3924934
1.3919425
1.398358
1.3594929
1.358459
1.3693255
1.3038823
1.3029265
1.3019782
1.3056946
1.3052159
1.3045464
1.3092822
1.3088044
1.3077187
1.3158138
1.3153386
1.3132845
1.3281049
1.327631
1.3238559
1.3486232
1.3481468
1.3421445
1.3806364
1.3801541
1.3706986
1.4303274
1.429791
1.415663
1.4870382
1.4862234
1.4742067
1.4150589
1.4130604
1.4655597
1.4120645
1.409244
1.3909568
0.91590421
0.91364975
1.3430975
1.4554265
1.4536492
1.3460699
1.5804768
1.5792351
1.5732511
1.5554221
1.5545127
1.5644085
1.5149012
1.5141583
1.5235406
1.4814709
1.4808365
1.4886499
1.4546577
1.4540735
1.4601019
1.4334201
1.4328628
1.4378456
1.4137622
1.4132072
1.4182764
1.3902935
1.3897451
1.3961405
1.3574264
1.3563957
1.3672156
1.3019698
1.3010166
1.3000706
1.3037815
1.3033043
1.3026343
1.3073735
1.3068973
1.3058099
1.3139153
1.3134417
1.3113851
1.3262114
1.325739
1.321965
1.3467204
1.3462456
1.3402457
1.3787085
1.3782273
1.3687847
1.4281831
1.4276473
1.4136133
1.4837769
1.482961
1.4714079
1.4070801
1.4050936
1.459273
1.4009293
1.3981967
1.3889847
0.90698888
0.90480194
1.3275607
1.4483479
1.4465888
1.3387284
1.575525
1.5742933
1.5678199
1.5517938
1.5508906
1.5605343
1.5119359
1.5111975
1.5204583
1.4789413
1.4783122
1.4860465
1.4523271
1.451747
1.4577382
1.431196
1.4306419
1.4356081
1.4115465
1.4109944
1.4160679
1.3881035
1.3875576
1.3939339
1.3553689
1.3543437
1.3651148
1.3000629
1.2991125
1.2981681
1.301874
1.3013983
1.3007278
1.3054709
1.3049964
1.3039073
1.3120233
1.3115513
1.3094921
1.3243242
1.3238535
1.3200802
1.3448237
1.3443502
1.3383529
1.3767846
1.3763045
1.366876
1.4260414
1.4255062
1.4115658
1.4805117
1.4796948
1.4686075
1.399153
1.3971789
1.4529954
1.3901285
1.3874703
1.3873839
0.89834103
0.89622101
1.3124502
1.4413426
1.4396031
1.3314651
1.570614
1.5693926
1.5624361
1.5481898
1.5472925
1.5566835
1.5089893
1.5082557
1.5173949
1.4764328
1.475809
1.4834639
1.450013
1.4494371
1.4553929
1.4289844
1.4284333
1.4333837
1.4093424
1.4087933
1.4138709
1.3859237
1.3853803
1.3917382
1.35332
1.3522977
1.3630228
1.2981618
1.2972142
1.2962719
1.2999724
1.2994982
1.2988273
1.3035748
1.3031017
1.3020108
1.3101379
1.3096675
1.3076055
1.3224434
1.3219741
1.3182019
1.3429329
1.3424612
1.3364663
1.374865
1.3743859
1.3649715
1.4239014
1.4233667
1.4095204
1.4772428
1.4764252
1.4658054
1.3912748
1.3893129
1.44673
1.3796129
1.3770175
1.386146
0.88995902
0.88790332
1.2977287
1.4344158
1.4326961
1.3242986
1.565744
1.5645322
1.5570967
1.5446079
1.5437154
1.5528543
1.5060623
1.5053337
1.5143502
1.4739452
1.4733264
1.4809015
1.4477154
1.4471435
1.4530657
1.4267845
1.4262362
1.4311715
1.40715
1.4066036
1.4116849
1.3837542
1.3832135
1.389554
1.3512799
1.3502632
1.3609392
1.2962664
1.2953218
1.294381
1.2980769
1.2976041
1.2969328
1.3016848
1.3012133
1.3001206
1.308259
1.3077902
1.3057254
1.3205686
1.3201009
1.3163296
1.3410481
1.3405778
1.3345854
1.3729494
1.3724709
1.3630715
1.4217633
1.421229
1.4074775
1.4739704
1.4731517
1.4630009
1.3834466
1.3814971
1.4404731
1.3693375
1.3668018
1.3852387
0.88182889
0.87983471
1.2834349
1.4275661
1.4258654
1.3172298
1.5609091
1.5597052
1.5517986
1.541045
1.540157
1.5490446
1.503155
1.5024313
1.5113235
1.4714773
1.4708632
1.4783578
1.4454338
1.4448657
1.4507557
1.4245952
1.4240495
1.4289705
1.4049688
1.4044253
1.4095094
1.3815953
1.3810574
1.3873814
1.3492481
1.348234
1.3588638
1.294377
1.2934352
1.2924965
1.2961874
1.2957162
1.2950443
1.299801
1.299331
1.2982366
1.3063864
1.3059192
1.3038515
1.3187
1.3182338
1.3144634
1.3391689
1.3386998
1.3327102
1.3710372
1.3705597
1.3611756
1.4196261
1.419092
1.4054354
1.4706937
1.469874
1.4601937
1.3756679
1.3737349
1.4342307
1.3592884
1.356807
1.3846192
0.87394469
0.87201157
1.2696592
1.420791
1.4191083
1.3102614
1.5561052
1.554909
1.5465375
1.5374986
1.5366143
1.5452541
1.5002681
1.4995498
1.5083142
1.4690274
1.4684174
1.4758309
1.443167
1.4426025
1.4484615
1.4224157
1.4218722
1.4267796
1.4027987
1.4022579
1.407344
1.3794475
1.3789123
1.3852206
1.347225
1.3462163
1.3567963
1.2924936
1.2915546
1.290617
1.294304
1.2938343
1.2931619
1.2979235
1.297455
1.2963586
1.3045202
1.3040546
1.3019842
1.3168371
1.3163724
1.3126033
1.3372952
1.3368275
1.3308404
1.3691292
1.3686527
1.3592844
1.4174898
1.416956
1.4033954
1.4674125
1.4665913
1.4573834
1.3679455
1.3660227
1.4280049
1.3494628
1.3470378
1.3842401
0.86630099
0.86442647
1.256455
1.4140859
1.4124204
1.3033866
1.5513324
1.550144
1.5413105
1.5339665
1.5330856
1.5414819
1.4974037
1.4966914
1.505324
1.466593
1.4659864
1.4733181
1.4409137
1.4403523
1.4461814
1.4202449
1.4197034
1.4245978
1.4006394
1.4001012
1.4051881
1.3773108
1.3767784
1.3830718
1.3452098
1.3442033
1.3547364
1.2906163
1.2896802
1.2887443
1.2924267
1.2919586
1.2912859
1.2960521
1.2955853
1.2944868
1.3026602
1.3021962
1.3001231
1.3149804
1.3145171
1.3107491
1.3354267
1.3349606
1.3289763
1.3672249
1.3667495
1.3573981
1.4153544
1.4148209
1.4013568
1.4641265
1.4633043
1.4545699
1.3602795
1.3583713
1.4217934
1.3398713
1.337508
1.3840636
0.85888917
0.85707179
1.2438321
1.4074479
1.4057998
1.2966028
1.5465904
1.5454094
1.5361177
1.5304476
1.5295699
1.5377262
1.494564
1.4938578
1.502355
1.4641711
1.4635672
1.4708167
1.4386724
1.4381137
1.4439134
1.418082
1.4175424
1.4224239
1.3984905
1.3979548
1.4030415
1.3751854
1.3746557
1.3809349
1.3432029
1.3422017
1.352684
1.2887448
1.2878116
1.2868762
1.2905558
1.290089
1.2894158
1.2941871
1.2937218
1.2926212
1.3008064
1.300344
1.2982681
1.3131295
1.3126676
1.3089008
1.3335645
1.3330997
1.3271184
1.3653254
1.3648513
1.355517
1.4132203
1.4126867
1.3993208
1.4608364
1.4600133
1.451754
1.352673
1.3507844
1.4156039
1.330529
1.3282277
1.3840615
0.85170039
0.84993633
1.2317987
1.4008814
1.3992504
1.2899066
1.541878
1.5407042
1.53096
1.5269427
1.5260693
1.533987
1.4917477
1.4910469
1.4994085
1.4617596
1.4611581
1.4683245
1.4364417
1.4358855
1.4416561
1.4159266
1.4153888
1.4202576
1.3963517
1.3958185
1.400904
1.3730711
1.3725442
1.3788097
1.3412033
1.3402034
1.3506389
1.2868803
1.2859656
1.2850323
1.2886907
1.2882258
1.2875524
1.2923283
1.2918645
1.2907618
1.2989589
1.2984981
1.2964194
1.3112846
1.3108243
1.3070588
1.3317078
1.3312444
1.325266
1.3634312
1.3629578
1.3536414
1.4110868
1.4105532
1.3972861
1.457543
1.456719
1.4489343
1.3451411
1.343279
1.4094476
1.3215082
1.3193569
1.38424
0.84470172
0.84296245
1.2204901
1.3943678
1.3927355
1.2832525
1.5371948
1.5360284
1.5258376
1.5234572
1.5225899
1.5302677
1.488951
1.4882544
1.4964842
1.4593576
1.4587586
1.465841
1.4342207
1.4336669
1.4394086
1.4137784
1.4132425
1.4180986
1.3942228
1.3936921
1.3987755
1.3709677
1.3704436
1.3766959
1.3392123
1.3382344
1.3486178
1.4773435
1.477962
1.4779838
1.4779582
1.4779626
1.4773391
1.4774467
1.4780598
1.4780998
1.478056
1.4780424
1.4774205
1.4776094
1.4782132
1.4782667
1.4782025
1.4781816
1.477563
1.4778463
1.4784359
1.4784983
1.4783933
1.4783684
1.4777557
1.4781563
1.4787254
1.4787915
1.4786522
1.4786223
1.4780204
1.4785204
1.4790626
1.4791196
1.478982
1.4789505
1.4783679
1.4789436
1.4794574
1.4794827
1.4793829
1.4793669
1.478815
1.4793656
1.4798381
1.4798226
1.4798074
1.4798228
1.4793188
1.479977
1.4804077
1.4803314
1.4803517
1.4804169
1.4799573
1.4803741
1.4808284
1.4807228
1.4809387
1.4810772
1.4806758
1.480276
1.4806695
1.4805789
1.480833
1.480786
1.4802925
1.4806654
1.4809084
1.4807917
1.4806369
1.4807853
1.4804411
1.4801638
1.4804149
1.4803034
1.4802831
1.4804301
1.4800116
1.4799416
1.480391
1.4803425
1.4803623
1.4804045
1.4801336
1.4802517
1.4807472
1.4806905
1.4807426
1.4808352
1.4804691
1.4808195
1.4812285
1.4811052
1.4808033
1.4809643
1.4805399
1.4802699
1.4807332
1.4806114
1.4803951
1.4804658
1.4800095
1.4798078
1.480254
1.4801451
1.4800532
1.4801213
1.4796454
1.4794273
1.4799104
1.4798402
1.4798025
1.479854
1.4793624
1.4791404
1.4796512
1.4795698
1.4795837
1.4796271
1.4791143
1.4761629
1.4761085
1.4767233
1.4748852
1.4754949
1.4755541
1.4754759
1.4754775
1.4748651
1.4763363
1.4762224
1.4768319
1.4750155
1.4756173
1.4757441
1.4756372
1.4755841
1.4749789
1.4765582
1.4764013
1.4770012
1.4752182
1.4758071
1.4759805
1.4758394
1.4757529
1.4751607
1.4768562
1.4766644
1.4772503
1.475509
1.4760858
1.4762952
1.4760887
1.4759881
1.4754134
1.4772224
1.4770116
1.4775781
1.4758776
1.4764456
1.4766644
1.476417
1.4763135
1.4757541
1.4776004
1.4774045
1.4779607
1.4763421
1.4768649
1.4770684
1.476795
1.4767244
1.4762032
1.4780118
1.4778975
1.4784095
1.4769222
1.4774044
1.4775112
1.477246
1.4772777
1.4767992
1.4783632
1.4784064
1.4788756
1.4775151
1.4779554
1.4778793
1.4777471
1.4779241
1.477491
1.4788879
1.4791429
1.4795513
1.4783653
1.4787476
1.4784283
1.4782894
1.4787157
1.4783256
1.4792321
1.47955
1.4799432
1.4788738
1.4791943
1.478801
1.4789913
1.4795485
1.4791921
1.4792202
1.4795289
1.4798912
1.4788333
1.4791799
1.4787994
1.4789305
1.4793089
1.479045
1.4795631
1.479916
1.4803137
1.4791116
1.4795024
1.4791298
1.4788373
1.4792363
1.4788888
1.4787821
1.479296
1.4798192
1.4783611
1.4787978
1.4784033
1.4785003
1.4789591
1.478595
1.4788735
1.4792065
1.4796344
1.4785341
1.4788641
1.4784538
1.4786415
1.4789721
1.4786115
1.479193
1.479373
1.4797857
1.4787509
1.4790548
1.478735
1.4788107
1.4791832
1.4787734
1.4795271
1.480057
1.4804538
1.4792273
1.4796437
1.4790135
1.4789284
1.4792417
1.4788385
1.4790413
1.4794331
1.4798477
1.4786208
1.4790299
1.4785141
1.4784237
1.4788206
1.4784266
1.4785925
1.4789502
1.4793857
1.4780845
1.4785172
1.4780845
1.4779929
1.4782957
1.4778639
1.4782384
1.4784922
1.4789614
1.4775666
1.4780267
1.4777182
1.4777106
1.4779313
1.4774692
1.4778635
1.4781291
1.4786268
1.4771274
1.4776091
1.4772656
1.4774338
1.4775881
1.4770958
1.4737443
1.4736678
1.4742762
1.4724446
1.4730566
1.4731419
1.4729659
1.4730034
1.4723884
1.473974
1.4738209
1.4744165
1.4726277
1.4732276
1.4733826
1.4732186
1.473176
1.4725752
1.4742333
1.4740425
1.4746327
1.4728585
1.4734454
1.4736465
1.4734576
1.4733891
1.4727933
1.4745844
1.4743476
1.4749245
1.4732278
1.4737842
1.4740314
1.4737395
1.4736852
1.4731227
1.4750374
1.4747839
1.4753237
1.4737265
1.4742522
1.4745117
1.4741434
1.4741199
1.4735892
1.4755343
1.4753254
1.4758297
1.4743419
1.4748296
1.4750381
1.4746507
1.4746926
1.4742015
1.4760594
1.4759869
1.4764493
1.4750946
1.4755351
1.4755958
1.4752253
1.4754187
1.4749756
1.4764963
1.4766684
1.4770861
1.4758763
1.4762655
1.4760626
1.4758474
1.4762556
1.4758656
1.4771522
1.4776434
1.4779964
1.4769923
1.4773085
1.4767681
1.4764494
1.4772267
1.4768896
1.4776654
1.4783039
1.4785795
1.4777997
1.4780436
1.4773206
1.4772848
1.4782168
1.4779259
1.4775972
1.4781534
1.4784879
1.4775657
1.4778414
1.4772293
1.4773488
1.4782016
1.4779325
1.4779328
1.4783341
1.478718
1.4776197
1.4779651
1.477578
1.4772156
1.4779056
1.4776169
1.4774679
1.4776817
1.4779802
1.4771136
1.4773696
1.4770621
1.4772784
1.477648
1.4773687
1.4772368
1.4778876
1.478204
1.477355
1.477607
1.4769251
1.4771143
1.4776357
1.4773151
1.4775846
1.4781623
1.478455
1.4776321
1.4778874
1.4772503
1.4772384
1.477641
1.4773098
1.4776068
1.4784142
1.4788138
1.4776722
1.4780332
1.4771649
1.4772197
1.4777451
1.4774171
1.4769707
1.4778312
1.47822
1.4770788
1.4774512
1.4765013
1.4766559
1.4772677
1.4768991
1.4765586
1.4771971
1.4776384
1.4763511
1.4767696
1.4760672
1.4760773
1.4766071
1.4762056
1.4762009
1.4766536
1.4771101
1.4757252
1.4761849
1.4756943
1.475717
1.4761026
1.4756558
1.4756297
1.4761289
1.4766206
1.4751494
1.4756125
1.4750528
1.4753904
1.4756207
1.4751433
1.4713196
1.4712251
1.4718317
1.4700252
1.4706236
1.4707222
1.4705032
1.4705479
1.4699458
1.4715973
1.4714213
1.4720196
1.4702477
1.4708325
1.4710181
1.4707856
1.4707599
1.4701668
1.4719471
1.4717102
1.4722819
1.4705766
1.4711419
1.4713891
1.4710826
1.4710491
1.4704738
1.4724084
1.4721286
1.4726761
1.4710466
1.4715852
1.4718776
1.4714683
1.4714552
1.4709056
1.4729762
1.4726925
1.4732065
1.4716833
1.4721848
1.4724796
1.4719788
1.4720227
1.4715094
1.4736068
1.4733928
1.473863
1.4724815
1.4729327
1.4731511
1.4726227
1.4727681
1.4723046
1.4742842
1.4742497
1.4746658
1.4734573
1.4738468
1.4738762
1.4733598
1.4737008
1.4732966
1.4748612
1.4751447
1.4755024
1.4744861
1.4748062
1.4745011
1.4741575
1.4747714
1.4744357
1.4757448
1.4764213
1.4766961
1.4759427
1.4761695
1.4754576
1.4748865
1.4759765
1.4757138
1.4764077
1.4773677
1.4775703
1.4770353
1.4771838
1.4761684
1.4758826
1.4771492
1.4769402
1.476304
1.4771189
1.4773215
1.4768119
1.4769461
1.4760598
1.4761143
1.477285
1.4771208
1.4766077
1.4770217
1.4773066
1.4765531
1.4767761
1.4763376
1.4760161
1.4769316
1.4767705
1.4762609
1.4765667
1.4769689
1.4763304
1.4762928
1.4760769
1.4763937
1.4768315
1.4767321
1.4762486
1.4769463
1.4771385
1.4766453
1.4767831
1.4760704
1.4760538
1.4765216
1.4763086
1.4763793
1.4771802
1.4773939
1.4768034
1.4769802
1.4761343
1.4759993
1.4764571
1.4762205
1.475956
1.47701
1.4773331
1.4764139
1.4767049
1.4755981
1.4757998
1.4765206
1.4762495
1.4751931
1.4763583
1.4767128
1.4756828
1.4760131
1.4747894
1.4751589
1.4758809
1.4755738
1.4746904
1.4755447
1.4759423
1.4747865
1.4751594
1.4742585
1.4743805
1.4750619
1.4747005
1.4742299
1.4748441
1.4752799
1.4739948
1.4744147
1.473769
1.4738896
1.4743638
1.4739495
1.4735556
1.4742051
1.4746609
1.4732814
1.4737156
1.473042
1.473458
1.4737386
1.4732896
1.4689501
1.4688325
1.4694278
1.4676455
1.468238
1.4683624
1.4680734
1.4681313
1.4675346
1.4692971
1.4690849
1.4696653
1.4679307
1.4685068
1.4687285
1.4684149
1.4683977
1.4678113
1.4697374
1.469455
1.4700141
1.4683464
1.468899
1.4691947
1.4687776
1.468761
1.468195
1.4703184
1.4699831
1.4705125
1.4689393
1.4694585
1.4698104
1.4692611
1.4692779
1.4687429
1.4710415
1.470701
1.4711886
1.469749
1.4702211
1.4705803
1.4699086
1.4700024
1.4695121
1.4718594
1.4716091
1.4720401
1.4707816
1.4711895
1.4714571
1.4707346
1.4709617
1.470533
1.4727518
1.4727224
1.4730818
1.4720572
1.4723812
1.4724171
1.4716958
1.47216
1.4718112
1.473561
1.4739115
1.4741881
1.4734342
1.4736602
1.4733017
1.4727441
1.4735356
1.4732782
1.4747625
1.4755712
1.4757419
1.475327
1.4754312
1.4746088
1.4737008
1.4750613
1.4749048
1.4756776
1.4768271
1.4769103
1.4767625
1.47677
1.4756036
1.4749119
1.4764768
1.4764012
1.4755482
1.4766391
1.4767032
1.4766261
1.4766025
1.4754619
1.4754128
1.476789
1.4767531
1.4757157
1.476158
1.4763519
1.4759334
1.4760196
1.4755499
1.475471
1.4764901
1.4764757
1.4757104
1.4761603
1.4763227
1.4759034
1.4760028
1.4756967
1.475962
1.4762499
1.4763202
1.4756828
1.4764491
1.4765311
1.4763721
1.4763944
1.4756069
1.4753785
1.4758612
1.4757618
1.4755477
1.4765074
1.4766422
1.4763062
1.4763909
1.475404
1.4751332
1.4756501
1.4755133
1.474654
1.4758886
1.4761413
1.4754572
1.4756593
1.4743829
1.474769
1.4755437
1.4753548
1.473685
1.4750701
1.4753672
1.474535
1.4747918
1.4733568
1.4739552
1.4747512
1.4745116
1.4730481
1.4740792
1.4744267
1.4734214
1.4737442
1.4726736
1.4729301
1.4736782
1.4733596
1.4724529
1.4731808
1.4735824
1.4724071
1.4727881
1.4720347
1.4722636
1.4727629
1.4723878
1.471658
1.4723879
1.472814
1.4715193
1.4719214
1.4711999
1.4716904
1.4719674
1.4715496
1.4666113
1.4664651
1.4670544
1.465291
1.465877
1.466031
1.46567
1.4657397
1.4651483
1.4670393
1.4667857
1.467357
1.4656502
1.4662166
1.4664817
1.4660749
1.4660635
1.465485
1.4675918
1.4672515
1.4677971
1.4661714
1.4667095
1.4670665
1.4665191
1.4665136
1.4659589
1.4683268
1.4679168
1.4684251
1.4669174
1.4674141
1.4678464
1.467126
1.4671634
1.466646
1.4692586
1.46883
1.4692852
1.4679479
1.4683841
1.4688405
1.4679507
1.4680818
1.4676202
1.4703426
1.4700049
1.4703866
1.4692857
1.4696379
1.4700059
1.4690196
1.4693127
1.4689301
1.4715538
1.4714636
1.4717504
1.4709564
1.4711984
1.4713171
1.4702938
1.4708657
1.4705907
1.4727111
1.47307
1.473237
1.4728374
1.4729359
1.4725862
1.4717072
1.472655
1.4725065
1.4743608
1.4752366
1.4752607
1.4753176
1.4752528
1.4743912
1.4730313
1.4746283
1.4746256
1.4756352
1.4768684
1.476783
1.4771472
1.4769836
1.4757715
1.4745636
1.4763928
1.4765037
1.475524
1.4768198
1.4766837
1.4771887
1.4769842
1.4756752
1.475405
1.4769366
1.4770946
1.4754944
1.4759303
1.4759038
1.4762304
1.4760563
1.4756097
1.4756895
1.476774
1.476945
1.4757475
1.4756083
1.4756826
1.4764883
1.4759956
1.4757999
1.4761922
1.4763904
1.4764157
1.4756245
1.4764505
1.4763869
1.4767407
1.4765661
1.4757286
1.4753792
1.4758201
1.4759846
1.475149
1.4762177
1.4762431
1.4762668
1.4762194
1.4751299
1.4747674
1.4752817
1.4752828
1.4737274
1.475143
1.4752847
1.4749584
1.4750332
1.4735728
1.47421
1.4749577
1.4748904
1.4725105
1.4740887
1.4743
1.4737413
1.4739019
1.4722779
1.4730946
1.4739205
1.4737708
1.4716357
1.4728137
1.4731109
1.4722624
1.4725303
1.4713205
1.4717481
1.4724854
1.4722262
1.4708579
1.4716759
1.4720352
1.4709916
1.4713268
1.4704894
1.4708624
1.4713353
1.4710107
1.4699152
1.4706842
1.4710754
1.4698816
1.470245
1.4694974
1.4700965
1.4703316
1.4699531
1.4643026
1.4641237
1.4647065
1.4629629
1.4635424
1.4637302
1.4632909
1.4633738
1.4627859
1.4648277
1.4645247
1.4650862
1.4634097
1.463966
1.4642826
1.4637686
1.4637617
1.4631917
1.4655195
1.4651067
1.4656371
1.4640586
1.4645805
1.4650138
1.4643127
1.464314
1.4637725
1.4664521
1.4659429
1.4664269
1.4649953
1.4654658
1.4660038
1.4650744
1.4651251
1.464629
1.4676616
1.467106
1.4675216
1.4663085
1.4667014
1.4672955
1.4661263
1.4662856
1.4658595
1.4691151
1.4686311
1.46895
1.4680493
1.4683309
1.4688625
1.4675181
1.4678667
1.4675431
1.4707879
1.4705497
1.4707398
1.4702598
1.470389
1.4706777
1.4692255
1.469905
1.469728
1.4724731
1.4727535
1.4727759
1.4728431
1.4727732
1.4725345
1.4711672
1.4722618
1.4722682
1.4747614
1.4755806
1.475431
1.4759483
1.4757513
1.4749841
1.4730699
1.4748812
1.4750364
1.4763975
1.4775326
1.4773194
1.4780354
1.4777596
1.4766857
1.4750707
1.4769578
1.4771817
1.476378
1.4776652
1.4774016
1.4782658
1.4779328
1.4766828
1.4762287
1.4777028
1.4780036
1.4762855
1.4767625
1.4764899
1.4774813
1.4771074
1.4766078
1.4766475
1.477702
1.4780113
1.4765898
1.4768737
1.4767269
1.4773439
1.477082
1.476894
1.4767228
1.4775177
1.4777792
1.476352
1.4772067
1.4769608
1.4777781
1.4774754
1.4766209
1.4762563
1.4767201
1.4770094
1.4753278
1.4764851
1.4763481
1.4768705
1.4766623
1.4754938
1.4752277
1.4755746
1.4757809
1.4733366
1.4749211
1.474919
1.4750578
1.4749645
1.4733403
1.4742775
1.4749283
1.475035
1.4717418
1.4735011
1.4736071
1.4733765
1.4734235
1.4716192
1.4727219
1.4734937
1.4734657
1.4704805
1.4717784
1.472011
1.4713757
1.4715658
1.4702406
1.4709214
1.4715724
1.4714011
1.4694731
1.4703587
1.4706676
1.4697822
1.4700622
1.4691614
1.4697224
1.4701252
1.469862
1.4683324
1.469116
1.4694665
1.4683892
1.4687079
1.467946
1.4687012
1.4688619
1.4685298
1.4620231
1.4618009
1.4623826
1.460641
1.4612194
1.4614552
1.46091
1.4610073
1.4604229
1.4626663
1.4623056
1.4628562
1.4612125
1.4617575
1.4621341
1.461497
1.4614959
1.460935
1.4635285
1.4630278
1.4635408
1.4620148
1.462519
1.4630443
1.4621632
1.4621701
1.4616437
1.4647117
1.4640763
1.4645322
1.463188
1.4636283
1.4642999
1.4631158
1.4631778
1.4627068
1.4662877
1.4655592
1.4659272
1.4648627
1.4652038
1.4659835
1.4644575
1.4646427
1.4642595
1.4682531
1.4675491
1.467789
1.4671405
1.4673335
1.4681061
1.4662776
1.4666812
1.466433
1.470581
1.4701104
1.4701667
1.4701209
1.4700948
1.4706406
1.4685877
1.4693795
1.4693325
1.4730124
1.4731063
1.472957
1.4734736
1.4732758
1.4732248
1.4713284
1.4725612
1.4727223
1.4757579
1.4764251
1.4761712
1.4770286
1.4767108
1.4761151
1.4738193
1.4756504
1.4759198
1.4777115
1.4786816
1.4783307
1.4794999
1.4790594
1.4781647
1.4761811
1.4780412
1.4784316
1.4777903
1.4790136
1.4785987
1.4799413
1.479428
1.4782732
1.4776754
1.4790458
1.4795512
1.4775775
1.4784008
1.4779166
1.479459
1.4789255
1.4779528
1.4782024
1.479298
1.4798141
1.4778719
1.4782082
1.4777711
1.4791079
1.4786328
1.4782919
1.4782066
1.4786662
1.4792439
1.4775807
1.4784547
1.4780932
1.4792477
1.4788206
1.4779519
1.4777154
1.4780286
1.4784613
1.4762611
1.477342
1.4770944
1.4779064
1.4776128
1.4765661
1.476389
1.4765472
1.4768496
1.4736447
1.4753997
1.4752
1.4759259
1.4756528
1.4738493
1.4751919
1.4756681
1.4759392
1.4714423
1.4733797
1.473361
1.4735288
1.4734345
1.4714509
1.4729876
1.4736069
1.4737382
1.4696607
1.4710702
1.4712097
1.4708726
1.4709584
1.4695196
1.4705665
1.4710499
1.4709939
1.4683279
1.4692687
1.4695163
1.46882
1.4690357
1.4680817
1.4689089
1.4691824
1.4689967
1.466891
1.4677053
1.4680066
1.4670656
1.4673336
1.4665444
1.4675285
1.4675891
1.4673102
1.4597516
1.4594912
1.4600645
1.4583568
1.4589224
1.4591901
1.4585805
1.4586827
1.4581085
1.4605569
1.4601275
1.4606695
1.459043
1.4595838
1.4600357
1.4592383
1.4592522
1.4586943
1.461626
1.461021
1.4615153
1.4600466
1.4605314
1.461165
1.4600738
1.4600888
1.459579
1.4631241
1.4623322
1.4627557
1.461511
1.4619172
1.4627535
1.4612598
1.4613361
1.460894
1.4651794
1.4642238
1.4645357
1.4636478
1.4639278
1.4649492
1.4629677
1.4631848
1.4628527
1.4678496
1.4668353
1.4669754
1.466646
1.4667266
1.4678364
1.4653539
1.4658263
1.4656743
1.4710593
1.4703095
1.4701928
1.4706112
1.4704504
1.4712517
1.4685097
1.4694354
1.4695579
1.4740532
1.4739507
1.4736927
1.474559
1.474232
1.4743948
1.4720723
1.4733549
1.4736328
1.4773345
1.4777829
1.4773892
1.4787161
1.478234
1.4778812
1.4750803
1.476947
1.4773759
1.4797256
1.4805222
1.4799762
1.4817853
1.4811134
1.4804051
1.4779855
1.4798683
1.4804823
1.4799394
1.4810922
1.4804596
1.4825227
1.4817422
1.4806695
1.4799418
1.4812211
1.482032
1.4798365
1.480572
1.480091
1.4822563
1.4813709
1.4803397
1.480594
1.4816634
1.4821889
1.4798493
1.4801791
1.479625
1.4816088
1.4808561
1.480449
1.4801534
1.4812433
1.4816728
1.4792851
1.4801721
1.4796755
1.4812549
1.4806813
1.4798037
1.4798018
1.4799674
1.4805672
1.4776305
1.4785808
1.4782337
1.4793836
1.4789737
1.4780439
1.4780678
1.4779857
1.4784223
1.4747476
1.4765352
1.4762205
1.477234
1.4768751
1.475097
1.4766151
1.4769044
1.477274
1.4717069
1.4738473
1.4736654
1.4743547
1.4740781
1.4718797
1.4740293
1.474415
1.4747017
1.4692724
1.4707916
1.4708176
1.4708401
1.4708011
1.4692545
1.4708115
1.4710317
1.4711188
1.4674526
1.4684448
1.4686208
1.468154
1.4682877
1.4672772
1.4684929
1.4685825
1.4684947
1.4656169
1.4664689
1.4667188
1.4659339
1.4661434
1.4653164
1.4666143
1.4665362
1.4663173
1.4575314
1.4572316
1.457793
1.4561153
1.4566722
1.4569831
1.4562775
1.4563922
1.4558248
1.4584973
1.4579847
1.4585089
1.4569484
1.4574654
1.4579947
1.4570372
1.4570625
1.4565262
1.4598183
1.4590927
1.4595674
1.4581598
1.4586242
1.4593826
1.458048
1.4580762
1.4575842
1.4617079
1.4607266
1.4611143
1.4599808
1.4603487
1.4613831
1.4595157
1.4596143
1.4592049
1.4643878
1.4631404
1.4633854
1.4627071
1.4629137
1.4642439
1.4616818
1.4619464
1.461675
1.4680225
1.4665863
1.4666002
1.4666678
1.4666093
1.4681533
1.4648134
1.4653851
1.465353
1.471982
1.4710013
1.4707951
1.4714901
1.4712327
1.4722838
1.4690429
1.4700484
1.470257
1.4756674
1.4753106
1.4749065
1.476235
1.475738
1.4761697
1.4732609
1.4746491
1.4750679
1.4797285
1.4798534
1.4792684
1.4812299
1.4805259
1.4805427
1.4770361
1.478975
1.4796205
1.4827367
1.4833334
1.4825125
1.4852205
1.4842227
1.4837448
1.4807446
1.4827089
1.4836189
1.4831807
1.4842975
1.4833248
1.4864857
1.4852679
1.4842673
1.4833461
1.4846039
1.4858572
1.4825582
1.4840498
1.4831275
1.486158
1.4850165
1.4835793
1.4841193
1.4845842
1.4852299
1.4825361
1.4831945
1.4824051
1.4850274
1.4840603
1.4834075
1.4830173
1.4841443
1.4849929
1.481635
1.4825298
1.4818664
1.4840411
1.483267
1.4823629
1.48271
1.4827057
1.483521
1.4794692
1.4803369
1.4798519
1.4814625
1.4808889
1.4800255
1.4804401
1.4800545
1.480684
1.4762715
1.4780291
1.477622
1.4789323
1.4784706
1.476714
1.4785155
1.4785696
1.4790628
1.4726908
1.4749614
1.4746489
1.4756483
1.4752938
1.4730398
1.4755113
1.4756858
1.4760546
1.4694028
1.471019
1.4709136
1.4713464
1.4711609
1.4695202
1.4717749
1.471641
1.4719094
1.466876
1.4679537
1.4680405
1.4678537
1.4678889
1.4667839
1.4685473
1.4683936
1.4684205
1.4645671
1.465463
1.4656433
1.4650645
1.4651989
1.4643277
1.4659946
1.4657458
1.4656023
1.4553538
1.4550064
1.4555594
1.4539055
1.4544548
1.4548153
1.4540001
1.4541313
1.4535713
1.4565039
1.4559177
1.4564309
1.4549005
1.4554085
1.4560136
1.4548883
1.4549337
1.4544087
1.4581105
1.4572486
1.4577023
1.4563592
1.4568018
1.4577012
1.4560879
1.4561373
1.4556636
1.4604816
1.4592753
1.4596222
1.4586112
1.4589362
1.4602045
1.4578902
1.4580248
1.4576501
1.4639674
1.462353
1.462518
1.462083
1.4622031
1.4639196
1.4606212
1.4609602
1.4607602
1.4686473
1.4668888
1.466764
1.4671858
1.467028
1.4688552
1.4647242
1.4654452
1.4655566
1.473378
1.4720896
1.471775
1.4728112
1.4724339
1.4738116
1.4699366
1.4710351
1.4713473
1.4780428
1.4773496
1.4767509
1.4786694
1.4779616
1.478762
1.4750314
1.4765659
1.4771666
1.4832352
1.4828892
1.4820431
1.4848944
1.4838842
1.4843783
1.4799081
1.482015
1.4829637
1.4872243
1.4875086
1.4863039
1.4902924
1.4888308
1.4887141
1.4848434
1.4869881
1.4882861
1.4880438
1.4891495
1.487666
1.4924113
1.4906254
1.4897173
1.4884184
1.4897196
1.491636
1.4872177
1.4886003
1.4873236
1.4917037
1.4902622
1.4888963
1.4894739
1.4890886
1.4901552
1.4865347
1.4872675
1.4861144
1.4899476
1.4885895
1.4878234
1.4880995
1.4877151
1.4886693
1.4848903
1.4858396
1.4849251
1.4879767
1.4868898
1.4858844
1.4868732
1.4865744
1.487741
1.4819234
1.4827833
1.4821064
1.4843232
1.4835282
1.4826576
1.4837332
1.4829566
1.4838418
1.4781928
1.4799586
1.4794341
1.4811214
1.4805257
1.4787487
1.4810213
1.4807738
1.4814238
1.4741985
1.4764228
1.4760231
1.4772918
1.4768447
1.4746289
1.4773924
1.4773135
1.4777846
1.4701034
1.4718493
1.4715752
1.4725026
1.4721652
1.4703803
1.4732563
1.4729058
1.4732732
1.4666731
1.4678637
1.4678435
1.4679872
1.4679087
1.466689
1.4691649
1.4686952
1.4688539
1.4637699
1.4647322
1.4648376
1.4644742
1.4645324
1.4635846
1.4657455
1.4652699
1.4652079
1.4532138
1.4528131
1.4533581
1.4517298
1.4522715
1.452686
1.4517485
1.4518999
1.4513456
1.4545607
1.453892
1.4543968
1.452885
1.453395
1.4540837
1.4527807
1.4528422
1.4523209
1.4565042
1.4554916
1.4559231
1.4546454
1.4550666
1.4561234
1.4541946
1.4542746
1.4538188
1.4594584
1.4579892
1.4582925
1.4574106
1.457692
1.4592314
1.4563854
1.4565774
1.4562366
1.4639698
1.4619021
1.4619741
1.4618127
1.4618359
1.4640271
1.4598053
1.4602566
1.4601361
1.4696001
1.4675535
1.4673596
1.4679963
1.4677651
1.4699009
1.4651214
1.4659836
1.4661637
1.47535
1.4736661
1.473222
1.4746664
1.4741494
1.4759443
1.471229
1.4724707
1.4729025
1.4814215
1.4802243
1.4793895
1.4820452
1.4810671
1.4824092
1.4775141
1.4792907
1.4801171
1.4882505
1.4873014
1.4861047
1.4901725
1.488747
1.4898665
1.4839826
1.4864125
1.4877653
1.4939022
1.4936605
1.4919105
1.4977688
1.4956719
1.4961223
1.4907879
1.4932927
1.4951565
1.4954258
1.4964142
1.4942653
1.5013754
1.4987447
1.4979851
1.4960355
1.4974534
1.5003953
1.4943855
1.4953603
1.4936396
1.4983686
1.497641
1.4966855
1.4975546
1.4958162
1.4981892
1.492364
1.4930907
1.4914678
1.4967656
1.4948441
1.4940934
1.4932345
1.4920119
1.4937154
1.4893659
1.4904965
1.4892071
1.4934472
1.4919315
1.4906912
1.4927667
1.492016
1.4936852
1.4851501
1.4861086
1.4851813
1.4881635
1.4870906
1.4861003
1.4882267
1.4869378
1.4881267
1.4806171
1.4824409
1.4817582
1.4839357
1.4831587
1.4813079
1.4842739
1.483643
1.4844826
1.4760425
1.4782562
1.4777647
1.4792968
1.4787663
1.4765652
1.4797536
1.479358
1.479951
1.4714469
1.4732276
1.4728569
1.4740247
1.4736179
1.4718444
1.475055
1.4744933
1.4749362
1.466918
1.4682401
1.4680953
1.4686243
1.4684129
1.4670507
1.4704285
1.4695507
1.4698627
1.4632166
1.4642915
1.4643147
1.464193
1.4641668
1.4630998
1.4659037
1.4651375
1.4651689
1.4510962
1.4506533
1.4511878
1.4495886
1.4501142
1.4505702
1.4495264
1.4497036
1.4491503
1.452638
1.4518757
1.452382
1.4509033
1.4513894
1.4521725
1.4506694
1.4507582
1.4502356
1.4549854
1.4538048
1.4542269
1.4529723
1.4533858
1.4546149
1.4523384
1.4524617
1.4520295
1.458646
1.456877
1.4571338
1.456371
1.4566105
1.458463
1.4549863
1.4552652
1.4549573
1.4643702
1.461813
1.4617933
1.4619017
1.4618479
1.4645074
1.4592547
1.4598626
1.4598123
1.4709221
1.4685184
1.4682496
1.4691217
1.4688156
1.4713275
1.4657973
1.4667886
1.4670291
1.4780203
1.475825
1.4752267
1.4771484
1.476464
1.4788014
1.4729694
1.4744218
1.4749872
1.4860504
1.4841663
1.4830292
1.4866167
1.485308
1.4873786
1.4808481
1.4830054
1.4840933
1.4953742
1.4936029
1.4918985
1.497692
1.4956661
1.4976581
1.4896313
1.4926456
1.4945329
1.5039294
1.5027907
1.5002631
1.5089543
1.5059098
1.5073238
1.4994017
1.5026223
1.5053644
1.5068146
1.5075877
1.5042794
1.5154333
1.5113127
1.5107645
1.5075911
1.5094341
1.5141166
1.5024306
1.5044666
1.5005378
1.5096504
1.5079621
1.5051555
1.5103731
1.5074154
1.510272
1.5005301
1.5011747
1.4988099
1.5064993
1.5036613
1.5028369
1.4997253
1.5012879
1.504445
1.4953722
1.4968746
1.4951132
1.5008393
1.4988069
1.4971273
1.5009623
1.4995205
1.5018251
1.4893147
1.4905149
1.4892857
1.4931878
1.4917937
1.4905166
1.4942148
1.4922497
1.4937969
1.4836135
1.4856158
1.4847365
1.4874915
1.486502
1.484443
1.4884222
1.4873116
1.4883737
1.4782648
1.4804452
1.4798584
1.4817125
1.4810659
1.4788869
1.4826725
1.4819359
1.4826683
1.4731313
1.4748962
1.4744523
1.4758442
1.4753618
1.4735936
1.4772205
1.476398
1.4769246
1.4676245
1.4691505
1.4688669
1.4698167
1.469464
1.467872
1.4721034
1.4709943
1.4714065
1.4629581
1.4641727
1.4641114
1.4642367
1.4641269
1.4629052
1.4665033
1.4653855
1.4655088
1.4489627
1.4485542
1.4490814
1.4474744
1.4480131
1.4484696
1.4473294
1.4475332
1.446992
1.4508268
1.4498859
1.4504124
1.4489195
1.4493649
1.450389
1.4486523
1.4487599
1.4482438
1.4535342
1.4521668
1.4525903
1.4515121
1.4518131
1.4531517
1.4504348
1.4508213
1.4504252
1.457969
1.4558905
1.4561085
1.4554375
1.4556941
1.4578641
1.4536917
1.4540758
1.4538143
1.464954
1.462066
1.4619883
1.4622932
1.4621671
1.4651448
1.458914
1.4597751
1.4597702
1.4726592
1.4698088
1.469466
1.4705775
1.4701872
1.4731524
1.466697
1.4678667
1.4681505
1.4815
1.4786413
1.4778725
1.4803089
1.4794626
1.4824855
1.4752014
1.4769384
1.4776477
1.4922834
1.4894262
1.4879352
1.4926266
1.4909416
1.4940446
1.4851723
1.4878921
1.4892802
1.5056074
1.5025619
1.5001532
1.5083325
1.5054989
1.5088653
1.497299
1.5012888
1.5038661
1.5194143
1.516544
1.5128241
1.5260387
1.5214156
1.5246743
1.5120242
1.5166543
1.520848
1.5254134
1.5255144
1.5202651
1.5378596
1.532102
1.5317027
1.52595
1.5288912
1.5359646
1.5151989
1.5152101
1.5123227
1.5252246
1.519881
1.5198148
1.5302315
1.523179
1.5304973
1.5117781
1.5128967
1.5094572
1.5206115
1.5164707
1.5150274
1.5115094
1.5153016
1.5198263
1.503253
1.5054098
1.5030759
1.5106684
1.5079848
1.505556
1.5122637
1.509711
1.5127958
1.4945719
1.4962083
1.4946356
1.4995893
1.4978395
1.4960736
1.5019553
1.499144
1.5011269
1.4872689
1.4895244
1.488466
1.4917886
1.4906184
1.488293
1.4936266
1.4918669
1.4931571
1.4808943
1.4831068
1.4823946
1.4846519
1.4838603
1.4816233
1.4861927
1.4850767
1.4859588
1.4750781
1.4768729
1.4763496
1.4779908
1.4774232
1.4756046
1.4797651
1.4786688
1.4792931
1.468812
1.4706016
1.4701956
1.4714554
1.4710194
1.4691894
1.4740256
1.472733
1.4732081
1.4629844
1.4643862
1.4642385
1.4646233
1.4644296
1.4630069
1.46753
1.4660137
1.4662419
1.4469062
1.446415
1.4469437
1.4453586
1.4458861
1.4463926
1.445118
1.4453738
1.4448358
1.4489191
1.4479356
1.4484189
1.4469903
1.4474627
1.448457
1.4466028
1.4467285
1.4462396
1.4522527
1.4507096
1.4511073
1.4499195
1.4503146
1.4518957
1.4487276
1.4490925
1.4486828
1.457645
1.4553137
1.4553658
1.4548424
1.4550582
1.4575098
1.4525457
1.4531232
1.4528487
1.4654532
1.4625406
1.4624187
1.4630471
1.4628995
1.4654467
1.4587911
1.4601495
1.4601202
1.474776
1.4714549
1.4709452
1.4718688
1.4716412
1.4753677
1.4674987
1.469298
1.4696862
1.4858508
1.4818597
1.4811275
1.4831423
1.4825917
1.4870445
1.4779036
1.4800755
1.4806796
1.5004764
1.4962478
1.494363
1.4998927
1.4980604
1.5027748
1.4905701
1.4941022
1.4958325
1.5203953
1.5151373
1.5118021
1.523177
1.5192263
1.5249907
1.507541
1.5130883
1.5166194
1.5441854
1.5381805
1.5323473
1.5533631
1.5456485
1.5518796
1.5308493
1.5384677
1.5452013
1.5539825
1.5521717
1.5454436
1.5697877
1.5607805
1.5621443
1.5551086
1.5585982
1.5673943
1.5384212
1.5388026
1.5311484
1.5552657
1.5468076
1.5455045
1.5606461
1.5539354
1.5625874
1.5274198
1.5299805
1.5249997
1.5412963
1.5353448
1.5321271
1.5376514
1.5365225
1.5433777
1.5134097
1.5166933
1.5136119
1.5236049
1.520048
1.516427
1.5277014
1.5233915
1.5274983
1.5010998
1.5034449
1.5014608
1.5077371
1.5055195
1.502946
1.5117949
1.5078861
1.510364
1.4916854
1.4943033
1.4930146
1.4970256
1.4956595
1.4929208
1.4999178
1.4975012
1.4990732
1.4839666
1.4863237
1.4854772
1.4881051
1.4872033
1.4848052
1.4904269
1.4888356
1.4898457
1.4772913
1.479177
1.4785771
1.4804382
1.4797978
1.4778843
1.4827106
1.481294
1.4820014
1.4704735
1.472353
1.4718955
1.4732996
1.4728173
1.4709218
1.476189
1.4746967
1.475224
1.4633205
1.4649457
1.4647158
1.465352
1.4650787
1.4634171
1.4690448
1.4670703
1.467402
1.4448492
1.4442981
1.4448285
1.4432479
1.4437709
1.444336
1.4429331
1.4432207
1.4426899
1.4470993
1.4460539
1.4465226
1.4451342
1.4455917
1.4466549
1.4445833
1.4447718
1.4442908
1.4509243
1.4491609
1.4495352
1.4484203
1.448788
1.4506046
1.4470253
1.4474694
1.4470704
1.4572939
1.4544712
1.4546535
1.4541465
1.4543022
1.4572182
1.4514103
1.4521238
1.4518827
1.4662476
1.4632109
1.4630693
1.4635748
1.4633954
1.4665371
1.4586145
1.4603921
1.4605048
1.4773817
1.4731469
1.4726313
1.4744239
1.4737648
1.4778801
1.4690615
1.4707665
1.4711753
1.4912866
1.4852045
1.4837346
1.4874021
1.4862816
1.4929453
1.4811066
1.4834975
1.484492
1.5109739
1.5032185
1.5016904
1.5079115
1.5048347
1.5138694
1.4972622
1.5020556
1.5044924
1.5410707
1.5326304
1.5279781
1.5435959
1.5382047
1.5464707
1.5195778
1.5271126
1.5298048
1.5779495
1.5703966
1.5616178
1.5899902
1.5798261
1.5880533
1.5590568
1.5701526
1.5794555
1.5904648
1.5904177
1.579603
1.6174133
1.6027458
1.6025624
1.5933758
1.5988879
1.6124949
1.5691155
1.5735002
1.5641169
1.5943172
1.5834806
1.577996
1.5965493
1.5915602
1.6030365
1.5493547
1.5548216
1.5478811
1.5704224
1.5624981
1.5559929
1.5705562
1.5664769
1.5748974
1.5263836
1.531469
1.5273984
1.5401577
1.5357087
1.5301102
1.548563
1.541641
1.5467604
1.5090481
1.5123918
1.5099967
1.517396
1.5148021
1.5112227
1.5240395
1.5185284
1.521508
1.4968537
1.4999312
1.4984649
1.5030458
1.5014669
1.4982454
1.5073335
1.5041099
1.5059123
1.4874539
1.4900104
1.4890493
1.4920339
1.4910159
1.4883971
1.4952678
1.4931095
1.4942563
1.4797669
1.4817755
1.4810958
1.4831864
1.4824691
1.4804235
1.4860415
1.4842659
1.4850626
1.4723374
1.4742956
1.4737886
1.4753394
1.4748082
1.4728273
1.4785922
1.4768758
1.4774607
1.4639531
1.4658521
1.4655393
1.4664327
1.4660832
1.4641352
1.470881
1.468532
1.4689572
1.4428093
1.4422064
1.4427262
1.4411672
1.4416862
1.4423007
1.4407813
1.4410966
1.4405702
1.4453438
1.4442234
1.4446785
1.4433106
1.4437675
1.4449079
1.4425868
1.4428561
1.4423776
1.4496606
1.4477029
1.4480619
1.4469917
1.4473477
1.4493456
1.4453677
1.4458878
1.4454957
1.457011
1.4538407
1.4539943
1.4535357
1.4536908
1.4569488
1.4503249
1.4511888
1.4509633
1.4674253
1.4639222
1.4637501
1.4642648
1.4640937
1.4677029
1.4588747
1.4608117
1.4609129
1.4797612
1.4755866
1.4750126
1.4767183
1.4761432
1.4804385
1.4704194
1.4724559
1.4728806
1.4972092
1.4899493
1.4886583
1.4926396
1.4912761
1.498809
1.4845263
1.4876676
1.4887569
1.5239906
1.5130549
1.5103983
1.5189
1.5159212
1.5273767
1.5045074
1.5106852
1.5130242
1.5638896
1.5579064
1.550563
1.5708411
1.563922
1.5725808
1.5357797
1.5461519
1.5518925
1.5784998
1.5873167
1.5786779
1.6054933
1.5962229
1.5868974
1.6109179
1.6028535
1.6131955
1.5420115
1.5496129
1.5447868
1.5598716
1.5546573
1.5464541
1.5749393
1.5639496
1.570147
1.5181964
1.5227715
1.5199941
1.5284943
1.5255644
1.5206731
1.5382959
1.5310408
1.5344511
1.5026981
1.5063533
1.5046697
1.5098491
1.5080706
1.5042377
1.5158117
1.5116124
1.5136394
1.4913381
1.4941699
1.4930974
1.4964186
1.4952904
1.4923761
1.500698
1.4979118
1.4991962
1.482501
1.4846701
1.483917
1.4862273
1.4854402
1.4832177
1.4897435
1.4875842
1.488457
1.4743675
1.4764328
1.4758762
1.4775736
1.4769941
1.4749011
1.4812308
1.4792756
1.4799152
1.4648818
1.4670926
1.4667093
1.4678292
1.4674139
1.4651382
1.4728607
1.4703365
1.4708154
1.4407684
1.440122
1.4406452
1.4390816
1.4395999
1.4402562
1.4386265
1.4389731
1.4384495
1.4435844
1.4423836
1.4428488
1.4414568
1.4419193
1.4431397
1.4405819
1.4409285
1.4404473
1.4483841
1.4462744
1.446635
1.445551
1.4459113
1.4480558
1.443695
1.4443118
1.4439176
1.4567533
1.4532211
1.4533805
1.4529013
1.453062
1.4566834
1.4492118
1.4502885
1.4500655
1.4684815
1.4646022
1.4644332
1.4649317
1.4647692
1.4687308
1.4590739
1.4612289
1.4613342
1.4825653
1.4778568
1.4772833
1.4789718
1.4784179
1.4832927
1.4717188
1.4741426
1.4745571
1.5037906
1.4954146
1.4940151
1.4982342
1.4968212
1.5054756
1.4881199
1.4920544
1.4931584
1.5384942
1.5250634
1.5219346
1.5314126
1.5282072
1.5423534
1.512657
1.5203241
1.522807
1.6022398
1.5858212
1.5783055
1.6015798
1.5936595
1.6130554
1.5545048
1.5703389
1.5767489
1.6131918
1.6253343
1.6151268
1.6469786
1.6357197
1.6225883
1.6680167
1.648573
1.6623075
1.5600719
1.5707804
1.5652683
1.5820314
1.5763791
1.5648872
1.6055994
1.5897286
1.5965106
1.5284539
1.5345275
1.5314795
1.540779
1.5376459
1.5312077
1.5542311
1.5450007
1.5487495
1.5091337
1.513486
1.5116545
1.5172553
1.5153703
1.510802
1.525185
1.5198985
1.5220882
1.4955736
1.4987501
1.4975822
1.5011575
1.4999457
1.4966753
1.5066278
1.5031635
1.5045359
1.4854706
1.4878413
1.4870308
1.4895019
1.4886697
1.486235
1.4937483
1.4911942
1.4921112
1.4765605
1.4787533
1.4781535
1.4799622
1.4793459
1.477124
1.4840732
1.4818638
1.4825407
1.4660821
1.4686282
1.4681841
1.4695064
1.4690362
1.4664142
1.474975
1.4722894
1.4727925
1.4387259
1.4380447
1.4385626
1.4370075
1.4375257
1.4382142
1.4364826
1.4368671
1.4363462
1.4417948
1.4405252
1.440991
1.4395905
1.4400587
1.4413425
1.43858
1.4390004
1.4385162
1.4470599
1.4448216
1.4451887
1.4440829
1.4444537
1.4467192
1.4419955
1.4427187
1.4423148
1.4564471
1.4525791
1.4527432
1.4522498
1.4524172
1.4563554
1.4480583
1.4493754
1.4491383
1.4694493
1.4652518
1.4650951
1.4655555
1.4654073
1.4696768
1.4591177
1.4616395
1.4617253
1.4854827
1.4800647
1.4795223
1.4811215
1.4805984
1.4861991
1.472997
1.4757788
1.4761789
1.5105488
1.5010573
1.4996473
1.5038492
1.5024597
1.5122236
1.491731
1.4964176
1.4974814
1.5539914
1.537818
1.5345978
1.5441421
1.5409818
1.5578468
1.5209423
1.5302519
1.5327009
1.6460893
1.6176044
1.6095942
1.633444
1.625499
1.6569039
1.5741934
1.5959434
1.6022328
1.5793203
1.593364
1.5877557
1.6046284
1.5991333
1.5842553
1.6371254
1.6164296
1.6232696
1.5394741
1.5471655
1.5439772
1.5536027
1.5503886
1.5423328
1.5710708
1.5596872
1.563419
1.5159849
1.5211258
1.5192038
1.5250638
1.523116
1.5177754
1.5350699
1.5286968
1.5309384
1.5000547
1.5036306
1.5023834
1.5061514
1.5048878
1.5012094
1.5129312
1.5087584
1.5101721
1.4886134
1.4912139
1.4903559
1.4929644
1.4920888
1.4894191
1.4979642
1.4950135
1.4959694
1.4788703
1.4812093
1.4805718
1.4824892
1.4818338
1.479465
1.4870725
1.4846034
1.4853229
1.4675246
1.4704094
1.469927
1.4713876
1.4708897
1.4679079
1.4772004
1.4743348
1.4748623
1.436673
1.4359659
1.436487
1.4349168
1.4354411
1.4361539
1.434338
1.4347566
1.4342309
1.4399673
1.4386465
1.4391198
1.4376897
1.4381694
1.439501
1.436561
1.4370508
1.4365579
1.4456654
1.4433298
1.443709
1.4425525
1.4429441
1.445299
1.4402425
1.4410804
1.4406596
1.4560188
1.4518958
1.4520775
1.4515034
1.4517056
1.455877
1.4468171
1.4483867
1.4481197
1.4703063
1.4658292
1.4656976
1.4660669
1.4659541
1.4704959
1.4589742
1.4618797
1.4618965
1.4882674
1.482134
1.4816358
1.4831024
1.4826286
1.4889233
1.4741523
1.4773351
1.4777033
1.517099
1.5065677
1.5052231
1.5091751
1.507891
1.5186631
1.4950883
1.500581
1.5015682
1.5690557
1.5502878
1.5472325
1.5562097
1.5532639
1.5726501
1.5288282
1.5398566
1.5421254
1.6866919
1.6488116
1.6411682
1.6631777
1.6560751
1.6959765
1.5931022
1.61998
1.6254756
1.5984806
1.6157822
1.6101824
1.6262519
1.6207285
1.6028384
1.6652924
1.6402275
1.6447651
1.5507272
1.5600075
1.5568288
1.5663733
1.5631992
1.5536332
1.5875008
1.5743668
1.5779712
1.5230758
1.5290601
1.5270743
1.5330918
1.5310164
1.5249145
1.5450963
1.5375874
1.5399703
1.5046976
1.5087048
1.5074368
1.5112921
1.5100037
1.5058931
1.5194222
1.5145398
1.515987
1.4918976
1.4947417
1.493856
1.4965393
1.4956466
1.4927349
1.5023148
1.4989739
1.4999467
1.4813063
1.4837932
1.4831232
1.485115
1.4844358
1.4818987
1.4902044
1.4874645
1.4882057
1.4691593
1.4723667
1.4718732
1.4733748
1.472882
1.4695933
1.4795183
1.4764634
1.4770137
1.4345973
1.4338693
1.4343923
1.4328171
1.4333431
1.4340756
1.4321858
1.4326363
1.4321101
1.4380883
1.4367303
1.4372102
1.4357599
1.4362465
1.4376112
1.4345242
1.435079
1.4345822
1.4441607
1.4417604
1.4421584
1.4409415
1.441354
1.4437661
1.4384281
1.4393808
1.4389446
1.4553642
1.4510717
1.4512925
1.4505839
1.450834
1.45516
1.4454502
1.4472795
1.44698
1.4709954
1.4662713
1.4661747
1.4663948
1.466345
1.4711371
1.4585579
1.4618478
1.4617939
1.4907626
1.4840209
1.483573
1.4848807
1.4844637
1.4913314
1.4751278
1.4787397
1.4790586
1.5230951
1.5116356
1.5104283
1.5139601
1.5128222
1.5244842
1.4980703
1.5043842
1.5052554
1.5826577
1.5617995
1.5590678
1.5670237
1.5644665
1.585748
1.53596
1.548608
1.5506218
1.6157392
1.6355374
1.6313758
1.6453656
1.640381
1.6213818
1.6905483
1.663745
1.6689132
1.5620525
1.5727888
1.5693235
1.5768848
1.5749252
1.5642083
1.6037499
1.5895781
1.5915375
1.5302034
1.5371052
1.534934
1.541083
1.5388076
1.5318907
1.5548738
1.5459509
1.5478794
1.509451
1.5139262
1.5125541
1.5165125
1.5150896
1.5105221
1.5259343
1.5203263
1.5217659
1.4952393
1.4983485
1.4974553
1.5001686
1.4992809
1.4961629
1.50671
1.503033
1.5037841
1.4838
1.4863838
1.4857498
1.487414
1.4869014
1.4844378
1.4934453
1.4903079
1.490958
1.4709358
1.4743795
1.4738762
1.4754043
1.4749026
1.4713125
1.4819283
1.4786369
1.4792479
1.4325049
1.43176
1.4322887
1.4306979
1.4312289
1.431977
1.4300245
1.4305041
1.4299743
1.4361568
1.434778
1.4352702
1.4337839
1.4342824
1.4356639
1.4324649
1.4330786
1.432573
1.4425358
1.4400963
1.4405221
1.4392233
1.4396633
1.4421094
1.4365467
1.437605
1.4371481
1.4544483
1.4500386
1.4503175
1.4494342
1.4497433
1.4541772
1.4439402
1.4460165
1.4456731
1.47148
1.4664246
1.4664216
1.4663564
1.4664024
1.4715548
1.4578334
1.4615095
1.4613742
1.4928771
1.4856689
1.4852865
1.4863764
1.4860371
1.4933345
1.4758569
1.4799156
1.4801604
1.5283106
1.5161168
1.5150654
1.5180932
1.5171301
1.5294758
1.5005852
1.5076932
1.5084407
1.5944367
1.5718549
1.5694868
1.5762765
1.5741086
1.5970825
1.5420947
1.556245
1.5579524
1.632514
1.6546435
1.6500537
1.662131
1.6584345
1.6363167
1.7075817
1.6811113
1.6853765
1.5724143
1.5844425
1.5807761
1.5897078
1.5877335
1.5750361
1.6173213
1.6009574
1.6035459
1.5367201
1.545371
1.5435016
1.549737
1.5478213
1.5386506
1.5643346
1.5545252
1.5560583
1.5133247
1.5177984
1.517127
1.5207769
1.5195855
1.5145662
1.5330688
1.5263541
1.5278939
1.4984699
1.5020979
1.5010645
1.5043132
1.503136
1.4990165
1.5112375
1.5067828
1.5079721
1.4864861
1.4881511
1.4877859
1.4897611
1.4890641
1.4873803
1.4960239
1.4931856
1.4941714
1.472903
1.4764012
1.4759148
1.4777147
1.4770885
1.4733646
1.4840067
1.4806056
1.481069
1.4303864
1.4296302
1.4301645
1.4285567
1.4290934
1.4298514
1.4278517
1.4283563
1.4278222
1.4341608
1.4327769
1.433282
1.431757
1.4322683
1.4336515
1.430375
1.4310406
1.4305252
1.4407844
1.4383223
1.4387763
1.437394
1.4378614
1.4403271
1.4345949
1.4357463
1.4352691
1.4532643
1.4487717
1.4491099
1.4480537
1.448419
1.4529282
1.4422827
1.4445757
1.4441877
1.4715619
1.4661877
1.4662837
1.4659088
1.4660622
1.4714994
1.4568114
1.4608418
1.4606227
1.4945201
1.4869851
1.4866937
1.4874909
1.4872507
1.4948576
1.4762514
1.480782
1.480944
1.5326643
1.5198819
1.5190064
1.5214819
1.520697
1.5335922
1.5025861
1.5104675
1.5110738
1.6042866
1.5802867
1.5783243
1.5839053
1.5821422
1.6064763
1.5472457
1.5626811
1.5640535
1.6462959
1.6692045
1.6656857
1.6757126
1.6725461
1.6494276
1.7233207
1.6973512
1.7008819
1.5818897
1.5949446
1.5922008
1.6000088
1.5974735
1.5842831
1.6286297
1.6118131
1.6145853
1.5435412
1.5516916
1.5505583
1.5552356
1.5533961
1.5447407
1.5730517
1.5623171
1.5643626
1.5186477
1.5236884
1.5223072
1.5259961
1.5247162
1.5198069
1.5385023
1.5316072
1.5328207
1.5014368
1.505646
1.5051468
1.5072904
1.5064083
1.502227
1.515349
1.5110253
1.5119724
1.4890058
1.4910014
1.4903952
1.4924357
1.4917031
1.4896446
1.4993677
1.495769
1.4963767
1.4749279
1.4787915
1.4782307
1.4796401
1.4791595
1.4752188
1.4868117
1.4832858
1.4837522
1.4282389
1.4274773
1.4280177
1.426392
1.4269347
1.4276967
1.4256662
1.4261918
1.4256526
1.4321012
1.4307242
1.4312423
1.4296783
1.4302026
1.4315768
1.4282524
1.4289627
1.4284369
1.438912
1.4364414
1.4369213
1.4354633
1.4359553
1.4384258
1.4325752
1.433807
1.4333101
1.4518267
1.4472832
1.4476751
1.4464622
1.4468788
1.4514291
1.4404877
1.4429597
1.4425299
1.4711109
1.4655203
1.465728
1.4650281
1.4652861
1.4709215
1.4555087
1.4598434
1.4595432
1.4956821
1.4878929
1.487703
1.4881765
1.4880517
1.4958962
1.4760681
1.4812153
1.4812339
1.5361409
1.5228942
1.5222022
1.5241288
1.5235265
1.5368763
1.5040751
1.5126392
1.5131057
1.6123466
1.5871661
1.5855683
1.5901294
1.5886266
1.6140146
1.5514284
1.5679524
1.5690569
1.6582016
1.6815384
1.6787088
1.6869535
1.6843046
1.6608301
1.7376954
1.7104753
1.7134263
1.5909547
1.6044679
1.6023256
1.6087741
1.6066367
1.5929904
1.6391669
1.6223537
1.6247873
1.5495539
1.5584259
1.5569039
1.5614933
1.5599857
1.5510688
1.58099
1.5701477
1.5719834
1.5232199
1.5284352
1.5272259
1.5307028
1.529583
1.5243339
1.5441099
1.536754
1.5379907
1.5046768
1.5090232
1.5081655
1.510638
1.5098538
1.5054784
1.5194599
1.5148781
1.5158128
1.4914934
1.4938094
1.4931248
1.4951714
1.4944932
1.4921018
1.5021743
1.4984738
1.4991855
1.4765266
1.4806228
1.4801488
1.4815602
1.4810656
1.4767167
1.4892922
1.4853602
1.485916
1.4260623
1.4253003
1.4258468
1.4242035
1.4247521
1.4255135
1.4234661
1.4240089
1.4234644
1.4299824
1.4286192
1.4291503
1.4275482
1.4280851
1.4294442
1.4260966
1.4268435
1.4263074
1.4369272
1.4344614
1.4349654
1.4334377
1.4339522
1.4364153
1.4304908
1.4317929
1.4312782
1.4501532
1.4455916
1.4460331
1.444676
1.4451392
1.4497026
1.4385671
1.4411808
1.4407122
1.4701786
1.4644385
1.4647428
1.46376
1.464104
1.4698728
1.4539494
1.4585295
1.458154
1.4963301
1.488269
1.4882439
1.4881831
1.4882567
1.4964112
1.4753396
1.4810186
1.4808788
1.5388351
1.5251843
1.5246701
1.5260735
1.5256493
1.5393755
1.505046
1.5142211
1.5145121
1.6177951
1.5932955
1.591331
1.5951778
1.5946233
1.6193352
1.554807
1.572157
1.5732969
1.7797911
1.8131341
1.8107874
1.8173407
1.8153219
1.7824162
1.8934426
1.8539877
1.8559291
1.6681933
1.6919949
1.6895232
1.6966561
1.694374
1.6704953
1.7501771
1.7215863
1.7240232
1.5986839
1.6128038
1.6108143
1.6166379
1.6147502
1.6004821
1.6484696
1.6316378
1.6337341
1.5554415
1.5645746
1.5630331
1.5674634
1.5660392
1.5568482
1.5882164
1.577119
1.5787016
1.5274376
1.5328777
1.5317972
1.5350205
1.5339502
1.5284307
1.5493788
1.5415701
1.5427336
1.5077082
1.5122107
1.5114309
1.5137143
1.5129678
1.5084185
1.5234092
1.5184754
1.5193273
1.4939188
1.4965029
1.495842
1.4977983
1.4971537
1.4945097
1.5049179
1.5012413
1.5019137
1.4779073
1.4825655
1.4820672
1.4835184
1.483015
1.4782608
1.491579
1.4875186
1.4880541
1.4238597
1.423101
1.4236526
1.4219951
1.4225483
1.4233055
1.4212524
1.4218086
1.4212599
1.4278113
1.4264653
1.4270079
1.425373
1.4259203
1.4272618
1.4239108
1.4246855
1.4241409
1.4348438
1.4323932
1.4329176
1.4313308
1.4318642
1.4343095
1.4283503
1.4297092
1.4291787
1.4482803
1.4437191
1.4442024
1.442726
1.4432269
1.4477869
1.4365347
1.439256
1.4387548
1.4688318
1.4629991
1.4633791
1.4621653
1.4625795
1.4684441
1.4521681
1.4569284
1.4564971
1.496146
1.4879543
1.4880986
1.4876212
1.4877714
1.4959472
1.4741781
1.4802724
1.4800336
1.5409588
1.5268462
1.5264284
1.5273984
1.5272073
1.5414116
1.5052567
1.5151216
1.5152991
1.6228458
1.5964376
1.5957308
1.5983087
1.5974589
1.6240146
1.5570402
1.5751824
1.5757199
1.7893817
1.8210327
1.8192557
1.8243136
1.8227351
1.7914594
1.8974735
1.8608573
1.862231
1.676801
1.7010124
1.6988721
1.7050213
1.7030683
1.6786994
1.7597341
1.7305038
1.7324162
1.6056378
1.6202476
1.6184745
1.6236372
1.6219701
1.607284
1.6566894
1.6394374
1.641168
1.5608345
1.570264
1.5688767
1.5729861
1.5716355
1.5620925
1.5947295
1.5831231
1.5845028
1.5313275
1.5371431
1.536088
1.5392127
1.5381887
1.5322619
1.5543907
1.5460878
1.5471522
1.5105481
1.5151671
1.5144522
1.516557
1.5158737
1.5112604
1.5271231
1.521754
1.5225183
1.4962479
1.499061
1.4984334
1.500282
1.4996759
1.4968186
1.5076747
1.5038932
1.5045416
1.4793562
1.4845206
1.4840157
1.4854815
1.4849651
1.479684
1.4937914
1.4896319
1.4901586
1.4216364
1.4208839
1.42144
1.4197702
1.420327
1.4210775
1.4190274
1.4195935
1.4190411
1.4255982
1.4242705
1.4248229
1.423161
1.4237164
1.4250397
1.4217
1.4224947
1.4219431
1.4326777
1.4302504
1.4307927
1.4291563
1.4297049
1.4321257
1.4261622
1.4275651
1.4270214
1.4462474
1.4416991
1.4422161
1.4406448
1.4411743
1.4457189
1.4344089
1.43721
1.4366827
1.4671402
1.4612696
1.4617124
1.4602557
1.4607663
1.4666592
1.4502011
1.4550998
1.4546139
1.4955289
1.4871004
1.4873789
1.4865704
1.4868782
1.4952728
1.4726856
1.4790899
1.4788334
1.5418812
1.52781
1.527727
1.5278196
1.5277528
1.5421056
1.5050443
1.5154804
1.5154597
1.6264733
1.5993128
1.5988847
1.6003959
1.5998627
1.6271858
1.5585319
1.5774556
1.5779178
1.7969159
1.8272692
1.8258401
1.8299406
1.8286487
1.798508
1.9000682
1.8656798
1.8666015
1.6838816
1.7086545
1.7068886
1.7119236
1.7103287
1.685483
1.7666691
1.7377338
1.7393769
1.6119049
1.6268053
1.6252513
1.6297695
1.6283138
1.6133173
1.6636973
1.6459056
1.6473617
1.5657243
1.5755718
1.5742995
1.5780024
1.5768064
1.5668893
1.6003769
1.588342
1.5895378
1.5349827
1.5412027
1.5402201
1.5430845
1.542156
1.5358563
1.5589719
1.5501908
1.5511561
1.5133664
1.5178883
1.5172316
1.5191742
1.5185377
1.5140475
1.530478
1.5246917
1.5253857
1.4985055
1.5014584
1.5008735
1.5025914
1.5020281
1.4990475
1.5103841
1.5064247
1.5070285
1.4806905
1.4864343
1.4859503
1.4872373
1.4867827
1.4809823
1.4958993
1.4916628
1.4921472
1.4193985
1.4186541
1.4192124
1.4175348
1.4180946
1.4188367
1.4167952
1.4173685
1.4168129
1.4233551
1.4220455
1.422604
1.4209246
1.4214857
1.4227904
1.4194722
1.4202803
1.4197232
1.430451
1.4280505
1.4286048
1.426934
1.4274934
1.429887
1.423939
1.4253748
1.424821
1.4440939
1.4395682
1.4401075
1.4384721
1.4390194
1.4435386
1.4322144
1.4350733
1.4345295
1.4652359
1.4592458
1.4597718
1.4581885
1.4587183
1.4647002
1.4480655
1.4530865
1.4525579
1.494372
1.4857766
1.4861846
1.4849966
1.485391
1.4940645
1.4708333
1.4775972
1.4771755
1.5425761
1.5278861
1.5278792
1.5277792
1.5278563
1.5426668
1.504254
1.5151431
1.5149914
1.6288925
1.6012827
1.6008478
1.6020216
1.6016679
1.6293832
1.5595526
1.5790228
1.579342
1.8025443
1.8323505
1.8311728
1.8345974
1.8334909
1.8037098
1.9019052
1.8688861
1.8695429
1.6899595
1.714833
1.7134194
1.7174388
1.7161694
1.6913483
1.7722235
1.7438574
1.7451831
1.6172374
1.6325447
1.631184
1.6351173
1.6338595
1.6184558
1.6697291
1.6514074
1.6526585
1.5702413
1.5802833
1.5791597
1.5824222
1.5813705
1.5713058
1.605218
1.5929285
1.5939944
1.538375
1.5448548
1.5439813
1.5465221
1.5456987
1.5391735
1.5629803
1.55392
1.5547925
1.5160335
1.5204357
1.5198109
1.5216876
1.5210645
1.5166792
1.5334938
1.5274002
1.5280559
1.5006255
1.503704
1.5031493
1.5048096
1.5042547
1.501136
1.5129455
1.5087897
1.5093668
1.4818116
1.4879738
1.4875852
1.4885942
1.4882172
1.482046
1.4978706
1.4935058
1.4939506
1.4171497
1.4164146
1.4169746
1.4152941
1.4158541
1.4165868
1.414558
1.4151361
1.4145798
1.4210905
1.4198006
1.4203628
1.4186748
1.4192379
1.4205229
1.4172322
1.4180492
1.4174906
1.4281848
1.4258112
1.4263731
1.4246842
1.4252481
1.4276153
1.4216914
1.4231523
1.4225939
1.4418632
1.4373558
1.4379139
1.4362406
1.4368003
1.4412992
1.4299762
1.4328786
1.4323242
1.4631063
1.4571139
1.4576525
1.456032
1.4565734
1.4625725
1.4458691
1.4509253
1.4503806
1.4930744
1.4841744
1.4845887
1.4833046
1.4837451
1.4927058
1.4688762
1.4758405
1.4753822
1.5428667
1.5275806
1.5276892
1.5273657
1.527472
1.5429387
1.5030144
1.5144185
1.5142132
1.6306436
1.602744
1.6023893
1.60343
1.6030917
1.6310506
1.5603505
1.5802231
1.5804891
1.8067681
1.836749
1.8356904
1.8388332
1.8377952
1.8077021
1.9033308
1.8713775
1.8719644
1.6951954
1.7197953
1.7186375
1.7219266
1.7208806
1.6963943
1.7771229
1.7487244
1.7497643
1.6219135
1.6375108
1.6363345
1.6397189
1.6386371
1.6229922
1.6748812
1.6561655
1.6572555
1.5743014
1.5844274
1.5834371
1.5863015
1.5853779
1.5752324
1.6093387
1.5970303
1.5979857
1.5414297
1.5480793
1.547313
1.5495355
1.5488204
1.5421349
1.5664245
1.5572208
1.5579681
1.5185844
1.5229189
1.5223096
1.5241232
1.5235308
1.5192063
1.53625
1.5299228
1.5305066
1.5026615
1.5059059
1.5053599
1.5069828
1.5064503
1.5031624
1.5153767
1.5110415
1.5115759
1.4827009
1.4891804
1.4888544
1.4896851
1.4893576
1.4828857
1.4997366
1.4951355
1.495507
1.4148984
1.4141726
1.4147334
1.4130508
1.4136113
1.4143348
1.4123199
1.4129012
1.4123443
1.4188185
1.4175479
1.4181116
1.4164199
1.4169835
1.41825
1.4149879
1.4158122
1.4152527
1.4259034
1.423554
1.4241194
1.4224229
1.4229882
1.4253323
1.4194341
1.420914
1.4203537
1.4396033
1.4351206
1.4356809
1.4340006
1.4345603
1.4390366
1.4277201
1.4306575
1.4301007
1.4609699
1.4549456
1.455489
1.4538606
1.4544027
1.4604373
1.4436385
1.4487346
1.4481857
1.4915186
1.4824031
1.4828556
1.4814945
1.4819469
1.491115
1.466838
1.4739572
1.4734731
1.5431862
1.5271883
1.527273
1.5270604
1.5271178
1.5432735
1.5016817
1.5136214
1.5134395
1.6322247
1.6041193
1.6037765
1.6048198
1.6044645
1.6326471
1.5609159
1.5812542
1.5815101
1.8102482
1.8408362
1.8398369
1.8427015
1.8418132
1.8110385
1.90495
1.8735498
1.8740266
1.6997023
1.7238614
1.7229262
1.7256359
1.7247864
1.7007209
1.7811416
1.7524885
1.7532855
1.6260153
1.6417575
1.640759
1.6436235
1.64271
1.6269399
1.6791003
1.6603169
1.6612765
1.5778231
1.5880589
1.5871908
1.589698
1.5888895
1.5786199
1.6129476
1.6006953
1.6015442
1.5440992
1.5508938
1.5502268
1.5521642
1.5515398
1.5447136
1.569384
1.5600433
1.5606865
1.5209815
1.5252829
1.5247098
1.5263941
1.5258465
1.5215434
1.5386846
1.5321474
1.5326589
1.504613
1.5080216
1.5075043
1.5090136
1.5085227
1.5050767
1.5176011
1.5131109
1.5135932
1.4833666
1.4901517
1.489876
1.4905379
1.4902662
1.4834963
1.5014581
1.496436
1.4967226
1.4126485
1.411931
1.4124906
1.4108129
1.4113715
1.4120871
1.4100856
1.4106688
1.4101134
1.4165488
1.4152951
1.415857
1.4141725
1.4147334
1.4159836
1.4127476
1.4135779
1.4130205
1.4236246
1.4212944
1.4218581
1.4201706
1.4207322
1.4230579
1.4171817
1.4186768
1.4181197
1.4373469
1.4328842
1.4334417
1.4317756
1.4323287
1.4367888
1.4254692
1.4284373
1.4278859
1.4588549
1.4527808
1.4533199
1.4517117
1.4522446
1.4583343
1.4414211
1.4465485
1.4460069
1.4899519
1.4806054
1.4810462
1.4797458
1.4801705
1.4895814
1.4648042
1.4720277
1.4715557
1.5435476
1.526971
1.5270085
1.5269159
1.5269351
1.5436353
1.5004489
1.5129291
1.5127792
1.6340455
1.6055429
1.6051755
1.6063035
1.6059252
1.6345724
1.5614106
1.582297
1.5825766
1.8132474
1.8444147
1.8435829
1.84576
1.8451363
1.8138981
1.9069029
1.8751541
1.8756074
1.7035004
1.7272353
1.7264803
1.7286696
1.7279948
1.7043116
1.7840879
1.7554111
1.7560485
1.6295098
1.6453108
1.6444899
1.6468279
1.646094
1.6302905
1.6825536
1.6638823
1.6646633
1.5808342
1.5912224
1.5904752
1.5926254
1.5919395
1.581515
1.616178
1.6039047
1.6046221
1.5464475
1.5533544
1.5527694
1.5544745
1.5539247
1.5469946
1.5719375
1.5624904
1.5630528
1.5231185
1.527454
1.5269315
1.5284586
1.5279626
1.5236065
1.5408084
1.5341179
1.53458
1.5063917
1.5099477
1.5094853
1.5108306
1.5103914
1.506799
1.519552
1.5149508
1.5153789
1.4837643
1.4908701
1.4906565
1.4911104
1.4909103
1.4838178
1.5028635
1.4973962
1.4975995
1.4104079
1.4096969
1.4102546
1.4085831
1.4091396
1.4098492
1.4078582
1.4084432
1.4078895
1.4142938
1.4130534
1.4136124
1.4119381
1.4124952
1.4137329
1.4105171
1.4113529
1.4107985
1.4213702
1.4190524
1.419611
1.4179397
1.4184951
1.4208106
1.4149442
1.4164533
1.4159003
1.4351347
1.4306792
1.4312253
1.4295965
1.4301358
1.4345923
1.423245
1.4262452
1.4257029
1.4568
1.4506608
1.4511843
1.4496315
1.4501442
1.4563007
1.4392493
1.4444062
1.4438801
1.4885496
1.478923
1.4793275
1.4781451
1.4785246
1.4882234
1.4628428
1.4701784
1.4697387
1.5439103
1.5268909
1.5268966
1.5268973
1.5268914
1.5440106
1.4993958
1.5123516
1.5122303
1.6362758
1.6071312
1.6067254
1.6080481
1.6075874
1.636896
1.5621032
1.5834977
1.5838114
1.8153846
1.846808
1.8462943
1.8476664
1.8472453
1.8157972
1.9082252
1.8769547
1.8773612
1.7064979
1.7299371
1.7293405
1.7310456
1.7305065
1.7071634
1.7862534
1.7577492
1.7581504
1.6324518
1.6481931
1.6475385
1.649407
1.6488301
1.6330976
1.6853948
1.6667413
1.667357
1.5833739
1.5939032
1.5932811
1.5950556
1.5944967
1.5839347
1.6189411
1.6065527
1.6071174
1.5485363
1.5555205
1.5550078
1.5564984
1.5560171
1.5490167
1.5741198
1.564621
1.5651051
1.5249626
1.5293961
1.5289353
1.5302773
1.5298417
1.5253821
1.5426437
1.5358774
1.5362864
1.5079068
1.5116582
1.5112472
1.5124226
1.5120459
1.5082137
1.5212263
1.5165739
1.5169435
1.4838483
1.4912755
1.4911437
1.491343
1.4912329
1.4838221
1.5038428
1.498018
1.4981299
1.4081786
1.4074718
1.4080268
1.4063648
1.4069177
1.4076238
1.4056395
1.4062262
1.405676
1.4120585
1.4108273
1.4113818
1.4097231
1.4102744
1.4115039
1.4082997
1.4091417
1.408592
1.4191464
1.4168348
1.4173858
1.415739
1.4162858
1.4185972
1.4127287
1.414251
1.4137057
1.4329874
1.4285281
1.42906
1.427476
1.4279995
1.4324602
1.4210542
1.4240924
1.4235644
1.4548391
1.44863
1.4491278
1.4476591
1.4481402
1.4543715
1.4371504
1.4423426
1.4418404
1.4873429
1.4774183
1.4777719
1.4767389
1.477071
1.4870794
1.461002
1.4684704
1.4680758
1.5443451
1.5269462
1.5269262
1.5270438
1.5270009
1.5444902
1.4985652
1.5119233
1.5118357
1.6389058
1.609053
1.6085256
1.6101246
1.6095424
1.6396571
1.5630344
1.5849015
1.5852705
1.8167631
1.8482971
1.8480009
1.8486711
1.8485089
1.8169989
1.9096141
1.8783348
1.8786354
1.7087756
1.7320787
1.7315911
1.7328976
1.7325325
1.7091857
1.787649
1.7592279
1.7594648
1.6348667
1.6504948
1.6499682
1.6514339
1.6509807
1.6353996
1.6875323
1.6689256
1.6693577
1.585428
1.5960829
1.5955834
1.5969961
1.5965519
1.5858665
1.6211525
1.6085936
1.6090196
1.5503587
1.5574043
1.5569599
1.5582393
1.5578298
1.5507667
1.5759163
1.5664299
1.5668307
1.5265518
1.5310889
1.5306904
1.5318438
1.5314729
1.526914
1.5441858
1.5374125
1.5377572
1.5089863
1.513084
1.5127657
1.5136252
1.5133667
1.5091852
1.5226468
1.5179718
1.5182806
1.4836283
1.4913334
1.4912889
1.4912341
1.4912104
1.4835322
1.5044207
1.4982721
1.4982897
1.4059514
1.4052468
1.4058092
1.4042616
1.4048083
1.4055143
1.4035135
1.4041165
1.4035719
1.4098408
1.4086144
1.4091699
1.4077011
1.4082441
1.4094769
1.4062218
1.4071046
1.406562
1.41697
1.4146553
1.415194
1.4138956
1.4144274
1.4167741
1.4107586
1.4123582
1.4118241
1.4309214
1.4264565
1.4269551
1.4260348
1.4265318
1.4310288
1.419346
1.4225316
1.4220214
1.4530536
1.4467515
1.4471803
1.4466732
1.4471218
1.4535212
1.4358541
1.4411787
1.4407093
1.4864461
1.4761984
1.4764233
1.4770365
1.4773101
1.4878728
1.4604042
1.4682149
1.467875
1.5451555
1.5273894
1.5271248
1.5300873
1.529957
1.5481035
1.4999482
1.5139701
1.5140285
1.6422473
1.6115625
1.6106531
1.6173943
1.6168999
1.6487452
1.5676731
1.5905634
1.590842
1.8174235
1.8488213
1.8487859
1.8489881
1.8488673
1.8175128
1.9103876
1.8791703
1.879474
1.7101608
1.7334838
1.7332395
1.7338555
1.7337116
1.7103981
1.7882708
1.7600175
1.76007
1.6367086
1.6522355
1.651844
1.6529239
1.652587
1.6370531
1.689062
1.6704035
1.6706803
1.5870253
1.5977903
1.5974069
1.5984624
1.5981428
1.5873499
1.6228427
1.6101081
1.6104161
1.5518624
1.5589904
1.5586253
1.5596577
1.5593352
1.5521841
1.5773181
1.5678868
1.5681897
1.5279092
1.5325291
1.5321961
1.5331452
1.532845
1.528206
1.5454124
1.5386879
1.5389656
1.5096326
1.5140464
1.5138488
1.5143457
1.5142089
1.5097223
1.5238365
1.5190086
1.5191862
1.4831463
1.4910667
1.4911006
1.4908259
1.4908761
1.4829951
1.5046007
1.4981617
1.4980926
1.4038742
1.4031676
1.4037138
1.402078
1.4026217
1.4033289
1.4013231
1.4019307
1.4013885
1.4078494
1.4066154
1.4071573
1.4055363
1.4060749
1.4073098
1.404046
1.4049367
1.4043979
1.4151867
1.4128303
1.4133618
1.4117747
1.4123012
1.414662
1.4086078
1.4102242
1.4096955
1.4295256
1.4250187
1.4255231
1.4240243
1.4245215
1.4290344
1.4172721
1.4204946
1.4199929
1.4522511
1.445724
1.4461962
1.4448623
1.44531
1.4518381
1.4339223
1.4393102
1.4388429
1.4871559
1.4764558
1.4767535
1.4759472
1.4761678
1.4868618
1.4587694
1.466865
1.466575
1.5488582
1.5302101
1.5302088
1.5304646
1.5303708
1.5490885
1.4994972
1.5138278
1.5138066
1.6509549
1.6189356
1.618157
1.6199931
1.6193931
1.6516806
1.5686294
1.592018
1.5924228
1.8137707
1.7764282
1.7752095
1.7790649
1.7778239
1.8150105
1.6896317
1.732528
1.7335252
1.9422182
1.9599382
1.9593357
1.9593894
1.9601129
1.9420091
1.8282599
1.9279294
1.9281074
1.8204166
1.8520445
1.8521653
1.8514158
1.8517605
1.8201409
1.9136102
1.8825151
1.8822026
1.7120626
1.7356087
1.7340614
1.7354821
1.7355904
1.712096
1.7904212
1.7621017
1.7618599
1.6379127
1.6537193
1.6532252
1.6539524
1.6538605
1.6381566
1.6906352
1.6716094
1.6716267
1.5882022
1.5990115
1.5987522
1.5994414
1.5992429
1.5884157
1.6239818
1.6111239
1.6113045
1.5530055
1.560239
1.5599585
1.5607316
1.5604953
1.553239
1.5783668
1.5689705
1.5691831
1.5289875
1.5337018
1.5334294
1.5341857
1.5339553
1.5291878
1.5463624
1.5397216
1.5399436
1.5098421
1.5145312
1.5144509
1.5146031
1.5145797
1.5098269
1.5245818
1.5195312
1.5195825
1.4824422
1.4905265
1.4906271
1.4901712
1.4902849
1.4822365
1.504405
1.4977334
1.4975942
1.4017024
1.400993
1.4015343
1.3999115
1.4004512
1.4011622
1.3990634
1.3997585
1.3991149
1.4057024
1.4044639
1.4049991
1.403398
1.40393
1.4051702
1.4018899
1.4027901
1.4022573
1.4131058
1.4107298
1.4112511
1.4096951
1.4102114
1.4125925
1.4064869
1.4081225
1.4076026
1.4275828
1.4230411
1.4235309
1.422071
1.4225546
1.4271059
1.4152405
1.4185062
1.418016
1.4506354
1.4439945
1.4444212
1.4431533
1.4435713
1.4502393
1.4320392
1.437487
1.4370436
1.4863467
1.4753955
1.4757276
1.474835
1.4751
1.4861525
1.4573226
1.4655562
1.4652299
1.5495113
1.5305182
1.5304205
1.5307734
1.5306519
1.549732
1.4988303
1.5137998
1.5137652
1.6540985
1.6211509
1.6205998
1.6222615
1.6217031
1.654815
1.5699449
1.5937458
1.5941201
1.8176574
1.7812921
1.7802267
1.7829612
1.7822071
1.8179885
1.6935041
1.7365306
1.7374253
10.047936
2.9582556
2.8393601
3.1511266
3.0618532
9.5378271
1.8391174
1.9309133
1.9491219
1.7215839
1.896144
1.9184961
1.855274
1.875115
1.7187051
9.8388583
3.8599595
3.7305231
1.9406423
1.9566788
1.959024
1.9531381
1.9543887
1.9387007
1.8293232
1.9226039
1.92054
1.8189977
1.8505521
1.8510108
1.8494268
1.8500161
1.8184889
1.9109038
1.8806176
1.8799502
1.7118305
1.7351622
1.7353429
1.7346689
1.7349386
1.7116572
1.788952
1.760877
1.7604691
1.6384617
1.6540207
1.6540055
1.6539395
1.653999
1.6384654
1.6903856
1.6714661
1.6713443
1.5888732
1.599621
1.5995474
1.5996798
1.5996669
1.588922
1.6242876
1.61146
1.611452
1.5537689
1.5610911
1.5609396
1.5613165
1.5612137
1.5538821
1.5789419
1.5696086
1.5696882
1.5295595
1.5345099
1.5343761
1.5346609
1.5346031
1.5295997
1.5470081
1.5404273
1.5405047
1.5096471
1.5145668
1.5145971
1.5143885
1.5144889
1.5095169
1.5247613
1.5195656
1.5194918
1.4814938
1.4897595
1.4899197
1.4892386
1.4894422
1.481211
1.5038603
1.4970198
1.4967926
1.3995508
1.3988357
1.3993729
1.3976457
1.3982968
1.3990148
1.3969217
1.3975107
1.3969861
1.4035845
1.4023384
1.4028673
1.4012849
1.4018107
1.4030591
1.399755
1.4006665
1.4001392
1.411068
1.4086699
1.4091815
1.4076531
1.4081607
1.4105647
1.4043969
1.4060549
1.405543
1.4256942
1.4211136
1.421591
1.4201673
1.4206391
1.4252301
1.4132527
1.4165603
1.4160797
1.4490717
1.4423284
1.4427393
1.4415145
1.44192
1.4486877
1.4302153
1.4357337
1.4353027
1.4855689
1.4743052
1.4745712
1.47377
1.4740394
1.4853694
1.4559122
1.46428
1.4639685
1.550303
1.5309572
1.5308765
1.531062
1.5310191
1.5504689
1.4983178
1.5136083
1.5135381
1.6568948
1.6232871
1.6227903
1.6242145
1.623762
1.6575536
1.5711905
1.5952553
1.5956324
1.8157984
1.7838293
1.7835437
1.7833188
1.7837725
1.8144158
1.6966937
1.7398122
1.7404534
8.245406
3.2889789
3.2260927
3.3814658
3.3397703
7.8816864
1.8373361
2.0063541
2.025058
1.7083307
1.8186829
1.8365028
1.7855776
1.8017366
1.704459
7.7326995
3.3981751
3.3028922
1.9339874
1.9489996
1.9510246
1.9440753
1.9465367
1.9315222
1.822959
1.9131111
1.9103079
1.816741
1.8480816
1.8487827
1.8464274
1.8472951
1.8160894
1.9053322
1.8774805
1.8760466
1.7108981
1.7339976
1.7343567
1.7331555
1.733597
1.7105687
1.7867833
1.7590028
1.7584422
1.6382713
1.6537112
1.6538439
1.6533454
1.6535461
1.6381422
1.6895062
1.6707899
1.6705445
1.5889293
1.5996195
1.5996633
1.5994597
1.5995519
1.5888872
1.6239945
1.6112504
1.6111293
1.5540893
1.5614551
1.5613937
1.5614374
1.5614706
1.5540797
1.579003
1.5697731
1.5697346
1.5295218
1.534666
1.5346806
1.5345306
1.5346144
1.5294304
1.5471056
1.5405053
1.540431
1.5090065
1.5141123
1.5142609
1.5137441
1.5139381
1.5087926
1.5243991
1.519113
1.5189373
1.4802458
1.4886429
1.488909
1.4879993
1.4882591
1.4799097
1.5029519
1.4959878
1.4957019
1.3974162
1.3965866
1.3971175
1.3955363
1.3960586
1.3968829
1.3947837
1.395388
1.3948614
1.401493
1.4002368
1.4007599
1.3991939
1.3997144
1.4009733
1.3976391
1.3985639
1.3980415
1.4090669
1.406644
1.4071478
1.4056416
1.4061421
1.4085713
1.402334
1.4040171
1.4035118
1.4238513
1.4192299
1.4196975
1.4183
1.4187645
1.4233959
1.4113011
1.414651
1.4141787
1.447543
1.4407082
1.4411107
1.4399059
1.4403068
1.4471634
1.4284354
1.4340232
1.4336004
1.4847556
1.473242
1.4735062
1.4727162
1.4729808
1.4845435
1.4545308
1.463034
1.4627229
1.5508266
1.5311188
1.5310967
1.5311015
1.5311187
1.5508912
1.4977538
1.5132676
1.5131558
1.6593027
1.6250728
1.6246523
1.6257899
1.6254608
1.6597552
1.5722206
1.5966044
1.5968428
1.8093771
1.7816635
1.7825956
1.779405
1.7805934
1.8074787
1.6986974
1.741285
1.741145
6.9500219
3.4384201
3.4133865
3.4704684
3.4571478
6.6845679
1.8370104
2.0762968
2.0917196
1.6922741
1.7552321
1.770092
1.7272471
1.74096
1.6881185
6.3716803
3.052796
2.9794889
1.9248123
1.9383874
1.9413518
1.9320082
1.9351903
1.9219722
1.8122917
1.9012288
1.8980573
1.8137091
1.8442989
1.8455241
1.8414358
1.8428647
1.8126911
1.8974852
1.8717107
1.8699117
1.7093665
1.7321601
1.7326785
1.7308873
1.7315674
1.7088732
1.7838181
1.7564201
1.7555696
1.6375772
1.6528534
1.6531147
1.6521998
1.6525597
1.6373317
1.6880483
1.6696329
1.669226
1.5885604
1.5991878
1.5993457
1.5987116
1.5989764
1.5883551
1.6232026
1.6105943
1.6103221
1.5538057
1.5612372
1.5613567
1.5608836
1.5610774
1.5536407
1.5785431
1.5693722
1.5691719
1.5289753
1.5342631
1.5344122
1.5338717
1.5340817
1.5287653
1.5466149
1.5399995
1.5397904
1.5080445
1.5132889
1.5135259
1.5127525
1.5130295
1.5077557
1.5235926
1.5182686
1.5180021
1.4788914
1.4873675
1.4876392
1.4866463
1.4869634
1.4785152
1.5017774
1.4947338
1.494393
1.3951871
1.3944815
1.3950101
1.3934298
1.3939545
1.3946646
1.3926579
1.3932705
1.3927463
1.3994238
1.3981559
1.3986739
1.3971221
1.397638
1.3989088
1.3955376
1.396479
1.3959597
1.4070934
1.4046445
1.4051425
1.4036522
1.4041478
1.406603
1.4002933
1.4020026
1.4015022
1.4220378
1.4173762
1.4178377
1.4164568
1.4169162
1.4215874
1.4093756
1.4127697
1.4123018
1.4460247
1.4391046
1.4395057
1.4383024
1.4387039
1.4456449
1.4266802
1.4323374
1.4319178
1.4838742
1.4721795
1.4724504
1.4716238
1.4719039
1.4836396
1.4531421
1.4617797
1.4614601
1.5509297
1.5310095
1.5310645
1.5308418
1.5309346
1.5508939
1.4970907
1.5127666
1.5126193
1.6607006
1.6262833
1.626066
1.6265689
1.626453
1.6609084
1.5726791
1.5973256
1.5974143
1.8014974
1.7767495
1.7781214
1.7738134
1.7753128
1.7994357
1.6987981
1.7396634
1.7389056
5.9941154
3.4836724
3.4791968
3.4783763
3.483185
5.7937779
1.8386409
2.1319839
2.1433598
1.6755812
1.7013691
1.714061
1.6773521
1.6891437
1.6713922
5.4240339
2.783823
2.7255729
1.9141988
1.9253596
1.9287115
1.9185751
1.9219767
1.9115169
1.7998317
1.888229
1.8848689
1.809044
1.8381352
1.8397681
1.8346177
1.8368003
1.8076358
1.8889822
1.8643452
1.8621713
1.7069043
1.7293083
1.7301331
1.7274855
1.7284276
1.7061136
1.7794682
1.7526176
1.7515065
1.6362081
1.6513175
1.6517858
1.650248
1.6508048
1.635722
1.6856351
1.6676192
1.6669742
1.5874861
1.5980444
1.5984011
1.5972162
1.5976496
1.5871224
1.6216274
1.6092321
1.6087853
1.5529403
1.5603906
1.5606526
1.5597705
1.5600951
1.5526441
1.5774244
1.5683637
1.568032
1.527978
1.5333678
1.5336328
1.5327621
1.5330763
1.527667
1.5456111
1.5389861
1.5386646
1.5067933
1.51214
1.5124545
1.5114567
1.511806
1.5064371
1.522414
1.5170814
1.5167376
1.4773019
1.4858712
1.486227
1.4850538
1.4854259
1.476886
1.5003554
1.4932617
1.4928672
1.3931066
1.39238
1.3929047
1.3913319
1.3918552
1.3925846
1.3905443
1.391164
1.3906426
1.3973726
1.3960903
1.3966056
1.3949026
1.3955734
1.3968607
1.3933521
1.3942769
1.3937675
1.4051383
1.4026638
1.4031576
1.4016784
1.4021708
1.4046516
1.3982698
1.4000056
1.3995086
1.4202392
1.4155398
1.4159979
1.4146245
1.4150822
1.4197906
1.4074662
1.4109034
1.4104381
1.4444979
1.4374972
1.4379003
1.4366866
1.4370921
1.4441114
1.4249332
1.4306571
1.4302361
1.4829028
1.4710496
1.4713394
1.4704539
1.4707541
1.4826439
1.4517191
1.4604795
1.4601449
1.5506662
1.5306015
1.5307293
1.5302941
1.5304553
1.5505529
1.4962955
1.5121226
1.5119378
1.6612335
1.6266777
1.626645
1.6266308
1.6266745
1.661231
1.5725564
1.5974908
1.5974605
1.79323
1.77068
1.7722641
1.7674292
1.7690699
1.7911504
1.6970338
1.736156
1.7351581
5.2643878
3.4579007
3.4697804
3.4259572
3.4431572
5.1085258
1.8404383
2.1710385
2.1782047
1.6588469
1.654968
1.6659693
1.6340187
1.6443265
1.6546863
4.7422229
2.5679326
2.5203624
1.9032935
1.911815
1.9151916
1.905112
1.9084644
1.9005574
1.7866212
1.8746825
1.8712797
1.8031534
1.8311444
1.8325972
1.8272929
1.8293164
1.8016638
1.8797658
1.8557809
1.8536787
1.7034419
1.7254775
1.7265046
1.7233199
1.7244203
1.7024699
1.7741886
1.7479801
1.7467412
1.6339936
1.6490185
1.6496528
1.6476522
1.6483515
1.6333438
1.6824144
1.6647845
1.663983
1.5858378
1.5962542
1.5967514
1.5951799
1.5957309
1.5853514
1.6194214
1.6072255
1.6066411
1.5515962
1.5590325
1.5594131
1.5582024
1.5586278
1.5511945
1.5757651
1.566873
1.5664347
1.5266068
1.5320594
1.5324221
1.5312712
1.5316754
1.5262163
1.5441788
1.5375615
1.5371545
1.505283
1.5107081
1.5110894
1.5098995
1.5103102
1.5048677
1.5209325
1.5156056
1.5151978
1.4755586
1.4841843
1.4845918
1.483276
1.483699
1.4751055
1.4987083
1.4915847
1.4911413
1.3910217
1.3902861
1.3908085
1.389243
1.3897638
1.3905012
1.3884428
1.3890684
1.3885498
1.3953323
1.3938857
1.394396
1.3928726
1.3933793
1.3948203
1.3912851
1.3922282
1.3917167
1.403195
1.4006954
1.4011866
1.3997141
1.4002046
1.4027104
1.3962578
1.3980206
1.3975257
1.4184433
1.4137091
1.414167
1.4127923
1.413251
1.4179932
1.4055651
1.4090426
1.4085774
1.4429413
1.4358708
1.4362795
1.4350479
1.4354603
1.4425464
1.423182
1.4289668
1.4285411
1.4818314
1.4698399
1.4701495
1.469206
1.4695255
1.4815476
1.4502496
1.4591185
1.4587685
1.5501123
1.5299262
1.5301176
1.5295
1.5297203
1.5499303
1.4953544
1.5113222
1.5110949
1.6607227
1.626439
1.6265537
1.6261055
1.6262916
1.6604201
1.5719902
1.597209
1.5970747
1.7848993
1.7640691
1.7657634
1.7606074
1.7623516
1.7827884
1.6946607
1.7319992
1.7308967
4.6916984
3.3855026
3.4066356
3.3388253
3.362824
4.567597
1.8410535
2.1937943
2.197172
1.642341
1.6143314
1.6240279
1.5957614
1.6049147
1.6382824
4.2415781
2.3902262
2.3505681
1.8923454
1.8984574
1.9017837
1.8918718
1.8951603
1.8895957
1.7731128
1.8611027
1.8577289
1.7965898
1.8235249
1.8254504
1.8196348
1.8215286
1.7949387
1.8703462
1.8475141
1.8454744
1.6993727
1.7210392
1.722198
1.718672
1.7198677
1.6982916
1.768357
1.7429277
1.7416222
1.6312269
1.6461675
1.6469237
1.6445812
1.6453861
1.6304759
1.6786618
1.6614123
1.6605074
1.583738
1.594009
1.5946067
1.5927554
1.5933926
1.583155
1.6167714
1.6047252
1.6040422
1.5498533
1.5572881
1.5577548
1.5562956
1.5568007
1.5493664
1.5736948
1.5649842
1.5644595
1.5249436
1.5304093
1.5308493
1.5294824
1.5299539
1.5244889
1.5423947
1.5358266
1.5353506
1.5035491
1.5090358
1.5094737
1.5081215
1.5085842
1.5030839
1.5192006
1.5138912
1.5134304
1.4736749
1.482321
1.4827749
1.4813348
1.4818011
1.4731888
1.4968664
1.4897254
1.4892395
1.3889449
1.3882024
1.3887223
1.3871641
1.3876825
1.3884267
1.3863519
1.386983
1.3864669
1.3931434
1.3918565
1.3923644
1.3908384
1.3913468
1.3926374
1.3892251
1.3901837
1.3896727
1.4012579
1.398734
1.399224
1.3977541
1.398244
1.400774
1.3940702
1.3960406
1.3955456
1.416638
1.4118734
1.4123333
1.4109517
1.4114131
1.4161845
1.4036666
1.4071801
1.4067136
1.441345
1.4342165
1.4346331
1.4333765
1.4337976
1.440939
1.4214159
1.4272542
1.426822
1.4806566
1.4685515
1.4688815
1.467877
1.4682167
1.4803462
1.4487277
1.4576943
1.4573283
1.5492817
1.5290176
1.529266
1.5284848
1.5287575
1.5490341
1.4942675
1.5103446
1.5100727
1.6592404
1.6256188
1.6258789
1.6250175
1.6253304
1.6587799
1.5711032
1.5965272
1.5963002
1.7764044
1.7570464
1.7588407
1.75339
1.7552319
1.7742335
1.6920069
1.7274417
1.7262467
4.2324846
3.2877487
3.3137409
3.2336368
3.2609882
4.131717
1.8397465
2.2024054
2.2026585
1.6263045
1.5781921
1.5868577
1.5615262
1.5697515
1.6223764
3.8601219
2.2411915
2.2076175
1.8812054
1.8853696
1.8886138
1.8789613
1.8821567
1.8784017
1.7595898
1.8476758
1.8443517
1.7897707
1.8157292
1.8176952
1.811883
1.8138059
1.7879679
1.8607394
1.8390509
1.8369183
1.694915
1.7161792
1.7174348
1.713647
1.7149111
1.69376
1.762308
1.7374937
1.7360957
1.6281191
1.6429112
1.6437553
1.6411733
1.6420498
1.6273049
1.6745586
1.6576851
1.6567157
1.5812907
1.5914304
1.5921021
1.5900435
1.5907448
1.5806359
1.6138126
1.6018884
1.6011421
1.5478159
1.5552311
1.5557711
1.5541039
1.5546741
1.5472714
1.5713208
1.5627783
1.5621854
1.5230436
1.528499
1.5289976
1.5274647
1.5279883
1.5225367
1.5403575
1.5338307
1.5333015
1.5016273
1.5071609
1.5076463
1.5061581
1.5066642
1.5011205
1.5172608
1.5119778
1.5114723
1.4716695
1.4803093
1.480801
1.4792598
1.4797618
1.471155
1.4948608
1.4877101
1.4871883
1.3868769
1.3861277
1.3866454
1.3850932
1.3856097
1.3863605
1.3842702
1.3849063
1.3843922
1.3912306
1.389825
1.3903317
1.3889252
1.3894366
1.3907622
1.3871711
1.3881415
1.3876338
1.3993219
1.3967741
1.3972641
1.3957942
1.3962842
1.3988375
1.3921276
1.3940598
1.3935646
1.4148177
1.4100268
1.4104898
1.4090982
1.4095631
1.4143599
1.401765
1.4053106
1.4048417
1.4397039
1.4325272
1.432953
1.4316686
1.432099
1.4392866
1.4196299
1.4255146
1.4250752
1.47938
1.4671819
1.4675319
1.4664665
1.4668265
1.479046
1.4471524
1.4562063
1.4558246
1.5482082
1.5279056
1.5282008
1.5272851
1.5276004
1.5479087
1.4930494
1.5091963
1.5088854
1.6572558
1.6243297
1.6246835
1.6235702
1.6239584
1.6567088
1.569982
1.5955044
1.5952061
1.7676035
1.7496409
1.7515289
1.7458001
1.7477336
1.7653359
1.6890762
1.7225293
1.7212502
3.8571163
3.1775713
3.2057764
3.120382
3.1490639
3.773817
1.8360557
2.1995609
2.1973654
1.6107842
1.5456825
1.5535062
1.5305795
1.538043
1.6069776
3.5522236
2.11445
2.0856862
1.8700663
1.8726489
1.8757968
1.8664261
1.8695297
1.8673205
1.7462271
1.8344807
1.8312265
1.7825498
1.8079897
1.8099431
1.8041784
1.8060659
1.780842
1.8513838
1.8306238
1.8285451
1.6902464
1.711096
1.7123692
1.708533
1.7098232
1.6890649
1.7562728
1.731913
1.7305209
1.6247937
1.6393804
1.6402828
1.6375432
1.6384666
1.6239374
1.6702714
1.6537475
1.6527426
1.57859
1.5886045
1.5893306
1.5871218
1.5878687
1.5778853
1.6106495
1.5988374
1.598051
1.5455607
1.5529228
1.5535198
1.5516924
1.5523124
1.5449682
1.5687243
1.5603235
1.5596774
1.5209492
1.5263864
1.5269312
1.5252699
1.5258333
1.520401
1.5381125
1.5316527
1.5310839
1.499549
1.505117
1.5056418
1.5040416
1.5045832
1.4990077
1.5151507
1.5098977
1.5093557
1.4695608
1.4781771
1.4787005
1.4770747
1.4776066
1.4690224
1.492719
1.4855642
1.4850127
1.3848153
1.3840601
1.3845763
1.3830288
1.3835438
1.3843005
1.3821962
1.3828369
1.3823244
1.3892463
1.3879418
1.3884117
1.3869287
1.387435
1.3887407
1.3851233
1.386214
1.3857037
1.3973828
1.3948136
1.395304
1.3938322
1.3943231
1.3968973
1.3901427
1.3920792
1.391584
1.4129797
1.408166
1.4086328
1.4072299
1.4076986
1.4125174
1.3998566
1.4034305
1.4029586
1.4380181
1.4308006
1.4312358
1.4299236
1.4303633
1.4375901
1.4178221
1.4237462
1.4232996
1.478009
1.465731
1.466101
1.4649763
1.4653558
1.4776518
1.4455251
1.4546568
1.4542604
1.5469486
1.5266282
1.5269612
1.5259392
1.5262877
1.5466111
1.4917147
1.5079032
1.5075607
1.6549837
1.6227522
1.6231664
1.6218963
1.6223284
1.6543889
1.5686898
1.5942302
1.5938815
1.758356
1.7418697
1.7438476
1.7378482
1.7398714
1.7559581
1.6858769
1.717294
1.7159392
3.5450603
3.0627093
3.0915628
3.0049975
3.0338401
3.4751512
1.8298348
2.1878222
2.1837874
1.5957159
1.5161468
1.5232839
1.502319
1.5091616
1.5920086
3.2990672
2.0054514
1.9805578
1.8591988
1.8602866
1.8633489
1.8542272
1.8572492
1.8565277
1.7330441
1.8215703
1.8183854
1.7755095
1.8003731
1.8022763
1.7965804
1.7984661
1.7737665
1.8421346
1.8223424
1.8202791
1.6855037
1.7059631
1.7072453
1.7033876
1.7046741
1.6843151
1.7498427
1.7263911
1.7249789
1.6213215
1.6356702
1.6366105
1.6337684
1.6347221
1.6204359
1.6659033
1.6496963
1.648673
1.5757149
1.5856028
1.5863671
1.584055
1.5848327
1.5749764
1.6073501
1.5956477
1.5948347
1.5431295
1.5504221
1.5510618
1.549115
1.5497723
1.5424973
1.5659676
1.5576754
1.556989
1.5187083
1.5241197
1.5246994
1.5229406
1.5235342
1.5181301
1.5356974
1.5293255
1.5287238
1.4973422
1.5029357
1.5034921
1.5018029
1.5023724
1.496773
1.5129064
1.5076845
1.5071143
1.4673662
1.4759448
1.4764944
1.474799
1.4753555
1.4668081
1.490465
1.4833106
1.4827349
1.3827585
1.3819984
1.3825132
1.3809688
1.3814826
1.3822444
1.3801286
1.3807732
1.3802622
1.3872248
1.3859157
1.3864215
1.3849023
1.3854091
1.3867198
1.3831705
1.3842078
1.3837006
1.3954386
1.39285
1.3933413
1.3918668
1.3923586
1.3949517
1.3881565
1.3900981
1.3896026
1.4111233
1.4062899
1.4067606
1.4053459
1.4058186
1.4106563
1.3979394
1.401538
1.4010629
1.4362911
1.429038
1.4294819
1.4281441
1.4285921
1.4358535
1.4159914
1.4219492
1.4214956
1.4765467
1.4642034
1.4645918
1.4634139
1.4638105
1.4761676
1.4438509
1.4530514
1.4526422
1.5455542
1.525222
1.5255842
1.5244799
1.5248542
1.545189
1.4902744
1.5064937
1.5061258
1.6525471
1.6210042
1.6214542
1.6200757
1.6205438
1.6519142
1.5672723
1.5927658
1.5923669
1.7485162
1.7337374
1.7358046
1.7295406
1.7316506
1.7459517
1.6824387
1.71177
1.7103489
3.2819294
2.9476673
2.976254
2.8910465
2.9192625
3.2225018
1.8210903
2.1697512
2.1645044
1.5810084
1.4890383
1.495614
1.4762571
1.4825889
1.5773785
3.0876876
1.9107719
1.8890054
1.8486151
1.8482469
1.851229
1.842346
1.845288
1.8460066
1.7199948
1.8089256
1.8058033
1.7686351
1.7929079
1.7947234
1.7892076
1.7910626
1.7669613
1.8329857
1.8141098
1.812055
1.6807558
1.7008341
1.7021045
1.6982909
1.6995575
1.6795727
1.7435409
1.7208785
1.719473
1.6177465
1.631844
1.6328082
1.629902
1.6308742
1.6168412
1.6615133
1.6455879
1.6445561
1.5727239
1.5824837
1.583272
1.5808949
1.5816917
1.5719629
1.6039552
1.5923646
1.5915345
1.5405505
1.5477773
1.54845
1.5464109
1.5470974
1.5398876
1.5630893
1.5548911
1.5541804
1.516359
1.521737
1.5223423
1.5205128
1.5211279
1.5157581
1.5331616
1.5268785
1.5262519
1.4950326
1.5006467
1.5012276
1.49947
1.5000608
1.4944416
1.5105628
1.5053693
1.5047777
1.4651014
1.4736311
1.4742019
1.4724509
1.473027
1.4645273
1.4881208
1.4809702
1.4803753
1.3807093
1.3799407
1.3804541
1.3789113
1.3794248
1.3801953
1.3780661
1.3787143
1.3782037
1.3852053
1.3838888
1.3843956
1.3828752
1.383382
1.3847008
1.3811196
1.3821792
1.381672
1.3934887
1.3908827
1.3913749
1.3898977
1.3903903
1.3930003
1.3861689
1.3881155
1.3876196
1.4092484
1.4043983
1.4048728
1.403447
1.4039233
1.408777
1.3960131
1.3996328
1.3991546
1.4345283
1.4272426
1.4276944
1.4263341
1.4267893
1.4340826
1.4141387
1.4201251
1.4196652
1.4750011
1.462609
1.4630131
1.4617899
1.462201
1.4746032
1.4421363
1.4513976
1.4509773
1.5440575
1.5237154
1.5241006
1.5229302
1.5233256
1.5436688
1.4887416
1.5049888
1.5045993
1.6499574
1.6191105
1.6195969
1.6181085
1.6186133
1.6492853
1.5657467
1.5910963
1.5906498
1.7379989
1.725259
1.7274111
1.7208943
1.7230877
1.7352592
1.6787906
1.7059927
1.704512
3.0573112
2.8353017
2.8630572
2.7805853
2.8078092
3.0062204
1.8100403
2.1474812
2.1414822
1.5666013
1.4639359
1.4700426
1.4520424
1.4579396
1.5630464
2.9087461
1.8276882
1.8084707
1.8382638
1.8365253
1.8394267
1.8307833
1.8336453
1.8357105
1.7070755
1.7965313
1.7934728
1.7620048
1.7854612
1.7873332
1.7817616
1.7836088
1.7603488
1.8239084
1.8058904
1.8038396
1.6760142
1.69574
1.6970126
1.6931892
1.6944621
1.6748309
1.7374518
1.7152735
1.7139
1.6141031
1.6279481
1.6289259
1.6259879
1.6269678
1.6131852
1.6571265
1.6414528
1.6404185
1.5696589
1.5792924
1.5800953
1.5776814
1.5784879
1.5688859
1.600492
1.5890286
1.5881898
1.5378671
1.5450214
1.5457188
1.5436139
1.5443198
1.5371848
1.5601277
1.5520208
1.5512936
1.5139285
1.5192711
1.5198945
1.5180145
1.518645
1.5133112
1.5305393
1.5243438
1.5237
1.4926432
1.4982756
1.4988751
1.4970656
1.4976726
1.4920353
1.508147
1.5029774
1.5023699
1.46278
1.4712535
1.4718411
1.4700467
1.4706382
1.4621933
1.485706
1.4785613
1.4779515
1.3787303
1.3778859
1.3783979
1.376862
1.3773733
1.3782173
1.3760079
1.3766586
1.3761495
1.3831878
1.3818617
1.3823684
1.3808486
1.3813552
1.3826836
1.379119
1.3801496
1.3796421
1.3915328
1.3889117
1.3894048
1.3879248
1.3884184
1.391043
1.3841793
1.3861313
1.385635
1.4073567
1.4024925
1.4029704
1.4015349
1.4020143
1.4068814
1.3940781
1.3977156
1.3972347
1.4327345
1.4254188
1.4258774
1.4244972
1.4249589
1.4322816
1.4122659
1.4182768
1.4178113
1.4733844
1.4609577
1.4613753
1.4601127
1.4605366
1.4729704
1.4403862
1.4497005
1.4492697
1.5424671
1.5221252
1.5225303
1.521301
1.5217157
1.5420545
1.4871296
1.5034007
1.5029917
1.6472085
1.6170694
1.6175928
1.6159934
1.6165353
1.6464956
1.564091
1.589249
1.5887641
1.7267742
1.7164483
1.718682
1.7119224
1.7141958
1.7238565
1.6749257
1.6999828
1.6984458
2.863486
2.7270143
2.7536529
2.6746675
2.7006854
2.8191303
1.7969366
2.1228184
2.1164518
1.5525027
1.440549
1.44625
1.4294305
1.4349477
1.5490286
2.755445
1.7541058
1.737002
1.8281344
1.8251177
1.8279415
1.8195209
1.8223108
1.8256367
1.6943274
1.7843921
1.7813955
1.7554244
1.7781258
1.7799339
1.774517
1.7763203
1.7537965
1.8149433
1.7977274
1.7957068
1.6713099
1.6906534
1.6919221
1.6881295
1.6893877
1.6701409
1.7314638
1.7098201
1.7084661
1.610423
1.6240271
1.6250068
1.62207
1.6230474
1.609501
1.6527646
1.6373217
1.6362925
1.5665561
1.5760663
1.5768743
1.5744506
1.5752585
1.5657776
1.596998
1.5856689
1.5848283
1.5351173
1.5421928
1.5429051
1.5407618
1.5414787
1.5344227
1.5571188
1.5490961
1.5483597
1.5114405
1.5167454
1.5173818
1.515466
1.5161073
1.5108116
1.5278577
1.5217494
1.521094
1.4901925
1.4958419
1.4964556
1.4946061
1.4952256
1.4895718
1.505677
1.5005277
1.499908
1.4604141
1.4688266
1.4694272
1.4675997
1.468203
1.4598177
1.4832363
1.4760998
1.4754787
1.3766791
1.3758373
1.3763494
1.3748744
1.3753226
1.3761636
1.3739527
1.3746057
1.374096
1.3811712
1.3798356
1.3803421
1.3788228
1.3793292
1.3806671
1.3770836
1.3781192
1.3776116
1.3895715
1.3869371
1.3874311
1.3859484
1.3864428
1.3890804
1.3821877
1.3841452
1.3836483
1.4054501
1.4005745
1.4010553
1.3996116
1.4000936
1.4049715
1.3921354
1.3957881
1.3953049
1.4309122
1.4235693
1.4240341
1.4226354
1.4231032
1.4304522
1.4103756
1.4164066
1.4159359
1.4717066
1.4592554
1.4596855
1.4583862
1.4588222
1.4712784
1.4386016
1.4479616
1.4475204
1.5407812
1.5204581
1.520882
1.5195975
1.5200302
1.5403455
1.4854502
1.5017377
1.5013114
1.6442972
1.6148764
1.6154393
1.6137202
1.6143023
1.6435445
1.5623136
1.5872747
1.5867664
1.714843
1.7073176
1.7096302
1.7026349
1.7049862
1.7117528
1.6708573
1.6937513
1.6921601
2.6946758
2.6235962
2.6489697
2.5738278
2.5985485
2.6558383
1.7821602
2.0971279
2.0906727
1.5387302
1.4186634
1.4240082
1.4082255
1.4134087
1.5353376
2.622834
1.6884624
1.6731465
1.8182262
1.813988
1.816746
1.8085155
1.8112435
1.8157838
1.6817819
1.7724924
1.7695516
1.7489323
1.7709376
1.7727248
1.7673855
1.7691566
1.7473117
1.8061305
1.7897052
1.7877283
1.666648
1.6856108
1.6868673
1.6831065
1.6843553
1.6654926
1.7255628
1.7043725
1.7030277
1.6067386
1.6201202
1.6210936
1.6181805
1.6191485
1.6058199
1.6484492
1.633223
1.6322065
1.5634396
1.5728365
1.5736433
1.5712254
1.5720305
1.5626605
1.5935019
1.5823101
1.5814725
1.5323266
1.5393239
1.540044
1.5378815
1.5386036
1.5316251
1.5540904
1.5461432
1.5454029
1.5089108
1.5141777
1.5148232
1.5128821
1.513531
1.5082732
1.5251388
1.519115
1.5184519
1.4876947
1.4933593
1.4939842
1.4921029
1.4927325
1.487064
1.5031649
1.4980331
1.4974036
1.4580144
1.4663628
1.4669732
1.4651211
1.4657333
1.457411
1.4807241
1.4735985
1.4729691
1.3746674
1.3738477
1.374361
1.3728221
1.3733345
1.3741564
1.3718999
1.3725565
1.3720484
1.3791546
1.3778099
1.3783163
1.3767969
1.3773034
1.3786504
1.3750475
1.3760887
1.3755812
1.3876052
1.3849588
1.3854537
1.3839684
1.3844637
1.3871129
1.3801941
1.3821568
1.3816594
1.403531
1.3986465
1.3991296
1.3976792
1.3981633
1.4030495
1.390186
1.3938519
1.3933667
1.4290619
1.4216956
1.4221663
1.4207501
1.4212237
1.4285951
1.4084697
1.4145162
1.4140406
1.4699746
1.4575055
1.4579473
1.456614
1.4570611
1.469534
1.4367828
1.4461818
1.4457308
1.5390072
1.5187203
1.5191611
1.5178277
1.518276
1.5385513
1.4837142
1.5000093
1.4995684
1.6412301
1.6125278
1.6131278
1.6113019
1.6119185
1.6404398
1.5604581
1.5852068
1.5846754
1.70224
1.6978748
1.7002645
1.693038
1.6954658
1.6989906
1.666599
1.6873059
1.6856615
2.54645
2.5253737
2.5494403
2.4782393
2.5016498
2.5121869
1.7661059
2.0715211
2.0652654
1.5252771
1.398096
1.4031276
1.3882564
1.3931454
1.5219618
2.5072566
1.6295663
1.6157788
1.8085392
1.8031002
1.8057999
1.7977388
1.800412
1.8061515
1.6694382
1.760806
1.7579149
1.7425259
1.7638632
1.7656209
1.7603711
1.7621129
1.7409415
1.7975076
1.7818701
1.7799416
1.6620563
1.6806238
1.6818628
1.6781611
1.6793861
1.6609209
1.7197677
1.6990159
1.6976836
1.6030752
1.6162522
1.6172143
1.6143358
1.615292
1.602164
1.6442015
1.6291794
1.6281786
1.5603257
1.5696182
1.5704212
1.5680149
1.5688159
1.5595485
1.5900231
1.5789668
1.578134
1.5295144
1.5364364
1.5371596
1.53499
1.5357137
1.5288097
1.5510596
1.5431798
1.5424386
1.5063494
1.5115802
1.5122321
1.5102731
1.5109274
1.505705
1.5223988
1.5164544
1.5157865
1.4851601
1.4908377
1.4914715
1.4895649
1.4902024
1.4845216
1.5006195
1.4955024
1.4948652
1.4555903
1.4638722
1.4644898
1.4626201
1.4632386
1.4549818
1.4781791
1.471068
1.4704326
1.3726258
1.371797
1.3723094
1.3707727
1.3712845
1.3721152
1.3698508
1.3705108
1.3700029
1.3771377
1.3757837
1.3762903
1.3747705
1.3752771
1.3766334
1.3730109
1.3740585
1.3735511
1.3856343
1.3829771
1.3834728
1.3819849
1.3824811
1.3851409
1.378198
1.380166
1.3796678
1.401601
1.3967101
1.3971951
1.3957392
1.396225
1.401117
1.3882308
1.3919084
1.3914216
1.4271852
1.4197993
1.4202755
1.4188435
1.4193221
1.4267123
1.4065499
1.4126072
1.4121273
1.4681955
1.4557125
1.4561645
1.4548022
1.4552585
1.4677445
1.4349326
1.4443648
1.4439055
1.5371573
1.5169209
1.5173762
1.5160011
1.5164628
1.5366844
1.4819322
1.4982267
1.4977739
1.6380148
1.6100445
1.6106767
1.6087572
1.6094043
1.637188
1.5585191
1.5830483
1.5824951
1.6890252
1.6881256
1.6905909
1.6831392
1.6856413
1.6856351
1.6621509
1.6806484
1.6789503
2.4153531
2.432422
2.4551762
2.387904
2.4100133
2.3849205
1.7491187
2.0471144
2.041321
1.5121283
1.3786904
1.3834444
1.369384
1.3740097
1.5088884
2.4058556
1.5764446
1.5639667
1.7990661
1.7924289
1.7950768
1.7871685
1.7897921
1.7967296
1.6572939
1.7493133
1.7464692
1.7362383
1.7569148
1.7586391
1.7534891
1.7551993
1.7346836
1.7890813
1.7742232
1.772338
1.6575574
1.6757316
1.6769428
1.673321
1.6745224
1.6564469
1.7140424
1.693761
1.6924618
1.5994422
1.6124291
1.6133808
1.6105298
1.611478
1.598538
1.6400274
1.6251965
1.6242066
1.5572207
1.5664152
1.5672144
1.5648188
1.5656163
1.556446
1.5865665
1.5756427
1.5748144
1.5266936
1.5335436
1.5342672
1.5320979
1.532821
1.5259883
1.5480334
1.5402156
1.5394752
1.5037638
1.5089617
1.5096179
1.507647
1.5083048
1.5031145
1.5196494
1.5137785
1.5131082
1.4825971
1.4882853
1.4889261
1.4870001
1.4876436
1.4819527
1.4980486
1.492944
1.492301
1.4531497
1.4613628
1.4619855
1.4601037
1.4607267
1.4525382
1.4756096
1.4685167
1.467877
1.3705853
1.3697488
1.3702605
1.3687255
1.3692367
1.370075
1.3678045
1.3684663
1.3679585
1.3751204
1.3737571
1.3742638
1.3727436
1.3732503
1.374616
1.3709747
1.3720286
1.3715212
1.3836592
1.3809918
1.3814884
1.3799979
1.3804949
1.3831649
1.3761992
1.3781724
1.3776736
1.3996618
1.3947668
1.3952534
1.3937931
1.3942802
1.3991759
1.3862706
1.3899588
1.3894706
1.4252855
1.4178833
1.4183641
1.4169192
1.4174019
1.4248075
1.4046181
1.4106822
1.4101989
1.4663782
1.453884
1.4543442
1.4529589
1.4534224
1.4659191
1.433056
1.4425169
1.4420509
1.5352428
1.5150694
1.5155369
1.5141268
1.5145997
1.5347552
1.4801141
1.4964002
1.4959379
1.6346534
1.6074408
1.6081024
1.6060961
1.6067718
1.6337899
1.5565026
1.5808045
1.5802308
1.6752737
1.6780808
1.6806186
1.6729528
1.675525
1.6717616
1.6575035
1.6737744
1.6720213
2.2986467
2.344663
2.3661393
2.3025753
2.3235255
2.2714502
1.73151
2.0238693
2.0179255
1.4992834
1.3603254
1.3648284
1.3515038
1.3558893
1.4961213
2.3162928
1.5282717
1.5169177
1.7897922
1.7819571
1.7845564
1.7767954
1.7793698
1.7875036
1.6453595
1.7380093
1.7352132
1.7300603
1.7500955
1.7517897
1.7467352
1.7484112
1.7285281
1.78084
1.7667405
1.7648957
1.6531368
1.6709321
1.6721229
1.6685655
1.6697445
1.6520413
1.7084053
1.6885868
1.6873061
1.5958337
1.6086363
1.6095818
1.6067492
1.6076914
1.5949349
1.6358883
1.6212438
1.6202595
1.5541254
1.5632253
1.5640214
1.561635
1.5624294
1.5533532
1.5831289
1.5723363
1.5715126
1.523873
1.5306538
1.5313761
1.529212
1.529933
1.5231687
1.5450141
1.5372568
1.5365186
1.5011617
1.50633
1.5069888
1.5050115
1.5056709
1.5005095
1.5168996
1.511096
1.5104252
1.4800134
1.4857103
1.486356
1.4844167
1.4850642
1.4793651
1.4954602
1.4903659
1.4897193
1.4506998
1.4588413
1.4594674
1.4575781
1.458204
1.4500867
1.4730229
1.4659511
1.4653086
1.3685457
1.3677028
1.3682139
1.3666823
1.3671912
1.368036
1.3657603
1.3664233
1.365917
1.3731025
1.37173
1.3722367
1.3707163
1.3712231
1.3725979
1.3689391
1.3699987
1.3694914
1.3816804
1.379003
1.3795005
1.3780074
1.3785052
1.3811851
1.3741976
1.376176
1.3756765
1.3977155
1.3928181
1.3933058
1.3918422
1.3923303
1.3972281
1.3843061
1.3880043
1.3875151
1.4233672
1.4159515
1.4164359
1.4149809
1.4154667
1.4228853
1.402677
1.4087446
1.4082586
1.464532
1.452028
1.4524944
1.4510919
1.4515608
1.4640669
1.4311584
1.4406445
1.4401732
1.5332717
1.513174
1.5136518
1.5122117
1.5126942
1.5327704
1.4782683
1.4945384
1.4940683
1.6311446
1.6047235
1.6054132
1.6033233
1.6040268
1.6302442
1.5544186
1.5784804
1.5778874
1.6610633
1.6677574
1.6703629
1.6624971
1.6651348
1.6574475
1.65265
1.6666796
1.664871
2.1941337
2.2607557
2.2816788
2.2191407
2.2399373
2.1696926
1.7135095
1.999784
1.9936453
1.4867546
1.3429089
1.3471818
1.3345312
1.3386963
1.4836729
2.2366859
1.4843556
1.4739736
1.7807076
1.7716841
1.7742335
1.7666248
1.7691482
1.7784655
1.6336534
1.7269009
1.7241553
1.7239726
1.7434114
1.7450705
1.7401192
1.7417617
1.7224668
1.7727713
1.7594182
1.7576118
1.6487842
1.6662226
1.6673883
1.6638996
1.6650592
1.6476992
1.7028592
1.6835003
1.682243
1.5922484
1.6048695
1.6058079
1.6029986
1.6039325
1.5913563
1.6317825
1.6173177
1.616342
1.5510406
1.5600481
1.5608408
1.5584652
1.5592559
1.5502713
1.5797115
1.569049
1.5682304
1.5210595
1.527773
1.5284925
1.5263375
1.5270552
1.520358
1.542004
1.5343082
1.5335732
1.4985505
1.5036924
1.504352
1.5023734
1.5030328
1.4978971
1.5141566
1.5084141
1.5077443
1.4774164
1.4831204
1.4837692
1.4818221
1.4824718
1.4767658
1.4928618
1.4877758
1.4871272
1.4482456
1.4563129
1.456941
1.4550478
1.4556753
1.447632
1.4704255
1.4633769
1.4627329
1.3664142
1.3656672
1.3661768
1.364645
1.3651564
1.3659066
1.363719
1.3643877
1.3638807
1.371084
1.3697027
1.3702094
1.3686891
1.3691958
1.3705793
1.3669031
1.3679688
1.3674615
1.3796982
1.3770109
1.3775092
1.3760138
1.3765123
1.3792021
1.3721934
1.374177
1.3736768
1.3957641
1.3908654
1.3913539
1.3898879
1.3903767
1.3952756
1.382338
1.3860461
1.3855561
1.4214343
1.4140076
1.4144947
1.4130321
1.4135203
1.4209492
1.400729
1.4067973
1.4063094
1.4626642
1.4501511
1.4506223
1.4492061
1.4496794
1.4621945
1.429244
1.4387524
1.4382767
1.5312513
1.5112405
1.5117274
1.510261
1.510752
1.5307398
1.4764005
1.4926473
1.4921704
1.6274883
1.6018959
1.6026131
1.6004414
1.6011721
1.6265509
1.552273
1.5760797
1.5754673
1.6464615
1.6571736
1.6598426
1.6517908
1.6544889
1.6427576
1.6475937
1.6593647
1.6575027
2.10003
2.1779056
2.198491
2.1372074
2.157505
2.0779521
1.6952964
1.9750396
1.9687768
1.4745476
1.326359
1.3304223
1.3183806
1.3223478
1.4715448
2.1655543
1.4441402
1.4346095
1.7718066
1.7616178
1.7641151
1.756663
1.7591343
1.7696096
1.6221825
1.715996
1.7133016
1.7179885
1.7368608
1.7384871
1.7336346
1.7352458
1.7165102
1.7648651
1.7522466
1.7504765
1.6444573
1.6615807
1.6627369
1.6592769
1.6604263
1.6433784
1.6974005
1.6784964
1.6772548
1.5886926
1.6011378
1.6020666
1.5992875
1.6002113
1.5878087
1.6277125
1.6134331
1.6124693
1.5479687
1.5568865
1.5576751
1.5553124
1.5560987
1.547203
1.5763178
1.5657832
1.5649702
1.5182593
1.524906
1.5256216
1.5234791
1.5241924
1.517562
1.5390063
1.5313738
1.5306429
1.4959366
1.501055
1.501714
1.4997378
1.5003962
1.4952833
1.5114253
1.505738
1.5050704
1.4748125
1.4805226
1.4811728
1.4792225
1.479873
1.4741611
1.4902596
1.48518
1.4845309
1.4457907
1.4537818
1.4544109
1.4525166
1.4531448
1.4451772
1.4678234
1.460799
1.4601548
1.3643821
1.363622
1.3641335
1.3626001
1.363111
1.3638739
1.3616782
1.3623498
1.3618433
1.3690649
1.3676756
1.3681823
1.3666622
1.3671689
1.36856
1.3648691
1.3659387
1.3654316
1.3777133
1.375016
1.3755149
1.3740177
1.3745168
1.3772167
1.3701869
1.3721755
1.3716749
1.3938089
1.3889098
1.3893989
1.3879312
1.3884205
1.3933197
1.3803672
1.3840852
1.3835946
1.41949
1.4120546
1.4125437
1.4110754
1.4115654
1.4190024
1.3987759
1.404843
1.4043535
1.4607787
1.4482571
1.4487323
1.4473043
1.4477814
1.4603047
1.4273161
1.4368438
1.4363644
1.5291894
1.5092734
1.5097684
1.5082781
1.5087769
1.5286674
1.4745134
1.4907304
1.4902475
1.6236853
1.5989603
1.5997044
1.5974533
1.5982104
1.6227127
1.5500693
1.5736006
1.5729689
1.6315437
1.6463516
1.6490777
1.6408585
1.6436112
1.6277743
1.6423477
1.6518419
1.6499306
2.0148773
2.0971623
2.1171203
2.057861
2.0774345
1.9948408
1.6769996
1.9498677
1.9435214
1.4626457
1.3105842
1.3144613
1.3029587
1.3067511
1.459715
2.1017075
1.4071679
1.3983843
1.7630834
1.7517582
1.7542054
1.7468964
1.7493214
1.7609285
1.610935
1.7052925
1.7026476
1.7121149
1.7304399
1.7320346
1.7272742
1.7288548
1.7106641
1.7571226
1.7452221
1.7434886
1.6401695
1.6569868
1.6581298
1.6547114
1.6558462
1.6391094
1.6920383
1.6735572
1.6723341
1.5851684
1.5974463
1.5983658
1.595613
1.5965286
1.5842917
1.6236879
1.6095931
1.6086388
1.5449125
1.5537428
1.5545268
1.5521779
1.5529596
1.5441512
1.5729483
1.5625392
1.5617315
1.5154769
1.5220573
1.5227679
1.5206408
1.5213486
1.5147844
1.5360246
1.5284572
1.5277313
1.4933247
1.4984222
1.4990798
1.4971084
1.497765
1.4926724
1.5087091
1.5030715
1.5024066
1.4722072
1.4779225
1.4785729
1.4766229
1.477273
1.4715562
1.4876581
1.4825834
1.4819346
1.4433375
1.4512515
1.4518806
1.4499878
1.4506157
1.4427247
1.4652219
1.4582219
1.4575785
1.3623561
1.3615819
1.3620906
1.3605634
1.3610729
1.3618488
1.3596395
1.3603146
1.3598081
1.3670453
1.3656489
1.3661555
1.3646356
1.3651423
1.3665404
1.3627372
1.3639081
1.3634007
1.3757265
1.3730189
1.3735182
1.3720198
1.3725193
1.3752295
1.3681787
1.3701722
1.3696712
1.3918509
1.386952
1.3874415
1.3859722
1.386462
1.391361
1.3783945
1.3821223
1.3816313
1.4175367
1.4100948
1.4105854
1.4091128
1.4096041
1.4170473
1.3968186
1.4028831
1.4023924
1.4588766
1.4463478
1.4468267
1.4453879
1.4458685
1.4583986
1.4253775
1.4349212
1.4344388
1.5270865
1.5072752
1.5077777
1.5062651
1.5067712
1.5265547
1.4726075
1.4887897
1.4883009
1.6197458
1.5959212
1.5966908
1.5943649
1.5951466
1.6187412
1.5478101
1.5710459
1.5703962
1.6163906
1.6353148
1.6380925
1.6297234
1.6325247
1.6125735
1.6369299
1.6441287
1.6421728
1.9374738
2.0193838
2.0385358
1.9817888
2.0004934
1.9192112
1.6587734
1.9244525
1.9180744
1.4510248
1.2954931
1.2992065
1.2881767
1.2918164
1.4481601
2.0441743
1.3730481
1.3649239
1.7545232
1.7420827
1.7444831
1.7373176
1.7396939
1.7524082
1.5999098
1.6947867
1.6921911
1.7063531
1.7241379
1.7257024
1.7210301
1.7225807
1.7049346
1.7495114
1.73833
1.7366262
1.6359438
1.652454
1.6535805
1.6502129
1.651331
1.6348938
1.686756
1.6686989
1.6674968
1.5816721
1.5937879
1.5946994
1.5919723
1.592879
1.5808027
1.6196971
1.6057893
1.6048448
1.5418748
1.5506181
1.5513973
1.5490637
1.5498402
1.5411187
1.5696025
1.5593171
1.5585153
1.5127147
1.5192301
1.519935
1.5178255
1.5185273
1.5120275
1.5330628
1.5255621
1.5248421
1.4907177
1.4957967
1.4964522
1.4944872
1.4951416
1.490067
1.5060097
1.5004166
1.4997548
1.4696048
1.4753243
1.4759739
1.4740268
1.4746758
1.468955
1.4850605
1.4799894
1.4793417
1.4408878
1.4487251
1.4493534
1.4474643
1.4480912
1.440276
1.4626251
1.4556493
1.4550075
1.3603247
1.3595442
1.3600537
1.3585262
1.3590352
1.359818
1.3576027
1.3582798
1.3577735
1.3650257
1.3636222
1.3641291
1.3626082
1.3631149
1.364521
1.3607166
1.3617662
1.3612631
1.3737384
1.3710204
1.37152
1.3700207
1.3705204
1.3732412
1.3661692
1.3681677
1.3676664
1.3898902
1.3849919
1.3854819
1.3840109
1.3845013
1.3893996
1.3764201
1.3801577
1.3796662
1.4155767
1.4081298
1.4086215
1.4071457
1.4076379
1.4150859
1.3948576
1.4009188
1.4004271
1.4569587
1.4444249
1.444907
1.4434591
1.4439425
1.456477
1.4234305
1.4329873
1.4325023
1.5249456
1.5052481
1.5057575
1.5042244
1.5047371
1.5244049
1.470683
1.4868262
1.486332
1.6156832
1.5927859
1.5935789
1.5911854
1.5919891
1.61465
1.5454998
1.568422
1.5677561
1.6010677
1.6240875
1.6269107
1.6184106
1.621254
1.5972166
1.6313607
1.6362439
1.6342481
1.8668166
1.9451194
1.9633576
1.9094287
1.9271616
1.850103
1.640732
1.8989767
1.8926041
1.4396548
1.2809995
1.2845704
1.2739525
1.2774591
1.4368472
1.9921373
1.3414464
1.3339041
1.7461203
1.7326023
1.7349536
1.7279337
1.7302618
1.7440427
1.5890854
1.6844762
1.6819275
1.7007063
1.7179492
1.7194859
1.7148938
1.7164267
1.6993059
1.7420213
1.7315493
1.7298704
1.6317569
1.6479853
1.6490966
1.645768
1.6468741
1.6307173
1.681583
1.6639292
1.6627482
1.578207
1.5901672
1.5910686
1.5883724
1.5892688
1.5773461
1.6157526
1.6020279
1.6010941
1.5388589
1.5475152
1.5482888
1.5459729
1.5467434
1.5381086
1.5662843
1.5561197
1.5553245
1.5099741
1.5164272
1.5171257
1.5150353
1.5157306
1.5092925
1.5301243
1.5226918
1.5219784
1.4881175
1.4931801
1.4938333
1.4918755
1.4925274
1.4874687
1.5033282
1.4977745
1.4971161
1.4670083
1.472731
1.4733792
1.471437
1.4720842
1.4663605
1.482469
1.4774006
1.4767546
1.438443
1.4462051
1.446832
1.4449482
1.4455735
1.4378326
1.4600358
1.4530841
1.4524445
1.3582959
1.3575082
1.3580172
1.356491
1.3569995
1.3577886
1.3555687
1.356247
1.355741
1.363006
1.3615925
1.3621013
1.3604645
1.3609673
1.3625006
1.3586918
1.3597507
1.3592447
1.3717494
1.3690209
1.3695207
1.3680209
1.3685207
1.3712519
1.3641591
1.3661622
1.365661
1.3879268
1.3830293
1.38352
1.382047
1.382538
1.3874355
1.3744444
1.3781911
1.3776992
1.4136118
1.4061609
1.4066534
1.4051753
1.4056682
1.41312
1.3928931
1.3989509
1.3984584
1.4550265
1.4424907
1.4429753
1.4415201
1.4420058
1.4545415
1.4214774
1.4310445
1.4305578
1.5227706
1.5031944
1.5037102
1.5021585
1.5026773
1.522222
1.4687411
1.4848418
1.4843426
1.6115115
1.5895648
1.5903785
1.5879255
1.5887485
1.6104534
1.5431438
1.5657364
1.5650564
1.5856347
1.6126966
1.6155581
1.6069492
1.609827
1.5817674
1.625661
1.6282069
1.6261763
1.8020621
1.8746658
1.8919374
1.8408617
1.8576596
1.7867092
1.6229919
1.8735824
1.8672561
1.4285005
1.2670278
1.2704739
1.2602185
1.2636075
1.4257421
1.9448893
1.3120669
1.3050379
1.7378653
1.7233086
1.7256157
1.7187235
1.7210106
1.735825
1.5784287
1.6743446
1.6718367
1.6951456
1.7118478
1.7133695
1.7088266
1.7103341
1.6937748
1.7346486
1.7248696
1.7232125
1.6276191
1.643565
1.6446656
1.6413709
1.6424651
1.6265917
1.6765005
1.6592091
1.6580331
1.5747762
1.5865871
1.5874789
1.5848104
1.585698
1.5739238
1.6118654
1.5983075
1.5973836
1.5358674
1.544437
1.5452043
1.5429077
1.5436717
1.5351237
1.562996
1.5529492
1.5521608
1.5072561
1.51365
1.514342
1.5122714
1.5129599
1.5065802
1.527212
1.5198487
1.5191423
1.4855257
1.4905737
1.4912242
1.4892747
1.4899238
1.4848793
1.5006653
1.4951464
1.4944916
1.4644201
1.4701451
1.4707912
1.4688555
1.4695004
1.4637745
1.4798855
1.4748192
1.4741754
1.4360043
1.4436935
1.4443185
1.4424413
1.4430646
1.4353956
1.4574562
1.4505283
1.4498912
1.3562668
1.3554743
1.3559827
1.3544582
1.3549661
1.3557595
1.3535372
1.3542162
1.3537106
1.3609827
1.3594572
1.3599603
1.358448
1.3589537
1.3603508
1.3566672
1.3577281
1.3572231
1.3697595
1.3670207
1.3675207
1.3660205
1.3665205
1.3692619
1.3621473
1.3641564
1.3636552
1.3859606
1.381064
1.3815554
1.3800804
1.380572
1.3854687
1.372467
1.3762225
1.37573
1.4116435
1.4041892
1.4046823
1.4032026
1.4036959
1.4111511
1.3909256
1.3969802
1.3964872
1.4530823
1.4405478
1.4410343
1.4395738
1.4400611
1.4525946
1.4195203
1.4290955
1.4286076
1.5205653
1.501117
1.5016385
1.5000699
1.5005941
1.5200097
1.4667836
1.4828382
1.4823345
1.6072453
1.5862687
1.5871003
1.5845957
1.5854353
1.6061658
1.5407473
1.5629967
1.5623042
1.5701634
1.6011725
1.6040646
1.5953699
1.5982746
1.5662973
1.6198507
1.6200383
1.617978
1.7425052
1.8080032
1.8243255
1.7760835
1.7919373
1.7283545
1.6056889
1.8484165
1.8421688
1.4175343
1.2535183
1.2568535
1.2469212
1.2502056
1.4148191
1.9017528
1.2846492
1.2780741
1.7297573
1.7141755
1.7164441
1.7096614
1.7119133
1.7277516
1.5679117
1.6643671
1.661894
1.6896604
1.7058275
1.7073281
1.702846
1.7043353
1.688294
1.7273916
1.7182751
1.716641
1.6235365
1.6391978
1.6402832
1.6370357
1.6381143
1.6225266
1.671449
1.6545343
1.653375
1.5713785
1.5830416
1.5839253
1.5812809
1.5821605
1.5705342
1.6080205
1.5946256
1.5937099
1.5329025
1.5413853
1.5421459
1.5398703
1.5406271
1.5321657
1.5597377
1.5498063
1.5490253
1.5045615
1.5108995
1.5115846
1.5095344
1.5102161
1.5038916
1.5243277
1.517034
1.5163349
1.4829442
1.487979
1.4886264
1.4866867
1.4873324
1.4823007
1.4980221
1.4925335
1.4918829
1.4618418
1.4675686
1.4682122
1.4662845
1.4669266
1.4611991
1.4773123
1.4722475
1.4716063
1.433573
1.4411918
1.4418144
1.439945
1.4405658
1.4329663
1.4548877
1.4479834
1.4473492
1.3542389
1.3534427
1.3539504
1.352428
1.3529352
1.3537321
1.3515082
1.3521876
1.3516824
1.3588455
1.357439
1.3579431
1.35643
1.3569345
1.35834
1.3546428
1.3557069
1.3552016
1.367769
1.3650203
1.3655203
1.3640198
1.3645201
1.3672713
1.3599956
1.3621489
1.3616442
1.3839919
1.379096
1.379588
1.378111
1.3786034
1.3834994
1.3704881
1.3742518
1.3737587
1.4096733
1.4022157
1.4027091
1.4012284
1.401722
1.4091806
1.3889554
1.3950075
1.3945141
1.4511283
1.4385986
1.4390864
1.4376222
1.4381105
1.4506384
1.4175606
1.4271423
1.4266535
1.5183324
1.4990176
1.4995444
1.4979601
1.4984895
1.5177702
1.4648125
1.4808171
1.4803093
1.6028979
1.5829075
1.5837546
1.581205
1.5820592
1.6018
1.5383138
1.5602087
1.5595048
1.554719
1.589545
1.5924606
1.5837012
1.586626
1.5508685
1.6139473
1.6117584
1.6096734
1.6875474
1.7450904
1.7604808
1.7150098
1.7299443
1.6744638
1.5889352
1.8235804
1.8174284
1.4067311
1.2404213
1.2436578
1.2340142
1.2372049
1.4040525
1.8621921
1.2589688
1.2527968
1.7217801
1.7051797
1.707416
1.7007269
1.7029491
1.7198041
1.5575055
1.6545182
1.6520734
1.6842265
1.6998859
1.7013622
1.6969476
1.698415
1.6828771
1.7202454
1.7117762
1.710167
1.6195139
1.6348938
1.6359628
1.6327654
1.6338292
1.6185132
1.6664554
1.6499248
1.6487854
1.5680135
1.57953
1.5804046
1.5777898
1.5786587
1.5671788
1.6042039
1.5909745
1.5900705
1.5299664
1.5383631
1.539116
1.5368645
1.537613
1.5292374
1.5565131
1.5466943
1.5459219
1.5018913
1.5081761
1.5088543
1.5068247
1.5074994
1.5012276
1.5214733
1.5142488
1.5135572
1.480375
1.485398
1.4860418
1.4841133
1.4847552
1.479735
1.4953995
1.4899376
1.4892914
1.4592754
1.4650035
1.4656441
1.463726
1.4643648
1.4586359
1.4747514
1.4696875
1.4690497
1.4311501
1.4387011
1.4393211
1.4374601
1.4380783
1.4305456
1.4523319
1.4454506
1.4448196
1.3522133
1.3514139
1.3519209
1.3504007
1.3509072
1.3517073
1.349482
1.3501614
1.3496569
1.3568312
1.3554206
1.3559252
1.3544113
1.3549157
1.356328
1.3526203
1.3536858
1.3531808
1.3657778
1.3630147
1.3635184
1.3618411
1.3623361
1.3652786
1.3579891
1.3599843
1.3594811
1.3820208
1.3771254
1.3776181
1.3761392
1.3766322
1.3815278
1.3685077
1.3722789
1.3717854
1.407702
1.4002409
1.4007346
1.3992532
1.399747
1.407209
1.3869831
1.3930332
1.3925394
1.4491662
1.4366447
1.4371336
1.4356664
1.4361556
1.4486745
1.4155993
1.4251862
1.4246968
1.5160736
1.4968976
1.4974295
1.4958304
1.4963646
1.515505
1.4628293
1.4787799
1.4782682
1.5984808
1.5794892
1.5803499
1.5777608
1.5786277
1.597367
1.535846
1.5573766
1.5566622
1.5393538
1.5778417
1.580774
1.5719695
1.5749078
1.5355297
1.6079656
1.6033869
1.6012819
1.6366797
1.6858273
1.7003137
1.6575281
1.6715741
1.6245483
1.5728235
1.7991452
1.7931058
1.3960724
1.227697
1.2308433
1.221468
1.2245706
1.3934304
1.825747
1.2348354
1.2290251
1.7139136
1.6963006
1.6985098
1.6919028
1.6940983
1.7119627
1.5472029
1.6447827
1.6423685
1.6788683
1.6940305
1.6954892
1.6911409
1.6925808
1.6775434
1.7132025
1.7053724
1.7037918
1.615522
1.6306507
1.6317061
1.6285425
1.6295957
1.6145289
1.6615384
1.6453893
1.6442683
1.5646912
1.5760642
1.5769262
1.5743491
1.575206
1.5638676
1.6004285
1.5873689
1.5864749
1.5270623
1.5353748
1.5361188
1.533894
1.5346336
1.5263414
1.5533295
1.5436186
1.5428556
1.4992459
1.5054801
1.5061514
1.5041423
1.5048102
1.4985884
1.5186505
1.5114934
1.5108092
1.4778203
1.4828327
1.4834725
1.4815563
1.482194
1.4771841
1.492798
1.4873598
1.4867183
1.4567226
1.462452
1.463089
1.4611819
1.4618169
1.4560867
1.4722051
1.4671415
1.4665074
1.4287366
1.4362224
1.4368396
1.4349877
1.4356029
1.4281346
1.44979
1.4429311
1.4423036
1.3501902
1.3493882
1.3498943
1.3483763
1.3488821
1.3496846
1.3474591
1.3481382
1.3476341
1.3548189
1.3534027
1.3539067
1.3523944
1.3528984
1.3543157
1.3505997
1.3516666
1.3511622
1.3635887
1.3608342
1.3613377
1.3598364
1.3603348
1.3630854
1.355984
1.3579806
1.3574809
1.3800476
1.3751524
1.3756457
1.3741649
1.3746587
1.3795542
1.3663003
1.3703024
1.3698033
1.4057298
1.3982652
1.3987591
1.3972769
1.397771
1.4052366
1.3850087
1.3910574
1.3905633
1.4471972
1.4346871
1.4351768
1.4337069
1.434197
1.4467039
1.4136366
1.4232279
1.4227379
1.5137903
1.4947585
1.495295
1.4936823
1.4942209
1.513216
1.4608354
1.4767279
1.4762128
1.5940037
1.5760207
1.5768933
1.5742695
1.5751476
1.5928763
1.5333465
1.5545043
1.5537805
1.5241066
1.5660875
1.5690304
1.5601988
1.5631448
1.5203171
1.6019182
1.5949416
1.5928208
1.5894676
1.6300971
1.6437102
1.603518
1.6167065
1.5781891
1.5574042
1.7751759
1.7692681
1.3855674
1.2153254
1.2183856
1.2092658
1.2122851
1.3829659
1.7920625
1.2120986
1.2066177
1.7061544
1.687533
1.689714
1.6831911
1.685358
1.7042316
1.537032
1.6351754
1.6327942
1.6736103
1.6882805
1.6897124
1.685447
1.6868586
1.6723152
1.7062617
1.6990709
1.6975083
1.6115697
1.6264544
1.6274967
1.624374
1.6254133
1.6105903
1.6567236
1.640927
1.6398188
1.5614125
1.5726429
1.5734953
1.5709459
1.5717935
1.5605994
1.5967042
1.5838125
1.5829296
1.5241912
1.5324221
1.5331572
1.5309587
1.5316895
1.5234784
1.5501871
1.5405807
1.539827
1.4966248
1.5028109
1.5034755
1.5014857
1.5021472
1.4959731
1.515859
1.5087672
1.5080899
1.4752815
1.4802842
1.4809197
1.4790164
1.4796498
1.4746494
1.4902173
1.4848007
1.4841638
1.454185
1.4599158
1.4605488
1.4586537
1.4592846
1.4535532
1.4696745
1.4646109
1.4639808
1.4263336
1.4337565
1.4343706
1.4325287
1.4331406
1.4257343
1.4472637
1.4404262
1.4398025
1.3481695
1.3473652
1.3478707
1.346355
1.34686
1.3476646
1.345439
1.3461176
1.3456142
1.3528076
1.3513869
1.3518905
1.3503798
1.3508832
1.352305
1.3485818
1.3496501
1.3491463
1.3615884
1.3588393
1.3593376
1.357842
1.3583406
1.3610921
1.3539791
1.3559805
1.3554811
1.3780722
1.3731694
1.3736691
1.3719172
1.3724062
1.3775764
1.3643077
1.3680707
1.3675687
1.4037568
1.3962883
1.3967825
1.3952994
1.3957937
1.4032633
1.3830323
1.3890801
1.3885857
1.4452218
1.4327258
1.4332163
1.4317438
1.4322347
1.444727
1.4116723
1.4212672
1.4207766
1.511485
1.4926019
1.4931426
1.4915177
1.4920603
1.5109057
1.4588316
1.4746626
1.4741444
1.5894753
1.5725082
1.5733912
1.5707373
1.5716249
1.5883361
1.5308186
1.5515962
1.5508643
1.5090096
1.5543061
1.5572537
1.548412
1.5513602
1.5052629
1.5958157
1.5864385
1.5843054
1.545534
1.5777738
1.5905464
1.552846
1.565212
1.5350215
1.5426936
1.751745
1.7459847
1.3752164
1.203286
1.2062662
1.1973828
1.2003252
1.3726508
1.7608647
1.1906356
1.1854555
1.698492
1.6788758
1.6810297
1.6745878
1.6767277
1.6965883
1.5269952
1.6256971
1.6233471
1.6684605
1.6826278
1.6840347
1.6798345
1.6812328
1.6671834
1.6993992
1.6928618
1.6913217
1.6076742
1.6223019
1.6233354
1.6202437
1.6212718
1.6067102
1.6519756
1.636507
1.6354087
1.5581753
1.5692584
1.5701013
1.5675809
1.5684188
1.5573726
1.5930339
1.5802911
1.5794156
1.5213517
1.5295035
1.5302302
1.5280564
1.5287791
1.5206465
1.5470826
1.5375797
1.5368351
1.4940263
1.5001663
1.500825
1.4988524
1.4995084
1.4933798
1.5130967
1.5060678
1.5053968
1.4727591
1.4777528
1.4783841
1.4764933
1.4771225
1.472131
1.4876559
1.4822596
1.4816269
1.4516638
1.4573959
1.4580247
1.4561422
1.4567689
1.4510363
1.4671603
1.4620965
1.4614705
1.4239418
1.4313045
1.4319152
1.4300839
1.4306924
1.4233454
1.4447539
1.4379369
1.4373172
1.3461519
1.3453455
1.3458502
1.344337
1.3448412
1.3456479
1.3434222
1.3441002
1.3435975
1.3507986
1.3493735
1.3498765
1.3483678
1.3488705
1.3502966
1.3465667
1.3476359
1.3471329
1.3596023
1.356845
1.3573434
1.3558484
1.3563466
1.3591058
1.3519762
1.3539819
1.353483
1.3757805
1.370908
1.371411
1.3699217
1.3704145
1.3752759
1.3623303
1.3660878
1.3655947
1.4017826
1.39431
1.3948046
1.3933109
1.3938146
1.4012887
1.3807401
1.3870913
1.3862653
1.4432407
1.4307608
1.4312522
1.4297768
1.4302687
1.4427444
1.4097061
1.4193042
1.4188128
1.5091605
1.4904299
1.4909742
1.4893386
1.4898846
1.5085767
1.4568189
1.4725854
1.4720644
1.5849028
1.5689575
1.5698493
1.5671694
1.5680652
1.5837537
1.5282661
1.548657
1.547918
1.4940921
1.5425192
1.5454666
1.53663
1.5395756
1.4903941
1.5896673
1.5778913
1.5757492
1.5045481
1.5287156
1.5406845
1.5053626
1.5169444
1.4947249
1.5286992
1.7289203
1.723323
1.3650042
1.1915539
1.1944596
1.1857976
1.1886673
1.3624719
1.7319051
1.1703352
1.1654297
1.6909062
1.6703277
1.6724542
1.6660973
1.6682096
1.6890254
1.51708
1.6163417
1.6140221
1.6633557
1.6770488
1.6784412
1.6742737
1.6756606
1.6620864
1.692619
1.6867224
1.6851978
1.6038388
1.618199
1.6192197
1.6161784
1.6171864
1.6028897
1.6472616
1.6321256
1.631039
1.5549827
1.5659136
1.5667463
1.564258
1.5650847
1.5541925
1.5894061
1.5768008
1.5759327
1.5185414
1.5266173
1.527336
1.5251861
1.5259008
1.5178432
1.5440153
1.534614
1.5338779
1.4914476
1.4975436
1.4981971
1.4962396
1.4968907
1.4908057
1.5103609
1.5033927
1.5027273
1.4702526
1.4752377
1.475865
1.4739859
1.4746113
1.4696285
1.4851118
1.479735
1.4791062
1.4491598
1.4548928
1.4555173
1.4536474
1.4542699
1.4485365
1.464662
1.4595984
1.4589764
1.421562
1.4288671
1.4294742
1.4276539
1.4282588
1.4209687
1.4422612
1.4354638
1.4348483
1.3441377
1.3433296
1.3438333
1.3423231
1.3428261
1.3436345
1.3414092
1.3420864
1.3415848
1.3487923
1.3473629
1.3478652
1.346359
1.3468607
1.348291
1.3445546
1.3456247
1.3451225
1.357617
1.3548522
1.3553502
1.3538565
1.3543543
1.3571208
1.3499755
1.3519852
1.3514868
1.3737941
1.3689354
1.3694283
1.3679489
1.368442
1.3733013
1.3603524
1.3641152
1.363622
1.3994194
1.391943
1.3924624
1.3909394
1.3914339
1.3988955
1.378734
1.3847479
1.3842548
1.441254
1.4287919
1.4292842
1.4278054
1.4282986
1.4407563
1.4073218
1.4173353
1.4168335
1.506819
1.488244
1.4887917
1.4871463
1.4876955
1.5062314
1.4547977
1.4704974
1.4699737
1.5802927
1.5653736
1.5662732
1.5635706
1.5644736
1.579135
1.525692
1.5456909
1.5449457
1.4793779
1.5307468
1.5336893
1.5248719
1.5278101
1.4757371
1.5834806
1.5693122
1.567164
1.4662194
1.4827642
1.4939715
1.4608891
1.4717389
1.4570212
1.5154329
1.7067505
1.7013328
1.3549247
1.1801128
1.182947
1.1744986
1.1772977
1.3524262
1.7049535
1.1510977
1.1464441
1.6834083
1.6618905
1.6639913
1.6577105
1.6597974
1.6815503
1.5072793
1.6071036
1.6048109
1.6583142
1.6715213
1.6728941
1.6687957
1.6701555
1.6570618
1.685905
1.6806504
1.6791434
1.6000613
1.6141693
1.6151724
1.6121742
1.6131705
1.5991211
1.6426147
1.6278066
1.6267335
1.5518405
1.5626152
1.5634349
1.5609875
1.5618
1.5510614
1.5858018
1.573352
1.5724985
1.5157581
1.5237624
1.5244734
1.5223454
1.5230531
1.5150661
1.5409892
1.5316813
1.5309528
1.4888863
1.49494
1.495589
1.4936445
1.4942914
1.4882483
1.5076486
1.5007389
1.5000785
1.4677615
1.4727378
1.4733614
1.4714933
1.4721151
1.467141
1.4825829
1.4772255
1.4766003
1.4466727
1.4524062
1.4530266
1.451169
1.4517874
1.4460536
1.4621792
1.4571161
1.456498
1.4191946
1.4264448
1.4270481
1.4252392
1.4258404
1.4186046
1.4397858
1.4330074
1.432396
1.3421268
1.3413174
1.3418202
1.3403128
1.340815
1.3416246
1.3394001
1.3400764
1.3395755
1.3467889
1.3453557
1.3458572
1.3443536
1.3448546
1.3462884
1.342546
1.3436171
1.3431158
1.3556329
1.3528615
1.353359
1.3518671
1.3523642
1.355137
1.3479774
1.3499908
1.3494932
1.3718224
1.3669621
1.3674553
1.3659753
1.3664685
1.3713292
1.3583747
1.3621422
1.361649
1.3973951
1.3899531
1.390446
1.3889666
1.3894597
1.3969031
1.3767598
1.3827751
1.3822816
1.4392497
1.4263256
1.4272997
1.4252775
1.4257856
1.4381586
1.4053041
1.4148538
1.4143627
1.5044625
1.4860455
1.4865963
1.4849262
1.4854934
1.5038714
1.4521999
1.4683844
1.4672638
1.5756504
1.5617607
1.562667
1.5599443
1.5608537
1.5744852
1.5230987
1.5427011
1.5419503
1.4648989
1.5190076
1.5219402
1.5131561
1.5160816
1.4613125
1.5772624
1.5607123
1.5585603
1.4303381
1.4397049
1.4502132
1.419181
1.4293627
1.4217307
1.5029304
1.6852689
1.6800373
1.3449815
1.1689545
1.1717189
1.1634797
1.1662096
1.3425184
1.6798079
1.1328355
1.1284138
1.6760025
1.6535549
1.6556303
1.6494216
1.6514862
1.6741634
1.4975978
1.5979711
1.595704
1.653317
1.6660703
1.6674318
1.6633629
1.6647157
1.6520769
1.6792734
1.6746467
1.6731592
1.5963061
1.6101892
1.6111801
1.6082105
1.6091999
1.5953713
1.6380119
1.6235366
1.6224774
1.5487333
1.5593762
1.5601798
1.5577763
1.5585753
1.5479597
1.5822334
1.5699615
1.5691208
1.5129985
1.5209345
1.5216392
1.519529
1.520231
1.5123119
1.5379978
1.5287769
1.5280547
1.48634
1.4923528
1.4929979
1.4910647
1.491708
1.4857055
1.5049567
1.4981037
1.4974475
1.465285
1.4702525
1.4708725
1.4690151
1.4696334
1.4646682
1.4800679
1.4747302
1.4741085
1.4442023
1.4499357
1.4505521
1.4487063
1.4493208
1.4435873
1.4597114
1.4546493
1.454035
1.4168401
1.4240378
1.4246374
1.42284
1.4234374
1.4162532
1.4373274
1.4305677
1.4299605
1.3401199
1.3393092
1.339811
1.3383067
1.3388078
1.3396187
1.3373948
1.3380703
1.3375703
1.3447887
1.3433522
1.3438527
1.3423518
1.3428518
1.344289
1.3405414
1.3416132
1.3411129
1.3536502
1.3508731
1.35137
1.3498798
1.3503763
1.3531548
1.3459823
1.3479993
1.3475026
1.3698494
1.3649883
1.3654817
1.3640014
1.3644948
1.3693561
1.3563979
1.3601692
1.3596762
1.3954275
1.38798
1.3884732
1.3869929
1.3874862
1.3949356
1.3747848
1.3808011
1.3803076
1.4366338
1.4242934
1.4247847
1.4233094
1.4238012
1.4361385
1.4033416
1.4128943
1.4124047
1.5013552
1.4831312
1.4837566
1.482008
1.4825593
1.5007253
1.4500779
1.4655879
1.4650651
1.5709797
1.5581213
1.5590339
1.5557146
1.557197
1.5698025
1.5197847
1.5390862
1.5382665
1.450683
1.5073209
1.5102385
1.5015088
1.5044113
1.4471677
1.5710179
1.5521021
1.5499506
1.3967902
1.3992886
1.409158
1.3800007
1.3895711
1.3887447
1.4912448
1.664505
1.6594616
1.3351805
1.1580726
1.1607691
1.1527316
1.1553958
1.332754
1.6559771
1.1154692
1.1112609
1.6686732
1.6453099
1.6473636
1.6412187
1.6432624
1.6668517
1.4880421
1.5889423
1.5867008
1.6483735
1.6606712
1.6620154
1.6579959
1.6593322
1.6471465
1.6727118
1.6687208
1.6672511
1.5925769
1.6062323
1.6072212
1.60426
1.605245
1.5916469
1.6334545
1.6193057
1.6182536
1.5456473
1.5561828
1.5569787
1.5545956
1.5553881
1.5448799
1.5786987
1.5666149
1.5657838
1.5102596
1.5181287
1.5188281
1.5167336
1.5174304
1.5095779
1.5350309
1.5258967
1.5251805
1.4838073
1.4897801
1.4904217
1.4884989
1.4891388
1.4831761
1.5022825
1.495485
1.4948327
1.4628231
1.4677814
1.4683978
1.4665513
1.4671659
1.4622099
1.4775662
1.4722487
1.4716306
1.4417483
1.4474808
1.4480933
1.4462591
1.4468697
1.4411373
1.4572584
1.4521976
1.4515871
1.4144985
1.4216464
1.4222422
1.4204563
1.4210499
1.4139149
1.4348857
1.4281446
1.4275415
1.3381173
1.3373053
1.337806
1.3363051
1.3368051
1.3376172
1.3353938
1.3360683
1.3355694
1.3427922
1.3413524
1.3418519
1.3403541
1.340853
1.3422935
1.338541
1.3396133
1.339114
1.3516694
1.3488872
1.3493834
1.3478953
1.3483912
1.3511746
1.3439908
1.3460111
1.3455149
1.3678761
1.3630145
1.3635078
1.3620279
1.3625212
1.3673828
1.3544225
1.358197
1.357704
1.3934592
1.3860056
1.3864992
1.3850186
1.3855122
1.3929669
1.3728095
1.3788266
1.3783331
1.4346502
1.4223248
1.422817
1.4213387
1.4218319
1.4341535
1.4013772
1.4109337
1.4104431
1.4989529
1.4809059
1.4814572
1.4798011
1.4803536
1.498362
1.4480507
1.4634931
1.4629677
1.5659673
1.5538801
1.5547895
1.5520579
1.5529699
1.5648002
1.5171482
1.5359951
1.5352418
1.4376889
1.4969887
1.4995648
1.4912867
1.4941576
1.4342492
1.5648667
1.5442732
1.5421312
1.3655109
1.3612937
1.3705758
1.3469916
1.3560104
1.3565353
1.4785179
1.6434063
1.6387471
1.3255158
1.1474523
1.1500872
1.1409238
1.1435952
1.3208773
1.6327593
1.1035027
1.0994164
1.6614147
1.6371462
1.6391825
1.6326545
1.6346757
1.6596096
1.4768084
1.5788932
1.5766505
1.6434823
1.6553398
1.6566663
1.6526991
1.6540188
1.64227
1.6662332
1.6628817
1.6614354
1.5888733
1.6023007
1.6032788
1.6003549
1.6013265
1.5879544
1.6289416
1.6151172
1.614079
1.5425892
1.5530152
1.5538042
1.5514418
1.5522273
1.5418297
1.575207
1.5633024
1.562479
1.50754
1.5153438
1.516038
1.5139593
1.5146508
1.5068632
1.5320893
1.5230411
1.5223311
1.4812877
1.4872212
1.4878594
1.4859469
1.4865834
1.4806599
1.4996255
1.4928819
1.4922336
1.4603759
1.4653248
1.4659376
1.4641021
1.464713
1.4597665
1.4750779
1.4697814
1.4691669
1.4393103
1.4450413
1.44565
1.4438273
1.444434
1.4387033
1.4548203
1.449761
1.4491543
1.4121699
1.4192704
1.4198624
1.4180881
1.4186779
1.4115895
1.4324606
1.4257381
1.4251391
1.336119
1.3353061
1.3358056
1.3343083
1.334807
1.3356201
1.3333974
1.334071
1.3335733
1.3407998
1.3393568
1.3398552
1.3383609
1.3388588
1.3403023
1.3365447
1.3376176
1.3371195
1.3496913
1.3469043
1.3473997
1.3459141
1.346409
1.3491971
1.342003
1.3440261
1.3435308
1.3659032
1.3610416
1.3615348
1.3600558
1.3605486
1.3654103
1.352449
1.3562258
1.3557333
1.3914901
1.3840316
1.384525
1.3830447
1.3835381
1.3909978
1.3708345
1.3768523
1.3763588
1.4326607
1.4203524
1.4208455
1.4193647
1.4198586
1.4321628
1.3994117
1.4089706
1.4084796
1.4965836
1.4786938
1.4792476
1.477584
1.4781391
1.4959893
1.4460164
1.4613895
1.4608615
1.5612844
1.5502291
1.5511442
1.548394
1.5493122
1.5601095
1.5145291
1.5329729
1.5322138
1.4241112
1.4855483
1.4884155
1.4798338
1.4826888
1.4207696
1.5586185
1.5357033
1.5335631
1.3346381
1.3292752
1.3380693
1.3120652
1.3206073
1.3276286
1.4681702
1.6245272
1.6198584
1.3137154
1.135774
1.1383395
1.1306916
1.1332257
1.3113698
1.6120102
1.0874562
1.0835639
1.65422
1.6286301
1.6306419
1.6246285
1.6266275
1.6524319
1.4674885
1.5700533
1.5678687
1.6386517
1.6500736
1.6513861
1.6474674
1.6487673
1.6374513
1.6598355
1.6571309
1.6557034
1.5852121
1.5984203
1.5993867
1.5964948
1.5974565
1.5843023
1.6245031
1.6109893
1.6099666
1.5395626
1.5498755
1.5506575
1.5483158
1.5490945
1.5388107
1.5717503
1.560019
1.559202
1.5048399
1.5125803
1.5132691
1.5112066
1.5118928
1.5041679
1.5291745
1.5202105
1.5195066
1.4787817
1.4846761
1.4853109
1.4834089
1.4840419
1.4781573
1.4969856
1.4902944
1.48965
1.4579436
1.462883
1.4634921
1.4616677
1.4622749
1.4573379
1.4726035
1.4673286
1.4667176
1.4368883
1.4426171
1.4432219
1.4414107
1.4420136
1.4362853
1.4523971
1.4473394
1.4467364
1.4098544
1.41691
1.4174981
1.4157354
1.4163214
1.4092774
1.4300521
1.4233482
1.4227533
1.3341253
1.3333116
1.3338099
1.3323161
1.3328137
1.3336275
1.3314056
1.3320784
1.3315816
1.3388117
1.337366
1.3378632
1.3363724
1.336869
1.3383152
1.3345531
1.3356267
1.3351298
1.347716
1.3449248
1.3454194
1.3439365
1.3444305
1.3472226
1.3400191
1.3420448
1.3415505
1.3639317
1.3590705
1.3595632
1.3580856
1.358578
1.363439
1.3504778
1.3542565
1.3537645
1.3895209
1.3820579
1.3825514
1.3810719
1.3815649
1.3890288
1.3688608
1.374879
1.3743857
1.4306661
1.4183767
1.4188708
1.4173876
1.417882
1.4301666
1.3974452
1.4070054
1.4065138
1.4942004
1.4764711
1.4770274
1.4753558
1.4759133
1.4936029
1.4439754
1.4592764
1.4587471
1.5565757
1.5465522
1.5474738
1.5447046
1.5456287
1.5553947
1.511892
1.5299289
1.5291647
1.4108655
1.4741445
1.4769866
1.4684846
1.471313
1.4076068
1.5523536
1.5271459
1.525009
1.3073209
1.29535
1.3036472
1.2791101
1.2871719
1.3007864
1.4587725
1.6060968
1.6015856
1.304388
1.1256726
1.1281746
1.1207137
1.1231856
1.3020797
1.5912481
1.0721533
1.0684366
1.6471003
1.6206513
1.6226385
1.6166952
1.6186712
1.6453324
1.4583491
1.5613551
1.5591967
1.6338838
1.6448771
1.6461705
1.6423048
1.6435907
1.6327055
1.6535193
1.6514463
1.6500336
1.5815844
1.5945781
1.5955355
1.5926695
1.5936229
1.580682
1.6201368
1.6069148
1.6059023
1.5365652
1.546762
1.5475379
1.5452135
1.5459868
1.53582
1.5683192
1.5567594
1.5559475
1.5021588
1.509838
1.5105216
1.5084744
1.5091556
1.5014913
1.5262848
1.5174034
1.516705
1.4762894
1.4821452
1.4827765
1.4808851
1.4815146
1.4756685
1.4943628
1.4877225
1.4870819
1.4555262
1.460456
1.4610614
1.4592479
1.4598515
1.4549241
1.4701431
1.4648902
1.4642828
1.4344821
1.440208
1.440809
1.4390089
1.4396081
1.433883
1.4499886
1.4449327
1.4443333
1.4075522
1.414565
1.4151493
1.4133981
1.4139802
1.4069785
1.4276598
1.4209747
1.4203839
1.3321363
1.3313219
1.3318189
1.3303289
1.3308252
1.3316398
1.3294185
1.3300903
1.3295947
1.3368281
1.3353799
1.3358759
1.3343886
1.334884
1.3363327
1.3325665
1.3336407
1.333145
1.345744
1.3429493
1.3434429
1.3419629
1.342456
1.3452514
1.3380396
1.3400678
1.3395747
1.3619616
1.3571013
1.3575936
1.3561178
1.3566095
1.3614695
1.3485095
1.3522899
1.3517987
1.3875523
1.3800859
1.3805787
1.3791005
1.379593
1.3870603
1.3668889
1.372907
1.3724144
1.4286669
1.4163986
1.4168932
1.4154082
1.4159031
1.4281665
1.395479
1.4050392
1.4045474
1.4918039
1.4742383
1.4747969
1.4731176
1.4736781
1.4912032
1.4419283
1.457155
1.4566238
1.551843
1.5428497
1.5437774
1.5409884
1.5419193
1.5506562
1.509237
1.5268634
1.5260937
1.3979592
1.4628531
1.4656644
1.4572515
1.4600475
1.3947871
1.5460723
1.5186063
1.5164751
1.2818721
1.2633269
1.2711626
1.2479856
1.2556037
1.2757901
1.4503499
1.5882955
1.5839388
1.295216
1.1158145
1.1182571
1.1109722
1.1133871
1.2929468
1.5708499
1.0575314
1.0539756
1.6400547
1.6127634
1.6147282
1.6088534
1.6108067
1.6383041
1.4493463
1.5527652
1.5506348
1.6291944
1.6397476
1.6410246
1.6372148
1.6384779
1.6280333
1.6472686
1.6458243
1.6444279
1.5779853
1.590769
1.5917184
1.5888772
1.5898222
1.5770899
1.6158407
1.6028782
1.6018754
1.5335937
1.5436702
1.5444409
1.5421324
1.5429003
1.5328546
1.5649074
1.553519
1.5527117
1.4994958
1.5071156
1.5077944
1.5057616
1.5064381
1.4988328
1.5234185
1.5146178
1.5139247
1.4738111
1.4796287
1.4802564
1.478376
1.4790018
1.4731937
1.4917565
1.4851661
1.4845295
1.4531232
1.4580434
1.4586452
1.4568423
1.4574424
1.4525247
1.4676967
1.462466
1.4618622
1.4320913
1.4378135
1.4384109
1.4366216
1.4372172
1.431496
1.4475945
1.4425402
1.4419443
1.4052633
1.4122353
1.4128158
1.4110759
1.4116544
1.404693
1.4252834
1.4186173
1.4180305
1.3301525
1.3293372
1.3298329
1.3283468
1.3288418
1.3296573
1.3274361
1.3281073
1.3276129
1.3348493
1.3333987
1.3338934
1.33241
1.3329041
1.3343552
1.3305849
1.3316596
1.3311652
1.3437756
1.3409776
1.3414702
1.3399936
1.3404855
1.3432842
1.3360649
1.3380953
1.3376034
1.359994
1.355135
1.3556265
1.3541529
1.354644
1.3595025
1.3465449
1.3503264
1.3498361
1.3855852
1.3781155
1.378608
1.3771313
1.3776233
1.3850939
1.3649194
1.3709376
1.3704455
1.4266634
1.414418
1.414913
1.4134272
1.4139228
1.4261617
1.393514
1.4030721
1.4025801
1.4893944
1.4719953
1.4725563
1.47087
1.4714328
1.4887892
1.4398751
1.4550257
1.4544928
1.5470868
1.5391205
1.5400547
1.5372459
1.5381836
1.5458946
1.5065641
1.5237758
1.5230008
1.3854161
1.4516825
1.4544624
1.4461454
1.4489085
1.3823386
1.5397805
1.510094
1.5079724
1.2582024
1.2330647
1.2404733
1.2185509
1.2257578
1.2525528
1.4428951
1.5711111
1.5669099
1.2861918
1.106185
1.1085722
1.1014483
1.1038107
1.2839593
1.5510384
1.0435338
1.0401274
1.6330852
1.6049695
1.6069103
1.6011079
1.6030373
1.6313529
1.4404785
1.5442895
1.5421877
1.6245801
1.6346996
1.6359548
1.6322094
1.6334512
1.6234386
1.6410832
1.6402655
1.6388882
1.5744131
1.5869933
1.5879346
1.5851182
1.5860548
1.573524
1.6115962
1.5988835
1.5978918
1.530646
1.5405997
1.5413652
1.5390735
1.5398355
1.5299127
1.5615128
1.5502973
1.549495
1.4968506
1.5044124
1.5050865
1.503068
1.5037397
1.4961922
1.5205752
1.5118532
1.5111655
1.4713471
1.477127
1.477751
1.475882
1.476504
1.4707334
1.4891669
1.4826258
1.4819933
1.4507343
1.4556448
1.4562432
1.4544507
1.4550474
1.4501393
1.4652644
1.4600558
1.4594555
1.4297153
1.4354332
1.4360271
1.4342481
1.4348403
1.4291235
1.4452141
1.4401617
1.4395691
1.4029879
1.4099206
1.4104975
1.4087687
1.4093435
1.4024209
1.4229222
1.4162756
1.4156926
1.328174
1.3273579
1.3278521
1.3263702
1.3268639
1.3276801
1.325459
1.3261294
1.3256365
1.3328757
1.3314226
1.3319161
1.3304367
1.3309294
1.3323829
1.3286085
1.3296837
1.3291906
1.3418118
1.3390107
1.3395021
1.338029
1.3385198
1.3413215
1.3340952
1.3361275
1.3356369
1.3580294
1.3531719
1.3536625
1.3521918
1.3526817
1.3575387
1.3445843
1.3483662
1.3478768
1.3836206
1.3761482
1.3766398
1.3751655
1.3756569
1.3831299
1.3629533
1.3689706
1.3684795
1.4246568
1.4124365
1.412932
1.4114457
1.4119412
1.4241545
1.391551
1.4011052
1.4006138
1.4869714
1.469743
1.4703066
1.4686131
1.4691779
1.4863639
1.437817
1.4528901
1.4523551
1.5423085
1.5353649
1.5363057
1.5334779
1.5344219
1.5411104
1.5038741
1.5206676
1.519887
1.3732539
1.440645
1.4433909
1.4351768
1.437905
1.3702739
1.5334774
1.501615
1.499502
1.2362387
1.20443
1.2114422
1.1906879
1.1975123
1.2310066
1.4360539
1.5545465
1.5504984
1.2773088
1.0967594
1.0990983
1.0921131
1.0944291
1.2751078
1.5318623
1.0301171
1.026848
1.626187
1.59727
1.599187
1.5934574
1.5953617
1.6244759
1.4317432
1.5359266
1.5338536
1.6200418
1.6297452
1.6309767
1.627292
1.6285155
1.618917
1.6349593
1.6347841
1.6334239
1.5708644
1.5832517
1.5841842
1.5813916
1.5823207
1.5699803
1.6073951
1.5949324
1.5939515
1.5277218
1.5375546
1.538313
1.5360429
1.5367977
1.5269946
1.5581348
1.5470959
1.5462991
1.4942239
1.5017285
1.5023977
1.500394
1.5010607
1.4935702
1.5177554
1.5091106
1.5084285
1.4688979
1.474641
1.475261
1.4734041
1.474022
1.468288
1.4865948
1.4801022
1.479474
1.4483592
1.4532601
1.453855
1.452073
1.4526661
1.4477676
1.4628464
1.4576596
1.4570628
1.4273534
1.4330664
1.433657
1.431888
1.4324769
1.426765
1.4428474
1.4377965
1.4372073
1.4007258
1.4076207
1.4081939
1.4064759
1.4070472
1.4001622
1.4205755
1.4139488
1.4133695
1.3262006
1.325384
1.325877
1.3243992
1.3248913
1.3257081
1.3234872
1.3241571
1.3236655
1.3309074
1.3294522
1.3299443
1.328469
1.3289604
1.330416
1.3266374
1.3277133
1.3272216
1.3398523
1.3370487
1.3375388
1.3360698
1.3365591
1.3393634
1.3321306
1.3341649
1.3336755
1.3560683
1.3512126
1.3517022
1.3502347
1.3507237
1.3555789
1.342628
1.3464102
1.3459218
1.381659
1.3741843
1.3746749
1.3732037
1.373694
1.3811693
1.3609907
1.3670075
1.3665172
1.4226476
1.4104552
1.4109506
1.4094649
1.4099598
1.4221451
1.3895904
1.39914
1.3986494
1.4845364
1.4674821
1.4680478
1.4663489
1.4669154
1.4839264
1.4357552
1.4507484
1.4502117
1.5375087
1.5315846
1.5325316
1.5296852
1.5306351
1.5363054
1.5011683
1.517538
1.5167526
1.3614827
1.4297467
1.432457
1.4243524
1.4270447
1.3586003
1.5271668
1.4931738
1.4910699
1.215937
1.1773121
1.183955
1.1642906
1.1707577
1.2111178
1.4297296
1.5385858
1.5346847
1.2685533
1.0875233
1.0898102
1.0829874
1.0852478
1.2663882
1.5130536
1.0172383
1.0141002
1.6193675
1.5896703
1.5915616
1.5859105
1.5877876
1.6176749
1.4231396
1.5276792
1.5256381
1.6155646
1.6248597
1.6260734
1.6224453
1.6236499
1.6144535
1.6289047
1.6293712
1.6280285
1.5673352
1.5795367
1.580464
1.5776891
1.5786123
1.5664563
1.6032385
1.5910218
1.5900506
1.5248233
1.5345389
1.53529
1.5330398
1.5337887
1.5241028
1.5547807
1.5439189
1.543129
1.4916163
1.4990645
1.4997287
1.4977401
1.4984018
1.4909674
1.5149582
1.5063903
1.5057135
1.4664641
1.4721714
1.4727873
1.4709431
1.4715568
1.4658581
1.4840412
1.4775962
1.4769726
1.4459978
1.4508894
1.4514808
1.4497094
1.450299
1.4454097
1.4604433
1.4552778
1.4546846
1.4250049
1.4307128
1.4313001
1.4295409
1.4301265
1.4244199
1.4404941
1.4354446
1.4348587
1.3984772
1.4053351
1.4059048
1.4041974
1.4047652
1.3979169
1.4182426
1.4116365
1.4110607
1.324233
1.3234157
1.3239073
1.3224335
1.3229244
1.3237419
1.3215206
1.3221901
1.3216997
1.3289445
1.3274873
1.3279781
1.3265071
1.326997
1.3284546
1.3246722
1.3257487
1.3252587
1.3378982
1.3350921
1.3355808
1.334116
1.334604
1.3374104
1.3301718
1.3322082
1.3317197
1.3541114
1.3492579
1.3497462
1.3482824
1.34877
1.3536229
1.3406767
1.3444586
1.3439717
1.3797011
1.3722246
1.3727141
1.3712467
1.3717355
1.3792125
1.3590327
1.3650485
1.3645597
1.4206374
1.4084753
1.4089702
1.4074858
1.4079804
1.420135
1.3876338
1.3971773
1.3966871
1.4820916
1.4652143
1.4657814
1.4640786
1.4646463
1.4814788
1.4336917
1.4486019
1.4480651
1.5326888
1.5277804
1.5287331
1.5258701
1.5268257
1.5314814
1.4984479
1.5143897
1.5135998
1.3500988
1.418995
1.4216683
1.413673
1.4163289
1.3473133
1.5208493
1.4847705
1.482676
1.1972804
1.1516118
1.1579089
1.1392653
1.1453976
1.1928682
1.4239046
1.5232062
1.5194459
1.2599476
1.0785043
1.0807385
1.0740763
1.076283
1.2578198
1.4946796
1.0048595
1.0018368
1.6126284
1.582177
1.584041
1.5784714
1.5803213
1.610957
1.4146723
1.5195595
1.5175478
1.611139
1.6200445
1.6212425
1.6176592
1.6188495
1.6100409
1.6229184
1.6240297
1.6227049
1.5638352
1.5758513
1.5767683
1.5740235
1.5749362
1.5629646
1.5991287
1.5871521
1.5861902
1.5219489
1.5315437
1.5322912
1.5300502
1.5307964
1.5212332
1.5514618
1.5407729
1.5399907
1.4890279
1.4964206
1.4970799
1.495106
1.4957628
1.4883838
1.5121808
1.5036904
1.5030183
1.4640463
1.4697192
1.4703307
1.4684996
1.4691089
1.4634444
1.4815066
1.4751085
1.4744894
1.4436505
1.4485331
1.4491208
1.4473605
1.4479464
1.4430659
1.4580557
1.4529108
1.4523215
1.4226695
1.4283721
1.4289562
1.4272066
1.4277891
1.4220876
1.4381546
1.4331059
1.4325234
1.3962418
1.4030635
1.4036298
1.4019326
1.402497
1.3956848
1.415923
1.4093381
1.4087656
1.3222708
1.3214527
1.3219429
1.3204732
1.3209627
1.321781
1.3195592
1.3202283
1.3197393
1.3269872
1.3255282
1.3260175
1.3245506
1.3250393
1.3264988
1.3227124
1.3237898
1.3233009
1.3359492
1.333141
1.3336284
1.3321676
1.3326542
1.3354628
1.3282183
1.3302561
1.3297691
1.3521591
1.347308
1.3477951
1.3463349
1.3468215
1.351672
1.3387306
1.3425122
1.3420265
1.3777476
1.3702696
1.3707581
1.3692942
1.3697819
1.3772602
1.3570795
1.3630944
1.3626069
1.4186274
1.4064971
1.4069913
1.4055086
1.4060029
1.4181252
1.3856811
1.3952182
1.3947285
1.479638
1.4629418
1.46351
1.4618036
1.4623728
1.4790232
1.4316264
1.4464528
1.4459156
1.5278506
1.5239543
1.5249125
1.5220333
1.5229941
1.5266383
1.495714
1.5112238
1.5104297
1.3391014
1.4083875
1.411025
1.4031413
1.4057577
1.3364086
1.5145277
1.4764074
1.4743227
1.1802348
1.1272403
1.1332129
1.1155269
1.121345
1.176215
1.4185602
1.5083803
1.5047561
1.2514981
1.0696973
1.0718813
1.0653706
1.0675274
1.2494114
1.4767678
0.99293272
0.99001768
1.6059747
1.5747938
1.5766297
1.5711442
1.5729655
1.604325
1.4063463
1.5115646
1.5095864
1.6067687
1.6152838
1.6164698
1.6129183
1.6140973
1.6056804
1.617004
1.6187506
1.6174389
1.5603625
1.5722021
1.5731124
1.5703936
1.5712966
1.5594985
1.5950656
1.583317
1.5823617
1.519092
1.5285598
1.5293044
1.5270732
1.5278159
1.5183803
1.5481708
1.5376496
1.5368714
1.4864585
1.4937962
1.4944506
1.4924913
1.4931433
1.4858192
1.5094219
1.5010088
1.5003414
1.4616449
1.4672845
1.4678916
1.4660738
1.4666787
1.4610471
1.4789914
1.4726391
1.4720246
1.4413176
1.4461917
1.4467757
1.4450268
1.4456088
1.4407367
1.4556841
1.4505593
1.4499739
1.4203468
1.4260443
1.4266251
1.4248851
1.4254644
1.4197681
1.4358289
1.4307806
1.4302014
1.3940196
1.4008055
1.4013684
1.3996813
1.4002424
1.3934659
1.4136162
1.407053
1.4064838
1.3203142
1.3194952
1.319984
1.3185187
1.3190067
1.3198259
1.3176034
1.3182721
1.3177844
1.3250357
1.3235746
1.3240624
1.3226
1.3230871
1.3245488
1.3207583
1.3218363
1.3213488
1.3340058
1.3311957
1.3316816
1.3302252
1.3307103
1.3335209
1.3262708
1.3283105
1.327825
1.350212
1.3453633
1.3458491
1.3443931
1.3448782
1.3497263
1.3367903
1.3405714
1.340087
1.3757991
1.3683199
1.3688069
1.3673472
1.3678336
1.3753128
1.3551316
1.3611459
1.3606595
1.4166188
1.4045214
1.4050149
1.4035346
1.4040281
1.4161171
1.383733
1.3932619
1.3927736
1.4771763
1.4606646
1.4612342
1.4595258
1.4600956
1.4765599
1.429562
1.4443024
1.4437644
1.5229947
1.5201073
1.5210706
1.5181766
1.5191423
1.5217782
1.4929681
1.5080411
1.5072427
1.3284832
1.3979288
1.4005297
1.3927557
1.3953382
1.3258853
1.5082016
1.4680834
1.4660085
1.1647315
1.1041156
1.1097839
1.0929973
1.0985202
1.1610859
1.413673
1.4940837
1.4905854
1.2432003
1.061087
1.063222
1.0568494
1.0589621
1.241149
1.4591623
0.98142801
0.97861847
1.5994121
1.5675234
1.5693303
1.5639311
1.5657235
1.5977859
1.3981463
1.5036976
1.5017528
1.602425
1.61057
1.6117434
1.6082191
1.6093933
1.6013443
1.6111601
1.6135199
1.6122184
1.556923
1.5685915
1.5694922
1.5667991
1.5676935
1.5560679
1.5910226
1.5795071
1.5785646
1.5162515
1.5255913
1.5263317
1.5241158
1.5248527
1.5155441
1.5449001
1.5345441
1.5337709
1.4839085
1.4911913
1.4918409
1.4898964
1.4905435
1.483274
1.5066828
1.4983463
1.4976838
1.4592601
1.4648676
1.4654703
1.4636657
1.4642662
1.4586666
1.4764956
1.4701881
1.4695782
1.4389995
1.4438658
1.4444458
1.4427087
1.4432868
1.4384223
1.453329
1.4482236
1.4476423
1.4180366
1.4237292
1.4243069
1.4225766
1.4231526
1.417461
1.4335175
1.4284687
1.4278928
1.3918103
1.3985607
1.3991204
1.3974429
1.3980008
1.3912597
1.4113219
1.4047808
1.4042148
1.3183633
1.3175435
1.318031
1.3165699
1.3170564
1.3178764
1.3156529
1.3163215
1.3158354
1.3230902
1.3216268
1.3221132
1.3206552
1.3211408
1.3226048
1.3188097
1.3198885
1.3194025
1.3320683
1.3292563
1.3297407
1.3282889
1.3287725
1.331585
1.3243293
1.3263707
1.3258867
1.3482707
1.3434245
1.3439088
1.3424574
1.3429407
1.3477863
1.3348559
1.338636
1.3381533
1.3738557
1.3663758
1.3668614
1.3654058
1.3658906
1.3733707
1.3531897
1.3592025
1.3587175
1.4146116
1.4025485
1.4030416
1.4015633
1.402056
1.4141099
1.3817895
1.3913096
1.3908218
1.4747088
1.4583858
1.4589559
1.4572453
1.4578156
1.4740909
1.4274984
1.4421505
1.4416125
1.5181222
1.5162415
1.5172092
1.5143018
1.515272
1.5169017
1.4902117
1.5048429
1.5040408
1.3182439
1.387619
1.3901804
1.3825191
1.3850621
1.3157403
1.5018746
1.4598025
1.4577377
1.1507031
1.0821628
1.0875448
1.071604
1.0768492
1.1474158
1.409221
1.4802844
1.4769062
1.2350561
1.052665
1.0547495
1.0485259
1.0505877
1.2330442
1.4415169
0.97035208
0.96764633
1.5929402
1.5603661
1.5621447
1.556827
1.5585928
1.5913348
1.3900894
1.4959643
1.4940491
1.5981227
1.6058731
1.6070444
1.6035315
1.6047007
1.59705
1.6053794
1.6083271
1.6070344
1.5535083
1.5650162
1.5659064
1.5632386
1.5641273
1.5526569
1.5870143
1.5757459
1.5748103
1.5134294
1.5226482
1.5233811
1.5211883
1.5219176
1.5127272
1.5416475
1.5314608
1.5306945
1.4813778
1.4886065
1.4892511
1.4873215
1.4879636
1.4807482
1.5039653
1.4957038
1.4950463
1.4568921
1.4624682
1.4630665
1.4612748
1.4618711
1.4563026
1.474019
1.4677551
1.4671496
1.4366962
1.4415555
1.4421316
1.4404062
1.4409804
1.4361227
1.4509903
1.4459041
1.4453267
1.4157389
1.4214271
1.4220015
1.4202808
1.4208537
1.4151664
1.4312202
1.4261702
1.4255977
1.3896134
1.3963287
1.3968852
1.395217
1.3957719
1.3890658
1.4090399
1.4025212
1.4019582
1.3164179
1.3155976
1.3160836
1.3146266
1.3151119
1.3159325
1.3137081
1.3143767
1.3138917
1.3211507
1.3196851
1.3201701
1.3187165
1.3192006
1.3206667
1.3168668
1.3179466
1.3174621
1.3301371
1.3273231
1.3278059
1.326359
1.3268409
1.3296553
1.3223937
1.3244369
1.3239545
1.3463351
1.3414917
1.3419744
1.3405275
1.3410095
1.3458521
1.3329275
1.3367068
1.3362256
1.3719172
1.3644369
1.364921
1.3634698
1.3639532
1.3714335
1.3512536
1.357265
1.3567816
1.4126062
1.4005789
1.4010711
1.3995951
1.4000866
1.4121055
1.3798504
1.3893607
1.3888739
1.4722349
1.4561038
1.4566743
1.4549626
1.4555332
1.4716152
1.4254353
1.4399987
1.4394609
1.5132351
1.5123578
1.5133302
1.51041
1.5113843
1.5120111
1.4874451
1.5016299
1.5008248
1.3083767
1.3774529
1.3799804
1.372429
1.3749354
1.3059656
1.4955475
1.451562
1.4495107
1.1380906
1.061313
1.0664251
1.0512821
1.0562651
1.135151
1.405182
1.466952
1.4636859
1.2270609
1.0444344
1.0464717
1.0403875
1.0424037
1.2250824
1.4238817
0.95967835
0.95707012
1.5865474
1.5533134
1.555066
1.549824
1.5515647
1.5849608
1.3821573
1.4883503
1.4864647
1.5938418
1.6011953
1.6023618
1.5988686
1.60003
1.5927752
1.59966
1.603173
1.601892
1.5501107
1.5614668
1.5623518
1.5596969
1.5605804
1.5492669
1.5830406
1.5720142
1.5710852
1.5106278
1.5197327
1.5204603
1.5182786
1.5190056
1.50993
1.5384371
1.5284093
1.5276522
1.4788659
1.486041
1.4866809
1.4847647
1.4854025
1.4782406
1.5012667
1.4930802
1.4924269
1.4545403
1.4600856
1.4606798
1.4589004
1.4594926
1.4539548
1.4715604
1.4653391
1.4647376
1.4344079
1.4392609
1.4398331
1.4381194
1.4386896
1.4338381
1.448668
1.4436005
1.443027
1.4134535
1.4191377
1.419709
1.4179978
1.4185675
1.4128841
1.4289371
1.4238852
1.4233161
1.3874283
1.3941087
1.3946623
1.3930028
1.3935548
1.3868836
1.4067699
1.4002735
1.3997134
1.3144784
1.3136571
1.3141417
1.3126891
1.3131729
1.3139943
1.3117689
1.3124373
1.3119537
1.3192171
1.3177495
1.3182329
1.3167838
1.3172664
1.3187346
1.3149297
1.3160107
1.3155276
1.3282122
1.3253964
1.3258775
1.3244353
1.3249157
1.327732
1.3204641
1.3225095
1.3220286
1.3444059
1.3395652
1.3400462
1.3386043
1.3390846
1.3439245
1.3310055
1.3347839
1.3343042
1.3699842
1.3625041
1.3629867
1.3615397
1.3620218
1.3695015
1.3493238
1.3553335
1.3548517
1.4106028
1.3986117
1.3991033
1.3976295
1.3981202
1.4101022
1.3779155
1.3874153
1.3869298
1.4697557
1.4538208
1.4543919
1.4526792
1.45325
1.4691355
1.423374
1.4378478
1.4373101
1.5083348
1.5084584
1.5094346
1.5065036
1.5074814
1.5071079
1.48467
1.498404
1.4975956
1.2988748
1.3674389
1.369927
1.3624853
1.3649551
1.2965532
1.4892217
1.4433675
1.4413243
1.126855
1.0415045
1.0463617
1.0319731
1.0367079
1.1242531
1.401528
1.4540557
1.4508939
1.2192034
1.0363879
1.0383809
1.0324363
1.0344043
1.2172624
1.406268
0.94938065
0.94686075
1.5802369
1.5463585
1.5480868
1.5429194
1.544634
1.5786737
1.3743468
1.480851
1.4789928
1.5895911
1.5965532
1.5977089
1.5942484
1.5953992
1.5885334
1.5940065
1.5980687
1.5967995
1.5467442
1.5579349
1.5588163
1.5561783
1.557056
1.5459055
1.5790947
1.5683038
1.5673771
1.507841
1.5168255
1.5175519
1.5153743
1.5160997
1.5071462
1.535257
1.5253876
1.5246344
1.4763709
1.4834924
1.4841282
1.4822239
1.4828578
1.4757497
1.4985821
1.4904725
1.4898229
1.4522042
1.457719
1.4583093
1.4565414
1.4571298
1.4516226
1.4691183
1.462939
1.4623414
1.4321342
1.4369817
1.43755
1.4358477
1.4364142
1.431568
1.4463616
1.4413125
1.4407428
1.4111803
1.416861
1.4174291
1.4157274
1.4162939
1.4106138
1.426668
1.4216134
1.4210475
1.3852543
1.3919001
1.3924509
1.3907997
1.3913491
1.3847123
1.4045115
1.3980373
1.39748
1.3125446
1.3117225
1.3122056
1.3107573
1.3112396
1.312062
1.3098351
1.3105036
1.3100214
1.3172895
1.3158196
1.3163015
1.314857
1.3153381
1.3168086
1.3129987
1.3140808
1.3135993
1.3262936
1.3234758
1.3239554
1.3225182
1.3229969
1.325815
1.3185408
1.3205884
1.3201091
1.342483
1.3376451
1.3381245
1.3366877
1.3371662
1.3420031
1.3290899
1.3328674
1.3323893
1.3680558
1.3605768
1.3610582
1.3596156
1.360096
1.3675747
1.3474003
1.3534081
1.352928
1.4086015
1.3966478
1.3971384
1.3956667
1.3961571
1.4081016
1.3759848
1.3854737
1.3849888
1.4672725
1.4515368
1.4521077
1.4503944
1.4509653
1.466651
1.4213148
1.4356972
1.4351593
1.5034239
1.5045456
1.505525
1.502585
1.5035656
1.5021956
1.481887
1.4951673
1.4943565
1.289726
1.3575682
1.3600226
1.3526901
1.3551237
1.2874904
1.4828997
1.4352183
1.4331898
1.1169598
1.0226809
1.0272967
1.0136211
1.0181217
1.114688
1.398234
1.4415658
1.4385019
1.2114964
1.0285343
1.0304773
1.0246836
1.0266012
1.209594
1.3887219
0.93943219
0.93699597
1.5740112
1.5395065
1.5412081
1.5361167
1.5378069
1.5724666
1.3666694
1.4734631
1.4716334
1.5853662
1.5919504
1.5930982
1.5896554
1.590802
1.58431
1.5884141
1.5930056
1.5917446
1.5434038
1.5544217
1.5552994
1.5526711
1.5535459
1.5425741
1.5751725
1.5645996
1.563675
1.5050662
1.5139253
1.5146496
1.5124791
1.513202
1.5043745
1.5321074
1.5223783
1.5216275
1.4738917
1.4809593
1.4815913
1.4796986
1.4803286
1.4732744
1.4959109
1.4878797
1.487234
1.4498833
1.4553675
1.455954
1.4541973
1.454782
1.4493054
1.4666918
1.460554
1.4599601
1.4298749
1.4347174
1.4352821
1.4335908
1.4341536
1.4293122
1.4440705
1.4390396
1.4384736
1.4089189
1.4145968
1.4151618
1.4134692
1.4140327
1.4083554
1.4244125
1.4193546
1.4187919
1.3830906
1.3897023
1.3902505
1.3886069
1.3891538
1.382551
1.4022644
1.395812
1.3952573
1.3106167
1.3097936
1.3102752
1.3088313
1.3093122
1.3101356
1.3079069
1.3085756
1.3080948
1.3153681
1.3138959
1.3143763
1.3129363
1.3134159
1.3148888
1.3110735
1.3121568
1.3116767
1.3243816
1.321562
1.3220399
1.3206075
1.3210846
1.3239046
1.3166237
1.3186736
1.3181961
1.3405664
1.3357317
1.3362094
1.3347773
1.3352544
1.3400884
1.3271807
1.3309575
1.330481
1.3661331
1.3586557
1.3591355
1.3576973
1.3581762
1.3656531
1.3454833
1.3514893
1.3510107
1.4066026
1.3946865
1.3951764
1.3937072
1.3941967
1.4061035
1.3740585
1.383536
1.3830517
1.4647858
1.449252
1.4498228
1.4481097
1.4486805
1.4641642
1.419257
1.4335476
1.433011
1.4985062
1.5006219
1.5016037
1.4986568
1.4996397
1.4972763
1.4790979
1.4919209
1.4911081
1.2809139
1.3478458
1.350264
1.3430406
1.3454379
1.2787624
1.4765866
1.4271159
1.4250993
1.1083697
1.0047887
1.0091758
0.99617404
1.0004539
1.1064168
1.395283
1.4294699
1.4265051
1.2039398
1.0208765
1.0227737
1.017107
1.0189859
1.2020691
1.3716159
0.92980091
0.92743998
1.5678607
1.5327458
1.5344268
1.5293917
1.5310645
1.5663329
1.3591058
1.4661862
1.4643796
1.5811423
1.5873623
1.5885079
1.5850722
1.5862162
1.5800875
1.582864
1.5879718
1.5867175
1.5400953
1.5509257
1.5517979
1.5491863
1.5500555
1.5392726
1.5712437
1.5609106
1.5599923
1.5023046
1.5110362
1.5117574
1.5095967
1.5103162
1.5016166
1.5289776
1.5193786
1.5186304
1.4714284
1.4784421
1.47907
1.4771899
1.4778156
1.4708151
1.4932548
1.4853028
1.4846612
1.4475771
1.4530308
1.4536136
1.451868
1.4524489
1.4470028
1.464281
1.4581839
1.4575938
1.4276294
1.4324677
1.4330287
1.431348
1.4319073
1.4270701
1.4417943
1.4367813
1.4362189
1.4066691
1.4123447
1.4129067
1.4112232
1.4117837
1.4061085
1.4221701
1.4171084
1.4165488
1.3809362
1.3875144
1.3880602
1.3864239
1.3869684
1.3803988
1.4000282
1.393597
1.3930449
1.3086948
1.3078706
1.3083507
1.3069113
1.3073908
1.3082151
1.3059845
1.3066534
1.3061741
1.313453
1.3119783
1.3124571
1.3110219
1.3114999
1.3129752
1.3091542
1.3102389
1.3097603
1.322476
1.3196547
1.3201309
1.3187034
1.3191789
1.3220007
1.3147132
1.3167655
1.3162894
1.3386566
1.3338246
1.3343009
1.3328736
1.333349
1.3381803
1.3252784
1.3290542
1.3285795
1.3642153
1.3567402
1.3572186
1.3557847
1.3562623
1.3637367
1.3435731
1.3495771
1.3490999
1.4046069
1.3927283
1.3932173
1.3917508
1.3922394
1.4041087
1.3721368
1.3816018
1.3811189
1.4622972
1.446967
1.4475382
1.4458251
1.4463963
1.4616753
1.4172025
1.4314003
1.4308635
1.4935834
1.4966897
1.4976735
1.4947211
1.4957055
1.4923516
1.4763039
1.4886673
1.4878528
1.2724379
1.3382719
1.3406509
1.3335407
1.3359016
1.2703715
1.4702814
1.4190646
1.4170601
1.1010445
0.98777295
0.99194631
0.97957947
0.98364991
1.099405
1.3926764
1.4177706
1.4149021
1.1964936
1.0133721
1.0152337
1.0096691
1.0115144
1.1946453
1.3551069
0.92046539
0.91817592
1.5617716
1.5260556
1.5277194
1.5227365
1.524392
1.560258
1.3516277
1.4589939
1.4572076
1.5769293
1.5827866
1.5839283
1.5805066
1.5816454
1.5758789
1.5773537
1.5829666
1.5817204
1.5368136
1.5474538
1.5483196
1.5457281
1.5465905
1.5359972
1.5673298
1.5572457
1.5563332
1.4995583
1.5081613
1.5088788
1.5067302
1.5074455
1.4988745
1.5258645
1.5163902
1.5156453
1.4689817
1.4759423
1.4765656
1.4746994
1.4753203
1.4683728
1.4906162
1.4827434
1.4821065
1.4452854
1.4507089
1.4512879
1.4495535
1.4501307
1.4447147
1.4618865
1.4558292
1.455243
1.4253972
1.4302317
1.4307893
1.4291188
1.4296747
1.4248411
1.4395325
1.4345371
1.4339781
1.4044308
1.4101047
1.4106637
1.4089891
1.4095466
1.403873
1.4199405
1.4148746
1.4143181
1.3787905
1.385336
1.3858795
1.38425
1.3847923
1.3782552
1.3978027
1.3913922
1.3908426
1.3067787
1.3059535
1.3064322
1.3049973
1.3054752
1.3063005
1.3040678
1.3047372
1.3042595
1.3115443
1.310067
1.3105443
1.3091137
1.3095902
1.3110681
1.3072409
1.308327
1.3078501
1.3205772
1.3177539
1.3182284
1.3168059
1.3172796
1.3201035
1.3128091
1.3148637
1.3143893
1.3367535
1.3319243
1.3323988
1.3309765
1.3314503
1.3362786
1.3233825
1.3271574
1.3266843
1.3623031
1.354831
1.3553078
1.3538785
1.3543545
1.3618259
1.3416693
1.3476708
1.3471953
1.4026148
1.3907739
1.3912619
1.3897978
1.3902859
1.402117
1.3702197
1.3796717
1.37919
1.459808
1.444683
1.445254
1.4435419
1.4441121
1.4591854
1.4151504
1.4292546
1.4287191
1.4886567
1.4927509
1.4937362
1.4907795
1.4917655
1.487424
1.4735073
1.4854082
1.4845928
1.2643019
1.3288455
1.331188
1.3241874
1.3265116
1.2623206
1.4639876
1.4110617
1.4090692
1.0949749
0.97158871
0.97555814
0.96379672
0.96766729
1.0936508
1.3904272
1.4064539
1.4036777
1.1891369
1.0059973
1.0078269
1.0023577
1.0041724
1.1873119
1.3391814
0.91141224
0.90919198
1.5557386
1.5194338
1.5210812
1.5161468
1.5177864
1.5542388
1.3442234
1.4518764
1.4501109
1.572736
1.5782333
1.5793688
1.5759674
1.5770992
1.5716914
1.5718876
1.5779958
1.576759
1.5335569
1.5440094
1.5448683
1.5422978
1.5431532
1.5327467
1.5634379
1.5536049
1.5526986
1.4968298
1.5053038
1.5060166
1.5038823
1.5045927
1.4961507
1.5227685
1.5134164
1.5126757
1.466553
1.4734615
1.4740799
1.4722288
1.4728445
1.4659488
1.4879971
1.4802035
1.4795717
1.4430082
1.448402
1.4489772
1.4472543
1.4478276
1.4424411
1.4595092
1.4534904
1.4529082
1.4231777
1.428009
1.4285633
1.4269023
1.4274551
1.4226248
1.4372847
1.4323064
1.4317507
1.4022039
1.4078765
1.4084325
1.4067668
1.4073214
1.401649
1.4177231
1.4126529
1.4120993
1.3766529
1.3831666
1.3837079
1.3820851
1.3826252
1.3761197
1.3955879
1.3891973
1.3886501
1.3048685
1.3040424
1.3045196
1.303089
1.3035655
1.3043919
1.3021571
1.3028269
1.3023505
1.309642
1.3081621
1.3086377
1.3072119
1.3076868
1.3091675
1.3053337
1.3064214
1.305946
1.318685
1.3158596
1.3163326
1.3149149
1.3153871
1.3182129
1.3109113
1.3129685
1.3124957
1.3348569
1.3300305
1.3305032
1.3290858
1.3295579
1.3343837
1.3214931
1.3252671
1.3247955
1.3603965
1.3529275
1.3534028
1.3519778
1.3524526
1.3599209
1.3397719
1.3457712
1.3452973
1.4006259
1.3888229
1.3893104
1.3878488
1.3883359
1.4001289
1.3683073
1.377746
1.3772654
1.4573179
1.4424006
1.4429711
1.4412596
1.44183
1.4566955
1.413101
1.4271116
1.4265761
1.483727
1.4888069
1.4897935
1.4868334
1.4878206
1.482495
1.470708
1.4821448
1.4813283
1.2565073
1.3195667
1.3218721
1.3149817
1.3172691
1.2546143
1.4577033
1.4031103
1.4011301
1.0901743
0.95619933
0.95997329
0.94879404
0.95247228
1.0891694
1.3885483
1.3954908
1.392797
1.1818713
0.99875102
1.0005488
0.99517651
0.99695828
1.1800682
1.3237617
0.90263168
0.90047749
1.5497604
1.5128751
1.5145071
1.5096192
1.5112434
1.5482743
1.3369022
1.4448347
1.4430858
1.5685674
1.5737094
1.5748372
1.5714592
1.5725831
1.5675294
1.5664684
1.5730641
1.5718376
1.5303245
1.540593
1.541445
1.5388947
1.5397435
1.5295202
1.5595698
1.549989
1.5490888
1.4941209
1.502466
1.5031738
1.501055
1.5017601
1.4934469
1.5196909
1.5104602
1.5097242
1.4641436
1.4710013
1.4716144
1.4697791
1.4703894
1.4635443
1.4853989
1.4776844
1.4770579
1.4407453
1.4461104
1.4466818
1.4449703
1.4455397
1.4401818
1.4571501
1.451168
1.4505899
1.4209704
1.4257987
1.4263499
1.4246979
1.4252478
1.4204204
1.4350505
1.4300886
1.4295361
1.3999884
1.40566
1.4062131
1.4045562
1.4051079
1.3994364
1.4155176
1.410443
1.4098924
1.3745232
1.3810062
1.3815453
1.3799292
1.380467
1.3739918
1.393384
1.3870123
1.3864677
1.3029644
1.3021371
1.3026128
1.3011867
1.3016617
1.3024893
1.3002523
1.3009223
1.3004474
1.307746
1.3062635
1.3067374
1.3053165
1.3057897
1.307273
1.3034326
1.3045221
1.3040483
1.3167994
1.313972
1.3144432
1.3130306
1.3135011
1.316329
1.3090199
1.3110798
1.3106086
1.3329667
1.3281428
1.3286141
1.3272014
1.3276718
1.3324951
1.31961
1.3233831
1.3229131
1.3584953
1.3510297
1.3515036
1.3500831
1.3505563
1.3580208
1.3378807
1.3438774
1.343405
1.3986398
1.3868756
1.3873623
1.3859034
1.3863896
1.3981441
1.3663992
1.3758243
1.3753447
1.4548282
1.4401192
1.4406893
1.438979
1.4395489
1.454206
1.4110542
1.4249711
1.4244362
1.4787961
1.4848583
1.4858461
1.4828819
1.4838704
1.4775621
1.4679072
1.4788776
1.4780604
1.2490647
1.3104348
1.3127029
1.3059253
1.3081752
1.2472589
1.4514281
1.3952078
1.3932398
1.086661
0.94157786
0.94516156
0.93454838
0.93803931
1.0859831
1.3870395
1.384836
1.382212
1.174701
0.99164151
0.99340338
0.98815025
0.98989032
1.1729262
1.3087431
0.89411734
0.89203031
1.5438378
1.5063793
1.5079955
1.5031551
1.5047636
1.5423656
1.3296627
1.437869
1.4361396
1.5644254
1.5692168
1.5703369
1.5669821
1.5680984
1.563394
1.5610961
1.5681739
1.5669576
1.5271153
1.5372027
1.5380484
1.5355165
1.5363593
1.5263165
1.5557247
1.5463964
1.5455016
1.4914325
1.4996495
1.5003518
1.4982494
1.498949
1.4907635
1.5166323
1.5075234
1.5067923
1.461754
1.4685621
1.4691698
1.4673504
1.4679555
1.4611597
1.4828214
1.4751864
1.4745651
1.4384965
1.443834
1.4444015
1.4427013
1.443267
1.4379364
1.4548092
1.4488621
1.4482882
1.4187745
1.4236
1.4241484
1.4225048
1.4230519
1.4182273
1.4328292
1.4278829
1.4273333
1.3977845
1.4034554
1.4040056
1.4023575
1.4029062
1.3972354
1.4133233
1.4082448
1.407697
1.372401
1.3788547
1.3793916
1.3777823
1.3783179
1.3718716
1.3911912
1.3848376
1.3842956
1.3010663
1.3002378
1.3007121
1.2992905
1.2997639
1.3005927
1.2983532
1.2990238
1.2985504
1.3058563
1.304371
1.3048435
1.3034272
1.3038989
1.3053849
1.3015378
1.3026291
1.3021568
1.31492
1.3120908
1.3125605
1.3111526
1.3116215
1.3144513
1.3071349
1.3091975
1.308728
1.3310828
1.3262616
1.3267314
1.3253231
1.3257922
1.3306125
1.3177332
1.3215052
1.3210367
1.3565992
1.3491377
1.3496101
1.3481938
1.3486658
1.356126
1.3359956
1.3419899
1.3415187
1.3966568
1.384932
1.3854178
1.3839611
1.3844465
1.3961621
1.3644962
1.3739067
1.3734281
1.45234
1.4378393
1.4384091
1.4366993
1.4372689
1.4517173
1.4090098
1.4228321
1.4222977
1.4738615
1.4809044
1.4818934
1.4789259
1.4799153
1.472628
1.4651046
1.4756071
1.474789
1.2419649
1.3014527
1.3036843
1.2970197
1.2992323
1.2402433
1.4451631
1.3873541
1.3853992
1.0844629
0.92770541
0.93110426
0.92104218
0.92435085
1.0841116
1.3858879
1.3744459
1.3718808
1.1676485
0.98469787
0.98641837
0.98128608
0.98298595
1.1659044
1.2941254
0.88586291
0.88383815
1.5379697
1.4999461
1.5015471
1.4967521
1.4983457
1.5365106
1.3225206
1.4309811
1.4292708
1.5603096
1.5647547
1.5658673
1.5625345
1.5636436
1.5592847
1.5557675
1.5633224
1.5621146
1.5239275
1.5338357
1.5346759
1.5321597
1.5329976
1.5231336
1.5519006
1.5428242
1.5419342
1.4887642
1.4968547
1.4975515
1.4954655
1.4961596
1.4881002
1.5135922
1.5046063
1.5038801
1.4593842
1.4661437
1.4667462
1.4649419
1.4655419
1.4587947
1.4802637
1.4727088
1.4720924
1.4362612
1.4415723
1.4421362
1.4404468
1.4410089
1.4357043
1.4524863
1.4465726
1.4460027
1.4165894
1.4214121
1.4219579
1.420322
1.4208665
1.4160448
1.4306199
1.4256885
1.4251415
1.3955924
1.4012626
1.4018098
1.4001707
1.4007164
1.3950462
1.41114
1.406058
1.4055131
1.3702866
1.3767125
1.377247
1.3756447
1.376178
1.3697591
1.3890099
1.3826734
1.3821341
1.2991744
1.2983446
1.2988173
1.2974003
1.2978722
1.2987023
1.2964602
1.2971313
1.2966594
1.303973
1.3024849
1.3029558
1.3015442
1.3020143
1.3035032
1.299649
1.3007421
1.3002714
1.313047
1.3102161
1.3106842
1.309281
1.3097483
1.3125798
1.3052563
1.3073219
1.3068539
1.3292045
1.3243859
1.3248544
1.3234504
1.323918
1.3287359
1.3158625
1.3196335
1.3191665
1.3547081
1.3472513
1.3477224
1.3463099
1.3467803
1.3542362
1.3341161
1.3401077
1.3396381
1.3946768
1.3829914
1.3834764
1.382022
1.3825066
1.394182
1.362597
1.371993
1.371515
1.4498503
1.4355601
1.4361296
1.4344204
1.4349904
1.449228
1.4069669
1.4206942
1.4201601
1.468927
1.4769459
1.4779359
1.474965
1.4759556
1.4676931
1.4622994
1.4723326
1.4715132
1.2351998
1.2926201
1.2948156
1.2882604
1.2904363
1.2335539
1.4389115
1.3795509
1.3776079
1.0835519
0.91455913
0.91777768
0.90825138
0.91138258
1.0835106
1.3850567
1.3642858
1.3617755
1.1607182
0.97791461
0.97959399
0.97458685
0.97624479
1.1590058
1.279951
0.87785607
0.87589281
1.5321525
1.4935734
1.4951595
1.4904088
1.4919881
1.5307055
1.3154776
1.4241692
1.4224776
1.5562182
1.5603216
1.561427
1.5581159
1.5592178
1.5551989
1.5504792
1.5585032
1.5573031
1.5207588
1.5304882
1.5313239
1.5288207
1.5296544
1.5199695
1.5480958
1.5392701
1.538384
1.4861156
1.4940818
1.4947731
1.4927037
1.4933922
1.4854564
1.5105698
1.501709
1.5009879
1.4570332
1.4637447
1.4643424
1.4625519
1.4631474
1.4564482
1.4777244
1.4702502
1.4696382
1.4340386
1.4393247
1.4398851
1.4382058
1.4387646
1.4334847
1.4501804
1.4442985
1.4437323
1.4144144
1.4192341
1.4197775
1.4181485
1.4186908
1.4138721
1.4284216
1.4235043
1.4229596
1.3934121
1.3990816
1.3996259
1.3979956
1.3985383
1.392869
1.408967
1.4038824
1.4033403
1.3681798
1.3745796
1.3751118
1.3735167
1.3740476
1.3676544
1.3868402
1.3805201
1.3799835
1.2972887
1.2964575
1.2969287
1.2955162
1.2959866
1.2968181
1.2945733
1.2952448
1.2947744
1.302096
1.3006051
1.3010744
1.2996675
1.3001361
1.3016278
1.2977665
1.2988614
1.2983923
1.3111803
1.3083476
1.3088142
1.3074157
1.3078814
1.3107145
1.3033842
1.3054526
1.3049862
1.3273321
1.3225166
1.3229834
1.3215838
1.3220501
1.326865
1.3139978
1.3177679
1.3173024
1.3528219
1.3453699
1.3458396
1.3444313
1.3449004
1.3523509
1.3322423
1.3382314
1.337763
1.3926985
1.3810538
1.3815376
1.380086
1.3805699
1.3922044
1.3607027
1.3700824
1.3696059
1.4473601
1.4332813
1.4338508
1.4321417
1.4327112
1.4467374
1.4049252
1.418558
1.4180241
1.4639898
1.4729828
1.4739737
1.4709996
1.4719913
1.4627557
1.4594915
1.4690537
1.4682333
1.2287565
1.2839345
1.2860932
1.2796474
1.2817875
1.227199
1.4326724
1.3718017
1.3698719
1.0838467
0.90211759
0.90516254
0.89615276
0.89911324
1.0840885
1.3845015
1.3543475
1.3518939
1.1539154
0.97129807
0.97293728
0.9680464
0.9696672
1.1522325
1.2663139
0.87009339
0.86818963
1.5263821
1.4872579
1.4888305
1.4841205
1.4856865
1.5249462
1.3085332
1.4174297
1.4157553
1.5521492
1.5559173
1.5570157
1.5537255
1.5548205
1.5511356
1.5452269
1.5537148
1.5525225
1.5176076
1.5271572
1.5279889
1.5254978
1.5263274
1.5168225
1.54431
1.535731
1.5348484
1.483486
1.4913313
1.4920169
1.4899647
1.4906474
1.4828314
1.5075651
1.4988329
1.4981176
1.4546994
1.4613631
1.4619567
1.4601781
1.4607698
1.4541184
1.4752012
1.4678083
1.4672001
1.4318275
1.43709
1.4376472
1.435977
1.4365328
1.4312764
1.4478898
1.4420387
1.4414757
1.4122488
1.4170651
1.4176063
1.4159837
1.4165239
1.4117087
1.426233
1.4213292
1.4207867
1.3912439
1.3969124
1.3974537
1.3958321
1.396372
1.3907038
1.406804
1.4017178
1.4011783
1.366081
1.3724565
1.3729862
1.3713985
1.371927
1.3655577
1.3846825
1.3783778
1.377844
1.2954091
1.2945766
1.2950463
1.2936384
1.2941073
1.2949401
1.2926925
1.2933645
1.2928956
1.3002254
1.2987315
1.2991993
1.2977971
1.2982641
1.2997588
1.2958901
1.296987
1.2965194
1.3093196
1.3064853
1.3069503
1.3055564
1.3060206
1.3088554
1.3015183
1.3035894
1.3031246
1.3254655
1.3206527
1.3211181
1.3197229
1.3201875
1.3249996
1.3121392
1.315908
1.3154442
1.3509404
1.3434939
1.3439624
1.3425577
1.3430257
1.350471
1.330374
1.3363604
1.3358933
1.3907228
1.3791193
1.3796027
1.3781533
1.3786363
1.3902293
1.3588127
1.3681765
1.3677005
1.4448678
1.4310022
1.4315723
1.429863
1.4304326
1.4442448
1.4028857
1.4164222
1.415888
1.4590534
1.4690148
1.4700074
1.4670294
1.4680222
1.4578195
1.4566801
1.46577
1.4649484
1.2226366
1.2753982
1.2775171
1.2711851
1.2732872
1.2211579
1.4264506
1.3641071
1.3621916
1.0852275
0.89035295
0.89323173
0.88471505
0.88751329
1.0857202
1.3841768
1.3446363
1.3422427
1.1472262
0.96483054
0.96643349
0.96164969
0.96323443
1.1455715
1.2532512
0.86256674
0.86072087
1.5206551
1.4809967
1.4825559
1.477886
1.4794388
1.5192299
1.3016813
1.4107565
1.4090999
1.5481038
1.5515407
1.5526322
1.5493628
1.5504509
1.5470964
1.5400086
1.5489576
1.5477729
1.5144733
1.5238425
1.52467
1.522191
1.5230167
1.5136925
1.5405421
1.5322056
1.5313263
1.4808734
1.4886036
1.4892836
1.4872475
1.487925
1.4802224
1.50458
1.4959808
1.4952716
1.4523807
1.4589966
1.4595866
1.4578181
1.4584065
1.4518031
1.4726915
1.4653805
1.4647754
1.4296269
1.4348668
1.4354213
1.4337592
1.4343123
1.4290781
1.4456128
1.4397916
1.4392315
1.4100919
1.4149042
1.4154435
1.4138267
1.414365
1.409554
1.4240532
1.4191624
1.4186219
1.3890877
1.3947547
1.3952931
1.3936801
1.3942171
1.3885505
1.4046506
1.3995637
1.3990268
1.3639902
1.3703432
1.3708705
1.3692903
1.3698163
1.3634691
1.3825367
1.3762467
1.3757157
1.2935356
1.2927019
1.2931699
1.2917667
1.2922341
1.2930681
1.2908178
1.2914904
1.2910231
1.2983612
1.2968643
1.2973305
1.295933
1.2963985
1.2978962
1.2940198
1.2951188
1.2946527
1.3074651
1.3046291
1.3050926
1.3037034
1.3041661
1.3070024
1.2996587
1.3017326
1.3012693
1.3236046
1.3187946
1.3192586
1.3178677
1.3183311
1.3231404
1.3102866
1.3140541
1.3135916
1.3490641
1.3416231
1.3420904
1.3406896
1.3411562
1.3485959
1.3285114
1.3344947
1.3340296
1.3887498
1.3771883
1.3776708
1.3762244
1.3767064
1.3882571
1.3569274
1.3662745
1.3657998
1.4423739
1.4287232
1.4292928
1.4275833
1.428153
1.4417499
1.4008478
1.4142869
1.4137536
1.4541183
1.4650432
1.4660363
1.4630563
1.4640497
1.452885
1.4538661
1.4624819
1.4616592
1.2168357
1.2670128
1.2690954
1.2628799
1.2649426
1.215438
1.4202436
1.3564705
1.3545699
1.0875719
0.87923514
0.88195484
0.87390921
0.87655158
1.0882896
1.3840466
1.3351681
1.3328357
1.1406468
0.95850235
0.9600708
0.95538869
0.95694038
1.1390186
1.2407745
0.8552677
0.85347728
1.5149696
1.4747891
1.4763352
1.4717056
1.473245
1.5135545
1.2949204
1.404156
1.4025164
1.5440821
1.547192
1.5482766
1.5450281
1.5461093
1.5430802
1.5348247
1.5442305
1.5430532
1.5113563
1.5205434
1.5213672
1.5188999
1.5197216
1.5105798
1.5367905
1.5286932
1.5278176
1.478274
1.4858959
1.4865713
1.4845481
1.4852217
1.4776258
1.5016166
1.4931532
1.4924498
1.4500749
1.4566424
1.4572295
1.4554694
1.4560552
1.4495002
1.4701925
1.462964
1.4623614
1.4274355
1.4326539
1.4332059
1.431551
1.4321018
1.426889
1.4433476
1.4375557
1.4369983
1.4079434
1.4127511
1.4132885
1.4116773
1.4122138
1.4074076
1.4218813
1.4170033
1.4164646
1.3869432
1.3926082
1.3931439
1.3915391
1.3920734
1.3864089
1.4025063
1.3974198
1.3968854
1.3619077
1.36824
1.3687648
1.367192
1.3677156
1.3613888
1.3804027
1.3741269
1.3735986
1.2916681
1.290833
1.2912997
1.2899009
1.2903668
1.2912023
1.2889497
1.2896224
1.2891564
1.2965034
1.2950035
1.295468
1.2940753
1.2945392
1.2960399
1.2921558
1.2932569
1.2927924
1.3056167
1.3027792
1.3032411
1.3018565
1.3023177
1.3051558
1.2978053
1.2998819
1.2994203
1.3217496
1.3169425
1.317405
1.3160187
1.3164805
1.3212868
1.30844
1.3122063
1.3117452
1.3471936
1.339758
1.3402238
1.3388277
1.3392927
1.3467268
1.3266548
1.3326354
1.3321714
1.3867799
1.3752614
1.3757427
1.3743
1.3747807
1.3862882
1.3550479
1.3643779
1.3639046
1.4398777
1.4264435
1.4270132
1.4253032
1.4258733
1.4392537
1.398812
1.4121537
1.4116206
1.449186
1.4610688
1.4620624
1.4590808
1.4600747
1.4479536
1.4510493
1.45919
1.4583667
1.2113644
1.2587866
1.2608295
1.2547355
1.2567545
1.2100451
1.4140591
1.3488957
1.3470147
1.0904578
0.86873055
0.87130073
0.86368692
0.86619472
1.0911818
1.3840841
1.3259517
1.3236996
1.1341739
0.95230711
0.9538424
0.94924864
0.95077797
1.1325723
1.2288793
0.84818596
0.84644262
1.5093243
1.4686356
1.4701685
1.4655785
1.4671051
1.5079194
1.2882472
1.3976238
1.3959963
1.5400816
1.5428709
1.5439488
1.5407203
1.5417949
1.5390848
1.5296759
1.5395326
1.5383626
1.5082568
1.5172609
1.5180803
1.515627
1.5164438
1.507485
1.5330557
1.5251972
1.5243267
1.4756846
1.4832036
1.4838756
1.4818619
1.4825325
1.4750387
1.4986757
1.4903472
1.4896486
1.4477802
1.454299
1.4548835
1.4531309
1.4537142
1.4472081
1.4677025
1.4605573
1.4599571
1.4252526
1.4304503
1.431
1.4293517
1.4299004
1.4247081
1.4410929
1.4353299
1.4347749
1.4058031
1.4106053
1.4111409
1.4095353
1.4100699
1.4052693
1.4197168
1.4148515
1.4143147
1.3848103
1.3904728
1.3910057
1.3894091
1.3899407
1.3842788
1.400371
1.395286
1.3947541
1.3598334
1.3661467
1.3666691
1.3651038
1.365625
1.3593171
1.3782804
1.3720181
1.3714925
1.289807
1.2889706
1.2894355
1.2880583
1.2885068
1.2893435
1.2870884
1.2877615
1.2873128
1.2946516
1.2931488
1.2936119
1.2922406
1.2926866
1.2941903
1.2902987
1.2914019
1.2909552
1.3037745
1.3009354
1.3013958
1.3000321
1.3004759
1.3033154
1.2959587
1.2980381
1.2975942
1.3199006
1.3150963
1.3155574
1.3141921
1.3146363
1.3194398
1.3065998
1.3103648
1.3099211
1.3453283
1.3378984
1.3383629
1.3369875
1.337435
1.3448631
1.3248043
1.330782
1.3303354
1.3848129
1.3733387
1.3738196
1.3723954
1.3728591
1.384322
1.3531735
1.3624852
1.3620291
1.4373788
1.424162
1.4247326
1.4230387
1.4235916
1.4367538
1.3967782
1.4100196
1.4095035
1.4442658
1.4570945
1.4580875
1.4551333
1.456102
1.443039
1.4482283
1.4558951
1.4550922
1.2061906
1.2507317
1.2527272
1.2467964
1.2487491
1.2049238
1.4079184
1.3414243
1.3395954
1.0932975
0.85871518
0.86119197
0.85381734
0.85625127
1.0939834
1.3843219
1.3172621
1.3151979
1.1277307
0.94615353
0.9477051
0.94303516
0.94459166
1.1261001
1.2178229
0.84122809
0.83950603
1.5037203
1.4625344
1.4640546
1.4595252
1.4610171
1.5023267
1.2815767
1.3911053
1.3894928
1.5361012
1.5385761
1.5396476
1.5364604
1.5375071
1.5351103
1.524563
1.5348651
1.5337243
1.5051771
1.5139989
1.5148127
1.5123986
1.5131882
1.5044113
1.5293429
1.5217248
1.5208825
1.4731043
1.4805229
1.4811922
1.4792068
1.4798551
1.4724614
1.4957572
1.4875595
1.4868847
1.4454958
1.4519654
1.4525474
1.4508206
1.4513837
1.4449268
1.465222
1.4581609
1.4575813
1.4230779
1.4282553
1.4288029
1.4271783
1.4277081
1.4225359
1.4388484
1.4331143
1.4325785
1.403671
1.4084672
1.4090008
1.4074181
1.4079343
1.4031399
1.4175603
1.4127077
1.4121893
1.3826886
1.388348
1.3888783
1.3873068
1.3878192
1.3821605
1.3982454
1.3931627
1.3926498
1.3577677
1.3640634
1.3645834
1.3630422
1.3635448
1.3572549
1.37617
1.3699208
1.3694143
32.541191
20.998069
21.081268
29.891289
29.309396
27.994995
1.7232288
1.7221679
1.7109043
1.6624286
1.8289121
1.8457421
1.796062
1.7974807
1.6896976
1.727841
1.6344012
1.6408185
1.9652193
4.5004003
4.5755608
3.667811
7.385272
5.3953814
1.9264619
1.9269144
1.9296142
1.9323872
1.9349848
1.9348203
1.6645705
1.6971783
1.6998814
1.6923331
1.6946172
1.6644212
1.6650912
1.7076331
1.7103805
1.7025627
1.7049638
1.6647322
1.6614421
1.6875082
1.6900827
9.0029253
19.053
15.647808
2.4163191
8.8176782
62.092777
7.5790865
57.235013
34.199444
7.6402239
58.468355
34.358502
6.2972492
39.220358
34.903727
62.048063
57.006474
37.27235
2.4003121
8.3171682
61.10625
9.5070252
68.390514
34.677383
47.829124
100.56579
52.666299
44.570437
103.1057
52.457195
48.259706
100.16751
52.697958
62.249594
57.171781
37.473592
3.0565883
3.7002148
4.7055678
2.6256412
3.5812571
21.053327
2.6352062
3.5625629
20.118866
2.4017871
8.2370467
60.900937
9.7142025
69.994708
34.736838
44.053167
103.44387
52.426758
51.504104
97.26777
52.900314
51.885322
96.848013
52.92439
67.27997
70.285925
46.734219
67.326116
70.484167
46.886914
2.4079239
5.7473906
50.870902
58.317643
51.585557
30.718073
57.593207
51.068167
30.075149
3.4050172
11.520628
90.851499
3.7888446
14.963146
48.191054
3.782346
15.608622
47.162148
2.8250192
15.811289
57.604005
42.881754
55.09626
42.486184
42.641059
55.191769
42.65647
42.955153
55.066423
42.432596
43.155751
54.966092
42.278501
2.4132038
5.6913465
50.198391
2.4243301
5.3559609
47.933913
2.3819382
8.3781701
61.595892
8.5490339
62.318604
34.51594
58.480595
51.750161
30.924008
58.784142
52.258836
31.54348
3.0544676
5.7281974
49.800975
3.4112849
11.59607
90.773389
3.3630113
11.207739
90.192551
3.7931335
14.737223
48.566379
3.7709462
14.058766
49.763729
2.8683858
3.5537831
8.1151391
67.231212
65.916982
43.371069
3.6945661
11.794667
55.360842
2.6758606
13.409678
59.557058
2.6677496
12.993081
59.988238
2.6720567
13.515784
59.418994
2.6901592
13.877594
58.928828
43.647756
54.5434
41.781673
43.573454
54.654975
41.887215
43.664147
54.505412
41.752271
43.694449
54.37747
41.68157
2.8473958
3.5261628
8.6562846
3.0298242
4.7899528
30.964128
2.3620735
7.5488688
59.850019
10.491243
76.379825
35.218426
22.396464
108.53866
45.901802
21.067558
107.10568
44.897602
22.819037
108.9504
46.258099
24.1097
109.95632
47.333372
64.231555
80.950971
49.932801
63.793361
81.814074
50.257534
64.382034
80.664255
49.829921
64.774247
79.826795
49.532327
67.313005
71.316959
47.503364
67.159755
65.73718
43.238662
66.872486
65.229227
42.860609
3.2751997
10.290775
85.859735
3.6995071
11.936078
54.880342
3.7003114
12.332376
53.462838
2.5905931
3.6477098
24.001924
2.5803567
3.6770783
25.041662
3.9266441
16.923773
45.762959
3.8255042
15.940703
46.833288
2.8101111
15.036632
58.220205
2.8280453
15.641443
57.758683
42.261261
55.309725
42.903426
42.554583
55.221461
42.715371
43.379297
54.831412
42.091673
43.216292
54.934183
42.230021
43.518832
54.005898
41.716675
43.484831
53.468937
41.793898
2.7840528
3.8624595
11.515669
2.4299391
5.3048052
47.252875
2.4424446
4.9583186
44.717406
2.3872411
8.3751779
61.564575
8.8057305
63.745322
34.552292
18.844813
103.94166
43.329665
29.324985
108.87071
52.09883
28.214261
110.19135
50.635899
26.514301
110.61701
49.163648
27.814617
110.39965
50.252141
46.484755
101.6851
52.584322
46.022476
102.04779
52.549892
62.731874
57.680985
38.080252
62.760972
57.864757
38.287381
3.3165662
10.795287
88.798395
3.365353
11.276949
89.93961
3.6871628
13.057083
51.386376
3.7552751
13.813716
50.175694
3.9471376
17.267197
45.376671
2.6567953
12.833381
60.128348
2.7940132
14.815645
58.375753
2.7256017
14.122906
58.813413
42.113248
55.337986
42.968433
43.429707
54.796529
42.048423
43.543579
54.690527
41.925495
43.588797
54.114666
41.6819
43.68821
54.328059
41.669034
2.6682412
3.5203567
17.453085
2.791416
3.4818132
10.502931
2.7967231
4.0077649
12.737546
3.0195022
4.8720251
32.880233
2.4705464
4.5605524
40.362501
2.4483832
4.9068886
43.935788
2.4645612
4.6102105
41.191615
2.3811803
7.8077693
60.164797
10.2988
74.741766
35.034138
19.26961
104.66537
43.638526
20.621967
106.55053
44.568198
26.073182
110.59476
48.797512
24.666827
110.20138
47.713476
49.91147
98.932245
52.777659
50.338515
98.524042
52.802811
53.307949
94.999651
53.065896
52.979009
95.490283
53.034163
63.501563
82.113874
50.375664
64.840209
79.517303
49.428167
67.007569
69.679169
46.249937
67.424537
71.098891
47.350161
65.591639
63.221364
41.447117
66.226323
63.714041
41.787092
66.780903
64.364249
42.24007
66.382946
63.86915
41.897387
66.743626
65.062722
42.738589
66.767832
64.534452
42.36129
3.323201
10.889268
88.355292
3.2754679
10.340928
86.551727
3.6546151
12.793793
51.754126
3.6903349
12.449504
53.018248
2.4012904
8.6452324
61.934828
7.5322733
56.154033
33.947108
7.9844088
59.658652
34.428713
2.3703917
7.213443
58.660752
2.3725113
7.1062863
58.265688
67.493382
68.69314
45.4642
67.430974
68.513886
45.315785
6.1690465
38.276873
35.083855
2.9313967
4.5009665
23.556058
2.9231069
4.39013
21.826427
3.0016851
4.6153089
27.274228
2.9399793
4.5264129
25.368764
2.3722058
7.3596131
59.036817
2.3708121
7.4745616
59.387464
10.99078
80.883403
35.945772
10.824569
79.429246
35.676627
11.140176
82.284056
36.255067
11.293534
83.633083
36.578704
66.730539
76.700232
48.486002
67.553693
68.881098
45.613
67.603022
69.060982
45.767002
2.6141374
3.6039351
22.125303
61.84792
56.839757
37.063518
61.276572
55.789654
35.813555
61.446072
55.95531
36.012861
2.5227444
10.808867
62.181116
8.8399626
47.484877
47.079735
8.7637589
47.247409
47.088088
8.2410113
45.424246
47.298291
8.3332807
45.746202
47.248778
8.9188628
47.702723
47.080804
8.9874017
47.828838
47.096003
10.195707
49.251838
47.088486
9.9967552
48.968692
47.124202
14.753181
55.094239
46.289668
14.570411
54.902999
46.286423
13.426517
53.643125
46.363105
13.624939
53.864376
46.340095
14.929207
55.275163
46.300049
15.107913
55.447299
46.31469
16.060707
55.961425
46.589001
15.926014
55.963236
46.513544
21.9371
58.186207
46.275449
21.707246
58.106565
46.306021
20.322176
57.544937
46.51848
20.558719
57.646877
46.479795
22.159679
58.265245
46.246961
22.388812
58.339247
46.219915
23.698885
58.714935
46.099218
23.489687
58.66079
46.115416
45.565991
33.210063
2.3962811
8.3498741
61.299288
9.2824651
66.787262
34.630198
12.422943
90.964015
39.83805
12.592898
91.553579
40.561836
47.386073
100.94394
52.642855
45.06926
102.75876
52.48345
48.67488
99.738604
52.725234
62.411017
57.337496
37.674737
3.0613383
3.6585633
4.4121179
61.067983
55.6312
35.616284
60.856864
55.462441
35.411459
2.4464634
9.5449763
62.718247
7.2716573
42.387836
47.881237
7.1526644
42.043063
47.948224
7.3891156
42.732048
47.811928
7.5018808
43.077175
47.741982
8.1391747
45.099137
47.352394
8.040533
44.769497
47.410289
11.686712
51.451107
46.704038
11.499056
51.188106
46.753422
10.385123
49.535336
47.047626
10.57499
49.81718
47.001767
11.872063
51.711635
46.65682
12.062417
51.967118
46.611025
13.229639
53.4163
46.389714
13.028944
53.185888
46.419551
18.127295
56.47759
46.839131
17.861631
56.350241
46.861373
16.180591
55.853709
46.709291
16.3633
55.893243
46.784966
18.380557
56.60698
46.812761
18.636078
56.733901
46.781104
20.08851
57.438512
46.556748
19.848864
57.329505
46.596241
2.646088
3.5471666
19.216481
2.7142759
3.4881142
14.117036
2.6997569
3.4927573
14.895847
2.5578652
3.5039167
4.3699501
3.0224553
5.0215637
37.008612
2.3998931
8.124173
60.680996
9.9157375
71.582159
34.807584
12.262245
90.221276
39.237318
12.097068
89.344576
38.719435
43.468535
103.78015
52.400957
51.124071
97.695726
52.86278
54.656529
93.485052
53.275857
54.385243
94.010976
53.176385
52.261152
96.402484
52.964489
54.865296
92.914991
53.365125
55.030555
92.263786
53.561128
56.709147
89.361262
53.349156
67.212155
70.089777
46.578123
67.392964
70.68635
47.041614
58.115198
51.408552
30.514077
57.922872
51.251352
30.297574
3.3994981
11.476677
90.930372
3.7780724
15.153767
47.830636
3.7609384
15.342889
47.471324
42.804935
55.129936
42.541804
42.724673
55.159547
42.597957
43.025371
55.031885
42.379618
43.092301
55.001119
42.32865
43.754431
53.384339
41.735261
2.4169397
5.5512206
49.417158
2.4190301
5.4075806
48.622906
8.2864453
60.942692
34.480196
58.640716
51.926846
31.125204
58.743125
52.075002
31.334015
3.3926124
11.434092
90.640004
3.3604967
11.213138
90.440226
3.7866381
14.517319
48.954164
3.7815545
14.29043
49.35581
2.883318
3.5893556
7.6257793
2.907903
3.6214193
7.1568785
2.3804488
7.0049913
57.557916
2.3768656
7.0601608
57.946298
67.241801
68.148192
45.021062
67.350826
68.335188
45.170553
67.208778
66.11531
43.50855
2.678646
13.280507
59.699358
2.6740159
13.14304
59.844673
2.6664383
13.59934
59.257584
2.6611961
13.66567
59.028202
43.626157
54.581169
41.815124
43.601196
54.618027
41.850152
43.678569
54.466287
41.723682
43.687388
54.423907
41.700129
2.431822
3.0544719
3.2256799
2.9972134
3.5040074
3.4584309
2.9041104
4.3811587
20.167489
2.8861418
4.2312412
18.526576
3.0254641
4.7482351
29.124564
2.3663477
7.5125599
59.637534
10.66332
77.917064
35.423343
11.601011
86.14299
37.337835
11.444005
84.915522
36.951096
21.947107
108.10146
45.572724
21.516782
107.61639
45.221304
23.249533
109.31158
46.59615
23.675694
109.64677
46.964224
64.11904
81.233514
50.036668
63.965894
81.522226
50.14512
64.523926
80.388277
49.730506
64.653982
80.111794
49.631345
67.562255
69.454541
46.087833
67.630306
69.249772
45.923828
67.068848
65.566474
43.109728
66.96968
65.395213
42.984605
3.2086992
9.6635512
84.170021
3.2508234
10.019137
85.076051
3.7034488
12.070638
54.397182
3.7031299
12.207342
53.928142
2.6022092
3.6275197
23.113837
61.554239
56.661239
36.845414
61.820673
56.469932
36.631159
61.762405
56.28795
36.420098
61.617873
56.121525
36.212894
3.0924732
7.1305012
65.996013
3.8953933
16.594909
46.129389
3.8629814
16.269746
46.488984
2.8199857
15.248286
58.064125
2.8275457
15.45068
57.910038
8.601931
46.684835
47.132446
8.6813449
46.9695
47.106828
8.5132666
46.377052
47.165297
8.4294324
46.063372
47.204239
9.3398782
48.156286
47.163311
9.0608172
47.951616
47.13458
9.5721199
48.406017
47.17095
9.7927401
48.685626
47.152392
14.198915
54.503417
46.294041
14.389695
54.705376
46.28768
14.011496
54.295162
46.304767
13.817585
54.083022
46.320503
15.456918
55.730269
46.366109
15.282735
55.592495
46.33768
15.619049
55.83802
46.404819
15.777438
55.920191
46.451956
21.250106
57.933479
46.371589
21.481992
58.021029
46.337776
21.022643
57.841011
46.406241
20.788678
57.746511
46.442832
22.834835
58.477982
46.172204
22.608818
58.410494
46.195072
23.051278
58.542489
46.151437
23.268151
58.602405
46.132586
42.368707
55.279872
42.838541
42.463137
55.252378
42.776646
43.328216
54.865621
42.136563
43.273724
54.898854
42.182432
43.427551
53.829404
41.80163
43.466079
53.614616
41.814936
2.6928788
3.7541055
9.3740106
2.4362506
5.0145105
45.542184
2.4348588
5.182993
46.426752
2.3918881
8.3711653
61.484036
9.055281
65.246595
34.588163
13.08328
92.462244
40.762343
28.976846
109.49282
51.486292
28.609581
109.91331
51.042714
26.953501
110.60679
49.512376
27.3849
110.52315
49.891254
46.94531
101.31471
52.612565
45.548841
102.40686
52.518184
62.576909
57.514117
37.875654
3.3193743
10.867842
89.238941
3.3494957
11.097821
89.625735
3.7169512
13.326173
50.99489
3.7365909
13.571008
50.585242
2.3836432
6.8686567
57.113749
2.3755277
6.6889952
56.625845
2.3801456
6.6310866
56.117714
67.051723
67.954308
44.867986
60.550051
55.296569
35.199268
2.6216079
12.470386
60.391516
2.6409823
12.661421
60.262712
2.7768106
14.596946
58.528094
2.7528013
14.363249
58.675597
7.0228545
41.692146
48.013541
6.8801673
41.327337
48.074669
7.7237427
43.762849
47.603132
7.6158508
43.421077
47.67195
7.831742
44.101456
47.53605
7.9349669
44.437511
47.471687
11.12782
50.649296
46.853947
11.315804
50.919861
46.803216
10.945442
50.374784
46.904009
10.758912
50.097565
46.954083
12.443746
52.467047
46.526424
12.250526
52.219794
46.567688
12.635266
52.711392
46.488032
12.833673
52.949848
46.452287
17.311281
56.104322
46.880111
17.594567
56.223688
46.87449
17.02142
55.99289
46.872896
16.705458
55.91135
46.84514
19.129678
56.981071
46.710891
18.881293
56.858961
46.747723
19.369503
57.100963
46.673798
19.612862
57.216565
46.634704
37.125738
57.412176
44.811483
43.4756
54.762333
42.006101
43.511412
54.72764
41.965389
43.635788
54.198062
41.667366
43.668722
54.267015
41.662906
2.6562275
3.5326747
18.34207
2.6800458
3.5114442
16.581987
2.6853835
3.5039212
15.736058
2.6935798
3.3985879
3.9649495
2.6290593
3.2636439
3.5453183
2.855836
3.5585655
3.6532079
2.82709
4.0750147
14.054573
3.0289404
4.9559514
34.899346
2.4807957
4.3478117
38.261992
2.4748641
4.4159612
39.355635
2.4535693
4.7685968
42.981415
2.4585937
4.6612653
42.025644
2.39337
7.9925619
60.442167
10.10663
73.153525
34.901854
11.763889
87.286714
37.773202
11.930837
88.366566
38.216167
19.720953
105.33617
43.933652
20.163854
105.96823
44.258786
25.627608
110.51203
48.439116
25.169306
110.38121
48.067457
37.252599
106.61878
52.23401
50.73668
98.104882
52.838151
54.007971
94.520534
53.123297
52.625322
95.968127
52.99611
55.646071
90.883336
53.686957
55.224266
91.594456
53.720437
56.025078
90.315412
53.612267
56.38411
89.837629
53.493228
67.153843
69.892681
46.419412
67.41301
70.887486
47.194376
65.872024
63.395735
41.564304
66.046267
63.551569
41.677085
66.666767
64.191814
42.122287
66.552319
64.035453
42.008701
66.358798
64.719902
42.485332
66.599318
64.893262
42.613779
3.3074975
10.675178
87.830646
3.274668
10.392209
87.218957
3.6584688
12.654198
52.120899
3.681276
12.562825
52.588102
39.654323
2.4259245
8.9487541
62.212679
3.092408
6.3581004
58.152645
5.0061148
28.47534
37.425125
45.414339
51.375906
37.258451
45.43524
51.319305
37.11108
3.0940101
6.2313508
56.169739
4.9799543
27.875813
37.697082
66.979521
72.329098
48.0316
56.101557
48.048039
27.331312
2.4568106
9.955614
62.709351
2.4503044
9.9466294
62.612334
45.811096
49.817199
34.548969
6.4201462
40.196362
34.724333
66.949832
72.063987
47.924053
66.895108
76.463184
48.419115
2.5547791
3.7718277
28.106449
2.4034646
9.1462886
62.571638
5.0667618
32.680205
36.122276
45.247484
51.812761
38.255465
45.570795
50.807576
36.026335
46.002937
49.188628
34.282835
3.0655907
5.2655152
41.309971
7.2111991
48.860658
33.667402
62.963504
58.41552
38.890061
55.369224
47.046567
26.960236
3.0191028
3.7224626
5.0427639
2.5469377
3.8741886
29.168296
2.430072
9.3831953
62.661069
64.1191
60.743798
39.846515
5.267629
33.336555
36.038687
2.5260705
10.743883
62.252153
45.178289
51.865213
38.396347
45.586224
50.741919
35.855553
3.0467278
5.1491233
39.204227
7.1288744
47.682893
33.73849
39.58064
105.77594
52.246975
40.099919
105.52846
52.268874
66.936989
74.912262
48.056084
67.376058
74.42758
47.987205
66.857339
74.664857
48.01881
63.143725
58.594344
39.06781
63.907652
60.585448
39.778137
2.4004749
6.1002958
52.867332
2.4253389
9.1522803
62.488847
3.0878828
6.8684609
64.057429
3.4598757
11.872937
90.950915
3.7208941
12.265993
79.610516
3.7674099
12.406348
78.13553
3.6803631
10.900702
62.513737
3.7194174
11.179895
61.127864
5.0478523
30.339716
36.718143
2.8731824
16.45047
57.159554
2.914884
16.735246
57.033588
3.002265
17.549902
56.593755
39.375445
56.087557
44.728986
38.91531
56.184209
44.934883
39.518779
56.057624
44.653788
39.926902
55.968964
44.420851
45.350786
51.574609
37.689806
45.50156
51.107234
36.663106
7.4338214
53.71901
33.680521
15.46583
97.092054
41.55075
14.112609
94.26173
41.10205
15.880415
98.032754
41.703728
17.115287
100.69896
42.276121
3.7476919
12.463007
80.281541
3.7677455
12.777546
81.995138
3.7087044
11.040685
62.998696
3.7603341
11.330966
64.576618
67.158304
73.613416
48.095389
66.919638
66.540653
43.783894
3.6033113
12.531604
88.172297
3.5756807
12.493188
89.214007
3.8001189
12.006056
71.460886
3.7538602
11.903776
73.071172
3.6489557
11.317286
56.743278
5.8887064
36.434235
35.450516
2.4683635
9.8642259
62.754224
2.4913675
10.300112
62.466083
3.2915277
20.842011
54.894445
3.1828036
19.875269
55.323896
3.3199887
21.161168
54.748047
3.3623312
22.081491
54.322606
37.285986
57.368354
44.812196
37.414004
57.323612
44.82117
37.663185
57.088692
44.901967
41.245313
55.602405
43.504081
40.958281
55.696079
43.721389
41.335602
55.568144
43.434363
41.592162
55.476666
43.231773
45.660195
50.408699
35.137343
6.7586263
43.236549
34.236033
61.525672
84.644597
51.405282
66.929883
75.791907
48.241967
3.6212454
12.599483
87.769922
3.6314249
12.482272
86.503509
3.8001781
11.951298
70.897035
3.7757205
11.657587
69.243086
2.3872618
6.4427969
55.146259
2.396279
6.1600414
53.465611
2.4201373
9.1681767
62.564476
3.511983
12.189109
90.505393
3.4610352
11.886646
90.870125
3.8027586
12.377474
75.836989
3.7841534
12.453138
77.579486
3.7192844
11.328162
59.086552
3.7252351
11.220969
60.626857
5.0500633
30.939396
36.521306
3.0595035
18.554941
55.998541
3.0236609
17.807305
56.441759
3.9917776
26.258842
52.515211
3.8387097
25.17391
53.013842
3.5708881
23.639024
53.631022
3.7806025
24.801761
53.177106
3.7129517
24.406923
53.340925
4.0373674
26.619753
52.347388
4.1628326
27.687421
51.856672
4.2901226
29.077691
51.262595
4.2000008
28.038011
51.700387
5.846577
37.296296
48.807628
5.6500369
36.220228
49.106976
5.3584945
34.75793
49.542969
5.5810577
35.858038
49.212811
5.9032297
37.649309
48.716663
6.056291
38.690454
48.477383
6.2135745
39.856905
48.23351
6.0973591
39.020156
48.408291
28.584722
58.137946
46.636767
27.774552
58.252155
46.645213
27.105067
58.905202
46.318336
27.458908
58.404586
46.596589
28.827812
58.134271
46.605569
29.524616
58.13717
46.468871
30.394962
58.14957
46.240781
29.747006
58.141517
46.415319
34.835379
57.891659
45.048151
34.352005
57.957752
45.151105
33.6739
58.031927
45.312319
34.187065
57.976772
45.188966
34.989586
57.86867
45.017255
35.441252
57.790994
44.935367
35.995888
57.671863
44.859235
35.582267
57.764175
44.913797
38.2295
56.37108
45.118831
38.75295
56.220457
44.994306
40.419292
55.850545
44.104475
40.054972
55.939343
44.341447
45.329813
51.62994
37.832225
45.514369
51.046114
36.506753
2.7396324
3.834617
10.451936
3.0649553
5.6739537
47.61335
7.3849263
52.467543
33.624326
13.627366
93.30745
40.943869
17.518512
101.53662
42.508043
59.150233
52.930973
32.379549
58.487372
52.431578
31.757034
3.680618
12.518389
84.203288
3.7634648
12.815077
82.57141
3.7588672
11.417223
66.721896
3.7673117
11.385559
65.113864
2.523683
4.0116963
32.207883
2.3847352
6.5791019
55.6977
67.324064
73.922514
48.002853
67.489335
67.39723
44.436796
67.404334
67.22577
44.303511
67.032604
66.714844
43.91494
64.740141
61.158052
40.093445
64.903083
61.291209
40.182968
60.257482
54.468683
34.205282
60.751164
54.950939
34.789197
60.806256
55.10583
34.992126
3.5208962
12.234962
90.29172
3.5618681
12.423691
89.5336
3.7908643
12.26818
75.265097
3.7174696
11.715845
73.524916
3.7081671
11.328449
58.588954
3.6451385
11.228011
57.140019
5.7477669
35.585223
35.621522
2.4670744
9.7954742
62.755053
2.5075233
10.44613
62.431397
3.0601776
18.77617
55.858283
3.1302408
19.542872
55.450997
3.4834081
23.256726
53.745459
3.3651846
22.364449
54.187557
4.4155908
31.413042
50.331214
4.3735495
30.691518
50.650452
4.313018
29.418728
51.130611
4.3591374
30.398253
50.7674
4.5781415
31.776279
50.29958
4.9293704
32.897471
50.072933
5.2807215
34.388935
49.653062
5.0238186
33.271302
49.975663
6.246725
40.026847
48.187403
6.7474271
40.98396
48.127071
25.472317
59.061306
46.067264
24.868223
58.963945
46.057616
24.000281
58.777959
46.085484
24.661863
58.923913
46.059638
25.669236
59.083678
46.078877
26.253092
59.102661
46.129347
26.955028
58.982011
46.262603
26.440305
59.092269
46.15595
32.018703
58.135593
45.766224
31.423457
58.150408
45.940131
30.604542
58.152164
46.181001
31.223431
58.150645
45.999575
32.210485
58.128842
45.71042
32.775709
58.100122
45.550008
33.500018
58.046503
45.35677
32.959334
58.088889
45.499565
36.663104
57.487734
44.823901
36.126186
57.633046
44.849982
36.515758
57.52635
44.826628
38.046026
56.459438
45.128272
37.702197
56.953498
44.962086
40.533425
55.819806
44.025984
40.856526
55.72873
43.79602
41.672957
55.444786
43.167303
45.64112
50.476264
35.329545
2.7319218
3.4787645
13.321988
2.7724823
3.4810755
11.187797
2.8503054
4.261774
16.969624
6.8678061
44.312903
34.090233
37.89638
106.4312
52.235946
41.667516
104.7208
52.336262
42.184889
104.42006
52.366087
59.933493
86.052009
52.005087
59.088428
87.092345
52.449387
57.893295
88.550919
53.052798
58.789959
87.443965
52.600058
57.465246
88.942962
53.205747
60.180835
85.663223
51.845412
62.358474
83.379161
50.876983
61.753571
84.321364
51.266882
62.541876
83.06903
50.751474
66.940807
75.571349
48.188185
63.792327
59.529991
39.653879
63.616715
59.198578
39.539123
59.298251
53.085141
32.579633
60.074817
54.317144
34.013659
59.631974
53.618363
33.197479
59.349284
53.827397
33.407779
3.6518734
12.362996
84.65245
3.6515635
12.591845
86.06119
3.7461609
11.372596
67.236148
3.7508652
11.485096
68.726228
2.430203
9.0469922
62.315776
3.0917248
6.5761628
60.113594
5.0309914
29.094856
37.174235
2.5625187
11.410123
61.594124
2.5463
11.256656
61.688197
2.5748667
11.550083
61.489228
2.5815466
11.663966
61.378488
44.012066
53.173566
41.468506
43.941413
53.235483
41.567278
44.080274
53.115932
41.362626
44.145541
53.059368
41.250895
45.393697
51.449112
37.402593
45.456218
51.242908
36.964504
2.3766956
8.3842543
61.733273
3.0945769
6.0914651
54.164047
4.9391984
27.26178
37.989645
67.006299
72.68967
48.105807
56.470631
48.707259
27.596752
3.2169928
9.6153116
82.133786
3.1937067
9.2099549
81.01103
4.0230509
19.50165
43.072107
3.9539834
19.11065
43.322738
2.4626254
9.9523669
62.735085
2.4436852
9.9218396
62.446802
44.812734
52.313484
39.474278
44.776248
52.365768
39.6063
44.843495
52.257803
39.34279
44.877974
52.20519
39.210073
45.711837
50.168412
34.736608
6.5444078
41.176377
34.555957
66.144449
76.933526
48.559866
66.90448
71.808297
47.796304
66.931785
76.235544
48.351976
3.20796
9.6143933
83.149559
4.1153028
19.940851
42.797517
4.1979862
20.396664
42.479405
2.5638498
3.7400144
27.132018
2.5739275
3.708462
26.129843
2.4088733
9.151654
62.525307
57.542395
50.339306
29.204112
57.695767
50.525059
29.414558
3.1224897
7.7161883
71.349464
3.1120339
7.4528615
69.687843
5.0528671
32.068888
36.203852
2.5160085
10.845436
62.105635
2.5597308
12.025962
60.580721
2.5667941
12.000406
60.718669
44.486992
52.741084
40.516476
44.435832
52.793848
40.643677
45.280496
51.749249
38.114133
45.54865
50.897279
36.188032
3.0668361
5.3607951
43.365139
7.2739411
50.045933
33.610486
30.887029
108.20269
52.327418
34.765572
107.24236
52.29458
34.176669
107.37681
52.312377
62.776833
58.24437
38.699184
45.95298
25.339773
4.6573998
23.819021
40.008132
4.7116031
24.361993
39.652445
2.9864854
3.7035205
5.4055876
2.4934331
4.2490276
36.327336
2.4999172
4.1460806
35.27302
2.538326
3.9064286
30.108638
66.008645
63.021768
41.332134
65.980099
62.843318
41.21739
65.060915
61.912868
40.583953
65.2532
62.067058
40.687412
64.33233
60.886916
39.925256
65.097217
61.5921
40.375751
64.769969
61.757907
40.477158
57.371147
50.169179
28.987781
57.200898
49.986763
28.776952
3.1402382
8.0711123
72.944338
3.1461083
8.250859
74.443767
3.9648391
17.58658
45.016683
5.4341196
34.046221
35.920613
2.525098
10.670323
62.321196
2.5940473
12.266577
60.500226
44.533703
52.687651
40.388328
44.580111
52.63474
40.259129
44.973539
51.925091
38.534633
45.606088
50.645915
35.686762
2.4862016
4.2997684
37.330518
7.0564073
46.534416
33.841292
39.028087
106.00863
52.245426
35.337376
107.11014
52.277279
35.908001
106.95202
52.260212
40.632654
105.26946
52.286775
49.415052
99.347267
52.743897
65.927045
78.445228
49.052773
66.002302
78.192402
48.966849
65.838109
78.703415
49.141877
65.724583
78.965091
49.234438
66.945245
75.140989
48.100593
63.299198
58.777888
39.235921
63.595638
60.367742
39.741957
4.601498
23.309886
40.362634
4.5438761
22.785234
40.729241
2.4026057
5.8043413
51.507329
2.4037057
5.9684894
52.214086
2.4298213
9.1110297
62.406278
3.0876357
6.6855631
62.091084
3.4347813
11.711317
90.971022
3.696686
12.080745
79.108829
3.7349049
12.279713
78.650516
3.6931998
10.972208
62.081003
3.7089786
11.076422
61.630267
5.0393303
29.71193
36.936777
2.4958567
10.872418
61.80754
2.5256442
11.084924
61.760366
2.5856154
11.857638
61.145956
2.5851455
11.770924
61.263088
2.8207915
15.964877
57.406362
2.818797
16.137155
57.273332
2.9482334
17.013919
56.892132
2.9787687
17.286309
56.744441
39.22649
56.118058
44.801188
39.07392
56.149798
44.870399
39.659131
56.02739
44.577317
39.795031
55.99809
44.499249
43.866593
53.304226
41.656864
44.269946
52.952567
41.015548
44.208848
53.006109
41.134913
45.372377
51.50436
37.547217
45.480969
51.184299
36.813421
7.4871853
54.981063
33.799281
15.025419
96.159899
41.400092
14.588548
95.204061
41.251775
16.300722
98.947391
41.868083
16.707149
99.842743
42.057788
3.0819
5.8656532
52.047924
3.7621453
12.606059
80.839111
3.770025
12.718053
81.407549
3.7342495
11.177984
63.537753
3.7503154
11.265994
64.049971
4.9059444
26.667117
38.296116
4.8634601
26.066939
38.619717
2.925742
3.6516693
6.695063
67.059026
73.209343
48.14528
66.712213
66.343672
43.644841
56.610362
49.091539
27.867705
56.465628
49.44994
28.091295
3.18415
8.9283741
78.597359
3.184733
9.0642206
79.822822
3.568716
12.320698
88.522304
3.5757122
12.41469
88.858677
3.7904776
12.00485
72.024332
3.7779125
11.990019
72.567438
3.6839506
11.641037
55.836125
3.6700491
11.480232
56.311196
3.9848483
18.531041
43.997083
3.9692429
18.831674
43.654535
6.0317025
37.353083
35.267793
2.46832
9.9254034
62.747645
2.4709496
10.137901
62.467632
3.2626741
20.52758
55.040076
3.2242931
20.201132
55.184164
3.3399672
21.472128
54.602367
3.3571783
21.786351
54.460493
37.508926
57.261408
44.836972
37.594621
57.1825
44.864725
41.153076
55.632623
43.575429
41.057079
55.666222
43.647618
41.422448
55.538316
43.365188
41.507564
55.505404
43.298181
44.702796
52.47358
39.868616
44.741917
52.420849
39.737307
44.93996
52.098288
38.945933
44.906682
52.150166
39.078435
45.683566
50.281596
34.951484
2.8278609
3.5009339
9.2411639
2.803179
3.4992817
9.8739446
2.7831619
3.4107541
3.3352014
6.6448432
42.199466
34.388749
60.90833
85.317119
51.696626
61.274077
84.975333
51.547227
66.171241
77.450745
48.721608
66.189034
77.200225
48.641787
66.789397
71.550892
47.652776
66.952231
76.01051
48.293604
3.631283
12.589637
87.344976
3.6213517
12.48596
86.915094
3.7979276
11.888663
70.333877
3.7895551
11.773575
69.779401
4.346429
21.324871
41.800878
4.2739189
20.850368
42.151566
2.3874665
6.2989904
54.566862
2.39166
6.2107172
53.970124
2.414789
9.1618272
62.563897
57.874098
50.87495
29.851115
57.820818
50.68905
29.633659
3.1154082
7.3858944
67.914197
3.4870638
12.044006
90.680513
3.4545405
11.829262
90.787068
3.8011607
12.434602
76.420009
3.7994478
12.476985
76.999778
3.723514
11.294604
59.598865
3.7290693
11.285284
60.107014
5.0520608
31.533968
36.346896
2.5021186
10.861271
61.852768
2.5093401
10.860119
62.010105
2.5800595
11.931865
61.030005
2.5737649
11.97431
60.905344
3.051578
18.311053
56.142277
3.0403487
18.06348
56.291008
3.942317
25.896448
52.68326
3.8920604
25.537614
52.849534
3.6491816
24.030292
53.489976
4.0821438
26.977777
52.180818
4.1239266
27.332999
52.017263
4.2648644
28.734192
51.402551
4.2342166
28.387703
51.548355
5.7831645
36.939311
48.903684
5.7195824
36.58192
49.003157
5.4355666
35.126915
49.431393
5.5077528
35.492702
49.321855
5.9620732
38.000808
48.630499
6.0103159
38.346921
48.550448
6.1761853
39.617731
48.288088
6.1372267
39.330106
48.34306
28.327483
58.150561
46.660199
28.060147
58.169048
46.669792
27.240941
58.803997
46.380236
27.353606
58.635942
46.474703
29.066175
58.131944
46.565638
29.296093
58.134955
46.519885
30.181552
58.14797
46.300604
29.966362
58.144047
46.3585
34.676138
57.915306
45.08068
34.516124
57.936139
45.1151
33.848147
58.013384
45.269692
34.017278
57.996534
45.228424
35.143438
57.84306
44.988055
35.291958
57.819118
44.960856
35.85975
57.704722
44.875853
35.725573
57.734032
44.892022
38.409988
56.311243
45.088171
38.583773
56.263199
45.045559
40.301867
55.879565
44.183104
40.180482
55.910479
44.262258
44.327388
52.899734
40.893581
44.383527
52.846597
40.769409
45.305126
51.696833
37.973252
45.533343
50.960963
36.351194
3.069681
5.5223158
45.463921
7.3409607
51.253016
33.601854
18.408201
103.18791
43.049446
17.948332
102.35626
42.763029
30.020554
108.60155
52.258143
32.308413
107.7958
52.353022
31.620792
107.96568
52.353355
32.95132
107.64755
52.344162
33.572931
107.50805
52.329869
62.487682
58.059989
38.493307
58.967682
52.759821
32.180274
58.78878
52.608327
31.972579
3.7193748
12.678782
83.696146
3.7406309
12.746838
83.150627
3.7656018
11.420125
66.196016
3.7705631
11.42792
65.653016
4.8171535
25.470528
38.963911
4.7683516
24.897867
39.310118
2.9640086
3.7098877
5.8026353
2.9411386
3.6830974
6.2410814
2.515814
4.059477
33.334501
2.5071581
4.1008711
34.293294
2.5288972
3.942197
31.074241
67.430072
74.17678
47.985129
67.569822
67.579628
44.576324
67.52245
67.760459
44.719834
67.268493
67.051518
44.172309
67.160592
66.886515
44.043703
65.723037
62.526108
40.998366
65.861059
62.683349
41.106188
65.579404
62.370689
40.893107
65.431012
62.219061
40.789694
64.534599
61.019189
40.007839
65.059082
61.441834
40.277075
60.447014
54.631746
34.39719
60.597317
54.779395
34.590648
56.78731
49.619653
28.336131
57.004599
49.819994
28.557245
3.1724194
8.7438672
77.303603
3.1375823
8.2538566
75.910769
3.5152662
12.176963
90.050432
3.532821
12.237884
89.818749
3.7743653
12.101185
74.710305
3.7458877
11.906461
74.090701
3.6924121
11.334231
58.102225
3.6717792
11.280518
57.614102
3.986121
18.22882
44.321263
3.9783852
17.909683
44.660539
5.5954357
34.798368
35.776988
2.459648
9.6827003
62.74464
2.5181011
10.56558
62.380745
3.0599839
18.976901
55.671702
3.0668293
19.203141
55.562881
3.3706428
22.848845
53.837557
3.3674738
22.608614
53.992659
4.399284
31.168785
50.390617
4.3859286
30.951343
50.533315
4.328715
29.754406
51.005698
4.3446179
30.084578
50.886137
4.7097769
32.141227
50.243567
4.8241357
32.51989
50.164259
5.1985044
34.016933
49.763803
5.1140918
33.645703
49.871064
6.4136726
40.317143
48.186773
6.5916462
40.638688
48.168955
25.273292
59.032584
46.061127
25.072835
59.000379
46.057562
24.234812
58.832238
46.073545
24.451447
58.880418
46.065386
25.864966
59.100581
46.091189
26.059552
59.103833
46.109485
26.795461
59.037672
46.221389
26.620924
59.068771
46.185163
31.821071
58.141916
45.823345
31.625032
58.145298
45.881265
30.812863
58.151653
46.120172
31.017791
58.153411
46.059877
32.401101
58.119903
45.655513
32.589101
58.111274
45.602176
33.321157
58.062868
45.402722
33.141561
58.075228
45.450339
36.791282
57.446659
44.816554
36.256896
57.598466
44.838449
36.384133
57.556416
44.83474
37.84951
56.618963
45.10353
37.724241
56.774279
45.057796
40.644441
55.789633
43.948475
40.752393
55.757565
43.871803
41.836515
55.367651
43.033712
41.765919
55.412473
43.1011
44.664951
52.528144
39.999082
44.622343
52.580853
40.12953
44.96248
52.044292
38.814128
44.986635
51.987341
38.677289
45.619454
50.578563
35.506847
2.7397328
3.4803016
12.586931
2.7555777
3.4749232
11.865077
2.8587172
4.1654015
15.485188
6.9566046
45.40914
33.95977
38.484411
106.22288
52.233392
36.458237
106.78148
52.245009
41.142998
105.00052
52.318044
42.688699
104.08888
52.375522
59.659424
86.40304
52.153379
59.37486
86.746125
52.301963
58.216102
88.170086
52.901764
58.516577
87.803614
52.749063
62.168276
83.687193
51.003048
61.964977
84.003002
51.13413
62.700718
82.751235
50.62653
62.816164
82.411569
50.495873
66.12643
77.695498
48.801401
66.068666
77.938707
48.8828
65.484362
79.239344
49.331068
66.949566
75.353733
48.143469
63.94342
60.020847
39.735344
63.461558
58.982957
39.39434
59.448538
53.259981
32.780187
59.577343
53.421189
32.986882
59.856387
54.153162
33.820046
59.663721
54.007977
33.61961
3.6604823
12.532232
85.112327
3.6671208
12.606491
85.59526
3.723006
11.260913
67.702954
3.7215251
11.29973
68.142964
4.4133172
21.797205
41.451476
4.4843321
22.292975
41.085848
46.102365
47.663149
34.034955
53.803025
44.785824
26.568611
35.770079
45.742407
44.813237
33.649204
50.437495
41.071528
25.92583
3.0728518
3.6298692
4.1294877
2.5732816
3.6230348
5.1730565
2.5893304
3.5876617
5.9749076
2.6297039
3.6001879
6.9941078
2.6581763
3.6593391
8.4022049
2.5116385
3.6039437
4.8201959
2.5141633
3.6384476
5.5674301
2.5851601
3.629051
6.4725464
2.6142033
3.6755372
7.6689259
2.9849942
3.5815793
3.8870821
)
;

boundaryField
{
    inlet
    {
        type            fixedValue;
        value           uniform 1.5;
    }
    outlet
    {
        type            inletOutlet;
        inletValue      uniform 1.5;
        value           nonuniform List<scalar> 
102
(
1.2822497
1.2822786
1.2823322
1.2824277
1.2825621
1.2827815
1.2831129
1.28362
1.2844391
1.3271499
1.3146276
1.3056649
1.2990608
1.2943408
1.2911034
1.2889453
1.2875531
1.2868597
1.2888955
1.2866403
1.2937448
1.2898513
1.3028721
1.2955141
1.3189949
1.3061564
1.3444142
1.3243586
1.3838471
1.3527218
1.4361469
1.3962867
1.4418388
1.4475423
1.2036836
1.4064181
1.094653
1.3844202
1.1244755
1.215212
1.5009555
1.2799131
1.5341415
1.5233117
1.5036668
1.5284401
1.4718377
1.4950509
1.4443755
1.4646219
1.4220108
1.4383058
1.4026252
1.4170388
1.381649
1.3977317
1.3567571
1.3756604
1.2859656
1.2850323
1.3382344
1.3486178
1.2880583
1.2873128
1.2922406
1.2909552
1.3000321
1.2975942
1.3141921
1.3099211
1.3369875
1.3303354
1.3723954
1.3620291
1.4230387
1.4095035
1.4551333
1.4550922
1.2467964
1.3395954
0.85381734
1.3151979
0.94303516
0.83950603
1.4595252
1.3894928
1.5364604
1.5337243
1.5123986
1.5208825
1.4792068
1.4868847
1.4508206
1.4575813
1.4271783
1.4325785
1.4074181
1.4121893
1.3873068
1.3926498
1.3630422
1.3694143
)
;
    }
    top
    {
        type            slip;
    }
    bottom
    {
        type            slip;
    }
    symFront
    {
        type            empty;
    }
    symBack
    {
        type            empty;
    }
    wing
    {
        type            kqRWallFunction;
        value           nonuniform List<scalar> 
1073
(
35.708553
62.092777
34.199444
34.358502
34.903727
37.27235
61.10625
34.677383
52.666299
52.457195
52.697958
37.473592
4.7055678
21.053327
20.118866
60.900937
34.736838
52.426758
52.900314
52.92439
46.734219
46.886914
50.870902
30.718073
30.075149
90.851499
48.191054
47.162148
57.604005
42.486184
42.65647
42.432596
42.278501
50.198391
47.933913
61.595892
34.51594
30.924008
31.54348
49.800975
90.773389
90.192551
48.566379
49.763729
8.1151391
43.371069
55.360842
59.557058
59.988238
59.418994
58.928828
41.781673
41.887215
41.752271
41.68157
8.6562846
30.964128
59.850019
35.218426
45.901802
44.897602
46.258099
47.333372
49.932801
50.257534
49.829921
49.532327
47.503364
43.238662
42.860609
85.859735
54.880342
53.462838
24.001924
25.041662
45.762959
46.833288
58.220205
57.758683
42.903426
42.715371
42.091673
42.230021
41.716675
41.793898
11.515669
47.252875
44.717406
61.564575
34.552292
43.329665
52.09883
50.635899
49.163648
50.252141
52.584322
52.549892
38.080252
38.287381
88.798395
89.93961
51.386376
50.175694
45.376671
60.128348
58.375753
58.813413
42.968433
42.048423
41.925495
41.6819
41.669034
17.453085
10.502931
12.737546
32.880233
40.362501
43.935788
41.191615
60.164797
35.034138
43.638526
44.568198
48.797512
47.713476
52.777659
52.802811
53.065896
53.034163
50.375664
49.428167
46.249937
47.350161
41.447117
41.787092
42.24007
41.897387
42.738589
42.36129
88.355292
86.551727
51.754126
53.018248
61.934828
33.947108
34.428713
58.660752
58.265688
45.4642
45.315785
35.083855
23.556058
21.826427
27.274228
25.368764
59.036817
59.387464
35.945772
35.676627
36.255067
36.578704
48.486002
45.613
45.767002
22.125303
37.063518
35.813555
36.012861
62.181116
47.079735
47.088088
47.298291
47.248778
47.080804
47.096003
47.088486
47.124202
46.289668
46.286423
46.363105
46.340095
46.300049
46.31469
46.589001
46.513544
46.275449
46.306021
46.51848
46.479795
46.246961
46.219915
46.099218
46.115416
33.210063
61.299288
34.630198
39.83805
40.561836
52.642855
52.48345
52.725234
37.674737
4.4121179
35.616284
35.411459
62.718247
47.881237
47.948224
47.811928
47.741982
47.352394
47.410289
46.704038
46.753422
47.047626
47.001767
46.65682
46.611025
46.389714
46.419551
46.839131
46.861373
46.709291
46.784966
46.812761
46.781104
46.556748
46.596241
19.216481
14.117036
14.895847
4.3699501
37.008612
60.680996
34.807584
39.237318
38.719435
52.400957
52.86278
53.275857
53.176385
52.964489
53.365125
53.561128
53.349156
46.578123
47.041614
30.514077
30.297574
90.930372
47.830636
47.471324
42.541804
42.597957
42.379618
42.32865
41.735261
49.417158
48.622906
34.480196
31.125204
31.334015
90.640004
90.440226
48.954164
49.35581
7.6257793
7.1568785
57.557916
57.946298
45.021062
45.170553
43.50855
59.699358
59.844673
59.257584
59.028202
41.815124
41.850152
41.723682
41.700129
3.2256799
3.4584309
20.167489
18.526576
29.124564
59.637534
35.423343
37.337835
36.951096
45.572724
45.221304
46.59615
46.964224
50.036668
50.14512
49.730506
49.631345
46.087833
45.923828
43.109728
42.984605
84.170021
85.076051
54.397182
53.928142
23.113837
36.845414
36.631159
36.420098
36.212894
65.996013
46.129389
46.488984
58.064125
57.910038
47.132446
47.106828
47.165297
47.204239
47.163311
47.13458
47.17095
47.152392
46.294041
46.28768
46.304767
46.320503
46.366109
46.33768
46.404819
46.451956
46.371589
46.337776
46.406241
46.442832
46.172204
46.195072
46.151437
46.132586
42.838541
42.776646
42.136563
42.182432
41.80163
41.814936
9.3740106
45.542184
46.426752
61.484036
34.588163
40.762343
51.486292
51.042714
49.512376
49.891254
52.612565
52.518184
37.875654
89.238941
89.625735
50.99489
50.585242
57.113749
56.625845
56.117714
44.867986
35.199268
60.391516
60.262712
58.528094
58.675597
48.013541
48.074669
47.603132
47.67195
47.53605
47.471687
46.853947
46.803216
46.904009
46.954083
46.526424
46.567688
46.488032
46.452287
46.880111
46.87449
46.872896
46.84514
46.710891
46.747723
46.673798
46.634704
44.811483
42.006101
41.965389
41.667366
41.662906
18.34207
16.581987
15.736058
3.9649495
3.5453183
3.6532079
14.054573
34.899346
38.261992
39.355635
42.981415
42.025644
60.442167
34.901854
37.773202
38.216167
43.933652
44.258786
48.439116
48.067457
52.23401
52.838151
53.123297
52.99611
53.686957
53.720437
53.612267
53.493228
46.419412
47.194376
41.564304
41.677085
42.122287
42.008701
42.485332
42.613779
87.830646
87.218957
52.120899
52.588102
39.654323
62.212679
58.152645
37.425125
37.258451
37.11108
56.169739
37.697082
48.0316
27.331312
62.709351
62.612334
34.548969
34.724333
47.924053
48.419115
28.106449
62.571638
36.122276
38.255465
36.026335
34.282835
41.309971
33.667402
38.890061
26.960236
5.0427639
29.168296
62.661069
39.846515
36.038687
62.252153
38.396347
35.855553
39.204227
33.73849
52.246975
52.268874
48.056084
47.987205
48.01881
39.06781
39.778137
52.867332
62.488847
64.057429
90.950915
79.610516
78.13553
62.513737
61.127864
36.718143
57.159554
57.033588
56.593755
44.728986
44.934883
44.653788
44.420851
37.689806
36.663106
33.680521
41.55075
41.10205
41.703728
42.276121
80.281541
81.995138
62.998696
64.576618
48.095389
43.783894
88.172297
89.214007
71.460886
73.071172
56.743278
35.450516
62.754224
62.466083
54.894445
55.323896
54.748047
54.322606
44.812196
44.82117
44.901967
43.504081
43.721389
43.434363
43.231773
35.137343
34.236033
51.405282
48.241967
87.769922
86.503509
70.897035
69.243086
55.146259
53.465611
62.564476
90.505393
90.870125
75.836989
77.579486
59.086552
60.626857
36.521306
55.998541
56.441759
52.515211
53.013842
53.631022
53.177106
53.340925
52.347388
51.856672
51.262595
51.700387
48.807628
49.106976
49.542969
49.212811
48.716663
48.477383
48.23351
48.408291
46.636767
46.645213
46.318336
46.596589
46.605569
46.468871
46.240781
46.415319
45.048151
45.151105
45.312319
45.188966
45.017255
44.935367
44.859235
44.913797
45.118831
44.994306
44.104475
44.341447
37.832225
36.506753
10.451936
47.61335
33.624326
40.943869
42.508043
32.379549
31.757034
84.203288
82.57141
66.721896
65.113864
32.207883
55.6977
48.002853
44.436796
44.303511
43.91494
40.093445
40.182968
34.205282
34.789197
34.992126
90.29172
89.5336
75.265097
73.524916
58.588954
57.140019
35.621522
62.755053
62.431397
55.858283
55.450997
53.745459
54.187557
50.331214
50.650452
51.130611
50.7674
50.29958
50.072933
49.653062
49.975663
48.187403
48.127071
46.067264
46.057616
46.085484
46.059638
46.078877
46.129347
46.262603
46.15595
45.766224
45.940131
46.181001
45.999575
45.71042
45.550008
45.35677
45.499565
44.823901
44.849982
44.826628
45.128272
44.962086
44.025984
43.79602
43.167303
35.329545
13.321988
11.187797
16.969624
34.090233
52.235946
52.336262
52.366087
52.005087
52.449387
53.052798
52.600058
53.205747
51.845412
50.876983
51.266882
50.751474
48.188185
39.653879
39.539123
32.579633
34.013659
33.197479
33.407779
84.65245
86.06119
67.236148
68.726228
62.315776
60.113594
37.174235
61.594124
61.688197
61.489228
61.378488
41.468506
41.567278
41.362626
41.250895
37.402593
36.964504
61.733273
54.164047
37.989645
48.105807
27.596752
82.133786
81.01103
43.072107
43.322738
62.735085
62.446802
39.474278
39.6063
39.34279
39.210073
34.736608
34.555957
48.559866
47.796304
48.351976
83.149559
42.797517
42.479405
27.132018
26.129843
62.525307
29.204112
29.414558
71.349464
69.687843
36.203852
62.105635
60.580721
60.718669
40.516476
40.643677
38.114133
36.188032
43.365139
33.610486
52.327418
52.29458
52.312377
38.699184
25.339773
40.008132
39.652445
5.4055876
36.327336
35.27302
30.108638
41.332134
41.21739
40.583953
40.687412
39.925256
40.375751
40.477158
28.987781
28.776952
72.944338
74.443767
45.016683
35.920613
62.321196
60.500226
40.388328
40.259129
38.534633
35.686762
37.330518
33.841292
52.245426
52.277279
52.260212
52.286775
52.743897
49.052773
48.966849
49.141877
49.234438
48.100593
39.235921
39.741957
40.362634
40.729241
51.507329
52.214086
62.406278
62.091084
90.971022
79.108829
78.650516
62.081003
61.630267
36.936777
61.80754
61.760366
61.145956
61.263088
57.406362
57.273332
56.892132
56.744441
44.801188
44.870399
44.577317
44.499249
41.656864
41.015548
41.134913
37.547217
36.813421
33.799281
41.400092
41.251775
41.868083
42.057788
52.047924
80.839111
81.407549
63.537753
64.049971
38.296116
38.619717
6.695063
48.14528
43.644841
27.867705
28.091295
78.597359
79.822822
88.522304
88.858677
72.024332
72.567438
55.836125
56.311196
43.997083
43.654535
35.267793
62.747645
62.467632
55.040076
55.184164
54.602367
54.460493
44.836972
44.864725
43.575429
43.647618
43.365188
43.298181
39.868616
39.737307
38.945933
39.078435
34.951484
9.2411639
9.8739446
3.3352014
34.388749
51.696626
51.547227
48.721608
48.641787
47.652776
48.293604
87.344976
86.915094
70.333877
69.779401
41.800878
42.151566
54.566862
53.970124
62.563897
29.851115
29.633659
67.914197
90.680513
90.787068
76.420009
76.999778
59.598865
60.107014
36.346896
61.852768
62.010105
61.030005
60.905344
56.142277
56.291008
52.68326
52.849534
53.489976
52.180818
52.017263
51.402551
51.548355
48.903684
49.003157
49.431393
49.321855
48.630499
48.550448
48.288088
48.34306
46.660199
46.669792
46.380236
46.474703
46.565638
46.519885
46.300604
46.3585
45.08068
45.1151
45.269692
45.228424
44.988055
44.960856
44.875853
44.892022
45.088171
45.045559
44.183104
44.262258
40.893581
40.769409
37.973252
36.351194
45.463921
33.601854
43.049446
42.763029
52.258143
52.353022
52.353355
52.344162
52.329869
38.493307
32.180274
31.972579
83.696146
83.150627
66.196016
65.653016
38.963911
39.310118
5.8026353
6.2410814
33.334501
34.293294
31.074241
47.985129
44.576324
44.719834
44.172309
44.043703
40.998366
41.106188
40.893107
40.789694
40.007839
40.277075
34.39719
34.590648
28.336131
28.557245
77.303603
75.910769
90.050432
89.818749
74.710305
74.090701
58.102225
57.614102
44.321263
44.660539
35.776988
62.74464
62.380745
55.671702
55.562881
53.837557
53.992659
50.390617
50.533315
51.005698
50.886137
50.243567
50.164259
49.763803
49.871064
48.186773
48.168955
46.061127
46.057562
46.073545
46.065386
46.091189
46.109485
46.221389
46.185163
45.823345
45.881265
46.120172
46.059877
45.655513
45.602176
45.402722
45.450339
44.816554
44.838449
44.83474
45.10353
45.057796
43.948475
43.871803
43.033712
43.1011
39.999082
40.12953
38.814128
38.677289
35.506847
12.586931
11.865077
15.485188
33.95977
52.233392
52.245009
52.318044
52.375522
52.153379
52.301963
52.901764
52.749063
51.003048
51.13413
50.62653
50.495873
48.801401
48.8828
49.331068
48.143469
39.735344
39.39434
32.780187
32.986882
33.820046
33.61961
85.112327
85.59526
67.702954
68.142964
41.451476
41.085848
34.034955
26.568611
35.770079
33.649204
25.92583
4.1294877
5.1730565
5.9749076
6.9941078
8.4022049
4.8201959
5.5674301
6.4725464
7.6689259
3.8870821
)
;
    }
}


// ************************************************************************* //
