/*--------------------------------*- C++ -*----------------------------------*\
| =========                 |                                                 |
| \\      /  F ield         | OpenFOAM: The Open Source CFD Toolbox           |
|  \\    /   O peration     | Version:  2412                                  |
|   \\  /    A nd           | Website:  www.openfoam.com                      |
|    \\/     M anipulation  |                                                 |
\*---------------------------------------------------------------------------*/
FoamFile
{
    version     2.0;
    format      ascii;
    arch        "LSB;label=32;scalar=64";
    class       volScalarField;
    location    "3800";
    object      nut;
}
// * * * * * * * * * * * * * * * * * * * * * * * * * * * * * * * * * * * * * //

dimensions      [0 2 -1 0 0 0 0];

internalField   nonuniform List<scalar> 
38343
(
0.046868668
0.046868682
0.046868693
0.046868694
0.046868681
0.046868691
0.046868704
0.046868695
0.04686877
0.046868748
0.046868956
0.046869047
0.046869269
0.046869364
0.046869714
0.046870263
0.046871149
0.046871637
0.046872672
0.046875643
0.04686886
0.046872288
0.046872754
0.046876033
0.046874196
0.046875982
0.046873705
0.046872702
0.046872051
0.046872183
0.046869868
0.046870325
0.046869206
0.046869483
0.046869202
0.046869057
0.046868913
0.046868801
0.046868713
0.046868678
0.046862213
0.046862225
0.046862238
0.046862241
0.046862234
0.046862253
0.046862281
0.046862279
0.046862366
0.046862395
0.046862651
0.046862835
0.046863176
0.046863635
0.046864254
0.046865125
0.046866003
0.046867332
0.046868973
0.046871682
0.046869629
0.046869304
0.046873282
0.046871359
0.046872315
0.046872829
0.046870588
0.046869027
0.046868115
0.046867152
0.046864716
0.046864802
0.046863399
0.046863636
0.046863256
0.046862913
0.046862631
0.046862461
0.046862328
0.046862262
0.046855771
0.04685578
0.046855795
0.046855802
0.046855801
0.04685583
0.046855878
0.046855887
0.046856022
0.046856114
0.046856431
0.046856753
0.046857241
0.046857903
0.04685884
0.046860133
0.046861662
0.046863378
0.046866388
0.046868853
0.046865926
0.046869446
0.046871721
0.046870375
0.046869857
0.046870486
0.046868489
0.046865819
0.046864364
0.046863138
0.046859396
0.04685987
0.046858201
0.046858021
0.046857323
0.046856872
0.046856474
0.046856224
0.046856038
0.046855943
0.046849339
0.046849348
0.046849363
0.046849372
0.046849375
0.046849426
0.046849479
0.046849539
0.046849697
0.046849877
0.046850316
0.046850756
0.046851478
0.046852456
0.046853793
0.046855562
0.046857649
0.046859774
0.046863691
0.046867058
0.046863258
0.046868072
0.046867795
0.046871204
0.046867148
0.046868681
0.046866419
0.046862763
0.046861023
0.046859822
0.046854369
0.04685493
0.046853116
0.046852555
0.046851657
0.046850971
0.046850437
0.046850098
0.046849852
0.046849727
0.046842921
0.04684293
0.04684294
0.046842954
0.046842971
0.04684303
0.04684312
0.046843193
0.046843417
0.046843698
0.046844223
0.046844901
0.046845861
0.046847215
0.046849021
0.046851362
0.046854118
0.04685683
0.046861637
0.046865793
0.046863139
0.046868452
0.046867849
0.046868514
0.046867342
0.046868002
0.046864827
0.046860662
0.046858472
0.046856445
0.046849149
0.046850575
0.046848245
0.046847375
0.046846183
0.046845323
0.046844615
0.046844144
0.046843833
0.046843664
0.046836514
0.046836522
0.046836533
0.046836551
0.046836571
0.046836658
0.046836761
0.046836909
0.046837171
0.046837585
0.046838312
0.04683916
0.046840476
0.046842264
0.046844638
0.046847647
0.046851186
0.046854661
0.04686048
0.046865495
0.046863056
0.046866742
0.046863394
0.046864163
0.046868472
0.046868487
0.046863651
0.046859084
0.046856263
0.046854126
0.0468454
0.046846272
0.046843785
0.046842419
0.046840943
0.046839796
0.046838928
0.046838361
0.046837976
0.046837775
0.046830118
0.046830129
0.046830139
0.046830159
0.046830197
0.046830302
0.046830458
0.046830621
0.04683099
0.046831574
0.046832434
0.046833662
0.046835341
0.046837668
0.046840738
0.046844579
0.046849072
0.046853475
0.046860569
0.046866324
0.046864458
0.046863821
0.046860603
0.046860342
0.046871129
0.046868348
0.046863913
0.046858332
0.046855063
0.046851727
0.046841805
0.046842784
0.04683959
0.046837859
0.046836024
0.046834675
0.046833581
0.046832832
0.046832355
0.046832091
0.046823734
0.046823744
0.046823758
0.046823782
0.046823828
0.046823969
0.046824149
0.046824426
0.046824835
0.04682572
0.046826891
0.046828359
0.0468306
0.046833615
0.046837583
0.046842494
0.046848241
0.046853912
0.046862414
0.046870069
0.046868655
0.046867686
0.046863216
0.046863174
0.046872093
0.046874545
0.046865571
0.046859071
0.046854661
0.046851498
0.046840662
0.046839189
0.046836027
0.046833656
0.046831404
0.046829668
0.046828365
0.046827502
0.046826929
0.046826622
0.046817359
0.046817374
0.046817388
0.046817417
0.046817486
0.046817654
0.046817914
0.046818218
0.046818822
0.046822527
0.046824065
0.046825371
0.046827718
0.046830898
0.046835191
0.046840684
0.046847492
0.04685462
0.046863849
0.04687334
0.046870916
0.046868479
0.046864165
0.046863657
0.046870796
0.046872892
0.046865315
0.046859342
0.046854828
0.046851161
0.046839164
0.04683641
0.046832923
0.046829924
0.046827231
0.046825205
0.046823599
0.046822476
0.046821775
0.04682138
0.046810995
0.046811009
0.046811029
0.046811067
0.046811143
0.046811366
0.046811671
0.046812101
0.046813031
0.046816323
0.046819618
0.046821763
0.046824866
0.046828698
0.046833814
0.046840187
0.046847484
0.046855265
0.046864564
0.046876126
0.046874154
0.046871329
0.046864594
0.046867223
0.046872193
0.046874062
0.046865737
0.046859095
0.046854667
0.04685039
0.046839049
0.046835666
0.046830514
0.04682672
0.046823381
0.046820819
0.04681893
0.046817659
0.046816829
0.046816376
0.046804639
0.046804658
0.046804681
0.046804725
0.046804838
0.046805089
0.046805527
0.046805969
0.046807066
0.046810204
0.046813782
0.046816857
0.046820753
0.046825541
0.046831867
0.046839764
0.04684873
0.046858131
0.046868011
0.046881336
0.046880987
0.046878855
0.046876213
0.046875139
0.046879064
0.046880221
0.046870822
0.046862003
0.046856335
0.04685102
0.046839899
0.046834951
0.04682856
0.046824148
0.046820112
0.046817135
0.046814816
0.046813171
0.04681216
0.046811585
0.046798292
0.046798312
0.046798339
0.046798394
0.046798519
0.046798851
0.046799363
0.04679997
0.046801429
0.046804334
0.04680807
0.046811996
0.046816703
0.046822757
0.046830749
0.046840767
0.046852142
0.046864071
0.046875501
0.046891425
0.046893356
0.046890984
0.046894976
0.046891628
0.046891698
0.046889834
0.046879511
0.04686771
0.046860366
0.046853706
0.046841935
0.046836136
0.046827404
0.046822166
0.046817109
0.046813439
0.046810713
0.046808874
0.046807684
0.04680703
0.046791952
0.046791977
0.046792004
0.046792064
0.046792255
0.046792611
0.046793318
0.04679393
0.046795515
0.046798584
0.046802718
0.046807532
0.046813326
0.046820933
0.04683105
0.046843837
0.04685857
0.046874135
0.046888513
0.046907522
0.04691334
0.046912558
0.046921968
0.046912772
0.046910301
0.046905411
0.046893054
0.046877333
0.046867271
0.04685859
0.046845603
0.046837202
0.046827092
0.046820932
0.046814832
0.046810594
0.046807247
0.04680489
0.046803449
0.046802634
0.046785624
0.046785648
0.046785675
0.046785743
0.046785948
0.046786388
0.046787157
0.046788083
0.046790073
0.046793126
0.046797697
0.046803512
0.046810617
0.046820187
0.046833059
0.046849551
0.046868886
0.046889737
0.046909038
0.04693239
0.046943271
0.046945671
0.046954641
0.046941557
0.04693574
0.046928341
0.04691179
0.046891234
0.046877765
0.046866149
0.046850821
0.046840884
0.04682775
0.046820297
0.046812749
0.046807589
0.046803663
0.04680105
0.046799362
0.046798439
0.046779305
0.046779337
0.046779359
0.046779434
0.046779676
0.046780145
0.046781216
0.046782014
0.046784149
0.046787736
0.04679301
0.046799951
0.046808679
0.046820716
0.046837132
0.046858525
0.046884266
0.046912596
0.046939714
0.046970029
0.045184855
0.04263937
0.040634348
0.046762743
0.046972236
0.046960241
0.046937489
0.046910294
0.046892321
0.046876858
0.046858379
0.046844489
0.046829448
0.046820509
0.046811521
0.046805564
0.04680077
0.046797467
0.04679544
0.046794308
0.046772994
0.046773033
0.046773086
0.046773138
0.046773396
0.046773913
0.046775083
0.046776346
0.046778983
0.046782711
0.04678862
0.046796894
0.0468076
0.046822698
0.046843647
0.046871515
0.046906036
0.046945597
0.044574818
0.038882665
0.035795054
0.034190038
0.036994951
0.037500355
0.043335708
0.047004958
0.046972796
0.046936447
0.046911838
0.046891106
0.04686813
0.046851301
0.046832375
0.046821326
0.046810396
0.046803182
0.046797602
0.046793958
0.046791594
0.046790318
0.046766699
0.046766743
0.046766811
0.046766932
0.046767135
0.04676771
0.046769252
0.046770298
0.046773264
0.046777719
0.04678456
0.046794347
0.046807453
0.046826297
0.046852977
0.046889365
0.046936036
0.044022178
0.036453265
0.031131516
0.028524371
0.027531048
0.028114311
0.030872222
0.035218637
0.04080756
0.047020484
0.046971767
0.046937628
0.04690951
0.046880901
0.046857988
0.046836294
0.046823041
0.046810185
0.046801877
0.046795137
0.046790603
0.046787799
0.046786257
0.046760419
0.046760471
0.046760561
0.046760714
0.046761058
0.046761533
0.046763176
0.046764802
0.046768392
0.046772933
0.046780855
0.046792347
0.046808289
0.046831684
0.046865533
0.046913095
0.046907283
0.036857433
0.02988688
0.025012029
0.022732781
0.021459518
0.023135242
0.024976106
0.028662867
0.033878413
0.041426872
0.047018367
0.046970753
0.046932999
0.046896375
0.046868497
0.046841906
0.04682533
0.046809993
0.046799991
0.04679223
0.046787242
0.046783993
0.046782264
0.046754162
0.046754221
0.04675434
0.046754534
0.046754928
0.046755657
0.046757458
0.046758869
0.046762742
0.046768101
0.046777464
0.046790955
0.046810166
0.046838992
0.046881701
0.046943795
0.040194031
0.030938742
0.024453888
0.020007111
0.017912254
0.017121038
0.019094421
0.019852435
0.023479776
0.028315938
0.035067755
0.04454923
0.047012969
0.046961994
0.046915297
0.046878892
0.046848211
0.046828567
0.046810711
0.046799245
0.046789994
0.0467839
0.046780103
0.046778054
0.04674793
0.046748
0.046748145
0.046748393
0.046748868
0.046749702
0.046751924
0.046753922
0.046758027
0.046763725
0.046774416
0.046790164
0.046813102
0.046848291
0.046901793
0.046982398
0.034820333
0.026174874
0.020040492
0.016029399
0.01373016
0.012644143
0.016554772
0.015818818
0.019403988
0.023875855
0.030046186
0.038555057
0.047065461
0.04699755
0.046937656
0.046893546
0.046856677
0.046832262
0.046811352
0.046797682
0.046787173
0.046780482
0.046776122
0.046773833
0.046741731
0.046741813
0.046741986
0.046742287
0.046742874
0.046743847
0.046746212
0.046748569
0.046754029
0.046760236
0.046771767
0.046789874
0.046817102
0.046859547
0.046926097
0.04359462
0.030445521
0.022291191
0.016359832
0.012596215
0.010231434
0.0091519854
0.015578635
0.0127104
0.015942672
0.020305184
0.026050225
0.03360328
0.044755211
0.047040287
0.046963927
0.046908207
0.046865534
0.046837012
0.046812874
0.046797301
0.046784953
0.046776937
0.046771924
0.046769269
0.046735568
0.046735665
0.04673587
0.04673623
0.046736908
0.046738063
0.046740659
0.046743369
0.046749341
0.046756058
0.046769722
0.04679064
0.046821875
0.046872925
0.046954821
0.039356659
0.027000308
0.019190362
0.013378207
0.0097168614
0.0077812381
0.006525105
0.01166852
0.010107516
0.013165752
0.017337006
0.022870842
0.029902274
0.040156999
0.047090792
0.04699438
0.046927193
0.046876663
0.046841965
0.046814189
0.046795899
0.046782062
0.046773278
0.046767581
0.046764629
0.046729448
0.04672956
0.046729801
0.046730227
0.046731003
0.046732326
0.046735184
0.046738416
0.046744912
0.046751125
0.046767071
0.046790937
0.04682623
0.046886439
0.046983702
0.034707747
0.024114157
0.016834256
0.010965483
0.0072513362
0.0048597883
0.0044337573
0.0053762896
0.0079406154
0.011223194
0.015417531
0.020147865
0.026884511
0.036419324
0.04714946
0.047029037
0.046946472
0.046888233
0.046848174
0.046816389
0.0467957
0.046779673
0.046769367
0.046762927
0.046759572
0.046723376
0.046723505
0.046723782
0.04672428
0.046725164
0.046726671
0.046729772
0.046733541
0.046740779
0.046746512
0.046764728
0.046791659
0.046832192
0.046904072
0.047017145
0.037739736
0.022786244
0.016011279
0.0096054993
0.0052889134
0.0030577558
0.0033621151
0.0038173998
0.0062514102
0.0095574821
0.01348991
0.018181362
0.024417512
0.03354226
0.046575398
0.04706828
0.046969667
0.046901554
0.046854229
0.046818217
0.04679436
0.046776636
0.046765361
0.046758118
0.046754409
0.046717356
0.046717503
0.046717819
0.046718392
0.046719386
0.046721091
0.046724454
0.046728711
0.046736703
0.046742816
0.046762986
0.046792676
0.04683921
0.046921169
0.047055181
0.033771436
0.022080165
0.014313808
0.0067042145
0.0039975181
0.0014608623
0.0015163362
0.0027554499
0.005152075
0.0082335666
0.012013442
0.01675265
0.022581084
0.031392046
0.043756077
0.047111132
0.046993023
0.046915825
0.046861699
0.046820992
0.046794185
0.046773953
0.04676103
0.046752974
0.046748843
0.046711393
0.046711559
0.046711915
0.046712566
0.046713672
0.046715576
0.046719211
0.046723937
0.046732671
0.046739501
0.046761207
0.046793692
0.046846185
0.046937764
0.047094399
0.033260049
0.02169722
0.013179453
0.0072620386
0.0032051313
0.00087219972
0.00037449431
0.0020195878
0.0045403961
0.0076533933
0.01100335
0.015734263
0.0211446
0.029702382
0.041565861
0.047158407
0.047020185
0.046930916
0.046868834
0.046823275
0.046791189
0.046769885
0.046756681
0.046747718
0.046743179
0.04670549
0.046705676
0.046706072
0.046706804
0.046708022
0.046710122
0.046714024
0.046719194
0.046728628
0.046736284
0.046759355
0.046794497
0.046852637
0.046953732
0.04713049
0.033620155
0.021810691
0.013310336
0.0073143439
0.0033261271
0.0010505658
0.002178439
0.0042832708
0.0073621261
0.010482005
0.015026041
0.020163206
0.028436114
0.039885026
0.047208112
0.047045635
0.046947213
0.046877227
0.04682655
0.046791001
0.046766901
0.046752022
0.046742209
0.046737233
0.046699649
0.046699855
0.046700291
0.046701104
0.046702432
0.046704724
0.046708886
0.046714472
0.046724556
0.046733097
0.046757441
0.046794965
0.046858125
0.046968368
0.047163319
0.035266571
0.022901596
0.014102458
0.0080131553
0.0040573868
0.0024061882
0.0023249663
0.0044420989
0.0070258279
0.010424755
0.014386715
0.019569254
0.027717174
0.038583832
0.047262253
0.047078132
0.046962625
0.046881923
0.046827871
0.046787178
0.046762521
0.046747498
0.046736679
0.046731256
0.046693871
0.046694097
0.046694572
0.046695465
0.0466969
0.046699376
0.046703786
0.046709757
0.046720421
0.046729835
0.04675531
0.04679501
0.04686245
0.046980941
0.047191844
0.037637589
0.024668453
0.01535225
0.0091230061
0.0055415165
0.0036682311
0.0042390854
0.0084146319
0.010471696
0.014357132
0.019303083
0.026828636
0.038189699
0.04731736
0.047100601
0.046967744
0.046890145
0.04682989
0.046786281
0.046760533
0.046743253
0.046731258
0.046725199
0.046688156
0.046688402
0.046688916
0.046689886
0.046691424
0.046694075
0.046698714
0.046705036
0.046716207
0.046726415
0.046752896
0.046794569
0.04686549
0.046990921
0.047214881
0.041124815
0.027347933
0.017499832
0.010727726
0.0077295165
0.0042134642
0.0059478518
0.0070399209
0.0086267779
0.014741252
0.021913137
0.024410963
0.034355536
0.047370416
0.047127625
0.046993441
0.046904321
0.046836276
0.046787708
0.046757409
0.046738532
0.046725673
0.046719219
0.046682503
0.04668277
0.04668332
0.046684366
0.046685999
0.046688813
0.046693657
0.046700289
0.046711882
0.046722769
0.046750144
0.046793489
0.046867139
0.046998161
0.047232441
0.046028752
0.030986883
0.020180325
0.012658762
0.009681361
0.0050905782
0.0063479009
0.0083033909
0.011447257
0.015239164
0.020093392
0.030114114
0.040143195
0.047434712
0.047171187
0.047007609
0.0469119
0.046838417
0.046786748
0.04675445
0.046734174
0.046720304
0.046713404
0.046676911
0.046677197
0.046677782
0.046678899
0.046680621
0.046683584
0.046688608
0.046695511
0.046707444
0.046718874
0.046747018
0.046791665
0.046867383
0.047002687
0.047244854
0.047356333
0.035727062
0.023186545
0.015246698
0.011537897
0.0058007495
0.0071585055
0.0091120057
0.01178649
0.015249786
0.020707829
0.027481212
0.037695152
0.047489588
0.047197545
0.047024741
0.046921211
0.046841863
0.046786679
0.046752016
0.046730111
0.0467152
0.046707835
0.046671378
0.046671682
0.046672299
0.046673482
0.046675283
0.046678381
0.046683557
0.046690687
0.046702874
0.046714721
0.046743485
0.04678908
0.046866267
0.04700473
0.047252411
0.04737108
0.04184943
0.026738137
0.02031207
0.010994959
0.00079721557
0.006728596
0.0077893018
0.009875925
0.012386447
0.016077786
0.020912443
0.028262657
0.038746165
0.047541311
0.047228356
0.04704515
0.046931375
0.046846274
0.046787289
0.046749965
0.046726315
0.046710432
0.046702593
0.046665901
0.046666221
0.046666867
0.046668111
0.046669982
0.046673197
0.046678499
0.046685815
0.046698182
0.046710335
0.046739544
0.04678577
0.046863907
0.047004517
0.047255724
0.047378357
0.046542392
0.025112178
0.021740605
0.012864322
0.0011413265
0.007599462
0.0086712853
0.010510482
0.013028409
0.016542857
0.021461953
0.029019656
0.039168564
0.04759375
0.047260981
0.047064312
0.046941451
0.046851004
0.04678823
0.046748345
0.046722989
0.046706118
0.046697797
0.046660477
0.046660813
0.046661484
0.046662783
0.046664715
0.046668032
0.046673433
0.046680894
0.046693367
0.046705739
0.046735236
0.046781818
0.046860478
0.047002335
0.047255365
0.047379422
0.046862754
0.032056692
0.022792042
0.012729578
0.0017075184
0.0081172992
0.0096056739
0.011369455
0.013930399
0.017379612
0.022684455
0.030158417
0.040449169
0.047645547
0.047291366
0.047082998
0.046951813
0.046856189
0.046789632
0.04674724
0.046720177
0.046702314
0.046693508
0.046655104
0.046655453
0.046656147
0.046657494
0.046659478
0.04666288
0.046668357
0.046675929
0.046688456
0.04670097
0.046730615
0.046777336
0.046856148
0.046998559
0.047252063
0.047376933
0.046865254
0.037599435
0.024770995
0.012799436
0.0025820747
0.0085687489
0.010296085
0.012164715
0.014916598
0.018472358
0.023974572
0.031677808
0.042353142
0.047694689
0.047320184
0.047101518
0.046962269
0.04686173
0.046791468
0.046746635
0.046717892
0.046699055
0.046689771
0.046649778
0.04665014
0.046650853
0.046652242
0.046654269
0.046657743
0.046663276
0.046670927
0.046683459
0.046696068
0.046725743
0.046772448
0.046851136
0.046993638
0.047246259
0.047370568
0.046863121
0.040081744
0.025712932
0.012917517
0.0029839113
0.0090691115
0.010721751
0.012961253
0.01608549
0.019828304
0.025252967
0.033173041
0.044312224
0.047739576
0.047347538
0.047119465
0.046972725
0.046867532
0.046793709
0.046746524
0.046716162
0.046696377
0.046686622
0.046644498
0.046644869
0.046645599
0.046647024
0.046649087
0.04665262
0.046658192
0.0466659
0.046678411
0.046691071
0.046720692
0.046767286
0.046845692
0.046988065
0.047239858
0.047363084
0.046859352
0.041018201
0.025223603
0.012964701
0.0034451538
0.0094491542
0.011273035
0.014038568
0.01726448
0.021296426
0.026829276
0.034880324
0.046353797
0.047780511
0.047373447
0.047136641
0.046983149
0.046873512
0.046796332
0.04674691
0.046714984
0.046694285
0.046684073
0.046639261
0.046639641
0.046640384
0.046641841
0.046643934
0.046647516
0.046653116
0.046660864
0.046673333
0.046686013
0.046715527
0.046761978
0.046840071
0.046982253
0.047233186
0.047355354
0.046857186
0.040531683
0.0240478
0.013154641
0.0039668299
0.0096895804
0.01224905
0.015207745
0.018459034
0.022857822
0.028738993
0.0373745
0.048155667
0.047818045
0.047397758
0.0471529
0.046993395
0.046879625
0.046799302
0.046747751
0.046714346
0.046692772
0.046682117
0.046634064
0.046634451
0.046635206
0.04663669
0.046638808
0.046642432
0.046648052
0.046655831
0.046668259
0.04668093
0.046710324
0.046756678
0.046834507
0.046976619
0.047226988
0.047348455
0.046857805
0.038246489
0.022029616
0.013362599
0.004542577
0.010655101
0.013076474
0.016497924
0.020011167
0.024608662
0.030746985
0.039982371
0.048216905
0.047852851
0.047420226
0.047168221
0.047003353
0.046885828
0.046802549
0.046749006
0.046714205
0.046691796
0.046680724
0.046628906
0.0466293
0.046630066
0.046631574
0.046633713
0.046637375
0.046643014
0.046650824
0.046663213
0.046675858
0.046705148
0.046751465
0.046829172
0.046971412
0.047221731
0.047343146
0.046861541
0.035432663
0.020043234
0.010688599
0.0051462832
0.011265496
0.014149308
0.01822086
0.021889162
0.026809719
0.033407201
0.042845229
0.048271203
0.047885193
0.047440566
0.047182532
0.047012925
0.046891977
0.046806014
0.04675061
0.046714511
0.04669132
0.046679852
0.046623784
0.046624184
0.046624959
0.046626489
0.046628649
0.046632344
0.046638
0.046645842
0.046658208
0.046670867
0.046700055
0.046746435
0.046824237
0.046967034
0.047217815
0.047339907
0.046867735
0.034197391
0.019436642
0.0086867265
0.0057512137
0.012324952
0.015572038
0.019929399
0.024152726
0.029466337
0.036695717
0.046440585
0.04831865
0.047914824
0.047458826
0.047195738
0.04702204
0.046897964
0.046809648
0.046752494
0.04671519
0.046691272
0.046679438
0.046618699
0.046619104
0.046619887
0.046621438
0.046623617
0.046627345
0.046633022
0.046640902
0.046653269
0.046666
0.046696357
0.046743684
0.046823375
0.0469706
0.04722272
0.047332875
0.046825589
0.038797563
0.020502885
0.0086783651
0.0034448797
0.0057790814
0.013535575
0.018350941
0.0225756
0.027167512
0.032724274
0.040486534
0.048138815
0.048359134
0.047940927
0.047475357
0.047207788
0.047030597
0.046903722
0.046813338
0.046754569
0.046716184
0.046691593
0.046679417
0.046613646
0.046614057
0.046614848
0.046616419
0.046618619
0.046622381
0.046628085
0.046636015
0.04664841
0.046661214
0.046690322
0.046739148
0.046819335
0.04696786
0.047220859
0.047332033
0.046830489
0.036394827
0.022639025
0.011825552
0.0033484973
0.0062536936
0.017593947
0.021064694
0.02592553
0.030961401
0.036350862
0.044714798
0.048195368
0.048393256
0.047962571
0.04748996
0.047218681
0.047038516
0.046909163
0.046816991
0.046756765
0.046717392
0.046692193
0.046679708
0.046608626
0.046609042
0.046609842
0.046611433
0.046613655
0.046617453
0.046623193
0.046631185
0.046643626
0.046656583
0.046685702
0.046734892
0.046815783
0.046965905
0.047220009
0.047333167
0.04683267
0.041672911
0.027374575
0.011110798
0.0032702081
0.0066494308
0.020695282
0.02532587
0.030426757
0.03561293
0.041526121
0.047579781
0.048243992
0.048421354
0.047979826
0.047502627
0.047228328
0.047045734
0.046914237
0.046820523
0.046759051
0.046718748
0.046693001
0.046680237
0.046603635
0.046604056
0.046604866
0.046606477
0.046608725
0.046612563
0.046618346
0.046626414
0.046638932
0.046652062
0.046681222
0.046730904
0.04681268
0.046964631
0.04722009
0.047334811
0.04683289
0.044211075
0.034149458
0.010238927
0.0032065979
0.0069813498
0.021096842
0.031053131
0.036488465
0.041691242
0.046290047
0.047637963
0.048283764
0.04844417
0.047994325
0.047513342
0.047236981
0.047052226
0.046918838
0.04682385
0.046761293
0.046720163
0.046693928
0.046680917
0.046598673
0.0465991
0.04659992
0.046601553
0.046603829
0.046607711
0.046613545
0.046621705
0.046634315
0.046647645
0.046676971
0.04672714
0.046809948
0.046963889
0.047220809
0.04733657
0.046830284
0.044160282
0.033802865
0.0093779235
0.0031541923
0.007267624
0.0214299
0.031930806
0.039231231
0.043821393
0.046363482
0.04768503
0.048315855
0.048462142
0.048004939
0.047521416
0.04724442
0.047057918
0.046923045
0.046826898
0.046763426
0.046721597
0.046694904
0.046681676
0.046593737
0.046594169
0.046595001
0.046596657
0.046598964
0.046602894
0.046608788
0.04661705
0.04662978
0.046643331
0.046672864
0.046722124
0.046807508
0.046963502
0.047221866
0.047337937
0.046824711
0.044094551
0.033406813
0.0086062152
0.0031141656
0.0075206157
0.021714986
0.03215949
0.039388437
0.043920086
0.046423815
0.047722929
0.048341546
0.048475626
0.048012306
0.047527688
0.047250249
0.047062505
0.046926712
0.046829661
0.046765385
0.046722937
0.04669585
0.046682438
0.046588825
0.046589264
0.046590108
0.046591788
0.04659413
0.046598111
0.046604071
0.046612447
0.046625306
0.046639105
0.046668873
0.046718522
0.04680526
0.046963312
0.047222983
0.047338567
0.046816039
0.044016354
0.03298366
0.0079451947
0.0030888153
0.0077481885
0.021964952
0.032355823
0.039522765
0.044002336
0.046473376
0.047753217
0.048361873
0.048485118
0.048017292
0.047532323
0.047254938
0.047066296
0.046929629
0.046832049
0.046767106
0.046724159
0.046696709
0.04668314
0.046583933
0.046584378
0.046585237
0.046586942
0.046589321
0.046593357
0.04659939
0.046607885
0.046620892
0.046634949
0.046664981
0.046715236
0.046803041
0.046963183
0.047223942
0.047338275
0.046804261
0.043928555
0.032550074
0.0073906045
0.0030783635
0.0079558939
0.022181683
0.03252683
0.039638273
0.04407085
0.046514275
0.047777849
0.0483776
0.0484912
0.048020124
0.047535489
0.047258531
0.047069307
0.046931971
0.046833906
0.046768458
0.046725179
0.046697432
0.046683722
0.046579061
0.046579513
0.046580386
0.046582117
0.046584535
0.046588629
0.046594739
0.04660336
0.046616516
0.046630845
0.04666116
0.046712009
0.046798656
0.046963005
0.047224574
0.047336957
0.046789632
0.043833744
0.032113312
0.0069281281
0.0030745887
0.008148288
0.0223745
0.032673328
0.039737815
0.044127985
0.046548173
0.047798013
0.048389361
0.048494405
0.048021011
0.047537345
0.0472611
0.047071564
0.046933739
0.046835339
0.046769491
0.046725907
0.046697962
0.046684146
0.046574203
0.046574662
0.046575551
0.046577309
0.046579768
0.04658392
0.04659011
0.046598859
0.046612172
0.04662678
0.046657385
0.046708814
0.04679683
0.04696268
0.047224797
0.047334573
0.046772494
0.043733819
0.031675989
0.0065421268
0.0030748939
0.0083276865
0.022548518
0.032803494
0.039824166
0.044175997
0.046576302
0.047814296
0.048397731
0.048495184
0.048020226
0.047538032
0.047262715
0.047073089
0.04693493
0.046836325
0.046770172
0.046726356
0.046698241
0.046684348
0.046569358
0.046569825
0.046570729
0.046572515
0.046575016
0.046579227
0.046585498
0.046594375
0.046607839
0.046622728
0.046653626
0.046705796
0.046794853
0.046962147
0.047224566
0.047331172
0.04675316
0.043630233
0.031240149
0.0062186359
0.0030786542
0.008494938
0.02270429
0.032917838
0.039899145
0.044216584
0.046599548
0.047827284
0.048403328
0.048493942
0.048018032
0.047537685
0.047263465
0.047073918
0.046935564
0.046836863
0.04677049
0.046726506
0.046698259
0.046684306
0.046564522
0.046564995
0.046565916
0.046567729
0.046570272
0.046574542
0.046580894
0.046589896
0.046603513
0.04661868
0.046649861
0.046704293
0.046792766
0.046961379
0.047223865
0.047326876
0.0467319
0.043524065
0.030807461
0.0059456245
0.0030853512
0.0086506413
0.022844234
0.033021221
0.03996434
0.044251087
0.046618588
0.047837608
0.048406722
0.048491044
0.048014654
0.047536418
0.04726342
0.047074082
0.046935653
0.046836949
0.046770428
0.046726334
0.046697987
0.046683995
0.046559692
0.046560173
0.04656111
0.04656295
0.046565535
0.046569863
0.046576292
0.046585416
0.046599175
0.046614617
0.046646069
0.046700978
0.046790554
0.046960371
0.047222711
0.047321831
0.046709
0.043415908
0.030379711
0.0057141134
0.0030945612
0.0087963979
0.022971816
0.033115335
0.04002133
0.044280796
0.046634267
0.047845693
0.048408343
0.048486799
0.048010299
0.047534352
0.04726267
0.047073627
0.04693523
0.046836594
0.046769992
0.046725834
0.046697418
0.0466834
0.046554863
0.046555352
0.046556305
0.046558171
0.046560797
0.04656518
0.046571685
0.046580924
0.046594819
0.046610528
0.046642233
0.046697642
0.046788208
0.046959131
0.047221144
0.047316131
0.046684738
0.043306052
0.029958713
0.0055167464
0.0031059553
0.008933932
0.023089697
0.033201736
0.040071862
0.044306857
0.046647323
0.047851929
0.048408503
0.048481452
0.048005148
0.04753159
0.047261278
0.047072592
0.046934314
0.046835806
0.046769177
0.046724996
0.046696535
0.046682509
0.046550036
0.046550531
0.046551501
0.046553392
0.046556056
0.046560493
0.046567069
0.046576417
0.046590436
0.0466064
0.046638334
0.0466942
0.046785723
0.046957673
0.047219203
0.047309829
0.046659398
0.04319578
0.029545804
0.0053475328
0.0031192968
0.0090640987
0.023199524
0.033282239
0.040117516
0.044330151
0.04665836
0.047856632
0.048407442
0.048475195
0.047999358
0.047528242
0.047259322
0.04707103
0.046932945
0.046834606
0.046767998
0.046723828
0.046695344
0.046681319
0.046545203
0.046545705
0.04654669
0.046548605
0.046551307
0.046555793
0.046562436
0.046571885
0.046586019
0.046602225
0.046634379
0.046690621
0.04678309
0.046956008
0.047216914
0.047302987
0.046633269
0.043085662
0.029141608
0.005201748
0.0031343961
0.0091871483
0.023301948
0.033356789
0.040159464
0.044351229
0.046667797
0.047860037
0.048405364
0.048468187
0.047993063
0.047524394
0.047256858
0.047068983
0.046931147
0.046833011
0.046766463
0.046722329
0.04669384
0.046679828
0.046540365
0.046540874
0.046541873
0.04654381
0.046546547
0.04655108
0.046557784
0.046567326
0.04658156
0.046597999
0.046630366
0.046686931
0.0467803
0.046954146
0.04721431
0.047295706
0.046606616
0.042975783
0.028746619
0.0050757828
0.0031510557
0.0093034428
0.023396961
0.033425295
0.04019783
0.044370361
0.046675904
0.04786232
0.048402459
0.048460566
0.047986378
0.047520135
0.047253952
0.047066504
0.04692896
0.046831047
0.046764592
0.046720515
0.046692037
0.046678044
0.046535517
0.046536032
0.046537045
0.046539002
0.046541773
0.046546347
0.046553107
0.046562734
0.046577059
0.046593717
0.046626281
0.046683139
0.046777347
0.046952093
0.047211427
0.047288085
0.046579658
0.042866296
0.028361418
0.0049666825
0.0031690931
0.0094136373
0.023484856
0.033487541
0.040232877
0.044387794
0.046682889
0.047863616
0.048398904
0.048452458
0.047979396
0.047515528
0.047250651
0.047063635
0.04692641
0.046828735
0.046762396
0.046718392
0.046689938
0.046675971
0.046530659
0.046531179
0.046532204
0.046534181
0.046536981
0.046541594
0.046548403
0.046558107
0.04657251
0.046589376
0.046622121
0.046679233
0.046774229
0.046949859
0.047208306
0.047280198
0.04655256
0.042757264
0.027986493
0.0048719051
0.0031883682
0.0095183907
0.023566115
0.033544569
0.040265365
0.044403843
0.046688928
0.047864024
0.04839485
0.048443981
0.047972198
0.047510641
0.04724701
0.047060423
0.046923536
0.046826105
0.046759901
0.046715981
0.046687561
0.046673624
0.046525787
0.046526311
0.046527349
0.046529342
0.046532169
0.046536816
0.046543669
0.046553441
0.046567911
0.046584971
0.046617874
0.046675243
0.046770952
0.046947453
0.04720498
0.047272087
0.046525425
0.042648744
0.027622186
0.0047894814
0.0032087606
0.0096180699
0.023641204
0.03359742
0.040295922
0.044418757
0.046694159
0.047863622
0.048390411
0.048435238
0.04796485
0.047505517
0.047243067
0.047056905
0.046920362
0.046823178
0.04675712
0.046713293
0.046684914
0.04667101
0.046520901
0.04652143
0.046522477
0.046524485
0.046527336
0.046532013
0.046538905
0.046548738
0.046563265
0.046580506
0.046613537
0.046671134
0.046767523
0.046944888
0.047201468
0.047263774
0.046498304
0.042540837
0.027268718
0.0047175896
0.0032301663
0.0097129808
0.023709809
0.033646662
0.040324389
0.04443264
0.046698667
0.047862474
0.048385665
0.048426318
0.047957406
0.047500202
0.047238868
0.047053122
0.046916923
0.046819984
0.04675408
0.04671035
0.046682018
0.046668148
0.046515997
0.046516529
0.046517586
0.046519606
0.046522479
0.046527183
0.046534107
0.046543993
0.046558567
0.046575976
0.046609122
0.04666568
0.046763955
0.046942173
0.047197775
0.047255275
0.046471226
0.042433682
0.026926236
0.0046548281
0.0032524906
0.0098034525
0.02377335
0.03369138
0.04035079
0.044445576
0.046702499
0.047860651
0.048380667
0.048417287
0.047949908
0.047494728
0.047234443
0.047049102
0.046913241
0.046816541
0.046750793
0.046707163
0.046678882
0.046665049
0.046511076
0.046511612
0.046512677
0.046514708
0.046517599
0.046522326
0.046529277
0.04653921
0.046553826
0.046571383
0.046604636
0.046661313
0.046760255
0.046939311
0.047193904
0.047246614
0.046444208
0.042327406
0.026594761
0.0046001867
0.0032756404
0.0098893639
0.023833197
0.033733071
0.040375664
0.044457631
0.046705676
0.047858242
0.04837546
0.048408193
0.047942388
0.047489122
0.047229829
0.047044878
0.046909347
0.046812878
0.046747286
0.046703757
0.04667553
0.046661732
0.046506136
0.046506674
0.046507746
0.046509786
0.046512693
0.046517439
0.046524413
0.046534385
0.046549034
0.046566729
0.046600083
0.046656957
0.046756434
0.046936301
0.047189859
0.047237817
0.046417268
0.042222086
0.026274212
0.0045528655
0.0032994836
0.0099706333
0.023889291
0.033771805
0.040399082
0.044468755
0.046708203
0.047855358
0.048370088
0.048399073
0.047934874
0.047483412
0.047225047
0.047040473
0.046905259
0.046809011
0.046743571
0.046700143
0.046671969
0.046658207
0.046501178
0.046501718
0.046502796
0.046504844
0.046507764
0.046512526
0.046519518
0.046529523
0.046544202
0.046562021
0.046595463
0.046652553
0.046752418
0.046933143
0.047185651
0.047228917
0.046390421
0.042117766
0.025964505
0.0045120815
0.0033238705
0.01004727
0.023941454
0.033807855
0.040420409
0.044478877
0.046710098
0.047852125
0.048364598
0.048389959
0.047927386
0.047477614
0.047220128
0.047035913
0.046901005
0.046804966
0.046739672
0.046696342
0.046668223
0.046654494
0.046496199
0.046496741
0.046497823
0.046499877
0.046502808
0.046507583
0.046514589
0.046524621
0.046539323
0.046557258
0.046590778
0.046648067
0.046746202
0.046929839
0.047181294
0.047219942
0.04636367
0.042014495
0.025665695
0.0044771419
0.0033486991
0.010119263
0.023989156
0.033841277
0.040439657
0.044488048
0.046711414
0.047848668
0.048359041
0.048380886
0.047919938
0.047471757
0.047215087
0.047031217
0.046896598
0.046800756
0.046735601
0.046692365
0.046664299
0.046650605
0.046491202
0.046491746
0.046492832
0.04649489
0.04649783
0.046502615
0.046509631
0.046519686
0.046534406
0.046552447
0.046586033
0.046643503
0.046741924
0.046926363
0.047176798
0.047210919
0.046337021
0.04191234
0.025377936
0.0044474495
0.0033738984
0.010187503
0.024032221
0.033871543
0.040457614
0.044496327
0.046712212
0.047845094
0.048353456
0.048371887
0.047912544
0.047465847
0.047209947
0.047026405
0.046892061
0.046796404
0.046731379
0.046688233
0.04666022
0.046646555
0.046486184
0.046486729
0.046487818
0.046489879
0.046492825
0.046497617
0.046504642
0.046514714
0.046529448
0.046547588
0.046581231
0.04663887
0.046737743
0.046919151
0.047172173
0.047201871
0.046310481
0.041811369
0.025101312
0.0044225048
0.0033994522
0.010252849
0.024072315
0.033900132
0.040474306
0.044503656
0.046712536
0.047841468
0.048347868
0.048362995
0.047905213
0.047459915
0.047204722
0.047021491
0.046887407
0.04679192
0.046727016
0.046683954
0.046655991
0.046642356
0.04648115
0.046481695
0.046482785
0.046484848
0.046487799
0.046492597
0.046499625
0.046509711
0.046524456
0.046542684
0.046576376
0.046634175
0.04673348
0.046915233
0.047167303
0.047192814
0.046284064
0.041711627
0.024835702
0.0044018768
0.0034253423
0.010315222
0.024110572
0.033926917
0.040489747
0.044509966
0.046712415
0.04783782
0.048342284
0.048354235
0.047897954
0.047453957
0.047199429
0.047016494
0.046882653
0.046787323
0.04672253
0.046679547
0.046651633
0.046638024
0.046476095
0.04647664
0.046477732
0.046479795
0.046482748
0.046487549
0.046494581
0.046504677
0.046519431
0.046537745
0.046571474
0.046629425
0.046729147
0.0469115
0.047159136
0.047183763
0.046257783
0.041613132
0.024580762
0.0043852051
0.0034515323
0.01037458
0.024147133
0.033952238
0.040503568
0.044515298
0.046711873
0.047834151
0.048336695
0.048345622
0.047890772
0.047448008
0.047194078
0.047011425
0.046877809
0.046782623
0.04671793
0.04667502
0.046647152
0.046633567
0.046471024
0.046471568
0.046472661
0.046474724
0.046477679
0.04648248
0.046489512
0.046499617
0.046514377
0.046532767
0.046566531
0.046624626
0.046724749
0.046907656
0.047154239
0.047177139
0.046231654
0.041515876
0.024336019
0.0043722108
0.00347798
0.010431112
0.02418199
0.033976484
0.040515887
0.044519691
0.046710926
0.04783045
0.048331091
0.048337163
0.047883674
0.047442052
0.047188682
0.047006297
0.046872892
0.046777837
0.046713233
0.046670389
0.046642564
0.046629001
0.046465934
0.046466479
0.046467571
0.046469632
0.046472587
0.046477388
0.046484418
0.046494527
0.046509293
0.046527756
0.046561552
0.046619786
0.046720297
0.046903716
0.047149271
0.047168394
0.046225794
0.041420472
0.024100964
0.0043626691
0.0035046263
0.010485058
0.024215344
0.033999316
0.040527179
0.044522994
0.046709586
0.047826711
0.048325463
0.04832886
0.047876665
0.047436126
0.047183251
0.047001119
0.046867906
0.046772969
0.046708445
0.04666566
0.046637874
0.046624332
0.04646083
0.046461374
0.046462466
0.046464525
0.046467478
0.046472277
0.046479303
0.046489418
0.046504186
0.046522716
0.04655654
0.046614912
0.046715796
0.046899687
0.047144232
0.047159413
0.046199914
0.041400901
0.024037781
0.0043566129
0.003530493
0.010536625
0.024246506
0.034020223
0.040537001
0.044525198
0.046707892
0.047822936
0.048319813
0.048320716
0.047869749
0.047430206
0.047177795
0.046995904
0.046862867
0.046768036
0.046703579
0.046660847
0.046633099
0.046619573
0.04645571
0.046456253
0.046457343
0.046459399
0.04646235
0.046467146
0.046474168
0.046484283
0.046499053
0.046517647
0.0465515
0.046610009
0.046711255
0.046895585
0.047139136
0.047150475
0.0461739
0.041305473
0.023825783
0.0043837291
0.0035505318
0.010536662
0.024275368
0.034039389
0.040545388
0.044526479
0.046705906
0.04781914
0.048314144
0.048312735
0.04786293
0.047424329
0.04717232
0.046990657
0.046857778
0.046763042
0.046698642
0.046655956
0.046628241
0.04661473
0.046450577
0.046451118
0.046452207
0.046454259
0.046457208
0.046461999
0.046469015
0.046479131
0.046493904
0.046512558
0.046546437
0.046605083
0.04670668
0.046891419
0.047133997
0.047141577
0.04614806
0.041211077
0.023610233
0.0043816986
0.0035767618
0.010584832
0.024301866
0.034056941
0.040552347
0.044527009
0.046703694
0.047815336
0.048308461
0.048304919
0.047856214
0.047418464
0.047166836
0.046985389
0.046852652
0.046757999
0.046693646
0.046650998
0.046623314
0.046609816
0.046445429
0.04644597
0.046447057
0.046449104
0.046452049
0.046456835
0.046463845
0.046473961
0.046488737
0.046507451
0.046541354
0.046600139
0.046702078
0.046887198
0.047128824
0.047132716
0.046122332
0.04111754
0.023403096
0.0043827702
0.0036019221
0.010631067
0.024326457
0.034072712
0.040557903
0.044526937
0.046701309
0.047811538
0.048302767
0.048297264
0.047849604
0.047412653
0.047161348
0.046980104
0.046847491
0.04675291
0.046688594
0.046645978
0.04661832
0.046604833
0.046440272
0.046440811
0.046441895
0.046443939
0.046446879
0.046451659
0.046458662
0.046468777
0.046483554
0.046502324
0.046536255
0.046595181
0.046697459
0.046882938
0.047123626
0.047123888
0.046096758
0.041024922
0.023203406
0.0043868818
0.0036262454
0.010675847
0.024348907
0.034086491
0.040562138
0.044526421
0.046698797
0.047807753
0.048297066
0.04828976
0.047843105
0.047406857
0.047155863
0.04697481
0.046842306
0.046747785
0.046683498
0.046640906
0.046613273
0.046599793
0.046435102
0.046435639
0.046436721
0.04643876
0.046441695
0.046446469
0.046453465
0.046463578
0.046478358
0.046497186
0.046531142
0.046590215
0.046692825
0.046878644
0.04711841
0.04711508
0.046071281
0.040933328
0.023010891
0.0043936428
0.003650026
0.010719087
0.024369431
0.034098211
0.040565159
0.044525623
0.046696212
0.047803994
0.048291364
0.048282393
0.047836719
0.047401124
0.047150386
0.046969511
0.046837098
0.046742628
0.046678359
0.046635784
0.046608171
0.046594699
0.046429925
0.04643046
0.046431539
0.046433572
0.046436503
0.04644127
0.046448259
0.04645837
0.046473153
0.046492036
0.046526021
0.046585244
0.046688184
0.046874332
0.047113185
0.047106288
0.046045947
0.040842459
0.022825966
0.0044023934
0.0036731684
0.010760977
0.024388267
0.034108041
0.040567247
0.044524689
0.046693611
0.047800275
0.048285672
0.048275149
0.047830449
0.047395408
0.047144922
0.046964213
0.046831877
0.046737447
0.046673187
0.046630624
0.046603028
0.046589559
0.046424737
0.046425271
0.046426347
0.046428374
0.046431299
0.046436059
0.046443041
0.04645315
0.04646794
0.046486874
0.046520893
0.046580272
0.046683549
0.046870007
0.047107953
0.047097509
0.046020694
0.040752437
0.022647543
0.0044129745
0.0036955669
0.010801704
0.024405813
0.034116314
0.040568919
0.044523703
0.046691042
0.04779661
0.048280005
0.048268013
0.047824297
0.047389764
0.047139478
0.04695892
0.046826642
0.046732243
0.046667983
0.046625425
0.046597843
0.046584377
0.046419544
0.046420076
0.046421149
0.04642317
0.04642609
0.046430843
0.046437817
0.046447926
0.04646272
0.046481706
0.046515761
0.046575306
0.046678907
0.046865676
0.047102722
0.047088738
0.045995549
0.040663081
0.022475201
0.0044252374
0.0037174608
0.010841855
0.024422439
0.034123589
0.040570344
0.0445227
0.046688536
0.047793014
0.048274381
0.048260976
0.047818266
0.047384138
0.047134056
0.046953635
0.046821402
0.046727023
0.046662757
0.046620197
0.046592625
0.04657916
0.046414344
0.046414873
0.046415943
0.046417958
0.046420872
0.046425617
0.046432585
0.046442693
0.046457497
0.046476537
0.046510625
0.046570337
0.046674276
0.046861352
0.047097496
0.047079969
0.045970488
0.040574601
0.022309195
0.0044390603
0.0037388373
0.010881434
0.024438798
0.034130132
0.040571533
0.044521733
0.046686114
0.047789493
0.048268818
0.04825403
0.047812354
0.047378594
0.047128661
0.046948361
0.046816157
0.046721789
0.046657508
0.04661494
0.046587375
0.046573909
0.04640914
0.046409668
0.046410734
0.046412743
0.046415651
0.046420389
0.04642735
0.046437458
0.046452271
0.04647136
0.046505489
0.046565371
0.046669655
0.046857034
0.047092275
0.04707119
0.045945475
0.040486583
0.022148105
0.0044543244
0.0037592147
0.010920811
0.024455354
0.034136422
0.040572482
0.044520858
0.046683783
0.047786045
0.048263328
0.048247172
0.047806561
0.04737307
0.047123296
0.046943103
0.046810913
0.046716546
0.046652244
0.046609662
0.046582101
0.046568632
0.046403931
0.046404456
0.046405519
0.046407522
0.046410424
0.046415155
0.04642211
0.046432219
0.046447046
0.046466184
0.046500353
0.046560411
0.046665047
0.046852733
0.047087062
0.047062402
0.045920531
0.0403994
0.02199268
0.0044709223
0.0037784303
0.010960239
0.024472187
0.034142701
0.040573588
0.04452008
0.046681526
0.047782659
0.048257922
0.048240398
0.047800881
0.047367636
0.047117966
0.046937862
0.04680567
0.046711295
0.046646964
0.046604363
0.046576802
0.046563329
0.046398721
0.046399244
0.046400303
0.0464023
0.046405197
0.046409921
0.04641687
0.046426981
0.046441819
0.046461007
0.046495219
0.046555459
0.046660453
0.046848447
0.047081859
0.047053601
0.04589565
0.040312811
0.021841626
0.0044887576
0.0037965893
0.010999278
0.024489324
0.034149034
0.040575301
0.044519301
0.046679302
0.047779316
0.048252604
0.048233706
0.047795313
0.047362225
0.047112671
0.04693264
0.046800434
0.046706042
0.046641676
0.04659905
0.046571487
0.046558007
0.046393507
0.046394028
0.046395084
0.046397074
0.046399966
0.046404683
0.046411627
0.046421741
0.046436599
0.046455833
0.046490087
0.046550515
0.046655876
0.046844181
0.047076665
0.047044783
0.045870798
0.040226943
0.021695846
0.0045077396
0.0038137059
0.011038004
0.024506857
0.034155586
0.04057734
0.044518433
0.046677065
0.047775992
0.048247374
0.048227091
0.047789846
0.047356914
0.047107417
0.046927439
0.046795204
0.046700785
0.046636378
0.046593722
0.046566152
0.046552666
0.046388295
0.046388814
0.046389866
0.04639185
0.046394737
0.046399447
0.046406388
0.046416504
0.046431375
0.046450662
0.04648496
0.046545584
0.046651318
0.046839937
0.047071484
0.047035955
0.045846005
0.04014169
0.021554159
0.0045277935
0.0038301036
0.011076693
0.024524506
0.034162557
0.040579561
0.044517449
0.046674782
0.047772664
0.048242229
0.048220552
0.047784475
0.047351627
0.047102204
0.046922262
0.046789984
0.046695531
0.046631077
0.046588386
0.046560808
0.046547312
0.046383081
0.046383598
0.046384647
0.046386624
0.046389506
0.04639421
0.046401148
0.04641127
0.046426164
0.046445496
0.046479841
0.046540663
0.046646781
0.046835713
0.047066315
0.047027122
0.045821233
0.040056991
0.021417009
0.0045488905
0.003846306
0.011114789
0.024541718
0.034169427
0.040581857
0.04451636
0.046672439
0.047769314
0.048237164
0.048214088
0.047779188
0.047346452
0.047097036
0.046917109
0.046784775
0.046690278
0.046625772
0.04658304
0.04655545
0.046541944
0.04637787
0.046378385
0.04637943
0.046381402
0.046384279
0.046388978
0.046395914
0.046406041
0.046420953
0.046440335
0.04647473
0.046535758
0.046642269
0.046831511
0.047061159
0.047018286
0.045796494
0.039972919
0.021283722
0.0045710248
0.0038624179
0.011151525
0.024558118
0.034176299
0.040584208
0.044515195
0.046670036
0.047765931
0.048232174
0.048207701
0.047773982
0.0473413
0.047091913
0.046911981
0.04677958
0.046685031
0.046620467
0.046577691
0.046550086
0.046536569
0.04637266
0.046373172
0.046374214
0.04637618
0.046379053
0.046383746
0.046390681
0.046400815
0.046415757
0.046435184
0.046469629
0.04653087
0.046637779
0.046827332
0.047056016
0.047009453
0.045771773
0.039889404
0.021154225
0.0045941999
0.003878412
0.011186814
0.024573547
0.034183194
0.040586642
0.044513995
0.046667585
0.047762512
0.048227255
0.048201396
0.047768844
0.047336271
0.047086839
0.046906881
0.046774399
0.04667979
0.046615162
0.046572337
0.046544714
0.046531185
0.046367454
0.046367964
0.046369003
0.046370963
0.046373832
0.04637852
0.046385454
0.046395599
0.046410561
0.046430039
0.046464541
0.046525999
0.046633313
0.046823173
0.047050884
0.04700062
0.045746989
0.039806063
0.02102778
0.0046183817
0.0038942197
0.011220591
0.024588014
0.03419014
0.040589194
0.044512798
0.046665105
0.047759058
0.048222404
0.048195181
0.04776377
0.047331265
0.047081814
0.046901809
0.046769235
0.046674557
0.046609862
0.046566984
0.046539341
0.046525797
0.046362249
0.046362758
0.046363794
0.046365748
0.046368614
0.046373299
0.046380234
0.046390387
0.046405382
0.046424905
0.046459466
0.046521147
0.046628873
0.046819032
0.047045762
0.046991786
0.045722218
0.039723233
0.020904391
0.004643521
0.0039098195
0.011253352
0.024601592
0.034197144
0.04059187
0.04451163
0.046662616
0.047755577
0.048217618
0.048189066
0.047758753
0.047326391
0.047076842
0.046896766
0.04676409
0.046669333
0.046604566
0.04656163
0.046533963
0.046520404
0.046357052
0.046357559
0.046358592
0.046360541
0.046363404
0.046368084
0.046375021
0.046385187
0.046400206
0.046419778
0.046454406
0.046516314
0.046624456
0.046814906
0.047040645
0.046982955
0.045697351
0.039640448
0.020783137
0.0046695428
0.0039253096
0.011285325
0.024614324
0.034204169
0.040594641
0.044510509
0.046660137
0.047752078
0.048212896
0.048183059
0.047753788
0.047321539
0.047071921
0.046891752
0.046758964
0.046664121
0.046599277
0.04655628
0.046528587
0.046515012
0.046351858
0.046352362
0.046353393
0.046355336
0.046358197
0.046362875
0.046369815
0.046379994
0.046395052
0.046414668
0.046449364
0.046511501
0.046620064
0.046810795
0.047035535
0.046974124
0.045672447
0.039557959
0.02066455
0.0046963502
0.003940862
0.011316644
0.024626225
0.034211145
0.040597456
0.04450944
0.046657685
0.047748577
0.048208238
0.048177167
0.04774887
0.047316828
0.047067057
0.046886771
0.046753858
0.046658921
0.046593995
0.046550932
0.04652321
0.046509618
0.046346672
0.046347174
0.046348202
0.046350141
0.046353
0.046357675
0.046364619
0.046374815
0.0463899
0.046409569
0.046444341
0.04650671
0.046615697
0.046806698
0.047030433
0.046965291
0.045647501
0.039475635
0.020548239
0.004723863
0.003956635
0.011347266
0.024637303
0.034217977
0.040600281
0.044508409
0.046655273
0.047745088
0.048203642
0.048171394
0.047743997
0.047312135
0.047062247
0.04688182
0.046748775
0.046653735
0.046588724
0.046545591
0.046517839
0.046504228
0.046341488
0.046341988
0.046343014
0.046344949
0.046347806
0.04635248
0.04635943
0.046369643
0.046384774
0.046404485
0.046439338
0.046501941
0.046611352
0.046802615
0.04702534
0.046956459
0.045622488
0.039393636
0.0204345
0.0047520082
0.0039726875
0.011377198
0.024647611
0.034224583
0.040603082
0.044507384
0.046652913
0.047741629
0.04819911
0.048165743
0.047739163
0.047307592
0.047057493
0.046876901
0.046743713
0.046648561
0.046583458
0.046540253
0.046512466
0.046498836
0.04633634
0.046336839
0.046337863
0.046339793
0.046342649
0.04634732
0.046354276
0.046364506
0.046379666
0.046399415
0.046434356
0.046497195
0.046607032
0.04679855
0.047020263
0.046947641
0.045597408
0.039311817
0.020322959
0.0047807309
0.0039890775
0.011406432
0.024657237
0.034230911
0.040605782
0.044506334
0.046650618
0.047738222
0.048194644
0.04816021
0.047734368
0.047303074
0.047052816
0.04687204
0.046738702
0.046643434
0.046578239
0.046534959
0.046507137
0.046493485
0.046331126
0.046331646
0.046332701
0.046334675
0.046337544
0.046342219
0.046349186
0.046359441
0.046374658
0.046394373
0.046429396
0.04649247
0.046602734
0.046794505
0.047015211
0.046938843
0.045572334
0.039230324
0.020214162
0.004810119
0.0040058461
0.011434636
0.024666293
0.034236935
0.040608264
0.044505245
0.046648408
0.047734892
0.048190248
0.048154791
0.047729616
0.047298804
0.047048258
0.046867269
0.046733765
0.046638367
0.04657307
0.046529707
0.046501845
0.046488026
0.00072335705
0.00027623639
0.00055117095
0.0011443128
0.0018052267
0.0032683637
0.00028314206
0.0012284298
0.0014711709
0.0017449253
0.0016589827
0.0021946283
0.0037348705
0.00208559
0.0017641752
0.0020096991
0.0036431696
0.0024484855
0.0052053403
0.0023128715
0.0029582691
0.0024131634
0.0069829593
0.0032354484
0.0036886586
0.0089221147
0.0039464154
0.0045702768
0.010982007
0.0047871876
0.00541932
0.013700478
0.00075148394
0.0055446672
0.0060173985
0.00078240424
0.012931796
0.0007479869
0.00093373684
0.0062024435
0.006895721
0.0011268587
0.012748417
0.00084294272
0.0011756995
0.0071831891
0.0080099724
0.0016551516
0.012749008
0.0012116628
0.0013365622
0.0082291494
0.0086763036
0.0024931717
0.012912684
0.0013905336
0.0017866889
0.0088298193
0.0091135946
0.0028776973
0.01292764
0.001849925
0.0022887547
0.0091766816
0.009789396
0.0033245136
0.013116662
0.0023557386
0.0021397728
0.013310006
0.0022275371
0.0025125406
0.012503737
0.0026135804
0.0029313368
0.009903567
0.0030420365
0.0033757173
0.0025297815
0.0067067006
0.003486366
0.0034798248
0.0032311559
0.0020713415
0.0016824871
0.00037942556
0.00019438345
0.0011566133
0.00073257027
0.00073914597
0.00049704849
0.0018652488
0.0013854126
0.0017131708
0.0026448909
0.0017034946
0.0027037339
0.0029526071
0.0029180629
0.0028888007
0.0029609288
0.003110501
0.0032462558
0.0034946658
0.0029507361
0.00076102569
0.0031687459
0.0032526462
0.00096958368
0.0035369774
0.0036408086
0.0014740049
0.0039847429
0.0041088914
0.0018660386
0.009548004
0.009972579
0.0038301914
0.0026212484
0.0025363121
0.0098683907
0.010071639
0.0043947055
0.0022922837
0.0021541438
0.010045282
0.010255909
0.0049931957
0.0023455898
0.0023112016
0.0022926654
0.0022991247
0.00015268024
0.00039080119
0.00036523526
0.00075927754
0.00014519001
0.00024566095
0.00085900512
0.00070610337
0.00088367751
0.00095865925
0.002352891
0.0023699709
0.0020634057
0.0030678085
0.0024030216
0.0028108731
0.0027283914
0.0014529034
0.0017793592
0.0025768244
0.0039740695
0.0030243416
0.004987511
0.0037207521
0.0032287771
0.0026271936
0.0028368846
0.0029594666
0.0060913917
0.0043545874
0.0058598183
0.0070273053
0.0029119677
0.0028880682
0.0062306577
0.0068305144
0.0062478972
0.0065409568
0.0030074289
0.0030809912
0.0060657817
0.0061652915
0.0056065642
0.0060174322
0.0032885574
0.0034360654
0.0054939727
0.0055496215
0.0054339659
0.0054804088
0.00075821033
0.0030178005
0.003091852
0.0050196345
0.0054036604
0.0048953793
0.0049463706
0.00079368473
0.00080202296
0.00098719905
0.0033402458
0.0034361444
0.0048514863
0.0048859611
0.0048222133
0.0048422036
0.00097709226
0.00099204236
0.0015154018
0.003750253
0.0038647668
0.0047939787
0.0048183657
0.0047906094
0.0047829189
0.001404948
0.0014303925
0.0019201529
0.0042369751
0.0043674058
0.0050701274
0.0048281549
0.0051198291
0.0051163513
0.0015519631
0.0016100103
0.0050791414
0.0051098673
0.005067453
0.0050743848
0.002033255
0.002097318
0.0052455182
0.0050766539
0.0053815297
0.0053245861
0.0019766105
0.0017476631
0.0022030919
0.0017099808
0.0020555919
0.0026286485
0.0054003246
0.0053829673
0.0056266178
0.0054416115
0.0023196892
0.0019369238
0.0021865137
0.0019125007
0.0019276276
0.0024143484
0.0025054979
0.0023203475
0.005688388
0.0056589947
0.0058629939
0.0057077722
0.0027173037
0.0019224969
0.0019117261
0.0024085959
0.00235979
0.0059878344
0.0059151307
0.0052965739
0.0060256191
0.002304678
0.002293347
0.0058836451
0.0057587867
0.0017032195
0.0010551445
0.0035120545
0.0014161497
0.0012566974
0.0010649248
0.0015444476
0.001697242
0.0014249611
0.0013654816
0.0046498469
0.0039201074
0.0029172344
0.0013339867
0.0013255212
0.0048406122
0.0053127559
0.0040003742
0.0012946869
0.0012876791
0.0096019792
0.011599667
0.015154132
0.0078950789
0.0086808082
0.0097920659
0.0014669407
0.0015140381
0.012906678
0.015215463
0.01648214
0.0089319153
0.0088865926
0.010990435
0.0017996666
0.0018471212
0.015480844
0.015442159
0.021002405
0.0086287766
0.0083397099
0.013228905
0.001802289
0.0018386787
0.00088698152
0.017329365
0.018095902
0.022375728
0.0081180228
0.0080909939
0.012813165
0.0022100226
0.0022687246
0.0013978643
0.01865309
0.018924029
0.024304403
0.0080450642
0.0080270786
0.012715092
0.018960275
0.019048463
0.025944042
0.0080965436
0.0081635124
0.012855228
0.0045038221
0.0046459572
0.0026764285
0.019057817
0.01908955
0.025596686
0.0081818063
0.0081634258
0.012905649
0.0051008593
0.0052596436
0.0030935779
0.019121423
0.018361373
0.024758404
0.008192078
0.0082533899
0.013018663
0.0025371308
0.0036633302
0.010211329
0.010647394
0.0056022726
0.003454313
0.0033617796
0.0025973385
0.0026365528
0.010850287
0.0035775966
0.0038340757
0.0033708604
0.00087341876
0.00062610567
0.00027036286
0.0020071947
0.0018268684
0.0012453785
0.00029822382
0.0001040148
0.00085813827
0.0012594075
0.00081767165
0.0003118234
0.00081788055
0.00086833755
0.0026214774
0.0015403351
0.0014870916
0.0036884281
0.002392039
0.0040732519
0.0034167566
0.0036106454
0.0029988929
0.0023329505
0.0032921339
0.0033289907
0.00265429
0.0013423089
0.0013353983
0.0022575598
0.0041816346
0.0041644471
0.0038965482
0.0039668289
0.0032429461
0.0034211899
0.0031840393
0.0038309211
0.0036463488
0.0034414237
0.0013040307
0.001296897
0.0037416913
0.0038842612
0.0030500131
0.0034297495
0.0014662012
0.001464853
0.0029918968
0.0030119211
0.0021769679
0.0026408056
0.010537142
0.0087128366
0.0090542179
0.0016735988
0.001769865
0.0021540986
0.0021686635
0.0021596065
0.0021556138
0.013847186
0.0088447958
0.0087826708
0.00071754828
0.001697148
0.0017514012
0.0021589936
0.0021619284
0.0013358765
0.0013446395
0.013038307
0.0081952275
0.0081477584
0.00070494918
0.00081670726
0.0010361297
0.0020948122
0.0021528428
0.0012993393
0.0013362561
0.0011800631
0.0012097357
0.01277637
0.0080706607
0.0080562144
0.0009035313
0.0011098606
0.0011549866
0.0011773387
0.0010119878
0.001043554
0.012722708
0.0080194805
0.008040412
0.0012850691
0.0012320752
0.0011254427
0.0012956519
0.0011142943
0.0010079511
0.0013757693
0.0014094682
0.012895171
0.0082012233
0.0081988981
0.0014418023
0.0011620964
0.0012358574
0.0012272759
0.0011396349
0.0017293706
0.0027749925
0.0047929713
0.0049448903
0.0013336444
0.001369916
0.0011124589
0.0011187214
0.012911926
0.008153737
0.008159378
0.0019085698
0.0012831422
0.0012563561
0.0011076211
0.0011106015
0.0013114299
0.0013020467
0.013075505
0.0083132511
0.0083448558
0.0013209739
0.0013136544
0.0015317124
0.0014780139
0.001538318
0.0015376926
0.0017073612
0.001573591
0.0020446251
0.0020049451
0.0028238637
0.0024032669
0.0017509506
0.0017370406
0.0019675772
0.0019069779
0.003152086
0.0021351334
0.0020886501
0.002236405
0.0021852702
0.0032648938
0.0035840984
0.0034779853
0.0019753726
0.0019730956
0.0036709428
0.0036551158
0.0023076343
0.0029259253
0.00023425633
0.00040499302
0.00076736077
0.00053353175
0.00045272489
0.00063845241
0.00053291099
0.00053298295
0.0012792079
0.0021579524
0.0012300526
0.0014080746
0.0027540199
0.0013627861
0.0013544235
0.0029381998
0.0020585841
0.0020657044
0.0020449274
0.0020526411
0.0029319513
0.0013241193
0.0013162735
0.0012887377
0.0013746247
0.0015541351
0.0016313247
0.0015324698
0.0015858402
0.00089228128
0.0018838136
0.0019392468
0.0014403054
0.0023300641
0.0023843502
0.0024413298
0.0024223836
0.0022284597
0.0022072784
0.0023315108
0.0033005058
0.0033800129
0.0031796171
0.0032800255
0.0023213215
0.0035934232
0.0030114741
0.0033390668
0.0032605439
0.00023119181
0.00021044615
0.00011309146
0.00023866223
9.307154e-05
0.000714986
0.00084252752
0.00094596558
0.00079900813
0.00049789747
0.0005579465
0.00087182629
0.00060028743
0.00067052499
0.00084149523
0.0018087461
0.0013535088
0.0015452448
0.0025947272
0.0028385754
0.0035126656
0.0030082501
0.0031588179
0.0032264371
0.0023495931
0.0013521023
0.0013451351
0.0027843141
0.0020875741
0.0020959484
0.0020726244
0.0020792264
0.0029739112
0.0040668754
0.0041155276
0.0021939031
0.0040266068
0.0040700011
0.0013140249
0.0013070671
0.0029007693
0.0020321093
0.0020384938
0.0034987412
0.0036010782
0.0034592716
0.0034915119
0.0014228213
0.001463587
0.0029749376
0.0029895859
0.006096078
0.004599249
0.0045817213
0.0057254287
0.004031321
0.0038804563
0.0045513385
0.0044348593
0.0059173828
0.002897184
0.0029701219
0.0016412715
0.0016595704
0.0021502436
0.0021509525
0.0055057308
0.0038123697
0.0037746434
0.0038500085
0.0038199761
0.0055224009
0.0054525703
0.0036959232
0.0036598871
0.0037562536
0.0037081916
0.0054658028
0.0021551766
0.0021512016
0.0016324741
0.0016604708
0.0007218784
0.0013728761
0.0021505245
0.0051781718
0.0034157319
0.0025135664
0.003646311
0.00354958
0.0053282731
0.0049034306
0.0024349157
0.0024225268
0.0024745826
0.0024408009
0.0049181055
0.0013467802
0.0013661283
0.00070153607
0.0008117341
0.0019906536
0.0020373746
0.0010157538
0.0012545884
0.0012937857
0.0048623444
0.0023763532
0.0023494403
0.0024188342
0.0023865245
0.0048743333
0.004827828
0.002313229
0.0022945649
0.0023415049
0.0023199057
0.0048341157
0.0012139646
0.001249532
0.00093993833
0.0010885772
0.0010957702
0.0011531297
0.004805493
0.0022676035
0.0022245146
0.0022891776
0.0022759847
0.0048139137
0.0047697069
0.0021683654
0.0021494332
0.0022118368
0.0021782577
0.0047748303
0.0010485317
0.0010891835
0.0013118703
0.0012491287
0.0011137317
0.0014163267
0.0012005465
0.0050089665
0.002331219
0.0024516185
0.0021501405
0.0022495021
0.0049100187
0.0051291428
0.0024495254
0.0024192534
0.0024586586
0.0024533754
0.0051207202
0.0014098145
0.0014205003
0.0011162971
0.0011152128
0.0014940218
0.0011204
0.0012795708
0.0013008452
0.0012245577
0.0013401366
0.0012726015
0.0012343189
0.0016680404
0.0011311525
0.0011182523
0.0013046035
0.0013294324
0.0050886988
0.0023633106
0.0023440915
0.0024069607
0.0023732402
0.0050978095
0.0050624227
0.0022767625
0.0022402682
0.0023376061
0.0022915329
0.0050674454
0.0011209863
0.0011285833
0.0013272836
0.0013277992
0.0013350812
0.0013277357
0.0013481188
0.0013688027
0.0013299149
0.0013423936
0.0012177403
0.0011094361
0.0051629724
0.0027797364
0.0028610761
0.0022274841
0.0027429366
0.0051098354
0.0053857307
0.0029346089
0.0029093535
0.002928766
0.0029469357
0.0053602169
0.0012970653
0.0012656616
0.0015195553
0.0015350911
0.0013795575
0.0015008439
0.0022858392
0.0015989477
0.0016235478
0.0015548332
0.001575485
0.0024468473
0.0021582339
0.0018544621
0.0013287357
0.001322948
0.0014225485
0.0013313753
0.0020929144
0.0017099124
0.0017413341
0.0016505237
0.001678705
0.0021139078
0.0024273641
0.0023925455
0.0015352946
0.001538388
0.0015527368
0.0015341573
0.0023911152
0.0023593659
0.0033917715
0.0024009626
0.0023758622
0.0017579279
0.0017524896
0.0018586746
0.0017625867
0.0036868588
0.0036011504
0.0022986532
0.0029041678
0.0029375472
0.0020954026
0.0020817859
0.00057998911
0.00053702309
0.00034191836
0.00091994014
0.0010200094
0.0036370204
0.0046520674
0.0023413534
0.0023158266
0.0027803121
0.00086172699
0.0077166198
0.0092605716
0.012682861
0.0058549
0.0062781948
0.0080432568
0.00494053
0.0055947185
0.0049143967
0.00067934415
0.0006729847
0.0059395697
0.0066123108
0.0056056577
0.00097973007
0.00099277735
0.0011926113
0.0012101844
0.00080735393
0.0027005434
0.002764668
0.0017571354
0.017767915
0.016643559
0.02353693
0.0083678096
0.0083993084
0.013195605
0.015697554
0.014441056
0.022256191
0.0085595281
0.0085916586
0.01340627
0.013114397
0.012548067
0.020757507
0.0087550077
0.0084001086
0.010878279
0.0027823035
0.0028977206
0.010752567
0.01249514
0.0056433555
0.00014435805
0.00023261996
0.00045489808
0.0012165558
0.0017455207
0.0020043729
0.00092406142
0.0010370944
0.001047187
0.0023880546
0.0034681703
0.0030273859
0.0023587226
0.0023908134
0.0014468497
0.0021054764
0.001415385
0.0013324032
0.0019564353
0.0018544077
0.002146509
0.00089100535
0.00086800205
0.0033085455
0.0033857973
0.0027510218
0.0022590264
0.0028925433
0.0023006535
0.0017899698
0.0023382115
0.0032782539
0.003286154
0.0025563338
0.0025682952
0.0025413632
0.0025530244
0.0014789267
0.0087690115
0.0068955442
0.0073799677
0.0041703881
0.00438574
0.0040943712
0.0049175934
0.0046798511
0.004358057
0.00068990662
0.00068132569
0.0050196907
0.0052164517
0.005152084
0.0053602696
0.0052831366
0.0052344293
0.00087482672
0.00096293016
0.00071460243
0.0011103399
0.0011549068
0.00072471455
0.0009017863
0.00084848772
0.00087221071
0.00085529328
0.0011462205
0.001608049
0.0025701886
0.0026329402
0.0012394362
0.00091444848
0.00089692789
0.0014972596
0.0014566975
0.0022254364
0.0032076036
0.0054234741
0.005590111
0.0020186408
0.0019061014
0.013253778
0.0084577101
0.0085171872
0.0021658548
0.0020544191
0.0028291131
0.0030032584
0.012468504
0.0086382575
0.0086984922
0.0028278898
0.002816581
0.0026916554
0.0026674862
0.0017237015
0.0029175496
0.0027325971
0.0027018246
0.003589372
0.0023405736
0.0022917036
0.00064652471
0.0010466627
0.00076235459
0.00036595188
0.00066785888
0.00078439937
0.00070678343
0.00078467444
0.0015451561
0.002422958
0.0017513059
0.0010918375
0.0010341348
0.0026520446
0.0019815833
0.0021312534
0.0020058855
0.0021046972
0.0021148903
0.0021947802
0.0028976164
0.0020162833
0.0020152831
0.002060556
0.0020303616
0.0029223937
0.00071679192
0.0031503425
0.0021657338
0.0021407675
0.0022318362
0.0022028157
0.0032018018
0.00082496593
0.00082883885
0.00093881917
0.00098716824
0.00093944999
0.0013176805
0.0013544133
0.002584526
0.0020416645
0.0025796704
0.0022686656
0.0027842719
0.0028127152
0.0022923648
0.0027933533
0.0028200745
0.0035478819
0.0030615583
0.00036820214
0.0011600695
0.00018414268
0.00024784652
0.00031861309
0.00068935528
0.00052682272
0.00086288205
0.0019062823
0.0022720346
0.003106032
0.0024521706
0.0017582341
0.0017817427
0.00065623461
0.00095756124
0.0018168024
0.0019561704
0.0013894665
0.0019189137
0.002139952
0.0019777113
0.0030536586
0.0036594261
0.00370709
0.0024751847
0.0029094023
0.002912134
0.0029118245
0.0029090336
0.0020201895
0.0020251331
0.0028956512
0.0018079367
0.001890842
0.0066513205
0.0053925208
0.005304046
0.0058762345
0.0056366279
0.006048136
0.0063840018
0.0050140405
0.0047327393
0.005258612
0.0051943463
0.0064842345
0.001713052
0.0017875237
0.00072852215
0.00072295665
0.0030349545
0.0021108814
0.0020932411
0.0021269767
0.0021195101
0.003061846
0.0046390513
0.0046135675
0.0061242713
0.00082847944
0.0008253791
0.0033289224
0.0022737454
0.0022529627
0.0010229223
0.0010352098
0.00074130741
0.00072602253
0.00080559293
0.0013850873
0.0014041499
0.00099662685
0.00074650568
0.00075102908
0.0009677647
0.0010218855
0.0007550254
0.00074560841
0.0024447035
0.0025068142
0.0015641652
0.0013474446
0.0013143822
0.0019720888
0.001545569
0.002004363
0.0019784607
0.001892778
0.0013971192
0.0014820562
0.0021601146
0.0014186844
0.0013811277
0.0016685426
0.0019080593
0.0018971905
0.0018590586
0.0018173663
0.0022268316
0.0017951763
0.0017849256
0.0018838593
0.001862859
0.0025487616
0.00097301702
0.0027333806
0.0053777836
0.00285271
0.0028532807
0.0028859365
0.0028633742
0.005372865
0.0055844095
0.0030249954
0.0030613589
0.0028850291
0.0029525991
0.005511115
0.0019153212
0.0018464622
0.0018826678
0.0017753921
0.0018089644
0.0019205298
0.0024860673
0.0020213464
0.0019848014
0.0028527792
0.0028805559
0.0023457458
0.0027168453
0.0026135474
0.0056784121
0.0030709911
0.0030730183
0.0030726158
0.0030689073
0.0056679444
0.0058027526
0.0031688416
0.0032350039
0.0030846896
0.0031117562
0.0057466682
0.0028769724
0.0027669586
0.0019230001
0.0019615865
0.0019130848
0.0029365059
0.0029041345
0.0032796697
0.0032913171
0.0059395492
0.0029652927
0.0029475433
0.0028464609
0.0028768628
0.0022961864
0.003296408
0.0032376311
0.00094412715
0.0010187983
0.0011887757
0.0012104405
0.0011285837
0.00086314916
0.001135713
0.0011010126
0.0027795131
0.0013827732
0.00097227065
0.0010835544
0.00093288812
0.00096415857
0.0013707079
0.0013304819
0.00075112476
0.00076878154
0.00073171939
0.00074537008
0.001327826
0.0012910449
0.00064613154
0.00065686311
0.00063639035
0.00064336365
0.0012882863
0.0014744883
0.00094631792
0.00094480189
0.00097079733
0.00095104355
0.0014862255
0.0006693178
0.00068076798
0.00099635603
0.00089055728
0.0008084707
0.0012232384
0.0012340768
0.0037225798
0.0036758185
0.0034257605
0.0036434188
0.0036954866
0.0036957025
0.0036356867
0.0033891617
0.004231625
0.0040962855
0.00035340442
0.00021346922
0.00028009155
0.00019112577
0.00014887925
0.00017656548
0.00089873842
0.001447312
0.0012877396
0.0006259623
0.00061984771
0.00044576855
0.0024328289
0.0014008335
0.0018668396
0.0021929856
0.00092073339
0.00089649279
0.0015334952
0.0012249859
0.0012371399
0.0011653121
0.0012211636
0.0015201336
0.002908773
0.0034949155
0.0034234951
0.0022812726
0.0013390898
0.0007873898
0.00081168005
0.00077020775
0.00078213418
0.0013370202
0.0032154321
0.0032675433
0.0023176913
0.0025719393
0.0026814743
0.0013009463
0.0006656852
0.00067551146
0.00065784596
0.00066325575
0.001298823
0.0022961415
0.0025345767
0.0038302121
0.0033377827
0.0031454863
0.0033963176
0.0033819127
0.0038666249
0.0031769033
0.002175678
0.0017823629
0.0026900116
0.0024804292
0.0033515982
0.001497856
0.0015516201
0.00070668041
0.00069319994
0.0014644092
0.00081342006
0.00081601066
0.00094484262
0.00081284284
0.0014640374
0.0029947879
0.0015772199
0.0015060472
0.0017299434
0.0016084317
0.0030008035
0.0021892492
0.0011604557
0.002261191
0.00082180834
0.00084853612
0.0021576174
0.0021626481
0.00215766
0.0021566063
0.001055838
0.0010756233
0.00070939586
0.0021659142
0.0021642326
0.0013387546
0.001339283
0.00071864747
0.00087558012
0.0013188149
0.0013261984
0.001192384
0.0011959381
0.00056065568
0.00086609348
0.00074927961
0.00076355642
0.00075719914
0.00075005424
0.0011257722
0.00084791076
0.00079454851
0.0011647256
0.0011670098
0.0010247352
0.0010291925
0.00080428456
0.00080778924
0.00077845273
0.00080205082
0.0011868949
0.0009776055
0.00098786225
0.0009635456
0.00097090256
0.0011712334
0.0010047096
0.0010036833
0.0013967076
0.0014024636
0.0011728332
0.0010521381
0.0010660346
0.0010063224
0.0010304463
0.0011831419
0.001348023
0.0013528758
0.0011145629
0.0011165688
0.0011072816
0.0011086956
0.0013081046
0.001702637
0.0018015055
0.0017587971
0.001682331
0.0013057924
0.0013185129
0.0019462677
0.0020347463
0.0018261062
0.0019180354
0.001316393
0.0015285812
0.0023044089
0.0023065251
0.002377482
0.0023083941
0.0015076652
0.0018692884
0.0016360681
0.002316874
0.0021960089
0.0015387445
0.0023180638
0.0023274051
0.0023083268
0.0023155539
0.0015375639
0.0016697183
0.0020556356
0.0020434602
0.0020924865
0.0020760487
0.0016161047
0.0027954345
0.0031505713
0.00146142
0.002059266
0.0028569463
0.0028330245
0.0017500155
0.0020505741
0.0020569054
0.0020413194
0.0020455764
0.0017433634
0.0026727147
0.0027364344
0.0035556103
0.0027161153
0.0026557886
0.0033571762
0.0041126028
0.0035125597
0.0031538765
0.0031303329
0.001985858
0.0027486869
0.0026403391
0.0032432653
0.0038491538
0.0022224588
0.00034416757
0.00038338737
0.00018632679
0.00044648578
0.00063950306
0.00046847429
0.00039264667
0.00038970748
0.0011374628
0.0014254254
0.0018063621
0.0015743884
0.0010987255
0.001093561
0.0013642025
0.0011732068
0.0014385945
0.0026569928
0.001359641
0.00089943349
0.00092509371
0.00086976531
0.00089150069
0.0013571629
0.0013222852
0.00072372355
0.00072891105
0.00070251061
0.00071733333
0.0013193812
0.0013023808
0.00063281672
0.0006346204
0.00072738599
0.00063452606
0.00132772
0.00071268229
0.00081288062
0.0015904834
0.001052138
0.0010128352
0.0010806905
0.0010738793
0.0016198373
0.00089234307
0.00090577566
0.001249692
0.0012778949
0.00090759071
0.0025501511
0.0026098226
0.0031351116
0.0031106285
0.0032199097
0.003138487
0.0029683278
0.003119722
0.0030814466
0.0029851088
0.0033189675
0.0027834421
0.0027570552
0.0028474902
0.0028151488
0.0033495889
0.0033049027
0.0031362872
0.0039902614
0.0038342023
0.00011584941
0.00015093067
0.00014980031
0.00035299728
0.00011986054
0.00027848252
0.0002141676
0.0007480783
0.00053790777
0.00087823865
0.00085832234
0.00054885309
0.00059980982
0.001706257
0.00077463365
0.00063305983
0.00060747738
0.001024833
0.0023096936
0.0011163028
0.0011205645
0.0028997022
0.002716377
0.0022724159
0.0014472731
0.0012461097
0.0012676017
0.0012404114
0.0012429026
0.0014407
0.00095133379
0.00092590283
0.0029734958
0.0031725237
0.0030132748
0.0022836399
0.0013495991
0.00084419782
0.00086224377
0.00082030899
0.00083633759
0.0013472451
0.0029259538
0.0030242747
0.0028218469
0.0029119139
0.0013118117
0.00069088833
0.00069899677
0.00067958403
0.00068928758
0.0013102597
0.0035099651
0.0027788102
0.0027737472
0.0028513412
0.0027896802
0.0035363333
0.0019283994
0.0020669241
0.0015761261
0.001670802
0.0034747185
0.0027468892
0.0027058012
0.0027708579
0.0027654948
0.0034820895
0.0014465132
0.00081344831
0.0007716969
0.00081701693
0.00081617871
0.0014634902
0.0007202725
0.00071237111
0.0029801828
0.0013852478
0.0013130249
0.0014885818
0.0014175245
0.0029850027
0.0029495738
0.001240272
0.001187103
0.0012938443
0.0012514773
0.0029624209
0.0016449146
0.0010817285
0.0010823411
0.00082444988
0.00082238444
0.0021459196
0.0021479221
0.002153823
0.0021532496
0.0007361518
0.0010430323
0.0010479074
0.001547748
0.0018326618
0.0013537534
0.0013564382
0.00070684873
0.00080653839
0.001271139
0.0012763559
0.0012289549
0.0012336327
0.00095653678
0.00075362274
0.00076118619
0.00079206523
0.00076701931
0.0010603086
0.00070292365
0.00076105464
0.0011185463
0.0011268698
0.001064809
0.0010703981
0.00086392062
0.00088634622
0.00081079761
0.00084702678
0.0009266358
0.00094712075
0.0009090605
0.00091229288
0.0014059832
0.0013775487
0.0014160524
0.0014157346
0.0011143461
0.0011262956
0.0011518054
0.0010805097
0.0010995652
0.0011141816
0.0012571352
0.0011781198
0.0012415967
0.0012545269
0.0012137022
0.0013439214
0.0012657273
0.0012629611
0.0011755135
0.0011953523
0.001120263
0.001313741
0.0013172443
0.0011233356
0.0011259234
0.00074896123
0.0013264609
0.0019384453
0.0016154367
0.0018417528
0.0018902363
0.0013273869
0.0013307361
0.0016077519
0.0016470955
0.0016303545
0.0013289767
0.0019981629
0.0019861486
0.0013530238
0.0016216797
0.0016311376
0.0013324732
0.0016893374
0.0017038027
0.0016437488
0.0016648044
0.0013376692
0.0014328822
0.0020126238
0.0011591081
0.001707177
0.0011238359
0.0012934182
0.0017370713
0.0017758385
0.001690116
0.0017580926
0.0012808005
0.001949942
0.0019236131
0.0016875452
0.0019970828
0.0019791861
0.0018197704
0.0018071527
0.0022605868
0.0024965226
0.0018442145
0.0018302115
0.001690974
0.0018669491
0.0013261501
0.0021772469
0.0022558452
0.0020652965
0.0021459191
0.0013245958
0.0011624375
0.0013709635
0.0023697892
0.0024562135
0.0022884514
0.0023662716
0.0013455465
0.0031151474
0.0020135533
0.0024628058
0.0011857312
0.0021364269
0.0021752527
0.0018962051
0.0023667074
0.0023668562
0.0030315104
0.0030692087
0.0015352826
0.0021110903
0.0021113284
0.0023296698
0.0021106803
0.0015366909
0.0025641276
0.0023218275
0.0030784682
0.0029337486
0.0015393317
0.0021064178
0.0021015509
0.002110886
0.0021094471
0.0015367432
0.0021822152
0.0030139676
0.0029972247
0.0030884202
0.0030436084
0.0022628924
0.0035598718
0.0029011752
0.0028738002
0.0029757213
0.0029386548
0.0036041695
0.0028942382
0.0028654523
0.0028030183
0.0029601043
0.0036639927
0.0025748307
0.0016089482
0.0036243362
0.0032054624
0.0031783893
0.00058223364
0.00067922736
0.0064100642
0.0077006205
0.010415497
0.00074071016
0.00073730778
0.0067338039
0.0071871103
0.0064797508
0.00096245984
0.00097222969
0.00080340709
0.0057602112
0.0059338804
0.0035694728
0.011179312
0.0094495202
0.017811217
0.0077565839
0.0067892164
0.0094384981
0.00035220424
0.0009530359
0.0027621056
0.0027902859
0.0024939373
0.0023806389
0.0027467655
0.0027511441
0.0065222493
0.0049992505
0.0053294349
0.00074441534
0.00074346674
0.00074748037
0.0056413726
0.0055336218
0.0054431294
0.00075782983
0.00091089452
0.00093806471
0.000739356
0.00077205447
0.00076755155
0.00092958819
0.0011021217
0.0015506187
0.0015806731
0.0024188823
0.001583751
0.001540437
0.0028154156
0.002771502
0.0093978895
0.0088366894
0.0074529848
0.0029188201
0.0028657647
0.00021644261
0.00039236999
0.0002604984
0.00047303042
0.00076190481
0.00051755471
0.0025163857
0.0021028615
0.0022731393
0.0013877716
0.0013187995
0.001932173
0.0026495384
0.0024351435
0.0021639946
0.0035485933
0.0024190164
0.0023853109
0.00063769083
0.00077042642
0.00079756553
0.0018108044
0.0028332941
0.0028994882
0.0026164448
0.0019943907
0.0020144143
0.0026141655
0.0026378359
0.0021694225
0.0027504049
0.0027726219
0.0022965577
0.002787006
0.0033650181
0.00018696049
0.00020136431
0.00018558887
0.00020702609
0.00088631733
0.00046168935
0.00022836744
0.00090805521
0.0021386888
0.0026926601
0.0027427573
0.0027721835
0.0038701139
0.0031360701
0.0024005247
0.0021433964
0.0025751542
0.0022274017
0.0022467111
0.006935171
0.0061147542
0.0057201614
0.0067764624
0.0063186582
0.0063808513
0.002193149
0.0022104375
0.002346523
0.0023053823
0.0033791763
0.00081728879
0.00082209378
0.00075269878
0.00074053981
0.00074536292
0.000782335
0.00080313113
0.00072676852
0.00073396667
0.0010222173
0.0010019198
0.0013781761
0.00082421224
0.0017495392
0.002248182
0.0022451289
0.0016297736
0.0018303176
0.0022394025
0.0022215141
0.0018098078
0.0020331522
0.001947079
0.0026379847
0.0017774458
0.0017699744
0.0021672072
0.0019166944
0.0020049028
0.0020451481
0.0059633808
0.0032985768
0.003308839
0.005303992
0.0034592523
0.0034939957
0.0033422474
0.0033985704
0.006075676
0.003590203
0.0036164527
0.0035094999
0.003515596
0.006214249
0.00080287736
0.0022170728
0.0016927304
0.00084202006
0.00088838798
0.0010744747
0.00092792434
0.00098820499
0.0011360653
0.00097839513
0.0013485057
0.0016575071
0.0022651024
0.0027347993
0.0018174759
0.0012394987
0.0012242072
0.0012622119
0.0012505108
0.0018341258
0.00072438807
0.00072128927
0.002543472
0.0024599981
0.0023746368
0.0036588466
0.00040327112
0.00093968098
0.00036533862
0.00078514933
0.00095273266
0.0013474699
0.0016150318
0.0013442191
0.001193033
0.0010802052
0.00071261131
0.00095165421
0.0035865565
0.0040838093
0.0039802342
0.0029886869
0.0030107524
0.0030100259
0.0023156142
0.0026883774
0.0027275832
0.0022778214
0.0039086455
0.0034169036
0.0034057161
0.0035124673
0.003437905
0.0039294435
0.0018836737
0.001700579
0.0011193546
0.0010960466
0.0011975888
0.0011585514
0.0017357502
0.002159414
0.0019409543
0.0019326768
0.0019995646
0.0019885998
0.0021559237
0.00082698506
0.0008285268
0.00071362656
0.0021635293
0.0018869797
0.0018761934
0.0019254641
0.0019179306
0.0021620565
0.0013372109
0.00083470762
0.0008279748
0.00088186346
0.00087311526
0.0013425667
0.00070866124
0.00082990996
0.00068719448
0.00068429134
0.0014732177
0.001511291
0.0010688526
0.0013057495
0.00079426507
0.00079130556
0.00082173863
0.00081582713
0.0013348714
0.0011844244
0.00076280114
0.0007622547
0.00076613546
0.00076560736
0.0012047349
0.0011588746
0.00075670647
0.000756482
0.00076131007
0.00076034577
0.0011733598
0.0010160967
0.00091007964
0.00091717747
0.00086968612
0.00087645451
0.0010385491
0.00093498881
0.00092505712
0.001263749
0.0012184928
0.0010502912
0.0010485526
0.001056413
0.0010541593
0.0011403953
0.0010511238
0.00096799694
0.0009812707
0.0009240064
0.00093118257
0.0010054518
0.0013826638
0.001036708
0.0010371025
0.0010388876
0.0010380349
0.0014066085
0.0011649131
0.0010437956
0.0010444725
0.0010468317
0.0010434568
0.0012290302
0.0012764422
0.0013011938
0.0011472402
0.0013383566
0.0010414408
0.0010424372
0.0010374483
0.0010379888
0.0013637739
0.0023285695
0.0019616452
0.0020605507
0.0020641496
0.0020637039
0.0020602778
0.0019379992
0.0024864762
0.0023398148
0.0032192703
0.003225338
0.0020671973
0.0020725024
0.0019722399
0.0021107032
0.0033644199
0.0034513813
0.0040365054
0.004112496
0.00030491486
0.00033385342
0.00018614275
0.00039990319
0.0004301366
0.00072420534
0.00027780804
0.0005155798
0.0023408075
0.0018248495
0.0022046644
0.0014816939
0.00092094486
0.0015618979
0.001003322
0.0010003671
0.0026468882
0.0025229584
0.0022767857
0.00071470118
0.00070898663
0.0027993668
0.0028264698
0.0024651735
0.0024157341
0.0027770861
0.0027850596
0.0027405316
0.0027647396
0.0022485477
0.002309766
0.0023443643
0.0013074716
0.0021868707
0.0026677297
0.0027046541
0.0032095666
0.0026790049
0.0026580608
0.0027321979
0.0027055685
0.0032463422
0.003650706
0.002566971
0.0025131113
0.003251465
0.0038054901
0.0034465555
0.0033157272
0.0038233159
0.0037504612
0.0038972444
0.0039155692
0.003287397
7.4049983e-05
0.00013550281
0.00086536106
0.00081977748
0.0011982801
0.0010690389
0.0010206217
0.00067052561
0.00086610552
0.00057864038
0.00090398654
0.0011186449
0.00093338728
0.00034300282
0.00069371594
0.0010938447
0.0025719678
0.0039364939
0.0039974719
0.0023704244
0.0020730839
0.002386623
0.002569702
0.0019633829
0.0019938274
0.0040601636
0.0039067837
0.003724178
0.0036970516
0.0037749101
0.0040701337
0.0010858025
0.0010822258
0.001650272
0.0021490675
0.0021384276
0.0021330455
0.0038550187
0.0038546591
0.0037875945
0.0036840543
0.0038553577
0.003855504
0.003854441
0.0038551318
0.0036724667
0.003738319
0.0038554683
0.003855356
0.0038554587
0.0038555321
0.0037225308
0.0021547783
0.0020229054
0.0020108578
0.0021128174
0.0020937902
0.0021519775
0.00072643476
0.00082708677
0.00082685198
0.0013875694
0.001007877
0.000991157
0.0018561445
0.0017794154
0.0021242844
0.0030858626
0.0037190588
0.0038053992
0.0034797493
0.0035731245
0.0026577577
0.0036285633
0.0038515018
0.0038537304
0.0038356812
0.0038470119
0.0036023519
0.0024305386
0.0033753041
0.0033794587
0.0033696114
0.003372033
0.0024263196
0.0024583223
0.0034089175
0.0034326202
0.0033859479
0.0033944702
0.002448026
0.001348986
0.00090093176
0.00089118361
0.00097538473
0.00096069493
0.0013624114
0.00069954657
0.00068758188
0.00069297623
0.00080825975
0.001004594
0.0014224257
0.0014439905
0.0012602384
0.00077627392
0.00077482906
0.00078852855
0.00078605476
0.0012876921
0.00236679
0.0033342071
0.003341029
0.0033223683
0.0033282227
0.0023578955
0.0024096367
0.0033618612
0.0033667664
0.0033478396
0.0033551882
0.0023977215
0.0023066603
0.0032963217
0.0032997788
0.0032907085
0.0032936531
0.0023004683
0.0023339395
0.0033120629
0.0033171929
0.0033033368
0.0033077403
0.0023268607
0.0012191394
0.00076747181
0.00076684157
0.00077341289
0.0007722111
0.0012439619
0.0011030837
0.00080188881
0.00080933418
0.00075656805
0.00075826755
0.0011474434
0.002252898
0.0032737603
0.0032808646
0.0032576905
0.003265907
0.0022382336
0.0022842597
0.0032875307
0.003289212
0.0032843338
0.0032860572
0.0022801253
0.0021595304
0.0032234691
0.0032251832
0.0032313464
0.0032221263
0.0021520673
0.0021999268
0.0032426452
0.003250103
0.0032304219
0.0032361299
0.0021887715
0.0010538506
0.00085648074
0.00086322352
0.0008162225
0.00082325482
0.0010825205
0.0010019566
0.0010170746
0.0013440107
0.00097594639
0.00095077642
0.00060750183
0.0010778681
0.0010638243
0.0010349178
0.0010546867
0.0014194448
0.0010446068
0.0010444016
0.0009964314
0.0010167732
0.0012787862
0.002396766
0.0035455645
0.0034749691
0.0036269343
0.003604171
0.0024350068
0.0021615295
0.0032701437
0.0032394077
0.0033870535
0.0033126898
0.002189624
0.0024423708
0.0036650355
0.0036689737
0.0036471229
0.0036579987
0.0024319779
0.0024587613
0.003657994
0.0036530063
0.0036647178
0.0036667498
0.002457305
0.001412741
0.0010403403
0.001039519
0.0010442382
0.0010436536
0.001417407
0.0011213368
0.0013488696
0.0013179137
0.0012903401
0.0012860632
0.0012188013
0.0014495263
0.0014672632
0.001270355
0.0013788348
0.0013631097
0.0015014108
0.0015393824
0.0012464381
0.0011240085
0.0012190585
0.0012464903
0.0013078423
0.0010497762
0.0010522261
0.0010433259
0.0010444724
0.0013250962
0.0023544114
0.0035892627
0.0035973016
0.0035825901
0.0035844877
0.0023475833
0.0023951551
0.0036260979
0.0036373941
0.00360586
0.0036161815
0.0023839335
0.0015938848
0.0016098654
0.0013603009
0.0015730568
0.0023449323
0.00082535234
0.0013885946
0.0015680899
0.001579035
0.0016587277
0.0016383473
0.002455638
0.0020935531
0.0020874642
0.0018073122
0.0018918811
0.0017546248
0.0017518216
0.0020765769
0.0021402427
0.0017639412
0.0017581022
0.0022891567
0.0033372731
0.0033401791
0.002315584
0.0023104908
0.0033402199
0.0033276008
0.0024241293
0.001754924
0.002077354
0.0020834784
0.0020632635
0.0020705383
0.0017543012
0.0016974426
0.0018118352
0.0020788827
0.0020705473
0.0020859109
0.0020844654
0.0017825035
0.0033211215
0.0033359121
0.00069665833
0.0011766248
0.001187347
0.0010944312
0.00070010226
0.00082855406
0.00092642226
0.00091769835
0.0024366137
0.0024485129
0.0024115284
0.0016346201
0.00085697084
0.00067734975
0.00067615318
0.00098466942
0.00080030979
0.00079709276
0.00080342688
0.00080237951
0.00099142517
0.00073436311
0.00073128561
0.00080637993
0.00098100749
0.00098306828
0.0028279635
0.0028935778
0.00046289691
0.00047924962
0.0015065516
0.0025723641
0.0025752771
0.0024997878
0.0025580972
0.002367035
0.00088580709
0.0008757818
0.0025432237
0.0028527517
0.0029542167
0.0022011288
0.0027425149
0.0027444058
0.0023587928
0.0025598752
0.0020781233
0.0020314827
0.002194533
0.0021311233
0.0025639998
0.0025463855
0.0019325707
0.0019105269
0.0019930213
0.0019602637
0.002549558
0.0014338373
0.00068664262
0.00068387704
0.00073819603
0.00090890535
0.0007467415
0.00071807661
0.00078934515
0.00077398878
0.00094350795
0.00085235181
0.00087744666
0.00073110074
0.00073177909
0.00072157095
0.00071935706
0.00072502031
0.00072384127
0.00091684062
0.00076087295
0.00074836552
0.00071841875
0.00071962589
0.00071845314
0.00071837586
0.0019792908
0.0019421579
0.0021254397
0.0020928249
0.0028409811
0.00212377
0.0022262549
0.0014071469
0.0020535433
0.0029031436
0.0028215156
0.0023405439
0.002390667
0.002264767
0.00230819
0.0028209793
0.0026797216
0.0033093982
0.0033206264
0.0032902811
0.0032996218
0.002675144
0.0027187786
0.0026763355
0.0025200126
0.0025754096
0.0031295609
0.0029406715
0.0027238208
0.003356937
0.0031529441
0.0033318289
0.0033446275
0.0027144516
0.00037566028
0.00027776293
0.00047037488
0.0010862967
0.00093020631
0.00093849818
0.000909614
0.00092234558
0.001073231
0.0024686249
0.0021047351
0.0026507668
0.00082612344
0.00075234306
0.00075504332
0.00074351694
0.00075061361
0.00082964007
0.00071073061
0.00073408014
0.0020294383
0.001901132
0.0026078285
0.0010729012
0.0029999124
0.0029442328
0.0020333495
0.0020154481
0.0020095028
0.0034686127
0.0044045219
0.0030936563
0.0039071842
0.0043924523
0.0034189106
0.00086383017
0.00057369655
0.00021543042
0.00020831894
0.00015987415
0.0002127549
0.00017323368
0.00012443505
0.00015768068
0.00013770592
0.00021881193
0.00020899768
0.00098229958
0.00090543121
0.00096878551
0.0024903308
0.0023254446
0.0022672435
0.0022907378
0.0020946641
0.0021396369
0.0029111225
0.002896186
0.0028827925
0.0018298806
0.0018593232
0.0017513504
0.001767631
0.00072870472
0.00072653691
0.00082740075
0.00072889373
0.00073563388
0.00071736723
0.00072285886
0.00082640946
0.00074701697
0.00082656341
0.00082619342
0.00075432066
0.00068808188
0.00071273609
0.0007197531
0.00080555052
0.00074746805
0.00080030903
0.00080132278
0.00079975052
0.00079979563
0.00074929072
0.00074810279
0.00081736248
0.00083512109
0.00080269755
0.00080799567
0.00074608808
0.0017436883
0.0016655501
0.0019583778
0.0017796755
0.001648177
0.0022385311
0.0016523368
0.0019297158
0.0014418587
0.0015011678
0.0022535814
0.0022502125
0.0017244886
0.0018389039
0.0021634183
0.0021895208
0.0021397299
0.0021492527
0.0018233578
0.0017107988
0.0020835561
0.0017209019
0.0021945764
0.0021596441
0.0026734505
0.0019965704
0.00098131678
0.0020226831
0.0028980984
0.0028944072
0.0029117956
0.0029035865
0.0020638396
0.0026847617
0.0026449656
0.0028430194
0.0027984493
0.0029253843
0.0028352578
0.0028615047
0.0027608884
0.0027874948
0.0029147813
0.0029677437
0.0029841021
0.0030083151
0.0029143146
0.0029356957
0.0029575357
0.0034351296
0.00351479
0.0012222924
0.0018186445
0.00099920968
0.0019972394
0.0016474631
0.0021518273
0.00091296307
0.0011135503
0.00078525304
0.00053173773
0.00089402807
0.00077904598
0.0011041567
0.0023854671
0.0018083039
0.0023579633
0.0021480723
0.00098391089
0.001118191
0.0011058006
0.0012012194
0.0011474639
0.00099576911
0.00094456045
0.0010974637
0.0010958911
0.0011012298
0.0010994369
0.00095727858
0.00075857385
0.0010451687
0.0010405016
0.0010504056
0.0010494932
0.00076659344
0.00073577858
0.0010314784
0.0010287622
0.0010373579
0.0010338959
0.00073992073
0.0006495327
0.00095887471
0.00095491704
0.00096711133
0.0009630496
0.00065318294
0.00063837918
0.0009459549
0.00094368161
0.00095160576
0.00094831822
0.00064066811
0.00066670223
0.00066648946
0.00072884287
0.00072637835
0.00099675579
0.00080708901
0.00080472297
0.00098698362
0.00098729935
0.00081066272
0.0014854108
0.0024308385
0.0036624996
0.0022756587
0.0021054756
0.0042065347
0.0025560054
0.0017577569
0.0028323008
0.0026959363
0.0040052012
0.00027223908
0.00022346177
0.00034613049
0.00010190944
0.00092721572
0.0008232555
7.1146363e-05
0.00013611327
0.00010953923
0.00034355487
0.0010151972
0.00079934269
0.0013882412
0.0025944617
0.0026273538
0.0023079567
0.0025804056
0.0024134498
0.00091480101
0.00090427938
0.0012292459
0.0012429787
0.0012432801
0.0012414277
0.0012424162
0.001234036
0.0012004023
0.00124065
0.0012317735
0.0012434244
0.001242823
0.0012150755
0.0028841846
0.0030101883
0.0029683963
0.0022989795
0.00079439978
0.0010615847
0.0010584746
0.0010683967
0.0010644453
0.00080210443
0.00077347074
0.0010524365
0.0010507448
0.0010561568
0.0010537711
0.00077683766
0.0022978548
0.0027370757
0.0027410046
0.0025806606
0.0022420654
0.0022183335
0.0022837288
0.0022643335
0.0026099112
0.00066854508
0.00097813604
0.0009749154
0.00098489827
0.00098111033
0.0006718622
0.00065924622
0.00096899589
0.00096767428
0.00097265043
0.00097042462
0.00066095699
0.0024554885
0.0018532973
0.0018265607
0.0018913448
0.0018726347
0.0025146778
0.0018628276
0.0023942244
0.002605292
0.0022447953
0.0022908837
0.0018396793
0.0026654342
0.002765251
0.0027677146
0.0027245117
0.0027573044
0.0026155946
0.0015129642
0.0015308558
0.0007016813
0.00069749547
0.00081426423
0.0011458375
0.0011434776
0.0011514904
0.0011485333
0.0008150912
0.0011431535
0.0011423712
0.00081387168
0.0015500748
0.002201054
0.0022044556
0.0021955424
0.0021983106
0.0015267965
0.001684567
0.0022179327
0.0022259709
0.0022082541
0.0022122348
0.0016430321
0.0013359376
0.0013668686
0.0012818396
0.0013081767
0.0011333947
0.001686633
0.001948366
0.0013976645
0.0014288552
0.0010945934
0.0008258089
0.00069322983
0.00069600083
0.00069927765
0.00069257614
0.00083141901
0.0011641732
0.0011800963
0.0011369023
0.0011499306
0.0012359922
0.0012580986
0.0011969113
0.001215963
0.001958551
0.0019493424
0.0021579095
0.00087791901
0.00088576452
0.00086355398
0.00087054983
0.00091172189
0.00092141038
0.000893916
0.00090263345
0.0021563484
0.0019782036
0.0019679912
0.00071033268
0.00083078589
0.00083894803
0.0018997371
0.0018929496
0.0021648202
0.00082794011
0.0008334062
0.00081728081
0.0008225963
0.00085050864
0.00085696641
0.00083891131
0.00084462081
0.0021644173
0.0019118139
0.0019051303
0.00084908034
0.00084169672
0.0013373019
0.00134107
0.00086472535
0.00085676068
0.00071288336
0.00072609804
0.00070247483
0.00084993584
0.00052640757
0.00080121221
0.00079759918
0.0013115978
0.0013347418
0.00080996648
0.00080535864
0.00076390405
0.00076349524
0.0011877225
0.0012007633
0.00076498351
0.00076452598
0.00074298218
0.00076172052
0.00072145102
0.00072848816
0.00075044924
0.00075420169
0.00075378238
0.00075147504
0.00091432074
0.00091742008
0.00079702666
0.00075767036
0.00075704734
0.0011608993
0.0011707742
0.00075932194
0.00075839367
0.00089641732
0.00090337152
0.0010203463
0.0010338601
0.00088297387
0.00088982796
0.00080495171
0.00089947788
0.00088239335
0.00093018461
0.00091547703
0.00080598549
0.00079084521
0.00082281883
0.00061336211
0.00086443043
0.00084440026
0.0007998807
0.0010514812
0.0010509108
0.0012032218
0.0011554379
0.0010524653
0.001052076
0.00095213065
0.00095991681
0.0010222208
0.0010017385
0.00093805264
0.00094529736
0.0010361789
0.0010364762
0.0013891749
0.0011538651
0.0011312056
0.0011944596
0.0011744073
0.0010942462
0.0010886339
0.0011060759
0.0011000203
0.0014059092
0.0010372766
0.0010362062
0.0010422805
0.0010428258
0.0011679971
0.0012025924
0.0010423121
0.0010412716
0.0010398066
0.0010406691
0.0013429012
0.001302093
0.0012845716
0.0013366623
0.0013191519
0.0012317485
0.0012131553
0.001267315
0.0012495264
0.0013584713
0.0010384912
0.0010391863
0.00172898
0.0017106423
0.0017654629
0.001747077
0.0016563034
0.0016379222
0.0016926324
0.0016743059
0.001874486
0.0018560864
0.0019097856
0.0018919915
0.0018019395
0.0017834876
0.0018383596
0.0018198908
0.0017399944
0.0017532988
0.0017504795
0.0017589303
0.001755774
0.0017571331
0.001715866
0.0017437812
0.0017414152
0.0017483802
0.0017458066
0.0016748511
0.0019756204
0.0017789983
0.0017749783
0.0017870836
0.0017827433
0.0020036668
0.0018585994
0.0017648358
0.0017615183
0.0017716313
0.0017679152
0.0018826454
0.0023040605
0.0017187927
0.001718
0.0017208688
0.0017184872
0.0023046517
0.0023353362
0.0017310317
0.0017446367
0.0017204924
0.0017222278
0.0023158835
0.0018148356
0.0017607496
0.0022646988
0.0022379004
0.002321163
0.0017362645
0.001732764
0.0017419536
0.0017389852
0.0023240076
0.0023105789
0.0017241794
0.0017211712
0.0017302722
0.0017264041
0.0023128451
0.0030094372
0.003131506
0.0025458625
0.0028481323
0.0025093799
0.0025534132
0.0024273384
0.0024713005
0.0028406494
0.0026244393
0.0025621019
0.0026743989
0.0032872528
0.0032861124
0.0033450996
0.0033031076
0.0027003957
0.0027331355
0.0037166182
0.0034905647
0.003843336
0.0037491862
0.0027104916
0.0040484868
0.0033438636
0.0029569664
0.0033007199
0.0032071571
0.0040898347
0.0031482084
0.0031486963
0.00030311074
0.00028624122
0.00023509382
0.00024963744
0.0020483514
0.0011212351
0.0013033471
0.0012917314
0.0022432111
0.0020660431
0.0011574255
0.0021237799
0.0012581423
0.0019623071
0.0015165602
0.0010967635
0.0009683694
0.00097986298
0.00094757817
0.00096365357
0.0010966093
0.0022987295
0.0018522754
0.0026703626
0.0025088616
0.0018414281
0.00091036861
0.0010922017
0.0010903221
0.001094554
0.0010934303
0.00091850997
0.00088045596
0.0010867433
0.0010845141
0.0010889154
0.0010875042
0.00088474281
0.00072518489
0.0010247031
0.0010237666
0.001027243
0.0010253141
0.00072652137
0.00070706667
0.0010113365
0.0010076057
0.0010194669
0.0010147979
0.00071168698
0.00063219047
0.00094213901
0.00094731602
0.00094174131
0.00094179941
0.00063304858
0.00067999647
0.0010076347
0.0010505733
0.00095395844
0.00097467943
0.00064735978
0.00075543734
0.00074586321
0.00075684998
0.00075683121
0.00079652685
0.00070409454
0.00070359965
0.0018823556
0.0020800282
0.0010896085
0.0025059778
0.0028798798
0.0018859706
0.0020106863
0.0020489147
0.001948881
0.0023448055
0.0031337682
0.0021442583
0.0020800904
0.0022154415
0.0021810985
0.0031290071
0.003171129
0.0021104365
0.0011856759
0.0021293601
0.0020527382
0.0031435868
0.0021157488
0.0025126051
0.0029651615
0.0031752229
0.0032575228
0.0030426825
0.0033249428
0.002174701
0.0032662042
0.0032847272
0.0030056254
0.0020217151
0.0022242404
0.0038438033
0.0025240574
0.0033371333
0.001593881
0.0025126303
0.0027290173
0.0022895742
0.0024866416
0.0031755013
0.0037153908
0.0038142123
0.0039086696
0.0029958075
0.0029074849
0.0030966788
0.003061404
0.0039118799
0.00020885176
0.00013523647
0.00029678273
0.00023109737
0.00089319561
8.2721967e-05
8.4131403e-05
0.00033827465
0.00017993554
0.00025751272
0.00047699626
0.000493449
0.0004813318
0.00040089575
0.00061822867
0.00055942689
0.00052567854
0.00085747679
0.00086310029
0.00051993421
0.00057467047
0.0012546022
0.00065689042
0.0017922883
0.00055623252
0.000632235
0.0006434249
0.0011209969
0.001307757
0.0021813084
0.0022677104
0.0011052619
0.0011141376
0.0021805592
0.0027125607
0.0026757334
0.00094547479
0.0009343389
0.0023994681
0.00085069937
0.0010799186
0.0010782059
0.0010827247
0.0010808199
0.00085533933
0.00082454209
0.0010725826
0.0010712638
0.0010758661
0.0010737434
0.00082909569
0.0023181478
0.0023505558
0.0028916675
0.0027499534
0.0025412135
0.0028664328
0.0028348054
0.002908731
0.0020229319
0.0020550098
0.00069321235
0.0010001416
0.00099816172
0.0010050097
0.001002
0.00069575745
0.0006845362
0.00099362613
0.00098859855
0.00099742327
0.000996327
0.00068791781
0.0019729142
0.0017111684
0.0020176541
0.0016027013
0.001633781
0.0027322202
0.002767903
0.0027675367
0.0027682145
0.0027682038
0.0027193313
0.00080866901
0.0011395839
0.0011444279
0.0010949244
0.0011196643
0.00079653243
0.00081740579
0.0011543547
0.0011524929
0.0011521768
0.0011521759
0.00081693472
0.00071761465
0.00071569718
0.0013584556
0.0021672668
0.0021739749
0.0021551156
0.0021613998
0.0013337809
0.0014716892
0.0021912608
0.0021936647
0.0021812626
0.0021892638
0.0014548158
0.0012291909
0.0021291373
0.0021359964
0.0020671327
0.0021183478
0.0012181897
0.0012776357
0.0021463944
0.0021518878
0.0021373947
0.0021431415
0.0012634548
0.00082344245
0.000707832
0.00071237386
0.00069963864
0.00070347377
0.00082250769
0.0010749956
0.0010843573
0.0010564529
0.0010659234
0.0011139136
0.001125127
0.0010930365
0.0011037415
0.0020485611
0.0020353341
0.002154286
0.00095444453
0.00096723108
0.00093164633
0.00094266924
0.0010137812
0.0010333708
0.00098109824
0.00099656255
0.0021526753
0.0020774491
0.0020623929
0.00082744071
0.00082700818
0.00073109324
0.0010419876
0.001025213
0.001431342
0.00071428859
0.00080456387
0.00081198384
0.00079060974
0.00079737222
0.0020477104
0.0016014069
0.0012822716
0.00092240229
0.00091136592
0.001351352
0.0013590786
0.0009469872
0.000934279
0.00069857348
0.00080724991
0.00069924568
0.00070587986
0.00077968981
0.00077794578
0.0012654035
0.001282301
0.00078372382
0.00078164614
0.00076904804
0.00076829367
0.0012236833
0.001239029
0.00077102614
0.00077004487
0.00075623446
0.00079731006
0.00079809385
0.00078253316
0.00079132339
0.00075922776
0.0007881203
0.00089804408
0.00090627716
0.00085943399
0.00087996032
0.00077984953
0.00076785747
0.00076456089
0.00078631181
0.00079448715
0.0011102966
0.0011370324
0.00076852318
0.00077799215
0.0008431932
0.00084993399
0.0010591071
0.0010765234
0.00082987161
0.00083670683
0.00097528654
0.00098816607
0.00087402927
0.00092250141
0.00092622335
0.00091978417
0.00092078619
0.00088276993
0.0008185541
0.00094898393
0.00094258721
0.0009345995
0.00094853667
0.00083086977
0.00059960245
0.0010978018
0.0010971954
0.0010720396
0.001088041
0.0010427165
0.001043916
0.0014090216
0.0010376941
0.0010331697
0.0010467472
0.0010421246
0.0010183925
0.00054471896
0.0010286412
0.0010238531
0.0013499362
0.0010319462
0.0010389609
0.0010418262
0.0010409994
0.001413069
0.0010730741
0.00106838
0.0010832501
0.0010780359
0.0010555616
0.0010511389
0.0010639337
0.0010597882
0.0014187716
0.0010431809
0.0010424283
0.0011801633
0.0013153007
0.00060729737
0.0007145124
0.0012697681
0.0014341441
0.0014403185
0.0012149806
0.0015800724
0.0017149161
0.0014100138
0.0015933278
0.0013207924
0.0013327868
0.001221891
0.0012631595
0.0014559935
0.0013959693
0.0012678283
0.00068232986
0.0012558574
0.0015369893
0.0015065662
0.0010477179
0.0010490406
0.0013103775
0.001431781
0.0014055396
0.0014753379
0.0014418342
0.0013715123
0.0013537401
0.0013910178
0.0013833517
0.0013212063
0.0010454297
0.00104668
0.0015838672
0.0015654967
0.0016200898
0.0016016798
0.0015115219
0.001493158
0.0015476762
0.0015293572
0.0016288423
0.0016089091
0.0015790873
0.0016486116
0.0016320132
0.0017227045
0.0018510329
0.0015260917
0.0015220006
0.0015530892
0.0015374504
0.0018646569
0.0014144367
0.0016992582
0.0016783751
0.0012928551
0.0017493704
0.00067799422
0.0016511318
0.0016591021
0.0016549421
0.0016656261
0.0016624554
0.0016550013
0.0019949002
0.001713876
0.0016799689
0.0016959391
0.0017031322
0.0019909402
0.0020919975
0.00074794035
0.0016793286
0.0014720556
0.002035637
0.0017799616
0.0019401285
0.0017970853
0.0018518814
0.00079583491
0.0019427236
0.001926608
0.0019645304
0.0019578467
0.001748999
0.0017384898
0.0017391728
0.0017396439
0.0017373851
0.0017760568
0.0018025239
0.0017535624
0.0017637216
0.0017435452
0.0017446565
0.0017082246
0.0014652498
0.0022907791
0.0022680321
0.0015539655
0.0016000067
0.0021275815
0.0021082927
0.0024696844
0.0018933669
0.0018888762
0.0022004416
0.0018148888
0.0018097627
0.0018247426
0.0018199473
0.0022318825
0.0020909291
0.0017956359
0.0017910768
0.001804901
0.0018000768
0.0021189963
0.0022965461
0.0018145873
0.0018298035
0.0017671532
0.001795025
0.0021471562
0.0023130376
0.0018329009
0.0018299255
0.0018325846
0.0018352043
0.0023456533
0.002008583
0.0028335576
0.0027909112
0.0028874111
0.0028663215
0.0020466101
0.0021756423
0.0021830054
0.0020952694
0.0019409762
0.0030357772
0.0027087937
0.0027031862
0.0027506564
0.0027271869
0.0030468234
0.0023319029
0.0017434147
0.0017427483
0.0025321955
0.0024134286
0.0030423995
0.0029686764
0.0033383733
0.0033364293
0.0022525727
0.0012667029
0.0034036809
0.0033609777
0.0032376221
0.0029326437
0.0033055565
0.0023869247
0.0033038222
0.0032702921
0.0028841162
0.0026780876
0.002711695
0.002598421
0.0026341916
0.0028749321
0.0028747739
0.0028089021
0.0034288264
0.0030219253
0.0029601755
0.0029252022
0.00276534
0.0027585336
0.0027073807
0.0027423499
0.0024588346
0.0039441422
0.0039078132
0.0039974603
0.0039590903
0.0023261039
0.0033831034
0.0034096232
0.0029198964
0.0029143373
0.0034166178
0.00274154
0.0027641431
0.002028967
0.0023195752
0.0038543604
0.0038461216
0.0026128947
0.0034421816
0.0035675192
0.0038462172
0.0038675471
0.0032855632
0.0032543594
0.0025191455
0.0030672824
0.0013774549
0.0032554026
0.0026590096
0.0035702157
0.003591013
0.0037451929
0.0030245451
0.0014864533
0.0021797063
0.0025131343
0.001907229
0.0019834289
0.00086768128
0.046823929
0.046821702
0.046821156
0.046825504
0.046824023
0.046822954
0.046827984
0.046827253
0.046825783
0.046831593
0.046831742
0.04682936
0.04683628
0.046837424
0.046834138
0.046841719
0.046843685
0.046840146
0.046848065
0.046850168
0.04684727
0.046854193
0.046856041
0.046854866
0.046863694
0.046864818
0.046864188
0.046871215
0.046871058
0.0468754
0.04686842
0.046868055
0.046873506
0.046869272
0.046872808
0.046869794
0.046863732
0.046862461
0.046862125
0.04686374
0.046863551
0.046865687
0.0468707
0.046870305
0.046871036
0.046877209
0.046877412
0.046872583
0.046867483
0.046869239
0.046865032
0.046859952
0.046860697
0.046858868
0.046854975
0.046855013
0.046854551
0.046851645
0.046850169
0.046850571
0.046820449
0.046816687
0.046815343
0.046823148
0.046820224
0.046818084
0.046826745
0.046824591
0.046821792
0.046831641
0.046830328
0.046826363
0.046837752
0.046837381
0.046832359
0.046844327
0.046845156
0.046839765
0.046851065
0.046853092
0.046848251
0.046856999
0.046859819
0.046857163
0.046865885
0.04686994
0.046866831
0.046871708
0.046877055
0.046879575
0.046870345
0.046876512
0.04687869
0.046875976
0.046881916
0.046876558
0.046862815
0.046871047
0.046872225
0.046864429
0.046870159
0.046872655
0.04687082
0.046875622
0.046876824
0.04687739
0.046879208
0.046878475
0.046869134
0.046869312
0.04686924
0.046860916
0.046862178
0.046860948
0.046854978
0.046855719
0.046855724
0.046848896
0.046848057
0.046850716
0.046815476
0.046811988
0.046809531
0.046819259
0.04681637
0.046813217
0.046823838
0.046821775
0.046817659
0.046829837
0.046829018
0.046823362
0.04683737
0.046837908
0.046830904
0.046845599
0.046847699
0.046840344
0.046853993
0.046857791
0.046851039
0.046861123
0.046866434
0.046862248
0.046871886
0.046879741
0.046873178
0.046879856
0.046889776
0.046888401
0.046878811
0.04688758
0.046889663
0.04688429
0.046893095
0.046887049
0.046876837
0.046885255
0.046889665
0.046872296
0.046883995
0.046886779
0.046878319
0.046888801
0.046887913
0.046880397
0.046885219
0.046886929
0.046869717
0.046873106
0.046876908
0.046862665
0.046865179
0.046865957
0.046856175
0.046857947
0.046859139
0.046847208
0.046847641
0.046852905
0.046810815
0.046807576
0.046804089
0.046815452
0.046813066
0.046808602
0.046821245
0.046819981
0.046814111
0.046828907
0.046829081
0.046821296
0.04683831
0.046840299
0.046830825
0.046848709
0.046852842
0.046842841
0.046859491
0.046866169
0.046856638
0.046868772
0.046877873
0.046871173
0.046883158
0.046895859
0.046884644
0.046893786
0.046909004
0.046902743
0.046891466
0.046906508
0.046907402
0.046896721
0.04691039
0.046906014
0.046889157
0.046907206
0.046913954
0.046889403
0.046908051
0.046906901
0.046893022
0.046908065
0.046905018
0.046887464
0.046896521
0.046900899
0.046874783
0.046881471
0.046889201
0.046866457
0.046871658
0.046874534
0.046858845
0.046862587
0.046865228
0.046847809
0.046850358
0.046857201
0.046806548
0.046803624
0.046798973
0.046812348
0.046810426
0.046804476
0.046819673
0.04681913
0.046811225
0.046829317
0.046830626
0.046820262
0.046841247
0.046845029
0.046832377
0.046854649
0.046861503
0.046847843
0.046868987
0.046879432
0.04686587
0.046881697
0.046895939
0.046885239
0.046901192
0.046920419
0.046903067
0.046915479
0.046938826
0.046925112
0.04691272
0.046935805
0.046934593
0.046916405
0.046936358
0.046936115
0.046914228
0.046938864
0.046945863
0.046914945
0.046938808
0.046933594
0.046913889
0.046934064
0.046928583
0.046900288
0.046913836
0.046921861
0.046884295
0.046894861
0.046906559
0.046873871
0.046881973
0.04688733
0.046864161
0.046870069
0.046874784
0.046851261
0.046855786
0.046864057
0.046802691
0.046800069
0.04679419
0.046809867
0.046808457
0.046800796
0.046819084
0.046819387
0.046809087
0.046831281
0.046833972
0.046820453
0.046846629
0.046852595
0.0468359
0.046864309
0.04687452
0.046855938
0.046883682
0.046899094
0.046879887
0.04690174
0.046922826
0.046906091
0.046928393
0.046956327
0.046930899
0.046948299
0.046981603
0.046958964
0.046945284
0.046703093
0.046974615
0.046945428
0.04697794
0.046309531
0.046947839
0.046757889
0.046986531
0.046947978
0.046980688
0.046974378
0.046941741
0.046968247
0.046961804
0.046919207
0.046938781
0.046951245
0.046899157
0.046914638
0.04693025
0.046885157
0.046896297
0.046904946
0.046872419
0.046880862
0.046888267
0.046857203
0.04686373
0.04687395
0.046799243
0.046796945
0.046789733
0.046808078
0.046807235
0.04679761
0.046819644
0.046820907
0.046807785
0.046835127
0.046839425
0.046822056
0.046855002
0.046863624
0.046841768
0.046878594
0.046893078
0.046867849
0.046905238
0.046927107
0.046899905
0.04693127
0.046961776
0.046936275
0.046968017
0.04265748
0.046971405
0.043960566
0.038353199
0.042060246
0.043718885
0.0375145
0.038225787
0.044372578
0.040424023
0.037172597
0.042042267
0.038042638
0.039169753
0.046993446
0.041225037
0.040137945
0.046978451
0.047014249
0.045367601
0.046946551
0.046974293
0.046992323
0.046920699
0.046941859
0.046962934
0.046900599
0.0469156
0.046929139
0.046884113
0.046895462
0.046906441
0.046865761
0.046874055
0.046887285
0.046796229
0.046794221
0.046785562
0.046807053
0.046806812
0.046794937
0.046821499
0.046823817
0.046807401
0.046841154
0.046847286
0.046825238
0.046866991
0.046878771
0.046850351
0.046898744
0.046918517
0.046884404
0.046935672
0.046965814
0.046927639
0.046182081
0.039601542
0.045724949
0.03856779
0.034709866
0.038211765
0.03496202
0.031057132
0.033798478
0.034629275
0.03045334
0.030399799
0.035232235
0.029386243
0.029522357
0.035707713
0.030295002
0.030067162
0.03937813
0.033793186
0.03157747
0.046080197
0.039895117
0.037052095
0.046985117
0.04702304
0.042787319
0.04694995
0.046977828
0.047007234
0.046921389
0.046941469
0.046961961
0.046899738
0.046914435
0.046930549
0.046876638
0.046887331
0.046904584
0.046793598
0.046791953
0.046781781
0.046806833
0.046807187
0.046792792
0.046824774
0.046828237
0.046807989
0.046849669
0.046857873
0.046830164
0.046883283
0.046898825
0.046862053
0.046926172
0.046952537
0.046906574
0.046001177
0.040356622
0.046965261
0.037912947
0.032594409
0.03822075
0.031040816
0.028160323
0.031110542
0.02793005
0.024985757
0.027186153
0.027140994
0.024234302
0.024134724
0.030841022
0.028334914
0.023764639
0.028809862
0.025301988
0.019722563
0.032475152
0.027991581
0.025486867
0.038035706
0.033246502
0.030488043
0.046695137
0.040990714
0.0354452
0.046988395
0.047024637
0.04325685
0.046949174
0.04697561
0.047005568
0.04691988
0.04693837
0.046961701
0.046890726
0.046903806
0.046926736
0.04679147
0.046790227
0.046778312
0.046807408
0.046808503
0.046791257
0.046829596
0.046834266
0.046809609
0.046860985
0.046871489
0.046836974
0.046904689
0.046924632
0.046877296
0.046962661
0.044397166
0.046935459
0.038527728
0.034066225
0.041972136
0.031406275
0.026801244
0.032084207
0.024944527
0.022744675
0.025417492
0.022227094
0.019688757
0.021571298
0.021473652
0.018930936
0.018807592
0.022963001
0.01958232
0.018011359
0.023726873
0.020312169
0.017585086
0.026559604
0.023217533
0.020890921
0.031567063
0.027864847
0.024946344
0.039128848
0.034715465
0.029602222
0.047038378
0.044028418
0.036649324
0.046985547
0.047019028
0.046207904
0.046945274
0.046968341
0.047001507
0.046908016
0.046924259
0.046954328
0.046789868
0.046789013
0.046775196
0.046808957
0.046810671
0.046790298
0.046836054
0.046841956
0.04681227
0.046875389
0.046888401
0.046845764
0.046932011
0.046957023
0.046896444
0.042652943
0.038766097
0.046972158
0.032695854
0.029049033
0.036434342
0.026086828
0.021933592
0.027113964
0.020118401
0.018180278
0.020907495
0.017396437
0.015126623
0.016736151
0.01644848
0.014511469
0.014246355
0.017720981
0.01567448
0.013915204
0.018865592
0.016038951
0.01759179
0.021771563
0.01890162
0.016861043
0.026370583
0.023427555
0.020272971
0.033119842
0.029492905
0.02488487
0.042203826
0.037883642
0.031261638
0.047031471
0.047073116
0.040202873
0.046976807
0.047005069
0.047051301
0.046929463
0.046948729
0.046988165
0.046788778
0.046788274
0.046772404
0.046811359
0.046813634
0.046789889
0.04684419
0.046851293
0.046815947
0.04689311
0.046908753
0.046856576
0.046966042
0.04678075
0.046919706
0.03732032
0.034367393
0.043742195
0.028034854
0.024953425
0.032084409
0.02168524
0.018020752
0.02317257
0.016254577
0.014359559
0.017014837
0.013320462
0.011294327
0.012705856
0.012114506
0.010680998
0.010298046
0.013480103
0.014711204
0.010410541
0.014877744
0.012174854
0.021660948
0.018044938
0.015367
0.013297229
0.022249378
0.019801941
0.01666228
0.028142423
0.02538617
0.021016493
0.036412472
0.032923958
0.026787433
0.047088394
0.043254935
0.034888901
0.047015398
0.047049358
0.046054238
0.046954987
0.046977955
0.047029063
0.046788134
0.046787862
0.046770094
0.046814487
0.046817502
0.046790188
0.046853978
0.046861918
0.046820697
0.046914268
0.046932327
0.04686923
0.046483298
0.043369265
0.046946852
0.032824232
0.030815723
0.039983705
0.024210863
0.021562481
0.028614272
0.018109632
0.014769559
0.019912863
0.012789316
0.011051555
0.013838494
0.0098051033
0.0081350452
0.0094309121
0.0086227872
0.0070866968
0.0069557693
0.013994542
0.0090184156
0.0082049606
0.012188192
0.0092339984
0.016859472
0.014974474
0.012685247
0.010309042
0.018938094
0.016831749
0.01389741
0.024608738
0.02206444
0.017899112
0.0317291
0.0290142
0.02359381
0.041991782
0.038629875
0.030910887
0.047061576
0.047101956
0.041208222
0.046985464
0.047012004
0.047077588
0.046787442
0.04678729
0.046767556
0.046818378
0.046821968
0.046791093
0.046865037
0.046875243
0.046825085
0.046938701
0.046959641
0.046882851
0.041586151
0.041434773
0.046977958
0.02959318
0.027764861
0.038050081
0.021171743
0.018820953
0.026140975
0.015030716
0.012212166
0.017222804
0.0098791801
0.0083032707
0.011171289
0.0069707935
0.0056027226
0.0068972799
0.0061065036
0.0042553741
0.0045106782
0.0084472056
0.0051234654
0.0044560047
0.0097376148
0.0072392022
0.0066404487
0.012330603
0.010591721
0.0080860374
0.016329491
0.014377322
0.011464526
0.021557786
0.019423924
0.015424879
0.027998627
0.025916707
0.020811383
0.037629261
0.034978339
0.027691014
0.047116672
0.047163911
0.037365657
0.047020792
0.047051398
0.04713419
0.04678723
0.046787376
0.046765366
0.046822315
0.046825074
0.046791431
0.046879603
0.046887921
0.046830586
0.04696761
0.046988881
0.046900013
0.039973435
0.033673459
0.047009085
0.027155694
0.024208454
0.030224521
0.01877255
0.01685108
0.023471331
0.012513992
0.010320234
0.015047738
0.0076358561
0.0062912841
0.0091273738
0.0047462933
0.0036724665
0.0050279057
0.0039393135
0.003468921
0.0026955823
0.0049452874
0.0035793335
0.0040345327
0.0073224842
0.0057121785
0.0039477899
0.010142061
0.0089958019
0.0063973911
0.014266899
0.012651398
0.0095702602
0.018967202
0.01744223
0.013735963
0.025110341
0.023552685
0.018701433
0.034155882
0.031917093
0.025100683
0.046736349
0.043991097
0.034056752
0.047061518
0.047096057
0.046948441
0.046787439
0.046787671
0.046763407
0.046826254
0.04683015
0.046792403
0.046891267
0.046901744
0.04683743
0.046996803
0.047019707
0.046916892
0.041118924
0.036399905
0.047045258
0.021994614
0.024826262
0.033619482
0.016956804
0.017481043
0.02264765
0.010426453
0.008688665
0.015081247
0.0058499851
0.0073931922
0.0087281523
0.0029005456
0.0021652314
0.0037645446
0.0018168556
0.0011377269
0.00135906
0.003276867
0.0024202692
0.0018332164
0.0055504941
0.004624695
0.0027149114
0.0083319553
0.007795099
0.0051979191
0.012290375
0.011361668
0.0084719819
0.016948103
0.015784752
0.012401006
0.022807136
0.021734522
0.017051113
0.031310165
0.029557953
0.02314927
0.043380268
0.04118351
0.031589453
0.047107434
0.047146313
0.044114324
0.046787752
0.046787994
0.046761659
0.046831524
0.046835594
0.046793452
0.046905248
0.046915581
0.046844457
0.047027375
0.047050342
0.046933665
0.036147865
0.036513047
0.047084778
0.024562949
0.023907971
0.033414841
0.015981937
0.015106081
0.021726331
0.0079720208
0.0086700018
0.013283667
0.007184735
0.0042510151
0.0072361087
0.0037718775
0.0044022029
0.0031626312
0.0010145708
0.00064521184
0.00092519833
0.0013800765
0.00099265365
0.00091527306
0.0043557002
0.0039804411
0.0021233104
0.0071728263
0.0070074826
0.0045152752
0.011078917
0.010456805
0.0075661063
0.015647896
0.014590901
0.011529204
0.021141367
0.020387069
0.015812576
0.029285011
0.027755668
0.021801794
0.040764414
0.038953963
0.02967078
0.04715881
0.047201433
0.041831116
0.046788046
0.04678814
0.046759824
0.046836888
0.046840493
0.046794329
0.04691893
0.046928643
0.046851088
0.047057921
0.047080369
0.046949845
0.036552983
0.03672638
0.047121692
0.023929138
0.024098001
0.033326587
0.015042118
0.015117945
0.02165882
0.0085304144
0.0085094023
0.013183373
0.0040211178
0.0040483835
0.0071655965
0.0024381214
0.0023509933
0.0031468261
0.0005419421
0.0007491376
0.00084830205
0.0037252254
0.003806375
0.0020660247
0.0065191341
0.0065112462
0.0043509273
0.01015411
0.010002659
0.0070193648
0.014666352
0.013928424
0.010944346
0.019925648
0.019377179
0.014955782
0.027686505
0.026501276
0.020877857
0.038658794
0.037238183
0.028234389
0.047215179
0.047261351
0.03983747
0.046788121
0.04678796
0.046757941
0.046841582
0.046844525
0.046794891
0.046931747
0.046940527
0.046856846
0.047087692
0.047108768
0.046964876
0.036936445
0.038036319
0.047155466
0.024321995
0.025161007
0.034751506
0.015215044
0.015794602
0.022612511
0.0085741372
0.0090946339
0.013838228
0.0041268279
0.0048687934
0.00782277
0.0026957785
0.0029499702
0.0034408879
0.0025929309
0.0027664594
0.0021882583
0.0063474862
0.0065962638
0.0049321159
0.0095888217
0.0097480212
0.0071988048
0.013872247
0.013801776
0.010563198
0.019161444
0.018814497
0.014632462
0.026429553
0.025607318
0.020260053
0.036931711
0.035880145
0.027141642
0.047276061
0.047324673
0.0385843
0.04678784
0.046787351
0.046755878
0.046845393
0.046847643
0.046795046
0.046943246
0.046950639
0.046861481
0.047115393
0.047133767
0.046978026
0.038599105
0.040651179
0.047185219
0.025593698
0.027050926
0.03695282
0.016045487
0.017176812
0.02430033
0.0093082129
0.01036264
0.015160867
0.0051567244
0.0062401581
0.0088437001
0.0037833648
0.0043774894
0.0043008264
0.0034275436
0.0028412598
0.0030186299
0.0062951753
0.0062316447
0.0052187801
0.009437184
0.0099954475
0.007027002
0.013181096
0.013604768
0.010400441
0.018535441
0.018623288
0.014475779
0.025695541
0.025283627
0.019884657
0.036100085
0.034274805
0.026748638
0.047340308
0.047391126
0.037423482
0.046787118
0.046786291
0.046753547
0.046848268
0.046849736
0.046794739
0.046952829
0.046958538
0.046864864
0.047139325
0.047154204
0.046988688
0.041482341
0.044427074
0.047209672
0.027615387
0.029701862
0.04026325
0.017545097
0.019232572
0.026593873
0.010815504
0.011996646
0.017038424
0.0083272267
0.0087665113
0.009510856
0.0047901174
0.005910478
0.0061538046
0.0032943532
0.0041944633
0.0041860625
0.0073356727
0.0067852627
0.0057792673
0.0094247297
0.0083410201
0.0074352624
0.013325781
0.015637294
0.010965783
0.018346795
0.016873708
0.014377538
0.024864325
0.026572198
0.021599457
0.035912422
0.034722445
0.02791477
0.047406948
0.047457375
0.038445845
0.046785929
0.046784678
0.046750883
0.046850069
0.046850592
0.046793827
0.046960133
0.046964027
0.046866863
0.047158535
0.047169744
0.046996621
0.045500105
0.047337474
0.047228555
0.030380837
0.033574886
0.044815789
0.019719334
0.021736498
0.029950994
0.012679937
0.014184467
0.019141323
0.010025341
0.010330495
0.011491196
0.0043610189
0.0045101641
0.0044816184
0.0083716444
0.0079040336
0.0061093347
0.009976823
0.011069077
0.0087747524
0.015689767
0.01327552
0.011127218
0.023478131
0.01915275
0.015422053
0.023186939
0.019826012
0.02062444
0.035857697
0.03498067
0.022519107
0.043881814
0.047524337
0.032022694
0.046784163
0.046782412
0.046747856
0.0468506
0.046850135
0.046792192
0.046965036
0.046967175
0.046867455
0.047172882
0.047180572
0.047001805
0.0473439
0.047359704
0.047242234
0.034504699
0.038427704
0.047351162
0.022804956
0.024755803
0.033764879
0.014749021
0.016714278
0.02189639
0.011999335
0.011979354
0.013918436
0.0051006211
0.0053449051
0.0052573645
0.007914181
0.0082471875
0.0070302423
0.010447944
0.010791149
0.0089842522
0.014442486
0.014173355
0.011633307
0.01712588
0.019194079
0.015014934
0.026642408
0.02611611
0.020389771
0.036444522
0.034948735
0.028718635
0.047538832
0.047592316
0.037495844
0.046781726
0.046779457
0.046744428
0.04684982
0.046848413
0.046789796
0.046967603
0.046968072
0.04686667
0.047182569
0.047186961
0.04700445
0.04736396
0.04737367
0.047250945
0.03977258
0.044715502
0.047368178
0.026477166
0.028796955
0.038454049
0.017403852
0.019986297
0.02516412
0.014825816
0.013324328
0.016091742
0.0059610245
0.0061419266
0.0060092208
0.0084438538
0.0090007935
0.0075931243
0.011016057
0.011713217
0.0096825378
0.01426417
0.014922484
0.012244859
0.018923981
0.019623078
0.015982727
0.025861465
0.026326848
0.020758009
0.035669719
0.035894174
0.027915757
0.047609452
0.047654488
0.038386104
0.046778605
0.046775856
0.046740586
0.046847796
0.046845536
0.046786662
0.04696797
0.046966951
0.046864599
0.047187919
0.047189425
0.047004774
0.047375976
0.047380605
0.047255247
0.046284317
0.047083005
0.047377052
0.030523706
0.031293085
0.04582984
0.026039822
0.026963157
0.031393908
0.018351535
0.019045479
0.018331065
0.0073419474
0.0079395996
0.0073940696
0.0091228366
0.0096346068
0.00842913
0.011898876
0.012358708
0.010337717
0.01506974
0.015683005
0.012834798
0.01990416
0.020415583
0.016390818
0.026759775
0.027359279
0.021297097
0.036191193
0.036899608
0.028902042
0.047670728
0.04771813
0.039013607
0.046774855
0.046771686
0.046736364
0.046844652
0.04684166
0.046782861
0.046966384
0.046964073
0.046861429
0.047189528
0.047188653
0.047003048
0.047381353
0.047381976
0.047255748
0.047085166
0.047084205
0.047379634
0.029658144
0.041884735
0.046862532
0.020650483
0.025224217
0.033405349
0.019592948
0.017719639
0.022813168
0.0080854274
0.0086370136
0.0079900602
0.0098647293
0.010593321
0.0093900516
0.012494895
0.013009665
0.011129594
0.015944597
0.016671125
0.013698429
0.0205702
0.021223654
0.017143539
0.027384476
0.027977955
0.022333162
0.036960241
0.037527255
0.029807036
0.047733619
0.047779051
0.039872495
0.04677056
0.046767046
0.046731812
0.046840556
0.046836998
0.046778498
0.046963115
0.046959775
0.046857301
0.047188037
0.047185306
0.046999621
0.047381599
0.047378364
0.047253092
0.047084729
0.047085359
0.047378829
0.045333866
0.041044542
0.046864968
0.026874624
0.026730888
0.036842791
0.019977788
0.020650911
0.023178219
0.0087788333
0.0094326412
0.0084234684
0.010802457
0.011381234
0.010166495
0.01324923
0.014025031
0.011983388
0.016869597
0.017430064
0.014654044
0.021494917
0.022206799
0.018165089
0.028300454
0.029395374
0.023677469
0.037921393
0.039070212
0.031252976
0.047794008
0.047837256
0.041516396
0.04676582
0.046762042
0.046726993
0.046835732
0.046831735
0.0467737
0.046958525
0.046954462
0.046852438
0.047184154
0.047180031
0.046994949
0.047378089
0.047372544
0.047247842
0.047084288
0.047082617
0.047372191
0.042598776
0.045340574
0.04686391
0.027104989
0.028688104
0.039750531
0.022417444
0.022823642
0.02542344
0.0096018615
0.010266294
0.0089226726
0.011567914
0.012164788
0.010633526
0.014285973
0.014912384
0.012743774
0.017647746
0.018418681
0.015789713
0.02248065
0.023548991
0.019480812
0.029719124
0.030763727
0.024927044
0.039644666
0.040835987
0.032827131
0.047851137
0.047891309
0.043549984
0.046760743
0.046756785
0.046721977
0.04683035
0.046826078
0.046768594
0.04695302
0.04694854
0.046847078
0.047178686
0.04717394
0.046989494
0.047370711
0.047365081
0.047241513
0.047081924
0.047078756
0.047365004
0.045342697
0.045351217
0.046860237
0.028569499
0.029043659
0.040887189
0.023278818
0.023370942
0.025893435
0.010389566
0.010950351
0.0092895231
0.012317014
0.012948344
0.01120425
0.015150583
0.015832989
0.013719749
0.018708726
0.019676937
0.016989026
0.023942771
0.025253067
0.02090499
0.031075701
0.032232388
0.026387483
0.041256336
0.042411618
0.034384647
0.047904163
0.04794168
0.04534353
0.04675544
0.046751381
0.04671683
0.046824627
0.046820249
0.046763309
0.046947011
0.046942389
0.046841481
0.04717232
0.047167448
0.046983702
0.047363205
0.047357724
0.04723483
0.047077375
0.047073536
0.047357268
0.045354769
0.045109017
0.04685753
0.028259692
0.027316384
0.040965138
0.022515081
0.022730351
0.025226664
0.011044235
0.011570729
0.0094441061
0.013064187
0.013775637
0.011961766
0.016164487
0.017052637
0.014871802
0.020033815
0.021134881
0.018123696
0.025672423
0.026981441
0.022466756
0.032710527
0.034445558
0.02821432
0.043031307
0.044952268
0.036646201
0.047953465
0.047987757
0.048066576
0.046750018
0.046745949
0.046711628
0.046818787
0.046814455
0.046757998
0.046940857
0.046936366
0.046835882
0.047165846
0.04716129
0.046977993
0.047355969
0.047351016
0.047228468
0.047072508
0.047070709
0.047350066
0.044925942
0.043441603
0.04685743
0.026660504
0.025657438
0.039234765
0.020779374
0.021821915
0.024178611
0.0064750019
0.0066606542
0.0041070512
0.011692839
0.012416112
0.010071768
0.01404588
0.014851364
0.012779849
0.01742459
0.018437296
0.016073286
0.021505806
0.022787284
0.019501511
0.027447368
0.028804605
0.02416096
0.03514828
0.036986702
0.030265792
0.045748217
0.048083241
0.039324427
0.047998318
0.048028907
0.04820245
0.046744594
0.046740585
0.046706434
0.046813031
0.046808858
0.046752753
0.046934914
0.046930749
0.046830473
0.047159875
0.047156022
0.046972681
0.047349517
0.047345487
0.047222926
0.047070421
0.047070918
0.047344314
0.043244822
0.042104699
0.046860415
0.024930512
0.024012787
0.037647591
0.019060259
0.020364374
0.022875729
0.0072293397
0.0074203503
0.0046904712
0.012632112
0.013425344
0.010427243
0.015365274
0.016335905
0.014020413
0.018900908
0.020001425
0.017473616
0.023238547
0.024854322
0.021378179
0.029216021
0.030893391
0.02623019
0.037636958
0.039709352
0.032714986
0.048188898
0.04823616
0.042073105
0.048037909
0.048064358
0.048258444
0.046739263
0.046735378
0.046701313
0.046807506
0.046803595
0.046747671
0.046929427
0.046925721
0.04682542
0.047154886
0.047151875
0.046967997
0.047344365
0.047341603
0.047218642
0.047071342
0.047073828
0.047340536
0.040848488
0.040873675
0.046865932
0.023607534
0.023545467
0.036869998
0.017665779
0.018391088
0.021598581
0.007988796
0.0081758269
0.0052985428
0.013640038
0.014660445
0.011330389
0.016771521
0.01834724
0.015466066
0.020778739
0.022198454
0.019345165
0.02542203
0.027312338
0.023475547
0.031457106
0.033616219
0.028819187
0.040420974
0.043044903
0.035866825
0.048250933
0.048292683
0.045392233
0.048072065
0.048094904
0.048307604
0.046734101
0.046732046
0.046697589
0.046802349
0.046801722
0.04674486
0.046924636
0.046927313
0.046824462
0.047150901
0.047157067
0.046971412
0.047340931
0.047338672
0.047223232
0.047075046
0.047045878
0.047332933
0.038872662
0.039133149
0.046824112
0.021943054
0.025173637
0.04072191
0.017764505
0.016311812
0.019849708
0.0087223713
0.0088900659
0.005892364
0.014897447
0.016413434
0.013363031
0.018905588
0.020497013
0.017621637
0.023042377
0.025213209
0.02167565
0.028089813
0.03005294
0.026345171
0.034352714
0.037019128
0.031902069
0.043835962
0.046491223
0.039373234
0.048305623
0.048341747
0.048123122
0.048101542
0.048121379
0.048349802
0.046730827
0.046727283
0.046691481
0.046800574
0.046797295
0.046740257
0.046926359
0.046923817
0.0468203
0.047156611
0.047155097
0.046968467
0.047338541
0.047338638
0.047221209
0.047047901
0.04704879
0.047332252
0.038286049
0.042172922
0.046830412
0.02726193
0.026347023
0.035766481
0.012329499
0.014267635
0.023739591
0.007211874
0.0071427281
0.0089210541
0.011792457
0.014267039
0.0061439035
0.017219315
0.018979842
0.016101881
0.021358002
0.023488647
0.020300768
0.026150712
0.028385031
0.024961733
0.030946014
0.033923646
0.029948514
0.038081494
0.041472049
0.035324036
0.047527557
0.048065154
0.043622146
0.048352792
0.048383345
0.048182102
0.048127016
0.048143896
0.048385416
0.046726124
0.046722776
0.046686878
0.046796256
0.046793306
0.046735932
0.046923068
0.046921081
0.046816631
0.047154721
0.047153984
0.04696633
0.047338363
0.047338676
0.047220123
0.04704993
0.047053444
0.047332842
0.04505704
0.043961794
0.046832348
0.025704823
0.029423364
0.039745338
0.014982563
0.017470899
0.025990922
0.0026457924
0.0026657059
0.011312177
0.0039121776
0.0041254378
0.0032882839
0.015827832
0.017087352
0.0065569939
0.019950869
0.022691162
0.020582723
0.024406903
0.027536229
0.024118012
0.029309344
0.032486744
0.029162586
0.03500402
0.038959726
0.034338965
0.042518691
0.046207086
0.040198431
0.048079408
0.048120009
0.047563218
0.048392618
0.048418136
0.04823269
0.048148517
0.048161436
0.048414993
0.046721677
0.046718495
0.046682327
0.046792373
0.046789734
0.046731883
0.046920505
0.046919012
0.046813421
0.04715385
0.047153762
0.046964894
0.047338925
0.04733989
0.047219999
0.047054195
0.047055661
0.047334376
0.044984587
0.045261697
0.046833165
0.030180564
0.03387136
0.044221292
0.017313697
0.016791379
0.032304625
0.0026697951
0.0026778641
0.01046056
0.0041903294
0.0043699605
0.0032213748
0.017210581
0.017534069
0.0069031825
0.024166172
0.028521827
0.02100055
0.028761516
0.032969514
0.029538233
0.033710011
0.037856622
0.034813424
0.04014957
0.044537602
0.040017268
0.047322654
0.047371589
0.046191606
0.048132335
0.048165876
0.047624552
0.048425821
0.048446796
0.04827459
0.048164711
0.048175161
0.048439043
0.04671746
0.046713042
0.046678028
0.046788894
0.04678652
0.046728055
0.046918581
0.046917475
0.046810606
0.047153826
0.047154214
0.046964035
0.047340258
0.047341461
0.047220593
0.047055961
0.047056162
0.047336156
0.045256027
0.045234527
0.046831215
0.035497074
0.037749059
0.044174536
0.016605051
0.016020175
0.033894332
0.0026796438
0.0026837636
0.0095865124
0.0044256936
0.0045831323
0.003166329
0.017634937
0.017902952
0.0071995778
0.029396749
0.029616165
0.02135093
0.03459657
0.037646794
0.031867149
0.039412059
0.042868889
0.039187649
0.045784728
0.045847685
0.04379373
0.047386256
0.047425845
0.04634645
0.048175944
0.048203065
0.047674263
0.048453046
0.048469885
0.048308483
0.048178266
0.048185926
0.048458174
0.046712091
0.046709218
0.046673892
0.046785755
0.046783595
0.046722948
0.046917157
0.046916311
0.046808106
0.047154405
0.047155089
0.046963577
0.047341881
0.047343123
0.047221587
0.047055985
0.04705467
0.047337657
0.045225975
0.045196429
0.046826393
0.037690021
0.037501229
0.0441123
0.015820986
0.015214051
0.033509298
0.0026848236
0.002687328
0.0087889033
0.0046327605
0.0047740888
0.0031228729
0.017986779
0.018220011
0.0074600222
0.029682841
0.029865392
0.021647343
0.037694959
0.037827536
0.032105633
0.042900243
0.042986099
0.03935146
0.045866791
0.045919142
0.043896969
0.047437666
0.047469423
0.046409856
0.048211138
0.04823273
0.047714262
0.048474818
0.048487878
0.048335673
0.048187741
0.048193229
0.048472723
0.046708223
0.046705438
0.046669874
0.046782883
0.046780845
0.046719373
0.046916063
0.046915386
0.046805827
0.047155342
0.047156127
0.046963352
0.047343508
0.047344496
0.04722271
0.047053972
0.047051116
0.047338491
0.045185401
0.045149512
0.046818484
0.037434739
0.037225814
0.044036909
0.015011702
0.01441098
0.033090934
0.0026879853
0.0026896682
0.0080999039
0.0048188879
0.0049474111
0.0030937278
0.018292676
0.018497067
0.007693268
0.029921042
0.030077918
0.021905771
0.037868264
0.037981353
0.032309118
0.043012224
0.043084004
0.039491049
0.045935038
0.045978586
0.043983104
0.047478962
0.047504487
0.046461881
0.048239131
0.04825629
0.047746332
0.048491624
0.048501344
0.04835726
0.048194379
0.048197821
0.048483148
0.046704534
0.046701878
0.046665961
0.046780175
0.046775928
0.04671605
0.046915175
0.046914576
0.046803638
0.047156388
0.047157107
0.046963217
0.047344755
0.047345268
0.04722373
0.047049889
0.04704539
0.047338441
0.045136554
0.045095216
0.046807461
0.037153071
0.036927224
0.043951251
0.014213952
0.0136385
0.032658875
0.0026901751
0.0026917566
0.0075198283
0.0049885446
0.0051076559
0.0030800507
0.018560984
0.018741098
0.0079054783
0.030125619
0.030262159
0.022130196
0.038016247
0.038113454
0.032486205
0.043105904
0.043166419
0.039610881
0.045991813
0.046027952
0.044054863
0.047512062
0.047532517
0.046504773
0.048261358
0.048274799
0.047772195
0.048504061
0.048510915
0.048374073
0.048198363
0.048199995
0.04849002
0.046700991
0.046698385
0.046662126
0.046775324
0.046775584
0.046712816
0.046914381
0.046913783
0.046799094
0.047157319
0.047157843
0.046963063
0.047345342
0.047345246
0.047224455
0.04704362
0.047037544
0.047337388
0.045080622
0.045034747
0.046793512
0.036850158
0.036615417
0.043857995
0.013452236
0.012914046
0.032222686
0.0026923271
0.0026942152
0.007035774
0.0051460826
0.0052578837
0.003075144
0.018797415
0.018957544
0.0081014292
0.030302705
0.030417197
0.022327996
0.038143509
0.038227304
0.032638206
0.043184919
0.043236004
0.039714194
0.04603891
0.046068891
0.04411465
0.047538716
0.047555616
0.046540289
0.048278749
0.048289042
0.047793398
0.048512756
0.048517174
0.048386772
0.048200009
0.048200086
0.048493891
0.046697513
0.04669494
0.046658343
0.04677488
0.046772895
0.046709615
0.046913576
0.046912911
0.046797309
0.047157977
0.047158245
0.046962782
0.047345105
0.047344345
0.047224787
0.047035266
0.047027724
0.04733527
0.045018803
0.044969378
0.046776967
0.03653631
0.036297219
0.043759204
0.012741731
0.012246406
0.031785301
0.0026948968
0.0026971166
0.0066320943
0.0052940585
0.005399437
0.003074492
0.019008211
0.019153003
0.0082839075
0.030453507
0.030556365
0.022506755
0.038253359
0.038326305
0.032772869
0.043251657
0.043294881
0.039803681
0.046077996
0.04610293
0.044164807
0.047560713
0.047574566
0.046569758
0.048291995
0.048299605
0.04781059
0.04851827
0.048520622
0.048395936
0.04819966
0.04819842
0.048495231
0.046694074
0.046691507
0.046654584
0.046772262
0.046770271
0.046706547
0.046912672
0.046911894
0.04679536
0.047158287
0.047158266
0.046962306
0.047343981
0.047342568
0.047224674
0.047024977
0.04701607
0.047332116
0.044952441
0.044900498
0.046758162
0.036217134
0.03597639
0.043656419
0.012088753
0.01163803
0.031348928
0.0026979077
0.0027004437
0.0062942069
0.0054335482
0.0055328612
0.0030774413
0.019198903
0.019329791
0.0084541685
0.03058859
0.030681945
0.022666908
0.038349009
0.038412693
0.032890889
0.043308127
0.043344715
0.039881403
0.046110505
0.046131255
0.04420714
0.047578743
0.047589979
0.046594167
0.048301765
0.048307226
0.047824311
0.048521091
0.048521717
0.048402171
0.048197628
0.048195288
0.048494454
0.04669065
0.046688172
0.046650823
0.046769601
0.046767564
0.046705141
0.046911614
0.046910703
0.046793301
0.04715821
0.047157885
0.046961598
0.047341993
0.047339984
0.047224091
0.047012884
0.04700273
0.047328031
0.044882859
0.044829132
0.046737363
0.03589606
0.035655106
0.043550824
0.011495146
0.011087661
0.030915288
0.0027013395
0.0027041834
0.006009644
0.0055649695
0.0056584682
0.0030834477
0.019371236
0.019489551
0.0086126658
0.030711473
0.030796582
0.022810607
0.038432563
0.038488369
0.032996671
0.043355942
0.043387021
0.039948953
0.046137566
0.046154823
0.044243067
0.047593323
0.047602332
0.046614177
0.048308731
0.048312399
0.047835249
0.048521667
0.04852088
0.048406072
0.048194196
0.048190949
0.048491935
0.046687317
0.046686272
0.046647038
0.046766879
0.046764805
0.046701789
0.046910376
0.046909324
0.046791121
0.047157728
0.047157106
0.046960649
0.047339225
0.047336701
0.047223047
0.046999157
0.046987939
0.047323163
0.044810984
0.044755902
0.046714855
0.035574884
0.035334821
0.043443149
0.010958797
0.010592321
0.030486137
0.002705183
0.002708328
0.0057685122
0.0056887403
0.0057771602
0.0030920653
0.01952716
0.019635292
0.0087607603
0.030823512
0.030900491
0.022940988
0.038505699
0.0385547
0.033092885
0.043396586
0.043423214
0.040007859
0.046160073
0.046174493
0.044273864
0.047605032
0.047612334
0.046630629
0.048313364
0.048315578
0.047843846
0.048520408
0.048518475
0.048408103
0.048189612
0.048185624
0.048487998
0.046685369
0.046682619
0.046643215
0.046764105
0.046761975
0.046698478
0.046908949
0.046907755
0.046788808
0.047156852
0.047155954
0.046959466
0.047335782
0.047332804
0.047221579
0.046984043
0.046971942
0.047317621
0.044737346
0.044681155
0.046690917
0.035255085
0.035017008
0.04333363
0.01047669
0.010148253
0.030063275
0.0027094242
0.0027128704
0.0055632203
0.0058058872
0.005890035
0.0031029391
0.019669909
0.019769877
0.0089002406
0.0309251
0.030996486
0.023061119
0.038570136
0.038613883
0.033180968
0.043431482
0.04345469
0.040059882
0.046178892
0.046191019
0.044300741
0.047614523
0.047620444
0.046644281
0.04831611
0.048317154
0.047850505
0.048517661
0.048514793
0.048408603
0.048184092
0.048179511
0.048482904
0.046681691
0.046678967
0.046639332
0.046761253
0.046759048
0.046695076
0.046907333
0.046905999
0.046786357
0.047155613
0.047154465
0.046958061
0.04733174
0.047328342
0.047219728
0.04696778
0.046954945
0.047311463
0.044662274
0.044605286
0.046665828
0.034938088
0.034702798
0.04322335
0.010044706
0.0097506116
0.029648244
0.002714068
0.0027178154
0.0053874639
0.0059174274
0.0059977056
0.0031158112
0.019801985
0.019894903
0.0090322169
0.031019463
0.031085935
0.023172835
0.038627751
0.038667498
0.033262538
0.043461975
0.043482629
0.040106647
0.04619474
0.046205054
0.04432465
0.047622217
0.047627006
0.046655777
0.048317332
0.048317404
0.047855561
0.048513697
0.048510054
0.048407826
0.048177826
0.048172781
0.048476857
0.046678062
0.046675313
0.046635389
0.0467583
0.046756012
0.046691527
0.046905531
0.046904059
0.046783761
0.047154044
0.04715267
0.046956445
0.047327143
0.047323359
0.047217522
0.046950561
0.04693713
0.047304748
0.044586203
0.044528788
0.046639876
0.034624892
0.034392823
0.043113181
0.0096578789
0.0093944426
0.029241807
0.0027191106
0.0027231402
0.0052362151
0.006023832
0.0061003506
0.0031304863
0.019924785
0.020011251
0.0091570175
0.031107456
0.031169465
0.023277063
0.038680208
0.038716875
0.033338591
0.043489175
0.043507855
0.040149445
0.046208238
0.046217106
0.044346233
0.047628434
0.047632265
0.046665581
0.048317285
0.04831654
0.04785927
0.048508723
0.048504431
0.048405983
0.048170979
0.048165583
0.048470023
0.046674377
0.046671558
0.046631392
0.046755235
0.04675286
0.046687863
0.046903546
0.046901939
0.04678101
0.047152177
0.047150595
0.04695463
0.04732204
0.047317925
0.047214992
0.046932571
0.046918686
0.047297566
0.044509613
0.044452041
0.046613334
0.034316035
0.034087435
0.043003217
0.0093113047
0.0090752351
0.028844448
0.0027245249
0.0027288099
0.0051055944
0.0061252438
0.0061981691
0.0031467712
0.02003904
0.020119331
0.0092749439
0.0311895
0.031246622
0.023373875
0.03872869
0.038762573
0.033408755
0.043513802
0.043530778
0.040188712
0.046219854
0.046227534
0.044365814
0.047633393
0.047636372
0.046673994
0.048316173
0.048314758
0.047861818
0.048502903
0.048498075
0.048403266
0.048163696
0.04815805
0.048462541
0.046670598
0.046667705
0.046627325
0.046752053
0.046749586
0.046684094
0.046901381
0.046899641
0.046778097
0.047150036
0.047148268
0.046952622
0.047316506
0.047312122
0.047212173
0.046914002
0.046899812
0.04729002
0.044432846
0.04437528
0.046586435
0.034011837
0.03378691
0.042893617
0.0090007073
0.008788945
0.028456734
0.0027302758
0.0027347988
0.0049925188
0.0062219158
0.0062915978
0.0031644754
0.020145133
0.02021969
0.0093865896
0.031264772
0.031316637
0.023463486
0.038773353
0.038804506
0.033472435
0.04353618
0.043551642
0.040224493
0.046229923
0.046236628
0.044383623
0.047637228
0.04763943
0.046681235
0.048314193
0.048312249
0.047863351
0.048496388
0.048491133
0.048399857
0.048156106
0.048150286
0.048454544
0.046666723
0.046663724
0.046623183
0.046748747
0.046746185
0.046680223
0.046899039
0.046897168
0.04677502
0.047147651
0.047145722
0.04695043
0.047310624
0.047306027
0.047209106
0.046895048
0.046880674
0.047282194
0.044356098
0.04429859
0.046559358
0.033712567
0.033491507
0.042784463
0.0087220833
0.0085317363
0.028079194
0.0027363422
0.0027410957
0.0048943822
0.0063143301
0.0063811407
0.0031834489
0.020243673
0.020313113
0.0094926472
0.031333329
0.031380998
0.023546378
0.038814562
0.038843513
0.033530826
0.043556587
0.043570846
0.040257537
0.046238726
0.046244655
0.044399969
0.047640039
0.047641529
0.046687488
0.048311529
0.048309178
0.047863976
0.048489321
0.048483737
0.048395914
0.048148304
0.048142366
0.048446149
0.046661539
0.046658533
0.046618957
0.046745315
0.046742657
0.046676251
0.046896523
0.046894528
0.046771781
0.047145055
0.047142985
0.046948064
0.047304465
0.047299691
0.047205827
0.046875863
0.04686138
0.047274135
0.04427945
0.044222134
0.046532221
0.033418484
0.033201471
0.042675806
0.0084715768
0.0083002622
0.027712204
0.0027427145
0.0027476895
0.0048090488
0.0064029649
0.0064671226
0.003203571
0.020335464
0.020400031
0.0095935772
0.031396166
0.031440041
0.023622981
0.03885289
0.038880037
0.033584561
0.043575439
0.043588754
0.040288501
0.046246523
0.046251834
0.044415131
0.047641911
0.047642744
0.046692903
0.048308338
0.048305671
0.047863776
0.048481831
0.048476004
0.048391561
0.04814036
0.048134342
0.048437464
0.046657513
0.046654424
0.046614641
0.046741755
0.046739002
0.046672199
0.046893842
0.046891732
0.04676839
0.047142273
0.047140073
0.046945537
0.047298074
0.047293146
0.047202359
0.04685654
0.046841982
0.047265869
0.044203061
0.044145957
0.04650509
0.033129833
0.032917098
0.042567733
0.0082460181
0.0080913401
0.027356006
0.0027493808
0.002754567
0.0047346543
0.006488064
0.006549614
0.0032247326
0.02042079
0.020480372
0.0096896177
0.031454122
0.031494582
0.023693232
0.038888851
0.038914301
0.033634666
0.043593052
0.043605504
0.040317506
0.046253512
0.046258297
0.044429243
0.047642914
0.047643128
0.046697579
0.048304738
0.048301817
0.047862816
0.048474029
0.048468025
0.048386884
0.04813232
0.048126247
0.048428581
0.04665339
0.046650094
0.046610243
0.04673807
0.046735227
0.046666725
0.04689101
0.046888793
0.046764856
0.047139319
0.047136992
0.046942858
0.04729148
0.047286413
0.047198709
0.04683712
0.046822503
0.047257415
0.044126965
0.044070139
0.046477994
0.032846924
0.03263867
0.042460378
0.0080422973
0.0079021633
0.027010773
0.0027563262
0.0027617035
0.0046697169
0.0065697046
0.0066287178
0.0032468356
0.02049958
0.020555566
0.0097812012
0.031507442
0.031544009
0.023757877
0.038922418
0.038945794
0.033680553
0.043609519
0.04362118
0.040344353
0.04625981
0.046264118
0.044442386
0.047643099
0.047642735
0.046701571
0.048300806
0.048297672
0.047861162
0.048466001
0.048459872
0.048381944
0.048124216
0.048118109
0.048419572
0.046649009
0.046645745
0.046605774
0.046734267
0.046731338
0.0466624
0.046888036
0.046885718
0.046761189
0.047136195
0.04713374
0.046940032
0.047284702
0.047279509
0.047194881
0.046817623
0.046802965
0.047248792
0.044051252
0.043994775
0.046450956
0.03257001
0.032366314
0.042353874
0.0078576855
0.0077305472
0.026676556
0.0027635223
0.002769065
0.004613121
0.006647958
0.0067044006
0.0032697842
0.020573686
0.020626721
0.00986827
0.031555734
0.031589554
0.02381858
0.038953312
0.038975208
0.033722826
0.043624949
0.04363592
0.040369547
0.046265474
0.046269319
0.044454644
0.047642522
0.047641633
0.046704908
0.048296595
0.048293278
0.047858898
0.048457813
0.048451595
0.048376784
0.048116074
0.048109953
0.04841049
0.046644651
0.046641359
0.046601237
0.046730353
0.046727317
0.046658045
0.046884927
0.046882511
0.046757399
0.0471329
0.047130316
0.046937059
0.047277758
0.047272454
0.047190878
0.046798076
0.046783402
0.047240027
0.043976014
0.04391994
0.046423992
0.032299173
0.032100017
0.04224831
0.0076901953
0.007574767
0.026353294
0.0027709338
0.0027766199
0.004564048
0.0067227861
0.0067766939
0.0032934711
0.020643921
0.020693648
0.0099507136
0.031600523
0.031632599
0.02387562
0.038982296
0.039002792
0.033762429
0.043639462
0.043649733
0.040393358
0.046270518
0.046273881
0.044465995
0.047641257
0.047639917
0.046707596
0.048292147
0.048288681
0.047856129
0.048449512
0.048443234
0.048371448
0.048107919
0.0481018
0.048401373
0.046640245
0.046636889
0.046596632
0.046726299
0.046721337
0.046653662
0.046881688
0.046879175
0.046753468
0.047129434
0.047126724
0.046933938
0.047270669
0.04726527
0.047186709
0.046778511
0.046763846
0.04723115
0.043901319
0.043845677
0.046397119
0.032034384
0.031839754
0.042143736
0.0075380936
0.0074330709
0.026040886
0.0027785357
0.0027843558
0.0045216984
0.0067942489
0.0068457107
0.0033177306
0.020709613
0.020755583
0.010028548
0.031642825
0.03167236
0.023928879
0.039009374
0.039028354
0.03379911
0.043653025
0.04366251
0.040415241
0.046274916
0.046277781
0.044476362
0.047639406
0.047637708
0.046709647
0.048287506
0.048283931
0.047852976
0.048441136
0.048434828
0.048365982
0.048099772
0.04809367
0.048392254
0.046635756
0.04663234
0.046591963
0.046720326
0.046716951
0.046649196
0.04687832
0.046875711
0.046747356
0.047125801
0.047122972
0.046930671
0.047263457
0.047257983
0.047182388
0.046758961
0.04674432
0.047222191
0.043827204
0.043772016
0.046370342
0.031775639
0.03158563
0.042040198
0.0073996599
0.0073038888
0.025739347
0.0027863151
0.002792264
0.0044853575
0.0068624541
0.0069115134
0.0033424579
0.020770219
0.020812197
0.010101686
0.031681839
0.031709351
0.023977705
0.039034363
0.039051419
0.033833212
0.043665532
0.043674268
0.040434928
0.046278649
0.046281031
0.044485757
0.047637095
0.047635141
0.046711105
0.048282726
0.048279082
0.047849567
0.048432724
0.048426415
0.048360437
0.048091653
0.048085583
0.048383167
0.04663119
0.046627722
0.046587232
0.046715866
0.046712671
0.046644652
0.046874825
0.046872023
0.046742964
0.047122011
0.047119068
0.046927258
0.047256146
0.047250612
0.047177926
0.046739445
0.046724838
0.047213179
0.043753699
0.043698993
0.046343666
0.031523085
0.031337888
0.041937758
0.0072733855
0.0071858795
0.025448818
0.0027942665
0.0028003474
0.0044544032
0.0069274876
0.0069744262
0.0033675672
0.020825496
0.020863461
0.010170751
0.031718157
0.03174317
0.024021835
0.039056784
0.039072215
0.033864223
0.043677067
0.043685146
0.040453176
0.046281744
0.046283671
0.044494262
0.047634459
0.047632339
0.046712032
0.048277861
0.048274183
0.047846015
0.048424316
0.048418037
0.048354854
0.048083581
0.048077559
0.048374145
0.046626554
0.046623036
0.046582443
0.046711593
0.046708347
0.046640035
0.04686808
0.046864935
0.046738801
0.047118073
0.04711502
0.046920295
0.047248758
0.047243178
0.047173333
0.046719975
0.046705411
0.047204135
0.043680842
0.043626654
0.046317098
0.031276978
0.031096773
0.041836485
0.0071579852
0.007077945
0.025169417
0.0028023944
0.0028086089
0.0044283154
0.0069897689
0.0070349015
0.0033930329
0.020875636
0.020911153
0.010236832
0.031751163
0.0317746
0.024062627
0.039077211
0.039091811
0.033893127
0.043687717
0.043695091
0.040470168
0.046284236
0.046285719
0.044501841
0.047631614
0.047629394
0.046712477
0.048272955
0.048269264
0.047842398
0.048415953
0.04840973
0.048349265
0.048075576
0.048069614
0.048365223
0.046621852
0.046618289
0.0465776
0.04670725
0.046703948
0.046635355
0.046863941
0.046861111
0.04673456
0.047113992
0.047110691
0.046916149
0.04724131
0.047235695
0.047168609
0.046700563
0.046686048
0.047195078
0.043608681
0.043555042
0.046290648
0.031037545
0.030862407
0.041736433
0.0070524057
0.0069791217
0.024901075
0.0028106989
0.0028170382
0.0044066504
0.0070496499
0.0070929666
0.0034188387
0.020922596
0.020956089
0.01029996
0.031782248
0.031804742
0.024101183
0.03909651
0.039110045
0.033920361
0.043697418
0.043704053
0.040485969
0.046286137
0.046287177
0.044508418
0.047628644
0.047626361
0.04671247
0.048268032
0.048264331
0.047838752
0.048407669
0.048401522
0.048343678
0.048067655
0.048061766
0.048356427
0.046617092
0.04661349
0.046572709
0.046702834
0.046699482
0.046630618
0.04686016
0.046857274
0.046730243
0.047106089
0.047102407
0.04691244
0.047233817
0.047228177
0.047160485
0.046681217
0.046666762
0.047186027
0.043537257
0.043484187
0.046264331
0.030804864
0.030634745
0.041637626
0.0069557297
0.0068885313
0.024643505
0.002819166
0.0028256156
0.0043890212
0.0071071082
0.0071486261
0.0034449502
0.020966982
0.020998975
0.010360076
0.031811988
0.031833124
0.024138287
0.039114395
0.039126954
0.033945936
0.043706142
0.043712097
0.040500203
0.046287447
0.046288052
0.044513999
0.047625593
0.04762326
0.046712037
0.048263095
0.048259377
0.047835086
0.048399488
0.048393427
0.04833809
0.048059833
0.048054026
0.048347775
0.046612281
0.046608643
0.046567776
0.046698352
0.046694957
0.046625831
0.0468563
0.046853345
0.046725861
0.047101324
0.047098074
0.046908624
0.047226228
0.047221076
0.047155465
0.046661951
0.046647561
0.047178909
0.043466593
0.043414094
0.046238159
0.030578854
0.030413631
0.041540062
0.0068670832
0.0068054064
0.02439627
0.0028277758
0.0028343307
0.0043751274
0.0071621776
0.0072019908
0.0034713333
0.021009316
0.021039545
0.010417289
0.031840063
0.031860622
0.024173434
0.039130966
0.039142358
0.033970519
0.043713964
0.043719165
0.040512867
0.04628818
0.04628836
0.04451865
0.047622476
0.047620096
0.046711195
0.048258133
0.048254387
0.047831392
0.048391422
0.04838545
0.048332491
0.048052122
0.048046403
0.048339275
0.046607423
0.046603756
0.046562803
0.046693815
0.046690381
0.046621001
0.046852349
0.046849331
0.046721422
0.047096977
0.047093644
0.046904709
0.047219237
0.047213616
0.047150519
0.046642772
0.046642612
0.047170644
0.043396692
0.043344767
0.046230928
0.030359343
0.030198863
0.041443735
0.0067857106
0.0067290755
0.024158857
0.0028365323
0.0028432672
0.0043647661
0.0072150102
0.0072532669
0.0034979468
0.02104942
0.02107812
0.010471861
0.031867295
0.031886818
0.024207193
0.039145937
0.039156204
0.033993719
0.043720734
0.043724926
0.040524466
0.046288347
0.046288103
0.044522252
0.047619296
0.047616867
0.046709955
0.048253132
0.048249352
0.04782766
0.048383475
0.048377593
0.048326869
0.04804453
0.048038902
0.048330931
0.046602527
0.046598834
0.046557799
0.046689226
0.046685761
0.046616135
0.046848315
0.046845243
0.046716932
0.047092521
0.047089117
0.046900703
0.047211736
0.047206107
0.047145496
0.046637974
0.046623537
0.047161647
0.043328108
0.043334399
0.046206445
0.030146125
0.030098831
0.041424181
0.0067110145
0.0066589401
0.023931692
0.0028455377
0.0028525403
0.0043577442
0.0072657906
0.0073025778
0.0035240179
0.021087359
0.021114077
0.010524011
0.031893128
0.031911291
0.02423896
0.039159495
0.039168689
0.034015139
0.043726147
0.043729354
0.040534651
0.046287952
0.046287314
0.044524736
0.047616051
0.047613579
0.046708349
0.048248085
0.04824427
0.047823891
0.048375647
0.048369855
0.048321225
0.048037061
0.048031528
0.048322745
0.046597598
0.046593884
0.046552765
0.046684596
0.046681106
0.046611239
0.046844208
0.046841086
0.0467124
0.047087973
0.047084512
0.04689662
0.047204231
0.047198616
0.047140415
0.046618727
0.046604364
0.047152698
0.0433171
0.043265162
0.0461804
0.030083072
0.029936027
0.04132928
0.0066426158
0.006666014
0.023881074
0.0028549125
0.002857997
0.0043847225
0.0073146181
0.0073088501
0.0035437716
0.021122643
0.021147235
0.010524506
0.031917057
0.031933707
0.024268363
0.039171549
0.039179577
0.034034689
0.043730273
0.043732639
0.040543413
0.046287041
0.046286068
0.044526248
0.04761275
0.047610246
0.046706433
0.048242992
0.048239147
0.047820097
0.04836794
0.048362242
0.048315561
0.048029719
0.048024283
0.048314721
0.046592641
0.04658891
0.046547707
0.046679932
0.04667642
0.046606318
0.046840037
0.046836873
0.046707834
0.047083349
0.04707984
0.046892467
0.047196747
0.04719115
0.047135286
0.046599574
0.046585271
0.047143791
0.043247921
0.043196574
0.046154506
0.029885008
0.029734251
0.041234549
0.0066499928
0.0066034796
0.023663548
0.0028604406
0.0028680944
0.0043819214
0.0073205137
0.0073550738
0.0035703021
0.021155157
0.021177832
0.010573074
0.031939036
0.031954416
0.024295443
0.03918207
0.039188994
0.034052685
0.0437333
0.043734942
0.04055074
0.046285695
0.046284451
0.044526965
0.04760941
0.047606891
0.046704275
0.048237861
0.048233992
0.047816293
0.048360358
0.048354755
0.048309882
0.048022507
0.048017172
0.048306862
0.046587662
0.046583916
0.046542628
0.046675242
0.04667171
0.046601378
0.046835811
0.04683261
0.046703239
0.047078663
0.047075115
0.04688826
0.047189289
0.047183709
0.047130121
0.046580518
0.046566288
0.047134921
0.043179464
0.043128477
0.04612875
0.02968455
0.029537972
0.041140803
0.0065885519
0.0065458168
0.023454162
0.0028707067
0.0028787476
0.0043822199
0.0073664014
0.0073998301
0.0035957148
0.021185145
0.021206387
0.010619716
0.03195933
0.03197339
0.024320538
0.039191118
0.03919694
0.034068925
0.043735379
0.043736394
0.04055666
0.046283999
0.046282541
0.044527039
0.047606051
0.047603528
0.04670193
0.048232699
0.04822881
0.04781249
0.048352903
0.048347392
0.048304193
0.04801543
0.048010198
0.048299166
0.046582664
0.046578908
0.046537532
0.046670528
0.046666984
0.046596423
0.04683154
0.046828311
0.046698622
0.047073926
0.047070346
0.046884009
0.047181851
0.047176288
0.047124928
0.046561553
0.046547378
0.047126084
0.043111567
0.043060913
0.046103126
0.02948955
0.029346741
0.041047991
0.0065320646
0.0064928732
0.023252283
0.0028814967
0.0028899707
0.0043855736
0.0074108077
0.0074431863
0.0036202153
0.021213191
0.021232796
0.010664898
0.031977812
0.031990355
0.024343505
0.039198697
0.039203438
0.034083237
0.043736642
0.043737136
0.040561223
0.046282027
0.046280408
0.044526625
0.047602688
0.04760017
0.046699446
0.048227512
0.048223609
0.0478087
0.04834557
0.048340146
0.048298495
0.048008491
0.048003364
0.048291624
0.046577653
0.04657389
0.046532422
0.046665797
0.046662247
0.046591459
0.046827232
0.046823984
0.046693991
0.047069148
0.047065545
0.046879724
0.047174437
0.04716889
0.047119717
0.046542677
0.046528565
0.047117271
0.04304411
0.042993936
0.046077653
0.029299863
0.029161079
0.040956073
0.0064802216
0.0064442303
0.023058351
0.0028928706
0.0029018292
0.0043917538
0.0074537839
0.0074850875
0.0036441139
0.021239109
0.021257314
0.010708537
0.031994297
0.032005415
0.024364487
0.039204851
0.039208568
0.034095486
0.04373723
0.043737324
0.040564542
0.04627985
0.046278129
0.044525884
0.047599334
0.047596831
0.046696873
0.048222306
0.048218395
0.047804932
0.048338352
0.048333006
0.048292794
0.048001692
0.04799667
0.048284224
0.046572634
0.046568866
0.046527303
0.046661058
0.046657501
0.046586488
0.0468229
0.046819638
0.046689353
0.047064341
0.047060721
0.046875414
0.047167042
0.047161506
0.047114492
0.04652388
0.046509832
0.047108477
0.042977231
0.042927353
0.046052271
0.02911541
0.02898019
0.040865044
0.0064327376
0.0063997041
0.022871392
0.0029049025
0.0029144228
0.004400019
0.0074953647
0.007525501
0.0036674442
0.021263174
0.02128025
0.010750663
0.0320089
0.032018666
0.024383741
0.039209649
0.039212439
0.034105791
0.043737308
0.04373715
0.040566842
0.046277548
0.046275784
0.044524971
0.047596001
0.047593525
0.046694269
0.048217092
0.048213184
0.0478012
0.048331236
0.048325959
0.048287099
0.047995034
0.047990117
0.048276949
0.046567609
0.046563839
0.046522176
0.046656313
0.046652756
0.046581516
0.046818551
0.046815284
0.04668471
0.047059512
0.047055881
0.046871091
0.047159661
0.047154133
0.047109261
0.046505145
0.04649116
0.047099696
0.042910745
0.042861219
0.046027
0.028935997
0.028804221
0.04077485
0.0063891511
0.0063588051
0.022691387
0.0029177029
0.0029279108
0.0044101554
0.0075353806
0.007564673
0.0036900033
0.021285762
0.021301862
0.010791567
0.032021698
0.032030193
0.024401577
0.039213229
0.039215324
0.034114442
0.043737079
0.043736807
0.040568568
0.046275196
0.046273436
0.044523987
0.047592705
0.047590266
0.046691686
0.048211884
0.048207994
0.047797519
0.04832421
0.048318995
0.048281425
0.047988516
0.047983704
0.048269787
0.046562585
0.046558817
0.046517044
0.04665157
0.046648011
0.04657655
0.046814194
0.046810924
0.046680066
0.04705467
0.047051034
0.046866764
0.04715229
0.047146768
0.04710403
0.046486505
0.046472559
0.047090921
0.042844697
0.042795514
0.04600181
0.028761154
0.028632957
0.040685331
0.0063492215
0.0063214368
0.022517913
0.0029314367
0.002942433
0.0044220087
0.0075743284
0.0076030691
0.0037120144
0.02130713
0.021322708
0.010831796
0.032032839
0.032040262
0.024418353
0.039215982
0.039217811
0.034121915
0.043736704
0.043736329
0.040570063
0.046272856
0.046271132
0.044522978
0.04758946
0.047587066
0.046689159
0.048206703
0.048202846
0.047793903
0.048317266
0.048312108
0.04827579
0.047982137
0.047977428
0.048262726
0.04655756
0.046553791
0.046511909
0.046646827
0.046643273
0.04657158
0.046809835
0.046806569
0.046675434
0.047049823
0.047046189
0.046862435
0.047144928
0.047139406
0.047098802
0.046467917
0.046454025
0.047082155
0.042779067
0.042730091
0.045976735
0.028590947
0.028465836
0.040596578
0.0063125168
0.0062869709
0.0223502
0.0029462329
0.0029580658
0.0044354491
0.0076125773
0.007640946
0.0037335335
0.02132787
0.021343353
0.010871566
0.03204263
0.032049498
0.024434709
0.039218378
0.039219919
0.034128642
0.043736191
0.043735736
0.040571308
0.046270567
0.046268904
0.044521989
0.047586276
0.047583933
0.046686712
0.048201569
0.048197761
0.047790361
0.048310397
0.048305294
0.04827021
0.047975895
0.047971284
0.048255758
0.046552534
0.046548767
0.046506772
0.046642089
0.046638542
0.046566613
0.046805479
0.046802219
0.046670811
0.047044978
0.047041347
0.046858114
0.047137566
0.047132043
0.047093581
0.046449411
0.046435547
0.04707338
0.042713801
0.042665025
0.045951712
0.02842483
0.02830292
0.040508542
0.0062788747
0.0062553781
0.022187824
0.0029621487
0.0029748499
0.0044503628
0.0076503195
0.0076782773
0.0037542126
0.021348549
0.02136432
0.010910935
0.032051706
0.03205813
0.024451165
0.039220434
0.039221872
0.034134961
0.04373558
0.043735099
0.0405723
0.046268363
0.046266777
0.044521079
0.047583159
0.047580864
0.046684354
0.048196502
0.048192753
0.047786895
0.048303603
0.048298555
0.048264701
0.047969783
0.047965266
0.048248879
0.046547511
0.046543748
0.046501637
0.046637362
0.046633823
0.046561651
0.046801135
0.046797887
0.046666198
0.04704014
0.047036516
0.046853808
0.047130201
0.047124672
0.047088366
0.046430922
0.046417092
0.047064598
0.042648802
0.042600313
0.045926759
0.028262853
0.02814402
0.04042109
0.0062479353
0.006226335
0.022030846
0.0029792255
0.0029928176
0.0044666397
0.0076875836
0.0077154217
0.0037737247
0.021369635
0.021385682
0.010950341
0.032060242
0.032066584
0.024467894
0.039222325
0.039223593
0.034141219
0.043734947
0.043734517
0.040573295
0.046266262
0.04626475
0.044520274
0.047580106
0.04757785
0.046682078
0.048191515
0.048187833
0.047783494
0.048296882
0.048291891
0.048259273
0.047963795
0.047959364
0.048242085
0.046542493
0.046538734
0.046496501
0.046632644
0.046629115
0.046556697
0.046796806
0.04679357
0.046661602
0.04703531
0.047031696
0.046849519
0.047122829
0.047117293
0.047083159
0.046412491
0.046398672
0.047055797
0.042584153
0.042535865
0.045901871
0.028104864
0.027988718
0.040334354
0.006219501
0.0061997786
0.021878963
0.0029974981
0.0030120349
0.0044841756
0.0077246412
0.0077521614
0.0037921542
0.02139106
0.021407327
0.010989306
0.032068674
0.032074832
0.024484914
0.039224028
0.039225562
0.034147521
0.043734385
0.043733982
0.040574874
0.046264255
0.046262787
0.0445195
0.047577102
0.04757487
0.046679848
0.048186617
0.048183001
0.047780142
0.048290237
0.048285304
0.048253933
0.04795792
0.047953564
0.048235373
0.046537481
0.046533728
0.046491369
0.04662794
0.046624422
0.046551751
0.046792493
0.046789274
0.046657019
0.047030493
0.047026892
0.046845247
0.047115446
0.047109901
0.047077964
0.046394074
0.046380283
0.04704699
0.042519774
0.042471784
0.045877012
0.027950445
0.027836948
0.040248342
0.0061935133
0.006175439
0.021731715
0.0030170369
0.0030325632
0.0045028809
0.0077613161
0.0077887113
0.0038095478
0.021412804
0.021429536
0.0110282
0.032076896
0.03208311
0.024502317
0.039226152
0.039228
0.034153936
0.043733841
0.04373338
0.040576805
0.0462623
0.046260837
0.044518653
0.047574126
0.047571898
0.046677616
0.048181808
0.048178256
0.047776815
0.04828367
0.048278795
0.048248681
0.047952143
0.047947853
0.04822874
0.046532477
0.046528731
0.04648624
0.046623251
0.046619745
0.046546815
0.046788203
0.046784999
0.046652456
0.047025694
0.047022103
0.046840997
0.047108053
0.047102504
0.047072779
0.046375687
0.046361903
0.047038167
0.042455763
0.042407977
0.045852213
0.027799555
0.027688943
0.040162939
0.0061697069
0.0061532823
0.021589281
0.0030379026
0.0030544623
0.0045226729
0.0077978326
0.0078252367
0.0038260747
0.021435159
0.021452138
0.011066875
0.032085203
0.032091487
0.024519958
0.039228669
0.0392308
0.034160862
0.043733214
0.043732676
0.040578976
0.046260345
0.046258857
0.044517697
0.047571153
0.047568911
0.046675347
0.048177083
0.048173591
0.047773491
0.04827718
0.048272364
0.048243514
0.047946451
0.047942213
0.048222183
0.046527482
0.046523744
0.046481118
0.046618579
0.046615086
0.046541892
0.046783934
0.046780747
0.046647913
0.047020909
0.047017331
0.046836767
0.047100654
0.047095099
0.047067606
0.046357309
0.046343548
0.047029332
0.042392115
0.04234452
0.045827439
0.027652425
0.027544294
0.040078099
0.0061480522
0.006133094
0.021451095
0.0030601479
0.0030777524
0.0045435122
0.0078343584
0.0078615172
0.0038423142
0.021457785
0.021474581
0.011105208
0.032093575
0.032099775
0.024537307
0.039231549
0.039233888
0.034167709
0.043732484
0.043731873
0.040581245
0.046258354
0.046256827
0.044516631
0.047568159
0.047565889
0.04667302
0.048172436
0.048168995
0.047770149
0.048270768
0.048266012
0.04823843
0.047940827
0.047936632
0.048215701
0.046522498
0.046518771
0.046476005
0.046613925
0.046610449
0.046536983
0.046779689
0.046776521
0.046643394
0.04701614
0.047012575
0.046832561
0.047093249
0.047087696
0.047062448
0.046338955
0.046325193
0.047020498
0.042328716
0.042281281
0.045802699
0.027508843
0.027403009
0.039993916
0.0061283408
0.0061147731
0.021316873
0.0030837909
0.0031024873
0.004565391
0.0078704422
0.0078968779
0.003858449
0.021480077
0.021496249
0.011142322
0.03210182
0.032107886
0.02455393
0.039234696
0.039237203
0.03417456
0.043731659
0.043731
0.040583568
0.04625631
0.046254743
0.044515481
0.047565127
0.047562823
0.046670632
0.048167856
0.04816446
0.047766778
0.048264437
0.048259742
0.048233422
0.047935258
0.047931098
0.048209295
0.046517529
0.046513811
0.046470902
0.046609293
0.046605833
0.04653209
0.046775469
0.046772321
0.046638898
0.04701139
0.047007837
0.046828376
0.047085845
0.047080293
0.047057303
0.046320619
0.04630685
0.047011661
0.042265541
0.04221832
0.045777954
0.027367993
0.02726454
0.039910164
0.0061104717
0.0060983079
0.021186216
0.0031089015
0.0031287762
0.0045883081
0.0079055521
0.0079312395
0.0038744718
0.021501495
0.021516855
0.011177877
0.032109886
0.032115834
0.024569616
0.039238065
0.03924074
0.034181429
0.043730776
0.043730107
0.040585965
0.046254214
0.046252616
0.044514286
0.047562049
0.04755971
0.046668193
0.048163335
0.048159978
0.04776337
0.048258188
0.048253559
0.048228485
0.047929734
0.047925604
0.04820297
0.046512572
0.046508867
0.04646581
0.046604684
0.046601242
0.046527214
0.046771273
0.046768143
0.046634426
0.047006654
0.047003111
0.046824212
0.047078443
0.047072893
0.047052169
0.046302276
0.046288489
0.047002834
0.042202596
0.042155451
0.045753212
0.027230179
0.027128576
0.039826885
0.0060944304
0.0060834113
0.02105904
0.0031356
0.0031567579
0.0046122408
0.0079396842
0.0079646368
0.0038903318
0.021521816
0.021536329
0.011212124
0.032117802
0.032123686
0.024584335
0.039241658
0.039244508
0.034188344
0.043729886
0.043729243
0.040588474
0.04625208
0.046250466
0.044513084
0.047558924
0.047556552
0.046665721
0.048158865
0.04815554
0.047759926
0.048252028
0.048247469
0.048223617
0.047924249
0.047920147
0.048196732
0.046507632
0.046503939
0.046460731
0.046600097
0.046596673
0.046522357
0.046767102
0.046763988
0.046629979
0.047001931
0.046998398
0.046820066
0.047071046
0.047065497
0.047047044
0.046283904
0.046270112
0.046994002
0.042139747
0.042092735
0.045728423
0.027095094
0.026995142
0.039743867
0.0060799313
0.0060701309
0.020935001
0.0031640292
0.0031866006
0.0046371474
0.0079728561
0.0079973696
0.003905969
0.021541022
0.021554777
0.011245137
0.03212564
0.032131504
0.024598152
0.039245482
0.039248497
0.034195322
0.043729035
0.043728444
0.040591111
0.046249927
0.046248312
0.044511907
0.047555756
0.047553358
0.046663234
0.048154438
0.048151144
0.047756453
0.048245963
0.04824148
0.048218815
0.047918801
0.047914729
0.048190591
0.046502709
0.046499029
0.046455668
0.046595534
0.046592129
0.046517519
0.046762952
0.046759854
0.046625557
0.046997222
0.046993694
0.046815935
0.047063651
0.047058106
0.047041928
0.046265517
0.04625169
0.046985172
0.04207703
0.042030025
0.045703573
0.026962178
0.026863728
0.039661176
0.0060670935
0.0060583341
0.020813147
0.0031943606
0.0032184238
0.0046629571
0.0080054811
0.0080296928
0.0039214729
0.02155923
0.021572259
0.011277322
0.032133455
0.032139308
0.024611119
0.039249519
0.039252659
0.034202338
0.043728256
0.043727733
0.040593854
0.046247774
0.046246169
0.044510773
0.047552556
0.047550142
0.046660753
0.048150051
0.048146786
0.047752961
0.04824
0.048235599
0.048214077
0.047913392
0.047909352
0.048184556
0.046497804
0.046494138
0.046450621
0.046590997
0.046587609
0.046512702
0.046758824
0.046755739
0.046621159
0.046992519
0.046988999
0.046811821
0.047056257
0.047050714
0.047036817
0.046247083
0.046233239
0.046976338
0.042014322
0.041967296
0.045678686
0.026831249
0.026734203
0.03957865
0.0060555529
0.0060477831
0.020693993
0.0032266806
0.0032522237
0.0046895783
0.0080377078
0.0080616983
0.0039369822
0.021576466
0.021588741
0.011308821
0.032141247
0.03214704
0.024623256
0.039253713
0.039256915
0.034209328
0.04372757
0.043727127
0.040596657
0.046245637
0.046244052
0.04450969
0.047549336
0.047546916
0.046658295
0.048145702
0.048142465
0.04774946
0.048234147
0.048229832
0.048209403
0.047908025
0.047904019
0.048178635
0.046492918
0.046489267
0.046445592
0.046586483
0.046583114
0.046507906
0.046754714
0.046751643
0.046616786
0.046987825
0.04698431
0.046807721
0.047048867
0.047043322
0.047031712
0.046228619
0.046214737
0.046967505
0.041951685
0.041904643
0.04565376
0.02670219
0.02660684
0.039496283
0.0060453297
0.0060386117
0.02057711
0.003260962
0.0032879042
0.004716922
0.0080696568
0.0080933747
0.0039526848
0.021592696
0.021604203
0.011339647
0.032148951
0.03215464
0.024634567
0.039257977
0.039261177
0.034216203
0.043726991
0.04372662
0.040599478
0.046243528
0.046241968
0.044508651
0.04754611
0.047543697
0.046655873
0.048141391
0.048138183
0.047745968
0.048228409
0.048224181
0.048204792
0.047902704
0.047898737
0.048172832
0.046488053
0.046484417
0.046440584
0.046581994
0.046578642
0.046503131
0.046750622
0.046747566
0.046612435
0.046983138
0.046979629
0.046803634
0.047041476
0.047035937
0.047026616
0.046210104
0.046196186
0.046958673
0.041888928
0.041841969
0.04562873
0.026575291
0.026481335
0.039414096
0.0060364785
0.0060307137
0.020462813
0.0032970873
0.0033253082
0.0047449179
0.0081012118
0.0081245727
0.0039686515
0.021607907
0.021618676
0.011369763
0.032156511
0.032162062
0.02464509
0.03926223
0.039265379
0.034222875
0.043726503
0.043726162
0.04060229
0.046241452
0.046239919
0.044507628
0.047542896
0.047540503
0.046653499
0.048137119
0.048133943
0.047742501
0.048222787
0.048218647
0.048200244
0.047897433
0.047893508
0.048167149
0.046483208
0.046479589
0.046435597
0.046577528
0.046574196
0.046498379
0.046746548
0.046743507
0.046608108
0.046978462
0.046974963
0.046799564
0.047034093
0.047028562
0.047021536
0.046191542
0.046177616
0.046949852
0.041826249
0.041779269
0.045603699
0.026450249
0.026357666
0.039332235
0.0060288982
0.0060240942
0.020350412
0.0033348985
0.0033641923
0.0047734997
0.0081322992
0.0081553348
0.0039849436
0.021622143
0.021632223
0.01139915
0.032163878
0.03216924
0.024654905
0.039266405
0.03926944
0.034229282
0.043726044
0.043725675
0.040605028
0.046239413
0.046237912
0.044506586
0.04753971
0.047537352
0.046651185
0.048132891
0.048129752
0.047739079
0.048217281
0.048213226
0.048195761
0.047892218
0.047888338
0.048161586
0.046478385
0.046474781
0.046430631
0.046573088
0.046569774
0.046493648
0.046742494
0.046739468
0.046603805
0.046973799
0.046970317
0.046795516
0.047026722
0.047021209
0.047016477
0.046172962
0.046159008
0.046941044
0.041763641
0.041716622
0.045578573
0.026327033
0.026236071
0.039250556
0.0060226022
0.0060188406
0.020240776
0.0033739927
0.0034033796
0.0048026582
0.0081629526
0.0081855737
0.0040015968
0.021635475
0.021644954
0.011428049
0.032170986
0.032176113
0.024664116
0.039270413
0.039273257
0.034235392
0.043725539
0.043725101
0.040607583
0.046237419
0.046235964
0.044505508
0.047536575
0.047534271
0.046648952
0.048128713
0.048125619
0.047735727
0.048211889
0.048207916
0.048191347
0.047887064
0.047883231
0.048156139
0.046473583
0.046470104
0.046425805
0.046568672
0.046565483
0.046489049
0.046738461
0.04673555
0.046599633
0.04696916
0.046965805
0.046791585
0.047019379
0.047014033
0.04701156
0.046154369
0.046140745
0.046932436
0.041701084
0.041655344
0.045553908
0.026206462
0.026120251
0.039171009
0.0060178812
0.0060160321
0.020137317
0.0034131125
0.0034420128
0.0048330443
0.0081926631
0.0082123796
0.0040187065
0.021648029
0.021657069
0.011453087
0.032177779
0.032182711
0.024672905
0.039274156
0.039276816
0.034241242
0.04372494
0.043724524
0.040609913
0.046235489
0.046234203
0.044504503
0.047533515
0.047531388
0.046646923
0.048124597
0.048121669
0.047732574
0.048206606
0.048202833
0.048187121
0.047881975
0.047878325
0.048150924
0.00056827124
0.0005179104
0.00070762535
0.00031575437
0.00046937074
0.00036421732
0.0032075541
0.0023940418
0.0025796589
0.00023029682
0.00021670063
0.00028776748
0.0015652614
0.0011753683
0.001128415
0.0013124636
0.0011691164
0.0014971343
0.0035566241
0.0031905573
0.0035825526
0.0047090279
0.0042389653
0.0051348348
0.0057302733
0.0056287998
0.0058381414
0.0064048187
0.0059510868
0.0058371204
0.0061978713
0.0060705553
0.0066453148
0.0074617526
0.0064686583
0.006330731
0.0067621337
0.0066125019
0.0077605412
0.0083868352
0.0070760963
0.0069171428
0.0074076307
0.007239908
0.0085710399
0.0089005666
0.0077570442
0.0075797196
0.0081243653
0.0079387321
0.0089991833
0.0094518672
0.008505859
0.0083138026
0.0088981743
0.0087003929
0.0093618225
0.0080574949
0.0055518699
0.0054846821
0.0024340978
0.0023829052
0.0033828264
0.0019769886
0.0014901367
0.0016756145
0.0012285533
0.0012962638
0.0017098245
0.00035571493
0.00072831006
0.00057820878
0.0099440774
0.0092787846
0.0090978186
0.0094120809
0.0095030443
0.0097424633
0.0036977323
0.0061109123
0.0062907301
0.009983932
0.0093943283
0.0097027025
0.0091543209
0.00993201
0.0097104395
0.0042504999
0.0068490975
0.0070382432
0.010284666
0.0091216608
0.0097183035
0.0091837796
0.0097436905
0.010117303
0.0048421524
0.0076109018
0.0077995943
0.00036743986
0.00024578373
0.0003357236
0.0017327231
0.0023642243
0.0021594104
0.0016436906
0.0017980627
0.0013070847
0.0029089621
0.0021937997
0.0025744274
0.0059548131
0.0039026745
0.0032586836
0.0042839505
0.0033438006
0.006173673
0.0028641037
0.0050593731
0.0049859735
0.0050790716
0.003881476
0.0043560343
0.0048045582
0.0052501625
0.0057527257
0.0041738306
0.0040373061
0.0042374801
0.010254092
0.011388907
0.010684108
0.012472068
0.011978085
0.010588078
0.013826073
0.013155832
0.012766631
0.017874156
0.013889275
0.012933441
0.01648149
0.013464202
0.018765889
0.017305528
0.016498951
0.021031439
0.013853354
0.01333818
0.013040376
0.019212631
0.017153107
0.014673846
0.016444709
0.014746265
0.021296234
0.017086132
0.017707244
0.01897655
0.019364433
0.019516873
0.018504678
0.023085611
0.020180235
0.019351385
0.018666222
0.019829333
0.019602629
0.020484827
0.020232061
0.018903924
0.023674397
0.021336236
0.021932636
0.018998875
0.021161053
0.020888093
0.021650507
0.021434521
0.019030653
0.025573215
0.023064195
0.023296869
0.019062861
0.021827056
0.021624912
0.021755233
0.021457938
0.019072253
0.025520873
0.023077431
0.023134773
0.019162958
0.021330489
0.020934974
0.020636254
0.020109338
0.018852706
0.024757963
0.021703662
0.022289809
0.010333758
0.0093131199
0.0098471154
0.0095537625
0.010041393
0.010400955
0.0054512916
0.0083604204
0.0085434104
0.0032453155
0.0033332264
0.0026259292
0.0095914444
0.0070107569
0.0068329026
0.0036661691
0.0025214752
0.0024785528
0.0026020014
0.0025626881
0.0037527795
0.0033937733
0.0029072048
0.0028995755
0.00048427592
0.00048244972
0.00038672445
0.00035775986
0.00032561631
0.00033482223
0.00054221758
0.0006083564
0.00054099173
0.00013916828
0.00027253578
0.00077049662
0.0038473513
0.003056438
0.0033514348
0.003370771
0.003363963
0.0037897965
0.0024031756
0.0026764392
0.0032389293
0.0084266453
0.0092498268
0.0085420651
0.010371377
0.0095254014
0.0085732996
0.011634411
0.010969261
0.011123984
0.0052811208
0.0050128707
0.0047385042
0.0054775853
0.0052536763
0.0052953494
0.0047238047
0.0046670776
0.0048769334
0.0062327327
0.0058659128
0.0056768996
0.0062235697
0.0060450005
0.0064414785
0.0054285144
0.0055611945
0.0057807359
0.017409939
0.019874532
0.019240716
0.019040638
0.018525656
0.016763864
0.023030451
0.019927174
0.021200487
0.015639596
0.01801318
0.017764906
0.016825741
0.016688801
0.014418923
0.021021451
0.018276117
0.019375134
0.013357469
0.015580528
0.015490867
0.014504619
0.014535664
0.012007026
0.019382662
0.017395027
0.017448548
0.0111706
0.0099337634
0.010356359
0.011059351
0.010996183
0.011432394
0.0056342312
0.0090409822
0.0086381349
0.00015148727
0.00016389059
0.00024151976
0.006990415
0.0072614767
0.0069969695
0.0081650643
0.0077084055
0.0070831562
0.0098681329
0.0091428239
0.0095575191
0.0068812175
0.0065656099
0.0063973325
0.0069139224
0.006737103
0.0070115955
0.0062463268
0.0063043339
0.0064967528
0.012303149
0.014366357
0.013918999
0.011702519
0.012012521
0.010227589
0.023037356
0.01916965
0.018313984
0.046822644
0.0468197
0.046819489
0.046838142
0.046837168
0.046839752
0.046816847
0.046814091
0.046813324
0.046819443
0.046818026
0.046818237
0.046820958
0.046819644
0.046820542
0.046823529
0.046822379
0.04682387
0.046827067
0.046826175
0.046827955
0.046831978
0.046831457
0.046833375
0.0468385
0.046838512
0.04684002
0.04684695
0.046847589
0.046847635
0.046856483
0.046857859
0.046855742
0.046868799
0.046870963
0.04686512
0.04688229
0.046884972
0.046876997
0.046874832
0.046878672
0.046875145
0.046877292
0.046879203
0.046873292
0.046872305
0.046875743
0.046866361
0.0468744
0.046875734
0.046869114
0.046877295
0.046879204
0.046873222
0.0468783
0.04688026
0.046875428
0.046869541
0.046872075
0.046866653
0.046862292
0.046863802
0.046859531
0.046856943
0.046857976
0.046854876
0.046852088
0.046852621
0.046850374
0.046834685
0.046834707
0.046840446
0.046811142
0.046808514
0.046807372
0.046813727
0.046812411
0.04681238
0.046815973
0.046814812
0.04681564
0.046819391
0.046818506
0.046819721
0.046824185
0.04682363
0.046824743
0.046830803
0.046830749
0.046831468
0.046839543
0.046840122
0.046839852
0.046850676
0.046852012
0.046849347
0.046863279
0.046865448
0.046859294
0.046878578
0.04688154
0.046869461
0.04689428
0.046897979
0.046883379
0.046892568
0.046896869
0.046883597
0.046888513
0.046892072
0.046881031
0.046883688
0.046887034
0.046880694
0.046884503
0.046888034
0.046878629
0.046885879
0.046888597
0.046881713
0.046887382
0.046890342
0.046882166
0.04687995
0.04688254
0.046872593
0.046869311
0.046871483
0.046863125
0.046861687
0.046863128
0.046857154
0.046854528
0.046855376
0.0468515
0.046832459
0.046832611
0.046842023
0.046805586
0.046803056
0.046801518
0.046808219
0.046806966
0.046806755
0.046811441
0.04681034
0.046810823
0.046815942
0.046815141
0.046815799
0.046822225
0.04682185
0.04682221
0.046830997
0.046831218
0.04683068
0.046842473
0.046843468
0.046841321
0.046856859
0.046858776
0.046853436
0.046873037
0.046875988
0.046866162
0.046891806
0.046895827
0.046878171
0.046910529
0.046915344
0.04689476
0.046910838
0.046916301
0.04689744
0.04690499
0.0469103
0.04689507
0.046900348
0.046907193
0.046900195
0.046899228
0.046903942
0.046896205
0.046899154
0.046903494
0.046895746
0.046901014
0.046905082
0.046893124
0.046891177
0.046894528
0.046882423
0.046878419
0.046881038
0.046869721
0.046867999
0.046869759
0.046861783
0.046858354
0.046859534
0.046854762
0.046831066
0.04683298
0.046845021
0.046800261
0.046797829
0.046795949
0.046803027
0.046801844
0.046801471
0.046807187
0.046806181
0.046806488
0.04681293
0.04681226
0.046812582
0.046821024
0.046820858
0.046820638
0.046832325
0.046832865
0.046831379
0.046847171
0.046848666
0.046844996
0.046865602
0.046868305
0.04686075
0.046886329
0.046890382
0.046877462
0.0469098
0.046915302
0.046892848
0.046931924
0.046938558
0.046912747
0.046935331
0.04694256
0.046919725
0.046929403
0.046936865
0.046919722
0.046930672
0.046935338
0.046928102
0.046920701
0.046927363
0.046918924
0.0469188
0.046924731
0.046915944
0.046918656
0.046923776
0.046910421
0.046906228
0.046910681
0.046897215
0.046889891
0.046893179
0.046880397
0.046875833
0.046878176
0.046869548
0.046863513
0.046865125
0.046860279
0.046832492
0.046834202
0.046849602
0.046795144
0.046792799
0.046790458
0.046798164
0.046797048
0.046796524
0.046803301
0.046802394
0.046802577
0.046810475
0.046809963
0.046810057
0.046820727
0.046820818
0.046820193
0.046835096
0.046836064
0.04683387
0.046854144
0.046856327
0.046851462
0.046877909
0.04688167
0.046872221
0.046904661
0.046910283
0.046894697
0.046934527
0.046942167
0.046915628
0.046961596
0.046970843
0.046940267
0.04696783
0.046978122
0.046952623
0.046963828
0.046974388
0.046955963
0.046958555
0.046968708
0.046964922
0.046950027
0.046959593
0.046951763
0.046945024
0.046952841
0.04694363
0.046941521
0.046948392
0.046935369
0.046925855
0.046931607
0.04691743
0.04690418
0.046908287
0.046895448
0.046886228
0.046889317
0.046881003
0.046870627
0.046872831
0.046868597
0.046834804
0.046838868
0.046856174
0.046790335
0.046788098
0.046785281
0.046793635
0.046792591
0.046791914
0.046799841
0.046799051
0.046799139
0.0468087
0.046808378
0.046808326
0.046821552
0.046821964
0.046821068
0.046839727
0.046841231
0.046838517
0.046864144
0.046867211
0.046861367
0.046895055
0.046900284
0.046889049
0.04693003
0.046937796
0.046919792
0.046968938
0.046979624
0.046949348
0.045814253
0.042641869
0.046981643
0.042947058
0.039331523
0.042972766
0.040953543
0.039857639
0.041545211
0.042134082
0.031012831
0.047008414
0.046560874
0.044435672
0.045250674
0.046980097
0.046990837
0.046983858
0.046972355
0.046981657
0.046970018
0.046951351
0.046958887
0.046945324
0.046922326
0.046927679
0.04691609
0.046899914
0.04690394
0.046896695
0.046880257
0.046883186
0.046880167
0.046840936
0.046844479
0.046864876
0.046785793
0.046783666
0.046780229
0.04678942
0.046788427
0.046787582
0.046796877
0.046796221
0.04679621
0.04680774
0.046807644
0.046807475
0.046823752
0.046824547
0.04682344
0.046846692
0.046848861
0.046845696
0.046878038
0.046882231
0.046875489
0.046918627
0.046925737
0.04691268
0.046965208
0.046976047
0.04695583
0.041967647
0.0397211
0.042531048
0.037295889
0.034506252
0.037677107
0.03534004
0.031314132
0.034063582
0.032811867
0.031975127
0.033207709
0.031628848
0.035990967
0.029948145
0.038636574
0.03624047
0.035306764
0.044384075
0.042405451
0.040937157
0.047014563
0.047027342
0.04701856
0.046984841
0.046994746
0.046983436
0.046946235
0.046953322
0.046944314
0.046917697
0.046922888
0.046917663
0.046892956
0.046896734
0.04689539
0.046848105
0.046854453
0.046876301
0.046781585
0.046779572
0.046775443
0.046785491
0.046784597
0.04678363
0.046794462
0.046793951
0.046793791
0.046807724
0.046807882
0.046807569
0.046827584
0.046828829
0.046827473
0.046856513
0.046859473
0.046855785
0.046896894
0.046902524
0.046894718
0.046950574
0.046960164
0.046945065
0.041788327
0.039616246
0.041779344
0.034495457
0.032837266
0.034447563
0.030135296
0.027890872
0.030345832
0.028921088
0.02461235
0.027120126
0.027497575
0.026856174
0.026424325
0.02934049
0.028408948
0.03382714
0.031447728
0.029040499
0.028175726
0.036120873
0.035106525
0.033636821
0.041481489
0.039885653
0.038894542
0.047028862
0.047041842
0.04703459
0.046977756
0.046987094
0.046982299
0.046940631
0.046947357
0.046945197
0.046909353
0.046914216
0.046915
0.046858828
0.046864684
0.046890322
0.046777512
0.046775633
0.046770489
0.046781967
0.046781162
0.046779999
0.046792648
0.046792305
0.046791949
0.046808767
0.046809207
0.046808668
0.046833306
0.046835065
0.046833327
0.04686975
0.046873649
0.046869206
0.046921968
0.046929406
0.046920106
0.045131346
0.043419155
0.045259381
0.035027551
0.033247276
0.03502242
0.028365139
0.027078921
0.028114689
0.024212394
0.022597507
0.024264051
0.023407501
0.018986662
0.021368653
0.021024338
0.030305914
0.020844596
0.022327875
0.022144604
0.032499471
0.025302221
0.024246641
0.023147098
0.029565705
0.028954813
0.027599077
0.034824284
0.033575767
0.03236425
0.043025223
0.041477144
0.039779407
0.047018958
0.047031021
0.047032054
0.046970138
0.046978703
0.0469804
0.046930187
0.046936096
0.046939862
0.046870927
0.046879884
0.046907623
0.046773797
0.046772004
0.046766062
0.046778836
0.046778137
0.046776698
0.046791523
0.046791352
0.046790708
0.046810973
0.046811705
0.04681081
0.046841139
0.046843467
0.046841116
0.046886961
0.046891969
0.046886361
0.046954686
0.046964294
0.046952764
0.038711663
0.037313681
0.039047325
0.029561912
0.028130103
0.029449048
0.023139148
0.022157096
0.023106427
0.019028869
0.018234839
0.0190053
0.018615038
0.014371134
0.016439395
0.016057633
0.021954527
0.015852499
0.01984494
0.020724036
0.016710553
0.02018417
0.019966173
0.018827412
0.024539026
0.023690474
0.02248606
0.029456552
0.028385717
0.027115248
0.036847681
0.03564141
0.033821302
0.047072056
0.045585811
0.043011199
0.047007746
0.047018465
0.047025063
0.046955595
0.04696285
0.046970396
0.04688685
0.04689555
0.046928008
0.04677021
0.046768507
0.046762067
0.046776137
0.046775521
0.046773727
0.046791069
0.04679107
0.046790018
0.046814405
0.046815436
0.046813984
0.046851276
0.046854181
0.046850911
0.046908651
0.046914926
0.046907556
0.046658592
0.044619848
0.046242935
0.03344141
0.032478864
0.034140859
0.024870258
0.023749664
0.025038022
0.018741919
0.017967783
0.01887375
0.014477075
0.01469044
0.014619519
0.014385912
0.010555586
0.012199661
0.01274097
0.018003825
0.012255754
0.020175463
0.020996727
0.017601918
0.016295865
0.015872813
0.014953061
0.020451258
0.019512614
0.018331142
0.025121248
0.024136777
0.022853226
0.032085584
0.030867112
0.028909723
0.041072852
0.039871385
0.037401222
0.047053759
0.047066766
0.047080344
0.046986605
0.046995363
0.047007712
0.046904495
0.046916256
0.046952384
0.046766915
0.046765938
0.046758364
0.046773793
0.046773347
0.04677101
0.046791271
0.046791468
0.046789954
0.046819075
0.046820447
0.046818197
0.046863808
0.04686729
0.046862724
0.046935254
0.046942823
0.046932834
0.041530526
0.04007965
0.041712492
0.029176519
0.028584052
0.030262824
0.020932858
0.020237794
0.021472258
0.015026754
0.01444347
0.015366859
0.010892763
0.011237513
0.010995358
0.0105145
0.0074766401
0.0085424618
0.0097437697
0.012143545
0.00853548
0.011900953
0.0096604046
0.019594429
0.013344031
0.012470482
0.011655853
0.016932188
0.016319326
0.015213967
0.021593858
0.020696076
0.019371166
0.027660138
0.02674702
0.025068554
0.036221908
0.035334495
0.032776882
0.047110029
0.047039799
0.043507547
0.047023919
0.047034328
0.047052356
0.046926022
0.046937961
0.046980343
0.046764141
0.04676231
0.046753666
0.046772043
0.046771902
0.046769313
0.046792121
0.046792438
0.046790527
0.046824806
0.046826754
0.046822188
0.046878574
0.04688316
0.046875959
0.046967104
0.046975731
0.046962049
0.037200603
0.037093618
0.038560206
0.025738088
0.025423416
0.027210818
0.017666123
0.017389401
0.018500462
0.012045274
0.011627121
0.012439543
0.0079866461
0.0084119391
0.0080312319
0.007367142
0.0049443309
0.0056688393
0.0060970229
0.0095480465
0.0055782172
0.0082467413
0.0071339218
0.010364345
0.010781913
0.0099825672
0.0091444175
0.014091295
0.013741847
0.012643863
0.018807907
0.017871719
0.016494561
0.024276137
0.023652845
0.022092118
0.032258397
0.03159232
0.029236401
0.043647094
0.042465807
0.039088122
0.047067835
0.047079919
0.047104858
0.046949854
0.046964828
0.047012799
0.046760602
0.046759223
0.046748822
0.046770509
0.046770093
0.046766576
0.046792862
0.046793191
0.046790985
0.046832911
0.046834094
0.046827569
0.046898766
0.046903527
0.046892746
0.047004067
0.044151082
0.044305109
0.034216517
0.033117914
0.041635727
0.022986497
0.023228386
0.02494794
0.015060302
0.015082346
0.016083271
0.0096275571
0.0092815733
0.010068215
0.005667888
0.0058648198
0.0058871121
0.0046690198
0.0029979451
0.0034877429
0.0047180794
0.003747988
0.003340182
0.005897048
0.005388547
0.0047885002
0.0085861787
0.0080357592
0.0071595435
0.011876768
0.011536185
0.010427465
0.016364006
0.015759519
0.014570138
0.021677144
0.021276533
0.019676149
0.029135705
0.028554596
0.026318751
0.039645697
0.038645311
0.035535136
0.04711885
0.047132807
0.047165517
0.046977212
0.046992274
0.047049053
0.046757725
0.046756454
0.046744801
0.046768921
0.046768584
0.046764267
0.046794714
0.046795246
0.046791904
0.046839676
0.046841718
0.046833895
0.046915591
0.046920396
0.046908238
0.047043904
0.046568533
0.047025983
0.033711647
0.034954802
0.03500872
0.025024847
0.018280515
0.020334689
0.013148781
0.013388456
0.015677729
0.007852946
0.0090890891
0.0083118816
0.004022171
0.0040084442
0.0043295994
0.0025394751
0.0016827745
0.0019692331
0.0024605677
0.0020783497
0.0024984364
0.0042569567
0.0039036765
0.0032836186
0.0068977973
0.0065887323
0.0057663402
0.010490603
0.009910215
0.0090218836
0.014471059
0.014085995
0.01301342
0.019654223
0.01936674
0.01782043
0.026563117
0.026100473
0.024052649
0.036635596
0.035766683
0.032746032
0.047177144
0.047192821
0.045428055
0.04700759
0.047025431
0.047089952
0.046754983
0.046753806
0.046741167
0.04676761
0.046767327
0.046762531
0.046797055
0.046797693
0.046792938
0.046847998
0.046850118
0.046840977
0.046935035
0.046939968
0.046925367
0.046553039
0.046769095
0.047065198
0.031009127
0.030811738
0.033703228
0.020308664
0.020220294
0.02197928
0.013604781
0.012378259
0.013587753
0.0054815137
0.0067500866
0.0082554106
0.0032300422
0.0028680413
0.0023262763
0.0057757816
0.0055985758
0.004842114
0.0091433214
0.0088191566
0.0079950274
0.013182403
0.012814461
0.011918055
0.018119821
0.017907878
0.016390242
0.024658462
0.024320359
0.022412085
0.034334097
0.033510179
0.030586866
0.047241913
0.047258969
0.042957689
0.047041042
0.047057994
0.047134641
0.046752331
0.046751217
0.046737913
0.046766391
0.046766126
0.046760714
0.046799535
0.046800098
0.046793919
0.046856517
0.046858638
0.046847859
0.046954938
0.046959965
0.046941845
0.04644785
0.046343131
0.047103668
0.030619468
0.03059225
0.033154702
0.019692885
0.019603173
0.021609417
0.011675549
0.0115828
0.013126093
0.006084956
0.006032208
0.0071263529
0.0026772912
0.0024387075
0.0020081351
0.0051630148
0.005032712
0.0043553093
0.0083743708
0.0080524585
0.0072213569
0.012305038
0.011910271
0.011202563
0.017086504
0.016780138
0.015342537
0.023101588
0.023143633
0.021319111
0.032532876
0.031757738
0.028963086
0.045648032
0.045208121
0.040894313
0.047077277
0.047096897
0.047183893
0.046749716
0.046748623
0.046734719
0.046765201
0.046764957
0.046758849
0.046801686
0.046802167
0.046794653
0.046864804
0.046866751
0.046854102
0.0469749
0.046979759
0.046957549
0.046469041
0.046760394
0.047139031
0.03101591
0.03121695
0.033938831
0.019851583
0.019992098
0.022016421
0.011736279
0.011834229
0.013417724
0.0061506353
0.0062392694
0.0074048378
0.005014734
0.0048910598
0.0044088929
0.0081557161
0.0076709987
0.0070089166
0.011732804
0.011474021
0.010738365
0.016296244
0.016166431
0.014722767
0.021934041
0.022312591
0.020520869
0.031058536
0.030421133
0.02765253
0.043779982
0.043417587
0.039148785
0.047115656
0.047129193
0.047235204
0.046747056
0.046745919
0.046731505
0.046763942
0.046763658
0.046756891
0.04680344
0.046803804
0.046795024
0.046872282
0.046873998
0.046859319
0.046993811
0.046998271
0.046971732
0.04720151
0.047210172
0.047170922
0.032274698
0.032676614
0.035745822
0.020680513
0.021034048
0.02338935
0.012394625
0.012727597
0.014425197
0.0069189327
0.0072506432
0.0082326093
0.0054639309
0.0048033865
0.0052214766
0.0079004885
0.0080128116
0.0074030964
0.011469754
0.011092967
0.010410288
0.015626532
0.015950591
0.014625678
0.021203229
0.021838437
0.020044954
0.030276271
0.029352422
0.026830912
0.042510137
0.042141384
0.038124324
0.047148041
0.047163498
0.047290149
0.04674425
0.046743027
0.046728171
0.046762412
0.046762061
0.046754692
0.046804678
0.046804916
0.046794958
0.046878673
0.046880076
0.04686334
0.047010766
0.047014656
0.046983696
0.047234288
0.047241677
0.047198141
0.034368351
0.035031019
0.038458332
0.02216864
0.022844299
0.025372115
0.013652819
0.014289797
0.015927741
0.004669095
0.006255596
0.0046554324
0.008645995
0.006955728
0.0071360325
0.012000281
0.011943711
0.010487365
0.01573553
0.015178237
0.014281898
0.020787934
0.021819891
0.01991364
0.02986213
0.029846246
0.02700117
0.042114565
0.040226389
0.036813302
0.04717852
0.047190211
0.047346555
0.046741227
0.046739873
0.046724645
0.046760559
0.046760112
0.046752192
0.046805347
0.046805404
0.046794368
0.046883675
0.046884677
0.046866036
0.047025131
0.047028233
0.046992999
0.04726176
0.047267758
0.047219777
0.037388204
0.03834586
0.042386665
0.024546209
0.025318611
0.028163223
0.015533595
0.016205078
0.018034906
0.0061306156
0.0070979363
0.0060805157
0.0076834822
0.0087248339
0.0083853503
0.0098419601
0.011784448
0.010993575
0.014935769
0.015398212
0.012503258
0.02440635
0.018958805
0.015877761
0.027652017
0.032582736
0.031616804
0.047565476
0.047578569
0.043944575
0.047202793
0.047227238
0.047408236
0.046737933
0.046736422
0.046720873
0.046758304
0.046757745
0.04674935
0.046805249
0.04680509
0.046793106
0.046887063
0.04688765
0.046867332
0.04703626
0.047038519
0.046999541
0.047283554
0.047288105
0.047236024
0.041694237
0.043183318
0.047339054
0.027502973
0.028344072
0.031787337
0.01781148
0.018808578
0.020417678
0.0067594161
0.0069571595
0.0066270409
0.0092329725
0.0091706771
0.0086745567
0.012219612
0.01142881
0.011373512
0.016983366
0.016185953
0.015897473
0.02000818
0.022742348
0.02060299
0.030097934
0.031133416
0.027088362
0.039101389
0.036225563
0.037253168
0.047246676
0.047277096
0.047461595
0.046734336
0.046732659
0.046716852
0.046755595
0.046754912
0.046746126
0.046804274
0.046803891
0.046791091
0.046888804
0.046888988
0.04686723
0.047044065
0.04704551
0.047003428
0.047299481
0.047302576
0.047247184
0.047317518
0.04732272
0.047360797
0.031528104
0.032187308
0.035932174
0.020016869
0.022138557
0.023553997
0.0076261292
0.0077672752
0.0072756166
0.0095520416
0.0097427863
0.0092788932
0.012398283
0.012542452
0.011945189
0.016039676
0.016393717
0.015603127
0.021667252
0.021692335
0.020511399
0.029500473
0.02937269
0.027405538
0.044053437
0.041586887
0.037915726
0.047293721
0.047310748
0.047516927
0.046730428
0.046728577
0.046712577
0.046752408
0.046751596
0.046742492
0.046802394
0.046801785
0.046788319
0.046888972
0.046888787
0.046865787
0.047048704
0.047049404
0.047004885
0.047309776
0.047311487
0.047253608
0.04733427
0.047337219
0.047373529
0.036846785
0.036482933
0.041460614
0.022689019
0.025572639
0.02696534
0.0066638554
0.0068657829
0.0069476889
0.0081298179
0.0082951378
0.007991585
0.010154899
0.010319286
0.010038561
0.013067607
0.013288463
0.012522729
0.017171033
0.017325249
0.016153907
0.022511712
0.022726514
0.021014183
0.030494962
0.030807117
0.028480177
0.042268059
0.042297275
0.038702681
0.047324204
0.04734806
0.047568796
0.046726211
0.046724196
0.046708083
0.046748745
0.04674781
0.046738457
0.04679963
0.04679881
0.046784839
0.046887691
0.046887156
0.046863146
0.047050454
0.047050487
0.047004147
0.047314829
0.047315411
0.047255936
0.047342611
0.047343429
0.047378954
0.040477892
0.042557459
0.046859112
0.025884279
0.029155487
0.03035938
0.0073537496
0.0075297788
0.0077414048
0.0089094573
0.0091458603
0.0089102837
0.010929351
0.011155149
0.010688877
0.01394695
0.014174265
0.013238493
0.017807809
0.018054512
0.016731331
0.023312355
0.023590872
0.021712374
0.031388365
0.031608194
0.029241653
0.042767541
0.042770344
0.039212993
0.047368362
0.047392664
0.047622197
0.04672171
0.04671955
0.046703394
0.046744647
0.046743603
0.046734068
0.046796068
0.046795069
0.046780742
0.046885079
0.04688424
0.04685947
0.047049709
0.04704918
0.04700152
0.047315465
0.047315215
0.047254785
0.047344109
0.047343046
0.047378954
0.040968111
0.04654413
0.04686371
0.02918691
0.030557206
0.034850265
0.0080310676
0.0082367242
0.0081986039
0.0096662311
0.0098416755
0.0098272684
0.011825334
0.012041847
0.011582809
0.014926335
0.015173467
0.014160741
0.018885283
0.019107426
0.017603677
0.024562859
0.024856741
0.023011625
0.032625682
0.033032962
0.030532077
0.044153247
0.044527467
0.040670895
0.047416024
0.04743981
0.047673437
0.046716966
0.046714685
0.046698555
0.046740175
0.046739043
0.046729382
0.046791847
0.046790707
0.046776148
0.046881349
0.046880274
0.046854949
0.047046941
0.047046004
0.046997416
0.047312711
0.047311436
0.047250622
0.047342424
0.047340792
0.047375273
0.046545716
0.046546152
0.046865046
0.032547134
0.033144377
0.038592928
0.0088350754
0.0090530662
0.0086750493
0.010262171
0.010476398
0.010420393
0.012713466
0.012912535
0.012351468
0.015947676
0.016184631
0.01519386
0.019808908
0.020062043
0.018791569
0.025646107
0.025886012
0.024261713
0.034222192
0.034545915
0.032014596
0.046387269
0.046569672
0.042444423
0.047462252
0.047484501
0.047720784
0.046712026
0.046709657
0.046693596
0.046735406
0.046734206
0.04672446
0.046787121
0.04678588
0.046771178
0.046876773
0.04687553
0.046849805
0.047042731
0.047041545
0.046992289
0.047307167
0.047305455
0.047244715
0.047335985
0.047334179
0.047368785
0.046546775
0.046546702
0.046862182
0.034211617
0.034506633
0.040358306
0.0095228618
0.009677767
0.0091375232
0.011046088
0.01128371
0.010877275
0.013619533
0.013821136
0.013198934
0.016927241
0.01715568
0.01639653
0.021038491
0.021400601
0.020171449
0.026885594
0.02728048
0.025592316
0.035756886
0.036121377
0.03352733
0.048030676
0.048047281
0.044336813
0.047505197
0.047525405
0.047763909
0.046706948
0.046704525
0.046688567
0.046730422
0.046729175
0.046719376
0.046782069
0.046780773
0.046765967
0.046871641
0.046870302
0.046844292
0.047037669
0.047036326
0.046986613
0.047300258
0.047298473
0.047238177
0.047328513
0.047326494
0.04736115
0.046546685
0.046546953
0.046858625
0.034609301
0.034810911
0.041185521
0.010205056
0.010268595
0.009370402
0.011950592
0.01216605
0.011577982
0.01453349
0.014740653
0.014281498
0.017928943
0.018170116
0.017548188
0.02263409
0.023025107
0.021666077
0.028742589
0.029336802
0.027319685
0.037558965
0.038260279
0.035536202
0.048094456
0.048109598
0.046752199
0.047544064
0.047562188
0.047803279
0.046701792
0.046699344
0.046683501
0.046725298
0.046724027
0.046714196
0.046776847
0.046775539
0.046760651
0.046866249
0.04686489
0.046838663
0.047032266
0.047030923
0.046980807
0.04729314
0.047291401
0.047231573
0.047320328
0.047318383
0.047353517
0.046548708
0.046549698
0.046857101
0.034470168
0.034048277
0.04024961
0.011117683
0.011261824
0.0095421579
0.012798558
0.013196678
0.012494876
0.015561135
0.015815071
0.01548154
0.019076685
0.019412714
0.01875032
0.024253844
0.024662216
0.02326087
0.030927816
0.031424594
0.029195893
0.040030924
0.040656438
0.037881448
0.048152438
0.048166169
0.048171867
0.047578868
0.04759519
0.047839487
0.046696611
0.04669417
0.046678427
0.046720124
0.046718851
0.046708994
0.046771607
0.046770309
0.046755362
0.046860872
0.046859555
0.046833145
0.047027047
0.047025815
0.046975282
0.047286446
0.047284899
0.04722556
0.04731318
0.047311728
0.047346968
0.046553158
0.04655465
0.046858536
0.033122603
0.033052462
0.038269325
0.011308207
0.011417709
0.010260785
0.013513855
0.014165493
0.013489488
0.016882805
0.017291341
0.016620024
0.020712127
0.021182608
0.020373112
0.026000802
0.026540112
0.025135809
0.033025665
0.033630121
0.031324404
0.042754965
0.043640254
0.040643588
0.048204775
0.048217071
0.048231317
0.047610292
0.047625165
0.047873036
0.046691458
0.046689048
0.046673406
0.046714977
0.046713721
0.046703832
0.046766466
0.046765213
0.046750188
0.046855713
0.046854479
0.046827897
0.047022348
0.0470213
0.046970267
0.047280751
0.047279521
0.047220615
0.047308128
0.047307312
0.047342154
0.046559462
0.046561221
0.046862909
0.031281992
0.032186008
0.037247433
0.012107031
0.012162372
0.010775237
0.015059261
0.01569444
0.01470029
0.018431106
0.019008888
0.018595662
0.022854987
0.02345969
0.022480155
0.028219486
0.028871563
0.027455174
0.035747335
0.036571606
0.034204225
0.045764645
0.046581838
0.043643088
0.048251145
0.04826183
0.048283905
0.047638886
0.047652439
0.047903975
0.046686389
0.046684748
0.046668435
0.046709921
0.046708774
0.046698821
0.046761538
0.046760486
0.046745315
0.04685097
0.04685015
0.046823283
0.047018442
0.047018116
0.046966509
0.047276443
0.047276001
0.047217449
0.047305447
0.047304525
0.047339187
0.046566935
0.046564963
0.046866692
0.031336477
0.031203748
0.03641097
0.013029542
0.013259652
0.012069015
0.016625297
0.017656806
0.016426126
0.020724127
0.021216898
0.020425658
0.025422088
0.02624104
0.024746218
0.030989333
0.031743857
0.030239688
0.039003974
0.039773351
0.037498405
0.048179791
0.048195559
0.04719366
0.048291097
0.048300195
0.048329591
0.047664804
0.047676917
0.047931771
0.046682127
0.046679815
0.046663608
0.046706531
0.04670536
0.046695109
0.046759422
0.046758296
0.046742527
0.046851316
0.046850324
0.046822321
0.047023945
0.047023335
0.046969844
0.047278974
0.047278489
0.047222206
0.047291614
0.047291491
0.047332074
0.046497252
0.046497625
0.046828394
0.032559489
0.028378772
0.033755185
0.016865524
0.019843601
0.020030561
0.0088014554
0.0089537448
0.0059036436
0.014848302
0.01485618
0.014388255
0.019214086
0.019636751
0.018235451
0.023561692
0.024384342
0.023393443
0.028593564
0.029495823
0.027930904
0.034419236
0.035446257
0.033505329
0.042535616
0.043648223
0.041452727
0.048239433
0.048252953
0.048153857
0.048324961
0.048332658
0.048368384
0.047687768
0.047698225
0.0479555
0.04667721
0.046674985
0.046658901
0.046701783
0.046700656
0.046689132
0.046755022
0.046753975
0.046738061
0.046847554
0.046846703
0.046818405
0.047021821
0.047021414
0.046967304
0.047277329
0.047277069
0.047220536
0.047293033
0.047293098
0.047332193
0.046504816
0.046505837
0.046830801
0.033172698
0.0346202
0.039850689
0.020766068
0.021720095
0.023112726
0.0066296636
0.0064147192
0.011673145
0.0028924623
0.0028859342
0.0033273282
0.0093805151
0.009505853
0.0063582062
0.017922259
0.01841284
0.018503455
0.022550919
0.023438297
0.02201114
0.026953713
0.027907607
0.026886474
0.032200608
0.033270332
0.032042306
0.038760403
0.03950624
0.037745453
0.046917452
0.047762018
0.045832711
0.048290391
0.048301754
0.048208396
0.048353692
0.048360224
0.04840103
0.047707373
0.047716263
0.047974427
0.04667246
0.046670345
0.046654324
0.046696096
0.046695021
0.046684521
0.046750943
0.046749975
0.046733876
0.046844349
0.046843631
0.046814971
0.047020463
0.04702023
0.046965531
0.047276693
0.04727669
0.047219953
0.047293732
0.047294003
0.047333542
0.046505608
0.04650488
0.046833032
0.038346596
0.03912318
0.043010289
0.025306591
0.026386647
0.028904006
0.0057940342
0.0056093996
0.010899125
0.0028699513
0.0028657993
0.0032531032
0.0098545728
0.0099603775
0.0067376391
0.022011625
0.023932901
0.020803151
0.026959602
0.028205521
0.026573446
0.031301534
0.032566609
0.031785336
0.036946138
0.038351591
0.036980389
0.04362977
0.045312541
0.043014909
0.04780881
0.047822917
0.047595435
0.048333681
0.048343354
0.048254726
0.048377047
0.048382183
0.048427654
0.047724371
0.047732278
0.047989898
0.046667894
0.046665864
0.046649859
0.046691692
0.046690642
0.046680105
0.046747163
0.046746268
0.046729954
0.046841651
0.04684105
0.046811971
0.047019786
0.047019717
0.0469644
0.047276969
0.047277151
0.047220222
0.047294868
0.047295138
0.047335263
0.046500758
0.046498763
0.046832492
0.042601369
0.042729839
0.044199838
0.029210877
0.029091182
0.034068037
0.0051374938
0.0050060293
0.010018228
0.0028567099
0.0028547003
0.003192571
0.010252626
0.010342465
0.0070566095
0.024210067
0.024294562
0.021183641
0.032891284
0.033846317
0.031731889
0.036934356
0.038606067
0.038299578
0.042912461
0.044537592
0.043508734
0.046724667
0.04674182
0.046309754
0.047861021
0.047872408
0.047650744
0.048369547
0.048377399
0.048292456
0.048395796
0.048399898
0.048449208
0.047739115
0.047745582
0.048002556
0.046663466
0.046661512
0.046645494
0.046687455
0.046686476
0.046675896
0.04674365
0.046742817
0.046726231
0.046839372
0.046838858
0.046809323
0.047019688
0.047019733
0.04696377
0.047277887
0.047278182
0.047221055
0.047295856
0.047296033
0.047336969
0.046491092
0.04648801
0.046829187
0.042662677
0.042637834
0.044145291
0.028709005
0.028574839
0.033708076
0.0046756637
0.0045836978
0.0091749871
0.0028512772
0.0028509237
0.0031429001
0.010593558
0.010671628
0.0073336065
0.024521128
0.024592281
0.021504726
0.034030538
0.034086967
0.031991424
0.040609595
0.040647442
0.039272902
0.044614648
0.04463812
0.043847752
0.04678856
0.046802724
0.046379725
0.047902936
0.047912019
0.047695309
0.048398471
0.048404729
0.04832284
0.048410428
0.048413493
0.048466002
0.047750386
0.047754965
0.048010988
0.046659166
0.046657279
0.046641232
0.046683444
0.046682508
0.046671817
0.046740299
0.046737758
0.046721186
0.046837404
0.046836951
0.046806944
0.047019969
0.047020075
0.046963444
0.047279139
0.047279464
0.047222144
0.047296253
0.047296195
0.047338171
0.046477278
0.046473262
0.046822833
0.042556629
0.04252755
0.04407612
0.028160595
0.028019795
0.033302744
0.0043506755
0.0042848575
0.0084303508
0.0028517972
0.0028526615
0.0031064098
0.010890675
0.010959334
0.0075795294
0.024783068
0.024842432
0.021780848
0.03424324
0.034291511
0.03221151
0.040751806
0.040783841
0.039423934
0.044702252
0.044721634
0.043942059
0.046841343
0.046853041
0.04643712
0.047936332
0.047943577
0.047731193
0.048421377
0.048426283
0.048347104
0.048421043
0.048423155
0.04847842
0.047758588
0.047762014
0.048016897
0.046654981
0.04665315
0.046637039
0.046679558
0.04667865
0.046667852
0.046735283
0.04673448
0.046717691
0.046835637
0.04683522
0.046804741
0.047020427
0.047020546
0.046963278
0.047280397
0.04728068
0.047223247
0.047295605
0.04729526
0.047338585
0.046459778
0.046454806
0.046813368
0.042435332
0.042403069
0.043995194
0.027593655
0.027451235
0.032875747
0.0041157034
0.0040671423
0.0077969094
0.0028567449
0.00285857
0.003084916
0.011154284
0.011215976
0.0078017744
0.025008884
0.025061031
0.022022081
0.03442611
0.034467667
0.032399795
0.040872637
0.040899976
0.039553234
0.044774549
0.044790572
0.044020631
0.046884906
0.046894508
0.046484346
0.047963186
0.047969052
0.047759871
0.048439227
0.048442999
0.048366217
0.048428031
0.048429301
0.048486994
0.047764577
0.047766971
0.048020563
0.046650886
0.046649099
0.046632919
0.046675767
0.046674882
0.04666398
0.046732152
0.046731403
0.04671443
0.046833973
0.046833533
0.046800045
0.047020891
0.047020994
0.046963149
0.047281397
0.047281583
0.047224136
0.047293782
0.047293142
0.047338047
0.046438458
0.046432542
0.046800839
0.042302272
0.042267467
0.043905425
0.027022721
0.026880165
0.032441092
0.0039407109
0.0039039003
0.0072668026
0.0028652822
0.002867904
0.0030770059
0.011392449
0.011448649
0.0080051979
0.025206979
0.02525183
0.022231433
0.034584135
0.03461997
0.032564183
0.040976127
0.040999606
0.039664484
0.044834347
0.044847644
0.044086095
0.046920614
0.046928481
0.046523358
0.047984753
0.047989409
0.047783308
0.048452799
0.048455598
0.048380896
0.048431871
0.048432424
0.0484923
0.047768611
0.047770114
0.048022185
0.046646861
0.046645097
0.046628833
0.046672044
0.046671173
0.046660174
0.046729186
0.046728453
0.046711212
0.046832265
0.046831822
0.046798233
0.047021241
0.047021299
0.046962942
0.047281958
0.047282018
0.047224672
0.047290746
0.047289793
0.047336462
0.046413508
0.046406747
0.046785553
0.042160044
0.042123363
0.043809184
0.026453643
0.026312029
0.032003969
0.0038071033
0.0037786212
0.0068248876
0.0028767797
0.0028800492
0.0030743161
0.011610747
0.011662596
0.0081942559
0.025379621
0.02542016
0.022419781
0.03472049
0.034751899
0.032708106
0.041065032
0.041085283
0.039760537
0.044884184
0.044895339
0.044140789
0.046949821
0.046956252
0.046555709
0.048002045
0.04800583
0.047802457
0.048462677
0.048464633
0.048391755
0.048433056
0.048433007
0.048494851
0.04777094
0.047771654
0.04802202
0.046642876
0.046641127
0.046624778
0.046668361
0.046667497
0.046656405
0.046726517
0.046727783
0.046708073
0.046830471
0.046830013
0.046796349
0.047021383
0.047021379
0.04696257
0.047281996
0.047281919
0.047224786
0.04728648
0.047285229
0.047333816
0.046385389
0.046377942
0.046767843
0.042011233
0.04197327
0.043708221
0.025889374
0.025749338
0.031566847
0.0037032522
0.0036809255
0.0064557006
0.0028906911
0.0028944931
0.0030755385
0.011812247
0.011860189
0.0083705897
0.025535902
0.025572448
0.022589058
0.034840408
0.034868546
0.032833769
0.041141762
0.041159242
0.03984391
0.044926087
0.044935496
0.044186819
0.046973598
0.046978807
0.046582541
0.048015948
0.048018927
0.047817828
0.048469395
0.04847065
0.048399374
0.048432022
0.048431474
0.048495082
0.047771773
0.047771794
0.048020341
0.046638914
0.046637165
0.046620729
0.046664691
0.046663828
0.046652649
0.046725418
0.046724611
0.046705095
0.046828609
0.046828129
0.046794343
0.047021257
0.047021179
0.04696198
0.047281477
0.047281259
0.047224438
0.047281065
0.047279549
0.047330178
0.046354762
0.046346779
0.046748003
0.041858012
0.041819186
0.04360391
0.025332195
0.02519423
0.031131638
0.0036216893
0.0036041831
0.0061460549
0.0029065629
0.0029107887
0.0030800772
0.011998377
0.012042601
0.0085348655
0.025676455
0.025709303
0.022740673
0.034946561
0.034971699
0.032944694
0.041207973
0.041223055
0.039916338
0.044961456
0.044969405
0.04422579
0.046992856
0.046997099
0.046604663
0.048026756
0.048029023
0.047830099
0.04847351
0.048474193
0.048404374
0.048429153
0.048428195
0.048493389
0.047771294
0.047770715
0.048017388
0.046634952
0.04663319
0.046616679
0.046661012
0.046660144
0.046648879
0.046722417
0.04672165
0.046703427
0.046826647
0.046826139
0.046792226
0.047020832
0.047020679
0.046961151
0.047280399
0.047280045
0.047223621
0.047274653
0.047272915
0.047325684
0.046322159
0.046313743
0.046726311
0.041701447
0.041661866
0.043497211
0.024784147
0.024648889
0.030700023
0.0035574772
0.0035437221
0.0058841518
0.0029239899
0.0029285534
0.0030874392
0.012170188
0.01221113
0.0086879165
0.025802573
0.025832258
0.022877184
0.035040904
0.035062469
0.033045447
0.041265084
0.041278106
0.039979333
0.044991432
0.044998219
0.044258972
0.047008624
0.047012098
0.046622796
0.048034896
0.04803657
0.047839819
0.048475511
0.048475733
0.04840729
0.048424788
0.048423501
0.048490124
0.047769686
0.047768589
0.048013375
0.046630971
0.04662919
0.046612602
0.046657298
0.04665642
0.046645079
0.04671934
0.046718549
0.046700148
0.046824572
0.046824034
0.046789981
0.047020107
0.047019881
0.046960084
0.047278797
0.047278321
0.04722236
0.047267405
0.047265477
0.047320469
0.046287929
0.046279146
0.046703049
0.041542422
0.041502447
0.043388577
0.024248174
0.024116438
0.030273781
0.0035073218
0.0034966825
0.0056618153
0.0029426754
0.0029475195
0.0030972217
0.012329741
0.012367953
0.0088314888
0.025917732
0.025945105
0.023002165
0.035124229
0.03514415
0.033137705
0.041314545
0.041325899
0.040034563
0.0450171
0.045022951
0.044287672
0.047021565
0.047024431
0.046637755
0.04804084
0.048042032
0.047847403
0.048475806
0.048475652
0.048408519
0.048419219
0.048417668
0.04848558
0.04776711
0.047765575
0.048008497
0.046626959
0.046625146
0.046608496
0.046653546
0.046652662
0.04664123
0.046716131
0.046715311
0.046696786
0.046822374
0.046821803
0.0467876
0.047019098
0.047018805
0.046958789
0.04727672
0.047276131
0.047220696
0.047259427
0.047257326
0.047314613
0.046252321
0.046243235
0.046678496
0.041382379
0.041342411
0.043278487
0.023727257
0.023599609
0.029854706
0.0034688059
0.0034607654
0.0054719971
0.0029624069
0.0029674801
0.0031091214
0.012478949
0.012514766
0.0089671449
0.026024262
0.026049743
0.02311789
0.035200468
0.035218355
0.033222402
0.041357941
0.041368021
0.040083747
0.045039343
0.045044462
0.044312967
0.047032274
0.047034659
0.046650258
0.048044988
0.048045782
0.047853227
0.048474696
0.048474228
0.048408353
0.048412686
0.048410926
0.048479986
0.04776372
0.047761815
0.048002919
0.0466229
0.046621053
0.046604343
0.046649806
0.046648908
0.046637316
0.046712806
0.04671196
0.046693317
0.046820041
0.046819436
0.046785078
0.04701783
0.047017476
0.046957277
0.047274203
0.047273508
0.047218665
0.047250781
0.047248524
0.047308168
0.04621561
0.046206297
0.046652936
0.041222788
0.04118303
0.043168239
0.023223146
0.023099851
0.029443921
0.0034401208
0.0034343426
0.0053090418
0.0029829672
0.0029882114
0.0031229177
0.012618804
0.012652361
0.0090955114
0.026123911
0.026147799
0.023225847
0.035270506
0.035287204
0.033301514
0.041396705
0.041405811
0.040128396
0.045058893
0.045063427
0.044335662
0.04704121
0.047043207
0.046660862
0.048047646
0.048048107
0.047857584
0.048472406
0.048471673
0.048407019
0.048405388
0.048403463
0.048473526
0.047759647
0.047757436
0.047996785
0.046618787
0.046616897
0.046600143
0.046645967
0.04664504
0.04663335
0.04670938
0.046708509
0.046689708
0.046817563
0.04681692
0.046782406
0.047016324
0.047015913
0.046955562
0.047271276
0.047270484
0.047216294
0.04724155
0.047239165
0.047301206
0.046178114
0.046168654
0.046626655
0.041064141
0.04102465
0.043058162
0.022736713
0.022617981
0.029041968
0.003420195
0.0034164963
0.005168534
0.0030041315
0.0030094973
0.0031384234
0.012749781
0.012781195
0.0092168226
0.026217007
0.026239205
0.023326395
0.035335497
0.035351076
0.033374672
0.041431873
0.041440158
0.040169468
0.045076255
0.045080295
0.044356225
0.047048692
0.047050362
0.046669943
0.048049062
0.048049247
0.047860693
0.048469124
0.048468172
0.048404716
0.048397484
0.048395427
0.048466351
0.047755013
0.047752549
0.047990216
0.046614608
0.046612675
0.046595887
0.046642027
0.046641075
0.046629322
0.046705849
0.04670495
0.046685991
0.046814931
0.046814248
0.046779575
0.047014597
0.047014133
0.04695365
0.047267978
0.047267102
0.047213615
0.047231854
0.047229371
0.047293831
0.046140132
0.046130589
0.046599908
0.040906605
0.040867403
0.042948367
0.022268857
0.022154918
0.028649365
0.0034082958
0.0034062421
0.0050470336
0.0030257308
0.003031188
0.0031554409
0.01287246
0.012901922
0.0093315206
0.026303036
0.026323407
0.02341955
0.035395369
0.035409461
0.033441316
0.041463789
0.041471278
0.04020693
0.045091752
0.045095372
0.044374896
0.047054938
0.047056325
0.046677748
0.048049448
0.048049404
0.047862718
0.048465035
0.048463908
0.048401631
0.048389098
0.048386938
0.048458595
0.047749919
0.047747251
0.047983315
0.046610361
0.04660838
0.046591576
0.046637996
0.04663702
0.04662522
0.046702207
0.046701281
0.046682172
0.046812139
0.046811415
0.04677658
0.047012665
0.047012151
0.04695155
0.047264363
0.047263415
0.047210668
0.047221811
0.047219257
0.047286137
0.046101893
0.046092315
0.046572902
0.040750238
0.040711332
0.042838987
0.021820474
0.02171148
0.028266687
0.0034015372
0.0034004025
0.004941735
0.0030476678
0.0030531991
0.0031737962
0.012987681
0.013015423
0.0094402992
0.02638224
0.026401049
0.023505752
0.035450089
0.035463148
0.033502261
0.041492709
0.041499558
0.040241262
0.045105688
0.045108967
0.044391943
0.047060113
0.047061255
0.046684478
0.048048979
0.048048744
0.047863784
0.048460312
0.048459052
0.048397938
0.048380337
0.048378098
0.048450384
0.047744456
0.047741626
0.047976167
0.046606041
0.046604014
0.046587202
0.046633868
0.046632867
0.046621041
0.046698453
0.0466975
0.046678245
0.046809184
0.04680842
0.046773422
0.047010542
0.047009984
0.04694927
0.047260482
0.047259476
0.047207492
0.047211507
0.047208897
0.047278191
0.046063563
0.046053981
0.046545785
0.040595078
0.040556484
0.042730075
0.021391936
0.021287892
0.027894386
0.003398202
0.0033978163
0.0048502322
0.0030698694
0.0030754517
0.0031933604
0.01309629
0.01312247
0.0095437651
0.026455151
0.02647247
0.023585457
0.03550072
0.035512876
0.033558135
0.041519367
0.041525773
0.040273203
0.04511838
0.045121392
0.04440768
0.047064349
0.047065272
0.0466903
0.048047791
0.048047394
0.047863986
0.048455108
0.048453746
0.048393778
0.048371293
0.048368997
0.048441831
0.047738702
0.047735747
0.047968845
0.046601652
0.046599583
0.046582765
0.046629689
0.046628669
0.046616772
0.046694582
0.046693601
0.046674236
0.04680607
0.046805267
0.046770105
0.047008246
0.047007646
0.046946823
0.047256379
0.047255322
0.047204117
0.04720099
0.04719833
0.047270027
0.046025255
0.046015692
0.046518648
0.040441182
0.040402917
0.042621696
0.020983111
0.020883934
0.027532767
0.0033976691
0.0033978947
0.0047705765
0.003092238
0.0030978452
0.0032140159
0.013198701
0.013223337
0.0096421946
0.026522308
0.026538259
0.023659003
0.035548232
0.035559642
0.033610087
0.041544396
0.04155041
0.040303274
0.045130071
0.045132854
0.044422318
0.047067742
0.047068467
0.04669534
0.048045987
0.048045448
0.047863394
0.048449536
0.048448098
0.048389255
0.048362051
0.048359718
0.048433036
0.047732728
0.047729682
0.047961407
0.0465972
0.04659509
0.046578265
0.046625433
0.046624391
0.046612417
0.046690595
0.046689576
0.046668784
0.046802803
0.046801964
0.046766641
0.047005789
0.04700515
0.046944219
0.047252079
0.047250975
0.047200559
0.047190279
0.047187573
0.047261665
0.045987045
0.045977514
0.046491533
0.040288676
0.04025079
0.042513964
0.020593583
0.020499143
0.027182037
0.0033993993
0.0034001279
0.0047010845
0.0031146632
0.0031202676
0.0032356612
0.013295521
0.013318946
0.0097359911
0.026583663
0.02659814
0.02372616
0.035592675
0.035603189
0.033658204
0.041567808
0.041573413
0.040331173
0.045140882
0.045143457
0.044435944
0.047070367
0.04707091
0.046699672
0.048043638
0.048042973
0.047862075
0.048443683
0.048442183
0.048384442
0.048352687
0.048350334
0.048424083
0.047726594
0.047723481
0.047953899
0.046592685
0.046590534
0.046573703
0.046621091
0.046620023
0.046607984
0.046686491
0.04668542
0.046664653
0.046799396
0.046798524
0.046763039
0.047003177
0.0470025
0.046941467
0.047247596
0.047246447
0.04719682
0.047179394
0.047176648
0.047253124
0.045948982
0.045939495
0.046464466
0.040137755
0.040100288
0.04240702
0.020222803
0.020132969
0.02684231
0.0034030254
0.003404172
0.0046404286
0.0031370433
0.0031426221
0.0032582007
0.013387523
0.01340976
0.0098253382
0.026639937
0.026653379
0.023788646
0.0356334
0.035643132
0.033701991
0.041589712
0.041594997
0.040357133
0.045150893
0.045153276
0.044448648
0.047072287
0.047072662
0.046703337
0.048040806
0.048040029
0.0478601
0.048437605
0.048436056
0.048379387
0.048343261
0.0483409
0.048415031
0.047720351
0.047717198
0.047946359
0.046588107
0.046585915
0.046569078
0.046616659
0.046615567
0.046603483
0.046680805
0.046679775
0.04666023
0.046795857
0.046794955
0.04675931
0.047000409
0.046999692
0.046938568
0.047242938
0.047241748
0.047192904
0.047168359
0.047165582
0.047244426
0.045911102
0.045901664
0.046437464
0.039988549
0.039951522
0.042300977
0.019870262
0.019784899
0.026513581
0.0034082656
0.003409787
0.0045876925
0.0031592945
0.0031648301
0.0032815414
0.013474572
0.013495513
0.0099100978
0.026692588
0.02670521
0.023847571
0.035671174
0.035680209
0.033743052
0.041610377
0.041615348
0.040381666
0.04516014
0.045162328
0.044460469
0.047073556
0.047073776
0.04670635
0.048037551
0.04803668
0.047857565
0.048431348
0.048429762
0.048374134
0.048333818
0.048331458
0.048405927
0.047714041
0.047710863
0.047938817
0.046583467
0.046581237
0.046564394
0.046612149
0.046611036
0.046598914
0.046676403
0.046675317
0.046655865
0.046792195
0.046791266
0.046755457
0.046997482
0.046996725
0.046935521
0.047238118
0.047236889
0.047188817
0.047157211
0.04715441
0.047235601
0.045873425
0.045864037
0.046410545
0.039841111
0.039804529
0.042195903
0.019535345
0.019454278
0.02619575
0.0034149224
0.0034167787
0.0045420781
0.0031813532
0.0031868326
0.003305528
0.013556378
0.013575975
0.0099902014
0.026741947
0.026753863
0.023902766
0.035706258
0.035714701
0.033781014
0.041629761
0.041634381
0.040404605
0.045168587
0.045170563
0.044471341
0.047074223
0.047074301
0.046708716
0.048033951
0.048033007
0.047854585
0.048424956
0.048423342
0.048368727
0.04832439
0.048322039
0.048396806
0.047707702
0.04770452
0.047931293
0.046578766
0.046576501
0.046559658
0.046607565
0.046606433
0.046594279
0.046672032
0.046670938
0.04665144
0.046788414
0.04678744
0.046749341
0.046994394
0.046993597
0.046932326
0.04723315
0.047231886
0.04718457
0.047145985
0.04714317
0.047226679
0.045835955
0.04582662
0.046383721
0.039695468
0.039659343
0.04209184
0.019217351
0.019140418
0.02588876
0.0034228155
0.0034249519
0.0045028179
0.003203168
0.0032085786
0.0033300348
0.013632778
0.013651027
0.010065688
0.026788062
0.026799006
0.02395385
0.035739004
0.035746715
0.03381655
0.041647638
0.041651843
0.040425374
0.04517618
0.045177943
0.044481211
0.047074347
0.047074301
0.046710461
0.048030095
0.048029103
0.047851287
0.048418472
0.048416843
0.048363215
0.048315006
0.04831267
0.048387698
0.047701359
0.047698179
0.047923805
0.046574013
0.046571715
0.046554869
0.046602911
0.04660176
0.04658958
0.046667619
0.046666504
0.046646934
0.046782046
0.046781086
0.046745064
0.046991148
0.046990312
0.046928986
0.047228049
0.047226755
0.047180177
0.047134713
0.047131891
0.04721769
0.045798693
0.04578941
0.046356994
0.039551684
0.039516038
0.041988842
0.018915692
0.018842766
0.025592701
0.0034317399
0.0034341099
0.0044692424
0.0032246931
0.0032300291
0.0033549597
0.013703623
0.013720497
0.01013663
0.026830408
0.026840355
0.024000334
0.035768782
0.035775766
0.03384908
0.041664047
0.041667959
0.040444216
0.045182948
0.045184515
0.04449016
0.047074007
0.047073859
0.046711645
0.048026078
0.048025058
0.047847793
0.048411943
0.048410309
0.048357647
0.048305692
0.048303377
0.048378639
0.047695037
0.047691877
0.047916368
0.04656921
0.046566877
0.046550032
0.046598191
0.046597023
0.046584821
0.046663125
0.046661992
0.046642352
0.046777753
0.046776754
0.046740892
0.04698775
0.046986873
0.046925395
0.047222828
0.047221506
0.047175648
0.047123422
0.047120598
0.047208659
0.045761644
0.045752415
0.046330371
0.03940986
0.039374722
0.041886977
0.018629889
0.018560858
0.025307729
0.0034415294
0.0034441001
0.0044407809
0.0032459286
0.0032511963
0.0033802478
0.013769779
0.013785762
0.0102041
0.026868806
0.026877961
0.024042586
0.035795805
0.035802246
0.033878825
0.041679345
0.041683018
0.040461865
0.045188935
0.045190306
0.044498211
0.047073284
0.04707305
0.046712324
0.048021976
0.048020945
0.047844201
0.04840541
0.04840378
0.048352059
0.048296472
0.048294185
0.048369664
0.047688753
0.04768561
0.047908991
0.046564355
0.046561995
0.04654515
0.046593411
0.046592226
0.046580006
0.046658559
0.046657408
0.046637703
0.046773715
0.046772703
0.04673669
0.046980485
0.046979614
0.046918048
0.047217497
0.047216151
0.047170991
0.047112132
0.047109309
0.047199607
0.04572482
0.045715651
0.04630386
0.039270099
0.039235488
0.04178631
0.018359445
0.018294163
0.025033883
0.0034520799
0.0034548378
0.0044169564
0.0032668933
0.0032720928
0.003405887
0.013832657
0.013847883
0.010268733
0.026904555
0.026913232
0.024082057
0.035820993
0.035826987
0.033907009
0.041693565
0.041696909
0.040478257
0.045194131
0.045195301
0.044505293
0.047072237
0.047071929
0.046712537
0.048017839
0.048016802
0.047840568
0.048398901
0.04839728
0.048346472
0.048287373
0.048285121
0.048360802
0.047682521
0.047679412
0.047901684
0.046559455
0.046557069
0.046540225
0.046588575
0.046587375
0.046575141
0.046653927
0.046652761
0.046632993
0.046769604
0.046768572
0.04673241
0.04697634
0.046975407
0.046914308
0.047212061
0.047210658
0.047163021
0.047100859
0.047098042
0.047190552
0.045688241
0.045679135
0.046277475
0.03913246
0.039098382
0.04168688
0.018103713
0.018041971
0.024770977
0.0034633499
0.003466283
0.0043973529
0.0032875759
0.0032927052
0.0034318506
0.01389244
0.013906931
0.010330361
0.026938871
0.026947215
0.024119948
0.035844453
0.035850046
0.033933313
0.04170642
0.041709415
0.040493323
0.04519851
0.045199472
0.044511355
0.047070904
0.047070529
0.046712311
0.048013683
0.048012641
0.047836914
0.048392432
0.048390821
0.048340886
0.048278418
0.048276203
0.048352078
0.047676351
0.04767327
0.047894453
0.046554519
0.046552105
0.046535265
0.046583689
0.046582477
0.046570229
0.046649238
0.046648059
0.04662823
0.046765415
0.046764367
0.046728059
0.046972607
0.04697166
0.046910546
0.047204047
0.047202584
0.047157906
0.04708962
0.047086808
0.047181471
0.045651924
0.045642886
0.046251229
0.038996954
0.038963407
0.041588697
0.01786186
0.017803443
0.024518639
0.0034753076
0.0034784186
0.0043816222
0.0033079666
0.0033130268
0.0034581035
0.013949325
0.013963046
0.010389
0.026971495
0.026979413
0.024155923
0.035866451
0.035871797
0.033958439
0.041717937
0.041720684
0.040506748
0.045202054
0.045202806
0.044516465
0.047069309
0.047068871
0.04671167
0.048009504
0.048008455
0.047833236
0.048386001
0.048384399
0.048335294
0.04826962
0.048267447
0.048343502
0.047670253
0.047667215
0.047887304
0.046549542
0.046547108
0.046530268
0.046578761
0.046577537
0.046565277
0.046644499
0.046643309
0.04662342
0.046761159
0.046760093
0.046723647
0.046968771
0.046967793
0.046906678
0.04719843
0.047197038
0.047153003
0.047082582
0.04708062
0.0471751
0.045615879
0.045606916
0.046225301
0.038863563
0.038830539
0.041491748
0.017632976
0.017577656
0.024276383
0.0034879322
0.0034912204
0.0043695136
0.0033280703
0.0033330616
0.0034846074
0.014003021
0.014015945
0.010444846
0.027002996
0.027010703
0.024190495
0.035887163
0.035892112
0.033982304
0.041728561
0.041731081
0.040518804
0.045204741
0.04520527
0.044520608
0.047067464
0.047066964
0.046710625
0.048005292
0.048004233
0.047829525
0.048379605
0.04837801
0.048329685
0.04826099
0.048258859
0.04833508
0.04766423
0.047661225
0.047880243
0.046544531
0.046542078
0.046525242
0.046573795
0.046572561
0.046560289
0.046639717
0.046638518
0.046618571
0.046756841
0.046755762
0.046719182
0.046964825
0.046963823
0.046902716
0.047192842
0.047191437
0.047148017
0.047072697
0.047069899
0.047166143
0.045607286
0.04560027
0.04621949
0.038732274
0.038700682
0.041452886
0.017416166
0.017363704
0.024043679
0.0035012138
0.0035046655
0.0043608189
0.0033478905
0.0033528117
0.003511146
0.014053691
0.014065899
0.010498181
0.027033302
0.027040622
0.024223382
0.035906495
0.035911073
0.034004722
0.041738127
0.041740306
0.040529748
0.045206527
0.045206834
0.044523634
0.047065378
0.047064821
0.046709194
0.048001041
0.047999972
0.047825775
0.048373237
0.04837165
0.048324051
0.048252531
0.048250444
0.048326815
0.04765829
0.047655334
0.047873273
0.046539491
0.04653702
0.046520187
0.046568796
0.046567554
0.046555271
0.0466349
0.046633692
0.04661369
0.04675247
0.046751379
0.04671467
0.046960781
0.046959758
0.046898669
0.047187204
0.047185789
0.047142962
0.047061521
0.047058737
0.047157171
0.045573586
0.045564581
0.046193383
0.038701667
0.038669608
0.041377007
0.017364631
0.017327009
0.023991698
0.0035150498
0.0035280254
0.0043857544
0.0033674334
0.0033722512
0.0035365782
0.01410157
0.014112878
0.010549017
0.027061714
0.027068504
0.024253938
0.035924184
0.035928351
0.034025123
0.041746293
0.041748103
0.040539223
0.045207458
0.04520757
0.044525599
0.047063074
0.047062469
0.046707422
0.047996755
0.047995679
0.047821993
0.048366898
0.048365317
0.048318396
0.048244249
0.048242206
0.048318711
0.047652432
0.04764951
0.047866399
0.046534425
0.046531939
0.04651511
0.04656377
0.046562521
0.046550226
0.046630052
0.046628838
0.046608781
0.046748052
0.04674695
0.046710121
0.046956656
0.046955611
0.046894551
0.04718153
0.047180107
0.047137856
0.04705041
0.047047638
0.047148242
0.045537764
0.045528815
0.046167425
0.038572712
0.038540675
0.041281805
0.017177642
0.017128542
0.023771307
0.0035426857
0.0035463512
0.0043829338
0.0033831315
0.0033878851
0.0035571884
0.014094272
0.014105484
0.010548903
0.027088102
0.027094393
0.0242822
0.03594026
0.035944045
0.034043943
0.04175302
0.041754486
0.040547256
0.045207659
0.045207611
0.044526686
0.047060593
0.04705995
0.046705377
0.047992446
0.047991367
0.047818192
0.048360588
0.048359016
0.048312724
0.048236147
0.04823415
0.04831077
0.047646661
0.047643791
0.047859626
0.046529336
0.046526837
0.04651001
0.046558721
0.046557466
0.046545157
0.046625181
0.046623962
0.046603849
0.046743595
0.046742485
0.046705539
0.046952456
0.046951397
0.046890369
0.047175831
0.047174404
0.047132707
0.047039355
0.047036594
0.047139352
0.045502195
0.045493333
0.046141615
0.038445011
0.038413374
0.04118752
0.016984846
0.016938113
0.02355773
0.0035575444
0.0035613336
0.004381684
0.0034020427
0.0034067355
0.0035831386
0.014138491
0.014149183
0.010596581
0.027112483
0.027118261
0.024308201
0.035954788
0.035958145
0.034061043
0.041758403
0.041759546
0.04055387
0.045207262
0.045207083
0.044527058
0.047057977
0.047057306
0.046703118
0.047988128
0.047987048
0.047814388
0.04835431
0.048352745
0.048307038
0.048228227
0.048226276
0.048302994
0.047640974
0.047638137
0.047852959
0.046524228
0.046521714
0.046504891
0.046553653
0.046552392
0.04654007
0.046620293
0.046619069
0.046598901
0.046739109
0.046737991
0.046700931
0.046948199
0.046947127
0.046886138
0.047170116
0.047168685
0.047127527
0.047028341
0.047025596
0.047130502
0.045466856
0.045458039
0.046115939
0.038319225
0.038287966
0.041094307
0.016801334
0.016756848
0.023352122
0.0035728948
0.0035768057
0.0043835199
0.0034207007
0.0034253213
0.0036080617
0.014180396
0.014190562
0.010642533
0.027134863
0.027140173
0.024332282
0.035967501
0.03597038
0.034076341
0.04176252
0.041763362
0.040559088
0.045206382
0.045206101
0.044526863
0.047055261
0.047054571
0.046700697
0.047983809
0.047982731
0.047810592
0.048348061
0.048346503
0.048301344
0.048220489
0.048218582
0.048295377
0.047635374
0.047632591
0.047846399
0.046519104
0.046516579
0.046499757
0.046548569
0.046547305
0.046534968
0.046615391
0.046614165
0.046593941
0.046734597
0.046733475
0.046696307
0.046943897
0.046942813
0.046881867
0.047164391
0.047162958
0.047122324
0.047017376
0.047014638
0.047121679
0.045431726
0.045422987
0.046090365
0.038194929
0.038164047
0.041002001
0.016626962
0.0165846
0.023154612
0.0035887221
0.0035927476
0.0043883718
0.0034390542
0.0034435929
0.0036322247
0.014220361
0.014230123
0.010686843
0.027155204
0.027159969
0.024354241
0.035978346
0.035980773
0.03408961
0.041765487
0.04176607
0.040563016
0.045205137
0.045204786
0.044526264
0.047052479
0.047051777
0.046698161
0.047979499
0.047978424
0.047806812
0.048341839
0.048340288
0.048295642
0.048212925
0.04821106
0.048287908
0.047629857
0.047627104
0.047839952
0.046513963
0.046511434
0.046494612
0.046543475
0.046542208
0.046529853
0.046610481
0.046609253
0.046588974
0.046730069
0.046728942
0.046691671
0.046939555
0.046938464
0.046877571
0.04715866
0.047157226
0.047117105
0.047006445
0.047003714
0.047112875
0.045396784
0.045388088
0.046064938
0.0380723
0.038041962
0.040910479
0.016460911
0.016420897
0.022964202
0.0036050081
0.0036091459
0.0043956469
0.0034570631
0.003461495
0.0036558909
0.014258769
0.014268095
0.010729674
0.02717354
0.027177883
0.024374319
0.035987453
0.035989478
0.034100855
0.041767493
0.041767874
0.040565787
0.045203664
0.045203278
0.04452542
0.047049664
0.04704896
0.046695567
0.047975207
0.047974138
0.04780306
0.048335642
0.048334097
0.048289942
0.048205524
0.048203698
0.048280573
0.047624425
0.047621726
0.04783362
0.046508816
0.046506276
0.046489455
0.046538374
0.046537105
0.046524732
0.046605566
0.046604339
0.046584002
0.046725531
0.046724403
0.046687031
0.046935186
0.046934093
0.046873253
0.047152926
0.047151493
0.047111876
0.046995546
0.04699282
0.047104086
0.045362029
0.045353357
0.046039626
0.037951321
0.037921344
0.040819797
0.016303346
0.016264849
0.022780594
0.003621735
0.0036259754
0.0044048675
0.0034747225
0.003479123
0.0036788175
0.014295493
0.014304526
0.010771237
0.027190194
0.027194095
0.024392769
0.035994971
0.035996628
0.03411028
0.041768783
0.041769032
0.040567728
0.045202099
0.045201707
0.044524466
0.047046853
0.047046155
0.046692968
0.047970948
0.047969892
0.047799352
0.048329472
0.048327934
0.048284255
0.048198273
0.048196483
0.048273356
0.047619073
0.047616401
0.047827406
0.046503656
0.046501114
0.046484292
0.046533271
0.046532002
0.046519602
0.046600653
0.046599425
0.046579029
0.046720998
0.046719865
0.046682389
0.046930803
0.046929705
0.046868927
0.047147194
0.047145761
0.047106646
0.046984667
0.046981953
0.047095312
0.04532743
0.045318785
0.046014398
0.037831769
0.037802148
0.040730066
0.016152991
0.01611624
0.022603729
0.0036388592
0.003643188
0.0044158825
0.0034922695
0.0034966388
0.0037010775
0.014331218
0.014340089
0.01081179
0.027205245
0.027208804
0.024410039
0.036001151
0.036002546
0.034118199
0.041769674
0.041769875
0.040569339
0.045200529
0.045200141
0.044523469
0.047044078
0.047043393
0.046690411
0.047966743
0.047965702
0.047795703
0.048323335
0.048321807
0.048278598
0.048191161
0.048189403
0.048266246
0.047613803
0.047611186
0.047821311
0.046498494
0.046495945
0.046479121
0.046528163
0.046526893
0.046514469
0.046595745
0.046594518
0.046574064
0.046716461
0.046715319
0.046677749
0.046926411
0.046925311
0.046864596
0.047141465
0.047140033
0.047101415
0.046973809
0.046971098
0.047086542
0.045292972
0.045284351
0.045989265
0.037713939
0.037684641
0.040640875
0.016009297
0.015974415
0.022433192
0.0036563354
0.0036607547
0.004428546
0.0035097145
0.0035140451
0.0037228513
0.014366467
0.014375143
0.010851722
0.027219118
0.027222458
0.02442654
0.036006499
0.036007757
0.034125319
0.041770372
0.0417705
0.040570693
0.045198985
0.045198609
0.044522466
0.04704136
0.047040691
0.046687924
0.047962607
0.047961586
0.047792125
0.048317241
0.048315726
0.048272988
0.048184175
0.048182448
0.048259232
0.04760861
0.047606016
0.047815337
0.046493325
0.046490773
0.046473949
0.046523053
0.046521783
0.046509334
0.046590836
0.04658961
0.046569096
0.046711923
0.046710791
0.04667312
0.046922017
0.046920921
0.046860271
0.047135741
0.04713431
0.04709619
0.046962976
0.046960266
0.047077772
0.0452586
0.045250039
0.045964217
0.037597406
0.037568425
0.040552546
0.015871963
0.015838513
0.022268186
0.0036741391
0.0036786347
0.0044427395
0.003526999
0.0035313005
0.0037440285
0.014401327
0.014410125
0.01089133
0.027232289
0.027235547
0.024442908
0.036011308
0.036012439
0.034131776
0.041770787
0.041770868
0.04057181
0.045197504
0.04519715
0.044521513
0.047038711
0.047038061
0.046685523
0.047958555
0.047957556
0.047788621
0.048311202
0.048309703
0.048267442
0.048177306
0.048175607
0.048252309
0.047603496
0.047600956
0.047809481
0.046488158
0.046485603
0.046468769
0.046517945
0.046516674
0.046504198
0.046585933
0.046584708
0.046564131
0.046707404
0.046706276
0.046668502
0.046917633
0.046916538
0.046855957
0.04713002
0.047128591
0.047090971
0.046952134
0.04694943
0.047068991
0.045224339
0.045215795
0.045939244
0.037482112
0.037453637
0.040464802
0.015740501
0.015708371
0.022108702
0.0036922361
0.0036968
0.0044583438
0.0035441704
0.0035484677
0.0037641093
0.014436357
0.014445244
0.01093071
0.027245266
0.027248493
0.024459517
0.036015883
0.036017017
0.034138042
0.04177109
0.04177117
0.040572731
0.045196128
0.045195804
0.044520662
0.047036134
0.0470355
0.046683211
0.047954591
0.047953614
0.04778519
0.048305229
0.048303748
0.048261973
0.048170546
0.048168872
0.048245472
0.047598455
0.047595936
0.047803743
0.046482987
0.046480431
0.046463596
0.046512839
0.046511569
0.046499063
0.046581037
0.046579814
0.046559173
0.046702899
0.046701776
0.046663898
0.046913259
0.046912167
0.04685166
0.047124304
0.047122875
0.047085761
0.046941299
0.046938592
0.047060204
0.045190184
0.045181655
0.04591431
0.037368223
0.037340022
0.040377641
0.01561417
0.015583275
0.021954482
0.0037105924
0.0037152123
0.0044752636
0.0035613492
0.003565647
0.0037830704
0.01447167
0.014480429
0.010970016
0.027258158
0.027261388
0.024476403
0.036020359
0.036021477
0.034144316
0.041771496
0.041771656
0.040574016
0.045194865
0.045194561
0.044519891
0.047033614
0.04703299
0.046680964
0.047950712
0.047949754
0.047781817
0.048299331
0.048297869
0.048256588
0.048163885
0.048162235
0.048238719
0.047593491
0.047591027
0.047798118
0.046477817
0.046475261
0.046458416
0.046507736
0.046506467
0.046493929
0.046576151
0.046574932
0.046554222
0.046698411
0.046697291
0.046659307
0.046908901
0.046907814
0.04684738
0.047118591
0.047117163
0.04708056
0.04693045
0.046927739
0.047051394
0.045156089
0.045147583
0.045889436
0.03725569
0.037227795
0.040291328
0.015492694
0.01546298
0.021804933
0.0037291662
0.0037338346
0.0044933952
0.0035785526
0.0035828615
0.0038009674
0.014506782
0.014515655
0.011008865
0.027271145
0.027274429
0.024493617
0.036024834
0.036025961
0.034150653
0.041772267
0.041772485
0.040575786
0.045193651
0.045193345
0.044519092
0.047031121
0.047030498
0.04667874
0.047946905
0.047945962
0.04777848
0.048293513
0.048292072
0.048251292
0.048157316
0.048155687
0.048232047
0.047588597
0.04758615
0.047792599
0.04647265
0.046470094
0.046453247
0.046502638
0.04650137
0.046488799
0.046571276
0.04657006
0.046549282
0.046693941
0.046692826
0.046654736
0.04690456
0.046903478
0.046843118
0.047112882
0.047111456
0.047075369
0.046919593
0.04691688
0.047042578
0.045122109
0.045113609
0.045864592
0.037144372
0.037116769
0.0402055
0.015376167
0.015347574
0.021659935
0.0037479191
0.0037526289
0.0045126485
0.0035958207
0.0036001626
0.0038178554
0.014542129
0.014550956
0.011047595
0.027284361
0.027287688
0.024511211
0.036029598
0.036030835
0.034157369
0.041773123
0.041773327
0.040577878
0.04519241
0.045192089
0.044518194
0.047028621
0.047027991
0.046676493
0.047943151
0.047942218
0.047775157
0.048287779
0.04828636
0.048246083
0.048150829
0.04814922
0.048225452
0.047583778
0.047581386
0.047787178
0.046467488
0.046464933
0.046448073
0.046497547
0.046496282
0.046483674
0.046566415
0.046565202
0.046544353
0.046689493
0.046688385
0.046650182
0.046900238
0.046899162
0.04683888
0.04710718
0.047105756
0.04707019
0.04690873
0.046906012
0.047033748
0.045088176
0.04507969
0.045839804
0.037034428
0.037007124
0.040120374
0.015264028
0.015236799
0.021519665
0.0037668374
0.0037715871
0.0045329668
0.0036131988
0.0036175305
0.0038341857
0.014577639
0.014586461
0.01108632
0.027297659
0.027300954
0.024528787
0.03603457
0.03603585
0.034164279
0.041773905
0.041774086
0.040580117
0.045191102
0.045190762
0.044517181
0.047026087
0.047025445
0.046674196
0.047939431
0.047938504
0.047771826
0.048282131
0.048280732
0.048240959
0.048144417
0.048142826
0.048218932
0.047579027
0.047576648
0.047781849
0.046462331
0.046459779
0.046442915
0.046492465
0.046491201
0.046478556
0.046561569
0.04656036
0.046539436
0.046685067
0.046683965
0.04664565
0.046895939
0.046894869
0.046834662
0.047101485
0.047100063
0.047065025
0.046897855
0.046895135
0.047024914
0.045054334
0.045045856
0.045815066
0.03692563
0.036898601
0.040035939
0.015156303
0.015130045
0.021383512
0.0037859309
0.0037907282
0.0045543262
0.0036304631
0.0036347496
0.0038503636
0.014612632
0.014621308
0.011123988
0.027310704
0.027313891
0.024545818
0.036039757
0.036041082
0.034171139
0.041774601
0.041774765
0.040582419
0.045189715
0.045189356
0.044516069
0.047023504
0.047022849
0.046671838
0.047935728
0.047934803
0.047768469
0.048276567
0.04827519
0.048235913
0.048138075
0.048136501
0.048212487
0.047574348
0.047572025
0.047776602
0.046457183
0.046454633
0.046437752
0.046487393
0.046486132
0.046473448
0.046556739
0.046555534
0.046534535
0.046680668
0.046679572
0.046641143
0.04689166
0.046890594
0.046830465
0.047095801
0.047094381
0.047059873
0.046886972
0.04688425
0.047016078
0.045020514
0.045012083
0.045790326
0.036818071
0.036791282
0.039951982
0.01505232
0.015026931
0.021251128
0.0038052124
0.0038100571
0.0045767221
0.0036475501
0.0036517975
0.0038664493
0.014646524
0.014654744
0.011160373
0.027323264
0.027326314
0.024561984
0.036045118
0.036046487
0.034178006
0.041775257
0.041775422
0.040584781
0.045188262
0.045187891
0.044514892
0.04702087
0.047020203
0.046669422
0.047932028
0.047931102
0.047765079
0.048271088
0.048269732
0.048230942
0.048131802
0.048130245
0.04820612
0.047569734
0.04756742
0.047771429
0.046452042
0.046449496
0.046432609
0.046482333
0.046481075
0.046468351
0.046551927
0.046550728
0.046529651
0.046676293
0.046675203
0.046636659
0.046887401
0.046886338
0.046826291
0.047090126
0.047088709
0.047054734
0.04687609
0.046873366
0.047007245
0.044986735
0.044978298
0.045765569
0.036711428
0.03668485
0.039868549
0.01495167
0.014927043
0.021122424
0.0038246691
0.0038295509
0.0046001515
0.0036644747
0.0036686803
0.0038824041
0.014679018
0.014686879
0.011195309
0.027335271
0.027338186
0.024577173
0.036050671
0.036052092
0.034184902
0.041775949
0.041776135
0.040587236
0.045186769
0.045186393
0.044513689
0.047018191
0.047017515
0.046666963
0.047928322
0.047927393
0.047761652
0.048265693
0.048264358
0.04822604
0.048125599
0.048124061
0.048199838
0.04756519
0.047562932
0.047766322
0.046446912
0.04644437
0.046427463
0.046477286
0.046476031
0.046463265
0.046547136
0.046545941
0.046524784
0.046671944
0.04667086
0.0466322
0.046883159
0.046882103
0.046822136
0.04708446
0.047083045
0.047049604
0.046865209
0.046862483
0.046998413
0.04495292
0.04494447
0.045740806
0.036605569
0.036579167
0.039785409
0.014854243
0.014830314
0.020996693
0.0038442474
0.0038491443
0.0046245792
0.0036812878
0.0036854973
0.0038981511
0.014710048
0.014717613
0.011228802
0.02734677
0.02734957
0.024591422
0.036056441
0.036057916
0.034191856
0.041776744
0.041776962
0.040589814
0.045185264
0.045184888
0.044512496
0.04701548
0.047014798
0.04666448
0.047924604
0.047923673
0.047758191
0.048260384
0.048259071
0.048221205
0.048119474
0.048117956
0.048193647
0.047560707
0.047558453
0.047761276
0.046441793
0.046439256
0.046422336
0.046472253
0.046471002
0.046458194
0.046542364
0.046541175
0.046519936
0.046667621
0.046666543
0.046627765
0.046878934
0.04687788
0.046817999
0.047078802
0.047077388
0.047044484
0.046854316
0.046851586
0.046989585
0.044919092
0.044910624
0.045716019
0.036500565
0.036474317
0.039702492
0.014759469
0.01473615
0.020873932
0.0038638655
0.0038687585
0.0046499486
0.0036981674
0.0037023966
0.003913713
0.014739963
0.014747273
0.011261372
0.027357833
0.027360526
0.024604797
0.036062419
0.036063937
0.034198865
0.041777678
0.041777932
0.040592513
0.045183769
0.045183398
0.044511339
0.047012752
0.047012068
0.046661993
0.047920876
0.047919943
0.047754706
0.048255162
0.04825387
0.048216435
0.048113433
0.048111938
0.048187558
0.047556292
0.047554094
0.047756285
0.046436688
0.046434155
0.046417211
0.046467237
0.04646599
0.046453139
0.046537615
0.046536432
0.046515108
0.046663322
0.046662251
0.046623356
0.046874721
0.04687367
0.046813876
0.047073149
0.047071737
0.047039369
0.046843408
0.046840683
0.046980753
0.044885186
0.044876697
0.045691135
0.036396147
0.036370037
0.039619885
0.014667071
0.014644313
0.02075328
0.0038834553
0.0038883421
0.0046761745
0.0037151052
0.0037193506
0.003929194
0.014768863
0.01477593
0.011293181
0.027368444
0.027371016
0.024617334
0.036068546
0.036070087
0.034205881
0.041778755
0.041779043
0.040595296
0.045182298
0.045181934
0.044510231
0.047010022
0.047009342
0.046659521
0.047917141
0.047916206
0.047751207
0.048250027
0.048248758
0.048211729
0.048107486
0.048106016
0.048181579
0.047551933
0.047549732
0.047751343
0.046431593
0.046429067
0.046412113
0.046462239
0.046460996
0.046448101
0.046532889
0.04653171
0.046510302
0.046659048
0.046657982
0.046618969
0.046870521
0.046869473
0.046809769
0.047067501
0.04706609
0.047034261
0.046832492
0.046829763
0.046971921
0.044851236
0.044842722
0.045666246
0.036292282
0.036266523
0.039537438
0.014576865
0.014554936
0.020635262
0.0039029976
0.0039078693
0.0047031675
0.0037321347
0.0037364045
0.00394479
0.014796794
0.014803617
0.011324346
0.027378559
0.027381004
0.024629042
0.036074717
0.036076246
0.034212828
0.041779971
0.041780296
0.040598113
0.045180859
0.045180503
0.044509172
0.047007308
0.047006633
0.046657078
0.047913404
0.047912471
0.047747707
0.04824498
0.048243732
0.048207086
0.048101641
0.048100197
0.048175716
0.047547637
0.047545492
0.047746447
0.046426518
0.046423998
0.04640701
0.046457259
0.046456021
0.046443083
0.046528184
0.046527011
0.046505516
0.046654796
0.046653737
0.046614608
0.046866331
0.046865286
0.046805677
0.047061858
0.047060449
0.04702916
0.046821561
0.046818829
0.046963088
0.044817203
0.044808665
0.045641249
0.036189187
0.036163539
0.039455162
0.014489064
0.014467377
0.020519839
0.0039224964
0.0039273597
0.0047308426
0.0037492303
0.0037535075
0.0039606232
0.014823713
0.01483028
0.011354801
0.02738816
0.027390476
0.024639935
0.036080808
0.036082305
0.034219611
0.041781334
0.041781693
0.040600935
0.045179446
0.045179095
0.044508146
0.047004622
0.047003957
0.046654678
0.047909676
0.047908747
0.047744225
0.048240019
0.048238792
0.048202507
0.048095903
0.048094486
0.048169973
0.047543393
0.047541236
0.047741592
0.04642146
0.046418946
0.046401942
0.046452299
0.046451066
0.046438085
0.046523502
0.046522335
0.046500752
0.046650568
0.046649514
0.046610269
0.046862155
0.046861114
0.046801598
0.047056224
0.047054818
0.047024071
0.046810628
0.046807893
0.046954258
0.044783068
0.044774509
0.045616219
0.036086643
0.036061147
0.039373205
0.014403367
0.014382188
0.020406332
0.0039419828
0.0039468514
0.004759135
0.0037663651
0.0037706602
0.0039767506
0.014849528
0.014855868
0.011384582
0.027397239
0.027399422
0.024650078
0.036086741
0.036088188
0.034226154
0.041782821
0.041783199
0.040603721
0.045178043
0.045177692
0.044507117
0.047001979
0.047001327
0.046652332
0.047905971
0.04790505
0.047740777
0.048235143
0.048233937
0.048197991
0.048090276
0.048088886
0.048164351
0.047539207
0.047537102
0.047736777
0.046416417
0.04641391
0.046396867
0.04644736
0.046446131
0.046433107
0.046518845
0.046517683
0.046496011
0.046646362
0.046645314
0.046605953
0.046857996
0.046856957
0.046797536
0.047050606
0.047049205
0.047019001
0.04679969
0.046796956
0.046945442
0.044748844
0.044740309
0.045591123
0.035984676
0.035959318
0.03929129
0.014319676
0.01429926
0.020295349
0.0039615
0.0039663781
0.0047879982
0.0037835497
0.003787847
0.0039932259
0.014874571
0.014880701
0.011413706
0.027405787
0.027407841
0.024659563
0.03609246
0.036093849
0.034232412
0.041784333
0.041784693
0.04060638
0.045176641
0.045176291
0.044506058
0.046999395
0.046998761
0.046650056
0.047902306
0.047901399
0.047737387
0.04823035
0.048229164
0.048193542
0.048084759
0.048083396
0.048158847
0.04753506
0.047532929
0.047731999
0.046411406
0.046409009
0.046391948
0.04644244
0.046441214
0.04642815
0.04651421
0.046513054
0.046491291
0.04664218
0.046641139
0.046601663
0.046853853
0.04685282
0.046793495
0.047045012
0.047043618
0.047013955
0.046788765
0.046786052
0.046936655
0.044714673
0.044706164
0.0455661
0.035883831
0.035858984
0.039210267
0.014238727
0.014219621
0.020187989
0.0039812196
0.0039863077
0.0048176867
0.0038004896
0.0038044595
0.0040101125
0.014898126
0.014903277
0.011441123
0.027413838
0.02741578
0.024668512
0.036097933
0.036099258
0.034238365
0.041785721
0.04178603
0.040608795
0.04517525
0.045174906
0.044504962
0.046996894
0.046996284
0.046647872
0.047898703
0.047897815
0.047734079
0.048225639
0.048224474
0.048189164
0.04807935
0.048078013
0.048153456
0.047530979
0.047529016
0.047727386
0.046821052
0.046822478
0.046822865
0.046822467
0.046822484
0.046820971
0.046822829
0.046824159
0.046824866
0.046824093
0.04682385
0.046822366
0.046825644
0.046826814
0.046827756
0.046826628
0.046826257
0.046824828
0.046829771
0.046830688
0.046831791
0.046829935
0.046829498
0.046828177
0.046835175
0.046835733
0.046836899
0.046834441
0.046833919
0.04683279
0.046841527
0.046841611
0.04684262
0.046840187
0.046839642
0.046838851
0.046848985
0.04684851
0.04684898
0.046847178
0.046846908
0.046846686
0.046856288
0.046855116
0.046854875
0.046854597
0.046854867
0.046855467
0.046867191
0.046865242
0.046863904
0.046864156
0.046865339
0.0468668
0.046874106
0.046872644
0.046870752
0.046874569
0.04687696
0.046879364
0.04687208
0.046869581
0.04686799
0.046872471
0.046871636
0.046872391
0.046878791
0.046873665
0.0468716
0.046868989
0.046871572
0.046874931
0.046870242
0.046865184
0.046863273
0.046862688
0.046865283
0.046867359
0.046866272
0.046864574
0.046863685
0.04686417
0.04686495
0.046869753
0.04687148
0.046870768
0.046869777
0.046870677
0.046872293
0.046875334
0.046881547
0.046879339
0.046877149
0.046871849
0.046874701
0.04687665
0.046871887
0.046870626
0.046868477
0.046864703
0.046865938
0.046867333
0.04686384
0.046862275
0.04686035
0.046858751
0.046859946
0.046860994
0.04685723
0.046856313
0.046855066
0.046854413
0.04685532
0.046856094
0.046852217
0.046851786
0.04685038
0.046850617
0.046851383
0.046851779
0.046819173
0.046818214
0.04681959
0.046815548
0.04681685
0.046817893
0.046816697
0.046816544
0.046815201
0.046822185
0.046820177
0.046821457
0.046817804
0.046818965
0.0468212
0.046819313
0.046818383
0.046817162
0.046826048
0.046823283
0.046824397
0.046821322
0.046822265
0.046825317
0.046822833
0.046821319
0.046820325
0.046831249
0.046827869
0.046828734
0.046826463
0.046827131
0.046830809
0.046827163
0.046825418
0.04682477
0.046837664
0.046833905
0.046834441
0.046833191
0.046833492
0.046837486
0.046832883
0.046831128
0.046830924
0.046844537
0.046841065
0.046841176
0.046841501
0.046841208
0.046844799
0.046839845
0.046838727
0.046839074
0.046851659
0.04684979
0.046849218
0.046851547
0.046850593
0.046852317
0.046847885
0.046848452
0.046849485
0.046857771
0.046858493
0.04685723
0.046861682
0.046860006
0.0468587
0.046856363
0.046859474
0.046861287
0.046866965
0.046871406
0.046869158
0.046876549
0.046873869
0.046868317
0.046865861
0.046873297
0.046875847
0.046872842
0.046878477
0.046875965
0.046885402
0.046881636
0.046874678
0.046878137
0.046887786
0.046890913
0.046872358
0.046877756
0.046874726
0.046884296
0.046881012
0.046874354
0.04687672
0.046883324
0.046888053
0.046878177
0.046884376
0.046881994
0.046888941
0.046886465
0.046879928
0.046874994
0.046881909
0.04688516
0.046864943
0.046873771
0.04687358
0.046876103
0.0468744
0.046867678
0.046869014
0.046876967
0.046879922
0.046866493
0.046872228
0.046870338
0.046879162
0.046875594
0.046868511
0.046871728
0.04687753
0.046880557
0.046871966
0.046875221
0.046872875
0.046883141
0.046879092
0.046873456
0.046874773
0.046881315
0.0468835
0.046877621
0.046887073
0.046884521
0.046891484
0.046889372
0.046878204
0.046876875
0.046882411
0.046884753
0.046869024
0.046875946
0.04687386
0.046880598
0.046878252
0.046869115
0.046867877
0.046874668
0.046877344
0.046861243
0.04686755
0.046865821
0.046871086
0.046869311
0.04686168
0.046860146
0.046865457
0.046867273
0.046855102
0.046859587
0.04685844
0.046862063
0.046860781
0.046855337
0.046855254
0.046859123
0.046860361
0.046848637
0.046853236
0.046852593
0.046854399
0.046853479
0.046847528
0.046850439
0.046853139
0.046853864
0.046814313
0.046812996
0.046814259
0.046810486
0.04681173
0.046813145
0.046810845
0.046810935
0.046809651
0.046818308
0.046815613
0.046816687
0.046813525
0.04681457
0.046817346
0.046814428
0.046813677
0.04681256
0.046823065
0.046819573
0.046820435
0.046817974
0.046818738
0.046822371
0.046818681
0.046817637
0.046816775
0.04682947
0.046825299
0.046825832
0.04682449
0.046824855
0.046829205
0.046824018
0.046823115
0.046822647
0.046837451
0.046833004
0.046833036
0.046833247
0.046833077
0.046837625
0.046831147
0.046830763
0.046830847
0.046846157
0.046842484
0.046841923
0.046844024
0.046843185
0.046846851
0.046840041
0.046840804
0.046841585
0.046855061
0.046853939
0.046852656
0.046857061
0.046855406
0.046856318
0.04685011
0.046853485
0.046855096
0.046862635
0.046865602
0.046863546
0.046870449
0.046867911
0.046864409
0.046860658
0.046867777
0.046870306
0.046874132
0.046882637
0.04687946
0.046889922
0.046886122
0.046876778
0.046871165
0.046884696
0.046888135
0.046882901
0.04689414
0.046889613
0.046903963
0.046898915
0.046886216
0.046885745
0.046901881
0.04690611
0.046881332
0.046891065
0.04688759
0.046899395
0.046894921
0.046884213
0.046886502
0.046901234
0.046905806
0.046886919
0.046893906
0.04689135
0.046899967
0.046896726
0.046889986
0.046884004
0.046895989
0.046900268
0.046879298
0.046882892
0.046878787
0.046891583
0.04688675
0.046881513
0.046884952
0.046891265
0.04689567
0.04687527
0.04688652
0.046882729
0.046895826
0.046890926
0.046879157
0.046882387
0.046891433
0.04689512
0.046881446
0.046891525
0.046887307
0.046900877
0.046896037
0.046884935
0.046884623
0.046891706
0.04689523
0.046881757
0.046895895
0.046893577
0.046901519
0.046898536
0.046883338
0.046884369
0.046893613
0.046897187
0.04687056
0.046885686
0.046883107
0.046891121
0.046888347
0.046871697
0.046874605
0.046885226
0.046888084
0.046863242
0.046874547
0.046872758
0.046878426
0.046876441
0.046864104
0.046864439
0.046873673
0.046875967
0.046856729
0.046864731
0.046863388
0.046867463
0.046866011
0.046857267
0.046858073
0.046864703
0.046866336
0.046847198
0.046855742
0.046854901
0.046857431
0.046856149
0.046846634
0.046852072
0.046856217
0.046857303
0.046809698
0.046808047
0.046809248
0.04680572
0.046806868
0.046808616
0.046805336
0.046805575
0.046804364
0.046814611
0.046811497
0.046812483
0.046809659
0.04681056
0.046813819
0.046809696
0.046809266
0.046808216
0.046820769
0.046816621
0.046817272
0.046815457
0.046816015
0.046820348
0.046814936
0.046814372
0.046813634
0.046828878
0.046823969
0.046824194
0.046823725
0.04682381
0.046828935
0.046821722
0.046821523
0.046821247
0.046838836
0.046833875
0.046833511
0.046834915
0.046834342
0.046839497
0.046830702
0.046831506
0.046831871
0.046849893
0.046846143
0.04684501
0.046848892
0.046847438
0.046851267
0.046842006
0.046844581
0.046845817
0.046861442
0.046860982
0.046858917
0.046865818
0.04686328
0.04686366
0.046854926
0.04686086
0.046863132
0.046871438
0.046876321
0.04687325
0.046883432
0.046879718
0.046874467
0.046868518
0.046879165
0.046882613
0.046886906
0.046898562
0.04689406
0.04690876
0.046903448
0.046891202
0.046881206
0.046900108
0.046904799
0.046898213
0.046914981
0.046909245
0.046927669
0.046921026
0.046903322
0.046898546
0.046920397
0.046925999
0.046895908
0.046910127
0.046904408
0.046923223
0.04691635
0.0469009
0.046902172
0.046922228
0.04692857
0.046900796
0.046908163
0.046903802
0.046918528
0.046913169
0.04690534
0.04690023
0.0469161
0.04692249
0.046895387
0.046900557
0.046898315
0.046914926
0.046905049
0.046901428
0.046906499
0.046914038
0.046921506
0.046895273
0.046907243
0.04690133
0.046920473
0.046913641
0.046901441
0.046901008
0.046909072
0.046914598
0.046897646
0.046911547
0.046906008
0.046923468
0.046917312
0.046902647
0.046900123
0.046908192
0.046913316
0.046890094
0.046908502
0.046904876
0.046916599
0.04691243
0.046893118
0.046896796
0.046909355
0.046913879
0.046876731
0.046897067
0.046893998
0.046903762
0.046900287
0.046878955
0.04688566
0.04689815
0.04690205
0.046867957
0.046882891
0.046880566
0.046888163
0.046885421
0.046869687
0.046871996
0.046883823
0.046886773
0.04685994
0.046870701
0.046869033
0.046874385
0.046872464
0.046861163
0.046863398
0.046871638
0.046873662
0.046848458
0.046859521
0.046858204
0.046861911
0.046860233
0.046848774
0.046855842
0.046860688
0.04686211
0.046805553
0.04680347
0.046804583
0.046801298
0.04680237
0.046804571
0.046800147
0.046800548
0.046799403
0.046811668
0.046807948
0.046808787
0.046806361
0.046807138
0.046811026
0.046805467
0.046805196
0.046804236
0.046819428
0.046814485
0.046814946
0.046813714
0.046814073
0.046819246
0.046811881
0.046811625
0.046811029
0.04682965
0.046823781
0.046823713
0.046824161
0.046823929
0.046830084
0.046820413
0.04682075
0.046820705
0.046842347
0.046836405
0.0468356
0.046838397
0.046837335
0.046843603
0.046831821
0.046833503
0.046834245
0.046856683
0.046852302
0.046850509
0.046856471
0.046854288
0.046858969
0.046846328
0.046850323
0.046852143
0.046872129
0.04687168
0.046868622
0.046878665
0.046875028
0.046875597
0.04686317
0.046871238
0.046874444
0.046885954
0.046891965
0.046887514
0.04690214
0.046896838
0.046890701
0.046881147
0.046894754
0.046899524
0.046906908
0.046920762
0.046914509
0.046934895
0.046927528
0.046913464
0.046897685
0.046921156
0.046927637
0.0469225
0.046942438
0.046934699
0.046959597
0.046950602
0.046930405
0.046918677
0.04694554
0.046953378
0.046919636
0.046938555
0.046930516
0.046956542
0.046947045
0.046927304
0.046926874
0.046950258
0.046958733
0.046922354
0.046930077
0.046924257
0.046944457
0.046936823
0.04692866
0.046927574
0.046945051
0.046953891
0.046922691
0.046930287
0.046923967
0.046944026
0.046936662
0.046931595
0.04693567
0.046940518
0.046950804
0.046922398
0.046935449
0.046927689
0.046952408
0.04694366
0.046930267
0.046926104
0.046934416
0.046941847
0.04692016
0.04693673
0.046929877
0.046951571
0.046943881
0.046926869
0.046921919
0.046931011
0.046937805
0.046904413
0.046925883
0.046921072
0.046936766
0.046931094
0.046908924
0.046915887
0.046929255
0.046935165
0.046887452
0.046911521
0.046907483
0.046920608
0.046915882
0.046890965
0.0469017
0.046915419
0.046920458
0.046876328
0.046894292
0.046891125
0.046901248
0.046897667
0.046879031
0.046883724
0.046896645
0.046900304
0.046865948
0.046878657
0.046876433
0.0468836
0.046881032
0.046867889
0.046872042
0.046880675
0.046883355
0.046852422
0.046864796
0.046862994
0.046868084
0.046865876
0.04685368
0.046862
0.046866749
0.046868687
0.046801794
0.046799208
0.046800241
0.046797206
0.046798192
0.046800913
0.046795298
0.046795849
0.046794772
0.046809352
0.046804909
0.046805617
0.046803599
0.046804235
0.04680888
0.04680167
0.046801513
0.046800662
0.046819109
0.04681316
0.046813408
0.04681284
0.04681297
0.04681921
0.046809545
0.046809495
0.046809072
0.046832054
0.046824893
0.046824481
0.046826007
0.0468254
0.046832949
0.04682028
0.046820983
0.046821226
0.046848419
0.046840947
0.046839599
0.046844116
0.04684245
0.046850403
0.046834814
0.046837152
0.046838372
0.046867399
0.046861501
0.046858874
0.046867504
0.046864377
0.0468708
0.046853587
0.046858714
0.046861313
0.046888359
0.046886851
0.046882591
0.046896498
0.046891481
0.04689348
0.046875877
0.046885771
0.046890226
0.046908111
0.046914223
0.046907928
0.046928511
0.046921069
0.046915127
0.046900125
0.046916332
0.046922933
0.046936701
0.046951603
0.046942901
0.046971144
0.04696097
0.046946339
0.046922905
0.046950286
0.046959329
0.046958322
0.04697957
0.046969043
0.044896204
0.046990551
0.046969718
0.0469493
0.046980477
0.046991371
0.046955695
0.046977945
0.046966591
0.043247797
0.046535313
0.046967326
0.046963183
0.046988957
0.044026092
0.046955124
0.046962579
0.046953049
0.046985545
0.046973767
0.046966156
0.046967699
0.045602952
0.044101534
0.046959704
0.046956756
0.046949263
0.036108357
0.040061764
0.046969483
0.046976073
0.046978758
0.046988063
0.046957998
0.046971969
0.046961778
0.046995064
0.046983029
0.046968891
0.04696257
0.046970202
0.046982095
0.04694996
0.046968299
0.046959617
0.046987322
0.046977424
0.046958765
0.04695218
0.046961173
0.046970285
0.04692515
0.046949643
0.046942941
0.046964722
0.046956886
0.046931651
0.046942986
0.046955778
0.046963755
0.046903877
0.046931213
0.046925708
0.046943506
0.046937136
0.046909028
0.046923573
0.046937748
0.046944317
0.046888596
0.04690905
0.046905038
0.046917794
0.046913291
0.046892304
0.046900005
0.046912661
0.046917326
0.046875021
0.046889255
0.046886321
0.046895698
0.04689236
0.046877805
0.046884493
0.046892615
0.046896144
0.046858964
0.046871927
0.046869548
0.046876312
0.046873457
0.046860894
0.046871076
0.046875058
0.046877648
0.046798452
0.046795295
0.046796237
0.046793474
0.046794372
0.046797681
0.04679078
0.046791499
0.046790485
0.046807748
0.04680244
0.046803
0.046801439
0.04680192
0.046807466
0.046798358
0.046798293
0.046797568
0.04681998
0.046812769
0.046812772
0.046812962
0.046812831
0.046820402
0.046808026
0.046808108
0.046807896
0.046836417
0.046827535
0.046826717
0.046829509
0.046828464
0.046837849
0.046821514
0.046822464
0.046823059
0.046857636
0.046847969
0.046845952
0.046852567
0.046850167
0.046860503
0.046840062
0.046842884
0.046844705
0.046883028
0.046874605
0.046870914
0.046882933
0.046878612
0.046887857
0.046864468
0.046870543
0.046874138
0.046911919
0.046907845
0.046901946
0.046921167
0.046914247
0.046919225
0.046894248
0.046905938
0.046912042
0.04694055
0.046945285
0.046936568
0.046964936
0.046954703
0.046950667
0.046927634
0.04694613
0.046955323
0.046979767
0.045604435
0.046982092
0.041379252
0.043534936
0.043026268
0.046959951
0.046238745
0.043640968
0.042715637
0.040564574
0.04349814
0.036582074
0.039293606
0.039197926
0.043550294
0.041387852
0.038384633
0.041805084
0.038794059
0.04197701
0.0348095
0.037977868
0.038958286
0.040181648
0.038932257
0.035117653
0.041670313
0.041417524
0.04257289
0.036448314
0.037780031
0.038624054
0.038099714
0.036675379
0.03591854
0.040602789
0.046163093
0.044205941
0.03676344
0.041415087
0.039048062
0.044771735
0.041970167
0.039924338
0.045515113
0.043343734
0.045551673
0.039097747
0.041320294
0.043310794
0.042761242
0.042250031
0.040199437
0.046989484
0.047009175
0.046997782
0.045180125
0.047021221
0.047001404
0.046996319
0.047002449
0.046720571
0.04695505
0.046982299
0.046973157
0.047002832
0.046992143
0.046964257
0.0469807
0.046991748
0.047002675
0.046927252
0.046957627
0.046950327
0.046973718
0.046965412
0.046934285
0.046953792
0.046966953
0.046975595
0.046905231
0.046927678
0.046922576
0.046938956
0.046933124
0.04691023
0.046922362
0.046933434
0.046939603
0.046887658
0.046903013
0.046899227
0.046911286
0.046907006
0.046891398
0.046901387
0.046908235
0.046912815
0.04686818
0.046881312
0.046878249
0.046886967
0.046883357
0.046870625
0.046883504
0.046886154
0.046889527
0.046795539
0.046791717
0.046792588
0.04679005
0.046790866
0.046794866
0.046786534
0.046787401
0.046786458
0.046806921
0.046800602
0.046801
0.046799933
0.046800246
0.046806841
0.046795558
0.046795599
0.046795015
0.04682218
0.046813433
0.046813162
0.046814198
0.046813778
0.046822951
0.046807406
0.046807606
0.046807634
0.046843035
0.046831961
0.046830672
0.046834926
0.046833376
0.04684508
0.046824284
0.046825447
0.046826459
0.046870635
0.046857982
0.046855164
0.046864297
0.046861019
0.046874552
0.046847935
0.046851212
0.04685376
0.046904842
0.046892639
0.046887613
0.046903887
0.046898076
0.046911447
0.046879775
0.046886773
0.046891642
0.046944915
0.046936816
0.046928687
0.046955112
0.046945619
0.046954983
0.046919871
0.0469334
0.046941667
0.043605583
0.045426028
0.046975871
0.04134556
0.043519229
0.041847932
0.046966729
0.045791542
0.043414511
0.038499451
0.037534539
0.039483046
0.034189359
0.0357942
0.034592594
0.040280274
0.03801733
0.036099476
0.034497023
0.032982067
0.035409473
0.029724783
0.031860457
0.031240341
0.034766047
0.033539692
0.031014924
0.033753454
0.03122822
0.034340126
0.02797632
0.030940369
0.030676725
0.031940188
0.032004595
0.027824562
0.035724375
0.031914971
0.03377424
0.029568905
0.030124852
0.033908281
0.030699813
0.02932312
0.028480474
0.035107692
0.031328595
0.032177633
0.029696326
0.030712737
0.031666591
0.035142141
0.039889349
0.028203701
0.037315566
0.035362032
0.037722036
0.032001395
0.034448172
0.035786686
0.033761428
0.034905384
0.03226297
0.043878141
0.04126701
0.043371759
0.037766569
0.039511051
0.041834915
0.039062416
0.040030559
0.038563253
0.046996865
0.04702684
0.04701435
0.045067808
0.047040193
0.04700948
0.044941663
0.045444561
0.04358085
0.046958648
0.04699198
0.046982558
0.047012729
0.047002017
0.046967923
0.046994896
0.047005352
0.047016704
0.046927609
0.046951898
0.046945198
0.046966691
0.046959074
0.046934299
0.046952807
0.046960899
0.046969045
0.046904367
0.04692063
0.046915798
0.046931081
0.046925705
0.046909224
0.046923871
0.046928421
0.046934327
0.046879789
0.046893353
0.046889443
0.046900637
0.046896044
0.04688298
0.046899715
0.046900591
0.046904915
0.046793012
0.046788501
0.04678926
0.046787069
0.046787768
0.046792462
0.046782672
0.046783682
0.046782831
0.046806906
0.046799422
0.046799658
0.046799053
0.046799207
0.046807018
0.046793271
0.046793473
0.046793043
0.04682583
0.04681527
0.046814695
0.046816663
0.046815927
0.046826984
0.046807744
0.046808106
0.046808402
0.046852218
0.046838435
0.04683661
0.046842528
0.046840408
0.046854957
0.046828757
0.046830194
0.046831688
0.046888133
0.046871584
0.046867811
0.04687993
0.04687562
0.046893296
0.046858825
0.046862667
0.046866077
0.046934331
0.046916861
0.046910166
0.04693177
0.046924086
0.046943165
0.046900422
0.046908568
0.046915052
0.044117094
0.046976293
0.046965353
0.043595825
0.045363675
0.0420566
0.046954827
0.046970482
0.046965263
0.035943721
0.037551506
0.039714906
0.03415691
0.036240583
0.034409342
0.040267766
0.038231688
0.036265128
0.031269125
0.031122834
0.032424729
0.02834121
0.02931153
0.027855374
0.033080597
0.031325839
0.029819039
0.027909716
0.026765939
0.028623848
0.024039106
0.025698047
0.024945803
0.027900932
0.027047436
0.025104868
0.027366929
0.025012926
0.02770537
0.022269529
0.024628016
0.024120563
0.02547558
0.026061204
0.021654831
0.023857301
0.029350708
0.026822221
0.021681491
0.022969648
0.029176567
0.024152605
0.023846843
0.026338071
0.026816432
0.026604515
0.02786788
0.022991425
0.024476856
0.026221485
0.027191365
0.025887855
0.029189791
0.03071185
0.02911046
0.031400427
0.026617372
0.028450852
0.029392254
0.027713837
0.028234144
0.0264927
0.03638443
0.034617243
0.035964977
0.031745406
0.032749079
0.034630943
0.031788969
0.032634771
0.031917351
0.044679352
0.041320449
0.04305777
0.038005856
0.039441128
0.042699127
0.037154478
0.037965247
0.036574472
0.046999677
0.047036357
0.047024157
0.046993774
0.047049378
0.047011755
0.045147518
0.046561159
0.04483101
0.046957402
0.046983489
0.046974842
0.04700251
0.046992748
0.046966213
0.046993534
0.04699702
0.047007627
0.046925698
0.046942791
0.046936733
0.04695599
0.046949175
0.046931812
0.046953185
0.046954493
0.046962088
0.046894756
0.046908849
0.046903898
0.046917926
0.046912384
0.046898694
0.046920548
0.046919203
0.046924652
0.046791026
0.04678575
0.046786391
0.046784553
0.046785131
0.046790603
0.046779122
0.046780347
0.046779593
0.046807719
0.046798925
0.046798946
0.046799008
0.046798931
0.046808075
0.046791577
0.046792004
0.046791754
0.046831046
0.04681839
0.04681749
0.04682046
0.046819393
0.046832617
0.046809097
0.04680972
0.046810305
0.046864281
0.046847233
0.046844804
0.046852587
0.046849826
0.046867788
0.046835092
0.046836947
0.046838985
0.046910957
0.046889429
0.046884536
0.04690017
0.046894633
0.046917562
0.046873146
0.046877825
0.046882258
0.046973333
0.046948822
0.046940034
0.046968184
0.046958212
0.045804428
0.04692751
0.046937292
0.046945774
0.037020276
0.040259254
0.041833559
0.037240123
0.038689818
0.035433473
0.043371346
0.041750864
0.040198236
0.02959277
0.031068473
0.033120859
0.028324627
0.030290303
0.028629195
0.033781036
0.032178302
0.030582892
0.025337717
0.02580048
0.026594597
0.023477683
0.024068823
0.022297534
0.027032522
0.025694916
0.024578695
0.022244889
0.021534953
0.02303466
0.019232532
0.020577296
0.019712471
0.022397894
0.021588449
0.020322391
0.021403707
0.01962439
0.021895046
0.017098229
0.019557398
0.018905711
0.020228285
0.02092229
0.016577155
0.022031977
0.020268032
0.021384492
0.017598317
0.019691805
0.020184703
0.019398807
0.018453946
0.025959102
0.023030632
0.022041407
0.022172343
0.019389605
0.020767266
0.021222052
0.031126437
0.018935991
0.020116641
0.025544828
0.024388912
0.025667923
0.022304801
0.023076363
0.024029095
0.022376896
0.022617336
0.022080929
0.030424142
0.029079995
0.029847281
0.026597656
0.027275941
0.028819305
0.02590288
0.026889074
0.026196483
0.037693863
0.035040048
0.036234251
0.032335287
0.033352665
0.035949464
0.030941135
0.032000109
0.030851179
0.047052879
0.043484967
0.045176465
0.040262437
0.041840592
0.045678758
0.038091105
0.03977696
0.038432275
0.046996119
0.047023765
0.047012863
0.047047565
0.047035291
0.047007253
0.047046509
0.047043907
0.047057605
0.046952589
0.046970884
0.046963186
0.046987705
0.046979039
0.04696024
0.046990633
0.046987826
0.04699755
0.046913042
0.04692798
0.046921995
0.046939266
0.046932481
0.046917989
0.046946761
0.046942178
0.046948794
0.046789558
0.04678347
0.04678399
0.046782498
0.046782964
0.046789262
0.046775907
0.046777435
0.046776782
0.04680948
0.046799273
0.046799107
0.046799741
0.046799492
0.046810052
0.046790485
0.046791212
0.046791121
0.046837903
0.046822884
0.046821642
0.046825664
0.046824242
0.046839909
0.046811501
0.046812533
0.046813413
0.046879522
0.046858616
0.046855503
0.046865334
0.046861856
0.046883821
0.04684339
0.046845908
0.046848531
0.046939954
0.04691223
0.046906
0.046925687
0.046918709
0.046948142
0.046891239
0.046897216
0.046902843
0.041394699
0.046315375
0.046978747
0.043376275
0.044888716
0.039889112
0.046962058
0.046974277
0.04698507
0.031421075
0.03450019
0.035843508
0.032037816
0.033270992
0.03025302
0.037342075
0.035946564
0.034756242
0.024229035
0.025870418
0.027790968
0.023706613
0.025567858
0.023755007
0.028426896
0.027155512
0.025841352
0.020466399
0.021264303
0.02174158
0.019222741
0.019376919
0.018125177
0.022174855
0.020807542
0.01996793
0.017317438
0.017126308
0.018298594
0.015125072
0.016153409
0.015271185
0.017898436
0.016681466
0.016402309
0.016623944
0.014971534
0.017369696
0.01318233
0.015066885
0.014162609
0.015743279
0.016455321
0.01236669
0.016877015
0.016136805
0.01745739
0.014951573
0.014259271
0.013737549
0.014722115
0.014005623
0.019019464
0.018134383
0.017309938
0.018186156
0.015369758
0.015856661
0.016642037
0.014134541
0.020075141
0.020528358
0.020988013
0.020280358
0.02074328
0.01830297
0.018693139
0.019797307
0.017632034
0.018078966
0.017839631
0.025537897
0.024286132
0.025006478
0.022159649
0.022988615
0.024201267
0.021334243
0.022415348
0.02145165
0.03198321
0.029862632
0.030758496
0.027611473
0.028458738
0.030573347
0.025968766
0.027166701
0.026150407
0.040792404
0.037343596
0.038831289
0.03472919
0.036060072
0.039112258
0.032353471
0.034229894
0.033072588
0.047044629
0.047074365
0.047060584
0.045943639
0.047088815
0.047058496
0.04150423
0.043965775
0.042549655
0.046985767
0.047006165
0.046996704
0.047026411
0.047016025
0.046995142
0.04703782
0.04702969
0.047041456
0.046935602
0.046951686
0.046944404
0.046965395
0.046957293
0.046941472
0.0469789
0.046970323
0.046978347
0.046788584
0.046781634
0.046782055
0.046780905
0.046781261
0.046788413
0.046773041
0.046774929
0.046774349
0.046812066
0.046800378
0.046800074
0.046801154
0.046800844
0.046812869
0.046789975
0.0467911
0.046791205
0.046846423
0.046828805
0.046827198
0.046832291
0.046830516
0.046848897
0.046814976
0.046816586
0.046817772
0.046898138
0.046872754
0.046868913
0.046880894
0.046876688
0.046903264
0.046853686
0.046857244
0.046860429
0.046975887
0.046940611
0.046932839
0.046957032
0.046948461
0.04698577
0.046913397
0.046921312
0.046928257
0.036398736
0.040776311
0.042153887
0.038500303
0.039684557
0.034965996
0.04605213
0.043988589
0.042178158
0.026903406
0.029851003
0.030911872
0.027877725
0.028764807
0.026018033
0.03251142
0.031205459
0.030436183
0.019857812
0.021692603
0.023511039
0.019819573
0.021610123
0.019831299
0.024143078
0.022810605
0.021894008
0.016077669
0.017362174
0.01720681
0.015536841
0.015355449
0.014414901
0.018086365
0.016812164
0.016071597
0.013112232
0.013388862
0.014130043
0.011796639
0.012125903
0.011485025
0.014245999
0.012602827
0.012891507
0.012500738
0.011549564
0.01287645
0.0099669248
0.010887039
0.010337613
0.011891115
0.01239485
0.0089227152
0.011924697
0.012931922
0.012170356
0.021292077
0.010603184
0.011604132
0.010648134
0.010903747
0.011870173
0.014036093
0.013524726
0.014249643
0.011846527
0.012681972
0.013528363
0.01627419
0.018067617
0.014217893
0.017015067
0.016458069
0.016913294
0.014809539
0.015321811
0.016454975
0.014138279
0.014713706
0.014064564
0.021519956
0.020224932
0.021171448
0.018497069
0.019511101
0.020502295
0.017610073
0.018612727
0.017817948
0.027330395
0.025403487
0.026448786
0.023422996
0.024542807
0.02629882
0.021989956
0.023274407
0.022321748
0.035289084
0.032600717
0.033558309
0.030900288
0.031745526
0.033873533
0.027856788
0.029774626
0.028663997
0.045970168
0.043120129
0.044456776
0.040542022
0.04170905
0.044575826
0.035907414
0.038511981
0.037490088
0.047026261
0.047048718
0.047037246
0.04707332
0.047060661
0.047037534
0.047095883
0.047080493
0.047094946
0.04696235
0.046980407
0.046971698
0.046996875
0.046987314
0.046969401
0.04701799
0.047004408
0.047014031
0.046788072
0.046780321
0.046780556
0.046779874
0.046779978
0.046787964
0.046770563
0.046772933
0.046772336
0.046815363
0.046802089
0.046801687
0.046803338
0.046802734
0.046816404
0.046789818
0.04679158
0.046791538
0.046856468
0.04683603
0.046834149
0.046840042
0.046838025
0.04685928
0.046819501
0.046821866
0.046823508
0.046920236
0.046889783
0.046885166
0.046899301
0.046894262
0.046926094
0.046865892
0.046870937
0.04687485
0.044788094
0.046974895
0.046965643
0.04699415
0.046984377
0.044061829
0.046939934
0.046950517
0.046958626
0.0325577
0.036536855
0.037413634
0.034859229
0.035362918
0.031004204
0.041327156
0.039313613
0.03831082
0.023177074
0.026051635
0.026861722
0.024374375
0.025193109
0.022602264
0.02861778
0.027354585
0.026934492
0.016332412
0.018124886
0.019789566
0.016624364
0.018137324
0.01649721
0.020648596
0.019220387
0.018740224
0.012634917
0.013801355
0.013634068
0.012256989
0.012052031
0.011281681
0.01480013
0.013452824
0.012953667
0.0096327275
0.010297873
0.010362705
0.008961574
0.0087486441
0.0082770421
0.011111883
0.0093709817
0.0097598211
0.0089264849
0.0083687615
0.0091841891
0.007021298
0.0075773284
0.0072524259
0.0090864434
0.0087860428
0.0061690071
0.011378717
0.0073847259
0.012476025
0.015244554
0.0080995406
0.010376278
0.0071311709
0.0077677073
0.0095080098
0.010621313
0.01029107
0.011309751
0.008993284
0.0099527773
0.010963641
0.012518947
0.0094181501
0.008299441
0.013936462
0.013370015
0.013873552
0.012098546
0.012512147
0.01359637
0.011389983
0.01203229
0.011133798
0.018234087
0.016967294
0.017984211
0.015626368
0.016568833
0.017557882
0.014445936
0.015425861
0.014961839
0.023582693
0.021649697
0.022898124
0.020052478
0.021450765
0.023176043
0.01881345
0.020006045
0.019209099
0.0308703
0.029005434
0.0298377
0.02728807
0.028020741
0.029728783
0.024364704
0.025859711
0.025029503
0.040805708
0.038234468
0.039238035
0.036178423
0.037038098
0.039683997
0.031657527
0.034137982
0.033365387
0.047074427
0.047100537
0.047086554
0.047130349
0.047115063
0.047087827
0.042339547
0.045913156
0.04471432
0.046994189
0.047014691
0.047004523
0.047033979
0.047022964
0.047002339
0.047064563
0.04704502
0.047056271
0.04678705
0.046779925
0.046780086
0.046779117
0.046779501
0.046787483
0.046768398
0.046771259
0.04677084
0.04682017
0.046803709
0.046803842
0.046804965
0.046803671
0.046821585
0.046790858
0.046792998
0.046793038
0.046867926
0.046844205
0.046842506
0.046850966
0.04684713
0.046870315
0.046822628
0.046829744
0.046831909
0.046944978
0.046909397
0.046904
0.046919621
0.046915051
0.046952213
0.046880005
0.046887002
0.046891518
0.042498864
0.047014709
0.047004477
0.045211724
0.046182536
0.039268027
0.046970396
0.046985207
0.046994072
0.029118415
0.03344301
0.033482482
0.031717795
0.032020866
0.028479469
0.037298913
0.03511401
0.035993018
0.020110769
0.022954308
0.023673077
0.021819286
0.022193581
0.019905569
0.025478604
0.024327919
0.024087534
0.013403235
0.01531558
0.01661305
0.014163662
0.015208172
0.013706654
0.017915906
0.016280808
0.016173909
0.0096043852
0.010871472
0.010629381
0.0096786797
0.0093631539
0.0086908245
0.012078552
0.010769351
0.010407674
0.0067650532
0.0076915972
0.0074032682
0.0065052429
0.0061768968
0.0058373497
0.0084376038
0.0066935599
0.0070632679
0.0056194326
0.0057818177
0.006133808
0.0051992896
0.0047622514
0.0049781918
0.0061145357
0.0059859857
0.0038920054
0.0062917058
0.010699544
0.010918245
0.0062852014
0.0066690409
0.0060680556
0.0052306658
0.0066040717
0.0040144513
0.008165131
0.0078050552
0.0087727438
0.0067728843
0.0075933681
0.0084770869
0.0081049305
0.0070150311
0.0061793745
0.011572523
0.010955138
0.011268005
0.0099028472
0.010158409
0.011186072
0.0089538436
0.009623711
0.0089543317
0.015591253
0.014424511
0.015284849
0.013426865
0.014145873
0.01510384
0.012106196
0.012888055
0.012613631
0.020527886
0.019150264
0.020242216
0.017944895
0.018801531
0.020215261
0.016240102
0.017693558
0.016935755
0.027422427
0.025725752
0.026405167
0.024276746
0.024963093
0.026466471
0.021466533
0.022950577
0.022377252
0.036623989
0.034310899
0.035120153
0.032654464
0.033316274
0.035756314
0.028259458
0.030529585
0.030051808
0.047132009
0.04663878
0.047146212
0.044684017
0.045856645
0.047147688
0.038271722
0.041646606
0.040552828
0.047030951
0.047054753
0.047043082
0.047077051
0.047064577
0.047040407
0.047119099
0.047092376
0.047105436
0.046787259
0.04677865
0.046778869
0.046778239
0.04677843
0.046787309
0.046765845
0.046769637
0.046769272
0.04682303
0.046805872
0.046805267
0.046807449
0.046806654
0.046823995
0.046791198
0.046793703
0.046794207
0.046881789
0.046855063
0.04685296
0.046859351
0.046857211
0.046884581
0.046829065
0.04683581
0.046837706
0.046975213
0.046935492
0.046927405
0.046945206
0.046940002
0.046981747
0.046896218
0.04690659
0.046910825
0.04709338
0.044276146
0.04544542
0.043877091
0.035578065
0.047101478
0.047002908
0.046040174
0.047034494
0.026842645
0.028745345
0.031770631
0.0381026
0.038113068
0.026081067
0.041958243
0.030803643
0.030415269
0.017757572
0.023636016
0.022269315
0.027888938
0.023686396
0.017700073
0.023215567
0.02140874
0.025307207
0.011184051
0.01317159
0.013926245
0.013587557
0.01360191
0.01142432
0.015963727
0.014034497
0.014059519
0.0072094319
0.0085852561
0.0082721026
0.0075853296
0.0073074062
0.0067076883
0.01000737
0.0086496467
0.0082948306
0.0045757898
0.0054263299
0.0050198532
0.0043668294
0.0040545694
0.0037970988
0.0062091382
0.0047920177
0.0049017989
0.0033025148
0.0044869001
0.0035554929
0.0033500237
0.0025756696
0.0037809851
0.0039057433
0.0035242343
0.0022622033
0.0044275292
0.0039923349
0.0057768879
0.0031214139
0.0035163451
0.0040194503
0.0027331833
0.0030720319
0.002854611
0.0064227058
0.0058775276
0.0065044984
0.0051481956
0.0055915933
0.006350947
0.0045173942
0.0049737102
0.0046040849
0.0097723374
0.0089460803
0.0091928011
0.0080856539
0.0083702675
0.0091871729
0.0070397884
0.0076922157
0.0072314705
0.013610011
0.012412228
0.012892034
0.01156466
0.012113836
0.013209936
0.01034419
0.011104259
0.010813771
0.018355485
0.017061156
0.017555057
0.016277442
0.016497461
0.017860215
0.014371426
0.015308646
0.01488503
0.024726489
0.023132629
0.023614265
0.022024857
0.022443005
0.023882464
0.01911499
0.020649214
0.020258109
0.033306121
0.0310578
0.031810358
0.029722204
0.030355968
0.032575619
0.025535073
0.027714486
0.02724517
0.045684491
0.042624545
0.043707257
0.040984678
0.041975476
0.044964558
0.034868926
0.038041823
0.037122787
0.047073099
0.047100831
0.04708773
0.047126068
0.04711221
0.047083841
0.047181685
0.047147101
0.047161957
0.046787512
0.046777844
0.046778034
0.046777515
0.046777659
0.046787583
0.0467638
0.046768196
0.046767916
0.046827502
0.046809286
0.046808359
0.046811308
0.046810281
0.046828809
0.046792152
0.04679582
0.04679643
0.046894711
0.046864233
0.046861685
0.046869504
0.046866849
0.046898222
0.046835652
0.046843792
0.046845893
0.04700454
0.046956641
0.046950863
0.046968989
0.046962684
0.047012096
0.046912534
0.046925256
0.046930129
0.037740568
0.043486765
0.047085546
0.041891939
0.0421116
0.036674008
0.047035462
0.046433531
0.046325763
0.027640081
0.030985311
0.025329362
0.027375657
0.028108049
0.026855071
0.032995003
0.032143513
0.031218408
0.014518395
0.01577159
0.027199186
0.019418289
0.019699608
0.014628003
0.024334272
0.022881768
0.02110067
0.0095922259
0.01576849
0.013813194
0.0093341801
0.015234995
0.0096729973
0.012321598
0.011199359
0.011170817
0.0058833313
0.0067247666
0.0064908592
0.0060402804
0.0058386988
0.0060540758
0.011669742
0.0086590096
0.010708672
0.0028297716
0.0035589768
0.0032561709
0.0031020921
0.0026411552
0.0021967079
0.0045287183
0.0035225653
0.0036137695
0.0020003522
0.0017091051
0.0018263398
0.00099252456
0.0012980552
0.0010690887
0.0022256644
0.0017776821
0.0011340828
0.002938036
0.0024215913
0.0028863425
0.0018991509
0.0022199624
0.0025814272
0.0015359259
0.0018286087
0.0014758917
0.0051069476
0.0045986223
0.0047873696
0.0041425396
0.0041053617
0.0048968791
0.0032450311
0.0036894565
0.0033143883
0.0084450102
0.0072926012
0.0076607204
0.0068224712
0.007104082
0.0078263188
0.0056228899
0.0061440038
0.0061596103
0.01197187
0.010811779
0.011362064
0.010159839
0.010746121
0.011634877
0.0087584929
0.0097639735
0.0092979329
0.016566683
0.015454609
0.015635096
0.014694732
0.014937067
0.01623242
0.012694343
0.013765227
0.013392431
0.022581031
0.021110389
0.021384043
0.020313735
0.020492605
0.02190556
0.017405744
0.018816782
0.018595691
0.030672415
0.028541444
0.029165517
0.027521465
0.028117495
0.030220674
0.023441517
0.025551634
0.025125347
0.042493111
0.039529382
0.040438831
0.038260693
0.039089089
0.041993782
0.032389896
0.035405339
0.034569727
0.047120403
0.047152952
0.047138403
0.047181241
0.047166051
0.047132642
0.045070491
0.047208803
0.047225227
0.046787845
0.046777252
0.046777372
0.046777005
0.046777117
0.046787915
0.046762066
0.046766952
0.046766706
0.046832902
0.046813383
0.046812345
0.046815392
0.046814396
0.046834264
0.046793194
0.046798325
0.046798944
0.046908727
0.046874985
0.04687226
0.046880517
0.046877762
0.046912179
0.046842723
0.046852246
0.046854384
0.047035046
0.046981517
0.046975301
0.046993922
0.046987775
0.047042718
0.04692954
0.046944938
0.046949928
0.036224967
0.041660492
0.041666933
0.041672316
0.041687833
0.036394909
0.047075076
0.046724956
0.046628241
0.024187623
0.02802144
0.0280611
0.027597671
0.027810983
0.023995444
0.033586994
0.030708869
0.030649282
0.015350061
0.017844981
0.018094954
0.01736403
0.017627285
0.015315314
0.021850714
0.019966586
0.019714697
0.010042383
0.010871784
0.011445689
0.010158457
0.010263178
0.0089768845
0.01343728
0.011907293
0.011834342
0.0036278042
0.0047871556
0.0049593898
0.0051596139
0.0056617351
0.0044165183
0.0074615862
0.0065471535
0.0061678892
0.0043120168
0.0036195959
0.003634608
0.0031125432
0.0034936215
0.0039119008
0.0022973375
0.002939851
0.00262543
0.0073601481
0.0063612628
0.0065751622
0.0060203995
0.0061495552
0.0067697784
0.0048091736
0.0054028795
0.0052579542
0.010846129
0.009667711
0.010197355
0.0093250683
0.0096951999
0.010591677
0.007876988
0.0086658733
0.0084113456
0.015120631
0.014048612
0.014377321
0.013553939
0.013873003
0.015137825
0.011449699
0.012697177
0.012323381
0.021012141
0.01962836
0.019732454
0.019025998
0.019093505
0.020486524
0.016195517
0.017546081
0.017287725
0.028604716
0.026660037
0.027178693
0.025911368
0.026333857
0.028467056
0.021819868
0.023847958
0.023650893
0.040046657
0.037150633
0.037910837
0.03608158
0.036886993
0.039689445
0.030520915
0.033405104
0.03252402
0.047172892
0.047210917
0.047195138
0.047241976
0.047225605
0.047186448
0.04262252
0.046807765
0.046091689
0.046788098
0.046776733
0.046776868
0.04677645
0.04677658
0.046788117
0.046760234
0.046765742
0.046765524
0.04683814
0.046817235
0.046816329
0.046818953
0.046818102
0.046839342
0.046794131
0.04680065
0.046801182
0.046922231
0.046885956
0.046883257
0.046891254
0.046888618
0.04692547
0.046849492
0.046860724
0.046862791
0.04706546
0.047006133
0.047000055
0.047018236
0.047012223
0.047072958
0.046945882
0.046964979
0.04696997
0.036560251
0.041498976
0.041595278
0.041571168
0.041522803
0.036632207
0.047112765
0.04632136
0.046322211
0.023911717
0.027342888
0.027463826
0.027434585
0.027388259
0.024019333
0.033199222
0.030690315
0.030787571
0.015026833
0.017283193
0.017339398
0.017372907
0.017341025
0.015072165
0.021625651
0.019670002
0.019693969
0.0084623049
0.0099330546
0.010078754
0.0099655821
0.010016046
0.0084363675
0.013169775
0.011623311
0.011632134
0.0040186279
0.0050362726
0.0049598942
0.0050397577
0.0049570462
0.0039933389
0.0071684918
0.0059956194
0.0060338376
0.0038160196
0.0029028333
0.0033294539
0.0029232155
0.0033130931
0.003618361
0.0020305095
0.0025782215
0.0024954051
0.0067142556
0.0057924142
0.0058723104
0.0056805206
0.0057178395
0.0064009883
0.0043470525
0.0050304774
0.0049228471
0.010196833
0.0090943895
0.0092577385
0.0089193728
0.0089381289
0.0098073341
0.0075018087
0.0082334212
0.0077899522
0.01421238
0.013219905
0.013396929
0.012971477
0.012982795
0.014250368
0.0106885
0.012003035
0.011615171
0.019868762
0.0185071
0.01857394
0.018025284
0.018158357
0.019476011
0.015348115
0.016671002
0.016393223
0.027117045
0.025335998
0.025558264
0.024769109
0.024872302
0.026969115
0.020576723
0.022440617
0.022675824
0.038132116
0.03523194
0.035940392
0.034311996
0.035076857
0.037679793
0.028961657
0.031696048
0.030996841
0.047230336
0.047274157
0.047257306
0.047307534
0.047290313
0.047245224
0.040570374
0.044510365
0.044092992
0.046788101
0.046776128
0.046776288
0.046775751
0.046775933
0.046788031
0.046758364
0.046764552
0.04676432
0.046842617
0.046820518
0.046819746
0.046821958
0.046821256
0.046843597
0.046794782
0.046802621
0.046803046
0.046934765
0.046896366
0.046893849
0.046901253
0.046898845
0.046937696
0.046855505
0.046868655
0.046870497
0.047094886
0.047030236
0.047024284
0.047041996
0.047036179
0.047101907
0.046961267
0.046984547
0.046989238
0.037220999
0.042039179
0.04175929
0.042840257
0.04239335
0.037589504
0.047147356
0.047110901
0.04719257
0.024514772
0.027831067
0.027650461
0.028469829
0.028169916
0.0248467
0.034365323
0.031546071
0.031836679
0.015358517
0.017611728
0.017476011
0.018005531
0.01776423
0.015540958
0.022264816
0.020197104
0.020430822
0.0087250649
0.010156509
0.01014695
0.010514753
0.010421011
0.0088631402
0.013637654
0.011993753
0.012198299
0.0043304232
0.0052584957
0.0051081365
0.0055340684
0.0054421708
0.0044976422
0.0075849832
0.0064625717
0.0066086371
0.0064672597
0.0057134851
0.005622085
0.0058251121
0.0055602543
0.006288741
0.0043565477
0.0051304337
0.0048610606
0.0098426425
0.0087905124
0.0087491209
0.0087184717
0.0086722079
0.0094864831
0.0071922859
0.0080636161
0.007725765
0.013783136
0.012778606
0.012659755
0.012652945
0.012435109
0.013514408
0.010388034
0.011493471
0.011387758
0.019013174
0.017669173
0.017859139
0.017468671
0.017577703
0.018863045
0.014705026
0.015928237
0.016027456
0.026023387
0.024317917
0.024376974
0.023948399
0.024015704
0.026049271
0.019832853
0.021547949
0.022032533
0.036592251
0.033627075
0.034447127
0.032999927
0.033965491
0.036391851
0.028076868
0.030598436
0.029854014
0.047291915
0.047341309
0.047323872
0.047060226
0.047358675
0.047307732
0.03925026
0.043097593
0.042695105
0.046787717
0.046775295
0.046775527
0.046774739
0.046775015
0.046787535
0.046756358
0.046763176
0.046762878
0.046846204
0.046823236
0.046822618
0.046824323
0.046823803
0.046846953
0.046795047
0.046804126
0.046804417
0.046945845
0.046905845
0.046903593
0.046910038
0.046907997
0.046948312
0.046860438
0.046875635
0.046877189
0.047121791
0.04705327
0.047047714
0.047063892
0.047058693
0.047127919
0.046974957
0.047002589
0.047006752
0.039196435
0.044009629
0.043404322
0.045466315
0.044726543
0.039912547
0.047178235
0.047218541
0.04722659
0.026023365
0.029327818
0.028909163
0.030361985
0.02980937
0.026520762
0.036339357
0.03320717
0.033741003
0.016405921
0.018591957
0.018230637
0.019379245
0.018909293
0.016718047
0.023695547
0.021330427
0.021838332
0.0096155004
0.011025463
0.010845954
0.011525191
0.011394207
0.0098973107
0.01468305
0.012911961
0.01341604
0.00557645
0.0059270914
0.0057843919
0.0065206746
0.0063429341
0.0057835802
0.0084733615
0.0076448903
0.0080214138
0.0066182074
0.0057428852
0.005678312
0.0056254016
0.0061506883
0.006778242
0.0044990364
0.0070084056
0.0069043484
0.0097765159
0.0087494354
0.0086636335
0.0087524846
0.0086941396
0.0093471399
0.0072264615
0.0077582294
0.0080395671
0.013827367
0.012492236
0.012308518
0.012089115
0.012449839
0.013092607
0.010508549
0.011803921
0.010779017
0.018736913
0.017384951
0.017288556
0.017209571
0.017095684
0.018307694
0.014224465
0.015455601
0.015770608
0.025340973
0.023695689
0.023680117
0.023517033
0.023383603
0.025317493
0.019410156
0.020947622
0.021662868
0.035037547
0.032455281
0.033545858
0.032091194
0.033175232
0.036066919
0.027289266
0.029956479
0.029094674
0.04735692
0.046888531
0.047393608
0.046640995
0.045799137
0.04737359
0.038137854
0.041981301
0.041514125
0.046786886
0.046774101
0.046774423
0.046773353
0.046773726
0.04678659
0.046754094
0.046761498
0.046761125
0.046848832
0.046825241
0.046824803
0.046825938
0.046825618
0.046849319
0.046794863
0.046805102
0.046805252
0.046954883
0.046913835
0.046911989
0.046917137
0.046915545
0.046956782
0.046864144
0.046881373
0.046882579
0.047144597
0.047073665
0.047068885
0.047082423
0.047078162
0.047149548
0.046986277
0.047018341
0.047021843
0.042376397
0.047217774
0.046316145
0.047294003
0.04728618
0.043324731
0.047204086
0.047248719
0.047255433
0.028260881
0.031587774
0.030875864
0.033069677
0.032176702
0.028929309
0.03922656
0.035759771
0.036557064
0.018038263
0.02034444
0.019776759
0.021319585
0.020656445
0.018514222
0.02582354
0.023186086
0.024022113
0.011156086
0.012421864
0.011937625
0.013251996
0.012741737
0.011714168
0.016418306
0.014528393
0.015159368
0.0071392665
0.0069493978
0.0061953319
0.0062037899
0.0058688536
0.0057064797
0.0057045854
0.0062655251
0.0054496548
0.0096255184
0.0082388885
0.0090777462
0.011898744
0.011319119
0.011052563
0.0067267458
0.0075022313
0.0098786761
0.013829019
0.011616703
0.012921133
0.011288765
0.013618676
0.013933922
0.010902035
0.013457041
0.013137926
0.018196472
0.016598675
0.017296736
0.015921863
0.018209112
0.019227695
0.014283677
0.016163928
0.015401239
0.025542905
0.023446447
0.023174046
0.023487399
0.022910388
0.023949763
0.019157556
0.020123917
0.024349177
0.034214008
0.033226098
0.033219237
0.037173955
0.037047342
0.03488741
0.026065835
0.030961522
0.031402699
0.04742426
0.046326916
0.046170573
0.046199475
0.045026267
0.047439866
0.03748086
0.04285071
0.038888953
0.046785561
0.046772484
0.046772926
0.046771491
0.046771991
0.046785125
0.046751515
0.046759453
0.046758977
0.046850326
0.046826392
0.046826194
0.046826592
0.046826524
0.046850499
0.046794116
0.046805404
0.046805355
0.046961585
0.046919922
0.046918592
0.046922176
0.046921117
0.046962881
0.046866495
0.046885576
0.04688637
0.047162575
0.047090113
0.047086385
0.047096733
0.047093552
0.047166313
0.046994898
0.047031117
0.047033793
0.046908261
0.047308384
0.04730141
0.047321065
0.047314938
0.047330513
0.047224337
0.047273392
0.047278665
0.031531771
0.034696948
0.033748075
0.036667921
0.035500676
0.032407358
0.043341743
0.039394371
0.040733923
0.020438334
0.02258002
0.021738251
0.023960297
0.023120711
0.021134028
0.029092563
0.025870531
0.026689073
0.012998184
0.014192857
0.01368493
0.015232932
0.014772714
0.013706448
0.018759864
0.016667913
0.017395289
0.0075449054
0.0065779289
0.0068057234
0.0071994883
0.0071805913
0.0074705974
0.006115474
0.0064426264
0.0066298404
0.01066536
0.0086077915
0.0078741178
0.011108458
0.0089748212
0.010160107
0.0092925657
0.010229339
0.0092439149
0.011854856
0.012737417
0.010622087
0.011975229
0.011552085
0.012634937
0.012148373
0.012743437
0.013375712
0.023551169
0.025479697
0.025380269
0.018615381
0.014260982
0.019169755
0.012830679
0.01439231
0.015204791
0.031304114
0.021923222
0.023137174
0.020448314
0.021327348
0.031402819
0.01794133
0.023903806
0.0198622
0.030764193
0.043959212
0.043639652
0.031955155
0.026721938
0.029228878
0.031962745
0.024637854
0.024701472
0.047493976
0.045944175
0.045810409
0.040645048
0.040409774
0.04751108
0.043694772
0.035465354
0.046335927
0.046783631
0.046770357
0.046770936
0.046769081
0.046769725
0.04678303
0.046748584
0.04675698
0.046756384
0.046850526
0.046826517
0.046826587
0.046826167
0.046826375
0.04685037
0.046792669
0.046804873
0.046804603
0.046965896
0.046923889
0.046923098
0.046925076
0.046924548
0.046966608
0.046867439
0.046888137
0.046888522
0.04717572
0.047102293
0.04709964
0.047106844
0.047104688
0.047178287
0.047000756
0.047040574
0.047042418
0.047349691
0.047332006
0.047326738
0.047341076
0.047336785
0.047355002
0.047239283
0.047292256
0.047296051
0.035851816
0.039030704
0.037811694
0.041752873
0.040429054
0.036946169
0.047345494
0.044344795
0.046074449
0.023139219
0.025449345
0.024732517
0.027112859
0.026540747
0.024640862
0.033158471
0.029383761
0.030188288
0.015491145
0.016424694
0.015947324
0.017749739
0.017175635
0.015896567
0.021673616
0.018919888
0.020434434
0.0080745359
0.0074887328
0.0074266501
0.0078066182
0.0076194505
0.0081372886
0.0068574414
0.007200427
0.0074475635
0.010403471
0.0096422816
0.0099300939
0.010064007
0.0099301072
0.01058789
0.0088675835
0.0091930225
0.0093422028
0.014903994
0.014859965
0.015438045
0.013026214
0.013107184
0.015619646
0.011503185
0.011774852
0.012142582
0.019465779
0.017291056
0.016674735
0.017517778
0.019138615
0.019166704
0.015219503
0.016566969
0.016392141
0.029082228
0.028158395
0.023637045
0.023528997
0.024674684
0.026295731
0.020127657
0.021957616
0.021935539
0.036645314
0.034297482
0.033345861
0.031574683
0.032935259
0.034938351
0.026498629
0.032599559
0.030836201
0.041087573
0.044056504
0.044981148
0.047069363
0.04763179
0.047574734
0.036435473
0.04242397
0.04450757
0.046781019
0.046767653
0.046768381
0.046766081
0.046766875
0.046780247
0.046745261
0.046754038
0.046753312
0.046849426
0.046825541
0.046825887
0.04682464
0.046825122
0.046848956
0.046790464
0.046803447
0.046802949
0.046967893
0.046925789
0.046925498
0.046926011
0.046925959
0.046968047
0.046866993
0.046889072
0.04688906
0.047184297
0.047110434
0.047108758
0.047113104
0.047111882
0.047185756
0.047004011
0.047046762
0.047047825
0.04736765
0.047348312
0.047344917
0.047353831
0.047351272
0.047370904
0.047249211
0.047305314
0.0473077
0.041312442
0.044795372
0.04342962
0.047234199
0.046856514
0.042961157
0.047364787
0.047327123
0.04733117
0.026742823
0.029030393
0.028470639
0.031121264
0.030490851
0.028294044
0.038670492
0.034005114
0.034220819
0.017599647
0.019018795
0.018510004
0.019792927
0.020189413
0.019261845
0.024844438
0.021255209
0.023640474
0.0086628177
0.0081743161
0.0080078267
0.0085071706
0.0083402264
0.0088584094
0.007420106
0.0078800988
0.0080017963
0.01126847
0.010484223
0.010256783
0.010865402
0.010696782
0.011503851
0.009475936
0.0098914645
0.010021462
0.014505117
0.013751772
0.013511363
0.01410938
0.013948999
0.014749775
0.012102189
0.012682746
0.012862837
0.01893792
0.018052162
0.017758922
0.018518305
0.018302151
0.019252938
0.015841564
0.016690485
0.016958515
0.025763813
0.0238437
0.023720271
0.024456073
0.024118729
0.025938961
0.020589929
0.021913125
0.022209356
0.035684323
0.032457708
0.032242473
0.033122681
0.032789059
0.035798968
0.027593009
0.029619178
0.030023967
0.047625479
0.046892859
0.045861827
0.046393545
0.047699919
0.047638047
0.038194922
0.041914256
0.041758343
0.046777733
0.046764362
0.046765236
0.046762509
0.046763444
0.046776803
0.046741527
0.046750614
0.046749758
0.046847109
0.046823468
0.046824085
0.046822042
0.046822783
0.046846354
0.046787509
0.046801119
0.046800401
0.046967745
0.046925774
0.046925949
0.046925111
0.046925495
0.046967406
0.04686523
0.046888509
0.046888143
0.047188641
0.047114879
0.047114103
0.047115832
0.047115454
0.047189148
0.047004896
0.047049924
0.04705027
0.047377929
0.047357774
0.047355956
0.04736029
0.04735911
0.047379376
0.04725456
0.047312917
0.047314012
0.047078693
0.047240591
0.047237693
0.047244712
0.047243066
0.047081612
0.04737551
0.047339352
0.047341134
0.030583994
0.033369234
0.032711683
0.036144297
0.03480684
0.032790635
0.04506392
0.039133057
0.040227677
0.028891731
0.018388716
0.022810273
0.025012373
0.020575033
0.020484222
0.027851877
0.024410398
0.022867734
0.0075552235
0.0072935634
0.0071092232
0.0076904235
0.0075063985
0.007718851
0.0071985821
0.0070214731
0.0072093363
0.0092597883
0.0088684021
0.008687838
0.0092294766
0.0090569964
0.0094240335
0.0082123929
0.0084769632
0.0086959429
0.012064627
0.011165416
0.011020369
0.011504234
0.011330555
0.012220398
0.01019503
0.010504361
0.010713713
0.015227817
0.014391963
0.014245602
0.014694172
0.014544998
0.015435451
0.012668653
0.013509012
0.013723225
0.020080551
0.018867273
0.018721673
0.019109233
0.01898601
0.020247319
0.016252815
0.017466999
0.017626608
0.02703608
0.024953908
0.024773928
0.025264776
0.025105926
0.027243535
0.021139848
0.022928308
0.023126778
0.036387954
0.033718366
0.033494534
0.034198585
0.033993905
0.036721055
0.028698716
0.031080002
0.031290617
0.047686599
0.046817682
0.046558655
0.046749388
0.047768086
0.047701978
0.039003556
0.042791737
0.042581246
0.046773835
0.046760524
0.04676153
0.046758426
0.046759483
0.046772768
0.0467374
0.04674673
0.046745756
0.046843711
0.04682037
0.046821232
0.04681848
0.04681945
0.046842712
0.046783866
0.046797941
0.046797027
0.046965713
0.046924049
0.046924626
0.046922619
0.046923377
0.046964939
0.046862318
0.046886539
0.046885846
0.047189401
0.047116034
0.047116025
0.047115557
0.047115875
0.047189129
0.047003652
0.047050369
0.047050103
0.047381854
0.047361508
0.047360896
0.047361586
0.047361502
0.047382071
0.047255948
0.047315625
0.047315774
0.047084047
0.047247164
0.047246338
0.047248614
0.047247601
0.047083624
0.047379738
0.047344023
0.047344578
0.03516846
0.036995766
0.037372986
0.043272003
0.036160015
0.037224708
0.04685955
0.046543733
0.042956133
0.024066175
0.026286292
0.028771226
0.026808821
0.024046823
0.023293576
0.039758412
0.034323473
0.031069607
0.0082950629
0.0080862793
0.0079052967
0.0084847513
0.0083096167
0.0084247454
0.0078914772
0.0076793592
0.0078624238
0.010114242
0.0095803671
0.0094093811
0.0099678747
0.0097779024
0.010353437
0.0091497395
0.0093303188
0.0095343431
0.012636003
0.011902095
0.01169954
0.012323837
0.01211481
0.012810829
0.010910628
0.011376879
0.011599989
0.016201573
0.014995494
0.014841204
0.015392323
0.015185297
0.016448707
0.013466429
0.014419048
0.014658583
0.020775525
0.01939985
0.019224622
0.019862729
0.019612583
0.020994503
0.016929493
0.018318734
0.018598881
0.027523921
0.025679385
0.025409799
0.026366803
0.026007217
0.027713402
0.022008151
0.023899452
0.024229532
0.037067775
0.034535224
0.034315864
0.035214398
0.034876814
0.037328168
0.029503707
0.031898305
0.03222883
0.04774851
0.046732474
0.047083611
0.046668123
0.047835908
0.047763361
0.039745208
0.043399795
0.043362232
0.046769417
0.046756215
0.046757332
0.046753915
0.04675507
0.046768236
0.046732931
0.046742437
0.046741362
0.046839414
0.046816388
0.046817457
0.046814126
0.046815277
0.046838226
0.046779633
0.04679403
0.046792955
0.046962076
0.046920852
0.046921774
0.046918795
0.046919857
0.046960961
0.04685841
0.046883337
0.046882373
0.047187257
0.047114474
0.047115079
0.04711287
0.04711372
0.047186351
0.047000616
0.047048546
0.047047785
0.04738063
0.047360722
0.047361071
0.047357983
0.04735941
0.047379464
0.047254033
0.047314524
0.047313764
0.047086362
0.047247958
0.047248489
0.047247712
0.047248421
0.047085915
0.047379266
0.047343362
0.047344023
0.042718032
0.045206183
0.03959597
0.046046305
0.046045167
0.039928809
0.046864214
0.046544445
0.046545318
0.02600286
0.029419253
0.029809892
0.029692804
0.029197545
0.026316218
0.036505231
0.03106769
0.031643236
0.0090129607
0.0088842147
0.0087155963
0.0092672561
0.0091212437
0.0091751305
0.0083325207
0.008424302
0.0086540935
0.011006145
0.010395
0.0101832
0.010838067
0.010616935
0.011192371
0.0099944568
0.0099538738
0.010135537
0.013494395
0.01273476
0.012528147
0.013166995
0.012939654
0.013770401
0.011795963
0.012270926
0.012473681
0.017037771
0.015886506
0.015631836
0.01647921
0.016184814
0.017239668
0.01440466
0.015442913
0.015689194
0.021686361
0.020397715
0.020153712
0.020985558
0.02070644
0.021928541
0.017884157
0.019361537
0.019580499
0.028644756
0.027068234
0.026733272
0.027705553
0.027371918
0.028986933
0.023336212
0.025127518
0.025418677
0.038289351
0.036061865
0.035658054
0.036765947
0.036470288
0.03875509
0.030894589
0.033421465
0.033778476
0.047808196
0.047887562
0.047870293
0.047919357
0.047902519
0.04782241
0.041389601
0.045394428
0.045361839
0.046764584
0.046751528
0.04675273
0.046749069
0.046750302
0.046763316
0.04672818
0.046737809
0.046736652
0.046834431
0.046811717
0.046812938
0.046809198
0.04681047
0.046833096
0.046774934
0.046789537
0.046788341
0.04695722
0.046916487
0.046917669
0.046913976
0.046915252
0.046955859
0.04685371
0.046879148
0.046877978
0.047182894
0.047110841
0.047111876
0.047108462
0.047109639
0.047181497
0.046996204
0.047044972
0.0470439
0.047376395
0.04735538
0.04735702
0.047352055
0.047353727
0.04737443
0.047249135
0.047310341
0.047308891
0.047083746
0.047244109
0.047246043
0.047241182
0.047242675
0.04708317
0.047373717
0.047339304
0.047337733
0.044079056
0.046048636
0.046047626
0.046049435
0.046049216
0.045338561
0.046864544
0.046546533
0.046546765
0.027684521
0.030867923
0.03038368
0.031695341
0.031259944
0.027911162
0.039344424
0.033641333
0.033984197
0.009863235
0.0095988833
0.0094919701
0.0098610585
0.0097773752
0.010014063
0.008836037
0.0092075381
0.0093910492
0.011766971
0.011275574
0.011057152
0.01169663
0.011496644
0.011945071
0.010520307
0.010626305
0.010865311
0.014497264
0.013634656
0.013379698
0.014130087
0.013862714
0.014737223
0.012532645
0.013167641
0.013359927
0.01787779
0.017082655
0.016787103
0.017681375
0.017384605
0.018135469
0.015489319
0.016448486
0.016677993
0.022788805
0.021581657
0.021276106
0.022261994
0.021899984
0.023136221
0.019130362
0.020353721
0.020691045
0.030034192
0.028239195
0.027971838
0.028911565
0.028525945
0.030353792
0.02456808
0.026163208
0.026536536
0.039921096
0.037464076
0.037223708
0.038242757
0.037815057
0.040386512
0.032363124
0.034908715
0.035391189
0.047864114
0.047950186
0.047934409
0.047979161
0.047963478
0.047877339
0.043266614
0.047487717
0.047609691
0.046759437
0.046746548
0.046747814
0.046743981
0.046745265
0.046758112
0.046723212
0.046732923
0.046731709
0.046828942
0.046806579
0.046807899
0.046803887
0.046805241
0.046827516
0.046769892
0.04678462
0.04678335
0.04695155
0.046911306
0.046912656
0.046908521
0.046909923
0.046950054
0.046848449
0.046874257
0.046872959
0.047177106
0.047105693
0.047107083
0.047102909
0.047104341
0.047175528
0.046990898
0.047040265
0.047038963
0.047368838
0.047348469
0.047350279
0.047344791
0.047346635
0.047366957
0.047243138
0.047303741
0.04730202
0.04708108
0.047238017
0.04723961
0.047234517
0.047236322
0.047079998
0.047366922
0.04733234
0.047330463
0.045345204
0.046049525
0.046049461
0.046050076
0.046049693
0.04534803
0.046861189
0.046546608
0.046546578
0.029239906
0.032119212
0.031715609
0.032127389
0.031837013
0.028662497
0.0405946
0.034484957
0.034778357
0.010624435
0.010054268
0.0099880354
0.010194365
0.010144373
0.010725445
0.009268276
0.0098482657
0.0099577486
0.012559491
0.012105224
0.011931051
0.012525959
0.012344784
0.012682446
0.01095594
0.01150012
0.011712717
0.015333319
0.014637496
0.014366878
0.015164265
0.014893426
0.015621714
0.013473514
0.014076399
0.014280681
0.019009467
0.01825075
0.017972704
0.018827193
0.018554723
0.019347205
0.016688459
0.017425522
0.017655529
0.024350195
0.022957704
0.02260432
0.023746295
0.023369403
0.024825211
0.020550377
0.021817872
0.022205297
0.03141447
0.029589392
0.029236559
0.030425981
0.030074203
0.031900349
0.026036667
0.027799371
0.028221162
0.041527551
0.038920576
0.038611928
0.039821999
0.039565127
0.042251008
0.034057562
0.036706534
0.037026111
0.047916075
0.048007699
0.047992835
0.048034899
0.048019959
0.047928477
0.045277513
0.048063168
0.048079187
0.046754095
0.046741372
0.04674268
0.046738737
0.046740053
0.046752735
0.046718096
0.046727858
0.046726607
0.04682317
0.046801149
0.046802524
0.046798373
0.04679976
0.046821712
0.046764639
0.046779469
0.046778159
0.04694547
0.046905657
0.046907094
0.046902759
0.046904208
0.046943929
0.046842882
0.046868954
0.046867598
0.047170699
0.047100027
0.047101473
0.047097131
0.047098579
0.047169064
0.046985155
0.04703498
0.047033619
0.047361351
0.047341067
0.047342929
0.047337381
0.047339218
0.047359521
0.047236495
0.047296684
0.047294901
0.047076014
0.047230841
0.047232684
0.047227285
0.047229004
0.047074685
0.047359197
0.047324423
0.047322362
0.045358692
0.04605204
0.046050862
0.046055425
0.046053589
0.045362988
0.046857984
0.046547345
0.046548003
0.028296031
0.03169711
0.03169861
0.031045935
0.031363648
0.027563251
0.041050291
0.034612574
0.03454228
0.011276783
0.010349785
0.010298539
0.010585424
0.010419519
0.011401498
0.0096086888
0.010565462
0.010661391
0.013342733
0.012990443
0.012728106
0.013499581
0.013114015
0.013516467
0.011724509
0.012378005
0.012648943
0.016410511
0.015737746
0.015446745
0.016374619
0.016040807
0.016773661
0.014624127
0.01502029
0.015236109
0.020382753
0.019415188
0.019140396
0.020051545
0.019739686
0.020740708
0.017833549
0.018459585
0.018751818
0.026142001
0.024562799
0.024173672
0.025430077
0.024968788
0.0265581
0.022046049
0.023422263
0.023861779
0.033338885
0.031456158
0.030886248
0.032434158
0.031932803
0.033870017
0.027762171
0.029839897
0.030353249
0.043726709
0.041117598
0.040408608
0.042300088
0.041757209
0.044443803
0.036076846
0.03882599
0.039399253
0.047964256
0.048061509
0.048047446
0.048086742
0.048072719
0.047975723
0.047927198
0.04812403
0.048138616
0.046748662
0.046736087
0.046737412
0.046733436
0.046734758
0.0467473
0.046712905
0.046722699
0.046721436
0.046817334
0.046795605
0.046796984
0.046792845
0.046794222
0.046815891
0.046759322
0.046774225
0.046772914
0.046939335
0.046899859
0.046901302
0.046897016
0.046898435
0.046937831
0.046837271
0.046863538
0.046862204
0.047164279
0.047094256
0.047095684
0.047091495
0.047092856
0.047162759
0.046979384
0.047029602
0.047028303
0.047354256
0.047333764
0.047335559
0.047330322
0.047332017
0.04735261
0.047230001
0.047289705
0.047288042
0.047071726
0.047224206
0.047225674
0.047221702
0.047222875
0.047071091
0.047351752
0.047316525
0.047314807
0.044250241
0.046060252
0.046057663
0.046066142
0.046063042
0.044132153
0.046857109
0.046550678
0.046551938
0.026406681
0.030472395
0.030855795
0.03003058
0.030047003
0.025745962
0.039550634
0.033987883
0.033485649
0.011704388
0.01080998
0.010626523
0.011384281
0.011071583
0.012016001
0.010160514
0.011302547
0.011248641
0.014277519
0.014034048
0.01354511
0.014588033
0.014045201
0.014659654
0.012587714
0.013284095
0.013525444
0.017720438
0.017072096
0.016682828
0.017828598
0.017374313
0.018130217
0.015809363
0.016170328
0.016512692
0.021904217
0.020755411
0.020412997
0.021592881
0.021163151
0.022321981
0.019187775
0.019807971
0.020228658
0.027866234
0.026271218
0.025847276
0.027235966
0.026722203
0.028293879
0.023686057
0.025080328
0.025563784
0.035742907
0.033556392
0.033037951
0.034779034
0.034098451
0.036358873
0.029685129
0.031930478
0.032556478
0.046341711
0.043607895
0.043010379
0.045188396
0.044379
0.047244369
0.038544401
0.041343882
0.042152058
0.048007869
0.048111047
0.048098047
0.04813376
0.048120978
0.048018037
0.048187167
0.048179184
0.048192364
0.046743253
0.046730792
0.046732111
0.046728166
0.046729472
0.046741909
0.046707708
0.046717529
0.046716272
0.046811622
0.04679012
0.046791477
0.046787443
0.046788773
0.046810228
0.046754052
0.046769017
0.046767736
0.046933505
0.046894248
0.046895625
0.046891562
0.046892888
0.046932105
0.0468318
0.046858251
0.04685697
0.047158519
0.047088922
0.047090174
0.047086575
0.047087711
0.047157246
0.046973981
0.047024614
0.047023462
0.047348076
0.047327164
0.047328711
0.047324351
0.047325726
0.047346752
0.047224206
0.04728344
0.047282033
0.047070443
0.047219839
0.04722066
0.047218665
0.04721911
0.047070509
0.047345582
0.047310373
0.047309223
0.042720454
0.046072871
0.046069391
0.046080182
0.046076491
0.042142124
0.046859308
0.046556117
0.046557796
0.024831815
0.029411001
0.029009374
0.028317638
0.028177025
0.024303727
0.036783896
0.032064964
0.032688002
0.012879345
0.011742085
0.011586601
0.012168178
0.011984197
0.013101824
0.01089831
0.011698545
0.011791585
0.015524462
0.015166246
0.014626389
0.015741357
0.015401683
0.015754047
0.013576765
0.01437539
0.014983575
0.019202789
0.018637892
0.018122456
0.019553413
0.018944668
0.019783257
0.017222106
0.017733522
0.017985347
0.023762648
0.022532513
0.022034348
0.023561043
0.023040274
0.024309343
0.020910397
0.021728749
0.022262284
0.029728411
0.028220894
0.027695364
0.029399605
0.028789287
0.030266017
0.025686894
0.027095341
0.027629963
0.038299838
0.035910453
0.035277601
0.037424309
0.036588311
0.038993023
0.031972366
0.034276965
0.03506782
0.048205166
0.046744425
0.04584826
0.0480787
0.047388827
0.048220835
0.04135137
0.04422407
0.044950717
0.048046099
0.048155171
0.048143587
0.048174882
0.048163664
0.048054894
0.048244884
0.048228629
0.048240263
0.04673796
0.046725566
0.04672686
0.046723002
0.046724274
0.046736658
0.046702568
0.046712419
0.046711194
0.04680618
0.046784833
0.046786128
0.046782298
0.046783553
0.046804872
0.046748921
0.046763969
0.046762743
0.046928155
0.046889006
0.046890264
0.046886576
0.046887773
0.046926917
0.046826643
0.046853269
0.0468521
0.04715381
0.04708447
0.047085486
0.047082613
0.047083498
0.047152781
0.04696911
0.047020265
0.047019342
0.04734331
0.047321938
0.04732311
0.047319976
0.047320906
0.047342419
0.047219563
0.047278413
0.047277373
0.047072036
0.047218166
0.047218246
0.047218299
0.047218119
0.047072948
0.047341283
0.047306526
0.047306032
0.04147339
0.046087787
0.04608403
0.046095732
0.046091955
0.039726726
0.046864479
0.046563232
0.046565081
0.023546183
0.027063267
0.027824846
0.02618448
0.027687059
0.022715272
0.034505697
0.031073863
0.031507061
0.014007246
0.012718383
0.012499967
0.013405166
0.013081172
0.014228459
0.011743022
0.012520122
0.012623229
0.017330949
0.016310252
0.015848224
0.0172852
0.016607723
0.017871354
0.014800557
0.015760568
0.01657666
0.020875594
0.020313762
0.019824153
0.021433727
0.020938866
0.02151412
0.018970142
0.019684857
0.020076076
0.026053982
0.024685404
0.02410272
0.025902049
0.025287809
0.026684584
0.023067976
0.024124952
0.024778735
0.032160071
0.030655262
0.029990673
0.032030527
0.031304567
0.032810337
0.028084062
0.029526516
0.030266207
0.041195622
0.038788348
0.038015488
0.040587954
0.039678588
0.042119235
0.034977173
0.037313374
0.038211262
0.048265343
0.048214931
0.048198882
0.048245523
0.048230435
0.048279188
0.044497914
0.047498194
0.048163455
0.048079071
0.048193257
0.048183187
0.048210085
0.048200358
0.048086663
0.048295776
0.048271802
0.048281806
0.04673292
0.046720549
0.046721732
0.046719624
0.046720823
0.046733244
0.046698776
0.046708929
0.046707768
0.04680128
0.046780003
0.046781066
0.046780281
0.046781418
0.046802853
0.046746024
0.046761703
0.046760571
0.04692389
0.04688468
0.046885466
0.046887463
0.046888416
0.046928205
0.046825529
0.046853336
0.046852342
0.047150619
0.047081585
0.047081825
0.04708894
0.047089389
0.047157841
0.046972131
0.047025279
0.047024651
0.047340365
0.047318604
0.047319122
0.047319701
0.047320149
0.047338954
0.04722373
0.047280149
0.047279608
0.047074201
0.047217663
0.047218551
0.04719788
0.047197146
0.047044727
0.047333068
0.047291362
0.047291518
0.04037335
0.045759223
0.046094399
0.043817363
0.04599452
0.03879532
0.046821991
0.046494372
0.046497661
0.023805899
0.025895971
0.027600562
0.027657791
0.027161867
0.021516344
0.034358417
0.031154257
0.034368906
0.015442765
0.014216649
0.013739757
0.015172769
0.014504916
0.015726443
0.013150457
0.013751971
0.014161659
0.019362917
0.018399635
0.017625085
0.019649053
0.018743485
0.020035377
0.016542284
0.017636032
0.01894618
0.023625709
0.022557668
0.022127378
0.023673277
0.02324865
0.024583464
0.02115547
0.022038322
0.022607565
0.028565738
0.027229373
0.026564776
0.028898474
0.028006195
0.029613407
0.025710883
0.026672425
0.027572631
0.035152626
0.033449738
0.032758309
0.035137514
0.034400584
0.036118256
0.030986268
0.032616513
0.033497225
0.044588527
0.042130486
0.041377144
0.043965698
0.04301592
0.045508514
0.038416227
0.040648501
0.041582946
0.048318174
0.048274164
0.048260057
0.048300807
0.048287701
0.048330149
0.048106816
0.048210743
0.048225364
0.048107515
0.048225728
0.048217015
0.048240095
0.048231661
0.048114144
0.048339725
0.048308641
0.048317119
0.046729635
0.0467172
0.0467184
0.046714825
0.046715996
0.046728443
0.046693887
0.046704113
0.046702968
0.046799455
0.046777993
0.046779124
0.046775798
0.046776881
0.04679836
0.04674138
0.046757183
0.046756094
0.046925462
0.046885507
0.046886468
0.046883702
0.046884584
0.046924615
0.046821294
0.046849364
0.046848443
0.047155952
0.047087625
0.04708822
0.047086667
0.047087148
0.047155478
0.046969128
0.047022777
0.047022271
0.047338208
0.047318042
0.047318838
0.047317785
0.047318206
0.047338132
0.047221639
0.047278171
0.047277659
0.04704735
0.047199074
0.047198632
0.047201069
0.047199615
0.047047324
0.047331464
0.047292383
0.047293269
0.036753824
0.046002959
0.044029373
0.045249412
0.040604421
0.037003687
0.046829672
0.046054283
0.046503244
0.020775475
0.025233845
0.023032804
0.028919301
0.031347182
0.027014221
0.041761531
0.036026545
0.033498796
0.013244148
0.015394706
0.014778948
0.016205329
0.015312478
0.013371943
0.022865935
0.018943787
0.020118419
0.012973811
0.012033905
0.011412383
0.012845675
0.012693353
0.013987393
0.0060263547
0.00910564
0.0092473036
0.016994608
0.015581162
0.015797458
0.017376381
0.016709213
0.018282321
0.015673523
0.01624832
0.01658413
0.02206068
0.020959295
0.020046109
0.022400148
0.021245146
0.022326938
0.01940051
0.020726281
0.021683147
0.02673096
0.025331481
0.02458447
0.026968733
0.025903997
0.027385743
0.023772308
0.024891017
0.026002746
0.031774352
0.030644271
0.029732556
0.032670449
0.03163976
0.032992465
0.02889522
0.030396497
0.03127488
0.039151489
0.037072181
0.036237372
0.039223177
0.03828338
0.040277097
0.034406365
0.036515811
0.037621099
0.048034745
0.046135446
0.044945462
0.047920946
0.047152478
0.048050278
0.04245601
0.044625617
0.04566098
0.048363452
0.048325388
0.048313321
0.048347979
0.048336901
0.048373573
0.048168287
0.048265966
0.048278471
0.048132071
0.048253424
0.048245885
0.048265761
0.04825845
0.048137744
0.048376923
0.048339825
0.048347033
0.046724999
0.046712506
0.046713649
0.046710226
0.046711349
0.04672387
0.046688016
0.046699439
0.046697209
0.046795248
0.046773698
0.046774734
0.046771691
0.04677268
0.046794262
0.046736984
0.046752943
0.046751936
0.046922363
0.046882069
0.046882868
0.046880603
0.046881319
0.046921701
0.046817501
0.046845884
0.046845101
0.047154412
0.047085891
0.047086248
0.047085336
0.047085589
0.047154171
0.046966793
0.047021055
0.047020739
0.047338357
0.047317404
0.047317481
0.047317452
0.047317391
0.047338497
0.047220295
0.047276871
0.047276752
0.047051725
0.047202013
0.047202416
0.047202644
0.047202128
0.047052631
0.047332536
0.047293339
0.047293511
0.043872538
0.046005728
0.046005012
0.046006351
0.046006417
0.042416916
0.046831613
0.04650609
0.046506035
0.027234397
0.030982484
0.029550389
0.0323362
0.031649941
0.028624678
0.038343873
0.036461828
0.037592391
0.01563452
0.017983138
0.017083464
0.020797808
0.019278646
0.017616648
0.024671777
0.023052902
0.024242952
0.0026540248
0.0031196375
0.0031754846
0.0030380578
0.0030747579
0.0026605346
0.011501046
0.0061998904
0.0059911456
0.0039864768
0.0026751945
0.0026394217
0.0027427699
0.0027096028
0.0040575698
0.0033072906
0.0028800218
0.002874734
0.016836901
0.013129177
0.0129938
0.013389281
0.0132601
0.0169642
0.0064599376
0.0096272602
0.0097431545
0.020637303
0.01901816
0.018219935
0.021162686
0.020183186
0.021967788
0.020463883
0.020087511
0.02088045
0.02532096
0.024029125
0.023157051
0.02619851
0.02506116
0.026397441
0.02303991
0.024604787
0.025657381
0.030283788
0.028936646
0.02793691
0.031236587
0.03003983
0.031339639
0.027975604
0.028970093
0.030105809
0.036360099
0.034842098
0.033779525
0.037271711
0.035958799
0.037736222
0.033146946
0.03439592
0.035615695
0.043854604
0.041442689
0.040385649
0.044079939
0.042793152
0.045030653
0.03903629
0.040658428
0.04215293
0.048093554
0.047951361
0.047936183
0.047979776
0.047965899
0.048107082
0.047117301
0.04777838
0.047793967
0.048401544
0.048368657
0.048358536
0.048387752
0.0483784
0.048409998
0.04822082
0.048312888
0.048323536
0.04815235
0.04827708
0.04827061
0.048286627
0.048280839
0.048156699
0.048408037
0.048365991
0.048371778
0.046720618
0.046708024
0.046709116
0.046704534
0.046706904
0.04671954
0.046683411
0.046693908
0.046692833
0.046791471
0.046769776
0.046770719
0.046767946
0.046768847
0.046790586
0.046732866
0.046749017
0.046748086
0.046919969
0.046879289
0.046879929
0.046878112
0.046878687
0.046919472
0.04681418
0.04684294
0.046842285
0.047153771
0.047084999
0.047085144
0.047084854
0.047084903
0.047153747
0.046965192
0.047020045
0.047019894
0.04733922
0.047317768
0.047317588
0.047318274
0.047318001
0.047339544
0.047219951
0.047276735
0.047276831
0.047054771
0.047203543
0.047203141
0.047204187
0.047203897
0.047055261
0.047333947
0.047294307
0.047294596
0.045270523
0.046004056
0.046005553
0.045999233
0.046001904
0.045266494
0.046833169
0.046503821
0.046502452
0.031171806
0.034887931
0.033482407
0.037676719
0.036319746
0.032411761
0.043951969
0.040087709
0.04123295
0.017147031
0.023596304
0.02261235
0.023308566
0.023455766
0.016972643
0.030578996
0.027687125
0.028982393
0.002673082
0.0029829218
0.0030079553
0.002944545
0.0029620368
0.0026757117
0.010681716
0.0054389357
0.0052811783
0.0042525233
0.0028059521
0.0027748554
0.0028656513
0.0028361918
0.0043123214
0.0032368391
0.0028622227
0.0028592102
0.017324168
0.013625319
0.013509876
0.013840871
0.013734925
0.017430013
0.0068222402
0.010061822
0.010159309
0.025295672
0.023734329
0.022439022
0.0268526
0.025544258
0.026583606
0.020902867
0.024030408
0.024120899
0.030054063
0.028769528
0.027435713
0.031784244
0.030237236
0.031460377
0.028004021
0.029687648
0.031223828
0.03501116
0.033874624
0.032510596
0.03689092
0.035337091
0.036393846
0.033248692
0.033924138
0.03537225
0.041461282
0.040000002
0.038640108
0.042887762
0.041406472
0.042919921
0.038442666
0.039810165
0.041332502
0.04733984
0.04680486
0.045540038
0.047075155
0.047058607
0.047356143
0.044558695
0.046687897
0.046706712
0.048144089
0.048005665
0.047993052
0.048029125
0.04801771
0.048155259
0.047610352
0.047836305
0.047848994
0.048433197
0.048405087
0.048396608
0.048420751
0.048413098
0.048440137
0.04826491
0.048352535
0.048361269
0.048167403
0.048294899
0.048290156
0.048302281
0.048297524
0.048170782
0.048433378
0.048386877
0.048391566
0.04671645
0.046702466
0.046703505
0.046700413
0.046701468
0.046715407
0.046679042
0.046689527
0.046688522
0.046788086
0.046766193
0.046767056
0.046764515
0.046765339
0.046787285
0.046728995
0.046745378
0.046744514
0.046918186
0.04687706
0.046877573
0.046876114
0.046876574
0.046917817
0.046811273
0.046840468
0.046839914
0.047153924
0.04708487
0.047084844
0.047085021
0.047084937
0.047154058
0.046964206
0.047019674
0.04701967
0.047340645
0.047318926
0.047318588
0.047319667
0.047319291
0.047341047
0.047220392
0.047277367
0.047277616
0.047056161
0.047204804
0.047204511
0.04720533
0.047205104
0.047056219
0.047335716
0.0472954
0.04729564
0.045249674
0.045992462
0.045996056
0.045983854
0.045988401
0.045242527
0.046831951
0.046496467
0.046493919
0.037232605
0.040358017
0.038999545
0.040610803
0.040646475
0.037805749
0.04418765
0.04270871
0.042686387
0.016413021
0.022999222
0.023155842
0.022675522
0.02283916
0.016218236
0.033982952
0.028967723
0.028840048
0.0026811889
0.0029177178
0.0029298539
0.0028995904
0.0029077342
0.0026825547
0.0098004831
0.0048859273
0.0047760162
0.004479706
0.0029224335
0.0028943781
0.0029767993
0.0029498938
0.0045321394
0.0031791544
0.0028531404
0.002852012
0.017727142
0.014036062
0.013940774
0.014216314
0.014127481
0.017816078
0.0071292695
0.01042918
0.01051298
0.029473152
0.027017847
0.026937873
0.027166406
0.027093251
0.029546245
0.02126772
0.024373536
0.024449112
0.036377452
0.035229075
0.033436138
0.035918578
0.035863104
0.037596561
0.031801025
0.033910378
0.033971719
0.041069645
0.040257115
0.038535683
0.041802357
0.041766063
0.042836084
0.039142264
0.040424681
0.040570088
0.045806724
0.045223297
0.044499437
0.045269178
0.045246778
0.045827677
0.043764816
0.044564411
0.044590094
0.047400158
0.047105849
0.047090919
0.047133618
0.047120106
0.047413361
0.046328535
0.046758164
0.046773734
0.048185492
0.048050292
0.048040005
0.048069317
0.048060083
0.048194518
0.047662842
0.047883164
0.047893347
0.04845901
0.048434838
0.048427966
0.048447431
0.048441296
0.048464578
0.048300684
0.048384819
0.048391845
0.048180367
0.048309609
0.048305209
0.048315482
0.048311771
0.048183021
0.048453725
0.048403571
0.048407224
0.046711131
0.046698335
0.046699356
0.046696342
0.046697336
0.046710212
0.04667487
0.046685406
0.04668447
0.046785027
0.046762902
0.046763692
0.046761344
0.046762106
0.046784291
0.046725306
0.04674197
0.046741142
0.04691686
0.046875251
0.046875674
0.046874465
0.046874849
0.046916575
0.046808698
0.046838356
0.046837877
0.047154615
0.047085284
0.047085145
0.047085629
0.047085451
0.047154846
0.046963667
0.047019799
0.047019875
0.047342303
0.047320449
0.047320058
0.047321233
0.047320843
0.047342719
0.047221314
0.047278492
0.047278814
0.047055667
0.047205557
0.0472055
0.047205423
0.047205555
0.047055243
0.047337333
0.04729617
0.047296247
0.045216682
0.045973354
0.045978845
0.045961059
0.045967417
0.045206818
0.046827895
0.046484667
0.04648109
0.037629106
0.040533827
0.040573277
0.040450102
0.040492688
0.037565985
0.044129235
0.042611744
0.042584654
0.015619135
0.02234271
0.022510284
0.022002685
0.022173473
0.015416356
0.033609916
0.02843868
0.028300316
0.0026857642
0.0028880711
0.0028931697
0.0028795454
0.0028835651
0.00268659
0.0089787508
0.0044994337
0.0044219158
0.004681091
0.0030291342
0.0030032046
0.0030796561
0.0030546055
0.0047281797
0.0031324573
0.0028509085
0.0028512102
0.018067587
0.014382967
0.014301108
0.014537936
0.014461826
0.018145343
0.0073977331
0.010747087
0.010819977
0.029746651
0.027301314
0.027234786
0.027424592
0.027367685
0.029807597
0.02157779
0.024659452
0.024721984
0.037740971
0.036022687
0.035971716
0.036118586
0.036071526
0.037785196
0.032049928
0.034141205
0.034193176
0.042930176
0.04187055
0.041837106
0.041933417
0.041902632
0.042958758
0.039312949
0.040683632
0.040718411
0.045885031
0.045310923
0.045290522
0.045348978
0.045330379
0.045902463
0.043872896
0.044660483
0.044681853
0.047448857
0.047158705
0.047146524
0.047181302
0.047170343
0.047459436
0.046395192
0.046816208
0.046829087
0.048218761
0.048086395
0.048078103
0.048101711
0.048094274
0.04822596
0.047705057
0.047920589
0.047928704
0.048479488
0.048458623
0.04845318
0.048468508
0.048463708
0.048483803
0.048329438
0.048410615
0.048416165
0.048189189
0.04832037
0.048317362
0.048324483
0.048321774
0.048191117
0.048469399
0.04841616
0.048418804
0.046707272
0.046694406
0.046695363
0.046692514
0.046693448
0.046706339
0.04667082
0.046681464
0.046680562
0.046782215
0.046759805
0.046760565
0.04675622
0.046759016
0.046781516
0.04672026
0.046737014
0.046736138
0.046915827
0.046873736
0.046874093
0.046873048
0.046873387
0.046915602
0.046806366
0.0468365
0.046836068
0.047155599
0.047086018
0.047085817
0.047086439
0.047086229
0.047155864
0.046963395
0.047020188
0.047020307
0.047343868
0.047321985
0.047321615
0.047322673
0.047322338
0.0473442
0.047222429
0.047279783
0.047280097
0.047053142
0.047204874
0.047205201
0.047203945
0.047204463
0.0470522
0.047338358
0.047296074
0.047295878
0.045173906
0.045947113
0.04595431
0.045931699
0.0459396
0.045161964
0.046820745
0.046468995
0.046464515
0.037366821
0.040360598
0.040406013
0.040266224
0.040313911
0.037297325
0.044056826
0.042497669
0.042466849
0.014810533
0.02165836
0.021830948
0.021310784
0.021484329
0.014609901
0.033197386
0.027878078
0.027736074
0.0026885895
0.0028727745
0.0028759754
0.0028673706
0.0028699277
0.0026891418
0.0082618422
0.0042241368
0.0041678121
0.0048626643
0.0031285967
0.0031043054
0.0031762021
0.0031525494
0.0049054773
0.0030995993
0.0028537825
0.0028551499
0.018362945
0.014683388
0.014611829
0.01482048
0.014753047
0.018431133
0.0076371447
0.011026073
0.011090988
0.029976516
0.027540949
0.027481519
0.027645321
0.027594635
0.030029102
0.021844636
0.024899896
0.024955192
0.037907455
0.036207099
0.036163769
0.036289099
0.036248874
0.037945113
0.03226144
0.034337969
0.034382727
0.043037192
0.041991517
0.041963029
0.042045109
0.042018871
0.043061093
0.039458116
0.040814544
0.040844168
0.045950236
0.045383723
0.045366732
0.045415539
0.045399977
0.045964728
0.043963009
0.044740131
0.044757732
0.047487992
0.0472016
0.047191723
0.047220046
0.047211078
0.047496494
0.046449806
0.046864198
0.046874818
0.048245188
0.048115314
0.048108731
0.048127403
0.048121552
0.048250904
0.047738986
0.047950466
0.047957
0.048495138
0.048477182
0.048472978
0.048484738
0.048481083
0.048498345
0.048352338
0.04843088
0.048435196
0.048195196
0.048327645
0.048325581
0.048330104
0.04832832
0.048196439
0.048480816
0.048424914
0.048426647
0.04670365
0.046690643
0.046691573
0.046688797
0.04668971
0.046702753
0.046666881
0.046677628
0.046676752
0.046779532
0.046754802
0.046755526
0.046753315
0.046754141
0.04677882
0.046716866
0.046733708
0.046732915
0.046914972
0.046872393
0.046872717
0.046871755
0.046872073
0.046914773
0.046804173
0.046834801
0.046834392
0.047156641
0.047086857
0.047086652
0.047087247
0.047087057
0.047156882
0.046963248
0.047020666
0.047020782
0.047344972
0.047323273
0.047322986
0.047323754
0.047323529
0.047345144
0.047223498
0.047280944
0.047281185
0.047048525
0.047202604
0.047203325
0.04720087
0.047201788
0.047047025
0.047338544
0.047294842
0.047294351
0.045123199
0.045914875
0.045923453
0.045896771
0.045905975
0.045109415
0.046810503
0.046449594
0.046444142
0.037078759
0.04016759
0.040217321
0.040065447
0.040116961
0.037003479
0.043973478
0.042370111
0.042336502
0.014019398
0.020962945
0.021137029
0.020615249
0.020789506
0.013827901
0.032767377
0.02730801
0.027165346
0.0026906884
0.0028630587
0.0028650989
0.0028596442
0.0028612565
0.0026912079
0.0076553957
0.0040220819
0.0039799214
0.0050289328
0.0032226902
0.003199577
0.0032682085
0.003245567
0.0050686191
0.003082033
0.0028606069
0.0028628493
0.018622977
0.014949686
0.014885957
0.015072043
0.015011609
0.018682964
0.0078541408
0.011276126
0.011334927
0.03017224
0.027744097
0.027696009
0.027835393
0.027790119
0.030217455
0.022077056
0.025111779
0.025160523
0.038049854
0.036365
0.03632785
0.036435582
0.036400934
0.038082211
0.032443178
0.034508117
0.034547022
0.043126925
0.042094545
0.042070326
0.042140186
0.04211781
0.043147076
0.039582554
0.04092633
0.040951693
0.046004438
0.045444709
0.04543043
0.045471404
0.045458348
0.046016468
0.044038123
0.044805857
0.044820422
0.047519251
0.047236749
0.047228634
0.047251859
0.047244525
0.047526062
0.046494805
0.046903653
0.046912351
0.048266126
0.048138163
0.048132959
0.048147719
0.048143098
0.048270609
0.047766191
0.047974604
0.047979854
0.048506578
0.048491258
0.048488113
0.048496817
0.048494144
0.048508836
0.04837028
0.048446508
0.048449776
0.04819862
0.048331713
0.04833049
0.048332754
0.048331757
0.048199254
0.048488534
0.048430272
0.048431218
0.046700125
0.04668697
0.046687879
0.04668516
0.046686055
0.046699245
0.046663028
0.046673876
0.046673018
0.046774587
0.046751756
0.046752508
0.046750413
0.046751045
0.046773962
0.046713619
0.046730662
0.046729922
0.046914183
0.046871124
0.04687144
0.046870483
0.046870804
0.046913985
0.0467995
0.046833137
0.046832706
0.047157514
0.047087595
0.04708743
0.047087884
0.04708775
0.047157689
0.04696311
0.047021088
0.047021172
0.047345364
0.047324092
0.047323941
0.047324271
0.047324201
0.047345332
0.047224308
0.047281739
0.047281865
0.047041718
0.047198745
0.047199855
0.047196216
0.04719753
0.047039697
0.047337751
0.047292422
0.047291623
0.045065703
0.045877519
0.045887268
0.045857163
0.045867464
0.045050388
0.046797259
0.046426424
0.046420068
0.036772432
0.039959991
0.040013085
0.039852088
0.039906306
0.036694155
0.043881896
0.042232135
0.042196316
0.01326943
0.020269891
0.020442391
0.01992715
0.020098206
0.013090104
0.032331969
0.026737775
0.026595574
0.002692932
0.0028569838
0.0028582324
0.0028549618
0.0028559012
0.0026935577
0.0071488431
0.0038695817
0.0038372675
0.0051839075
0.0033128213
0.0032906248
0.0033565839
0.0033348124
0.005221159
0.0030759462
0.0028706998
0.0028736614
0.018852079
0.015188454
0.015130946
0.015299806
0.015244815
0.018905587
0.0080538236
0.011503919
0.011557858
0.030341646
0.027920155
0.027878395
0.028000593
0.027961094
0.030380178
0.022280339
0.025295679
0.025338152
0.038172448
0.036500573
0.036468664
0.036561103
0.036531272
0.038200355
0.03260118
0.034654552
0.034687978
0.043202662
0.042182245
0.042161645
0.042220996
0.042202001
0.043219678
0.039689765
0.041022223
0.041044017
0.04604937
0.045495813
0.045483867
0.045518136
0.045507211
0.046059355
0.044100685
0.04486036
0.044872527
0.047544634
0.047265492
0.047258874
0.04727781
0.047271825
0.047550269
0.046532025
0.046935965
0.046943077
0.048282436
0.048156194
0.048152094
0.048163659
0.048160056
0.048285863
0.047788499
0.047993841
0.047998056
0.048514425
0.048501485
0.048499251
0.048505328
0.048503499
0.048515877
0.048383951
0.048458169
0.04846053
0.048199796
0.048333082
0.048332546
0.048332973
0.048332624
0.048199898
0.048493119
0.048432734
0.048433014
0.04669666
0.046683358
0.046684254
0.046681566
0.046682453
0.04669579
0.046659234
0.046670177
0.04666933
0.046774151
0.046749255
0.046749806
0.046750031
0.046750774
0.046773545
0.046710406
0.046727777
0.046727124
0.046913362
0.046869826
0.046870156
0.046869151
0.046869492
0.046913141
0.046797778
0.046831377
0.046830925
0.04715809
0.047088105
0.047088006
0.047088252
0.047088191
0.04715818
0.046962869
0.047021343
0.047021372
0.047344907
0.047324277
0.047324295
0.047324105
0.047324213
0.047344654
0.047224744
0.047282045
0.047282038
0.047032868
0.047193289
0.047194802
0.047189973
0.047191679
0.047030352
0.0473359
0.047288764
0.04728766
0.04500258
0.045835851
0.045846617
0.045813701
0.045824872
0.044986099
0.046781325
0.046399799
0.046392674
0.036456877
0.03974238
0.039797449
0.039631258
0.039686992
0.036377167
0.043784332
0.042086314
0.042048929
0.012572889
0.0195881
0.019757175
0.019253523
0.01942025
0.012407864
0.031894637
0.026170759
0.026029858
0.0026956125
0.0028534868
0.0028541617
0.0028524828
0.0028529298
0.0026963497
0.006726512
0.0037520028
0.0037268154
0.005329696
0.0033995253
0.003378161
0.0034416644
0.0034206962
0.0053648211
0.0030742972
0.0028834629
0.0028870123
0.019057657
0.015406087
0.015353483
0.015507706
0.015457421
0.019105912
0.0082394506
0.011713452
0.011763324
0.030488978
0.028076175
0.028039057
0.028148169
0.028112791
0.030523961
0.022463878
0.025459892
0.025498419
0.038278514
0.036617727
0.036589832
0.036670686
0.036644748
0.038302828
0.032741753
0.03478234
0.034811854
0.043266671
0.042256728
0.042239219
0.042289667
0.042273536
0.043281072
0.039782494
0.041104804
0.041123621
0.046086691
0.045538548
0.045528559
0.045557205
0.045548076
0.046094998
0.044153064
0.044906028
0.04491627
0.047565552
0.047288964
0.047283553
0.047299026
0.047294129
0.047570179
0.0465629
0.046962347
0.046968129
0.048294733
0.048170207
0.048167048
0.048175916
0.048173167
0.048297267
0.04780665
0.048009409
0.048012782
0.04851922
0.048508411
0.048506956
0.048510797
0.048509683
0.048519987
0.048393944
0.048466396
0.048467984
0.048199045
0.048332259
0.048332298
0.048331184
0.048331378
0.048198698
0.048495061
0.048432764
0.048432489
0.046693224
0.046679775
0.046680667
0.046677988
0.046678872
0.046692361
0.046655471
0.046666505
0.046665662
0.046771605
0.04674861
0.046749264
0.046747221
0.046747915
0.046770939
0.046707328
0.046727007
0.04672622
0.046912423
0.046868449
0.046868805
0.046867715
0.046868087
0.046912165
0.046795857
0.046829551
0.046829083
0.047158306
0.047088318
0.047088298
0.047088299
0.047088323
0.0471583
0.046962446
0.047021357
0.047021317
0.047343563
0.047323752
0.047323951
0.047323219
0.047323508
0.047343091
0.047224746
0.047281807
0.04728166
0.047022117
0.047186278
0.047188172
0.047182222
0.047184294
0.047019146
0.047332997
0.047283908
0.04728252
0.044935305
0.045790819
0.045802343
0.045767302
0.045779132
0.044917986
0.046763059
0.046370349
0.046362618
0.036136954
0.039519074
0.039575279
0.039406254
0.039462748
0.036056702
0.043682419
0.041935066
0.041896642
0.01193476
0.018924148
0.019088169
0.018600548
0.018761586
0.011784554
0.031457831
0.025609781
0.025470723
0.0026987299
0.002851889
0.0028521371
0.0028516292
0.002851727
0.002699574
0.0063731542
0.0036599567
0.0036402274
0.0054671486
0.0034830029
0.0034624373
0.0035235261
0.0035033698
0.0055002534
0.0030764013
0.002898412
0.0029024372
0.019243637
0.015604701
0.01555672
0.015697184
0.015651438
0.019287256
0.0084127374
0.01190718
0.011953229
0.030621061
0.028216461
0.028182994
0.028281267
0.028249206
0.030651835
0.022628501
0.025608021
0.025642715
0.038370972
0.036720244
0.036695864
0.03676658
0.036743816
0.038392198
0.032862482
0.034895637
0.034921446
0.043320838
0.042320017
0.042305162
0.042347973
0.042334298
0.043333031
0.03986299
0.04117609
0.041192329
0.046117741
0.045574255
0.045565918
0.045589851
0.045582224
0.046124655
0.044197206
0.044944513
0.044953168
0.047582698
0.047308151
0.047303714
0.047316383
0.047312375
0.047586445
0.046588496
0.046983744
0.046988415
0.048303752
0.048180847
0.048178479
0.048185067
0.048183044
0.048305571
0.047821165
0.048021717
0.048024326
0.048521436
0.048512548
0.048511745
0.048513725
0.048513202
0.048521632
0.048400853
0.048471747
0.048472701
0.048196678
0.048329602
0.048330121
0.048327724
0.048328371
0.048195955
0.048494785
0.048430772
0.048430038
0.0466898
0.046676196
0.046677087
0.0466744
0.046675285
0.046688979
0.046651713
0.046662834
0.046661989
0.046768925
0.046745812
0.046746507
0.046744362
0.046745093
0.046768247
0.046705981
0.046723909
0.046723165
0.046911322
0.046866945
0.046867335
0.046866139
0.046866548
0.046911019
0.046793826
0.046827642
0.046827148
0.047158128
0.047088194
0.047088261
0.047088001
0.047088112
0.04715802
0.046961798
0.047021083
0.047020968
0.04734137
0.047322512
0.047322887
0.047321638
0.047322096
0.0473407
0.047224281
0.047281006
0.04728072
0.047009595
0.047177832
0.047180068
0.047173137
0.047175522
0.047006208
0.047329132
0.047277974
0.047276341
0.044865079
0.045743238
0.045755332
0.045718698
0.045731023
0.044847168
0.046742733
0.04633868
0.04633047
0.035815722
0.039292966
0.039349677
0.039179352
0.039236211
0.0357354
0.04357744
0.041780135
0.041740883
0.011355822
0.018283244
0.018441082
0.017972706
0.018127094
0.011220005
0.031023354
0.025056872
0.024920158
0.0027022648
0.0028516723
0.0028516129
0.0028519968
0.0028518077
0.0027032114
0.006076429
0.0035876652
0.0035721089
0.005596597
0.0035632253
0.0035434779
0.0036021313
0.0035827767
0.0056277542
0.0030816888
0.0029151051
0.0029195086
0.01941164
0.015785376
0.015741744
0.015869637
0.015827927
0.019451055
0.0085740906
0.012085952
0.01212846
0.030740796
0.028343966
0.02831296
0.028402837
0.02837383
0.030768971
0.022776087
0.025741128
0.02577226
0.038451816
0.036810271
0.036788751
0.03685131
0.036831106
0.038470423
0.032971136
0.034995825
0.035018622
0.043366723
0.042373735
0.04236114
0.042397494
0.042385884
0.043377086
0.039932935
0.041237588
0.041251602
0.046143585
0.045604109
0.045597131
0.045617167
0.045610785
0.046149331
0.044234628
0.044977039
0.044984384
0.047596489
0.047323825
0.047320209
0.047330503
0.047327255
0.04759949
0.046609538
0.047001135
0.047004974
0.048310092
0.048188641
0.048186932
0.048191632
0.048190208
0.048311313
0.047832751
0.048031131
0.048033086
0.048521516
0.048514386
0.048514116
0.048514582
0.048514538
0.048521243
0.048405289
0.048474749
0.048475189
0.048192969
0.048325432
0.048326345
0.048322907
0.048323921
0.048191937
0.048492676
0.048427119
0.048426013
0.046686501
0.046672599
0.046673487
0.046670829
0.04667168
0.046685708
0.046647937
0.046659142
0.046658286
0.046766191
0.046742886
0.046743628
0.046741384
0.046742138
0.0467655
0.046702564
0.046720899
0.046720125
0.046910038
0.046865296
0.046865723
0.046864414
0.04686486
0.046909687
0.046791678
0.046825624
0.046825102
0.047157545
0.047087721
0.047087876
0.047087358
0.047087554
0.047157339
0.046960909
0.047020507
0.047020317
0.047338424
0.047320608
0.047321143
0.047319432
0.047320039
0.047337582
0.047223349
0.047279661
0.047279245
0.046995498
0.047168169
0.047170688
0.047162952
0.047165593
0.046991757
0.047324447
0.047271127
0.04726929
0.044792727
0.045693742
0.045706268
0.045668413
0.045681121
0.044774366
0.046720626
0.04630523
0.046296623
0.035494749
0.039065559
0.039122491
0.038951732
0.039008663
0.035414723
0.043470246
0.041622156
0.041582337
0.010833304
0.017669499
0.017820156
0.017374122
0.017520814
0.010711185
0.030592914
0.024514446
0.024380856
0.0027062095
0.0028525461
0.0028522493
0.002853284
0.0028528966
0.0027072561
0.0058251652
0.0035308062
0.0035186835
0.0057186005
0.003640295
0.0036213058
0.0036777774
0.0036591233
0.005748065
0.0030896917
0.0029331911
0.0029379015
0.019563951
0.015950404
0.015910397
0.016028078
0.015989584
0.019599983
0.0087246088
0.012251346
0.012290866
0.030849852
0.02845838
0.028430955
0.028512022
0.028485516
0.030875501
0.022909436
0.02586131
0.025889785
0.038522519
0.03688974
0.036870835
0.036925947
0.036908122
0.038538819
0.033069693
0.035083387
0.035104134
0.043405799
0.04241946
0.042408731
0.042439843
0.042429883
0.04341468
0.039993842
0.041290674
0.041302822
0.046165095
0.045629127
0.04562328
0.045640114
0.045634741
0.046169898
0.044266577
0.045004753
0.045011048
0.047607595
0.047336508
0.047333584
0.047341926
0.047339284
0.047610026
0.046626808
0.047015408
0.04701856
0.048314213
0.04819409
0.048192926
0.048196066
0.048195137
0.04831495
0.047841894
0.048038115
0.048039536
0.048519854
0.048514359
0.048514521
0.048513758
0.048514105
0.048519202
0.048407751
0.048475852
0.048475878
0.048188158
0.04832005
0.048321281
0.048317007
0.048318317
0.048186874
0.048489073
0.048422122
0.048420717
0.04668446
0.046669054
0.046669943
0.046667246
0.046668141
0.046683536
0.046644128
0.046655409
0.046654546
0.046763401
0.046739861
0.046740625
0.046738317
0.046739092
0.046762691
0.04669932
0.046717751
0.046716945
0.046908563
0.046863493
0.046863959
0.046862533
0.046863018
0.046908165
0.046789399
0.046823489
0.046822935
0.047156575
0.047086914
0.04708715
0.047086393
0.047086667
0.047156277
0.046959784
0.047019638
0.047019377
0.047334826
0.047318118
0.047318793
0.047316671
0.047317412
0.047333833
0.047221984
0.047277816
0.047277283
0.046980077
0.047157509
0.047160261
0.047151857
0.047154712
0.046976042
0.047319066
0.047263504
0.047261488
0.0447187
0.045642749
0.045655622
0.045616784
0.045629803
0.044699968
0.04669702
0.046270281
0.046261338
0.035175527
0.038838015
0.038894873
0.038724529
0.038781257
0.035096166
0.043361148
0.041462428
0.041422393
0.010364167
0.01708695
0.017229506
0.016808214
0.016946534
0.010254733
0.030168304
0.023985694
0.023855956
0.00271055
0.002854182
0.0028537177
0.0028552136
0.0028546853
0.0027116972
0.0056115599
0.0034867381
0.0034774535
0.0058342698
0.0037146331
0.003696288
0.0037508966
0.0037328457
0.0058623139
0.0031000295
0.0029524251
0.002957391
0.019703859
0.01610296
0.01606584
0.016175213
0.016139391
0.01973718
0.0088660956
0.012405547
0.012442537
0.03094949
0.028564297
0.028538381
0.028614697
0.02858973
0.030973231
0.023031942
0.025971959
0.025998354
0.038585123
0.036960328
0.036943459
0.036993066
0.036976957
0.03859973
0.033159564
0.035163482
0.035182401
0.043439477
0.04245886
0.042449566
0.04247669
0.042467974
0.04344722
0.040047433
0.041336918
0.041347594
0.046183106
0.045650246
0.045645289
0.045659623
0.045655035
0.046187147
0.044294336
0.045028605
0.045034071
0.047616601
0.047346829
0.047344434
0.047351279
0.047349102
0.047618571
0.046641092
0.047027166
0.047029778
0.048316549
0.048197605
0.048196888
0.048198749
0.048198225
0.048316896
0.047849002
0.048043117
0.048044101
0.04851678
0.048512813
0.048513329
0.048511554
0.048512223
0.048515817
0.048408607
0.048475413
0.048475096
0.048182454
0.0483137
0.048315186
0.048310248
0.048311793
0.048180971
0.048484252
0.048416047
0.048414403
0.046680762
0.046665424
0.046666324
0.046664874
0.046664552
0.046679813
0.046640263
0.04665164
0.046650793
0.046760525
0.046736752
0.046737538
0.046735162
0.04673596
0.04675979
0.046695941
0.046714482
0.046713649
0.0469069
0.046861533
0.046862038
0.046860492
0.046861017
0.046906456
0.046786983
0.046821225
0.046820638
0.047155251
0.0470858
0.047086109
0.047085138
0.047085481
0.047154869
0.046958433
0.047018496
0.047018172
0.047330642
0.047315099
0.047315902
0.047313403
0.047314268
0.04732951
0.047220226
0.047275515
0.047274873
0.046963558
0.047146008
0.04714896
0.047139976
0.047143018
0.046959279
0.047313058
0.047255184
0.047253003
0.044643331
0.045590554
0.045603701
0.045564102
0.045577356
0.044624333
0.046672193
0.046234084
0.046224875
0.034859407
0.038611316
0.038667901
0.038498463
0.038554852
0.034780977
0.04325092
0.041302487
0.041262614
0.0099439429
0.016538007
0.016672061
0.016276317
0.016406117
0.009845965
0.029751219
0.023473041
0.023347545
0.0027152953
0.0028563556
0.0028557739
0.0028575859
0.0028569634
0.0027165427
0.0054289423
0.003453317
0.0034464347
0.0059445045
0.0037865805
0.0037688194
0.0038216803
0.0038042121
0.005971261
0.0031124235
0.0029726002
0.0029777663
0.019833512
0.016244984
0.016210387
0.016312381
0.016278957
0.019864485
0.0089999017
0.012550007
0.012584682
0.031041866
0.028663395
0.028639318
0.028710827
0.028687284
0.031063972
0.023145617
0.02607487
0.026099599
0.038641275
0.037024255
0.037008907
0.037054222
0.037039465
0.038654539
0.03324263
0.03523613
0.035253482
0.043469056
0.042493503
0.04248528
0.042509436
0.042501638
0.043475949
0.040095371
0.041377841
0.041387413
0.046198314
0.045668332
0.04566407
0.045676443
0.045672472
0.046201752
0.044318913
0.045049425
0.045054239
0.047623898
0.047355325
0.047353343
0.047359009
0.047357202
0.047625492
0.046653076
0.04703694
0.047039122
0.048317432
0.048199536
0.048199186
0.048199999
0.048199808
0.048317456
0.047854432
0.048046486
0.048047106
0.048512546
0.048510006
0.048510817
0.048508191
0.048509133
0.048511326
0.048408129
0.048473689
0.048473083
0.048176045
0.048306589
0.048308276
0.048302817
0.048304548
0.048174405
0.04847843
0.048409111
0.048407279
0.046677156
0.046662928
0.046663909
0.046660956
0.046661937
0.04667623
0.046636336
0.046647886
0.046646987
0.046757544
0.046733545
0.046734357
0.046731899
0.046732725
0.046756782
0.046692425
0.046711106
0.046710248
0.046905052
0.046859411
0.046859956
0.046858288
0.046858854
0.046904561
0.046784424
0.046818821
0.046818197
0.047153605
0.047084411
0.047084786
0.047083621
0.047084027
0.047153148
0.046956868
0.047017107
0.047016723
0.047325913
0.04731159
0.047312513
0.047309664
0.047310642
0.047324652
0.047218106
0.047272789
0.047272045
0.046946129
0.047133773
0.047136899
0.047127417
0.047130617
0.046941652
0.047306475
0.047246233
0.047243909
0.044567089
0.045537473
0.045550811
0.04551071
0.04552411
0.044547949
0.04664643
0.046196941
0.046187546
0.034547258
0.038386051
0.038442208
0.038274135
0.038330034
0.034469901
0.043140709
0.041143335
0.041103706
0.009567637
0.016023078
0.016148656
0.015778214
0.015899603
0.0094798424
0.029342585
0.022977671
0.022856628
0.0027204341
0.0028588866
0.0028582332
0.0028602466
0.0028595672
0.0027217755
0.0052719574
0.0034291109
0.0034243901
0.0060496497
0.0038561856
0.0038390154
0.0038900904
0.00387322
0.0060751529
0.0031266675
0.0029934884
0.0029987986
0.019954134
0.016377478
0.016345194
0.016440341
0.016409163
0.019982955
0.0091264781
0.012685367
0.012717834
0.03112851
0.028756573
0.02873392
0.028800652
0.028778789
0.031149108
0.023251699
0.026171296
0.026194373
0.038692652
0.037083114
0.037068892
0.03711103
0.037097222
0.038704882
0.033320152
0.035303537
0.035319635
0.043495562
0.042524599
0.042517174
0.042539062
0.042531978
0.043501799
0.040139063
0.041414708
0.041423408
0.046211305
0.045684016
0.045680308
0.0456911
0.045687631
0.046214261
0.044341036
0.045067832
0.045072111
0.047629784
0.04736236
0.047360715
0.047365405
0.047363909
0.047631058
0.04666327
0.047045116
0.047046943
0.0483171
0.048200168
0.04820012
0.048200069
0.048200152
0.048316852
0.047858457
0.048048494
0.04804881
0.048507345
0.048506133
0.048507194
0.048503852
0.048505022
0.04850591
0.048406534
0.04847088
0.048470031
0.04816909
0.048298885
0.04830073
0.048294866
0.048296742
0.048167331
0.048471782
0.048401494
0.048399513
0.046673448
0.046658967
0.046659961
0.046656964
0.046657961
0.046672499
0.046632355
0.046643995
0.04664307
0.046754451
0.046730224
0.046731065
0.046728518
0.046729374
0.046753659
0.046688789
0.046707628
0.046706743
0.046903022
0.046857123
0.04685771
0.046855916
0.046856524
0.046902486
0.046781712
0.046816267
0.046815604
0.047151667
0.047082771
0.047083206
0.047081863
0.047082326
0.04715114
0.046955102
0.047015488
0.04701505
0.047320694
0.047307633
0.047308663
0.047305505
0.047306582
0.047319322
0.047215654
0.047269671
0.047268836
0.046927976
0.047120924
0.04712419
0.047114315
0.047117637
0.046923348
0.0472994
0.047236753
0.047234316
0.044490429
0.045483851
0.045497296
0.045456929
0.045470402
0.044471238
0.046620013
0.046159169
0.046149662
0.034239539
0.038162751
0.038218376
0.038051925
0.038107265
0.034163336
0.043030679
0.04098523
0.040945882
0.0092304815
0.015541653
0.015658888
0.01531331
0.015426444
0.0091517568
0.028942904
0.022500399
0.022384037
0.0027259357
0.0028616584
0.0028609549
0.0028631107
0.0028623898
0.0027273619
0.0051364811
0.003413303
0.0034106001
0.0061498419
0.0039233998
0.0039068253
0.0039561317
0.0039398427
0.0061741467
0.0031425706
0.0030148863
0.0030203005
0.020066302
0.016501031
0.016470932
0.016559622
0.016530564
0.020093078
0.0092460814
0.012812105
0.012842513
0.031209091
0.028842996
0.028822048
0.028883388
0.028863388
0.031228062
0.023350382
0.026260917
0.026282206
0.038740225
0.03713798
0.037124705
0.037163744
0.03715106
0.038751554
0.033391984
0.035366243
0.035380991
0.043519606
0.04255286
0.042546106
0.042566009
0.042559572
0.043525276
0.04017924
0.04144826
0.041456147
0.046222506
0.045697735
0.045694485
0.04570396
0.04570091
0.046225067
0.044361098
0.045084225
0.045088047
0.047634451
0.047368162
0.047366807
0.047370647
0.047369425
0.047635441
0.046672009
0.047051956
0.04705348
0.048315753
0.048199728
0.048199928
0.04819917
0.048199476
0.048315281
0.047861281
0.048049371
0.048049436
0.048501337
0.048501368
0.048502638
0.048498704
0.048500062
0.048499725
0.048404018
0.048467171
0.048466126
0.048161731
0.048290724
0.04829269
0.048286517
0.048288505
0.048159887
0.048464452
0.048393337
0.048391236
0.046669644
0.046654942
0.046655951
0.046652904
0.046653917
0.046668673
0.046628309
0.04664001
0.04663906
0.046751238
0.046726781
0.046727653
0.046725015
0.046725901
0.046750416
0.046685047
0.046704042
0.046703129
0.046900812
0.046854665
0.046855295
0.046853372
0.046854022
0.046900232
0.04677884
0.046813555
0.046812852
0.047149462
0.0470809
0.04708139
0.047079883
0.047080399
0.047148873
0.046953142
0.047013656
0.047013167
0.047315065
0.047303288
0.047304408
0.047300991
0.04730215
0.047313604
0.047212903
0.047266207
0.047265294
0.046909294
0.047107607
0.047110976
0.047100819
0.047104226
0.046904565
0.047291936
0.04722687
0.04722435
0.044413653
0.045429968
0.045443457
0.04540299
0.045416485
0.044394464
0.046593184
0.046121035
0.04611147
0.033936547
0.037941674
0.037996722
0.037832011
0.03788676
0.033861568
0.042920977
0.040828274
0.040789218
0.0089282118
0.015093079
0.015202179
0.014880813
0.014985961
0.0088576515
0.028552726
0.022042192
0.021930712
0.0027317669
0.0028645942
0.0028638607
0.0028660317
0.0028653555
0.0027332719
0.0050192964
0.0034044449
0.0034028743
0.0062453989
0.0039883152
0.0039722959
0.0040199828
0.0040042169
0.0062686226
0.0031599379
0.0030366633
0.0030421597
0.020170426
0.016616211
0.016588143
0.016670904
0.016643762
0.020195284
0.0093592297
0.012930939
0.012959513
0.031282361
0.028921903
0.028902841
0.028958957
0.028940589
0.031299699
0.02344174
0.026343425
0.026363043
0.038783947
0.037188457
0.037176255
0.037212281
0.037200493
0.038794335
0.033457058
0.035423275
0.035436833
0.043541457
0.042578545
0.042572405
0.042590532
0.042584654
0.043546618
0.040215831
0.041478594
0.041485747
0.046232232
0.045709815
0.045706944
0.045715339
0.045712626
0.046234468
0.044379324
0.045098899
0.04510234
0.047638022
0.04737287
0.047371776
0.047374842
0.047373872
0.047638751
0.046679524
0.047057648
0.047058908
0.048313585
0.048198419
0.048198818
0.048197495
0.048197978
0.048312937
0.047863056
0.04804931
0.048049166
0.048494671
0.04849588
0.048497315
0.048492915
0.048494418
0.048492917
0.048400765
0.048462745
0.048461547
0.04815409
0.048282218
0.048284277
0.048277873
0.048279944
0.048152187
0.048456574
0.048384752
0.04838256
0.046665741
0.046650847
0.046651872
0.046648782
0.046649801
0.046664749
0.046624189
0.046635934
0.046634957
0.046747901
0.046723219
0.04672412
0.046721394
0.046722309
0.046747047
0.046681206
0.046700343
0.046699405
0.046898426
0.046852035
0.046852707
0.046850655
0.046851348
0.046897802
0.046775804
0.046810681
0.046809937
0.047147021
0.047078817
0.047079356
0.047077703
0.047078265
0.047146378
0.046950995
0.047011626
0.04701109
0.047309108
0.047298623
0.047299817
0.047296189
0.047297414
0.047307576
0.047209894
0.047262453
0.047261475
0.04689027
0.047093963
0.047097402
0.047087051
0.047090517
0.046885479
0.047284174
0.047216689
0.047214106
0.044336919
0.04537601
0.045389504
0.04534904
0.045362527
0.044317746
0.046566138
0.046082734
0.046073151
0.033638549
0.037722951
0.037777395
0.037614512
0.037668641
0.033564858
0.042811707
0.040672502
0.040633749
0.0086569606
0.014676308
0.014777604
0.014479324
0.014576886
0.0085935367
0.028172603
0.021603722
0.021497209
0.0027379109
0.0028667996
0.0028665364
0.002866824
0.0028669192
0.0027394925
0.0049176515
0.0033994839
0.0033987416
0.0063368291
0.0040511651
0.0040356368
0.0040818871
0.0040665872
0.0063590951
0.0031786072
0.0030587437
0.0030643039
0.020267207
0.016723791
0.016697538
0.016774993
0.016749572
0.020290375
0.0094666285
0.013042768
0.013069716
0.031349543
0.028994481
0.028976918
0.029028383
0.029011575
0.031365383
0.023526271
0.026419455
0.026437497
0.038824454
0.037235329
0.037223897
0.037257586
0.037246562
0.038834075
0.033516633
0.035475889
0.035488484
0.043561435
0.042602046
0.042596391
0.042613157
0.042607689
0.043566192
0.040249498
0.041506282
0.041512892
0.046240761
0.045720576
0.045718
0.045725562
0.045723104
0.046242737
0.044396005
0.045112175
0.045115313
0.04764059
0.047376573
0.047375722
0.047378071
0.047377335
0.047641083
0.046686008
0.047062339
0.047063368
0.048310776
0.048196418
0.048196975
0.048195204
0.048195828
0.048309993
0.047863899
0.048048466
0.048048147
0.048487486
0.048489827
0.04849139
0.048486633
0.048488247
0.048485623
0.048396943
0.048457764
0.04845645
0.048146256
0.048273457
0.048275587
0.048269011
0.048271146
0.048144312
0.04844827
0.04837584
0.048373578
0.046660545
0.046646578
0.046647688
0.046644436
0.046645505
0.046659539
0.046619989
0.046631775
0.046630779
0.046744437
0.046719539
0.046720468
0.046717658
0.046718601
0.046743551
0.046677247
0.046696532
0.046695565
0.046895868
0.046849233
0.046849947
0.04684777
0.046848505
0.046895202
0.046772606
0.046807646
0.046806862
0.047144376
0.047076544
0.047077128
0.047075342
0.047075947
0.047143686
0.046948671
0.047009415
0.047008835
0.047302888
0.047293696
0.04729495
0.047291147
0.047292428
0.047301297
0.047206665
0.047258457
0.047257424
0.046871044
0.047080091
0.04708358
0.047073085
0.047076595
0.046866218
0.04727617
0.047206274
0.047203639
0.044260329
0.045322093
0.045335567
0.045295177
0.045308633
0.044241223
0.046539008
0.046044403
0.046034828
0.033345799
0.037506718
0.037560521
0.0373996
0.03745306
0.033273456
0.042702919
0.040517967
0.04047953
0.0084130395
0.014289651
0.014383586
0.014106921
0.014197432
0.008355933
0.027802948
0.021185078
0.02108348
0.0027443578
0.0028662082
0.0028666104
0.002865055
0.0028657127
0.0027460133
0.0048292991
0.003397622
0.003397563
0.006424574
0.0041121459
0.0040970755
0.00414194
0.0041271006
0.0064459561
0.0031984536
0.0030810409
0.0030866396
0.020357382
0.016824509
0.016799932
0.016872354
0.016848593
0.020378927
0.0095688192
0.013148257
0.01317367
0.031411101
0.029060868
0.029044794
0.02909199
0.029076597
0.031425672
0.023604385
0.026489405
0.026506063
0.038862086
0.037279129
0.037268425
0.03730019
0.037289734
0.038871122
0.03357141
0.035524844
0.035536633
0.043579955
0.042623929
0.042618619
0.042634392
0.042629228
0.043584397
0.040280923
0.041532085
0.041538299
0.046248341
0.045730328
0.045727974
0.045734895
0.045732635
0.046250109
0.044411443
0.045124343
0.045127236
0.047642239
0.047379345
0.047378721
0.047380402
0.047379885
0.047642513
0.046691622
0.047066143
0.047066964
0.048307474
0.048193868
0.048194552
0.048192421
0.048193159
0.048306585
0.047863899
0.04804696
0.04804649
0.048479908
0.048483347
0.048485005
0.048479982
0.048481679
0.048477965
0.048392683
0.048452364
0.048450962
0.048138291
0.048264514
0.048266695
0.048259999
0.048262179
0.048136319
0.04843965
0.048366688
0.048364378
0.046656491
0.046642281
0.046643363
0.04664011
0.046641199
0.046655459
0.046615697
0.046627561
0.046626542
0.046740845
0.046715748
0.046716705
0.046713812
0.046714783
0.046739928
0.046673214
0.046692603
0.04669161
0.046893148
0.046846268
0.046847022
0.046844728
0.0468455
0.046892444
0.046769252
0.046804454
0.046803633
0.04714155
0.047074098
0.047074723
0.047072812
0.047073457
0.047140817
0.046946183
0.047007037
0.047006417
0.047296444
0.047288547
0.047289853
0.047285898
0.047287228
0.047294801
0.047203243
0.047254252
0.047253171
0.046851694
0.047066037
0.047069568
0.047058948
0.047062499
0.046846843
0.047267954
0.047195658
0.047192975
0.044184006
0.045268302
0.045281736
0.045241475
0.045254883
0.04416497
0.046511871
0.046006136
0.045996587
0.033058552
0.037293193
0.037346293
0.037187532
0.037240253
0.032987636
0.042594689
0.04036474
0.040326657
0.0081931589
0.013930914
0.014018087
0.013761375
0.013845354
0.0081416076
0.027444035
0.020785964
0.020689173
0.0027510955
0.0028634486
0.0028643231
0.002861463
0.0028625166
0.0027528217
0.0047523122
0.0033982768
0.0033987662
0.0065087939
0.004171264
0.0041566583
0.0042001144
0.0041857444
0.0065293057
0.0032193626
0.0031034515
0.0031090603
0.020441029
0.016918471
0.016895618
0.016963085
0.016940904
0.020460891
0.0096660337
0.013247691
0.013271723
0.031467883
0.029121779
0.029107048
0.029150148
0.029136152
0.031481385
0.023676357
0.026553808
0.026568935
0.038897497
0.037320633
0.03731053
0.037340311
0.037330578
0.038905998
0.033622571
0.035570895
0.035581875
0.043597276
0.04264454
0.04263953
0.042654365
0.042649509
0.043601429
0.040310474
0.041556319
0.041562122
0.046255148
0.045739278
0.045737105
0.045743485
0.045741395
0.046256741
0.04442581
0.045135581
0.045138256
0.047643033
0.047381248
0.047380837
0.047381891
0.047381582
0.047643102
0.046696475
0.047069144
0.047069775
0.048303784
0.048190871
0.048191659
0.048189228
0.048190062
0.048302811
0.047863123
0.048044876
0.048044272
0.048472043
0.048476549
0.048478278
0.048473056
0.048474814
0.048470041
0.048388081
0.048446643
0.048445172
0.048130239
0.048255451
0.048257666
0.048250896
0.048253105
0.048128246
0.04843081
0.048357378
0.048355039
0.046652289
0.046637913
0.046639018
0.04663572
0.046636814
0.046651163
0.046611321
0.046623265
0.04662222
0.046737128
0.046711849
0.046712834
0.046709857
0.046710858
0.046736183
0.046667749
0.046688552
0.046687527
0.046890279
0.046843151
0.046843941
0.046841539
0.046842347
0.046889539
0.046765752
0.046801116
0.04680026
0.047138553
0.047071485
0.047072151
0.047070117
0.047070803
0.047137778
0.046943541
0.047004501
0.047003843
0.047289802
0.047283202
0.047284556
0.047280461
0.047281836
0.047288113
0.047199638
0.047249859
0.047248733
0.046832253
0.047051821
0.047055391
0.047044657
0.047048244
0.046827381
0.047259546
0.047184857
0.047182131
0.044107996
0.045214703
0.045228082
0.045187993
0.04520134
0.044089053
0.046484764
0.045967994
0.045958483
0.032777124
0.037082647
0.037134977
0.036978562
0.037030489
0.032707703
0.042487142
0.040213004
0.040175323
0.0079944431
0.013598026
0.013678944
0.013440623
0.013518597
0.0079477438
0.027096053
0.020405878
0.020313755
0.0027581063
0.0028591723
0.0028603694
0.0028566395
0.0028579505
0.0027598966
0.0046851408
0.0034009947
0.0034019428
0.0065895893
0.0042284842
0.0042143545
0.004256365
0.0042424798
0.0066092562
0.0032412368
0.0031258654
0.0031314595
0.020518521
0.017006497
0.016984935
0.017048885
0.017027813
0.020537194
0.0097587236
0.013342107
0.013364967
0.031519874
0.029176925
0.029163709
0.029202587
0.029189879
0.031532048
0.023742193
0.026612332
0.026626217
0.038930384
0.037359119
0.037349804
0.037377055
0.037368174
0.038938164
0.033669467
0.03561351
0.035623545
0.043613468
0.042663882
0.04265917
0.042673122
0.042668538
0.043617354
0.040337822
0.041578928
0.041584363
0.046261283
0.045747521
0.045745513
0.045751392
0.045749463
0.046262716
0.044439186
0.045145981
0.045148457
0.047643022
0.047382338
0.047382128
0.047382598
0.047382482
0.047642899
0.046700634
0.047071409
0.047071865
0.048299779
0.048187496
0.048188374
0.048185683
0.048186601
0.048298734
0.047861636
0.048042278
0.048041555
0.04846397
0.048469512
0.048471295
0.048465923
0.048467727
0.048461926
0.048383202
0.04844067
0.048439145
0.048122129
0.048246323
0.048248557
0.048241751
0.048243976
0.048120124
0.048421828
0.048347976
0.048345623
0.04664793
0.046633514
0.046634619
0.046631293
0.046632403
0.046646829
0.046606871
0.046618877
0.046617806
0.046733296
0.046707835
0.046708853
0.046705775
0.046706804
0.046732324
0.046663526
0.046682882
0.04668185
0.046887271
0.046839894
0.046840718
0.046838217
0.046839057
0.046886497
0.046762117
0.046797641
0.046796754
0.047135387
0.047068707
0.047069413
0.047067254
0.047067981
0.047134568
0.046940751
0.047001812
0.047001114
0.047282981
0.047277676
0.047279073
0.047274848
0.047276266
0.047281249
0.047195854
0.047245288
0.047244118
0.04681274
0.04703746
0.047041063
0.047030235
0.047033852
0.046807855
0.047250963
0.047173893
0.047171131
0.044032394
0.045161353
0.045174664
0.045134788
0.04514806
0.044013568
0.046457709
0.045930019
0.045920555
0.032501727
0.036875288
0.036926808
0.036772831
0.036823942
0.032433827
0.042380414
0.04006293
0.040025681
0.0078142667
0.013288948
0.013364086
0.013142801
0.013215203
0.0077719082
0.026759085
0.020044282
0.019956704
0.0027653598
0.0028539214
0.0028553195
0.0028510875
0.0028525272
0.0027672048
0.0046265464
0.003405459
0.0034067899
0.0066669861
0.0042837501
0.0042701127
0.0043106384
0.0042972486
0.0066857971
0.0032639839
0.0031481899
0.0031537489
0.020591617
0.017090142
0.017069596
0.017130149
0.017110248
0.020609302
0.0098469371
0.013431681
0.013453278
0.031567206
0.029227342
0.029215108
0.029251256
0.02923955
0.031578462
0.023803782
0.026666726
0.026679738
0.03896072
0.037394315
0.037385718
0.037410951
0.037402678
0.03896801
0.033712436
0.035652614
0.035661978
0.043628661
0.042682116
0.042677646
0.042690871
0.042686515
0.043632315
0.040363378
0.0416002
0.041605328
0.046266792
0.045755095
0.045753247
0.045758629
0.045756863
0.04626807
0.044451661
0.045155609
0.045157893
0.047642266
0.047382678
0.047382652
0.047382588
0.047382648
0.047641968
0.046704134
0.047072997
0.047073292
0.048295504
0.048183793
0.048184749
0.048181834
0.048182824
0.048294399
0.047859516
0.048039227
0.0480384
0.048455749
0.048462294
0.048464118
0.048458631
0.048460471
0.048453676
0.048378093
0.048434498
0.048432929
0.048113987
0.048237174
0.048239417
0.048232605
0.048234835
0.048111975
0.048412761
0.048338537
0.048336181
0.046643561
0.046629051
0.046630174
0.046626792
0.046627922
0.046642459
0.046602353
0.046614406
0.046613313
0.046729348
0.04670366
0.046704738
0.04669992
0.046700956
0.046728336
0.046659132
0.046678633
0.046677495
0.04688413
0.046836507
0.046837363
0.046834767
0.046835638
0.046883323
0.046758358
0.04679404
0.046793124
0.047132048
0.047065758
0.047066507
0.047064218
0.047064989
0.047131187
0.046937815
0.046998964
0.046998227
0.047275999
0.047271981
0.047273419
0.047269076
0.047270532
0.04727423
0.047191894
0.047240547
0.047239337
0.046793185
0.047022987
0.047026614
0.047015722
0.047019357
0.046788294
0.04724223
0.047162797
0.047160007
0.043957287
0.045108301
0.045121533
0.045081897
0.045095087
0.043938595
0.046430725
0.045892238
0.045882824
0.032232407
0.036671188
0.036721893
0.036570354
0.036620655
0.032166021
0.042274609
0.039914605
0.039877799
0.0076507862
0.013001978
0.013071744
0.012866262
0.012933504
0.0076123319
0.026433096
0.019700642
0.01961745
0.0027728195
0.0028481235
0.0028496269
0.0028450841
0.0028466263
0.0027747126
0.0045756657
0.0034114282
0.0034131205
0.0067409615
0.0043370346
0.0043238896
0.0043629465
0.0043500419
0.0067589266
0.0032875032
0.0031703514
0.0031758603
0.020660785
0.017168836
0.01714964
0.017206136
0.017187624
0.020677364
0.0099305323
0.013516126
0.013536412
0.031611371
0.029274366
0.029262956
0.02929692
0.029285724
0.031622109
0.023861684
0.026717631
0.026729905
0.038989263
0.037427135
0.037419089
0.037442703
0.03743496
0.038996086
0.033752824
0.035689066
0.035697716
0.043642944
0.042699369
0.042695139
0.042707586
0.042703493
0.043646363
0.040387557
0.041620237
0.04162504
0.046271677
0.045761984
0.045760306
0.045765154
0.045763567
0.046272794
0.044463245
0.045164462
0.045166544
0.047640844
0.047382338
0.047382478
0.04738194
0.047382154
0.047640397
0.046706983
0.047073959
0.047074105
0.048291003
0.04817981
0.048180831
0.048177732
0.04817878
0.048289848
0.047856862
0.048035789
0.048034879
0.048447425
0.048454939
0.048456793
0.048451223
0.048453089
0.048445333
0.048372797
0.048428168
0.048426567
0.048105836
0.048228041
0.048230283
0.04822349
0.048225717
0.048103823
0.04840365
0.048329099
0.048326747
0.046639134
0.046624514
0.046625656
0.046622221
0.046623368
0.046638011
0.046597768
0.046609859
0.046608745
0.046725227
0.046697845
0.046698877
0.046695539
0.046696691
0.046722366
0.046654766
0.046674214
0.046673124
0.046880858
0.046832996
0.046833883
0.046831196
0.046832098
0.046880019
0.046754458
0.04679032
0.046789377
0.047128539
0.047062636
0.047063428
0.047061011
0.047061824
0.047127637
0.046934732
0.046995957
0.046995179
0.047268876
0.047266135
0.047267608
0.047263161
0.04726465
0.047267077
0.047187766
0.047235651
0.047234404
0.046773622
0.047008444
0.047012084
0.047001158
0.047004802
0.046768733
0.047233378
0.047151606
0.047148797
0.043882734
0.045055576
0.045068724
0.04502934
0.045042445
0.043864186
0.046403828
0.045854663
0.045845302
0.031969125
0.036470329
0.036520226
0.036371117
0.036420606
0.031904246
0.042169784
0.03976806
0.039731704
0.007502262
0.012735436
0.012800258
0.012609298
0.012671801
0.0074672668
0.026117979
0.01937427
0.019295288
0.0027804672
0.0028419888
0.0028435527
0.0028388627
0.0028404389
0.002782405
0.0045317037
0.0034187288
0.0034207315
0.006811603
0.0043883833
0.004375716
0.0044133534
0.0044009197
0.0068287546
0.0033116277
0.0031922947
0.0031977413
0.020725262
0.017242034
0.017224225
0.017276511
0.017259412
0.020740578
0.010009518
0.01359526
0.013614212
0.031652857
0.029318764
0.029307971
0.029339758
0.029329364
0.031662681
0.023915973
0.026765489
0.026776926
0.039015851
0.037457792
0.037450295
0.037472171
0.03746504
0.03902218
0.033790178
0.035722966
0.035731058
0.04365625
0.042715488
0.042711552
0.042723068
0.042719289
0.043659406
0.040409985
0.041638904
0.04164332
0.046275909
0.045768129
0.04576664
0.04577091
0.045769517
0.046276859
0.044473863
0.045172483
0.04517435
0.047638867
0.047381407
0.047381688
0.047380752
0.047381094
0.0476383
0.04670919
0.047074346
0.047074359
0.048286322
0.048175606
0.048176677
0.048173442
0.048174531
0.048285131
0.047853793
0.04803205
0.048031079
0.048439037
0.048447488
0.048449363
0.04844374
0.04844562
0.048436934
0.048367359
0.048421724
0.048420101
0.048097698
0.048218952
0.048221186
0.048214431
0.048216648
0.04809569
0.04839453
0.048319691
0.04831735
0.046634624
0.04661991
0.046621068
0.046617585
0.046618748
0.046633482
0.046593116
0.04660524
0.046604106
0.046719175
0.046693345
0.046694441
0.046691175
0.046692257
0.046718025
0.04665032
0.046669836
0.046668732
0.046877457
0.046829367
0.046830284
0.046827505
0.04682844
0.046876587
0.046748334
0.046786458
0.046785428
0.047124866
0.047059343
0.047060178
0.047057635
0.04705849
0.047123924
0.046931501
0.046992789
0.046991972
0.047261638
0.047260156
0.047261661
0.047257123
0.047258641
0.047259813
0.047183483
0.047230614
0.047229335
0.046754078
0.046993869
0.046997514
0.04698658
0.046990224
0.046749197
0.047224437
0.047140353
0.047137534
0.043808768
0.04500319
0.045016251
0.044977126
0.044990144
0.043790372
0.046377027
0.045817297
0.045807988
0.031711908
0.036272729
0.036321805
0.036175186
0.036223837
0.03164857
0.042065982
0.039623335
0.039587446
0.0073670047
0.012487662
0.012547939
0.012370353
0.012428489
0.0073350879
0.025813713
0.019064509
0.018989594
0.0027882895
0.0028357274
0.0028373042
0.0028326027
0.0028341705
0.0027902703
0.0044939211
0.0034271605
0.0034294192
0.006879002
0.0044378579
0.0044256564
0.0044619097
0.0044499332
0.0068953487
0.003336248
0.0032139684
0.0032193414
0.020784553
0.017309533
0.017293176
0.017341084
0.017325501
0.020798547
0.010083815
0.013668878
0.013686407
0.031691198
0.029359946
0.029349926
0.0293794
0.029369824
0.031700356
0.023965929
0.02680973
0.026820162
0.039040203
0.037485874
0.037479086
0.037498862
0.037492442
0.039045878
0.033824988
0.035754254
0.035761638
0.043668493
0.04273034
0.042726708
0.042737327
0.042733827
0.043671398
0.0404302
0.041655957
0.041660036
0.046279479
0.045773498
0.045772201
0.0457759
0.045774695
0.046280268
0.044483491
0.045179655
0.045181317
0.047636462
0.047379992
0.047380386
0.047379142
0.04737958
0.047635811
0.046710791
0.047074228
0.047074128
0.048281516
0.048171248
0.048172351
0.048169032
0.048170145
0.048280302
0.047850437
0.048028103
0.048027095
0.048430622
0.048439984
0.048441867
0.048436225
0.048438109
0.048428519
0.048361829
0.048415212
0.048413579
0.048089592
0.048209928
0.048212148
0.048205446
0.048207647
0.048087593
0.048385432
0.048310338
0.048308015
0.04663004
0.046615242
0.046616416
0.046612886
0.046614065
0.04662888
0.046588401
0.046600553
0.0465994
0.046714805
0.046688989
0.046690081
0.046686784
0.046687887
0.046713735
0.046645794
0.046665382
0.046664257
0.046873929
0.046825533
0.046826543
0.046820927
0.046821856
0.046873004
0.046743992
0.046779932
0.046778806
0.047121037
0.047055886
0.047056762
0.047054098
0.047054994
0.047120059
0.046928126
0.046989466
0.046988611
0.047254306
0.047254064
0.047255595
0.047250981
0.047252524
0.047252461
0.047179055
0.047225452
0.047224144
0.046734573
0.046979293
0.046982936
0.046972011
0.046975651
0.046729703
0.047215435
0.047129069
0.047126245
0.043735421
0.044951151
0.044964124
0.044925269
0.044938195
0.043717186
0.046350326
0.045780141
0.045770885
0.031460941
0.03607851
0.036126726
0.035982729
0.036030495
0.031399206
0.041963261
0.039480517
0.039445122
0.007243561
0.012257209
0.012313284
0.01214808
0.012202166
0.0072143958
0.025520416
0.018770836
0.018699872
0.0027962844
0.0028295088
0.002831058
0.0028264651
0.0028279863
0.0027983092
0.0044616722
0.0034365353
0.0034390081
0.0069432979
0.0044855319
0.0044737677
0.0045087529
0.0044971869
0.006958929
0.0033612669
0.0032353455
0.0032406467
0.020838432
0.017371171
0.017356342
0.017400098
0.01738581
0.020851083
0.010153781
0.013737143
0.013753558
0.031726689
0.029398096
0.029388938
0.029415836
0.029407083
0.031735027
0.024011212
0.02685001
0.02685948
0.039062032
0.037511168
0.037505052
0.037522816
0.037517056
0.039067162
0.033856726
0.035782594
0.035789281
0.043679809
0.042744111
0.042740716
0.04275063
0.042747368
0.043682495
0.040448694
0.041671801
0.041675591
0.04628242
0.045778121
0.045777007
0.045780162
0.045779138
0.046283057
0.044492218
0.045186031
0.045187499
0.047633764
0.047378215
0.047378691
0.047377226
0.047377732
0.047633058
0.046711846
0.047073688
0.047073495
0.048276637
0.048166802
0.048167921
0.048164562
0.048165685
0.048275412
0.047846912
0.048024035
0.048023009
0.048422221
0.048432469
0.048434351
0.048428721
0.048430598
0.048420129
0.048356252
0.048408676
0.048407044
0.048081539
0.048200988
0.048203189
0.048196554
0.048198735
0.048079554
0.048376391
0.048301068
0.048298769
0.046625387
0.046610513
0.046611702
0.046608127
0.046609321
0.046624211
0.046583629
0.046595803
0.046594632
0.046710519
0.04668456
0.046685673
0.046682318
0.04668344
0.046709431
0.046641195
0.046660851
0.046659708
0.046867188
0.046818649
0.046819772
0.046816648
0.046817627
0.046866041
0.046739844
0.046775737
0.046774737
0.047117061
0.047052273
0.047053188
0.047050406
0.047051344
0.047116049
0.04692116
0.04698596
0.046984978
0.047246902
0.047247875
0.047249429
0.047244749
0.047246313
0.04724504
0.047174495
0.047220175
0.047218841
0.046715117
0.046964735
0.046968372
0.046957468
0.0469611
0.046710261
0.047206396
0.047117776
0.047114952
0.043662734
0.044899483
0.044912361
0.044873796
0.044886624
0.043644671
0.046323729
0.045743202
0.045734002
0.031216488
0.035887864
0.03593517
0.035793934
0.03584077
0.031156416
0.04186169
0.039339714
0.039304838
0.0071307136
0.012042823
0.012094988
0.011941298
0.011991607
0.0071040265
0.025238225
0.018492783
0.018425648
0.0028044573
0.0028234909
0.0028249743
0.0028206037
0.0028220408
0.0028065264
0.0044344111
0.0034467133
0.003449379
0.0070049582
0.0045315952
0.0045202198
0.0045540635
0.0045428762
0.0070200061
0.0033866448
0.0032564455
0.0032616797
0.020887692
0.01742819
0.017414248
0.017455476
0.017441906
0.020899513
0.01022056
0.013801563
0.013817226
0.031759057
0.029433016
0.029424551
0.029449711
0.029441369
0.031766864
0.024052728
0.026886942
0.026895792
0.039082143
0.037534131
0.037528488
0.037545043
0.037539622
0.039086994
0.033886027
0.035808623
0.035814866
0.043690229
0.04275686
0.042753743
0.042762802
0.042759826
0.043692678
0.040466033
0.041686608
0.041690123
0.046284764
0.045782021
0.045781089
0.045783697
0.045782859
0.046285254
0.044500035
0.045191626
0.045192895
0.047630882
0.047376182
0.047376715
0.047375094
0.047375649
0.047630143
0.046712408
0.047072797
0.047072525
0.048271726
0.048162317
0.048163443
0.048160069
0.048161196
0.048270495
0.047843306
0.048019912
0.048018878
0.048413875
0.048424985
0.048426856
0.048421264
0.048423127
0.048411801
0.048350662
0.048402152
0.048400527
0.048073556
0.04819215
0.048194327
0.048187774
0.048189929
0.04807159
0.048367441
0.048291906
0.048289638
0.04662067
0.046605727
0.04660693
0.046603314
0.046604522
0.046619479
0.0465788
0.046590994
0.046589808
0.046706155
0.046680059
0.046681189
0.046677783
0.046678921
0.046705051
0.046636531
0.046656251
0.046655092
0.046862996
0.046814692
0.04681567
0.046812717
0.046813707
0.046862056
0.046735621
0.046771668
0.046770647
0.047112939
0.047048375
0.047049427
0.04704279
0.047043717
0.04711186
0.046917072
0.046978441
0.046977325
0.047239441
0.047241603
0.047243177
0.04723844
0.047240023
0.047237568
0.047169808
0.047214792
0.047213435
0.04669572
0.046950211
0.046953837
0.046942965
0.046946585
0.04669088
0.047197341
0.047106492
0.047103672
0.043590754
0.044848215
0.04486099
0.044822742
0.044835462
0.043572874
0.046297249
0.045706497
0.04569736
0.030978743
0.03570095
0.035747313
0.035608918
0.035654805
0.03092036
0.041761329
0.03920101
0.039166665
0.0070274522
0.011843358
0.011891887
0.011748856
0.01179569
0.0070030094
0.024967134
0.018229788
0.018166304
0.0028128047
0.0028178202
0.0028192028
0.0028151549
0.0028164759
0.0028149145
0.0044116749
0.0034576271
0.0034604736
0.0070642372
0.0045761564
0.0045651581
0.0045978739
0.0045870632
0.0070786811
0.0034123703
0.0032772714
0.0032824359
0.020933933
0.017482093
0.017468884
0.017507945
0.017495096
0.020945097
0.010284445
0.013862905
0.013877761
0.031789891
0.029466005
0.029457932
0.029482158
0.029474171
0.031797411
0.024091713
0.026921869
0.026930427
0.039101088
0.037555559
0.037550332
0.037565751
0.037560694
0.039105615
0.033913728
0.035832928
0.035838754
0.043699684
0.042768451
0.042765623
0.042773807
0.042771127
0.043701886
0.040482136
0.041700155
0.041703321
0.046286517
0.045785189
0.045784445
0.0457865
0.045785848
0.04628686
0.044506868
0.045196417
0.045197482
0.047627889
0.047373967
0.047374541
0.047372804
0.047373395
0.047627129
0.046712512
0.047071604
0.047071262
0.0482668
0.048157818
0.048158946
0.048155562
0.048156692
0.048265566
0.047839666
0.048015765
0.048014726
0.048405615
0.048417562
0.048419414
0.048413878
0.048415721
0.048403567
0.048345075
0.048395662
0.048394047
0.048065661
0.048183433
0.048185581
0.048179124
0.048181248
0.048063718
0.048358612
0.048282877
0.048280645
0.046615896
0.046600889
0.046602104
0.046598453
0.046599672
0.046614693
0.046573923
0.046586133
0.046584933
0.046701723
0.046675493
0.046676638
0.046673188
0.04667434
0.046700601
0.046631807
0.04665159
0.046650417
0.046859204
0.046810719
0.04681172
0.046808701
0.046809712
0.046858241
0.046731322
0.046767519
0.046766478
0.04710478
0.047040392
0.047041566
0.047038407
0.04703939
0.047103532
0.046913376
0.04697448
0.046973546
0.047231941
0.04723526
0.047236852
0.047231974
0.047233659
0.047230059
0.047161853
0.047209184
0.047205505
0.046676394
0.046935732
0.046939345
0.046928513
0.046932118
0.046671573
0.047188286
0.047095234
0.047092421
0.043519518
0.044797381
0.044810045
0.044772133
0.044784741
0.043501829
0.046270898
0.045670048
0.045660976
0.030747743
0.035517837
0.035563249
0.035427702
0.035472642
0.030691032
0.041662209
0.039064439
0.039030627
0.0069328457
0.011657654
0.011702881
0.011569624
0.011613305
0.0069104546
0.024706908
0.017981108
0.017921055
0.0028213107
0.002812621
0.0028138739
0.0028102301
0.0028114091
0.0028234553
0.0043930666
0.0034692449
0.0034722666
0.0071210941
0.0046192202
0.0046085946
0.0046402036
0.004629758
0.0071349354
0.0034384146
0.0032978083
0.0033029031
0.020977756
0.017533238
0.017520705
0.017557997
0.017545707
0.020988433
0.010345319
0.013921254
0.013935396
0.031819139
0.029497825
0.029490036
0.029513019
0.029505454
0.031826137
0.024129198
0.026955413
0.026963552
0.039118658
0.037575576
0.037570696
0.037585173
0.037580393
0.039122844
0.033939611
0.035855565
0.035861024
0.043708176
0.042778864
0.042776335
0.042783645
0.042781255
0.043710153
0.04049681
0.041712328
0.041715146
0.046287682
0.045787633
0.045787072
0.045788591
0.045788119
0.046287881
0.044512689
0.045200381
0.045201238
0.047624821
0.047371608
0.047372216
0.047370382
0.047371005
0.047624045
0.046712183
0.047070138
0.047069731
0.048261858
0.048153301
0.048154434
0.048151032
0.048152168
0.048260618
0.047836005
0.048011599
0.048010554
0.048397462
0.048410215
0.048412047
0.048406571
0.048408393
0.048395442
0.048339488
0.048389213
0.048387607
0.048057868
0.048174855
0.048176969
0.04817062
0.048172709
0.048055952
0.048349923
0.048273999
0.048271807
0.046611072
0.046596006
0.046597232
0.04659355
0.046594778
0.046609857
0.046569
0.046581226
0.046580013
0.046697226
0.046670869
0.046672029
0.046668538
0.046669704
0.04669609
0.046627032
0.046646875
0.04664569
0.046855321
0.046806663
0.046807685
0.046804606
0.046805638
0.046854335
0.046726956
0.046763295
0.046762238
0.047100245
0.047036422
0.047037415
0.047034407
0.047035418
0.047099163
0.046909588
0.046970703
0.046969741
0.047224512
0.047227599
0.047229143
0.047224406
0.047225995
0.047222862
0.047156686
0.047201199
0.047199817
0.04665715
0.046921309
0.046924905
0.046914119
0.046917707
0.046652349
0.047181118
0.047084002
0.047081206
0.043449044
0.044747001
0.044759551
0.044721984
0.044734477
0.043431547
0.046244691
0.045633866
0.045624862
0.030523378
0.035338505
0.035382978
0.035250238
0.035294248
0.030468296
0.041564335
0.038929994
0.038896709
0.0068460805
0.011484624
0.011526812
0.011402508
0.011443279
0.0068255372
0.024457124
0.017745854
0.017689013
0.0028299542
0.0028079899
0.0028090926
0.0028058976
0.0028069269
0.0028321315
0.0043782627
0.0034815389
0.0034847385
0.0071755861
0.0046608361
0.0046505638
0.0046811309
0.0046710261
0.0071888638
0.0034647373
0.0033180547
0.0033230803
0.02101948
0.017582081
0.017570182
0.017605498
0.017593885
0.021029533
0.010403249
0.013976565
0.013989885
0.031847012
0.029528004
0.029520496
0.029542992
0.029535491
0.031853877
0.024164675
0.026987316
0.02699519
0.039134866
0.037594373
0.037589805
0.037603198
0.037598817
0.039138649
0.033964518
0.035877008
0.035882125
0.043715766
0.042788171
0.0427859
0.042792485
0.042790328
0.043717495
0.040509827
0.041723332
0.04172594
0.046288274
0.045789377
0.045788994
0.045789985
0.045789694
0.046288331
0.044517575
0.045203503
0.045204145
0.047621688
0.047369125
0.047369762
0.047367837
0.04736849
0.047620896
0.046711442
0.047068417
0.047067948
0.048256887
0.048148753
0.048149894
0.048146461
0.048147609
0.048255638
0.047832319
0.048007404
0.048006351
0.048389426
0.048402948
0.048404759
0.048399344
0.048401146
0.048387436
0.048333893
0.0483828
0.048381202
0.048050188
0.048166428
0.048168505
0.048162271
0.048164323
0.0480483
0.048341385
0.048265284
0.048263134
0.046606205
0.046591083
0.046592319
0.046588608
0.046589847
0.04660498
0.046564039
0.046576278
0.046575054
0.046692675
0.046666196
0.046667367
0.046663843
0.04666502
0.046691527
0.046622212
0.046642113
0.046640918
0.046851349
0.046802533
0.046803572
0.046800443
0.046801491
0.046850343
0.04672253
0.046759007
0.046757934
0.047095872
0.047032364
0.047033386
0.047030294
0.047031331
0.047094761
0.046905695
0.046966811
0.046965821
0.047217371
0.047221208
0.047222807
0.047218
0.047219604
0.047215495
0.047151762
0.047195643
0.047194244
0.046638096
0.046914008
0.046910577
0.046908576
0.046911735
0.046646224
0.04717289
0.047078231
0.047075494
0.043379328
0.044697083
0.044709519
0.04467273
0.044684685
0.043362019
0.046234382
0.045598259
0.045611712
0.030305464
0.03516289
0.035206444
0.03507645
0.035119556
0.030251957
0.041467687
0.038797647
0.038764881
0.0067664323
0.011323165
0.011362556
0.011246452
0.011284482
0.0067475115
0.024217281
0.017523106
0.017469254
0.0028387648
0.002803948
0.0028049065
0.0028021357
0.002803026
0.0028409976
0.0043670384
0.0034944865
0.0034978603
0.0072278823
0.0047011033
0.0046911586
0.0047207628
0.0047109735
0.0072406461
0.0034912994
0.0033380169
0.0033429741
0.021059131
0.017628235
0.017616995
0.017650234
0.017639358
0.021068708
0.01045846
0.014028723
0.014041288
0.031873879
0.029557558
0.029550319
0.029571782
0.029564705
0.031880384
0.02419891
0.027018321
0.027025869
0.039149407
0.03761165
0.037607453
0.037619744
0.037615732
0.039152832
0.033988053
0.03589699
0.035901789
0.043722215
0.042796604
0.042794539
0.04280044
0.04279854
0.043723606
0.040521665
0.041733495
0.041735843
0.046288299
0.045790413
0.045790215
0.045790659
0.045790554
0.046288216
0.044521456
0.045205743
0.04520616
0.047618492
0.047366518
0.047367186
0.047365169
0.047365851
0.047617683
0.046710301
0.04706645
0.047065921
0.048251875
0.048144157
0.048145311
0.048141839
0.048143
0.048250615
0.047828597
0.048003172
0.048002109
0.048381508
0.048395759
0.048397551
0.048392193
0.048393975
0.048379547
0.048328277
0.048376418
0.048374827
0.048042627
0.04815816
0.048160199
0.048154086
0.048156098
0.04804077
0.048333001
0.048256739
0.048254631
0.046601299
0.046586125
0.046587369
0.046583636
0.046584882
0.046600066
0.046559043
0.046571295
0.046570062
0.046688076
0.04666148
0.046662661
0.046659108
0.046660294
0.046686916
0.046617354
0.046637313
0.046636109
0.046847297
0.046798336
0.046799392
0.046796214
0.046797277
0.046846272
0.046718053
0.046754661
0.046753577
0.047091392
0.047028199
0.047029248
0.047026081
0.047027142
0.047090258
0.046901712
0.046962815
0.046961802
0.047209859
0.047214787
0.047216393
0.04721157
0.047213178
0.047207981
0.047146759
0.047190028
0.047188618
0.04663317
0.04690144
0.04690503
0.046894265
0.046897848
0.046628349
0.04716389
0.047067105
0.047064307
0.043363636
0.044685838
0.044691585
0.044663109
0.044675315
0.043351091
0.046212963
0.045591562
0.045582568
0.030093804
0.03499094
0.035033569
0.035028082
0.034949573
0.030042672
0.041442884
0.038742143
0.038729438
0.0066932846
0.01117223
0.011209132
0.011100714
0.011136078
0.0066758824
0.023986916
0.017312017
0.017261483
0.0028478554
0.0028004563
0.0028012806
0.0027989052
0.0027996658
0.0028501681
0.0043592334
0.0035080781
0.0035116166
0.0072781649
0.0047401138
0.0047304807
0.0047591576
0.0047496832
0.0072904542
0.0035176897
0.0033576933
0.0033625781
0.02109645
0.017671504
0.017660987
0.017692043
0.017681906
0.021105345
0.010511219
0.014077983
0.014089835
0.031899298
0.029585584
0.029578716
0.029598853
0.029592256
0.031905347
0.024231252
0.027047779
0.027054804
0.039162674
0.03762744
0.037623631
0.037634714
0.037631117
0.039165727
0.03400998
0.035915539
0.035919907
0.043727288
0.042803901
0.042802194
0.042806989
0.042805468
0.043728353
0.040532235
0.04174239
0.041744382
0.04628777
0.045790728
0.045790713
0.045790633
0.045790701
0.046287556
0.044524212
0.04520709
0.045207297
0.047615231
0.04736379
0.047364487
0.047362386
0.047363095
0.047614408
0.046708782
0.047064251
0.047063669
0.048246816
0.048139508
0.048140676
0.048137165
0.048138338
0.048245544
0.047824837
0.047998902
0.04799783
0.04837371
0.048388645
0.048390418
0.048385116
0.048386879
0.048371779
0.048322638
0.048370064
0.04836848
0.048035191
0.048150058
0.048152056
0.048146066
0.048148038
0.048033364
0.048324776
0.048248368
0.048246304
0.046596363
0.046581139
0.04658239
0.046578637
0.046579888
0.046595123
0.046554017
0.046566282
0.046565041
0.046683437
0.046656729
0.046657918
0.046654343
0.046655536
0.046682269
0.046612465
0.04663248
0.046631268
0.046843171
0.046794079
0.046795149
0.04679193
0.046793008
0.046842131
0.046713532
0.046750267
0.04674917
0.047086824
0.04702394
0.047025012
0.047021781
0.047022864
0.047085669
0.046897646
0.046958729
0.046957693
0.047202357
0.047208352
0.04720996
0.047205132
0.04720674
0.047200486
0.047141691
0.047184371
0.047182952
0.046613939
0.046887105
0.046890682
0.046879967
0.046883526
0.04660914
0.047154931
0.047055962
0.047053184
0.043299747
0.04463835
0.044650714
0.044613673
0.044625998
0.043282434
0.046186886
0.045555627
0.045546688
0.030038064
0.034955238
0.034996512
0.034870259
0.034912653
0.029987087
0.041353052
0.038637249
0.038604845
0.0066960331
0.011147328
0.011148842
0.011082601
0.011116742
0.0066821924
0.023936546
0.017278023
0.017227718
0.0028573955
0.0027974924
0.0027981765
0.0028054754
0.0028062027
0.0028558934
0.0043857211
0.0035350549
0.0035390135
0.0073264198
0.0047778453
0.0047685734
0.0047699748
0.0047616375
0.0072982618
0.0035369916
0.0033741281
0.0033784216
0.021131053
0.017711721
0.017702113
0.017697761
0.017688315
0.021139229
0.010513566
0.014073699
0.014083227
0.031922717
0.029611567
0.029605258
0.02962375
0.029617704
0.03192827
0.02426124
0.027075183
0.027081715
0.039174316
0.037641611
0.037638199
0.037648139
0.037644916
0.039176991
0.034029941
0.035932414
0.035936379
0.043731124
0.042809724
0.042808382
0.04281213
0.042810954
0.04373191
0.040541357
0.041749824
0.04175146
0.046286742
0.04579039
0.045790533
0.045790011
0.045790222
0.046286418
0.04452595
0.04520764
0.04520767
0.047611918
0.047360958
0.047361678
0.04735951
0.047360239
0.047611084
0.046706937
0.047061853
0.047061229
0.048241713
0.048134811
0.04813599
0.048132447
0.048133631
0.048240431
0.047821047
0.047994603
0.047993526
0.048366034
0.048381606
0.048383359
0.048378115
0.048379859
0.048364134
0.048316979
0.048363739
0.048362163
0.048027883
0.048142123
0.04814408
0.048138217
0.048140147
0.048026087
0.048316711
0.048240175
0.048238156
0.0465914
0.046576128
0.046577385
0.046573616
0.046574873
0.046590154
0.046548966
0.046561245
0.046559996
0.046678766
0.04665195
0.046653145
0.046649552
0.046650751
0.046677591
0.04660755
0.046627619
0.046626403
0.046838986
0.046789771
0.046790852
0.046787598
0.046788686
0.04683793
0.046708973
0.04674583
0.046744722
0.047082182
0.047019604
0.047020695
0.047017408
0.047018508
0.047081014
0.046893511
0.046954565
0.046953513
0.04719488
0.047201913
0.047203521
0.047198694
0.047200302
0.047193014
0.047136572
0.047178683
0.047177258
0.046594806
0.04687283
0.046876393
0.046865726
0.046869273
0.046590027
0.047146011
0.047044877
0.04704211
0.043230809
0.044589073
0.04460136
0.044564545
0.044576795
0.043213633
0.046160963
0.045519915
0.045511067
0.029834325
0.034786066
0.034828053
0.034702666
0.03474426
0.029783975
0.041258088
0.038508577
0.038476742
0.0066341247
0.011014626
0.011048357
0.010948733
0.010981424
0.0066185809
0.023716974
0.017080054
0.017032147
0.0028629619
0.002804151
0.0028047975
0.0028029484
0.0028035356
0.0028655131
0.004382332
0.0035500528
0.0035537797
0.0073321395
0.0047882699
0.0047791202
0.0048063673
0.0047973517
0.0073436741
0.0035637864
0.0033926185
0.0033973411
0.02116287
0.017716481
0.017707273
0.017734593
0.01772564
0.021170428
0.01056104
0.014116712
0.01412767
0.031944291
0.029635384
0.029629604
0.02964654
0.029640984
0.031949388
0.024288896
0.027100564
0.027106582
0.039184469
0.037654269
0.037651251
0.037659981
0.037657173
0.039186777
0.034048357
0.03594773
0.035951311
0.043733903
0.042814233
0.042813211
0.042816048
0.042815172
0.04373445
0.04054904
0.04175587
0.041757174
0.046285302
0.045789515
0.045789785
0.045788913
0.045789236
0.046284888
0.044526852
0.045207529
0.045207414
0.047608571
0.047358045
0.047358782
0.047356566
0.047357309
0.047607732
0.046704834
0.0470593
0.047058643
0.048236573
0.048130076
0.048131264
0.048127699
0.04812889
0.048235283
0.047817244
0.047990288
0.047989209
0.048358483
0.048374644
0.048376377
0.048371191
0.048372915
0.048356615
0.048311303
0.048357445
0.048355877
0.048020705
0.048134359
0.048136274
0.048130539
0.048132427
0.048018943
0.048308811
0.048232164
0.048230191
0.046586415
0.046571098
0.046572359
0.046568576
0.046569838
0.046585165
0.046543892
0.046556186
0.046554932
0.046674068
0.046647148
0.04664835
0.04664474
0.046645944
0.046672887
0.046602614
0.046622739
0.046621517
0.046834747
0.046785418
0.046786511
0.046783229
0.046784324
0.04683368
0.046704385
0.046741356
0.046740241
0.047077483
0.047015202
0.047016309
0.04701298
0.047014093
0.047076301
0.046889316
0.046950334
0.046949268
0.047187426
0.047195477
0.047197083
0.047192261
0.047193867
0.047185566
0.047131415
0.047172976
0.047171546
0.04657577
0.046858622
0.046862164
0.04685154
0.046855076
0.046571026
0.047137133
0.047033842
0.047031093
0.043162463
0.04454014
0.044552358
0.044515796
0.044527984
0.043145413
0.046135178
0.045484483
0.045475645
0.029635466
0.034620277
0.034661256
0.034538417
0.034579251
0.029586412
0.041164133
0.038381828
0.038350411
0.0065740548
0.010884848
0.010916543
0.010823162
0.010853902
0.0065597244
0.023505706
0.016891958
0.016846365
0.0028733538
0.0028018631
0.002802392
0.0028008916
0.0028013638
0.0028760327
0.0043818541
0.0035651584
0.0035690095
0.0073776405
0.0048242064
0.0048153077
0.0048417966
0.0048330269
0.007388776
0.003589466
0.003411406
0.0034160635
0.021192363
0.017752296
0.017743533
0.017769424
0.017760969
0.021199434
0.010608238
0.014159741
0.01417011
0.031964115
0.029657241
0.029651938
0.029667493
0.029662421
0.031968804
0.024314412
0.027123917
0.027129445
0.03919315
0.03766528
0.037662681
0.037670158
0.037667774
0.039195091
0.03406503
0.035961381
0.035964501
0.043735767
0.042817591
0.042816853
0.042818876
0.042818269
0.043736106
0.040555311
0.041760613
0.041761604
0.04628353
0.045788218
0.045788587
0.045787443
0.045787852
0.046283045
0.044527073
0.045206878
0.045206646
0.04760521
0.047355076
0.047355824
0.047353577
0.047354329
0.04760437
0.046702531
0.04705663
0.047055949
0.048231404
0.048125316
0.04812651
0.04812293
0.048124125
0.048230108
0.04781344
0.047985969
0.04798489
0.048351059
0.048367758
0.048369472
0.048364342
0.048366048
0.048349222
0.048305616
0.048351182
0.048349621
0.048013664
0.048126768
0.04812864
0.048123033
0.048124879
0.048011935
0.048301075
0.048224336
0.048222408
0.046581414
0.046566051
0.046567315
0.046563523
0.046564788
0.04658016
0.046538801
0.046551109
0.04654985
0.04666935
0.04664233
0.046643535
0.046639916
0.046641122
0.046668164
0.046597662
0.046617843
0.046616619
0.046830466
0.046781032
0.046782133
0.046778828
0.046779932
0.046829389
0.046699773
0.046736856
0.046735735
0.047072734
0.047010746
0.047011867
0.047008504
0.047009627
0.047071541
0.046885075
0.046946053
0.046944976
0.047179996
0.047189046
0.047190652
0.047185833
0.047187438
0.047178142
0.047126229
0.047167254
0.047165823
0.046556826
0.046844456
0.046847988
0.046837403
0.046840931
0.046552099
0.04712829
0.047022853
0.047020112
0.043094677
0.04449152
0.044503669
0.044467345
0.044479421
0.043077739
0.046109529
0.04544927
0.045440473
0.029441735
0.034457553
0.034498001
0.034377427
0.034417509
0.029394228
0.041071123
0.038256802
0.038225735
0.0065187256
0.010763335
0.010792886
0.010705302
0.010733966
0.0065056622
0.02330197
0.016712901
0.016669493
0.0028842849
0.0028000311
0.0028004481
0.0027992799
0.0027996425
0.0028871073
0.0043844523
0.0035807509
0.003584718
0.0074217043
0.004859141
0.0048504992
0.0048762337
0.0048677249
0.0074324997
0.0036141635
0.0034299189
0.0034345014
0.021219881
0.017786073
0.01777785
0.017802201
0.017794246
0.021226397
0.01065378
0.014200618
0.014210532
0.031982114
0.029677219
0.02967241
0.02968648
0.029681886
0.03198629
0.02433795
0.027145298
0.027150307
0.039200366
0.03767462
0.037672448
0.037678673
0.037676707
0.039201949
0.03407985
0.035973149
0.035975799
0.043736847
0.042819923
0.042819436
0.042820761
0.042820377
0.043737014
0.040560198
0.041764137
0.041764845
0.0462815
0.045786598
0.045787042
0.045785697
0.045786168
0.046280962
0.044526765
0.045205801
0.045205482
0.047601848
0.047352072
0.047352827
0.047350563
0.047351319
0.04760101
0.046700077
0.047053877
0.04705318
0.048226212
0.048120541
0.048121738
0.04811815
0.048119347
0.048224911
0.047809646
0.047981653
0.047980576
0.048343755
0.048360944
0.048362641
0.048357563
0.048359252
0.048341947
0.04829992
0.048344947
0.048343393
0.04800676
0.048119347
0.048121177
0.048115696
0.048117501
0.048005066
0.048293495
0.048216685
0.0482148
0.0465764
0.046560992
0.046562259
0.046558459
0.046559726
0.046575145
0.046533695
0.04654602
0.046544757
0.046664617
0.0466375
0.046638707
0.046635082
0.046636289
0.046663429
0.0465927
0.046612937
0.04661171
0.046826152
0.046776618
0.046777726
0.046774406
0.046775514
0.04682507
0.046695145
0.046732334
0.04673121
0.047067949
0.04700625
0.04700738
0.047003989
0.047005123
0.047066747
0.046880798
0.046941729
0.046940645
0.047172586
0.047182623
0.047184226
0.047179413
0.047181016
0.047170737
0.04712102
0.047161526
0.047160093
0.046537963
0.046830347
0.046833871
0.04682331
0.046826819
0.04653327
0.047119472
0.047011903
0.047009176
0.043027334
0.044443166
0.044455273
0.044419099
0.044431124
0.043010664
0.046084006
0.045414256
0.045405496
0.029253284
0.034298044
0.034337753
0.034219631
0.034258744
0.029207052
0.040979011
0.038133427
0.038102736
0.0064679675
0.010649032
0.010676833
0.010594429
0.010621392
0.0064559702
0.023106249
0.016542754
0.016501755
0.0028958152
0.0027986349
0.0027989445
0.0027980944
0.0027983519
0.0028987985
0.0043899963
0.0035968071
0.0036008908
0.0074643076
0.0048930736
0.0048846874
0.0049096343
0.0049013908
0.0074747565
0.0036381947
0.0034481005
0.0034525948
0.02124532
0.017818009
0.017810198
0.017833393
0.017825802
0.021251389
0.010697762
0.01423981
0.014249349
0.031998117
0.029695225
0.029690912
0.029703525
0.029699426
0.032001821
0.024359413
0.027164589
0.027169106
0.039206176
0.037682324
0.037680565
0.037685596
0.037684023
0.039207418
0.03409261
0.035983103
0.035985331
0.043737292
0.04282141
0.042821122
0.04282191
0.042821691
0.043737325
0.040563819
0.041766598
0.041767074
0.046279284
0.045784751
0.045785243
0.045783772
0.04578428
0.046278713
0.044526092
0.045204424
0.045204053
0.047598498
0.047349052
0.047349808
0.047347543
0.047348298
0.047597664
0.046697522
0.047051074
0.04705037
0.048221003
0.048115759
0.048116956
0.04811337
0.048114566
0.0482197
0.047805871
0.04797735
0.047976278
0.048336564
0.048354197
0.048355878
0.048350845
0.048352519
0.048334782
0.048294219
0.048338738
0.04833719
0.047999997
0.048112093
0.048113882
0.048108522
0.048110288
0.047998338
0.048286061
0.048209204
0.04820736
0.046571379
0.046555925
0.046557193
0.04655339
0.046554658
0.046570122
0.046528578
0.046540921
0.046539657
0.046659875
0.046632662
0.046633871
0.046630243
0.046631451
0.046658686
0.046587731
0.046608024
0.046606797
0.046821815
0.046772189
0.0467733
0.04676997
0.046771082
0.046820728
0.046690508
0.046727801
0.046726675
0.047063134
0.047001722
0.047002859
0.046999451
0.047000587
0.047061928
0.046876494
0.046937374
0.046936281
0.047165194
0.047176205
0.047177807
0.047172999
0.0471746
0.047163348
0.047115799
0.047155793
0.047154359
0.046519181
0.046816283
0.046819788
0.046809262
0.046812763
0.046514505
0.047110671
0.047000992
0.046998263
0.042960551
0.044395079
0.044407082
0.044371163
0.044383143
0.042943898
0.046058601
0.045379393
0.045370706
0.029070044
0.034141941
0.034180697
0.034064738
0.034103134
0.02902497
0.040887796
0.038011543
0.037981387
0.0064214915
0.010541701
0.010567866
0.010490268
0.010515665
0.0064104801
0.022917583
0.016381019
0.016341953
0.0029080255
0.0027976582
0.0027978636
0.0027973248
0.0027974787
0.0029111958
0.0043977706
0.0036133194
0.0036175117
0.0075054966
0.0049258963
0.004917812
0.0049418532
0.0049338951
0.0075155519
0.0036616957
0.003465911
0.0034703179
0.021268964
0.017848384
0.017840958
0.017863115
0.017855812
0.021274658
0.010740226
0.014277367
0.014286543
0.032012277
0.029711453
0.029707563
0.029718825
0.029715198
0.03201553
0.024379084
0.027182101
0.027186204
0.039210657
0.037688517
0.037687122
0.037691088
0.037689866
0.039211594
0.034103383
0.035991401
0.035993246
0.043737273
0.042822304
0.042822137
0.042822612
0.042822485
0.043737223
0.040566353
0.041768215
0.04176852
0.046276963
0.045782775
0.04578329
0.045781771
0.045782287
0.046276377
0.04452521
0.04520289
0.0452025
0.047595173
0.047346039
0.047346791
0.047344543
0.04734529
0.047594348
0.046694921
0.047048256
0.047047555
0.048215789
0.048110985
0.048112179
0.048108607
0.048109798
0.048214487
0.047802129
0.047973073
0.04797201
0.048329472
0.048347507
0.048349175
0.048344183
0.048345844
0.048327713
0.048288521
0.048332554
0.048331012
0.047993375
0.048104998
0.048106749
0.048101505
0.048103233
0.04799175
0.048278756
0.04820188
0.048200073
0.046566353
0.046550854
0.046552124
0.046548322
0.046549586
0.046565095
0.046523453
0.046535818
0.046534555
0.046655129
0.046627823
0.046629031
0.046625403
0.046626612
0.04665394
0.046582759
0.046603109
0.046601882
0.046817462
0.04676775
0.046768862
0.04676553
0.04676664
0.046816373
0.046685866
0.046723261
0.046722134
0.047058302
0.046997173
0.046998314
0.046994892
0.046996034
0.047057093
0.046872173
0.046932997
0.046931901
0.047157816
0.047169795
0.047171395
0.047166592
0.047168191
0.047155972
0.047110569
0.04715006
0.047148626
0.046500479
0.046802248
0.046805745
0.046795254
0.046798747
0.046495817
0.047101888
0.046990102
0.04698738
0.042894241
0.044347231
0.04435919
0.044323398
0.044335338
0.042877677
0.04603331
0.045344695
0.045336079
0.028891785
0.033988486
0.034026524
0.033913146
0.03395085
0.02884786
0.040797301
0.037891456
0.037861653
0.0063788223
0.010440561
0.010465231
0.01039225
0.010416229
0.0063687056
0.022735966
0.016227136
0.016189855
0.0029210458
0.002797095
0.0027971973
0.002796969
0.002797019
0.0029244447
0.0044074559
0.0036302486
0.0036345376
0.0075451805
0.0049576648
0.0049497685
0.0049733249
0.004965507
0.0075549549
0.0036844298
0.0034835105
0.0034878909
0.021291191
0.01787758
0.017870407
0.017891864
0.017884758
0.021296559
0.010781385
0.014313516
0.014322438
0.032024632
0.02972579
0.029722368
0.029732384
0.029729145
0.03202746
0.024397226
0.027197902
0.027201613
0.03921398
0.037693319
0.03769228
0.03769529
0.037694369
0.039214679
0.034112412
0.035998215
0.035999732
0.043737
0.042822865
0.042822765
0.042823042
0.042822982
0.043736913
0.040568172
0.041769265
0.041769477
0.046274609
0.045780769
0.045781282
0.045779778
0.045780284
0.046274024
0.044524238
0.045201317
0.045200927
0.047591888
0.047343057
0.047343798
0.047341584
0.047342317
0.047591075
0.046692328
0.04704546
0.047044768
0.048210586
0.048106238
0.048107424
0.048103881
0.048105061
0.04820929
0.047798434
0.047968838
0.047967789
0.048322467
0.048340872
0.048342526
0.048337573
0.048339222
0.048320729
0.048282841
0.048326399
0.048324866
0.047986893
0.048098056
0.04809977
0.048094636
0.048096328
0.047985302
0.048271567
0.0481947
0.048192927
0.04656133
0.046545787
0.046547054
0.04654325
0.046544518
0.046560072
0.046518323
0.046530715
0.046529448
0.046650384
0.046622984
0.046624194
0.046620568
0.046621776
0.046649198
0.046577792
0.046598196
0.046596973
0.046813105
0.046763309
0.046764421
0.04676109
0.046762201
0.046812015
0.04668123
0.04671873
0.046717596
0.047053457
0.04699261
0.046993753
0.046990328
0.04699147
0.047052246
0.046867846
0.046928608
0.04692751
0.047150449
0.047163389
0.047164988
0.047160188
0.047161787
0.047148606
0.047105339
0.047144329
0.047142897
0.046481853
0.046788254
0.046791744
0.046781273
0.04678476
0.046477204
0.047093112
0.04697924
0.046976527
0.04282828
0.044299603
0.044311525
0.044275842
0.044287747
0.042811897
0.046008101
0.04531019
0.045301558
0.028718062
0.033838234
0.033875613
0.033764256
0.03380107
0.028675517
0.040707612
0.037772779
0.037743319
0.006339727
0.010345274
0.010368596
0.010299573
0.010322261
0.006330426
0.02256064
0.016080195
0.016044553
0.0029350353
0.0027969473
0.0027969452
0.0027970311
0.0027969761
0.0029386965
0.0044188937
0.0036475516
0.0036519281
0.0075839389
0.0049888429
0.0049810968
0.0050042639
0.004996564
0.0075935131
0.003706561
0.0035010056
0.0035053633
0.021312354
0.017906035
0.017898976
0.01792016
0.017913113
0.021317548
0.010821748
0.014348944
0.01435765
0.032035371
0.029738616
0.029735567
0.029744552
0.029741636
0.032037846
0.024414221
0.027212299
0.027215737
0.039216623
0.0376971
0.037696232
0.037698844
0.037698019
0.039217232
0.034120077
0.036003913
0.036005225
0.043736591
0.04282313
0.042823114
0.042823137
0.042823158
0.043736469
0.040569726
0.041770064
0.041770234
0.046272278
0.045778802
0.045779299
0.045777847
0.045778331
0.046271705
0.044523232
0.045199756
0.045199373
0.047588658
0.047340125
0.047340851
0.047338681
0.047339399
0.04758786
0.046689784
0.047042711
0.047042033
0.048205414
0.04810154
0.048102711
0.048099215
0.048100378
0.048204129
0.047794801
0.047964666
0.047963634
0.048315542
0.048334289
0.04833593
0.048331018
0.048332653
0.048313823
0.048277194
0.048320283
0.048318761
0.047980549
0.048091258
0.048092937
0.048087907
0.048089565
0.047978992
0.048264482
0.048187652
0.04818591
0.046556304
0.046540714
0.046541983
0.046538177
0.046539445
0.046555046
0.046513189
0.046525605
0.046524338
0.046645642
0.046618152
0.046619361
0.046615736
0.046616944
0.046644457
0.046572822
0.04659329
0.046592063
0.046808746
0.046758872
0.046759982
0.046756656
0.046757765
0.046807658
0.046676592
0.046714187
0.046713055
0.04704861
0.046988043
0.046989186
0.04698576
0.046986904
0.0470474
0.046863517
0.046924214
0.046923117
0.047143087
0.047156987
0.047158586
0.047153786
0.047155384
0.047141245
0.047100109
0.047138602
0.047137171
0.046463296
0.046774297
0.046777782
0.046767338
0.046770808
0.046458659
0.047084347
0.046968388
0.046965685
0.042762724
0.044252114
0.044264004
0.044228476
0.044240292
0.042746399
0.045983012
0.045275776
0.045267165
0.028548892
0.033690648
0.033727376
0.033617891
0.033654316
0.028507389
0.040618708
0.037655425
0.03762629
0.0063037868
0.010255083
0.010277173
0.010211984
0.010233268
0.0062953423
0.022391527
0.015939903
0.015905755
0.0029501082
0.0027972193
0.0027971114
0.0027975127
0.0027973524
0.0029540485
0.004431949
0.0036651968
0.0036696567
0.0076220693
0.0050195429
0.0050119315
0.0050347361
0.0050271542
0.0076315407
0.0037282043
0.0035183791
0.0035226952
0.021333025
0.017934297
0.017927232
0.017948476
0.017941369
0.021338186
0.010861671
0.014383916
0.014392672
0.032045009
0.029750247
0.029747457
0.02975577
0.02975304
0.032047299
0.02443063
0.027225761
0.027229035
0.039218904
0.037700513
0.037699737
0.037702183
0.037701391
0.03921942
0.034127031
0.036008986
0.036010173
0.043736047
0.04282308
0.04282313
0.042822981
0.042823049
0.043735898
0.040571022
0.041770612
0.04177071
0.046270008
0.045776914
0.045777385
0.045776008
0.045776464
0.046269455
0.044522232
0.045198237
0.045197871
0.047585491
0.047337254
0.047337963
0.047335843
0.047336544
0.047584709
0.046687316
0.047040027
0.047039366
0.048200296
0.04809691
0.048098063
0.048094627
0.048095768
0.048199027
0.04779124
0.04796057
0.04795956
0.048308692
0.048327762
0.048329389
0.048324521
0.048326141
0.048306991
0.048271599
0.048314215
0.048312707
0.04797434
0.048084596
0.048086242
0.04808131
0.048082936
0.047972816
0.048257491
0.048180726
0.048179013
0.046551279
0.046535641
0.046536909
0.046533106
0.046534373
0.046550022
0.046508053
0.046520496
0.046519228
0.046640906
0.046613322
0.046614529
0.04661091
0.046612116
0.046639724
0.046567854
0.046588384
0.046587158
0.046804393
0.046754444
0.046755551
0.046752233
0.046753338
0.046803307
0.046671966
0.046709662
0.046708533
0.047043767
0.046983478
0.046984621
0.046981199
0.046982341
0.047042558
0.046859194
0.046919825
0.046918728
0.047135725
0.047150585
0.047152184
0.047147383
0.047148982
0.047133884
0.047094885
0.04713288
0.04713145
0.046444784
0.046760369
0.046763851
0.046753414
0.046756883
0.046440155
0.047075575
0.046957555
0.046954844
0.042697528
0.044204864
0.044216669
0.044181228
0.044193009
0.042681273
0.045957978
0.045241441
0.045232888
0.02838406
0.033545739
0.033581861
0.033474174
0.033510006
0.028343522
0.040530526
0.037539524
0.03751087
0.0062708429
0.010169734
0.010190719
0.010128758
0.010149232
0.0062630794
0.022227848
0.015805402
0.015772626
0.0029663115
0.0027979115
0.0027976987
0.0027984165
0.0027981505
0.0029705399
0.0044465054
0.0036831545
0.0036876834
0.0076596648
0.005049758
0.0050422553
0.0050646594
0.0050572222
0.0076689893
0.0037491611
0.0035355953
0.0035398802
0.021353778
0.017962767
0.017955587
0.017977184
0.017969932
0.021359035
0.010901066
0.014418802
0.014427623
0.032053866
0.029761292
0.029758571
0.029766633
0.029763998
0.032056003
0.024447028
0.027238796
0.027242038
0.039220933
0.037703777
0.037703034
0.037705336
0.037704584
0.039221417
0.03413339
0.036013571
0.036014745
0.043735421
0.042822862
0.042822937
0.042822762
0.04282282
0.043735263
0.040572071
0.041770945
0.04177102
0.046267828
0.045775132
0.045775572
0.045774286
0.045774709
0.0462673
0.044521298
0.045196803
0.045196464
0.04758239
0.047334448
0.047335141
0.047333068
0.047333753
0.047581624
0.046684936
0.047037414
0.047036772
0.048195248
0.048092365
0.048093495
0.048090127
0.048091245
0.048193999
0.047787754
0.047956562
0.047955574
0.048301916
0.048321297
0.048322909
0.04831809
0.048319693
0.048300233
0.048266071
0.048308208
0.048306717
0.04796826
0.048078062
0.048079677
0.048074835
0.048076433
0.047966767
0.04825059
0.048173913
0.048172226
0.046546257
0.046530572
0.046531839
0.046528039
0.046529304
0.046545001
0.046502917
0.046515388
0.046514121
0.046636181
0.046608501
0.046609706
0.046606094
0.046607297
0.046635001
0.046562891
0.046583483
0.04658226
0.046800053
0.046750027
0.046751131
0.046747824
0.046748927
0.046798969
0.046667351
0.04670515
0.046704025
0.047038932
0.046978924
0.046980064
0.046976652
0.046977788
0.047037724
0.046854885
0.046915443
0.046914352
0.047128359
0.047144181
0.047145781
0.047140977
0.047142578
0.047126515
0.047089669
0.047127161
0.047125732
0.046426317
0.04674646
0.046749929
0.046739506
0.046742975
0.046421713
0.047066796
0.046946718
0.046944012
0.042632593
0.044157669
0.044169447
0.044134141
0.044145904
0.042616403
0.045932987
0.045207254
0.045198717
0.02822302
0.033403422
0.03343874
0.033333018
0.033368037
0.028183408
0.040442929
0.037425031
0.037396678
0.0062405479
0.010088777
0.010108523
0.010049749
0.010069025
0.0062334145
0.022069643
0.015676544
0.015645044
0.0029836812
0.0027990263
0.0027987077
0.0027997428
0.0027993707
0.0029882066
0.004462447
0.0037013857
0.0037059785
0.0076968898
0.0050795354
0.0050720918
0.005094311
0.005086914
0.0077061705
0.0037689496
0.0035527607
0.0035570506
0.021374963
0.017991713
0.0179844
0.018006307
0.017998955
0.021380311
0.010940468
0.014454011
0.01446278
0.032062411
0.029771902
0.029769296
0.029777133
0.02977454
0.032064514
0.02446369
0.027251717
0.027254938
0.03922275
0.037706903
0.037706152
0.037708437
0.037707712
0.039223178
0.034139662
0.036018141
0.036019257
0.043734799
0.042822714
0.042822742
0.042822724
0.042822724
0.043734658
0.040573014
0.041771264
0.041771376
0.046265753
0.04577347
0.045773877
0.045772678
0.045773072
0.046265249
0.044520469
0.045195487
0.045195175
0.04757935
0.047331701
0.047332379
0.047330343
0.047331017
0.047578598
0.046682642
0.047034868
0.047034239
0.048190283
0.048087911
0.048089018
0.048085719
0.048086814
0.048189056
0.047784339
0.047952642
0.047951675
0.048295214
0.0483149
0.048316495
0.04831173
0.048313315
0.048293551
0.048260623
0.048302271
0.048300799
0.047962302
0.048071645
0.048073232
0.048068474
0.048070044
0.047960837
0.048243776
0.048167203
0.048165541
0.04654124
0.046525507
0.046526773
0.046522976
0.046524241
0.046539986
0.046497782
0.046510284
0.046509017
0.046631467
0.04660369
0.046604892
0.046601289
0.046602489
0.04663029
0.046557934
0.046578593
0.046577372
0.046795725
0.046745627
0.046746727
0.046743434
0.046744532
0.046794648
0.046662749
0.046700652
0.046699532
0.047034104
0.046974382
0.046975518
0.046972116
0.046973249
0.0470329
0.046850589
0.046911077
0.04690999
0.047120984
0.047137773
0.047139375
0.047134567
0.04713617
0.047119137
0.04708446
0.047121447
0.047120019
0.046407889
0.046732552
0.04673602
0.046725594
0.046729078
0.046403271
0.047058
0.046935876
0.046933167
0.042568013
0.044110699
0.044122451
0.044087224
0.044098962
0.042551978
0.04590809
0.04517313
0.045164609
0.02806593
0.033263171
0.033298149
0.033194137
0.033228591
0.028027214
0.040356046
0.037311895
0.037283667
0.0062128237
0.010011415
0.010030461
0.0099744344
0.0099928113
0.006206277
0.021916577
0.015552681
0.015522704
0.0030022658
0.0028005661
0.00280014
0.002801497
0.0028010172
0.0030071049
0.0044796798
0.0037198543
0.0037245009
0.007733846
0.0051090226
0.0051016473
0.0051236512
0.0051163278
0.0077430145
0.0037876479
0.00356994
0.0035742412
0.021396458
0.01802093
0.01801355
0.018035598
0.018028195
0.021401879
0.01097965
0.014489283
0.01449802
0.032070738
0.029782336
0.029779751
0.02978756
0.029784957
0.032072789
0.024480634
0.027264627
0.027267878
0.039224504
0.037709993
0.037709236
0.037711583
0.037710792
0.039225031
0.034145934
0.036022585
0.036023711
0.043734254
0.042822744
0.042822743
0.042822732
0.042822748
0.043734121
0.040574462
0.041771848
0.041772056
0.046263764
0.045771903
0.045772288
0.045771135
0.045771516
0.046263274
0.044519698
0.045194258
0.045193955
0.047576356
0.047328991
0.047329662
0.047327641
0.047328311
0.047575611
0.046680404
0.047032366
0.047031742
0.048185407
0.048083548
0.048084632
0.048081398
0.048082472
0.048184202
0.047780976
0.047948801
0.047947851
0.048288589
0.048308578
0.048310154
0.048305447
0.048307013
0.048286944
0.04825526
0.048296413
0.048294961
0.047956453
0.048065335
0.048066896
0.048062212
0.048063759
0.047955013
0.048237043
0.048160589
0.04815895
0.04653623
0.046520447
0.046521711
0.04651792
0.046519182
0.046534978
0.046492649
0.046505184
0.046503917
0.046626767
0.046598892
0.04660009
0.046596497
0.046597694
0.046625594
0.046552986
0.046573712
0.046572494
0.046791418
0.046741247
0.04674234
0.046739063
0.046740155
0.046790347
0.046658164
0.046696174
0.046695057
0.047029292
0.046969854
0.046970985
0.046967597
0.046968726
0.047028092
0.046846313
0.046906728
0.046905644
0.047113597
0.047131361
0.047132964
0.047128152
0.047129756
0.047111751
0.047079262
0.047115736
0.047114309
0.046389476
0.046718646
0.04672212
0.046711684
0.046715171
0.04638488
0.047049192
0.046925027
0.046922306
0.042503792
0.044063842
0.044075505
0.044040427
0.044052135
0.042487736
0.045883224
0.045139073
0.045130568
0.027912397
0.033125659
0.033159835
0.033057742
0.033091638
0.027874566
0.040269756
0.037199973
0.037172223
0.0061873887
0.0099380925
0.0099560402
0.0099025945
0.0099201242
0.0061813932
0.021768184
0.015433867
0.01540472
0.0030221315
0.0028025374
0.0028020026
0.0028036873
0.0028030972
0.0030272995
0.0044981011
0.0037385234
0.0037432146
0.0077704499
0.0051382348
0.0051309373
0.0051527944
0.005145496
0.0077795814
0.0038052943
0.003587168
0.003591486
0.021418337
0.018050313
0.018042859
0.018065188
0.018057642
0.021423911
0.011018438
0.014524403
0.014533192
0.032078961
0.029792837
0.0297902
0.029798182
0.029795507
0.032081036
0.024497933
0.027277726
0.027281036
0.03922676
0.037713343
0.037712482
0.037715244
0.037714297
0.039227369
0.034152305
0.036027181
0.036028387
0.043733694
0.042822678
0.042822712
0.042822587
0.042822637
0.04373354
0.040576289
0.041772702
0.041772916
0.046261813
0.045770363
0.045770746
0.045769582
0.045769969
0.046261324
0.044518875
0.045193037
0.045192724
0.047573383
0.04732629
0.047326961
0.047324933
0.047325607
0.04757264
0.046678176
0.047029873
0.047029246
0.048180619
0.048079267
0.048080331
0.048077154
0.048078209
0.048179436
0.047777646
0.047945022
0.047944085
0.04828204
0.048302335
0.048303891
0.048299245
0.04830079
0.048280416
0.048249986
0.048290637
0.048289206
0.0479507
0.048059119
0.048060659
0.048056039
0.048057566
0.047949281
0.048230391
0.048154062
0.048152443
0.046531229
0.046515394
0.046516656
0.046512871
0.046514132
0.046529978
0.04648752
0.046500089
0.046498824
0.046622081
0.046594106
0.046595301
0.046591718
0.046592912
0.046620912
0.046548048
0.046568844
0.04656763
0.046787134
0.046736886
0.046737974
0.046734715
0.0467358
0.046786066
0.046653596
0.046691713
0.046690604
0.047024496
0.046965345
0.046966471
0.046963098
0.046964221
0.047023298
0.046842057
0.046902398
0.046901317
0.047106204
0.047124944
0.047126547
0.047121735
0.047123338
0.047104353
0.047074074
0.04711003
0.047108605
0.046371092
0.046704732
0.046708208
0.046697778
0.046701255
0.046366497
0.047040372
0.046914164
0.046911447
0.042439849
0.044017106
0.044028798
0.043993812
0.044005492
0.042423952
0.045858388
0.045105115
0.045096667
0.027762379
0.032990376
0.033023999
0.032923563
0.03295691
0.027725711
0.040184205
0.037089252
0.037061806
0.0061641073
0.0098679121
0.0098852611
0.0098342444
0.0098509792
0.0061586292
0.021624305
0.015319567
0.015291821
0.0030433395
0.0028049471
0.0028043015
0.0028063162
0.0028056164
0.003048852
0.0045176253
0.0037573587
0.0037620875
0.0078069719
0.0051673536
0.0051600504
0.0051819401
0.0051746244
0.0078161044
0.0038219819
0.0036045103
0.0036088563
0.0214408
0.018080176
0.018072578
0.018095192
0.018087584
0.02144645
0.011057251
0.014559778
0.014568632
0.0320873
0.029803571
0.029800873
0.029808963
0.029806263
0.032089399
0.024515559
0.027291015
0.027294337
0.039229361
0.037717176
0.037716212
0.037719193
0.037718182
0.039230074
0.034159144
0.036032067
0.036033315
0.043733041
0.042822464
0.042822529
0.042822314
0.042822391
0.043732862
0.040578421
0.041773526
0.041773718
0.046259851
0.045768785
0.04576918
0.04576797
0.045768374
0.046259354
0.044517947
0.045191764
0.045191434
0.047570406
0.047323567
0.047324246
0.04732219
0.047322875
0.047569658
0.046675919
0.047027358
0.047026722
0.048175915
0.048075055
0.048076103
0.04807297
0.048074012
0.048174751
0.047774323
0.047941288
0.047940358
0.04827557
0.048296174
0.04829771
0.048293125
0.04829465
0.048273965
0.048244798
0.048284945
0.048283537
0.047945027
0.048052986
0.048054506
0.048049942
0.048051451
0.047943625
0.048223815
0.048147614
0.048146013
0.046526236
0.04651035
0.04651161
0.046507831
0.04650909
0.046524989
0.046482397
0.046495002
0.046493739
0.046617413
0.046589336
0.046590527
0.046586957
0.046588146
0.046616249
0.046543122
0.04656399
0.046562778
0.046782871
0.04673255
0.046733632
0.046730392
0.04673147
0.04678181
0.046649047
0.046687277
0.046686173
0.047019714
0.046960854
0.046961975
0.046958614
0.046959735
0.047018522
0.046837822
0.046898087
0.046897011
0.047098801
0.047118526
0.04712013
0.047115317
0.047116922
0.04709695
0.047068899
0.047104332
0.047102909
0.046352735
0.046690823
0.046694301
0.046683865
0.046687344
0.046348142
0.04703154
0.046903285
0.046900574
0.042376266
0.043970546
0.043982213
0.043947304
0.043958958
0.042360341
0.045833635
0.045071252
0.04506277
0.027616078
0.032857288
0.032890364
0.032791776
0.032824598
0.027580237
0.040099225
0.036979892
0.03695273
0.0061429477
0.0098011178
0.0098176959
0.0097689462
0.0097849427
0.0061379588
0.02148509
0.015209516
0.015182787
0.0030659309
0.0028077943
0.0028070402
0.0028093806
0.0028085727
0.0030717911
0.0045382026
0.0037763583
0.003781133
0.0078434603
0.0051964722
0.0051891978
0.0052108881
0.0052036763
0.0078525033
0.0038382655
0.0036218518
0.0036261642
0.021463409
0.01811011
0.018102562
0.01812478
0.018117367
0.021468997
0.011095765
0.014595244
0.014603953
0.032095653
0.029814311
0.029811633
0.029819586
0.029816943
0.032097721
0.02453303
0.027304225
0.027307471
0.039232314
0.037721272
0.037720227
0.037723417
0.037722335
0.039233093
0.034165996
0.036037143
0.036038447
0.043732285
0.042822141
0.042822228
0.042821949
0.042822043
0.043732081
0.040580673
0.041774261
0.041774431
0.046257848
0.045767135
0.045767549
0.04576628
0.045766704
0.046257337
0.044516907
0.045190416
0.045190067
0.047567404
0.0473208
0.047321492
0.047319396
0.047320096
0.047566647
0.046673607
0.0470248
0.047024152
0.048171286
0.048070897
0.048071933
0.048068834
0.048069865
0.048170139
0.047770987
0.047937578
0.047936653
0.048269178
0.048290097
0.048291611
0.04828709
0.048288594
0.048267593
0.048239694
0.048279339
0.048277952
0.047939418
0.048046922
0.048048426
0.04804391
0.048045405
0.04793803
0.048217314
0.048141237
0.048139655
0.046521255
0.046505316
0.046506573
0.046502803
0.046504059
0.046520012
0.046477281
0.046489925
0.046488664
0.046612765
0.046584584
0.04658577
0.046582215
0.046583398
0.046611606
0.046538209
0.046559152
0.046557945
0.046778632
0.04672824
0.046729315
0.046726092
0.046727166
0.046777577
0.046644521
0.046682864
0.046681765
0.04701495
0.04695638
0.046957498
0.04695415
0.046955266
0.047013763
0.04683361
0.046893797
0.046892729
0.047091398
0.047112109
0.047113714
0.047108903
0.047110507
0.047089547
0.047063737
0.047098643
0.047097222
0.046334382
0.046676919
0.0466804
0.046669958
0.046673439
0.046329788
0.047022707
0.046892414
0.046889693
0.042312925
0.043924148
0.043935729
0.043900943
0.043912515
0.042297053
0.045808869
0.045037424
0.045028992
0.027473281
0.032726526
0.032759097
0.032662003
0.032694091
0.027437906
0.040014915
0.036871638
0.036844919
0.0061237068
0.0097374759
0.009753126
0.0097066859
0.0097220076
0.0061191799
0.021349914
0.015103711
0.015077906
0.0030899339
0.0028110756
0.0028102122
0.002812879
0.0028119618
0.0030961567
0.0045598239
0.0037955491
0.003800369
0.0078793117
0.0052251597
0.0052180185
0.0052392599
0.0052321988
0.0078881045
0.0038544185
0.0036390294
0.0036432927
0.021485516
0.018139142
0.018131887
0.018153151
0.018146078
0.021490892
0.011133207
0.014629782
0.01463818
0.032103854
0.029824771
0.029822171
0.029829859
0.029827306
0.032105875
0.024549862
0.027317043
0.027320161
0.039235517
0.03772563
0.037724508
0.037727909
0.037726749
0.039236351
0.034172847
0.036042417
0.036043762
0.043731441
0.042821746
0.042821844
0.042821539
0.042821637
0.043731221
0.040582982
0.041774927
0.041775088
0.04625579
0.045765406
0.04576584
0.045764516
0.045764957
0.046255266
0.044515774
0.045188994
0.045188628
0.047564361
0.047317978
0.047318685
0.047316544
0.04731726
0.047563593
0.046671234
0.047022192
0.047021531
0.048166721
0.048066778
0.048067806
0.04806473
0.048065755
0.04816559
0.047767623
0.047933878
0.047932953
0.048262867
0.048284105
0.048285598
0.048281142
0.048282624
0.048261303
0.048234667
0.048273818
0.048272451
0.047933861
0.04804092
0.04804241
0.048037937
0.048039418
0.047932485
0.048210889
0.04813493
0.048133364
0.046516289
0.046500293
0.046501548
0.046497788
0.04649904
0.046515048
0.046472175
0.046484859
0.046483601
0.046608138
0.046579851
0.046581032
0.046577492
0.046578671
0.046606985
0.046533312
0.04655433
0.046553128
0.046774419
0.046723953
0.046725022
0.046721819
0.046722885
0.046773368
0.04664002
0.046678476
0.046677384
0.047010204
0.046951926
0.046953039
0.046949705
0.046950816
0.047009019
0.046829421
0.046889528
0.046888465
0.047083994
0.047105698
0.047107301
0.047102494
0.047104097
0.047082144
0.047058588
0.047092963
0.047091544
0.046316025
0.046663007
0.046666491
0.046656054
0.046659526
0.046311449
0.04701387
0.046881536
0.046878813
0.042249792
0.043877815
0.043889383
0.043854625
0.043866257
0.042234055
0.045784126
0.04500365
0.044995171
0.027333444
0.032597692
0.032629796
0.032534047
0.032565944
0.027298765
0.039931064
0.03676455
0.036737873
0.0061062824
0.0096765154
0.0096915245
0.0096469399
0.009661659
0.006102197
0.021218737
0.015001451
0.01497646
0.0031154294
0.0028147922
0.0028138192
0.0028168189
0.0028157888
0.0031220442
0.0045824809
0.0038149246
0.0038197876
0.0079141661
0.0052531879
0.0052462113
0.0052669578
0.0052600723
0.0079227271
0.0038704758
0.0036560275
0.003660253
0.021506673
0.018166775
0.018159901
0.018180002
0.018173332
0.021511777
0.011169128
0.014662869
0.014671027
0.032111876
0.029834849
0.029832342
0.029839745
0.029837282
0.032113856
0.024565791
0.027329326
0.027332304
0.03923894
0.037730256
0.037729058
0.037732673
0.037731435
0.039239828
0.03417971
0.036047867
0.03604926
0.043730552
0.042821337
0.04282143
0.042821148
0.042821232
0.043730327
0.040585357
0.041775591
0.041775763
0.046253682
0.045763612
0.04576406
0.045762697
0.04576315
0.046253149
0.044514586
0.045187517
0.045187142
0.047561272
0.047315097
0.04731582
0.047313636
0.047314366
0.047560491
0.046668807
0.047019534
0.047018863
0.048162214
0.048062687
0.048063709
0.048060649
0.048061669
0.048161095
0.047764225
0.047930176
0.047929249
0.04825664
0.048278202
0.048279673
0.048275285
0.048276744
0.048255098
0.048229713
0.048268381
0.048267035
0.047928347
0.048034976
0.048036452
0.048032021
0.048033488
0.047926982
0.048204543
0.048128692
0.048127144
0.046511337
0.046495285
0.046496536
0.046492786
0.046494035
0.046510101
0.04646708
0.046479806
0.04647855
0.046603534
0.046575139
0.046576315
0.046572791
0.046573965
0.046602387
0.046528432
0.046549528
0.046548331
0.046770229
0.046719692
0.046720756
0.046717571
0.046718631
0.046769185
0.046635542
0.046674115
0.046673028
0.047005472
0.046947489
0.046948596
0.046945274
0.046946381
0.047004291
0.04682525
0.046885279
0.046884219
0.047076593
0.047099293
0.047100895
0.047096093
0.047097694
0.047074743
0.047053452
0.047087292
0.047085877
0.046297675
0.046649098
0.046652571
0.046642137
0.046645613
0.046293094
0.047005038
0.046870651
0.046867926
0.042186877
0.043831504
0.043843069
0.043808378
0.043819946
0.042171163
0.045759394
0.044969858
0.044961414
0.027196274
0.032470794
0.032502498
0.032407939
0.032439464
0.027162496
0.039847712
0.036658321
0.036632018
0.0060906579
0.0096179253
0.0096323704
0.0095894375
0.0096036163
0.006086983
0.021090807
0.014902605
0.014878334
0.0031425468
0.0028189615
0.0028178736
0.0028212265
0.0028200767
0.0031495883
0.004606162
0.0038344491
0.0038393409
0.0079480558
0.0052805828
0.0052737636
0.0052940598
0.0052873155
0.0079563644
0.0038863857
0.0036728797
0.0036770761
0.021526708
0.018192832
0.018186366
0.018205285
0.01819901
0.021531529
0.011203726
0.014694662
0.014702371
0.032119764
0.029844555
0.029842133
0.029849287
0.029846902
0.032121722
0.024580745
0.027341068
0.027343922
0.039242589
0.037735157
0.037733881
0.037737708
0.037736395
0.039243534
0.034186611
0.036053524
0.036054971
0.043729667
0.042820979
0.042821052
0.042820838
0.042820895
0.043729451
0.040587835
0.041776327
0.041776526
0.046251542
0.045761775
0.045762232
0.04576085
0.045761308
0.046251003
0.044513383
0.045186015
0.045185638
0.047558135
0.047312164
0.0473129
0.047310682
0.047311423
0.047557344
0.046666341
0.047016838
0.047016158
0.048157754
0.048058615
0.048059634
0.048056585
0.048057602
0.048156647
0.04776079
0.047926464
0.047925535
0.048250503
0.048272391
0.048273838
0.048269521
0.048270956
0.048248984
0.048224828
0.048263029
0.048261705
0.047922872
0.048029087
0.04803055
0.048026162
0.048027616
0.047921516
0.048198283
0.048122527
0.048120998
0.046506401
0.046490291
0.046491538
0.046487799
0.046489044
0.046505169
0.046461999
0.046474766
0.046473514
0.046598954
0.04657045
0.046571619
0.046568113
0.04656928
0.046597812
0.046523569
0.046544747
0.046543556
0.046766062
0.046715456
0.046716513
0.046713348
0.0467144
0.046765025
0.046631089
0.046669779
0.046668698
0.047000754
0.046943063
0.046944168
0.046940857
0.046941959
0.046999576
0.046821099
0.046881046
0.04687999
0.047069197
0.047092895
0.047094496
0.047089697
0.047091298
0.047067348
0.047048325
0.04708163
0.047080216
0.046279316
0.046635171
0.046638649
0.046628198
0.046631681
0.046274705
0.046996212
0.046859765
0.046857037
0.04212414
0.043785242
0.043796816
0.04376209
0.043773673
0.042108438
0.045734618
0.044936016
0.044927558
0.027061743
0.03234541
0.032376759
0.032283207
0.032314393
0.027028228
0.039764635
0.036552992
0.036526668
0.0060766307
0.0095614683
0.0095753884
0.0095339763
0.0095476639
0.0060733353
0.020965767
0.014806544
0.014782932
0.0031714361
0.0028236185
0.0028224037
0.0028261434
0.0028248621
0.0031789486
0.0046308327
0.0038540534
0.0038589536
0.0079810475
0.005307478
0.005300761
0.005320892
0.0053141776
0.0079892091
0.0039020738
0.0036897127
0.0036939371
0.021545654
0.018217398
0.018211297
0.018229194
0.018223257
0.021550225
0.011236965
0.014725114
0.014732553
0.032127593
0.029853948
0.029851597
0.029858544
0.029856225
0.032129543
0.024594781
0.027352344
0.027355092
0.039246469
0.037740319
0.037738973
0.037742984
0.037741608
0.039247468
0.034193573
0.036059401
0.036060898
0.043728832
0.042820729
0.042820768
0.042820656
0.042820676
0.043728633
0.04059044
0.041777188
0.041777423
0.046249387
0.045759923
0.045760382
0.045758998
0.045759456
0.046248848
0.044512197
0.045184513
0.045184139
0.047554958
0.047309192
0.047309937
0.047307695
0.047308444
0.047554159
0.046663856
0.047014116
0.047013433
0.048153338
0.048054557
0.048055573
0.048052533
0.048053547
0.048152241
0.047757324
0.047922742
0.04792181
0.048244463
0.048266676
0.048268099
0.048263856
0.048265266
0.048242969
0.04822001
0.048257763
0.048256461
0.047917434
0.04802326
0.048024707
0.048020367
0.048021805
0.047916088
0.048192117
0.048116443
0.048114936
0.046501482
0.046485313
0.046486555
0.04648283
0.04648407
0.046500254
0.046456932
0.046469741
0.046468493
0.046594398
0.046565782
0.046566946
0.046563457
0.046564618
0.046593262
0.046518727
0.046539987
0.046538801
0.046761917
0.046711243
0.046712294
0.046709147
0.046710195
0.046760886
0.046626661
0.046665467
0.046664394
0.046996046
0.046938651
0.046939754
0.046936449
0.04693755
0.046994869
0.046816966
0.046876826
0.046875773
0.047061802
0.047086502
0.047088102
0.047083309
0.047084907
0.047059957
0.047043207
0.047075975
0.047074563
0.046260919
0.046621219
0.046624705
0.046614248
0.046617739
0.046256295
0.046987377
0.046848865
0.046846133
0.042061333
0.043738932
0.043750523
0.043715815
0.043727415
0.042045729
0.045709784
0.044902152
0.044893673
0.026929043
0.032221319
0.032252352
0.032159979
0.032190619
0.026896325
0.039681765
0.036448287
0.036422109
0.0060640622
0.0095069317
0.0095203997
0.0094805101
0.0094937729
0.0060611151
0.020843301
0.014712975
0.014689966
0.003202263
0.0028288089
0.0028274572
0.002831616
0.0028301929
0.0032102722
0.0046564232
0.0038736648
0.0038785554
0.0080135748
0.005334252
0.0053275627
0.005347585
0.005340905
0.0080216386
0.0039176046
0.0037066257
0.0037108604
0.021563623
0.018240681
0.018234907
0.018251866
0.01824625
0.021567955
0.011269352
0.014754522
0.014761708
0.032135405
0.029863075
0.029860788
0.029867541
0.029865287
0.032137351
0.024607956
0.027363189
0.027365822
0.039250552
0.037745692
0.037744293
0.037748428
0.037747013
0.039251591
0.034200585
0.036065461
0.036066992
0.043728074
0.042820621
0.04282062
0.042820626
0.042820604
0.043727898
0.04059316
0.041778193
0.041778463
0.046247237
0.045758077
0.045758533
0.045757162
0.045757615
0.046246702
0.044511051
0.045183028
0.04518266
0.047551752
0.047306195
0.047306946
0.047304693
0.047305445
0.047550947
0.046661371
0.047011386
0.047010703
0.048148961
0.048050511
0.048051524
0.048048493
0.048049505
0.048147873
0.047753835
0.047919009
0.047918076
0.048238527
0.048261062
0.048262459
0.048258295
0.048259678
0.048237061
0.048215256
0.048252585
0.048251304
0.047912035
0.048017498
0.048018929
0.048014641
0.048016061
0.0479107
0.048186055
0.048110448
0.048108965
0.046496581
0.046480352
0.04648159
0.046477878
0.046479114
0.046495358
0.046451881
0.046464734
0.04646349
0.046589865
0.046561137
0.046562296
0.046558824
0.04655998
0.046588737
0.046513905
0.046535249
0.046534068
0.046757794
0.046707055
0.0467081
0.046704968
0.04670601
0.046756766
0.046622257
0.046661181
0.046660112
0.046991346
0.046934246
0.046935349
0.046932048
0.046933148
0.046990172
0.046812848
0.04687262
0.04687157
0.047054411
0.047080114
0.047081714
0.047076922
0.047078521
0.047052562
0.047038094
0.047070325
0.047068913
0.046242472
0.046607254
0.046610747
0.046600265
0.046603763
0.046237858
0.04697855
0.046837948
0.046835221
0.041998715
0.043692608
0.043704218
0.043669451
0.043681003
0.041983007
0.045684915
0.044868248
0.044859747
0.026798883
0.032098692
0.032129181
0.032037935
0.032068285
0.026766633
0.039599199
0.036344152
0.036318297
0.0060528572
0.0094543004
0.0094673591
0.0094286966
0.0094415511
0.0060503168
0.020723568
0.014621705
0.014599222
0.0032350804
0.0028345737
0.0028330739
0.0028376806
0.0028361056
0.0032435816
0.0046828514
0.0038932341
0.0038981092
0.0080457117
0.0053608948
0.0053542224
0.0053742284
0.0053675488
0.0080537066
0.0039330919
0.0037236051
0.0037278664
0.021580612
0.018262761
0.018257297
0.01827337
0.018268058
0.021584694
0.011301006
0.014782937
0.014789885
0.032143181
0.029871943
0.029869722
0.029876275
0.02987409
0.032145107
0.024620299
0.027373556
0.027376065
0.039254771
0.037751176
0.037749755
0.037753921
0.037752501
0.03925583
0.034207588
0.036071626
0.036073163
0.043727414
0.042820672
0.042820628
0.042820761
0.042820694
0.043727264
0.040595952
0.041779339
0.041779643
0.046245106
0.045756254
0.045756704
0.045755353
0.0457558
0.046244578
0.044509955
0.045181573
0.045181213
0.047548529
0.047303192
0.047303943
0.047301693
0.047302443
0.047547723
0.046658906
0.047008662
0.047007984
0.048144621
0.048046479
0.048047489
0.048044469
0.048045477
0.048143543
0.047750335
0.047915272
0.047914339
0.048232702
0.048255553
0.048256924
0.048252839
0.048254196
0.048231264
0.048210566
0.048247494
0.048246235
0.047906678
0.048011809
0.048013221
0.048008992
0.048010393
0.047905356
0.048180104
0.048104551
0.048103093
0.046491701
0.046475409
0.046476643
0.046472945
0.046474176
0.046490483
0.046446848
0.046459745
0.046458505
0.046585358
0.046556517
0.046557669
0.046554215
0.046555365
0.046584236
0.046509103
0.046530533
0.046529358
0.046753689
0.046702888
0.046703928
0.046700812
0.046701849
0.046752666
0.046617877
0.046656919
0.046655857
0.046986653
0.046929853
0.046930952
0.046927658
0.046928757
0.046985481
0.046808745
0.046868426
0.046867379
0.047047018
0.04707373
0.047075329
0.04707054
0.047072139
0.047045172
0.047032988
0.047064679
0.047063269
0.046223995
0.046593255
0.046596771
0.046586252
0.046589757
0.046219368
0.046969713
0.046827033
0.046824293
0.041935972
0.043646203
0.043657834
0.043622999
0.043634643
0.041920261
0.045660007
0.044834205
0.04482568
0.026670291
0.031977221
0.032007431
0.03191706
0.031947113
0.026638509
0.039516791
0.036240768
0.036214866
0.0060430364
0.009403275
0.0094159383
0.0093784466
0.0093909121
0.0060407448
0.020606117
0.014532845
0.014510889
0.0032698379
0.0028409441
0.0028392912
0.002844362
0.0028426306
0.0032788041
0.004710024
0.0039127516
0.0039176179
0.0080775906
0.0053875382
0.0053808791
0.0054008114
0.0053941721
0.0080854872
0.0039487378
0.0037406777
0.0037449487
0.021596588
0.018283691
0.018278532
0.018293731
0.01828872
0.021600416
0.01133201
0.014810376
0.014817067
0.032150852
0.029880529
0.029878385
0.0298847
0.029882599
0.032152744
0.024631814
0.027383417
0.027385798
0.039259038
0.037756648
0.037755236
0.03775935
0.03775795
0.039260095
0.0342145
0.036077768
0.036079281
0.043726861
0.042820891
0.042820803
0.042821061
0.042820953
0.043726735
0.040598771
0.041780627
0.041780968
0.046243005
0.045754462
0.045754904
0.045753578
0.045754016
0.046242485
0.044508907
0.045180149
0.045179796
0.047545305
0.0473002
0.047300948
0.047298714
0.047299458
0.047544501
0.046656474
0.04700596
0.04700529
0.04814032
0.048042464
0.04804347
0.048040466
0.048041468
0.048139251
0.047746839
0.047911539
0.047910608
0.048226993
0.048250151
0.048251494
0.048247489
0.04824882
0.048225584
0.048205939
0.04824249
0.048241253
0.047901369
0.0480062
0.048007592
0.048003425
0.048004806
0.04790006
0.048174272
0.048098759
0.048097328
0.04648684
0.046470487
0.046471716
0.046468033
0.046469259
0.046485628
0.046441835
0.046454775
0.04645354
0.046580875
0.046551919
0.046553066
0.04654963
0.046550773
0.046579758
0.046504323
0.04652584
0.04652467
0.046749602
0.046698741
0.046699775
0.046696673
0.046697705
0.046748584
0.04661352
0.046652679
0.046651622
0.046981969
0.046925468
0.046926564
0.046923279
0.046924373
0.046980798
0.046804656
0.046864242
0.0468632
0.047039631
0.047067352
0.04706895
0.047064168
0.047065763
0.047037783
0.04702789
0.04705904
0.047057632
0.046205468
0.046579242
0.046582751
0.046572226
0.046575738
0.046200829
0.04696088
0.046816096
0.046813363
0.04187331
0.043599774
0.043611356
0.043576457
0.043588122
0.041857594
0.045634993
0.044800124
0.044791624
0.026543858
0.031856939
0.031887088
0.031797368
0.031827123
0.026512541
0.039434695
0.036137746
0.036112178
0.0060345039
0.0093540125
0.0093660868
0.0093297692
0.0093418466
0.0060325294
0.020491259
0.014446109
0.014424673
0.0033063994
0.0028479348
0.0028461267
0.0028516646
0.0028497778
0.0033157902
0.0047378585
0.0039322372
0.003937104
0.0081090205
0.0054140414
0.0054074241
0.005427228
0.0054206238
0.0081168116
0.0039646341
0.0037577929
0.0037620763
0.021611551
0.018303499
0.01829863
0.018313009
0.018308276
0.021615136
0.011362296
0.01483667
0.014843122
0.03215837
0.029888785
0.02988673
0.029892782
0.029890773
0.032160216
0.024642527
0.02739276
0.02739501
0.039263277
0.037762017
0.037760635
0.037764638
0.037763281
0.039264318
0.034221228
0.036083788
0.03608526
0.043726387
0.042821263
0.042821139
0.042821483
0.042821352
0.043726271
0.040601589
0.041782059
0.04178243
0.046240938
0.045752702
0.045753137
0.045751834
0.045752265
0.046240427
0.044507883
0.045178743
0.045178392
0.047542096
0.047297237
0.047297976
0.047295772
0.047296506
0.047541299
0.046654086
0.047003294
0.047002635
0.048136058
0.048038475
0.048039473
0.048036492
0.048037486
0.048135
0.047743364
0.04790782
0.047906896
0.0482214
0.048244854
0.048246171
0.048242244
0.048243549
0.048220021
0.048201375
0.048237571
0.048236355
0.04789611
0.048000677
0.048002047
0.047997946
0.047999305
0.047894818
0.048168559
0.048093076
0.048091673
0.046482001
0.046465584
0.046466808
0.04646314
0.046464362
0.046480794
0.046436843
0.046449826
0.046448596
0.046576416
0.046547346
0.046548487
0.046545068
0.046546206
0.046575305
0.046499564
0.04652117
0.046520006
0.046745533
0.046694613
0.046695642
0.046692559
0.046693585
0.046744519
0.046609188
0.046648463
0.04664741
0.046977295
0.046921093
0.046922188
0.046918912
0.046920004
0.04697613
0.046800582
0.046860072
0.046859033
0.04703225
0.047060985
0.047062579
0.047057808
0.0470594
0.047030408
0.047022805
0.047053413
0.04705201
0.046186895
0.046565205
0.04656872
0.046558181
0.046561696
0.046182247
0.046952057
0.046805159
0.046802425
0.041810627
0.043553189
0.043564866
0.043529896
0.043541586
0.041795001
0.045609947
0.044765993
0.044757422
0.026419275
0.031738096
0.031767701
0.031679119
0.031708577
0.026388417
0.039352648
0.036035685
0.036010066
0.0060272433
0.0093060975
0.0093179862
0.0092827965
0.0092944995
0.0060255892
0.020378306
0.014361422
0.014340486
0.0033446118
0.0028555513
0.0028535859
0.0028595944
0.0028575488
0.0033543961
0.0047662995
0.0039517345
0.0039566073
0.0081400008
0.0054403626
0.0054337895
0.0054534567
0.0054469045
0.0081476763
0.0039808412
0.0037749526
0.0037792488
0.021625555
0.018322285
0.018317674
0.018331347
0.018326848
0.021628912
0.011391935
0.014862153
0.014868386
0.032165679
0.029896689
0.029894727
0.029900503
0.02989859
0.032167462
0.024652509
0.027401574
0.027403693
0.039267421
0.037767203
0.037765876
0.037769703
0.03776841
0.039268423
0.034227705
0.036089618
0.036091036
0.043725923
0.042821706
0.042821575
0.042821912
0.042821792
0.043725798
0.040604354
0.041783575
0.041783948
0.046238909
0.045750973
0.045751401
0.045750122
0.045750545
0.046238409
0.044506849
0.045177341
0.04517699
0.047538921
0.047294323
0.047295048
0.04729289
0.047293607
0.047538136
0.046651757
0.047000678
0.047000035
0.048131842
0.04803452
0.048035509
0.04803256
0.048033543
0.048130796
0.047739929
0.047904133
0.047903219
0.048215923
0.04823966
0.048240952
0.048237101
0.04823838
0.048214572
0.048196876
0.048232737
0.048231541
0.047890907
0.047995242
0.047996591
0.047992558
0.047993895
0.047889634
0.048162967
0.048087504
0.048086128
0.046477182
0.046460702
0.046461921
0.046458268
0.046459485
0.046475981
0.046431874
0.046444897
0.04644367
0.046571982
0.046542797
0.046543932
0.046540531
0.046541664
0.046570877
0.046494829
0.046516524
0.046515366
0.046741484
0.046690508
0.046691531
0.046688463
0.046689485
0.046740476
0.046604878
0.046644269
0.046643224
0.046972638
0.046916736
0.046917826
0.046914566
0.046915653
0.046971477
0.046796526
0.046855923
0.046854887
0.047024884
0.047054636
0.047056224
0.047051471
0.047053056
0.047023047
0.04701774
0.047047806
0.047046409
0.046168306
0.046551166
0.046554685
0.046544134
0.046547654
0.046163648
0.046943245
0.046794222
0.046791489
0.041748004
0.043506576
0.043518279
0.043483299
0.043494945
0.041732265
0.045584865
0.044731722
0.044723175
0.026296503
0.031620423
0.031649739
0.031562016
0.031591185
0.02626609
0.03927091
0.035933999
0.035908699
0.0060212702
0.0092598528
0.0092713766
0.0092374547
0.0092484248
0.0060200108
0.02026784
0.014278684
0.014258509
0.0033837923
0.0028637865
0.0028616688
0.0028681063
0.0028659365
0.0033935988
0.0047952945
0.0039712732
0.0039761972
0.0081705592
0.0054665009
0.005459969
0.0054793983
0.0054730056
0.0081781431
0.0039973989
0.0037921524
0.0037963878
0.02163868
0.018340215
0.018335818
0.01834891
0.018344603
0.021641838
0.011420952
0.014886784
0.014892593
0.032172711
0.029904224
0.029902361
0.029907852
0.029906037
0.032174417
0.024661858
0.027409868
0.027411864
0.039271372
0.037772129
0.037770875
0.037774473
0.037773262
0.03927231
0.03423389
0.036095218
0.036096574
0.043725397
0.042822087
0.042821984
0.042822217
0.042822139
0.043725249
0.040606965
0.041785043
0.041785381
0.046236929
0.045749281
0.045749698
0.045748455
0.045748865
0.046236444
0.04450578
0.045175941
0.045175593
0.047535802
0.047291478
0.047292184
0.047290088
0.047290783
0.047535035
0.046649501
0.046998133
0.04699751
0.048127678
0.048030615
0.04803159
0.048028686
0.048029653
0.048126648
0.047736557
0.047900497
0.047899599
0.048210559
0.048234567
0.048235833
0.048232056
0.048233311
0.048209235
0.048192444
0.048227984
0.04822681
0.047885764
0.047989899
0.047991226
0.04798726
0.047988577
0.047884514
0.048157491
0.048082042
0.048080692
0.046472386
0.04645584
0.046457054
0.046453526
0.046454636
0.046471198
0.046426935
0.046439996
0.046438874
0.046567571
0.046538271
0.0465394
0.046536126
0.046537151
0.04656648
0.046490123
0.046511909
0.046510858
0.046737455
0.046686424
0.046687444
0.046684486
0.046685411
0.046736457
0.0466006
0.046640106
0.046639166
0.046968004
0.046912399
0.046913484
0.046910347
0.046911327
0.046966855
0.046792495
0.046851794
0.046850862
0.04701755
0.047048317
0.047049897
0.047045297
0.047046753
0.047015733
0.047012707
0.047042234
0.047040957
0.046149749
0.046537146
0.046540636
0.046530354
0.046533669
0.046145138
0.046934481
0.046783348
0.046780789
0.041685644
0.04346014
0.043471727
0.043437495
0.043448637
0.041670217
0.045559865
0.044697715
0.044689551
0.026177241
0.031504885
0.031533417
0.031449655
0.031476688
0.026148139
0.03919035
0.035834395
0.035810415
0.0060170773
0.009216148
0.0092265744
0.0091963758
0.009205995
0.0060164748
0.020162229
0.014200908
0.014182486
0.0034227956
0.0028724029
0.0028702562
0.0028766622
0.002874531
0.0034324424
0.0048253417
0.0039914824
0.0039966658
0.0081994826
0.0054914478
0.0054855256
0.0055026989
0.0054971521
0.0082060525
0.0040144095
0.0038083259
0.0038120899
0.021651069
0.018357453
0.018353226
0.018365876
0.018361695
0.021654079
0.011447248
0.014908285
0.014912978
0.032179423
0.029911392
0.029909623
0.029914892
0.029913126
0.032181053
0.02467071
0.027417704
0.027419639
0.039275037
0.037776729
0.037775565
0.037778948
0.037777781
0.039275896
0.034239774
0.036100565
0.036101901
0.043724772
0.042822296
0.042822245
0.042822411
0.042822301
0.043724604
0.04060931
0.041786326
0.041786679
0.04623502
0.045747646
0.045748047
0.04574696
0.045747254
0.046234563
0.044504685
0.045174572
0.04517433
0.047532765
0.047288726
0.047289406
0.047287496
0.047288064
0.047532028
0.046647349
0.046995688
0.046995189
0.04812358
0.048026777
0.048027734
0.048024998
0.048025841
0.048122574
0.047733279
0.04789694
0.047896165
0.048205302
0.04822957
0.048230812
0.048227225
0.048228345
0.048204013
0.048188092
0.048223322
0.048222277
0.047880683
0.047984644
0.047985951
0.047982171
0.047983354
0.047879474
0.048152135
0.048076693
0.048075483
0.0020836093
0.0033246451
0.0028683981
0.0028309239
0.003361506
0.0024214711
0.001608085
0.0016340079
0.0011560198
0.0014545211
0.001049545
0.0010351545
0.002968399
0.0030348322
0.0019772243
0.0044286596
0.0033466504
0.0031777552
0.0019743895
0.0020837553
0.0021044478
0.0025794348
0.0031481532
0.0027785315
0.0038051168
0.003854223
0.0038533829
0.0038527408
0.0038519587
0.0038276121
0.0022633775
0.0035387219
0.0035446966
0.0035333148
0.0035356535
0.0022491212
0.0023217511
0.0035639924
0.0035695907
0.0035509019
0.0035575061
0.0023079766
0.0022216501
0.0035382401
0.0035356877
0.0033280146
0.0040379042
0.0039540022
0.00061965071
0.00052661504
0.0011620012
0.00063748712
0.001195693
0.00021268889
0.00063712634
0.0012276374
0.00021303569
0.00061421944
0.00089385106
0.0002135619
0.0044057436
0.0034492569
0.00079827366
0.00066520273
0.00051015233
0.0012021743
0.00071600899
0.0013307464
0.00022048337
0.0026961247
0.0035297442
0.00063254178
0.0024397629
0.0034499416
0.00059681373
0.0027433814
0.0035401051
0.00063782979
0.004340292
0.003456181
0.00080264366
0.00017461224
0.00023349557
0.00023358126
0.0010410868
0.00054670132
0.0007709043
0.001035061
0.00055631446
0.00075406006
0.00067274553
0.00050794085
0.001210642
0.00072339196
0.0013629408
0.00022130512
0.002330329
0.0034404375
0.00059178038
0.0029029788
0.0036103101
0.00067485213
0.0029446383
0.0036148104
0.00067918373
0.0042847729
0.0037499471
0.00085699545
0.0042610703
0.003744954
0.00085637127
0.00090462617
0.00044266949
0.0011999904
0.0042099839
0.0032745184
0.00069338004
0.0044944769
0.0032578103
0.00068216577
0.00049030029
0.00058384218
0.00054877013
0.00049825923
0.00062489136
0.00025512258
0.00049878945
0.00064000114
0.00025064902
0.00046479333
0.0008091301
0.00069921936
0.0034804148
0.0029381734
0.00074632953
0.003429099
0.002926118
0.00074539801
0.0034930343
0.0029398706
0.0007465349
0.0035466761
0.002952621
0.00074786399
0.0009132926
0.00044340145
0.0011920271
0.00094706287
0.0004380646
0.0011647526
0.00064152435
0.00051035718
0.0011919474
0.00067817924
0.0012535809
0.00021683609
0.0041513083
0.0032798709
0.00069872106
0.0035265653
0.0032976822
0.00070571285
0.00051427071
0.00043507013
0.00036996645
0.0004914696
0.00058824307
0.0005524106
0.00049248634
0.00057916876
0.00055317163
0.00049818482
0.00062526794
0.00025651645
0.00049565873
0.00063052574
0.00026058975
0.00058489029
0.00063336842
0.00047684683
0.0040257437
0.0037024959
0.00084690604
0.00048627344
0.00064962701
0.00027766067
0.0004726497
0.00071311014
0.00076444248
0.00047745399
0.000694587
0.00078329802
0.00047065303
0.00071836116
0.00075935319
0.00046792712
0.00073653647
0.00075926548
0.0037463509
0.0029928237
0.00075469132
0.0036966263
0.002981846
0.00075287743
0.0037671501
0.002997366
0.00075586552
0.0038215727
0.0030105954
0.00075876904
0.0006722452
0.00063942437
0.00049258709
0.00049506747
0.00039612532
0.00023663101
0.00071354846
0.00048295837
0.0012718602
0.00074973094
0.0015072492
0.00022554299
0.00125872
0.0026721848
0.00035153398
0.0011953104
0.0025748325
0.00033257637
0.0012795504
0.0026990976
0.00035735396
0.0013465236
0.0027968401
0.00037891881
0.0037940911
0.0037078802
0.00078750513
0.0035167428
0.0037006753
0.000781499
0.0038425594
0.0037118503
0.00078880653
0.0039249688
0.0037218102
0.0007947586
0.0035459527
0.0037690017
0.0008607588
0.0042277759
0.0037003026
0.00084715997
0.0043319811
0.0036961668
0.00084615786
0.00049739603
0.00056614489
0.00055308555
0.00048676482
0.00065609592
0.00027627189
0.00048780604
0.0006750638
0.00027193212
0.001051402
0.00051874555
0.00082370162
0.0010536734
0.00050955777
0.000841262
0.00050927929
0.00062383561
0.00024788599
0.00050192297
0.00063397149
0.00025028236
0.00046957394
0.00078464742
0.00071701833
0.00046642224
0.00080406989
0.00070250967
0.0032162983
0.0029149271
0.00074385333
0.0034118188
0.0029227074
0.00074511033
0.0036111428
0.0029645798
0.00074958638
0.0035573292
0.0029541467
0.00074816228
0.0039389886
0.0030633951
0.00077172926
0.0040241861
0.0030662565
0.00079055757
0.00015534083
0.00018536383
0.0001032084
0.00095546401
0.00043922694
0.0011564605
0.00098800866
0.00043469015
0.0011250318
0.00064672025
0.0005103554
0.0011714992
0.00068884234
0.0012735945
0.0002177045
0.0010950108
0.0024129921
0.00030514659
0.0016322618
0.0031252663
0.00048138814
0.0015565606
0.0030303011
0.00044787034
0.0014603319
0.0029312564
0.00041547123
0.0015324461
0.003015044
0.00044088995
0.0025879381
0.0034973827
0.00061746314
0.0025587017
0.003487654
0.00061245667
0.0040579931
0.003477818
0.00081433845
0.003696529
0.0034871561
0.00081710933
0.00049444328
0.00057226223
0.00055371954
0.00049342597
0.00058384026
0.00055554725
0.00048905792
0.00067727544
0.0002640131
0.0004943041
0.00063924739
0.00026165523
0.00051082922
0.00062663687
0.00024677694
0.00047854148
0.0006878943
0.00078962132
0.00046981424
0.0007750758
0.00072247555
0.00046910248
0.00074630821
0.00074931868
0.0029459379
0.0029181122
0.00074300555
0.0036175246
0.0029696364
0.0007503684
0.0036861653
0.0029783697
0.0007519673
0.0039457406
0.0030465279
0.00076750273
0.0038550645
0.0030151349
0.00075994838
0.001021625
0.00058458674
0.00070147858
0.00064662136
0.00064380665
0.00054326427
0.00036060284
0.00018448121
0.00010628317
0.00051565389
0.00040039799
0.00025499019
0.0010261757
0.00043906631
0.0010690049
0.00099463422
0.00043644056
0.001115262
0.0010194857
0.00043652938
0.0010798205
0.00070084574
0.0004931402
0.0012864279
0.00074326212
0.0014690868
0.00022425743
0.0011131912
0.002445151
0.00031021964
0.0011745468
0.0025453111
0.00032713665
0.0014368396
0.0029127024
0.00040906434
0.0013674667
0.0028217979
0.00038540097
0.0026388063
0.0035759607
0.00065426974
0.0027711945
0.0035815566
0.00065911677
0.0031920416
0.0036450389
0.00069960752
0.0030638315
0.0036420513
0.00069540506
0.0031403309
0.0036997883
0.00077933981
0.0040885356
0.0037236084
0.00079452305
0.0045145243
0.0037305524
0.00085010365
0.0039671532
0.0037617815
0.00086052286
0.004681127
0.0036745337
0.00084116939
0.0044238757
0.0036810819
0.00084390182
0.0040730047
0.0036875699
0.00084504881
0.0043898202
0.0036817876
0.00084463131
0.0043947277
0.0036944521
0.00084521661
0.0036556846
0.0036888979
0.00084516929
0.00049549951
0.00057842585
0.00055493748
0.00049659113
0.00056516789
0.00055108294
0.00048678242
0.00069085191
0.00026484788
0.00048763374
0.0006810775
0.00027011015
0.00062725923
0.00052023614
0.0011901076
0.00063854535
0.0011686391
0.00021162697
0.0006534071
0.0012378132
0.00021428047
0.00074862899
0.00047383865
0.0012890266
0.00075808081
0.00047094703
0.0012846004
0.0042559031
0.003733298
0.00085169049
0.0042774222
0.0037318729
0.00085075267
0.00060931729
0.00087768365
0.00021396978
0.0005130707
0.00037908681
0.00018037828
0.0004112392
0.00037218667
0.00016640608
0.00018501539
0.00038646009
0.00020584311
0.00027422283
0.00038122925
0.00019518949
0.00073790922
0.00047862719
0.0012929631
0.0007281071
0.00048194771
0.0012740523
0.00076118719
0.0016214913
0.00023048937
0.00075650982
0.0015826493
0.00022871628
0.00076526952
0.0016581857
0.00023236826
0.00076969507
0.0016970148
0.0002343504
0.003411676
0.0037752971
0.00081880034
0.0042169184
0.0037356042
0.00085187997
0.0041689417
0.0037374803
0.00085276275
0.0010442234
0.00053627885
0.00079071248
0.0044031271
0.0034436994
0.00079527024
0.004310757
0.0034076828
0.000775168
0.0042946936
0.0034125378
0.00077789845
0.00051380504
0.00060151836
0.00092199162
0.00083817004
0.0017448921
0.00053073426
0.00083284205
0.0017312231
0.00052862156
0.00079937222
0.0016492046
0.0005236096
0.00080525439
0.0016619916
0.00052406342
0.00084375816
0.0017644012
0.00053270543
0.00084921946
0.0017853332
0.000536341
0.00093140058
0.0018143353
0.00053904845
0.00091818284
0.0018054621
0.00053897974
0.0012335758
0.0020932171
0.00056199808
0.0012209275
0.0020807681
0.00056005336
0.0011436887
0.0020071059
0.00055061491
0.0011568392
0.0020200208
0.00055227177
0.0012459351
0.0021051438
0.00056400379
0.001258496
0.0021186543
0.00056593588
0.0013321421
0.0021972111
0.0005826902
0.0013203695
0.002185695
0.00058046439
0.0017615613
0.0023657287
0.00061519789
0.0017433473
0.0023564241
0.00061369492
0.0016361435
0.0023024125
0.00060659593
0.0016540041
0.0023115638
0.00060773688
0.0017795765
0.0023744089
0.00061646834
0.0017980097
0.0023836517
0.00061793941
0.0019088795
0.002437798
0.00062690474
0.0018884986
0.0024278229
0.00062560102
0.0018652644
0.00037103813
0.00065855106
0.00051053348
0.001184914
0.00070761697
0.00131206
0.00021957188
0.00080907383
0.0019495715
0.00025248564
0.00081683643
0.0019997256
0.00025590122
0.0026538272
0.0035183927
0.00062760461
0.0024911
0.0034634301
0.00060220044
0.0028524194
0.003549747
0.00064268483
0.0043273545
0.0034622938
0.00080642403
0.00018702997
0.00026971464
0.00021643236
0.0043854319
0.0034033945
0.00077042308
0.0043918742
0.0033986494
0.0007686496
0.00056748393
0.00055201773
0.0010688307
0.00073651541
0.001539425
0.00052401006
0.00072856366
0.0015296879
0.00052479219
0.00074427796
0.0015506759
0.00052362394
0.00075166623
0.0015619355
0.00052311156
0.00079283286
0.0016355953
0.00052314511
0.00078651853
0.0016234347
0.00052297193
0.00102952
0.001900325
0.00054198374
0.0010172356
0.0018882517
0.00054108556
0.00094396074
0.0018233483
0.00053890208
0.00095649407
0.0018333792
0.00053910368
0.0010416797
0.0019116536
0.00054247301
0.0010541387
0.0019239431
0.00054352425
0.0011306941
0.0019955518
0.00054963109
0.0011175259
0.0019829257
0.00054820127
0.0014763991
0.0022283213
0.0005987356
0.0014579859
0.0022228026
0.00059841112
0.0013437315
0.0022372034
0.00059669349
0.0013574903
0.0022727928
0.00060425743
0.0014942733
0.0022342071
0.00059924603
0.001512328
0.0022420964
0.00060000872
0.0016185146
0.0022936247
0.00060555255
0.0016007049
0.0022848264
0.0006044676
0.0010305863
0.00056551004
0.00073628678
0.00098927054
0.00061915973
0.00063052847
0.00099858719
0.0006118582
0.00064806546
0.00011482981
6.8666308e-05
6.3823555e-05
0.00051836883
0.00040720382
0.00028215943
0.00068107748
0.00050434019
0.001227788
0.00073040074
0.0013973136
0.0002222281
0.00080233064
0.0019193295
0.00024896593
0.00079591471
0.0018777452
0.00024644138
0.0020991321
0.0034294078
0.0005861592
0.0028681774
0.0035986976
0.00066920915
0.0031041826
0.003678482
0.000719964
0.002944638
0.003669064
0.0007123364
0.0029743624
0.0036269228
0.00068517712
0.0031832784
0.0036955494
0.0007274723
0.0032170619
0.0037241223
0.00073751359
0.0034825511
0.0036431609
0.00074904065
0.0043338095
0.003738923
0.00085379424
0.0042138654
0.0037513644
0.00085854546
0.0042870842
0.0032682713
0.00069141318
0.0042632291
0.0032639531
0.00068676486
0.00048920447
0.0005807195
0.00055185355
0.00049789378
0.00062777359
0.00025377697
0.00049708151
0.0006338154
0.00025204448
0.0034600536
0.0029327
0.00074591663
0.0034482292
0.0029307298
0.00074567301
0.0035144119
0.0029451925
0.0007469873
0.0035250763
0.0029467689
0.00074731085
0.0031862811
0.0030232188
0.00077881994
0.00092562893
0.00044036942
0.0011830815
0.00093838085
0.00043713373
0.0011736082
0.00066703036
0.0012455918
0.00021550646
0.0040690758
0.0032868403
0.00069974762
0.0039163537
0.0032908795
0.00070614519
0.00049170678
0.00058389915
0.00055753927
0.00049153189
0.00057740496
0.00055697832
0.00049740645
0.00062353702
0.00025800795
0.00049670711
0.00062795985
0.00025931774
0.00063564959
0.00062553313
0.00046202267
0.00044704053
0.0006112186
0.00044747871
0.00077478556
0.00046990971
0.0012765198
0.00076574089
0.00047032531
0.0012806241
0.0043735114
0.0037289471
0.00084978797
0.0043356383
0.0037304206
0.00084970763
0.0035748533
0.0037053126
0.0008466176
0.0004745844
0.0007071838
0.00076967397
0.00047606367
0.000701049
0.00077577062
0.00046898077
0.00072327846
0.00075648366
0.00046733496
0.00072785041
0.00075721088
0.0037268144
0.00298935
0.00075428295
0.003713617
0.0029851652
0.0007532994
0.0037824046
0.0030014996
0.00075659237
0.0038053951
0.0030073609
0.00075772214
0.00011753069
9.8567089e-05
5.052012e-05
0.00017517826
0.00021641899
9.6494075e-05
0.0003113391
0.00037113845
0.00015785608
0.00018623717
0.00036177044
0.00014016546
0.00038725186
0.00039404651
0.00022936655
0.00072137034
0.00048242494
0.001271903
0.00075268312
0.0015451275
0.00022708266
0.00077891989
0.0017716168
0.00023875261
0.00077408358
0.0017324171
0.00023656809
0.0012370548
0.0026375509
0.00034465507
0.0012164413
0.0026087268
0.00033894763
0.0013010512
0.0027340445
0.00036465387
0.0013230061
0.0027598955
0.00037076015
0.0037616516
0.0037044175
0.00078544997
0.003696152
0.0037011547
0.00078375647
0.003855661
0.003715574
0.00079121167
0.0038945948
0.0037130645
0.00079176448
0.0035171829
0.0037431815
0.00085299532
0.0039685265
0.0037396371
0.00085252427
0.0042763939
0.0036988111
0.00084690997
0.0043128906
0.0036971955
0.00084661263
0.00049716916
0.00054691147
0.00054611568
0.00049750016
0.00055823476
0.00055521755
0.00048727781
0.00066241979
0.00027499189
0.0004875971
0.00066888612
0.00027339272
0.0010463072
0.00052650888
0.00080769084
0.0045931095
0.0034365952
0.00078899284
0.0036681781
0.0034289514
0.00078751607
0.0040571889
0.0034225653
0.00078506869
0.0042282865
0.0034176596
0.00078161609
0.00050579869
0.00048109839
0.00047966415
0.00050701144
0.00062432143
0.00024895618
0.00050464933
0.00062641482
0.00024964884
0.0004688431
0.00079151876
0.00071157425
0.00046793364
0.0007950682
0.00070716037
0.00082235793
0.0017032401
0.00052642754
0.0008274854
0.0017179306
0.00052772245
0.00081671202
0.0016889372
0.00052556641
0.0008113992
0.0016757716
0.00052467879
0.00087403521
0.0018316564
0.00054700167
0.00085493856
0.0018187108
0.00054300104
0.00088977442
0.0018107424
0.00054414493
0.00090456199
0.0017988262
0.00053973178
0.0011954692
0.0020560955
0.00055652621
0.0012084452
0.0020691163
0.00055854184
0.001182746
0.0020444369
0.00055519244
0.0011697263
0.0020313602
0.00055332593
0.0012836203
0.0021419369
0.00057029807
0.0012709993
0.0021318269
0.00056844589
0.0012959209
0.002156867
0.00057366131
0.0013082497
0.0021668627
0.00057597192
0.0017073816
0.0023384024
0.00061113885
0.0017254586
0.0023477316
0.00061262673
0.0016896165
0.0023295936
0.0006101439
0.0016716684
0.0023203711
0.00060878464
0.0018347003
0.0024013113
0.00062088225
0.0018161711
0.0023926303
0.00061935992
0.0018528844
0.002410175
0.0006224572
0.0018711689
0.0024184588
0.00062384098
0.0033473546
0.0029163107
0.00074428699
0.0033940888
0.0029168466
0.00074470021
0.0035889367
0.0029617807
0.00074918524
0.0035801718
0.0029586565
0.00074869906
0.0040293733
0.0031456509
0.00078871622
0.0039112704
0.0031712244
0.00079862382
0.00013786615
0.00014429058
9.0155714e-05
0.00097970964
0.00043310231
0.0011358094
0.00096560803
0.00043736937
0.0011468708
0.000652298
0.0005105278
0.0011852541
0.00069890573
0.0012884073
0.00021879776
0.0008398794
0.0020356011
0.00025840628
0.0016059436
0.0030861799
0.00046708902
0.0015809276
0.0030605448
0.00045841484
0.0014841432
0.0029650707
0.00042455138
0.0015081438
0.002981251
0.00043118805
0.0026200194
0.0035091466
0.00062264268
0.0025251142
0.0034750775
0.00060717616
0.0042420174
0.0034703969
0.00080981393
0.00049365388
0.00057263685
0.0005585939
0.00049374757
0.0005791749
0.00056006825
0.0004912057
0.00065900082
0.00026347254
0.00049277379
0.00064240192
0.00026277358
0.00078439421
0.0004658329
0.0012719387
0.00079920504
0.00045971637
0.0012664533
0.00080858313
0.00045923675
0.0012603834
0.0045751405
0.0037275898
0.00084766703
0.0045927573
0.0033945222
0.00076182613
0.00047998968
0.00067325579
0.00081211611
0.00047933262
0.00068086309
0.00079895857
0.00046999803
0.00076570353
0.00072905326
0.00046965916
0.00075603672
0.00073617649
0.00071970194
0.0015200745
0.00052557218
0.00070962895
0.0015119758
0.00052671031
0.00076609967
0.0015856885
0.00052272002
0.00075910611
0.0015738899
0.00052298306
0.00077308049
0.0015981576
0.0005227285
0.00077972204
0.0016102052
0.00052269866
0.00099288801
0.0018657386
0.00054006233
0.0010052069
0.0018773045
0.00054076658
0.00098089248
0.0018547084
0.00053976735
0.00096862928
0.001843685
0.00053926915
0.0010791304
0.001947691
0.00054530932
0.0010664794
0.0019352299
0.00054410851
0.0010917024
0.001959088
0.00054602291
0.0011046933
0.0019716697
0.00054735177
0.00142034
0.0022184122
0.00059814535
0.0014395439
0.0022198709
0.00059801436
0.0014008178
0.0022324285
0.00060088989
0.0013799159
0.002266476
0.00060578493
0.0015478224
0.0022584723
0.00060161902
0.0015299612
0.0022504006
0.00060087453
0.0015653663
0.0022671681
0.00060256976
0.0015831648
0.0022757424
0.00060352735
0.0025049739
0.0028351696
0.00072401385
0.0036382351
0.0029699778
0.00075049901
0.0036656262
0.0029739965
0.00075145093
0.0038834557
0.0030293526
0.00076379106
0.0038842887
0.0030251805
0.00076232848
0.0010258965
0.00057495748
0.00071981122
0.00085142055
0.00059446341
0.00068398825
0.0010050599
0.00060322845
0.00066592931
8.5297e-05
8.9005818e-05
4.1241257e-05
8.7200358e-05
9.6224691e-05
4.4263172e-05
0.00058633392
0.00017744754
9.6564531e-05
0.00017194984
0.00023565144
0.00011682302
0.00051198709
0.00040447997
0.00026384047
0.0010440982
0.000440733
0.0010409481
0.0010358937
0.00043722223
0.0010556466
0.0010043908
0.00043446695
0.0011035269
0.0010130187
0.00043426865
0.0010911246
0.00069026706
0.00049994911
0.0012653102
0.00073684108
0.0014326552
0.0002230731
0.00078418406
0.0018057263
0.0002412649
0.00078987423
0.0018456714
0.00024358697
0.0011333679
0.002479622
0.00031585892
0.0011535521
0.0025104393
0.00032113224
0.0014135888
0.0028786023
0.00040026753
0.0013905091
0.0028575213
0.0003939127
0.0018685127
0.00325991
0.00053259565
0.0028309831
0.0035933654
0.00066472368
0.0026401841
0.0036639684
0.00070695856
0.003011658
0.0036274431
0.00068913059
0.0033170315
0.0037787461
0.00075952957
0.0032808002
0.0037776577
0.00075641721
0.0033319391
0.0037182644
0.00075782461
0.0033479637
0.0036607442
0.00075189061
0.0043178484
0.0037414092
0.00085541912
0.0041657408
0.0037516003
0.0008587887
0.0044630985
0.0036775778
0.00084345956
0.0044757963
0.003678542
0.00084340868
0.0042845026
0.0036850809
0.00084571425
0.0043419715
0.0036844762
0.00084426459
0.0046345551
0.0036923481
0.00084327183
0.0044252502
0.0036934198
0.00084544661
0.000495845
0.00057271061
0.00055967162
0.00049570939
0.00056430371
0.00055581052
0.00048661812
0.0006824165
0.00026637264
0.00048751176
0.00068708006
0.00026847801
0.00064486991
0.00061292042
0.00053125658
0.0011330067
0.00051061836
0.00045651032
0.00043355074
0.00056411982
0.00074819102
0.00022084149
0.0038516143
0.0029651578
0.0007137365
0.0038518431
0.0029513616
0.00070866537
0.00051171665
0.00045306795
0.00042029274
0.0005640586
0.00073332391
0.00022226487
0.0042805859
0.0038324096
0.00088116019
0.0039610189
0.0030648581
0.0006407589
0.00054157636
0.00056693639
0.000997994
0.00053851853
0.00056705604
0.00099514116
0.0039959371
0.0028965335
0.00066837367
0.00061893503
0.00090282459
0.0002133937
0.0043006742
0.0037906594
0.000868137
0.0038174148
0.0037789209
0.0008222903
0.0010639198
0.00048554441
0.0008917399
0.00057764955
0.0005366726
0.0010990562
0.00055500308
0.0008491689
0.00021232901
0.0036000816
0.0029611506
0.00072409591
0.0039342152
0.0029503366
0.0006957989
0.0038986768
0.0026962309
0.00064607691
0.00047869093
0.00041811612
0.00031479359
0.00064211705
0.0010329146
0.00021034728
0.0044068972
0.0035200656
0.00082991279
0.0039465297
0.0028991987
0.00060938323
0.000294346
0.00027490873
0.00030131963
0.0010628973
0.00048204605
0.00090855661
0.00057197449
0.00054591989
0.0010936936
0.0045364147
0.003654839
0.00084288274
0.00056637159
0.00085286703
0.00021273909
0.00051655301
0.00059885001
0.00092944089
0.003310705
0.0029723481
0.00072695197
0.0039431799
0.0029276091
0.00069025453
0.00033683547
0.00041310214
0.00029451061
0.0006405653
0.0010154922
0.0002106361
0.0021962869
0.0033222057
0.00055143407
0.0022314252
0.0033374786
0.00055607576
0.0042233026
0.0038023558
0.0008378779
0.0035399834
0.0038375465
0.00084448403
0.0043995757
0.0038100674
0.0008398584
0.0043524041
0.0035330075
0.00083579624
0.0045337059
0.00365607
0.00084344327
0.0008691003
0.00045011289
0.0012232651
0.00059544998
0.00053752136
0.0010990526
0.00050684047
0.00047191581
0.00046740803
0.00048962361
0.00059271864
0.00054652718
0.00048476596
0.00061282755
0.00042996192
0.00048606579
0.00062058435
0.00041921514
0.00048265545
0.00059998072
0.00031327813
0.00048460315
0.00061322706
0.00030209133
0.00056140756
0.00078201151
0.00021717885
0.00046540846
0.00083471133
0.00069690907
0.00046780947
0.00082148608
0.00068775197
0.00047161386
0.00082013646
0.00066871105
0.0031506261
0.0028408391
0.00074743423
0.0031078146
0.0028396611
0.00074969394
0.0031664467
0.0028424115
0.00074686238
0.0032122354
0.0028489685
0.00074542901
0.0038105349
0.0029576097
0.00071680528
0.0038828533
0.0029557323
0.0007051742
0.0006413352
0.001118124
0.0002105459
0.00094414915
0.0021530918
0.00027222667
0.00088334374
0.0020678538
0.00026336315
0.00096295108
0.0021814319
0.00027501351
0.0010190395
0.0022787532
0.00028643698
0.0004860552
0.00061857728
0.0004312642
0.00048758769
0.00062654229
0.00044414421
0.00048367746
0.0006040961
0.00031473527
0.00048542496
0.00061143762
0.00032225137
0.0042415219
0.0038855871
0.00086736785
0.0043843207
0.0037153174
0.00084777406
0.00048643555
0.00061093728
0.00050502658
0.00048722432
0.00060959868
0.00051368538
0.00048650377
0.00062046595
0.0003678611
0.00048469107
0.00061326031
0.0003849171
0.00048340245
0.00062871555
0.00028006191
0.00059779562
0.00085934109
0.00021416018
0.00055345819
0.00056365439
0.0010207769
0.00052924144
0.00058158391
0.00098715899
0.00048298822
0.00087167995
0.00062407355
0.00047677207
0.00086346922
0.00064021034
0.00048431468
0.00087571174
0.00062063779
0.00048417655
0.00089719562
0.00061100471
0.002779414
0.0028373545
0.00072693327
0.0028954707
0.0028323672
0.000728847
0.002999541
0.002864306
0.00073862771
0.0033998667
0.0028823824
0.00074267201
0.0033578041
0.0028748714
0.00074345454
0.0034236756
0.0028871696
0.00074309155
0.0034512901
0.002891584
0.00074281716
0.0039626958
0.0029030566
0.00067802203
0.00063090027
0.00094806461
0.00021210342
0.0035111945
0.003666508
0.00076631966
0.0041187428
0.0037807779
0.00082848926
0.00048658127
0.00061349947
0.00049775096
0.0004854222
0.00061030514
0.00048778263
0.00048651364
0.00061981075
0.0003634785
0.00048558373
0.00061308541
0.00035341774
0.00082821908
0.0004552442
0.0012495957
0.00085892372
0.00044983936
0.0012301142
0.00059064358
0.00053766031
0.0010933555
0.00048835181
0.00060062269
0.00053356709
0.00048886613
0.00059216768
0.00054104236
0.00048706297
0.00062423274
0.00039701041
0.00048661062
0.00062330576
0.00041268836
0.00048537153
0.00062303451
0.00028909454
0.00048501635
0.00061579473
0.00029899155
0.00055964508
0.00079724033
0.00021570464
0.00047143039
0.00083649306
0.00065276374
0.00047219939
0.00082373286
0.00066357765
0.00052579817
0.0010114897
0.00057213404
0.00051623972
0.00098223664
0.0005822967
0.00049783088
0.00096001293
0.00060361354
0.00051232816
0.00097225984
0.00058622994
0.00050747376
0.00096465957
0.00059028461
0.00052843012
0.0010222998
0.00056904073
0.00053519781
0.0010537743
0.00056071974
0.00054055017
0.0010979369
0.00055199176
0.00053701468
0.0010656174
0.00055836501
0.00064226541
0.0013609969
0.00052500768
0.00063017993
0.0013247553
0.00052724391
0.00061150311
0.0012784974
0.00053173204
0.00062585062
0.0013122671
0.0005281657
0.00064558155
0.00137337
0.00052439376
0.00065419379
0.0014126724
0.00052407119
0.00066353411
0.0014732242
0.00052667549
0.00065640075
0.0014272805
0.00052394484
0.0022775482
0.002585266
0.00068480057
0.0022694603
0.0026744568
0.00069554645
0.0021571313
0.0025821449
0.00066571624
0.0022456005
0.002670335
0.00069271004
0.0022908528
0.0025840472
0.00068440793
0.0023312843
0.0025930119
0.00068398158
0.0023956572
0.0026115875
0.00068504759
0.0023452673
0.0025961773
0.00068412898
0.0028076878
0.0027407738
0.00070274113
0.002756096
0.0027226618
0.00069902535
0.0026854822
0.0027009003
0.0006952969
0.0027372632
0.002718625
0.00069853975
0.0028278377
0.0027446895
0.00070330475
0.0028798574
0.002763127
0.0007074007
0.0029569522
0.0027852877
0.00071282003
0.0028990404
0.0027669457
0.00070825834
0.0030748687
0.0028795374
0.0007600623
0.0030957365
0.0028423614
0.00075112116
0.003275426
0.0028591633
0.00074398181
0.0032289225
0.0028514315
0.00074518554
0.003796089
0.0029671963
0.00072104778
0.0039159537
0.0029400181
0.00070001292
0.00014282955
0.00022896248
7.9720194e-05
0.0005142849
0.00043476977
0.00035766603
0.00064206228
0.0010973299
0.00021021558
0.00086212253
0.0020570394
0.00026195523
0.0010376023
0.0023087722
0.0002903244
0.0042109755
0.0033188353
0.00071990742
0.0045039962
0.0033036919
0.00070912886
0.00048522626
0.0006141634
0.00046944948
0.00048767114
0.00062687401
0.00044759461
0.0004850174
0.0006099618
0.00033740161
0.00048560466
0.0006122611
0.0003262489
0.0010649521
0.00046520209
0.00095489906
0.00081682327
0.00045891836
0.0012555294
0.004167794
0.0038482293
0.00085443332
0.0042381689
0.0037219927
0.0008491766
0.0042948437
0.0037217206
0.00084871811
0.0044086908
0.0037163969
0.00084661185
0.0044102261
0.0036529735
0.00084064094
0.0043428353
0.0036524045
0.00084237321
0.0043008744
0.0033691205
0.00074930356
0.0040204572
0.0033840209
0.00075816056
0.0036447108
0.0033875589
0.00076194176
0.00048793755
0.00060169909
0.00052880472
0.00048735259
0.0006072947
0.0005189446
0.00048649185
0.00062160544
0.0003942289
0.00048330676
0.00060546968
0.00038862244
0.00048510794
0.0006242354
0.00028725449
0.00048299367
0.00062429391
0.00028164046
0.00059112951
0.00085370692
0.0002140173
0.00055783616
0.00056121427
0.0010338666
0.00052612542
0.00058718033
0.00096173353
0.00047023615
0.00084781936
0.00064979497
0.00047314699
0.00087705784
0.00064790857
0.00049109434
0.00096611894
0.00061066707
0.00048320696
0.00091146992
0.00060958416
0.00054288757
0.0012274332
0.00055591771
0.00054141571
0.0011603915
0.00054651204
0.00054109654
0.0011099701
0.00055044408
0.00054120142
0.0011469293
0.00054686809
0.00055592501
0.001237011
0.0005541048
0.00058220683
0.0012286046
0.00054072192
0.00060638017
0.0012667903
0.00053306328
0.00058887438
0.0012378721
0.00053859319
0.00066613933
0.0015046289
0.00053182757
0.00070161512
0.0015063081
0.00052843109
0.0019957464
0.0025073216
0.00064288575
0.001944534
0.0024810048
0.00063676345
0.001661214
0.0024484787
0.00062890417
0.0019238435
0.0024723656
0.00063484684
0.0020122011
0.0025159144
0.00064498211
0.0020645055
0.0025401331
0.00065185467
0.0021517604
0.002575157
0.00066310944
0.0020863474
0.0025485159
0.00065406597
0.002529286
0.002653091
0.00068891197
0.0024758041
0.002636311
0.00068704913
0.0024100368
0.002615564
0.00068532863
0.0024616262
0.002632489
0.00068684165
0.0025487262
0.0026580114
0.00068941391
0.0025996756
0.0026748098
0.0006917111
0.0026678697
0.0026969003
0.00069494298
0.0026153472
0.0026795597
0.00069220796
0.0029520957
0.0028063336
0.00072026466
0.0029706966
0.0027891539
0.00071408406
0.003005264
0.0028010908
0.00071865306
0.0030971763
0.0029410478
0.0007694909
0.003025122
0.0028794156
0.00074457367
0.0032935821
0.0028626383
0.0007440865
0.0033378121
0.0028702228
0.00074305268
0.0034856008
0.0028949817
0.00074257333
0.0039708015
0.0029370532
0.0006831386
0.00087132042
0.00062614225
0.00061258347
0.00094898718
0.00064112621
0.00056077585
0.00051129697
0.00033398778
0.00013042228
0.00063445337
0.00095997669
0.00021188037
0.0020567607
0.0032731808
0.00053691434
0.0023399856
0.0033780077
0.00057067366
0.0023778215
0.0033919197
0.00057595455
0.003538647
0.003650419
0.00075985663
0.0034619306
0.0036420523
0.00075530033
0.0031721343
0.0036428225
0.00075151787
0.0034153053
0.0036429245
0.00075515088
0.0028399376
0.0036539434
0.00075161901
0.0036805243
0.0036495361
0.0007589044
0.003662098
0.0036785058
0.00077274451
0.0035686106
0.0036672906
0.00076743118
0.0037098823
0.003677383
0.000773091
0.0041646153
0.0037876878
0.00083125434
0.0041877794
0.0036114184
0.00087180606
0.0043228297
0.0035836363
0.00086324553
0.0041928645
0.0033222615
0.00072481628
0.0043272568
0.0033653842
0.00074566942
0.0035783344
0.0033395901
0.00073215894
0.0045570452
0.0033478609
0.00073412107
0.00048447761
0.00060811328
0.00047049149
0.00048574973
0.00061455746
0.00048282391
0.00048446611
0.00060723221
0.00034399382
0.00048461741
0.00060802246
0.00035024033
0.00060670442
0.00053456952
0.0011197619
0.00050923295
0.0004644435
0.00044490171
0.00056401899
0.00075610617
0.00021971961
0.0004975566
0.00062693675
0.00087437311
0.00049930983
0.00062091322
0.00088995909
0.0004956939
0.00063251775
0.00086391466
0.00049359846
0.00063721397
0.00085621723
0.0036503295
0.0029905951
0.00077018697
0.0036340775
0.0029992559
0.00077258974
0.0036560113
0.0029864041
0.00076779256
0.0036692131
0.0029834415
0.00076573567
0.0038300528
0.0029543123
0.0007127352
0.0038720818
0.0029624561
0.00070975182
0.00063635252
0.00051004772
0.001192195
0.00051303538
0.0004487438
0.00040798755
0.00056302789
0.00072758694
0.00022337199
0.0043236603
0.0038512343
0.00088739075
0.0038655334
0.003143394
0.0006429717
0.00049796351
0.00055202823
0.00054642154
0.0004983532
0.00053844717
0.00054178192
0.00051458431
0.00066852835
0.00023738268
0.00051001318
0.00066569606
0.00023783686
0.00054529504
0.00056680417
0.0010031778
0.0005356458
0.00056691985
0.0010017832
0.0038325017
0.0029680404
0.00074051286
0.0038325547
0.0029699713
0.0007424691
0.0038610107
0.0029683012
0.00073887631
0.0038545988
0.0029665039
0.00073709844
0.0040136269
0.0028624642
0.00066879315
0.00062370849
0.00091965138
0.00021285726
0.0042929722
0.0037595098
0.00081526862
0.004316015
0.0037761315
0.00086542578
0.0040184123
0.0037763082
0.00082428302
0.00049765463
0.00054848916
0.00054026136
0.00052069389
0.00066730812
0.00023705518
0.00052601952
0.00065369404
0.00023731043
0.0010609443
0.00049269813
0.00087572149
0.0010593176
0.00050088416
0.000859749
0.00058233684
0.00053711391
0.0010948332
0.0041116766
0.0032317376
0.00066988132
0.0040421804
0.0032379815
0.00067253855
0.00050349268
0.00049753113
0.00050921584
0.00050459723
0.00048877704
0.00049489491
0.00055623136
0.00082678443
0.00021316539
0.0005105282
0.00060319555
0.00091409038
0.00047994059
0.00065594298
0.00083076213
0.00048200269
0.00065377625
0.00082734166
0.0037341235
0.0029742614
0.00075446167
0.0037237663
0.0029753935
0.00075631692
0.0037387401
0.0029673056
0.00072438227
0.0039293521
0.0029349782
0.00069538183
0.00051694936
0.0004217412
0.00033117491
0.00064245532
0.0010552027
0.00021018941
0.0017018585
0.0031751144
0.00049627761
0.001917594
0.0031916742
0.00051506336
0.0018828548
0.0031757209
0.00051069684
0.0044178791
0.003509769
0.0008260569
0.0023684021
0.0004365663
0.00055248398
0.00068073407
0.00023098042
0.00055512698
0.00068117037
0.00023017573
0.00038650538
0.00037991362
0.0003821701
0.0010509904
0.00044813028
0.0010141483
0.00105614
0.0004496466
0.00099938116
0.0010642729
0.00047588658
0.00092282541
0.0036351079
0.0036692253
0.000842599
0.0040844187
0.0036663235
0.00084346712
0.004490207
0.0036575506
0.00084170065
0.0044620558
0.0036582401
0.00084099192
0.0044997295
0.0036534329
0.00084080844
0.0037191127
0.0036541673
0.00084149567
0.0047107572
0.0036567089
0.00083916193
0.00416096
0.0032254019
0.00066547975
0.0041789596
0.003219544
0.00066202725
0.00050263755
0.00051032573
0.0005157408
0.00050185898
0.00051472563
0.00051589877
0.00051169696
0.00062733724
0.00024548224
0.000575225
0.00084748214
0.00021345175
0.0005198054
0.00059588582
0.00094015201
0.00048029229
0.0006651919
0.00082624247
0.0037514004
0.0029740746
0.00075286534
0.0037594701
0.0029728845
0.00075095508
0.0040364815
0.0029581663
0.00072628941
0.0039559731
0.0029450628
0.00068993842
0.0010450712
0.00044402933
0.0010277754
0.00063948464
0.00099518965
0.00021104642
0.0021604729
0.0033046348
0.00054642318
0.001952257
0.0032043771
0.00051859674
0.0019879476
0.0032224111
0.00052346443
0.0022674948
0.003351576
0.00056096234
0.0023712755
0.0035640968
0.00064845309
0.0039289452
0.0037427302
0.00080525358
0.0039590942
0.0037470669
0.00080724674
0.003866256
0.0037396534
0.0008031892
0.0036796047
0.0037415624
0.00080094272
0.0042029048
0.0037888649
0.00083529561
0.0043513042
0.0035460605
0.0008407486
0.0047544534
0.0036561089
0.0008493013
0.00054962906
0.00066838833
0.00023247338
0.0005465818
0.00067057052
0.00023314137
0.00089500059
0.0004422434
0.0012077207
0.00088010577
0.00044694139
0.0012160732
0.00060086692
0.00053650368
0.001108254
0.00050814952
0.00046644077
0.00045524231
0.00048956345
0.00058800538
0.00055068911
0.0004835819
0.00060717022
0.00042979214
0.00048490508
0.00061513327
0.00042723824
0.00048325811
0.0006036256
0.00031158351
0.00048401991
0.00060845804
0.00030773508
0.00056275188
0.00077088168
0.00021831897
0.00050229817
0.00060600519
0.00091367922
0.00050095188
0.0006142312
0.00090910065
0.00048906199
0.00064554389
0.00084040437
0.00049139292
0.00064171057
0.00084763249
0.00046327431
0.00081671472
0.00069831892
0.00046188341
0.00082623638
0.00070040354
0.00046945696
0.00081439403
0.00067908791
0.00047084997
0.00081739959
0.00067331411
0.0031344706
0.0028396689
0.00074804817
0.0031200528
0.002839704
0.00074893363
0.0031810701
0.0028445038
0.00074628809
0.0031965369
0.0028465242
0.00074595593
0.0035048941
0.0030105482
0.00077563101
0.0036869019
0.0029785205
0.00076172684
0.0036751308
0.0029799193
0.00076358781
0.0038266649
0.0029667907
0.00071746171
0.0038639233
0.0029476045
0.00070441568
0.00064098386
0.0011452774
0.0002108774
0.00092430451
0.0021214319
0.00026879491
0.00090464433
0.0020952238
0.00026630161
0.00098195107
0.0022148419
0.00027877563
0.0010004655
0.0022445968
0.0002821119
0.00037752584
0.00043960244
0.0003856115
0.00048687322
0.00062259412
0.00043556525
0.00048743106
0.00062548132
0.00043805898
0.00048459136
0.00060808051
0.00031637895
0.00048512973
0.00061019189
0.00031975368
0.00056256343
0.00071328182
0.00022493353
0.0005618371
0.00070963372
0.0002259359
0.00039717884
0.00053585673
0.00043265533
0.0042804541
0.0038826616
0.00088625567
0.0045844519
0.0037110353
0.00084388345
0.0035879803
0.0031845316
0.0006553585
0.004437616
0.0032032968
0.00064767884
0.00049985062
0.00053364987
0.00053168055
0.0004989912
0.00053583368
0.00053537671
0.00048569108
0.00060342571
0.00050797501
0.00048658932
0.00060677055
0.00050780954
0.00048611748
0.0006191771
0.00037238556
0.00048562783
0.00061745402
0.00037884578
0.00048565029
0.0006428243
0.00027846683
0.00048465855
0.00063577115
0.00027942723
0.00051261956
0.00064609135
0.00024145906
0.00051132671
0.00064663499
0.00023981756
0.00060443044
0.00087085116
0.00021392309
0.00054918452
0.00056584646
0.0010127943
0.00053241022
0.00057531907
0.00100319
0.00048161029
0.00086470031
0.0006286012
0.00047934179
0.00086305721
0.00063276455
0.00048483698
0.00088174422
0.00061665859
0.00048507642
0.00088759875
0.00061431798
0.0029423949
0.002845341
0.00073191876
0.0029658047
0.0028473173
0.00073447302
0.003390046
0.0028812141
0.0007432528
0.00336814
0.002876024
0.00074275467
0.0034298152
0.0028877795
0.00074266873
0.0034559267
0.0028916208
0.00074289311
0.0038054588
0.0029714776
0.00074599088
0.0038084511
0.002969833
0.00074399266
0.0038755806
0.0029636075
0.00073370498
0.003888358
0.0029650743
0.00073502074
0.0040050346
0.0029308657
0.00067618487
0.00069105792
0.00064328499
0.00050918224
0.00092114079
0.00064467216
0.0005265435
0.00014704454
0.00013656761
0.00012960187
0.00062695842
0.0009289877
0.00021272372
0.0029946855
0.0036694163
0.00076254073
0.0033480163
0.0036665749
0.00076400969
0.0040698844
0.0037538204
0.00081215627
0.0041076493
0.0037585839
0.00081465361
0.0044949086
0.0037632334
0.00086107502
0.0040875125
0.0037814144
0.00082689099
0.00048644226
0.00061341281
0.00049212339
0.00048553353
0.00061008358
0.0004890768
0.0004864379
0.00061886267
0.00035998306
0.00048611881
0.00061602289
0.00035596629
0.00053521584
0.00065394571
0.00023627516
0.00053078573
0.00065985634
0.00023646839
0.0008407863
0.00045119473
0.0012430857
0.00085048935
0.00044985686
0.0012361778
0.00058615903
0.00053736861
0.0010849887
0.0035021448
0.0032497925
0.00067897255
0.0038902611
0.0032438423
0.00067770452
0.00050536008
0.00048949553
0.00048350208
0.0004881981
0.00059608821
0.00054051614
0.00048781796
0.00058912571
0.00054164361
0.00048708861
0.00062501652
0.00040258244
0.00048712088
0.00062529493
0.0004061821
0.00048533763
0.00062067704
0.00029221808
0.00048537064
0.00061920069
0.00029491636
0.00055788179
0.00081074122
0.00021472892
0.00050528111
0.00060521064
0.00091095755
0.00050757512
0.00060426287
0.00090950304
0.00048648069
0.00064896653
0.00083387795
0.00048411351
0.00065142977
0.00082944429
0.00047204623
0.00083077852
0.00065567932
0.00047236705
0.00082574585
0.00066003262
0.00052279521
0.0010017353
0.00057540339
0.00051968237
0.00099134954
0.00057877461
0.00050348299
0.00095668418
0.00059526865
0.00053096337
0.0010323113
0.00056606467
0.00053321331
0.0010437843
0.00056340465
0.00053979618
0.0010873778
0.00055404466
0.00053856603
0.0010755643
0.00055588925
0.00063841429
0.0013490856
0.00052564913
0.00063453944
0.0013364271
0.00052640955
0.00061653904
0.0012891126
0.00053039042
0.00062115901
0.0013011856
0.00052925559
0.00064906532
0.0013860417
0.00052413235
0.0006517177
0.0013992426
0.0005238763
0.00066105706
0.0014562095
0.00052536165
0.00065864285
0.0014393327
0.00052435436
0.002263438
0.0025854865
0.00068603853
0.0022740425
0.0026318984
0.00069529031
0.0022000787
0.0026002495
0.00067088468
0.0022135116
0.0026215244
0.00067554648
0.0023049069
0.0025872642
0.00068416475
0.0023164577
0.0025880371
0.00068386117
0.0023777667
0.0026055009
0.00068462358
0.0023638167
0.002601854
0.00068441397
0.002791119
0.0027334895
0.00070107832
0.0027720577
0.002729559
0.00070058169
0.0027026055
0.0027079255
0.0006967422
0.0027201169
0.0027116029
0.00069708236
0.0028433618
0.0027515825
0.0007049314
0.0028626922
0.0027555071
0.00070572008
0.0029354325
0.002777912
0.00071099895
0.0029171915
0.0027741548
0.00071008675
0.0030736448
0.0028532014
0.00075471612
0.0030819326
0.0028459509
0.00075240746
0.0032600223
0.0028575092
0.00074463303
0.0032426116
0.0028532416
0.00074456504
0.0036995488
0.0029774121
0.00075988163
0.003709619
0.0029763336
0.00075804883
0.0037772293
0.0029572437
0.00072058069
0.0039221218
0.0029551032
0.0007009754
0.00051541103
0.00042873437
0.00034592178
0.00064297214
0.0010735987
0.0002102317
0.0010790684
0.0023770516
0.00029975106
0.0010574078
0.002344175
0.00029515569
0.0016499731
0.0031753184
0.00049250041
0.0017769805
0.0031424119
0.00049998298
0.0017400175
0.0031476337
0.00049790283
0.001812668
0.0031516276
0.0005032566
0.0018479078
0.0031649725
0.00050728692
0.0046294366
0.0034980539
0.00081908926
0.0042795601
0.0033130994
0.00071771579
0.0042791866
0.0033099713
0.00071311544
0.00048645899
0.00062045438
0.00046149558
0.00048701659
0.00062362568
0.00045492573
0.00048535616
0.00061120263
0.00033411187
0.00048564053
0.00061264429
0.00032900757
0.00055996681
0.00069586192
0.00022748223
0.00055785545
0.00069283162
0.00022858092
0.00040578331
0.00031828602
0.0003725101
0.00036588525
0.00044546112
0.00041756217
0.0010614549
0.00045895468
0.0009711875
0.001059796
0.0004542272
0.00098516243
0.0010652811
0.00047009695
0.00093762565
0.0039684849
0.0038430997
0.00084914735
0.0040276536
0.0037242276
0.00084920994
0.0036021182
0.0037249562
0.00084882203
0.0043418459
0.0037194495
0.00084801277
0.0043628874
0.0037191471
0.00084804906
0.0043440219
0.0036626076
0.00084324891
0.0042914655
0.0036644723
0.00084289528
0.0043823416
0.0036608814
0.00084226007
0.0044032253
0.0036598476
0.00084245119
0.0044515299
0.0036526252
0.00084189296
0.004130137
0.0036533514
0.00084128043
0.0042416767
0.0033752895
0.00075170157
0.0042054492
0.0033782811
0.00075646299
0.0042645617
0.0032072623
0.00065441463
0.0042282806
0.0032133769
0.00065808543
0.00050047313
0.00052922714
0.00053550345
0.00050084243
0.00051101479
0.00052428578
0.00048699106
0.00059915979
0.00052473238
0.00048692167
0.00060095762
0.00052533152
0.00048573667
0.00061687819
0.00039019073
0.00048451557
0.00061114151
0.00038836882
0.000484642
0.00062564076
0.00028555835
0.00048395316
0.00062494119
0.00028354013
0.0005128635
0.00063593383
0.00024284059
0.00051245991
0.00063320665
0.00024417115
0.00058355407
0.00084740552
0.00021392937
0.00056246926
0.00055708175
0.0010434616
0.00052298443
0.00059178648
0.0009490009
0.00046913143
0.00085614576
0.00064921454
0.00046846382
0.00086953509
0.00065124227
0.00048179568
0.00094696497
0.00061231158
0.0004824112
0.00092516636
0.00060837562
0.00054238333
0.0011960983
0.00054802117
0.00054180002
0.0011765085
0.00054668281
0.00054107186
0.0011218322
0.00054874563
0.00054108422
0.0011332937
0.00054759172
0.00056605514
0.0012267665
0.00054945194
0.00057456751
0.0012216689
0.00054350966
0.00060086804
0.0012567306
0.00053469763
0.00059513379
0.0012462522
0.00053644426
0.00067825993
0.0015262401
0.00053555544
0.00069103508
0.0015170026
0.00053331311
0.0019786062
0.002498877
0.00064075131
0.0019616274
0.0024897415
0.00063878279
0.0018158655
0.0024556162
0.00063097937
0.0018909727
0.0024637754
0.00063279361
0.0020301597
0.0025242299
0.00064728642
0.0020475822
0.002533028
0.00064940413
0.0021241371
0.0025646757
0.00065943038
0.0021007069
0.0025570695
0.00065712025
0.0025083341
0.0026471875
0.00068815322
0.0024948651
0.0026431597
0.00068791047
0.0024282866
0.0026218172
0.0006858617
0.0024426881
0.0026256033
0.00068605894
0.0025671339
0.0026639093
0.00069028093
0.0025806305
0.0026684872
0.00069076139
0.0026493505
0.0026899043
0.00069362809
0.0026332235
0.0026856053
0.00069324686
0.0031025872
0.0028141082
0.00072154111
0.0029909159
0.0027955416
0.00071592222
0.0029798262
0.0027964642
0.00071715786
0.0030872398
0.0029819214
0.00077090073
0.003067188
0.002924357
0.00075605251
0.0033068926
0.0028649586
0.00074343412
0.0033250277
0.0028690306
0.00074373961
0.0035728111
0.0029066591
0.00074231609
0.0034495296
0.0028992573
0.00074284568
0.0037840334
0.0029711745
0.00074746136
0.0037777679
0.002972708
0.00074943127
0.0039253015
0.0029602112
0.00073091726
0.0039006369
0.0029630728
0.00073043681
0.0039652005
0.002918268
0.0006848078
0.00096950774
0.0006319853
0.0005952265
0.00096034148
0.00063712524
0.00057762733
0.00018032115
0.00027665506
0.00012067804
0.0006366971
0.00097965225
0.00021129073
0.0021255427
0.0032910992
0.00054217831
0.0020249943
0.0032372066
0.00052716948
0.002303162
0.0033649949
0.00056592525
0.0024177111
0.003407637
0.00058056601
0.003508353
0.0036414138
0.0007572517
0.0034732702
0.0036452818
0.00075741892
0.0033225482
0.0036417238
0.00075313757
0.0033804251
0.0036386772
0.00075326717
0.0036382533
0.0036740418
0.00077030602
0.0036007525
0.0036732453
0.00076953951
0.0037523436
0.0036847788
0.00077601574
0.0039142252
0.003682986
0.00077566483
0.0040192431
0.0037522245
0.00081085872
0.0039935343
0.0037502502
0.00080882195
0.0032890885
0.003742708
0.00079843637
0.0041728267
0.0037895528
0.00083317375
0.0036820583
0.0036510558
0.00086625639
0.0043196019
0.0035637327
0.00084717844
0.0041369883
0.003328171
0.00072613029
0.003974893
0.0033323693
0.00073123159
0.0043972266
0.003359012
0.00074268454
0.0043483578
0.0033557022
0.00073952129
0.00048523195
0.00061350436
0.00047213155
0.00048592306
0.00061556301
0.00047698247
0.00048353046
0.00060208152
0.00034792969
0.0004834819
0.00060242765
0.00034913604
0.00053917443
0.00066328796
0.00023504992
0.00054330436
0.00065926632
0.00023460101
0.0036883457
0.0024763732
0.00059647837
0.0037206111
0.0025609893
0.0005761314
0.00076227578
0.0030155066
0.0018842856
0.00068151766
0.003415214
0.0019840814
0.00053948961
0.00029945258
0.00023926864
0.0002101162
0.00010578822
8.3002551e-05
4.6519263e-05
8.0202302e-05
0.00012982772
5.0406299e-05
0.00013417874
0.00019018036
7.0948253e-05
0.0001057615
0.00022491326
7.9208749e-05
0.00047731071
9.3931644e-05
7.2915914e-05
0.00058543343
9.9948549e-05
4.4630108e-05
0.00024216595
0.00011068312
5.2380828e-05
0.00026732573
0.00011170547
8.3030274e-05
0.00030134526
0.00025045782
0.00020747737
)
;

boundaryField
{
    inlet
    {
        type            calculated;
        value           uniform 0.046875;
    }
    outlet
    {
        type            calculated;
        value           nonuniform List<scalar> 
102
(
0.046331126
0.046331646
0.046332701
0.046334675
0.046337544
0.046342219
0.046349186
0.046359441
0.046374658
0.047298804
0.047048258
0.046867269
0.046733765
0.046638367
0.04657307
0.046529707
0.046501845
0.046488026
0.046470104
0.046425805
0.046565483
0.046489049
0.04673555
0.046599633
0.046965805
0.046791585
0.047014033
0.04701156
0.046140745
0.046932436
0.041655344
0.045553908
0.026120251
0.039171009
0.0060160321
0.020137317
0.0034420128
0.0048330443
0.0082123796
0.0040187065
0.021657069
0.011453087
0.032182711
0.024672905
0.039276816
0.034241242
0.043724524
0.040609913
0.046234203
0.044504503
0.047531388
0.046646923
0.048121669
0.047732574
0.048202833
0.048187121
0.047878325
0.048150924
0.046409009
0.046391948
0.047529016
0.047727386
0.046453526
0.046438874
0.046536126
0.046510858
0.046684486
0.046639166
0.046910347
0.046850862
0.047045297
0.047040957
0.046530354
0.046780789
0.043437495
0.044689551
0.031449655
0.035810415
0.0091963758
0.014182486
0.0028766622
0.0039966658
0.0055026989
0.0038120899
0.018365876
0.014912978
0.029914892
0.027419639
0.037778948
0.036101901
0.042822411
0.041786679
0.04574696
0.04517433
0.047287496
0.046995189
0.048024998
0.047896165
0.048227225
0.048222277
0.047982171
0.048075483
)
;
    }
    top
    {
        type            slip;
    }
    bottom
    {
        type            slip;
    }
    symFront
    {
        type            empty;
    }
    symBack
    {
        type            empty;
    }
    wing
    {
        type            nutkWallFunction;
        blending        stepwise;
        value           nonuniform List<scalar> 
1073
(
0.00027600506
0.00015836393
0.00011889221
0.0001192023
0.00012006058
0.00012392519
0.00015712951
0.00011964051
0.00014635728
0.00014608922
0.00014642387
0.00012426027
4.2573609e-05
9.3681939e-05
9.1588131e-05
0.00015687791
0.00011976089
0.00014604829
0.00014669294
0.00014669997
0.00013821537
0.00013842796
0.00014398746
0.00011278894
0.0001116285
0.00018963476
0.00014028467
0.00013885997
0.00015277167
0.00013201821
0.00013227309
0.00013194206
0.00013171035
0.00014307061
0.0001399272
0.00015778157
0.00011938813
0.0001131595
0.00011425806
0.00014262281
0.00018957619
0.00018892272
0.00014080795
0.00014246236
5.7379214e-05
0.00013333622
0.00014992165
0.00015522001
0.00015575447
0.00015504702
0.00015451255
0.00013095845
0.00013112003
0.00013091603
0.00013080694
5.9374781e-05
0.00011339297
0.00015567371
0.00012055933
0.00013701823
0.00013557221
0.00013755205
0.00013906137
0.00014268235
0.00014312165
0.00014253706
0.00014212361
0.0001393181
0.00013314031
0.00013259698
0.00018469106
0.00014929862
0.00014744275
9.9951041e-05
0.00010208726
0.00013684754
0.00013841077
0.00015354894
0.00015296721
0.00013264594
0.00013236112
0.00013144282
0.00013163964
0.00013089802
0.00013102327
6.9201324e-05
0.00013897033
0.00013533802
0.00015770178
0.00011943414
0.00013328961
0.00014569262
0.00014363221
0.00014161065
0.00014312347
0.00014626756
0.00014622722
0.00012521782
0.00012554304
0.00018755007
0.00018868297
0.00014471011
0.00014302648
0.00013630498
0.00015592766
0.00015374251
0.00015431974
0.00013273858
0.0001313577
0.00013117577
0.0001308108
0.00013078877
8.5275422e-05
6.5751141e-05
7.2879973e-05
0.00011675334
0.0001288428
0.00013420729
0.00013009487
0.00015607299
0.00012025231
0.00013374529
0.00013510571
0.00014112772
0.00013961819
0.00014651521
0.00014654897
0.000146893
0.00014684581
0.00014328315
0.00014198451
0.00013752515
0.00013910312
0.0001304613
0.0001309886
0.00013165975
0.00013113211
0.00013238786
0.00013184185
0.00018708335
0.00018534343
0.00014523375
0.00014685504
0.00015823087
0.00011843722
0.00011930382
0.00015416685
0.00015366416
0.00013639221
0.00013617786
0.00012034721
9.9179183e-05
9.5505924e-05
0.00010658989
0.00010286802
0.00015461283
0.00015502511
0.00012176644
0.00012132662
0.00012226989
0.00012279833
0.00014067975
0.00013660311
0.00013684759
9.6013032e-05
0.00012358941
0.00012154534
0.00012187696
0.00015844049
0.00013872306
0.00013871924
0.00013901634
0.00013894643
0.00013871646
0.00013877152
0.00013872217
0.00013877271
0.00013758633
0.00013758169
0.0001376912
0.00013765835
0.00013760116
0.00013762207
0.00013803666
0.00013790575
0.00013756429
0.00013762354
0.00013791103
0.00013786033
0.00013752355
0.0001374893
0.00013731659
0.00013734647
6.60657e-05
0.00015736564
0.00011958018
0.00012800917
0.00012918065
0.00014635025
0.00014611941
0.00014645942
0.00012457003
4.1054362e-05
0.00012122111
0.00012088033
0.00015911655
0.00013983645
0.00013993034
0.00013973924
0.00013964105
0.00013909269
0.00013917434
0.00013817687
0.00013824706
0.00013866434
0.00013859939
0.00013810973
0.00013804457
0.00013772918
0.00013776734
0.00013835906
0.00013839858
0.00013824264
0.00013838354
0.00013834526
0.00013828907
0.00013796114
0.00013801737
8.950139e-05
7.6586707e-05
7.871144e-05
4.1207599e-05
0.00012365675
0.00015660692
0.00011987365
0.00012704806
0.00012622993
0.00014600946
0.00014661827
0.00014718987
0.00014703921
0.00014675865
0.00014728314
0.00014759819
0.00014729066
0.00013798878
0.00013866741
0.00011241977
0.00011203232
0.00018980056
0.0001397949
0.00013931078
0.00013210152
0.00013218557
0.00013186269
0.00013178232
0.00013089161
0.00014204005
0.00014094827
0.00011935109
0.00011351404
0.00011388722
0.00018946578
0.00018924022
0.00014134623
0.00014190125
5.549235e-05
5.3635197e-05
0.00015274319
0.00015321001
0.00013575103
0.00013596772
0.00013353568
0.00015540007
0.00015557929
0.00015486998
0.00015462164
0.00013101114
0.00013106619
0.00013087491
0.00013083716
3.4310039e-05
3.5719626e-05
9.1849011e-05
8.8047436e-05
0.00011005799
0.00015534913
0.00012090343
0.00012402771
0.00012340316
0.00013656828
0.0001360478
0.00013801065
0.00013853936
0.00014282454
0.00014297283
0.00014239597
0.00014225977
0.00013731185
0.00013705492
0.00013294442
0.00013276228
0.000182986
0.0001839275
0.00014866906
0.00014805492
9.8085141e-05
0.00012323246
0.00012288571
0.00012254184
0.00012220079
0.00016308753
0.00013737329
0.00013788698
0.0001533525
0.00015315827
0.000138782
0.00013874576
0.00013882845
0.0001388835
0.00013891196
0.00013887198
0.00013886272
0.00013881258
0.00013759258
0.00013758349
0.0001376079
0.00013763038
0.00013769549
0.00013765491
0.00013775073
0.00013781797
0.00013771718
0.00013764537
0.00013774309
0.00013780763
0.00013741664
0.00013744939
0.00013739135
0.0001373475
0.0001325535
0.00013245693
0.0001314948
0.00013156595
0.00013108112
0.00013112112
6.2232163e-05
0.00013658377
0.00013786224
0.0001575915
0.00011951904
0.00012949123
0.00014479697
0.00014421318
0.00014209755
0.00014263599
0.00014630958
0.00014616568
0.00012489147
0.0001880413
0.00018841915
0.00014414985
0.00014358473
0.00015222073
0.00015159326
0.00015090601
0.00013552872
0.00012052402
0.0001562779
0.00015609354
0.00015393599
0.00015413821
0.00014002181
0.00014010735
0.00013945038
0.00013954266
0.00013935595
0.00013926087
0.0001383898
0.00013831779
0.00013846082
0.00013853182
0.0001379241
0.00013798288
0.0001378694
0.00013781402
0.00013844086
0.00013841722
0.00013842946
0.00013844508
0.00013820052
0.00013822925
0.00013813656
0.00013807654
0.00013545407
0.00013130161
0.00013123809
0.00013078836
0.00013078118
8.7449649e-05
8.310067e-05
8.0933181e-05
3.8857499e-05
3.6356557e-05
3.6864936e-05
7.6600124e-05
0.00012021601
0.00012557724
0.00012728894
0.00013284705
0.00013140809
0.00015633528
0.00012003138
0.00012472649
0.00012543289
0.00013416358
0.00013465906
0.00014061159
0.00014009178
0.00014578665
0.00014661036
0.00014696898
0.00014681996
0.00014782903
0.00014789094
0.00014767196
0.00014746161
0.00013776674
0.0001388877
0.00013064354
0.00013081845
0.00013146794
0.0001313005
0.0001320279
0.00013222346
0.00018660125
0.00018604485
0.00014567298
0.0001462379
0.00010452752
0.00015848286
0.00015362613
0.00012420146
0.00012390135
0.00012366389
0.0001510468
0.00012459889
0.00014009128
0.00010493771
0.00015907854
0.00015899757
0.00011760243
0.00011975417
0.00013988599
0.00014061005
0.00010805569
0.00015903038
0.00012213138
0.00012549689
0.00012189553
0.0001130722
0.00013038785
0.00011794775
0.00012651509
0.00010074316
4.4254373e-05
0.00011004655
0.00015909621
0.00012800617
0.00012199591
0.00015852657
0.00012572006
0.00012161672
0.00012712859
0.00011806897
0.00014580292
0.000145838
0.00014007547
0.00014000662
0.00014002754
0.00012677527
0.00012789644
0.0001466608
0.00015882374
0.00016083594
0.00018973471
0.00017819025
0.00017660996
0.00015895721
0.000157156
0.0001230266
0.00015225557
0.00015207586
0.00015148762
0.00013533522
0.00013563477
0.00013523005
0.00013488564
0.00012459454
0.00012293724
0.00011799221
0.00013061666
0.00012994732
0.00013083176
0.00013171766
0.00017885548
0.00018060737
0.00015947582
0.00016133233
0.00014018808
0.00013396092
0.00018701701
0.00018798342
0.00016929493
0.0001711419
0.00015178469
0.00012097103
0.00015913269
0.00015882679
0.00014929885
0.00014987168
0.00014910847
0.00014855361
0.0001354551
0.00013546816
0.00013558809
0.00013353346
0.00013386297
0.00013343031
0.00013313437
0.00012041395
0.00011892405
0.00014467864
0.00014036342
0.0001865395
0.00018537291
0.00016864723
0.00016677023
0.00014967578
0.00014744698
0.00015888864
0.00018930811
0.00018962853
0.00017409035
0.00017597072
0.00015467123
0.00015652906
0.00012269912
0.00015072492
0.00015129311
0.00014617463
0.00014682838
0.00014766768
0.0001470445
0.00014726561
0.0001459567
0.00014528588
0.00014450081
0.00014506572
0.00014112946
0.0001415485
0.00014214529
0.0001416948
0.0001410032
0.00014067047
0.00014035181
0.00014057423
0.00013806933
0.00013818876
0.00013762114
0.00013813289
0.00013803548
0.00013785379
0.00013752815
0.00013775387
0.0001358107
0.00013593669
0.00013616998
0.00013601479
0.00013574265
0.00013563414
0.00013552351
0.00013561564
0.00013592535
0.00013572535
0.00013442223
0.00013477388
0.00012482243
0.00012268259
6.5849784e-05
0.00013961249
0.00011789027
0.00012972737
0.00013204299
0.00011572794
0.00011463548
0.0001829926
0.00018119058
0.00016381749
0.00016191795
0.00011550684
0.00015035285
0.00014002457
0.00013489687
0.00013470529
0.00013413143
0.00012839322
0.00012851721
0.00011886041
0.00011984323
0.00012018414
0.00018907201
0.00018835951
0.00017346799
0.00017167489
0.00015404893
0.0001522995
0.00012123342
0.00015913369
0.00015874362
0.00015054438
0.00015007322
0.00014788042
0.00014837697
0.00014332398
0.00014366594
0.00014430259
0.00014381065
0.0001432676
0.00014287221
0.00014230116
0.00014273911
0.00014034486
0.00014018064
0.00013726202
0.000137257
0.00013729692
0.0001372599
0.00013728304
0.00013735973
0.00013754151
0.0001373978
0.00013684775
0.00013707411
0.00013741916
0.0001371828
0.0001367441
0.00013653644
0.00013625753
0.00013644036
0.00013546186
0.00013551006
0.00013547856
0.00013597361
0.00013568824
0.00013431133
0.00013396864
0.00013303855
0.00012074437
7.4354562e-05
6.7938367e-05
8.4268418e-05
0.00011869161
0.00014580803
0.00014593697
0.00014596227
0.00014550359
0.00014609762
0.00014687923
0.00014627382
0.00014707298
0.00014526669
0.00014396891
0.00014449157
0.00014379866
0.0001402602
0.0001278013
0.00012755432
0.00011607091
0.00011853988
0.00011714783
0.00011750706
0.00018345321
0.00018487623
0.00016451428
0.00016614115
0.00015860788
0.00015603609
0.00012379903
0.00015773333
0.00015785838
0.00015761389
0.00015746053
0.00013048769
0.00013063624
0.00013032589
0.00013015582
0.00012413348
0.00012342812
0.00015801612
0.000148474
0.00012507338
0.0001402551
0.00010666216
0.00018088057
0.00017971986
0.00013299882
0.00013330004
0.0001591096
0.00015884817
0.00012741759
0.00012762216
0.00012720994
0.00012700301
0.00011929921
0.00011945713
0.0001407783
0.00013971063
0.00014049335
0.0001819127
0.0001325462
0.00013201184
0.00010617747
0.00010424563
0.00015891336
0.00011003358
0.0001104216
0.00016928867
0.00016741107
0.00012221199
0.00015834942
0.00015658083
0.00015670277
0.00012903186
0.000129227
0.00012527213
0.00012216292
0.00013352159
0.00011786201
0.00014598909
0.00014586754
0.00014588579
0.00012619257
6.075624e-05
0.00012826456
0.00012773596
4.6006038e-05
0.00012244956
0.00012072391
0.00011173249
0.00013027226
0.00013010486
0.0001291453
0.00012929035
0.00012811429
0.00012882886
0.00012896415
0.00010963125
0.00010924141
0.00017094977
0.00017255364
0.00013576127
0.00012176051
0.00015861023
0.00015646608
0.00012883453
0.00012863479
0.00012594038
0.00012133664
0.00012404071
0.00011826525
0.00014582048
0.00014586813
0.00014582132
0.00014587642
0.00014646571
0.00014147097
0.00014135205
0.00014159417
0.00014171736
0.00014014235
0.00012703511
0.00012785568
0.00012878698
0.00012935078
0.0001448762
0.00014583534
0.00015871728
0.00015846016
0.00018984387
0.00017774005
0.00017723247
0.00015841925
0.00015783716
0.0001233601
0.00015808347
0.00015801084
0.00015719438
0.00015731105
0.00015255877
0.00015242203
0.00015187301
0.00015167983
0.00013543602
0.00013553667
0.00013511425
0.00013499591
0.00013077205
0.00012979673
0.000129979
0.00012436589
0.00012318066
0.00011818736
0.0001303977
0.00013015396
0.00013108596
0.0001313722
0.00014570839
0.00017945689
0.00018002142
0.00016004287
0.00016070638
0.00012558826
0.00012609906
5.1735737e-05
0.00014029553
0.00013373434
0.00010750616
0.00010796991
0.00017713395
0.00017843835
0.00018739011
0.00018769633
0.00016984354
0.00017043764
0.00015054449
0.00015118029
0.00013423829
0.00013371947
0.00012064778
0.00015912475
0.00015887954
0.00014948796
0.00014969014
0.00014891394
0.00014872904
0.00013550395
0.00013553396
0.00013363892
0.00013374987
0.00013332787
0.00013323278
0.00012803016
0.00012782611
0.00012658833
0.00012679655
0.00012002896
6.1470832e-05
6.3655376e-05
3.4979829e-05
0.00011918183
0.00014507029
0.00014487416
0.00014100734
0.00014089684
0.00013950904
0.00014041621
0.00018612276
0.00018568223
0.00016801088
0.00016738157
0.0001309904
0.00013149691
0.00014893202
0.00014814201
0.00015892032
0.00011121905
0.00011082176
0.0001653216
0.00018951192
0.00018959981
0.00017472215
0.00017534777
0.00015525905
0.00015588945
0.00012241443
0.00015808105
0.00015824413
0.00015703427
0.00015687459
0.00015092526
0.00015109054
0.00014638381
0.0001466105
0.00014746237
0.00014571987
0.00014550108
0.00014466497
0.00014488598
0.00014126263
0.00014140039
0.00014199169
0.00014184072
0.00014088803
0.00014077664
0.0001404066
0.00014048329
0.00013811572
0.00013816542
0.0001377139
0.00013789012
0.00013799168
0.00013790293
0.00013759013
0.00013769633
0.00013583464
0.00013590777
0.00013613163
0.00013604864
0.00013572349
0.00013566079
0.00013554767
0.0001355608
0.00013586151
0.00013579972
0.00013453331
0.00013465367
0.00012961019
0.00012941996
0.00012504763
0.00012242864
0.00013659257
0.00011785652
0.00013285687
0.00013243003
0.00014593515
0.00014595934
0.00014597979
0.00014594752
0.00014592844
0.00012586993
0.00011538184
0.0001150181
0.00018241572
0.00018184671
0.00016324205
0.00016260546
0.00012659491
0.00012715223
4.7850135e-05
4.9794656e-05
0.00011741909
0.00011905833
0.00011347548
0.00013998093
0.00013511962
0.00013533194
0.0001345171
0.00013434806
0.00012975888
0.00012994969
0.00012960525
0.00012945115
0.00012823839
0.00012865528
0.00011918479
0.00011950996
0.00010841935
0.00010883123
0.00017579124
0.00017425413
0.00018886519
0.00018868498
0.00017286172
0.00017222549
0.0001533892
0.00015278719
0.00013475592
0.00013525151
0.00012150471
0.00015912112
0.0001586823
0.00015033804
0.00015022796
0.00014802057
0.0001481511
0.00014336897
0.00014351239
0.00014415807
0.00014397733
0.0001431323
0.00014299704
0.0001424533
0.00014259582
0.00014033296
0.00014028506
0.00013725765
0.00013725692
0.00013726756
0.00013727924
0.00013730509
0.00013733129
0.00013748702
0.0001374396
0.00013690644
0.00013701305
0.00013735559
0.00013724577
0.00013668845
0.00013658827
0.0001363006
0.00013639267
0.00013546144
0.00013550613
0.00013549036
0.00013598716
0.00013588515
0.00013419315
0.00013407599
0.00013282682
0.00013295343
0.00012823252
0.00012843449
0.00012638082
0.00012616629
0.00012103994
7.222201e-05
7.0035293e-05
8.0459983e-05
0.00011844983
0.00014580404
0.00014580135
0.00014591266
0.00014598032
0.00014567806
0.00014587656
0.00014667945
0.00014647193
0.00014413968
0.000144317
0.00014362894
0.00014345122
0.00014111383
0.00014123135
0.00014185107
0.0001402019
0.00012793135
0.00012728721
0.00011642264
0.0001167832
0.00011821096
0.00011786933
0.00018385532
0.00018435043
0.00016507937
0.00016547903
0.00013043844
0.00012990398
0.00010280983
9.175071e-05
0.00010585534
8.2821633e-05
7.4632789e-05
3.9535527e-05
4.5298333e-05
4.9044646e-05
5.3408088e-05
5.8770019e-05
4.3595896e-05
4.7181455e-05
5.1226668e-05
5.6059121e-05
3.8201388e-05
)
;
    }
}


// ************************************************************************* //
