/*--------------------------------*- C++ -*----------------------------------*\
| =========                 |                                                 |
| \\      /  F ield         | OpenFOAM: The Open Source CFD Toolbox           |
|  \\    /   O peration     | Version:  2412                                  |
|   \\  /    A nd           | Website:  www.openfoam.com                      |
|    \\/     M anipulation  |                                                 |
\*---------------------------------------------------------------------------*/
FoamFile
{
    version     2.0;
    format      ascii;
    arch        "LSB;label=32;scalar=64";
    class       volScalarField;
    location    "3700";
    object      omega;
}
// * * * * * * * * * * * * * * * * * * * * * * * * * * * * * * * * * * * * * //

dimensions      [0 0 -1 0 0 0 0];

internalField   nonuniform List<scalar> 
38343
(
31.949671
31.949783
31.949875
31.949859
31.949794
31.949764
31.949795
31.949798
31.949844
31.94984
31.949959
31.950018
31.950144
31.9502
31.950394
31.950692
31.95118
31.951444
31.952055
31.953565
31.94998
31.951069
31.952776
31.950067
31.95142
31.952544
31.95215
31.952413
31.951647
31.951428
31.950321
31.950502
31.950148
31.95016
31.950094
31.950085
31.950074
31.949934
31.949752
31.949669
31.899123
31.899228
31.89934
31.89935
31.899324
31.899327
31.899393
31.899421
31.89948
31.899511
31.899664
31.899782
31.89998
31.90024
31.900587
31.901066
31.901561
31.902266
31.903223
31.904693
31.903822
31.904832
31.904303
31.901224
31.904972
31.904704
31.903995
31.903344
31.902627
31.901972
31.900512
31.900717
31.900155
31.900106
31.899934
31.899769
31.899635
31.899445
31.899247
31.899146
31.848735
31.848828
31.848969
31.849014
31.849015
31.849035
31.849138
31.849202
31.8493
31.849375
31.849566
31.849764
31.850053
31.850434
31.850963
31.851678
31.852531
31.853443
31.855043
31.856597
31.85524
31.856449
31.856965
31.85277
31.856517
31.856779
31.855933
31.854884
31.854088
31.853085
31.85088
31.851352
31.850561
31.850261
31.849907
31.849652
31.849416
31.849161
31.848951
31.848835
31.798508
31.798593
31.798748
31.798817
31.798848
31.798897
31.798999
31.799137
31.799275
31.799408
31.799672
31.799942
31.800367
31.800927
31.801674
31.802657
31.803814
31.804977
31.806908
31.809195
31.807475
31.808406
31.808636
31.807038
31.809545
31.809375
31.808281
31.806772
31.805669
31.804599
31.801582
31.802121
31.801185
31.80067
31.80018
31.799766
31.799422
31.799093
31.798867
31.79874
31.748441
31.74852
31.748652
31.748765
31.748825
31.748898
31.749029
31.749191
31.749412
31.749617
31.749935
31.750343
31.750902
31.75167
31.752682
31.753979
31.755502
31.757022
31.759397
31.762096
31.760849
31.762785
31.761118
31.76262
31.76428
31.762559
31.760972
31.759394
31.757833
31.756307
31.752365
31.753357
31.752073
31.751366
31.750716
31.750149
31.749708
31.749295
31.749042
31.748888
31.698528
31.698611
31.69873
31.698865
31.698931
31.699042
31.699196
31.699397
31.69969
31.700001
31.700437
31.700943
31.701699
31.70271
31.704037
31.705699
31.70764
31.709561
31.712434
31.715387
31.714548
31.716399
31.714948
31.713888
31.71827
31.716296
31.713956
31.712353
31.71034
31.708715
31.704423
31.704737
31.703303
31.702372
31.70152
31.700778
31.700235
31.699754
31.699463
31.699291
31.648772
31.648856
31.648973
31.649109
31.649201
31.649335
31.649531
31.649744
31.650117
31.65057
31.651095
31.65181
31.652768
31.654076
31.655781
31.657894
31.660347
31.662723
31.666331
31.669515
31.669767
31.669308
31.672113
31.665946
31.672851
31.671176
31.668089
31.666107
31.663637
31.661292
31.656472
31.656728
31.654926
31.653738
31.652674
31.651796
31.651095
31.650521
31.650177
31.649967
31.599173
31.599255
31.599374
31.599506
31.599619
31.599766
31.599991
31.600274
31.600637
31.60146
31.602159
31.603004
31.604267
31.605949
31.60814
31.610838
31.613965
31.61699
31.621455
31.625466
31.625248
31.625053
31.629039
31.623095
31.629214
31.626587
31.623857
31.62073
31.617603
31.615265
31.610076
31.608761
31.606951
31.605437
31.604078
31.603019
31.602184
31.601558
31.601157
31.600921
31.549725
31.549813
31.549929
31.550062
31.550181
31.550343
31.55062
31.55093
31.55141
31.576581
31.57765
31.578403
31.579722
31.581494
31.583861
31.586879
31.590584
31.59439
31.599239
31.60404
31.603315
31.602545
31.605604
31.600795
31.606328
31.60346
31.600226
31.598187
31.594839
31.592184
31.586263
31.561462
31.559439
31.55752
31.555927
31.554673
31.553694
31.552928
31.552453
31.552165
31.50043
31.500518
31.50064
31.50077
31.500883
31.50108
31.501348
31.501727
31.502426
31.526957
31.540585
31.541942
31.543665
31.545785
31.548599
31.552118
31.555981
31.560224
31.56509
31.5712
31.570844
31.568774
31.570396
31.570018
31.573715
31.570591
31.565488
31.564049
31.560524
31.557418
31.540485
31.515375
31.512343
31.510002
31.50806
31.506539
31.505415
31.50457
31.504022
31.503697
31.451288
31.451378
31.451504
31.451642
31.451759
31.451934
31.452271
31.452643
31.453471
31.477494
31.49128
31.493498
31.495657
31.49817
31.501303
31.505398
31.51031
31.515839
31.521439
31.528689
31.529112
31.528746
31.529903
31.529676
31.530197
31.526875
31.522055
31.519878
31.51595
31.512148
31.495156
31.469475
31.465675
31.462976
31.460692
31.458965
31.457619
31.456556
31.455912
31.455516
31.402296
31.40239
31.402521
31.402655
31.402778
31.40298
31.403341
31.403789
31.404853
31.428481
31.441745
31.444844
31.447164
31.450397
31.454732
31.460195
31.466442
31.473425
31.47999
31.488726
31.489778
31.491289
31.49398
31.492126
31.49036
31.486198
31.481548
31.477384
31.472396
31.467665
31.450646
31.424806
31.419636
31.416489
31.413641
31.411566
31.409987
31.408817
31.408061
31.407623
31.353453
31.353553
31.35368
31.353815
31.353972
31.354184
31.35462
31.355049
31.356188
31.379762
31.393156
31.396562
31.399681
31.403786
31.409271
31.416237
31.42434
31.433327
31.441673
31.452507
31.45438
31.458028
31.462558
31.458182
31.454215
31.449001
31.444074
31.437322
31.43105
31.425092
31.407497
31.380243
31.374182
31.370556
31.367195
31.364785
31.362868
31.361407
31.360512
31.35998
31.304764
31.304865
31.304987
31.305127
31.30529
31.305534
31.305989
31.306537
31.307829
31.331243
31.34487
31.348925
31.352735
31.357888
31.364869
31.373861
31.384503
31.396461
31.407628
31.421558
31.425642
31.4321
31.439142
31.431216
31.424045
31.415317
31.409341
31.399881
31.391719
31.384203
31.365361
31.337211
31.329498
31.325166
31.321007
31.318099
31.315853
31.314245
31.313211
31.312609
31.256222
31.256323
31.256448
31.256596
31.256768
31.257024
31.257628
31.258071
31.259415
31.28267
31.296891
31.30166
31.306326
31.312795
31.321705
31.333409
31.347637
31.363887
31.379582
31.398527
31.406172
31.415252
31.42313
31.41144
31.401383
31.387686
31.378095
31.365709
31.354904
31.345139
31.324582
31.294265
31.28549
31.280396
31.275467
31.272092
31.269376
31.267386
31.266158
31.265443
31.207826
31.207932
31.208072
31.208208
31.208385
31.208661
31.20931
31.209982
31.211589
31.23462
31.248938
31.254789
31.260497
31.268601
31.279974
31.295314
31.314557
31.337249
31.360234
31.38713
31.400769
31.413433
31.420384
31.402941
31.388253
31.368877
31.352527
31.335814
31.321245
31.308123
31.284989
31.25328
31.242369
31.23613
31.230126
31.226075
31.222922
31.220736
31.219315
31.218513
31.159587
31.159686
31.15983
31.160002
31.16015
31.160454
31.161288
31.16184
31.163625
31.186779
31.201284
31.208163
31.215285
31.225413
31.239936
31.260127
31.286494
31.318982
31.353795
31.394132
31.418985
31.436288
31.442442
31.415541
31.388881
31.361155
31.334388
31.311004
31.291403
31.273563
31.247004
31.21251
31.200041
31.192536
31.185483
31.180802
31.177011
31.174333
31.172665
31.171715
31.111495
31.11159
31.111738
31.111919
31.112148
31.112396
31.113278
31.114119
31.116244
31.139197
31.154299
31.161656
31.170747
31.18335
31.201869
31.228505
31.265014
31.312209
31.36729
31.431642
31.47794
31.50457
31.517267
31.455636
31.410527
31.367764
31.325328
31.292396
31.265737
31.241416
31.211195
31.173968
31.158592
31.149388
31.140967
31.135384
31.131029
31.128093
31.126177
31.125116
31.063566
31.063652
31.063798
31.063993
31.064232
31.064613
31.065588
31.066307
31.068603
31.091633
31.107629
31.116132
31.126931
31.142506
31.166035
31.20121
31.252084
31.32237
31.412778
31.522597
31.611041
31.650132
31.608414
31.543273
31.465321
31.393697
31.32824
31.28137
31.244752
31.212844
31.17754
31.135502
31.118039
31.106962
31.097181
31.09074
31.085575
31.082031
31.079806
31.078572
31.015797
31.015885
31.016032
31.016224
31.016482
31.016908
31.018102
31.019139
31.021628
31.044445
31.061296
31.071208
31.08383
31.102934
31.132684
31.179032
31.250346
31.357339
31.509271
31.707677
31.886353
31.959284
31.82198
31.713945
31.571915
31.44645
31.347311
31.279673
31.229548
31.18812
31.146082
31.09958
31.078292
31.064902
31.053429
31.045838
31.039981
31.036093
31.033556
31.032183
30.96819
30.968287
30.96844
30.96864
30.968935
30.969397
30.970644
30.971857
30.975062
30.997854
31.015296
31.026364
31.041229
31.064638
31.101997
31.162782
31.262929
31.427557
31.689433
32.059956
32.444769
32.610913
32.320495
32.037326
31.758254
31.537856
31.387079
31.29009
31.220742
31.167616
31.116857
31.063645
31.039546
31.023602
31.010424
31.001721
30.994867
30.990254
30.987353
30.985777
30.920747
30.920852
30.921019
30.921243
30.921566
30.922093
30.923419
30.924759
30.928249
30.951198
30.969612
30.982008
30.998968
31.026907
31.073757
31.153183
31.293298
31.546467
31.997705
32.722004
33.647775
34.027644
33.268809
32.615551
32.064846
31.684623
31.451731
31.3138
31.219003
31.150925
31.090141
31.030483
31.001482
30.982579
30.967353
30.957229
30.949557
30.944518
30.941238
30.93949
30.873473
30.873587
30.873768
30.874021
30.874389
30.874986
30.876417
30.877963
30.881726
30.904187
30.924115
30.937457
30.957083
30.991653
31.046872
31.14957
31.344878
31.728795
32.503655
34.007218
36.519735
37.327063
35.025643
33.61944
32.543934
31.9008
31.548704
31.352079
31.225051
31.13902
31.065501
30.997163
30.964425
30.942303
30.925019
30.913524
30.904672
30.898807
30.895116
30.893145
30.826368
30.826492
30.826689
30.826974
30.827393
30.828069
30.829614
30.831413
30.835563
30.85788
30.878659
30.893842
30.91656
30.955558
31.025503
31.151261
31.421606
31.97788
33.285426
36.579965
42.721835
43.469979
38.781173
35.342824
33.263191
32.206334
31.681974
31.406997
31.239982
31.13202
31.043556
30.966567
30.927871
30.902176
30.882526
30.869383
30.859601
30.853192
30.849066
30.846898
30.779437
30.77957
30.779785
30.780107
30.780572
30.781347
30.783013
30.78506
30.789619
30.812188
30.83347
30.850439
30.876209
30.92034
31.002365
31.158256
31.510873
32.314276
34.370495
41.499287
60.141411
63.181579
46.262494
38.156703
34.245105
32.607651
31.852738
31.479015
31.263287
31.12968
31.02328
30.93563
30.89222
30.862731
30.840693
30.825942
30.814832
30.807542
30.802981
30.800593
30.732683
30.732823
30.733062
30.733416
30.733937
30.734805
30.736599
30.738885
30.743854
30.766731
30.788646
30.807266
30.836065
30.886246
30.981442
31.170922
31.616873
32.715849
35.853491
49.871486
147.7739
439.39185
61.514383
42.196388
35.529054
33.104652
32.06009
31.567592
31.294358
31.131577
31.00564
30.907105
30.856984
30.823425
30.798701
30.781187
30.769482
30.762015
30.756974
30.754376
30.686103
30.686254
30.686511
30.686903
30.687476
30.68844
30.690352
30.692862
30.698192
30.721342
30.743859
30.763982
30.79569
30.852022
30.959834
31.184538
31.728285
33.150371
37.663377
61.927123
512.07353
90.767765
47.058347
37.017227
33.674917
32.299033
31.669416
31.332242
31.137435
30.9891
30.878376
30.822702
30.784866
30.757429
30.73803
30.724834
30.716482
30.710986
30.708166
30.639699
30.639859
30.640133
30.640563
30.64118
30.642237
30.644264
30.646987
30.652662
30.676078
30.699332
30.720852
30.755202
30.817111
30.937069
31.19499
31.833084
33.573053
39.480723
76.962195
781.66747
121.71411
51.725383
38.556551
34.278125
32.560337
31.782015
31.375728
31.146238
30.975037
30.851089
30.78824
30.744364
30.715258
30.693141
30.679615
30.671165
30.665132
30.662076
30.593472
30.59364
30.593926
30.594388
30.595053
30.596196
30.598337
30.601271
30.607279
30.630919
30.654659
30.677434
30.714161
30.781058
30.912431
31.200196
31.924574
33.951082
41.16213
92.881913
137.58789
55.790581
40.015087
34.885443
32.830123
31.903389
31.423849
31.157216
30.96098
30.824435
30.74909
30.706039
30.673655
30.649878
30.635771
30.626131
30.619473
30.616087
30.547423
30.547597
30.547897
30.548392
30.549101
30.550327
30.552577
30.555705
30.562012
30.585907
30.610086
30.633971
30.672777
30.743958
30.88544
31.198808
31.999627
34.270533
42.607915
108.22984
144.91184
58.573544
41.152681
35.494847
33.043462
32.011786
31.473057
31.171094
30.947187
30.802682
30.719667
30.670926
30.634341
30.607983
30.591478
30.580988
30.573867
30.570268
30.501554
30.501735
30.50205
30.502579
30.503332
30.504638
30.506982
30.510278
30.516838
30.540949
30.565479
30.590291
30.630833
30.705605
30.855537
31.19034
32.055591
34.529045
43.817365
121.10685
146.36867
60.539028
42.293402
35.94489
33.327386
32.136787
31.524049
31.182094
30.939191
30.776526
30.684834
30.63232
30.59293
30.564968
30.547401
30.536163
30.528501
30.524666
30.455861
30.45605
30.456381
30.456943
30.457737
30.459114
30.461544
30.464985
30.471762
30.496053
30.520869
30.546428
30.588318
30.665949
30.822747
31.175143
32.094292
34.732911
44.791241
131.2605
144.3947
61.765368
43.069233
36.329896
33.54443
32.239708
31.556725
31.194856
30.927965
30.748067
30.651764
30.594715
30.552326
30.52253
30.503706
30.491603
30.483394
30.479306
30.410344
30.41054
30.410887
30.411475
30.412307
30.413746
30.416251
30.419817
30.426781
30.451198
30.476247
30.502384
30.545244
30.625043
30.787241
31.154047
32.116934
34.890003
45.563643
137.36487
2514.8334
140.09614
62.341384
43.661828
36.704292
33.739635
32.328999
31.599968
31.200606
30.913464
30.720691
30.620101
30.557622
30.51236
30.48054
30.460324
30.447302
30.438577
30.434238
30.364999
30.365203
30.365562
30.366178
30.367042
30.368536
30.371103
30.374773
30.381889
30.406396
30.431587
30.458143
30.50166
30.583005
30.749402
31.127693
32.12444
35.008146
46.221881
144.29792
1505.6986
134.58191
62.528279
44.111773
37.019706
33.886455
32.409021
31.63621
31.202871
30.898805
30.694226
30.587845
30.520576
30.472629
30.438816
30.41727
30.403354
30.394102
30.389509
30.319828
30.320038
30.320409
30.321051
30.321945
30.323488
30.326104
30.329856
30.33709
30.361631
30.38691
30.413746
30.457696
30.540074
30.709626
31.096361
32.121861
35.070312
46.549896
145.43016
989.56051
128.59269
62.406076
44.421449
37.247214
34.001579
32.482023
31.667865
31.205739
30.883486
30.667033
30.555506
30.483731
30.433179
30.397411
30.374572
30.359765
30.349997
30.345148
30.274826
30.275043
30.275423
30.276092
30.27701
30.278595
30.281251
30.285069
30.292391
30.316927
30.342208
30.369206
30.413427
30.496442
30.668273
31.062613
32.107565
35.099841
46.657133
143.98175
673.75905
122.72471
62.082314
44.587743
37.39919
34.101269
32.541869
31.692179
31.207372
30.8662
30.639422
30.523026
30.446998
30.393971
30.356309
30.332217
30.316538
30.306268
30.301169
30.229992
30.230215
30.230605
30.231293
30.232232
30.233851
30.236537
30.240405
30.247798
30.27229
30.297506
30.324573
30.368945
30.452337
30.625781
31.027061
32.084984
35.116013
46.719967
141.95907
583.33517
117.23053
61.624076
44.641863
37.499328
34.181647
32.587796
31.70991
31.205054
30.846674
30.611216
30.490206
30.410356
30.354937
30.315497
30.290198
30.273688
30.262925
30.257588
30.185324
30.185553
30.18595
30.186653
30.187612
30.189261
30.191967
30.195873
30.203315
30.227747
30.252882
30.279952
30.3244
30.408073
30.583062
30.989391
32.060165
35.125934
46.769241
140.80351
507.39809
112.1556
61.068274
44.626255
37.558373
34.241231
32.617855
31.720732
31.198289
30.82541
30.582282
30.457007
30.373789
30.316038
30.27496
30.248522
30.231208
30.219979
30.214402
30.140822
30.141056
30.141461
30.14218
30.143154
30.144825
30.147551
30.151487
30.158969
30.183296
30.20832
30.235348
30.279846
30.363809
30.54028
30.951599
32.03511
35.124192
46.788061
138.22259
444.18954
107.52154
60.454803
44.551088
37.590457
34.277961
32.632503
31.723002
31.186786
30.80249
30.552508
30.423372
30.33719
30.27727
30.234671
30.207154
30.189092
30.177414
30.171611
30.096481
30.09672
30.097133
30.097865
30.098853
30.100543
30.103283
30.107245
30.114761
30.138983
30.163915
30.190904
30.235463
30.319867
30.49789
30.91442
32.010727
35.12165
46.811116
135.75238
391.90675
103.39577
59.820817
44.430027
37.60153
34.294012
32.635436
31.717544
31.170644
30.777909
30.521793
30.389315
30.300482
30.238633
30.194568
30.166069
30.147309
30.135203
30.129187
30.0523
30.052544
30.052962
30.053708
30.054707
30.056415
30.059167
30.063155
30.070705
30.094792
30.119646
30.146617
30.191285
30.276284
30.456088
30.878214
31.987976
35.125789
46.859169
133.6707
349.98962
99.822859
59.167117
44.276802
37.587432
34.292712
32.628801
31.705321
31.15035
30.751548
30.489964
30.354803
30.263607
30.200029
30.154634
30.125226
30.105821
30.093325
30.08711
30.00828
30.008528
30.008953
30.00971
30.010719
30.012444
30.015207
30.01922
30.026797
30.050744
30.075485
30.102494
30.147365
30.233115
30.415036
30.843444
31.967826
35.137341
46.943947
132.18727
317.02579
96.767148
58.506733
44.098912
37.549649
34.276887
32.614393
31.687616
31.126555
30.723384
30.456995
30.319764
30.226535
30.161398
30.114867
30.084579
30.064591
30.051736
30.045339
29.96442
29.964673
29.965104
29.965869
29.966895
29.968634
29.971411
29.975453
29.983088
30.006833
30.032607
30.060096
30.106262
30.195323
30.385405
30.837187
32.02733
35.412963
48.530923
151.00497
4867.193
315.44009
96.802024
58.332501
43.903965
37.490089
34.248621
32.593057
31.665265
31.099644
30.693331
30.423113
30.284146
30.189222
30.12271
30.075198
30.04409
30.023593
30.010403
30.003842
29.920716
29.920973
29.921411
29.922187
29.923223
29.924981
29.927776
29.931852
29.939551
29.963323
29.987763
30.016617
30.063201
30.15339
30.34605
30.804084
32.01207
35.445654
48.785602
155.51946
3399.3268
292.04655
94.191052
57.633897
43.749178
37.407857
34.211485
32.565708
31.638573
31.069935
30.661119
30.388233
30.247941
30.151625
30.083919
30.035571
30.00373
29.982769
29.969286
29.96257
29.877168
29.87743
29.877874
29.878661
29.879711
29.881486
29.8843
29.888418
29.896183
29.919915
29.944802
29.973428
30.020529
30.111953
30.307404
30.773042
32.000521
35.491416
49.198331
165.39343
2645.2063
274.18656
91.928304
56.961584
43.488378
37.291788
34.154394
32.527656
31.604708
31.036368
30.626876
30.352377
30.21108
30.113719
30.044989
29.995941
29.96352
29.942067
29.928342
29.921494
29.833773
29.83404
29.834491
29.835286
29.836352
29.838148
29.840987
29.845151
29.852993
29.876678
29.901758
29.930515
29.978213
30.07094
30.269262
30.742633
31.990113
35.544952
49.700862
179.29645
2176.7551
259.89332
89.969291
56.333467
43.230112
37.167738
34.091201
32.484709
31.566778
30.999962
30.591393
30.315631
30.173748
30.075468
30.005854
29.956264
29.923348
29.901463
29.887522
29.880559
29.790532
29.790801
29.791261
29.79207
29.793147
29.794967
29.797833
29.802047
29.809976
29.833625
29.858802
29.887842
29.936202
30.030246
30.231352
30.712371
31.978807
35.601682
50.244982
195.77334
1855.6234
248.10089
88.26858
55.7491
42.975108
37.041233
34.023606
32.437371
31.525299
30.961375
30.553932
30.277605
30.135875
30.036888
29.966599
29.916476
29.883187
29.860962
29.846781
29.839735
29.747439
29.747713
29.748181
29.749
29.750096
29.751937
29.754837
29.759109
29.767129
29.790753
29.816025
29.843852
29.894438
29.989774
30.193498
30.68193
31.966131
35.659335
50.810901
213.45243
1622.5034
238.1116
86.758188
55.211314
42.725303
36.914902
33.951714
32.386203
31.480874
30.920783
30.514662
30.238759
30.097127
29.99773
29.927172
29.876628
29.842982
29.820468
29.806091
29.798978
29.704495
29.704777
29.705249
29.706082
29.707197
29.709063
29.711996
29.716327
29.724443
29.748051
29.773432
29.802062
29.852857
29.949436
30.155605
30.651088
31.952482
35.717624
51.399326
231.29719
1447.0883
229.42669
85.391089
54.71087
42.484135
36.790353
33.876386
32.331736
31.434128
30.878386
30.474137
30.199162
30.057849
29.958204
29.887351
29.836689
29.80275
29.779998
29.765411
29.758255
29.661698
29.661984
29.662466
29.663312
29.664445
29.666336
29.669307
29.673701
29.681913
29.705516
29.731006
29.760009
29.811355
29.909171
30.117659
30.619808
31.93803
35.775532
52.008184
248.59739
1311.3853
221.7176
84.152422
54.24586
42.254157
36.668329
33.799278
32.274943
31.385636
30.834458
30.432569
30.15889
30.018065
29.918319
29.847298
29.796469
29.762352
29.739531
29.72477
29.717517
29.619047
29.619337
29.619828
29.620685
29.621838
29.623761
29.626763
29.631226
29.639533
29.663135
29.688738
29.718073
29.768615
29.868933
30.079632
30.588048
31.922698
35.832353
52.631761
264.85775
1201.8295
214.79989
83.015081
53.810085
42.037196
36.549547
33.721554
32.216275
31.335897
30.789337
30.390156
30.118024
29.977813
29.878094
29.807015
29.756094
29.721857
29.698923
29.684144
29.676783
29.576537
29.57683
29.577332
29.578202
29.579376
29.581324
29.584365
29.588891
29.597294
29.620899
29.646606
29.676198
29.727476
29.828686
30.041487
30.55582
31.906541
35.887972
53.265331
279.76048
1111.1274
208.5578
81.96456
53.403063
41.833638
36.434171
33.643893
32.156346
31.28531
30.743363
30.347043
30.076635
29.937124
29.837548
29.766502
29.715554
29.68125
29.65824
29.643408
29.636016
29.534167
29.534469
29.534976
29.535861
29.537053
29.539031
29.542109
29.546696
29.555189
29.578802
29.604603
29.634426
29.686343
29.788399
30.003194
30.523114
31.889622
35.942507
53.904063
293.12481
1034.8014
202.89751
80.987819
53.014546
41.643344
36.322184
33.566767
32.095652
31.234163
30.696811
30.303331
30.034791
29.896043
29.796709
29.725771
29.674855
29.640528
29.617476
29.60261
29.595198
29.491935
29.49224
29.492758
29.493657
29.494868
29.496871
29.499985
29.504636
29.513213
29.536831
29.562715
29.593507
29.64523
29.748053
29.964736
30.489959
31.872065
35.996015
54.544669
304.88999
969.68299
197.74402
80.077472
52.650655
41.465883
36.213415
33.490474
32.034619
31.182661
30.649853
30.259136
29.992547
29.854609
29.755599
29.684829
29.633994
29.599684
29.576619
29.561738
29.554315
29.449841
29.450151
29.450674
29.451586
29.452819
29.454848
29.457996
29.462703
29.471357
29.494983
29.520934
29.552586
29.604129
29.707644
29.926113
30.456412
31.853914
36.048258
55.184945
315.09127
913.44896
193.02086
79.226454
52.311173
41.299059
36.107652
33.415179
31.973594
31.130962
30.602578
30.214571
29.949967
29.81287
29.714249
29.643695
29.592984
29.558722
29.535669
29.52079
29.513364
29.407879
29.408191
29.408726
29.40965
29.410898
29.412954
29.416133
29.420896
29.42962
29.453249
29.479256
29.511096
29.56304
29.667176
29.887338
30.422532
31.835164
36.098849
55.822842
323.79338
864.38161
188.65853
78.427423
51.991745
41.141867
36.004745
33.340941
31.912848
31.079217
30.55504
30.169731
29.907102
29.770864
29.672681
29.602382
29.55183
29.517642
29.494622
29.479759
29.472338
29.366046
29.366365
29.366907
29.367843
29.36911
29.371186
29.374397
29.37921
29.387996
29.411625
29.437656
29.469678
29.521968
29.626661
29.848436
30.38837
31.815815
36.147852
56.456098
331.10027
821.1915
184.60747
77.676643
51.689796
40.992999
35.904517
33.26782
31.852584
31.027566
30.50731
30.124687
29.86401
29.728638
29.630927
29.560914
29.510547
29.476454
29.453486
29.43865
29.43124
29.324344
29.324667
29.325215
29.326162
29.327447
29.329543
29.332782
29.337638
29.346481
29.370108
29.396168
29.428314
29.48092
29.586112
29.809434
30.353956
31.79588
36.195174
57.083317
337.14935
782.87787
180.83336
76.970802
51.405774
40.850515
35.80673
33.195893
31.792976
30.976132
30.459471
30.079495
29.82074
29.686225
29.589009
29.519304
29.469145
29.435163
29.412262
29.397462
29.390068
29.282768
29.283093
29.283651
29.284608
29.285905
29.288023
29.291286
29.296184
29.305074
29.328693
29.354776
29.387011
29.439903
29.545545
29.770355
30.319306
31.775376
36.240704
57.703895
342.07688
748.6376
177.30696
76.304029
51.136445
40.71296
35.711184
33.125234
31.734162
30.925
30.411614
30.034206
29.777341
29.643665
29.546958
29.477576
29.42764
29.393784
29.370959
29.356203
29.348831
29.241315
29.241646
29.24221
29.243174
29.24449
29.246623
29.249905
29.254836
29.26377
29.287378
29.313476
29.345776
29.398922
29.504975
29.731216
30.284432
31.754318
36.284535
58.316889
346.00891
717.82772
174.00386
75.671566
50.879006
40.579584
35.61771
33.055891
31.676235
30.874207
30.363816
29.988861
29.733853
29.600988
29.504795
29.435747
29.386044
29.352322
29.329584
29.314878
29.307529
29.199989
29.200322
29.20089
29.201864
29.20319
29.20534
29.208639
29.213603
29.22257
29.246161
29.272274
29.304602
29.357985
29.464418
29.692026
30.249341
31.7327
36.326724
58.920496
349.04269
689.93858
170.90116
75.070758
50.63323
40.449632
35.526179
32.987878
31.619234
30.823749
30.316132
29.943494
29.690313
29.558227
29.462547
29.393837
29.344374
29.310793
29.288149
29.273497
29.266175
29.158782
29.159116
29.159695
29.160674
29.162009
29.164171
29.167483
29.172474
29.181469
29.20504
29.231147
29.263502
29.317098
29.423887
29.652794
30.214036
31.710506
36.367257
59.512729
351.28969
664.56727
167.97672
74.493233
50.397761
40.322279
35.436546
32.921182
31.563153
30.773602
30.268592
29.898135
29.646748
29.515405
29.420235
29.351861
29.302642
29.269206
29.246659
29.232065
29.224772
29.117697
29.118036
29.118615
29.119601
29.120945
29.123118
29.126442
29.131454
29.140471
29.164024
29.190103
29.222462
29.276266
29.383393
29.613532
30.17852
31.687744
36.40613
60.091828
352.82961
641.39165
165.21226
73.938621
50.169626
40.197494
35.348795
32.855766
31.50795
30.723734
30.221214
29.852812
29.603184
29.47255
29.377882
29.30984
29.260866
29.227577
29.20513
29.190595
29.183333
29.076728
29.077069
29.077651
29.078641
29.079994
29.082174
29.085508
29.090538
29.099571
29.123095
29.149147
29.180312
29.235495
29.342945
29.574254
30.142811
31.664473
36.443433
60.656332
353.75187
620.1435
162.59273
73.40959
49.948906
40.075356
35.262933
32.791572
31.453561
30.674122
30.174006
29.80755
29.559638
29.42968
29.335503
29.267786
29.219055
29.185913
29.163568
29.149093
29.141863
29.035877
29.036218
29.036804
29.037799
29.039156
29.041344
29.044687
29.04973
29.058771
29.08226
29.108279
29.139725
29.194787
29.302549
29.534974
30.106936
31.640791
36.47931
61.20497
354.12764
600.59266
160.10158
72.903362
49.736747
39.95601
35.178992
32.728529
31.3999
30.624751
30.126977
29.762371
29.516126
29.386818
29.293117
29.225717
29.177225
29.144229
29.121986
29.107572
29.100374
28.995139
28.995482
28.996072
28.997069
28.998429
29.000623
29.003968
29.009023
29.018072
29.041522
29.067507
29.099065
29.154145
29.262208
29.495705
30.070928
31.616794
36.513877
61.736806
354.0258
582.53931
157.72619
72.414482
49.532623
39.839491
35.097004
32.666548
31.34687
30.575612
30.080137
29.717295
29.472663
29.343977
29.250738
29.183644
29.135386
29.102533
29.080391
29.066038
29.058872
28.954518
28.954861
28.955454
28.956455
28.95782
28.960013
28.963359
28.968423
28.97748
29.000882
29.026826
29.05841
29.11352
29.221925
29.456456
30.034818
31.592544
36.547174
62.251329
353.51858
565.81289
155.45904
71.942223
49.335439
39.725819
35.016956
32.605526
31.294368
30.526703
30.033494
29.672338
29.429259
29.301175
29.208381
29.141582
29.093552
29.060839
29.038797
29.024502
29.01737
28.91401
28.914353
28.914946
28.91595
28.917316
28.919511
28.922855
28.927925
28.936982
28.960339
28.986232
29.017836
29.071505
29.181704
29.417235
29.99863
31.568068
36.579164
62.747979
352.66371
550.26868
153.29401
71.484523
49.144383
39.614943
34.938791
32.545344
31.242293
30.478022
29.987055
29.627512
29.385927
29.258421
29.166055
29.099539
29.05173
29.019153
28.997208
28.982972
28.975871
28.873614
28.873959
28.874552
28.875558
28.87693
28.879119
28.882462
28.88753
28.896587
28.919891
28.945736
28.977342
29.031209
29.141531
29.378047
29.96239
31.543362
36.609759
63.225847
351.51509
535.77669
151.22439
71.042738
48.958344
39.506816
34.862413
32.485878
31.190554
30.429573
29.940825
29.582826
29.342674
29.21573
29.123772
29.05753
29.009933
28.977488
28.955637
28.941457
28.934388
28.833331
28.833674
28.834269
28.835275
28.836645
28.838833
28.842171
28.847241
28.856292
28.879543
28.905333
28.936937
28.990893
29.098853
29.338896
29.926121
31.518418
36.638867
63.683841
350.12293
522.2227
149.24185
70.614929
48.77878
39.401327
34.787719
32.427017
31.139083
30.381359
29.894804
29.538286
29.299513
29.173107
29.081541
29.01556
28.968167
28.935849
28.914089
28.899964
28.892925
28.79316
28.793504
28.794097
28.795103
28.79647
28.798661
28.801992
28.807056
28.816099
28.839293
28.865024
28.896627
28.950656
29.058876
29.299694
29.889843
31.493225
36.666424
64.121148
348.53275
509.51141
147.34195
70.200194
48.605182
39.298265
34.714609
32.368661
31.087829
30.333383
29.848987
29.493895
29.256444
29.130565
29.03937
28.97364
28.926443
28.894246
28.872574
28.858502
28.851493
28.753098
28.753443
28.754036
28.755038
28.756407
28.758589
28.761917
28.766982
28.776012
28.799148
28.824812
28.856411
28.910513
29.018994
29.25562
29.853572
31.467783
36.692427
64.537666
346.78532
497.55925
145.52373
69.801082
48.437068
39.197219
34.642874
32.310727
31.036765
30.285649
29.803368
29.449656
29.213485
29.088106
28.997266
28.931776
28.884764
28.852684
28.831097
28.817075
28.810095
28.713149
28.713492
28.714086
28.715086
28.71645
28.718629
28.721948
28.727006
28.73603
28.759102
28.784701
28.816287
28.870455
28.979183
29.216733
29.806431
31.44209
36.716943
64.934059
344.91807
486.28773
143.77476
69.416869
48.273453
39.098202
34.572295
32.253164
30.985883
30.238155
29.757943
29.405571
29.170629
29.045739
28.955236
28.889976
28.843142
28.811173
28.789666
28.775693
28.76874
28.67331
28.673655
28.674248
28.675239
28.6766
28.678774
28.682085
28.687134
28.696145
28.719156
28.744689
28.776261
28.830492
28.939459
29.177919
29.76982
31.388245
36.739267
65.31138
342.96083
475.61302
142.08435
69.044647
48.112696
39.001245
34.502746
32.195954
30.935196
30.1909
29.712707
29.36164
29.127894
29.003468
28.913285
28.848245
28.801578
28.769716
28.748285
28.734358
28.727432
28.63358
28.633926
28.634517
28.635503
28.636863
28.639028
28.642327
28.647369
28.656368
28.67931
28.704775
28.73634
28.790629
28.899826
29.139183
29.733923
31.362423
36.676961
65.228316
340.92622
465.37233
140.45336
68.683878
47.954003
38.906055
34.434117
32.13911
30.884731
30.143882
29.667662
29.317867
29.08527
28.961298
28.871418
28.806589
28.760081
28.728321
28.706963
28.69308
28.686179
28.59396
28.594305
28.594892
28.595876
28.59723
28.599389
28.602677
28.607709
28.616693
28.639569
28.664959
28.696512
28.750865
28.860288
29.100523
29.698074
31.336667
36.699597
65.552975
336.05654
456.54891
139.35635
68.332557
47.797322
38.812251
34.366306
32.082658
30.834524
30.097097
29.622808
29.274252
29.042776
28.919231
28.829639
28.765012
28.718654
28.68699
28.665701
28.65186
28.644983
28.554451
28.554793
28.555379
28.55636
28.557708
28.559857
28.563134
28.568157
28.577124
28.599931
28.62525
28.656785
28.711197
28.820843
29.061944
29.662267
31.310656
36.721114
65.891908
334.04496
447.24908
137.82057
67.991299
47.643214
38.719695
34.299231
32.02663
30.784609
30.050543
29.578151
29.230799
29.000398
28.877272
28.787953
28.723519
28.677303
28.645731
28.624506
28.610706
28.603851
28.515048
28.51539
28.515978
28.516953
28.518291
28.520433
28.523698
28.528709
28.537661
28.5604
28.585644
28.617162
28.67163
28.781493
29.023441
29.626491
31.284428
36.74158
66.213128
332.00314
438.29282
136.33969
67.661396
47.491614
38.628243
34.232833
31.971059
30.735019
30.004215
29.533691
29.187507
28.958157
28.835423
28.746362
28.682112
28.63603
28.604544
28.583381
28.569618
28.562786
28.475757
28.476098
28.476681
28.477656
28.478988
28.481117
28.484368
28.489373
28.49831
28.520975
28.546139
28.577644
28.632167
28.742244
28.985019
29.590716
31.257911
36.760817
66.518076
329.94562
429.67427
134.90839
67.341207
47.342523
38.537847
34.167072
31.915972
30.685774
29.958107
29.489432
29.144381
28.916035
28.793687
28.704871
28.640797
28.594841
28.563437
28.542331
28.528604
28.521792
28.436574
28.436912
28.437493
28.438464
28.439792
28.441913
28.445153
28.450143
28.459059
28.48165
28.506738
28.538231
28.592805
28.703087
28.946662
29.554955
31.231137
36.77861
66.806295
327.87521
421.39793
133.52725
67.030186
47.195919
38.448583
34.101939
31.86139
30.636889
29.912214
29.44537
29.101419
28.874055
28.752063
28.663481
28.599574
28.553737
28.52241
28.501358
28.487665
28.480872
28.397501
28.397836
28.398413
28.399378
28.400702
28.402812
28.406039
28.411017
28.419913
28.442433
28.467445
28.49892
28.553542
28.664031
28.908382
29.519183
31.204053
36.795172
67.075285
325.76588
413.4633
132.19171
66.728583
47.051955
38.36057
34.037445
31.807331
30.588372
29.86653
29.401503
29.058624
28.832194
28.710556
28.622195
28.558447
28.512723
28.481468
28.460466
28.446805
28.440031
28.358533
28.358869
28.359444
28.3604
28.361718
28.363819
28.36703
28.371998
28.380876
28.40332
28.428259
28.459715
28.514384
28.625069
28.870163
29.483403
31.176733
36.810337
67.326945
323.62219
405.86762
130.90353
66.436132
46.91103
38.273999
33.973631
31.753808
30.540221
29.821052
29.357826
29.015997
28.790477
28.669164
28.581015
28.517418
28.4718
28.440611
28.419657
28.406026
28.399269
28.319677
28.320011
28.32058
28.321533
28.322842
28.324934
28.328132
28.333087
28.341946
28.364314
28.389175
28.420621
28.475325
28.586202
28.832017
29.447619
31.149164
36.824285
67.561805
321.45624
398.59236
129.66013
66.152486
46.773196
38.188885
33.910551
31.700827
30.492429
29.775779
29.314335
28.973538
28.748879
28.627889
28.539942
28.476489
28.430971
28.399845
28.378935
28.365332
28.358591
28.280928
28.281258
28.281826
28.282772
28.284074
28.286155
28.289338
28.294283
28.303123
28.325418
28.3502
28.38163
28.436376
28.547437
28.793946
29.411843
31.121375
36.836809
67.778869
319.28119
391.61184
128.45808
65.877197
46.638449
38.105178
33.848251
31.648383
30.444979
29.730712
29.271026
28.931248
28.707428
28.586731
28.498978
28.43566
28.390237
28.359169
28.3383
28.324723
28.317997
28.242289
28.242616
28.243178
28.24412
28.245415
28.247483
28.250656
28.255586
28.264407
28.286625
28.311331
28.342744
28.397533
28.508775
28.755948
29.376088
31.093433
36.848385
67.982154
317.10847
384.896
127.29074
65.608985
46.50669
38.022799
33.786755
31.596463
30.397847
29.685853
29.227897
28.889127
28.666094
28.54569
28.458123
28.394935
28.349601
28.318587
28.297757
28.284204
28.277492
28.203754
28.204081
28.20464
28.205576
28.206862
28.20892
28.212077
28.216997
28.225803
28.247946
28.272574
28.303966
28.358795
28.470216
28.718031
29.34036
31.06532
36.858701
68.169803
314.94601
378.40212
126.15439
65.346452
46.377916
37.941683
33.726072
31.545042
30.351008
29.641204
29.184947
28.847173
28.624907
28.504767
28.417379
28.354313
28.309063
28.278099
28.257304
28.243774
28.237075
28.16533
28.165655
28.16621
28.167138
28.168418
28.170464
28.173609
28.17852
28.187306
28.20937
28.233927
28.265296
28.320168
28.431759
28.680198
29.30466
31.037066
36.868085
68.345913
312.79819
372.11803
125.04757
65.088819
46.252161
37.861777
33.6662
31.494091
30.304435
29.596768
29.142173
28.805386
28.583835
28.463962
28.376746
28.313795
28.268626
28.237707
28.216945
28.203436
28.196749
28.127013
28.127334
28.127887
28.128808
28.130079
28.132118
28.135247
28.140145
28.148916
28.170901
28.195385
28.226735
28.281652
28.393407
28.64245
29.269012
31.008728
36.876493
68.508281
310.66704
366.03902
123.96958
64.835621
46.129247
37.783026
33.607124
31.443579
30.258106
29.552551
29.099577
28.763762
28.542914
28.423275
28.336225
28.273383
28.228289
28.197412
28.176681
28.163191
28.156515
28.088804
28.089123
28.08967
28.090589
28.091848
28.093878
28.096995
28.101885
28.11063
28.132539
28.156952
28.188288
28.243251
28.355164
28.604796
29.233415
30.980294
36.884105
68.660286
308.55501
360.16075
122.91731
64.5859
46.008883
37.705369
33.548817
31.393476
30.212004
29.508557
29.057159
28.722298
28.502104
28.382706
28.295816
28.233077
28.188055
28.157217
28.136513
28.123042
28.116376
28.050701
28.051019
28.051564
28.052472
28.053725
28.055743
28.05885
28.063726
28.072456
28.094288
28.118628
28.149951
28.204965
28.317029
28.567235
29.197877
30.95182
36.891011
68.800001
306.46542
354.48055
121.8896
64.339509
45.890658
37.628723
33.491243
31.343751
30.166114
29.46479
29.014919
28.680991
28.461447
28.342256
28.255519
28.192877
28.147923
28.11712
28.096442
28.082986
28.076331
28.012707
28.013023
28.013562
28.014466
28.015711
28.017721
28.020814
28.025677
28.034388
28.056145
28.080415
28.111722
28.166794
28.279004
28.529772
29.162414
30.923291
36.897158
68.929034
304.40409
349.01089
120.88596
64.096567
45.774439
37.553007
33.434352
31.294379
30.12043
29.421253
28.972861
28.639837
28.4209
28.301923
28.215334
28.152785
28.107895
28.077124
28.056469
28.043029
28.036382
27.97482
27.975131
27.975668
27.976566
27.977803
27.979803
27.982882
27.987735
27.996429
28.018114
28.042315
28.073605
28.128733
28.241089
28.492408
29.127016
30.894732
36.902596
69.047424
302.37431
343.72999
119.90395
63.856234
45.659797
37.478143
33.378091
31.245338
30.074945
29.377947
28.930985
28.598832
28.380507
28.26171
28.175262
28.112801
28.067971
28.037228
28.016594
28.003168
27.996529
27.93704
27.93735
27.937882
27.938772
27.940003
27.941992
27.945059
27.9499
27.958577
27.980189
28.004325
28.0356
28.090786
28.203279
28.455148
29.091704
30.866212
36.907697
69.157381
300.38025
338.61044
118.94235
63.618353
45.546396
37.404021
33.322416
31.19661
30.029656
29.334868
28.88929
28.557972
28.34022
28.221616
28.135304
28.072925
28.028152
27.997435
27.97682
27.963406
27.956774
27.899365
27.899674
27.900202
27.901086
27.902312
27.904289
27.907342
27.912175
27.920836
27.942372
27.966441
27.997707
28.052954
28.165578
28.417993
29.056474
30.837657
36.912118
69.258768
298.42402
333.63513
117.99736
63.382546
45.433948
37.330514
33.267279
31.148173
29.984558
29.292009
28.847773
28.517254
28.300091
28.181642
28.095459
28.033158
27.988438
27.957744
27.937145
27.923742
27.917117
27.8618
27.862106
27.862629
27.863508
27.864726
27.866693
27.869734
27.874556
27.883204
27.904667
27.928666
27.959931
28.015236
28.127987
28.380944
29.021325
30.809185
36.916367
69.354314
296.50678
328.79281
117.06749
63.148071
45.32217
37.25745
33.212591
31.100003
29.93965
29.249361
28.806429
28.476675
28.260064
28.141786
28.055727
27.9935
27.948829
27.918156
27.897572
27.884179
27.87756
27.82434
27.824644
27.825162
27.826035
27.827244
27.829203
27.832232
27.837045
27.845681
27.86707
27.891001
27.922267
27.977632
28.090509
28.344009
28.986263
30.78075
36.920275
69.442826
294.62993
324.07773
116.15181
62.914407
45.210748
37.184724
33.15826
31.052077
29.89493
29.206913
28.765254
28.436231
28.220195
28.102051
28.016109
27.953952
27.909326
27.878671
27.858099
27.844715
27.838101
27.786988
27.787288
27.787804
27.788673
27.789874
27.791821
27.794837
27.799643
27.808263
27.82958
27.853446
27.884714
27.940145
28.053144
28.307192
28.951306
30.752381
36.924092
69.526282
292.79337
319.48512
115.24927
62.681228
45.099333
37.112404
33.104243
31.004383
29.850399
29.164658
28.72424
28.395921
28.180426
28.062436
27.976605
27.914513
27.86993
27.83929
27.818728
27.805353
27.798742
27.74974
27.750037
27.750549
27.751411
27.752606
27.754544
27.757548
27.76235
27.77096
27.792202
27.816
27.847274
27.902772
28.015897
28.270494
28.916464
30.724133
36.92778
69.604514
290.9967
315.00884
114.3593
62.448334
44.987487
37.040448
33.050516
30.956912
29.806062
29.122586
28.683381
28.35574
28.140816
28.022939
27.937215
27.875183
27.830639
27.800012
27.779458
27.766088
27.759482
27.712611
27.712908
27.713416
27.714271
27.715458
27.717386
27.72038
27.725174
27.733767
27.754929
27.778665
27.809947
27.865509
27.978763
28.233919
28.881732
30.69603
36.931557
69.67884
289.23882
310.64519
113.48239
62.215549
44.875208
36.968756
32.997051
30.909659
29.761923
29.080691
28.64267
28.315688
28.101308
27.983573
27.897952
27.835977
27.79147
27.760854
27.740308
27.726944
27.720341
27.675743
27.676054
27.676579
27.677454
27.678642
27.68057
27.68356
27.688351
27.696943
27.717777
27.741443
27.772734
27.828361
27.941749
28.197467
28.847119
30.668027
36.935322
69.747402
287.51234
306.40488
112.62071
61.982645
44.762893
36.897259
32.943815
30.862619
29.717988
29.038967
28.6021
28.275768
28.062215
27.944566
27.859039
27.797114
27.752636
27.722027
27.701483
27.688122
27.681454
80.411143
393.89116
131.12526
98.522205
199.07324
58.558219
574.12669
451.06862
74.997764
123.05981
249.75841
469.45186
73.085847
751.83418
140.69858
182.97603
502.22313
879.39755
88.931568
195.84721
216.53661
891.83854
104.51647
221.28179
230.45019
118.29135
231.3231
230.17492
129.23399
228.97339
223.21954
135.20138
2799.1555
220.76111
212.50445
2602.5421
143.58842
2816.3773
1965.0033
209.50937
200.01694
1531.1078
145.33571
2324.4328
1457.7641
196.73326
186.76423
1021.4599
144.75406
1407.5393
1273.4969
183.45484
173.80618
698.41398
142.16621
1218.2618
930.49844
170.69391
161.76671
604.48423
141.37979
898.00218
725.71147
158.94257
150.97835
525.13623
138.73015
705.47961
787.07354
136.33396
753.20224
663.66685
134.1836
637.60448
569.39224
132.47307
549.87567
498.42538
9567.6195
150.99293
483.79254
494.52324
8038.0203
49.30293
65.384647
247.41031
433.28984
229.45222
173.81697
277.58657
1667.4458
617.8948
503.88349
562.72105
826.61344
663.07797
695.45346
706.65932
709.27526
708.01101
684.54594
644.36435
614.11547
565.55917
655.30185
2773.5581
603.73395
586.53491
1856.4045
535.86355
519.66342
1154.8854
472.91784
458.21684
905.03939
148.51048
141.56099
459.03252
5222.476
3977.7337
139.41254
133.46163
403.99975
2636.8475
2056.4723
131.65118
126.64738
359.5834
1912.3446
1642.9326
1332.1191
1200.0324
864.85218
145.98161
192.87577
2361.9823
2045.0628
2480.0874
283.62172
1851.2295
383.80129
491.81398
329.00982
145.02598
127.42373
178.36101
162.17816
366.61806
640.0115
583.62164
636.63371
627.38715
212.52175
195.52337
246.54499
229.66998
657.02621
831.75596
698.84604
705.49089
277.19245
261.83134
283.46448
277.3801
709.68089
709.64895
297.04032
285.82742
313.72827
299.3058
672.44016
651.81389
322.60572
317.82847
347.47346
324.8817
605.11997
576.21781
352.22985
350.33119
353.46338
352.53332
2800.0048
638.22311
620.71859
378.94706
354.81765
384.83192
383.49419
2676.7347
2613.3279
1811.0604
569.73107
552.64577
384.5986
384.60306
383.16242
384.34362
1855.6054
1813.907
1120.5304
503.70842
488.13455
381.80783
382.51746
378.55193
381.71715
1187.4668
1163.672
879.60963
444.00085
430.47449
355.79261
374.88847
349.62327
351.99974
1079.5555
1037.7721
349.30365
349.47567
347.08609
348.83035
816.05903
791.10039
333.7603
345.7584
323.84701
328.64065
861.40998
6890.3413
3703.4179
7030.2329
823.20652
5304.6619
320.76151
323.24046
307.28743
318.07095
721.27669
2219.8064
3574.1804
1804.3864
2106.2973
691.57249
3765.1582
2762.5642
302.50045
305.24509
293.28176
301.17565
613.08193
1488.9175
1715.9881
2399.6894
2023.7158
287.27895
290.78606
279.76158
285.62242
1570.4095
1384.4826
277.20759
278.68198
53.673854
80.777568
47.507407
1127.5362
572.76105
1178.0206
1262.1367
788.96565
1567.4834
1620.3323
58.750661
62.286998
134.02405
1574.1215
1566.4706
63.713478
66.393197
143.86116
1527.1327
1518.6725
80.603836
84.995577
44.571966
197.6269
200.49411
123.5698
1291.1278
1244.0086
86.205698
89.183126
45.397155
213.972
215.08515
132.63832
1031.1373
1000.2877
90.355242
93.554547
46.091353
220.75701
228.13616
140.2756
995.33767
973.87136
2099.3766
94.151117
95.190826
46.487665
233.1707
233.49103
144.8043
808.19752
787.59153
1225.1664
95.349215
95.276653
46.640096
233.3212
233.33287
145.46413
95.060123
94.532714
46.704439
229.64408
227.19595
143.1549
417.24955
404.37094
649.70163
94.467597
94.260082
46.760631
225.12131
225.1013
141.94265
368.34519
357.31153
563.11845
94.075704
93.398281
46.783283
222.69127
220.54733
140.05253
7152.1217
5443.2214
125.13533
120.99959
324.40574
3341.8135
2992.955
5202.0609
4255.5265
153.80799
481.84553
448.74261
3668.2618
88.792414
125.85654
271.99983
108.4365
92.43971
160.72769
1605.0554
2480.1331
397.7016
780.65073
1030.843
2489.9199
1048.9558
1167.7434
715.03325
1460.9742
1504.4364
542.19708
356.82212
339.98399
451.99959
431.90368
710.6676
937.98698
392.51947
387.23596
210.6013
1588.9718
1578.8577
948.85374
472.86589
460.55986
524.19197
516.0997
225.19358
400.88275
396.93933
405.58319
403.86801
228.35061
1539.057
1530.3519
543.68621
525.13052
656.17635
586.06046
1308.1748
1296.9642
664.19274
663.39085
895.82124
740.12526
126.29737
205.05876
211.13663
1110.076
1048.9982
895.91564
896.8688
866.61321
875.82981
133.89393
215.95188
217.12641
3139.1737
1058.5919
1025.2782
858.61209
864.61337
1423.1717
1432.1094
142.3893
231.77213
232.7412
3421.1544
2456.6676
1688.6606
852.43263
829.78798
1454.7804
1420.0536
1598.469
1563.1969
145.12307
233.58844
233.49918
2085.5476
1569.1442
1620.4414
1600.4343
1997.0698
1894.604
145.22785
233.01306
231.84185
1311.9168
6277.2099
5330.0546
1321.1881
1761.0021
2010.4027
1345.3741
1300.4543
142.52414
225.6193
225.17236
1170.0063
4337.3798
6175.7148
1746.7223
2376.3028
962.4928
626.6212
391.92659
379.90143
1412.1017
1354.3232
2439.6363
2391.1736
141.71715
224.82021
224.13082
869.7674
1584.6381
1657.7882
2479.8882
2456.0209
1850.1645
1831.8363
139.29742
218.4921
217.27116
1868.1677
1854.3469
1429.566
1527.2834
1417.7045
1419.4088
1189.4057
1355.8855
1069.4137
1127.4558
590.58763
7061.183
1149.263
1157.8428
982.69724
1028.8565
531.49483
966.62192
1015.2606
881.0026
921.61995
514.49608
3978.9605
3462.2796
1004.3337
978.49205
608.56025
610.14959
1199.8731
1772.8766
2207.1547
357.21468
234.1015
774.92275
449.14776
1031.7375
523.78774
661.89911
1324.244
577.45153
1277.0367
1353.545
795.41613
1617.9093
1607.2548
707.79191
1011.9202
1012.0179
1010.7185
1010.8083
708.46485
1562.001
1553.8099
1511.9246
1410.312
1211.9884
1151.333
1182.4905
1141.3694
2073.5917
949.2833
922.18479
1185.7352
767.09922
749.65786
4098.4657
3991.0462
2366.3939
2275.8112
1812.7297
4015.2773
4628.7744
3386.5152
3866.6118
1722.739
5362.2195
4344.1822
2906.5231
2650.2842
334.34979
304.18718
1685.2673
1900.1612
2599.3131
488.91299
700.41675
336.02822
1172.8052
907.9638
1318.4507
1195.6668
791.45318
925.01588
2413.3121
691.96346
1411.5073
1458.0795
388.40734
373.76081
583.31825
708.81309
418.42851
406.02414
931.78777
1603.3259
1592.1087
701.85264
1011.7212
1010.6438
1012.4036
1012.4095
703.83232
504.77264
498.68903
976.34365
508.88984
504.25726
1550.4596
1541.3384
710.07012
1008.611
1009.5578
578.67602
564.34556
582.00086
579.086
1361.9282
1314.4853
662.90297
663.44465
321.13194
427.59259
428.41139
340.73746
483.63053
501.05152
430.46882
440.72515
330.01532
675.5883
662.75311
1141.914
1121.4017
888.06094
894.8591
352.03535
506.33593
509.12691
503.60526
506.06981
351.45263
352.94283
515.91605
518.39558
510.88188
515.04508
352.83653
877.12182
886.5113
1106.8035
1084.6465
3104.5326
1422.6544
861.16732
368.40542
550.26109
747.75769
519.47919
530.82676
359.08424
385.0148
763.76496
762.22008
758.31023
763.74647
384.83054
1432.3424
1428.2283
3490.3736
2491.516
897.7295
876.60398
1732.1563
1507.2613
1460.7797
384.62969
768.22555
771.93247
761.58044
766.64298
384.67781
383.6026
775.22909
776.14178
772.82497
774.77868
384.08751
1558.282
1513.211
1974.6053
1610.1786
1751.0339
1621.2705
381.74146
776.44457
787.03343
776.16398
775.28894
382.04138
380.95331
799.63083
801.7774
790.03927
797.57131
381.49654
1880.1234
1767.3105
1281.065
1379.0092
5229.028
1303.3684
1602.1012
360.59467
735.69605
697.97923
799.8884
762.02144
368.22832
349.68944
692.41446
697.75109
694.8913
692.60534
351.01532
1301.3297
1297.7483
2953.7898
3488.1088
1124.6838
6193.8469
4547.2083
6046.1462
3412.108
3631.2647
4413.3557
3613.2445
999.59061
2502.644
2836.422
1453.655
1418.6737
349.35791
709.27425
711.61601
700.34296
707.34696
349.5596
348.07614
731.87525
742.86656
712.69412
727.15913
348.53316
2375.2773
2329.6015
2812.2853
2415.3588
3368.4492
2931.9466
1984.8548
1791.5309
2334.3444
2059.3243
2052.5698
2477.7888
339.15741
600.33728
583.40357
747.08094
609.30792
343.02847
324.10445
567.28478
571.74347
569.64588
565.46792
326.09734
1833.4995
1907.0871
1941.4392
1841.0008
1724.2207
2072.574
4334.3031
1561.3375
1481.6948
1740.1674
1647.9483
5253.9583
6941.7333
7105.9925
1871.2221
1871.9764
1637.7327
1865.6841
2973.8409
1277.118
1220.4182
1408.2489
1340.913
3099.2952
3288.2342
3111.3826
1421.0356
1416.8472
1387.4809
1420.951
2267.6084
7012.5383
4797.7556
7126.9066
2140.9733
1164.7345
1154.212
1068.98
1159.3343
4852.6114
4131.1668
1502.3338
2556.7157
2698.2409
1599.2322
1601.4523
251.83034
393.38498
783.745
1940.0685
1992.433
52.109195
57.192011
114.22547
971.29714
787.62575
2748.0014
73.736064
79.015683
43.53925
176.54078
182.49192
111.736
67.231282
69.1293
146.33445
3160.2017
3185.9732
69.594964
70.651818
145.16407
1868.186
1829.1625
1474.4981
1449.1185
2440.2282
663.34413
648.42516
961.11442
93.202003
92.562177
46.803585
216.26088
215.09863
137.6886
92.359277
91.832985
46.841609
210.05101
209.01753
135.26578
91.666562
91.298095
46.9145
204.65437
203.66492
133.2529
7188.3652
6902.9989
119.77166
120.88553
322.26531
1159.7676
327.39756
261.10606
123.36945
79.034504
69.135548
2619.9375
1906.8392
1939.1145
323.31053
306.12489
437.14264
731.78628
938.9675
955.34887
156.63074
296.34033
264.98501
344.89499
322.66252
171.21252
2657.4673
2728.1279
636.04948
620.43915
777.85966
966.01217
203.86412
380.305
366.90122
918.76474
641.34341
640.26041
807.67806
807.02792
808.38873
807.67479
1387.5933
114.97347
187.33923
193.44792
231.40884
401.9696
404.83655
394.60127
398.23246
230.96219
3109.9077
3153.8539
227.35904
384.94727
390.1846
373.21242
379.39014
225.4468
2135.541
1907.6649
3119.0015
1589.5402
1525.8301
3099.502
2080.3188
2288.1871
2465.4671
2584.6271
1503.1949
1052.601
696.1734
679.9672
1370.2551
2228.7888
2322.5346
1211.8932
1264.3259
745.94511
543.66057
346.63927
336.45295
6122.1566
5897.632
137.00299
213.23426
211.44868
6378.7041
6189.8647
4566.0912
5353.2787
134.72966
207.62209
206.10536
4451.0626
4492.0216
3318.0926
3313.189
6833.4096
7043.7384
3340.4292
3323.9301
470.77279
811.70963
843.81086
118.96742
84.530911
112.27107
1773.0667
1648.6135
199.80601
267.85374
355.19833
756.2505
694.53156
539.42531
2141.6307
2271.5033
826.35915
680.34085
1001.3472
978.47433
1009.6137
1007.1672
689.44034
703.46358
998.73682
1003.5166
969.63337
987.49405
695.83563
2992.983
634.96102
902.16461
915.71726
870.49021
884.61794
623.66114
2393.2181
2356.6959
1942.3007
1838.3656
1932.8625
1317.4472
1281.257
4910.6367
6463.6308
4275.5972
2538.5268
3926.3735
4104.043
1282.6485
2104.2031
2205.823
5332.834
4859.7054
2191.24
1037.4938
3153.7863
2751.6848
1811.8866
1300.7383
1393.4907
1908.0622
404.3501
291.63873
276.58998
776.10474
804.24406
660.13152
2400.6241
2487.5421
599.56964
845.1155
817.67886
911.23659
866.17073
614.9675
698.89166
569.23238
550.72556
885.39226
720.07938
720.85087
717.09704
718.99801
1005.7712
1007.5263
710.03675
1134.5275
1086.3596
294.03553
367.4935
373.57838
336.15378
351.14945
289.66249
306.90853
394.41159
417.7092
376.50277
380.89514
302.10643
1195.2993
1146.6271
2924.6702
2945.8854
664.45148
939.77101
951.09937
925.19404
932.12013
657.29684
425.5423
427.14427
319.88361
2350.731
2341.5771
596.73469
848.94561
859.62339
1765.7923
1737.3871
2941.4534
3292.2153
2562.8486
1251.5032
1232.342
1784.1265
4530.5985
4202.4839
1886.2217
1744.4669
4334.5965
4620.1059
731.28025
713.5467
1084.1509
1442.6241
1510.9836
841.49833
6192.655
6555.4566
4749.9202
4130.4542
6734.1786
6834.0612
768.21995
1319.6173
1380.3889
6346.0909
3382.7273
3278.7375
3909.5125
3626.1705
3878.752
2376.5824
2285.027
3148.1104
2975.8872
6152.4544
6587.3436
6065.7599
322.45133
580.8013
579.78157
575.68888
579.71003
323.26341
309.78443
545.60856
538.383
572.41568
559.19357
313.97313
1896.9359
1074.7347
1033.8055
1167.779
1120.4327
1998.5397
3629.1499
7013.7732
6560.369
4353.7756
4559.8462
2879.1512
6854.2904
6777.792
303.35967
533.0882
531.41526
535.36406
534.92083
304.31254
296.14295
513.2393
503.06351
528.1557
522.86184
298.95439
6920.0217
6874.1344
994.65731
959.68495
1635.5557
4487.3698
4460.3891
495.89741
493.90779
289.3208
4475.305
4497.1046
2311.8861
2433.7147
1441.9157
4238.3522
4166.9525
1148.001
821.45235
784.84929
908.16544
877.77604
1155.3856
2068.3492
2136.9327
786.90147
1611.6787
2366.7315
2097.2214
2463.9214
2383.8014
1620.7854
1572.2102
3092.0326
3016.313
3175.4453
3118.7706
1569.229
1525.7383
3523.5572
3456.7947
3568.3424
3537.8555
1523.3077
1281.2599
2014.8325
2028.2404
1944.5708
1995.1085
1268.2351
3212.223
3136.9742
1817.9163
2081.3344
2427.464
1429.3177
1412.9488
6200.4138
5785.9458
3221.7631
4799.7819
4989.6301
4410.9868
4567.0652
3091.3523
6362.714
5774.9752
2314.6594
1972.429
1311.6225
2509.2897
1607.2511
2433.4331
735.43123
686.50449
934.66539
1675.4462
1775.8488
2608.3414
920.85125
934.52274
725.72008
1046.2194
2579.2967
2643.8749
1465.7884
1843.2449
1835.4645
1934.2742
1845.9611
1475.4712
732.77854
599.26638
589.03535
956.70184
1586.4535
2965.653
2859.3103
3020.8658
2985.4546
1582.5908
653.59534
643.326
926.11279
806.94451
776.13365
1536.9631
3452.8264
3402.5595
3464.7777
3460.4542
1533.626
892.11802
809.56491
531.45161
613.26595
649.858
604.19148
606.03977
527.07542
630.80063
927.41736
1139.3963
748.13938
810.85265
598.76706
1370.4171
1324.3844
3013.2199
3092.656
1305.5576
2445.0437
2456.9234
2038.3746
2439.9542
1301.6667
664.73967
1292.8237
1350.9055
1175.6579
1267.2797
664.64476
893.0884
1758.137
865.89386
2320.4363
2216.2952
896.75818
897.01478
870.61856
872.09444
1681.8753
1645.0755
3185.7883
858.84083
860.55953
1428.2326
1430.2607
3183.444
2178.5346
1433.4719
1425.6297
1584.1753
1580.4158
3828.1058
2214.6026
4797.9637
4393.1499
4412.9005
4711.2482
1538.6838
2653.8925
3309.6913
1611.6547
1610.2114
1954.5003
1940.4251
3366.9416
3288.4863
3939.1937
3416.9939
5949.0792
2413.8119
2339.5206
2537.3549
2470.8191
5798.2257
2018.8039
2022.7156
1312.7888
1304.9392
4616.2
2012.1748
1950.6946
2231.995
2109.2664
4851.6861
1388.8377
1381.4009
2423.6401
2407.2944
2482.1595
2467.689
1843.7601
5933.0701
6167.1728
5572.5282
5848.6167
1839.3242
1863.5611
6495.8451
6662.4617
6238.3991
6435.6028
1859.54
1433.9974
4543.5557
4487.1335
5074.0161
4589.0549
1471.9181
5819.9162
5668.0539
6591.1149
6434.7726
1417.6835
4448.4387
4440.7315
4476.0859
4453.8733
1420.451
1231.9387
2968.8268
2819.5585
3386.0584
3209.1783
1297.6244
6033.7757
6895.5806
6717.003
6693.9467
4438.9062
4441.5229
1142.9454
2723.3987
2720.69
2752.8461
2732.4139
1150.4012
3345.5118
3583.0989
3806.6683
6915.0363
7061.0223
5796.9261
6445.454
3609.6213
4132.8007
4124.8572
18046.606
2427.1084
2178.6117
2589.5179
4037.3493
14681.512
997.78673
667.5025
1835.0049
663.9178
1057.8658
1185.2748
1532.9161
1224.3827
947.12302
919.88709
967.27655
958.05617
2138.9131
2139.0801
1672.5911
1577.2086
1312.318
825.64543
1614.723
2556.7763
2483.2308
2651.559
2580.9382
1610.7791
1558.1806
3177.1464
3182.0192
3293.8196
3212.9531
1555.5471
1491.8635
3548.7203
3571.926
2916.7798
3528.3652
1460.4059
2940.4022
2445.9776
1184.2327
1779.7001
1855.7103
1718.9
1736.6867
1161.8005
2066.3817
2024.4585
1391.6502
1359.0462
2021.6618
4692.5014
4533.0075
5320.8538
5024.2928
6112.1959
5399.5159
4151.0378
4636.869
4818.5135
4254.9715
4166.9529
2744.1635
2645.7468
3000.4083
2869.4227
4384.0563
4803.8394
4602.1064
5727.0641
5512.6625
1462.3507
601.69273
735.23215
2105.1074
2553.0199
1372.9116
3606.8317
2786.3834
1120.776
1384.2721
1431.1718
1035.3508
1266.2706
1251.5932
1971.0574
1490.3902
1606.9846
1010.5756
978.94524
1033.7935
1016.1125
672.10048
807.58072
861.84359
1440.0649
1835.8322
1807.3489
1833.5246
1834.7024
1451.0135
2503.5677
2569.7351
584.10718
579.02063
708.45717
901.10761
1599.5228
2738.4618
2677.7278
2823.0072
2768.6208
1595.6422
718.69489
695.63832
737.65898
716.51455
1547.2324
3336.6897
3309.3449
3379.2671
3335.2868
1543.0511
577.57611
731.76411
731.60577
715.93692
730.43548
574.07141
1065.0909
993.30176
1303.3502
1226.7133
580.26252
735.12704
744.37648
730.79967
730.80191
579.88039
1337.1587
2504.6546
2697.4601
2460.5973
2486.7069
1318.5759
2954.7378
2979.5055
662.92753
1468.4779
1551.2828
1365.6112
1433.2904
663.16711
664.93263
1636.4279
1713.0011
1573.7393
1623.5406
663.25978
1136.5622
1703.1191
1709.18
2338.0755
2325.4561
892.19516
893.72959
880.9758
882.31823
2983.9915
1716.9152
1701.8463
1240.573
1023.5378
1432.1588
1431.6889
3498.7162
2547.9488
1487.0274
1481.1025
1538.9749
1533.3476
1922.7402
4089.6014
3787.1189
3366.8025
3928.718
1665.5182
4197.0686
4315.0163
1695.182
1676.1981
1832.4553
1817.5852
2660.1372
2478.1622
3238.0974
2811.8974
2881.0848
2677.5098
3134.3677
3050.5872
1317.8057
1351.2835
1298.0778
1299.5931
3137.6214
1748.0022
1678.099
1894.1868
1827.7127
3351.9767
6193.0993
5796.3341
5582.0235
5666.9955
3160.284
3798.9886
4247.3317
4175.2781
1618.955
1571.8307
2746.1955
1443.6651
1438.4323
2359.5087
2344.4814
6254.5682
2655.0747
5849.8157
6791.7259
4949.6543
5416.5241
2510.2259
3161.3503
6080.3193
6698.117
6232.4375
3027.2979
5008.5394
4833.1831
1924.7012
3232.7909
3337.0257
2248.3986
3909.6694
4063.3426
3468.009
3671.6661
2146.6798
6451.9113
5144.3222
2261.8196
5004.1736
2410.2105
1826.3805
5228.1306
5474.8586
4992.9408
5166.6116
1861.0979
3763.951
3533.0442
6223.8863
4246.4421
4056.833
2603.264
2493.6425
4128.1057
5721.8345
2815.6914
2704.1921
6537.6183
6703.5634
1878.3086
6894.9306
7009.6348
6713.2806
6852.4466
1875.1387
5807.7496
1756.1053
7058.6785
5609.5116
7044.637
7112.6413
1823.4947
6282.2963
7119.6622
3476.1224
6665.8469
7114.5583
6709.8396
6614.7167
6973.5748
2988.6206
5427.4103
5876.2097
1418.5602
3520.4262
3519.6168
4436.6404
3521.6698
1417.7598
6748.295
6636.7331
6916.5676
6929.7405
1409.2449
3497.4776
3464.0459
3517.942
3511.8478
1415.1726
6484.304
3890.1338
3762.7527
4381.4186
4092.3817
6339.8052
5933.9426
3253.9533
3125.9115
3617.1315
3430.4268
6326.8016
4453.9091
4439.5103
3816.3685
4429.7457
4613.8032
6919.5411
6682.8169
4319.841
4148.2259
4138.7787
2575.4701
2605.9156
66.075284
71.841453
42.270823
2781.1498
2796.8224
70.903765
71.380882
141.33041
1883.6575
1857.4681
2475.1187
326.71557
317.36973
490.56158
91.224158
100.15549
48.488418
200.34108
200.5584
132.34917
2501.5318
2534.9722
773.41937
765.75762
863.27038
903.64623
776.29346
775.84714
100.69504
162.72395
169.89515
2766.1801
2768.6067
2842.2763
218.1473
359.98436
366.59839
2760.4215
2019.8408
1945.5855
2917.1093
2735.3999
2775.7656
1981.9047
1571.9286
1112.3995
1091.1712
687.48898
1117.3544
1161.9293
6429.754
6355.7664
132.84004
202.33009
201.30676
6562.587
6494.7309
705.0173
404.95021
308.19426
1495.6365
1053.7767
1179.5513
602.43879
700.05576
724.74585
520.37454
647.30006
578.60159
825.60738
905.08521
911.58207
556.04436
790.108
803.40835
2794.1443
2657.4502
2509.9287
932.50165
633.11188
619.17824
5156.963
6996.6781
6846.8521
3075.0938
3183.7934
2120.6398
1931.2362
2017.8838
1241.4406
7226.9877
7614.7003
482.54666
510.48695
926.99695
2630.7783
2503.4725
2294.1865
2600.0982
2632.1015
265.3815
255.01112
290.14131
537.37481
529.92548
618.36031
918.22674
927.21376
849.47395
950.46708
943.11445
281.19978
320.29959
328.49119
288.56924
304.86082
279.00436
964.05239
957.14392
818.43084
835.09389
586.80858
2413.5072
2385.5384
2844.4328
3162.1666
3126.01
2766.3459
2596.6861
3278.0928
3215.4449
1812.9715
1875.6551
1213.2866
6406.8918
6697.1926
4926.9621
4873.7658
6335.356
6410.7479
4798.8496
4646.469
6988.011
6688.6167
6538.6307
5396.5536
2201.785
2123.5425
3433.918
1558.7523
925.52772
895.26298
288.29876
492.17273
490.44964
281.06883
470.01839
465.89091
485.33608
477.9671
283.16158
7485.2885
7271.9129
463.88008
463.68923
277.56949
1135.8541
1015.9324
992.94323
1106.1486
1098.679
1201.5545
1350.5834
1241.6167
1516.9306
1469.664
1236.8718
787.22553
790.53771
800.89751
1019.8847
1452.9991
1475.2407
1418.4767
1435.8187
1009.1452
2838.2056
2855.5846
7046.3747
6981.4654
6834.8132
5505.7529
191.88809
141.30516
175.31194
887.03276
645.53762
587.87582
954.86182
938.56474
962.53366
2155.7548
2174.74
2517.8351
506.32413
502.77208
517.47508
712.66471
707.75463
708.14512
943.94091
788.92205
777.93084
940.96026
522.98505
601.94353
603.26741
586.40883
598.85545
520.87452
1120.9687
1091.9019
1621.476
1660.5919
1511.218
1564.1868
1069.6619
867.75098
973.82265
976.99863
950.3426
954.83767
874.59395
2317.8228
2305.1111
3167.5568
857.73968
993.00035
997.69342
979.56772
982.46471
863.51855
1424.3932
2831.6532
2861.807
2618.2734
2658.3018
1431.8382
3343.4958
2383.682
3507.9914
3573.784
1170.2393
1140.9502
1628.3378
1447.5096
3235.5729
3298.6774
2889.8499
2916.6699
1418.9752
1593.2464
4335.7097
4369.2089
4115.8246
4155.3019
1569.698
1616.4588
4557.2401
4578.0821
4399.5975
4429.2835
1604.5941
1983.2788
5704.1913
5743.2419
5458.7377
5502.1027
1910.6588
2120.0458
2171.0952
1338.6766
6215.153
3933.4731
3844.8016
4218.4783
4138.5236
5482.8331
1900.5826
5522.4393
4933.8117
5780.3872
5817.9049
2018.3761
1334.3574
3024.7061
3033.2801
3021.1858
3012.9573
1302.3582
4416.259
2831.6021
2800.0152
3719.2295
3512.4385
5832.4446
1417.3458
1376.7898
2280.8343
1404.3073
3093.1567
3103.1154
3041.0239
3049.5095
1364.1935
6908.9802
986.74518
2179.3508
2166.3436
2295.3162
2217.5623
1004.2116
5957.9389
5924.7464
6886.4904
6832.4888
2158.4324
2153.189
979.38242
19560.773
5563.2075
4652.5369
5949.5688
7448.8454
2089.0318
1930.3402
2093.4085
676.80385
892.04863
529.66172
2224.2134
2115.652
611.63311
664.27109
589.29784
1114.9301
1112.4699
1291.6106
1549.8004
1534.386
829.64863
873.72837
812.33991
2920.8731
2983.9748
5638.3785
5858.4038
4226.9542
3933.2971
5404.8423
5507.1091
3652.7011
3795.1577
2449.3178
6973.5617
7013.5307
6606.1477
2195.3768
3312.7733
3476.6979
3520.0439
2364.8647
2292.3126
2549.4068
2456.4227
3687.5186
5223.2734
7057.7096
7087.3609
5657.1321
5735.8535
4391.6323
2823.5029
4176.5194
4302.0601
3857.6127
4008.145
2732.1213
3276.3651
2236.0715
2855.455
550.01335
507.62308
589.61471
1134.6465
1187.1554
1279.1061
1300.5204
1285.6964
1288.8102
1208.494
2390.7627
2069.9711
2126.969
609.9161
523.61589
514.73904
924.43436
1034.4378
891.36028
826.23891
1073.7658
1058.2689
504.72048
526.36671
552.76147
509.06555
514.45151
504.03071
1682.6468
1695.0877
1130.0683
889.68348
894.38766
895.70022
498.7467
499.48817
508.12769
516.70667
494.49146
495.18932
493.21063
493.82644
517.49927
512.5445
497.32037
498.03732
495.8972
496.59351
513.90044
878.37015
940.78333
945.74537
903.8384
911.66176
885.06838
3065.9118
2330.8908
2325.1881
1407.1499
2110.991
2168.4908
1008.2767
1055.7258
871.54499
607.59277
506.37182
495.85165
539.45927
526.17538
707.07388
521.16059
492.17242
492.60638
492.76239
492.01916
524.05176
763.32746
550.69884
550.97932
549.78766
550.28663
762.82543
761.75935
548.9234
546.02045
550.81903
550.32975
763.2622
1432.4078
2530.7354
2574.537
2225.068
2280.5187
1429.9891
3548.4592
3563.8752
3529.3286
2519.5515
1760.7192
1214.4174
1194.8466
1500.0703
3676.652
3725.3606
3357.9548
3415.8355
1467.8968
769.65557
550.01862
549.85626
550.12986
550.07651
770.84759
762.7195
549.22797
549.32677
549.68158
549.37857
764.74463
775.64749
548.74814
549.13739
547.78688
548.23016
775.93607
773.61437
549.92808
550.03466
549.49723
549.69659
774.21706
1551.3695
4035.0644
4076.3629
3771.982
3818.4958
1520.3867
1732.2998
4965.5403
5022.9489
4592.9898
4630.9953
1629.9967
780.00231
545.16117
544.88728
546.06793
545.55449
783.63924
776.02581
546.46732
547.12983
545.19493
545.78745
775.65422
801.30747
546.29685
546.91564
543.39471
545.63762
802.4638
792.79498
546.69056
546.40803
546.97622
546.88179
795.28698
1863.7795
5370.2688
5415.5467
5076.6077
5129.7638
1785.0693
5313.5572
5470.5156
1247.1786
1960.2851
2051.852
5260.9668
4874.2674
4471.2511
5639.0439
5807.0038
1300.9744
3143.1
3125.7169
4220.2583
3688.1798
1480.6863
715.56078
495.01149
504.85536
483.48825
486.96304
703.74118
794.22575
535.80853
541.27468
517.4944
528.74222
783.0292
693.21298
474.74934
474.95953
475.6176
474.90623
695.04907
693.65121
478.33464
479.65068
476.14766
476.59659
692.80167
1299.327
3040.2075
3031.6156
3108.0994
3095.7476
1300.0191
6302.8084
5559.6054
5482.3335
4737.3417
5923.6374
3297.4967
4864.8896
5079.8036
4359.6718
5800.0949
5674.5778
5483.5663
6002.9555
3836.5624
2639.6689
1521.8177
1469.2636
1451.2099
3175.209
3183.0674
3112.6371
3123.2471
1425.8715
710.90119
478.69181
478.41202
478.22471
478.60905
711.80326
702.83898
476.80181
476.13596
478.04505
477.36577
705.13854
2946.7867
3107.5432
1859.8418
6466.406
5853.9371
6237.1626
1671.4605
2683.4883
2797.7296
7013.9014
6859.1018
5358.7409
3733.3685
3676.5659
6795.585
7184.8043
1893.3189
1831.795
2867.0217
3259.6618
2039.0865
1963.6505
6848.2436
5261.0854
5210.661
6905.7168
6551.3951
5139.6969
5000.3335
7085.7758
1167.4431
2715.2094
2712.7896
2718.156
2716.8871
1162.2949
6027.7826
1110.5866
2565.1887
2425.328
2696.7345
2654.098
1138.6698
6983.1843
6930.8373
1946.0292
1972.5648
1952.513
2150.5268
2023.5872
1956.2393
2629.8573
2660.6455
913.07236
909.29651
923.28367
918.27004
2764.8851
3167.282
3166.146
1853.9001
2439.5395
2461.5895
2410.3542
2422.7736
1836.1151
2808.1999
2819.3243
2452.5337
1834.379
1826.1512
7279.0818
7214.7965
2406.3685
2453.545
944.07152
859.31364
858.55089
881.40312
864.27502
949.02851
2669.7216
2703.5976
846.28136
748.56784
721.66392
992.10085
775.92047
776.15582
911.15907
807.59397
1001.4964
1023.6229
949.16486
977.00972
807.37319
807.75827
1073.5759
1084.2014
1043.4627
1059.2882
807.80252
1435.5722
3127.7638
3141.3183
2809.8105
2041.3592
2736.6811
2925.0777
2504.1094
2584.8172
1954.8298
2203.5203
2118.8876
2964.106
3007.2011
3677.335
3801.1075
3462.5873
3559.4013
2025.9004
2833.8955
2939.9158
4160.4019
4256.5857
3924.3378
4046.0745
6049.9554
5976.0096
6317.8115
6255.9991
4635.4379
5563.8455
5657.8373
5617.5454
5522.6473
4912.3079
4455.8196
5946.4766
6035.0167
5756.3861
5854.1515
4481.2619
3309.0267
4928.2435
4924.4157
4944.5872
4935.8461
3315.4194
6283.0432
6202.0482
6809.9091
6914.5962
6678.9722
6621.1618
3337.8924
4916.5095
4917.3952
4920.0556
4919.2961
3333.2716
1724.7765
1867.3527
1677.949
2149.1419
2592.9574
2572.2541
2655.6242
2615.6339
2178.661
892.96152
899.14089
826.1362
2381.3202
2721.8931
2714.3937
2762.9719
2722.2633
2361.0649
3033.5253
2883.1656
7056.9308
7109.6065
5069.0374
6524.8689
6104.8595
5698.9972
7101.0507
6730.6496
7133.2592
5122.9954
6687.0174
7144.5575
6185.845
6361.2132
4950.1866
2770.0145
2248.1796
2478.7941
2383.1276
1537.8748
1746.1375
1452.7043
2615.9294
2661.5305
3066.8111
3336.4421
2656.8567
2415.7523
2670.2644
2455.6148
880.02551
949.11682
935.23432
926.90454
1009.7256
987.97599
717.86821
721.60722
724.314
1121.8981
1104.9194
1168.3028
1158.5549
2922.0338
2929.6773
2347.7852
2858.1521
2813.4603
2938.0954
2899.3206
2344.4536
2892.0286
2360.018
2354.6156
2997.5813
3165.6674
3390.7205
3334.472
2572.5666
4425.9308
2942.3957
2920.0715
2973.7405
2960.5154
4318.2729
4588.9963
2750.8368
2610.6037
2895.1239
2836.4904
4665.2868
6281.0395
6419.2426
4591.1179
6857.8586
6939.1021
6017.1354
6560.6151
4374.614
6880.9254
6978.3734
5029.6896
4974.5014
6485.2615
3782.0956
5365.2038
5593.9751
5128.683
5231.1668
3677.7517
6535.9401
6653.6968
6711.3712
4431.3306
4186.7268
5652.7303
6439.2794
6500.5354
6864.319
5267.7944
5201.9039
5442.8278
5348.1396
6706.9349
6830.7171
6806.0833
6907.0211
6892.4143
4477.6077
6759.5655
6806.142
6657.706
6710.1532
4468.9555
4510.0751
6930.3021
6958.4095
6850.2285
6891.2194
4502.749
7187.3571
7122.1424
1037.4454
1026.673
1141.5495
1164.4918
1092.3006
1057.9979
2680.8239
2113.5112
2369.1977
2333.5077
2427.4247
2394.9488
2131.3962
933.61709
928.47871
943.89645
938.86364
2338.6495
2015.5999
2036.2366
1869.2519
1962.9186
2309.2264
2431.5669
2037.135
2035.8623
2040.155
2038.3928
2397.3641
3055.3291
2025.4038
2031.6734
2023.1794
2020.1544
3016.1774
3159.8373
2038.027
2039.7448
2034.036
2037.1657
3143.5788
3502.0323
2081.4953
2087.3571
2069.8857
2075.3556
3479.1628
3561.889
2096.697
2098.0989
2091.3155
2095.1506
3552.2749
3232.9409
3233.5706
2826.2488
2831.8088
1813.2608
2379.6413
2397.1438
1813.8676
1809.6535
2410.3325
6596.1216
6731.2581
5618.5944
6682.8595
6566.2379
6030.7788
6757.7418
6771.8664
7023.3238
6870.5911
5835.1935
2309.2417
2116.237
2187.6532
2822.4808
2436.1208
2818.9696
3012.2256
2831.1301
3196.3793
2594.1786
2205.6983
2286.5795
925.34369
851.97511
839.85855
858.63302
856.94777
929.37174
2591.7004
2622.893
1840.1217
1823.1896
1819.5744
1829.9522
1826.8207
1835.9351
1874.3066
1812.6193
1822.5026
1815.9148
1813.0174
1852.7407
710.16892
707.88547
717.41266
950.33254
2935.6567
2025.23
2028.4088
2018.5797
2022.997
2901.8698
3013.8486
2028.0421
2027.4352
2028.8328
2029.6875
3005.4346
933.62668
775.92696
775.53034
805.18139
930.969
939.90606
915.6726
922.63081
797.01268
3439.8786
2071.0514
2074.7725
2063.4906
2068.2901
3423.0771
3467.5857
2075.0885
2073.6182
2075.6376
2076.4251
3467.4648
834.048
1113.6865
1129.3364
1093.8939
1103.4864
815.1248
1088.5679
839.39895
770.33571
895.09461
877.43756
1101.6673
754.51004
726.75447
726.76924
736.49722
728.21676
768.53936
1357.5486
1342.3751
3043.0401
3066.7387
2449.0229
1660.697
1661.4591
1658.1804
1659.5737
2453.0389
1658.6257
1656.3325
2429.2248
1313.9228
906.55505
906.35966
906.4863
906.54508
1333.7411
1209.0963
904.18231
901.89165
905.8916
905.3739
1240.0332
1509.4921
1470.7736
1582.0565
1545.8528
1808.5934
1168.9991
1003.936
1434.4273
1399.5982
1894.6543
2300.2317
3116.631
3096.3325
3063.575
3119.4818
2275.3371
1765.0882
1738.0897
1812.6237
1789.8842
1648.9974
1615.9395
1710.7492
1679.9777
966.85816
970.63757
869.43312
2498.8878
2470.8392
2549.0015
2524.4977
2380.4638
2347.4752
2442.3638
2411.7554
873.28614
959.00323
963.18531
3189.977
2290.257
2254.6569
988.45834
990.90322
858.26622
2662.9403
2646.3807
2696.0769
2679.5234
2594.0528
2571.4813
2629.7153
2612.2179
861.5206
984.4298
986.85694
2769.2748
2801.078
1427.0479
1430.9486
2698.1348
2733.6997
3265.8928
3142.1554
3400.2488
2287.8625
3450.8868
3100.2459
3170.3635
1441.4083
1416.4486
2943.9649
3026.9436
4266.3277
4302.3611
1590.0589
1574.1648
4192.9397
4230.6745
3960.2122
3553.9243
4323.7802
4225.2175
4812.5698
4713.4982
4510.9387
4614.2722
2155.7243
2137.865
3256.7079
4510.4021
4535.8371
1615.505
1606.5031
4457.1736
4484.9767
5625.3051
5665.6821
1969.4011
1924.8662
5543.5894
5585.4125
3350.6205
5119.7355
4930.3918
5454.9934
5298.0788
3324.9792
3648.826
4369.1072
4275.3535
4734.7724
4534.2224
3468.6869
4008.3816
3974.2002
6092.4013
5639.4445
4069.3602
4043.0855
5889.6142
5813.1811
1972.1801
2029.1718
5853.2914
5881.5273
3005.8014
3016.3312
1324.4953
5437.4828
5349.4137
5596.6184
5518.4785
5167.5277
5120.2062
5252.9021
5210.0015
1301.8697
3002.9263
2996.4994
2959.4803
2891.3705
4497.7543
5275.0987
3277.5971
3100.6155
3074.7438
3084.1757
1397.2546
5997.6066
5936.0578
6114.6121
6056.3451
5740.669
5669.649
5873.5209
5807.9435
1372.3068
3057.5635
3066.397
6898.5392
6878.1246
6936.0107
6917.4037
6812.5347
6787.9578
6857.5308
6835.1552
7025.7744
7012.4202
7041.9258
7036.1187
6969.7483
6952.817
6999.798
6984.6089
6014.5368
3778.583
3774.0837
3788.932
3782.4056
6092.3497
5667.446
3769.577
3768.6241
3772.533
3769.6277
5759.1414
6553.7021
3837.9828
3827.2122
3860.1596
3848.1713
6609.2529
6306.7728
3801.8595
3794.1416
3818.5917
3809.1201
6372.3921
4518.8456
2620.1895
2622.3128
2611.686
2607.7168
4499.1961
4794.6674
2792.896
2932.5327
2661.6518
2688.4964
4655.3443
5742.9061
5680.7755
6540.7276
6490.2443
4445.311
2626.0787
2620.3451
2634.5277
2629.9882
4441.9806
4467.3302
2610.0552
2604.8682
2618.3625
2611.81
4459.5057
6548.3221
6765.3141
6779.0801
4437.673
6274.9972
6348.0321
6118.7252
6198.9162
4440.0182
6120.6072
6032.0967
3367.0791
5021.0918
4972.4537
5356.6793
5131.332
3462.1904
7135.4297
5323.9877
5118.1698
5540.4457
5456.4164
7163.3997
5905.6732
4539.6485
4471.6494
4872.1438
4689.5064
6101.9606
6785.2619
6729.2967
2285.2124
1396.7462
1674.2984
1803.3705
1129.1953
1119.9796
927.12928
957.01109
1012.7962
963.5432
1025.6062
1029.4023
1017.1844
1020.0459
962.32677
2138.1203
2490.8146
2461.6568
2547.385
2501.8961
2137.1787
968.84465
950.67887
821.51653
878.39953
887.16448
2521.6104
2027.6527
2027.4861
2033.2706
2030.0156
2499.2056
2612.2257
2020.5152
2021.5287
2025.4997
2023.3671
2601.7852
3180.7139
2033.8826
2031.2113
2038.0951
2037.5954
3185.4926
3269.0105
2046.3137
2050.9299
2036.3877
2042.8002
3245.0028
3567.1163
2087.612
2070.8831
2098.2823
2093.3645
3573.4284
3199.2585
1931.1147
1847.9481
2050.9313
2001.5967
3427.0296
2707.1253
2773.8208
2710.6285
2714.2749
2518.4818
3041.9962
3067.7969
6611.0746
6701.305
6665.6832
4448.3453
6267.1917
6795.8623
7121.8264
7193.4595
6841.8658
6971.6092
5257.9158
6970.0664
6831.4422
7006.0342
7060.0962
5173.7623
5727.4862
6446.6557
6501.6682
6680.4226
6540.2884
5487.1278
6753.2606
6858.8402
4096.418
5449.7107
5544.7427
4588.5541
6256.8185
6750.4936
5669.6042
5875.6512
4377.5079
6554.8431
6629.9048
6373.7315
6836.9308
5025.1511
6749.165
6965.132
7104.0769
6727.8094
6830.0394
4487.4391
5843.0477
6025.2476
5694.2752
7312.2281
7174.0111
7371.3274
7410.7935
5637.3651
2539.891
2767.9732
2310.3677
2441.7258
2560.2475
2482.6309
2013.0894
3391.5426
4114.1942
2850.4755
1411.2711
1385.6986
1457.5857
1446.3145
1399.8362
1293
1248.4897
1361.4308
1322.5582
1423.0384
1283.3549
1225.6305
1302.0453
1310.3539
1922.6986
1968.0188
2141.5474
1004.5134
1035.233
1047.0484
999.605
1027.5448
1021.9373
817.72728
808.25167
821.59238
2516.1837
2548.4017
913.41599
2715.4183
2018.0154
2018.02
2020.9295
2020.3186
2701.7394
2810.4485
2017.4217
2016.5862
2018.8375
2018.9804
2795.9833
916.80594
904.61843
720.25744
757.81882
820.90624
727.80872
735.33952
716.74552
1044.0851
1028.5912
3330.6389
2054.3953
2054.5493
2052.2306
2054.7241
3323.3657
3347.3389
2050.8874
2059.1076
2051.3929
2049.0913
3332.2644
1041.0181
1211.243
1017.756
1281.0007
1255.7373
738.4536
728.79782
729.64239
727.31503
727.98628
741.3044
2530.4837
1694.0353
1683.8506
1769.5603
1727.2657
2585.5903
2466.8524
1659.7635
1659.7108
1669.3776
1666.067
2476.2054
2963.182
2965.6548
1498.5014
911.51493
909.7718
914.37674
912.85459
1527.3829
1379.9686
905.94152
906.09853
907.81669
905.60032
1394.5124
1649.6367
918.50812
916.54099
944.71606
922.06881
1663.0077
1593.313
915.65437
914.46837
917.22204
915.83355
1609.8812
2335.1353
3006.9952
2973.6565
3068.8737
3040.1377
2331.7937
1916.698
1900.6787
1948.9189
1932.1766
1851.5746
1833.1205
1886.2735
1868.2166
930.25168
935.68642
879.67972
2239.0599
2199.0011
2313.1656
2276.9197
2061.9922
2008.5932
2156.7165
2111.0971
883.66392
918.38287
924.56198
2342.6945
2337.8234
3028.3885
2004.4504
2055.2489
1358.0832
2990.1826
2762.287
2712.802
2881.1179
2818.701
905.94321
1188.7853
1542.8816
2436.2389
2483.7602
1432.3276
1431.2423
2334.2015
2386.1498
3584.5678
2534.434
3486.2415
3440.3346
3576.694
3627.7338
1494.0738
1473.9119
3470.7505
3524.8181
3950.6534
3993.8473
1545.9043
1526.2827
3863.1454
3907.8211
3970.8919
3026.7207
3004.4586
3234.1504
3108.5414
3865.9776
3450.7584
2239.5041
2196.1743
2452.7016
2333.0456
3620.6829
4157.5836
4219.5551
4843.9983
4907.1211
1715.1899
1652.6266
4707.583
4779.0343
5277.3572
5324.7478
1849.1788
1800.4124
5179.9809
5229.9454
5053.0577
5165.1206
2574.9929
4093.8319
4298.4297
3899.2207
3981.4704
2506.4258
3129.9341
5490.6124
5555.2791
4689.3828
5200.9182
2981.8336
5079.7092
5899.7479
5494.7815
5951.2202
6005.7667
3207.9298
3171.733
1313.4316
4450.9991
4379.6741
4591.5754
4521.3289
4253.2575
4399.0014
4312.4316
4257.8493
1385.5892
3403.6218
3278.7193
3060.2446
3051.0007
1300.1638
4962.3426
4905.3046
5070.1636
5017.0122
4724.1292
4658.7316
4846.7242
4786.4806
1297.4101
3082.1972
3072.007
6369.8019
5204.3312
5561.8541
5637.8485
5792.0809
4649.3554
4742.5555
3204.7034
6174.1271
6331.0975
5900.5922
6015.8708
6794.6755
6649.5584
6522.8883
6685.3815
6131.0501
5924.5058
4300.3227
5932.3853
4033.3518
6254.778
6278.0781
3154.5294
3165.8585
1448.7034
6430.4904
6381.0226
6521.9405
6476.3726
6225.9553
6170.181
6331.7119
6278.6032
1431.9189
3133.1433
3144.225
6710.2652
6681.2718
6763.6325
6736.7967
6589.7712
6555.8536
6652.4288
6621.1307
6405.5138
4143.3389
3891.7012
4527.8925
4366.6777
6711.8683
5050.8299
3433.356
3385.301
3665.2592
3535.6852
5184.2398
5975.9629
5115.1159
4914.8895
6255.7528
5615.7555
6051.4696
6556.2133
4670.2349
4609.8101
4778.4205
4725.6363
6395.8083
4954.6808
6561.1201
6406.9019
6848.8759
6713.0009
4895.4557
5829.6516
6251.592
6264.5711
6169.7591
5340.9131
5815.4953
6533.086
4420.6566
4973.1829
5170.181
7035.6874
7049.0805
6867.6915
7021.9058
5291.4086
3792.1823
3806.6245
3771.5209
3771.1367
5368.9986
5040.6169
3969.5263
4071.6048
3857.3053
3876.3177
5100.6315
6146.7563
5369.0884
5169.7063
6811.5411
6938.0419
3965.8262
3836.6574
5492.0539
6641.5282
7091.0808
6934.8846
3937.9569
3923.7918
3964.8059
3951.9332
6973.619
6761.6253
3884.2143
3871.4294
3910.1948
3896.7019
6808.1678
6805.3058
3724.7627
3891.3156
3193.7481
3484.6551
6293.0242
7076.6411
3981.2318
3978.8872
3942.7297
3984.0915
7107.7266
6806.3253
4735.0084
4488.312
5113.9508
4955.896
7071.1758
7175.9355
7076.9102
6703.5609
6847.2342
5527.3651
4022.5409
3964.9518
4262.0683
4129.9047
5657.2241
4427.9945
2635.5649
2633.6785
6714.7034
6680.0451
6937.181
6933.8291
5400.4673
5324.4934
6665.3965
6308.0489
5980.1986
5623.0103
4360.1815
4245.4602
5715.1693
6833.8836
4799.6205
4569.7045
4447.2253
6543.8281
6602.674
6416.7006
6482.1165
4443.5055
4073.0091
6362.3569
5795.8341
6938.9464
6756.783
4282.811
7212.8513
6864.3285
7236.5151
7303.6755
6769.5264
5693.8941
5613.1639
6283.697
5913.444
6662.2575
7079.0226
7026.4964
1689.357
1614.8603
4375.4742
2366.6339
2373.4176
16706.467
12892.005
3821.0721
3626.8743
4846.7948
704.10416
644.29714
8950.9489
7940.5638
8299.6856
9424.9479
6441.0444
6647.6457
30039.072
8509.0552
8117.9547
10623.108
10748.726
11067.77
13643.965
26450.981
14265.988
15262.703
21203.798
19038.695
14838.611
31.577573
31.553318
31.552931
31.578476
31.554619
31.554048
31.57987
31.556415
31.555633
31.581868
31.558882
31.557612
31.584444
31.561998
31.560243
31.587436
31.565453
31.563555
31.590879
31.568875
31.567457
31.594178
31.572092
31.571515
31.599195
31.576758
31.57635
31.603725
31.581024
31.582101
31.602197
31.580766
31.581658
31.602531
31.581744
31.579458
31.605828
31.582442
31.581901
31.601305
31.578539
31.579875
31.606087
31.583511
31.58447
31.604599
31.582892
31.581239
31.601791
31.57916
31.57671
31.59841
31.575903
31.575263
31.594857
31.571928
31.571843
31.59241
31.56864
31.568932
31.541171
31.504774
31.503784
31.542673
31.50673
31.505592
31.544663
31.509145
31.507651
31.547351
31.512215
31.510182
31.550712
31.515604
31.513343
31.554268
31.519767
31.516895
31.557795
31.524439
31.521501
31.561052
31.528242
31.526738
31.565943
31.53405
31.532178
31.570027
31.538038
31.539124
31.570478
31.538962
31.539302
31.572834
31.54284
31.538497
31.570857
31.53622
31.539287
31.567538
31.537062
31.54007
31.571944
31.539296
31.540701
31.571601
31.537327
31.537625
31.567866
31.534442
31.53265
31.564615
31.531156
31.530917
31.560501
31.526697
31.526985
31.55653
31.52181
31.523377
31.492685
31.456403
31.454048
31.49477
31.458661
31.457189
31.497258
31.461264
31.459287
31.500207
31.465175
31.462154
31.504058
31.470036
31.466244
31.508559
31.475405
31.471392
31.513498
31.48131
31.477263
31.517535
31.486229
31.48383
31.523716
31.493851
31.490102
31.527879
31.498845
31.498398
31.5288
31.499461
31.499317
31.533031
31.504209
31.500213
31.526823
31.497038
31.502386
31.527645
31.499827
31.501172
31.528948
31.499362
31.500076
31.526452
31.495069
31.496019
31.523177
31.491129
31.491395
31.519957
31.486863
31.487762
31.515578
31.482122
31.483019
31.509838
31.475362
31.478742
31.444114
31.40792
31.405322
31.446494
31.410895
31.408528
31.449543
31.41464
31.411498
31.453694
31.419574
31.415375
31.458833
31.4257
31.420546
31.464537
31.432593
31.427091
31.470834
31.440256
31.434677
31.476114
31.446953
31.443112
31.484386
31.45743
31.450903
31.489657
31.463661
31.46112
31.490191
31.464441
31.462673
31.495425
31.469684
31.465641
31.488796
31.463993
31.469824
31.491073
31.466967
31.466449
31.489995
31.463284
31.462774
31.485032
31.456407
31.45803
31.48084
31.451068
31.453164
31.476262
31.445244
31.447107
31.471139
31.439287
31.441214
31.464099
31.431495
31.435607
31.395982
31.360302
31.356958
31.399121
31.363981
31.3608
31.403085
31.368683
31.364423
31.408314
31.374922
31.369292
31.414829
31.382779
31.375863
31.422194
31.391842
31.38429
31.430336
31.401931
31.394208
31.437683
31.411464
31.405319
31.449054
31.425685
31.415654
31.45577
31.434662
31.428613
31.456619
31.435652
31.432025
31.461619
31.440414
31.437896
31.455239
31.436088
31.443839
31.459566
31.439627
31.437478
31.454825
31.431252
31.430942
31.44734
31.421432
31.423312
31.441501
31.413915
31.417748
31.435171
31.405818
31.40897
31.428876
31.398305
31.401343
31.420678
31.389308
31.394303
31.34845
31.313029
31.308881
31.352329
31.317558
31.313442
31.357305
31.323451
31.317876
31.363924
31.331368
31.323992
31.372302
31.34155
31.33237
31.382032
31.353655
31.343319
31.392937
31.367527
31.356542
31.403341
31.381201
31.371567
31.418787
31.400772
31.385891
31.428746
31.414181
31.40325
31.429633
31.415208
31.409904
31.434233
31.419479
31.418208
31.430594
31.41691
31.426922
31.433773
31.418901
31.415495
31.424065
31.405204
31.406259
31.413233
31.390415
31.393902
31.405119
31.380163
31.385454
31.396342
31.368928
31.373889
31.388333
31.359186
31.363845
31.378805
31.348616
31.354777
31.301266
31.266115
31.261032
31.306032
31.271652
31.266467
31.312263
31.279012
31.271898
31.320666
31.289066
31.279561
31.331541
31.302345
31.290263
31.344589
31.318723
31.304588
31.359652
31.337988
31.322414
31.374693
31.358421
31.343199
31.396264
31.386225
31.364034
31.410936
31.405786
31.388348
31.411933
31.408156
31.400284
31.415817
31.412019
31.411794
31.414239
31.410076
31.418621
31.414932
31.406799
31.403522
31.399844
31.38724
31.390435
31.383494
31.365267
31.372654
31.372365
31.35069
31.358287
31.360177
31.335264
31.342832
31.349726
31.322247
31.32933
31.338466
31.309359
31.317228
31.254434
31.219372
31.213117
31.260256
31.226291
31.219851
31.268032
31.235445
31.226529
31.278709
31.248207
31.236113
31.292907
31.265593
31.249771
31.310602
31.287928
31.268619
31.331586
31.315212
31.292956
31.354187
31.346232
31.322724
31.385278
31.387276
31.353861
31.406892
31.417511
31.389693
31.409741
31.423457
31.411301
31.412923
31.423205
31.426955
31.411558
31.422021
31.43165
31.405778
31.408363
31.408775
31.384269
31.379724
31.387112
31.360117
31.347709
31.361865
31.344074
31.326277
31.338117
31.327462
31.305676
31.31667
31.313397
31.287917
31.298478
31.299585
31.271663
31.28203
31.207631
31.172731
31.166039
31.21504
31.181424
31.173151
31.224698
31.192843
31.181819
31.238246
31.209008
31.193756
31.256839
31.231793
31.211173
31.281024
31.262447
31.236045
31.31085
31.301748
31.269658
31.345258
31.349634
31.312653
31.391913
31.413228
31.361701
31.426074
31.463603
31.417761
31.433924
31.477647
31.457775
31.431772
31.470046
31.47973
31.431929
31.444016
31.484147
31.412095
31.431621
31.444382
31.380046
31.386776
31.402983
31.344686
31.339204
31.36441
31.321096
31.308056
31.326571
31.298996
31.280736
31.296403
31.279765
31.256363
31.271751
31.262152
31.235834
31.249283
31.161243
31.126946
31.119288
31.170309
31.137348
31.127473
31.182358
31.151278
31.137828
31.199507
31.171703
31.152594
31.223864
31.201552
31.174761
31.2571
31.243724
31.207614
31.30031
31.301522
31.254332
31.353655
31.377288
31.317943
31.427133
31.481226
31.39778
31.485077
31.57078
31.4924
31.503027
31.604432
31.567949
31.484486
31.572866
31.602486
31.448804
31.487361
31.574458
31.442053
31.487527
31.51788
31.391643
31.414277
31.448256
31.338878
31.342841
31.384965
31.304677
31.297756
31.326199
31.275286
31.260834
31.283339
31.248878
31.227893
31.249483
31.227042
31.202853
31.219705
31.115576
31.081628
31.072882
31.126415
31.093846
31.082433
31.141072
31.110809
31.094541
31.162691
31.136464
31.1127
31.194585
31.175474
31.140773
31.240352
31.233589
31.184169
31.304096
31.319641
31.249437
31.388852
31.443573
31.34588
31.510536
31.619094
31.479159
31.615931
31.792518
31.650949
31.654657
31.862485
31.798848
31.610725
31.725339
31.858364
31.505652
31.622044
31.778737
31.50814
31.594314
31.66358
31.425303
31.470269
31.538747
31.346304
31.363748
31.430366
31.296704
31.297665
31.340902
31.256677
31.246601
31.27904
31.221452
31.203845
31.232755
31.194631
31.172096
31.194025
31.070347
31.036767
31.02678
31.083057
31.050778
31.037737
31.100876
31.071425
31.051896
31.127981
31.103383
31.074082
31.169604
31.154113
31.109356
31.232743
31.234279
31.166381
31.327748
31.363467
31.257923
31.46708
31.570702
31.40599
31.673651
31.879148
31.635006
31.881819
32.235249
31.957494
31.974015
32.388202
32.271593
31.815008
32.152353
32.388688
31.680785
31.942966
32.168551
31.632466
31.784791
31.93826
31.48994
31.567189
31.700661
31.37224
31.406858
31.511077
31.299542
31.310176
31.375195
31.244079
31.239302
31.286217
31.198531
31.184395
31.222308
31.16446
31.144061
31.1724
31.025433
30.991801
30.980958
31.039876
31.007812
30.992948
31.061706
31.032287
31.009385
31.095468
31.072282
31.036216
31.149422
31.137738
31.080527
31.236705
31.248342
31.154839
31.379301
31.442514
31.283353
31.612014
31.790303
31.511282
31.979018
32.354196
31.907192
32.412751
33.135743
32.53488
32.628103
33.53557
33.291107
32.37141
32.891057
33.544174
32.057527
32.534196
32.972343
31.850458
32.106914
32.44177
31.599502
31.723144
31.972657
31.421538
31.477832
31.642156
31.315552
31.337594
31.433138
31.238706
31.240097
31.306475
31.180205
31.169059
31.218807
31.137076
31.118508
31.154902
30.980401
30.947047
30.935445
30.997261
30.96629
30.948524
31.022905
30.994815
30.967612
31.064604
31.042585
31.000162
31.134578
31.126297
31.053877
31.254493
31.277972
31.149654
31.46843
31.567834
31.328644
31.858629
32.146259
31.677223
32.532498
33.228085
32.358811
33.506918
35.080829
33.651063
34.061045
36.443015
35.695454
33.028921
33.89739
36.194702
32.748339
33.594281
34.48165
32.213643
32.622714
33.328089
31.773318
31.961857
32.404481
31.500365
31.58508
31.840116
31.347056
31.381905
31.521217
31.241602
31.249208
31.34099
31.165761
31.158402
31.222658
31.112234
31.096068
31.141608
30.935973
30.903003
30.890032
30.955465
30.924067
30.904759
30.985801
30.958193
30.926622
31.036499
31.016829
30.96446
31.123007
31.123715
31.031529
31.285864
31.298183
31.152605
31.605911
31.745515
31.397515
32.25303
32.690203
31.916781
33.549247
34.837722
33.078827
35.936161
39.459222
35.860851
37.677178
43.109077
40.954526
34.27886
37.227653
42.102439
33.977189
35.475267
37.641878
32.792456
33.418666
34.831461
32.03659
32.302864
33.063567
31.617565
31.735663
32.121118
31.395924
31.445181
31.645147
31.253057
31.268269
31.391721
31.156656
31.153512
31.235531
31.090533
31.076346
31.133425
30.892003
30.859061
30.84471
30.913632
30.882422
30.861221
30.949018
30.921641
30.886238
31.010475
30.990668
30.929057
31.120014
31.114733
31.00784
31.320834
31.361102
31.156228
31.798134
31.992868
31.486115
32.853876
33.502383
32.229561
35.420996
36.961443
33.910547
41.276874
49.210864
40.091748
46.169024
63.889842
54.279783
38.843545
45.941406
54.63134
36.151925
38.757619
43.975272
33.673835
34.585444
37.333722
32.411727
32.773091
33.981653
31.780214
31.933088
32.4948
31.464244
31.528106
31.806624
31.274434
31.296754
31.459146
31.153089
31.153942
31.256851
31.071606
31.05992
31.12992
30.84815
30.815451
30.79986
30.872111
30.84122
30.818086
30.912621
30.885662
30.846118
30.984281
30.965467
30.894748
31.114354
31.115274
30.986666
31.37786
31.432491
31.167416
32.057197
32.273379
31.58961
33.799733
34.514415
32.610615
37.370777
41.4245
35.438358
44.005841
45.200006
43.357867
68.894258
90.387716
72.126949
58.142444
68.615369
81.221635
39.879589
43.859538
56.668632
34.929277
36.142171
41.016493
32.910315
33.36503
35.191134
31.9888
32.177853
32.968501
31.552543
31.630514
32.006147
31.305178
31.334174
31.54318
31.154794
31.159379
31.286097
31.055922
31.046053
31.130738
30.804503
30.771668
30.755022
30.830895
30.799964
30.774764
30.876662
30.849463
30.805788
30.959176
30.939957
30.860589
31.116016
31.118645
30.965337
31.451499
31.509586
31.181301
32.348979
32.582593
31.700498
34.796715
35.706574
33.04139
43.028433
48.463952
37.200818
55.505921
60.210818
52.530089
164.16801
201.53743
169.05034
45.422811
50.458774
82.737342
36.586645
38.015428
45.803519
33.526747
34.054137
36.635086
32.243391
32.462087
33.523427
31.659618
31.750165
32.238472
31.344859
31.379884
31.642561
31.161399
31.169336
31.322405
31.042737
31.035002
31.135683
30.760768
30.728118
30.710467
30.78967
30.758825
30.731654
30.840386
30.812846
30.765358
30.933426
30.913424
30.825911
31.119367
31.120115
30.942897
31.528917
31.585352
31.192763
32.660079
32.890192
31.80795
36.016211
36.92982
33.470104
50.425985
56.339694
39.037814
79.83934
87.548417
65.484019
69.679602
74.120653
99.365393
38.542297
40.019063
50.713296
34.239156
34.798324
38.176144
32.53627
32.773371
34.125239
31.782251
31.881999
32.493906
31.392325
31.432576
31.754105
31.172396
31.182948
31.364678
31.032327
31.025936
31.143875
30.717206
30.684337
30.665816
30.748505
30.717259
30.688287
30.803576
30.775277
30.724446
30.906581
30.885224
30.790159
31.119713
31.11623
30.918784
31.603102
31.652441
31.199478
32.9637
33.172039
31.903166
37.226389
38.057167
33.860893
58.281883
64.123716
40.769482
112.08049
120.66282
80.912418
85.718895
88.791786
127.53202
40.556265
41.939713
54.538174
34.997088
35.555413
39.6626
32.853885
33.097621
34.732768
31.917909
32.021441
32.761452
31.446309
31.489914
31.870642
31.186795
31.199376
31.410845
31.023744
31.018944
31.15461
30.67338
30.640525
30.621247
30.706807
30.675304
30.644866
30.765748
30.736812
30.68318
30.877879
30.855033
30.753357
31.114375
31.106752
30.892463
31.667276
31.707078
31.199856
33.236998
33.412876
31.982779
38.315797
39.029199
34.196635
45.626464
46.226035
41.547131
146.78491
154.82968
96.772131
96.87373
98.537103
139.98829
42.36625
43.146372
57.848408
35.735296
36.273121
40.912809
33.178347
33.389243
35.328308
32.058833
32.167451
33.000698
31.505102
31.551453
31.993007
31.203513
31.218373
31.4599
31.01688
31.012128
31.165925
30.629535
30.596531
30.576641
30.664724
30.632785
30.601231
30.72703
30.697279
30.641373
30.847116
30.822461
30.71532
31.103496
31.091652
30.863292
31.718484
31.746574
31.193117
33.465339
33.607639
32.043417
39.247655
39.836925
34.470286
47.926487
48.446296
42.934752
102.24929
103.19486
145.66164
43.502902
44.648496
60.114229
36.427493
36.828737
42.060605
33.436875
33.691502
35.874175
32.191883
32.303203
33.256587
31.56133
31.610267
32.104613
31.217405
31.233211
31.51394
31.012149
31.012963
31.179186
30.585503
30.552382
30.532029
30.622074
30.589744
30.557408
30.687231
30.65666
30.598997
30.813937
30.787455
30.675986
31.087022
31.071026
30.831214
31.753942
31.770968
31.179523
33.648578
33.757907
32.086389
40.015
40.488183
34.687329
49.904332
50.344991
44.083807
105.00255
105.27728
146.15793
44.943011
45.757026
61.535526
36.990995
37.393313
42.889242
33.776043
33.988526
36.235984
32.330779
32.438209
33.495895
31.626021
31.665606
32.215381
31.240978
31.253079
31.546064
31.011522
31.002667
31.193201
30.541321
30.508098
30.487415
30.57891
30.546225
30.513413
30.646341
30.614973
30.556063
30.778333
30.750119
30.635387
31.065097
31.045335
30.796362
31.774855
31.781807
31.15984
33.789796
33.870577
32.11257
40.637409
41.017619
34.854931
51.539181
51.890656
45.003371
105.44896
105.31719
143.48419
46.001625
46.592322
62.235903
37.502286
37.812216
43.529206
34.053005
34.228894
36.612736
32.467666
32.548619
33.694571
31.678518
31.712449
32.307605
31.25608
31.268213
31.590351
31.001879
30.994704
31.199576
30.496998
30.463661
30.442769
30.535275
30.502272
30.469223
30.60439
30.572295
30.512601
30.740443
30.710718
30.593616
31.038184
31.015045
30.759078
31.782968
31.781427
31.134744
33.894098
33.945402
32.12443
41.119893
41.451281
34.977045
52.864271
53.180397
45.726988
71.449135
71.423589
136.05009
46.747717
47.119915
62.516548
37.90468
38.145187
44.012003
34.279729
34.413015
36.948259
32.574677
32.648359
33.854333
31.723241
31.754881
32.389893
31.271638
31.27942
31.627519
30.992987
30.986663
31.20247
30.45252
30.419095
30.398095
30.49122
30.457983
30.424862
30.561484
30.528808
30.468725
30.700572
30.669637
30.550885
31.006848
30.981006
30.71977
31.779191
31.768251
31.105292
33.954774
33.987013
32.122344
41.523132
41.718706
35.055455
53.979968
54.17124
46.318452
71.35744
71.044414
130.1279
47.213198
47.415177
62.459903
38.215893
38.40813
44.357379
34.453091
34.562729
37.197316
32.671107
32.734254
33.974989
31.76505
31.793476
32.46508
31.281587
31.287756
31.660472
30.98431
30.975701
31.20516
30.407928
30.374406
30.353385
30.446864
30.413435
30.380343
30.517827
30.48469
30.42451
30.659128
30.627264
30.507395
30.971786
30.944153
30.678869
31.765947
31.751475
31.0712
33.995946
34.016182
32.112386
41.761955
41.844648
35.09433
54.554889
54.624413
46.595922
70.91293
70.436826
124.18344
47.459432
47.546444
62.178452
38.464942
38.608654
44.557467
34.595636
34.681943
37.366235
32.753723
32.807765
34.078763
31.802299
31.826402
32.528151
31.289693
31.2948
31.686765
30.972605
30.962937
31.207351
30.363226
30.329654
30.308685
30.402279
30.368739
30.335734
30.473596
30.440169
30.380077
30.616547
30.584085
30.463393
30.934648
30.904986
30.636476
31.745748
31.725816
31.036258
34.018825
34.023178
32.090771
41.859096
41.897504
35.112442
54.701809
54.711104
46.673426
70.253007
69.632136
118.58385
47.563095
47.582473
61.747306
38.647912
38.740764
44.636207
34.707004
34.772181
37.478753
32.823985
32.866207
34.163743
31.833625
31.852853
32.577662
31.296083
31.298479
31.706039
30.959526
30.949054
31.206062
30.318457
30.284907
30.264037
30.357549
30.323994
30.291106
30.428997
30.395476
30.335537
30.573173
30.540326
30.419146
30.895076
30.865022
30.593756
31.718852
31.697395
30.998814
34.023575
34.022072
32.066538
41.909156
41.939622
35.124556
54.744117
54.758863
46.73555
69.410306
68.702164
113.40123
47.581059
47.550527
61.214373
38.764357
38.818069
44.636265
34.790734
34.838276
37.546936
32.877923
32.906874
34.228483
31.858411
31.872561
32.611817
31.298687
31.297478
31.718739
30.94521
30.933173
31.200451
30.273725
30.240188
30.219448
30.312811
30.279253
30.246484
30.3843
30.350789
30.290969
30.529387
30.496565
30.374848
30.854966
30.824881
30.550943
31.690096
31.668045
30.960988
34.020905
34.016714
32.041354
41.946733
41.963943
35.125152
54.775947
54.768312
46.774619
68.456092
67.700647
108.64506
47.532613
47.447542
60.610923
38.830423
38.855559
44.576327
34.851385
34.883036
37.584265
32.914654
32.933372
34.270839
31.876405
31.88485
32.630158
31.29642
31.291422
31.723192
30.928588
30.914225
31.190205
30.229029
30.195616
30.175004
30.268088
30.234661
30.202001
30.339653
30.306374
30.24654
30.485663
30.453152
30.330811
30.814923
30.785325
30.508433
31.660693
31.638857
30.923616
34.015159
34.010437
32.016707
41.970024
41.991708
35.121536
54.740434
54.729415
46.792235
291.69618
283.84196
430.11193
67.447565
66.687444
104.3867
47.410505
47.271342
59.984362
38.859021
38.858703
44.464409
34.89095
34.907478
37.600466
32.938102
32.947957
34.29166
31.886613
31.888695
32.635725
31.289114
31.280479
31.719574
30.908861
30.892416
31.175211
30.184496
30.151204
30.130703
30.223543
30.190264
30.157679
30.295325
30.262323
30.202311
30.442385
30.410337
30.287153
30.775594
30.746797
30.466454
31.631702
31.610893
30.887098
34.009134
34.005731
31.993484
42.000109
42.033451
35.123768
54.701409
54.69217
46.819609
262.47409
256.00152
380.56212
66.43832
65.701439
100.67402
47.218392
47.043864
59.329895
38.854375
38.831102
44.318196
34.910695
34.912734
37.593123
32.949769
32.9505
34.294475
31.888275
31.883687
32.631322
31.276966
31.264665
31.708929
30.886266
30.867893
31.155886
30.140118
30.106984
30.086561
30.179192
30.146127
30.113559
30.251364
30.218706
30.158365
30.399753
30.368252
30.243853
30.737397
30.709684
30.425238
31.604252
31.585283
30.851919
34.005712
34.006565
31.972714
42.046066
42.093792
35.13244
54.695694
54.694722
46.872608
238.94813
233.80503
340.93589
65.459584
64.748348
97.504045
46.979795
46.781031
58.670996
38.820267
38.778956
44.145421
34.911257
34.900195
37.561163
32.949297
32.941679
34.282183
31.881163
31.870774
32.618674
31.259981
31.244454
31.692493
30.861143
30.841034
31.132907
30.095892
30.064085
30.043556
30.135075
30.104188
30.071012
30.207845
30.179319
30.117092
30.357807
30.334942
30.205886
30.700686
30.694982
30.39534
31.579257
31.622116
30.845345
34.009036
34.200334
32.032408
42.11433
43.067636
35.411261
54.75535
54.841568
47.039696
220.37893
216.24821
310.04238
64.516809
63.861045
96.734774
46.712076
46.501414
58.02485
38.762057
38.703381
43.953668
34.894442
34.871373
37.506404
32.937827
32.922822
34.256537
31.866498
31.851511
32.598982
31.238768
31.220393
31.671234
30.833745
30.812063
31.106746
30.053141
30.020423
29.998565
30.093305
30.060797
30.027461
30.168631
30.136776
30.07393
30.324862
30.294535
30.163819
30.686256
30.660763
30.355809
31.616124
31.601928
30.812296
34.204766
34.218506
32.016523
43.085113
43.194755
35.434407
100.182
101.11514
48.70485
258.51264
261.4628
151.47202
119.73189
116.45614
297.25832
64.320877
63.6163
94.80811
46.434552
46.344804
57.807386
38.681867
38.613849
43.814464
34.862199
34.82964
37.434683
32.916716
32.895739
34.221429
31.84589
31.82735
32.572996
31.213808
31.192935
31.64563
30.804237
30.780927
31.077698
30.009547
29.977037
29.955522
30.050007
30.017776
29.984201
30.126223
30.094735
30.031164
30.284517
30.254714
30.122269
30.652059
30.626833
30.317005
31.596797
31.581738
30.780682
34.221868
34.239465
32.003243
43.24326
43.413499
35.479247
101.72349
104.04182
49.083689
4007.6379
3402.2082
162.49737
439.31968
414.61966
2798.3559
115.46396
112.71904
278.25359
63.386959
62.723704
92.477443
46.262134
46.013646
57.126139
38.581257
38.479012
43.553605
34.817932
34.769307
37.321835
32.887813
32.857275
34.169262
31.820587
31.796224
32.537522
31.185566
31.161461
31.613534
30.77254
30.746984
31.045173
29.966226
29.9339
29.912508
30.007075
29.975106
29.941222
30.084293
30.05312
29.988763
30.244843
30.215397
30.081157
30.618533
30.593784
30.278764
31.576967
31.563052
30.750206
34.245688
34.264546
31.992654
43.476047
43.678018
35.531252
104.93312
107.93327
49.569257
3236.0993
2817.8584
175.52099
407.39545
388.04287
2276.6457
111.85099
109.53194
263.19313
62.511235
61.902904
90.43675
45.930958
45.685589
56.486604
38.443749
38.335634
43.29452
34.752063
34.697798
37.199272
32.846476
32.812395
34.107286
31.787523
31.759759
32.495772
31.152874
31.126089
31.576576
30.737826
30.710921
31.009339
29.923152
29.889336
29.869527
29.964485
29.932745
29.898486
30.042773
30.011857
29.946681
30.205624
30.176374
30.040393
30.585551
30.560843
30.240825
31.558402
31.544356
30.719927
34.270894
34.289781
31.981764
43.749796
43.974663
35.587302
109.033
112.63411
50.107108
2700.3734
2398.682
191.49506
382.25244
366.46989
1926.0816
108.81319
106.84223
250.85451
61.709284
61.153834
88.6668
45.605046
45.368358
55.891168
38.299017
38.188717
43.038751
34.679177
34.621903
37.072973
32.800413
32.762669
34.040817
31.749973
31.719196
32.449473
31.116796
31.08802
31.535947
30.70169
30.673211
30.971267
29.878756
29.847095
29.82671
29.922194
29.890649
29.854301
30.001585
29.970844
29.904863
30.166647
30.137491
29.999875
30.552601
30.527748
30.202966
31.539636
31.525337
30.689562
34.296123
34.315614
31.969407
44.052607
44.292617
35.644732
113.9155
118.02457
50.667275
2312.2214
2085.9981
208.98461
361.67056
348.42041
1674.4616
106.23317
104.5147
240.46705
60.978012
60.471461
87.116981
45.290945
45.063981
55.341839
38.151844
38.041551
42.787305
34.602344
34.542526
36.946463
32.749565
32.708882
33.969961
31.708472
31.675095
32.399233
31.078109
31.047586
31.492205
30.663232
30.633564
30.931153
29.836601
29.804926
29.784071
29.880151
29.848742
29.812574
29.960619
29.929993
29.863246
30.127776
30.098639
29.959511
30.51943
30.494324
30.165086
31.520502
31.505662
30.658831
34.322234
34.341945
31.955993
44.374482
44.623523
35.702972
119.46843
123.99124
51.249988
2019.9825
1844.6009
226.86072
344.33672
332.90564
1486.6423
103.97551
102.44284
231.49736
60.310153
59.842437
85.71918
44.98993
44.772996
54.832401
38.005037
37.896733
42.543738
34.522259
34.460564
36.821347
32.69488
32.651696
33.895379
31.663597
31.628149
32.345516
31.037134
31.005108
31.44599
30.623247
30.592585
30.889181
29.794345
29.762665
29.741606
29.838287
29.804811
29.770509
29.919797
29.889243
29.82175
30.088927
30.059772
29.919232
30.485914
30.460547
30.127158
31.500646
31.485304
30.627668
34.348584
34.3682
31.941757
44.706833
44.957959
35.761071
125.55915
130.38341
51.854462
1792.6772
1653.086
244.34749
329.33563
319.25002
1342.4249
101.95871
100.57927
223.56604
59.692587
59.262455
84.450629
44.702571
44.496822
54.359422
37.861172
37.756005
42.310929
34.439722
34.376682
36.698592
32.636952
32.59212
33.818606
31.616042
31.578994
32.289276
30.994202
30.960947
31.39789
30.581988
30.55048
30.845604
29.752119
29.720549
29.699301
29.794528
29.764672
29.728546
29.879067
29.848554
29.778905
30.050047
30.020847
29.878991
30.452044
30.426396
30.089154
31.480094
31.464124
30.596026
34.374671
34.393732
31.92664
45.04193
45.294942
35.818207
132.03226
137.03385
52.474674
1611.2852
1497.7805
260.90338
316.07867
307.08137
1227.241
100.14098
98.88369
216.46271
59.125137
58.725111
83.289572
44.430128
44.235933
53.917012
37.721599
37.620189
42.090497
34.355532
34.291925
36.578952
32.576978
32.531001
33.740976
31.566431
31.528235
32.231043
30.949683
30.915489
31.348425
30.539642
30.507395
30.800745
29.710039
29.678565
29.657136
29.754216
29.723727
29.686678
29.838387
29.807889
29.737762
30.011104
29.981841
29.838749
30.417803
30.391885
30.051041
31.458702
31.442119
30.563918
34.39999
34.41837
31.910689
45.379594
45.634312
35.87414
138.71854
143.78156
53.106183
1463.4574
1369.4764
276.16353
304.24191
296.15916
1132.3102
98.482785
97.329946
210.06241
58.595238
58.220445
82.21932
44.173231
43.991119
53.502583
37.587018
37.48932
41.883511
34.27071
34.207219
36.462691
32.515496
32.468584
33.663266
31.515354
31.476359
32.171405
30.903959
30.869085
31.29802
30.496353
30.463499
30.75495
29.668082
29.63668
29.615103
29.713353
29.682229
29.644853
29.797722
29.767215
29.696624
29.972075
29.942736
29.798474
30.383199
30.356998
30.012786
31.436493
31.419338
30.53133
34.424359
34.441928
31.893947
45.719464
45.975271
35.928946
145.46824
150.48543
53.743972
1340.8248
1261.806
289.93313
293.60048
286.29899
1052.7236
96.961135
95.897962
204.26368
58.100398
57.746315
81.225302
43.932401
43.761997
53.109235
37.457366
37.363265
41.689787
34.186134
34.123216
36.34985
32.452837
32.405367
33.585982
31.463258
31.423712
32.110879
30.857366
30.822008
31.246991
30.452302
30.418996
30.708517
29.626224
29.594826
29.573187
29.671861
29.640773
29.60392
29.757042
29.726516
29.655507
29.932943
29.903516
29.758144
30.348218
30.321744
29.974369
31.413535
31.395886
30.498284
34.447653
34.46445
31.876539
46.060556
46.316232
35.982726
152.13932
157.02351
54.384337
1237.5543
1170.2593
302.09694
283.98293
277.35748
985.04941
95.557077
94.572516
198.99006
57.632641
57.300934
80.299199
43.707321
43.548983
52.73926
37.332477
37.241764
41.509111
34.102378
34.040287
36.240288
32.389486
32.341722
33.509468
31.410463
31.370568
32.049912
30.810154
30.774441
31.195559
30.407689
30.374049
30.661644
29.584396
29.553715
29.53138
29.630418
29.599374
29.562964
29.716336
29.685786
29.614404
29.893692
29.864175
29.717751
30.312878
30.286165
29.935785
31.389927
31.371827
30.46483
34.46992
34.485916
31.858532
46.40134
46.656159
36.035335
158.62198
163.31129
55.024886
1149.484
1091.5217
312.68516
275.24979
269.19926
926.77506
94.256353
93.341208
194.16589
57.19404
56.883846
79.434253
43.498026
43.349881
52.394517
37.212049
37.124425
41.339696
34.01974
33.95859
36.133791
32.325779
32.277957
33.433922
31.357233
31.317165
31.988868
30.762484
30.726496
31.143895
30.362661
30.328769
30.614437
29.543291
29.512089
29.489678
29.589032
29.558025
29.52146
29.675599
29.645029
29.573311
29.854322
29.824723
29.677297
30.277225
30.250313
29.897046
31.365723
31.347207
30.431029
34.491102
34.506188
31.839928
46.74087
46.99409
36.086355
164.83608
169.28159
55.663616
1073.5328
1023.1101
321.75352
267.26721
261.7016
876.05079
93.046667
92.192221
189.71855
56.783425
56.490276
78.622896
43.301937
43.162782
52.069766
37.095699
37.010937
41.180094
33.938378
33.878274
36.030185
32.262037
32.214392
33.359419
31.303799
31.263719
31.928036
30.714458
30.678255
31.092145
30.317319
30.283231
30.566955
29.501696
29.471199
29.448058
29.547695
29.516721
29.480028
29.634835
29.604249
29.532235
29.814844
29.785177
29.636794
30.241313
30.214239
29.858174
31.340971
31.322078
30.396934
34.511054
34.525153
31.820725
47.078124
47.328868
36.135751
170.71893
174.88678
56.298237
1007.3899
963.14339
329.39696
259.91904
254.77302
831.49441
91.916785
91.117306
185.59322
56.395031
56.116584
77.860311
43.117714
42.986408
51.763683
36.983122
36.900946
41.029246
33.858422
33.799417
35.929319
32.198566
32.151284
33.286014
31.250375
31.210431
31.867635
30.666157
30.629806
31.040455
30.271736
30.237501
30.519263
29.460834
29.429765
29.406541
29.506402
29.475463
29.43865
29.594052
29.563456
29.491181
29.775278
29.745559
29.596252
30.205191
30.177982
29.819194
31.315724
31.296489
30.36258
34.529687
34.542796
31.800933
47.411955
47.659631
36.183523
176.22826
180.10332
56.927073
949.29287
910.16319
335.74781
253.12193
248.34802
792.04319
90.859581
90.110891
181.75291
56.026637
55.764582
77.143768
42.943829
42.819603
51.475246
36.873939
36.794021
40.885305
33.779936
33.722048
35.830954
32.135604
32.088822
33.213782
31.197153
31.15746
31.807846
30.617671
30.581249
30.988953
30.225975
30.191632
30.471442
29.419414
29.388401
29.365126
29.465156
29.434256
29.39733
29.553257
29.522662
29.450155
29.735645
29.705889
29.555688
30.168892
30.141565
29.780133
31.290024
31.270469
30.327988
34.547005
34.559165
31.780569
47.741659
47.986143
36.229506
181.346
184.92431
57.549398
897.86974
863.02185
340.94426
246.814
242.37279
756.85053
89.869056
89.16496
178.16701
55.67966
55.431228
76.467731
42.779092
42.659904
51.202481
36.767718
36.689802
40.746599
33.70294
33.646172
35.734878
32.073329
32.027159
33.142799
31.144281
31.104912
31.748817
30.569104
30.53269
30.937736
30.180087
30.145677
30.42358
29.378069
29.34711
29.323805
29.423963
29.393105
29.356077
29.512465
29.481879
29.409164
29.695965
29.666183
29.515118
30.132437
30.105001
29.741007
31.263899
31.244035
30.29317
34.563069
34.574339
31.759648
48.067108
48.308364
36.273762
186.06677
189.34814
58.164434
852.03738
820.80564
345.11515
240.94375
236.80044
725.23647
88.936975
88.272042
174.8102
55.35023
55.112527
75.826825
42.620938
42.506256
50.942117
36.664136
36.588034
40.612258
33.627438
33.571781
35.640916
32.011886
31.966421
33.073119
31.091847
31.052829
31.690653
30.52056
30.484219
30.886853
30.134126
30.099688
30.37576
29.336798
29.305872
29.28257
29.382826
29.352014
29.314893
29.471687
29.441121
29.368215
29.656252
29.626453
29.474556
30.095837
30.068296
29.701828
31.237363
31.217192
30.258134
34.577953
34.588343
31.738172
48.388217
48.62592
36.316369
190.39122
193.37381
58.770571
810.93152
782.7802
348.36547
235.46514
231.58694
696.66013
88.056525
87.427045
171.65945
55.035237
54.808656
75.218629
42.468717
42.357879
50.693281
36.562944
36.488493
40.48158
33.553413
33.498846
35.548924
31.951395
31.906695
33.004768
31.039879
31.001202
31.633409
30.472122
30.435896
30.836309
30.088142
30.053713
30.328042
29.294277
29.263566
29.241429
29.341751
29.310987
29.273771
29.430937
29.400399
29.327315
29.616518
29.586708
29.434017
30.059098
30.031454
29.662607
31.210416
31.189927
30.222883
34.591666
34.601186
31.716124
48.704502
48.938092
36.357323
194.3138
197.00775
59.365801
773.85592
748.34961
350.79783
230.33481
226.69177
670.69286
87.222451
86.622763
168.69227
54.73528
54.519119
74.635883
42.321355
42.212899
50.455673
36.463941
36.391078
40.353661
33.480838
33.42734
35.458834
31.891929
31.848018
32.937738
30.988361
30.949995
31.577088
30.423842
30.387752
30.786084
30.042182
30.007791
30.280462
29.253308
29.22257
29.200366
29.30074
29.270025
29.232734
29.390225
29.359723
29.286468
29.57677
29.546957
29.393513
30.022223
29.994481
29.623351
31.183043
31.162231
30.187421
34.604212
34.612836
31.693503
49.015213
49.244184
36.396611
197.85713
200.2625
59.948331
740.24425
717.02646
352.50362
225.51369
222.08179
646.99519
86.427492
85.855737
165.88926
54.448767
54.239861
74.075487
42.177108
42.070969
50.225953
36.367052
36.295748
40.228295
33.409684
33.357228
35.370626
31.833514
31.790385
32.872
30.937252
30.899165
31.521659
30.375745
30.339798
30.736148
29.996285
29.961955
30.233042
29.21236
29.181875
29.159383
29.259796
29.229133
29.190523
29.349562
29.319101
29.245681
29.53702
29.507212
29.353053
29.985217
29.957384
29.584075
31.155243
31.134133
30.15176
34.615569
34.623349
31.670352
49.319699
49.543686
36.434295
201.01993
203.1562
60.516611
709.63224
688.4078
353.5735
220.97065
217.72987
625.28791
85.669829
85.126155
163.23487
54.171307
53.969861
73.539864
42.036022
41.932581
50.003338
36.272238
36.202471
40.105527
33.339915
33.288471
35.284299
31.776136
31.733754
32.807499
30.886509
30.848671
31.467063
30.327839
30.292036
30.686474
29.950478
29.916229
30.185789
29.171641
29.141074
29.118492
29.218923
29.188314
29.149912
29.308955
29.278538
29.204957
29.497279
29.467485
29.312642
29.948092
29.92018
29.544794
31.127053
31.105698
30.115926
34.625816
34.632848
31.646764
49.617483
49.836158
36.470512
203.8254
205.70356
61.069328
681.63481
662.15622
354.08049
216.67925
213.61034
605.33126
84.94943
84.429758
160.71319
53.903986
53.710677
73.028519
41.898533
41.797696
49.788943
36.179474
36.111243
39.985519
33.271488
33.221024
35.19988
31.719744
31.678051
32.744169
30.836093
30.798481
31.413221
30.280125
30.244468
30.637045
29.904787
29.870632
30.138714
29.130869
29.1003
29.0777
29.178123
29.147553
29.109241
29.268407
29.238038
29.164299
29.457558
29.427787
29.272287
29.910865
29.88289
29.505521
31.098547
31.077004
30.07995
34.635082
34.641456
31.622836
49.908134
50.121237
36.505393
206.28831
207.92293
61.605436
655.92882
637.98811
354.09066
212.61404
209.70091
586.92138
84.259816
83.75863
158.3098
53.647818
53.46222
72.535645
41.76449
41.666194
49.583004
36.08876
36.022067
39.868325
33.204362
33.154838
35.117401
31.664257
31.623175
32.681926
30.785975
30.74857
31.360037
30.232606
30.197099
30.587852
29.859228
29.825178
30.091825
29.090112
29.059589
29.036992
29.137375
29.105331
29.068568
29.227923
29.197603
29.123692
29.417868
29.388126
29.23199
29.873556
29.845533
29.466266
31.069798
31.048109
30.043863
34.64348
34.649244
31.598642
50.191325
50.3987
36.539
208.42974
209.84117
62.124341
632.24237
615.66263
353.67902
208.75451
205.98567
569.87756
83.594546
83.111595
156.0164
53.401334
53.222082
72.059351
41.633808
41.537778
49.384148
36.000095
35.934923
39.753945
33.138481
33.089844
35.036865
31.60957
31.569007
32.620672
30.736131
30.698919
31.30741
30.185288
30.149937
30.538888
29.813814
29.779878
30.045132
29.049424
29.018965
28.996374
29.095232
29.064969
29.02797
29.187504
29.157234
29.081544
29.378218
29.348508
29.191753
29.836185
29.808127
29.427037
31.040859
31.019047
30.007693
34.651067
34.656221
31.574216
50.466852
50.668321
36.571313
210.27632
211.47968
62.625539
610.34454
594.9764
352.90572
205.08562
202.45109
554.05035
82.953309
82.485853
153.82643
53.163451
52.990474
71.597884
41.506142
41.412485
49.191656
35.913455
35.849778
39.642399
33.073772
33.025951
34.958228
31.555558
31.515419
32.56029
30.686543
30.649515
31.255237
30.138179
30.10299
30.490153
29.768556
29.734738
29.998641
29.008825
28.978437
28.955858
29.054873
29.024551
28.987457
29.147153
29.116878
29.041299
29.338612
29.308938
29.151578
29.798771
29.770692
29.387839
31.011758
30.989834
29.971464
34.657837
34.662355
31.549563
50.734459
50.929717
36.602258
211.84777
212.85674
63.10822
590.03976
575.75402
351.82573
201.5942
199.08427
539.30625
82.332882
81.882755
151.73384
52.933777
52.765772
71.152409
41.381709
41.290639
49.004243
35.828804
35.766608
39.533583
33.010136
32.963046
34.881401
31.502096
31.46229
32.500657
30.637199
30.600349
31.203425
30.091287
30.056263
30.441649
29.723459
29.689763
29.952359
28.968316
28.937993
28.915427
29.014441
28.984156
28.947029
29.104487
29.074424
29.000968
29.299055
29.269418
29.108886
29.761331
29.733245
29.348679
30.982509
30.960478
29.935199
34.663752
34.667596
31.524673
50.99372
51.182372
36.631739
213.1621
213.99049
63.571301
571.15873
557.84328
350.48991
198.26701
195.87123
525.52697
81.735211
81.299262
149.73034
52.710731
52.548515
70.721146
41.260718
41.172181
48.82306
35.746128
35.685407
39.427454
32.94746
32.901013
34.806282
31.449064
31.409516
32.441658
30.588092
30.551418
31.151897
30.044615
30.009758
30.393379
29.678528
29.644956
29.906286
28.927895
28.897642
28.875094
28.974068
28.943846
28.906696
29.064409
29.03436
28.960711
29.25955
29.229862
29.068855
29.723884
29.695806
29.309558
30.953117
30.930983
29.898921
34.668763
34.671906
31.499538
51.244108
51.425813
36.659683
214.23766
214.89915
64.013844
553.55454
541.11203
348.945
195.09038
192.80086
512.61265
81.156219
80.733256
147.81001
52.495269
52.338364
70.302935
41.143095
41.056893
48.647994
35.665413
35.606111
39.323786
32.885627
32.839739
34.732778
31.396365
31.357013
32.38319
30.539221
30.502723
31.1006
29.998165
29.963471
30.345346
29.633764
29.600317
29.860418
28.887568
28.85739
28.834857
28.93378
28.90363
28.866456
29.024345
28.994332
28.920545
29.216046
29.186197
29.028954
29.686449
29.658388
29.26554
30.923588
30.901357
29.86265
34.672837
34.675276
31.474153
51.485201
51.65984
36.686069
215.09299
215.60224
64.435533
537.09962
525.44532
347.2329
192.05458
189.86626
500.47795
80.594922
80.187473
145.97158
52.286964
52.135493
69.899847
41.028508
40.944293
48.47857
35.586561
35.528443
39.222281
32.824525
32.779112
34.660714
31.343921
31.304725
32.325165
30.490585
30.454265
31.049498
29.951933
29.917399
30.297553
29.589168
29.555843
29.814751
28.847344
28.817235
28.794724
28.893588
28.863509
28.826309
28.98434
28.954389
28.880464
29.176383
29.146974
28.989127
29.648879
29.611595
29.226448
30.89393
30.871608
29.816511
34.675975
34.677737
31.448523
51.716892
51.884627
36.710947
215.7482
216.1219
64.836842
521.68279
510.7444
345.39129
189.15214
187.05212
489.04275
80.054642
79.66309
144.20687
52.085858
51.939223
69.512238
40.916479
40.833751
48.313944
35.509246
35.452163
39.122743
32.764044
32.719039
34.589855
31.29168
31.252618
32.267521
30.442187
30.406045
30.998578
29.905914
29.871536
30.250002
29.544737
29.511536
29.769278
28.80721
28.777174
28.754686
28.853491
28.823483
28.786258
28.944418
28.914533
28.840477
29.137179
29.107815
28.949381
29.602167
29.574331
29.187614
30.864138
30.818727
29.778798
34.678218
34.679326
31.396243
51.939441
52.100629
36.734407
216.22375
216.47419
65.21879
507.21094
496.93714
343.45195
186.3655
184.34476
478.23216
79.534741
79.154879
142.50228
51.890903
51.747364
69.13704
40.80643
40.725282
48.15256
35.433304
35.377193
39.025272
32.7041
32.659465
34.520058
31.239618
31.20069
32.210233
30.394026
30.358063
30.947848
29.860101
29.825876
30.202689
29.500472
29.467395
29.723996
28.767174
28.737212
28.714745
28.81349
28.783555
28.746309
28.904582
28.874767
28.800589
29.098037
29.06873
28.909726
29.565074
29.537316
29.148857
30.811183
30.789116
29.742895
34.678836
34.615758
31.368797
52.153338
52.108251
36.671845
216.54019
216.67857
65.579702
493.61689
483.96179
341.43488
183.68377
181.73913
467.88548
79.030332
78.662829
140.85631
51.700077
51.559145
68.773516
40.698476
40.618897
47.993496
35.35864
35.303398
38.929693
32.644646
32.600367
34.45121
31.187738
31.148961
32.153304
30.346104
30.310319
30.897332
29.814492
29.780417
30.155614
29.456375
29.423423
29.678903
28.72724
28.697354
28.674905
28.773588
28.743733
28.706459
28.86484
28.8351
28.7608
29.058972
29.029731
28.870165
29.528078
29.500367
29.110179
30.781756
30.759579
29.707029
34.616182
34.617462
31.343089
52.097145
52.237622
36.693971
216.70481
214.57445
65.465399
480.83997
471.91685
336.55412
181.10309
179.92469
458.91775
78.542123
78.186199
139.748
51.512353
51.373225
68.419804
40.592611
40.514419
47.836241
35.285117
35.230638
38.835567
32.585667
32.541741
34.383206
31.136064
31.097468
32.096759
30.29842
30.262814
30.847062
29.769083
29.735157
30.108773
29.412446
29.379624
29.634002
28.687407
28.657597
28.635173
28.73379
28.704012
28.666707
28.825196
28.79553
28.721107
29.019992
28.990814
28.830694
29.491139
29.463488
29.071579
30.752186
30.729918
29.671208
34.617806
34.618434
31.317157
52.288166
52.436672
36.715852
214.59639
214.6299
65.808215
468.97459
460.40201
334.55027
179.30695
177.48254
449.54197
78.069284
77.723324
138.19959
51.327277
51.190713
68.075866
40.48856
40.411561
47.681526
35.212598
35.158807
38.742723
32.52716
32.483591
34.315957
31.084638
31.046255
32.040628
30.250975
30.215547
30.797076
29.723873
29.690098
30.062163
29.368691
29.335999
29.589296
28.647672
28.617939
28.595538
28.694095
28.66439
28.627058
28.785651
28.756054
28.681514
28.981096
28.951977
28.79132
29.45427
29.426657
29.033058
30.72247
30.700077
29.635421
34.618617
34.618759
31.290987
52.485488
52.628235
36.736584
214.62878
214.57716
66.134338
457.62905
449.55569
332.51473
176.8859
175.12899
440.49999
77.609891
77.275948
136.70547
51.145621
51.011686
67.743043
40.386075
40.310116
47.529325
35.140986
35.087822
38.651018
32.469131
32.425926
34.2494
31.033502
30.995366
31.984944
30.203767
30.168516
30.747404
29.678864
29.645238
30.01578
29.325111
29.292552
29.544787
28.60804
28.578385
28.556004
28.654499
28.624871
28.587514
28.746202
28.716679
28.642023
28.942281
28.913223
28.752044
29.417462
29.389881
28.994613
30.692594
30.670085
29.599652
34.61869
34.618317
31.264559
52.675269
52.812578
36.756102
214.55026
214.41957
66.444343
446.94376
439.33704
330.46046
174.55432
172.86134
431.79747
77.16648
76.842984
135.26171
50.967489
50.836149
67.420441
40.284951
40.209918
47.379632
35.070198
35.017595
38.560366
32.411588
32.36875
34.183487
30.982701
30.944839
31.929735
30.156796
30.121719
30.698071
29.634054
29.600577
29.969619
29.281709
29.249284
29.500478
28.568512
28.538938
28.516577
28.615006
28.585457
28.548075
28.706851
28.677402
28.602636
28.903546
28.874551
28.712867
29.38069
29.353136
28.956242
30.662538
30.639882
29.563889
34.618068
34.616964
31.23782
52.857218
52.988202
36.774333
214.36894
214.16943
66.73584
436.87525
429.70362
328.39546
172.30729
170.6748
423.43511
76.736943
76.423295
133.86753
50.792789
50.663902
67.107047
40.185056
40.110903
47.232421
35.000151
34.948076
38.470822
32.354536
32.312072
34.118202
30.932269
30.894704
31.875026
30.110056
30.075152
30.649095
29.589442
29.556113
29.923674
29.238487
29.206195
29.456367
28.529092
28.499597
28.477262
28.575621
28.546149
28.508738
28.667599
28.638227
28.563351
28.864895
28.835963
28.673785
29.343955
29.316419
28.91794
30.632299
30.609493
29.528117
34.616528
34.614843
31.210829
53.030889
53.155909
36.791195
214.09192
213.82822
67.010133
427.38178
420.61561
326.29627
170.14038
168.56596
415.41529
76.320347
76.016683
132.5214
50.621363
50.495018
66.802977
40.086337
40.013106
47.087771
34.930808
34.879271
38.382486
32.297984
32.255908
34.05355
30.882235
30.84498
31.820833
30.063546
30.028811
30.600483
29.545027
29.511841
29.877939
29.195443
29.163285
29.412452
28.489777
28.460359
28.438045
28.536339
28.506945
28.469505
28.628449
28.599153
28.524164
28.826327
28.797454
28.634798
29.30725
29.279739
28.879707
30.601885
30.578937
29.492336
34.614211
34.611871
31.183568
53.196029
53.314945
36.806675
213.7301
213.40746
67.2661
418.4243
412.03661
324.16031
168.05074
166.53306
407.73542
75.917101
75.623228
131.22132
50.453365
50.329846
66.50818
39.98887
39.916698
46.946066
34.862188
34.811216
38.295547
32.241952
32.200277
33.989563
30.832616
30.795678
31.767172
30.017262
29.982696
30.552239
29.500803
29.467759
29.832411
29.152578
29.120551
29.368728
28.450567
28.421229
28.398936
28.497161
28.467845
28.430385
28.589399
28.560175
28.485079
28.787839
28.759023
28.59591
29.270575
29.243082
28.841543
30.571268
30.548215
29.456562
34.611051
34.60807
31.156085
53.353023
53.465379
36.82093
213.28651
212.90825
67.504131
409.96731
403.93484
321.99891
166.03666
164.57473
400.38167
75.526845
75.242263
129.96676
50.289169
50.168652
66.222339
39.892835
39.821881
46.80745
34.794325
34.743941
38.210071
32.186457
32.145199
33.926294
30.78342
30.746796
31.714052
29.971202
29.936804
30.504356
29.456767
29.423862
29.787087
29.109889
29.077992
29.325191
28.411462
28.382206
28.359933
28.458086
28.428849
28.391369
28.550447
28.5213
28.446101
28.749428
28.720676
28.557118
29.233919
29.206456
28.803451
30.540512
30.517343
29.420781
34.607075
34.603588
31.128344
53.501487
53.60805
36.833868
212.77592
212.35475
67.726025
401.98066
396.2856
319.82561
164.0961
162.68337
393.3292
75.148935
74.873358
128.75416
50.128991
50.011524
65.944969
39.798462
39.728872
46.671955
34.727251
34.677482
38.126013
32.13152
32.090688
33.863793
30.734642
30.698323
31.661471
29.925366
29.891135
30.456819
29.412916
29.380148
29.741969
29.067374
29.035606
29.281837
28.372466
28.343292
28.321037
28.419117
28.38996
28.352456
28.511597
28.482528
28.407231
28.7111
28.68241
28.51843
29.197304
29.169867
28.765439
30.50959
30.486346
29.385021
34.602343
34.598393
31.100441
53.642269
53.742849
36.845584
212.20527
211.74907
67.932916
394.44122
389.06739
317.65154
162.22035
160.85215
386.55065
74.782789
74.514581
127.57852
49.972817
49.858026
65.675054
39.705886
39.637522
46.539387
34.661
34.61186
38.043301
32.077152
32.036748
33.80209
30.686266
30.650233
31.609417
29.879754
29.84569
30.409608
29.369249
29.336618
29.697059
29.02503
28.993388
29.238664
28.333579
28.304481
28.282257
28.380258
28.351182
28.31365
28.472853
28.443868
28.368469
28.672859
28.644236
28.479846
29.160727
29.133331
28.727502
30.478593
30.455264
29.349284
34.596998
34.592522
31.072361
53.775323
53.870243
36.856276
211.58917
211.10436
68.124857
387.32742
382.2599
315.48583
160.40268
159.07367
380.00265
74.426203
74.163933
126.43457
49.820162
49.707788
65.411153
39.614938
39.547768
46.409832
34.595587
34.547076
37.961866
32.023354
31.983373
33.741197
30.638268
30.602496
31.557869
29.834365
29.800468
30.362697
29.325764
29.293271
29.652357
28.982855
28.951335
29.195669
28.294795
28.265779
28.243578
28.341507
28.312513
28.274953
28.434218
28.405313
28.329815
28.634705
28.606148
28.441363
29.124197
29.096834
28.689647
30.447471
30.424102
29.313584
34.590991
34.586121
31.044134
53.901068
53.991239
36.86589
210.93578
210.4229
68.303059
380.61904
375.8393
313.33424
158.63713
157.34651
373.66718
74.077414
73.820594
125.32136
49.670713
49.560793
65.152338
39.525572
39.459524
46.2833
34.531013
34.483129
37.881653
31.970118
31.930548
33.681115
30.590613
30.555078
31.5068
29.789197
29.755467
30.316059
29.282463
29.250108
29.607868
28.940843
28.909443
29.152851
28.25612
28.227186
28.205008
28.302862
28.273952
28.236365
28.395691
28.366866
28.291271
28.59664
28.568158
28.402985
29.087728
29.060414
28.651881
30.416296
30.392868
29.277912
34.584465
34.579148
31.015818
54.020537
54.10622
36.874504
210.24699
209.71367
68.469276
374.29142
369.78121
311.19862
156.92242
155.66865
367.53831
73.735765
73.483759
124.23558
49.524541
49.417035
64.898066
39.437686
39.372677
46.159662
34.467273
34.420008
37.802607
31.917427
31.878252
33.621833
30.54327
30.507947
31.456178
29.744252
29.710688
30.269671
29.239347
29.207132
29.563596
28.89899
28.867706
29.110211
28.217555
28.188703
28.166548
28.264329
28.235502
28.19789
28.357272
28.32853
28.252841
28.558674
28.530258
28.364715
29.051313
29.024046
28.6142
30.385055
30.361611
29.2423
34.577379
34.571744
30.987398
54.134056
54.214882
36.882313
209.53148
208.97697
68.623085
368.32005
364.06217
309.08178
155.25652
154.03681
361.61115
73.40041
73.152234
123.17706
49.381553
49.276303
64.647592
39.351174
39.287155
46.038679
34.404356
34.357698
37.724673
31.865258
31.826458
33.563326
30.496205
30.461073
31.405972
29.699529
29.666134
30.223513
29.196418
29.164345
29.519545
28.857291
28.826118
29.067747
28.1791
28.150334
28.128197
28.225907
28.197165
28.159526
28.318963
28.290304
28.214527
28.520798
28.492455
28.326552
29.014965
28.987758
28.576615
30.353794
30.330323
29.206754
34.569786
34.563868
30.958933
54.241254
54.317816
36.889399
208.78956
208.22051
68.765654
362.68282
358.6655
306.98614
153.63577
152.44819
355.88067
73.070002
72.825252
122.1433
49.241551
49.138354
64.400313
39.265971
39.202871
45.919895
34.342246
34.296176
37.647772
31.813585
31.775139
33.505563
30.449393
30.414435
31.356153
29.655031
29.621807
30.177573
29.153678
29.12175
29.47572
28.815741
28.784677
29.025463
28.140758
28.112076
28.089956
28.187598
28.158944
28.121269
28.280766
28.252191
28.176327
28.483018
28.454747
28.288502
28.978697
28.951545
28.539131
30.322507
30.299042
29.171273
34.561824
34.555662
30.930411
54.342277
54.414803
36.89569
208.02861
207.44829
68.897291
357.36463
353.57864
304.91732
152.05744
150.90141
350.3587
72.744304
72.50349
121.1337
49.104245
49.002775
64.156589
39.181979
39.119719
45.803195
34.280915
34.235404
37.571821
31.76238
31.724266
33.448497
30.40281
30.368013
31.306693
29.610761
29.577709
30.131839
29.111132
29.079349
29.432125
28.774335
28.743378
28.983359
28.102528
28.073925
28.051832
28.149406
28.120833
28.083124
28.24268
28.214193
28.138238
28.445338
28.417144
28.250559
28.942505
28.91542
28.501742
30.291207
30.26776
29.135866
34.553532
34.547073
30.901878
54.438528
54.506799
36.901413
207.2535
206.66347
69.018964
352.35393
348.79573
302.87925
150.521
149.39383
345.03354
72.423725
72.185958
120.14736
48.969237
48.869429
63.915659
39.099094
39.037594
45.688173
34.220321
34.175327
37.496745
31.711614
31.673812
33.392074
30.35644
30.321795
31.25757
29.566721
29.533842
30.086306
29.068779
29.037143
29.388761
28.733072
28.70222
28.941437
28.064405
28.035886
28.013811
28.111326
28.082839
28.045091
28.204709
28.176303
28.100262
28.407758
28.379642
28.212723
28.906403
28.879388
28.464455
30.259931
30.23651
29.100524
34.544891
34.53826
30.873329
54.529355
54.594291
36.906496
206.46769
205.88086
69.130952
347.64681
344.31522
300.87607
149.02244
147.92139
339.87554
72.107127
71.871986
119.18026
48.836377
48.737862
63.677199
39.01721
38.956383
45.574485
34.160411
34.115916
37.422445
31.661261
31.623752
33.336248
30.310271
30.275771
31.208765
29.522911
29.490203
30.040969
29.026622
28.995132
29.345624
28.691949
28.661202
28.899696
28.026394
27.99796
27.9759
28.073357
28.044956
28.00717
28.166847
28.138527
28.062401
28.370283
28.342247
28.174994
28.870386
28.84344
28.427273
30.228692
30.205281
29.065272
34.536026
34.529173
30.844798
54.615218
54.677076
36.911149
205.68556
205.09818
69.234165
343.24114
340.13128
298.91001
147.55837
146.48054
334.86531
71.79398
71.561202
118.23144
48.705191
48.607678
63.44097
38.936202
38.87593
45.461823
34.101164
34.057132
37.348792
31.611295
31.574059
33.280976
30.264294
30.229934
31.160256
29.47933
29.446789
29.995825
28.984659
28.95331
29.30271
28.650966
28.620323
28.858134
27.988495
27.960146
27.938099
28.035502
28.007187
27.969365
28.1291
28.100861
28.024655
28.332918
28.304959
28.137375
28.834461
28.807584
28.3902
30.197477
30.174116
29.030099
34.526914
34.519971
30.816313
54.697033
54.756105
36.91533
204.90077
204.31941
69.331357
339.12974
336.23315
296.9829
146.1248
145.06789
329.99073
71.483907
71.252928
117.29791
48.575291
48.478472
63.206254
38.85591
38.796028
45.349914
34.042517
33.998846
37.275637
31.561689
31.524699
33.226179
30.218504
30.184279
31.112021
29.435971
29.403593
29.95087
28.942884
28.911673
29.260009
28.610121
28.579581
28.816747
27.950709
27.922447
27.900407
27.997762
27.969532
27.931674
28.091461
28.063306
27.987022
28.295654
28.267782
28.099868
28.79864
28.771828
28.353237
30.166329
30.142997
28.995023
34.517682
34.510714
30.78786
54.775189
54.831858
36.919279
204.12808
203.55522
69.421282
335.30095
332.60783
295.09574
144.71898
143.68213
325.24425
71.176145
70.946475
116.37886
48.44627
48.349856
62.972469
38.776109
38.716457
45.238442
33.984336
33.940955
37.202826
31.512406
31.475633
33.171761
30.172894
30.138805
31.064035
29.392827
29.360605
29.906104
28.901292
28.870213
29.217511
28.569413
28.538976
28.77553
27.913039
27.884858
27.862823
27.960136
27.931991
27.894092
28.053935
28.025866
27.949507
28.258503
28.230719
28.062475
28.762902
28.736181
28.316386
30.135231
30.11197
28.96004
34.508332
34.501382
30.759464
54.850198
54.904227
36.923108
203.36708
202.80139
69.505925
331.74165
329.24187
293.24906
143.33964
142.32159
320.6218
70.870069
70.641385
115.47317
48.317747
48.221491
62.739245
38.696591
38.637052
45.127084
33.926538
33.883435
37.130401
31.463409
31.426833
33.117666
30.127465
30.093511
31.016283
29.349891
29.317819
29.861526
28.859875
28.828923
29.175208
28.528841
28.498505
28.734476
27.875481
27.847385
27.82535
27.922624
27.894565
27.856623
28.016523
27.98854
27.912102
28.221469
28.193772
28.025199
28.727283
28.700641
28.279657
30.10423
30.081054
28.925169
34.499107
34.492131
30.731217
54.92193
54.974168
36.926922
202.61713
202.06408
69.585167
328.43815
326.12053
291.44228
141.98528
140.98522
316.11718
70.565271
70.337369
114.58015
48.189382
48.092996
62.506354
38.617216
38.557833
45.015414
33.869109
33.826279
37.058361
31.414671
31.378276
33.063867
30.082218
30.048404
30.968756
29.307154
29.275228
29.81714
28.818626
28.787794
29.13309
28.488403
28.458165
28.693579
27.838033
27.810021
27.787991
27.885229
27.857256
27.819268
27.979225
27.951329
27.874814
28.184556
28.156947
27.988037
28.691772
28.665221
28.243054
30.073344
30.050238
28.890406
34.489885
34.483018
30.703042
54.991308
55.041924
36.930664
201.88421
201.34511
69.661372
325.37538
323.21775
289.67481
140.65482
139.67247
311.72574
70.261492
70.034212
113.70025
48.060799
47.963987
62.273619
38.538068
38.478872
44.903246
33.812042
33.769477
36.986613
31.366172
31.329946
33.010339
30.037158
30.003489
30.921449
29.26461
29.232825
29.772951
28.777535
28.746818
29.09115
28.448095
28.417953
28.652831
27.800698
27.772771
27.750735
27.847946
27.820061
27.782026
27.942043
27.914235
27.837637
28.147759
28.120243
27.950994
28.656384
28.62992
28.206571
30.042563
30.019565
28.855773
34.480723
34.474018
30.675063
55.058543
55.10707
36.934529
201.17
200.64246
69.731866
322.51041
320.41263
287.94356
139.34798
138.38372
307.44689
69.958514
69.731651
112.8322
47.931614
47.83425
62.04083
38.459163
38.40012
44.790943
33.755325
33.713018
36.915072
31.317897
31.281831
32.957048
29.992292
29.958774
30.874355
29.222254
29.190607
29.728964
28.736598
28.705991
29.049384
28.407915
28.377867
28.612226
27.763476
27.735933
27.713901
27.810779
27.783272
27.745199
27.904979
27.877543
27.80087
28.111086
28.083943
27.914349
28.621106
28.594976
28.170484
30.011902
29.989097
28.821464
34.471684
34.46446
30.647196
55.122054
55.163237
36.937138
200.46219
199.9039
69.786828
319.72277
317.68551
286.21839
138.06867
137.14574
303.36346
69.656054
69.430316
111.99786
47.801709
47.70452
61.808569
38.38046
38.321992
44.679286
33.69895
33.657219
36.844104
31.269833
31.23423
32.904289
29.947628
29.91457
30.827782
29.180081
29.148858
29.685483
28.695806
28.665584
29.00807
28.36786
28.338195
28.572037
106.41468
113.44673
80.366121
496.19478
330.46352
300.63213
55.444288
65.920933
72.438441
953.76189
1505.5515
870.88409
87.999678
139.25663
103.93707
226.78188
182.76581
104.87669
69.250766
95.637493
103.63373
84.900062
129.56311
138.24584
346.45526
353.30938
215.38838
206.42927
332.47398
339.54705
318.19112
325.3996
203.27335
193.41802
303.94678
311.03714
289.9791
296.92847
190.09676
180.20018
276.47315
283.1436
263.54891
269.9273
176.98003
167.65403
251.1555
257.28472
239.34965
245.15336
164.66598
156.20368
228.2496
233.68513
217.9033
222.97364
153.56577
150.96952
259.66186
258.85757
841.05229
871.76367
509.05694
53.358043
60.070021
54.095973
81.527452
68.797509
58.664197
174.93377
138.71845
175.26257
146.10642
208.30111
212.99148
199.42629
203.77125
143.80647
474.40665
308.45705
299.88862
137.34548
191.25446
195.24954
183.72152
187.38679
135.37699
416.63524
276.36576
269.21354
129.90176
176.87985
180.21078
170.71234
173.70395
128.24722
369.74161
250.01262
244.26472
148.4428
235.64081
195.25106
58.822908
51.408349
48.454835
62.380885
55.967262
66.84682
45.542415
48.42367
51.648906
60.13654
70.489206
68.995498
73.869471
71.911657
61.430834
130.751
91.869474
94.576138
64.563768
77.380993
75.601043
79.82446
78.681349
65.467285
142.1381
99.983485
101.21215
82.073044
61.496151
60.731676
62.95068
62.233666
83.551932
44.333036
50.763603
51.168916
87.218584
64.185121
63.583172
65.264599
64.7096
88.167448
45.197558
52.230149
52.554083
91.605824
66.503055
65.886343
67.523046
67.074509
92.718196
45.92374
53.487698
53.762609
94.604618
68.173973
67.876755
68.5966
68.407799
94.93689
46.408669
54.327228
54.456857
95.428794
68.809879
68.728594
68.843757
68.842998
95.394488
46.624176
54.657887
54.687027
94.833611
68.772209
68.812683
68.724311
68.738044
94.641636
46.688646
54.718311
54.730105
94.429962
68.733799
68.724595
68.72075
68.734636
94.364796
46.749482
54.771075
54.776658
93.847356
68.627821
68.681699
68.508067
68.566343
93.600984
46.779621
54.758663
54.748408
123.68921
165.17106
167.83762
160.24313
162.64045
122.31337
332.47861
229.12752
224.54098
834.17412
770.08335
4533.5848
152.44738
267.53395
275.95825
469.97943
787.73338
813.22788
743.3381
764.54041
458.86298
3988.0213
1547.8896
1487.3843
227.03458
200.06519
206.53649
286.88873
338.71198
511.03137
843.54532
943.3025
1284.345
454.08276
356.88385
285.00527
53.89038
61.578487
58.966608
66.508116
64.205442
55.524958
106.96573
78.125865
82.197662
75.555654
58.226338
57.315088
59.925652
59.112106
77.318754
43.243278
48.962253
49.439521
67.97541
81.426199
80.723187
82.605804
82.023743
68.598009
146.10461
103.98113
104.57808
69.999517
83.423082
83.06232
83.899026
83.705707
70.352597
145.75499
105.43693
105.48855
93.008673
68.393062
68.452564
68.262354
68.328896
92.779797
46.797781
54.719731
54.707841
92.185793
68.14757
68.204496
68.051967
68.100889
92.003891
46.831029
54.692675
54.685405
91.530536
67.989164
68.017199
67.963694
67.969701
91.402431
46.895029
54.71281
54.722787
118.61997
155.8443
157.96572
159.5163
154.02654
117.62017
322.84013
212.98266
221.76679
550.64392
468.81883
782.58978
67.995788
54.383482
53.357503
56.363937
55.385477
69.931445
41.913194
46.812389
47.372252
71.107357
84.09254
84.026716
84.078988
84.109959
71.26662
142.45778
105.1071
104.81447
91.395066
68.13332
67.973058
72.816409
72.723861
100.07923
48.474667
57.372064
57.428093
31.57674
31.552206
31.551881
31.585677
31.562142
31.563727
31.527714
31.503258
31.502298
31.540636
31.528405
31.528348
31.541507
31.529331
31.52982
31.542938
31.530852
31.53167
31.544896
31.532941
31.533922
31.547588
31.535848
31.536911
31.551118
31.539423
31.54044
31.555504
31.544137
31.54429
31.560794
31.549965
31.548927
31.567308
31.557121
31.554
31.57432
31.564509
31.5604
31.572259
31.562786
31.560175
31.571967
31.561705
31.558604
31.573571
31.564388
31.559374
31.574563
31.564606
31.559658
31.576246
31.565457
31.56264
31.572659
31.562198
31.559506
31.568221
31.558004
31.554477
31.565733
31.555164
31.552913
31.561668
31.55082
31.54925
31.558287
31.547146
31.545997
31.537843
31.515006
31.518374
31.478642
31.454221
31.453016
31.491695
31.479451
31.478928
31.493004
31.480945
31.481409
31.494893
31.482939
31.483684
31.497239
31.485234
31.485999
31.500572
31.489006
31.489465
31.505229
31.494093
31.493997
31.511357
31.50065
31.499202
31.518556
31.508317
31.505046
31.527246
31.517518
31.510839
31.535568
31.526217
31.518397
31.535227
31.526155
31.519007
31.53378
31.524674
31.519058
31.534626
31.524593
31.520738
31.536233
31.526742
31.520118
31.534361
31.524339
31.519969
31.53117
31.521177
31.516374
31.527274
31.517354
31.511666
31.523683
31.513231
31.508944
31.518728
31.508079
31.504859
31.513878
31.502857
31.50102
31.490935
31.468134
31.473383
31.429821
31.405693
31.404152
31.442483
31.430364
31.429613
31.444513
31.432292
31.432584
31.446688
31.434826
31.435219
31.450074
31.438449
31.438685
31.45483
31.44353
31.443278
31.461077
31.450202
31.449077
31.469043
31.458691
31.455736
31.478282
31.468523
31.463164
31.489099
31.479965
31.470079
31.4992
31.490626
31.479265
31.499559
31.491109
31.480419
31.4983
31.49
31.482284
31.498014
31.489496
31.484838
31.498337
31.48927
31.482771
31.495314
31.485972
31.480894
31.492487
31.483299
31.47662
31.488593
31.479301
31.47189
31.482739
31.472791
31.467142
31.476366
31.466065
31.461891
31.469993
31.459282
31.456872
31.44461
31.423029
31.429705
31.381475
31.357463
31.355579
31.394037
31.382015
31.381093
31.396341
31.384416
31.38462
31.399427
31.387678
31.387896
31.403791
31.392311
31.39224
31.409921
31.39883
31.398067
31.418028
31.40746
31.405483
31.428249
31.418344
31.414144
31.440132
31.431019
31.42376
31.453709
31.445456
31.432708
31.46612
31.458575
31.44416
31.467696
31.460605
31.446436
31.467144
31.460253
31.450919
31.461029
31.45369
31.457203
31.463568
31.45558
31.45095
31.459211
31.450865
31.44604
31.456433
31.447718
31.440191
31.452326
31.443629
31.435139
31.443624
31.434133
31.427699
31.435637
31.425674
31.421015
31.427548
31.417157
31.414751
31.400195
31.37845
31.387129
31.333342
31.309357
31.306992
31.345914
31.333958
31.332877
31.348764
31.336924
31.337071
31.352603
31.340971
31.341082
31.358122
31.346812
31.346536
31.365933
31.355102
31.353957
31.376357
31.366205
31.36355
31.389552
31.380287
31.374986
31.404954
31.396775
31.387869
31.422289
31.415298
31.399961
31.437984
31.432168
31.41486
31.441462
31.436098
31.419717
31.441973
31.436863
31.426788
31.438584
31.434753
31.434255
31.435297
31.429397
31.425581
31.428173
31.421478
31.417639
31.422851
31.415189
31.407744
31.418463
31.410425
31.401115
31.406428
31.397491
31.390992
31.396399
31.386875
31.382262
31.386393
31.376359
31.37431
31.35627
31.33592
31.345809
31.285341
31.261439
31.258659
31.298093
31.286204
31.284952
31.301541
31.289793
31.289902
31.306265
31.294766
31.294814
31.31318
31.302073
31.301662
31.323077
31.312568
31.311132
31.336503
31.326873
31.323642
31.353743
31.345353
31.338973
31.374006
31.367121
31.356581
31.396724
31.391661
31.373785
31.417755
31.414577
31.394215
31.423398
31.421322
31.403136
31.426138
31.42406
31.412918
31.426854
31.421754
31.424413
31.414563
31.410761
31.408552
31.404226
31.399477
31.397099
31.39476
31.38893
31.382097
31.387593
31.380513
31.371099
31.371797
31.363664
31.357795
31.359134
31.350197
31.346171
31.34678
31.337187
31.335736
31.314469
31.293719
31.305671
31.237461
31.213756
31.210733
31.250439
31.238452
31.236921
31.254701
31.243059
31.243132
31.260483
31.249134
31.249134
31.269095
31.258223
31.257705
31.281605
31.271492
31.269797
31.298965
31.290013
31.286223
31.321801
31.314563
31.307016
31.34903
31.344107
31.331883
31.380099
31.377895
31.357145
31.409638
31.4106
31.386482
31.420318
31.424096
31.402492
31.426189
31.429132
31.415951
31.433204
31.435123
31.426132
31.40484
31.404903
31.403362
31.38887
31.386664
31.386875
31.37472
31.371138
31.365814
31.361237
31.355566
31.347228
31.340776
31.333684
31.329101
31.324395
31.316165
31.313406
31.309004
31.299913
31.2993
31.273161
31.25428
31.26694
31.190138
31.166603
31.16307
31.202795
31.191035
31.189522
31.20824
31.196589
31.196437
31.215325
31.204149
31.204096
31.226016
31.215428
31.214793
31.241844
31.232206
31.230217
31.264404
31.256319
31.251864
31.29503
31.289347
31.280432
31.332874
31.330758
31.316101
31.3773
31.379515
31.355017
31.420922
31.428661
31.399445
31.442089
31.455978
31.428786
31.45045
31.458827
31.447397
31.45112
31.458999
31.447264
31.414655
31.420147
31.422072
31.385508
31.387329
31.392097
31.364214
31.363277
31.361232
31.341216
31.337383
31.33115
31.31417
31.308307
31.305722
31.292765
31.285432
31.284587
31.273241
31.264618
31.265385
31.234173
31.214912
31.230034
31.143059
31.119655
31.115388
31.155902
31.144237
31.142605
31.161771
31.150384
31.150224
31.170879
31.159881
31.159728
31.18411
31.173834
31.173017
31.204151
31.19508
31.192675
31.233639
31.226655
31.22126
31.275243
31.271659
31.260861
31.329843
31.331885
31.312984
31.396009
31.405314
31.375261
31.465208
31.484436
31.447467
31.50594
31.53904
31.502264
31.500562
31.523531
31.528948
31.470896
31.477838
31.522667
31.450525
31.466871
31.473603
31.400665
31.408855
31.421133
31.365551
31.368151
31.372078
31.329196
31.327694
31.324766
31.29288
31.288515
31.288877
31.264879
31.25852
31.260013
31.239677
31.231809
31.23399
31.19636
31.179398
31.195459
31.096327
31.073035
31.068141
31.10935
31.097775
31.096028
31.1165
31.105282
31.104862
31.127194
31.116398
31.116094
31.143528
31.133598
31.132487
31.168897
31.1605
31.157454
31.207618
31.201995
31.195221
31.264939
31.264219
31.2504
31.34568
31.353727
31.328555
31.450092
31.471505
31.431361
31.568873
31.607931
31.558125
31.647667
31.719354
31.66293
31.629345
31.666227
31.708579
31.529132
31.564273
31.660392
31.53185
31.564514
31.578832
31.444534
31.46193
31.486487
31.383414
31.391114
31.404029
31.327471
31.329082
31.33138
31.278189
31.275726
31.279995
31.241019
31.235858
31.240377
31.209327
31.202246
31.206392
31.16075
31.143039
31.162695
31.049755
31.026712
31.02128
31.063144
31.051653
31.049762
31.071797
31.060663
31.060062
31.084315
31.073718
31.073163
31.104373
31.094815
31.093236
31.136442
31.128795
31.124736
31.18737
31.183381
31.174534
31.267475
31.270457
31.251792
31.389867
31.406991
31.371189
31.564822
31.606308
31.545371
31.782542
31.853359
31.779828
31.942254
32.091693
31.992904
31.920554
32.03859
32.0698
31.75092
31.833462
31.913124
31.686703
31.744158
31.780414
31.532109
31.563191
31.608593
31.424743
31.439567
31.465469
31.338874
31.344358
31.355343
31.271812
31.271696
31.281032
31.222431
31.218654
31.226738
31.182118
31.175861
31.182652
31.126293
31.111324
31.132436
31.003501
30.980401
30.974587
31.017268
31.005844
31.003877
31.026956
31.015772
31.01515
31.042121
31.031515
31.030455
31.06671
31.057511
31.05517
31.107077
31.100235
31.094649
31.173947
31.171884
31.159797
31.286771
31.294523
31.268285
31.4769
31.506839
31.452073
31.780102
31.854433
31.753359
32.192767
32.326354
32.200743
32.551966
32.864702
32.679278
32.461952
32.573921
32.849202
32.185361
32.345242
32.492998
31.970876
32.067608
32.153166
31.686692
31.737816
31.820104
31.498425
31.52322
31.569175
31.368195
31.378994
31.400924
31.275518
31.278131
31.294646
31.209399
31.207054
31.219637
31.158435
31.153105
31.163242
31.094327
31.078321
31.104011
30.957518
30.934522
30.927685
30.971841
30.960694
30.958338
30.98282
30.971779
30.970893
31.000241
30.990128
30.988159
31.029986
31.021143
31.017838
31.080847
31.074472
31.066718
31.168505
31.168318
31.151508
31.327639
31.341354
31.303446
31.624729
31.672048
31.58567
32.156112
32.281975
32.105211
32.991207
33.246494
33.003431
33.882085
34.620306
34.222096
33.36434
33.764271
34.56297
33.045051
33.367764
33.614025
32.467224
32.633069
32.824732
31.941947
32.019739
32.164871
31.616193
31.654054
31.732003
31.420082
31.43699
31.472817
31.290666
31.296317
31.321861
31.202179
31.201277
31.219616
31.138288
31.133876
31.147518
31.063489
31.050479
31.078441
30.911623
30.888896
30.881023
30.92661
30.915325
30.912785
30.938696
30.927902
30.926523
30.95981
30.949592
30.946789
30.996402
30.98854
30.98244
31.057432
31.053131
31.042878
31.171558
31.172813
31.149825
31.394902
31.414542
31.359215
31.854374
31.923921
31.78737
32.785682
32.997018
32.679282
34.635497
35.19767
34.564923
37.152598
38.699256
37.829765
35.472229
36.910287
38.66828
34.708684
35.368455
35.784028
33.302258
33.582447
33.982424
32.338007
32.459449
32.698342
31.78959
31.846164
31.968889
31.497791
31.521858
31.578742
31.31817
31.327188
31.364248
31.201842
31.203063
31.228027
31.122255
31.118944
31.136921
31.035267
31.021066
31.054563
30.866076
30.843388
30.835004
30.881501
30.870224
30.867316
30.895595
30.884788
30.882911
30.919899
30.90997
30.906442
30.962054
30.953663
30.946693
31.038819
31.033359
31.01939
31.186903
31.189064
31.151778
31.477894
31.519441
31.447721
32.186136
32.281946
32.044067
33.824081
34.046293
33.562554
38.108416
39.364699
37.677551
44.539597
48.268712
45.791363
41.572431
44.422766
45.379838
38.069636
39.299115
40.255012
34.669628
35.130327
35.929818
32.909126
33.090928
33.491843
32.03903
32.112617
32.295545
31.604132
31.635422
31.721063
31.35932
31.371789
31.423337
31.209228
31.212324
31.245157
31.110513
31.108252
31.131092
31.008006
30.996709
31.033677
30.820686
30.798196
30.789447
30.836633
30.825513
30.822243
30.8527
30.842058
30.839654
30.880332
30.870545
30.866175
30.92888
30.920828
30.911776
31.019893
31.015893
30.997085
31.202488
31.207893
31.161037
31.608902
31.643317
31.536436
32.648549
32.7657
32.409991
35.177334
35.650751
34.661104
44.003441
46.070809
49.226713
36.777859
37.439297
39.007959
33.699164
33.940462
34.550209
32.364184
32.454594
32.719537
31.740707
31.779202
31.901577
31.414385
31.43017
31.499078
31.223855
31.228736
31.270525
31.102875
31.101563
31.129832
30.983141
30.970648
31.01402
30.775541
30.75308
30.744037
30.79211
30.780952
30.777398
30.810128
30.799412
30.796391
30.841183
30.831336
30.82595
30.896946
30.888972
30.877708
31.004151
31.000309
30.976161
31.225617
31.23165
31.17447
31.753689
31.791781
31.644583
33.165626
33.308157
32.823703
37.390303
38.062354
36.290682
54.01161
57.472407
67.573677
39.724696
40.586947
43.329314
34.707163
34.999551
35.892009
32.759815
32.868352
33.238273
31.906195
31.952397
32.118587
31.483286
31.501841
31.59108
31.245186
31.251675
31.303424
31.098791
31.09834
31.132729
30.959098
30.949042
30.997246
30.730464
30.708121
30.698705
30.747643
30.736624
30.732698
30.76751
30.756902
30.753207
30.801871
30.79204
30.78558
30.865034
30.856974
30.843353
30.988595
30.984564
30.95423
31.249417
31.255293
31.187472
31.905918
31.943601
31.75548
33.742664
33.888653
33.2588
40.199156
40.929515
38.125471
43.261853
44.163206
48.286525
35.870542
36.186656
37.403163
33.21402
33.334249
33.820548
32.096603
32.148402
32.363931
31.5641
31.585251
31.697158
31.272339
31.280361
31.342895
31.098143
31.098372
31.139424
30.936997
30.926007
30.981133
30.685548
30.663194
30.653481
30.703488
30.692465
30.688157
30.725051
30.71439
30.71003
30.762533
30.752627
30.745002
30.832629
30.824381
30.80822
30.971938
30.967408
30.931129
31.272567
31.277917
31.196854
32.053541
32.088977
31.857325
34.318231
34.455364
33.671805
43.052669
43.733852
39.924817
46.767199
47.66974
52.971691
37.087183
37.400466
38.931478
33.701671
33.825389
34.431029
32.30776
32.358559
32.627433
31.654157
31.677441
31.812323
31.304204
31.313373
31.387453
31.100067
31.100819
31.148976
30.915722
30.906012
30.967415
30.640657
30.6184
30.608414
30.659174
30.648178
30.643507
30.682261
30.671589
30.666607
30.722662
30.712679
30.703883
30.799095
30.790578
30.771919
30.952767
30.947637
30.90597
31.291736
31.295567
31.200563
32.188894
32.219956
31.945009
34.847142
34.967071
34.037271
50.134223
50.509201
56.510147
38.268584
38.524267
40.345876
34.19184
34.311994
35.034009
32.52357
32.576297
32.892678
31.750196
31.773888
31.929874
31.339874
31.348821
31.434805
31.103763
31.105372
31.160403
30.895275
30.884331
30.95359
30.595876
30.573624
30.563434
30.614938
30.603906
30.598912
30.639391
30.628631
30.623074
30.682446
30.672303
30.662347
30.764345
30.755416
30.734498
30.930966
30.925013
30.87825
31.304068
31.305972
31.197347
32.304255
32.329919
32.015397
35.302617
35.40438
34.34077
51.897154
52.422144
59.147476
39.387734
39.57881
41.565347
34.669617
34.817176
35.626591
32.712177
32.798178
33.136317
31.847358
31.872861
32.058429
31.377922
31.381532
31.486832
31.108556
31.109108
31.169765
30.876658
30.864956
30.946203
30.551104
30.52886
30.518505
30.570623
30.559573
30.5543
30.596245
30.585417
30.579341
30.641618
30.6313
30.620255
30.728007
30.718676
30.695813
30.905803
30.898962
30.847605
31.308406
31.308295
31.187118
32.397749
32.417584
32.067063
35.679884
35.760519
34.585585
53.604482
53.927763
60.913112
40.194935
40.388512
42.504625
35.123566
35.193286
36.034355
32.94076
32.990395
33.39393
31.948068
31.967571
32.166341
31.406433
31.416386
31.532475
31.108784
31.109045
31.187057
30.85616
30.847574
30.934925
30.506357
30.484107
30.47363
30.52626
30.515196
30.50969
30.552851
30.541963
30.535433
30.600088
30.589589
30.577599
30.690107
30.680394
30.655838
30.877144
30.869461
30.814116
31.305044
31.303067
31.170398
32.468295
32.482526
32.101468
35.981724
36.04465
34.776707
54.775897
55.005561
61.953598
40.920884
41.078018
43.234199
35.396657
35.46921
36.426409
33.136688
33.176825
33.594394
32.040244
32.060607
32.26285
31.43721
31.445371
31.568499
31.112888
31.114279
31.196367
30.831594
30.813674
30.921225
30.461611
30.43936
30.428804
30.481843
30.470756
30.465061
30.509204
30.498247
30.491341
30.557843
30.547172
30.53439
30.65071
30.640644
30.614633
30.845217
30.836755
30.777991
31.294457
31.290784
31.147903
32.51723
32.526926
32.120096
36.220169
36.25813
34.922746
104.44845
104.01322
138.80929
55.546397
55.68688
62.423718
41.459466
41.564644
43.787354
35.680205
35.743851
36.791302
33.292283
33.328218
33.781577
32.115539
32.133089
32.349708
31.468452
31.475799
31.609515
31.118702
31.119673
31.201473
30.803081
30.793615
30.906931
30.416875
30.394619
30.384018
30.437344
30.426238
30.420397
30.465285
30.45427
30.447057
30.514927
30.504108
30.490701
30.60994
30.599569
30.572349
30.810258
30.80113
30.739642
31.277171
31.272264
31.12049
32.545514
32.548226
32.125217
36.383563
36.419684
35.024287
102.37891
101.75508
133.1155
55.982717
56.041733
62.523003
41.837483
41.915313
44.202883
35.911496
35.962874
37.084291
33.425073
33.453121
33.916966
32.182706
32.197359
32.428416
31.497135
31.503771
31.644537
31.119716
31.119241
31.203619
30.783396
30.773377
30.892515
30.372146
30.349887
30.339279
30.392795
30.381661
30.375707
30.421152
30.410077
30.402613
30.471462
30.460511
30.446644
30.568047
30.557417
30.529212
30.772739
30.76305
30.699469
31.25413
31.246745
31.087922
32.557927
32.560759
32.118759
36.506088
36.527948
35.08159
99.768091
99.080587
127.11122
56.112554
56.106638
62.339577
42.104006
42.151655
44.475138
36.108136
36.152562
37.290819
33.526166
33.547888
34.028626
32.235186
32.246027
32.498395
31.521538
31.526676
31.674725
31.117005
31.116177
31.206576
30.76262
30.752142
30.87653
30.327449
30.305194
30.294605
30.348188
30.337056
30.331017
30.376829
30.365731
30.35806
30.427554
30.416531
30.402328
30.52525
30.514441
30.485454
30.733298
30.723181
30.65765
31.226147
31.218693
31.053854
32.557637
32.554585
32.102187
36.571704
36.582026
35.104283
96.984983
96.273593
121.32473
56.037627
55.996464
61.977313
42.260289
42.286332
44.609507
36.268447
36.301494
37.428975
33.606272
33.623867
34.123462
32.274188
32.282434
32.554649
31.539618
31.543277
31.697136
31.112483
31.110984
31.207278
30.740969
30.729908
30.858307
30.282785
30.260569
30.250015
30.303557
30.292423
30.286325
30.332373
30.321255
30.313416
30.383343
30.372269
30.357811
30.481825
30.470917
30.441282
30.692283
30.681946
30.615123
31.194781
31.186506
31.017685
32.544459
32.540806
32.078952
36.607072
36.613401
35.119512
94.150894
93.441148
115.93378
55.840597
55.775598
61.492465
42.340142
42.350446
44.644471
36.38481
36.408796
37.517876
33.669817
33.682586
34.198657
32.303524
32.30915
32.596791
31.55217
31.554288
31.713322
31.104904
31.102485
31.203863
30.718097
30.706335
30.838038
30.238207
30.216016
30.205513
30.25898
30.24785
30.241715
30.287899
30.276773
30.268794
30.339017
30.327921
30.313254
30.438086
30.42713
30.396994
30.650729
30.640257
30.572349
31.161297
31.152763
30.979907
32.528981
32.524826
32.053879
36.626823
36.630024
35.126304
91.352892
90.675936
110.96555
55.550224
55.461469
60.917192
42.355647
42.350261
44.613044
36.468064
36.48448
37.568621
33.713537
33.721564
34.252676
32.322064
32.324942
32.622754
31.557819
31.557943
31.722043
31.093626
31.090277
31.195942
30.69382
30.681354
30.816057
30.193717
30.171605
30.161138
30.214443
30.203344
30.197189
30.243419
30.232327
30.224224
30.294664
30.2836
30.268731
30.394302
30.383392
30.352787
30.608893
30.598493
30.529635
31.126808
31.118137
30.942232
32.511945
32.507508
32.028922
36.640368
36.643886
35.122901
88.70153
88.069324
106.45299
55.172384
55.062851
60.298873
42.316169
42.300355
44.525535
36.521646
36.530424
37.595359
33.740042
33.744547
34.283725
32.330482
32.331316
32.634257
31.555724
31.554166
31.722312
31.078746
31.074558
31.183284
30.668113
30.654964
30.792356
30.14938
30.127332
30.116889
30.170055
30.158992
30.152821
30.19909
30.188032
30.17982
30.250489
30.23948
30.224399
30.350784
30.339958
30.308941
30.567494
30.557235
30.487362
31.092212
31.083632
30.905234
32.494265
32.490014
32.00487
36.656053
36.660376
35.121741
86.291481
85.73353
102.45642
54.716832
54.596673
59.656122
42.240843
42.218014
44.395647
36.54499
36.546318
37.60025
33.753433
33.754753
34.295113
32.331246
32.33032
32.634608
31.547342
31.544307
31.71503
31.060494
31.055503
31.166049
30.641054
30.627249
30.766873
30.105169
30.083219
30.072794
30.125799
30.11477
30.108588
30.154903
30.14389
30.13558
30.206533
30.195593
30.180287
30.307647
30.296945
30.265476
30.526768
30.516724
30.445747
31.05836
31.050056
30.869315
32.477863
32.474354
31.982778
36.675898
36.681565
35.127188
84.145708
83.649469
99.02724
54.234696
54.110572
59.002496
42.141891
42.113135
44.234187
36.540564
36.535754
37.579863
33.754209
33.752542
34.290053
32.32534
32.322885
32.625899
31.53332
31.529027
31.70138
31.039088
31.03331
31.14482
30.612664
30.598213
30.739553
30.060916
30.0392
30.028724
30.081661
30.070411
30.064211
30.110881
30.099681
30.091243
30.16286
30.151847
30.136238
30.265
30.254426
30.222343
30.48697
30.477713
30.4052
31.026056
31.020163
30.836328
32.464718
32.468193
31.968096
36.701662
36.729616
35.156125
82.219605
81.771895
96.081597
53.73938
53.611456
58.339413
42.01459
41.978531
44.052403
36.512783
36.503138
37.536394
33.743341
33.738824
34.270813
32.313273
32.309305
32.609682
31.514433
31.509028
31.682437
31.014692
31.008203
31.12022
30.582941
30.567786
30.710377
30.017247
29.995431
29.985084
30.038934
30.028027
30.021659
30.068955
30.058084
30.049201
30.122699
30.111958
30.095461
30.229074
30.218685
30.184788
30.461947
30.452353
30.375595
31.031691
31.023526
30.828436
32.558152
32.554361
32.022468
37.108883
37.125851
35.419636
57.461214
57.51148
48.574184
217.91862
214.23172
308.9003
82.024019
81.588812
96.116393
53.439961
53.46245
58.159753
41.862195
41.865596
43.942048
36.465054
36.450061
37.472617
33.721284
33.714104
34.239959
32.295051
32.289565
32.586726
31.491221
31.484765
31.658982
30.987489
30.980315
31.092557
30.55178
30.535836
30.679177
29.973746
29.952222
29.941609
29.995324
29.984474
29.976928
30.025582
30.01479
30.005795
30.079895
30.06926
30.052499
30.187711
30.17745
30.142986
30.424056
30.414696
30.336317
31.001684
30.994474
30.796129
32.550763
32.550596
32.008734
37.165443
37.18334
35.455857
57.860558
58.026253
48.8751
286.37547
298.26387
157.54802
1432.5375
1382.5009
3170.0431
204.42797
201.5602
287.15025
80.32682
79.931141
93.600267
53.046691
52.910135
57.46251
41.713378
41.661559
43.683948
36.396037
36.373117
37.379937
33.689326
33.677778
34.19798
32.270953
32.262941
32.556608
31.463785
31.456412
31.630508
30.957738
30.949964
31.062175
30.519006
30.502332
30.64565
29.930498
29.908982
29.898281
29.950507
29.939756
29.933992
29.982519
29.971802
29.962678
30.0375
30.02696
30.00992
30.146855
30.13671
30.101664
30.386905
30.377714
30.297831
30.973631
30.966841
30.765416
32.5491
32.54869
31.997929
37.242486
37.264211
35.504193
58.625436
58.853022
49.317464
339.45967
353.98541
168.54605
1254.8662
1218.284
2508.9482
193.92605
191.62065
270.31642
78.810519
78.459517
91.395016
52.509485
52.379621
56.800654
41.503494
41.450069
43.423556
36.30121
36.276306
37.261359
33.63949
33.625747
34.138937
32.236892
32.22755
32.51732
31.431007
31.422089
31.595567
30.924545
30.915827
31.027552
30.485106
30.467989
30.610614
29.887316
29.86589
29.855139
29.907791
29.897087
29.890979
29.939747
29.929101
29.919832
29.995469
29.985015
29.967686
30.106423
30.096369
30.060738
30.350262
30.341148
30.259769
30.94651
30.939735
30.735075
32.547943
32.547743
31.987428
37.33311
37.357433
35.559017
59.577343
59.827213
49.834608
397.26618
411.08402
183.23488
1122.1859
1093.9691
2085.8097
185.42866
183.54762
256.74174
77.457795
77.139862
89.521191
52.004177
51.882996
56.18305
41.288808
41.234918
43.166126
36.199918
36.174001
37.136205
33.582505
33.567422
34.074679
32.197692
32.187151
32.473191
31.394059
31.384316
31.556707
30.888761
30.879526
30.990569
30.450122
30.43235
30.574234
29.84431
29.822983
29.812176
29.865029
29.85436
29.848071
29.897242
29.886658
29.877207
29.953749
29.943361
29.925744
30.0663
30.056304
30.020112
30.313826
30.304721
30.221891
30.919407
30.91264
30.704781
32.546952
32.546558
31.975746
37.431858
37.457119
35.615868
60.593548
60.856205
50.384129
449.87368
461.79325
200.12941
1018.3951
995.79888
1790.5614
178.3766
176.79007
245.45634
76.249485
75.962257
87.872459
51.531935
51.419182
55.610484
41.073987
41.020684
42.912207
36.095288
36.068717
37.009554
33.520747
33.504751
34.00596
32.153935
32.142351
32.42486
31.353947
31.34349
31.51443
30.850968
30.841231
30.951455
30.41341
30.394618
30.535522
29.80149
29.78026
29.769392
29.82235
29.81173
29.805342
29.854925
29.842555
29.833484
29.91227
29.901932
29.884033
30.026368
30.016404
29.979679
30.277387
30.268258
30.184024
30.892197
30.88534
30.674266
32.544879
32.544087
31.962799
37.534692
37.56109
35.673772
61.661452
61.935871
50.955699
494.23179
503.93324
217.92885
934.38252
915.75972
1574.0912
172.38205
171.01372
235.83647
75.162885
74.907292
86.404965
51.092222
50.986958
55.082515
40.862826
40.811051
42.664264
35.988481
35.961634
36.88358
33.455825
33.439239
33.933113
32.10623
32.0938
32.372804
31.311192
31.300153
31.469376
30.811258
30.801071
30.910384
30.375084
30.355707
30.495465
29.758849
29.737704
29.726775
29.779839
29.769263
29.762792
29.811425
29.800947
29.791533
29.870964
29.860661
29.842495
29.986533
29.97658
29.939364
30.240827
30.231668
30.146129
30.864538
30.857546
30.64331
32.541219
32.540111
31.948966
37.641208
37.668177
35.732142
62.778775
63.065361
51.549921
529.81131
537.38792
235.68978
864.5414
848.84856
1409.9925
167.1609
165.95124
227.41623
74.168857
73.935124
85.069588
50.681538
50.583503
54.591444
40.658841
40.609279
42.425716
35.880867
35.853949
36.759614
33.388762
33.371737
33.857193
32.055476
32.042354
32.317701
31.266321
31.254837
31.422145
30.769839
30.759261
30.867571
30.335643
30.315741
30.454274
29.716373
29.69531
29.684321
29.737495
29.726959
29.720407
29.769625
29.759179
29.749515
29.829776
29.819474
29.798732
29.946733
29.936784
29.89911
30.204125
30.194924
30.108164
30.836363
30.829222
30.611904
32.536382
32.535014
31.934301
37.74963
37.776874
35.789819
63.944498
64.242277
52.16282
557.24044
562.92958
252.76713
805.34973
791.92705
1281.9192
162.51905
161.43526
219.92127
73.262338
73.046415
83.858928
50.297707
50.205312
54.13435
40.463997
40.416894
42.198855
35.773602
35.746996
36.638344
33.320097
33.302711
33.779853
32.002172
31.988555
32.260399
31.219849
31.208034
31.3733
30.726964
30.716064
30.823308
30.295216
30.274855
30.412156
29.674049
29.65306
29.642012
29.6953
29.684801
29.678174
29.727833
29.717372
29.707606
29.788632
29.77835
29.758335
29.906931
29.896976
29.858873
30.167253
30.158003
30.070111
30.807626
30.800358
30.580034
32.530513
32.528902
31.918755
37.858474
37.885555
35.846345
65.149695
65.45617
52.78938
577.52928
581.60458
268.70961
754.47948
742.85971
1177.5949
158.34144
157.36141
213.18121
72.421127
72.220758
82.744515
49.935899
49.848891
53.705612
40.279423
40.234923
41.9852
35.667862
35.641736
36.520387
33.250176
33.232578
33.702103
31.947195
31.933253
32.201377
31.172194
31.160137
31.323318
30.682915
30.671762
30.777939
30.253933
30.233179
30.369286
29.63187
29.610945
29.599847
29.65324
29.642773
29.636075
29.685984
29.676622
29.665719
29.747519
29.737247
29.717191
29.867091
29.857121
29.818618
30.130173
30.120867
30.031931
30.778337
30.770924
30.547686
32.523699
32.521846
31.902394
37.966282
37.993006
35.901686
66.386082
66.698912
53.42463
591.76827
594.50199
283.24107
710.27679
700.1189
1090.8394
154.55891
153.66813
207.09195
71.641193
71.454302
81.71366
49.597151
49.514892
53.303567
40.105278
40.063371
41.784922
35.564179
35.53861
36.405855
33.179635
33.161961
33.624544
31.891042
31.876857
32.141224
31.123678
31.111445
31.272568
30.63796
30.626616
30.731793
30.211925
30.190847
30.325778
29.58982
29.568958
29.557812
29.611301
29.600862
29.594103
29.645343
29.634873
29.623931
29.706439
29.696172
29.676063
29.827184
29.817194
29.778317
30.092857
30.08349
29.993597
30.748474
30.74092
30.514864
32.515946
32.513873
31.885305
38.072607
38.098901
35.955974
67.644241
67.961165
54.064063
600.97856
602.60207
296.21155
671.528
662.5779
1017.573
151.11615
150.3034
201.56514
70.910783
70.735499
80.754184
49.276093
49.199188
52.9215
39.941454
39.902068
41.597881
35.462758
35.43776
36.294686
33.108941
33.091287
33.547607
31.834038
31.819694
32.080419
31.07454
31.062181
31.221314
30.592334
30.58085
30.685124
30.169325
30.147984
30.281739
29.547895
29.527088
29.515906
29.569469
29.559057
29.552243
29.604486
29.594107
29.583075
29.665375
29.65511
29.634954
29.78719
29.777177
29.737956
30.055297
30.04587
29.955097
30.718059
30.710374
30.481605
32.507343
32.505067
31.867597
38.17711
38.202953
36.009208
68.916132
69.235472
54.704771
606.11977
606.87358
307.58555
637.28617
629.3359
954.86586
147.96955
147.22416
196.5262
70.22688
70.062732
79.859494
48.976275
48.905128
52.56347
39.787314
39.750118
41.423238
35.363644
35.339226
36.186689
33.03845
33.020891
33.471562
31.776522
31.762102
32.019366
31.024952
31.012501
31.169748
30.546218
30.534632
30.638077
30.126253
30.104703
30.237284
29.506084
29.485328
29.474115
29.527722
29.517332
29.510488
29.563013
29.552652
29.542205
29.624321
29.614059
29.593856
29.747104
29.737069
29.697531
30.017507
30.008026
29.916433
30.687138
30.679335
30.44797
32.497925
32.49544
31.849295
38.279784
38.305142
36.061061
70.195262
70.515321
55.344672
608.04972
608.11636
317.4039
606.78267
599.6668
900.56467
145.07633
144.38783
191.89889
69.585387
69.430858
79.022162
48.696347
48.628738
52.229451
39.641421
39.606134
41.258808
35.266876
35.243062
36.081647
32.968411
32.950993
33.396529
31.718812
31.704388
31.958393
30.975037
30.96252
31.118023
30.499733
30.488065
30.590727
30.082813
30.061102
30.19252
29.464382
29.443674
29.432437
29.486085
29.475719
29.468836
29.521584
29.511235
29.500732
29.583279
29.573021
29.552771
29.706935
29.696881
29.657051
29.979514
29.969989
29.877624
30.655767
30.647861
30.414016
32.487657
32.484953
31.830393
38.38042
38.40525
36.111244
71.474467
71.793337
55.981613
607.47709
607.01353
325.74546
579.41647
573.0082
853.07423
142.39762
141.75794
187.61816
68.979967
68.833945
78.23544
48.432234
48.368586
51.91481
39.502868
39.46925
41.103817
35.172508
35.149281
35.979435
32.89899
32.881748
33.322566
31.661183
31.646817
31.897751
30.924904
30.912351
31.066287
30.452956
30.441225
30.543131
30.039092
30.017258
30.147527
29.422783
29.402122
29.390865
29.444446
29.434101
29.427259
29.480205
29.469869
29.459332
29.542251
29.531997
29.511704
29.666696
29.656627
29.616526
29.941354
29.931793
29.838695
30.624002
30.616003
30.379788
32.476508
32.473585
31.810894
38.478888
38.503129
36.159851
72.746386
73.062493
56.613462
604.98564
604.125
332.72481
554.72306
548.92203
811.18785
139.90536
139.30891
183.63936
68.408596
68.270932
77.49633
48.182634
48.122641
51.617075
39.370566
39.33832
40.956689
35.080438
35.057761
35.879844
32.830323
32.813291
33.249736
31.603869
31.589616
31.837635
30.874675
30.862118
31.014678
30.405958
30.394184
30.495364
29.995162
29.973237
30.102364
29.381284
29.360665
29.349399
29.403
29.392676
29.385797
29.438886
29.428566
29.417982
29.501242
29.490994
29.470663
29.626405
29.616326
29.575972
29.903061
29.893471
29.799672
30.59188
30.583798
30.345314
32.464494
32.461362
31.790814
38.574921
38.598538
36.20673
74.005565
74.317874
57.239091
601.09475
599.9599
338.48158
532.33319
527.05809
773.96086
137.57846
137.02024
179.92969
67.869331
67.739085
76.800904
47.948059
47.891189
51.337012
39.243321
39.212156
40.815516
34.990507
34.96834
35.782641
32.762546
32.745759
33.17812
31.547064
31.53296
31.778212
30.82448
30.81195
30.963311
30.358818
30.347019
30.447511
29.951085
29.929096
30.057086
29.339879
29.319303
29.308033
29.361633
29.351328
29.344429
29.397629
29.387326
29.376695
29.46026
29.450019
29.429654
29.586078
29.575993
29.535402
29.864661
29.855047
29.760576
30.559431
30.55127
30.310608
32.451671
32.448347
31.770171
38.668481
38.691499
36.251831
75.247989
75.555476
57.857908
596.2591
594.92014
343.15047
511.93642
507.1162
740.63313
135.3975
134.87317
176.46128
67.357839
67.233866
76.142942
47.72501
47.670845
51.070947
39.120141
39.089899
40.679072
34.902558
34.880865
35.687636
32.695792
32.679276
33.107785
31.490898
31.476967
31.71961
30.774427
30.761946
30.91226
30.311614
30.299812
30.399661
29.906909
29.884879
30.011736
29.298568
29.278028
29.266768
29.320344
29.310058
29.303153
29.356436
29.346149
29.335477
29.419312
29.409082
29.388684
29.545733
29.535646
29.494834
29.826171
29.816535
29.721423
30.526676
30.518441
30.275679
32.438097
32.43459
31.748974
38.759697
38.782148
36.295254
76.468978
76.770203
58.468746
590.54244
588.97464
346.85052
493.26632
488.84144
710.59782
133.34722
132.85364
173.2104
66.870933
66.752857
75.518666
47.511439
47.459435
50.816233
39.000413
38.97093
40.546722
34.816451
34.795199
35.594664
32.630157
32.613933
33.038771
31.435442
31.421694
31.661907
30.72459
30.712169
30.86155
30.264422
30.252632
30.351886
29.862675
29.840621
29.966352
29.257344
29.236845
29.225599
29.279218
29.268979
29.261974
29.315308
29.305038
29.294321
29.378407
29.368189
29.347758
29.505386
29.495301
29.454282
29.7876
29.777946
29.682222
30.493628
30.485321
30.240535
32.423795
32.420106
31.727214
38.848644
38.870516
36.337035
77.66261
77.956049
59.069667
583.98893
582.24254
349.67423
476.10057
472.02201
683.37318
131.41515
130.94909
170.15419
66.407883
66.29511
74.924483
47.307154
47.257397
50.573446
38.8835
38.854653
40.417416
34.732081
34.711257
35.503619
32.565702
32.549777
32.971086
31.380718
31.367149
31.605132
30.675002
30.662645
30.811171
30.217298
30.205532
30.304235
29.818412
29.796347
29.920965
29.216213
29.195756
29.184526
29.238143
29.227898
29.220868
29.274245
29.263992
29.253242
29.337552
29.327346
29.306884
29.465051
29.454971
29.41376
29.748959
29.739289
29.642982
30.460291
30.451912
30.205177
32.408762
32.404891
31.704876
38.935221
38.956488
36.377153
78.823661
79.10821
59.658774
576.79553
574.91431
351.73509
460.25824
456.48653
658.5785
129.5887
129.14746
167.27125
65.961985
65.852986
74.352491
47.110392
47.06207
50.340066
38.769049
38.740802
40.290746
34.649411
34.629008
35.414465
32.502449
32.486822
32.90471
31.326701
31.313303
31.549269
30.625667
30.613371
30.761095
30.170281
30.158546
30.256734
29.774146
29.752082
29.875603
29.175179
29.154764
29.143555
29.197127
29.186909
29.179846
29.233247
29.223004
29.210884
29.296751
29.286561
29.266067
29.42474
29.414668
29.373277
29.710258
29.700575
29.603714
30.42667
30.418223
30.169612
32.393012
32.38897
31.68198
39.019374
39.04004
36.415623
79.947708
80.222523
60.234351
569.11581
567.1362
353.11373
445.59309
442.09572
635.90805
127.85877
127.44046
164.54437
65.531785
65.426858
73.804125
46.918904
46.87182
50.11364
38.656972
38.629318
40.166634
34.568424
34.548442
35.32719
32.44038
32.425043
32.839602
31.273347
31.260104
31.49427
30.576574
30.564337
30.711293
30.123397
30.111699
30.209396
29.729898
29.707844
29.830292
29.134234
29.113861
29.102672
29.156198
29.145991
29.13891
29.192308
29.182063
29.170139
29.256011
29.245836
29.225312
29.384463
29.374401
29.332841
29.671511
29.661819
29.564434
30.392787
30.384279
30.13386
32.376609
32.37242
31.658597
39.101155
39.121245
36.452555
81.031595
81.295908
60.795003
561.08795
559.04008
353.89359
431.98146
428.72967
615.10383
126.2175
125.81971
161.95858
65.118896
65.018728
73.281243
46.733152
46.687722
49.895096
38.547272
38.520216
40.045212
34.489119
34.469559
35.241809
32.379445
32.36438
32.775699
31.220596
31.207495
31.440066
30.527713
30.515532
30.661743
30.076665
30.065007
30.162232
29.685686
29.663654
29.785055
29.093386
29.073054
29.061885
29.115338
29.105152
29.09807
29.150111
29.139959
29.129551
29.215334
29.205176
29.18462
29.344229
29.334178
29.292458
29.632735
29.623038
29.525155
30.358679
30.350123
30.09795
32.359658
32.355347
31.634828
39.18067
39.200209
36.488093
82.072442
82.325679
61.339514
552.82419
550.73023
354.14257
419.31279
416.28114
595.94514
124.65244
124.27191
159.49725
64.724449
64.627934
72.77953
46.554024
46.510337
49.685061
38.439971
38.413521
39.926594
34.411506
34.392371
35.158356
32.319568
32.304752
32.712927
31.168389
31.155414
31.386569
30.479075
30.46695
30.612431
30.030099
30.018484
30.115249
29.641529
29.619525
29.739913
29.052625
29.032336
29.021193
29.074571
29.064405
29.057321
29.109592
29.099439
29.088894
29.174722
29.164583
29.143993
29.304043
29.294005
29.252131
29.593943
29.584244
29.48589
30.324392
30.315798
30.061914
32.342256
32.337844
31.610762
39.258005
39.277004
36.522339
83.06857
83.310559
61.867071
544.40906
542.29263
353.93402
407.49115
404.65799
578.23778
123.15523
122.79112
157.14962
64.34383
64.250762
72.295192
46.381167
46.338835
49.482714
38.335091
38.309241
39.810793
34.335589
34.316876
35.076854
32.260649
32.246054
32.651194
31.116663
31.103797
31.333679
30.430659
30.418589
30.563352
29.98371
29.972142
30.068456
29.597442
29.575476
29.694885
29.011963
28.991717
28.980606
29.033885
29.023739
29.016658
29.069008
29.058866
29.048261
29.134178
29.124046
29.101679
29.26391
29.253886
29.211864
29.555147
29.545449
29.446648
30.289964
30.281338
30.025783
32.324466
32.319963
31.586452
39.33318
39.351633
36.555311
84.019545
84.25017
62.377196
535.92518
533.79996
353.3344
396.43452
393.7812
561.82021
121.72246
121.37392
154.90864
63.976306
63.886317
71.826678
46.2135
46.172223
49.287113
38.232523
38.207223
39.697841
34.261345
34.243042
34.99728
32.202571
32.188167
32.590392
31.065351
31.052579
31.281292
30.382465
30.370451
30.514501
29.937508
29.925987
30.021864
29.55344
29.531516
29.649983
28.97139
28.951191
28.940108
28.993286
28.983162
28.976089
29.028443
29.018312
29.007705
29.091745
29.081726
29.061434
29.223835
29.213825
29.171658
29.516357
29.506662
29.407434
30.255423
30.246774
29.98958
32.306311
32.301716
31.561916
39.40614
39.424023
36.586956
84.924641
85.143607
62.869257
527.42717
525.30595
352.40117
386.07148
383.5811
546.55042
120.35028
120.01645
152.76813
63.620937
63.534258
71.372934
46.04999
46.00979
49.097234
38.132148
38.107406
39.58765
34.188715
34.170804
34.919566
32.145206
32.130959
32.5304
31.014393
31.001701
31.229309
30.334496
30.322538
30.46588
29.891497
29.880025
29.975477
29.509535
29.487663
29.605218
28.930918
28.910761
28.899709
28.952781
28.942682
28.935621
28.987949
28.97784
28.967232
29.051576
29.041524
29.021128
29.18382
29.173824
29.131454
29.477582
29.467892
29.368254
30.220797
30.21213
29.95333
32.287788
32.283099
31.537149
39.476768
39.494045
36.617184
85.782439
85.989353
63.342272
518.96203
516.85536
351.18713
376.33665
373.99373
532.30252
119.03551
118.71477
150.72112
63.278374
63.194355
70.934578
45.891281
45.852469
48.912852
38.034026
38.009844
39.480203
34.117617
34.100071
34.843611
32.088425
32.074307
32.471097
30.963736
30.951112
31.177645
30.286754
30.274854
30.41749
29.845682
29.834258
29.929299
29.465738
29.443918
29.560598
28.890537
28.870426
28.859409
28.912368
28.902289
28.895239
28.947547
28.93746
28.92685
29.011321
29.00127
28.980829
29.140828
29.130932
29.088817
29.438831
29.42915
29.329114
30.186108
30.177428
29.917056
32.268884
32.264098
31.51214
39.544924
39.561565
36.645905
86.591357
86.785899
63.795161
510.56881
508.48572
349.74122
367.17124
364.96247
518.96708
117.77119
117.46267
148.75956
62.946873
62.865595
70.510241
45.737903
45.700336
48.734851
37.938089
37.914437
39.375331
34.047936
34.030722
34.769318
32.032117
32.018101
32.412373
30.913337
30.900773
31.126235
30.239242
30.2274
30.369337
29.80006
29.788685
29.88333
29.422059
29.400299
29.516127
28.850254
28.830189
28.819208
28.872047
28.86199
28.854953
28.907235
28.897171
28.886566
28.971119
28.961089
28.940617
29.100926
29.090997
29.048899
29.400113
29.390416
29.28526
30.151378
30.142691
29.88078
32.249591
32.244707
31.486882
39.610508
39.626499
36.673069
87.350548
87.532707
64.227251
502.27966
500.22727
348.10778
358.52566
356.43986
506.45285
116.55571
116.25967
146.88022
62.625853
62.547471
70.099026
45.58929
45.552855
48.562611
37.844321
37.821205
39.272815
33.979528
33.962607
34.696571
31.976188
31.962254
32.354133
30.863169
30.850659
31.075035
30.191962
30.180177
30.321423
29.75463
29.743301
29.837563
29.378502
29.356802
29.471807
28.810079
28.790059
28.779112
28.831822
28.821789
28.81477
28.867013
28.856974
28.846371
28.931001
28.92099
28.900493
29.061198
29.051274
29.009032
29.355349
29.345475
29.245885
30.11663
30.107935
29.844323
32.229911
32.224932
31.461376
39.673506
39.688863
36.698691
88.060635
88.230812
64.638631
494.11998
492.10403
346.32647
350.35546
348.38123
494.6775
115.3906
115.10701
145.081
62.316884
62.241443
69.704064
45.445129
45.409665
48.395744
37.752494
37.729843
39.172233
33.912222
33.89555
34.625136
31.920566
31.906701
32.2963
30.813214
30.800757
31.024021
30.144912
30.133185
30.27375
29.709386
29.698104
29.791993
29.335076
29.313443
29.42764
28.769995
28.750022
28.739117
28.791701
28.781692
28.774684
28.826888
28.816873
28.806271
28.890969
28.880981
28.860459
29.02153
29.011625
28.969243
29.316608
29.307004
29.207022
30.069585
30.059503
29.796864
32.209859
32.204776
31.435286
39.734015
39.748777
36.722853
88.723722
88.882466
65.030106
486.109
484.13375
344.43213
342.61539
340.74244
483.56522
114.26979
113.99514
143.34723
62.01859
61.945424
69.322955
45.304362
45.269594
48.233035
37.662674
37.640522
39.073751
33.845868
33.829416
34.554824
31.865209
31.851409
32.238831
30.763468
30.751063
30.97319
30.098091
30.086422
30.226317
29.664326
29.65309
29.746615
29.291783
29.270212
29.383629
28.730011
28.710087
28.699222
28.751672
28.741687
28.734694
28.786864
28.776877
28.766273
28.851032
28.841067
28.82052
28.981948
28.972064
28.929541
29.278211
29.268623
29.168227
30.032837
30.024238
29.760837
32.155411
32.148313
31.381613
39.792171
39.805098
36.680152
89.342442
89.490571
65.402793
478.26245
476.3302
342.4552
335.268
333.48814
473.00777
113.18361
112.91763
141.67156
61.729017
61.657844
68.953728
45.165978
45.131726
48.072864
37.574654
37.552878
38.977294
33.780362
33.764109
34.485515
31.81011
31.796377
32.181716
30.713934
30.701585
30.922559
30.051497
30.039883
30.179123
29.619449
29.608258
29.701427
29.248627
29.227127
29.339773
28.69013
28.670254
28.659428
28.711743
28.701782
28.694805
28.74694
28.736974
28.726373
28.811191
28.80125
28.780681
28.942449
28.932588
28.889931
29.239883
29.230315
29.129507
29.998457
29.989862
29.724955
32.133057
32.128069
31.356006
39.729024
39.742813
36.682652
89.158872
89.236759
65.291071
470.58165
466.75626
337.69062
328.28391
326.59418
462.86353
112.13262
111.87727
140.05706
61.44674
61.377027
68.595351
45.02956
44.995743
47.914577
37.48804
37.466582
38.882471
33.715624
33.699551
34.417101
31.755286
31.741628
32.124971
30.664626
30.652336
30.872159
30.005126
29.993567
30.132164
29.574756
29.563612
29.65643
29.205609
29.184173
29.296076
28.650352
28.630528
28.619737
28.671913
28.661981
28.655023
28.707113
28.697172
28.686571
28.771444
28.761527
28.740941
28.903039
28.8932
28.850418
29.201633
29.192081
29.090872
29.964068
29.955476
29.689119
32.112875
32.107812
31.330173
39.784987
39.798772
36.705049
89.648414
89.783566
65.63877
461.19002
459.38003
335.55716
323.27963
321.6446
454.19135
111.45007
111.19841
138.96782
61.170444
61.102492
68.246347
44.895182
44.861932
47.758562
37.402646
37.381475
38.788997
33.651585
33.63568
34.349482
31.700774
31.687201
32.068625
30.615559
30.603333
30.822024
29.958975
29.947471
30.085438
29.530252
29.519156
29.611625
29.162732
29.14137
29.25254
28.610676
28.590906
28.580155
28.632192
28.622281
28.615336
28.667388
28.657473
28.64687
28.731796
28.721905
28.701299
28.863721
28.853905
28.810996
29.163456
29.153925
29.05231
29.929677
29.921085
29.653322
32.092354
32.087174
31.304109
39.839676
39.853035
36.726415
90.175235
90.301196
65.973724
454.01554
452.24845
333.53622
316.85563
315.29683
444.97847
110.45505
110.21202
137.44566
60.901393
60.835333
67.907946
44.762957
44.73021
47.605094
37.318366
37.297459
38.696736
33.588197
33.572448
34.282584
31.646616
31.633138
32.012712
30.566753
30.554594
30.77219
29.913042
29.901592
30.038942
29.485943
29.474896
29.567017
29.119996
29.0987
29.209165
28.571108
28.551384
28.540674
28.592566
28.582681
28.575753
28.627769
28.61788
28.607271
28.692252
28.682386
28.661756
28.824498
28.814707
28.771671
29.125356
29.115839
29.013826
29.895284
29.886675
29.617543
32.071472
32.066208
31.2778
39.892247
39.905162
36.746487
90.66524
90.781997
66.291879
447.01371
445.29003
331.48964
310.72996
309.24315
436.10611
109.49461
109.25932
135.9766
60.639877
60.575568
67.580503
44.632687
44.600414
47.454138
37.235117
37.214462
38.605551
33.525417
33.509813
34.21635
31.592854
31.579482
31.957261
30.518221
30.506133
30.722685
29.867323
29.855926
29.99267
29.441832
29.430835
29.522608
29.077403
29.056182
29.165954
28.53164
28.511969
28.501299
28.553045
28.543185
28.536274
28.588254
28.578391
28.567783
28.652809
28.642967
28.622319
28.785372
28.775603
28.732445
29.087326
29.077826
28.97542
29.860839
29.852223
29.581771
32.05021
32.044818
31.251246
39.942994
39.95542
36.765315
91.116751
91.224326
66.591709
440.18533
438.50459
329.4302
304.88377
303.46406
427.57339
108.56545
108.33793
134.55855
60.38517
60.32256
67.262597
44.504282
44.472465
47.305677
37.152886
37.132494
38.515437
33.463206
33.44774
34.150749
31.539527
31.526268
31.902299
30.469975
30.457959
30.673529
29.821813
29.810467
29.946617
29.397921
29.386974
29.478399
29.034952
29.013796
29.122908
28.492279
28.472661
28.462028
28.513627
28.503793
28.496898
28.548841
28.539004
28.528394
28.613462
28.603645
28.582982
28.746335
28.736589
28.693317
29.049356
29.039873
28.937085
29.82635
29.817725
29.546011
32.028556
32.023072
31.22438
39.991561
40.003273
36.782922
91.53149
91.628113
66.87468
433.52799
431.89011
327.35133
299.30033
297.94424
419.3825
107.66667
107.44667
133.18906
60.137281
60.076374
66.953867
44.377708
44.346372
47.159714
37.071732
37.051621
38.426474
33.401549
33.386225
34.085776
31.486666
31.473528
31.847846
30.422022
30.410081
30.624735
29.776506
29.765211
29.900777
29.354208
29.343311
29.434386
28.992645
28.971564
29.080028
28.453028
28.433459
28.422862
28.474321
28.464514
28.457637
28.509532
28.499722
28.489109
28.574217
28.564426
28.543745
28.70739
28.69767
28.654281
29.011447
29.001979
28.898816
29.791812
29.783178
29.510239
32.006502
32.000934
31.197236
40.037811
40.048989
36.799165
91.906084
91.99541
67.140283
427.04233
425.44753
325.23266
293.96475
292.66812
411.53314
106.79833
106.58569
131.86524
59.896225
59.837047
66.654562
44.253178
44.222396
47.016474
36.991719
36.971898
38.338809
33.340465
33.325289
34.021448
31.434295
31.421282
31.793919
30.374368
30.362502
30.576308
29.731397
29.720151
29.855145
29.31069
29.29984
29.390567
28.950478
28.929461
29.037315
28.413879
28.394362
28.383804
28.435116
28.425335
28.418473
28.470333
28.460549
28.44993
28.535078
28.525309
28.50461
28.668541
28.658844
28.615343
28.973597
28.964146
28.860619
29.757241
29.748585
29.474451
31.984066
31.978424
31.169859
40.081912
40.092545
36.813898
92.244898
92.325402
67.387693
420.7296
419.17862
323.08192
288.86372
287.6234
404.01949
105.95927
105.75383
130.58819
59.662043
59.604555
66.36434
44.130862
44.100615
46.876339
36.912845
36.893296
38.252609
33.279987
33.264969
33.957813
31.382429
31.369544
31.740529
30.327014
30.315222
30.528247
29.686483
29.675285
29.809719
29.267361
29.256558
29.346937
28.908455
28.887514
28.994771
28.374837
28.355378
28.344853
28.396017
28.386262
28.379418
28.431243
28.421486
28.410862
28.496041
28.486293
28.465577
28.62979
28.620114
28.576501
28.935815
28.926375
28.822488
29.722627
29.713966
29.438671
31.961286
31.955566
31.142242
40.123489
40.133612
36.827548
92.549589
92.620347
67.617513
414.5911
413.08312
320.91292
283.98124
282.79218
396.8201
105.14855
104.95039
129.35642
59.434633
59.37885
66.082785
44.010681
43.981011
46.739275
36.835049
36.81577
38.167849
33.220156
33.205305
33.894924
31.331072
31.318312
31.687681
30.279958
30.26824
30.480541
29.641761
29.630611
29.764498
29.224216
29.213459
29.303492
28.866571
28.845693
28.952395
28.335908
28.316497
28.306008
28.357024
28.347296
28.340468
28.392253
28.382523
28.371899
28.457104
28.447386
28.426654
28.591129
28.581483
28.537763
28.898091
28.888668
28.784437
29.687973
29.67931
29.4029
31.938223
31.932396
31.114419
40.163031
40.17266
36.839798
92.821137
92.884431
67.831776
408.62462
407.15909
318.73762
279.2991
278.15744
389.90799
104.36429
104.17153
128.16251
59.213867
59.159597
65.809414
43.893
43.863932
46.60525
36.758328
36.739314
38.084479
33.161009
33.146334
33.832821
31.280212
31.267573
31.635368
30.233193
30.221547
30.433171
29.597232
29.58613
29.719483
29.181251
29.170537
29.260228
28.82483
28.80403
28.910188
28.297082
28.277728
28.26727
28.318139
28.308437
28.301628
28.353371
28.343667
28.33304
28.418275
28.408584
28.387838
28.552571
28.542945
28.499123
28.860434
28.85103
28.746459
29.653323
29.644647
29.367156
31.914874
31.908991
31.086405
40.200652
40.209598
36.85099
93.06215
93.118634
68.030584
402.82511
401.40007
316.56716
274.79634
273.69624
383.25096
103.60224
103.41437
127.00307
58.998721
58.945697
65.542658
43.777721
43.749324
46.474225
36.682659
36.663904
38.002416
33.102571
33.088075
33.771526
31.229827
31.217303
31.583572
30.186708
30.175129
30.386114
29.552897
29.541844
29.674676
29.138459
29.127788
29.217144
28.783229
28.76249
28.868149
28.258368
28.239064
28.228644
28.279368
28.269694
28.262901
28.314597
28.30492
28.294288
28.379554
28.369892
28.349128
28.514107
28.504506
28.460591
28.822847
28.813463
28.708564
29.618652
29.609981
29.331424
31.891271
31.88534
31.058262
40.236253
40.244789
36.861197
93.276993
93.327338
68.214998
397.18454
395.79807
314.40808
270.45727
269.39724
376.81029
102.859
102.67636
125.87425
58.788287
58.736339
65.281381
43.665051
43.637261
46.346197
36.608014
36.58951
37.921603
33.044851
33.030534
33.711042
31.179889
31.167471
31.532269
30.140487
30.128972
30.339343
29.508759
29.497756
29.630081
29.095838
29.085209
29.174238
28.74177
28.72111
28.826277
28.219759
28.200508
28.19012
28.2407
28.231053
28.224277
28.275934
28.266285
28.255645
28.340945
28.33131
28.310528
28.475745
28.46617
28.42216
28.78534
28.775972
28.670753
29.584001
29.575335
29.295747
31.867485
31.861509
31.029988
40.269985
40.278113
36.870234
93.467828
93.512435
68.387114
391.69627
390.34707
312.26394
266.275
265.25303
370.57861
102.13441
101.95546
124.7754
58.582054
58.531102
65.024905
43.554727
43.527494
46.221149
36.53436
36.516099
37.841985
32.987846
32.973707
33.651367
31.130363
31.118042
31.481429
30.094516
30.083061
30.292833
29.464822
29.45387
29.585699
29.053385
29.042798
29.131509
28.700452
28.679853
28.784571
28.181259
28.162062
28.151707
28.202141
28.192521
28.185762
28.237378
28.227759
28.217115
28.302448
28.292841
28.272042
28.437485
28.427936
28.383836
28.747909
28.738567
28.633029
29.549367
29.540712
29.260104
31.843495
31.837489
31.001632
40.302131
40.309898
36.87856
93.634767
93.674054
68.547607
386.35578
385.04302
310.13762
262.24325
261.2583
364.55062
101.42614
101.25179
123.70405
58.379619
58.329533
64.772663
43.446573
43.419859
46.098902
36.461669
36.443644
37.763509
32.931544
32.917577
33.592481
31.081213
31.068981
31.431021
30.048781
30.037384
30.246562
29.421091
29.410192
29.541537
29.011098
29.000552
29.088957
28.659276
28.638757
28.743026
28.142869
28.123726
28.113397
28.163691
28.154099
28.147357
28.198935
28.189341
28.178696
28.264068
28.25449
28.233668
28.399331
28.389809
28.345621
28.710569
28.70125
28.595395
29.514762
29.506118
29.224524
31.819381
31.813347
30.973186
40.3326
40.339993
36.886003
93.780721
93.813087
68.69578
381.1597
379.88238
308.0307
258.35519
257.40439
358.72194
100.73347
100.56279
122.65719
58.180396
58.13109
64.523722
43.340461
43.314238
45.979075
36.389914
36.372117
37.686108
32.875921
32.862118
33.534356
31.032407
31.020256
31.381013
30.003273
29.991931
30.200514
29.377572
29.366727
29.497599
28.968976
28.958471
29.046583
28.618241
28.597782
28.70164
28.104587
28.085498
28.075202
28.125352
28.115786
28.109061
28.1606
28.151034
28.140383
28.225801
28.216251
28.195411
28.361279
28.351786
28.307516
28.673319
28.664019
28.557859
29.480206
29.471576
29.189003
31.795128
31.789073
30.944674
40.361657
40.368715
36.892611
93.903861
93.931334
68.832757
376.10407
374.86134
305.94766
254.60009
253.68159
353.09296
100.05579
99.887987
121.63643
57.984382
57.935821
64.27828
43.23623
43.210425
45.861371
36.319051
36.301469
37.609696
32.820945
32.807299
33.476952
30.983916
30.971839
31.331378
29.957985
29.946697
30.154678
29.33427
29.323479
29.453889
28.927019
28.916556
29.004389
28.577349
28.556971
28.660409
28.066418
28.047387
28.037114
28.087122
28.077585
28.070879
28.122377
28.112839
28.102182
28.187646
28.178126
28.157268
28.323334
28.313864
28.269515
28.636164
28.626889
28.520421
29.445712
29.437098
29.15356
31.770797
31.764684
30.916144
40.389207
40.395963
36.898612
94.00853
94.031569
68.959255
371.18561
369.97656
303.89383
250.97168
250.08317
347.67444
99.391524
99.227633
120.63833
57.791065
57.743081
64.036035
43.133572
43.108125
45.745569
36.249027
36.231644
37.534195
32.766582
32.753083
33.420219
30.935712
30.923704
31.28209
29.912912
29.901678
30.109044
29.291188
29.280452
29.41041
28.885228
28.874807
28.962376
28.536598
28.516278
28.619329
28.028359
28.009378
27.999138
28.04901
28.0395
28.032806
28.084266
28.074756
28.064093
28.149606
28.140113
28.119235
28.285492
28.276047
28.231627
28.599106
28.589856
28.483086
29.411265
29.402667
29.118182
31.746374
31.740253
30.887618
40.41559
40.42207
36.90393
94.096373
94.115593
69.075457
366.39918
365.22194
301.8728
247.45841
246.59665
342.43533
98.739898
98.578864
119.66142
57.60006
57.552675
63.796331
43.032276
43.007136
45.631261
36.179776
36.162574
37.459527
32.712796
32.699436
33.364103
30.887776
30.875832
31.233128
29.868052
29.85687
30.063609
29.248326
29.237645
29.36716
28.843605
28.833226
28.920544
28.495989
28.47575
28.578396
27.990406
27.971479
27.961264
28.011002
28.001519
27.99484
28.046268
28.036789
28.026116
28.111679
28.102215
28.081317
28.247755
28.238339
28.193844
28.562145
28.552916
28.44585
29.376872
29.368293
29.082892
31.721928
31.715804
30.859073
40.440924
40.44716
36.908787
94.16818
94.184131
69.183438
361.7369
360.58936
299.88787
244.04861
243.21136
337.35329
98.099785
97.941193
118.70429
57.411351
57.364452
63.559047
42.932135
42.907252
45.518123
36.111225
36.094187
37.385569
32.659552
32.646319
33.308565
30.840092
30.828208
31.184475
29.823399
29.812269
30.018369
29.205681
29.195053
29.324136
28.80215
28.791812
28.878894
28.455519
28.435336
28.537607
27.952562
27.933687
27.923503
27.973104
27.963649
27.956984
28.008385
27.998932
27.988252
28.073868
28.064432
28.043514
28.210127
28.200736
28.15617
28.525284
28.516087
28.408722
29.342556
29.333996
29.047674
31.697435
31.691314
30.83053
40.465115
40.471138
36.913261
94.227465
94.240501
69.28307
357.19136
356.07174
297.9412
240.7348
239.9205
332.41191
97.468685
97.312207
117.76317
57.224365
57.177809
63.323649
42.832958
42.808284
45.405871
36.043314
36.026438
37.312187
32.606797
32.593676
33.253546
30.792643
30.780816
31.136106
29.778951
29.767871
29.973319
29.163247
29.152671
29.28133
28.760861
28.750564
28.83742
28.41519
28.395088
28.496958
27.914825
27.896005
27.88585
27.935318
27.92589
27.919238
27.970617
27.961191
27.950504
28.036173
28.026766
28.005824
28.172607
28.163244
28.118607
28.488533
28.479364
28.371701
29.308323
29.299772
29.012548
31.672968
31.666859
30.802073
40.488517
40.49437
36.91731
94.2756
94.286077
69.377
352.75489
351.66194
296.03401
237.51105
236.71864
327.60182
96.845839
96.691276
116.83699
57.038546
56.992201
63.089436
42.734507
42.709968
45.294217
35.976043
35.959307
37.239218
32.554462
32.541435
33.198951
30.745415
30.733641
31.087999
29.734703
29.723673
29.928458
29.121015
29.110488
29.238733
28.719736
28.70948
28.796119
28.374997
28.354948
28.456446
27.877199
27.858433
27.848309
27.897642
27.888242
27.881599
27.932958
27.923561
27.912868
27.99859
27.989211
27.968248
28.135203
28.125869
28.081157
28.451894
28.442749
28.334796
29.274167
29.265641
28.977512
31.648517
31.64243
30.773627
40.511294
40.516781
36.921184
94.314029
94.32066
69.464173
348.42269
347.35499
294.16713
234.37261
233.60073
322.91773
96.230304
96.077445
115.9247
56.853398
56.807154
62.855942
42.636471
42.611979
45.182846
35.909312
35.892716
37.166578
32.502483
32.489536
33.1447
30.698396
30.686673
31.040132
29.690652
29.67967
29.883786
29.078975
29.068494
29.196334
28.678772
28.668556
28.754985
28.334943
28.314974
28.416069
27.839682
27.820967
27.81087
27.860077
27.850705
27.844071
27.895413
27.886045
27.875343
27.961123
27.951774
27.93079
28.097908
28.088603
28.043822
28.415371
28.406255
28.298005
29.240116
29.231617
28.942584
31.624157
31.6181
30.74532
40.533367
40.538785
36.924991
94.34257
94.348949
69.545528
344.1902
343.14677
292.34067
231.31512
230.56318
318.35517
95.621384
95.470122
115.02538
56.668521
56.622295
62.62288
42.538486
42.513945
45.071368
35.84312
35.826638
37.09436
32.450813
32.437939
33.090757
30.651578
30.639906
30.992493
29.646794
29.635861
29.839303
29.037118
29.026681
29.154125
28.637964
28.627786
28.71401
28.295021
28.275101
28.375823
27.802274
27.783614
27.77355
27.822623
27.813282
27.806655
27.857982
27.848642
27.837931
27.923768
27.914447
27.893445
28.060733
28.051458
28.006603
28.37896
28.369881
28.261338
29.206162
29.197693
28.907771
31.599932
31.59391
30.717106
40.555121
40.560465
36.928697
94.364045
94.368842
69.623721
340.05393
339.03423
290.55385
228.33593
227.60275
313.90725
95.019247
94.86949
114.13852
56.48362
56.437362
62.390057
42.440348
42.415813
44.959414
35.777312
35.760899
37.02248
32.399418
32.386605
33.037099
30.604964
30.593342
30.945077
29.603131
29.592246
29.795015
28.995434
28.98504
29.112097
28.597308
28.587166
28.673188
28.255235
28.235394
28.335707
27.764973
27.746366
27.736326
27.785286
27.775969
27.769346
27.820665
27.811353
27.800633
27.886527
27.877235
27.856211
28.023674
28.014426
27.969498
28.342683
28.33363
28.224798
29.172329
29.163891
28.873071
31.575865
31.569845
30.689043
40.576648
40.581953
36.93264
94.379537
94.381489
69.697042
336.01169
335.01511
288.80534
225.43126
224.71661
309.57104
94.42247
94.274121
113.26467
56.298501
56.252146
62.1573
42.342329
42.317855
44.847102
35.711744
35.695379
36.950842
32.348253
32.33549
32.983692
30.558555
30.546986
30.897877
29.559662
29.548825
29.750926
28.953917
28.943563
29.070245
28.556797
28.546691
28.632513
28.215577
28.195778
28.295717
27.727794
27.709515
27.699521
27.748054
27.738772
27.732157
27.783462
27.774178
27.763448
27.849401
27.840137
27.819092
27.98673
27.977513
27.932511
28.306519
28.297493
28.188371
29.138615
29.130182
28.838479
31.551856
31.545839
30.661015
40.597397
40.602247
36.936014
94.385515
94.381481
69.761772
332.06628
331.09809
287.08061
222.60822
221.9229
305.37699
93.834187
93.690784
112.40999
56.112903
56.066415
61.924361
42.244537
42.220125
44.734825
35.646348
35.63002
36.879389
32.297276
32.284556
32.930512
30.512357
30.500842
30.85089
29.516388
29.505601
29.707042
28.912561
28.902246
29.028563
28.516426
28.506354
28.591977
28.176057
28.156621
28.256128
31.552971
31.565223
31.565429
31.56515
31.565232
31.552935
31.553979
31.566181
31.566558
31.566143
31.566016
31.553734
31.555555
31.567667
31.568173
31.567563
31.567365
31.555118
31.557827
31.569805
31.570396
31.569403
31.569165
31.556972
31.560792
31.572575
31.5732
31.571885
31.571598
31.559505
31.56428
31.575806
31.576347
31.575043
31.574737
31.562825
31.56826
31.57955
31.579777
31.578859
31.578695
31.56706
31.572279
31.583139
31.583001
31.582831
31.582967
31.571808
31.578
31.588418
31.587745
31.58785
31.588405
31.577654
31.582603
31.592979
31.592151
31.593101
31.594276
31.584048
31.582727
31.592166
31.591316
31.592488
31.592711
31.582069
31.584417
31.593116
31.591903
31.590894
31.591639
31.58101
31.583051
31.594097
31.593985
31.593507
31.594178
31.58339
31.580467
31.590527
31.589919
31.58965
31.59036
31.582316
31.585051
31.595495
31.594679
31.595448
31.59645
31.586998
31.582988
31.593359
31.593641
31.591855
31.592909
31.582908
31.581359
31.591516
31.590382
31.5882
31.589316
31.578604
31.577606
31.588173
31.587142
31.586495
31.587124
31.576402
31.573138
31.584061
31.58338
31.583148
31.5836
31.572619
31.569767
31.580946
31.580184
31.580378
31.580763
31.569554
31.529017
31.528502
31.54071
31.504163
31.516314
31.516874
31.516013
31.516146
31.503967
31.53069
31.529613
31.541771
31.505429
31.517504
31.518704
31.517703
31.517191
31.505086
31.532825
31.531339
31.543404
31.507384
31.519331
31.520977
31.519654
31.518817
31.506836
31.535674
31.533858
31.545793
31.510122
31.521995
31.52399
31.522051
31.521069
31.509229
31.539166
31.537196
31.548936
31.513458
31.525386
31.527371
31.525204
31.524163
31.512355
31.542617
31.540753
31.55256
31.517771
31.529132
31.531085
31.528578
31.527805
31.516441
31.546588
31.545388
31.556702
31.523397
31.534327
31.535465
31.532795
31.533059
31.522157
31.549991
31.550318
31.561189
31.529146
31.539673
31.539059
31.537755
31.539355
31.528898
31.555165
31.557525
31.567671
31.537616
31.547515
31.544544
31.543027
31.54705
31.537105
31.559132
31.562386
31.57241
31.542862
31.552515
31.548469
31.549704
31.554741
31.545105
31.559892
31.56272
31.572754
31.543211
31.552854
31.54931
31.549684
31.553503
31.544329
31.563087
31.56498
31.574912
31.545538
31.555018
31.552871
31.548565
31.552216
31.542999
31.560317
31.563783
31.57374
31.543393
31.55434
31.548049
31.548839
31.553474
31.543742
31.556884
31.562295
31.571989
31.544537
31.553476
31.546746
31.550478
31.554687
31.545346
31.560725
31.563749
31.574037
31.544166
31.55393
31.54989
31.551519
31.554918
31.544552
31.560073
31.563524
31.573302
31.543607
31.553551
31.548519
31.54846
31.551715
31.541363
31.556675
31.561194
31.571378
31.540535
31.550959
31.545597
31.543523
31.547742
31.537428
31.55339
31.556812
31.567253
31.53603
31.546416
31.542246
31.54188
31.544672
31.534222
31.549158
31.55161
31.562391
31.530193
31.540871
31.537885
31.53808
31.540046
31.529352
31.544968
31.547464
31.558541
31.525239
31.536177
31.532967
31.534625
31.535995
31.524959
31.480621
31.479874
31.492022
31.455426
31.467667
31.468537
31.466318
31.467062
31.454785
31.482836
31.481383
31.493386
31.457294
31.469409
31.47085
31.469323
31.468912
31.456828
31.485169
31.483446
31.495475
31.459227
31.471253
31.473102
31.471567
31.470797
31.45865
31.488346
31.486097
31.498062
31.462721
31.474361
31.476714
31.473985
31.473427
31.461728
31.492652
31.490229
31.501735
31.467487
31.478828
31.481312
31.477812
31.477562
31.466175
31.497423
31.495407
31.506547
31.47338
31.484353
31.486369
31.48266
31.483024
31.472018
31.502654
31.501845
31.512565
31.480723
31.491227
31.491922
31.488183
31.490025
31.479493
31.506949
31.508469
31.518746
31.488331
31.498331
31.496513
31.494377
31.498188
31.488175
31.513541
31.518219
31.527839
31.49951
31.508766
31.503595
31.500387
31.507895
31.498433
31.517958
31.524265
31.533439
31.50659
31.515314
31.508302
31.508299
31.517008
31.508032
31.518814
31.524362
31.533694
31.506077
31.515109
31.509008
31.509089
31.517155
31.508258
31.523155
31.526396
31.535955
31.507776
31.517028
31.513576
31.509628
31.515701
31.50686
31.517385
31.52405
31.5326
31.505266
31.515156
31.507399
31.511452
31.514729
31.50561
31.518227
31.526484
31.535417
31.508907
31.517623
31.508932
31.510577
31.517145
31.507579
31.518833
31.525139
31.534553
31.507086
31.515985
31.508968
31.509939
31.514496
31.504825
31.515795
31.523758
31.533625
31.50426
31.513891
31.505326
31.506087
31.511401
31.501846
31.512243
31.520146
31.530203
31.500523
31.51027
31.501592
31.501439
31.507615
31.498033
31.508646
31.514899
31.525445
31.494407
31.504589
31.497618
31.498275
31.502959
31.492793
31.50454
31.508956
31.519573
31.487413
31.498139
31.493371
31.493812
31.497344
31.486771
31.49824
31.50295
31.514044
31.48085
31.491623
31.486303
31.489881
31.491796
31.48086
31.431916
31.431008
31.443163
31.406932
31.418949
31.419879
31.417402
31.418203
31.406152
31.434541
31.43288
31.445002
31.409036
31.420927
31.422699
31.420518
31.420255
31.408287
31.437869
31.435602
31.44738
31.412165
31.423867
31.426234
31.42334
31.423
31.411203
31.442266
31.439591
31.451136
31.416645
31.428093
31.43089
31.42701
31.426862
31.415307
31.447706
31.444986
31.456207
31.422736
31.43383
31.436661
31.431881
31.432277
31.421071
31.453777
31.4517
31.462497
31.4304
31.441007
31.443128
31.43804
31.439405
31.428681
31.460502
31.460075
31.470335
31.439926
31.449939
31.450311
31.445142
31.448435
31.438287
31.466188
31.468799
31.478485
31.449962
31.459295
31.456468
31.453059
31.458904
31.449438
31.475125
31.481612
31.490452
31.464635
31.472999
31.466178
31.460378
31.470992
31.462263
31.480673
31.489805
31.498068
31.474051
31.481758
31.472017
31.47007
31.482193
31.47407
31.48125
31.488876
31.497293
31.473171
31.480798
31.472659
31.471415
31.482964
31.475157
31.486669
31.489841
31.498756
31.472962
31.481221
31.478023
31.473909
31.482026
31.474426
31.479731
31.484752
31.495825
31.468466
31.474961
31.471068
31.47729
31.480125
31.470964
31.482731
31.491905
31.500316
31.475877
31.483713
31.474695
31.474059
31.480275
31.471862
31.480869
31.489873
31.498387
31.473347
31.481531
31.471959
31.471678
31.476817
31.467879
31.475242
31.485539
31.494786
31.467573
31.476475
31.465702
31.467234
31.474242
31.465288
31.470732
31.481463
31.490925
31.462941
31.472131
31.46081
31.462432
31.470159
31.461168
31.465793
31.474331
31.484322
31.454669
31.464448
31.455452
31.457048
31.462958
31.453235
31.460404
31.466593
31.476932
31.446156
31.456328
31.449788
31.451495
31.45584
31.445699
31.453084
31.459271
31.469889
31.437961
31.448347
31.441956
31.446159
31.448599
31.43807
31.38407
31.382958
31.394932
31.359052
31.370995
31.372175
31.368966
31.369936
31.357951
31.387377
31.385342
31.39718
31.36175
31.373537
31.375664
31.3727
31.372512
31.360626
31.391573
31.38886
31.400492
31.365698
31.377261
31.380108
31.376144
31.375958
31.364266
31.39712
31.393896
31.405247
31.371354
31.382596
31.385986
31.380744
31.380874
31.369477
31.404047
31.400766
31.411716
31.379108
31.389896
31.393363
31.386927
31.387796
31.376832
31.411929
31.409489
31.419893
31.389032
31.399202
31.401812
31.394833
31.39699
31.386619
31.420637
31.420309
31.430032
31.401423
31.410779
31.411171
31.404097
31.408591
31.398996
31.428658
31.431938
31.440848
31.414878
31.423284
31.419915
31.414423
31.422102
31.413414
31.44088
31.448716
31.456526
31.434062
31.441205
31.433176
31.424026
31.437413
31.429727
31.44823
31.459641
31.466621
31.446919
31.452997
31.441253
31.436234
31.451254
31.444479
31.449188
31.45912
31.465911
31.446754
31.452676
31.442211
31.439041
31.453821
31.447489
31.454266
31.457517
31.464966
31.44347
31.45039
31.447268
31.444211
31.453722
31.447578
31.44732
31.452426
31.461403
31.440898
31.445017
31.441184
31.450315
31.449615
31.443233
31.452504
31.461036
31.468268
31.447866
31.454251
31.445855
31.444323
31.448409
31.441702
31.446667
31.457554
31.465335
31.442811
31.450015
31.438769
31.438262
31.44289
31.435318
31.438496
31.450224
31.458817
31.433605
31.441794
31.429851
31.431604
31.439171
31.430867
31.432115
31.44502
31.453895
31.427812
31.436312
31.422916
31.426355
31.43508
31.426692
31.425242
31.435465
31.445009
31.416756
31.426048
31.415455
31.418247
31.424763
31.415527
31.418584
31.426056
31.436055
31.406325
31.416134
31.408379
31.411112
31.415807
31.40605
31.410016
31.416965
31.427262
31.396242
31.406295
31.399439
31.404434
31.406782
31.396579
31.336621
31.335229
31.347131
31.311476
31.323341
31.324814
31.320836
31.321961
31.31004
31.340708
31.338264
31.349994
31.31488
31.326557
31.329115
31.325245
31.325104
31.313312
31.345972
31.342686
31.354174
31.319828
31.331238
31.334688
31.329463
31.329371
31.317804
31.353001
31.349034
31.360164
31.326947
31.33796
31.342146
31.335235
31.335554
31.324343
31.361932
31.357784
31.368403
31.336833
31.34726
31.35168
31.343121
31.344345
31.333671
31.372388
31.36909
31.378995
31.349727
31.359335
31.362926
31.353368
31.356176
31.346272
31.384195
31.383263
31.392243
31.365976
31.374503
31.375714
31.365658
31.371224
31.36237
31.39556
31.398966
31.406769
31.384412
31.391506
31.388171
31.37956
31.388864
31.381281
31.412158
31.420921
31.427278
31.409592
31.414995
31.406338
31.392708
31.408608
31.402479
31.423213
31.436209
31.441215
31.42784
31.431587
31.418506
31.408855
31.426672
31.422037
31.424143
31.436299
31.441186
31.428336
31.431827
31.41933
31.414545
31.431066
31.427075
31.428599
31.431593
31.437339
31.422709
31.426983
31.423629
31.422212
31.43253
31.428752
31.425728
31.428372
31.433418
31.422648
31.42607
31.420868
31.43059
31.430827
31.4301
31.428371
31.436393
31.441857
31.426818
31.431322
31.42338
31.420197
31.423902
31.418947
31.417345
31.4295
31.435946
31.417937
31.423483
31.411004
31.411663
31.415243
31.409475
31.405307
31.41807
31.425671
31.403984
31.410826
31.397691
31.400576
31.407924
31.401103
31.396554
31.411434
31.419505
31.395977
31.403577
31.388228
31.393128
31.402577
31.394962
31.387024
31.398591
31.407601
31.381075
31.389746
31.377885
31.382321
31.388728
31.380158
31.378499
31.387009
31.39661
31.368145
31.37751
31.368765
31.372966
31.377484
31.36824
31.368503
31.375863
31.385798
31.355819
31.365468
31.35831
31.364432
31.366348
31.356557
31.289526
31.287807
31.299633
31.264215
31.276002
31.277809
31.272995
31.274301
31.262418
31.294537
31.291608
31.303233
31.26845
31.280017
31.283077
31.278174
31.278068
31.266371
31.301127
31.29713
31.308461
31.274606
31.285846
31.29004
31.283335
31.283302
31.271873
31.310051
31.305112
31.315997
31.283545
31.294297
31.299515
31.29058
31.291021
31.280026
31.321671
31.316278
31.326501
31.296167
31.306164
31.311936
31.300645
31.302149
31.291831
31.335733
31.33101
31.340284
31.313025
31.321924
31.32711
31.314035
31.317405
31.308095
31.352076
31.349704
31.357708
31.334609
31.341993
31.344841
31.330555
31.337219
31.329364
31.3687
31.371403
31.377709
31.360192
31.365535
31.363243
31.349626
31.360571
31.354572
31.391947
31.400489
31.404716
31.394147
31.396911
31.38903
31.368614
31.387048
31.383269
31.408093
31.422331
31.42453
31.420405
31.42067
31.406729
31.39104
31.411825
31.410477
31.40956
31.423801
31.425341
31.423782
31.422741
31.408348
31.401245
31.41945
31.419922
31.41284
31.417584
31.419721
31.416197
31.416653
31.412218
31.412019
31.423732
31.423824
31.411704
31.419223
31.420439
31.413055
31.415986
31.409744
31.422956
31.424541
31.429979
31.411541
31.419439
31.422797
31.414762
31.416749
31.408848
31.405561
31.407741
31.405631
31.395083
31.408354
31.412894
31.400965
31.404394
31.390843
31.393418
31.395335
31.391729
31.376982
31.391612
31.397577
31.38113
31.386136
31.370893
31.377049
31.383632
31.37889
31.364844
31.381524
31.388611
31.368183
31.374699
31.357614
31.364483
31.373733
31.367302
31.351639
31.364334
31.3726
31.348504
31.356295
31.34333
31.350165
31.355773
31.348135
31.340421
31.349783
31.358892
31.331985
31.340807
31.331249
31.337638
31.34142
31.332819
31.328553
31.336164
31.345676
31.316912
31.326098
31.318676
31.326353
31.327628
31.3183
31.24276
31.240556
31.252407
31.216882
31.228698
31.231072
31.224944
31.226476
31.21462
31.248898
31.245411
31.256914
31.222495
31.233936
31.237574
31.231492
31.231441
31.219843
31.257113
31.252263
31.263408
31.230102
31.241158
31.24625
31.237809
31.237822
31.226553
31.268443
31.26227
31.272874
31.241308
31.251754
31.258278
31.246878
31.247422
31.236685
31.283635
31.276543
31.286287
31.257445
31.266921
31.274519
31.259728
31.261489
31.251604
31.302741
31.295862
31.304341
31.279634
31.28763
31.29519
31.277316
31.281262
31.272718
31.325617
31.320971
31.327601
31.308994
31.314766
31.320168
31.299808
31.307665
31.301146
31.35078
31.351118
31.355329
31.344739
31.347524
31.348005
31.326969
31.339693
31.336006
31.384338
31.391268
31.392202
31.392598
31.391349
31.385858
31.355016
31.37657
31.37634
31.408424
31.423061
31.420862
31.431672
31.42628
31.412762
31.387745
31.412206
31.416118
31.412241
31.429572
31.425207
31.442764
31.4342
31.417603
31.406097
31.427293
31.435395
31.41426
31.420774
31.417937
31.431435
31.425252
31.418871
31.420836
31.434892
31.441426
31.413195
31.423073
31.417175
31.432502
31.427436
31.416986
31.426674
31.435492
31.440006
31.405445
31.413749
31.413934
31.417325
31.415292
31.406544
31.405568
31.406702
31.409291
31.381961
31.396123
31.398252
31.394334
31.39488
31.380493
31.38648
31.38536
31.384922
31.355456
31.372643
31.376644
31.366229
31.369186
31.35133
31.363458
31.368174
31.365847
31.33779
31.356098
31.361969
31.345465
31.350593
31.331842
31.342436
31.350327
31.345525
31.319915
31.333717
31.340973
31.320064
31.326737
31.312657
31.322721
31.326892
31.32038
31.304738
31.314818
31.323321
31.298307
31.306475
31.296222
31.305808
31.308149
31.300337
31.290088
31.298116
31.307122
31.279684
31.288423
31.280616
31.290517
31.290873
31.282061
31.195906
31.193347
31.205092
31.170062
31.181686
31.184277
31.177749
31.179298
31.167598
31.203824
31.199646
31.211076
31.176715
31.188175
31.192613
31.18475
31.184911
31.173271
31.214021
31.20815
31.219098
31.186401
31.197252
31.203403
31.192934
31.193013
31.181921
31.228389
31.220683
31.230951
31.200411
31.210503
31.218649
31.204238
31.204909
31.19447
31.248286
31.238938
31.248117
31.221079
31.229928
31.239928
31.22064
31.222717
31.213351
31.274441
31.264468
31.27192
31.250496
31.25733
31.268263
31.243828
31.248489
31.240926
31.307085
31.298898
31.3037
31.29098
31.294651
31.304061
31.274821
31.284133
31.279413
31.345544
31.3417
31.342653
31.342845
31.341549
31.346788
31.313866
31.329391
31.329202
31.396329
31.399251
31.395243
31.412659
31.405207
31.404959
31.357476
31.383342
31.388669
31.43502
31.448113
31.438526
31.474917
31.459724
31.449112
31.407995
31.437705
31.450418
31.444111
31.465568
31.451602
31.501182
31.480046
31.461337
31.441834
31.467135
31.488998
31.441789
31.451935
31.441492
31.483378
31.468709
31.456683
31.462925
31.468062
31.482562
31.436795
31.450728
31.44641
31.467302
31.457197
31.442062
31.455739
31.472756
31.470193
31.416678
31.426777
31.421792
31.443485
31.434429
31.4235
31.432687
31.4291
31.438872
31.3811
31.396311
31.394866
31.402935
31.398985
31.38352
31.396472
31.390226
31.39491
31.34218
31.362125
31.363897
31.360738
31.361101
31.340399
31.362384
31.36317
31.363846
31.3163
31.336537
31.340794
31.329531
31.332825
31.311954
31.328583
31.334094
31.33134
31.292601
31.307573
31.313681
31.296257
31.301768
31.28652
31.300842
31.302795
31.297657
31.271814
31.282533
31.290308
31.267581
31.27495
31.264005
31.278026
31.278338
31.271485
31.253074
31.261558
31.27015
31.24419
31.252298
31.244101
31.257202
31.256098
31.247835
31.149784
31.146898
31.158473
31.123839
31.135362
31.138357
31.130926
31.132589
31.120963
31.159268
31.154183
31.165381
31.131987
31.143093
31.148303
31.138843
31.139097
31.127798
31.171926
31.164871
31.175614
31.143568
31.154198
31.16158
31.148753
31.148938
31.13804
31.19011
31.180529
31.190422
31.161043
31.170733
31.180846
31.16277
31.163645
31.15354
31.21619
31.203926
31.212411
31.187539
31.195632
31.208727
31.183658
31.186199
31.177449
31.252142
31.237877
31.244013
31.226742
31.232115
31.247716
31.214267
31.219968
31.213632
31.299706
31.285634
31.287972
31.283306
31.284065
31.300117
31.257328
31.268713
31.266461
31.359721
31.34899
31.344959
31.361545
31.353987
31.367089
31.314715
31.334925
31.339672
31.440425
31.434736
31.422898
31.467672
31.450321
31.461333
31.385008
31.417317
31.431763
31.507043
31.515547
31.492835
31.574825
31.541997
31.538543
31.46838
31.507081
31.534877
31.529058
31.554288
31.52327
31.631624
31.586308
31.564589
31.532068
31.563621
31.612703
31.508765
31.528756
31.508569
31.595693
31.557816
31.543544
31.564369
31.559378
31.5777
31.459157
31.481506
31.47768
31.504849
31.496713
31.468588
31.531973
31.487031
31.505929
31.454646
31.469142
31.454543
31.505886
31.484479
31.469462
31.492433
31.484348
31.508109
31.397534
31.415269
31.408218
31.434463
31.423685
31.405246
31.432811
31.418219
31.430612
31.339234
31.362635
31.361282
31.368542
31.365101
31.340634
31.37791
31.372022
31.376946
31.301788
31.324695
31.326892
31.322334
31.323272
31.299497
31.325054
31.326865
31.326813
31.270155
31.286224
31.291088
31.277477
31.281681
31.265325
31.28583
31.284598
31.281148
31.241662
31.253432
31.260393
31.240106
31.24663
31.234626
31.254577
31.252384
31.246526
31.218704
31.227542
31.235328
31.211613
31.218954
31.210397
31.226644
31.224078
31.21665
31.104227
31.100864
31.112342
31.077982
31.089415
31.092921
31.084437
31.086215
31.074673
31.115516
31.109795
31.120872
31.087763
31.098769
31.104664
31.093653
31.094135
31.082985
31.130904
31.122497
31.133011
31.101657
31.112056
31.120837
31.105288
31.105651
31.094959
31.15382
31.141979
31.151454
31.12335
31.132606
31.145063
31.12256
31.123766
31.114019
31.187953
31.171978
31.179645
31.157289
31.164507
31.181523
31.149034
31.152298
31.14427
31.237459
31.217248
31.221765
31.209583
31.213145
31.235263
31.18943
31.19671
31.19187
31.307891
31.284542
31.283427
31.289943
31.286635
31.313001
31.249637
31.264366
31.265383
31.404394
31.381859
31.37004
31.411443
31.394511
31.421322
31.336194
31.363401
31.37553
31.538747
31.514895
31.490227
31.581594
31.547524
31.578936
31.452932
31.497987
31.528201
31.662348
31.659171
31.61294
31.778145
31.713557
31.72612
31.600078
31.657621
31.710629
31.711142
31.742148
31.676726
31.898057
31.806179
31.785472
31.724491
31.768678
31.872665
31.627014
31.687704
31.632891
31.811263
31.747988
31.648389
31.776232
31.735307
31.827371
31.534848
31.554444
31.528009
31.649428
31.593393
31.56963
31.739511
31.607539
31.677756
31.532875
31.556654
31.527099
31.625521
31.585936
31.56115
31.614635
31.597288
31.640993
31.438071
31.461888
31.446656
31.499244
31.478645
31.453018
31.510692
31.481628
31.505171
31.35073
31.37925
31.373342
31.395508
31.386763
31.356654
31.416103
31.400645
31.411629
31.296258
31.3228
31.322292
31.32655
31.324333
31.296602
31.335452
31.33138
31.334617
31.252915
31.270259
31.273637
31.264853
31.267317
31.249537
31.27919
31.273835
31.272495
31.215322
31.228012
31.233898
31.2171
31.222386
31.209428
31.236357
31.23102
31.226544
31.186897
31.196297
31.20338
31.181682
31.188312
31.179096
31.200003
31.195293
31.188641
31.059154
31.055213
31.066571
31.032541
31.04387
31.047971
31.038257
31.040178
31.028736
31.072305
31.065802
31.076763
31.043778
31.054839
31.061571
31.048947
31.049521
31.038313
31.090983
31.081042
31.091336
31.060654
31.070853
31.081183
31.062543
31.063184
31.052657
31.11965
31.105163
31.1142
31.087426
31.096245
31.111452
31.083633
31.085357
31.075988
31.164174
31.14353
31.150279
31.130732
31.137006
31.158887
31.117004
31.121362
31.114107
31.232435
31.203958
31.20647
31.200575
31.201946
31.233123
31.170112
31.179736
31.176675
31.337781
31.30018
31.294382
31.316029
31.307402
31.349439
31.254633
31.274749
31.279948
31.497949
31.452592
31.429206
31.508027
31.476662
31.529442
31.387237
31.427012
31.45003
31.729797
31.673653
31.627742
31.798272
31.736444
31.804235
31.586443
31.65629
31.712657
31.976114
31.942791
31.855388
32.171998
32.054697
32.101612
31.856345
31.954253
32.051602
32.07826
32.115492
31.987684
32.410399
32.24511
32.243444
32.116251
32.19122
32.406465
31.980843
31.992233
31.900048
32.280255
32.119576
32.05936
32.223178
32.165488
32.287873
31.758524
31.790937
31.709414
31.992639
31.877138
31.838644
32.023465
31.927349
32.03758
31.676419
31.71785
31.665957
31.840558
31.773138
31.726955
31.850796
31.808082
31.882533
31.512623
31.548772
31.521585
31.613114
31.577856
31.537971
31.652906
31.599128
31.639459
31.382174
31.418575
31.406363
31.449268
31.433165
31.393622
31.486418
31.456893
31.476255
31.302223
31.333273
31.329555
31.343431
31.3378
31.305804
31.36444
31.350939
31.359013
31.242014
31.261462
31.262901
31.260319
31.260623
31.240412
31.283276
31.272313
31.27351
31.193533
31.207516
31.212144
31.199131
31.203168
31.188817
31.224308
31.215211
31.21213
31.157404
31.16777
31.174077
31.154665
31.160501
31.150302
31.177291
31.169775
31.164024
31.014235
31.009893
31.021179
30.987465
30.998587
31.003006
30.99246
30.994508
30.983153
31.029032
31.021582
31.032626
30.999906
31.010722
31.018366
31.004021
31.00471
30.993681
31.05194
31.04024
31.050512
31.019865
31.029944
31.042084
31.019898
31.020942
31.010625
31.087675
31.070125
31.078744
31.052955
31.061633
31.079992
31.045736
31.048312
31.039115
31.145313
31.118916
31.124721
31.108059
31.113451
31.141312
31.087663
31.093603
31.087127
31.239462
31.199663
31.199784
31.201435
31.200148
31.243754
31.157139
31.170145
31.169094
31.397924
31.338318
31.326431
31.368046
31.352299
31.418464
31.275671
31.304207
31.31478
31.666303
31.581005
31.540086
31.674863
31.622776
31.719835
31.480032
31.541908
31.57998
32.080974
31.966365
31.883061
32.191185
32.080431
32.215458
31.823924
31.943359
32.040815
32.603359
32.491548
32.332726
32.941493
32.726547
32.859161
32.336934
32.523554
32.706774
32.854092
32.842446
32.614576
33.503987
33.158073
33.196661
32.923725
33.082564
33.549521
32.543859
32.695465
32.442502
33.239907
33.006463
32.758269
33.1851
32.821361
33.03853
32.193749
32.272874
32.114678
32.66272
32.445488
32.353518
32.722822
32.550916
32.773222
31.92592
32.002231
31.91464
32.212559
32.0994
32.009886
32.286146
32.18594
32.312457
31.636461
31.6954
31.65054
31.79904
31.743173
31.677109
31.893488
31.799343
31.862766
31.438546
31.488561
31.467962
31.537651
31.511791
31.456621
31.602934
31.551079
31.582252
31.321862
31.357824
31.350006
31.376832
31.36666
31.32923
31.415989
31.391091
31.404935
31.238623
31.261586
31.260679
31.26537
31.263192
31.23911
31.300202
31.281591
31.285721
31.176269
31.191974
31.19538
31.186037
31.188855
31.172542
31.219
31.205078
31.20348
31.130715
31.142266
31.147787
31.130706
31.135748
31.124179
31.158882
31.147916
31.143032
30.969045
30.965202
30.976439
30.942629
30.953917
30.958217
30.946858
30.949342
30.937934
30.986852
30.978844
30.989249
30.957433
30.9683
30.97668
30.959725
30.960761
30.949665
31.013151
30.99989
31.009904
30.981174
30.990692
31.003814
30.977393
30.979677
30.969366
31.057018
31.03603
31.044551
31.018428
31.027895
31.049938
31.00857
31.012401
31.003767
31.131223
31.097837
31.103138
31.088695
31.093313
31.128436
31.060255
31.068701
31.062653
31.261217
31.206004
31.203227
31.213022
31.209179
31.269128
31.150645
31.16899
31.169569
31.498739
31.405974
31.385999
31.452764
31.428565
31.530498
31.316344
31.357667
31.374702
31.948227
31.793221
31.728313
31.940041
31.860436
32.034098
31.628896
31.727939
31.785766
32.723377
32.49015
32.343866
32.884633
32.693933
32.962848
32.220777
32.43091
32.593664
33.918584
33.577018
33.277467
34.513299
34.076539
34.464683
33.258137
33.662757
34.036682
34.639696
34.579959
33.995591
36.313693
35.379411
35.48377
34.760181
35.154335
36.239341
33.359051
33.809226
33.665011
34.924885
34.30763
33.545544
35.167243
34.142447
34.722983
32.988216
33.190091
32.896496
33.9049
33.506083
33.274885
33.975405
33.741368
34.189395
32.335897
32.482883
32.338665
32.82763
32.645001
32.471283
33.049282
32.83192
33.048742
31.831005
31.927668
31.859478
32.086824
32.003496
31.893388
32.279309
32.119566
32.215983
31.526509
31.597041
31.565039
31.668834
31.630332
31.553788
31.783608
31.694116
31.741058
31.357517
31.400917
31.388175
31.430707
31.415076
31.369134
31.495643
31.455335
31.475761
31.243522
31.271567
31.268204
31.280402
31.275574
31.246021
31.330995
31.302775
31.310069
31.162902
31.181155
31.183414
31.178105
31.179368
31.160447
31.22083
31.200922
31.201171
31.106673
31.119984
31.124637
31.110186
31.114376
31.100927
31.144302
31.129696
31.125877
30.924956
30.920262
30.931403
30.898019
30.909139
30.913971
30.901346
30.904034
30.892781
30.944903
30.935848
30.946547
30.914713
30.92527
30.934483
30.915631
30.917116
30.906364
30.977062
30.961369
30.971146
30.941895
30.951536
30.967515
30.936688
30.939673
30.929798
31.031102
31.003013
31.009129
30.987583
30.995005
31.023751
30.973334
30.979309
30.970587
31.123616
31.081466
31.084042
31.07563
31.07906
31.125419
31.038143
31.04973
31.045229
31.293205
31.222722
31.21808
31.242279
31.230624
31.295112
31.150467
31.176158
31.184492
31.650134
31.49522
31.475528
31.52686
31.514901
31.694766
31.378504
31.439928
31.457703
32.391281
32.119575
32.023711
32.297652
32.207091
32.523474
31.84716
32.006149
32.088803
33.913249
33.40306
33.153087
34.087591
33.756793
34.342546
32.858283
33.243043
33.514833
36.886765
35.949179
35.291644
38.148329
37.078354
38.111825
35.068755
36.07008
36.912995
39.056599
38.863699
37.547858
42.891838
40.79392
40.886252
39.042741
40.103138
42.426237
34.829769
36.904113
35.827301
39.784424
38.279257
35.743859
40.53603
38.56279
39.619621
34.402044
34.886447
34.336758
36.230774
35.480531
34.911556
36.575007
36.091855
37.049261
32.979392
33.26374
33.033015
33.811762
33.519654
33.187757
34.367179
33.9032
34.265678
32.115531
32.281741
32.181154
32.510526
32.39347
32.20727
32.869793
32.601479
32.750382
31.654586
31.754428
31.708695
31.85337
31.801226
31.693196
32.042022
31.904864
31.970321
31.411102
31.466238
31.44781
31.507861
31.486448
31.427567
31.610708
31.547272
31.574863
31.257545
31.29219
31.285895
31.306768
31.299061
31.262554
31.377433
31.33702
31.347756
31.155288
31.176764
31.177205
31.176998
31.176646
31.154203
31.231458
31.204624
31.206787
31.085742
31.101171
31.105018
31.093063
31.096454
31.080618
31.134935
31.115844
31.113072
30.880972
30.875671
30.886855
30.853465
30.86454
30.86999
30.855978
30.858959
30.847791
30.903172
30.893422
30.904104
30.872252
30.882804
30.892764
30.872033
30.87404
30.863359
30.939878
30.92284
30.932377
30.903777
30.913271
30.930729
30.896317
30.900017
30.89014
31.003852
30.973388
30.980539
30.958869
30.966141
30.997216
30.937842
30.945336
30.93704
31.117061
31.065509
31.070193
31.059316
31.062054
31.115631
31.013496
31.02847
31.024054
31.331459
31.253452
31.249688
31.268807
31.260379
31.344708
31.154056
31.192843
31.197559
31.871592
31.601157
31.540678
31.67628
31.637249
31.942797
31.464064
31.544477
31.575228
33.052178
32.451846
32.384755
32.738285
32.525363
33.255382
32.156785
32.419932
32.555401
36.019343
34.984531
34.550074
36.137243
35.575339
36.577023
33.674748
34.325887
34.493801
43.27112
41.17252
39.679516
45.316895
43.335175
46.07313
38.702131
40.868418
42.432742
49.796511
49.835664
46.04284
64.442707
55.640904
56.707516
48.705501
52.03526
59.272956
40.881968
43.712626
41.505791
49.760075
46.296495
43.148149
49.376762
47.693219
52.324453
36.903397
38.062225
37.06161
40.464091
39.20781
37.777714
41.889697
40.644914
42.232987
33.952211
34.492219
34.124421
35.312053
34.885713
34.244942
36.58829
35.634663
36.18564
32.522198
32.783883
32.645625
33.097752
32.938131
32.645891
33.715274
33.276078
33.487813
31.828382
31.966237
31.907148
32.094239
32.027884
31.878748
32.394547
32.192263
32.2741
31.484188
31.555623
31.531334
31.609424
31.582382
31.505949
31.762753
31.668682
31.703544
31.281358
31.324085
31.314987
31.344124
31.333672
31.288651
31.440865
31.385103
31.399278
31.153074
31.178801
31.177663
31.182127
31.180231
31.1533
31.250624
31.215636
31.219665
31.067674
31.085898
31.088863
31.079622
31.082199
31.063383
31.130285
31.106202
31.10444
30.837252
30.831376
30.84241
30.809313
30.820339
30.826351
30.811032
30.814357
30.803269
30.861811
30.851222
30.861726
30.830243
30.840733
30.851519
30.828872
30.831428
30.820799
30.903632
30.885005
30.894377
30.866314
30.875652
30.894647
30.856148
30.860763
30.850979
30.977996
30.944641
30.951687
30.930572
30.937592
30.971733
30.903256
30.912834
30.904883
31.114361
31.054815
31.057058
31.05162
31.05316
31.114718
30.991868
31.011957
31.008041
31.395501
31.287042
31.277648
31.306727
31.296827
31.413695
31.164116
31.213666
31.219638
32.127597
31.77296
31.7238
31.878129
31.824441
32.198654
31.562727
31.679104
31.716239
33.994065
33.047008
32.88443
33.429624
33.234733
34.241385
32.508237
32.89443
33.027636
38.810667
37.910707
36.990502
39.443661
38.601719
40.035151
35.032918
36.161792
36.757041
41.07583
43.463364
41.894711
47.0908
45.16896
42.45423
52.475937
48.364376
50.977705
35.317013
36.270857
35.770643
37.36483
36.793386
35.711739
40.017748
38.148552
38.918031
33.054555
33.452181
33.271461
33.845646
33.644859
33.204118
34.852933
34.178475
34.447238
32.049612
32.237536
32.163797
32.39613
32.314772
32.110446
32.844947
32.553518
32.653369
31.576868
31.66917
31.639431
31.734816
31.702256
31.603875
31.951988
31.820018
31.862538
31.314372
31.366891
31.355119
31.392367
31.379299
31.323938
31.521369
31.447149
31.464439
31.15606
31.186956
31.18431
31.193137
31.189824
31.157513
31.277881
31.233734
31.239424
31.052695
31.074112
31.076366
31.069283
31.071242
31.049021
31.130122
31.100426
31.099522
30.79352
30.787133
30.798237
30.765068
30.776069
30.782568
30.76617
30.769769
30.758722
30.820533
30.809148
30.819718
30.788202
30.798649
30.810224
30.785554
30.788747
30.778129
30.867606
30.847519
30.856943
30.828642
30.838046
30.858507
30.815848
30.821474
30.811683
30.952832
30.916393
30.923504
30.902006
30.909198
30.946423
30.869125
30.880964
30.873016
31.116904
31.048638
31.050111
31.045192
31.046965
31.117813
30.97079
30.996442
30.992533
31.470824
31.327603
31.317075
31.349374
31.338496
31.490179
31.177936
31.237601
31.243522
32.426638
31.989062
31.932831
32.103147
32.045829
32.503885
31.672524
31.829877
31.868037
35.094819
33.844098
33.631901
34.2789
34.058309
35.398303
32.931756
33.451149
33.596965
44.736144
41.3721
40.401463
43.482036
42.417787
46.559567
36.741431
38.759491
39.479317
47.04089
51.45753
49.122524
56.476629
53.791602
48.683327
74.451174
61.205906
65.482622
37.050734
38.584091
37.948474
39.879659
39.219217
37.538373
44.589575
41.450558
42.363319
33.700231
34.274757
34.056891
34.730891
34.499757
33.873556
36.257021
35.27447
35.583577
32.315544
32.567065
32.479888
32.748605
32.655999
32.385385
33.382736
32.980679
33.096285
31.688419
31.805574
31.7705
31.881123
31.843404
31.719102
32.175856
31.998378
32.048225
31.356044
31.420398
31.406116
31.450836
31.435293
31.367703
31.617061
31.522355
31.542194
31.163837
31.200649
31.196669
31.209364
31.204811
31.166407
31.312522
31.258109
31.265369
31.040173
31.06525
31.066838
31.061946
31.063283
31.037292
31.134079
31.098095
31.098031
30.74989
30.743105
30.754076
30.721177
30.732137
30.739003
30.72156
30.725536
30.714552
30.779385
30.7673
30.777743
30.746439
30.756876
30.769114
30.742435
30.746301
30.735687
30.831237
30.809691
30.819199
30.790616
30.800169
30.822059
30.77548
30.782223
30.772392
30.926807
30.887406
30.894747
30.872601
30.880029
30.920145
30.834651
30.848899
30.840793
31.119855
31.04109
31.043207
31.036455
31.038817
31.120128
30.948593
30.980481
30.976296
31.548097
31.371519
31.360515
31.393472
31.382611
31.566874
31.190226
31.261184
31.267005
32.738204
32.217792
32.160388
32.330544
32.274269
32.814445
31.78203
31.980651
32.017488
36.323844
34.720338
34.497907
35.155309
34.937864
36.63098
33.36543
34.033898
34.176681
52.398007
45.688032
44.590764
47.921247
46.811126
54.38562
38.58436
41.64468
42.362309
39.01263
41.207136
40.562025
42.535534
41.910648
39.558071
49.474088
45.068474
45.939057
34.42243
35.204516
34.964911
35.685615
35.442537
34.615336
37.787546
36.479164
36.798559
32.615379
32.938655
32.841785
33.134804
33.033013
32.693367
33.97435
33.455457
33.578535
31.814992
31.960736
31.920674
32.043398
32.001577
31.848755
32.428005
32.200282
32.251951
31.405497
31.4834
31.466697
31.517676
31.500121
31.418565
31.724459
31.608189
31.630489
31.175739
31.219149
31.214086
31.229917
31.224295
31.179219
31.353356
31.287729
31.296452
31.030155
31.059207
31.060317
31.056956
31.057855
31.027832
31.141511
31.098815
31.099311
30.706284
30.699202
30.710196
30.677132
30.688166
30.695311
30.676973
30.681317
30.670269
30.738142
30.725486
30.735979
30.704369
30.714942
30.72772
30.699166
30.703683
30.692959
30.79423
30.771369
30.781025
30.751849
30.761638
30.784788
30.734743
30.742657
30.732651
30.899612
30.857455
30.865081
30.84185
30.849713
30.892484
30.799227
30.816019
30.807572
31.118923
31.030992
31.033815
31.024593
31.027894
31.117761
30.925026
30.962672
30.957773
31.62031
31.414474
31.404172
31.434029
31.424489
31.636691
31.19835
31.282921
31.287553
33.035458
32.439092
32.385296
32.541691
32.491052
33.105152
31.880713
32.123329
32.156839
37.511284
35.573619
35.36569
35.972077
35.773219
37.790709
33.76869
34.590408
34.720906
60.214571
50.158533
49.055626
52.310237
51.240244
62.181332
40.357012
44.373912
45.010491
41.003524
43.826948
43.208472
45.041021
44.387342
41.516798
53.647781
48.313487
49.249931
35.175749
36.165757
35.923045
36.630314
36.399468
35.374601
39.308026
37.691734
37.974778
32.935337
33.333121
33.227641
33.52743
33.426111
33.01489
34.58461
33.94899
34.071361
31.950956
32.127676
32.085413
32.21273
32.171594
31.988416
32.694299
32.415983
32.468132
31.460794
31.553274
31.535354
31.589783
31.572106
31.475287
31.841797
31.701536
31.725469
31.190852
31.241565
31.23531
31.253901
31.247004
31.195001
31.399284
31.321637
31.330901
31.022165
31.05531
31.055837
31.054015
31.054536
31.020205
31.151481
31.101845
31.102795
30.662459
30.655147
30.666123
30.633126
30.644135
30.651493
30.632364
30.63706
30.626044
30.696357
30.683276
30.693815
30.662063
30.672684
30.685849
30.655744
30.660874
30.650141
30.756185
30.732295
30.742079
30.712547
30.722444
30.746529
30.693549
30.702636
30.692559
30.870432
30.825952
30.833943
30.809544
30.817807
30.8628
30.762676
30.781927
30.773187
31.112208
31.01748
31.021122
31.009371
31.013534
31.109647
30.899296
30.942273
30.936729
31.681475
31.451808
31.443149
31.467426
31.45988
31.694655
31.200419
31.298886
31.301772
33.298677
32.636803
32.59001
32.725266
32.681917
33.357057
31.964484
32.249491
32.277855
38.563217
36.343593
36.160829
36.685491
36.516446
38.80237
34.119277
35.08414
35.195942
42.563835
45.927011
45.48293
47.017677
46.652625
42.761549
57.088202
50.873346
51.41676
35.918708
37.026079
36.864406
37.466375
37.19557
36.117975
40.712922
38.805421
39.076651
33.252978
33.719617
33.626591
33.916609
33.817066
33.341244
35.177051
34.434548
34.540068
32.093845
32.299391
32.258306
32.387368
32.342466
32.126515
32.960466
32.634784
32.670527
31.519875
31.627418
31.609879
31.667023
31.647381
31.535058
31.963822
31.799865
31.822532
31.208632
31.266535
31.259319
31.278593
31.272361
31.212004
31.449045
31.358735
31.36617
31.015513
31.052708
31.053286
31.051769
31.05295
31.014259
31.163802
31.105966
31.108268
30.618551
30.611079
30.622101
30.589006
30.600039
30.607539
30.58776
30.592769
30.581741
30.654114
30.640745
30.651414
30.619321
30.630045
30.643465
30.612158
30.617849
30.607055
30.717186
30.692634
30.702615
30.672522
30.682606
30.707267
30.651877
30.662115
30.651886
30.839057
30.792661
30.801163
30.775282
30.784035
30.830835
30.724949
30.746376
30.737241
31.099884
31.000266
31.004937
30.990085
30.995304
31.095944
30.870862
30.918825
30.912424
31.728872
31.480561
31.474157
31.490863
31.486029
31.738182
31.195452
31.307266
31.308093
33.515969
32.805278
32.766363
32.87641
32.842017
33.562554
32.029795
32.353893
32.376608
39.453335
36.996612
36.84313
37.277276
37.139825
39.651695
34.40699
35.501071
35.592247
43.96893
47.711988
47.300705
48.397882
48.101892
44.346409
59.667087
52.884453
53.261813
36.564603
37.883933
37.685598
38.254207
38.054187
36.685471
41.803621
39.756151
39.98187
33.556097
34.112184
34.000827
34.296933
34.221684
33.629364
35.770509
34.932982
35.033815
32.2174
32.475251
32.426256
32.567292
32.525742
32.27816
33.197469
32.851591
32.899435
31.573164
31.706766
31.683618
31.753818
31.73563
31.596872
32.088139
31.894694
31.925235
31.217485
31.287595
31.283646
31.307461
31.300631
31.227758
31.498224
31.388033
31.398585
31.011747
31.05024
31.05232
31.053698
31.048175
31.011508
31.169801
31.106506
31.104296
30.574475
30.566908
30.57796
30.544789
30.555843
30.563423
30.543148
30.548426
30.537387
30.611327
30.597797
30.608574
30.576177
30.586996
30.600547
30.568376
30.574572
30.56372
30.677109
30.6522
30.662393
30.631657
30.641955
30.666915
30.609641
30.620936
30.610535
30.805254
30.757427
30.76642
30.739111
30.748327
30.796423
30.685936
30.709245
30.699725
31.082008
30.978858
30.984611
30.966503
30.972846
31.076709
30.839494
30.891902
30.884623
31.760561
31.498344
31.494858
31.503099
31.500964
31.766083
31.183529
31.307684
31.306614
33.688053
32.938785
32.908716
32.992863
32.966946
33.724108
32.077048
32.435803
32.452828
40.181001
37.528253
37.405828
37.751054
37.6421
40.343097
34.637595
35.839758
35.910868
45.22082
48.965462
48.685974
49.488204
49.237348
45.493841
61.248784
54.234237
54.518706
37.149404
38.587936
38.435022
38.848921
38.720719
37.280015
42.700845
40.571821
40.750354
33.859077
34.467537
34.378341
34.626216
34.549601
33.925743
36.135842
35.256018
35.32497
32.368811
32.640689
32.603657
32.715295
32.6785
32.405093
33.448177
33.047867
33.095244
31.640404
31.78176
31.76721
31.815427
31.798399
31.652946
32.188419
31.991095
32.017375
31.247829
31.317965
31.312001
31.325497
31.321635
31.251134
31.539003
31.422194
31.429173
31.010678
31.048447
31.050039
31.051851
31.051484
31.005247
31.191317
31.110245
31.111645
30.530258
30.522646
30.533722
30.500478
30.511559
30.519176
30.498537
30.504044
30.492986
30.568041
30.554464
30.565336
30.532657
30.54357
30.557145
30.524426
30.531057
30.520141
30.635949
30.610906
30.621316
30.589928
30.600443
30.62549
30.566846
30.579046
30.568464
30.769065
30.720353
30.729799
30.701156
30.710813
30.759656
30.645645
30.670584
30.660696
31.058784
30.953048
30.959938
30.938534
30.94593
31.052232
30.805319
30.861572
30.853499
31.777964
31.505301
31.504455
31.505146
31.505487
31.780425
31.165319
31.300613
31.297767
33.818385
33.039247
33.017254
33.078719
33.060237
33.846151
32.107578
32.495407
32.506971
40.762908
37.947268
37.851177
38.121349
38.036843
40.897323
34.816472
36.108024
36.163551
46.222063
49.928687
49.718893
50.302827
50.122978
46.417926
62.108931
55.208553
55.387047
37.609661
39.108446
38.978621
39.340322
39.229599
37.714049
43.387719
41.219428
41.345514
34.115263
34.767973
34.698843
34.897449
34.833528
34.174107
36.521316
35.541585
35.612491
32.495406
32.786034
32.750698
32.857139
32.821873
32.522261
33.645107
33.216276
33.254734
31.690418
31.847879
31.8321
31.876771
31.862809
31.701588
32.285398
32.079515
32.097668
31.260037
31.338845
31.331584
31.35167
31.34561
31.264241
31.579886
31.453306
31.460984
31.001231
31.050462
31.051729
31.04821
31.048878
30.996929
31.19799
31.115707
31.117353
30.485896
30.478275
30.489381
30.456045
30.467159
30.474778
30.453904
30.459593
30.448508
30.524295
30.510754
30.521719
30.488772
30.499774
30.513295
30.480286
30.487277
30.476292
30.593744
30.568734
30.57936
30.547342
30.558062
30.583047
30.523511
30.536464
30.525717
30.730652
30.68151
30.691394
30.661452
30.67153
30.720731
30.604157
30.630488
30.62026
31.030726
30.922997
30.930902
30.906511
30.914889
31.023024
30.768601
30.828096
30.819283
31.782841
31.502773
31.504208
31.498294
31.50065
31.782519
31.141501
31.28663
31.282232
33.914871
33.111727
33.096103
33.138461
33.125492
33.934114
32.122347
32.533752
32.542522
41.25101
38.279178
38.200236
38.421978
38.351734
41.363679
34.95356
36.294061
36.346852
71.477101
83.893251
84.006972
83.561243
83.744211
71.465824
137.45652
103.51534
102.96552
46.887394
50.631152
50.47262
50.8978
50.771015
47.010421
62.481679
55.805648
55.904017
37.990772
39.537435
39.443705
39.708165
39.625693
38.070673
43.903482
41.661731
41.752908
34.326909
35.01324
34.957275
35.115966
35.066544
34.371194
36.872764
35.803225
35.858679
32.600053
32.920589
32.890059
32.974487
32.948732
32.624707
33.819715
33.362547
33.394825
31.733922
31.902762
31.890187
31.926503
31.914938
31.744494
32.370065
32.150265
32.166842
31.274582
31.36141
31.356875
31.370256
31.365847
31.277097
31.618609
31.483043
31.490158
30.990358
31.046715
31.047479
31.043303
31.044752
30.988429
31.201994
31.11997
31.120052
30.441385
30.433782
30.444913
30.41151
30.422645
30.430239
30.409236
30.41507
30.403967
30.480156
30.466709
30.477747
30.444598
30.455663
30.469079
30.435963
30.443246
30.432209
30.550634
30.525761
30.536569
30.504034
30.514918
30.539742
30.479726
30.49326
30.48238
30.690357
30.64101
30.651271
30.620247
30.630667
30.680027
30.561644
30.589126
30.578623
30.998408
30.889165
30.897971
30.871058
30.880245
30.989756
30.729734
30.791785
30.782375
31.777471
31.491758
31.494861
31.481866
31.485925
31.773747
31.112781
31.26628
31.260829
33.964448
33.154111
33.147834
33.169357
33.166132
33.974579
32.124016
32.555338
32.556061
41.591429
38.511902
38.472304
38.590061
38.553246
41.661676
35.037935
36.448887
36.478403
71.26962
83.117009
83.352234
82.582651
82.860916
71.167063
131.63014
101.11218
100.44678
47.293833
51.097558
51.004078
51.230895
51.171253
47.360268
62.500313
56.082216
56.103384
38.283313
39.859967
39.78662
39.993862
39.929633
38.347372
44.28523
41.985796
42.048915
34.49141
35.206501
35.162678
35.287545
35.248113
34.52802
37.143133
36.012826
36.061562
32.692969
33.021914
32.998824
33.065048
33.043935
32.713979
33.94644
33.479147
33.503429
31.774841
31.94867
31.937914
31.969237
31.95926
31.784353
32.447198
32.21101
32.223591
31.283695
31.37831
31.374343
31.385896
31.382159
31.285735
31.652672
31.510092
31.516041
30.981434
31.040015
31.04162
31.036255
31.037663
30.978361
31.204326
31.118478
31.117862
30.396755
30.389192
30.400355
30.366872
30.378028
30.385576
30.364535
30.370478
30.359357
30.435727
30.422408
30.433514
30.400185
30.4113
30.424584
30.391477
30.398999
30.387917
30.506805
30.482142
30.493109
30.460142
30.471153
30.495758
30.435582
30.449543
30.438558
30.648574
30.599166
30.609741
30.577847
30.588533
30.637935
30.51832
30.546733
30.536012
30.96291
30.852285
30.861803
30.833161
30.84263
30.953754
30.689151
30.753177
30.743201
31.760744
31.469986
31.476432
31.459227
31.464802
31.75613
31.079868
31.240285
31.233133
34.005411
33.177111
33.172352
33.181802
33.180292
34.012472
32.115616
32.561527
32.560276
41.797197
38.654684
38.625377
38.693909
38.676801
41.824252
35.088493
36.545169
36.559523
70.765102
81.983666
82.289776
81.334962
81.666682
70.608174
125.64576
98.392264
97.688378
47.494812
51.306547
51.274701
51.335303
51.325277
47.522976
62.263388
56.091886
56.068952
38.517283
40.109196
40.054343
40.206048
40.159829
38.565125
44.520116
42.19282
42.228725
34.626414
35.360219
35.325142
35.423804
35.393319
34.655175
37.330057
36.194161
36.232825
32.772629
33.105383
33.085582
33.142643
33.124543
32.790639
34.054465
33.568293
33.587775
31.81078
31.988
31.97893
32.004628
31.996653
31.81881
32.513718
32.256037
32.265412
31.291597
31.392801
31.389431
31.398481
31.395772
31.293259
31.680974
31.531342
31.535642
30.969209
31.0326
31.034308
31.028076
31.029802
30.965815
31.206986
31.11499
31.113915
30.352046
30.344544
30.355709
30.322188
30.333368
30.340851
30.319846
30.325871
30.31473
30.391111
30.377932
30.389064
30.355631
30.366788
30.379931
30.346901
30.354619
30.343495
30.462478
30.438051
30.449109
30.41586
30.426968
30.451334
30.39121
30.405483
30.394415
30.605761
30.556319
30.567127
30.534624
30.545518
30.594891
30.474438
30.503605
30.492717
30.924859
30.813365
30.823584
30.793198
30.803257
30.914879
30.647159
30.713053
30.702673
31.739381
31.446235
31.452841
31.431459
31.438989
31.732682
31.045189
31.210999
31.202972
34.020887
33.181926
33.182152
33.18053
33.181334
34.022285
32.096555
32.551322
32.54794
41.872379
38.72185
38.708513
38.742714
38.732875
41.88532
35.108422
36.591298
36.59958
70.0554
80.63802
80.991209
79.906299
80.276191
69.848722
119.93815
95.567202
94.855277
47.573793
51.320496
51.332787
51.272329
51.300479
47.580795
61.865921
55.951319
55.897496
38.683031
40.286143
40.248047
40.348076
40.31912
38.713854
44.625685
42.308451
42.326075
34.730423
35.478376
35.452374
35.524007
35.502583
34.752297
37.45534
36.331671
36.359305
32.839168
33.176056
33.159992
33.204849
33.191119
32.853249
34.14448
33.640442
33.655859
31.840435
32.019439
32.012323
32.032643
32.026305
31.84684
32.566566
32.29011
32.297219
31.297175
31.402785
31.400762
31.405865
31.404432
31.297938
31.701736
31.546583
31.549594
30.955811
31.023308
31.025473
31.017605
31.019825
30.952159
31.206691
31.109059
31.107193
30.307272
30.299844
30.311013
30.277517
30.288678
30.296086
30.275173
30.281255
30.270133
30.346364
30.333326
30.344477
30.311024
30.322175
30.335179
30.30226
30.310136
30.299018
30.417826
30.393632
30.404748
30.371386
30.382511
30.406651
30.346674
30.361189
30.350105
30.562216
30.512829
30.523699
30.490948
30.501892
30.551264
30.430211
30.459968
30.44902
30.8851
30.772583
30.782869
30.751909
30.762272
30.875074
30.604448
30.671587
30.661175
31.711783
31.416171
31.423819
31.400541
31.408362
31.704616
31.008253
31.178151
31.169769
34.023423
33.17789
33.179413
33.173679
33.175921
34.022848
32.0728
32.536992
32.533063
41.920061
38.75967
38.751777
38.772584
38.766356
41.930511
35.122349
36.618843
36.623297
69.178811
79.149185
79.532271
78.383361
78.768246
68.941615
114.65854
92.741865
92.042617
47.575074
51.198634
51.238033
51.104249
51.153056
47.56523
61.355284
55.706519
55.630264
38.785521
40.39378
40.372371
40.422087
40.409508
38.802929
44.642184
42.356014
42.357539
34.808146
35.561877
35.543799
35.592544
35.578066
34.823904
37.533497
36.430351
36.450194
32.888554
33.228821
33.217437
33.248811
33.239318
32.898227
34.214364
33.694208
33.704507
31.863538
32.044059
32.038641
32.053789
32.049232
31.868295
32.604834
32.314165
32.318435
31.298612
31.407825
31.406971
31.408621
31.408371
31.298175
31.716305
31.555974
31.557126
30.940964
31.011524
31.014267
31.004529
31.007341
30.936822
31.202205
31.099662
31.09685
30.262545
30.255193
30.266356
30.232875
30.244027
30.251358
30.230569
30.236687
30.225573
30.301623
30.28872
30.299875
30.26641
30.277558
30.290431
30.257632
30.265644
30.254525
30.373123
30.349124
30.360257
30.326866
30.337988
30.361947
30.302104
30.316822
30.305735
30.518444
30.469072
30.480011
30.447195
30.458128
30.507492
30.385913
30.416174
30.405228
30.844914
30.731193
30.741544
30.710609
30.720884
30.834883
30.561635
30.629781
30.619323
31.682773
31.384618
31.392589
31.368578
31.376588
31.675405
30.970435
31.144137
31.13549
34.019646
33.168328
33.171119
33.162399
33.165362
34.018129
32.047617
32.520633
32.516293
41.9526
38.784263
38.778783
38.794271
38.789397
41.958334
35.12594
36.63334
36.636634
68.207252
77.619991
78.002234
76.866133
77.244977
67.956432
109.78988
90.007139
89.350085
47.507854
50.9937
51.05056
50.871468
50.933385
47.480526
60.764794
55.370701
55.273018
38.841228
40.435706
40.430129
40.436797
40.437138
38.84898
44.595785
42.341399
42.330448
34.863417
35.617485
35.60567
35.636465
35.627765
34.873887
37.577087
36.498659
36.511048
32.921616
33.265622
33.257631
33.279716
33.273125
32.927906
34.262476
33.728711
33.734828
31.879685
32.061732
32.058067
32.068034
32.065135
31.882549
32.626912
32.327395
32.329203
31.295066
31.408049
31.408522
31.406033
31.407215
31.29337
31.722888
31.557658
31.556898
30.923542
30.997008
31.000392
30.988609
30.992096
30.9187
31.193118
31.086554
31.082865
30.217883
30.210606
30.221736
30.188373
30.199484
30.206743
30.186089
30.192225
30.181149
30.256936
30.244154
30.255275
30.221929
30.233037
30.245793
30.213108
30.221239
30.21016
30.328538
30.304669
30.31576
30.282542
30.2936
30.317442
30.257631
30.272549
30.261515
30.474794
30.42538
30.436277
30.403656
30.414504
30.463956
30.341784
30.372499
30.361626
30.805008
30.690219
30.700397
30.670003
30.680091
30.795141
30.51902
30.588129
30.577789
31.653381
31.352521
31.360513
31.336526
31.344476
31.646073
30.932899
31.109462
31.100808
34.013506
33.156056
33.159237
33.149787
33.152867
34.012021
32.022793
32.503083
32.49867
41.976373
38.804567
38.799255
38.816485
38.810033
41.983748
35.122266
36.647894
36.65164
67.193355
76.112483
76.492662
75.359173
75.737185
66.941728
105.40043
87.459416
86.867149
47.36842
50.739143
50.806656
50.601983
50.67302
47.32131
60.140267
54.951467
54.835924
38.86132
40.427783
40.433085
40.410573
40.419909
38.860549
44.495425
42.281991
42.262114
34.897702
35.649817
35.644015
35.657228
35.654347
34.903303
37.598617
36.537009
36.541865
32.942125
33.291078
33.285769
33.299668
33.295842
32.945485
34.288352
33.748371
33.751259
31.887851
32.072626
32.070545
32.075522
32.074321
31.888563
32.635398
32.33178
32.331704
31.286559
31.402542
31.404446
31.397696
31.400263
31.283631
31.721154
31.552235
31.549963
30.903074
30.979655
30.9837
30.969851
30.974016
30.897499
31.179267
31.069963
31.065445
30.173391
30.166179
30.177271
30.144019
30.155095
30.162293
30.141758
30.147909
30.136863
30.212437
30.199748
30.210833
30.17761
30.188675
30.201345
30.168745
30.176983
30.16594
30.284307
30.26049
30.271508
30.238508
30.24949
30.273302
30.21335
30.228485
30.217502
30.431654
30.382064
30.392837
30.360614
30.371319
30.420985
30.298041
30.329166
30.31839
30.765917
30.649993
30.659977
30.630212
30.640081
30.75634
30.476891
30.547025
30.536847
31.624654
31.320688
31.328571
31.305136
31.312877
31.61771
30.896152
31.075139
31.06667
34.007722
33.143857
33.146726
33.138529
33.141072
34.006819
31.999052
32.48574
32.481789
42.010666
38.83057
38.822544
38.846818
38.837289
42.020448
35.122931
36.665153
36.670092
66.191965
74.618276
74.984381
73.904142
74.256684
65.945308
101.54387
85.188004
84.662228
47.162615
50.453859
50.530873
50.290989
50.373377
47.104534
59.492899
54.476468
54.354418
38.848523
40.387219
40.399839
40.357352
40.372834
38.840806
44.358428
42.19395
42.1694
34.912464
35.658861
35.658776
35.655046
35.657531
34.913239
37.597789
36.545999
36.544056
32.950734
33.305191
33.302859
33.307506
33.306671
32.950959
34.295188
33.75523
33.755078
31.887245
32.076492
32.07626
32.075556
32.076232
31.885717
32.633209
32.329044
32.327422
31.273163
31.391545
31.394781
31.384214
31.388016
31.269029
31.712168
31.540954
31.537286
30.879839
30.959419
30.964173
30.948187
30.953086
30.873619
31.160976
31.050115
31.044785
30.129057
30.121895
30.132947
30.09984
30.110861
30.118013
30.09757
30.103733
30.092741
30.168148
30.155521
30.166553
30.133517
30.144511
30.157128
30.124563
30.132897
30.121918
30.240445
30.216612
30.227542
30.194831
30.205709
30.229561
30.169316
30.184679
30.173791
30.389202
30.339303
30.349935
30.318175
30.32871
30.378708
30.254645
30.286286
30.275669
30.728028
30.610752
30.620444
30.591637
30.601139
30.718855
30.435474
30.506767
30.496866
31.597793
31.290035
31.297569
31.275399
31.282672
31.591367
30.86057
31.041909
31.033811
34.005415
33.134204
33.136292
33.130911
33.132391
34.006112
31.977431
32.470656
32.46756
42.061398
38.865627
38.854876
38.886824
38.875065
42.076501
35.130204
36.687998
36.694138
65.220695
73.219329
73.55787
72.556759
72.883906
64.982784
98.242317
83.157454
82.689809
46.915642
50.123323
50.208782
49.946419
50.03696
46.848762
58.837761
53.987907
53.861332
38.807916
40.31968
40.339201
40.273792
40.297854
38.794014
44.190409
42.08249
42.049604
34.908548
35.646511
35.65119
35.634161
35.640667
34.904917
37.571272
36.529486
36.521846
32.947398
33.306564
33.307379
33.302611
33.30489
32.944835
34.286499
33.750219
33.747187
31.878141
32.072572
32.074284
32.067597
32.070291
31.874658
32.622528
32.320065
32.316839
31.255082
31.375779
31.380131
31.366256
31.371143
31.249865
31.697095
31.524437
31.519562
30.854165
30.936345
30.941798
30.923739
30.929353
30.847362
31.138865
31.027185
31.021114
30.084599
30.077477
30.088759
30.056971
30.067908
30.075024
30.054485
30.060798
30.049883
30.123863
30.111264
30.122471
30.091542
30.102433
30.11507
30.081927
30.090736
30.079847
30.196912
30.172963
30.183935
30.154987
30.165699
30.189978
30.127919
30.144223
30.133465
30.347527
30.297211
30.307634
30.283574
30.293808
30.34522
30.216415
30.249955
30.239529
30.692654
30.573476
30.582133
30.57133
30.580398
30.703621
30.405253
30.481103
30.471586
31.577112
31.26418
31.268416
31.29483
31.301126
31.626659
30.853555
31.046478
31.039166
34.021167
33.137835
33.130193
33.268701
33.268005
34.197061
32.03576
32.563318
32.561733
42.176809
38.940893
38.900068
39.503623
39.489846
43.037942
35.407203
37.093612
37.09772
64.285986
71.913597
72.232969
71.329585
71.6029
64.061602
95.422304
81.335964
80.969911
46.643087
49.761063
49.856605
49.568486
49.666674
46.572507
58.177542
53.489135
53.36452
38.743787
40.221334
40.247732
40.164232
40.193023
38.723675
44.003538
41.940144
41.901227
34.887623
35.618138
35.626447
35.598533
35.608728
34.879917
37.521698
36.491879
36.479179
32.933403
33.295539
33.299379
33.285611
33.290905
32.928403
34.263884
33.733647
33.727709
31.861833
32.060738
32.064372
32.052069
32.056598
31.856836
32.604577
32.304951
32.300166
31.232881
31.355678
31.361096
31.344044
31.349981
31.22672
31.676973
31.503349
31.497413
30.826232
30.910528
30.916665
30.896619
30.90292
30.818929
31.113475
31.001381
30.994597
30.042221
30.035104
30.046028
30.013298
30.024189
30.03131
30.01073
30.01709
30.006213
30.082446
30.069778
30.080649
30.048098
30.058927
30.071609
30.038321
30.04723
30.036398
30.15798
30.133559
30.144258
30.11224
30.122883
30.14736
30.084682
30.101243
30.090557
30.314661
30.262856
30.273179
30.24239
30.252613
30.304562
30.174284
30.208328
30.198
30.677564
30.552532
30.561895
30.534602
30.543732
30.669144
30.365649
30.443019
30.433468
31.610871
31.281144
31.288084
31.268674
31.273926
31.606918
30.819782
31.015809
31.009211
34.208484
33.268849
33.269519
33.273767
33.271441
34.213307
32.02035
32.554215
32.551846
43.124881
39.537445
39.506463
39.583346
39.55844
43.160298
35.424018
37.135087
37.148463
100.30692
72.946365
72.859959
73.358806
73.126039
100.63405
48.638306
57.606174
57.720748
118.58589
155.35806
157.38424
151.57811
153.39637
117.50269
302.81333
210.714
207.38292
64.086813
71.693345
72.010015
71.063592
71.375631
63.850107
95.445938
81.156105
80.735362
46.507314
49.593691
49.480884
49.381767
49.489004
46.42738
57.983485
53.323806
53.184626
38.660019
40.126459
40.13462
40.044629
40.086154
38.637822
43.879408
41.815912
41.764914
34.852058
35.575987
35.587611
35.550097
35.563386
34.84067
37.454197
36.434386
36.418203
32.910187
33.273126
33.279669
33.258351
33.265974
32.903142
34.230894
33.706363
33.698054
31.839986
32.041785
32.047076
32.030054
32.036048
31.833797
32.580024
32.283688
32.277482
31.207065
31.331558
31.337904
31.318138
31.324959
31.200082
31.652431
31.478002
31.470915
30.796223
30.882131
30.88892
30.867077
30.874014
30.788396
31.085133
30.972873
30.96545
29.998697
29.991556
30.002414
29.969863
29.980699
29.987854
29.966125
29.973576
29.961234
30.039242
30.026506
30.037291
30.004997
30.01574
30.028497
29.994987
30.004013
29.993259
30.115699
30.091035
30.101624
30.069937
30.080473
30.105203
30.041819
30.058649
30.048063
30.274543
30.222065
30.232207
30.201871
30.211953
30.264611
30.132611
30.167223
30.157025
30.643547
30.516661
30.525547
30.499008
30.507801
30.635166
30.326639
30.405388
30.396126
31.591481
31.255762
31.262074
31.244177
31.249956
31.586578
30.788388
30.987467
30.980511
34.22676
33.276107
33.27423
33.280584
33.278159
34.233206
32.005855
32.550027
32.549551
43.297192
39.6491
39.615183
39.72127
39.684443
43.353828
35.467563
37.202168
37.221948
102.42888
73.963091
73.640302
74.71281
74.324237
103.20551
48.975444
58.21078
58.410858
3785.5107
947.92048
894.09327
1036.6483
995.50452
3584.5852
159.87663
311.32693
325.11643
430.52439
705.90766
723.8661
673.77665
689.27188
422.31262
2971.7283
1336.5709
1294.191
114.50097
148.1495
149.81946
145.13265
146.58797
113.58883
282.56386
198.84931
196.32379
63.161721
70.463486
70.759201
69.891273
70.172456
62.940361
93.025796
79.546256
79.175144
46.179491
49.171511
49.276489
48.965043
49.068039
46.096545
57.292948
52.774753
52.64129
38.547798
39.959156
40.002272
39.871536
39.915603
38.513728
43.618904
41.609333
41.556604
34.802236
35.51339
35.532026
35.474832
35.494303
34.786004
37.351228
36.349641
36.325615
32.877958
33.239626
33.250114
33.217174
33.22857
32.867751
34.183849
33.665569
33.65276
31.812766
32.016056
32.02363
31.999764
32.008041
31.804624
32.547207
32.254589
32.245901
31.178036
31.303808
31.311078
31.287593
31.295803
31.169826
31.622149
31.448171
31.439703
30.763836
30.851456
30.858844
30.834685
30.842549
30.755242
31.053682
30.941577
30.933197
29.955445
29.948243
29.959045
29.925012
29.937425
29.944662
29.923217
29.929
29.918456
29.9964
29.983571
29.994273
29.962222
29.972885
29.98574
29.951939
29.961098
29.950417
30.073878
30.04894
30.059426
30.028037
30.038477
30.063487
29.999329
30.016441
30.005946
30.235003
30.181801
30.191821
30.161833
30.171802
30.225191
30.091397
30.126594
30.116496
30.610267
30.481503
30.490236
30.464081
30.472775
30.602016
30.288284
30.368542
30.359394
31.572314
31.232534
31.238366
31.220836
31.226709
31.567688
30.757808
30.960047
30.953283
34.251911
33.285739
33.283101
33.29065
33.288256
34.258257
31.99531
32.548382
32.548129
43.541162
39.797599
39.759117
39.877068
39.836732
43.608425
35.517505
37.286479
37.309481
105.8809
75.559442
75.126383
76.467562
76.008483
106.87978
49.440686
59.08994
59.332188
3084.4048
1101.8669
1072.0515
1147.5357
1126.9631
2945.4586
171.92853
368.60981
383.0222
400.57869
645.66336
659.28038
620.72833
632.84145
394.13964
2386.7788
1184.1411
1152.1817
111.01382
142.29011
143.68221
139.79995
141.01666
110.27371
266.65645
189.45012
187.39421
62.303676
69.347768
69.615785
68.830287
69.087016
62.101267
90.921708
78.118963
77.780484
45.848756
48.762806
48.863741
48.565024
48.663511
45.766936
56.641778
52.252214
52.127038
38.408053
39.78261
39.827293
39.693316
39.738152
38.372008
43.359002
41.396483
41.342679
34.734359
35.434646
35.454907
35.392878
35.413922
34.716249
37.230454
36.251144
36.225638
32.83544
33.19315
33.205303
33.16791
33.180668
32.824052
34.123174
33.611707
33.597269
31.778529
31.982185
31.99109
31.96341
31.972901
31.769266
32.506684
32.217889
32.207935
31.144137
31.270515
31.279146
31.25262
31.261655
31.135184
31.586182
31.41295
31.403608
30.728483
30.817133
30.825639
30.799095
30.807524
30.719361
31.018451
30.906881
30.897933
29.912425
29.903662
29.914363
29.882491
29.892997
29.90168
29.880232
29.886353
29.875721
29.953889
29.940946
29.951573
29.919741
29.930332
29.943305
29.909152
29.918465
29.90785
30.03245
30.00722
30.017618
29.986479
29.996839
30.022144
29.957171
29.974576
29.964157
30.195863
30.141949
30.15188
30.122131
30.132036
30.186117
30.050557
30.086329
30.076308
30.577318
30.446696
30.455384
30.429313
30.438003
30.56909
30.250292
30.332036
30.322933
31.553713
31.209159
31.215001
31.197496
31.203341
31.549053
30.727502
30.932955
30.92619
34.277096
33.295759
33.293221
33.300674
33.29823
34.283347
31.984636
32.547543
32.547265
43.823145
39.958398
39.917416
40.042389
40.000031
43.897977
35.573166
37.382099
37.406796
110.1909
77.42036
76.939607
78.418358
77.912968
111.3881
49.970245
60.079006
60.334794
2591.9531
1177.7754
1164.4479
1196.1316
1188.2356
2491.6755
187.30476
424.47778
437.43408
376.74102
598.3681
609.25592
578.1567
588.01644
371.48715
2002.5638
1067.3551
1042.2063
108.1334
137.47209
138.60481
135.34239
136.38387
107.47299
253.73257
181.74728
180.02367
61.51908
68.33786
68.581173
67.871042
68.100985
61.334006
89.082038
76.828004
76.538462
45.525353
48.372006
48.468214
48.18345
48.277241
45.446485
56.035584
51.763853
51.646776
38.26229
39.6041
39.648781
39.5155
39.559926
38.225568
43.102425
41.181257
41.127532
34.660306
35.349911
35.37148
35.3058
35.327959
34.641206
37.104658
36.147956
36.121684
32.788111
33.141531
33.154854
33.114083
33.127922
32.775519
34.057876
33.552088
33.536517
31.739947
31.943545
31.953575
31.922679
31.9332
31.72968
32.461425
32.176335
32.165245
31.107373
31.233948
31.243367
31.214563
31.224336
31.097755
31.546422
31.374369
31.364247
30.692043
30.781248
30.789734
30.762445
30.771442
30.682495
30.980926
30.870085
30.860634
29.868128
29.861241
29.871902
29.840001
29.850598
29.857534
29.837373
29.843649
29.833022
29.911668
29.898599
29.909158
29.877514
29.888044
29.901145
29.866563
29.876074
29.865504
29.991327
29.965797
29.97613
29.945171
29.955477
29.981078
29.915291
29.932984
29.922623
30.156923
30.102362
30.112243
30.082626
30.092492
30.147206
30.009988
30.046319
30.036338
30.544324
30.411904
30.420618
30.394453
30.403185
30.536047
30.212428
30.295613
30.286504
31.534921
31.185827
31.191675
31.174038
31.179935
31.530138
30.697182
30.905837
30.899025
34.302622
33.305474
33.303092
33.310157
33.307848
34.309122
31.972602
32.546099
32.545542
44.131386
40.128525
40.085061
40.217119
40.172611
44.211607
35.630258
37.482789
37.508656
115.24768
79.457388
78.932262
80.540395
79.993611
116.62021
50.524987
61.121127
61.389879
2231.6515
1205.4113
1201.7817
1207.0618
1207.0925
2156.4134
204.53651
473.16071
483.97806
357.07258
559.75747
568.75089
542.8908
551.15009
352.66075
1730.3432
974.32511
953.87992
105.64252
133.38446
134.3434
131.56679
132.45786
105.0692
242.91305
175.26439
173.7972
60.806069
67.421171
67.642769
67.001059
67.208265
60.636889
87.487711
75.688845
75.423308
45.214544
47.9996
48.09099
47.820417
47.909606
45.138775
55.474794
51.30829
51.199406
38.115009
39.427464
39.471581
39.340327
39.383882
38.07826
42.849632
40.967801
40.915165
34.582592
35.26069
35.283327
35.214855
35.23781
34.562642
36.977989
36.042085
36.01532
32.736214
33.085685
33.099972
33.056471
33.071159
32.722633
33.98804
33.488601
33.47227
31.697538
31.900887
31.911872
31.878236
31.88964
31.686402
32.412122
32.130525
32.11846
31.068081
31.194521
31.204616
31.173872
31.184264
31.057886
31.503392
31.332868
31.322102
30.653206
30.74313
30.752486
30.72342
30.732929
30.643263
30.941314
30.831314
30.821381
29.826075
29.818768
29.829386
29.797541
29.808146
29.815501
29.794689
29.801061
29.790472
29.869683
29.856462
29.866981
29.833377
29.845926
29.859203
29.823048
29.832169
29.821841
29.950403
29.924588
29.934873
29.90404
29.914309
29.940194
29.873627
29.891598
29.881279
30.11806
30.062905
30.072761
30.043199
30.053052
30.10835
29.969592
30.006444
29.996487
30.511091
30.376944
30.385705
30.359351
30.368147
30.502709
30.174557
30.259118
30.249977
31.51562
31.162169
31.168126
31.150119
31.15616
31.510659
30.666558
30.87843
30.871497
34.328816
33.314691
33.31242
33.318993
33.316862
34.335358
31.959439
32.54323
32.542252
44.456851
40.308057
40.262361
40.40088
40.354369
44.539847
35.688387
37.587586
37.614376
120.94162
81.665684
81.097982
82.837097
82.248376
122.45341
51.102102
62.213872
62.494604
1957.9626
1202.7233
1205.5462
1193.8367
1198.7763
1899.6053
222.40364
513.09596
521.71101
340.39664
527.31846
534.95627
512.85569
519.95853
336.58952
1528.8978
897.94812
880.88973
103.45142
129.87079
130.70324
128.27462
129.05883
102.9395
233.63085
169.68937
168.40615
60.150344
66.602385
66.798534
66.210195
66.407181
59.994914
86.057348
74.65492
74.410403
44.916726
47.646018
47.732595
47.476211
47.560677
44.844429
54.956758
50.883319
50.781506
37.968735
39.254228
39.297276
39.169531
39.211793
37.932644
42.603784
40.759891
40.709111
34.501819
35.168551
35.19172
35.121911
35.145231
34.481258
36.852442
35.934711
35.907802
32.680658
33.026581
33.041589
32.996081
33.011382
32.666248
33.914302
33.422516
33.405685
31.651933
31.854815
31.866596
31.830686
31.842814
31.640109
32.359227
32.081183
32.068402
31.026582
31.152676
31.163336
31.130989
31.141888
31.01589
31.457741
31.288987
31.277709
30.612909
30.703254
30.713075
30.682761
30.692713
30.602636
30.899794
30.790726
30.780365
29.783778
29.77635
29.786938
29.7552
29.765766
29.773213
29.752182
29.758635
29.74809
29.827852
29.812564
29.822999
29.791873
29.802171
29.817377
29.781012
29.790489
29.780062
29.909608
29.88352
29.893775
29.863021
29.873268
29.899423
29.832113
29.85036
29.840069
30.079213
30.023497
30.033349
30.003789
30.013643
30.069496
29.929296
29.96663
29.956682
30.477481
30.341706
30.350537
30.323993
30.332859
30.469025
30.136648
30.222499
30.21332
31.495582
31.137957
31.144062
31.125628
31.131816
31.49047
30.635503
30.850519
30.843459
34.355151
33.323101
33.321089
33.326947
33.325066
34.361692
31.945397
32.538934
32.53769
44.790556
40.495254
40.448006
40.59062
40.542818
44.874169
35.746617
37.695252
37.722408
127.14649
84.046956
83.437162
85.29615
84.665456
128.75409
51.701845
63.356695
63.649216
1743.5943
1181.5318
1188.0584
1166.6718
1174.3827
1697.1283
240.05276
544.48572
551.08641
325.87335
499.36144
505.99494
486.7263
492.94239
322.51311
1375.1681
833.77818
819.28999
101.48682
126.76903
127.51047
125.34249
126.04571
101.02722
225.46438
164.77613
163.63235
59.548267
65.835777
66.015744
65.480419
65.655617
59.40506
84.756316
73.706412
73.481865
44.633041
47.311086
47.393151
47.150492
47.230343
44.56457
54.474041
50.486778
50.391563
37.825841
39.086394
39.127868
39.004896
39.045542
37.790801
42.368093
40.560268
40.51186
34.418773
35.075017
35.098467
35.028035
35.051506
34.397754
36.729031
35.827076
35.800298
32.622095
32.964992
32.980599
32.933327
32.949201
32.607144
33.837917
33.354612
33.337394
31.603806
31.805933
31.818365
31.78063
31.793331
31.591451
32.303534
32.029078
32.015673
30.983215
31.108868
31.119978
31.086366
31.09766
30.972116
31.410061
31.243257
31.231595
30.571388
30.66187
30.672092
30.640709
30.651044
30.560839
30.856597
30.748548
30.737824
29.74159
29.734089
29.744638
29.713015
29.723544
29.731061
29.709836
29.716368
29.705861
29.784265
29.771164
29.781533
29.750271
29.760729
29.773862
29.739026
29.74873
29.738276
29.868893
29.84254
29.852779
29.822068
29.832302
29.858722
29.788401
29.8092
29.798917
30.040319
29.984075
29.993934
29.964348
29.974214
30.030586
29.88905
29.926835
29.916884
30.443513
30.306205
30.315105
30.288352
30.297288
30.434965
30.098664
30.185713
30.176489
31.474831
31.11311
31.1194
31.100423
31.106789
31.469498
30.603979
30.822058
30.81486
34.381041
33.330482
33.328775
33.333797
33.332178
34.387413
31.930495
32.533555
32.532067
45.126073
40.686283
40.638435
40.781975
40.734102
45.210412
35.804036
37.804111
37.831316
133.68802
86.576985
85.932791
87.888774
87.229576
135.3578
52.318351
64.542603
64.84506
1571.566
1149.9403
1158.5107
1131.8602
1141.0454
1533.7739
256.88201
568.20984
573.05831
312.99642
474.86566
480.70474
463.70401
469.20173
309.9988
1253.9044
778.99075
766.51812
99.712913
123.98608
124.65479
122.69213
123.3299
99.292946
218.16718
160.37587
159.34581
58.990866
65.137472
65.307853
64.806843
64.970143
58.856501
83.570638
72.833529
72.625153
44.364412
46.994502
47.07206
46.843272
46.918423
44.299714
54.02564
50.114022
50.024266
37.687495
38.925237
38.964912
38.847497
38.88621
37.653701
42.144355
40.370449
40.324644
34.334344
34.981056
35.004529
34.934154
34.957578
34.313131
36.608554
35.720499
35.694117
32.561739
32.901234
32.917309
32.86882
32.885047
32.546407
33.760411
33.285251
33.267735
31.553778
31.754844
31.76778
31.728651
31.741785
31.541041
32.245753
31.974846
31.961054
30.938358
31.063535
31.074988
31.040421
31.05201
30.926949
31.360893
31.196148
31.184202
30.528815
30.619194
30.629763
30.597452
30.608119
30.518022
30.812032
30.705053
30.69404
29.699543
29.691974
29.702489
29.670965
29.681461
29.689046
29.667638
29.674243
29.66377
29.743729
29.729358
29.739832
29.709655
29.72011
29.734115
29.697134
29.706906
29.696465
29.828221
29.801603
29.811834
29.781145
29.791373
29.818055
29.748049
29.768072
29.757794
30.001356
29.944605
29.954479
29.924843
29.934727
29.991602
29.848811
29.887018
29.877057
30.409187
30.270427
30.279399
30.252425
30.261436
30.400548
30.060581
30.148741
30.139465
31.453227
31.087555
31.094011
31.074504
31.081051
31.4477
30.57199
30.793053
30.785713
34.406183
33.336854
33.335362
33.339656
33.33829
34.412308
31.914757
32.52723
32.525498
45.464369
40.877652
40.829786
40.973226
40.925422
45.549256
35.860267
37.91255
37.939455
140.40461
89.226744
88.554998
90.58653
89.90437
142.09459
52.947539
65.764574
66.074539
1430.7047
1112.8513
1122.4527
1093.241
1103.1086
1399.4067
272.49227
585.33854
588.70784
301.47748
453.17965
458.36596
443.23608
448.13915
298.78392
1154.4445
731.63062
720.77701
98.090302
121.45904
122.06802
120.28066
120.86291
97.705998
211.60265
156.40473
155.47082
58.467136
64.489196
64.646597
64.181769
64.334197
58.342552
82.479232
72.024179
71.831081
44.11157
46.696712
46.769406
46.554747
46.625328
44.050919
53.60332
49.763433
49.67957
37.554152
38.771662
38.809401
38.697725
38.734497
37.521591
41.934024
40.191081
40.147879
34.249512
34.887423
34.910753
34.840953
34.864146
34.228342
36.491434
35.615744
35.589892
32.499914
32.836152
32.852505
32.803278
32.819726
32.484272
33.68267
33.214948
33.197297
31.502411
31.702117
31.715416
31.675299
31.688736
31.48941
32.186415
31.919242
31.905168
30.892387
31.017063
31.028769
30.993499
31.005304
30.880754
31.31069
31.148028
31.135875
30.485335
30.575404
30.58627
30.553185
30.564123
30.47434
30.766445
30.660522
30.649285
29.657605
29.649984
29.660469
29.629033
29.6395
29.647135
29.625572
29.632246
29.621803
29.702977
29.689542
29.699168
29.66877
29.679152
29.692601
29.655279
29.666191
29.655775
29.787554
29.760688
29.770916
29.740232
29.75046
29.777385
29.706906
29.726976
29.716707
29.962303
29.90506
29.914955
29.885255
29.895161
29.952524
29.808547
29.847147
29.837168
30.374489
30.234344
30.243395
30.216183
30.225274
30.365755
30.022364
30.111546
30.102209
31.43082
31.061273
31.06791
31.047865
31.054589
31.425103
30.539522
30.763476
30.755992
34.430281
33.342198
33.340962
33.344481
33.343374
34.436135
31.898201
32.519936
32.517971
45.804686
41.068772
41.020964
41.164227
41.116484
45.889956
35.915339
38.019639
38.046181
147.14754
91.963286
91.273184
93.35249
92.656585
148.82157
53.584172
67.01299
67.328111
1313.3778
1073.2861
1083.2975
1053.1863
1063.2488
1287.0596
286.6451
596.95492
599.08924
291.10602
433.82666
438.46797
424.91089
429.31021
288.67284
1071.3879
690.28364
680.75924
96.599693
119.15332
119.71064
118.07368
118.60767
96.245321
205.66117
152.79786
151.94742
57.980996
63.883707
64.031323
63.593215
63.737287
57.862293
81.467227
71.270162
71.088882
43.874612
46.416718
46.485284
46.282977
46.349279
43.817785
53.204715
49.433485
49.353912
37.425707
38.625651
38.661477
38.555388
38.590297
37.39434
41.736974
40.022106
39.981477
34.165099
34.794811
34.817836
34.749053
34.771881
34.144126
36.377745
35.51318
35.487896
32.437046
32.770258
32.786779
32.737123
32.7537
32.421221
33.605237
33.144283
33.12661
31.450113
31.648242
31.661796
31.620986
31.634636
31.436929
32.126067
31.862624
31.848349
30.845618
30.969759
30.981647
30.945865
30.957827
30.833825
31.259793
31.099174
31.086873
30.441144
30.530736
30.541826
30.50818
30.519313
30.429998
30.720153
30.615207
30.603804
29.615751
29.608104
29.618564
29.587193
29.597635
29.605264
29.583628
29.590361
29.579946
29.661495
29.648008
29.658381
29.627257
29.637633
29.651133
29.61435
29.625241
29.614861
29.746868
29.719773
29.730002
29.699312
29.709542
29.736693
29.665784
29.685905
29.67564
29.923142
29.865424
29.875343
29.845566
29.855498
29.913333
29.768232
29.807198
29.797197
30.339415
30.197941
30.207072
30.179621
30.188791
30.33059
29.983989
30.074107
30.06471
31.407693
31.034286
31.041094
31.020542
31.027432
31.40181
30.506586
30.733332
30.725711
34.453315
33.346505
33.345527
33.348274
33.347423
34.458913
31.880949
32.511749
32.509574
46.145813
41.25947
41.211848
41.354423
41.306958
46.231035
35.969378
38.125078
38.151143
153.78049
94.749847
94.050329
96.151897
95.450427
155.40941
54.22414
68.278858
68.597183
1214.2481
1033.0943
1043.1318
1013.1449
1023.0969
1191.8326
299.20512
603.99971
605.165
281.72213
416.45214
420.62769
408.41412
412.38362
279.51453
1001.003
653.89591
645.46908
95.222646
117.0387
117.5508
116.04552
116.53714
94.894517
200.26323
149.50853
148.73083
57.520459
63.312481
63.451574
63.04074
63.175526
57.409953
80.524688
70.563139
70.393552
43.653584
46.153987
46.217862
46.029319
46.091231
43.600819
52.829726
49.12358
49.049338
37.301966
38.486858
38.520897
38.419944
38.453177
37.271725
41.553136
39.86326
39.825024
34.08161
34.703694
34.726323
34.658771
34.681182
34.06091
36.267385
35.412907
35.3882
32.373581
32.703923
32.720528
32.670698
32.687315
32.357659
33.52851
33.073653
33.056039
31.397186
31.593572
31.607299
31.566039
31.579822
31.383887
32.065175
31.805323
31.790932
30.798279
30.921839
30.933864
30.897695
30.909777
30.786369
31.208445
31.049793
31.037384
30.396428
30.485462
30.496705
30.462672
30.473941
30.38517
30.67338
30.569319
30.557794
29.573968
29.566313
29.576745
29.545383
29.555844
29.563464
29.541795
29.548579
29.538178
29.620066
29.606516
29.616886
29.585784
29.596148
29.609718
29.572613
29.583742
29.573377
29.706155
29.678848
29.68908
29.658382
29.668615
29.695971
29.624678
29.644846
29.634584
29.883861
29.825681
29.835627
29.80577
29.815729
29.874022
29.727855
29.767158
29.757134
30.303992
30.161227
30.170433
30.142764
30.152004
30.295087
29.945447
30.03643
30.026975
31.383931
31.006642
31.013609
30.992593
30.999634
31.377899
30.473228
30.702658
30.694912
34.475322
33.349786
33.349064
33.351039
33.350447
34.480654
31.86309
32.50274
32.500361
46.486366
41.449013
41.401742
41.543165
41.496128
46.571305
36.022318
38.22868
38.254289
160.20339
97.555206
96.853538
98.956393
98.256228
161.76696
54.864835
69.555188
69.875115
1129.4618
993.4285
1003.2528
974.01726
983.68118
1110.1532
310.18379
607.43894
607.82742
273.18887
400.76272
404.54288
393.46639
397.07259
271.17282
940.57465
621.6086
614.09356
93.945851
115.09129
115.56384
114.1732
114.62805
93.640896
195.33399
146.49395
145.77821
57.088525
62.777899
62.908329
62.523518
62.649673
56.985373
79.645162
69.901243
69.742132
43.447855
45.910343
45.969364
45.793732
45.851668
43.398546
52.478686
48.835145
48.765331
37.182587
38.354512
38.387007
38.290436
38.322256
37.153373
41.381155
39.713405
39.677163
33.999274
34.614281
34.636475
34.570238
34.59221
33.978891
36.160142
35.314957
35.290841
32.309835
32.637488
32.654096
32.604323
32.620908
32.293895
33.452714
33.003364
32.985871
31.343885
31.538428
31.552246
31.510777
31.524612
31.330528
32.00412
31.747675
31.733245
30.750511
30.873447
30.885579
30.849106
30.861282
30.73851
31.156824
31.000028
30.987539
30.351325
30.439764
30.451118
30.416801
30.428174
30.339982
30.626253
30.523009
30.51139
29.532884
29.524541
29.534946
29.503747
29.514136
29.522481
29.500069
29.506882
29.496516
29.578694
29.565064
29.575422
29.544358
29.55471
29.568358
29.531832
29.542293
29.531937
29.66541
29.637913
29.648148
29.617443
29.627678
29.65522
29.583583
29.603799
29.593538
29.844462
29.785835
29.795806
29.765877
29.775858
29.834596
29.687416
29.727029
29.716984
30.268269
30.124238
30.133509
30.105655
30.114954
30.259298
29.906745
29.998534
29.98903
31.359585
30.978405
30.985515
30.964087
30.971261
31.353414
30.439508
30.671505
30.663648
34.49621
33.352028
33.351569
33.352746
33.352423
34.50124
31.844636
32.492902
32.490309
46.825436
41.636786
41.59003
41.729769
41.683352
46.909847
36.073759
38.330364
38.35545
166.33963
100.35208
99.655113
101.73894
101.04681
167.82212
55.504229
70.835315
71.155009
1056.1543
954.96587
964.44434
936.3133
945.58856
1039.3562
319.62487
608.03723
607.82111
265.37454
386.497
389.94284
379.83029
383.12748
263.51991
888.10794
592.73902
585.99088
92.757084
113.28866
113.72706
112.43548
112.85846
92.472331
190.79844
143.71222
143.04895
56.684696
62.276614
62.399138
62.036091
62.155722
56.587092
78.821054
69.27849
69.128149
43.254866
45.680824
45.736601
45.571166
45.625675
43.208452
52.14923
48.56269
48.496912
37.067209
38.227641
38.25882
38.166052
38.196634
37.038948
41.21913
39.571277
39.536848
33.918254
34.526643
34.54839
34.483499
34.505021
33.89822
36.055821
35.219396
35.195879
32.246135
32.571235
32.58778
32.538252
32.554743
32.230256
33.377946
32.933617
32.916284
31.290435
31.483125
31.496957
31.455503
31.469316
31.277074
31.943213
31.689975
31.675573
30.702408
30.824683
30.836899
30.800191
30.81244
30.690336
31.105082
30.949989
30.937449
30.305925
30.393743
30.405185
30.370642
30.382098
30.294517
30.578836
30.47637
30.464677
29.491292
29.482945
29.49335
29.462663
29.472469
29.480848
29.458435
29.465262
29.45487
29.537368
29.523666
29.53401
29.502987
29.513325
29.527043
29.490379
29.500887
29.490545
29.624641
29.596971
29.607207
29.5765
29.586736
29.614445
29.542502
29.562763
29.552506
29.80496
29.745898
29.75589
29.725901
29.735902
29.795071
29.646924
29.686823
29.676761
30.232301
30.087021
30.096344
30.068341
30.077687
30.223276
29.867903
29.960453
29.950909
31.334704
30.949648
30.956881
30.935097
30.942386
31.328407
30.405483
30.639931
30.631977
34.515837
33.35319
33.353006
33.353357
33.353312
34.520537
31.825582
32.482195
32.479381
47.161936
41.821975
41.775964
41.913333
41.867757
47.245522
36.123545
38.429941
38.454487
172.13194
103.11389
102.4281
104.47431
103.79609
173.52195
56.14008
72.111713
72.429354
992.17065
918.0871
927.14655
900.30495
909.14064
977.42916
327.6135
606.43855
605.75982
258.17069
373.44547
376.60409
367.32439
370.35323
256.45578
842.11977
566.7608
560.6672
91.645866
111.61198
112.02034
110.81676
111.21118
91.379464
186.59661
141.1296
140.51216
56.301117
61.801977
61.918182
61.574335
61.687358
56.208104
78.046504
68.690006
68.548207
43.073284
45.464797
45.517498
45.361789
45.41281
43.029504
51.838695
48.305553
48.243546
36.955521
38.105575
38.135608
38.046114
38.07565
36.928122
41.066238
39.435992
39.403085
33.838663
34.440807
34.462103
34.398559
34.419635
33.818996
35.954291
35.126196
35.103249
32.182773
32.505399
32.521824
32.472701
32.489047
32.167015
33.304261
32.864557
32.847417
31.237044
31.427943
31.441722
31.400468
31.4142
31.223729
31.882687
31.632476
31.618162
30.65405
30.775644
30.787919
30.751058
30.76335
30.64193
31.053364
30.899792
30.887232
30.260299
30.347467
30.358979
30.324264
30.335784
30.248844
30.531192
30.429474
30.417726
29.450475
29.441893
29.452271
29.42116
29.431521
29.440114
29.416886
29.423705
29.413379
29.496086
29.482321
29.492653
29.461668
29.471993
29.485773
29.448989
29.459537
29.44921
29.583854
29.55603
29.566265
29.535562
29.545796
29.573655
29.501442
29.521744
29.511492
29.765376
29.70589
29.715898
29.685865
29.695879
29.755469
29.60639
29.646556
29.636482
30.196132
30.049621
30.058987
30.030866
30.040249
30.187062
29.828948
29.922223
29.912646
31.309341
30.920441
30.927781
30.905684
30.913075
31.30293
30.371192
30.607983
30.599942
34.534138
33.35325
33.353342
33.352874
33.353101
34.538508
31.805936
32.470608
32.467579
47.494776
42.003806
41.95868
42.093385
42.048711
47.577337
36.171744
38.527216
38.551146
177.5443
105.81812
105.14844
107.14353
106.48325
178.83659
56.770454
73.377808
73.692128
935.85793
882.97769
891.58479
866.11182
874.48802
922.82057
334.27405
603.18443
602.17288
251.50124
361.45024
364.35763
355.80926
358.60154
249.91028
801.47909
543.26041
537.73201
90.606019
110.04845
110.42962
109.30537
109.67413
90.356528
182.68805
138.72253
138.14583
55.937897
61.353514
61.463325
61.139052
61.245604
55.850553
77.318829
68.135245
68.001464
42.90192
45.261719
45.311257
45.164681
45.21285
42.860472
51.545328
48.063626
48.005614
36.847117
37.987572
38.016659
37.929866
37.958546
36.820471
40.920741
39.306359
39.274682
33.760548
34.356748
34.377607
34.315364
34.336012
33.741254
35.855322
35.035216
35.0128
32.119968
32.440179
32.456434
32.407853
32.424008
32.104377
33.231728
32.796318
32.779405
31.183898
31.373099
31.386775
31.345854
31.359465
31.170666
31.822729
31.575397
31.561214
30.605534
30.726447
30.73875
30.701829
30.714134
30.59339
31.001805
30.849564
30.837017
30.214507
30.301008
30.312571
30.277737
30.289301
30.203016
30.483396
30.382396
30.370613
29.409074
29.400447
29.4108
29.379756
29.390096
29.398732
29.375448
29.3823
29.371992
29.454853
29.441028
29.451347
29.420401
29.430713
29.444552
29.407654
29.41825
29.407938
29.543059
29.515097
29.525329
29.494638
29.504867
29.53286
29.460408
29.480747
29.470502
29.725729
29.66583
29.675849
29.645786
29.655809
29.71581
29.565831
29.606245
29.596162
30.159793
30.012077
30.021476
29.993258
30.002672
30.150684
29.789905
29.883874
29.874271
31.283533
30.890833
30.89827
30.87589
30.883373
31.277015
30.336658
30.575695
30.567572
34.551136
33.35224
33.352596
33.351358
33.351837
34.55519
31.785713
32.458182
32.454952
47.823417
42.18209
42.137855
42.269948
42.226138
47.904914
36.218176
38.622003
38.645318
182.56344
108.44894
107.79884
109.73277
109.09362
183.75618
57.394454
74.629116
74.939162
885.92453
849.70712
857.85308
833.75981
841.67779
874.31319
339.74568
598.77055
597.53671
245.30724
350.3883
353.07229
345.17389
347.7562
243.82715
765.29178
521.9034
516.86384
89.630965
108.58591
108.94304
107.88874
108.23486
89.396291
179.04107
136.47086
135.93004
55.595775
60.929881
61.033822
60.725863
60.827241
55.512975
76.633314
67.610416
67.483385
42.738898
45.069763
45.116835
44.976663
45.022834
42.699151
51.26933
47.835251
47.77976
36.741581
37.872923
37.90123
37.816713
37.844663
36.715604
40.780829
39.181231
39.150542
33.683926
34.274399
34.294838
34.233842
34.25408
33.665006
35.758691
34.946296
34.924371
32.057888
32.375743
32.391788
32.343865
32.359791
32.042501
33.160425
32.729038
32.712385
31.131129
31.318743
31.332284
31.291777
31.305243
31.118005
31.763498
31.518898
31.504878
30.556964
30.677217
30.689517
30.652625
30.664914
30.544823
30.95051
30.799429
30.78692
30.168599
30.254431
30.266027
30.231124
30.242715
30.157089
30.435538
30.335215
30.323418
29.367747
29.359085
29.369416
29.338433
29.348752
29.357424
29.334103
29.340972
29.330681
29.413673
29.399789
29.410094
29.379191
29.389489
29.403387
29.366385
29.377025
29.366729
29.502268
29.474184
29.48441
29.453738
29.463961
29.492073
29.419408
29.439781
29.429545
29.686039
29.625737
29.635763
29.605683
29.61571
29.676112
29.52526
29.565907
29.55582
30.123301
29.97441
29.983838
29.955536
29.964977
30.114155
29.750794
29.845427
29.835802
31.257304
30.860858
30.868385
30.845739
30.853309
31.250683
30.301895
30.54309
30.534892
34.566899
33.350239
33.350836
33.348893
33.349604
34.570658
31.764931
32.444978
32.441562
48.147804
42.356993
42.31359
42.443244
42.400241
48.228228
36.262855
38.714376
38.737111
187.18587
110.99339
110.36598
112.22914
111.61433
188.27818
58.011426
75.861502
76.166064
841.34764
818.26337
825.95683
803.20339
810.68259
830.94054
344.16036
593.51844
592.05773
239.53909
340.15362
342.64031
335.31575
337.71261
238.15828
732.83811
502.40039
497.78462
88.712275
107.21272
107.54841
106.55665
106.88247
88.49065
175.62918
134.35683
133.84825
55.270148
60.526402
60.625522
60.331425
60.4284
55.190978
75.984007
67.111393
66.990332
42.582324
44.885465
44.930753
44.795805
44.840314
42.544069
51.006307
47.617174
47.563889
36.638621
37.761191
37.788808
37.706321
37.733623
36.61325
40.645443
39.059859
39.030015
33.608795
34.193686
34.213725
34.153922
34.173767
33.590245
35.664217
34.859285
34.837816
31.996673
32.312236
32.328035
32.280868
32.296533
31.981521
33.090417
32.662834
32.646463
31.078811
31.264958
31.278348
31.238287
31.251601
31.065803
31.705111
31.463081
31.44924
30.508439
30.628064
30.640336
30.603544
30.615795
30.496323
30.899541
30.749478
30.737025
30.122631
30.207801
30.219412
30.184488
30.196088
30.111113
30.387701
30.288009
30.276216
29.326493
29.317803
29.328115
29.297224
29.307493
29.316191
29.292846
29.299725
29.289481
29.372552
29.358609
29.368899
29.338043
29.348324
29.362281
29.325185
29.335864
29.325586
29.461496
29.433301
29.443519
29.412874
29.423086
29.451308
29.378448
29.398854
29.388629
29.64632
29.585626
29.595655
29.565569
29.575598
29.636387
29.484695
29.525559
29.515472
30.086665
29.936635
29.946089
29.917709
29.927176
30.077485
29.711628
29.806895
29.79725
31.230666
30.830535
30.838148
30.815245
30.822901
31.223943
30.266913
30.510188
30.501917
34.581493
33.347325
33.348147
33.345534
33.346469
34.584957
31.743595
32.431039
32.427443
48.467769
42.528705
42.4861
42.613362
42.571164
48.547012
36.305872
38.804461
38.826631
191.41117
113.43819
112.83699
114.6187
114.03203
192.40426
58.619984
77.06958
77.367059
801.30917
788.43554
795.78971
773.94041
781.15438
791.92799
347.63387
587.35847
585.69493
234.15153
330.64925
332.96171
326.14386
328.37696
232.85905
703.54537
484.50761
480.26144
87.843988
105.91955
106.23601
105.30022
105.60795
87.634239
172.42909
132.36728
131.88786
54.958629
60.141308
60.235956
59.955964
60.048326
54.883216
75.367937
66.636688
66.521522
42.431461
44.707997
44.751553
44.622032
44.664653
42.39458
50.754309
47.40793
47.357244
36.53799
37.652067
37.679072
37.598394
37.625118
36.513172
40.514
38.941613
38.912455
33.535136
34.114544
34.134198
34.075548
34.095012
33.516949
35.571742
34.774056
34.75302
31.936433
32.249771
32.265298
32.218952
32.234337
31.921535
33.021732
32.597783
32.581708
31.026958
31.211762
31.225002
31.185379
31.198546
31.014063
31.647634
31.40799
31.394331
30.460036
30.579069
30.591296
30.554645
30.566846
30.447959
30.848913
30.699763
30.687373
30.076652
30.161175
30.172786
30.137882
30.149478
30.065139
30.339954
30.240845
30.22907
29.284072
29.276846
29.287073
29.256273
29.266567
29.273822
29.251692
29.258681
29.248432
29.331492
29.317494
29.327766
29.296963
29.307226
29.321238
29.284042
29.294768
29.284507
29.420755
29.392457
29.402664
29.372053
29.382253
29.410575
29.337535
29.357973
29.347761
29.606582
29.545512
29.55554
29.525456
29.535484
29.596645
29.444149
29.485216
29.475133
30.049892
29.898759
29.908238
29.879785
29.889276
30.040677
29.672416
29.768288
29.758626
31.203614
30.799868
30.807568
30.784405
30.792149
31.196785
30.231716
30.476996
30.468652
34.594917
33.343521
33.344568
33.341283
33.342443
34.598094
31.721691
32.416373
32.412593
48.782729
42.69719
42.655411
42.780159
42.738814
48.860603
36.347243
38.89224
38.913813
195.23475
115.7699
115.19781
116.89194
116.33488
196.13521
59.218121
78.247522
78.536666
765.14827
759.74451
766.80571
745.86543
752.76684
756.64824
350.2626
580.46249
578.64465
229.10188
321.79016
323.94851
317.57974
319.66743
227.88773
676.96015
468.02375
464.10306
87.020299
104.69746
104.99699
104.11027
104.40209
86.820366
169.41802
130.48942
130.03603
54.662469
59.775285
59.86536
59.597643
59.686344
54.590654
74.779627
66.183324
66.072112
42.284979
44.537394
44.579441
44.453831
44.495368
42.248815
50.514289
47.207949
47.158924
36.439522
37.545291
37.571738
37.492749
37.518925
36.415235
40.385393
38.825954
38.797408
33.462919
34.036931
34.056207
33.998693
34.017781
33.445088
35.48118
34.69054
34.669928
31.877228
32.188417
32.203657
32.158167
32.173262
31.862593
32.954374
32.533928
32.518152
30.975545
31.15913
31.172229
31.13301
31.146044
30.962754
31.591083
31.353623
31.34014
30.4118
30.530272
30.542447
30.505953
30.518101
30.399768
30.798611
30.650301
30.637974
30.030706
30.114601
30.126202
30.091348
30.10293
30.019208
30.292338
30.193771
30.182023
29.243056
29.235691
29.24598
29.215141
29.225414
29.23281
29.210603
29.217616
29.20739
29.290498
29.276449
29.286704
29.255953
29.266199
29.28026
29.242983
29.253738
29.243494
29.380055
29.351661
29.361855
29.331283
29.34147
29.369887
29.296675
29.317144
29.306946
29.566833
29.505404
29.51543
29.485356
29.495379
29.556895
29.403635
29.444892
29.434815
30.012984
29.860789
29.870291
29.841772
29.851284
30.003736
29.633167
29.729615
29.719938
31.176133
30.768853
30.776641
30.753216
30.761047
31.169196
30.196306
30.443516
30.435102
34.607163
33.338822
33.340093
33.33614
33.337522
34.610041
31.699211
32.400977
32.397019
49.091938
42.862241
42.821342
42.943413
42.902971
49.16827
36.386945
38.977606
38.998571
198.68118
117.98244
117.44124
119.04128
118.51589
199.48416
59.803989
79.390494
79.670274
732.32651
732.31468
739.05041
719.1017
725.66758
724.58898
352.14127
573.00702
571.07249
224.3529
313.50519
315.52584
309.55989
311.51674
223.20912
652.72345
452.78658
449.15581
86.234594
103.5382
103.82252
102.98098
103.25786
86.043957
166.57553
128.71214
128.28263
54.378674
59.423103
59.510091
59.251364
59.337012
54.309023
74.213287
65.745052
65.637928
42.141504
44.371257
44.412349
44.289499
44.330149
42.106079
50.282833
47.014041
46.966287
36.343157
37.440764
37.466668
37.389329
37.414966
36.319391
40.25939
38.7127
38.684748
33.392114
33.960834
33.979733
33.923353
33.942064
33.374631
35.392503
34.608714
34.588523
31.819074
32.128199
32.143151
32.098511
32.11332
31.804698
32.888316
32.471269
32.455789
30.924532
31.107011
31.119984
31.081126
31.094041
30.911833
31.535436
31.299943
31.286623
30.363751
30.481686
30.493808
30.457472
30.469567
30.351766
30.748605
30.601089
30.588822
29.984829
30.068118
30.079697
30.044921
30.056478
29.973354
30.244877
30.146819
30.135104
29.20226
29.194683
29.204899
29.174217
29.184459
29.192089
29.169606
29.176653
29.166442
29.24957
29.235476
29.245713
29.215017
29.225245
29.23935
29.200717
29.212766
29.202535
29.339405
29.310919
29.321099
29.290571
29.300743
29.329251
29.255873
29.276373
29.26619
29.527083
29.465313
29.475334
29.445278
29.455295
29.517148
29.363163
29.404597
29.394529
29.975947
29.822735
29.832257
29.80368
29.813211
29.966669
29.593895
29.690889
29.681202
31.14823
30.737498
30.74537
30.721704
30.729613
31.141194
30.160693
30.40976
30.401281
34.618233
33.333249
33.334734
33.33016
33.331743
34.620829
31.676186
32.384889
32.38077
49.39479
43.023662
42.983682
43.10298
43.063466
49.46946
36.425019
39.060561
39.080937
201.75358
120.06818
119.55879
121.06284
120.56961
202.46642
60.375959
80.494855
80.764507
702.40155
706.23139
712.62561
693.70506
699.92735
695.32822
353.36271
565.13799
563.12068
219.87516
305.73767
307.63377
302.03263
303.8709
218.79507
630.54275
438.66276
435.29161
85.486279
102.43807
102.70793
101.90915
102.17177
85.304821
163.88531
127.02755
126.62009
54.103475
59.082781
59.166663
58.917436
58.999812
54.036342
73.671101
65.322894
65.220346
42.001306
44.208748
44.248887
44.129256
44.168793
41.966817
50.058217
46.82519
46.778971
36.248858
37.33844
37.36381
37.288101
37.313202
36.225606
40.135958
38.601812
38.574457
33.322684
33.886249
33.904772
33.849522
33.867857
33.305538
35.305706
34.528568
34.508799
31.761948
32.069095
32.083766
32.039942
32.05448
31.74782
32.823512
32.409775
32.394575
30.873874
31.055348
31.068209
31.029671
31.042482
30.861257
31.480638
31.246897
31.233726
30.315892
30.433308
30.445378
30.409196
30.42124
30.303956
30.698868
30.552113
30.539903
29.939051
30.021754
30.033304
29.998625
30.010152
29.927605
30.197582
30.100009
30.088332
29.161438
29.153742
29.163977
29.133302
29.143523
29.151262
29.128693
29.135754
29.125561
29.208714
29.194573
29.204795
29.174139
29.184352
29.198514
29.160054
29.17042
29.160285
29.298812
29.270238
29.280402
29.24992
29.260076
29.288673
29.215132
29.235664
29.225497
29.487346
29.425251
29.435263
29.405233
29.41524
29.477415
29.32274
29.36434
29.354283
29.938795
29.784611
29.794149
29.765527
29.775072
29.929491
29.554614
29.652126
29.642431
31.119954
30.705841
30.713784
30.689919
30.697892
31.112837
30.124899
30.375759
30.367226
34.628221
33.32689
33.328561
33.323453
33.325205
34.630568
31.652697
32.368198
32.363946
49.690829
43.181361
43.142315
43.2588
43.220224
49.763727
36.461589
39.141196
39.161008
204.47219
122.02504
121.54804
122.95468
122.49393
205.09859
60.932678
81.557535
81.816355
675.00504
681.52174
687.57315
669.67927
675.56085
668.51351
354.00356
556.97903
554.90728
215.64265
298.4389
300.22228
294.9509
296.68209
214.61984
610.16962
425.53562
422.39682
84.774541
101.39287
101.64956
100.88635
101.13822
84.601352
161.33214
125.42619
125.03715
53.838793
58.755631
58.836156
58.597772
58.676492
53.774397
73.154422
64.919697
64.821617
41.864686
44.051044
44.089953
43.974094
44.012369
41.831065
49.841777
46.642745
46.598159
36.156607
37.238313
37.263143
37.189077
37.213637
36.133869
40.015254
38.493312
38.46656
33.254587
33.813173
33.831319
33.7772
33.795158
33.237767
35.220806
34.450108
34.430762
31.70579
32.011041
32.025452
31.98238
31.99667
31.691891
32.759896
32.349378
32.33444
30.823535
31.004089
31.016853
30.978598
30.991316
30.810994
31.426614
31.194425
31.181388
30.268227
30.385133
30.397152
30.361122
30.373115
30.256339
30.649379
30.503364
30.49121
29.893392
29.975532
29.987048
29.95248
29.963971
29.881979
30.150463
30.053358
30.041723
29.120673
29.112872
29.123084
29.092469
29.102668
29.110485
29.087876
29.09494
29.084768
29.16793
29.153702
29.16393
29.131876
29.142
29.157738
29.1194
29.129887
29.119756
29.25828
29.229619
29.239767
29.209334
29.219474
29.248157
29.174458
29.195019
29.18487
29.447632
29.385225
29.395227
29.365229
29.375225
29.437708
29.282371
29.324129
29.314084
29.901545
29.746433
29.755983
29.727328
29.736883
29.89222
29.515338
29.61334
29.603642
31.091381
30.673944
30.681942
30.657925
30.665945
31.084201
30.088955
30.341557
30.33298
34.637262
33.319864
33.32169
33.316134
33.318029
34.639389
31.628846
32.351011
32.346649
49.97964
43.335295
43.297191
43.410838
43.373208
50.050679
36.496795
39.219613
39.238882
206.85265
123.8518
123.40725
124.71677
124.28819
207.39728
61.473005
82.576122
82.823737
649.8277
658.16805
663.88281
646.9901
652.54162
643.84861
354.13026
548.62902
546.52213
211.63046
291.56359
293.24505
288.2725
289.90641
210.65957
591.39198
413.30155
410.37165
84.091127
100.3897
100.63695
99.902504
100.14492
83.924233
158.90008
123.89558
123.52336
53.585377
58.442913
58.520226
58.29105
58.366879
53.523573
72.657343
64.53263
64.437883
41.731519
43.898356
43.936004
43.823756
43.860882
41.698748
49.633774
46.466883
46.423896
36.066407
37.140401
37.164683
37.092282
37.116289
36.044182
39.897359
38.387226
38.361085
33.187777
33.741603
33.759372
33.706376
33.723959
33.17127
35.13784
34.373344
34.354422
31.650513
31.953944
31.968121
31.925719
31.939791
31.636817
32.697389
32.289993
32.27529
30.773487
30.953191
30.965867
30.927865
30.940502
30.761015
31.373275
31.142466
31.129546
30.220757
30.337161
30.349129
30.313252
30.325194
30.20892
30.600127
30.454837
30.442739
29.847868
29.929469
29.940947
29.9065
29.917953
29.836492
30.103527
30.00688
29.99529
29.079934
29.072087
29.082277
29.051726
29.061903
29.069757
29.047149
29.054214
29.044062
29.127173
29.111592
29.121726
29.091412
29.101527
29.115425
29.078732
29.089305
29.079163
29.217812
29.189066
29.199197
29.168815
29.178937
29.207705
29.133837
29.154442
29.144311
29.407951
29.345245
29.355235
29.325274
29.335257
29.398038
29.242058
29.28397
29.273938
29.864219
29.708217
29.717775
29.6891
29.698661
29.854878
29.476078
29.574545
29.564846
31.06258
30.641866
30.649905
30.625772
30.633828
31.055351
30.052894
30.307195
30.298584
34.645454
33.31227
33.31423
33.308276
33.310299
34.647378
31.604714
32.33341
32.328952
50.260934
43.485423
43.448272
43.559039
43.522372
50.330062
36.530719
39.295869
39.314598
208.91812
125.55016
125.1373
126.35233
125.95501
209.38849
61.996248
83.54972
83.78605
626.60853
636.13073
641.5224
625.58386
630.81996
621.08281
353.81858
540.17221
538.04963
207.81989
285.07352
286.66188
281.96287
283.50753
206.89709
574.02038
401.87187
399.13083
83.432191
99.424845
99.662575
98.956588
99.189774
83.271178
156.57979
122.43108
122.07486
53.341039
58.141556
58.216024
57.994646
58.067909
53.281389
72.176876
64.158518
64.067088
41.601578
43.750094
43.786784
43.677387
43.713637
41.569564
49.433244
46.296804
46.255011
35.978252
37.04472
37.068452
36.997705
37.021166
35.956534
39.78227
38.28353
38.257959
33.122197
33.671514
33.688914
33.637007
33.65423
33.105986
35.056822
34.298269
34.279763
31.596006
31.897686
31.911662
31.869829
31.883718
31.582482
32.635898
32.231509
32.217012
30.723709
30.902614
30.915214
30.877437
30.890001
30.711301
31.320519
31.090955
31.078136
30.173491
30.289395
30.301311
30.265592
30.277482
30.161706
30.551106
30.406532
30.394489
29.802493
29.883576
29.895013
29.860695
29.872106
29.791156
30.056784
29.960584
29.94904
29.039266
29.031387
29.041554
29.011072
29.021226
29.029111
29.006509
29.013571
29.00344
29.08518
29.071164
29.08128
29.050901
29.061036
29.075073
29.038112
29.048722
29.03858
29.17741
29.14858
29.158695
29.128362
29.138469
29.167319
29.091609
29.113918
29.103768
29.368311
29.305315
29.315293
29.285371
29.295341
29.358409
29.201806
29.243865
29.233848
29.826836
29.669978
29.679541
29.650854
29.660418
29.817483
29.436843
29.535751
29.526054
31.033599
30.609648
30.617718
30.593496
30.60158
31.026329
30.016742
30.272707
30.264069
34.652839
33.304152
33.306239
33.299897
33.302049
34.654559
31.580345
32.315436
32.310887
50.534512
43.631668
43.595495
43.703287
43.667621
50.601671
36.563361
39.369947
39.38812
210.69421
127.12355
126.74166
127.86404
127.49748
211.09527
62.501931
84.477894
84.702733
605.12619
615.34246
620.42657
605.39865
610.33486
600.00419
353.13052
531.67475
529.55013
204.19661
278.93698
280.43971
275.99239
277.45492
203.31854
557.90208
391.17053
388.60072
82.796258
98.49737
98.725969
98.046794
98.27111
82.640502
154.36453
121.02901
120.68792
53.105288
57.850762
57.922554
57.709354
57.779809
53.047646
71.711953
63.797097
63.708684
41.474688
43.605546
43.641311
43.534592
43.569946
41.443476
49.2391
46.131195
46.09045
35.892112
36.951226
36.974419
36.905277
36.928207
35.870892
39.670032
38.18206
38.157037
33.057766
33.602844
33.619895
33.569012
33.585897
33.041826
34.977716
34.22484
34.206736
31.542143
31.842129
31.855941
31.814571
31.828313
31.52876
32.575309
32.173803
32.15948
30.674183
30.852327
30.864859
30.827283
30.839783
30.661837
31.268241
31.039827
31.027096
30.126436
30.241843
30.253706
30.21815
30.229985
30.114704
30.502314
30.35845
30.346464
29.757274
29.83786
29.849254
29.815069
29.826437
29.745978
30.010242
29.914477
29.902981
28.99869
28.99078
29.000923
28.970515
28.980645
28.98856
28.965964
28.973018
28.962911
29.044769
29.030638
29.040768
29.010389
29.02051
29.034658
28.997578
29.008185
28.998065
29.137074
29.108111
29.118247
29.085899
29.095899
29.126988
29.051371
29.071694
29.061633
29.328717
29.26544
29.275403
29.245524
29.25548
29.318827
29.161616
29.203819
29.193817
29.789413
29.631729
29.641294
29.612605
29.622169
29.780054
29.397637
29.496967
29.487275
31.00446
30.577318
30.585414
30.561117
30.569224
30.997152
29.980526
30.23812
30.229462
34.659399
33.295508
33.297726
33.29098
33.293266
34.660907
31.555748
32.297098
32.292456
50.80008
43.773867
43.738723
43.843375
43.80877
50.865167
36.594656
39.441758
39.459342
212.19971
128.57397
128.22263
129.25351
128.91726
212.53589
62.989331
85.359547
85.572534
585.19227
595.74442
600.53677
586.37188
591.02429
580.43097
352.12228
523.18784
521.07268
200.74758
273.12574
274.54975
270.33364
271.72078
199.91102
542.89916
381.12944
378.71461
82.181434
97.605475
97.825031
97.172859
97.38855
82.031537
152.24837
119.6863
119.35918
52.877454
57.570404
57.63969
57.433686
57.501887
52.821389
71.262275
63.448213
63.362912
41.351133
43.464707
43.499508
43.395926
43.430177
41.320785
49.050556
45.969936
45.930433
35.807954
36.859856
36.882522
36.814959
36.837362
35.787228
39.560531
38.082807
38.058351
32.994381
33.535494
33.552223
33.502277
33.518856
32.978684
34.900447
34.152987
34.135262
31.488799
31.787135
31.800818
31.759809
31.77344
31.475527
32.5155
32.116745
32.102565
30.624899
30.802302
30.814772
30.777382
30.789822
30.612613
31.216346
30.989025
30.976368
30.079598
30.194512
30.206319
30.170931
30.18271
30.067922
30.453752
30.310594
30.298665
29.712219
29.792325
29.803676
29.769625
29.780949
29.700964
29.963908
29.868563
29.857116
28.958203
28.950272
28.960389
28.930051
28.940158
28.948094
28.925519
28.932562
28.922474
29.004344
28.990166
29.000273
28.969962
28.980061
28.994246
28.957128
28.967735
28.957636
29.094511
29.0658
29.07586
29.045723
29.055764
29.084475
29.011043
29.031453
29.021389
29.289171
29.225622
29.235571
29.205735
29.215678
29.279295
29.118826
29.163818
29.153779
29.75197
29.593483
29.603046
29.574366
29.583926
29.742608
29.358466
29.458203
29.448517
30.975174
30.544894
30.553011
30.528652
30.536777
30.96783
29.944267
30.20346
30.194785
34.665092
33.286309
33.288665
33.281491
33.28392
34.666374
31.530919
32.278385
32.273647
51.057173
43.911775
43.877727
43.979035
43.94556
51.120057
36.624511
39.511165
39.528128
213.45286
129.90281
129.58154
130.52211
130.21569
213.72852
63.457405
86.193077
86.393829
566.64342
577.27291
581.78943
568.4395
572.82412
562.20546
350.84591
514.75421
512.65833
197.45938
267.61275
268.96461
264.96006
266.27813
196.66065
528.88911
371.68612
369.41177
81.588743
96.747485
96.959599
96.329131
96.537639
81.443528
150.22322
118.39729
118.08277
52.656135
57.299415
57.366391
57.167404
57.233221
52.602127
70.827581
63.111214
63.028803
41.230999
43.328222
43.361926
43.261578
43.294752
41.201499
48.867739
45.813963
45.775789
35.725771
36.770585
36.792726
36.726726
36.74861
35.705536
39.453746
37.985792
37.96188
32.931926
33.469344
33.485781
33.43668
33.452983
32.916444
34.82491
34.082612
34.065237
31.435859
31.732576
31.746162
31.705425
31.718973
31.422672
32.456353
32.060214
32.046149
30.575851
30.75252
30.764933
30.727717
30.740102
30.563624
31.164754
30.938502
30.925908
30.032982
30.147406
30.159157
30.123938
30.135661
30.021361
30.405423
30.262968
30.251096
29.667329
29.746972
29.758278
29.724363
29.735643
29.656118
29.917783
29.822845
29.811446
28.917805
28.909854
28.91995
28.889682
28.899764
28.90772
28.885161
28.892193
28.882128
28.96399
28.949784
28.959871
28.929625
28.939701
28.953913
28.916772
28.927381
28.917305
29.054396
29.025631
29.035672
29.005548
29.015586
29.04438
28.970764
28.991211
28.981167
29.249678
29.185785
29.19578
29.162596
29.172438
29.239797
29.078832
29.120888
29.110876
29.714524
29.555254
29.564811
29.536151
29.545703
29.705165
29.319338
29.419468
29.409792
30.945748
30.512391
30.520525
30.496113
30.504254
30.938369
29.90799
30.168748
30.160063
34.66987
33.276522
33.279025
33.271401
33.273979
34.670918
31.505845
32.259286
32.254451
51.305269
44.045126
44.012237
44.110031
44.077738
51.365835
36.652843
39.578043
39.594359
214.47174
131.11179
130.82006
131.67239
131.39507
214.69162
63.905143
86.977159
87.165483
549.3378
559.86377
564.12039
551.53801
555.67047
545.19074
349.34935
506.40945
504.34091
194.31876
262.37296
263.65853
259.84921
261.1034
193.55533
515.76725
362.78628
360.64035
81.014237
95.917887
96.122833
95.513744
95.71531
80.873338
148.2822
117.15731
116.85494
52.442536
57.037416
57.102245
56.909525
56.973207
52.390201
70.406314
62.78496
62.705028
41.114168
43.19597
43.228643
43.131336
43.163523
41.085446
48.691217
45.663034
45.626016
35.645536
36.683376
36.705005
36.640521
36.661899
35.625775
39.349495
37.890925
37.867533
32.870287
33.40427
33.420447
33.372093
33.388155
32.85499
34.751012
34.013586
33.996524
31.38323
31.678346
31.691861
31.651328
31.664815
31.370109
32.397761
32.004106
31.990133
30.527039
30.702971
30.715328
30.678282
30.690611
30.514871
31.113403
30.888222
30.875685
29.986587
30.100526
30.112221
30.07717
30.088838
29.975021
30.357331
30.215572
30.203758
29.622608
29.7018
29.713063
29.67928
29.690518
29.611438
29.871864
29.77732
29.765969
28.877505
28.869533
28.879605
28.84941
28.859468
28.867444
28.8449
28.85192
28.841878
28.923725
28.90949
28.919554
28.889379
28.899431
28.913671
28.876508
28.887112
28.87706
29.014335
28.985485
28.995513
28.965443
28.97546
29.004331
28.930573
28.951051
28.941028
29.206006
29.14259
29.152574
29.122819
29.132704
29.196046
29.038924
29.081061
29.071126
29.677096
29.517057
29.526605
29.497836
29.507512
29.667743
29.275574
29.380646
29.365403
30.916186
30.47982
30.487968
30.463513
30.471667
30.908774
29.871715
30.134006
30.125316
34.673708
33.266127
33.268781
33.260703
33.263431
34.674521
31.480523
32.239798
32.234866
51.544006
44.173747
44.142049
44.23628
44.205172
51.602218
36.679617
39.642328
39.657999
215.27502
132.2046
131.94129
132.70925
132.45951
215.44418
64.332045
87.711619
87.887712
533.15224
543.45468
547.46671
535.6064
539.50168
529.26786
347.67572
498.18225
496.14743
191.31711
257.38675
258.6106
254.98305
256.1779
190.58759
503.44574
354.38404
352.35554
80.45761
95.11793
95.315317
94.730484
94.923484
80.3219
146.42348
115.96687
115.67721
52.23603
56.783997
56.846531
56.660819
56.722181
52.185534
69.999069
62.469881
62.393062
41.000259
43.06757
43.099297
43.004689
43.03602
40.972188
48.520409
45.516702
45.480809
35.567104
36.59816
36.619285
36.556277
36.577165
35.547735
39.247469
37.798183
37.775281
32.80935
33.340133
33.356089
33.308368
33.324228
32.794211
34.678611
33.945751
33.928958
31.330841
31.624366
31.637828
31.597453
31.610893
31.317773
32.339633
31.948338
31.93444
30.478462
30.653649
30.665951
30.629072
30.641348
30.466354
31.062254
30.838163
30.825679
29.940408
30.05387
30.06551
30.030626
30.042238
29.928896
30.309478
30.168407
30.156651
29.578053
29.656807
29.668026
29.634375
29.64557
29.566925
29.826148
29.731984
29.720679
28.837302
28.829314
28.839361
28.809243
28.819274
28.827264
28.804741
28.811747
28.801732
28.883556
28.869291
28.879331
28.849232
28.859256
28.873526
28.836336
28.846939
28.836911
28.974351
28.945421
28.955428
28.925422
28.935418
28.964367
28.890473
28.910974
28.900974
29.166576
29.103054
29.112933
29.083311
29.093179
29.156772
28.999077
29.041354
29.03144
29.631451
29.471515
29.481601
29.452172
29.461695
29.621335
29.236164
29.335834
29.326219
30.886497
30.447194
30.455353
30.430853
30.439026
30.879053
29.825496
30.099194
30.090296
34.676617
33.255131
33.257931
33.249416
33.252286
34.677204
31.454954
32.219929
32.214905
51.77337
44.297653
44.267121
44.357895
44.327924
51.829288
36.704864
39.704064
39.719118
215.88355
133.18734
132.95062
133.63994
133.41572
216.00763
64.738407
88.397885
88.562304
517.9792
527.98534
531.76801
520.58245
524.2572
514.33323
345.86354
490.09497
488.0988
188.44549
252.63466
253.80237
250.33827
251.48029
187.74532
491.84297
346.43422
344.51176
79.923111
94.351258
94.540097
93.978575
94.164408
79.792623
144.64204
114.82565
114.54661
52.036652
56.539818
56.600106
56.42079
56.480124
51.987789
69.607843
62.166611
62.092376
40.888783
42.942411
42.973436
42.880756
42.911462
40.861182
48.354692
45.374367
45.339282
35.490136
36.514835
36.535512
36.473779
36.494265
35.47111
39.147411
37.707325
37.684936
32.74901
33.276783
33.292555
33.245367
33.261056
32.734008
34.607467
33.878935
33.862376
31.278647
31.570587
31.584006
31.543767
31.557166
31.265624
32.281898
31.892853
31.879021
30.430124
30.604553
30.616801
30.58009
30.592311
30.418075
31.01129
30.788313
30.775882
29.894441
30.007436
30.019021
29.9843
29.995859
29.882981
30.261867
30.121473
30.109774
29.533663
29.61199
29.623167
29.589646
29.600798
29.522578
29.780627
29.686832
29.675573
28.797192
28.789194
28.799216
28.76917
28.779179
28.787179
28.76468
28.771672
28.761678
28.843483
28.829193
28.839209
28.809184
28.819186
28.833478
28.796261
28.806866
28.796862
28.934451
28.905449
28.915433
28.885499
28.895469
28.924489
28.850462
28.870988
28.861013
29.127386
29.063586
29.073444
29.043882
29.053729
29.117598
28.959308
29.001727
28.991836
29.59287
29.433216
29.44269
29.414285
29.423749
29.583593
29.197315
29.297402
29.287804
30.856359
30.399452
30.422393
30.380693
30.389439
30.827656
29.787793
30.050119
30.041434
34.678645
33.243563
33.246501
33.236907
33.240561
34.679023
31.406152
32.199162
32.165237
51.993699
44.417046
44.387613
44.475149
44.446231
52.047444
36.72868
39.763389
39.777872
216.31557
134.06709
133.85637
134.47196
134.27243
216.40146
65.125133
89.038453
89.191878
503.73304
513.38875
516.96
506.39576
509.86769
500.30811
343.94812
482.16517
480.21091
185.68567
248.09194
249.20919
245.89372
246.98712
185.01181
480.88658
338.89467
337.06921
79.407235
93.611844
93.79497
93.250548
93.43075
79.280603
142.92292
113.7226
113.45221
51.842834
56.303307
56.361895
56.18723
56.245078
51.794943
69.229631
61.872708
61.800678
40.779242
42.819547
42.850057
42.758837
42.789106
40.752198
48.192692
45.234949
45.200368
35.414525
36.433079
36.453388
36.392716
36.412858
35.395823
39.04944
37.618472
37.596517
32.689191
33.21411
33.229721
33.183007
33.198543
32.674313
34.537415
33.813016
33.796666
31.22663
31.516992
31.530371
31.490267
31.503623
31.213653
32.224521
31.837626
31.823859
30.382023
30.555685
30.567878
30.531338
30.543503
30.370034
30.960511
30.738672
30.726295
29.84868
29.961218
29.97275
29.938189
29.949695
29.837271
30.214495
30.074766
30.063124
29.48944
29.567348
29.578482
29.545092
29.556202
29.478397
29.735297
29.641864
29.63065
28.757181
28.749171
28.759168
28.729197
28.739181
28.747193
28.724715
28.731693
28.721722
28.803506
28.789196
28.799185
28.769233
28.77921
28.793526
28.756287
28.766891
28.756913
28.894639
28.865569
28.87553
28.845663
28.855612
28.8847
28.810547
28.831098
28.821148
29.088264
29.024196
29.034036
29.004533
29.014361
29.078495
28.919629
28.962186
28.952317
29.555814
29.395373
29.404827
29.376477
29.38592
29.546566
29.158542
29.259039
29.249461
30.80382
30.364434
30.372531
30.348227
30.356326
30.79647
29.751867
30.015639
30.007054
34.620207
33.187264
33.196881
33.179336
33.182436
34.615886
31.375207
32.143049
32.138062
52.205479
44.532192
44.503817
44.41664
44.558698
52.255518
36.671478
39.728118
39.720058
216.59523
134.85324
134.66514
135.20928
135.03465
216.64221
65.493198
89.635767
89.776053
490.34915
499.59546
502.97202
492.98028
496.2652
487.12982
341.94893
474.40316
472.49437
183.02953
243.74234
244.81255
241.63656
242.6842
182.38107
470.43879
331.73196
329.99611
78.906903
92.895007
93.072257
92.545407
92.71973
78.784384
141.26218
112.65375
112.39199
51.65304
56.072559
56.129819
55.958803
56.015611
51.60606
68.863405
61.587159
61.516727
40.671813
42.698636
42.728635
42.638867
42.668674
40.645288
48.033147
45.097574
45.063506
35.340159
36.352673
36.372657
36.312932
36.332768
35.321747
38.953442
37.531185
37.509573
32.629858
33.152052
33.167515
33.121241
33.136634
32.615099
34.468339
33.747903
33.731743
31.174798
31.463596
31.476927
31.436984
31.450287
31.161873
32.167502
31.782662
31.768966
30.334161
30.50705
30.519186
30.482822
30.494929
30.322232
30.909939
30.68925
30.67693
29.803121
29.915212
29.926692
29.892289
29.903743
29.791762
30.167361
30.028283
30.016697
29.445384
29.522883
29.533974
29.500717
29.511783
29.434384
29.690157
29.597078
29.585911
28.717272
28.709249
28.71922
28.689326
28.699284
28.707309
28.684851
28.691814
28.681867
28.76363
28.749296
28.75926
28.729384
28.739335
28.753675
28.716413
28.727014
28.71706
28.854919
28.825781
28.835718
28.805924
28.815849
28.845005
28.770733
28.791305
28.781376
29.04922
28.984889
28.994706
28.965269
28.975076
29.039473
28.880043
28.922733
28.912882
29.518836
29.357597
29.367034
29.338744
29.348171
29.509599
29.119844
29.220748
29.21119
30.774362
30.332018
30.340119
30.315784
30.323905
30.766983
29.715989
29.981254
29.97266
34.616651
33.173412
33.176382
33.167391
33.170407
34.617075
31.349547
32.123022
32.117955
52.136956
44.457299
44.430554
44.514058
44.485782
52.187168
36.688402
39.756925
39.771101
214.60681
134.24966
134.45908
134.5329
134.37094
214.54995
65.377694
89.369514
89.509161
477.77363
486.5413
489.74001
480.05929
483.14915
474.88686
337.06664
464.84105
463.01001
180.47504
239.57746
240.60104
238.59626
239.58071
180.52834
461.24642
326.55835
324.92991
78.422592
92.20311
92.373183
92.01184
92.180424
78.304086
140.12749
111.94363
111.70143
51.465765
55.845889
55.902236
55.734014
55.789833
51.419385
68.507382
61.307748
61.2389
40.566438
42.579605
42.60915
42.520852
42.550151
40.540372
47.875318
44.962076
44.928552
35.266899
36.273473
36.29317
36.234283
36.253849
35.248741
38.858972
37.445198
37.423886
32.570996
33.090572
33.105896
33.060043
33.075299
32.556356
34.400134
33.683522
33.667535
31.123183
31.410437
31.423709
31.383962
31.397199
31.110319
32.110858
31.727991
31.714374
30.286536
30.458655
30.470732
30.43455
30.446597
30.274668
30.859605
30.640061
30.627803
29.757762
29.869417
29.880845
29.846597
29.858
29.746453
30.120461
29.982023
29.970492
29.401499
29.4786
29.489645
29.456526
29.467546
29.390542
29.645208
29.552479
29.541359
28.677464
28.669431
28.679378
28.649563
28.659492
28.667527
28.645091
28.652038
28.64212
28.723858
28.709498
28.719436
28.689641
28.699566
28.713931
28.676636
28.687237
28.67731
28.815301
28.786092
28.796003
28.766287
28.776184
28.80541
28.731018
28.751608
28.741703
29.010258
28.945671
28.955467
28.926098
28.93588
29.000533
28.840553
28.883369
28.873541
29.481921
29.319909
29.329323
29.301093
29.310498
29.472702
29.081222
29.182534
29.172992
30.744763
30.29956
30.307668
30.283297
30.291426
30.737353
29.680166
29.946872
29.93828
34.61802
33.161274
33.164337
33.155059
33.158173
34.618286
31.323665
32.102695
32.097511
52.338276
44.569988
44.542141
44.62507
44.597645
52.387953
36.710539
39.812637
39.826211
214.61617
134.85631
134.69689
135.16065
135.01076
214.62878
65.724527
89.916389
90.047006
466.07454
473.9674
476.99394
468.03013
470.97936
463.21685
335.05414
457.58136
455.79277
178.69338
236.59825
237.59381
234.63812
235.6135
178.08523
451.85645
320.0292
318.43292
77.953093
91.678382
91.844802
91.349792
91.513598
77.837802
138.58269
110.94787
110.70033
51.281543
55.623402
55.678595
55.514041
55.568617
51.236022
68.160817
61.034998
60.967986
40.462798
42.462569
42.491643
42.404725
42.433587
40.437132
47.719967
44.828813
44.795819
35.194614
36.195348
36.214788
36.156659
36.175979
35.176685
38.765821
37.360372
37.339336
32.512609
33.029651
33.04484
32.999396
33.014518
32.498088
34.332703
33.619815
33.60399
31.071825
31.357567
31.370765
31.331258
31.344413
31.059033
32.054621
31.673651
31.660125
30.239151
30.410507
30.422523
30.386528
30.398513
30.227342
30.809544
30.591123
30.578931
29.712602
29.823829
29.835206
29.801113
29.812464
29.701343
30.073794
29.935981
29.924505
29.357787
29.434502
29.445502
29.412523
29.423497
29.346874
29.600453
29.508072
29.497001
28.637755
28.629716
28.639637
28.609896
28.619803
28.627843
28.605433
28.612365
28.602468
28.684188
28.669806
28.679719
28.650001
28.659901
28.674284
28.63696
28.647567
28.637665
28.775779
28.746504
28.756392
28.726747
28.736621
28.765913
28.6914
28.71201
28.70213
28.971384
28.906547
28.91632
28.887018
28.896779
28.961678
28.801155
28.844096
28.834292
29.445064
29.282289
29.29169
29.263514
29.2729
29.435862
29.042681
29.1444
29.134873
30.715013
30.267034
30.27517
30.250741
30.258883
30.707547
29.644369
29.912479
29.903872
34.61868
33.148688
33.151851
33.142217
33.14543
34.618779
31.297549
32.081972
32.07675
52.533347
44.678984
44.652291
44.732351
44.705769
52.581276
36.731529
39.86629
39.879403
214.61646
135.44603
135.30559
135.70981
135.57853
214.60221
66.054539
90.424834
90.54618
454.89766
462.24505
465.11889
456.60672
459.40786
452.20662
333.02563
450.49285
448.7475
176.29476
232.71877
233.67428
230.83849
231.77436
175.70938
442.72899
313.75683
312.2346
77.497674
91.027449
91.187989
90.710272
90.868398
77.386397
137.0741
109.97085
109.73171
51.100755
55.405929
55.459878
55.299126
55.352426
51.056114
67.825252
60.769769
60.704628
40.360673
42.347286
42.375953
42.29023
42.318711
40.335353
47.567137
44.697582
44.665077
35.123217
36.11821
36.137412
36.079995
36.099082
35.105498
38.673845
37.276616
37.255836
32.454702
32.969277
32.984332
32.939291
32.954281
32.440303
34.265978
33.556737
33.541062
31.02077
31.305042
31.318151
31.278925
31.291985
31.00806
31.998823
31.619687
31.606261
30.192003
30.362613
30.374566
30.338762
30.350684
30.180253
30.759791
30.542453
30.530329
29.667643
29.778448
29.789774
29.755834
29.767135
29.656434
30.027355
29.890156
29.878733
29.314251
29.390596
29.401548
29.368714
29.379639
29.303384
29.555895
29.463862
29.45284
28.598149
28.590102
28.599996
28.570334
28.580215
28.588263
28.565876
28.572791
28.56292
28.644618
28.630218
28.640105
28.610462
28.620336
28.634739
28.597391
28.608
28.598124
28.736355
28.707017
28.71688
28.68731
28.697159
28.726513
28.651884
28.672516
28.662662
28.932588
28.867512
28.877264
28.848029
28.857767
28.922902
28.761854
28.804922
28.795142
29.408262
29.244747
29.254124
29.225996
29.235365
29.399065
29.004217
29.10633
29.096825
30.685099
30.234447
30.242598
30.2181
30.226261
30.677595
29.608595
29.878064
29.869451
34.618591
33.135632
33.138906
33.128883
33.132265
34.618515
31.271181
32.060882
32.055575
52.721326
44.784488
44.75838
44.835716
44.810061
52.766927
36.751326
39.917956
39.930628
214.51266
135.95547
135.83629
136.1834
136.07302
214.46895
66.368631
90.896474
91.00863
444.37063
451.10989
453.84092
445.75038
448.4138
441.83509
330.97462
443.57825
441.87608
173.9848
228.99623
229.91305
227.19086
228.08918
173.42052
433.94155
307.77328
306.32043
77.057744
90.398232
90.553821
90.091354
90.244292
76.949984
135.61772
109.02619
108.79487
50.923502
55.193562
55.246239
55.089264
55.141304
50.879731
67.500199
60.511678
60.448225
40.259865
42.233545
42.261845
42.177237
42.205353
40.234854
47.416818
44.568257
44.536214
35.052621
36.04201
36.060983
36.004251
36.023113
35.035089
38.582928
37.193872
37.173348
32.397281
32.90944
32.924364
32.879723
32.894581
32.383005
34.199907
33.494245
33.478712
30.970059
31.252912
31.26592
31.227008
31.239961
30.95744
31.943493
31.566138
31.552823
30.145089
30.314976
30.326865
30.291254
30.303111
30.133398
30.710372
30.494063
30.482011
29.622883
29.733271
29.744546
29.710758
29.722008
29.611723
29.981139
29.844542
29.833171
29.270894
29.346884
29.357787
29.3251
29.335977
29.260072
29.511536
29.419851
29.408879
28.55865
28.550593
28.560461
28.530878
28.540732
28.548791
28.526421
28.533321
28.523476
28.605151
28.590732
28.600592
28.571028
28.580875
28.595299
28.557926
28.568534
28.558685
28.697028
28.667626
28.677464
28.647969
28.657793
28.687213
28.612471
28.633122
28.623294
28.893876
28.828566
28.838295
28.809127
28.818844
28.88421
28.722653
28.765841
28.756086
29.371502
29.207254
29.216621
29.188527
29.197887
29.362318
28.965826
29.068335
29.058843
30.655003
30.201749
30.209921
30.185359
30.193559
30.647434
29.57283
29.843604
29.83497
34.617771
33.122075
33.125458
33.115084
33.118586
34.617347
31.244534
32.039405
32.034009
52.901387
44.885986
44.860814
44.934953
44.910586
52.945007
36.769857
39.967529
39.979695
214.30796
136.39365
136.29198
136.5868
136.49378
214.24131
66.66434
91.329585
91.4308
434.44973
440.52173
443.11985
435.42029
437.95536
432.05916
328.91382
436.8352
435.17589
171.75824
225.42113
226.30169
223.68654
224.54984
171.21406
425.49361
302.06027
300.67236
76.631566
89.789172
89.939778
89.491838
89.639969
76.527077
134.21163
108.11236
107.88859
50.749628
54.986209
55.037633
54.884364
54.935183
50.706677
67.184544
60.260391
60.198632
40.160268
42.121307
42.149239
42.065757
42.0935
40.135551
47.268987
44.440761
44.409178
34.982751
35.966719
35.985469
35.929409
35.94805
34.965395
38.4931
37.112173
37.09192
32.340353
32.850139
32.864931
32.82069
32.835415
32.326202
34.134466
33.432312
33.416917
30.919724
31.201218
31.214113
31.175543
31.18838
30.907205
31.888657
31.51304
31.499842
30.098408
30.267596
30.279422
30.244003
30.255797
30.086774
30.661306
30.445963
30.433985
29.578321
29.688294
29.69952
29.66588
29.677082
29.56721
29.935141
29.799135
29.787814
29.227716
29.303367
29.314222
29.28168
29.292509
29.216939
29.467376
29.376039
29.365117
28.519256
28.511192
28.521031
28.49153
28.501358
28.509423
28.487074
28.493956
28.48414
28.565791
28.55135
28.561185
28.531699
28.54152
28.555965
28.518562
28.529173
28.51935
28.657805
28.628336
28.638149
28.608729
28.618529
28.648013
28.57316
28.593827
28.584024
28.855246
28.789709
28.799415
28.770315
28.780007
28.8456
28.683548
28.726851
28.717117
29.334777
29.169818
29.179172
29.151111
29.160464
29.3256
28.927509
29.030393
29.020917
30.62472
30.168947
30.177159
30.152512
30.160735
30.617109
29.537067
29.809085
29.800455
34.616043
33.107979
33.111535
33.100688
33.104312
34.615506
31.217607
32.01757
32.012044
53.073065
44.982912
44.959048
45.030149
45.006806
53.11474
36.787033
40.015048
40.026494
214.00918
136.75985
136.67531
136.91911
136.84297
213.92114
66.94295
91.724201
91.816261
425.0938
430.44164
432.91584
425.58167
427.99704
422.83835
326.82501
430.2636
428.64725
169.61076
221.98627
222.83239
220.31931
221.1491
169.08617
417.38824
296.60256
295.27642
76.218276
89.199404
89.34495
88.911816
89.054889
76.117031
132.85378
107.2284
107.01212
50.579028
54.783738
54.833942
54.684356
54.733921
50.536919
66.878081
60.015898
59.955859
40.061848
42.010593
42.038147
41.955824
41.983179
40.037439
47.123675
44.315172
44.284113
34.913586
35.892314
35.910849
35.855433
35.873863
34.89641
38.404448
37.031584
37.011619
32.283929
32.791376
32.806034
32.762201
32.77679
32.269908
34.069653
33.370938
33.355688
30.869792
31.149988
31.162765
31.124552
31.137268
30.857376
31.834334
31.460422
31.447347
30.051955
30.220474
30.232236
30.19701
30.208739
30.040377
30.612603
30.398159
30.386256
29.533953
29.643514
29.654692
29.621197
29.632351
29.522891
29.889353
29.753928
29.742657
29.184717
29.260044
29.270851
29.238451
29.249233
29.173985
29.423412
29.332424
29.321551
28.479964
28.471898
28.481713
28.452291
28.46209
28.470158
28.447835
28.454704
28.444911
28.526535
28.512077
28.521885
28.492479
28.502274
28.516736
28.479304
28.489918
28.480121
28.618676
28.589146
28.598934
28.569593
28.579366
28.608912
28.533948
28.554633
28.544854
28.816696
28.750941
28.760624
28.731592
28.741264
28.807074
28.644536
28.687955
28.678245
29.29808
29.132424
29.141765
29.113742
29.123083
29.288912
28.889258
28.992516
28.983051
30.594244
30.136054
30.144289
30.119564
30.127803
30.586593
29.501286
29.774529
29.765891
34.613451
33.093335
33.097021
33.085806
33.089551
34.612723
31.190405
31.995343
31.989692
53.236185
45.076009
45.053199
45.12052
45.098222
53.275821
36.802954
40.060031
40.07094
213.62722
137.05892
136.99094
137.18286
137.12277
213.51951
67.203238
92.080732
92.163873
416.26458
420.83637
423.19488
416.20188
418.50546
414.13529
324.6972
423.86421
422.29111
167.54019
218.68533
219.49855
217.08348
217.88057
167.03432
409.62322
291.38573
290.11805
75.818335
88.629168
88.769872
88.351052
88.489445
75.72037
131.54229
106.37472
106.16574
50.411954
54.586251
54.63517
54.489427
54.537697
50.370782
66.581063
59.778284
59.719964
39.964724
41.90148
41.928626
41.84756
41.874494
39.940669
46.981192
44.191755
44.161251
34.845152
35.81877
35.837091
35.782329
35.800539
34.828165
38.317143
36.952149
36.932467
32.228029
32.733167
32.747685
32.704279
32.718723
32.214141
34.005495
33.310153
33.295055
30.820279
31.099239
31.111893
31.074046
31.086639
30.807968
31.780539
31.408303
31.395354
30.005727
30.173609
30.185306
30.150272
30.161937
29.994205
30.564267
30.350655
30.338827
29.489777
29.598927
29.610057
29.576704
29.587811
29.478762
29.843774
29.708917
29.697695
29.141895
29.21691
29.22767
29.19541
29.206146
29.131208
29.379641
29.289002
29.278176
28.440782
28.43271
28.442497
28.413155
28.422929
28.431001
28.408701
28.415552
28.405785
28.487382
28.472909
28.482692
28.453366
28.463133
28.47761
28.440154
28.450773
28.441007
28.579651
28.550061
28.559823
28.530558
28.540308
28.56991
28.494842
28.515549
28.505791
28.778226
28.712263
28.721924
28.692961
28.702607
28.768621
28.605623
28.649152
28.639469
29.261405
29.095078
29.104407
29.076425
29.085747
29.252246
28.85108
28.954696
28.945253
30.563591
30.103065
30.111321
30.086532
30.094797
30.555905
29.465509
29.739929
29.731271
34.610102
33.078163
33.081964
33.070409
33.074265
34.609099
31.162975
31.972713
31.967028
53.391135
45.164326
45.142534
45.206737
45.185782
53.428253
36.817519
40.102856
40.113234
213.16585
137.29164
137.23897
137.38578
137.34044
213.04099
67.44641
92.402176
92.476888
407.92774
411.6745
413.92497
407.25068
409.4498
405.91674
322.54076
417.6388
416.10914
165.54486
215.51371
216.29471
213.97447
214.73986
165.05738
402.19072
286.39609
285.18259
75.431271
88.077785
88.213672
87.8087
87.942512
75.336386
130.27647
105.54998
105.34869
50.248751
54.393904
54.441515
54.299687
54.346649
50.20858
66.293065
59.547493
59.490846
39.869077
41.79408
41.820793
41.741084
41.767547
39.845428
46.841816
44.070504
44.040526
34.777483
35.746117
35.764212
35.710137
35.728116
34.760693
38.231307
36.873817
36.854404
32.172673
32.67554
32.689909
32.646955
32.661247
32.158923
33.942042
33.249993
33.235059
30.771188
31.048974
31.061506
31.024021
31.036492
30.758982
31.727283
31.356691
31.343869
29.959723
30.126998
30.138632
30.103789
30.115391
29.948258
30.516294
30.30345
30.291696
29.445788
29.554528
29.565612
29.532399
29.54346
29.434819
29.798399
29.664099
29.652925
29.09925
29.17396
29.184675
29.152551
29.163242
29.088606
29.336058
29.245766
29.234985
28.401703
28.393627
28.403388
28.374125
28.383873
28.391949
28.369671
28.376506
28.366765
28.448334
28.433847
28.443603
28.414355
28.424098
28.438588
28.40111
28.411735
28.401991
28.540725
28.511077
28.520815
28.491623
28.501347
28.531009
28.455836
28.476556
28.466825
28.739837
28.673675
28.683313
28.654413
28.664041
28.730253
28.566806
28.610447
28.600785
29.224759
29.057776
29.067097
29.039147
29.048461
29.21561
28.812968
28.91694
28.907513
30.53278
30.069984
30.078256
30.053404
30.061701
30.525063
29.429725
29.705309
29.696633
34.605952
33.06255
33.066459
33.054531
33.058548
34.604789
31.13528
31.949786
31.944032
53.537662
45.248502
45.227733
45.288976
45.268687
53.572815
36.830741
40.143607
40.153477
212.64025
137.46618
137.42762
137.53065
137.50144
212.49687
67.672242
92.689148
92.756077
400.05495
402.92704
405.07651
398.70035
400.80174
398.15638
320.36922
411.58649
410.09995
163.6212
212.46267
213.21495
210.97931
211.71755
163.15035
395.06544
281.61597
280.45205
75.056391
87.544131
87.675766
87.283469
87.413125
74.964552
129.05405
104.75334
104.55777
50.089605
54.206772
54.253068
54.115137
54.160793
50.050458
66.013578
59.323475
59.268478
39.77516
41.688627
41.714816
41.636733
41.662636
39.75197
46.705548
43.951527
43.92221
34.710613
35.674393
35.692253
35.638886
35.656627
34.694027
38.146899
36.796559
36.777415
32.117877
32.618528
32.63274
32.59026
32.604391
32.104269
33.879346
33.1905
33.175738
30.722512
30.999184
31.011596
30.974459
30.986815
30.710407
31.674567
31.305584
31.292886
29.913943
30.080642
30.092212
30.057557
30.069096
29.902534
30.468672
30.256541
30.24486
29.401983
29.510316
29.521354
29.488281
29.499295
29.39106
29.75323
29.619473
29.608347
29.056778
29.13119
29.141861
29.109869
29.120516
29.046177
29.292658
29.202711
29.191975
28.362734
28.354651
28.364385
28.335207
28.344924
28.353007
28.33075
28.337567
28.327853
28.409391
28.39489
28.404619
28.375452
28.385167
28.399672
28.362174
28.372799
28.363082
28.501901
28.472196
28.481906
28.452795
28.462492
28.492212
28.416939
28.437676
28.427972
28.70153
28.635174
28.644791
28.615958
28.625563
28.691968
28.528094
28.57184
28.562201
29.188155
29.020526
29.029833
29.001927
29.011226
29.179009
28.774933
28.879255
28.869842
30.501854
30.03683
30.045115
30.02023
30.028537
30.494113
29.393958
29.670647
29.661984
34.601059
33.046419
33.050482
33.038272
33.042387
34.599737
31.107416
31.926597
31.920741
53.67605
45.328499
45.308687
45.367108
45.347749
53.709393
36.842723
40.182167
40.191365
212.0573
137.58592
137.55978
137.62687
137.60636
211.90233
67.88279
92.945959
93.005752
392.62396
394.56753
396.62234
390.52564
392.53534
390.83243
318.19428
405.70449
404.25945
161.76098
209.52178
210.2473
208.08812
208.8019
161.30479
388.22156
277.02661
275.90624
74.692853
87.026503
87.154313
86.772853
86.898964
74.603347
127.86983
103.98067
103.79051
49.934354
54.024712
54.069761
53.935366
53.979886
49.896092
65.741943
59.105655
59.052017
39.683
41.585422
41.611032
41.53466
41.559999
39.660216
46.572242
43.83503
43.806298
34.644571
35.603616
35.621238
35.568578
35.586084
34.628194
38.063858
36.720367
36.701485
32.063651
32.562154
32.576203
32.53421
32.548177
32.050186
33.817441
33.131705
33.11712
30.674233
30.949843
30.962144
30.925332
30.93758
30.662223
31.622383
31.254964
31.242384
29.868386
30.034534
30.046043
30.011572
30.023051
29.857033
30.421382
30.209918
30.198305
29.358361
29.466292
29.477283
29.444351
29.455318
29.347484
29.708267
29.575041
29.563964
29.014476
29.088594
29.099222
29.067358
29.077963
29.003918
29.24944
29.159833
29.14914
28.323873
28.315786
28.325493
28.296396
28.306086
28.314173
28.291935
28.298736
28.289055
28.370559
28.35604
28.365743
28.336656
28.346344
28.360867
28.323342
28.33397
28.32428
28.463184
28.433421
28.443105
28.414075
28.423745
28.453523
28.378151
28.398901
28.389224
28.663311
28.596766
28.60636
28.577598
28.587177
28.653772
28.489483
28.533325
28.523714
29.151593
28.983337
28.992629
28.964764
28.974048
29.14246
28.736979
28.841631
28.832236
30.470812
30.003621
30.011932
29.987007
29.995321
30.463028
29.358213
29.635985
29.627311
34.595569
33.029986
33.034137
33.021615
33.025809
34.594104
31.0794
31.903096
31.897189
53.807365
45.404517
45.385899
45.44136
45.4232
53.839007
36.853664
40.218659
40.227411
211.43117
137.65705
137.64479
137.67717
137.66985
211.26674
68.078094
93.173637
93.226954
385.614
386.57195
388.5379
382.70379
384.6273
383.92435
316.02625
399.98544
398.57987
159.95645
206.67712
207.37975
205.28868
205.98001
159.51342
381.62026
272.6064
271.52697
74.338296
86.522179
86.64689
86.274285
86.397604
74.250849
126.71822
103.22832
103.04338
49.782487
53.846996
53.891027
53.759567
53.803128
49.745038
65.476665
58.892953
58.840467
39.592454
41.484407
41.50949
41.434646
41.45948
39.570067
46.441937
43.721086
43.693
34.579368
35.533772
35.551161
35.499195
35.516468
34.5632
37.982109
36.645214
36.626586
32.009995
32.506428
32.520313
32.478809
32.492612
31.99667
33.756345
33.073625
33.05922
30.626324
30.900919
30.913118
30.876602
30.888753
30.614401
31.570711
31.204807
31.192337
29.823053
29.988671
30.000119
29.965829
29.977247
29.811755
30.374398
30.163566
30.15202
29.314922
29.422457
29.433401
29.400612
29.411531
29.304091
29.663513
29.530804
29.519776
28.972342
29.046167
29.056753
29.025013
29.035578
28.961825
29.206401
29.117127
29.106477
28.285117
28.27703
28.28671
28.257691
28.267357
28.275444
28.253232
28.260019
28.250359
28.331835
28.317302
28.326977
28.297972
28.307634
28.32217
28.284617
28.29525
28.285587
28.424574
28.394756
28.404413
28.375469
28.385108
28.41494
28.339468
28.360235
28.350587
28.62518
28.558452
28.568022
28.539331
28.548888
28.615661
28.450973
28.494912
28.485326
29.115075
28.946203
28.955477
28.927667
28.936932
29.105956
28.699102
28.804083
28.794709
30.43968
29.97039
29.978706
29.953771
29.962071
30.431903
29.322502
29.601323
29.592654
34.589426
33.01311
33.017339
33.004593
33.008859
34.587744
31.0512
31.879398
31.873445
53.931508
45.477386
45.45931
45.512265
45.494921
53.961563
36.863507
40.253223
40.261755
210.76531
137.69056
137.6851
137.6891
137.69096
210.59297
68.259414
93.376149
93.421847
379.00267
378.91865
380.80096
375.21406
377.0564
377.40912
313.8706
394.42168
393.054
158.20377
203.92207
204.60223
202.57733
203.24668
157.7735
375.23237
268.34699
267.30619
73.991341
86.029169
86.151079
85.786732
85.907299
73.905682
125.59677
102.49413
102.31367
49.633903
53.673046
53.716134
53.587393
53.630041
49.597249
65.216592
58.684621
58.633187
39.503468
41.385369
41.409959
41.336558
41.360912
39.481455
46.314663
43.609612
43.582104
34.515002
35.464843
35.482002
35.430717
35.447762
34.499044
37.901596
36.571068
36.552686
31.956896
32.45135
32.465071
32.424049
32.43769
31.943709
33.696061
33.016264
33.002036
30.57875
30.852373
30.864479
30.828229
30.840293
30.566905
31.519525
31.155078
31.14271
29.777941
29.943045
29.954435
29.920319
29.93168
29.766699
30.327694
30.117472
30.105988
29.271667
29.378814
29.38971
29.357066
29.367937
29.260882
29.618971
29.486766
29.475789
28.93037
29.003904
29.01445
28.982831
28.993356
28.919894
29.163539
29.074591
29.063983
28.246469
28.23838
28.248032
28.219095
28.228734
28.236824
28.21464
28.221406
28.211773
28.293219
28.278673
28.288321
28.259398
28.269032
28.283581
28.246002
28.256642
28.247006
28.386076
28.356207
28.365834
28.336972
28.346586
28.376468
28.300896
28.321682
28.312062
28.587142
28.520238
28.52978
28.501166
28.510698
28.577647
28.412569
28.456602
28.44704
29.078621
28.909145
28.918401
28.890642
28.899894
29.069511
28.661314
28.766614
28.757261
30.408488
29.937134
29.945451
29.920518
29.928816
30.400678
29.286827
29.566672
29.558024
34.582691
32.995954
33.000306
32.987306
32.991637
34.580977
31.022904
31.855528
31.849537
54.049462
45.546372
45.529414
45.579719
45.56314
54.078021
36.872462
40.286146
40.294089
210.06951
137.68185
137.68801
137.66635
137.67661
209.89035
68.428561
93.553967
93.595878
372.76647
371.58765
373.3912
368.03711
369.80301
371.26268
311.73067
389.00777
387.67694
156.50151
201.25433
201.91288
199.95256
200.6005
156.08346
369.0522
264.2406
263.23737
73.651375
85.546904
85.666169
85.309549
85.427593
73.567318
124.50499
101.77821
101.60196
49.488498
53.502599
53.544817
53.418653
53.460463
49.452677
64.961249
58.480364
58.429845
39.415934
41.288203
41.312327
41.240292
41.26419
39.394264
46.190309
43.500391
43.473418
34.451469
35.396813
35.413745
35.363128
35.379949
34.435716
37.822263
36.497898
36.479755
31.904338
32.396904
32.410467
32.369913
32.383398
31.891281
33.63658
32.959612
32.945559
30.531479
30.804165
30.816189
30.780177
30.792163
30.519705
31.468794
31.105744
31.093469
29.733051
29.897651
29.908983
29.875039
29.886343
29.721864
30.281246
30.071621
30.060195
29.228597
29.335368
29.346214
29.313719
29.32454
29.217859
29.574644
29.442931
29.432006
28.888556
28.961801
28.972308
28.940807
28.951293
28.878118
29.120854
29.032221
29.021654
28.207931
28.199839
28.209464
28.18061
28.190221
28.198313
28.176153
28.182901
28.173296
28.254713
28.240151
28.249772
28.220932
28.230538
28.245104
28.207499
28.218144
28.208536
28.347684
28.317766
28.327366
28.298592
28.308177
28.338103
28.262438
28.283245
28.273653
28.549197
28.48212
28.49164
28.463102
28.472606
28.539722
28.374272
28.418394
28.40886
29.042217
28.872159
28.8814
28.8537
28.862928
29.033133
28.623613
28.729226
28.719898
30.377241
29.903891
29.9122
29.887264
29.895576
30.369426
29.251199
29.532059
29.523408
34.575497
32.978538
32.9829
32.969718
32.974106
34.57359
30.994532
31.831474
31.825409
54.16153
45.612336
45.596121
45.644225
45.628374
54.1881
36.880464
40.317553
40.325122
209.348
137.643
137.65435
137.60913
137.62709
209.16308
68.586199
93.710338
93.745353
366.88053
364.56022
366.28957
361.15481
362.84868
365.46074
309.60907
383.73996
382.44506
154.84718
198.67084
199.3089
197.40872
198.03699
154.44036
363.07509
260.28205
259.31408
73.317362
85.07438
85.191381
84.841147
84.957207
73.234609
123.43915
101.07829
100.90571
49.346273
53.335584
53.37693
53.253232
53.294247
49.311192
64.709932
58.279616
58.229874
39.329754
41.192816
41.216494
41.145745
41.169222
39.308414
46.068701
43.393267
43.3668
34.388755
35.329661
35.346372
35.296407
35.31301
34.373204
37.744057
36.425678
36.407768
31.852295
32.343071
32.35648
32.316375
32.329709
31.839363
33.577883
32.903651
32.889767
30.48448
30.756259
30.768211
30.73241
30.744328
30.472769
31.418487
31.05677
31.04458
29.688384
29.852485
29.86376
29.829986
29.841233
29.677254
30.235032
30.026
30.014631
29.185715
29.292121
29.302916
29.270574
29.281343
29.175025
29.530537
29.399306
29.388434
28.846894
28.919856
28.930324
28.898939
28.909386
28.836494
29.078346
28.990016
28.979491
28.169507
28.161408
28.171006
28.142235
28.151818
28.159917
28.137775
28.144507
28.134928
28.216319
28.201741
28.211334
28.182578
28.192156
28.206739
28.169107
28.179754
28.170173
28.309404
28.279442
28.289014
28.260322
28.269879
28.299851
28.224092
28.244919
28.235358
28.511342
28.444104
28.453598
28.425131
28.434616
28.501896
28.336082
28.380293
28.370781
29.005896
28.83526
28.84448
28.816844
28.826046
28.996824
28.586004
28.691932
28.682625
30.345954
29.870645
29.878954
29.854035
29.862339
30.338138
29.215637
29.497491
29.48884
34.567808
32.960847
32.96526
32.951932
32.956367
34.565895
30.966046
31.807262
31.801223
54.267322
45.6754
45.65991
45.705547
45.690398
54.292468
36.887726
40.3473
40.354522
208.60109
137.57042
137.58941
137.52124
137.54676
208.41135
68.731553
93.845757
93.875496
361.32455
357.81938
359.47825
354.55082
356.17678
359.98479
307.50771
378.61447
377.35458
153.23732
196.16594
196.7847
194.94083
195.55071
152.84136
357.29533
256.46151
255.52654
72.988048
84.609731
84.72489
84.380289
84.494429
72.906413
122.39927
100.39283
100.22379
49.206965
53.171611
53.212236
53.090731
53.131001
49.172562
64.461784
58.081975
58.033054
39.244864
41.099034
41.122332
41.052659
41.075786
39.223828
45.94939
43.288126
43.262123
34.326842
35.263361
35.279858
35.230518
35.246912
34.311485
37.666905
36.354375
36.336686
31.800742
32.28982
32.303083
32.263402
32.276596
31.787927
33.519937
32.848355
32.834631
30.437726
30.708626
30.720511
30.684903
30.696758
30.426074
31.368573
31.008125
30.996012
29.643943
29.807544
29.818763
29.785159
29.796349
29.632869
30.189038
29.980603
29.969288
29.143024
29.249078
29.259822
29.227635
29.238352
29.132381
29.486656
29.355895
29.345077
28.80538
28.878064
28.888494
28.857224
28.867634
28.795017
29.036017
28.947976
28.937493
28.131193
28.123092
28.132658
28.103974
28.113529
28.121631
28.099507
28.106222
28.096672
28.178039
28.163444
28.173008
28.144337
28.153887
28.168486
28.130823
28.141475
28.131923
28.271234
28.24123
28.250773
28.222166
28.231695
28.26171
28.185864
28.206709
28.197174
28.473587
28.406185
28.415656
28.387264
28.396722
28.464166
28.298005
28.342295
28.332812
28.969641
28.798443
28.807641
28.780067
28.789252
28.96059
28.548495
28.654734
28.645446
30.314668
29.837416
29.845715
29.820825
29.829119
30.306855
29.180136
29.462954
29.454331
34.55976
32.942914
32.94743
32.933921
32.938457
34.557766
30.937559
31.78297
31.776864
54.366967
45.735351
45.72054
45.764162
45.750015
54.391329
36.894176
40.375691
40.382384
207.8359
137.46537
137.49406
137.40325
137.43509
207.64251
68.86584
93.959326
93.984482
356.08391
351.34782
352.94122
348.20856
349.77032
354.82128
305.43157
373.62793
372.40218
151.66959
193.73397
194.33454
192.54521
193.13705
151.28412
351.71887
252.77049
251.86736
72.663704
84.152899
84.266026
83.92744
84.039636
72.583387
121.38376
99.721642
99.556096
49.070262
53.01046
53.050409
52.930804
52.970469
49.036422
64.217251
57.887422
57.83914
39.161157
41.006601
41.029568
40.960846
40.983662
39.140402
45.832197
43.184712
43.15909
34.265699
35.197872
35.214167
35.165417
35.181615
34.250529
37.590724
36.283938
36.266455
31.749649
32.237117
32.250244
32.210961
32.224022
31.736945
33.462701
32.79369
32.780117
30.391198
30.661239
30.673065
30.637632
30.64943
30.3796
31.319026
30.95978
30.947738
29.59973
29.76283
29.773992
29.740557
29.751692
29.588714
30.143254
29.935423
29.924162
29.100526
29.206244
29.216935
29.184905
29.19557
29.089932
29.443003
29.312702
29.301939
28.764011
28.836427
28.846818
28.815663
28.826035
28.753683
28.993868
28.906103
28.89566
28.092987
28.084883
28.094425
28.065824
28.075352
28.083452
28.061349
28.068051
28.058531
28.139874
28.125258
28.134794
28.106208
28.11573
28.13035
28.09265
28.103308
28.093783
28.233177
28.203131
28.212645
28.184125
28.193624
28.223679
28.147749
28.168611
28.159105
28.435933
28.368368
28.377814
28.3495
28.358932
28.426534
28.260033
28.3044
28.294943
28.933471
28.76172
28.770894
28.743392
28.752553
28.924443
28.51108
28.61762
28.608357
30.283397
29.804229
29.812517
29.787645
29.795945
30.275566
29.144711
29.428473
29.419867
34.551398
32.924835
32.929386
32.915785
32.920287
34.549244
30.909028
31.758569
31.752496
54.461396
45.792681
45.778513
45.820277
45.806399
54.484521
36.900037
40.402647
40.40926
207.05843
137.33541
137.37012
137.26235
137.2996
206.86291
68.988913
94.05526
94.076292
351.14926
345.13137
346.6623
342.11472
343.61556
349.96248
303.38549
368.77644
367.5835
150.14308
191.37384
191.95721
190.2181
190.79358
149.76728
346.34833
249.20158
248.3267
72.344214
83.703774
83.815061
83.481704
83.592253
72.264935
120.39209
99.064475
98.901459
48.935833
52.851682
52.891061
52.773156
52.812241
48.902552
63.975677
57.69523
57.647532
39.07853
40.915378
40.938049
40.87018
40.892716
39.058028
45.716791
43.082757
43.057468
34.20528
35.133144
35.149249
35.101049
35.117065
34.190281
37.515437
36.214307
36.197017
31.698989
32.184928
32.197926
32.159016
32.171953
31.686388
33.406122
32.739618
32.726189
30.34488
30.614081
30.625852
30.590583
30.602327
30.333332
31.269821
30.911712
30.899737
29.555748
29.718341
29.729447
29.696182
29.70726
29.544789
30.097671
29.890457
29.879249
29.058222
29.163619
29.174257
29.142385
29.152997
29.047677
29.399581
29.26973
29.259022
28.722782
28.794942
28.805295
28.774256
28.784589
28.71249
28.9519
28.864396
28.853995
28.054892
28.046789
28.056303
28.027782
28.037282
28.045385
28.023304
28.029991
28.020495
28.101823
28.087189
28.096697
28.068195
28.077689
28.092327
28.054589
28.065253
28.055757
28.195234
28.165146
28.174632
28.146196
28.155668
28.185764
28.109746
28.130628
28.12115
28.398382
28.330657
28.340074
28.311839
28.321245
28.389009
28.222171
28.266611
28.25718
28.897392
28.725089
28.734238
28.706804
28.715947
28.888388
28.473768
28.580612
28.571375
30.25213
29.771075
29.779368
29.754519
29.762805
30.244307
29.109358
29.39406
29.38547
34.542695
32.906647
32.911224
32.897488
32.902075
34.540486
30.880473
31.734131
31.728008
54.551063
45.847314
45.833712
45.873784
45.860446
54.572551
36.905235
40.428486
40.434634
206.27203
137.18458
137.22411
137.10265
137.1442
206.07636
69.102971
94.133935
94.151478
346.51793
339.1571
340.62862
336.25715
337.70001
345.40663
301.37341
364.05306
362.89091
148.65329
189.07752
189.64569
187.95174
188.51252
148.28628
341.15081
245.74119
244.8919
72.028486
83.261068
83.370936
83.041825
83.151009
71.950071
119.42012
98.418507
98.258787
48.803429
52.695147
52.733982
52.617593
52.656205
48.770577
63.736591
57.505422
57.458295
38.996877
40.825236
40.847648
40.780525
40.802818
38.976598
45.602799
42.982063
42.957056
34.145537
35.069126
35.085055
35.037366
35.053212
34.130703
37.440953
36.145413
36.128296
31.648734
32.133221
32.146099
32.107541
32.120361
31.636231
33.35015
32.686107
32.672811
30.29876
30.567138
30.578856
30.543744
30.555437
30.28726
31.220938
30.863904
30.851991
29.511996
29.674078
29.685128
29.65203
29.663052
29.501094
30.052285
29.845701
29.834545
29.016114
29.121203
29.131789
29.100072
29.110632
29.005617
29.356388
29.226977
29.216323
28.681694
28.753612
28.763927
28.733003
28.743298
28.671438
28.910114
28.822856
28.812498
28.016909
28.008803
28.018289
27.989852
27.999324
28.007431
27.985368
27.992038
27.98257
28.063883
28.049234
28.058709
28.030297
28.039762
28.054415
28.01664
28.027314
28.017846
28.157402
28.127278
28.136733
28.108385
28.117827
28.147962
28.071856
28.092759
28.083309
28.360933
28.293047
28.30244
28.274286
28.283662
28.351587
28.184415
28.228928
28.219524
28.861398
28.688551
28.697675
28.670324
28.679435
28.852416
28.436559
28.543699
28.534488
30.220877
29.737979
29.746257
29.721456
29.729725
30.21309
29.074074
29.359704
29.351134
34.533692
32.888316
32.89291
32.879135
32.883732
34.53144
30.851936
31.70968
31.703557
54.635902
45.899765
45.886688
45.925261
45.912426
54.656898
36.909988
40.45313
40.459258
205.48699
137.01701
137.06037
136.92805
136.97301
205.29237
69.209036
94.199312
94.213763
342.1868
333.41352
334.82837
330.6249
332.01242
341.14934
299.39774
359.44972
358.31645
147.19721
186.84003
187.39378
185.74148
186.2888
146.83798
336.10504
242.3802
241.55458
71.71617
82.823752
82.932371
82.606831
82.714892
71.638548
118.46721
97.783106
97.62556
48.6726
52.540432
52.578855
52.463601
52.501867
48.640082
63.499867
57.317646
57.270931
38.916066
40.736026
40.758215
40.69172
40.713815
38.895971
45.489908
42.882427
42.857653
34.086449
35.005764
35.02153
34.974318
34.990005
34.071769
37.367155
36.077189
36.060227
31.598861
32.081969
32.094734
32.056502
32.069215
31.586449
33.294745
32.633115
32.619939
30.25283
30.5204
30.532069
30.497106
30.50875
30.241377
31.172357
30.816339
30.804485
29.46847
29.630036
29.641031
29.608097
29.619064
29.457624
30.007093
29.801151
29.790046
28.974198
29.078992
29.089527
29.057961
29.068471
28.963748
29.313418
29.184439
29.173837
28.640745
28.712436
28.722712
28.691904
28.702161
28.630524
28.868508
28.781484
28.771167
27.979039
27.970929
27.980387
27.952034
27.961478
27.969588
27.947538
27.954196
27.944756
28.026057
28.011388
28.020839
27.992509
28.001945
28.016618
27.978807
27.989488
27.980049
28.119679
28.089519
28.098949
28.070683
28.080098
28.110267
28.034081
28.055004
28.045584
28.323592
28.255552
28.264917
28.236843
28.246194
28.314271
28.14677
28.191353
28.181977
28.825497
28.652117
28.661214
28.633939
28.643029
28.816536
28.399458
28.506898
28.497709
30.189676
29.70495
29.713211
29.688448
29.696698
30.18191
29.038889
29.325429
29.31688
34.524635
32.869943
32.874543
32.860692
32.865293
34.522263
30.823438
31.685196
31.679082
54.717324
45.950294
45.937686
45.974554
45.962497
54.736831
36.91438
40.476909
40.482842
204.7077
136.83614
136.88253
136.73918
136.78664
204.51504
69.307924
94.25288
94.264517
338.14733
327.89058
329.25135
325.20833
326.54298
337.18086
297.46091
354.95975
353.85362
145.77066
184.65589
185.19689
183.58288
184.11756
145.41836
331.19747
239.11194
238.30886
71.406753
82.390961
82.498523
82.176051
82.283156
71.32973
117.52993
97.156227
97.000735
48.542957
52.387033
52.425179
52.310664
52.348721
48.510669
63.264835
57.131313
57.084872
38.835918
40.647579
40.669595
40.603557
40.625516
38.81595
45.377834
42.783647
42.759051
34.027931
34.943022
34.958631
34.911883
34.927416
34.01337
37.293884
36.00959
35.992797
31.549339
32.03113
32.043795
32.005848
32.018468
31.537008
33.239838
32.580578
32.567504
30.207085
30.47386
30.48548
30.450662
30.462259
30.195678
31.124056
30.769003
30.757203
29.425166
29.586211
29.597152
29.564378
29.575292
29.414374
29.962092
29.756804
29.745749
28.932469
29.036979
29.047465
29.016044
29.026506
28.922066
29.270665
29.142107
29.131555
28.599935
28.671414
28.681652
28.650959
28.661177
28.589748
28.827078
28.740278
28.730002
27.941281
27.933167
27.942597
27.914328
27.923744
27.931858
27.909819
27.916465
27.907052
27.988345
27.973657
27.983079
27.954834
27.964242
27.978935
27.941084
27.951773
27.942362
28.082069
28.051878
28.061279
28.033098
28.042484
28.072684
27.99642
28.017367
28.007974
28.286356
28.218159
28.227499
28.199507
28.20883
28.277066
28.109234
28.153889
28.144541
28.789693
28.615792
28.624862
28.597666
28.606722
28.780762
28.362466
28.470197
28.461042
30.158547
29.671983
29.680224
29.655522
29.663751
30.15077
29.003778
29.29124
29.282701
34.5153
32.851513
32.856109
32.842279
32.846933
34.513012
30.794966
31.660711
31.654612
54.79408
45.998754
45.986896
46.022259
46.010572
54.812788
36.918376
40.499974
40.505546
203.93761
136.64255
136.6912
136.54141
136.59095
203.74418
69.399333
94.295973
94.305285
334.38723
322.57756
323.88659
319.99704
321.28108
333.48844
295.56356
350.57609
349.49579
144.37172
182.52191
183.05064
181.47267
181.9956
144.02607
326.41959
235.93146
235.14944
71.099464
81.962027
82.068711
81.74882
81.855115
71.022879
116.60738
96.537154
96.383459
48.414088
52.234421
52.272427
52.158257
52.196233
48.381942
63.030858
56.945888
56.899601
38.75621
40.559628
40.581542
40.515745
40.537653
38.736327
45.266286
42.685449
42.660938
33.969849
34.880901
34.896355
34.850059
34.865443
33.955384
37.221004
35.942607
35.925941
31.50013
31.980647
31.993226
31.955523
31.968064
31.487872
33.185333
32.528427
32.51544
30.161521
30.427511
30.439084
30.404407
30.415957
30.150159
31.076009
30.721881
30.710132
29.382074
29.542596
29.553485
29.520866
29.531729
29.371335
29.917278
29.712655
29.701649
28.890922
28.995155
29.005594
28.974312
28.984728
28.880562
29.228117
29.099972
29.089468
28.559261
28.630544
28.640744
28.610164
28.620345
28.549109
28.785819
28.699234
28.688998
27.903639
27.895517
27.904919
27.876734
27.886123
27.894244
27.87221
27.878845
27.86946
27.950747
27.93604
27.945434
27.917274
27.926654
27.941366
27.903477
27.914171
27.904789
28.044572
28.014347
28.023719
27.995624
28.004982
28.035215
27.958876
27.979844
27.97048
28.249235
28.180886
28.190195
28.16229
28.171586
28.239973
28.071813
28.116542
28.107222
28.753991
28.579568
28.588611
28.561503
28.570532
28.745079
28.32559
28.433619
28.424489
30.127472
29.639104
29.647303
29.622692
29.630897
30.119719
28.968778
29.257121
29.248623
34.506046
32.833133
32.837711
32.823952
32.828515
34.503761
30.766544
31.636348
31.630275
54.868371
46.045798
46.034249
46.068674
46.057291
54.886385
36.922225
40.522273
40.527944
203.17642
136.44128
136.49163
136.33718
136.38815
202.99014
69.485211
94.328433
94.335731
330.89331
317.46581
318.72535
314.98274
316.2183
330.05882
293.70668
346.29425
345.23879
142.9987
180.43496
180.9521
179.40844
179.92001
142.65939
321.76629
232.83382
232.07208
70.79374
81.536372
81.642309
81.324644
81.430241
70.717487
115.69842
95.924996
95.772942
48.285641
52.082127
52.120097
52.006004
52.04398
48.25354
62.797517
56.760919
56.714691
38.676731
40.471901
40.493782
40.428052
40.449942
38.656884
45.15494
42.587488
42.56298
33.912144
34.819317
34.834653
34.788656
34.803951
33.897771
37.148462
35.876148
35.859614
31.4512
31.93047
31.942975
31.905484
31.917956
31.439007
33.13116
32.476607
32.463696
30.116137
30.38135
30.392877
30.358341
30.369844
30.10482
31.0282
30.674963
30.663265
29.339188
29.499186
29.510024
29.477555
29.488368
29.328499
29.872653
29.6687
29.657743
28.849547
28.953511
28.963906
28.932754
28.943127
28.83923
29.185766
29.058024
29.047566
28.518722
28.589823
28.599986
28.569517
28.579661
28.508604
28.744725
28.658349
28.648151
27.866109
27.857983
27.867357
27.839256
27.848616
27.856743
27.834709
27.841336
27.831978
27.913264
27.898537
27.907902
27.879829
27.889179
27.903911
27.86598
27.876683
27.867329
28.007188
27.97693
27.986273
27.958263
27.967592
27.997861
27.921442
27.942432
27.933096
28.21223
28.143725
28.153004
28.125187
28.134452
28.202996
28.034507
28.079305
28.070018
28.718392
28.543465
28.552478
28.52545
28.534454
28.709517
28.28883
28.397153
28.388053
30.096498
29.606313
29.614504
29.589959
29.598134
30.088773
28.933879
29.223125
29.214641
34.496746
32.814808
32.819421
32.80576
32.810289
34.494483
30.738268
31.612051
31.605966
54.939485
46.091648
46.080051
46.114035
46.102894
54.956906
36.925896
40.544394
40.54977
202.43056
136.23196
136.28607
136.12839
136.18036
202.24845
69.565488
94.353283
94.358877
327.65155
312.54679
313.75894
310.15702
311.34619
326.87761
291.89027
342.11016
341.07872
141.65046
178.39294
178.89904
177.38836
177.88918
141.317
317.23296
229.81586
229.07351
70.489223
81.113595
81.218873
80.903204
81.008168
70.413231
114.80227
95.319796
95.169289
48.157263
51.929841
51.96785
51.853602
51.891661
48.125117
62.564558
56.576063
56.529823
38.597399
40.384193
40.406092
40.340372
40.362245
38.5776
45.043382
42.489399
42.464862
33.854806
34.758072
34.773328
34.727565
34.742783
33.840524
37.076338
35.810174
35.793728
31.402524
31.880563
31.893003
31.855704
31.868113
31.390391
33.077289
32.425079
32.412236
30.070936
30.33538
30.346859
30.312468
30.323923
30.059666
30.980618
30.628246
30.616599
29.2965
29.455975
29.466763
29.434443
29.445207
29.285859
29.828219
29.62494
29.614031
28.808338
28.912037
28.92239
28.891362
28.901694
28.798061
29.143603
29.016255
29.005839
28.478316
28.549249
28.559376
28.529014
28.539123
28.468232
28.703789
28.617617
28.607457
27.828689
27.82056
27.829903
27.801889
27.811222
27.819352
27.797317
27.80394
27.794613
27.875898
27.861149
27.870485
27.842497
27.851819
27.866573
27.828596
27.839309
27.829983
27.969919
27.939626
27.948941
27.921017
27.930318
27.96062
27.884126
27.905134
27.895827
28.175344
28.10668
28.115932
28.088203
28.097439
28.166143
27.997317
28.042188
28.032927
28.682912
28.507472
28.516461
28.489519
28.498492
28.674059
28.252193
28.360804
28.351744
30.065643
29.573635
29.581795
29.557343
29.565487
30.057949
28.899085
29.189231
29.180777
34.487555
32.796687
32.801194
32.78766
32.792143
34.485238
30.710089
31.587855
31.581857
55.008313
46.136206
46.12517
46.15818
46.147238
55.02519
36.929755
40.565805
40.571346
201.70222
136.0215
136.0738
135.91405
135.96662
201.5247
69.642684
94.371655
94.375782
324.64657
307.81246
308.97914
305.51213
306.65675
323.92911
290.11304
338.02115
337.01308
140.32587
176.39466
176.88999
175.41155
175.90162
139.9984
312.81365
226.87436
226.15056
70.185668
80.693436
80.79811
80.484265
80.588659
70.109888
113.91853
94.720093
94.571068
48.028565
51.777252
51.815382
51.700767
51.738984
47.996291
62.331797
56.391086
56.34479
38.518319
40.296635
40.318473
40.25297
40.274774
38.498582
44.931323
42.391305
42.366807
33.797829
34.697136
34.712315
34.66678
34.681923
33.783633
37.004528
35.744498
35.728108
31.354082
31.830904
31.843283
31.80616
31.818511
31.342005
33.023697
32.373805
32.361017
30.025924
30.289606
30.301036
30.266795
30.2782
30.014702
30.933255
30.581734
30.570139
29.254004
29.41296
29.423699
29.391525
29.40224
29.24341
29.783981
29.581373
29.570513
28.767287
28.870725
28.881038
28.850128
28.860421
28.757048
29.101619
28.974655
28.964281
28.438039
28.508816
28.518908
28.488651
28.498726
28.427989
28.663004
28.577034
28.566911
27.791382
27.783247
27.792565
27.764632
27.773937
27.782073
27.760041
27.766656
27.757352
27.838646
27.823877
27.833182
27.805282
27.814576
27.82935
27.791326
27.802049
27.792752
27.932766
27.902437
27.911723
27.883886
27.893158
27.923499
27.846921
27.86795
27.858672
28.138581
28.069756
28.078978
28.051341
28.060547
28.129408
27.960244
28.005188
27.995956
28.647555
28.471605
28.480562
28.453716
28.462657
28.638734
28.215681
28.324585
28.315548
30.034896
29.541066
29.549193
29.524843
29.532953
30.027239
28.864419
29.155466
29.147044
34.478445
32.778686
32.783142
32.769703
32.774195
34.476275
30.682036
31.563881
31.557891
55.075038
46.179977
46.169124
46.201588
46.19083
55.091407
36.933596
40.587251
40.59256
200.99295
135.80635
135.85902
135.69596
135.75378
200.81696
69.715078
94.384729
94.386072
321.80694
303.25478
304.37811
301.03872
302.14191
321.1075
288.37385
334.02534
333.04133
139.02479
174.43891
174.92384
173.47786
173.95605
138.70292
308.50379
224.006
223.3024
69.882855
80.275638
80.379782
80.067471
80.171408
69.807216
113.04766
94.126073
93.979421
47.899199
51.624078
51.662409
51.547162
51.585617
47.866739
62.099042
56.205757
56.159334
38.439466
40.209349
40.231136
40.165749
40.187528
38.419781
44.819007
42.293395
42.268957
33.741197
34.636492
34.651601
34.606272
34.621348
33.727088
36.932939
35.679021
35.662673
31.30586
31.781467
31.793792
31.756822
31.769124
31.293837
32.970348
32.322738
32.309996
29.981108
30.244036
30.255415
30.221331
30.232682
29.969936
30.886109
30.53543
30.523888
29.211694
29.370139
29.38083
29.3488
29.359467
29.201146
29.739942
29.538002
29.52719
28.726386
28.829568
28.839842
28.809045
28.819301
28.716184
29.05981
28.933219
28.922885
28.397888
28.468521
28.47858
28.448422
28.458465
28.387873
28.622364
28.536594
28.526505
27.754191
27.746052
27.755336
27.727788
27.736783
27.744924
27.722884
27.729498
27.720502
27.801504
27.786716
27.795996
27.768477
27.777452
27.792245
27.754183
27.764914
27.755935
27.895729
27.865363
27.874621
27.84716
27.856119
27.886495
27.809837
27.830889
27.821927
28.101937
28.032951
28.042144
28.014881
28.023778
28.0928
27.92329
27.968308
27.959386
28.6123
28.435846
28.444778
28.418285
28.426931
28.603501
28.179289
28.288483
28.279745
30.004223
29.508596
29.516727
29.49261
29.500486
29.996559
28.82984
29.121758
29.113593
34.469271
32.760648
32.765176
32.75165
32.756088
34.466875
30.654022
31.539784
31.533923
55.136356
46.221625
46.211651
46.239908
46.231244
55.150542
36.936593
40.60685
40.611383
200.28007
135.57548
135.63831
135.44049
135.51032
200.09238
69.775028
94.375527
94.36951
319.03781
298.85792
299.94398
296.71443
297.78014
318.35797
286.64827
330.13871
329.18851
137.75718
172.53903
173.00545
171.62275
172.07744
137.44895
304.3629
221.24534
220.57783
69.58048
79.859709
79.963456
79.653529
79.755934
69.504915
112.20201
93.548107
93.408434
47.769132
51.470042
51.508605
51.393357
51.431391
47.736543
61.866052
56.019906
55.974079
38.360813
40.122167
40.143938
40.079066
40.100375
38.341183
44.70678
42.19572
42.171802
33.684904
34.576123
34.591161
34.546396
34.561055
33.670882
36.861537
35.613706
35.597765
31.257849
31.732222
31.744502
31.707975
31.71993
31.245884
32.917227
32.271851
32.259459
29.936496
30.19868
30.210004
30.17639
30.187388
29.925385
30.839182
30.489348
30.478159
29.169566
29.327509
29.338152
29.306557
29.316892
29.159071
29.696118
29.494833
29.484359
28.68563
28.788559
28.798796
28.76839
28.778336
28.67547
29.018177
28.891948
28.881928
28.35786
28.428356
28.438384
28.408597
28.418341
28.347889
28.581871
28.496299
28.486513
15616.08
6317.0258
6359.8396
7784.7772
7465.4864
11552.032
1071.8217
1054.2143
1481.3421
1142.2994
1732.6967
1773.0633
605.11084
592.35159
854.6479
276.78891
463.81743
466.12723
995.70741
2159.9477
2174.3916
1416.7774
2338.8873
1935.4368
506.49969
500.23916
501.03037
501.84725
502.66953
505.75516
736.02835
479.64025
479.58913
479.01464
479.33903
740.65863
717.64194
479.1476
479.16466
479.49543
479.27748
721.81687
748.50638
477.00132
478.06492
2696.5789
4705.0112
3944.2705
3905.5022
16752.436
46826.739
12024.927
35703.493
35023.515
12121.53
35861.619
35094.149
10454.884
31345.856
35188.362
12598.379
16527.21
36393.045
3610.4555
16295.143
46459.261
13360.148
37730.28
35280.71
17383.721
26443.523
43130.399
17836.192
27536.808
43017.403
17300.389
26289.003
43138.681
12632.489
16542.937
36485.014
4453.5262
6746.6471
12943.902
2513.0285
6528.2781
27225.171
2537.6602
6382.2014
26597.225
3571.5388
16206.739
46380.565
13505.242
38025.716
35299.317
17881.067
27701.131
43001.319
17002.066
25241.834
43236.497
16924.321
25104.101
43254.895
14087.643
18684.215
40538.086
14119.801
18719.296
40607.131
2659.6809
13011.634
42427.867
12209.688
15745.908
33031.724
12088.28
15668.202
32677.26
6950.7353
19745.127
56571.19
7638.9536
19348.444
41158.557
7631.132
19684.385
40689.866
6068.6705
19260.534
45150.576
11098.512
17610.899
38764.228
11128.079
17691.041
38839.533
11087.173
17581.993
38739.322
11050.36
17500.928
38671.59
2639.1212
12864.219
42149.646
2552.1517
12248.955
41197.923
3716.6544
16417.91
46632.3
12714.229
36548.959
35202.16
12232.926
15770.212
33144.032
12246.626
15838.903
33481.555
6032.2436
13124.608
41784.904
6945.0408
19712.603
56546.311
6824.9713
19311.167
56399.651
7645.333
19231.084
41326.39
7630.129
18895.465
41854.945
3320.2736
5632.4359
16929.584
13782.65
17814.143
39053.73
7592.8954
18124.418
44207.604
5633.6886
18743.618
45911.721
5558.8274
18639.654
46071.46
5649.8877
18754.878
45860.241
5723.7108
18790.253
45649.567
10845.248
17167.04
38450.576
10906.221
17253.129
38497.923
10822.672
17135.922
38436.408
10750.408
17041.322
38404.191
3230.7399
5530.2182
17478.933
5942.4083
12135.322
32939.571
3312.5853
15618.578
45948.756
14052.522
38930.264
35483.59
17779.332
35765.553
40088.627
17607.773
36310.454
39644.242
17821.5
35577.642
40239.879
17901.154
34948.111
40723.069
15316.51
21041.584
41961.335
15458.797
21294.765
42101.213
15269.956
20962.174
41918.937
15122.735
20720.538
41793.855
14189.531
18828.231
40873.508
13756.949
17777.012
38995.725
13657.459
17661.935
38825.214
6576.704
18027.448
54925.393
7597.5047
18166.935
44012.576
7589.4005
18268.069
43429.222
2450.9107
7006.3061
29057.986
2434.8509
7190.0106
29687.706
7782.376
20545.715
40052.603
7675.4618
19886.097
40534.375
5967.7279
19137.208
45396.629
6051.8789
19249.055
45211.006
11153.772
17794.309
38948.515
11136.923
17718.552
38865.722
10992.951
17390.449
38584.961
11036.572
17472.426
38649.577
10590.062
16830.1
38407.521
10554.129
16840.533
38440.341
5329.7648
11900.939
20138.424
2534.1247
12097.921
40903.58
2457.799
11414.605
39787.511
3694.4301
16409.396
46631.709
12885.115
36823.577
35224.791
17208.435
37103.909
38957.832
17980.666
31948.41
42771.686
18133.353
32838.154
42169.239
18154.582
33812.075
41529.921
18155.797
33089.704
41997.991
17593.813
26901.858
43081.463
17659.054
27057.756
43062.3
12706.459
16589.418
36773.405
12696.333
16598.88
36870.818
6695.3438
18747.106
55939.359
6810.9673
19233.161
56315.438
7552.4902
18437.763
42545.621
7616.9863
18779.545
42034.727
7804.5491
20783.129
39870.089
5522.6641
18588.875
46122.96
5928.4703
19083.245
45458.597
5786.453
18876.085
45620.752
11142.795
17819.465
38979.058
10977.285
17361.821
38571.846
10925.376
17282.38
38515.79
10627.816
16885.768
38402.369
10723.185
17008.236
38398.018
2607.8717
6001.7178
24786.404
2992.5148
5407.3674
19226.92
5420.0972
12097.066
21168.764
5956.5657
12183.366
33941.502
2388.6474
10378.604
37776.623
2445.9473
11247.249
39430.843
2399.0707
10554.774
38170.536
3399.3638
15819.733
46066.7
13918.754
38746.411
35414.011
17305.173
36956.344
39091.049
17541.161
36478.668
39495.675
18141.45
34043.329
41362.814
18023.885
34729.831
40885.056
17289.943
25818.693
43184.061
17228.042
25671.108
43196.236
16581.318
24532.22
43312.535
16684.915
24680.032
43301.86
15469.209
21383.007
42151.433
15051.496
20639.39
41748.311
13959.489
18583.221
40323.558
14199.384
18800.62
40805.713
13267.734
17225.959
38223.237
13439.462
17328.66
38363.4
13597.972
17472.23
38560.214
13484.454
17367.087
38417.222
13616.965
17625.683
38780.621
13599.366
17511.268
38612.08
6693.7596
18693.844
55793.352
6587.3451
18151.211
55171.157
7518.8853
18329.34
42694.347
7573.4735
18286.628
43243.565
3833.4768
16623.898
46749.814
11938.01
35601.776
34894.077
12342.066
36048.086
35137.26
3166.7136
15210.06
45498.487
3130.8416
15078.87
45347.594
14016.013
18396.029
39976.694
13984.148
18355.833
39910.985
10327.391
31007.575
35270.114
5810.9207
11969.04
28740.477
5813.1411
11945.801
27671.235
5885.114
11953.426
30918.097
5753.4266
11973.167
29820.036
3216.7438
15363.424
45651.617
3258.3171
15494.937
45794.481
14491.104
39277.06
35774.353
14363.45
39192.047
35664.596
14607.709
39339.019
35905.381
14722.006
39374.98
36041.121
14811.827
19818.693
41341.921
14046.193
18434.282
40043.811
14073.569
18472.409
40105.121
2493.0192
6696.885
27900.528
12561.178
16504.498
36293.051
12509.663
16366.224
35688.198
12539.638
16391.948
35784.9
4900.6475
17954.499
46864.071
10539.019
23243.889
40787.089
10513.174
23273.387
40795.163
10295.985
23313.833
40883.447
10336.235
23316.1
40862.565
10563.614
23205.52
40790.27
10578.002
23135.199
40786.64
10949.963
23159.459
40796.676
10889.256
23141.382
40811.874
11964.538
22830.277
40450.521
11939.903
22863.952
40448.167
11753.578
23043.094
40478.729
11790.242
23017.081
40468.875
11986.467
22793.588
40456.014
12008.19
22754.889
40463.387
12056.962
22396.409
40582.271
12062.039
22478.161
40554.915
12449.73
21706.523
40459.841
12448.145
21743.442
40468.301
12418.435
21951.172
40565.162
12427.13
21920.169
40547.047
12448.586
21666.035
40447.441
12448.159
21626.381
40434.291
12410.628
21371.723
40381.092
12424.409
21416.311
40386.269
20048.16
60833.342
3640.9866
16349.809
46532.994
13206.622
37418.936
35255.115
15376.803
38847.768
37479.605
15437.018
38606.21
37786.409
17457.087
26595.023
43110.551
17781.556
27375.103
43033.679
17194.239
26128.911
43153.287
12660.328
16562.553
36583.642
4433.1711
6717.6457
12531.897
12472.874
16339.898
35590.446
12433.409
16312.732
35489.386
4317.4043
17306.265
47058.122
9858.4628
23147.444
41131.488
9802.8274
23112.436
41160.038
9913.233
23178.461
41102.058
9965.8951
23206.82
41072.213
10252.716
23308.226
40906.345
10209.196
23299.23
40930.925
11365.838
23188.625
40629.161
11317.164
23193.882
40650.847
11006.527
23173.051
40779.05
11062.306
23183.946
40759.258
11412.105
23180.545
40608.312
11458.768
23170.763
40588.021
11715.706
23067.462
40490.274
11674.747
23089.557
40504.667
12277.227
22159.934
40705.263
12250.164
22171.548
40711.888
12042.153
22282.303
40621.872
12054.336
22202.006
40646.791
12299.664
22144.864
40686.862
12321.592
22128.201
40676.859
12409.482
21982.221
40583.015
12398.05
22010.455
40600.078
2561.1627
6251.7445
26012.956
2746.033
5616.445
22280.705
2704.3034
5690.5446
22881.106
4309.9813
10985.382
12365.338
5953.372
12331.874
36003.246
3524.9139
16097.741
46296.554
13647.29
38299.619
35329.937
15308.365
39022.504
37210.601
15226.348
39158.662
36979.576
17885.975
27871.357
42987.74
17079.493
25384.407
43227.325
16563.448
24082.94
43391.035
16649.844
24231.205
43356.643
16847.78
24962.755
43270.751
16463.124
23929.339
43434.528
16355.771
23759.098
43495.69
16022.126
23272.96
43407.062
14052.39
18653.956
40470.385
14151.978
18745.179
40669.378
12179.87
15721.957
32920.419
12147.859
15694.761
32800.158
6951.1893
19780.516
56561.309
7626.7716
19446.226
40992.101
7608.6854
19537.717
40827.255
11108.912
17636.885
38788.746
11119.003
17664.842
38813.587
11075.752
17556.316
38715.947
11063.185
17527.779
38694.693
10628.774
16889.384
38426.191
2606.327
12632.334
41811.041
2571.4866
12394.468
41473.884
12538.258
36275.377
35176.842
12250.283
15790.439
33255.308
12259.218
15815.924
33368.204
6902.7924
19570.712
56503.464
6835.8022
19388.597
56452.594
7640.486
19119.242
41498.777
7638.2431
19007.58
41676.008
3406.6669
5764.3171
16424.119
3515.9423
5906.0381
15919.187
3073.9608
14897.312
45081.925
3104.968
14999.786
45239.442
13904.48
18273.824
39780.57
13948.083
18315.854
39846.739
13779.471
17853.026
39115.191
5615.9153
18716.505
45963.519
5589.3916
18682.844
46017.639
5658.448
18744.318
45790.379
5667.6526
18720.539
45690.415
10866.381
17195.793
38465.19
10886.733
17225.308
38480.472
10799.69
17105.162
38422.555
10775.1
17074.051
38412.26
3316.0436
7163.3051
10718.304
5052.6141
6947.0347
11008.662
5773.4544
12027.527
26601.922
5735.7149
11986.505
25501.407
5919.1145
12061.094
31949.499
3282.7461
15560.124
45886.03
14224.074
39075.684
35562.463
14931.244
39375.355
36368.164
14827.163
39388.532
36201.658
17726.956
35953.393
39936.863
17672.623
36132.776
39784.918
17859.569
35378.87
40397.323
17888.106
35172.21
40559.241
15369.124
21124.713
42005.793
15416.078
21207.841
42051.937
15223.023
20879.244
41878.108
15175.282
20803.028
41835.986
14087.664
18547.981
40246.078
14095.048
18511.518
40180.098
13725.505
17738.948
38940.733
13692.255
17701.093
38885.05
6450.2327
17513.917
54358.576
6528.7664
17792.521
54654.019
7599.8391
18204.821
43815.116
7596.1993
18240.047
43622.026
2475.4492
6865.4706
28535.41
12505.558
16485.641
36189.633
12587.654
16465.711
36086.07
12589.688
16442.451
35983.914
12567.598
16416.611
35883.903
6172.845
14788.653
48098.124
7748.8835
20318.978
40221.657
7714.6936
20100.45
40386.66
5999.9591
19182.708
45334.046
6029.0688
19220.296
45272.078
10448.574
23303.996
40813.622
10480.462
23291.92
40802.93
10412.678
23309.891
40827.461
10376.17
23314.096
40843.79
10683.077
23073.015
40802.263
10594.293
23056.061
40789.326
10756.49
23090.103
40824.266
10826.002
23118.579
40823.841
11885.795
22928.324
40450.061
11914.874
22896.472
40447.865
11856.391
22958.765
40454.178
11823.792
22988.643
40460.649
12043.095
22662.984
40487.965
12026.737
22709.31
40474.48
12053.669
22609.25
40505.765
12060.51
22548.82
40527.408
12443.022
21817.268
40496.767
12446.838
21781.674
40489.295
12439.406
21853.295
40518.988
12433.189
21886.642
40531.024
12441.925
21543.724
40414.772
12444.655
21584.855
40424.764
12436.524
21501.081
40404.274
12430.682
21460.502
40401.121
11151.013
17769.306
38918.108
11144.144
17743.816
38891.713
11007.889
17417.534
38609.613
11022.896
17446.407
38629.222
10547.217
16757.073
38431.127
10551.292
16787.857
38430.445
4982.7474
11676.598
18194.582
2473.9402
11589.745
40139.41
2510.9424
11865.727
40524.628
3669.5326
16393.365
46602.968
13051.521
37125.215
35233.605
15597.944
38454.417
37877.201
18055.709
32286.979
42531.514
18106.379
32575.463
42335.783
18162.695
33576.14
41680.124
18161.538
33335.556
41840.025
17527.304
26746.97
43095.196
17721.73
27215.969
43051.727
12685.804
16575.793
36677.879
6710.8547
18869.97
56068.982
6772.8871
19073.682
56197.752
7582.4057
18557.9
42386.766
7600.1324
18667.588
42212.84
3038.6351
14737.026
44896.584
2974.3633
14554.306
44708.343
2945.2061
14444.611
44518.871
13839.203
18229.325
39713.01
12373.139
16283.447
35384.724
5433.2197
18457.061
46210.745
5481.6853
18531.035
46171.724
5887.6867
19025.829
45517.938
5839.126
18955.352
45570.211
9743.5318
23073.717
41187.709
9681.1642
23028.902
41213.74
10067.781
23253.101
41011.68
10018.302
23231.33
41042.375
10116.568
23271.736
40983.116
10162.901
23287.241
40957.033
11218.048
23197.374
40694.937
11268.936
23197.344
40672.701
11167.77
23195.977
40716.764
11115.108
23191.175
40738.516
11547.933
23144.331
40550.535
11503.177
23158.376
40568.82
11590.506
23127.76
40533.527
11633.851
23110.219
40519.086
12187.669
22186.096
40714.21
12221.731
22181.396
40717.114
12150.73
22188.01
40710.792
12106.01
22192.385
40680.899
12357.576
22086.766
40643.359
12339.669
22107.952
40666.378
12372.1
22062.424
40630.829
12386.52
22038.367
40615.329
11431.467
18740.817
39810.17
10961.764
17336.209
38550.62
10943.969
17308.879
38533.059
10662.267
16930.109
38396.111
10693.564
16970.946
38394.416
2583.8953
6123.2488
25392.02
2634.6384
5886.7052
24145.607
2671.0895
5789.9369
23528.132
5301.6288
9601.053
11827.779
4586.1232
8598.8867
11215.245
4269.6374
7087.6424
11365.993
5497.3995
12016.346
22235.193
5976.6965
12268.949
34955.742
2357.9544
9855.2335
36763.795
2371.0672
10090.238
37294.121
2426.0667
10975.433
38981.375
2409.2866
10729.766
38543.955
3468.8507
15975.973
46198.057
13782.731
38538.161
35365.662
15034.063
39331.024
36559.669
15134.523
39260.392
36754.072
17390.939
36801.629
39223.142
17465.858
36644.876
39359.138
18121.317
34273.656
41211.371
18089.36
34500.124
41048.1
18190.044
29743.047
42865.618
17155.187
25525.086
43208.262
16691.856
24381.077
43335.514
16769.658
24826.004
43278.037
16207.033
23510.48
43522.205
16256.151
23585.075
43532.289
16154.598
23427.115
43508.015
16097.472
23351.942
43473.949
14016.141
18614.374
40398.855
14178.319
18776.693
40735.591
13340.381
17259.07
38271.341
13390.918
17296.709
38317.75
13565.272
17437.997
38514.121
13527.896
17399.031
38464.501
13501.721
17544.312
38665.506
13571.164
17585.552
38719.839
6659.7262
18504.317
55604.664
6595.1623
18271.894
55383.361
7527.3752
18300.576
42866.705
7558.762
18301.991
43077.455
46013.982
3964.2889
16854.264
46879.267
6127.5595
13908.877
45141.152
9037.3387
27440.306
36236.977
10752.382
16652.035
36312.766
10751.105
16636.985
36240.395
6120.5084
13726.172
44384.844
8989.9975
27175.966
36370.087
14191.536
18859.719
41096.737
12224.824
15668.127
31600.673
4539.0251
17571.546
47062.279
4552.6289
17550.5
47012.364
10990.396
16888.925
35525.677
10573.851
31691.207
35112.741
14162.867
18864.18
41065.954
14800.072
19747.269
41304.77
2384.4614
7740.9105
31449.372
4167.7531
17056.367
46976.133
9314.2805
28891.05
35683.759
10748.825
16738.901
36796.492
10765.307
16584.069
35704.027
11401.74
17579.753
36705.54
6035.8385
12561.416
38044.917
11399.322
34206.851
34686.251
12693.563
16604.56
37141.971
12464.456
16218.483
32490.707
4238.0433
6697.0113
13398.225
2378.652
8005.3471
32042.207
4255.5189
17202.458
47022.128
12853.465
16637.596
37555.678
9490.7057
29108.372
35652.924
4884.0933
17931.464
46889.584
10734.206
16750.123
36864.196
10765.886
16576.428
35618.235
6008.2156
12417.455
37064.724
11303.64
33917.43
34707.837
18100.845
29056.285
42892.04
18054.155
28887.671
42904.084
14448.532
19295.617
41144.089
14459.721
19161.746
41101.712
14374.04
19226.091
41122.833
12719.468
16596.156
37228.493
12795.246
16588.681
37527.847
2762.165
13578.074
43240.421
4080.1637
17039.645
46978.903
6153.2493
14526.382
47377.465
7063.8049
20051.048
56580.453
7665.0338
20022.938
52939.358
7740.0045
19994.432
52438.799
7607.1092
18130.904
46927.965
7655.423
18188.224
46448.087
9160.6957
28206.59
35938.542
6165.8237
19344.388
44955.515
6224.2855
19423.128
44909.317
6360.8068
19619.996
44736.522
11288.365
18339.766
39777.401
11285.106
18366.255
39868.531
11286.991
18326.458
39742.522
11278.659
18278.176
39639.362
10752.332
16688.358
36523.219
10756.482
16609.94
36019.811
11742.827
35232.667
34735.929
16399.307
37999.8
38230.093
15997.132
38242.937
38041.78
16509.042
37916.32
38297.468
16806.806
37619.101
38517.89
7699.3005
20156.003
53179.846
7713.1558
20394.377
53769.413
7650.505
18239.872
47129.966
7731.1273
18497.99
47721.131
14306.635
18931.721
41127.121
13720.515
17917.377
39230.184
7377.5071
20453.141
55689.628
7312.2108
20446.839
56027.601
7793.6413
19311.861
50142.913
7728.9221
19381.989
50678.562
7537.1971
17952.27
44733.748
10052.96
30305.033
35423.932
4464.7858
17515.507
47078.618
4707.6158
17715.543
46955.495
6802.2109
20168.559
44043.745
6663.9999
19955.929
44212.676
6841.2647
20236.434
43984.944
6927.2385
20408.957
43814.476
11431.389
18699.333
39810.83
11416.067
18659.728
39815.009
11334.051
18510.976
39851.189
11181.199
18010.641
39222.703
11214.15
18085.278
39319.698
11169.574
17986.503
39190.78
11131.242
17910.343
39096.983
10782.506
16571.846
35262.348
10905.38
32677.715
34906.27
15751.81
22099.686
42589.384
14652.117
19547.709
41223.796
7411.6902
20475.889
55591.327
7451.6585
20394.469
55171.382
7793.5022
19242.135
49953.417
7759.4447
18973.595
49380.581
2882.7623
14166.022
44135.24
2790.5721
13717.148
43481.881
4104.5673
17067.247
47014.894
7180.1754
20292.225
56416.021
7074.5404
20090.862
56556.966
7794.038
19817.825
51663.224
7765.9407
19980.833
52261.624
7643.9352
18131.222
45662.335
7660.6324
18176.34
46263.365
9197.4691
28409.034
35858.698
6482.801
19782.151
44491.683
6399.2344
19671.426
44673.893
7566.5329
21328.892
43092.969
7410.8013
21079.286
43294.507
7151.3002
20672.153
43532.098
7354.5012
20987.665
43359.285
7292.4679
20884.2
43423.14
7614.5315
21405.39
43024.165
7754.6419
21615.029
42830.807
7919.0882
21842.967
42583.738
7797.7351
21675.776
42770.699
9098.5842
22875.052
41530.911
8963.5767
22763.161
41660.29
8761.6204
22569.092
41852.104
8915.9138
22720.11
41706.508
9138.6202
22903.618
41491.318
9249.8516
22969.289
41387.026
9352.9441
22939.195
41274.62
9280.3362
22978.971
41357.009
12230.407
20282.338
40618.913
12232.132
20283.293
40588.402
12350.109
20543.189
40477.153
12221.608
20274.465
40562.688
12222.647
20274.21
40602.373
12189.124
20230.778
40539.675
12126.086
20141.535
40440.889
12174.963
20211.131
40523.769
11653.932
19329.242
39911.945
11715.135
19443.942
39965.692
11795.136
19592.529
40038.29
11735.624
19481.481
39975.655
11632.563
19290.823
39905.061
11568.871
19173.404
39864.759
11477.262
19016.595
39830.376
11545.761
19134.107
39851.038
11262.527
18347.002
39941.817
11282.098
18369.09
39893.25
11256.822
18199.161
39496.072
11274.168
18259.999
39602.191
10753.753
16703.548
36592.311
10755.945
16600.603
35942.459
5129.9119
11942.557
19210.243
6060.9272
12993.237
40846.96
11657.2
34994.916
34698.115
15827.659
38328.152
37969.03
16892.757
37508.787
38618.581
12264.062
15940.052
33928.687
12149.265
15862.184
33596.498
7564.3474
20357.678
54460.983
7700.957
20437.308
53965.742
7735.7508
18682.625
48509.049
7743.7017
18563.439
47932.808
2350.938
8598.6623
33689.363
2921.1402
14347.012
44362.548
14380.472
19019.866
41101.883
13918.815
18109.847
39523.899
13883.76
18066.231
39464.208
13761.656
17957.911
39294.484
13016.263
16759.451
37653.908
13061.634
16799.068
37695.276
12380.862
16159.422
34880.885
12456.101
16231.445
35177.598
12454.498
16260.382
35279.331
7201.3178
20331.291
56354.015
7285.1256
20418.292
56106.18
7777.999
19722.307
51466.774
7676.7891
19325.278
50824.141
7626.2107
18095.919
45470.945
7533.8704
17933.889
44887.218
9923.9409
29974.451
35503.115
4427.9349
17469.921
47079.388
4765.2702
17793.405
46955.421
6499.7246
19795.916
44435.087
6604.3296
19876.094
44253.004
7072.9458
20570.167
43558.324
6946.6138
20444.941
43758.486
8125.0833
21937.415
42167.549
8067.0809
22004.594
42330.429
7954.2504
21888.595
42535.169
8043.1945
21991.335
42383.897
8228.2118
22014.759
42156.99
8462.9674
22249.927
42083.042
8707.0697
22512.778
41898.843
8528.2623
22320.644
42040.624
9365.3145
22872.342
41236.47
9603.4675
22983.171
41235.909
12514.16
21015.894
40367.552
12535.657
21150.299
40361.571
12503.63
21329.448
40374.895
12538.994
21194.881
40362.744
12504.008
20970.048
40371.119
12466.338
20825.915
40391.49
12380.55
20607.564
40452.653
12449.793
20775.297
40403.14
11973.5
19907.331
40232.947
12031.592
20001.001
40316.678
12108.072
20115.496
40422.068
12051.682
20031.882
40335.57
11953.386
19874.351
40215.471
11894.034
19772.033
40137.25
11815.414
19629.685
40051.083
11874.19
19736.903
40121.972
11371.791
18821.41
39818.441
11453.336
18975.697
39826.262
11387.784
18860.66
39815.533
11253.423
18330.553
39935.344
11297.075
18444.304
39873.109
11249.599
18177.773
39458.981
11223.678
18108.174
39355.232
11119.074
17888.043
39067.702
10779.481
16572.893
35355.698
2788.7874
5541.1082
21638.055
2934.1207
5424.0981
19841.219
5644.9789
12062.799
24412.549
11013.62
33003.974
34840.639
18199.896
29567.493
42866.261
17903.285
28389.098
42942.888
17841.72
28219.858
42964.319
15767.082
22472.224
42837.768
15917.424
22744.256
43026.37
16119.979
23097.654
43287.886
15966.79
22833.421
43097.871
16138.453
23183.641
43355.171
15698.38
22381.529
42777.245
15556.438
21739.896
42363.391
15704.859
22010.149
42530.747
15505.03
21654.424
42310.013
14601.982
19483.663
41207.197
12789.913
16501.504
37457.938
12774.871
16535.252
37428.219
12286.826
15969.965
34036.376
12349.113
16132.199
34781.43
12315.85
16046.814
34358.224
12223.331
16069.68
34468.306
7514.3342
20296.564
54604.271
7489.5706
20436.604
55050.538
7718.6389
18693.758
48660.832
7724.5511
18849.931
49211.86
4012.3482
16934.789
46917.29
6141.2169
14144.11
45905.182
9084.8918
27710.783
36126.29
5130.9473
18153.106
46648.9
5082.2946
18087.087
46678.106
5174.3956
18211.314
46609.35
5208.8387
18252.479
46575.721
10680.844
16953.917
38302.786
10669.626
16940.177
38348.82
10689.808
16961.094
38254.131
10697.724
16965.519
38202.486
10751.484
16661.928
36383.301
10752.944
16628.644
36167.944
3738.9932
16441.847
46665.348
6108.0587
13539.916
43576.999
8932.0695
26883.119
36497.755
14218.904
18861.35
41111.729
12136.931
15486.413
31383.19
6461.5744
17267.876
53680.858
6412.7976
16954.566
53301.12
7929.6488
22248.907
38777.531
7857.7679
22009.665
38916.946
4519.9198
17573.203
47070.892
4563.3258
17507.682
46934.132
10716.295
16843.476
37374.809
10718.734
16858.092
37437.198
10713.302
16830.996
37313.619
10710.242
16815.907
37250.808
10837.03
16656.924
35195.34
10691.55
32019.7
35044.691
14716.384
19889.761
41376.191
14128.637
18858.229
41008.474
14755.74
19678.996
41281.618
6444.5022
17369.628
54026.217
8021.7866
22524.446
38662.824
8104.6996
22830.796
38533.728
2400.7482
7563.6641
30910.512
2414.7644
7376.8254
30317.352
4143.6489
17053.513
46978.55
12167.416
15569.366
32191.101
12185.133
15596.729
32309.219
6246.585
15438.644
49987.687
6217.6718
15191.088
49402.329
9266.5032
28724.541
35726.613
4917.7256
17960.1
46836.92
5306.8311
18272.137
46257.554
5299.6162
18295.164
46321.589
10723.176
16939.152
37861.9
10720.795
16947.293
37921.118
10752.595
16728.1
36728.508
10759.983
16587.027
35783.876
6033.3591
12659.181
38968.479
11485.649
34480.712
34667.361
18168.246
31465.081
42868.9
18177.935
30440.732
42880.052
18195.117
30608.162
42887.699
12662.62
16602.962
37061.227
18191.827
50325.76
8578.7083
25027.437
37399.739
8638.0247
25353.053
37231.604
4044.4702
6519.4088
13865.276
2353.4393
9466.7123
35813.21
2347.8885
9202.155
35279.884
2366.7765
8179.0918
32570.857
13370.646
17196.396
38179.111
13364.914
17161.55
38128.31
13112.098
16947.689
37859.221
13164.813
16986.922
37906.818
12911.081
16681.914
37590.402
13114.04
16874.541
37771.062
13036.4
16908.695
37819.655
12145.807
15547.19
32069.9
12122.381
15518.74
31950.205
6285.5922
15729.956
50580.333
6299.4424
15928.499
51113.617
7831.7286
21009.117
39710.2
9641.1369
29374.223
35618.325
4853.8586
17902.458
46914.759
5373.6083
18378.15
46232.899
10724.075
16929.665
37802.301
10724.904
16919.178
37742.288
10681.366
16756.624
36929.942
10771.694
16575.747
35534.424
2360.2095
9670.7292
36321.308
11214.184
33622.027
34739.835
18139.394
29225.215
42880.662
18153.603
30273.533
42867.449
18120.53
30100.043
42870.483
18007.641
28720.133
42911.693
17311.025
25973.629
43169.126
15054.882
20330.955
41586.736
15006.841
20255.869
41549.898
15101.152
20405.329
41624.912
15142.54
20483.28
41665.865
14501.773
19359.832
41163.501
12740.365
16588.545
37305.764
12712.167
16528.487
37515.112
8518.4093
24724.981
37568.291
8457.2026
24391.172
37734.85
2683.103
13151.556
42680.107
2730.9042
13380.859
42963.733
4051.3348
16994.68
46950.597
6141.9237
14313.811
46649.561
7016.841
19938.926
56565.516
7633.6878
19902.687
52742.892
7692.2112
19968.213
52592.441
7623.6214
18138.659
46772.12
7643.4123
18163.089
46615.016
9121.7914
27960.741
36038.843
4954.666
17907.356
46690.861
5025.5617
18007.611
46681.946
5262.1551
18311.284
46487.26
5238.5261
18288.793
46537.314
6078.3274
19251.95
45058.232
6093.1965
19254.447
44996.016
6274.555
19496.684
44857.961
6321.3334
19564.153
44798.588
11288.139
18351.171
39810.775
11287.496
18360.246
39841.419
11285.25
18312.46
39709.629
11282.38
18296.101
39675.941
10656.643
16921.822
38390.2
10710.014
16964.548
38093.552
10704.068
16965.664
38148.832
10752.859
16677.35
36453.848
10752.993
16615.286
36094.284
11827.397
35438.382
34809.474
16275.647
38083.337
38165.772
16146.768
38160.222
38110.707
16616.135
37822.723
38361.282
16713.173
37726.601
38437.041
6082.3582
13299.087
42706.074
7715.6642
20255.622
53363.726
7721.1085
20337.122
53564.752
7689.2407
18346.778
47355.706
7714.9661
18429.378
47528.078
8878.5013
26598.729
36625.948
8812.0721
26285.631
36771.366
3630.7042
6065.7362
15405.948
14247.91
18843.313
41134.969
13658.962
17886.11
39175.727
12080.776
15407.324
31440.346
12002.373
15429.206
31556.106
6382.722
16594.365
52500.679
6389.7772
16771.037
52912.55
7318.5388
20363.646
55787.675
7321.0199
20409.938
55898.429
7780.3159
19353.03
50362.288
7762.8614
19386.252
50551.775
7578.4446
18070.532
44396.016
7563.1432
18013.824
44578.16
7871.6443
21654.153
39246.386
7864.2818
21850.937
39092.735
10181.486
30657.147
35351.239
4498.6268
17556.008
47075.832
4641.5897
17626.515
46940.105
6762.3137
20105.504
44102.756
6714.701
20031.111
44156.185
6874.0989
20298.361
43927.982
6904.6693
20361.429
43871.121
11392.173
18614.841
39818.496
11364.884
18565.148
39834.127
11193.12
18036.909
39255.425
11203.714
18060.706
39287.201
11156.487
17959.634
39159.16
11144.148
17935.28
39127.269
10722.591
16884.065
37560.049
10721.068
16870.501
37498.604
10703.857
16789.885
37125.903
10707.171
16804.199
37188.625
10800.969
16590.81
35191.538
3140.2972
5452.3863
18050.657
3062.3912
5431.7397
18649.327
4542.1094
6587.036
10722.981
10794.586
32358.207
34971.06
15806.459
22285.83
42713.138
15794.913
22192.647
42648.342
14856.006
20039.262
41445.415
14796.342
19964.912
41410.577
14074.474
18843.587
40945.304
14706.792
19612.259
41253.571
7434.5491
20461.911
55459.139
7428.4245
20405.331
55330.747
7790.366
19169.334
49759.036
7778.6135
19070.913
49567.218
8254.4919
23449.525
38221.847
8181.1919
23128.481
38389.535
2841.0489
13979.475
43904.211
2813.0525
13825.848
43671.121
4126.7623
17063.548
47003.426
12185.538
15647.576
32553.489
12195.275
15619.047
32432.317
6219.7196
15042.025
48789.278
7133.2885
20212.464
56464.598
7074.6286
20090.708
56508.497
7791.6331
19888.965
51863.524
7787.9599
19950.937
52062.867
7652.528
18147.565
45873.54
7663.0864
18177.927
46066.494
9233.9757
28596.506
35789.158
4938.8526
17916.873
46730.348
4931.9964
17947.379
46797.687
5278.9434
18326.961
46451.721
5290.8668
18320.935
46406.371
6459.7483
19754.898
44545.864
6430.2772
19714.174
44614.88
7515.3509
21247.675
43164.73
7464.2569
21167.303
43229.01
7224.7379
20783.431
43482.107
7663.267
21479.185
42961.582
7709.1008
21547.449
42895.865
7880.5905
21790.541
42649.021
7840.7185
21736.404
42701.063
9054.9188
22840.329
41572.936
9010.9431
22804.659
41616.354
8815.1482
22623.339
41803.457
8865.5805
22672.846
41755.587
9179.5509
22930.92
41452.463
9215.1629
22951.167
41417.445
9332.4341
22970.766
41304.968
9308.4844
22980.783
41328.729
12234.11
20282.13
40624.793
12234.773
20276.782
40617.564
12313.535
20472.241
40503.229
12269.373
20383.972
40531.55
12213.272
20262.883
40581.257
12201.526
20248.226
40568.83
12143.186
20166.242
40474.082
12159.623
20189.497
40491.966
11674.297
19367.964
39933.832
11695.067
19405.836
39942.288
11775.655
19556.095
40012.012
11755.21
19519.038
40000.584
11611.773
19252.131
39884.708
11589.844
19212.475
39879.477
11500.053
19055.959
39837.804
11524.139
19094.798
39848.304
11271.055
18362.028
39934.437
11277.125
18367.9
39915.834
11263.518
18221.001
39533.106
11269.327
18240.987
39567.677
10714.279
16960.11
38037.048
10718.363
16954.756
37979.474
10752.47
16714.279
36660.547
10759.777
16596.025
35865.317
6062.1556
12854.861
39900.061
11575.615
34749.384
34673.124
17061.635
37246.385
38843.65
16979.852
37382.828
38722.574
18095.157
31682.296
42830.896
18210.857
31109.472
42896.803
18197.1
31278.935
42891.424
18212.473
30942.39
42893.151
18206.995
30773.627
42888.102
12611.068
16604.302
36965.677
12235.963
15916.031
33822.117
12203.925
15885.428
33711.105
7626.0761
20416.047
54314.437
7663.2816
20428.881
54138.227
7744.7647
18651.309
48307.871
7749.6583
18619.772
48111.899
8756.6647
25975.226
36940.332
8700.2686
25654.669
37091.804
3889.0941
6427.6372
14356.761
3742.3794
6247.0649
14883.5
2351.1025
8822.0232
34292.049
2346.6692
9007.6971
34786.912
2355.355
8358.4785
33093.119
14437.542
19092.6
41104.897
13948.583
18146.925
39579.591
13946.825
18190.982
39641.903
13842.88
18031.531
39405.244
13802.991
17989.736
39342.715
13294.082
17092.472
38039.642
13332.285
17126.537
38077.133
13254.278
17057.944
37993.238
13212.479
17021.317
37948.429
12964.58
16722.111
37625.344
13102.59
16836.688
37736.416
12409.33
16178.475
34978.729
12434.958
16208.016
35077.219
12058.419
15463.347
31699.284
12094.719
15496.508
31825.785
6356.2366
16395.899
52049.224
6289.4728
16039.56
51585.388
7200.2435
20294.297
56268.187
7234.5619
20332.975
56180.877
7755.4012
19597.664
51276.188
7716.194
19460.404
51046.701
7602.3929
18064.915
45297.619
7572.1699
17998.573
45105.504
7865.781
21454.012
39384.703
7851.989
21233.096
39542.558
9786.2408
29665.917
35564.429
4378.5122
17396.999
47075.928
4812.7225
17853.891
46936.642
6515.28
19791.616
44349.949
6534.7811
19797.275
44295.778
6977.3119
20454.645
43589.064
6963.2299
20456.106
43673.777
8101.7421
21964.286
42202.825
8085.1624
21999.489
42278.862
7987.5735
21931.295
42475.56
8017.3552
21965.44
42431.758
8314.6335
22090.294
42149.467
8391.5861
22172.506
42122.894
8649.7445
22451.503
41947.009
8590.7077
22388.841
41995.134
9443.3169
22892.598
41239.887
9525.4224
22932.749
41239.635
12522.963
21060.717
40363.833
12530.438
21105.645
40361.182
12532.129
21284.598
40373.133
12538.999
21239.607
40362.21
12492.618
20923.892
40374.911
12480.091
20874.986
40382.854
12407.556
20667.369
40433.15
12430.147
20722.223
40415.916
11992.477
19939.125
40265.308
12012.447
19971.107
40283.628
12089.658
20089.036
40388.332
12070.54
20060.158
40369.165
11933.526
19840.886
40184.026
11913.709
19806.763
40167.555
11834.786
19665.475
40078.78
11854.54
19701.843
40092.891
11344.902
18783.399
39812.211
11430.366
18937.17
39817.261
11408.337
18896.38
39818.94
11240.158
18303.636
39909.359
11255.767
18361.824
39900.861
11241.616
18155.472
39424.926
11233.212
18133.126
39391.205
11090.167
17840.518
39011.221
11108.392
17863.792
39033.639
10724.104
16896.027
37621.015
10724.505
16908.147
37681.884
10700.062
16780.103
37063.355
10694.667
16766.897
36997.857
10771.849
16569.724
35444.119
2833.1485
5494.2358
21034.945
2879.1808
5445.058
20430.036
5598.7741
12073.053
23333.679
11110.453
33314.508
34792.863
18176.209
29394.029
42870.294
18067.292
29919.096
42866.927
17955.982
28554.391
42930.876
17762.175
28042.064
42971.447
15820.45
22567.718
42908.394
15868.422
22653.404
42971.483
16072.163
23009.48
43223.989
16020.993
22923.214
43160.948
15607.03
21830.669
42417.083
15656.014
21918.593
42472.846
15445.799
21561.865
42256.84
15367.974
21470.597
42201.331
14908.185
20110.166
41481.318
14958.2
20184.284
41515.119
15151.066
20562.242
41706.865
14552.464
19420.749
41184.952
12789.726
16458.143
37491.616
12759.138
16565.529
37375.855
12306.994
15994.168
34141.129
12323.239
16022.39
34248.72
12313.966
16113.739
34681.8
12278.508
16086.207
34578.208
7519.0077
20387.151
54771.586
7519.8209
20432.043
54922.24
7684.7948
18666.293
48817.906
7682.5135
18719.717
49006.445
8322.8
23755.249
38068.697
8394.7998
24083.253
37895.125
12503.218
19250.435
40164.228
13116.173
17480.529
35193.654
40906.597
15172.316
23784.738
49369.73
14742.843
20696.63
42177.849
4489.2324
6814.6753
12118.713
4433.6804
11858.397
13464.537
4721.089
11506.211
14499.071
4761.0859
11268.697
15708.689
4826.8514
11452.452
17220.689
4030.4051
11468.262
12971.875
4124.2441
11801.659
13949.654
4603.2651
11388.6
15055.642
4660.8356
11570.453
16424.431
4431.0441
6880.8245
11742.056
)
;

boundaryField
{
    inlet
    {
        type            fixedValue;
        value           uniform 32;
    }
    outlet
    {
        type            inletOutlet;
        inletValue      uniform 32;
        value           nonuniform List<scalar> 
102
(
27.675743
27.676054
27.676579
27.677454
27.678642
27.68057
27.68356
27.688351
27.696943
28.062215
27.944566
27.859039
27.797114
27.752636
27.722027
27.701483
27.688122
27.681454
27.735933
27.713901
27.783272
27.745199
27.877543
27.80087
28.083943
27.914349
28.594976
28.170484
29.989097
28.821464
34.46446
30.647196
55.163237
36.937138
199.9039
69.786828
317.68551
286.21839
137.14574
303.36346
69.430316
111.99786
47.70452
61.808569
38.321992
44.679286
33.657219
36.844104
31.23423
32.904289
29.91457
30.827782
29.148858
29.685483
28.665584
29.00807
28.338195
28.572037
27.709515
27.699521
28.156621
28.256128
27.727788
27.720502
27.768477
27.755935
27.84716
27.821927
28.014881
27.959386
28.418285
28.279745
29.49261
29.113593
32.75165
31.533923
46.239908
40.611383
135.44049
94.36951
296.71443
329.18851
171.62275
220.57783
79.653529
93.408434
51.393357
55.974079
40.079066
42.171802
34.546396
35.597765
31.707975
32.259459
30.17639
30.478159
29.306557
29.484359
28.76839
28.881928
28.408597
28.486513
)
;
    }
    top
    {
        type            slip;
    }
    bottom
    {
        type            slip;
    }
    symFront
    {
        type            empty;
    }
    symBack
    {
        type            empty;
    }
    wing
    {
        type            omegaWallFunction;
        blending        binomial;
        n               2;
        value           nonuniform List<scalar> 
1073
(
14838.611
46826.739
35023.515
35094.149
35188.362
36393.045
46459.261
35280.71
43130.399
43017.403
43138.681
36485.014
12943.902
27225.171
26597.225
46380.565
35299.317
43001.319
43236.497
43254.895
40538.086
40607.131
42427.867
33031.724
32677.26
56571.19
41158.557
40689.866
45150.576
38764.228
38839.533
38739.322
38671.59
42149.646
41197.923
46632.3
35202.16
33144.032
33481.555
41784.904
56546.311
56399.651
41326.39
41854.945
16929.584
39053.73
44207.604
45911.721
46071.46
45860.241
45649.567
38450.576
38497.923
38436.408
38404.191
17478.933
32939.571
45948.756
35483.59
40088.627
39644.242
40239.879
40723.069
41961.335
42101.213
41918.937
41793.855
40873.508
38995.725
38825.214
54925.393
44012.576
43429.222
29057.986
29687.706
40052.603
40534.375
45396.629
45211.006
38948.515
38865.722
38584.961
38649.577
38407.521
38440.341
20138.424
40903.58
39787.511
46631.709
35224.791
38957.832
42771.686
42169.239
41529.921
41997.991
43081.463
43062.3
36773.405
36870.818
55939.359
56315.438
42545.621
42034.727
39870.089
46122.96
45458.597
45620.752
38979.058
38571.846
38515.79
38402.369
38398.018
24786.404
19226.92
21168.764
33941.502
37776.623
39430.843
38170.536
46066.7
35414.011
39091.049
39495.675
41362.814
40885.056
43184.061
43196.236
43312.535
43301.86
42151.433
41748.311
40323.558
40805.713
38223.237
38363.4
38560.214
38417.222
38780.621
38612.08
55793.352
55171.157
42694.347
43243.565
46749.814
34894.077
35137.26
45498.487
45347.594
39976.694
39910.985
35270.114
28740.477
27671.235
30918.097
29820.036
45651.617
45794.481
35774.353
35664.596
35905.381
36041.121
41341.921
40043.811
40105.121
27900.528
36293.051
35688.198
35784.9
46864.071
40787.089
40795.163
40883.447
40862.565
40790.27
40786.64
40796.676
40811.874
40450.521
40448.167
40478.729
40468.875
40456.014
40463.387
40582.271
40554.915
40459.841
40468.301
40565.162
40547.047
40447.441
40434.291
40381.092
40386.269
60833.342
46532.994
35255.115
37479.605
37786.409
43110.551
43033.679
43153.287
36583.642
12531.897
35590.446
35489.386
47058.122
41131.488
41160.038
41102.058
41072.213
40906.345
40930.925
40629.161
40650.847
40779.05
40759.258
40608.312
40588.021
40490.274
40504.667
40705.263
40711.888
40621.872
40646.791
40686.862
40676.859
40583.015
40600.078
26012.956
22280.705
22881.106
12365.338
36003.246
46296.554
35329.937
37210.601
36979.576
42987.74
43227.325
43391.035
43356.643
43270.751
43434.528
43495.69
43407.062
40470.385
40669.378
32920.419
32800.158
56561.309
40992.101
40827.255
38788.746
38813.587
38715.947
38694.693
38426.191
41811.041
41473.884
35176.842
33255.308
33368.204
56503.464
56452.594
41498.777
41676.008
16424.119
15919.187
45081.925
45239.442
39780.57
39846.739
39115.191
45963.519
46017.639
45790.379
45690.415
38465.19
38480.472
38422.555
38412.26
10718.304
11008.662
26601.922
25501.407
31949.499
45886.03
35562.463
36368.164
36201.658
39936.863
39784.918
40397.323
40559.241
42005.793
42051.937
41878.108
41835.986
40246.078
40180.098
38940.733
38885.05
54358.576
54654.019
43815.116
43622.026
28535.41
36189.633
36086.07
35983.914
35883.903
48098.124
40221.657
40386.66
45334.046
45272.078
40813.622
40802.93
40827.461
40843.79
40802.263
40789.326
40824.266
40823.841
40450.061
40447.865
40454.178
40460.649
40487.965
40474.48
40505.765
40527.408
40496.767
40489.295
40518.988
40531.024
40414.772
40424.764
40404.274
40401.121
38918.108
38891.713
38609.613
38629.222
38431.127
38430.445
18194.582
40139.41
40524.628
46602.968
35233.605
37877.201
42531.514
42335.783
41680.124
41840.025
43095.196
43051.727
36677.879
56068.982
56197.752
42386.766
42212.84
44896.584
44708.343
44518.871
39713.01
35384.724
46210.745
46171.724
45517.938
45570.211
41187.709
41213.74
41011.68
41042.375
40983.116
40957.033
40694.937
40672.701
40716.764
40738.516
40550.535
40568.82
40533.527
40519.086
40714.21
40717.114
40710.792
40680.899
40643.359
40666.378
40630.829
40615.329
39810.17
38550.62
38533.059
38396.111
38394.416
25392.02
24145.607
23528.132
11827.779
11215.245
11365.993
22235.193
34955.742
36763.795
37294.121
38981.375
38543.955
46198.057
35365.662
36559.669
36754.072
39223.142
39359.138
41211.371
41048.1
42865.618
43208.262
43335.514
43278.037
43522.205
43532.289
43508.015
43473.949
40398.855
40735.591
38271.341
38317.75
38514.121
38464.501
38665.506
38719.839
55604.664
55383.361
42866.705
43077.455
46013.982
46879.267
45141.152
36236.977
36312.766
36240.395
44384.844
36370.087
41096.737
31600.673
47062.279
47012.364
35525.677
35112.741
41065.954
41304.77
31449.372
46976.133
35683.759
36796.492
35704.027
36705.54
38044.917
34686.251
37141.971
32490.707
13398.225
32042.207
47022.128
37555.678
35652.924
46889.584
36864.196
35618.235
37064.724
34707.837
42892.04
42904.084
41144.089
41101.712
41122.833
37228.493
37527.847
43240.421
46978.903
47377.465
56580.453
52939.358
52438.799
46927.965
46448.087
35938.542
44955.515
44909.317
44736.522
39777.401
39868.531
39742.522
39639.362
36523.219
36019.811
34735.929
38230.093
38041.78
38297.468
38517.89
53179.846
53769.413
47129.966
47721.131
41127.121
39230.184
55689.628
56027.601
50142.913
50678.562
44733.748
35423.932
47078.618
46955.495
44043.745
44212.676
43984.944
43814.476
39810.83
39815.009
39851.189
39222.703
39319.698
39190.78
39096.983
35262.348
34906.27
42589.384
41223.796
55591.327
55171.382
49953.417
49380.581
44135.24
43481.881
47014.894
56416.021
56556.966
51663.224
52261.624
45662.335
46263.365
35858.698
44491.683
44673.893
43092.969
43294.507
43532.098
43359.285
43423.14
43024.165
42830.807
42583.738
42770.699
41530.911
41660.29
41852.104
41706.508
41491.318
41387.026
41274.62
41357.009
40618.913
40588.402
40477.153
40562.688
40602.373
40539.675
40440.889
40523.769
39911.945
39965.692
40038.29
39975.655
39905.061
39864.759
39830.376
39851.038
39941.817
39893.25
39496.072
39602.191
36592.311
35942.459
19210.243
40846.96
34698.115
37969.03
38618.581
33928.687
33596.498
54460.983
53965.742
48509.049
47932.808
33689.363
44362.548
41101.883
39523.899
39464.208
39294.484
37653.908
37695.276
34880.885
35177.598
35279.331
56354.015
56106.18
51466.774
50824.141
45470.945
44887.218
35503.115
47079.388
46955.421
44435.087
44253.004
43558.324
43758.486
42167.549
42330.429
42535.169
42383.897
42156.99
42083.042
41898.843
42040.624
41236.47
41235.909
40367.552
40361.571
40374.895
40362.744
40371.119
40391.49
40452.653
40403.14
40232.947
40316.678
40422.068
40335.57
40215.471
40137.25
40051.083
40121.972
39818.441
39826.262
39815.533
39935.344
39873.109
39458.981
39355.232
39067.702
35355.698
21638.055
19841.219
24412.549
34840.639
42866.261
42942.888
42964.319
42837.768
43026.37
43287.886
43097.871
43355.171
42777.245
42363.391
42530.747
42310.013
41207.197
37457.938
37428.219
34036.376
34781.43
34358.224
34468.306
54604.271
55050.538
48660.832
49211.86
46917.29
45905.182
36126.29
46648.9
46678.106
46609.35
46575.721
38302.786
38348.82
38254.131
38202.486
36383.301
36167.944
46665.348
43576.999
36497.755
41111.729
31383.19
53680.858
53301.12
38777.531
38916.946
47070.892
46934.132
37374.809
37437.198
37313.619
37250.808
35195.34
35044.691
41376.191
41008.474
41281.618
54026.217
38662.824
38533.728
30910.512
30317.352
46978.55
32191.101
32309.219
49987.687
49402.329
35726.613
46836.92
46257.554
46321.589
37861.9
37921.118
36728.508
35783.876
38968.479
34667.361
42868.9
42880.052
42887.699
37061.227
50325.76
37399.739
37231.604
13865.276
35813.21
35279.884
32570.857
38179.111
38128.31
37859.221
37906.818
37590.402
37771.062
37819.655
32069.9
31950.205
50580.333
51113.617
39710.2
35618.325
46914.759
46232.899
37802.301
37742.288
36929.942
35534.424
36321.308
34739.835
42880.662
42867.449
42870.483
42911.693
43169.126
41586.736
41549.898
41624.912
41665.865
41163.501
37305.764
37515.112
37568.291
37734.85
42680.107
42963.733
46950.597
46649.561
56565.516
52742.892
52592.441
46772.12
46615.016
36038.843
46690.861
46681.946
46487.26
46537.314
45058.232
44996.016
44857.961
44798.588
39810.775
39841.419
39709.629
39675.941
38390.2
38093.552
38148.832
36453.848
36094.284
34809.474
38165.772
38110.707
38361.282
38437.041
42706.074
53363.726
53564.752
47355.706
47528.078
36625.948
36771.366
15405.948
41134.969
39175.727
31440.346
31556.106
52500.679
52912.55
55787.675
55898.429
50362.288
50551.775
44396.016
44578.16
39246.386
39092.735
35351.239
47075.832
46940.105
44102.756
44156.185
43927.982
43871.121
39818.496
39834.127
39255.425
39287.201
39159.16
39127.269
37560.049
37498.604
37125.903
37188.625
35191.538
18050.657
18649.327
10722.981
34971.06
42713.138
42648.342
41445.415
41410.577
40945.304
41253.571
55459.139
55330.747
49759.036
49567.218
38221.847
38389.535
43904.211
43671.121
47003.426
32553.489
32432.317
48789.278
56464.598
56508.497
51863.524
52062.867
45873.54
46066.494
35789.158
46730.348
46797.687
46451.721
46406.371
44545.864
44614.88
43164.73
43229.01
43482.107
42961.582
42895.865
42649.021
42701.063
41572.936
41616.354
41803.457
41755.587
41452.463
41417.445
41304.968
41328.729
40624.793
40617.564
40503.229
40531.55
40581.257
40568.83
40474.082
40491.966
39933.832
39942.288
40012.012
40000.584
39884.708
39879.477
39837.804
39848.304
39934.437
39915.834
39533.106
39567.677
38037.048
37979.474
36660.547
35865.317
39900.061
34673.124
38843.65
38722.574
42830.896
42896.803
42891.424
42893.151
42888.102
36965.677
33822.117
33711.105
54314.437
54138.227
48307.871
48111.899
36940.332
37091.804
14356.761
14883.5
34292.049
34786.912
33093.119
41104.897
39579.591
39641.903
39405.244
39342.715
38039.642
38077.133
37993.238
37948.429
37625.344
37736.416
34978.729
35077.219
31699.284
31825.785
52049.224
51585.388
56268.187
56180.877
51276.188
51046.701
45297.619
45105.504
39384.703
39542.558
35564.429
47075.928
46936.642
44349.949
44295.778
43589.064
43673.777
42202.825
42278.862
42475.56
42431.758
42149.467
42122.894
41947.009
41995.134
41239.887
41239.635
40363.833
40361.182
40373.133
40362.21
40374.911
40382.854
40433.15
40415.916
40265.308
40283.628
40388.332
40369.165
40184.026
40167.555
40078.78
40092.891
39812.211
39817.261
39818.94
39909.359
39900.861
39424.926
39391.205
39011.221
39033.639
37621.015
37681.884
37063.355
36997.857
35444.119
21034.945
20430.036
23333.679
34792.863
42870.294
42866.927
42930.876
42971.447
42908.394
42971.483
43223.989
43160.948
42417.083
42472.846
42256.84
42201.331
41481.318
41515.119
41706.865
41184.952
37491.616
37375.855
34141.129
34248.72
34681.8
34578.208
54771.586
54922.24
48817.906
49006.445
38068.697
37895.125
40164.228
35193.654
40906.597
49369.73
42177.849
12118.713
13464.537
14499.071
15708.689
17220.689
12971.875
13949.654
15055.642
16424.431
11742.056
)
;
    }
}


// ************************************************************************* //
