/*--------------------------------*- C++ -*----------------------------------*\
| =========                 |                                                 |
| \\      /  F ield         | OpenFOAM: The Open Source CFD Toolbox           |
|  \\    /   O peration     | Version:  2412                                  |
|   \\  /    A nd           | Website:  www.openfoam.com                      |
|    \\/     M anipulation  |                                                 |
\*---------------------------------------------------------------------------*/
FoamFile
{
    version     2.0;
    format      ascii;
    arch        "LSB;label=32;scalar=64";
    class       surfaceScalarField;
    location    "3700";
    object      phi;
}
// * * * * * * * * * * * * * * * * * * * * * * * * * * * * * * * * * * * * * //

dimensions      [0 3 -1 0 0 0 0];

oriented        oriented;

internalField   nonuniform List<scalar> 
76766
(
9.5648648e-06
2.4947408
0.00027993181
2.49548
0.00079937843
2.4997308
0.0010760129
2.5047236
0.0016024
2.5037238
0.00037523779
2.5012274
0.0001915879
2.5001838
0.00024769689
2.499944
0.0003285786
2.4999192
0.00042239692
2.4999062
0.00059207896
2.4998303
0.00069948214
2.4998926
0.00070770864
2.4999917
0.00073020607
2.4999774
0.0008878654
2.4998422
0.0012225946
2.4996651
0.0014286082
2.4997937
0.0017167929
2.4997114
0.0020132613
2.4997031
0.0013931401
2.5006195
0.00068927671
2.5007032
0.0013507795
2.4993386
0.0013250329
2.5000259
0.00073479664
2.5005896
0.0015020353
2.4992321
0.001829596
2.4996722
0.0018091391
2.5000202
0.0018366163
2.4999725
0.0016512204
2.5001856
0.0015422153
2.5001093
0.0013083506
2.5002343
0.0011441291
2.5001646
0.00097128089
2.5001732
-4.251201e-05
2.5010142
-0.00022226671
2.5044302
-0.000292101
2.5053201
9.5663981e-05
2.5048625
-2.5635614e-05
2.4966215
-0.00015795896
2.4946326
2.4940922
0.00028216947
2.4944591
0.00055639378
2.4952062
0.0015906396
2.4986968
0.0026262871
2.5036881
0.0031758363
2.5031745
0.0015031097
2.5029003
0.0005557507
2.5011314
0.00067850037
2.4998214
0.00079751149
2.4998002
0.00096700105
2.4997367
0.0010899595
2.4997073
0.0012941874
2.4996882
0.0016437666
2.499642
0.0020604062
2.4995605
0.0024203978
2.499482
0.002648438
2.4994368
0.0029726322
2.4994692
0.0033155221
2.499368
0.0039171621
2.4991008
0.0048135467
2.4997221
0.0054608933
2.5000542
0.004983968
2.4998142
0.0051194174
2.4998888
0.0059306758
2.4997771
0.0048709061
2.5002904
0.0041879742
2.5003547
0.0038772536
2.5003309
0.0034720133
2.500378
0.0031492921
2.5005089
0.0026325174
2.5006268
0.0022479007
2.5006195
0.0019989178
2.5004142
0.0012471273
2.5009255
-0.00063625623
2.502898
-0.0010977485
2.5048922
-0.00061720059
2.5048399
-9.3953809e-05
2.5043396
0.00019603433
2.4963319
0.00022702547
2.4946019
2.4943194
0.00029125529
2.4941681
0.0005952199
2.4949024
0.0021467418
2.4971455
0.0029739365
2.5028611
0.0040665037
2.5020822
0.0031694338
2.5037976
0.0013366457
2.5029644
0.00072139462
2.5004367
0.00094052336
2.4995811
0.0012062931
2.499471
0.0015798381
2.4993338
0.001982882
2.4992852
0.0024563523
2.4991685
0.0029483258
2.4990685
0.0034927978
2.4989374
0.0040678447
2.4988616
0.0047173877
2.4988194
0.005326992
2.498758
0.0059487236
2.4984786
0.0067967798
2.4988739
0.0076217455
2.4992297
0.0075695672
2.4998659
0.0070124026
2.5004464
0.0070629588
2.4997264
0.0074652748
2.4998879
0.0070101845
2.5008097
0.0062888007
2.5010522
0.005748991
2.500918
0.0051321737
2.501126
0.0047134945
2.5010458
0.0042144708
2.5011189
0.003312543
2.5013165
0.0013108776
2.5029275
-0.0011998326
2.5054091
-0.00090234792
2.504595
-0.00088723233
2.5048251
-9.4015984e-05
2.5035466
0.00048963754
2.4957485
0.0003694388
2.4947224
2.494689
6.3881493e-05
2.4941045
0.00061997007
2.4943466
0.0024521054
2.4953136
0.0032853766
2.5020281
0.0041483583
2.5012194
0.0055520823
2.5023942
0.0029560195
2.5055606
0.0014829815
2.5019099
0.0015179561
2.4995462
0.0018883504
2.4991005
0.0022287195
2.4989933
0.0027673492
2.4987464
0.0033739981
2.4985617
0.0041129553
2.4983294
0.0048759068
2.4981743
0.0057412697
2.497996
0.0066390709
2.4979213
0.0075353875
2.4978613
0.0082890073
2.4977247
0.0089759193
2.4981869
0.0096618733
2.4985435
0.010454125
2.4990729
0.010706119
2.500193
0.010033468
2.5003989
0.0093161492
2.5006051
0.0089008627
2.5012246
0.0084585398
2.5014945
0.0077715026
2.5016054
0.0071032167
2.5017947
0.0061021352
2.5020473
0.0050617286
2.5021598
0.0036805709
2.5026981
0.00020110313
2.5064075
-0.0014314216
2.5070421
-0.0010091729
2.5041732
-0.0012736469
2.50509
0.00073960458
2.5015337
0.00074115743
2.4957472
0.00025441091
2.4952094
2.4949437
0.00031835301
2.4937864
0.00065789528
2.4940073
0.0012456519
2.494726
0.0041223488
2.4991516
0.004274124
2.5010679
0.0054570591
2.5012114
0.005230764
2.5057871
0.0022343828
2.5049064
0.0016152899
2.5001654
0.0020882365
2.4986277
0.0027094054
2.4983722
0.0034176721
2.4980382
0.0042433111
2.4977361
0.0051335561
2.4974392
0.0061724658
2.4971353
0.0072657973
2.4969026
0.0084015104
2.4967855
0.0095488822
2.4967139
0.010635264
2.4966382
0.011452916
2.4973695
0.011792434
2.498204
0.012092915
2.4987729
0.012586628
2.4997002
0.012668893
2.500317
0.012519219
2.5007547
0.012025465
2.5017185
0.011065116
2.5024549
0.010026468
2.5026441
0.0090042612
2.5028172
0.0082598819
2.502792
0.0073044986
2.5031154
0.004462989
2.5055399
-0.00017605032
2.5110468
-5.0647802e-05
2.5069169
0.00010220679
2.5040206
-0.00072246021
2.5059149
0.0012526965
2.4995588
0.0010503481
2.4959498
0.00063444232
2.4956256
2.4955782
8.9712834e-05
2.493697
0.00042208137
2.4936752
0.0010393023
2.4941091
0.0041634488
2.4960277
0.0043318408
2.5008997
0.0053072692
2.5002363
0.0075486517
2.5035459
0.0047068079
2.5077483
0.0023895209
2.5024827
0.0027154108
2.4983017
0.0033045013
2.4977833
0.0041147719
2.4972281
0.0050991602
2.4967519
0.0062565764
2.4962818
0.0075268814
2.4958651
0.0089089535
2.4955205
0.010367846
2.4953267
0.011829516
2.4952522
0.013211583
2.4952565
0.014369682
2.4962119
0.015626056
2.4969485
0.01633094
2.498069
0.017051497
2.4989803
0.016977223
2.5003916
0.015386511
2.5023456
0.014186715
2.5029174
0.013379009
2.5032624
0.012321599
2.5037016
0.011164677
2.5039743
0.0096388883
2.5043179
0.0078354959
2.504919
0.0045412545
2.5088345
0.00089580789
2.5146927
0.0013639414
2.5064492
0.00043613178
2.5049488
0.00010746554
2.506244
0.0020753445
2.4975913
0.0012916816
2.4967338
0.00052614095
2.4963914
2.4961047
8.6589276e-05
2.4936106
0.00019970461
2.4935623
0.00081334274
2.4934956
0.0027278387
2.4941134
0.0046762141
2.4989516
0.004924176
2.4999885
0.007040544
2.5014297
0.0071496661
2.5076393
0.0034052545
2.5062272
0.0028360435
2.4988712
0.0037054935
2.496914
0.0047203192
2.4962134
0.0058785561
2.4955937
0.0072177297
2.4949428
0.0087316437
2.4943513
0.010385436
2.4938669
0.012120131
2.4935921
0.013835987
2.4935366
0.015785899
2.4933069
0.01679866
2.4951998
0.017495445
2.4962525
0.018120204
2.4974451
0.018104193
2.4989971
0.018064056
2.5004316
0.017786378
2.5026227
0.01737905
2.5033236
0.016031943
2.5046097
0.014526627
2.505207
0.012954273
2.5055468
0.011743882
2.5055285
0.009341899
2.5073212
0.0040641084
2.5141125
0.0032591208
2.5154979
0.0027538629
2.5069547
0.00079717128
2.5069057
0.0031424559
2.5038989
0.0023063761
2.4984276
0.0015738116
2.4974666
0.00089043495
2.497075
2.4969952
0.000353671
2.4932572
0.00044954122
2.4934666
0.00058842261
2.4933569
0.0012394034
2.4934626
0.0046970969
2.4954941
0.0049752053
2.4997107
0.0065317194
2.4998734
0.010056288
2.504115
0.0035748567
2.5127087
0.0033731876
1.2504905
1.2485824
0.0043336413
1.2479804
1.2479733
0.0054303115
1.2475236
1.2475931
0.0067675424
1.2471017
1.2471548
0.0083598204
1.246624
1.2467265
0.010148751
1.2462198
1.2463426
0.012152878
1.2458313
1.2460314
0.014222635
1.2456226
1.2458998
0.016806553
1.2455415
1.2454113
0.022290779
1.2434161
1.2444069
0.022452123
1.240571
1.2544678
0.020894174
1.2491022
1.2487088
0.022991032
1.2480922
1.2472564
0.020673102
1.2496521
1.2516633
0.022197622
1.2508486
1.2480581
0.021793879
1.2509463
1.2520797
0.020155298
1.2521081
1.2528516
0.018453886
1.2530382
1.2532725
0.016854111
1.2532221
1.2535846
0.015084603
1.2534965
1.2538199
0.013099229
1.2536414
1.2538725
0.0097176943
1.2541428
1.2565602
0.0015592001
2.5222714
0.0032318097
2.5138257
0.0020570124
2.5081299
0.000795098
2.508168
0.0034155905
2.5012788
0.0028535552
2.49899
0.0020524333
2.498268
0.0010296656
2.498098
2.4980252
9.0687804e-05
2.4931666
0.00046312232
2.4930944
0.00058659356
2.4932336
0.0010217183
2.4930277
0.0029972042
2.4935188
0.0052900976
2.497418
0.0059702092
2.4991935
0.0089403282
2.501145
0.0015739572
2.5115906
0.0084846534
0.0014916885
1.2505728
0.0026808967
-0.0023557799
0.6236887
0.62396662
-0.0029843764
0.0032830019
0.62352785
0.62369716
-0.0036363777
0.0039883088
0.62329478
0.62345494
-0.0043857726
0.0048173814
0.62300839
0.62318397
-0.0052679457
0.005804149
0.6227463
0.62293721
-0.0063051498
0.0068699892
0.62250754
0.6227588
-0.0074044207
0.008437033
0.62210952
0.62248041
-0.0085812559
0.0094119644
0.62235868
0.62235206
-0.012830347
0.017873025
0.61615704
0.62221635
-0.020372796
0.023849114
0.61449644
0.62259831
-0.014682321
0.011554023
0.62811171
0.62411895
-0.0077482755
0.0076953557
0.6334347
0.61470862
-0.011426784
0.0092533469
0.62472219
0.6271042
0.00052932091
0.00032558915
0.62767017
0.62232173
-0.0064743834
0.01093627
0.6233829
0.62310295
-0.011030177
0.010783285
0.62626775
0.62608527
-0.010376303
0.010231045
0.62677791
0.62640543
-0.0095566322
0.0091331963
0.62699646
0.62664886
-0.0084767245
0.0080819369
0.62711445
0.62677695
-0.0074855806
0.0070690084
0.62719081
0.62686738
-0.0065315583
0.0071099793
1.2535647
0.0036092759
2.5240559
-0.0064566455
0.0010630472
0.0048106547
2.5126245
0.0031968373
2.5097439
0.0043942997
2.5069708
0.0044084971
2.5012648
0.0032829387
2.5001157
0.0020428502
2.4995083
0.00086921063
2.4992719
2.4988944
0.00010210964
2.4930648
0.00019482391
2.4930019
0.00058775084
2.4928409
0.00074491662
2.4928707
0.0017213146
2.4925427
0.0055278136
2.4936117
0.0063641447
2.4983574
0.0089685543
2.4985408
0.0098969714
2.5003618
0.010300608
-1.2556058
0.0063117866
1.2591911
-0.62396408
-0.00089796424
0.0010034925
0.62385859
-0.62348368
-0.0011890641
0.0012734916
0.62339923
-0.62319301
-0.0015169022
0.0016242205
0.62308575
-0.62288325
-0.0019171935
0.0020447173
0.62275573
-0.62259875
-0.0023966554
0.0026937441
0.62230162
-0.62082302
-0.0067941133
0.011394645
0.61622245
-0.61583696
-0.016136642
0.019431868
0.61254163
-0.62103788
-0.013255149
0.015331665
0.61896126
-0.61789278
-0.010890297
0.008131955
0.62065108
-0.62130299
-0.0074643807
0.0067783831
0.6219889
-0.6284393
-0.0063980659
0.0063616463
0.62847573
-0.63615732
-0.0065570001
0.0062229378
0.63649073
-0.62492112
-0.0069295551
0.0069066442
0.62494485
-0.62552091
-0.0045832635
0.00462934
0.62547402
-0.62089788
0.00052608367
-0.0037876691
0.62415958
-0.62439038
0.0057888961
-0.0039270152
0.62252731
-0.62638523
-0.0024548317
0.0042194423
0.62462079
-0.62700903
-0.0057633878
0.0056180443
0.62715439
-0.62715648
-0.0051729045
0.0050195186
0.6273101
-0.62723986
-0.0045925307
0.0044516861
0.62738095
-0.0038562247
-1.2565087
0.0028294902
1.2613921
-0.0038563017
0.0047132968
2.5157178
0.0013847422
0.0022405588
0.0039089498
2.5134292
0.002609771
2.5110434
0.0052661524
2.5043147
0.0046033814
2.5019278
0.0035429511
2.5011765
0.0022515544
2.5008
0.0012525646
2.5002711
2.5001473
0.00032730658
2.4927377
0.00044126372
2.4928882
0.00055455105
2.4927279
0.00098822169
2.4924373
0.001213209
2.4923179
0.0025245287
2.4923006
0.0064907161
2.4943914
0.0069611667
2.4980706
0.0071322152
2.4956673
0.0045236155
-1.2597546
0.015073106
1.2518139
-0.62606245
-0.0078994669
0.0043879759
0.62957402
-0.62317832
-0.0012033557
0.0013092533
0.6230725
-0.62262914
-0.002008269
0.0036303011
0.62100727
-0.61643051
-0.014390503
0.018367552
0.61245353
-0.61210439
-0.018268879
0.013361763
0.61701158
-0.62017559
-0.0054654758
0.004603932
0.6210372
-0.62117604
-0.0050325499
0.00512362
0.62108502
-0.62124516
-0.0055550594
0.0056574873
0.62114273
-0.62107101
-0.0062992415
0.0065256185
0.62084465
-0.62157103
-0.0071423616
0.0073313737
0.62138203
-0.62857236
-0.0072351142
0.0072246605
0.62858284
-0.63727506
-0.0074619185
0.0069593549
0.63777774
-0.62494636
-0.0078969787
0.0079137807
0.62492938
-0.62548898
-0.0069753413
0.0069377609
0.62552688
-0.62584792
-0.0068304482
0.0067404841
0.62593743
-0.62650099
-0.0064067217
0.0063240459
0.62658408
-0.62532043
-0.0046881104
0.0031849796
0.62682365
-0.62362473
0.0095085189
-0.011892736
0.62600914
-0.62564927
0.0066434714
-0.0031966252
0.62220264
-0.62786148
-0.0046731222
0.0043310654
0.62820374
0.0045059304
-1.2677401
-0.0056317337
1.2578775
0.0109888
0.0078835704
2.5142758
-0.0021555971
-0.004285795
0.0057206863
2.5155923
0.0074758835
2.5092884
0.0068124947
2.5049782
0.0052817998
2.5034587
0.0038985652
2.5025599
0.0024377023
2.502261
0.0013111744
2.5013979
2.5014584
8.2427974e-05
2.4926555
0.0001526196
2.4928183
0.00052783594
2.4923529
0.00066713822
2.4922982
0.0011339178
2.4918514
0.0019319278
2.4915029
0.0045103242
2.4918133
0.0066273439
2.4959538
0.00288089
2.4963932
0.0030208931
-1.2473365
0.0040713045
1.2461463
-0.62526389
-0.0021552342
0.0042933765
0.62312583
-0.62270028
-0.018812368
0.019071619
0.62244112
-0.61706806
-0.0088442445
0.0051781895
0.62073422
-0.62137808
-0.0030438787
0.0030758565
0.62134621
-0.62098336
-0.0035784131
0.0037398016
0.62082204
-0.62054582
-0.0043335576
0.004524732
0.6203547
-0.62045214
-0.0052084495
0.0054265085
0.62023413
-0.62048724
-0.0058575507
0.0060938272
0.62025102
-0.62018648
-0.0068978253
0.0071379123
0.61994643
-0.62077059
-0.007869457
0.008110197
0.62052991
-0.6285583
-0.0081279509
0.0081545307
0.62853175
-0.64381745
-0.0084379693
0.0077172694
0.64453816
-0.6238998
-0.007297183
0.0088683438
0.62232907
-0.62562087
-0.0080185155
0.008001966
0.6256376
-0.62619841
-0.0078650945
0.0077701364
0.62629321
-0.62694069
-0.0074657219
0.0073430531
0.6270634
-0.62744854
-0.0069061977
0.0067280597
0.62762676
-0.62796026
-0.006245732
0.0060471227
0.62815901
-0.62798713
-0.0054088235
0.0050024608
0.62839363
-0.62828152
0.0013866532
-0.0015333141
0.62842836
-0.0039183373
-1.2553062
0.0065732117
1.2568075
-0.0041558184
0.0085141785
2.5194502
-0.0071802369
-0.0065079124
0.0075800667
2.5165267
0.0084206915
2.5084481
0.0070250509
2.5063742
0.0056307824
2.5048532
0.0041096353
2.5040813
0.0028704468
2.5035004
0.0011836239
2.5030849
2.5026424
4.4379476e-05
2.4926113
0.00037988902
2.4924829
0.00046070584
2.4922723
0.00061739738
2.4921418
0.00081095993
2.4916581
0.0013508858
2.4909632
0.0025711747
2.4905932
0.0065010407
2.4920242
0.00277834
2.496459
0.0036570161
-1.246193
0.003004062
1.2459675
-0.62247111
-0.0016304632
0.0016970087
0.62240465
-0.62205592
-0.0019518974
0.0020659266
0.62194198
-0.62147896
-0.0023997153
0.0025119404
0.62136687
-0.62088207
-0.0029545615
0.0030976616
0.62073909
-0.62028886
-0.0036406031
0.0038410956
0.62008846
-0.61972199
-0.0044676806
0.0047070343
0.6194827
-0.61945475
-0.0054719814
0.0058711648
0.61905566
-0.62025725
-0.0077923775
0.006767088
0.62128258
-0.61913773
-0.0074458064
0.0077634819
0.6188201
-0.61979573
-0.0086410601
0.008925384
0.6195115
-0.62838488
-0.0090822097
0.0091531018
0.62831402
-0.64615735
-0.0095641809
0.0091798574
0.64654168
-0.61190792
-0.00056442569
0.006522811
0.60594931
-0.62581382
-0.0092496941
0.009160728
0.6259029
-0.62652668
-0.0089926671
0.0088895199
0.62662987
-0.62753378
-0.0084881899
0.0083319831
0.62769003
-0.6281756
-0.0078122169
0.0075914374
0.62839649
-0.62873961
-0.006999195
0.0067458624
0.62899307
-0.62899866
-0.006154181
0.0059219171
0.62923105
-0.62913955
-0.0052790098
0.0050605334
0.62935816
-0.0045557794
-1.2578133
0.0085100782
1.2583874
-0.0045280726
0.0098927845
2.5241726
-0.0078895245
-0.006725563
0.011572406
2.5148472
0.0099433364
2.5100773
0.0080010999
2.5083165
0.0059687239
2.5068857
0.0043685419
2.5056816
0.0027349896
2.5051341
0.0014540681
2.504366
2.5040964
4.3743264e-05
2.4925682
0.00032077357
2.4922065
0.00040439354
2.4921889
0.00049958287
2.4920469
0.00092820903
2.4912297
0.0011752621
2.4907164
0.0019506665
2.4898181
0.0048002523
2.4891749
0.0039564689
2.4917211
0.0055820475
-1.2464817
0.0036538594
1.2467845
-0.62219586
-0.0015803327
0.001622725
0.62215357
-0.62164807
-0.0019066795
0.0019713018
0.62158356
-0.62099371
-0.0023646659
0.0024814424
0.62087705
-0.62027126
-0.0029193558
0.0030945546
0.62009615
-0.61948164
-0.003646502
0.0038370133
0.6192912
-0.61875385
-0.004568908
0.0048072406
0.61851559
-0.61815458
-0.0056584376
0.0059442599
0.61786882
-0.62135817
-0.0066794352
0.0069559495
0.62108169
-0.61784901
-0.0080159118
0.0083619625
0.61750295
-0.6185919
-0.009445353
0.0097906555
0.61824669
-0.62800817
-0.010137632
0.010266522
0.62787932
-0.64751511
-0.010757516
0.010461905
0.64781073
-0.60577786
-0.0074857784
0.0012977852
0.61196586
-0.62600798
-0.010565167
0.010518546
0.62605454
-0.62694911
-0.010234487
0.010101876
0.62708171
-0.62826118
-0.0095796855
0.0093924496
0.62844849
-0.62909179
-0.0087163135
0.0084824765
0.62932572
-0.62967902
-0.0077340439
0.0074922781
0.62992089
-0.62994408
-0.0067420666
0.0065043405
0.63018189
-0.62999989
-0.0057715698
0.0055257895
0.63024578
-0.0049176842
-1.2597285
0.0093838645
1.2601465
-0.0048839127
0.012257698
2.5246098
-0.0080879708
-0.0046065997
0.011892033
2.5152131
0.0096528961
2.5123166
0.0077755136
2.5101941
0.0061951282
2.5084664
0.0045213882
2.5073555
0.0028826318
2.5067731
0.0015642458
2.5056845
2.5056609
0.00024078958
2.4923281
2.1739469e-05
2.4924265
5.4215693e-05
2.4921571
0.00065522307
2.4914461
0.00078591442
2.4910993
0.0010206183
2.490482
0.0016961579
2.4891428
0.0025370854
2.4883342
0.0045133349
2.4866239
0.0031210461
-1.2470956
0.0052412359
1.2463679
-0.62229802
-0.0012522889
0.0015435615
0.62200685
-0.6212619
-0.0017757217
0.0018909558
0.62114675
-0.62046952
-0.00223517
0.0023563018
0.62034849
-0.61960552
-0.0028045032
0.0029875394
0.61942257
-0.6186442
-0.0035879738
0.0037932115
0.61843902
-0.61771876
-0.0045518072
0.0048378088
0.61743281
-0.61690388
-0.0057763366
0.0060990934
0.61658121
-0.62027521
-0.007699052
0.0074534016
0.62052094
-0.61634831
-0.0085666584
0.0089828307
0.61593212
-0.61712867
-0.010296248
0.010723281
0.61670166
-0.62739019
-0.011298159
0.01148823
0.62720017
-0.6486558
-0.01209847
0.011846479
0.6489078
-0.61672155
-0.012210712
0.012460688
0.6164716
-0.6262751
-0.01210639
0.012016882
0.62636462
-0.62757531
-0.011603808
0.011418757
0.62776035
-0.62912498
-0.010766948
0.01049613
0.62939584
-0.63010897
-0.0096715069
0.0093912708
0.63038927
-0.63076141
-0.0084988516
0.0082121795
0.63104818
-0.63097996
-0.007364878
0.007070781
0.6312741
-0.6309988
-0.006235489
0.0059909263
0.63124344
-0.0052533802
-1.2623327
0.0077322622
1.2650554
-0.0052014002
0.015242664
2.5208608
-0.0059896017
-0.0055040386
0.013248954
2.5172069
0.011078073
2.5144876
0.0089009667
2.5123713
0.0064143243
2.5109531
0.0046565265
2.5091134
0.0031623709
2.5082673
0.0012852348
2.5075618
2.5069461
-3.7878009e-05
2.4923664
0.00018239229
2.4922068
0.00021046456
2.49213
0.00024286689
2.4914144
0.00035430219
2.4909882
0.00075830636
2.4900783
0.00092722091
2.4889742
0.001708964
2.4875527
0.0016234817
2.4857342
0.00097558549
-1.2453968
0.0037957497
1.2432247
-0.62398106
-0.0038900747
0.0040791556
0.62379208
-0.62087756
-0.0016341375
0.0017463792
0.62076538
-0.61993812
-0.0020866401
0.0022051162
0.61981977
-0.61889144
-0.0026807142
0.0028157839
0.6187565
-0.61775773
-0.003461181
0.0036763857
0.61754263
-0.61659172
-0.0044513876
0.0047582831
0.6162849
-0.61548569
-0.0057819814
0.0061673082
0.61510045
-0.62543318
-0.0080108709
0.0078044851
0.62563973
-0.61453783
-0.0090580572
0.0095541447
0.61404182
-0.61531603
-0.011178215
0.011701672
0.61479266
-0.62649119
-0.012565789
0.012852227
0.62620482
-0.64957305
-0.013653446
0.013466438
0.64976005
-0.62119824
-0.013722445
0.012198796
0.62272175
-0.62616425
-0.013650723
0.013679209
0.62613574
-0.62838317
-0.013163117
0.012896886
0.62864933
-0.63024745
-0.012023211
0.011709682
0.63056102
-0.63137008
-0.010674552
0.010330136
0.63171457
-0.63200872
-0.0092963218
0.00893237
0.63237274
-0.63220845
-0.0079395056
0.0075990633
0.63254894
-0.63211296
-0.0066633253
0.0063905183
0.63238583
-0.0055512975
-1.2690448
0.0067541611
1.2715877
-0.0037455152
0.015685421
2.5231323
-0.0090264072
-0.0089302794
0.013227547
2.5196649
0.010491649
2.5172237
0.0081894777
2.5146737
0.006498292
2.5126445
0.0047394774
2.5108725
0.0030196376
2.5099874
0.0016303085
2.5089513
2.5085767
0.00017747304
2.4921891
0.00010713184
2.4922773
5.7212662e-05
2.4921803
9.8502149e-05
2.4913742
0.0001436144
2.4909439
0.00053628048
2.4896859
0.00087560046
2.4886351
0.0013075789
2.487121
0.0010873744
2.4852884
0.00066620014
-1.2418287
0.0010402686
1.241876
-0.62138636
-0.001255721
0.0015165129
0.62112565
-0.6217791
-0.0043714101
0.0028092591
0.62334133
-0.61944111
-0.0018628575
0.0020027199
0.61930133
-0.61819919
-0.0024420635
0.0026017188
0.61803962
-0.61686411
-0.0031990601
0.0034686484
0.61659467
-0.61538654
-0.004272713
0.0045959394
0.61506337
-0.61391398
-0.0056955546
0.0061181795
0.61349139
-0.62175656
-0.009063828
0.012569709
0.61825094
-0.61235153
-0.0095231574
0.010100888
0.61177378
-0.61306413
-0.012085121
0.01273757
0.61241175
-0.62517796
-0.014013228
0.014420142
0.62477113
-0.65028204
-0.015451521
0.01534873
0.65038483
-0.62270504
-0.015934153
0.016038463
0.6226007
-0.62652591
-0.015640429
0.015515154
0.62665132
-0.62947895
-0.014813874
0.014513039
0.62977987
-0.63166832
-0.013400959
0.013000262
0.63206907
-0.63287848
-0.011731026
0.011310962
0.63329864
-0.63349414
-0.010049872
0.0096305512
0.63391352
-0.63358997
-0.008478758
0.0081179717
0.63395081
-0.63356365
-0.0069755486
0.0054994739
0.63503981
-0.0028736448
-1.2679973
0.010631713
1.2647428
-0.0045033852
0.017440508
2.5265015
-0.010682664
-0.01012704
0.014161092
2.5229444
0.01151541
2.5198694
0.0089293573
2.5172598
0.0068175087
2.5147564
0.004724891
2.5129651
0.0031942212
2.5115181
0.0015477588
2.5105979
2.5101243
-0.00011196378
2.4923014
3.8030206e-05
2.4921276
0.00019238849
2.4920262
-0.00013408309
2.4917012
0.00015994697
2.4906509
-5.5674512e-05
2.4899023
0.00020459341
2.4883752
0.00061528002
2.4867106
0.00087389429
2.4845847
0.00044538381
-1.2414492
0.00075280617
1.2415705
-0.62023937
-0.00034542893
0.0005996451
0.61998524
-0.62083659
-0.0014598973
0.0020329315
0.62026366
-0.61921566
-0.0016612241
0.0017181838
0.61915878
-0.61754456
-0.0021327138
0.0023100094
0.61736741
-0.6159136
-0.0028885023
0.0031077621
0.61569446
-0.61407536
-0.0039682275
0.0042755094
0.61376814
-0.61220054
-0.0054065762
0.0058620671
0.61174515
-0.61393596
-0.0075237134
0.0088509292
0.61260875
-0.60971516
-0.0098928711
0.010505545
0.6091024
-0.61025702
-0.012958786
0.013806824
0.60940939
-0.62329894
-0.015638401
0.016234011
0.62270339
-0.65059564
-0.017511428
0.017482591
0.65062461
-0.62230602
-0.018479898
0.018496974
0.62228972
-0.6273235
-0.017742858
0.017564852
0.6275019
-0.63092071
-0.01664671
0.016244831
0.63132284
-0.63344605
-0.014800741
0.01431825
0.63392864
-0.63472456
-0.012748797
0.012245685
0.63522777
-0.63520776
-0.01076336
0.010298401
0.63567277
-0.63515308
-0.0089832897
0.0085598888
0.63557654
-0.63962703
-0.0029476594
0.0042000187
0.63837472
-0.0062332206
-1.265437
0.011840884
1.2662139
-0.006384359
0.016903215
2.5306429
-0.010706236
-0.010338242
0.013448039
2.5263997
0.010569602
2.522748
0.0084446932
2.5193849
0.0064852516
2.516716
0.0047325264
2.5147181
0.0030073254
2.5132435
0.0016227014
2.5119826
2.5117474
9.3341185e-05
2.4922082
-5.3838401e-05
2.492275
-0.00019043332
2.492163
0.00018044588
2.4913306
-0.00017227498
2.491004
-9.3044585e-05
2.4898241
0.00013071491
2.4881521
9.3527139e-05
2.4867485
0.00025032627
2.4841453
0.00028260329
-1.2412411
0.000402562
1.2410892
-0.61994779
-0.00040356332
0.00039985595
0.61995157
-0.62135146
-0.0011797006
0.00072146766
0.62180981
-0.61853332
-0.0012576681
0.0013751631
0.6184159
-0.61690493
-0.0017491575
0.0019125418
0.6167416
-0.61498359
-0.0024484037
0.0026298718
0.61480221
-0.61279235
-0.0034413311
0.0037676221
0.61246604
-0.61037601
-0.0049475428
0.0054248404
0.60989886
-0.60843822
-0.0071609774
0.0078966197
0.60770248
-0.60724892
-0.010987989
0.010821539
0.60741518
-0.60665563
-0.013770121
0.014864134
0.60556149
-0.62063294
-0.017517752
0.018360712
0.61978996
-0.65045666
-0.020107017
0.020226168
0.65033784
-0.62202724
-0.021213489
0.021263343
0.62197808
-0.62853137
-0.020367839
0.020070274
0.62882922
-0.63282981
-0.018732391
0.018165221
0.63339715
-0.63567777
-0.016288194
0.015654516
0.63631155
-0.63690234
-0.013798127
0.013158502
0.63754202
-0.63716707
-0.011440552
0.010888408
0.63771927
-0.64002035
-0.0093142497
0.007969876
0.64136477
-0.6359331
-0.0073581449
0.007594937
0.63569634
-0.0065902876
-1.2677359
0.011964647
1.2688306
-0.0064689958
0.017625424
2.5345082
-0.010905911
-0.010584726
0.014410969
2.5296142
0.011658156
2.5255008
0.0090251612
2.5220179
0.0066287848
2.5191124
0.0045397794
2.5168071
0.0030611002
2.5147223
0.0012262077
2.5138177
2.5129734
-0.00020399386
2.4924125
-0.00040121572
2.4924725
-8.6378111e-05
2.4918485
-0.00024938033
2.4914939
-0.00016151301
2.4909165
-7.9390212e-05
2.4897426
-0.00068483454
2.4887587
-0.00020362326
2.4862677
-9.7226829e-06
2.4841903
-0.00023801835
-1.2409785
4.3050235e-05
1.2409263
-0.61974733
-0.00018602677
0.00017134892
0.61976219
-0.62528991
0.00013002912
-0.00027742334
0.62543739
-0.61813709
-0.00089823918
0.00097215716
0.61806321
-0.61635612
-0.001289534
0.0014302468
0.61621533
-0.61416579
-0.0018968962
0.0021020434
0.61396069
-0.61151685
-0.0028386496
0.0030936808
0.6112618
-0.6084942
-0.0042400469
0.0047302289
0.60800402
-0.60528969
-0.0064850834
0.0071578275
0.60461704
-0.60854149
-0.013214233
0.011806554
0.60994915
-0.6019719
-0.014446591
0.01579311
0.60062505
-0.61679641
-0.019724299
0.02094301
0.61557759
-0.6497039
-0.023530555
0.023994421
0.64923988
-0.62198424
-0.024728385
0.023784823
0.62292791
-0.63032679
-0.023538598
0.023070947
0.63079447
-0.63547168
-0.020993444
0.020190974
0.63627423
-0.63847729
-0.017795552
0.017025449
0.63924748
-0.63948181
-0.014690943
0.013959979
0.6402128
-0.63942748
-0.011987775
0.011363649
0.64005166
-0.64209645
-0.010003275
0.011171038
0.6409287
-0.63694006
-0.008281836
0.0076984276
0.6375235
-0.0066084771
-1.2703838
0.011879309
1.2715778
-0.0064647393
0.016456003
2.5388992
-0.010612658
-0.010234276
0.012918354
2.5331519
0.010043947
2.5283754
0.0077169432
2.5243451
0.0061120799
2.5207175
0.0047218603
2.5181975
0.0028293501
2.516615
0.001532767
2.5151144
2.5145065
-0.00025386141
2.4926664
-0.00025249277
2.4924713
-0.00049290602
2.4920891
-0.00071884771
2.4917201
-0.00043000675
2.4906279
-0.00064306387
2.4899558
-0.00059622235
2.488712
-0.00077506563
2.4864469
-0.00058057098
2.484636
-0.00064007489
-1.2409345
-0.00024879864
1.2406034
-0.6195049
6.1511224e-05
-0.00010561454
0.61954932
-0.62114939
-0.0032543672
0.0048715245
0.61953221
-0.61856395
-0.0039648155
0.003464383
0.61906444
-0.6158844
-0.00090727572
0.00086917834
0.6159226
-0.61349051
-0.0011614261
0.0013813594
0.61327069
-0.61042009
-0.001936227
0.002193816
0.61016251
-0.60664993
-0.0032282404
0.0036528238
0.60622525
-0.60232549
-0.0053781217
0.0061192841
0.60158409
-0.60912057
-0.010923285
0.015848954
0.60419514
-0.59588971
-0.014728004
0.016414085
0.59420341
-0.61131201
-0.02471339
0.024453449
0.61157186
-0.6478584
-0.027952919
0.028547967
0.64726293
-0.62661397
-0.029704826
0.029563532
0.62675419
-0.6327221
-0.027525051
0.026561831
0.63368493
-0.6390272
-0.023494383
0.022387009
0.64013466
-0.64194889
-0.019250294
0.018257068
0.64294218
-0.64258237
-0.015497344
0.014701297
0.64337844
-0.64204019
-0.012409365
0.0117705
0.64267909
-0.64033129
-0.010207175
0.0096758404
0.64086266
-0.64260094
-0.012288265
0.0085936955
0.64629556
-0.0065151252
-1.2731632
0.011889485
1.2743977
-0.0066088612
0.017060904
2.5425291
-0.010489581
-0.010201287
0.013603155
2.5366097
0.010911387
2.5310671
0.0083699691
2.5268865
0.0060581533
2.5230293
0.0040768813
2.5201788
0.0027490979
2.5179428
0.0013218414
2.5165417
2.5158282
-0.00030533857
2.4929721
-0.0006071957
2.4927734
-0.00090412757
2.4923864
-0.00094372479
2.49176
-0.0012235909
2.4909081
-0.0012397205
2.4899722
-0.00099637082
2.4884688
-0.001273938
2.4867246
-0.00073700067
2.4846103
-0.0005108071
-1.2405441
-0.0010259033
1.2408334
-0.61957557
0.00057124026
-0.000394046
0.61939856
-0.61858339
0.00042492755
-0.00039992025
0.61855836
-0.61689489
0.00022926498
-0.00014720754
0.61681296
-0.61708492
-0.0023298263
0.0035105917
0.61590424
-0.61374892
-0.0048193145
0.0038098816
0.61475817
-0.60947936
-0.0010754714
0.0011384553
0.60941631
-0.60503536
-0.0018061015
0.0022043568
0.60463699
-0.59935491
-0.003690521
0.0043927586
0.59865231
-0.59429064
-0.007281707
0.0094237649
0.59214847
-0.58831981
-0.014467375
0.016279917
0.58650719
-0.62676372
-0.02772947
0.028120759
0.62637204
-0.64433072
-0.033882194
0.034623059
0.64359015
-0.63163033
-0.033678259
0.030052491
0.63525591
-0.63718916
-0.031919243
0.030603464
0.638505
-0.64386138
-0.026118669
0.024624242
0.64535598
-0.64623912
-0.020558083
0.019347821
0.64744948
-0.64611776
-0.016107667
0.015185272
0.64704013
-0.64496324
-0.012343287
0.010685612
0.64662099
-0.64281021
-0.005409814
0.0039526297
0.6442675
-0.64676847
-0.002595087
0.0064207997
0.64294283
-0.0065618394
-1.2756967
0.011391885
1.2769959
-0.0061292434
0.014934701
2.5471412
-0.010063078
-0.0094835202
0.01178042
2.5397641
0.0090999484
2.5337477
0.007228742
2.5287578
0.0056082702
2.5246499
0.0041910558
2.5215962
0.0027293248
2.5194047
0.0013566842
2.5179145
2.5171852
-0.00035778859
2.4933299
-0.0004640567
2.4928799
-0.0008189356
2.4927415
-0.0011717851
2.4921131
-0.0015226485
2.4912592
-0.0016232603
2.4900731
-0.0017195135
2.4885652
-0.0018268962
2.4868321
-0.00087522391
2.4844924
-0.00083385041
-1.2414029
-0.0011732456
1.241701
-0.61960963
0.00082755304
-0.00078289871
0.619565
-0.6183954
0.00076709363
-0.00073141189
0.61835967
-0.61672452
0.00079983212
-0.0008343597
0.61675916
-0.61471605
0.0007929945
-0.00077723408
0.61469998
-0.61260229
0.00029742289
-0.00020089691
0.61250573
-0.61060476
-0.0021349408
0.0033456002
0.60939405
-0.60460305
-0.0036463594
0.0020350374
0.60621435
-0.5967795
-0.0012957561
0.0018239987
0.59625092
-0.58744806
-0.0041617394
0.0054160172
0.58619372
-0.5862998
-0.018625635
0.018207188
0.58671847
-0.61481116
-0.028111035
0.032123275
0.61079942
-0.63912331
-0.044343511
0.045870682
0.63759643
-0.63824168
-0.039336735
0.041655728
0.63592361
-0.64397843
-0.03735091
0.0352435
0.64608625
-0.65030284
-0.028881199
0.026470143
0.65271404
-0.65151804
-0.019173705
0.016716538
0.65397539
-0.65416305
-0.0096699696
0.0075396873
0.65629323
-0.65013471
-0.010359406
0.011238855
0.64925532
-0.64462954
-0.0097683101
0.0092104697
0.64518746
-0.642021
-0.0077062346
0.0072484085
0.64247888
-0.0059688885
-1.2785209
0.010716524
1.2798064
-0.0060330339
0.015073124
2.5509724
-0.0095659963
-0.009338477
0.011909241
2.5429279
0.0092207943
2.5364361
0.0071887133
2.5307898
0.0050901742
2.5267484
0.0033264006
2.52336
0.0022540929
2.520477
0.0010775365
2.5190911
2.5182625
-0.00041025367
2.4937405
-0.00082113761
2.493291
-0.0012343568
2.4931549
-0.00165156
2.4925306
-0.0018255005
2.4914335
-0.0022626387
2.4905105
-0.0027124368
2.4890153
-0.0029537544
2.4870736
-0.0015251465
2.4847891
-0.0017249949
-1.2421035
-0.0013817798
1.2419603
-0.6194351
0.0005920165
-0.00021816435
0.61906125
-0.61841522
0.00041998021
-0.00045989174
0.61845506
-0.6169629
0.00066442326
-0.0010319611
0.61733046
-0.6148331
0.0013281123
-0.0015034178
0.61500816
-0.61255221
0.001268443
-0.0014712358
0.61275482
-0.60868413
0.0017443401
-0.001793779
0.60873319
-0.60369383
0.0017766326
-0.0011876293
0.60310473
-0.59705235
-0.0040865192
0.0049704582
0.5961681
-0.5831029
-0.0025201725
0.0020439358
0.58357852
-0.56958775
-0.0064111396
0.010677858
0.56532037
-0.56898515
-0.031729424
0.044773813
0.55594537
-0.62786283
-0.050191149
0.058444999
0.61961468
-0.63874742
-0.055847553
0.053231404
0.64136551
-0.6567926
-0.03879436
0.033712617
0.66187512
-0.66204835
-0.025702168
0.024217219
0.66353355
-0.65839094
-0.021020947
0.020202212
0.65920983
-0.65441134
-0.016733374
0.015619611
0.65552516
-0.65124478
-0.012723199
0.011931053
0.65203707
-0.64699959
-0.0093710892
0.008773822
0.64759689
-0.64383385
-0.0072490036
0.0068023894
0.64428052
-0.0057583245
-1.2812317
0.0097714482
1.282514
-0.0052953878
0.012009048
2.5554313
-0.0084971601
-0.0079706013
0.0089765167
2.5459605
0.0069520863
2.5384606
0.0054474984
2.5322945
0.0042114772
2.5279845
0.0033945345
2.5241771
0.0019546515
2.521917
0.0010955062
2.5199503
2.5193584
-0.00046244109
2.494203
-0.00092740572
2.4937561
-0.0013983446
2.4936261
-0.0016294559
2.492762
-0.002375433
2.4921798
-0.0026482332
2.4907836
-0.0032024892
2.4895697
-0.0038160192
2.4876873
-0.0021702804
2.4854934
-0.0023501275
-1.2416661
-0.0020752058
1.2415712
-0.61987864
0.0013402949
-0.0012779449
0.61981631
-0.61854584
0.0014378078
-0.0015281736
0.61863619
-0.61713771
0.0017192034
-0.0017276652
0.61714619
-0.61544445
0.0018586647
-0.0016511025
0.6152369
-0.61273355
0.001915722
-0.0018618417
0.61267935
-0.60972218
0.0015683583
-0.0021582091
0.61031198
-0.60363734
0.0040359936
-0.0046503236
0.60425145
-0.59507215
0.0056075734
-0.0059957834
0.59546001
-0.58166981
0.0066762565
-0.0056880642
0.58068055
-0.55359833
0.00020303177
-0.00021033438
0.55360537
-0.025737759
-0.51810695
0.03569484
0.50814576
-0.09536062
-0.60584261
0.090182869
0.61102324
-0.067130154
-0.66276229
0.060658785
0.66923472
-0.67255433
-0.043227213
0.039727034
0.6760554
-0.66856635
-0.031001944
0.028432735
0.67113577
-0.66393078
-0.022051647
0.020233782
0.66574883
-0.65900119
-0.016015105
0.014887158
0.66012918
-0.65446219
-0.011974963
0.011138673
0.65529881
-0.650106
-0.0091154825
0.0085458344
0.6506756
-0.64557921
-0.0066024416
0.0061817505
0.64599999
-0.0051456805
-1.2840858
0.0081416399
1.2857704
-0.0046804725
0.011138101
2.5578287
-0.0071037514
-0.0064318709
0.0088254001
2.5482731
0.0068575915
2.5404284
0.0052479877
2.533904
0.0037418068
2.5294907
0.0023006681
2.5256183
0.0013316045
2.5228862
0.0004972595
2.5207849
2.5198556
-0.0002631622
2.4944664
-0.0010310311
2.4945242
-0.0013079082
2.4939032
-0.0021006304
2.493555
-0.002416067
2.4924956
-0.003269389
2.4916372
-0.0036725412
2.4899731
-0.0044037183
2.4884186
-0.0027921734
2.4863427
-0.0024605813
-1.2415706
-0.002992277
1.2417709
-0.62035825
0.0013318885
-0.0013147142
0.62034108
-0.61886566
0.0014310775
-0.0014681824
0.61890272
-0.61748874
0.0017862858
-0.0021186366
0.61782102
-0.61558352
0.0025873654
-0.0027657627
0.61576188
-0.61317223
0.0034568068
-0.0036744518
0.61338982
-0.61045013
0.0048094513
-0.0051487281
0.61078932
-0.60532422
0.0062896856
-0.0067684298
0.60580274
-0.5973202
0.0076232869
-0.008580492
0.59827707
-0.58250864
0.011959914
-0.013388698
0.5839368
-0.55206577
0.019047114
-0.021073693
0.55409226
-0.22458762
0.0147205
-0.016261356
0.22612641
-0.05063091
-0.33064961
0.089478118
0.35032224
-0.058518436
-0.078700711
-0.69943902
0.067446974
0.71069246
-0.6890273
-0.045241189
0.039909742
0.69435863
-0.67949974
-0.028609809
0.025948309
0.68216115
-0.67088543
-0.019606772
0.017902151
0.6725901
-0.66356626
-0.014267675
0.013229083
0.66460537
-0.65763952
-0.010399663
0.0095866777
0.65845271
-0.65237238
-0.0076716311
0.0072044318
0.65283957
-0.64658142
-0.0058299165
0.0044488941
0.64796267
-0.0036624202
-1.2871711
0.0072522345
1.2872776
-0.0036962248
0.0083973023
2.5612487
-0.0061432673
-0.0056740388
0.0060243072
2.5506461
0.0043790605
2.5420736
0.0029096977
2.5353734
0.0022074153
2.5301931
0.0018556481
2.5259703
0.0012791688
2.5234629
0.00075720293
2.521307
2.520613
-0.0005627208
2.4950291
-0.0011312819
2.4950928
-0.0017120022
2.494484
-0.0023131489
2.4941563
-0.0029436638
2.4931263
-0.0033718325
2.4920656
-0.0041134913
2.490715
-0.0049531896
2.4892585
-0.0028985074
2.4870794
-0.0027913954
-1.242065
-0.0028868061
1.2420534
-0.62004196
0.0015512666
-0.0018161005
0.62030676
-0.61924096
0.0020507375
-0.0021298152
0.61932
-0.61798742
0.0022219042
-0.0023874567
0.61815298
-0.61629301
0.0031975869
-0.0034175298
0.61651288
-0.61419684
0.0037946367
-0.0044746965
0.6148769
-0.61202752
0.0054883436
-0.0059462339
0.6124853
-0.60770445
0.0078311856
-0.0085734677
0.60844658
-0.601318
0.011109838
-0.012296081
0.60250392
-0.58994857
0.017484694
-0.020006412
0.59246956
-0.5677744
0.031041989
-0.03693044
0.57366244
-0.26340463
0.035531816
0.26926904
-0.019814682
-0.021582341
-0.060679113
-0.7422867
0.053489744
0.74947571
-0.037932052
-0.70830797
0.033877074
0.7123623
-0.68991809
-0.024565115
0.022225247
0.69225753
-0.6772438
-0.016940889
0.015444047
0.67874063
-0.66765901
-0.012028568
0.011323053
0.66836479
-0.66048285
-0.0090117847
0.0083265083
0.66116837
-0.65433993
-0.006684304
0.0062449348
0.65477947
-0.64958784
-0.0051250841
0.0047793742
0.64993366
-0.0032892353
-1.2884999
0.0054324831
1.2894393
-0.0030825169
0.0078559275
2.5628001
-0.0048675934
-0.0045398956
0.006426839
2.552075
0.0046264739
2.5438738
0.0033505679
2.5366492
0.0023082231
2.5312354
0.0010298806
2.5272485
0.0007602643
2.5237325
9.7793604e-05
2.5219694
2.5207106
-0.00060981568
2.4956391
-0.0012267465
2.49571
-0.0018582096
2.4951157
-0.0022638812
2.4945623
-0.0032045523
2.4940673
-0.0039493682
2.4928108
-0.0045178724
2.4912838
-0.0051973575
2.4899381
-0.0032055481
2.4879194
-0.0028315805
-1.2423788
-0.0034758542
1.2426492
-0.62068203
0.0019891399
-0.0021172578
0.62081011
-0.61965622
0.002364758
-0.0024586041
0.61975002
-0.61848482
0.0028950611
-0.0030791355
0.61866886
-0.61714915
0.0036191831
-0.0038442133
0.61737403
-0.61632314
0.0048590281
-0.0051655732
0.61662956
-0.61398328
0.006399012
-0.0068871804
0.61447128
-0.61080346
0.0088275453
-0.0096756431
0.61165142
-0.60636627
0.012875745
-0.014318872
0.60780905
-0.60003337
0.020129433
-0.022808687
0.60271217
-0.59194751
0.034747992
-0.040326157
0.5975252
-0.14524896
0.022788792
0.15650194
-0.013414094
-0.020628118
-0.036769028
-0.76523549
0.034369869
0.76762604
-0.026427079
-0.72226116
0.024652559
0.72403586
-0.69815167
-0.018542154
0.01694055
0.69975347
-0.68246342
-0.013250709
0.01205762
0.68365612
-0.67122197
-0.0095237105
0.0088118915
0.6719339
-0.66285486
-0.0069407247
0.0064367786
0.66335917
-0.6560007
-0.0051070246
0.0047963656
0.6563114
-0.65078213
-0.0039576025
0.0036847355
0.65105505
-0.002851665
-1.2904154
0.003945452
1.2922155
-0.0028937784
0.0040771121
2.5648245
-0.0031151977
-0.0029863222
0.0023260179
2.5538261
0.0017451223
2.5444548
0.0012071466
2.5371874
0.00092618369
2.5315165
0.00114003
2.5270349
0.00073134962
2.5241411
0.00035378327
2.5223468
2.5210645
-0.00065448898
2.4962936
-0.0010666663
2.4961222
-0.0017454462
2.4957946
-0.0024514196
2.4952684
-0.0029458011
2.4945619
-0.0037486291
2.4936138
-0.0048800542
2.4924154
-0.0058779604
2.4909362
-0.0037163912
2.4893291
-0.0035712914
-1.2432552
-0.003764014
1.2433029
-0.62101444
0.0021550296
-0.0021170282
0.62097639
-0.6201768
0.0024634093
-0.0025422865
0.62025565
-0.61917045
0.0030112781
-0.0032075924
0.61936675
-0.61805689
0.0038108753
-0.0041017865
0.61834769
-0.61771773
0.0052445694
-0.0055717095
0.61804471
-0.6161361
0.006964412
-0.0074769059
0.61664845
-0.61425481
0.00946096
-0.010316592
0.61511022
-0.61209755
0.013526857
-0.015002903
0.61357333
-0.61051594
0.020544462
-0.022928237
0.6128995
-0.61287526
0.032438327
-0.036323742
0.61676081
-0.013127243
-0.76561049
0.013686298
0.76506001
-0.014106433
-0.72852493
0.013575237
0.72905105
-0.703068
-0.011890915
0.010782042
0.70417614
-0.68607986
-0.0087093646
0.0079806525
0.68680679
-0.67377952
-0.0065466112
0.0061254136
0.67420129
-0.66464605
-0.004803554
0.0044677875
0.66498247
-0.65720096
-0.0035824481
0.0033135438
0.65747005
-0.65166102
-0.0028068939
0.0026120264
0.65185594
-0.0020442171
-1.29322
0.0036801931
1.2937144
-0.002130516
0.003103321
2.5662032
-0.0018790704
-0.0026032414
0.0024328655
2.5544965
0.0017044303
2.5451833
0.0011058653
2.5377861
0.00033939047
2.5322831
-0.00015907746
2.5275332
-0.00019018814
2.524172
-0.00010013099
2.5222566
2.5209639
-0.00069605256
2.4969899
-0.0014006052
2.4968269
-0.0021225019
2.4965167
-0.002873144
2.4960192
-0.0036643058
2.4953533
-0.004515344
2.4944651
-0.0054470407
2.4933474
-0.0064961733
2.4919855
-0.0036814619
2.4902898
-0.0037751097
-1.2436756
-0.0039973786
1.2439917
-0.62129361
0.002033994
-0.0022247839
0.6214844
-0.62064982
0.0025326065
-0.0026894989
0.6208067
-0.61986539
0.0031429202
-0.0033433527
0.62006576
-0.61907631
0.0039329216
-0.0043740002
0.61951732
-0.6191509
0.0053643975
-0.0057369566
0.61952336
-0.61826572
0.0070027702
-0.0075451976
0.61880805
-0.61759063
0.009463289
-0.010258212
0.61838535
-0.61748826
0.013196262
-0.014418937
0.61871048
-0.61943065
0.018989219
-0.020874534
0.62131576
-0.62717613
0.028041827
-0.030931313
0.63006518
0.00067544572
-0.76502684
0.00090652501
0.7634495
-0.0033263602
-0.72935503
0.0038156781
0.72886559
-0.7049927
-0.0049083513
0.0047169423
0.70517503
-0.68803651
-0.0036990929
0.00364341
0.68808784
-0.67514859
-0.0034585147
0.0032242407
0.67538737
-0.66581827
-0.0023449652
0.0023675268
0.66579689
-0.65799462
-0.0018026407
0.0017426031
0.65805517
-0.65223418
-0.0014087597
0.0013487211
0.65229379
-0.0012729086
-1.2939275
0.0020715906
1.2940829
-0.00095486404
-0.0015794298
2.5697295
-0.0015260577
-0.00042158539
-0.0017151424
2.5546321
-0.0015392777
2.5450077
-0.0015453495
2.5377926
-0.00091026021
2.5316482
-0.0008159683
2.527439
-0.00052870008
2.5238849
-0.00026643139
2.5219944
2.5206978
-0.00073474137
2.4977246
-0.0014780678
2.4975703
-0.002238989
2.4972776
-0.0030291285
2.4968095
-0.0038601008
2.4961844
-0.0045005167
2.4951057
-0.0054708451
2.4943179
-0.006554143
2.493069
-0.0038560668
2.4915267
-0.003934916
-1.2443731
-0.0041801243
1.2446973
-0.62183242
0.0023782092
-0.0024210036
0.62187521
-0.6211786
0.0027280406
-0.0028579855
0.62130855
-0.62058709
0.0033021993
-0.0034975851
0.62078237
-0.6211249
0.0043867087
-0.0046168644
0.62135492
-0.62055577
0.0054510988
-0.0057963053
0.62090093
-0.62028727
0.0069693213
-0.0074809468
0.62079887
-0.62057946
0.0091672681
-0.0098098667
0.62122201
-0.62199381
0.012197423
-0.013117626
0.62291393
-0.6259175
0.016374452
-0.017685929
0.62722844
-0.63655014
0.021459267
-0.022021924
0.63711311
0.015084724
-0.75457894
-0.012386214
0.75188118
0.0066799059
-0.72593978
-0.0054563159
0.72471762
-0.70458998
0.0029046978
-0.0022671398
0.70395498
-0.68795724
0.0011928521
-0.0011661015
0.6879334
-0.67543257
0.00050759931
-0.00048082508
0.67540806
-0.6659446
0.00021053451
-0.00017867333
0.66591322
-0.6582095
0.00015281575
-0.00010752648
0.65816131
-0.65234821
4.9110971e-05
-0.00014859165
0.65244599
0.00015262746
-1.2945803
-0.00027682229
1.2943956
0.00030820225
-0.0033476523
2.5710966
0.00037787822
0.001602504
-0.0037088267
2.5549931
-0.0030753472
2.544374
-0.0025261851
2.5372432
-0.0019853185
2.5311072
-0.0014238898
2.5268774
-0.00091536335
2.5233763
-0.0004592579
2.5215384
2.5202384
-0.00077000021
2.4984948
-0.0015486023
2.498349
-0.0023444988
2.4980736
-0.003169119
2.4976343
-0.0040333762
2.4970489
-0.0049544783
2.4960271
-0.0059509781
2.4953146
-0.0070517117
2.4941699
-0.0042360283
2.4927668
-0.0040555721
-1.2450772
-0.0045592361
1.2454006
-0.62226975
0.0024412068
-0.0024829324
0.62231151
-0.6216674
0.0028290713
-0.0029279277
0.62176622
-0.62125303
0.0033954947
-0.0035534732
0.6214108
-0.62201072
0.0043658745
-0.0046209034
0.62226561
-0.62182514
0.0053321317
-0.0056071953
0.62210011
-0.6220817
0.0066737142
-0.0070500572
0.62245807
-0.6230722
0.0084397016
-0.0089743097
0.62360691
-0.62533572
0.010787446
-0.011446156
0.6259944
-0.63022221
0.013648285
-0.014216772
0.63079058
-0.64171472
0.015302955
-0.01549192
0.64190347
0.025516874
-0.74260193
-0.022215782
0.7392999
0.014755695
-0.71998871
-0.013023992
0.71825779
-0.70158172
0.0089905616
-0.0080208137
0.70061393
-0.68670437
0.0057295561
-0.0051496698
0.68612609
-0.67465228
0.0037747554
-0.0034772321
0.6743583
-0.6654885
0.0027061877
-0.0024884524
0.66527069
-0.65795926
0.0019498893
-0.0017793828
0.6577883
-0.65221615
0.0014516638
-0.0013715791
0.65213629
0.0012855447
-1.2945106
-0.0023783871
1.2941503
0.0014533189
-0.0035980174
2.5703848
0.0019264987
0.0023833609
-0.0048680554
2.556263
-0.0042031161
2.543709
-0.0033647274
2.5364047
-0.0025870708
2.5303294
-0.0018594839
2.5261499
-0.001393589
2.5229105
-0.00044159214
2.5205864
2.519797
-0.00080240957
2.4992972
-0.001613088
2.4991597
-0.002189693
2.4986503
-0.0030445255
2.4984891
-0.0039365157
2.4979409
-0.005131866
2.4972226
-0.0061448215
2.4963277
-0.0072489458
2.4952742
-0.0040794914
2.4937373
-0.0041399992
-1.2457721
-0.004395122
1.2460878
-0.62256975
0.0024792128
-0.0025424892
0.62263304
-0.6221763
0.0028447604
-0.0029593216
0.62229082
-0.62185919
0.0033376301
-0.0035028128
0.62202429
-0.62286195
0.0042679492
-0.0044417808
0.6230357
-0.62289536
0.0050754765
-0.0053207212
0.62314052
-0.62351489
0.0061158076
-0.0064732243
0.62387223
-0.62503001
0.007518743
-0.0078939228
0.62540538
-0.62779773
0.0092429637
-0.0097777944
0.6283328
-0.63223062
0.011434939
-0.012091958
0.63288793
-0.63519943
0.014890897
-0.016896162
0.63720248
-0.07854731
0.005929793
-0.0098255709
0.082443096
0.031980956
-0.73006282
-0.028915695
0.72699698
-0.71252356
0.021239786
-0.01917038
0.71045439
-0.6971093
0.014276036
-0.012967331
0.69580094
-0.68394184
0.0098190896
-0.0089359134
0.68305876
-0.67303627
0.0067447161
-0.0061605201
0.67245142
-0.66422924
0.0048416877
-0.0044823645
0.66387016
-0.65715613
0.0036218538
-0.0033680059
0.65690231
-0.65173735
0.0027225337
-0.0025643998
0.65157946
0.0021294808
-1.2933996
-0.0043229985
1.2931022
0.0024912591
-0.0059157816
2.5687161
0.0038463336
0.00373818
-0.0075702128
2.5579173
-0.0061972829
2.5423358
-0.0047096474
2.5349168
-0.0038495516
2.5294692
-0.0028251434
2.5251253
-0.0018593703
2.5219446
-0.00092272691
2.5196498
2.5188741
-0.00083144449
2.5001288
-0.001670775
2.4999991
-0.0025255235
2.4995051
-0.0034058289
2.4993695
-0.0043199954
2.4988553
-0.0052814583
2.4981842
-0.0063019804
2.4973485
-0.0073993717
2.4963717
-0.0043922727
2.4949292
-0.0041987353
-1.2464444
-0.0046959136
1.2467482
-0.62287451
0.0024972284
-0.0025803634
0.62295765
-0.62261928
0.0028575416
-0.0029607735
0.6227224
-0.62238866
0.0032670518
-0.0036855762
0.62280722
-0.62355452
0.0041191874
-0.0042575994
0.62369282
-0.62378662
0.0047237415
-0.0048830872
0.62394582
-0.6246297
0.0054486995
-0.0056264824
0.62480735
-0.62635389
0.006225745
-0.0064435742
0.62657178
-0.62947162
0.0072180104
-0.0072406702
0.62949415
-0.63441751
0.0075191248
-0.0077979317
0.63469721
-0.64317993
0.0073173493
-0.0059263798
0.64178838
-0.17560802
0.0049558173
-0.0079571796
0.1786095
0.037658239
-0.71762488
-0.034396526
0.71436279
-0.70390241
0.026415625
-0.024146845
0.70163352
-0.69155215
0.018522507
-0.016961327
0.68999099
-0.68019356
0.01321791
-0.012143809
0.67911942
-0.67057686
0.0096374158
-0.0089105838
0.66985023
-0.66250291
0.0071604351
-0.0066465561
0.66198936
-0.65602462
0.0051679109
-0.0048144381
0.6556713
-0.65096666
0.0039571214
-0.0036991878
0.65070884
0.0031880083
-1.2923639
-0.006154494
1.2918193
0.0035113631
-0.008516442
2.566315
0.0058141966
0.0051034788
-0.0071101906
2.556511
-0.0076018807
2.5428275
-0.0062559258
2.5335708
-0.004831871
2.5280451
-0.0035298628
2.5238233
-0.0020619675
2.5204767
-0.0011457112
2.5187335
2.5177286
-0.00085792518
2.5009866
-0.0017230505
2.5008642
-0.0026021784
2.5003842
-0.0035043551
2.5002717
-0.0044364259
2.4997874
-0.0054095711
2.4991575
-0.0064317862
2.4983708
-0.0075149601
2.497455
-0.0044330292
2.4960824
-0.0042351438
-1.2470868
-0.0047208722
1.2473748
-0.62322711
0.0024974896
-0.0025739287
0.62330356
-0.62301347
0.0028225427
-0.0028878112
0.62307864
-0.62395519
0.0031933746
-0.0035402016
0.62430209
-0.62407736
0.0038629107
-0.0039651159
0.62417935
-0.62436486
0.0042873758
-0.0044061262
0.6244835
-0.62523
0.004672166
-0.0047228012
0.62528036
-0.62682723
0.0048535395
-0.004896367
0.62686856
-0.62955412
0.0046194924
-0.004488656
0.62942332
-0.63421074
0.0036330236
-0.0032626821
0.63384103
-0.63915815
0.0019954564
-0.0016603489
0.63882304
-0.35350162
0.019202661
-0.028984646
0.34859652
0.014687081
0.041655914
-0.7047011
-0.038497719
0.70154292
-0.69467958
0.030053888
-0.027722622
0.6923483
-0.6851068
0.021683217
-0.019963043
0.68338665
-0.67576388
0.015759162
-0.014570076
0.67457473
-0.66765528
0.011467326
-0.01061213
0.6668002
-0.66036598
0.0088375527
-0.0081910805
0.65971966
-0.65446963
0.0066721538
-0.0062604359
0.65405793
-0.64982495
0.0051799658
-0.0048793004
0.64952424
0.0041529908
-1.2903264
-0.0076219004
1.2898645
0.0039310593
-0.010720236
2.563599
0.0068604139
0.0065756626
-0.0085883022
2.554379
-0.0089268133
2.5431658
-0.0072408699
2.5318847
-0.0055250904
2.5263292
-0.003961111
2.5222592
-0.002756886
2.5192724
-0.0013626104
2.5173392
2.5163657
-0.00088136772
2.5018681
-0.0017694221
2.5017524
-0.0029208075
2.5015357
-0.0035907523
2.5009417
-0.004537258
2.500734
-0.005517824
2.5001382
-0.0065372591
2.4993904
-0.0076021098
2.4985199
-0.0044565351
2.4974453
-0.0045084203
-1.2476944
-0.0047268956
1.2479648
-0.62357499
0.0024872163
-0.0025562483
0.62364402
-0.62335659
0.0027759352
-0.0028535032
0.62343408
-0.62456112
0.003359635
-0.003435752
0.62463725
-0.62443213
0.0036518307
-0.0037450008
0.62452514
-0.62469462
0.0039036706
-0.0039325533
0.62472322
-0.62536316
0.003997171
-0.0039316319
0.6252972
-0.62658693
0.0036698068
-0.0034864087
0.6264036
-0.62849173
0.0026709475
-0.0022662482
0.62808712
-0.63158355
9.4423943e-05
0.00113655
0.63035283
-0.63848379
-0.0081198211
0.013018681
0.63358515
-0.69391451
0.030455157
-0.054029839
0.68926454
0.028224771
0.044002376
-0.69232168
-0.040914049
0.68923361
-0.68529661
0.032657185
-0.030297354
0.68293689
-0.67840503
0.024121354
-0.022175903
0.67645968
-0.67098801
0.017891928
-0.016703818
0.66979999
-0.66421774
0.013539177
-0.012606461
0.66328514
-0.65786041
0.010338168
-0.0097281193
0.65725056
-0.65267223
0.0079632935
-0.0074614786
0.65217056
-0.64851145
0.0061979712
-0.0058714016
0.64818479
0.0050129232
-1.2884569
-0.0089301046
1.2876102
0.0047639329
-0.012722958
2.5601383
0.0082722752
0.0079114703
-0.010171666
2.5518277
-0.010648031
2.5436422
-0.0081454215
2.5293821
-0.0064099625
2.5245937
-0.0046007187
2.52045
-0.0031718958
2.5178436
-0.0015666978
2.515734
2.5147992
-0.0009028564
2.502771
-0.0018116327
2.5026611
-0.0027314535
2.5024555
-0.0036686807
2.5018789
-0.0046275745
2.5016929
-0.0056139379
2.5011246
-0.0066296571
2.5004062
-0.0076749405
2.4995653
-0.0044722006
2.4985146
-0.004272003
-1.2482667
-0.0047261626
1.2485207
-0.62389251
0.0024765757
-0.0025640145
0.62397999
-0.62362528
0.0027571854
-0.0027983863
0.6236664
-0.62486144
0.0032857449
-0.0032934185
0.62486908
-0.62467992
0.0034879876
-0.0035239038
0.62471563
-0.62471564
0.0035985609
-0.0035982543
0.62471519
-0.6251451
0.0034562603
-0.0033548931
0.62504363
-0.62582395
0.0029626385
-0.0027159196
0.62557731
-0.62672994
0.001787306
-0.0013214694
0.62626419
-0.62734893
-0.0002589403
0.00080342617
0.62680437
-0.62567063
-0.0010065212
-6.562648e-05
0.62674292
-0.67832653
0.030554235
-0.055622128
0.67483254
0.028561775
0.045726781
-0.67990125
-0.042550219
0.67672472
-0.67582616
0.034129771
-0.031732055
0.67342849
-0.6712166
0.025742031
-0.023990709
0.66946541
-0.66595228
0.019502697
-0.018226765
0.66467626
-0.66053526
0.014934004
-0.014002529
0.65960371
-0.65516012
0.011544283
-0.01084922
0.65446513
-0.65060193
0.008962281
-0.0084579453
0.6500976
-0.64700538
0.0068191653
-0.0064757776
0.64666196
0.0055229998
-1.2860689
-0.010313553
1.2853526
0.0055068053
-0.014743918
2.5567757
0.0092713176
0.0088350138
-0.012091519
2.5491752
-0.010717058
2.5422676
-0.009464404
2.5281294
-0.007229558
2.5223587
-0.0054502029
2.5186706
-0.0033082663
2.5157016
-0.0017581206
2.5141838
2.5130409
-0.00092179066
2.5036929
-0.0018489377
2.5035884
-0.0027856879
2.5033923
-0.0039883963
2.5030817
-0.0049576007
2.5026622
-0.0056972691
2.5018644
-0.0067085037
2.5014175
-0.0077370631
2.5005939
-0.0044854549
2.4995502
-0.0042871789
-1.2488052
-0.0047249059
1.2490447
-0.62423297
0.0024642757
-0.0025207138
0.62428944
-0.62387522
0.0026913081
-0.0027476935
0.62393162
-0.62509325
0.003148737
-0.0031914651
0.62513583
-0.62481968
0.0033060342
-0.0033431224
0.62485645
-0.62469477
0.0033233975
-0.0033126366
0.62468383
-0.62475317
0.0030963544
-0.0029530364
0.62460977
-0.62489667
0.0024087756
-0.002139523
0.62462749
-0.62497432
0.0010670127
-0.00057437505
0.62448173
-0.62537015
-0.0012968458
0.0021080026
0.62455901
-0.6291613
-0.0059016626
0.007507021
0.62755593
-0.66498243
0.029559283
-0.055279013
0.66193523
0.02876666
0.045814003
-0.66760617
-0.042933277
0.66472542
-0.66634594
0.035044907
-0.032755603
0.66405685
-0.66436665
0.026625423
-0.024646163
0.66238752
-0.66087398
0.020395321
-0.019150897
0.65962951
-0.65677711
0.015845922
-0.014894613
0.65582571
-0.65227617
0.012422066
-0.011542914
0.6513972
-0.64837831
0.0095897406
-0.0090059097
0.64779432
-0.64555214
0.0075842254
-0.0071328635
0.64510063
0.0061769521
-1.283944
-0.011487892
1.2828639
0.0063910709
-0.016759164
2.5533444
0.010347426
0.0098430605
-0.013561382
2.5459774
-0.010135926
2.5388422
-0.010675477
2.5286689
-0.0082215447
2.5199048
-0.005736556
2.5161856
-0.0039130137
2.5138781
-0.0016803751
2.5119511
2.5113607
-0.00093930417
2.5046322
-0.0018832349
2.5045323
-0.0028354325
2.5043445
-0.0038001069
2.5040464
-0.0047790861
2.5036412
-0.0060250623
2.5031104
-0.0070335887
2.5024261
-0.0080486431
2.501609
-0.0045020701
2.5005572
-0.0045535608
-1.2493173
-0.0047296832
1.2495449
-0.62432711
0.0024591457
-0.0025361149
0.6244041
-0.62411518
0.0026898136
-0.0027387666
0.62416418
-0.6252974
0.0031142474
-0.0030966913
0.62527972
-0.62487667
0.0032004963
-0.0031990569
0.62487532
-0.62452782
0.0031358565
-0.0030837852
0.62447559
-0.62420461
0.0028234253
-0.0027256924
0.6241069
-0.62379923
0.0020909617
-0.0017586463
0.62346689
-0.6229581
0.00054500207
2.5204476e-05
0.62238789
-0.62160898
-0.0022375117
0.0031496714
0.62069686
-0.6181938
-0.005620636
0.0048546214
0.61895976
0.058382801
-0.65189383
-0.055158262
0.64866914
0.045252011
-0.65615536
-0.042422224
0.65332576
-0.6572829
0.03485648
-0.032601506
0.65502808
-0.65716305
0.026880995
-0.025221041
0.65550323
-0.65608643
0.020875767
-0.019438088
0.65464873
-0.65301983
0.016345318
-0.015423043
0.65209754
-0.64930053
0.012934981
-0.012208222
0.64857376
-0.64610067
0.01025084
-0.009682705
0.64553251
-0.64368751
0.0081940307
-0.0077525469
0.64324599
0.0064603868
-1.2811062
-0.012206737
1.2801995
0.0066529928
-0.018004055
2.5496695
0.011245667
0.010433044
-0.015088211
2.5430615
-0.010936404
2.5346903
-0.010764059
2.5284965
-0.0086309387
2.5177716
-0.0064762409
2.5140308
-0.00423261
2.5116344
-0.00209066
2.5098092
2.5092698
-0.00095480249
2.5055871
-0.0019137633
2.5054913
-0.0028798674
2.5053106
-0.0038566506
2.5050232
-0.0048450864
2.5046297
-0.0058453837
2.5041108
-0.0068538038
2.5034347
-0.0078619985
2.5026173
-0.0045248282
2.5015489
-0.0043287343
-1.2498082
-0.0047444441
1.2500278
-0.62465564
0.0024614236
-0.0025108075
0.62470503
-0.62513128
0.0026792046
-0.0029742654
0.62542635
-0.62536774
0.0031099397
-0.0031623046
0.62542007
-0.62486449
0.003199484
-0.0031714415
0.62483645
-0.62433215
0.0030395895
-0.0029798531
0.62427238
-0.62367878
0.0026773991
-0.0025250712
0.6235264
-0.62256146
0.0018392398
-0.0015350631
0.6222572
-0.62078438
0.00028284451
0.0002989078
0.62020262
-0.61772453
-0.0025538907
0.0035248145
0.61675365
-0.61141506
-0.0074052241
0.0084175996
0.61040266
0.055864688
-0.63820181
-0.052661525
0.63499868
0.043446702
-0.64500346
-0.040860765
0.64241756
-0.64853624
0.034115772
-0.032064684
0.64648508
-0.65069586
0.026502965
-0.024672923
0.64886582
-0.65103602
0.020552303
-0.01937279
0.64985664
-0.64940431
0.016255244
-0.01544315
0.64859229
-0.646435
0.013013069
-0.012249486
0.64567127
-0.64384902
0.010420567
-0.0098060941
0.64323458
-0.64173014
0.008395691
-0.0080536373
0.64138809
0.0071446428
-1.2788945
-0.01247558
1.2774237
0.0068016899
-0.01923819
2.5460892
0.011713996
0.011104555
-0.015390014
2.5392133
-0.011833407
2.5311337
-0.0087144829
2.5253776
-0.0094560479
2.5185132
-0.0068979657
2.5114728
-0.0042589656
2.5089954
-0.0022289273
2.5077791
2.507041
-0.0012207296
2.5068078
-0.0024450995
2.5067157
-0.0036757355
2.5065412
-0.0046641285
2.5060115
-0.0059134403
2.505879
-0.0071718069
2.5053692
-0.0084349707
2.5046979
-0.0096931497
2.5038756
-0.0045607449
2.5027864
-0.0063699209
-1.2502877
-0.0047771288
1.2505041
-0.62492562
0.0027283442
-0.0026268806
0.62482415
-0.62601071
0.0029674103
-0.0030360972
0.62607942
-0.62547491
0.0031691567
-0.0031959368
0.62550165
-0.62485198
0.0032593757
-0.0032327721
0.62482527
-0.62400756
0.003333533
-0.0031567251
0.62383067
-0.62305106
0.0027361099
-0.002575656
0.62289049
-0.62136131
0.0019501457
-0.0016419479
0.62105311
-0.61860488
0.00039578816
0.00015316885
0.61805589
-0.61393889
-0.0023398269
0.003367154
0.61291155
-0.60553293
-0.0081205735
0.010299156
0.60335431
0.051718761
-0.62460386
-0.04841784
0.62130294
0.040710453
-0.63495204
-0.038542329
0.63278391
-0.64053851
0.032403406
-0.03053048
0.63866566
-0.64435381
0.025546769
-0.023818096
0.6426251
-0.64643836
0.020001378
-0.018950194
0.6453872
-0.64612544
0.016151262
-0.015395285
0.64536947
-0.64362003
0.013110729
-0.012425658
0.64293492
-0.6415842
0.010506688
-0.0099813046
0.6410588
-0.63962046
0.0086773387
-0.0081351795
0.63907832
0.0071947045
-1.276101
-0.013050645
1.2751173
0.0068396392
-0.020715985
2.5429429
0.012254049
0.01160811
-0.015240275
2.5337376
-0.01232727
2.5282207
-0.0088316935
2.521882
-0.009442297
2.5191238
-0.0070130572
2.5090435
-0.0047538395
2.5067361
-0.0023498266
2.5053751
2.504691
-0.00098243953
2.5077903
-0.0019682703
2.5077016
-0.0029598483
2.5075329
-0.0039595236
2.5070112
-0.0049679825
2.5068875
-0.0059838733
2.5063852
-0.0070033882
2.5057175
-0.0080173551
2.5048897
-0.0046046684
2.5037835
-0.0044096156
-1.2507652
-0.0050875956
1.2512482
-0.62511846
0.0027708936
-0.0028177363
0.62516531
-0.6262391
0.0031608251
-0.0032063097
0.62628459
-0.62561219
0.0033731048
-0.0034041744
0.6256433
-0.62487776
0.0034634002
-0.0034735018
0.624888
-0.62380796
0.0034324155
-0.0033945909
0.62377013
-0.62240431
0.0033165122
-0.0029889724
0.62207676
-0.62017379
0.0023130641
-0.0021181076
0.61997871
-0.61649044
0.0010277812
-0.00043914059
0.61590163
-0.6101114
-0.0014700071
0.0025045067
0.60907675
-0.59762756
-0.0068020097
0.00819455
0.59623491
0.044960853
-0.61247725
-0.042413333
0.60992968
0.036599144
-0.6263263
-0.035635201
0.62536229
-0.63349846
0.03040712
-0.028766092
0.63185739
-0.63807699
0.024152447
-0.022628056
0.63655265
-0.64247452
0.018885385
-0.018005379
0.64159463
-0.64340882
0.015591049
-0.015064117
0.64288189
-0.6411388
0.012795464
-0.012074739
0.6404181
-0.63949008
0.010381468
-0.0098538798
0.63896246
-0.63780002
0.0085488714
-0.0080952725
0.63734643
0.0071437053
-1.2737988
-0.013439401
1.2730661
0.0070284368
-0.021933157
2.5395328
0.01288303
0.012460295
-0.015900374
2.5277048
-0.012406861
2.5247272
-0.0093313845
2.5188065
-0.0078250126
2.5176174
-0.0073113833
2.5085299
-0.0049529552
2.5043777
-0.0024496412
2.5028717
2.5022415
-0.00099452032
2.5087848
-0.0019920832
2.5086991
-0.0029950911
2.5085358
-0.0042571794
2.5082733
-0.0050244627
2.5076548
-0.0060505357
2.5074113
-0.007080635
2.5067477
-0.0081062166
2.5059154
-0.0046576608
2.5047902
-0.0044553039
-1.2525482
-0.0048834526
1.252774
-0.62715826
0.0025377793
-0.0025861622
0.62720666
-0.62665938
0.0027082521
-0.0027820953
0.62673327
-0.62604687
0.0028876387
-0.002924901
0.62608417
-0.62524275
0.0029863702
-0.0029827223
0.62523904
-0.62418901
0.0029517395
-0.0028906957
0.62412802
-0.62265933
0.00271731
-0.0025589686
0.62250106
-0.62017083
0.0022243299
-0.0020777029
0.62002421
-0.61622008
0.0012152429
-0.0008645953
0.61586955
-0.60917363
-5.0222828e-05
0.00030635617
0.60891727
-0.59352605
-0.0015601456
0.0014632867
0.59362233
-0.19031369
0.015871382
-0.036273552
0.46774325
-0.25702734
0.038834537
-0.60972581
-0.037946584
0.60883812
-0.70316479
0.034392001
0.04329214
0.62548055
-0.62844993
-0.029867295
0.024790265
0.63352681
-0.63204099
0.021747969
-0.020639121
0.63093215
-0.63907722
0.01727866
-0.016615564
0.6384142
-0.64124422
0.014878731
-0.013949148
0.6403146
-0.63861247
0.012242619
-0.011675083
0.63804496
-0.63752727
0.010151217
-0.0096546725
0.63703072
-0.63613781
0.008494168
-0.008083468
0.63572713
0.0072421891
-1.2722911
-0.014156371
1.2720875
0.0071178063
-0.019609719
2.5318609
0.013607244
0.013674288
-0.016371885
2.5244669
-0.0123449
2.5207002
-0.009719037
2.5161806
-0.0073907982
2.5152892
-0.0078065859
2.5089456
-0.0048664807
2.5014376
-0.0025321175
2.5005374
2.4997093
-0.0010054486
2.5097903
-0.0020139173
2.5097077
-0.003027789
2.5095497
-0.0040492841
2.5092949
-0.0053306952
2.5089362
-0.0063683638
2.5084491
-0.0074121392
2.5077916
-0.0084540383
2.5069574
-0.0049696364
2.5058253
-0.0045193394
-1.2522602
-0.0046813316
1.251972
-0.69453396
0.00026368843
-0.0026268411
0.69689715
-0.62684007
0.0027878255
-0.0028420857
0.62689438
-0.62618495
0.002969264
-0.0030158733
0.62623156
-0.62529482
0.0031399489
-0.003150373
0.62530524
-0.62410448
0.0031882064
-0.0031613345
0.62407763
-0.62235696
0.0031767904
-0.0031440335
0.6223244
-0.61972172
0.0030610085
-0.0029877864
0.61964874
-0.61554016
0.0030227293
-0.0030181358
0.61553578
-0.60879877
0.0034326197
-0.0037645331
0.60913105
-0.59793592
0.0062241218
-0.0078948076
0.59960717
-0.5028518
0.016061541
-0.023918009
0.51070884
-0.60907991
0.030117539
-0.030110962
0.60907357
-0.62259654
0.029585431
-0.028915852
0.62192685
-0.63050293
0.026605685
-0.025730976
0.62962813
-0.63457352
0.02320381
-0.02235465
0.63372431
-0.63638583
0.019989267
-0.019245495
0.63564207
-0.63686668
0.013584149
-0.012984991
0.63626759
-0.63657792
0.011519119
-0.011007922
0.63606675
-0.63571902
0.0097208826
-0.0093361818
0.63533433
-0.63460419
0.0081394151
-0.0078007194
0.63426551
0.0075120814
-1.2718738
-0.01599048
1.2719498
0.0084023254
-0.019363105
2.5222731
0.014955368
0.013995486
-0.016667088
2.5217709
-0.012642103
2.5166752
-0.0099940668
2.5135326
-0.0073727527
2.5126679
-0.007731377
2.5093043
-0.0052383699
2.4989446
-0.0023434776
2.4976425
2.4973659
-0.0010155012
2.5108058
-0.0020339605
2.5107261
-0.0030578965
2.5105737
-0.0040897267
2.5103266
-0.0051309605
2.5099775
-0.0061815004
2.5094996
-0.0074926871
2.5091028
-0.0085563459
2.5080211
-0.0050368381
2.5068897
-0.0045838565
-1.2524974
-0.0050244973
1.2524852
-0.62977113
0.0023430737
-0.00045736594
0.62788547
-0.62709482
0.0028512009
-0.0029117856
0.62715543
-0.6264133
0.0030887473
-0.0030957696
0.62642036
-0.62543837
0.0032860516
-0.0032893137
0.62544168
-0.62414358
0.0034225455
-0.0034767866
0.62419787
-0.62236379
0.0035968828
-0.0036843574
0.62245132
-0.61972623
0.0038211035
-0.0039499103
0.61985503
-0.61603273
0.0044098551
-0.0046190302
0.61624193
-0.61067143
0.0057606538
-0.0063641012
0.61127505
-0.6042183
0.0091796221
-0.010524685
0.60556384
-0.52816257
0.014938291
-0.019420489
0.53264525
-0.61059117
0.024071536
-0.024713762
0.61123355
-0.62066863
0.024952187
-0.024759733
0.62047647
-0.62758497
0.023630891
-0.023077218
0.62703111
-0.63160066
0.021259065
-0.02061095
0.63095248
-0.63356345
0.018725326
-0.018115295
0.63295341
-0.63444229
0.016325788
-0.015728048
0.63384457
-0.63443263
0.014143132
-0.013610618
0.63390012
-0.63389893
0.01212883
-0.011678777
0.63344889
-0.63305842
0.010411365
-0.010019713
0.63266679
0.0092186647
-1.2707686
-0.015641458
1.2676136
0.0095778467
-0.018920691
2.5179081
0.012119641
0.011165993
-0.017560395
2.5204106
-0.012314299
2.5114291
-0.010171889
2.5113902
-0.0072839545
2.5097799
-0.0040984928
2.5061188
-0.0053274863
2.5001736
-0.0026398805
2.4949549
2.4947259
-0.0010243752
2.5118303
-0.0020519233
2.5117537
-0.0030852932
2.5116071
-0.0043790163
2.5116204
-0.0054313663
2.5110299
-0.0064949051
2.5105632
-0.0075714941
2.5101795
-0.0086576255
2.5091073
-0.0051059476
2.5082395
-0.0049013298
-1.253028
-0.0053556971
1.2532779
-0.62655565
0.0029088571
-0.0025751827
0.62622201
-0.62732591
0.0029192594
-0.0029863444
0.62739302
-0.62658402
0.0031885318
-0.0032563281
0.62665187
-0.62560338
0.0033879892
-0.0035336778
0.62574908
-0.62437834
0.0037334848
-0.003790061
0.62443494
-0.62263135
0.0040366089
-0.0041417926
0.62273654
-0.62024538
0.0045241887
-0.0047143959
0.62043557
-0.6171279
0.0054020621
-0.0056372378
0.61736311
-0.61310283
0.0069935075
-0.0076129398
0.61372235
-0.60909326
0.010066618
-0.011112003
0.61013883
-0.5435885
0.013743862
-0.016780158
0.54662494
-0.61330122
0.020099526
-0.020744642
0.61394638
-0.62014971
0.021634151
-0.021646032
0.62016102
-0.62568112
0.020912545
-0.020586456
0.625355
-0.62934055
0.019364416
-0.018851854
0.62882802
-0.63127478
0.017401286
-0.016906094
0.63077963
-0.63224578
0.015371796
-0.014976091
0.63185004
-0.63247071
0.013522526
-0.013050064
0.63199827
-0.6321334
0.011790197
-0.011355412
0.63169861
-0.63153626
0.010213645
-0.009848447
0.63117104
0.0068006075
-1.2658019
-0.012696286
1.2630028
0.008694822
-0.018547749
2.5142066
0.011237734
0.011011523
-0.01528973
2.5171526
-0.011864929
2.5080043
-0.011004232
2.5105295
-0.0073693503
2.5061451
-0.0041754572
2.5029249
-0.0051279603
2.5011261
-0.0026665617
2.4924934
2.4920595
-0.0010323289
2.5128626
-0.0023198544
2.5130412
-0.0033616039
2.5126488
-0.0041609612
2.5124197
-0.0054758561
2.5123447
-0.006552648
2.51164
-0.0076464575
2.5112734
-0.0090082645
2.5104692
-0.0051741638
2.5093713
-0.0049659214
-1.2535807
-0.0054344218
1.2538411
-0.62645825
0.002956255
-0.0028915764
0.62639361
-0.62760769
0.0029611284
-0.0030608909
0.62770747
-0.62687271
0.0032867349
-0.0033645195
0.62695051
-0.62591105
0.0036093019
-0.0036958123
0.6259976
-0.62476288
0.0039759335
-0.0040038624
0.62479084
-0.6230997
0.004426817
-0.0045622759
0.62323517
-0.62098417
0.0049969087
-0.0052189415
0.6212062
-0.61834701
0.0059677601
-0.0063564102
0.61873569
-0.61544903
0.0076095504
-0.0081461647
0.61598569
-0.61275183
0.010152608
-0.010967209
0.61356653
-0.55441048
0.012614254
-0.014889427
0.55668561
-0.6156605
0.0172864
-0.017805711
0.61617942
-0.62038274
0.018649047
-0.018641559
0.62037576
-0.6245282
0.018556955
-0.01839814
0.62436994
-0.62764326
0.017603866
-0.017229013
0.62726873
-0.6295207
0.016128983
-0.015676353
0.62906806
-0.6304889
0.014518805
-0.014089718
0.63005972
-0.63072115
0.012876726
-0.012511965
0.63035643
-0.63055562
0.011367924
-0.010998784
0.63018653
-0.6300733
0.0099087307
-0.0095712864
0.62973587
0.0086484007
-1.2586854
-0.016157534
1.2576871
0.0085074636
-0.025085517
2.5099297
0.015031386
0.014330949
-0.015129978
2.507197
-0.011808201
2.5046825
-0.0089980858
2.5077194
-0.0078932343
2.5050402
-0.0037088931
2.4987405
-0.0024009067
2.4998181
-0.0026793011
2.4927718
2.48938
-0.001039006
2.5139017
-0.0020816927
2.5140839
-0.0031309529
2.5136981
-0.0044423301
2.5137311
-0.0055154166
2.5134178
-0.0068565996
2.5129813
-0.0079664267
2.5123833
-0.0090988304
2.5116017
-0.0052370251
2.5105351
-0.0050254067
-1.254155
-0.0055084808
1.2544265
-0.62662579
0.0027490885
-0.0029911888
0.62686793
-0.69754442
0.00045148066
-0.0031305063
0.70022348
-0.62720062
0.0033523042
-0.0034635754
0.62731192
-0.62627741
0.0037395641
-0.0038382966
0.62637617
-0.62512307
0.0041361349
-0.0042792933
0.62526626
-0.62367463
0.0046814729
-0.0048369054
0.62383008
-0.62182457
0.0053828625
-0.0055981459
0.62203987
-0.61971195
0.0064090565
-0.0067270029
0.62002993
-0.61753754
0.0078980788
-0.0083518227
0.61799135
-0.61555368
0.010016315
-0.010593498
0.61613093
-0.56276915
0.011634357
-0.013457774
0.56459255
-0.6175896
0.015187344
-0.015596208
0.61799859
-0.62066668
0.016473124
-0.01658331
0.62077681
-0.62394362
0.016607908
-0.01646818
0.62380376
-0.62645898
0.015994019
-0.015710664
0.62617592
-0.62805376
0.014914244
-0.014587055
0.62772653
-0.62892103
0.013587042
-0.013271876
0.62860575
-0.62926387
0.012255311
-0.011915955
0.62892448
-0.62911235
0.010881437
-0.010551052
0.62878199
-0.62874857
0.0095865977
-0.0092772422
0.6284392
0.0084204896
-1.256303
-0.01577374
1.255375
0.0082811821
-0.024668702
2.5058623
0.014711896
0.014024323
-0.020912525
2.5034409
-0.017426525
2.5011966
-0.0089029037
2.4991958
-0.0063539224
2.5024912
-0.0034450891
2.4958317
-0.0026478878
2.4990209
-0.0026764254
2.4928004
2.4867037
-0.0012967408
2.5151984
-0.0020927564
2.5148799
-0.0034004267
2.5150057
-0.0044672568
2.5147979
-0.0055488386
2.5144994
-0.0066492955
2.5140817
-0.0077739654
2.5135079
-0.009179228
2.5130069
-0.0052932489
2.5119786
-0.0053296035
-1.2550024
-0.0055742579
1.2552835
-0.6271613
0.0030401524
-0.0030592947
0.62718047
-0.62874643
0.0033160193
-0.0031306787
0.62856112
-0.62756118
0.0034561538
-0.0035484936
0.62765355
-0.6266876
0.0038229306
-0.0039558176
0.62682051
-0.62561352
0.0043073704
-0.0044362198
0.6257424
-0.62431401
0.004872091
-0.005037666
0.6244796
-0.62272333
0.0056094276
-0.0058315861
0.62294552
-0.6209936
0.0066345485
-0.0069151561
0.62127424
-0.61924326
0.0079592234
-0.0083816015
0.61966571
-0.61764246
0.0097339344
-0.010161911
0.61807051
-0.56956046
0.010833976
-0.012339188
0.57106572
-0.6190822
0.0136969
-0.014027362
0.61941275
-0.62104073
0.014771292
-0.014931095
0.62120059
-0.62363263
0.015030312
-0.014964061
0.62356615
-0.62556942
0.014609296
-0.014415237
0.6253753
-0.62690373
0.013782937
-0.013535126
0.62665595
-0.62768218
0.012760375
-0.012478973
0.62740066
-0.62795347
0.011580974
-0.011288376
0.62766088
-0.62784494
0.01039863
-0.010103918
0.6275502
-0.6275375
0.0092346652
-0.0089532049
0.62725603
0.0081617185
-1.2540886
-0.015328845
1.25323
0.008025702
-0.024147185
2.5020144
0.014332485
0.013662519
-0.020548581
2.4998422
-0.01718064
2.4978286
-0.014010848
2.496026
-0.0060023404
2.4944827
-0.0033919796
2.4932213
-0.0011239598
2.4967528
-0.0024116458
2.494088
2.4842919
-0.0010487839
2.5162472
-0.0023537519
2.5161849
-0.0034141771
2.5160662
-0.0044864985
2.5158702
-0.0055751888
2.5155881
-0.0069370749
2.5154436
-0.0080739374
2.5146448
-0.0092444166
2.5141774
-0.0053395266
2.5134462
-0.0053723071
-1.2553643
-0.0058808045
1.2559056
-0.62753337
0.0030733801
-0.0031208587
0.62758088
-0.62873789
0.0033883108
-0.0034756003
0.6288252
-0.62794517
0.0035186675
-0.0036162081
0.62804273
-0.62712835
0.0039321955
-0.0040457041
0.62724189
-0.62613965
0.0044156566
-0.0045509612
0.62627498
-0.62498314
0.005002685
-0.0051710654
0.62515154
-0.62360667
0.0057449787
-0.0059624727
0.62382419
-0.62215621
0.0067018402
-0.0069821134
0.62243649
-0.62080303
0.0079157434
-0.0082595005
0.6211468
-0.61922125
0.0093809643
-0.009713822
0.61955415
-0.57523116
0.010158363
-0.011432159
0.57650506
-0.6202617
0.012555927
-0.012819158
0.62052496
-0.62164488
0.013393784
-0.013520676
0.62177175
-0.6235052
0.013714537
-0.013660961
0.62345156
-0.62493614
0.013444488
-0.013342038
0.62483346
-0.62598894
0.012796281
-0.012595767
0.62578845
-0.62660128
0.011934729
-0.011697566
0.62636408
-0.62683588
0.010947677
-0.010690354
0.62657853
-0.62671486
0.0099079862
-0.0096452954
0.62645215
-0.6264378
0.008863738
-0.0086089202
0.62618298
0.0078815982
-1.2520383
-0.014839098
1.2512458
0.0077499368
-0.023537398
2.4983871
0.013906874
0.01325781
-0.020104174
2.4964091
-0.01686436
2.4945888
-0.013788378
2.49295
-0.010857135
2.4915515
-0.0080405575
2.4904048
-0.00082094979
2.4895333
0.00035319024
2.4929139
2.4846452
-0.0010515369
2.5172987
-0.0021071015
2.5172405
-0.0031709238
2.51713
-0.0044999887
2.5171993
-0.0058462782
2.5169343
-0.0067109291
2.5163082
-0.0083619406
2.5162958
-0.0095458791
2.5153614
-0.0053747558
2.5146794
-0.00540447
-1.2562451
-0.0056708072
1.2565412
-0.6277648
0.0030990489
-0.003148872
0.62781464
-0.62912223
0.0034485762
-0.0035396086
0.62921327
-0.62834671
0.0035646692
-0.0036649984
0.62844705
-0.62758793
0.0039914135
-0.0041080639
0.6277046
-0.62668605
0.0044869661
-0.0046249438
0.62682405
-0.62565663
0.005079498
-0.0052466302
0.62582377
-0.62446231
0.0058035306
-0.0060104066
0.62466921
-0.62325987
0.006695058
-0.0069455547
0.62351037
-0.62210086
0.0077705076
-0.0080647225
0.6223951
-0.62046044
0.0089799561
-0.0092609534
0.62074141
-0.58005709
0.0095586198
-0.01065676
0.58115526
-0.62127021
0.011579628
-0.011798061
0.62148867
-0.62212968
0.01227747
-0.012389818
0.62224198
-0.62351197
0.012567765
-0.012575631
0.62351969
-0.6244864
0.012398558
-0.012304456
0.62439203
-0.62524469
0.011906117
-0.011742396
0.62508087
-0.62570735
0.011188896
-0.010986706
0.62550512
-0.62585559
0.010340228
-0.010114799
0.62563014
-0.62570708
0.0094208044
-0.0091862731
0.62547253
-0.62544276
0.008483456
-0.0082529881
0.62521228
0.0075877011
-1.2501429
-0.014318052
1.2494115
0.0074616609
-0.022860819
2.4949768
0.013448526
0.012822583
-0.019596297
2.4931445
-0.01649042
2.4914829
-0.013516802
2.4899764
-0.010665622
2.4887002
-0.0079106123
2.4876497
-0.0052325434
2.4868551
0.0013809804
2.4863004
2.4860261
-0.001052736
2.5183515
-0.0023623696
2.5185501
-0.0034278624
2.5181955
-0.0045068065
2.5182782
-0.0056040562
2.5180316
-0.0069778404
2.517682
-0.0081309125
2.5174489
-0.0095758953
2.5168064
-0.0053969183
2.5159245
-0.0054239583
-1.256885
-0.0059501342
1.2574383
-0.62830579
0.0031162901
-0.0031929998
0.62838251
-0.62967889
0.0034990527
-0.0038338728
0.63001373
-0.62875692
0.0035922068
-0.0036961375
0.62886085
-0.62805656
0.0040261564
-0.0041437031
0.62817412
-0.62723799
0.0045238884
-0.0046612251
0.62737535
-0.62631829
0.0051077942
-0.0052696757
0.62648018
-0.62526898
0.0057987834
-0.0059912849
0.6254615
-0.62421862
0.0066152786
-0.0068371731
0.62444053
-0.62321217
0.0075584272
-0.007811087
0.62346485
-0.62145143
0.0085875199
-0.0088201771
0.62168409
-0.58422387
0.0090130237
-0.0099655443
0.58517638
-0.62210447
0.010724839
-0.01091317
0.62229278
-0.62255585
0.011317235
-0.011418844
0.62265737
-0.62349678
0.011509286
-0.011509425
0.62349656
-0.62414458
0.011489168
-0.011417497
0.62407275
-0.62463527
0.011098181
-0.010963795
0.62450081
-0.62494451
0.010493597
-0.010320768
0.62477165
-0.62499443
0.0097600059
-0.0095614222
0.62479583
-0.62480665
0.0089448243
-0.0087350382
0.62459685
-0.62454213
0.008101928
-0.0078929499
0.62433315
0.0072851262
-1.2483911
-0.013776004
1.2477172
0.0071648183
-0.022131018
2.4917768
0.012966583
0.012364446
-0.019037275
2.4900508
-0.016068192
2.4885139
-0.013203262
2.4871115
-0.01043916
2.4859362
-0.0077543796
2.4849649
-0.0051342317
2.484235
-0.0025558597
2.483722
2.4834703
-0.0013051068
2.5196566
-0.0021093563
2.5193544
-0.0034275578
2.5195136
-0.0045069734
2.5193576
-0.0058577756
2.5193823
-0.0069811105
2.5188053
-0.0081368887
2.5186046
-0.0095869229
2.5182564
-0.0056583836
2.517175
-0.0051791553
-1.2575328
-0.0059620881
1.2578365
-0.62864971
0.0031248044
-0.0032023026
0.62872722
-0.63150468
0.0035620817
-0.0040232411
0.63196585
-0.62917212
0.0036057833
-0.0037093153
0.62927566
-0.62852587
0.0040381778
-0.0041547777
0.62864248
-0.6277831
0.0045294935
-0.0046635041
0.62791713
-0.62695455
0.0050938149
-0.0052477676
0.62710851
-0.62601607
0.0057434997
-0.0059207932
0.62619337
-0.62506777
0.0064857305
-0.0066831106
0.62526515
-0.62416732
0.0073100484
-0.0075268355
0.62438411
-0.62227124
0.0081824572
-0.0083608383
0.62244961
-0.58784354
0.0085054294
-0.0093323362
0.58867041
-0.62281561
0.00994987
-0.010109699
0.62297533
-0.62297247
0.010477492
-0.010585609
0.62308042
-0.62353465
0.010774145
-0.010784338
0.62354413
-0.62387354
0.010674438
-0.010613434
0.62381245
-0.62413413
0.010354734
-0.010243909
0.62402327
-0.62429031
0.009843084
-0.0096939641
0.62414117
-0.62423699
0.0092053001
-0.0090307967
0.62406247
-0.62400097
0.0084838189
-0.0082961056
0.62381324
-0.62372451
0.0077247985
-0.0075347042
0.62353441
0.0069782171
-1.2467749
-0.013222452
1.2461558
0.0068633913
-0.021366126
2.4887805
0.01246997
0.011892431
-0.018440982
2.4871257
-0.015609317
2.4856822
-0.012856494
2.4843586
-0.010184554
2.4832642
-0.0075762406
2.4823566
-0.0050215499
2.4816803
-0.0025013609
2.4812018
2.4809688
-0.0010506202
2.5207073
-0.0023583764
2.5206621
-0.0034222273
2.5205775
-0.0045000827
2.5204354
-0.0055970696
2.5204793
-0.0069720754
2.5201803
-0.0083798963
2.5200124
-0.0095767
2.5194531
-0.0056537009
2.5186776
-0.0054254883
-1.2584355
-0.0059591056
1.258741
-0.62902055
0.0031243928
-0.0032276524
0.62912382
-0.69664298
0.0036360597
-0.0033086678
0.69631559
-0.62958517
0.0036032998
-0.0037059144
0.62968779
-0.62898905
0.0040298508
-0.0041440398
0.62910324
-0.62831179
0.0045078864
-0.0046366755
0.62844059
-0.62755659
0.005045596
-0.0051902195
0.62770122
-0.62670317
0.0056505799
-0.0058133161
0.62686592
-0.62582595
0.0063251923
-0.0065024155
0.62600317
-0.62498637
0.0070499468
-0.0072360298
0.62517245
-0.62292139
0.0077971222
-0.0079402043
0.62306445
-0.59100171
0.0080334386
-0.0087634843
0.59173174
-0.62340831
0.0092535136
-0.0093829653
0.62353762
-0.62338561
0.0097211459
-0.0098130715
0.62347738
-0.62358082
0.009968055
-0.0099667772
0.62357954
-0.62365341
0.009907158
-0.0098649209
0.62361121
-0.62372086
0.0096636976
-0.0095721535
0.62362932
-0.62372556
0.0092320592
-0.0091029995
0.62359648
-0.62357214
0.0086756457
-0.008522679
0.62341916
-0.62328042
0.0080384713
-0.0078708171
0.62311275
-0.62298034
0.007355285
-0.0071822018
0.62280725
0.0066717917
-1.245286
-0.012665251
1.2447169
0.0065625008
-0.020576209
2.4859793
0.011965094
0.011412348
-0.017816671
2.4843662
-0.015121298
2.4829868
-0.012483025
2.4817203
-0.009906782
2.4806879
-0.0073800825
2.4798299
-0.004896321
2.4791965
-0.0024404154
2.4787458
2.4785285
-0.001047111
2.5217543
-0.00209868
2.5217137
-0.0034118085
2.5218906
-0.0047388802
2.5217625
-0.0058320736
2.5215724
-0.0069509678
2.5212991
-0.0081019753
2.5211634
-0.0095474344
2.5208986
-0.0056362429
2.520174
-0.0054076979
-1.2590865
-0.0059409156
1.2593912
-0.62944099
0.003115643
-0.0032189236
0.62954428
-0.63044902
0.0032047944
-0.003297245
0.63054149
-0.629993
0.0035867224
-0.0036874109
0.63009369
-0.62944088
0.0040035875
-0.0041143231
0.62955161
-0.6288177
0.0044637598
-0.0045862257
0.62894017
-0.62812054
0.0049715161
-0.0051064654
0.62825549
-0.62733293
0.0055312601
-0.0056799842
0.62748166
-0.62650754
0.0061434773
-0.0063028811
0.62666694
-0.62569173
0.0067864899
-0.0069477807
0.62585301
-0.62344845
0.0074275635
-0.0075404677
0.62356133
-0.59379689
0.0075967346
-0.0082473059
0.59444744
-0.62388429
0.0086512799
-0.0087541598
0.62398708
-0.62372167
0.0090450048
-0.0091178169
0.62379446
-0.62355039
0.009232377
-0.0092379268
0.62355619
-0.62352204
0.0092298792
-0.0091888147
0.62348098
-0.62337981
0.0090220836
-0.0089460329
0.62330377
-0.62323524
0.0086580749
-0.0085458776
0.62312302
-0.62298875
0.0081717159
-0.0080372089
0.62285422
-0.62263743
0.0076089537
-0.0074595333
0.62248798
-0.62230307
0.0069951965
-0.0068378904
0.62214575
0.0063699587
-1.2439129
-0.012110907
1.2433881
0.0062658106
-0.019776045
2.4833642
0.011459386
0.010931698
-0.017175561
2.4817657
-0.014614036
2.4804253
-0.012090214
2.4791965
-0.0096116474
2.4782093
-0.0071698483
2.477388
-0.0047613367
2.476788
-0.002374514
2.476359
2.4761539
-0.0010419015
2.5227963
-0.0023411642
2.523013
-0.0033962736
2.5229457
-0.0044651289
2.5228313
-0.0058053192
2.5229126
-0.0069173571
2.5224111
-0.008313854
2.5225599
-0.0094972725
2.522082
-0.005352818
2.5214067
-0.0053771692
-1.259733
-0.0059084786
1.2602887
-0.6296064
0.003098844
-0.0032016645
0.62970923
-0.63081589
0.003182802
-0.0032743948
0.6309075
-0.63039192
0.0035573183
-0.003655345
0.63048995
-0.62987776
0.0039617261
-0.0040683216
0.62998435
-0.62929747
0.0044015311
-0.0045172525
0.6294132
-0.62864606
0.0048787302
-0.0050042801
0.62877161
-0.6279074
0.0053949557
-0.0055302414
0.62804269
-0.62711981
0.0059478467
-0.0060906386
0.6272626
-0.62630436
0.0065203729
-0.006660886
0.62644486
-0.62386001
0.0070727869
-0.0071582871
0.62394548
-0.59629507
0.0071922123
-0.0077757182
0.59687856
-0.62426059
0.0081294583
-0.0082110396
0.62434215
-0.62400197
0.0084459075
-0.0085139988
0.62407008
-0.6236299
0.0086104028
-0.008622684
0.62364207
-0.62338158
0.0086097271
-0.0085781352
0.62334993
-0.62309315
0.0084325447
-0.0083677381
0.62302832
-0.62280901
0.008121544
-0.0080240697
0.62271151
-0.62247508
0.0076955942
-0.007576893
0.62235635
-0.62206434
0.0071971419
-0.0070638247
0.62193099
-0.62168799
0.0066461376
-0.0065034455
0.62154528
0.006074549
-1.2426427
-0.011564337
1.2421571
0.0059753697
-0.018971873
2.4809248
0.010957136
0.010454219
-0.016524267
2.4793181
-0.014093106
2.4779941
-0.011683227
2.4767866
-0.0093031985
2.4758293
-0.0069487874
2.4750336
-0.0046186031
2.4744578
-0.0023046013
2.4740449
2.4738494
-0.0012882784
2.5240845
-0.0023278977
2.5240525
-0.0033757325
2.5239935
-0.0044368392
2.5238923
-0.0055160059
2.5239917
-0.0071251403
2.5240202
-0.0082582274
2.5236929
-0.0094295652
2.5232533
-0.0055631285
2.5228764
-0.0053361981
-1.2606263
-0.0058625038
1.2609257
-0.63012553
0.0030751669
-0.0031776913
0.63022805
-0.63117712
0.0031528235
-0.0032418259
0.63126613
-0.63077941
0.0035165479
-0.0036114368
0.63087429
-0.63029735
0.0039065361
-0.0040085485
0.63039935
-0.62975026
0.0043248962
-0.004433951
0.62985932
-0.62913472
0.0047725517
-0.0048892063
0.62925137
-0.62842944
0.0052482721
-0.0053710875
0.62855225
-0.62766707
0.0057457074
-0.0058728348
0.62779419
-0.62683916
0.0062547336
-0.0063781817
0.62696259
-0.62416682
0.0067353793
-0.0067979078
0.62422932
-0.59853908
0.0068158105
-0.0073413708
0.59906462
-0.62456136
0.0076541992
-0.0077199702
0.62462714
-0.62426289
0.0078926472
-0.0079495684
0.62431979
-0.62366854
0.0080648129
-0.0081042301
0.62370786
-0.62325954
0.0080463456
-0.0080158282
0.62322897
-0.62284856
0.0078932527
-0.0078378796
0.62279315
-0.62243861
0.0076255636
-0.0075406743
0.62235369
-0.62202107
0.0072510654
-0.0071457687
0.62191575
-0.62155205
0.0068063237
-0.006686638
0.62143234
-0.62112997
0.0063100664
-0.0061805425
0.62100043
0.005786997
-1.2414649
-0.011029884
1.2410149
0.0056928611
-0.018175185
2.4786503
0.010463875
0.0099857686
-0.01587159
2.4770145
-0.013566525
2.475689
-0.011268029
2.4744881
-0.0089862794
2.4735475
-0.0067201994
2.4727675
-0.0044704366
2.472208
-0.0022318626
2.4718064
2.4716174
-0.0010270128
2.5251115
-0.0020580934
2.5250836
-0.0033503626
2.5252857
-0.004655352
2.5251973
-0.005724164
2.5250605
-0.0068157139
2.5251117
-0.0079353019
2.5248124
-0.009342995
2.5246609
-0.0055092787
2.5243268
-0.0052841148
-1.2612564
-0.0058042132
1.2615514
-0.63055739
0.0030438584
-0.0031439108
0.63065744
-0.63152974
0.0031138944
-0.0032001154
0.63161595
-0.63115384
0.0034660151
-0.0035574688
0.63124528
-0.63069815
0.0038402992
-0.0039374708
0.63079531
-0.63017683
0.0042370145
-0.0043397334
0.63027955
-0.62958856
0.0046566897
-0.0047649452
0.6296968
-0.62890346
0.0050950106
-0.0052066569
0.6290151
-0.62815381
0.0055430745
-0.0056561884
0.62826691
-0.62731233
0.0059972888
-0.0061078494
0.62742287
-0.6243889
0.0064202497
-0.0064632877
0.62443191
-0.60056187
0.0064678818
-0.0069423018
0.60103628
-0.62480002
0.0072147157
-0.0072683258
0.62485364
-0.62447728
0.0073924912
-0.0074382627
0.62452299
-0.6237385
0.0075141877
-0.007521675
0.62374565
-0.62315997
0.0075045017
-0.0075014852
0.62315688
-0.62263898
0.0074052901
-0.0073573711
0.62259101
-0.62211517
0.0071718521
-0.0070973113
0.62204059
-0.62161696
0.0068404747
-0.0067460924
0.62152255
-0.62109054
0.0064392474
-0.0063307205
0.62098198
-0.62062279
0.0059889667
-0.0058709366
0.62050474
0.0055091472
-1.2403711
-0.010511448
1.2399533
0.00542007
-0.017388951
2.4765283
0.0099823933
0.0095285411
-0.01522188
2.4748474
-0.013037967
2.4735051
-0.01084846
2.4722986
-0.0086639848
2.471363
-0.0064866932
2.4705902
-0.0043184542
2.4700397
-0.0021570524
2.4696449
2.4694604
-0.0010172754
2.5261287
-0.0022916004
2.5263579
-0.0033205067
2.5263146
-0.0043609019
2.5262376
-0.0056710546
2.5263705
-0.0067485444
2.5261891
-0.0081049001
2.5261687
-0.0092418447
2.5257978
-0.0051926287
2.5255009
-0.0052233762
-1.2618753
-0.0057343502
1.262417
-0.63098102
0.00300655
-0.003105021
0.63107949
-0.63187085
0.0030674756
-0.0031509804
0.63195435
-0.63151416
0.0034073757
-0.0034951962
0.63160197
-0.63107941
0.0037652599
-0.0038575154
0.63117165
-0.6305786
0.0041406913
-0.0042374232
0.63067533
-0.63000955
0.0045338468
-0.0046342301
0.63010992
-0.62933501
0.004938069
-0.0050400183
0.62943695
-0.62858809
0.0053445249
-0.0054460476
0.6286896
-0.62773857
0.0057527735
-0.0058528178
0.62783859
-0.62453406
0.0061223416
-0.0061472585
0.62455895
-0.60239078
0.006148468
-0.0065787677
0.60282107
-0.62500367
0.0068048346
-0.0068529139
0.62505176
-0.62465864
0.0069552722
-0.0069935555
0.62469693
-0.62380134
0.0070798329
-0.0070737444
0.62379519
-0.62308883
0.0070775681
-0.0070585604
0.62306976
-0.62245515
0.0069654445
-0.0069226806
0.62241235
-0.6218301
0.0067578025
-0.0066916899
0.62176395
-0.62125308
0.006462115
-0.0063764962
0.62116743
-0.6206704
0.0060963406
-0.005996925
0.62057095
-0.62015951
0.0056839451
-0.0055756902
0.62005123
0.005242047
-1.2393535
-0.010011642
1.2389651
0.0051579447
-0.016621881
2.4745467
0.0095167203
0.0090866821
-0.014581878
2.4728074
-0.012513686
2.4714369
-0.010429156
2.470214
-0.0083401421
2.469274
-0.0062508502
2.4685009
-0.0041645171
2.4679533
-0.002081147
2.4675615
2.4673791
-0.0012594422
2.5273882
-0.0022692642
2.5273677
-0.0032860549
2.5273313
-0.0045673489
2.5275189
-0.0056090666
2.5274122
-0.0069251143
2.5275051
-0.0080108062
2.5272543
-0.0093779285
2.5271649
-0.0053734615
2.5266498
-0.0051533758
-1.2627328
-0.0056564524
1.2630158
-0.63111858
0.0029652853
-0.0030607861
0.63121409
-0.6322002
0.0030148214
-0.0030957189
0.63228109
-0.63185973
0.0033421612
-0.0034262493
0.6319438
-0.63144107
0.0036834481
-0.0037708641
0.63152847
-0.63095681
0.0040382639
-0.0041292544
0.6310478
-0.63039998
0.0044061108
-0.0044992481
0.6304931
-0.62972985
0.0047797945
-0.0048733557
0.62982341
-0.62897935
0.0051514602
-0.0052434744
0.62907135
-0.6281238
0.0055190469
-0.0056088708
0.62821361
-0.62460894
0.0058435968
-0.0058531771
0.62461849
-0.60405344
0.0058546473
-0.0062470584
0.60444584
-0.62518763
0.0064266903
-0.0064695496
0.62523044
-0.62482167
0.0065629943
-0.0065849119
0.62484352
-0.6238098
0.0066690524
-0.0066686263
0.62380935
-0.62299843
0.0066525277
-0.0066394977
0.62298537
-0.62229162
0.0065620362
-0.0065244672
0.62225401
-0.62157649
0.0063770423
-0.0063179725
0.62151738
-0.62092185
0.0061111076
-0.0060328207
0.62084353
-0.62028443
0.0057755439
-0.0056838637
0.62019271
-0.61973345
0.0053948522
-0.0052948856
0.61963347
0.0049862577
-1.2384056
-0.0095319485
1.2380443
0.004906954
-0.015874142
2.4726927
0.0090677539
0.0086604024
-0.013953944
2.4708872
-0.011995669
2.4694786
-0.010012739
2.468231
-0.0080169282
2.4672781
-0.0060146561
2.4664986
-0.004009853
2.4659485
-0.0020047208
2.4655563
2.4653745
-0.00099371543
2.5283819
-0.0019908157
2.5283647
-0.003247674
2.5285881
-0.0042613448
2.5285325
-0.0055416715
2.5286924
-0.006586249
2.5285495
-0.0076518577
2.5283198
-0.0089949998
2.5285079
-0.0052934178
2.528025
-0.005076893
-1.2633233
-0.0055693423
1.2635992
-0.63149753
0.002916403
-0.0029576358
0.63153877
-0.63251724
0.0029582183
-0.0030354453
0.63259446
-0.63219024
0.0032717399
-0.003352088
0.63227057
-0.6317836
0.0035966052
-0.0036793477
0.63186632
-0.63131229
0.0039315558
-0.0040169573
0.63139769
-0.63076234
0.0042751341
-0.004361609
0.6308488
-0.63009244
0.0046209584
-0.0047068636
0.63017834
-0.62933467
0.004961536
-0.005045285
0.6294184
-0.62846777
0.0052918871
-0.0053714991
0.62854736
-0.62463052
0.0055541426
-0.0055646187
0.62464089
-0.60557212
0.0055807679
-0.0059398753
0.60593121
-0.6253489
0.0060835138
-0.0061203192
0.62538565
-0.62490324
0.0062081474
-0.0062039748
0.62489897
-0.62383519
0.0062384472
-0.0062409283
0.62383772
-0.62295729
0.006240064
-0.0062460348
0.6229633
-0.62214773
0.0061899121
-0.0061560608
0.62211385
-0.62134937
0.0060228311
-0.0059697195
0.62129622
-0.62061858
0.0057820633
-0.0057103232
0.62054681
-0.61992806
0.0054737101
-0.0053889718
0.61984329
-0.61933919
0.0051207422
-0.0050279769
0.61924641
0.0047418834
-1.237522
-0.0090728366
1.2371859
0.0046670557
-0.01515231
2.470955
0.0086377631
0.0082521817
-0.013342985
2.4690778
-0.011488663
2.4676242
-0.0096026405
2.466345
-0.0076972232
2.4653727
-0.0057800149
2.4645813
-0.0038558691
2.4640243
-0.0019285266
2.463629
2.4634458
-0.00097998495
2.5293619
-0.0022166624
2.5296014
-0.0032051235
2.5295766
-0.004457249
2.5297845
-0.0054672501
2.5297024
-0.0064924838
2.5295747
-0.0077899461
2.5296173
-0.0088553828
2.5295733
-0.00495277
2.5291157
-0.0049933674
-1.2638976
-0.0052219971
1.2641668
-0.63178786
0.0028654576
-0.0029589123
0.6318813
-0.63282277
0.0028977951
-0.0029713092
0.63289627
-0.6325057
0.0031973231
-0.0032739896
0.63258235
-0.63210772
0.0035062126
-0.0035844917
0.63218598
-0.63164559
0.0038220568
-0.0039020153
0.63172554
-0.6310987
0.0041423886
-0.004222596
0.63117889
-0.63042485
0.0044615726
-0.0045400862
0.63050335
-0.62965812
0.0047725618
-0.0048488296
0.62973438
-0.62877252
0.0050709833
-0.0051423123
0.62884383
-0.62461945
0.0053239414
-0.0053154151
0.62461089
-0.60696115
0.0053229806
-0.0056501705
0.60728831
-0.62548691
0.0057726007
-0.0058044746
0.62551879
-0.62497243
0.0059057017
-0.0059385918
0.6250053
-0.62385642
0.0058921937
-0.0059101253
0.62387442
-0.62294902
0.0059323331
-0.0059176649
0.62293431
-0.6220146
0.0058451939
-0.0058128845
0.62198225
-0.62114458
0.0056905416
-0.0056424109
0.62109642
-0.62034077
0.0054712735
-0.0054056263
0.6202751
-0.61959868
0.005188213
-0.0051099213
0.61952035
-0.61897295
0.0048606117
-0.004774334
0.61888665
0.0045087601
-1.2366982
-0.0086343753
1.2363857
0.0044381245
-0.01445454
2.4693228
0.0082260362
0.0078607642
-0.012749675
2.467373
-0.010993307
2.4658679
-0.0092004556
2.4645521
-0.007382414
2.4635546
-0.0055483638
2.4627472
-0.0037034467
2.4621794
-0.0018529741
2.4617784
2.4615929
-0.0012188306
2.5305806
-0.0021871688
2.5305697
-0.0031603879
2.5305497
-0.004141686
2.5307657
-0.0051333671
2.5306939
-0.0063911109
2.5308323
-0.0076667019
2.5308927
-0.0087066615
2.5306132
-0.0051125347
2.5304273
-0.0049058054
-1.2644565
-0.0053737254
1.2647176
-0.6321239
0.0028134119
-0.0029028192
0.63221329
-0.63311663
0.0028342056
-0.0029040121
0.63318643
-0.63280634
0.0031199221
-0.0031930275
0.63287942
-0.6324143
0.0034134614
-0.0034875083
0.63248833
-0.6319574
0.0037110485
-0.0037857999
0.63203214
-0.63141045
0.0040093853
-0.0040836357
0.63148469
-0.63072817
0.0043029475
-0.0043744791
0.6307997
-0.62995279
0.0045863479
-0.0046558849
0.63002232
-0.62904597
0.0048573664
-0.0049213427
0.62910993
-0.62457687
0.005082544
-0.0050688935
0.6245632
-0.60822342
0.0050775955
-0.0053737485
0.60851956
-0.62560783
0.0054841157
-0.0055125887
0.62563629
-0.62511488
0.005598868
-0.0056428989
0.62515899
-0.62386675
0.0056589114
-0.0056462986
0.6238542
-0.62285545
0.0056255076
-0.0055987667
0.62282867
-0.62188777
0.0055207722
-0.0054903208
0.62185729
-0.62095853
0.0053781339
-0.0053342092
0.62091459
-0.62008671
0.0051774585
-0.0051174463
0.62002667
-0.61929443
0.0049177328
-0.0048454326
0.6192221
-0.61863219
0.0046138469
-0.0045335544
0.61855188
0.0042867028
-1.2359302
-0.0082162991
1.2356398
0.0042200166
-0.013786057
2.4677873
0.0078337325
0.0074877647
-0.012177453
2.4657643
-0.010513187
2.4642036
-0.0088085976
2.4628475
-0.0070745711
2.4618205
-0.0053210094
2.4609936
-0.0035535881
2.4604119
-0.0017786142
2.4600034
2.4598142
-0.00094973133
2.5315303
-0.0019018128
2.5315217
-0.0031120869
2.5317599
-0.0043293476
2.5319829
-0.0053018111
2.5316663
-0.0065392255
2.5320697
-0.0075363872
2.5318898
-0.0085484012
2.5316251
-0.005017195
2.5314558
-0.0045596968
-1.2649973
-0.0052707328
1.2652508
-0.63244949
0.0027555779
-0.0028189372
0.63251283
-0.68874464
0.0029590439
-0.0028317012
0.68861729
-0.63309271
0.0030403948
-0.0031100568
0.63316234
-0.63270426
0.0033192041
-0.0033892495
0.63277429
-0.63224882
0.0035995437
-0.003669449
0.63231871
-0.63169899
0.0038775301
-0.0039462565
0.6317677
-0.63100484
0.0041477832
-0.0042132702
0.63107031
-0.63022159
0.0044070702
-0.0044705267
0.63028504
-0.62929101
0.0046529083
-0.004710085
0.62934817
-0.62451551
0.0048522525
-0.0048342959
0.62449754
-0.60936547
0.0048442216
-0.0051120803
0.60963331
-0.62571247
0.0052154133
-0.0052383348
0.62573538
-0.62524727
0.0052802762
-0.0052977954
0.62526483
-0.62386423
0.0053536658
-0.0053518449
0.62386244
-0.62276178
0.0053004026
-0.0052844541
0.62274585
-0.62177008
0.0052156475
-0.0051879096
0.62174236
-0.62078833
0.0050856892
-0.005045283
0.62074793
-0.61985432
0.0049009649
-0.0048459645
0.6197993
-0.61901339
0.0046620612
-0.0045952144
0.61894652
-0.61831501
0.0043802134
-0.0043054588
0.61824024
0.0040755936
-1.2352143
-0.0078183097
1.2349443
0.0040126462
-0.013143659
2.4663404
0.0074593499
0.0071312685
-0.011625769
2.4642465
-0.010047953
2.4626257
-0.0084278627
2.4612273
-0.0067744674
2.4601671
-0.0050989473
2.4593181
-0.0034068963
2.4587198
-0.0017057223
2.4583022
2.4581085
-0.00093318431
2.5324635
-0.0021223337
2.5327108
-0.0030614831
2.532699
-0.0040064844
2.5329278
-0.0052125906
2.5328723
-0.0061744086
2.5330314
-0.0071456641
2.532861
-0.0083854303
2.5328648
-0.0049174586
2.5327061
-0.004718444
-1.2657748
-0.0051625648
1.2660199
-0.63271408
0.002697478
-0.0027586389
0.63277522
-0.63581212
0.0029427744
-0.0025923855
0.63546173
-0.63336529
0.0029595104
-0.0030257208
0.63343147
-0.63297845
0.0032240316
-0.0032902909
0.63304469
-0.63252139
0.0034882259
-0.0035537132
0.63258686
-0.63196628
0.0037477316
-0.0038115094
0.63203004
-0.63125913
0.0039980875
-0.0040587276
0.63131976
-0.63046671
0.0042369949
-0.0042947555
0.63052446
-0.62950942
0.0044577545
-0.0045084196
0.62956007
-0.62443848
0.0046300282
-0.0046065574
0.624415
-0.61039931
0.0046231111
-0.0048666792
0.61064288
-0.62580589
0.0049709841
-0.0049959431
0.62583085
-0.62528459
0.0050246516
-0.0050234572
0.62528339
-0.62387573
0.0050227955
-0.0050292505
0.62388212
-0.62269882
0.005013129
-0.0049970979
0.62268283
-0.62166267
0.0049335098
-0.0049079499
0.62163714
-0.62063114
0.0048138262
-0.0047761839
0.6205935
-0.61964093
0.0046423097
-0.0045915921
0.61959019
-0.61875329
0.0044214003
-0.0043593976
0.61869127
-0.61801955
0.0041595825
-0.0040898789
0.61794983
0.0038752468
-1.2345464
-0.007439922
1.2342952
0.0038158348
-0.012531712
2.4649757
0.0071036901
0.0067926449
-0.011097031
2.4628117
-0.0096003462
2.461129
-0.0080598607
2.4596868
-0.0064835248
2.4585907
-0.004882987
2.4577175
-0.0032640322
2.4571008
-0.0016346749
2.4566728
2.4564737
-0.0011699757
2.5336334
-0.002087751
2.5336286
-0.0030085776
2.5336198
-0.0039341935
2.5338534
-0.0051198008
2.5340578
-0.0060587235
2.5339703
-0.0072599355
2.5340622
-0.008215925
2.5338208
-0.004814631
2.5336713
-0.0043665171
-1.2662803
-0.0047981585
1.2662638
-0.63296883
0.0026396704
-0.0026970243
0.63302617
-0.63462341
0.0029010133
-0.0029107476
0.63463314
-0.63362475
0.0028776382
-0.0029406683
0.63368775
-0.63323762
0.0031284456
-0.0031911229
0.63330027
-0.63277675
0.003377551
-0.0034390118
0.63283819
-0.63221468
0.0036202745
-0.0036796515
0.63227403
-0.63149557
0.0038537781
-0.0039104895
0.63155226
-0.63068955
0.0040750441
-0.0041274814
0.63074197
-0.62970317
0.0042725701
-0.0043176416
0.62974823
-0.62433731
0.0044223477
-0.0043940959
0.62430906
-0.61133642
0.0044190121
-0.0046368222
0.61155424
-0.62590748
0.00474083
-0.0047669205
0.62593357
-0.62526583
0.004816448
-0.0048129654
0.62526234
-0.62388113
0.0048052079
-0.0048047651
0.62388066
-0.62265727
0.0047478378
-0.0047365976
0.62264603
-0.62156243
0.0046759599
-0.0046513068
0.62153776
-0.62048384
0.0045621537
-0.0045265242
0.6204482
-0.61944362
0.004401259
-0.0043541464
0.61939649
-0.61851167
0.0041957815
-0.0041380238
0.61845389
-0.61774374
0.0039517307
-0.0038865317
0.61767852
0.0036854533
-1.2339226
-0.007080712
1.2336884
0.0036293817
-0.011946053
2.463687
0.0067649846
0.0064697289
-0.010589895
2.4614556
-0.0091693208
2.4597084
-0.0077048201
2.4582223
-0.0062020772
2.4570879
-0.0046737962
2.4561891
-0.0031253945
2.4555524
-0.0015656469
2.455113
2.4549081
-0.00089832137
2.5345317
-0.0020520382
2.5347822
-0.0029541751
2.5345218
-0.0041134115
2.5350125
-0.0050244122
2.5349688
-0.0059404119
2.5348862
-0.0068622727
2.534984
-0.0080434152
2.5350018
-0.0047106322
2.5348586
-0.0045201753
-1.266769
-0.0049380539
1.2669964
-0.63318846
0.0025778689
-0.0026091825
0.63321976
-0.63478652
0.0028309946
-0.0028653905
0.63482091
-0.63387163
0.0027968147
-0.0028551207
0.6339299
-0.63348244
0.0030329864
-0.0030922844
0.63354172
-0.63301626
0.0032679385
-0.0033256696
0.63307397
-0.63244615
0.0034951524
-0.0035505106
0.63250149
-0.63171701
0.0037134592
-0.0037666074
0.63177014
-0.63089195
0.0039186838
-0.0039664395
0.63093969
-0.62987692
0.004097359
-0.0041382153
0.62991777
-0.62421811
0.004230008
-0.0041966604
0.62418474
-0.61217181
0.0042260965
-0.0044212477
0.61236697
-0.62601011
0.0045198249
-0.0045456392
0.62603592
-0.62524999
0.0045783575
-0.0045785039
0.62525004
-0.62381744
0.0045613359
-0.0045540411
0.62381015
-0.62258629
0.0045346694
-0.0045040868
0.62255565
-0.62146472
0.0044402858
-0.0044159264
0.62144031
-0.62034365
0.0043289994
-0.0042948482
0.62030947
-0.61925991
0.0041768369
-0.0041328134
0.61921587
-0.61828623
0.0039848665
-0.0039308346
0.61823218
-0.6174853
0.0037563061
-0.0036950333
0.61742401
0.0035059004
-1.2333387
-0.0067401242
1.2331199
0.0034529801
-0.011390558
2.4624696
0.0064440262
0.0061639128
-0.010106105
2.4601711
-0.0087570067
2.4583593
-0.0073637442
2.456829
-0.0059310417
2.4556552
-0.0044717852
2.4547298
-0.0029913642
2.4540719
-0.00149887
2.4536205
2.4534091
-0.00088009817
2.5354118
-0.0017612818
2.5356634
-0.0028982655
2.5356588
-0.0037839066
2.5358981
-0.0049269194
2.5361117
-0.0058193073
2.5357785
-0.0069698192
2.5361344
-0.0078693457
2.5359013
-0.0043511344
2.5357613
-0.004420849
-1.2672394
-0.0045724011
1.2674607
-0.63362679
0.0025172534
-0.0025463488
0.63365587
-0.63504584
0.0027591975
-0.0027924134
0.63507906
-0.68324727
0.0023550208
0.043401047
0.63749118
-0.63371359
0.0029382514
-0.002994357
0.63376967
-0.6332409
0.0031598994
-0.0032141228
0.63329511
-0.63266201
0.0033725036
-0.0034240711
0.63271355
-0.6319242
0.0035760698
-0.0036255949
0.6319737
-0.6310768
0.0037661409
-0.0038100002
0.63112064
-0.63003532
0.0039303516
-0.0039677421
0.63007269
-0.62407617
0.0040464285
-0.0040080025
0.62403772
-0.61292215
0.0040413973
-0.0042177164
0.61309844
-0.62610789
0.0043072803
-0.0043280227
0.62612861
-0.62525189
0.0043701539
-0.0043645992
0.62524629
-0.62377387
0.0043535749
-0.0043668862
0.62378715
-0.62246547
0.0043115531
-0.0042866029
0.62244047
-0.62136754
0.0042219574
-0.004197962
0.62134351
-0.62020889
0.0041123035
-0.0040793933
0.62017597
-0.61908798
0.003967813
-0.0039265165
0.61904667
-0.61807504
0.0037879639
-0.0037372323
0.61802428
-0.61724192
0.0035728362
-0.0035149398
0.61718401
0.003336293
-1.2327911
-0.0064177029
1.2325861
0.003286348
-0.010860405
2.4613181
0.0061389893
0.0058729283
-0.0096438555
2.4589546
-0.0083618809
2.4570773
-0.0070364911
2.4555036
-0.0056704586
2.4542891
-0.0042773964
2.4533367
-0.0028622014
2.4526566
-0.0014344512
2.4521927
2.4519747
-0.0011156672
2.5365274
-0.0019779537
2.5365256
-0.0030956546
2.5367764
-0.0039608777
2.5367632
-0.0045731227
2.5367239
-0.0059514185
2.5371567
-0.0065682197
2.5367512
-0.0076946641
2.5370277
-0.0042457719
2.5366331
-0.0043208506
-1.2676938
-0.0047129035
1.2681609
-0.63377632
0.0024581164
-0.0024835554
0.63380175
-0.63527224
0.0026655858
-0.0026945647
0.63530122
-0.6351266
0.0027808948
-0.0027549409
0.63510062
-0.63393163
0.0028448519
-0.0028976546
0.6339844
-0.63345148
0.0030540513
-0.0031049602
0.63350237
-0.63286309
0.0032527661
-0.0033007102
0.63291101
-0.63211664
0.0034416948
-0.0034874297
0.63216236
-0.63124702
0.0036171837
-0.0036577487
0.63128757
-0.63018036
0.0037692803
-0.0038031556
0.63021422
-0.62391451
0.0038699088
-0.0038287349
0.62387331
-0.61360195
0.0038666119
-0.0040273738
0.61376269
-0.6261902
0.0041086664
-0.0041254069
0.62620692
-0.62524788
0.0041537915
-0.0041598091
0.62525388
-0.62378733
0.0041587063
-0.0041569751
0.62378558
-0.62236127
0.0040955462
-0.0040730701
0.62233881
-0.6212734
0.0040173561
-0.0039944053
0.62125046
-0.62007904
0.0039105387
-0.0038788301
0.62004733
-0.6189265
0.003773045
-0.0037341649
0.61888761
-0.61787649
0.003604058
-0.0035562668
0.61782868
-0.61701151
0.003400673
-0.0033456973
0.61695651
0.0031762586
-1.2322761
-0.0061128387
1.2320835
0.0031291127
-0.01035924
2.4602284
0.0058507428
0.0055982177
-0.0092044795
2.4577998
-0.0079856343
2.4558584
-0.0067236152
2.4542415
-0.005420851
2.4529863
-0.0040907233
2.4520066
-0.0027380588
2.4513039
-0.001372503
2.4508271
2.4506021
-0.0008428724
2.5373702
-0.0019403725
2.537623
-0.0027841889
2.5376201
-0.0036287257
2.5376077
-0.0047283117
2.5378234
-0.0055740252
2.5380024
-0.0066740119
2.5378511
-0.007518097
2.5378717
-0.0043941918
2.5374753
-0.0039660547
-1.2683849
-0.0043458436
1.2683365
-0.63414521
0.0023963061
-0.0024211064
0.63417
-0.63548682
0.0025963828
-0.0026482979
0.63553873
-0.63525643
0.0027014526
-0.0027526125
0.63530757
-0.67807997
0.0022650937
0.038457426
0.63735742
-0.63364884
0.0029511168
-0.0029988464
0.63369656
-0.63305014
0.003136558
-0.0031810653
0.63309462
-0.63229388
0.0033112939
-0.0033532243
0.63233579
-0.63140452
0.0034727538
-0.0035102926
0.63144204
-0.6303119
0.0036130765
-0.0036433925
0.63034219
-0.62374052
0.0037014167
-0.0036595907
0.62369866
-0.61422348
0.0037029584
-0.0038500569
0.61437055
-0.62626698
0.0039245969
-0.0039425325
0.62628493
-0.62526038
0.0039711926
-0.0039642108
0.62525337
-0.62375375
0.003969643
-0.0039516919
0.62373577
-0.62227494
0.0038889866
-0.0038767645
0.62226281
-0.62118206
0.0038269702
-0.00380429
0.62115943
-0.61995398
0.003722856
-0.0036922955
0.61992343
-0.61877418
0.003591451
-0.0035546305
0.61873734
-0.61768921
0.0034318623
-0.0033866897
0.61764402
-0.61679242
0.0032389622
-0.0031865989
0.61674004
0.0030254282
-1.2317906
-0.0058249833
1.2316092
0.0029809081
-0.0098818071
2.4591955
0.0055773607
0.0053373354
-0.0087859231
2.4567039
-0.0076264381
2.4546989
-0.0064247603
2.4530398
-0.0051820817
2.4517436
-0.0039120695
2.4507365
-0.0026191135
2.4500109
-0.0013130937
2.449521
2.449289
-0.00082379663
2.5381939
-0.0016478597
2.538447
-0.0027263484
2.5386986
-0.0035503386
2.5384317
-0.0046283617
2.5389014
-0.005450332
2.5388243
-0.0062720076
2.5386727
-0.0070899319
2.5386896
-0.0042900026
2.5385423
-0.0038670669
-1.2688067
-0.0042337748
1.2687504
-0.63422577
0.0023365931
-0.0023339322
0.63422309
-0.63571563
0.0025281979
-0.0025524009
0.63573982
-0.63548255
0.0026236314
-0.0026214504
0.63548035
-0.63523195
0.0028918809
-0.0028843612
0.63522441
-0.6338341
0.0028520162
-0.0028963325
0.6338784
-0.63322404
0.0030244955
-0.0030658235
0.63326535
-0.63245628
0.0031860985
-0.0032244495
0.63249461
-0.63154994
0.0033343279
-0.0033689193
0.6315845
-0.63042979
0.0034626225
-0.0034898669
0.63045701
-0.62356164
0.0035422217
-0.0035010328
0.62352041
-0.6147921
0.0035491274
-0.0036825665
0.61492548
-0.62634175
0.0037435669
-0.0037598081
0.62635797
-0.62525718
0.0037916363
-0.0037881378
0.62525365
-0.62368205
0.00376784
-0.0037538484
0.62366804
-0.62221127
0.0036973292
-0.0036816462
0.62219563
-0.62109196
0.0036504459
-0.0036278842
0.62106939
-0.61983323
0.003548462
-0.0035188442
0.6198036
-0.61862946
0.0034218147
-0.0033866439
0.61859427
-0.61751196
0.0032699949
-0.0032271593
0.6174691
-0.61658365
0.0030867472
-0.0030368448
0.61653373
0.0028833357
-1.2313319
-0.0055533929
1.2311606
0.0028412696
-0.009431746
2.4582158
0.0053196929
0.0050917088
-0.008389272
2.4556614
-0.0072856808
2.4535953
-0.0061401494
2.4518942
-0.0049543628
2.4505577
-0.003741278
2.4495234
-0.0025053314
2.4487749
-0.0012562368
2.4482719
2.4480327
-0.0010594507
2.5392533
-0.0018643131
2.5392518
-0.0026687359
2.5395029
-0.0037266055
2.5394895
-0.0042743354
2.5394491
-0.0053284082
2.5398784
-0.0063782885
2.5397226
-0.0071688931
2.5394802
-0.0041863897
2.5393282
-0.0037683732
-1.2692119
-0.0043761965
1.2694017
-0.6345265
0.0022777204
-0.0022731019
0.63452187
-0.63588757
0.0024358677
-0.002483281
0.63593498
-0.63564781
0.0025222454
-0.0025684313
0.63569397
-0.6353593
0.0028041751
-0.002850196
0.63540529
-0.63663123
0.0027910541
-0.0014801868
0.63532035
-0.63338602
0.0029169582
-0.0029555946
0.63342464
-0.63260514
0.0030672078
-0.0031023878
0.63264031
-0.63168345
0.0032034283
-0.0032352075
0.6317152
-0.6305356
0.0033201535
-0.0033453373
0.63056075
-0.62338089
0.0033924326
-0.0033530496
0.62334147
-0.61530772
0.0034044531
-0.0035244125
0.61542762
-0.62639594
0.003567072
-0.0035646932
0.62639335
-0.62523511
0.0035907822
-0.0035846452
0.62522887
-0.62362448
0.0035675874
-0.0035582042
0.62361508
-0.62219863
0.0035372643
-0.0035420153
0.62220323
-0.62100077
0.0034861419
-0.0034635581
0.62097813
-0.6197158
0.0033858796
-0.0033569949
0.61968687
-0.61849072
0.0032627545
-0.0032288504
0.61845679
-0.6173437
0.0031172468
-0.0030765335
0.61730296
-0.61638479
0.0029431835
-0.002895712
0.6163373
0.0027495613
-1.2308975
-0.0052974155
1.2307355
0.002709796
-0.0090035651
2.457285
0.0050756663
0.0048587273
-0.0080123774
2.4546702
-0.0069613787
2.4525442
-0.0058693362
2.4508021
-0.0047374752
2.4494258
-0.0035785867
2.4483644
-0.0023968539
2.4475932
-0.0012019879
2.447077
2.4468307
-0.00078609746
2.5400394
-0.0018263725
2.540292
-0.0026112398
2.5402877
-0.0033944389
2.5402726
-0.0044297177
2.5404843
-0.0052072229
2.5406558
-0.0059798354
2.5404951
-0.0070003142
2.5405006
-0.0040839813
2.5400841
-0.003672343
-1.2696017
-0.0042688533
1.2697865
-0.63481913
0.0022212342
-0.0022134433
0.63481132
-0.63610021
0.002370397
-0.0023903118
0.63612011
-0.63585451
0.0024736178
-0.0024667531
0.63584762
-0.63550913
0.0026972635
-0.0027645931
0.63557643
-0.6351196
0.0028871631
-0.0029014201
0.63513385
-0.66767152
0.0024604971
0.029148748
0.63606225
-0.63274234
0.0029549415
-0.0029878563
0.63277524
-0.63180547
0.0030812518
-0.0031105072
0.6318347
-0.63063212
0.0031876373
-0.0032121997
0.63065666
-0.62319469
0.0032527893
-0.0032155769
0.62315746
-0.61577597
0.0032696191
-0.0033793121
0.61588563
-0.62639402
0.003428116
-0.0034278094
0.62639365
-0.62522572
0.0034276958
-0.0034303544
0.62522827
-0.62358782
0.003396039
-0.0033871473
0.62357887
-0.62220558
0.0033904975
-0.0033892125
0.62220421
-0.6209122
0.0033293936
-0.0033081478
0.6208909
-0.61960109
0.0032333912
-0.0032051434
0.61957279
-0.61835656
0.0031130055
-0.0030800831
0.61832361
-0.6171837
0.0029728073
-0.0029340839
0.61714495
-0.6161958
0.002807698
-0.0027626755
0.61615076
0.0026236611
-1.2304855
-0.0050562591
1.230332
0.0025860575
-0.0086010938
2.4564
0.0048461679
0.004639911
-0.0076562043
2.4537253
-0.0066547288
2.4515427
-0.0056122974
2.4497596
-0.0045313835
2.4483449
-0.0034236394
2.4472566
-0.002293492
2.446463
-0.001150276
2.4459337
2.4456804
-0.0007675034
2.5408068
-0.0015341594
2.5410587
-0.0022998455
2.5410534
-0.0033175781
2.5412903
-0.0043321702
2.5414989
-0.0050873052
2.5414109
-0.0058365152
2.5412443
-0.0065769447
2.541241
-0.0039853299
2.5410697
-0.0035772176
-1.2699784
-0.004162597
1.2701556
-0.63479885
0.0019090539
-0.0021551175
0.63504491
-0.63627925
0.0023065414
-0.002324478
0.63629717
-0.63602707
0.0023762811
-0.002392729
0.6360435
-0.63569895
0.0026168937
-0.0026567086
0.63573874
-0.63524957
0.0027730426
-0.0028106371
0.63528715
-0.63470195
0.0029190135
-0.002953549
0.63473646
-0.63516685
0.002757882
-0.0018579391
0.63426688
-0.63191709
0.0029686461
-0.0029953452
0.63194377
-0.63072238
0.0030653084
-0.0030894725
0.63074653
-0.62301425
0.0031339591
-0.003086977
0.62296725
-0.61620852
0.0031444262
-0.0032456625
0.61630973
-0.62641316
0.0033028061
-0.0033134809
0.6264238
-0.62519827
0.0033034663
-0.0032932362
0.62518802
-0.6235758
0.0032458625
-0.0032521579
0.62358195
-0.62216773
0.0032557313
-0.0032369744
0.62214891
-0.62082882
0.0031823228
-0.0031621877
0.62080864
-0.61948874
0.0030899889
-0.003062253
0.61946097
-0.61822602
0.0029717659
-0.0029396481
0.61819388
-0.61703154
0.0028363351
-0.0027995264
0.6169947
-0.61601673
0.0026799987
-0.002637418
0.61597413
0.0025052985
-1.230094
-0.004829315
1.2299483
0.0024697368
-0.0082187353
2.455557
0.0046290954
0.0044326119
-0.0073186378
2.4528252
-0.0063637191
2.4505878
-0.0053685955
2.4487645
-0.0043358679
2.4473121
-0.0032766695
2.4461974
-0.0021953934
2.4453816
-0.0011011671
2.4448394
2.4445792
-0.0010035589
2.5418103
-0.0017517354
2.5418068
-0.0024981472
2.5417998
-0.0034963951
2.5422885
-0.0039812202
2.5419836
-0.0047152231
2.5421449
-0.0056965008
2.5422255
-0.0066684573
2.5422129
-0.0036340513
2.5417752
-0.00373997
-1.2703408
-0.0040589361
1.2707657
-0.6350255
0.002108353
-0.0020728764
0.63499002
-0.63644913
0.0022431241
-0.0022605212
0.63646652
-0.63619004
0.0023065798
-0.0023210941
0.63620453
-0.63582822
0.0025140724
-0.0025519943
0.63586612
-0.63539546
0.0026881196
-0.002723929
0.63543125
-0.63483937
0.0028272736
-0.0028348638
0.63484695
-0.63409033
0.0029284814
-0.0029578177
0.63411964
-0.63337786
0.0029867792
-0.0028769674
0.63326803
-0.63080688
-0.015941185
0.014495739
0.63225231
-0.62282588
0.0029915903
-0.0029565666
0.6227908
-0.61660505
0.0030356684
-0.0031126448
0.61668198
-0.62645517
0.0031743324
-0.003183485
0.62646424
-0.62514485
0.0031751634
-0.0031579915
0.6251276
-0.62357757
0.0031580456
-0.0031529146
0.62357237
-0.62209153
0.0031182974
-0.0030991569
0.62207234
-0.62074911
0.0030454164
-0.0030258181
0.62072947
-0.61937827
0.0029551821
-0.0029278503
0.61935091
-0.61809854
0.0028387846
-0.0028073845
0.61806712
-0.61688694
0.0027078614
-0.0026728929
0.61685194
-0.61584744
0.0025599604
-0.0025197348
0.6158072
0.0023941216
-1.2297212
-0.0046158833
1.2295825
0.0023604885
-0.0078606056
2.4547535
0.0044254917
0.0042385431
-0.0070006018
2.4519651
-0.0060894213
2.4496766
-0.0051380139
2.447813
-0.0041506883
2.4463247
-0.0031371568
2.4451838
-0.0021022361
2.4443467
-0.0010545136
2.4437917
2.4435246
-0.00073102183
2.5425413
-0.0014609408
2.5425367
-0.0024433278
2.5427821
-0.0031675943
2.5430127
-0.0041417989
2.5429578
-0.0048545388
2.5428576
-0.0055592917
2.5429303
-0.0062527249
2.5429063
-0.0035392012
2.5424567
-0.0033950491
-1.2706889
-0.0037037081
1.2708534
-0.63519422
0.0018003546
-0.0020431809
0.63543704
-0.63661438
0.0021588732
-0.0021731494
0.63662864
-0.63632298
0.0022138181
-0.0022519418
0.63636108
-0.6359787
0.0024396364
-0.0024758184
0.63601485
-0.63551242
0.002581496
-0.0026156784
0.63554658
-0.63494369
0.0027145691
-0.0027461319
0.63497524
-0.63420572
0.0028357796
-0.002863841
0.63423376
-0.63328621
0.0029156256
-0.0029384066
0.63330898
-0.63212937
0.0029734102
-0.0029918448
0.63214779
-0.62402528
0.0029685275
-0.0029253684
0.62398209
-0.61724736
0.0029443471
-0.0030363231
0.61733931
-0.626521
0.0030782884
-0.0030802417
0.62652294
-0.62513696
0.0030547813
-0.0030622316
0.62514434
-0.6235449
0.0030414703
-0.0030302497
0.62353361
-0.62201661
0.002988413
-0.0029703746
0.62199853
-0.62067097
0.0029177749
-0.0028984001
0.62065156
-0.6192694
0.0028286519
-0.0028017275
0.61924244
-0.6179739
0.0027141459
-0.0026834538
0.61794318
-0.61674955
0.002587579
-0.0025543266
0.61671626
-0.61568744
0.0024474865
-0.00240944
0.61564938
0.0022898721
-1.2293655
-0.0044154889
1.229233
0.0022580652
-0.0075210105
2.4539862
0.0042332866
0.0040550498
-0.0067000824
2.4511442
-0.0058298816
2.4488064
-0.004920196
2.4469033
-0.0039756901
2.4453802
-0.0030053802
2.4442135
-0.0020142093
2.4433555
-0.0010104126
2.4427878
2.4425142
-0.00071294758
2.5432542
-0.001679651
2.5435033
-0.0023891757
2.5434916
-0.0030947984
2.5437183
-0.0037949106
2.5436579
-0.0047426073
2.5438052
-0.0054261902
2.5436138
-0.0060983792
2.5435784
-0.0037026161
2.5433694
-0.0033085938
-1.2712797
-0.003606087
1.2711831
-0.6353562
0.0017496852
-0.0019898452
0.63559635
-0.63677131
0.0021007721
-0.0021388064
0.63680933
-0.6364983
0.0021743755
-0.0021599575
0.63648386
-0.63609549
0.0023681604
-0.0024281462
0.63615546
-0.6356468
0.0025036652
-0.0025363265
0.63567942
-0.6350425
0.0026055111
-0.0026610581
0.63509802
-0.63428899
0.0027213714
-0.0027481695
0.63431577
-0.63337716
0.0028213695
-0.0028176185
0.63337339
-0.6321748
0.0028751273
-0.0028926281
0.63219227
-0.62382003
0.002890653
-0.0028259368
0.62375529
-0.61759218
0.0028750281
-0.0029548745
0.61767202
-0.62655697
0.0029873608
-0.0029879732
0.62655756
-0.62513592
0.0029601144
-0.0029557722
0.62513154
-0.6234984
0.0029267198
-0.0029146095
0.62348627
-0.62194412
0.0028676323
-0.0028504075
0.62192686
-0.62059322
0.0027988582
-0.0027792517
0.62057359
-0.61916229
0.0027100328
-0.0026836223
0.61913585
-0.61785216
0.0025979011
-0.0025679816
0.61782222
-0.61661876
0.0024755905
-0.002443868
0.61658701
-0.6155359
0.0023424001
-0.0023062905
0.61549978
0.0021922432
-1.229025
-0.0042275413
1.2288981
0.0021621587
-0.0072043342
2.4532528
0.0040536814
0.0038840191
-0.0064179566
2.4503578
-0.0055860552
2.4479744
-0.0047147485
2.446032
-0.0038104484
2.4444758
-0.0028806734
2.4432836
-0.0019308703
2.4424056
-0.00096864144
2.4418255
2.4415455
-0.00095084094
2.544205
-0.0016454314
2.5441979
-0.0023366851
2.5441828
-0.0030242368
2.5444059
-0.0039604047
2.544594
-0.0046334784
2.5444783
-0.00529676
2.5442771
-0.006201591
2.5444832
-0.0033590333
2.5440055
-0.0034786794
-1.2716016
-0.0035118532
1.2717544
-0.63548641
0.0016985077
-0.0019129274
0.63570083
-0.63692166
0.0020448418
-0.0020558508
0.63693265
-0.63664162
0.002112073
-0.0020960629
0.63662558
-0.63625683
0.0023250451
-0.0023326662
0.63626443
-0.6357751
0.0024289987
-0.0024347443
0.63578081
-0.63516093
0.002550109
-0.0025771615
0.63518795
-0.63439403
0.0026345565
-0.0026598999
0.63441935
-0.63343645
0.00270388
-0.002724467
0.63345701
-0.63221783
0.002779906
-0.0027710905
0.63220899
-0.62360347
0.002789645
-0.0027196446
0.62353345
-0.61790145
0.0027735712
-0.0028440898
0.61797194
-0.6265703
0.0028701339
-0.0028756888
0.62657582
-0.62512707
0.0028351107
-0.0028309616
0.62512277
-0.62344914
0.002814281
-0.0028017735
0.6234366
-0.6218779
0.0027565449
-0.0027415866
0.62186291
-0.62051343
0.0026877535
-0.0026673113
0.62049297
-0.61905751
0.0025986729
-0.0025729781
0.61903179
-0.61773371
0.0024897668
-0.002460757
0.61770467
-0.61649379
0.002371707
-0.0023412973
0.61646335
-0.61539181
0.0022443916
-0.0022099626
0.61535736
0.0021009898
-1.2286982
-0.0040516479
1.2285763
0.0020725287
-0.0069047095
2.4525502
0.003884585
0.0037227202
-0.0061523141
2.4496054
-0.0053560985
2.4471782
-0.0045214423
2.4451973
-0.0036549239
2.4436093
-0.0027633978
2.4423921
-0.0018524777
2.4414946
-0.00092934709
2.4409024
2.4406161
-0.0006788428
2.5448838
-0.0013563079
2.5448753
-0.0022857728
2.5451122
-0.0029550602
2.5450751
-0.0036187267
2.5452577
-0.0042733852
2.5451329
-0.0051720638
2.5451757
-0.0058020218
2.5451131
-0.0032731782
2.5446203
-0.0031436214
-1.2716593
-0.00342106
1.2718071
-0.63586533
0.0019050619
-0.0018634492
0.6358237
-0.63706459
0.00199117
-0.0020006973
0.6370741
-0.6367533
0.0020269741
-0.0020590401
0.63678534
-0.63638668
0.0022340158
-0.0022641719
0.63641682
-0.63587035
0.0023318881
-0.0023868538
0.63592528
-0.63524601
0.0024464399
-0.0024733791
0.63527293
-0.63446918
0.0025240852
-0.0025477695
0.63449285
-0.63349214
0.0026129395
-0.0026326699
0.63351184
-0.63225701
0.0026610846
-0.0026515304
0.63224743
-0.62339597
0.0026909866
-0.0026162706
0.62332123
-0.61817807
0.0026756334
-0.0027409128
0.61824333
-0.62662217
0.0027625989
-0.0027719022
0.62663143
-0.6251199
0.0027352635
-0.0027400705
0.62512466
-0.6233967
0.0027069751
-0.0026943884
0.62338408
-0.62182255
0.0026501025
-0.0026375604
0.62180998
-0.62043069
0.0025816214
-0.0025608315
0.62040987
-0.61895603
0.0024936599
-0.0024689747
0.61893132
-0.61761916
0.0023890799
-0.002361165
0.61759123
-0.61637376
0.002275391
-0.0022460949
0.61634444
-0.61525417
0.0021530186
-0.0021200488
0.61522118
0.0020157788
-1.2283839
-0.0038872254
1.2282665
0.001988836
-0.0066267129
2.4518765
0.0037272774
0.0035731338
-0.0059039105
2.4488826
-0.0051408156
2.4464151
-0.0043396949
2.4443961
-0.0035085059
2.442778
-0.0026527438
2.4415363
-0.0017784702
2.4406203
-0.00089222757
2.4400161
2.4397239
-0.00066286332
2.5455466
-0.0015790906
2.5457915
-0.0022368715
2.54577
-0.0028894332
2.5457277
-0.0035345672
2.5459028
-0.0044257573
2.5460241
-0.0050508756
2.5458008
-0.0056621723
2.5457244
-0.0031918781
2.5452153
-0.0030653846
-1.2722153
-0.0033340142
1.2723574
-0.63593304
0.0018590005
-0.0018160437
0.63589006
-0.63720413
0.0019398244
-0.0019479556
0.63721224
-0.63688327
0.0019687649
-0.0019765174
0.63689099
-0.63650922
0.0021713349
-0.0021759786
0.63651385
-0.63598607
0.0022630602
-0.0022909725
0.63601395
-0.63535244
0.0023706338
-0.0023957143
0.63537751
-0.63453586
0.0024409348
-0.0024882009
0.6345831
-0.63356961
0.0025236678
-0.0025155471
0.63356145
-0.63229504
0.0025687364
-0.0025836447
0.63230991
-0.62317202
0.0025696653
-0.0025178149
0.62312014
-0.61842475
0.0025775045
-0.0026334002
0.61848062
-0.62666162
0.0026595912
-0.0026434963
0.62664549
-0.62511839
0.0026436999
-0.0026396534
0.62511432
-0.62334414
0.0026053824
-0.0025928941
0.62333162
-0.62177378
0.0025477774
-0.0025361984
0.62176217
-0.62034819
0.0024786129
-0.0024586087
0.62032816
-0.61885905
0.0023942518
-0.0023708629
0.61883563
-0.61750928
0.0022950173
-0.0022683719
0.61748262
-0.61625795
0.0021858748
-0.0021575468
0.6162296
-0.61512218
0.0020677672
-0.0020361026
0.6150905
0.0019363178
-1.2280808
-0.00373385
1.2279675
0.0019107927
-0.0063642355
2.4512287
0.0035795624
0.0034323764
-0.0056709294
2.4481892
-0.0049385164
2.4456826
-0.0041694383
2.443627
-0.0033713116
2.4419799
-0.0025491847
2.4407141
-0.0017092004
2.4397803
-0.0008574974
2.4391643
2.4388663
-0.00064682609
2.5461934
-0.0012921155
2.5464367
-0.0021890679
2.5466669
-0.003080536
2.5466191
-0.0037095429
2.5465318
-0.0043290401
2.5466436
-0.0049364395
2.5464082
-0.005529736
2.5463177
-0.0033688243
2.5460462
-0.0029918452
-1.2725062
-0.0035055439
1.2726429
-0.63599539
0.0015611901
-0.0017452773
0.63617946
-0.63733706
0.0018908405
-0.0018976678
0.63734387
-0.63703567
0.0019157548
-0.0018954761
0.63701536
-0.63660314
0.0021116054
-0.0021402122
0.63663173
-0.63607107
0.0021972005
-0.0022488282
0.63612266
-0.63544995
0.0022977131
-0.0023209672
0.63547319
-0.63462086
0.0023861669
-0.0023810323
0.63461569
-0.63361609
0.0024373862
-0.0024297304
0.6336084
-0.63232802
0.0024531722
-0.0024671213
0.63234194
-0.6229637
0.0024748448
-0.002421569
0.62291039
-0.61864292
0.0024790118
-0.0025321185
0.61869601
-0.62667753
0.0025530616
-0.0025680918
0.62669255
-0.62510573
0.0025326632
-0.0025309485
0.62510393
-0.62329228
0.0025029324
-0.0024901727
0.62327949
-0.6217263
0.0024466608
-0.0024338285
0.62171344
-0.62027038
0.0023785254
-0.0023602101
0.62025204
-0.61876759
0.0023001495
-0.0022782539
0.61874568
-0.61740467
0.0022068873
-0.0021816093
0.61737938
-0.61614588
0.0021023836
-0.0020749381
0.61611841
-0.61499533
0.001988141
-0.0019576883
0.61496486
0.0018622186
-1.2277883
-0.0035908563
1.2276789
0.0018380084
-0.0061219843
2.4506055
0.0034427342
0.0033024767
-0.0054539186
2.4475211
-0.0047498011
2.4449785
-0.0040098748
2.4428871
-0.0032425305
2.4412125
-0.0024517598
2.4399233
-0.0016439827
2.4389725
-0.00082476671
2.4383451
2.4380416
-0.00088724632
2.5470807
-0.0015175031
2.547067
-0.0018888111
2.5470382
-0.0027646517
2.5474949
-0.0033775921
2.5471447
-0.0039803225
2.5472463
-0.0048260302
2.5472539
-0.0054009011
2.5468925
-0.0030387206
2.5466046
-0.0029205455
-1.2727862
-0.0031712591
1.2729187
-0.63628214
0.0017730076
-0.0017021332
0.63621125
-0.63743944
0.0019461452
-0.0018498519
0.63734313
-0.63713069
0.0019406109
-0.0019699557
0.63715999
-0.63668996
0.0020294009
-0.0020820395
0.63674257
-0.63617339
0.0021344779
-0.0021590691
0.63619796
-0.63551497
0.0022283395
-0.0022499267
0.63553655
-0.63467388
0.0022849538
-0.0023036295
0.63469251
-0.63365938
0.0023557097
-0.0023467606
0.6336504
-0.63235693
0.0023666702
-0.0023795581
0.63236978
-0.62274647
0.0023593476
-0.0023289865
0.62271606
-0.61883687
0.0023821784
-0.002428764
0.61888342
-0.6267002
0.0024437565
-0.0024525937
0.62670903
-0.62509987
0.0024235889
-0.002420976
0.6250972
-0.62324063
0.00239868
-0.0023856905
0.62322763
-0.62166673
0.0023506585
-0.0023328961
0.62164896
-0.62020012
0.0022824211
-0.0022662133
0.6201839
-0.6186823
0.002211457
-0.0021911363
0.61866196
-0.61730556
0.0021242812
-0.0021003592
0.61728162
-0.61603726
0.0020243262
-0.0019977213
0.61601064
-0.61487329
0.0019137403
-0.0018844392
0.61484398
0.001793158
-1.2275057
-0.0034577565
1.2274001
0.0017701709
-0.0058936219
2.4500042
0.0033144704
0.0031803969
-0.0052511942
2.4468787
-0.0045731945
2.4443004
-0.0038611358
2.442175
-0.0031224775
2.4404738
-0.0023610825
2.4391619
-0.0015832875
2.4381947
-0.00079433634
2.4375561
2.4372472
-0.00061739956
2.547698
-0.0012329728
2.5476825
-0.0020999613
2.5479052
-0.002705893
2.5481009
-0.0035588843
2.5479977
-0.0041464255
2.5478338
-0.004721068
2.5478285
-0.0052807373
2.5474522
-0.0029680534
2.547146
-0.0028541242
-1.2730579
-0.0030957437
1.2731856
-0.63628393
0.0014782519
-0.0016866682
0.63649232
-0.63753594
0.0017745833
-0.0017790543
0.63754039
-0.63716982
0.0018918031
-0.0019199556
0.63719794
-0.63682212
0.0019756453
-0.0019760831
0.63682253
-0.63626942
0.0020751541
-0.0020982615
0.63629251
-0.6355991
0.0021377327
-0.0021579176
0.63561927
-0.63474502
0.0022142703
-0.0022063025
0.63473701
-0.63372423
0.0022798687
-0.0022696086
0.63371394
-0.63238176
0.0022857839
-0.0023229871
0.63241892
-0.6225656
0.0023010305
-0.002242828
0.62250736
-0.61900548
0.0022928598
-0.0023327564
0.61904534
-0.62672621
0.0023363588
-0.002343452
0.62673321
-0.62509769
0.0023136866
-0.0023166407
0.62510058
-0.62319512
0.0022935217
-0.002284102
0.62318571
-0.62159463
0.0022527518
-0.0022354096
0.62157728
-0.62013864
0.0021916553
-0.0021776759
0.62012465
-0.61860331
0.0021284202
-0.0021096423
0.61858451
-0.61721175
0.0020470121
-0.0020243465
0.61718907
-0.61593198
0.0019513515
-0.0019255679
0.61590618
-0.61475583
0.0018442845
-0.0018160693
0.6147276
0.0017287492
-1.2272327
-0.0033338282
1.2271309
0.0017068973
-0.0056839748
2.4494239
0.0031960935
0.0030682444
-0.0050630387
2.4462577
-0.0044090396
2.4436464
-0.0037221825
2.4414881
-0.0030101223
2.4397617
-0.0022760286
2.4384277
-0.0015262951
2.4374449
-0.00076571681
2.4367955
2.4364815
-0.00060398156
2.548302
-0.0014612257
2.5485398
-0.0020590897
2.548503
-0.0026507789
2.5486925
-0.0032341483
2.548581
-0.0038065903
2.5484062
-0.0046214044
2.5486433
-0.0051644734
2.5479952
-0.0029002238
2.5476718
-0.00279007
-1.273574
-0.0030242949
1.273698
-0.63653624
0.0016954989
-0.0016224514
0.63646318
-0.6376556
0.0017073326
-0.0017362068
0.63768445
-0.6372807
0.0018202402
-0.0018461584
0.63730659
-0.63689824
0.0018995165
-0.0019496304
0.63694833
-0.63633441
0.0019940523
-0.0020400529
0.63638039
-0.63565127
0.0020770916
-0.0020961335
0.63567028
-0.6347874
0.0021237842
-0.0021400841
0.63480368
-0.63375725
0.002185012
-0.0021735762
0.63374579
-0.63240318
0.002211632
-0.0022229264
0.63241444
-0.62235008
0.0022010412
-0.0021627736
0.62231179
-0.61915249
0.0022157293
-0.0022502108
0.61918694
-0.62673047
0.0022483404
-0.0022337485
0.62671582
-0.62510885
0.0022106862
-0.0022150777
0.62511319
-0.62315621
0.0021996273
-0.0021950117
0.62315157
-0.62152786
0.0021618068
-0.0021459837
0.62151202
-0.62008566
0.0021077399
-0.0020955845
0.62007349
-0.61853033
0.0020511479
-0.0020337791
0.61851295
-0.61712278
0.0019749345
-0.001953394
0.61710123
-0.61582998
0.0018832675
-0.0018582982
0.61580499
-0.61464264
0.0017795828
-0.0017523652
0.61461541
0.0016687158
-1.2269694
-0.0032186001
1.2268713
0.0016479279
-0.0054865806
2.4488623
0.0030852125
0.0029628948
-0.0048880101
2.4456591
-0.0042561674
2.4430146
-0.0035934015
2.4408253
-0.0029060262
2.4390743
-0.0021973843
2.4377191
-0.0014736199
2.4367211
-0.00073931623
2.4360611
2.4357421
-0.000590646
2.5488926
-0.0011793896
2.5491285
-0.0020193794
2.549343
-0.0025977407
2.5492709
-0.0031675246
2.5491508
-0.0039817792
2.5492205
-0.0042720217
2.5489335
-0.0050571875
2.5487804
-0.0028370626
2.5484378
-0.0029862061
-1.2738289
-0.0029567852
1.2739486
-0.63675904
0.0016599432
-0.0015859318
0.63668501
-0.63777003
0.0016679825
-0.0016958579
0.63779789
-0.63738616
0.0017757813
-0.001777421
0.63738777
-0.636994
0.0018774308
-0.0019010219
0.63701757
-0.63644423
0.0019676319
-0.0019629951
0.63643958
-0.63572589
0.0020211817
-0.0020392731
0.63574395
-0.6348524
0.0020894721
-0.0020794806
0.63484239
-0.63378578
0.0021216055
-0.0021344682
0.63379861
-0.63244744
0.0021444779
-0.0021553355
0.63245826
-0.62214822
0.0021338571
-0.0020939252
0.62210827
-0.61928215
0.0021524394
-0.0021876379
0.61931732
-0.62671671
0.0021820931
-0.0021629877
0.62669759
-0.62511619
0.0021303849
-0.002129812
0.6251156
-0.62314249
0.0021203054
-0.0021175437
0.62313969
-0.62146639
0.0020808872
-0.0020663142
0.6214518
-0.62003898
0.0020312845
-0.0020202722
0.62002795
-0.61846271
0.0019794666
-0.0019633066
0.61844654
-0.61703814
0.0019078032
-0.0018872776
0.6170176
-0.61573124
0.0018199084
-0.0017957592
0.61570707
-0.61453333
0.0017194716
-0.001693143
0.614507
0.0016127503
-1.2267155
-0.0031113955
1.2266211
0.0015929607
-0.0053064049
2.4483189
0.0029832382
0.002866597
-0.0047260974
2.4450788
-0.0041146099
2.4424031
-0.003473489
2.4401841
-0.0028089142
2.4384097
-0.0021238468
2.437034
-0.0014242949
2.4360215
-0.00071453074
2.4353513
2.4350276
-0.00083410179
2.5497267
-0.0014106999
2.5497051
-0.0019829827
2.5499153
-0.0025487073
2.5498366
-0.003105679
2.5497078
-0.0036513016
2.5497661
-0.0044387722
2.549721
-0.004953963
2.5492955
-0.0027759494
2.5489343
-0.0026745558
-1.27382
-0.0028933535
1.2739374
-0.63672299
0.0013724639
-0.0015261723
0.63687669
-0.63785509
0.0016310755
-0.0016580182
0.63788202
-0.6374644
0.0017107585
-0.0017613334
0.63751495
-0.63706257
0.0018076424
-0.0018557636
0.63711068
-0.63650176
0.0018942781
-0.0019142124
0.63652168
-0.63577275
0.0019445436
-0.0019872121
0.63581539
-0.6348872
0.0020095602
-0.0020241282
0.63490174
-0.63383588
0.0020639004
-0.0020506399
0.6338226
-0.63248878
0.00208386
-0.0020690532
0.63247396
-0.6219404
0.0020726672
-0.0020337632
0.62190149
-0.61942369
0.0020939077
-0.0021277031
0.61945748
-0.62668617
0.0021169642
-0.0020986125
0.62666782
-0.62510979
0.0020588893
-0.0020563497
0.6251072
-0.62312598
0.0020518074
-0.0020441852
0.62311833
-0.62140912
0.0020088279
-0.0019949749
0.62139525
-0.61999591
0.0019619221
-0.0019514454
0.61998541
-0.6183996
0.0019130217
-0.0018978395
0.6183844
-0.61695744
0.0018452786
-0.0018256961
0.61693785
-0.61563581
0.0017610519
-0.0017377411
0.61561249
-0.61442746
0.0016637689
-0.0016382253
0.61440191
0.0015606834
-1.226471
-0.0030118716
1.2263803
0.0015418431
-0.0051370043
2.4477919
0.0028877875
0.002776219
-0.0045762567
2.4445181
-0.003983621
2.4418104
-0.0033631626
2.4395636
-0.0027196533
2.4377662
-0.0020564161
2.4363707
-0.0013791098
2.4353442
-0.00069190044
2.4346641
2.4343356
-0.00056692912
2.5502936
-0.0011317711
2.5502699
-0.0016923617
2.5504759
-0.0025017536
2.550646
-0.0030467473
2.5502528
-0.0038359994
2.5505554
-0.0043559059
2.5502409
-0.0048592161
2.5497988
-0.0027212242
2.5494196
-0.0026232135
-1.2740611
-0.0028339241
1.2741738
-0.63688746
0.0015954121
-0.0015196402
0.63681168
-0.63796203
0.0015711152
-0.0015972154
0.63798812
-0.63758895
0.0016729022
-0.0016971655
0.6376132
-0.63717747
0.0017665266
-0.0017884288
0.63719937
-0.63658038
0.0018502189
-0.0018694743
0.63659961
-0.63586604
0.0019231588
-0.0019143043
0.63585717
-0.63491893
0.0019598236
-0.0019736814
0.63493275
-0.63385772
0.0020114834
-0.0019975866
0.63384381
-0.63250481
0.0020293056
-0.0020392447
0.63251474
-0.62175455
0.0020157748
-0.0019746636
0.62171344
-0.61955834
0.0020338407
-0.0020652759
0.61958977
-0.62663693
0.0020523993
-0.0020594284
0.62664394
-0.62510505
0.0019938121
-0.001991296
0.62510246
-0.62309724
0.0019859048
-0.0019769982
0.6230883
-0.62135501
0.0019437705
-0.0019309261
0.62134214
-0.61995421
0.0018990749
-0.0018886626
0.61994378
-0.61834004
0.0018515149
-0.0018370696
0.61832558
-0.61688045
0.0017870591
-0.0017683657
0.61686174
-0.61554377
0.0017064354
-0.0016839816
0.6155213
-0.61432464
0.0016122618
-0.0015874229
0.6142998
0.0015123187
-1.2262356
-0.002919485
1.2261483
0.0014943805
-0.004983504
2.4472808
0.0028004106
0.0026942005
-0.0044381573
2.4439727
-0.0038628554
2.4412351
-0.0032608213
2.4389616
-0.00263669
2.437142
-0.0019935893
2.4357276
-0.0013369298
2.4346875
-0.00067068692
2.4339978
2.4336649
-0.00055649051
2.5508501
-0.0013662564
2.5510797
-0.0019160189
2.5510256
-0.0024590634
2.551189
-0.0032484612
2.5510422
-0.0035152668
2.5508221
-0.00402366
2.5507492
-0.0047700613
2.5505452
-0.0026684828
2.5498923
-0.0025743677
-1.2742937
-0.0027785668
1.2744037
-0.63707422
0.0015663907
-0.0014643311
0.63697215
-0.63806571
0.0015391027
-0.0015644329
0.63809104
-0.63765934
0.0016378292
-0.001661347
0.63768284
-0.63723859
0.0017286121
-0.0017498643
0.63725984
-0.63665648
0.0018098867
-0.0018031613
0.63664974
-0.6358804
0.0018551525
-0.0018964639
0.63592171
-0.63497335
0.0019146471
-0.001927899
0.63498658
-0.63387722
0.001964014
-0.0019495934
0.63386277
-0.63251854
0.0019800119
-0.0019640214
0.63250254
-0.62155706
0.0019619414
-0.001917653
0.62151276
-0.61968416
0.0019715637
-0.0019991699
0.61971175
-0.62662528
0.0019873391
-0.0019735688
0.62661147
-0.62509993
0.0019322861
-0.001929148
0.62509673
-0.62306181
0.0019246223
-0.0019145053
0.62305168
-0.6213058
0.0018844343
-0.0018730997
0.62129445
-0.61991233
0.0018421101
-0.0018315152
0.61990172
-0.61828309
0.0017948603
-0.0017809256
0.61826914
-0.61680691
0.0017330347
-0.0017151584
0.61678903
-0.61545517
0.0016558476
-0.0016342444
0.61543355
-0.61422459
0.0015647388
-0.0015405576
0.61420041
0.001467595
-1.2260089
-0.0028340825
1.2259248
0.0014505252
-0.0048396075
2.4467841
0.0027187845
0.0026174572
-0.0043113198
2.4434444
-0.0037521261
2.4406759
-0.0031676064
2.438377
-0.0025612657
2.4365356
-0.0019366289
2.4351029
-0.0012987574
2.4340496
-0.00065159329
2.4333506
2.4330133
-0.00054623923
2.5513964
-0.0010903818
2.5516238
-0.0018856125
2.5518209
-0.0021629391
2.5514664
-0.0029421066
2.5518213
-0.0034542527
2.5513343
-0.0042070238
2.551502
-0.0044341373
2.5507723
-0.0023651807
2.5503542
-0.0025308549
-1.2745213
-0.0027271647
1.2748833
-0.63720698
0.0015395084
-0.0014367508
0.63710422
-0.6381655
0.0015350487
-0.0015596914
0.63819013
-0.63775238
0.0016055342
-0.0016283959
0.63777522
-0.63732274
0.0016938168
-0.0017145196
0.63734343
-0.63670512
0.0017730481
-0.0017912958
0.63672335
-0.6359432
0.0018164007
-0.0018571899
0.63598397
-0.63500016
0.00187378
-0.0018865379
0.63501291
-0.63389338
0.0018957918
-0.0019061366
0.63390371
-0.63252876
0.0019327378
-0.0019420154
0.63253803
-0.62137301
0.001910243
-0.0018620716
0.62132481
-0.61979482
0.0019114167
-0.0019374217
0.61982079
-0.62660315
0.0019292555
-0.0019216574
0.62659552
-0.62509009
0.0018875437
-0.001886298
0.62508882
-0.62303027
0.0018671865
-0.0018614764
0.62302456
-0.621262
0.0018312832
-0.0018209013
0.62125161
-0.61986962
0.0017905381
-0.0017797268
0.61985879
-0.61822789
0.0017431969
-0.00172959
0.61821428
-0.6167365
0.0016833548
-0.0016661818
0.61671932
-0.61536991
0.0016092234
-0.0015884109
0.61534908
-0.61412716
0.0015210359
-0.0014974834
0.6141036
0.0014264037
-1.2257903
-0.0027552726
1.2257089
0.001410165
-0.0047105922
2.4463015
0.0026446216
0.0025486392
-0.0041950378
2.4429289
-0.0036506141
2.4401314
-0.0030815632
2.437808
-0.0024914983
2.4359456
-0.0018837993
2.4344952
-0.0012632602
2.433429
-0.00063371612
2.4327211
2.4323796
-0.00079303792
2.5521894
-0.0013281883
2.552159
-0.0016031073
2.5520958
-0.00238226
2.5522455
-0.0028966024
2.5523357
-0.003654521
2.5520922
-0.0038871915
2.5517347
-0.0046131291
2.5514983
-0.0025752204
2.5508062
-0.00248987
-1.2749975
-0.0026798124
1.2751021
-0.63733703
0.0015148028
-0.0014114062
0.63723363
-0.63826449
0.001482425
-0.0015064624
0.63828851
-0.63784189
0.0015759955
-0.0015982678
0.63786415
-0.63740477
0.0016620344
-0.001682244
0.63742496
-0.63675201
0.0017140016
-0.0017572895
0.63679528
-0.63600401
0.0017811632
-0.0017961217
0.63601896
-0.63504939
0.001836899
-0.0018492752
0.63506176
-0.63393373
0.0018570941
-0.0018667889
0.63394341
-0.6325343
0.0018653277
-0.0018965465
0.63256551
-0.62117554
0.0018606923
-0.0018086754
0.62112349
-0.61989679
0.0018543104
-0.0018777651
0.6199202
-0.62659296
0.0018792218
-0.0018697236
0.62658343
-0.6250735
0.0018360997
-0.001831338
0.62506872
-0.62300652
0.0018199771
-0.0018106521
0.62299717
-0.6212216
0.0017831205
-0.0017734684
0.62121192
-0.61982627
0.0017440205
-0.0017331704
0.6198154
-0.61817382
0.0016967918
-0.0016833948
0.61816041
-0.61666869
0.0016383678
-0.0016217423
0.61665206
-0.61528765
0.0015666719
-0.0015465232
0.61526749
-0.61403223
0.0014810771
-0.0014581199
0.61400926
0.0013887531
-1.225579
-0.0026830821
1.2255
0.0013733197
-0.0045903983
2.4458314
0.002575679
0.0024847283
-0.0040895527
2.442428
-0.0035588429
2.4396007
-0.0030043627
2.4372535
-0.0024290797
2.4353702
-0.0018366791
2.4339027
-0.0012316973
2.432824
-0.0006179637
2.4321073
2.4317616
-0.00052884266
2.5527182
-0.0010554453
2.5526856
-0.0018331253
2.5528735
-0.0023482179
2.5527606
-0.0028539338
2.5528414
-0.0033474112
2.5525857
-0.0040829815
2.5524702
-0.004546358
2.5519616
-0.00253474
2.551249
-0.0024544536
-1.2752144
-0.0026363715
1.2753161
-0.63746464
0.0014922345
-0.001388288
0.63736068
-0.63833474
0.0014577371
-0.0014812368
0.63835823
-0.63793109
0.001549178
-0.0015709113
0.63795283
-0.63748385
0.0016331701
-0.0016274523
0.63747811
-0.63684716
0.0017088631
-0.0017008866
0.63683918
-0.63606217
0.0017490952
-0.0017637206
0.63607678
-0.63507305
0.0017782504
-0.0018157105
0.63511051
-0.63394614
0.0018211698
-0.0018314032
0.63395636
-0.63255584
0.0018521269
-0.0018562852
0.63255996
-0.62096496
0.0018163708
-0.0017629611
0.62091151
-0.61998003
0.0018030902
-0.0018218025
0.61999871
-0.6265909
0.0018211003
-0.001813556
0.62658325
-0.62505684
0.0017847764
-0.0017834389
0.62505547
-0.62296805
0.0017724968
-0.0017634348
0.62295897
-0.62118478
0.0017393949
-0.0017307145
0.62117609
-0.61978317
0.001702419
-0.0016918373
0.61977258
-0.61812049
0.0016559196
-0.0016426742
0.61810724
-0.61660281
0.0015984639
-0.0015822066
0.61658655
-0.61520778
0.0015284155
-0.001508745
0.6151881
-0.61393961
0.0014448746
-0.0014224486
0.61391718
0.0013545787
-1.2253742
-0.0026172274
1.2252969
0.001339919
-0.0044843913
2.4453734
0.0025138223
0.0024285726
-0.0039936653
2.4419373
-0.003475379
2.4390824
-0.002933604
2.4367117
-0.0023717303
2.4348084
-0.0017932554
2.4333243
-0.0012024954
2.4322332
-0.00060321969
2.431508
2.4311584
-0.00052163638
2.5532398
-0.0012966682
2.5534606
-0.0018112733
2.5533881
-0.0023187932
2.5532681
-0.0028169049
2.5533395
-0.0033029542
2.5530717
-0.003774554
2.5529418
-0.0042282126
2.5524153
-0.0024969006
2.5519393
-0.0024215845
-1.2754246
-0.0025969426
1.2755247
-0.63756452
0.0014726625
-0.0013418821
0.63743373
-0.63845399
0.0014354737
-0.0014585062
0.63847701
-0.63801731
0.0015250378
-0.0015462967
0.63803857
-0.63753765
0.0015816836
-0.0016009881
0.63755693
-0.63689099
0.0016557029
-0.0016727832
0.63690805
-0.63612021
0.001719963
-0.0017089103
0.63610914
-0.63512105
0.0017471106
-0.0017601065
0.63513403
-0.63398277
0.0017911893
-0.0017744921
0.63396606
-0.63257046
0.0018189322
-0.0017968452
0.63254833
-0.62076799
0.0017783707
-0.0017220197
0.62071161
-0.62005568
0.0017668827
-0.0017864771
0.62007522
-0.62657349
0.0017804557
-0.0017992041
0.62659223
-0.62505481
0.0017444357
-0.0017436733
0.62505402
-0.62293394
0.0017298023
-0.0017219973
0.62292614
-0.6211517
0.0017005696
-0.0016927824
0.62114392
-0.61974166
0.0016660067
-0.001655973
0.61973163
-0.61806772
0.0016207891
-0.0016076491
0.61805458
-0.61653814
0.0015639002
-0.0015478304
0.61652206
-0.61512952
0.0014946677
-0.0014752625
0.6151101
-0.61384901
0.0014124954
-0.0013905013
0.61382701
0.001323917
-1.2251751
-0.0025578562
1.225099
0.001310013
-0.0043868256
2.4449261
0.0024568792
0.0023772203
-0.0039084916
2.4414589
-0.0034016255
2.4385755
-0.0028716037
2.4361816
-0.0023216713
2.4342584
-0.0017554764
2.432758
-0.0011772214
2.431655
-0.00059065784
2.4309214
2.4305677
-0.00051467963
2.5537545
-0.0010271406
2.5539731
-0.0015349338
2.5538958
-0.0022913945
2.5540246
-0.0027825849
2.5538307
-0.0032619105
2.553551
-0.0037266485
2.5534066
-0.0044307975
2.5531194
-0.0024638015
2.5523668
-0.0023945016
-1.2756327
-0.0025613563
1.2757302
-0.63763695
0.0014535911
-0.0013487422
0.6375321
-0.63852042
0.0013901137
-0.0014382621
0.63856856
-0.63807621
0.0014780627
-0.0015243969
0.63812254
-0.63761416
0.0015584894
-0.0015773693
0.63763302
-0.6369597
0.0016308348
-0.001647515
0.63697635
-0.63612746
0.0016682754
-0.0017078084
0.63616699
-0.63514399
0.0017212303
-0.0017583069
0.63518105
-0.63399149
0.001763362
-0.0017717454
0.63399986
-0.63255821
0.0017651629
-0.0017685405
0.63256155
-0.62054023
0.0017473477
-0.0016886329
0.6204815
-0.62013647
0.0017396453
-0.0017610429
0.62015782
-0.62658129
0.0017438184
-0.0017381369
0.62657558
-0.62504831
0.0017122748
-0.001708273
0.6250443
-0.62290415
0.0016942562
-0.0016873826
0.62289728
-0.62112053
0.0016673875
-0.0016601552
0.62111333
-0.6197023
0.001636005
-0.0016263234
0.61969263
-0.61801524
0.0015914996
-0.0015783528
0.61800209
-0.61647396
0.0015346798
-0.0015186337
0.6164579
-0.615052
0.0014655161
-0.0014461767
0.61503265
-0.61375997
0.0013840049
-0.0013623149
0.61373827
0.0012967128
-1.2249806
-0.0025047134
1.2249051
0.0012835434
-0.0043029991
2.4444886
0.0024068171
0.0023336909
-0.0038321405
2.440988
-0.0033353384
2.4380787
-0.0028153855
2.4356617
-0.0022761407
2.4337191
-0.0017209981
2.4322029
-0.0011540046
2.431088
-0.00057887693
2.4303463
2.4299888
-0.00076499042
2.5545195
-0.0012718139
2.5544799
-0.00177385
2.5543979
-0.0022688132
2.5545195
-0.0027537696
2.5543156
-0.0034831632
2.5542804
-0.0039417213
2.5538651
-0.0041265603
2.5533043
-0.0021777002
2.552788
-0.0023701329
-1.2758355
-0.0025297396
1.2761875
-0.63770773
0.0014375172
-0.0013323153
0.63760252
-0.63861084
0.0013726982
-0.0014205066
0.63865866
-0.63815897
0.0014592364
-0.0015052005
0.63820493
-0.63768901
0.001538126
-0.0015566059
0.63770747
-0.63700031
0.0016088683
-0.0016251555
0.63701657
-0.63618358
0.0016449544
-0.0016842782
0.6362229
-0.63519053
0.0016972585
-0.0017088111
0.63520206
-0.63402482
0.0017387714
-0.0017217462
0.63400781
-0.63254733
0.001740675
-0.0017445605
0.63255118
-0.6203308
0.0016976734
-0.0016641014
0.6202972
-0.62021951
0.0017177938
-0.0017380252
0.6202397
-0.62656643
0.0017213027
-0.0017203268
0.62656546
-0.62503223
0.0016851569
-0.0016808744
0.62502793
-0.62287796
0.0016658095
-0.0016594155
0.62287155
-0.62109524
0.0016395671
-0.0016343301
0.62108998
-0.61966354
0.0016132261
-0.0016033703
0.61965367
-0.61796245
0.0015678691
-0.0015545299
0.6179491
-0.61640965
0.0015105212
-0.0014943672
0.61639349
-0.6149745
0.0014408675
-0.001421444
0.61495507
-0.61367197
0.0013594244
-0.0013379078
0.61365045
0.0012730024
-1.22479
-0.0024579976
1.2247144
0.0012605716
-0.0042275982
2.4440596
0.0023615101
0.0022951187
-0.0037667724
2.4405272
-0.0032789939
2.4375909
-0.0027680336
2.4351507
-0.0022379651
2.433189
-0.0016921874
2.4316571
-0.0011347778
2.4305305
-0.00056939948
2.4297809
2.4294194
-0.0005039511
2.5550235
-0.001005592
2.5549815
-0.001758351
2.5551506
-0.0022481649
2.5550093
-0.0027283395
2.5547958
-0.003196633
2.5547487
-0.0036502033
2.5543187
-0.0043432928
2.5539973
-0.0024065873
2.5532032
-0.0023518802
-1.2760362
-0.0025018868
1.2761315
-0.63777708
0.0011681502
-0.0012925842
0.63790151
-0.6386991
0.0013577021
-0.001405228
0.63874662
-0.63824032
0.0014430528
-0.001463201
0.63826046
-0.63773687
0.0015206158
-0.0015387432
0.63775499
-0.63709031
0.0015899283
-0.0015804098
0.63708078
-0.63623891
0.0016502419
-0.0016639608
0.63625262
-0.63523647
0.0016765034
-0.0016879115
0.63524787
-0.63403274
0.0017176145
-0.0017259564
0.63404108
-0.6325637
0.0017203263
-0.0017247072
0.63256806
-0.6201423
0.0017034222
-0.0016426933
0.62008156
-0.62030208
0.0017003678
-0.0017216429
0.62032332
-0.62655637
0.0017066115
-0.001704049
0.62655381
-0.62501343
0.0016675183
-0.0016620739
0.62500796
-0.62285284
0.0016466107
-0.0016405187
0.6228467
-0.62107396
0.0016200123
-0.0016156331
0.62106945
-0.61962324
0.0015969753
-0.001586452
0.61961269
-0.61790857
0.0015493264
-0.0015356232
0.61789485
-0.61634476
0.0014909342
-0.0014745863
0.6163284
-0.61489652
0.0014204764
-0.0014008876
0.61487692
-0.61358453
0.0013387133
-0.0013172548
0.61356307
0.0012527178
-1.2246025
-0.0024174128
1.2245261
0.0012410456
-0.0041655711
2.4436376
0.0023229388
0.0022646457
-0.0037095289
2.4400711
-0.0032292857
2.4371106
-0.0027258425
2.4346473
-0.0022038103
2.432667
-0.0016663163
2.4311196
-0.0011173056
2.4299815
-0.00056044308
2.429224
2.4288589
-0.00050009957
2.5555236
-0.00099782603
2.5554792
-0.0014907878
2.5556436
-0.0019765997
2.5554952
-0.0027086333
2.5555278
-0.0031727063
2.5552128
-0.0036219776
2.554768
-0.0040531445
2.5544285
-0.0023838555
2.553615
-0.0020810627
-1.2762332
-0.0024780255
1.2763273
-0.63781972
0.0011563762
-0.001280629
0.63794397
-0.63878793
0.0013451307
-0.0013668936
0.63880969
-0.63832048
0.0014294952
-0.0014493811
0.63834036
-0.63780891
0.0015059786
-0.0015238221
0.63782674
-0.63712813
0.0015486844
-0.0015643517
0.63714378
-0.63629353
0.001608116
-0.0016216928
0.63630708
-0.63528188
0.0016592132
-0.0016704909
0.63529317
-0.63404098
0.0016747983
-0.0017086411
0.6340748
-0.6325562
0.0017042851
-0.0017088884
0.63256078
-0.61992522
0.0016889928
-0.0016287085
0.61986492
-0.62038581
0.0016870572
-0.0017067213
0.62040544
-0.62654659
0.0016963988
-0.0016940629
0.62654425
-0.62498986
0.0016558932
-0.001649359
0.62498331
-0.62282621
0.0016335304
-0.00162662
0.62281926
-0.62106379
0.0016080695
-0.0016089089
0.62106454
-0.61957985
0.0015856164
-0.0015742464
0.61956845
-0.61785305
0.001535105
-0.0015209497
0.61783888
-0.61627901
0.0014753729
-0.0014587925
0.61626242
-0.61481784
0.0014040307
-0.0013842617
0.61479806
-0.61349726
0.001321785
-0.0013003
0.61347577
0.0012358778
-1.2244172
-0.002383189
1.2243395
0.0012250508
-0.0041122207
2.4432212
0.0022890558
0.0022395383
-0.0036638106
2.4396227
-0.0031899715
2.4366368
-0.0026927843
2.4341501
-0.0021771687
2.4321514
-0.0016462073
2.4305886
-0.0011039467
2.4294392
-0.0005539817
2.4286741
2.4283049
-0.00049653253
2.5560201
-0.0012467025
2.5562294
-0.0017361746
2.5561331
-0.0022182083
2.5559772
-0.0026912595
2.5560009
-0.0031520789
2.5556736
-0.003854008
2.5554699
-0.0042840988
2.5548586
-0.0023650583
2.554024
-0.0023280606
-1.2766837
-0.0024579223
1.2767766
-0.63809133
0.001402195
-0.0012964041
0.63798554
-0.638875
0.0013605014
-0.001356543
0.63887104
-0.6383988
0.0014185536
-0.0014382387
0.63841847
-0.63787994
0.001494227
-0.0015118674
0.63789757
-0.63716501
0.0015361395
-0.0015770921
0.63720595
-0.63632218
0.0015950081
-0.0016084609
0.63633562
-0.63530145
0.001645564
-0.0016567254
0.63531259
-0.63407531
0.0016864305
-0.0016951504
0.634084
-0.63257602
0.001692278
-0.0016978275
0.63258154
-0.6197306
0.0016784512
-0.0016165514
0.61966868
-0.62046806
0.0016771376
-0.0016981447
0.62048904
-0.62653959
0.0016879119
-0.0016879909
0.62653964
-0.62496244
0.0016483037
-0.0016411489
0.62495526
-0.6227987
0.0016257754
-0.0016188304
0.62279174
-0.62106263
0.0016082106
-0.0016046447
0.62105906
-0.61953326
0.0015777648
-0.0015656444
0.61952113
-0.61779567
0.0015245484
-0.0015099295
0.61778104
-0.6162123
0.0014633801
-0.0014465652
0.61619548
-0.61473847
0.0013912395
-0.001371324
0.61471854
-0.61340992
0.0013085291
-0.0012869599
0.61338834
0.0012223789
-1.2242338
-0.0023549771
1.2241538
0.0012125717
-0.0040717119
2.4428081
0.0022618259
0.0022229725
-0.0036254818
2.4391765
-0.0031563917
2.4361677
-0.0026642805
2.433658
-0.0021540587
2.4316412
-0.0016287151
2.4300633
-0.0010920328
2.4289026
-0.00054774865
2.4281298
2.4277572
-0.00049443484
2.5565145
-0.00098655515
2.5567215
-0.0014737832
2.5566203
-0.0022098877
2.5567133
-0.0026802992
2.5564713
-0.0031388047
2.5561321
-0.0035825718
2.5559137
-0.0040074676
2.5552835
-0.0023487574
2.5546883
-0.0023229826
-1.2766192
-0.0024417248
1.2767121
-0.63813223
0.0013946274
-0.0012632163
0.63800082
-0.63896131
0.0013272023
-0.0013486376
0.63898273
-0.63847729
0.0014093369
-0.0014297516
0.6384977
-0.63792385
0.0014598554
-0.0015028693
0.63796686
-0.63722686
0.001552315
-0.0015677418
0.63724227
-0.63637584
0.0015855015
-0.0015988782
0.63638921
-0.63534586
0.0016356021
-0.0016212578
0.6353315
-0.6341104
0.0016763325
-0.0016598728
0.63409395
-0.63257428
0.0016833754
-0.001689401
0.63258029
-0.61953275
0.0016708315
-0.0016100968
0.61947202
-0.62055284
0.0016691379
-0.0016911935
0.62057486
-0.62653668
0.0016833186
-0.001683559
0.62653689
-0.62493378
0.0016440269
-0.001637074
0.6249268
-0.62277272
0.0016213144
-0.0016187632
0.62277011
-0.62104256
0.0016063525
-0.0015997973
0.621036
-0.61948337
0.0015734132
-0.0015603102
0.61947025
-0.61773645
0.0015172594
-0.0015021918
0.61772137
-0.61614468
0.0014546517
-0.0014376208
0.61612764
-0.6146586
0.0013818815
-0.0013618772
0.61463859
-0.61332239
0.0012988336
-0.0012771447
0.61330069
0.0012121686
-1.2240516
-0.0023330233
1.2239687
0.0012037813
-0.0040401702
2.4423965
0.0022394271
0.0022123628
-0.0035993895
2.4387357
-0.0031337648
2.4357021
-0.0026452865
2.4331695
-0.0021386517
2.4311345
-0.0016171348
2.4295418
-0.0010843817
2.4283698
-0.00054426729
2.4275897
2.4272129
-0.00074855596
2.5572631
-0.0012388014
2.5572118
-0.0017242066
2.5571057
-0.0022026814
2.5571918
-0.0026713607
2.55694
-0.0031282091
2.556589
-0.0035706979
2.5563562
-0.0039974475
2.5557103
-0.0020813607
2.5550963
-0.0023241317
-1.276809
-0.0024291275
1.2771568
-0.63812132
0.0011341183
-0.0012575626
0.63824476
-0.63904701
0.0013218194
-0.0013431513
0.63906834
-0.63855619
0.0014044337
-0.0014238968
0.63857565
-0.63799384
0.0014538305
-0.0014968075
0.63803682
-0.63728758
0.0015207566
-0.0015362102
0.63730303
-0.63640384
0.0015794636
-0.0015927974
0.63641718
-0.63536442
0.0016292054
-0.0016401092
0.63537532
-0.63412065
0.0016442846
-0.0016531872
0.63412956
-0.63260004
0.0016773017
-0.0016589633
0.63258168
-0.61933772
0.0016658416
-0.0016039613
0.61927584
-0.6206378
0.0016639983
-0.0016838052
0.62065759
-0.62651356
0.0016762552
-0.0016794544
0.62651673
-0.6249065
0.001644095
-0.0016376874
0.62490007
-0.62276799
0.0016250329
-0.0016244975
0.62276742
-0.6210152
0.0016071549
-0.0015999144
0.62100794
-0.61942919
0.0015721666
-0.0015579872
0.61941499
-0.61767548
0.0015130038
-0.0014975175
0.61765998
-0.61607622
0.0014490172
-0.0014317957
0.61605899
-0.61457847
0.0013758004
-0.0013557689
0.61455843
-0.61323467
0.0012925853
-0.0012707529
0.61321283
0.0012050062
-1.22387
-0.0023167484
1.2237828
0.0011988733
-0.004020713
2.4419837
0.0022235971
0.0022098923
-0.0035796824
2.4382947
-0.0031158092
2.4352382
-0.0026302005
2.4326839
-0.002126298
2.4306306
-0.0016078651
2.4290233
-0.001077864
2.4278398
-0.00054067822
2.4270525
2.4266722
-0.0004918678
-0.00098140146
-0.0014657463
-0.0019433178
-0.002666726
-0.003122198
-0.0035628987
-0.0042431766
-0.0023231095
-0.0023195465
-1.2772505
-0.0021636553
1.2770911
-0.63839065
0.0013841724
-0.0012280255
0.6382345
-0.6391323
0.0013187656
-0.0013400404
0.63915358
-0.6386085
0.0013756774
-0.001420652
0.63865347
-0.63809021
0.0014506126
-0.0014681313
0.63810773
-0.63734949
0.0015177412
-0.0015332629
0.63736502
-0.63645615
0.0015512262
-0.0015645538
0.63646947
-0.63540682
0.0016008056
-0.0015862172
0.63539223
-0.63415507
0.0016155439
-0.0016243048
0.63416384
-0.63260167
0.0016230006
-0.0016298646
0.63260852
-0.61914699
0.0015893255
-0.0015394039
0.61909707
-0.62071709
0.0015776343
-0.0015897216
0.62072917
-0.6265266
0.0015748219
-0.001557401
0.62650917
-0.62488256
0.0016511772
-0.0016457303
0.6248771
-0.6227695
0.0016304055
-0.0016308883
0.62276997
-0.62098543
0.0016103639
-0.0016026518
0.62097771
-0.61937102
0.0015732914
-0.0015582055
0.61935592
-0.61761292
0.0015116357
-0.0014957714
0.61759706
-0.61600704
0.0014463838
-0.0014289932
0.61598965
-0.61449832
0.0013728734
-0.0013528668
0.61447831
-0.6131468
0.0012896605
-0.0012676816
0.61312483
0.0012006667
-1.2236872
-0.0023060748
1.2235943
0.0011982776
-0.0040089644
0.0022079081
0.0022089157
-0.0035706639
-0.0031075757
-0.0026233865
-0.0021205855
-0.0016036462
-0.0010752044
-0.00053956475
-0.58310974
0.57696587
-0.089223296
0.1536091
0.050922329
-0.055860427
-0.1486723
0.016020218
-0.46809227
-0.0038195997
0.010647574
0.22065023
-0.49619074
0.49972836
0.027264171
-0.016085618
-0.033855557
0.53885333
0.052128891
-0.52304677
-0.034081639
0.028556643
-0.56235571
-0.033975715
0.15749119
-0.054512984
-0.2572832
-0.020022091
-0.019955187
-0.69920956
0.7156384
-0.095129995
0.75592512
0.070246638
-0.081201939
-0.74496875
0.055412616
-0.036634344
0.27806346
0.27754244
-0.019575715
0.29721594
0.029725195
-0.29476394
-0.012602122
0.034357037
-0.58600819
-0.040296926
-0.14231889
-0.015677446
-0.0068285132
0.76638763
-0.0711423
0.78106985
0.046451852
-0.049363982
-0.77816601
0.030263689
-0.011874409
0.15001234
0.15160269
0.061929306
0.0063350079
-0.068056136
-0.00020823613
0.033407748
-0.60812324
-0.038159922
0.78532074
-0.04102399
0.77805723
0.018977603
-0.015243583
-0.78178903
0.059895257
0.0021381773
-0.00010418816
0.029238796
-0.62387013
-0.032544957
0.77729173
-0.012357972
0.77590815
0.004596529
-0.0043323347
-0.77616707
0.023422243
-0.63377539
-0.026196992
0.7743487
0.0022364581
0.7622773
-0.012108367
0.014238712
-0.76440662
0.018712111
-0.63835432
-0.022072108
0.75929027
0.018071991
0.74842163
-0.023277074
0.027178613
-0.75232347
0.012379607
-0.6371249
-0.010455753
-0.020000503
0.058720688
-0.038846548
0.00012635826
0.74449211
0.029446253
0.73390081
-0.030370743
0.03386668
-0.73739734
-0.080418618
-0.018129193
0.010103449
-0.64413572
-0.0091475785
0.064729829
-7.9347615e-05
-0.0025010207
0.084160675
0.0034249489
-0.085084584
0.73074283
0.035138653
0.71992765
-0.036561839
0.040305038
-0.72367118
0.0072391062
-0.17179151
-0.01355661
0.0031508269
-0.63984353
-0.0024651714
0.17687927
-0.08743622
1.0271705e-05
-0.00033679038
-0.0165059
0.1768033
0.018824153
-0.17912153
0.71615142
0.041434338
0.70558407
-0.040786593
0.044297984
-0.70909542
0.010999617
-0.35432918
-0.026677968
-0.0042358008
-0.63945142
0.0052038423
0.17090171
0.025104268
-0.023368547
0.34886058
-0.34179631
0.0063798771
0.0099244045
0.70204954
0.045190389
0.69234644
-0.043385928
0.046403807
-0.69536417
-0.051173088
0.026592415
-0.34705092
-0.34565139
-0.0028417023
-0.62530431
0.0024755254
0.34097384
0.016655739
0.021686175
-0.02857588
0.33829717
0.02730921
-0.33703041
0.68920475
0.047144219
0.6794621
-0.045207694
0.048463487
-0.68271768
0.030334018
-0.68154894
-0.055687189
-0.0026112581
-0.62879705
0.0022470292
0.33518322
0.033668169
-0.029156292
0.33095313
0.030164043
-0.33196096
0.67620541
0.048983333
0.66722488
-0.04602096
0.048806742
-0.67001077
0.029276185
-0.66812666
-0.055288409
-0.0061922358
-0.61851323
0.0065116603
0.32994507
0.030567372
0.64854397
-0.058799271
-0.65194122
0.030625888
0.031570557
-0.008229244
-0.61501914
0.011833335
0.64482336
0.030594796
0.031508508
0.63348463
-0.056898608
-0.63719551
0.030496163
0.030113236
-0.0076152171
-0.60890835
0.010990646
0.62983815
0.030010982
0.029500284
0.61953961
-0.053014359
0.056262444
-0.62278731
-0.006610188
-0.59988319
0.0088658036
0.61498433
0.056274124
0.60510463
-0.047100791
0.049802695
-0.60780665
-0.0035514082
0.22322698
-0.0027810454
-0.09490518
-0.12198907
-0.0045468135
-0.59510097
0.0061215972
0.60139137
0.04867411
0.60171674
-0.041907085
0.043218294
-0.60302762
-0.019744836
-0.10506169
-0.069059024
-0.65331864
0.66309746
-0.076908637
0.07859124
-0.092548498
-0.6852526
-0.045216547
-0.31742535
0.082915628
0.002693928
-0.08274113
0.07808832
0.0019556158
0.23787189
0.023093624
-0.23295583
-0.02801017
0.72870061
-0.077441607
-0.0766686
-0.69314647
0.11855427
0.76334112
-0.076953641
-0.071397769
0.11370979
-0.025757825
0.2035277
-0.20032225
0.042916872
-0.02036605
0.01829668
0.14037286
-0.1404629
-0.018206865
-0.40169112
0.043364332
0.40377703
-0.045450021
0.40718871
0.034248709
-0.036645503
-0.40479137
0.0047158669
0.07102167
-0.074212813
-0.0015247525
-0.4058412
0.027227271
0.41106299
-0.032450629
0.40637368
0.0099127494
-0.0078823007
-0.40840256
-0.4001243
0.0036469129
0.39986651
-0.003386253
0.39697897
0.0055355947
-0.0042605881
-0.3982511
-0.39632915
1.7744288e-05
0.39670722
-0.00039552313
0.39037238
-0.013085853
0.01924713
-0.39653325
-0.38767592
-0.0088201666
0.38861355
0.0078827127
0.37938688
-0.013375256
0.015511513
-0.38152265
-0.37721355
-0.017621762
0.3759576
0.01887837
0.74598529
0.015218612
0.027564821
-0.035638969
-0.37611223
-0.37701657
0.059451659
-0.039471043
-0.01961698
-0.00036343401
0.73741029
-0.73919996
0.023333506
0.016619287
-0.038162557
0.73219921
0.020520463
0.025468703
-0.040777894
0.0077515145
0.16892077
-0.17520346
-0.02080651
0.019337599
0.72014998
-0.72431266
0.024196662
0.025410925
-0.045444393
0.71728878
0.025607816
0.022910295
-0.045656576
0.0055718414
0.35892372
-0.35019527
-0.020798901
0.0064988715
0.70540317
-0.70957542
0.02705178
0.026069142
-0.048948667
0.70110854
0.027035176
0.026592464
-0.049333004
0.013531108
0.34688769
-0.34916635
-0.028250741
0.016998363
0.6640494
0.048989484
0.65535336
-0.045602687
0.048411092
-0.65816166
-0.65576158
-0.054931534
-0.071227254
-0.0025479428
0.073363502
0.00041165321
-0.023429706
0.14292597
-0.15339707
0.020180042
0.01372073
0.65237041
0.048234882
0.64367106
-0.044366502
0.047148174
-0.64645281
-0.64202222
-0.053078273
-0.15399202
-0.018532463
0.14984657
0.022677898
-0.014613382
0.1531753
0.013097466
-0.15165921
0.64081016
0.046307514
0.63306832
-0.041870197
0.04420926
-0.63540734
-0.62810963
-0.049508571
-0.29967496
-0.03067696
0.29817382
0.014476803
0.017701303
0.29479968
-0.028379832
-0.29588251
0.015808802
0.013653879
-0.29127879
-0.025504705
0.29041101
0.026372295
0.28848349
-0.024892355
0.025712771
-0.28930401
0.065834124
-0.011456976
-0.075315226
0.020940181
-0.037350317
-0.23585859
0.050995877
0.22221211
0.28862838
0.28325666
0.12425053
-0.57300878
-0.065610345
-0.057519873
0.095405017
-0.024978097
-0.096187149
0.0071584159
0.0066200936
0.027524932
0.027224513
0.031444672
0.11159853
-0.047638912
0.029142141
-0.033606515
0.24233576
0.041904003
0.21548405
-0.022416205
0.78600784
-0.064780669
-0.062791397
0.10490423
-0.057085178
-0.055679253
0.40421496
0.092864973
0.28482401
-0.018477452
0.032787036
-0.28083786
-0.55766279
0.57059529
-0.029010323
-0.030995628
0.047072702
-0.54742635
0.045176681
-0.58140164
0.59059908
-0.027220497
-0.029162715
0.047185266
-0.028147472
-0.030730302
0.048071323
-0.019694074
0.28855933
0.033411757
-0.017453236
-0.023386451
0.14406515
0.029999812
0.4095799
-0.032391028
0.02777846
-0.029304304
-0.40431595
0.14568306
-0.0017641527
0.01209944
-0.15130259
-0.59920233
0.60782292
-0.026582503
-0.028404807
0.046366071
-0.027460487
-0.028290389
0.047147553
-0.61434761
0.62174896
-0.026430393
-0.024430542
0.04345904
-0.023902119
-0.027999868
0.045377256
-0.0069595723
0.15001712
0.019136197
-0.016510674
-0.0049590372
0.069021132
0.0072464358
0.40448826
-0.005361334
0.0064301745
-0.0046430377
-0.40190919
-0.62498513
0.31436956
-0.015989965
-0.027029262
0.31539572
0.038238507
-0.022903439
-0.020655933
0.040323163
0.31719632
0.017064818
-0.31784301
-0.016418296
0.01862359
-0.018685715
0.31443139
0.0028783801
0.39697732
-0.0028758774
0.0023491016
-0.002518436
-0.39615929
0.32090512
0.013817502
-0.32161356
-0.013108973
0.016800259
-0.016332219
0.31672824
0.3248067
0.016539823
-0.31969388
-0.021652949
0.012262635
-0.010091965
0.31873444
-0.014782685
0.38504917
0.020105986
-0.0056742931
0.0041779811
-0.3861795
0.31832928
0.0080052168
-0.32095801
-0.0053761863
0.013158293
-0.013203192
0.32485161
0.32782023
0.012915651
-0.32551778
-0.015218831
0.0089933409
-0.0079521528
0.31728832
-0.012597988
0.38104429
0.010940904
-0.017350838
0.021226599
-0.38108896
0.32229657
0.0025127978
-0.32332403
-0.00099494226
-0.00049127579
0.0092469146
-0.0073756184
0.32594896
0.31779793
0.0051578695
-0.32042341
-0.0019837553
-0.00054876754
0.0020885225
0.32191355
-0.0010202827
-0.00068544885
-0.0059584127
0.065733922
-0.00032381974
0.74512386
0.022377046
0.013512743
-0.035027875
0.017493113
0.026397489
-0.037966862
0.3285097
0.017069827
-0.3219745
-0.0096855358
-0.013919565
0.0053299538
0.31668949
-0.0034425585
-0.00077872776
0.32297576
0.0017600095
-0.32383088
-0.00033704431
-0.00056793467
0.011726823
0.32737728
-0.0032844294
-0.0073103722
0.081861258
0.0055918868
-0.079701642
-0.0055660154
0.08568173
0.0017455213
-0.011245012
0.17371861
0.00088113041
0.73041639
0.022552216
0.020631463
-0.041400786
0.025180012
0.025362461
-0.044438648
0.32135085
0.0015310256
-0.32162723
-0.00068002069
-0.00057491156
0.0018800683
0.32208219
-0.00058169358
-0.00040496367
0.32030238
0.00080563096
-0.32063658
-0.0003267161
-0.00014458145
0.0011610386
0.32113167
-0.00050627554
-0.00043563859
0.17912148
-0.17524037
0.0006447231
0.0010461084
-0.0086922776
0.18218958
0.0012833939
0.0043408549
0.018080669
-0.025701284
0.35785213
0.71325165
0.024936441
0.026146889
-0.04704618
0.025650613
0.025978913
-0.047953237
0.31986916
0.0011340438
-0.31961369
-0.00079801259
-0.00059150595
0.00038455315
0.32004228
-0.00015389602
2.9449387e-05
0.32341743
-0.0037764483
-0.3212338
0.0015760606
1.6712948e-05
0.0011074821
0.31998091
-0.0005831591
-0.00063606544
0.16996563
0.014219331
-0.17065379
-0.012222185
0.17321811
0.0089697769
0.012149534
-0.026897142
0.34941315
0.69755476
-0.049608097
0.026724839
0.026437228
0.69568767
-0.049306101
0.30973675
-0.01014015
-0.31204332
0.0036154566
0.0088312792
-0.0065832422
0.32375198
0.0048337562
0.0014149224
0.31357368
0.0016019285
-0.3139827
-0.0011484215
-4.4520918e-05
-0.007759013
0.31237045
0.0010380734
0.0040872577
0.33870183
-0.031187091
-0.3441658
0.01887761
0.017773446
-0.029601299
0.34040639
0.015002194
0.012894603
0.31436584
0.0014413756
-0.31461822
-0.00080261754
-0.00038639791
5.8143003e-05
0.31465672
-0.00091310858
-0.00022807939
0.3152939
-0.0011243069
-0.3143305
4.1452315e-05
0.00011941017
0.00055483461
0.31413043
-0.00017992399
-0.00013953813
0.33346147
-0.029233408
0.030499873
-0.33472805
-0.029337635
0.33366395
0.029135144
0.30856955
-0.013951169
-0.31570912
0.021090755
-0.0018408833
0.31565344
0.00074056543
0.00074072344
0.30761097
-0.00028862265
-0.30710431
-0.00021805082
-0.013125101
0.01624413
0.3054505
0.65477683
0.034372111
0.02718575
-0.05821873
-0.3296072
-0.32850871
0.056451222
-0.055979481
-6.2682184e-05
-0.00040907772
0.0028360306
0.15024402
-0.14655848
-0.015275559
0.0087540194
-0.0013875628
0.058230752
-0.00039199252
0.030347284
0.030697445
-0.058209127
0.0010873202
-0.069478545
0.3117993
-0.0040368029
-0.31032618
0.0025636748
-0.0010530936
-0.00012441835
0.30878846
0.3009585
-0.0070038317
-0.30210107
0.0081464258
-0.0070190793
0.0080220014
0.31079638
0.64061491
0.031337344
0.031331867
-0.058460885
0.30998485
-0.033225552
0.01716089
-0.15915117
-0.15819879
0.0020841078
-0.011292539
0.1569045
0.016296083
0.3117247
-0.31062904
-0.030354945
0.012963161
0.015856015
-0.030259014
0.31383172
0.010556069
0.03036203
0.030267689
-0.057210368
0.1472622
0.0085964082
0.0029233448
0.017053393
-0.15474938
0.30490859
-0.0020191439
-0.30399765
0.0011081743
-0.0055447299
0.0040932824
0.30240995
0.29779918
-0.0095019231
-0.30204213
0.013744877
-0.0034946918
0.0031793848
0.30522389
0.62631086
0.029787451
0.028871736
-0.055131723
0.30786065
0.015293042
-0.3079501
-0.029816549
0.015322079
-0.031333906
0.30920404
-0.032533787
0.29864949
0.01665275
0.022261439
-0.15185434
-0.030396119
-0.3011007
0.01779624
0.014025777
0.29966165
-0.0036808928
-0.29857463
0.0025938889
-0.0081809383
0.0091232492
0.29685688
0.29185632
-0.0053373763
-0.29261035
0.0060914493
-0.0058172824
0.0068224772
0.29865646
-0.027121803
0.29565326
0.026268227
-0.027722144
0.029418248
-0.29297501
0.29471389
0.001090786
-0.29611931
0.00031444436
-0.0042752521
0.0035450823
0.29258648
-0.53081967
0.52026457
-0.015184875
0.01807084
-0.49824669
0.01502519
-0.55118578
-0.015906309
-0.059330922
-0.029038384
0.070860634
0.017508458
0.13760887
-0.018802831
-0.023691034
0.13751935
-0.20572679
0.025579268
0.20469506
-0.024553341
0.21089118
0.019281038
-0.018980214
-0.21119738
0.0099556232
0.06991279
-0.071183825
-0.0086848352
-0.19900764
0.026306841
0.21104258
-0.017217643
-0.021124972
0.20917345
0.0053728441
-0.2116108
-0.0018911083
-0.0010441014
-0.73009606
0.73307553
-0.029406381
0.73623335
0.018875633
-0.018650989
-0.73646297
-0.76631256
0.019676969
-0.20166809
0.00055390645
0.20154632
0.00014064939
-0.00057324244
0.0020531761
0.20050993
-0.20140666
-0.00031916192
-0.00083730639
0.73683719
-0.014713124
0.7366046
0.0064995373
-0.0058611527
-0.73724261
-0.76545737
0.005029021
-0.19714732
0.00081409847
0.19707797
-1.7912129e-05
-0.00072688011
0.19853934
-0.00045244367
-0.19752727
-0.00035106191
-0.0002081845
-0.63261871
0.63377184
0.020306056
0.63752082
0.017030997
-0.63583977
0.014236407
-0.62930244
-0.015156487
0.64095626
-0.6411731
-0.0086459085
0.019099255
0.63686931
-0.0070067406
0.63664727
0.019565427
-0.19347297
-0.0011083103
0.19404639
0.00053500897
0.19745407
-0.012060032
0.011829387
-0.19722339
0.63781163
0.015012325
0.63514839
0.01311807
-0.63588783
0.011835334
-0.63170795
-0.012358264
0.64635661
-0.64775502
-0.0048472469
0.01045752
0.64188324
-0.0034728187
0.63950631
0.012854504
-0.18412146
-0.012548486
0.18442054
0.012249677
0.18745936
-0.0059270697
0.0055461359
-0.18707793
0.63647151
0.01356762
0.64061268
0.010067623
-0.64057606
0.0088440284
-0.63413792
-0.0091237759
0.63554094
-0.63418446
-0.012924467
0.021545158
0.64762035
-0.016555586
0.64246367
0.016283817
0.36345404
-0.36481121
0.016861751
0.0078290417
0.36940614
0.0057834525
0.0048836773
-0.00023852787
0.18263491
-0.0026566589
-0.00038922085
-0.088074519
-0.09127589
0.64002181
0.0079089886
0.6381291
0.0036633848
-0.63864086
0.0046884997
-0.63444903
-0.0044499947
0.64314257
-0.64556245
-0.0016273312
0.0044766205
0.64179234
-0.0015956531
0.64072643
0.0055387903
0.36130873
-0.35915284
0.011055982
0.010984874
0.028753551
0.35796637
0.025593869
0.35458859
0.011566015
-0.18193429
-0.18106038
0.63778278
0.0023422855
0.63564482
-0.0027392212
-0.63714073
0.00085242607
-0.63254527
0.00010966531
0.63935293
-0.63987295
-0.00075554647
0.0012426686
0.64008297
-0.00083854005
0.63907491
0.00099125573
0.63254979
-0.0050246225
0.6265228
-0.0024256949
-0.62693871
-0.00028713331
-0.62804772
0.00098581593
0.63572294
-0.64331343
0.014025944
-0.015096806
0.6239479
0.016731808
0.62741224
-0.0089237289
0.69212078
-0.050462668
0.055226507
0.688201
-0.051306501
0.68559567
0.027708577
0.62684851
-0.0013322245
0.62741846
-0.0023745068
-0.62765517
-0.00075665238
-0.6259888
0.0013753003
0.62717856
-0.62527968
-0.001906256
0.001000147
0.62831144
-0.00069167234
0.62786671
-0.00012361004
0.67746509
-0.68084245
-0.052244727
0.055444373
0.6739386
-0.051918179
0.67124011
0.029803229
0.62590009
-0.0043832751
0.61953097
-0.0051628372
-0.62056034
-0.0020293594
-0.62251245
0.0029328528
0.63073312
-0.63104107
0.00597405
-0.013377485
0.62097141
0.0091879622
0.62258836
-0.0084099225
-0.047562129
-0.0010397232
0.048944481
-0.00034251662
-0.0021346225
0.064771769
0.0004011803
-0.063038385
0.63045899
0.043319835
0.62586404
-0.038385415
0.039758128
-0.62723677
-0.61508372
-0.044494319
-0.1334591
-0.01216668
0.13704433
0.0085813829
0.13431618
-0.012420629
0.01173577
-0.13363144
-0.27305889
0.50867384
0.0034835306
-0.016257132
0.52845553
0.011410132
-0.52360791
0.0048142767
-0.59625149
-0.0064987068
0.60200334
0.038547988
-0.031780976
0.6030874
0.031269729
-0.60257606
-0.49350555
-0.025603189
0.021784377
-0.48021389
-0.0096662982
0.20321222
0.20553285
-0.45803843
0.033719265
-0.0056207498
-0.088578128
-0.53622117
0.040923273
-0.044704969
-0.52844878
0.03693252
-0.029928488
-0.5086817
0.17859072
0.056850742
-0.17433865
-0.032966102
-0.028135266
-0.029509561
-0.12572064
0.059601223
-0.0369994
0.075687555
0.056944921
-0.25073542
-0.020066742
-0.020563066
-0.12121688
-0.011449114
0.12162794
0.021750618
-0.010713033
-0.012499187
0.012703273
-0.059535097
-0.092325633
0.010404229
0.083246322
-0.001325297
0.41052683
-0.40296156
-0.03015087
-0.03450088
-0.037264985
-0.021190416
0.2075756
-0.14466914
0.019956255
0.15064029
-0.011177179
-0.0147504
-0.208137
0.0057267652
0.20597379
-0.0011635501
-0.0024001582
0.021833476
-0.199435
-0.0067161634
-0.014690324
0.14628204
-0.0048248015
0.015509925
-0.14701207
-0.29711136
0.29897334
-0.015358573
-0.013964216
-0.29513806
-0.30753612
0.31590972
-0.015347388
-0.019456725
-0.3070717
-0.01518824
-0.0097068122
-0.00049953974
-0.078822802
0.076365679
0.0029566343
-0.058671327
0.058148897
2.2808862e-05
-0.79752405
0.79349742
-0.0047836923
0.019380488
-0.0072624851
-0.80239196
-0.78412957
0.021718484
-0.20279656
0.00099169414
0.20319428
-0.00035623613
-0.0010331152
0.0019021487
-0.20271186
-0.00016521541
-0.00069298949
0.051491346
0.005237347
-0.056813345
8.4636216e-05
-0.31056057
0.3096358
-0.015180779
-0.0067981456
-0.0060190276
-0.0092878031
0.15890235
0.0055945304
-0.16070968
-0.003787379
-0.15785656
0.014319777
-0.018170721
0.1617073
-0.010431055
0.77644685
0.011279934
-0.79073131
0.78898454
-0.0031421054
-0.0059446265
-0.7882955
0.78870048
-0.0023837696
0.0081539758
-0.0045857052
0.0084342143
-0.19789434
0.00093706612
0.19813035
-0.00038302014
-0.00078984872
0.001188608
-0.19763896
-0.00015653677
-0.00054034132
0.15819512
0.015431082
-0.15477396
-0.018852441
0.005140297
-0.0035370762
0.15729902
0.16824487
0.014655538
-0.16389082
-0.0064059876
-0.0126038
-0.15557163
0.0067464725
0.15420938
-0.0042721243
-0.0011120499
-0.19034913
-0.0017633582
0.19231498
0.00042233214
-0.00062464659
-0.0005542187
0.00041445688
-0.19333305
0.16161247
0.00079214484
-0.16215305
-0.00013251468
-0.00011906721
0.0088147208
0.16517427
-0.0013623849
-0.0043818065
0.16429773
0.0034641747
-0.16670348
-0.00013463895
-0.00092365477
0.019182137
-0.15013357
0.15692626
-0.018294831
-0.0076793197
-0.021274929
0.019568032
0.63948987
-0.014902209
-0.017421669
-0.19303185
-0.0060524369
0.19373266
0.0053519977
-0.014884981
0.01899719
-0.18823348
0.16132654
0.00018208881
-0.16140783
-9.2581963e-05
-8.0800893e-06
0.0024914967
0.16235409
-0.00017032038
-0.00037746428
0.079446119
0.00047528374
-0.079770634
-0.00015115757
2.6734504e-05
-0.079778802
-0.00018141686
0.079933416
-0.0092220514
0.011603392
0.63776496
-0.0030169579
-0.0017174268
-0.068414956
2.8302553e-05
0.068517487
-0.00013076865
0.37695931
-0.37299102
0.0038750365
0.0096497191
0.016812525
0.021733049
0.076427667
0.0030351097
-0.078271099
-0.0011919743
-0.00017015401
-5.7460742e-05
0.079673622
0.07949163
0.0001213748
-0.079659295
4.6201682e-05
7.7365199e-05
-0.07971098
-9.1591152e-05
0.079725093
-0.015682096
0.014009909
0.64898562
-0.0053210609
-0.0039643975
0.067894515
-0.067825965
-0.00030709564
-0.0032695615
-0.091184186
0.092186571
0.0022672022
-0.18541232
0.0087936309
-0.012991691
0.18634081
0.36268689
-0.36655935
0.012372394
0.016680157
0.016340508
0.012556013
0.079332447
0.000512315
-0.07951762
-0.00032718351
-0.00024143996
0.0001259854
0.079606976
0.078876933
0.00019742025
-0.079022563
-5.1881505e-05
-4.2525382e-05
-0.078933429
-8.0679148e-05
0.079056605
-0.003243811
0.0041268854
0.64081704
-0.001107542
-0.00071544267
0.17133526
-0.18511816
0.015383738
0.023993241
-0.16919974
-0.011302697
0.17348998
0.0049971359
0.0020153741
0.078784673
7.5581509e-05
-0.079018776
0.00015843153
-0.00014699393
1.4404858e-06
0.079022444
0.078594387
2.7291198e-05
-0.078500333
-0.00012136938
8.7442436e-05
-0.078434618
-0.00016694234
0.07851409
0.0008375249
-0.0012138728
0.64202548
2.4829233e-06
0.00013944234
0.17621583
-0.011169565
0.0084091833
-0.17345539
0.064851284
-0.062742841
-0.0019701756
-0.00013816431
-0.053922456
-0.0053899431
0.059478879
-0.00016639255
-0.33906104
0.016431968
0.007425206
0.08086872
-0.011974728
-0.082456672
0.013562666
9.022213e-05
-0.00010997873
0.078614134
0.077865191
0.00063893082
-0.078069298
-0.00043483467
-0.00036953835
-0.077892902
0.00013678744
0.078125637
0.0084683267
-0.0063603589
0.62339483
0.0012624089
0.0021925911
0.34138669
0.016920541
0.010891412
0.083935142
0.00044716849
-0.081235938
-0.0031462823
-0.0062953636
0.071267466
-0.00012076501
0.33920345
0.012717201
0.006917088
-0.1657797
-0.16574877
0.014493387
-0.16532557
-0.019288142
0.16134675
0.0087735877
-0.33858788
0.017371946
0.014519574
-0.055519513
0.029964981
0.68440342
-0.0517219
-0.052126183
0.077667546
0.00046535692
-0.077834979
-0.00029793235
0.0001753422
-0.00034102495
0.078030866
0.15481572
9.5355281e-05
-0.15469166
-0.00017068266
-4.8759997e-05
0.00034052471
-0.15485045
0.15478797
-0.00022316107
-5.4910151e-05
0.00020848796
-0.0011388277
0.62958211
-0.00050739372
-0.00033624224
0.027823857
0.33592111
-0.32889038
0.0091568428
0.33529205
0.012265336
0.024219179
0.019762033
0.15633839
-0.0011998334
-0.15516287
6.6598408e-05
-4.229831e-05
0.00032178363
0.15470725
-0.00015939149
-5.3940632e-05
0.15286507
0.0011228732
-0.15324043
-0.00056158713
-0.00018596678
-0.00077062165
-0.15172343
0.15304894
-0.000618838
6.3917288e-05
0.012742194
-0.0086670838
0.61449284
0.0060956769
0.0045702226
0.6161456
0.15286714
0.00064192208
-0.1529469
-0.00038747564
-0.00017473725
0.00033610921
0.15310161
-0.00045027235
-0.00012240419
0.14855358
-0.00084345984
-0.14819174
-0.00040008519
0.00088170137
-0.14973752
-0.01648398
0.14490549
0.0078474699
0.013468539
0.15032514
0.00047496095
-0.15053867
-0.00028351496
2.2082182e-05
-0.0016909635
0.15000736
-0.00029609998
0.00053328421
0.14305444
-0.0092467143
-0.14539227
0.011584559
-0.15362531
-0.0058828449
0.0056838097
0.15382432
-0.61533119
0.61190527
0.029292658
-0.057439403
0.027896788
-0.3104616
-0.053915835
-0.0001408295
-0.047098675
-0.00032255146
0.14672094
0.00046062054
-0.1466968
-0.00048475673
-0.0070882173
0.0051869264
0.14495575
0.14246431
-0.0013645618
-0.14233403
0.0012342841
-0.14522449
-0.0106342
0.013635881
0.14222282
0.053480409
0.61157345
-0.050069483
-0.60690412
0.60291494
0.029090031
0.030598279
-0.59959017
0.59542257
0.026248152
-0.052662565
0.028865506
-0.048895766
-0.13137837
-0.010981506
0.13694861
0.0022914598
0.003119787
-0.014096141
-0.13209163
0.0082555332
0.0044731097
0.14454269
0.00026498497
-0.14398358
-0.00082400192
-0.0013698707
0.00055166939
0.14328253
-0.57497908
-0.00051954391
0.0078417217
0.57638017
-0.0087244633
-0.018300719
-0.06824376
0.099197715
-0.29291881
0.0030254692
0.2887074
-0.003249405
0.56871343
0.021594254
0.020263164
-0.043170489
-0.28814569
-0.27925484
0.013988383
-0.022840797
0.0088516341
0.098791435
0.010125387
-0.097158545
-0.011759619
-0.0065189381
-0.0045038248
-0.19153189
0.014802592
0.095957497
0.091790169
0.10534489
0.016815779
-0.10490709
-0.017254124
0.013788092
-0.014726642
0.099729066
-0.051260911
-0.18549817
0.047918384
0.18884138
0.3790157
-0.36653363
-0.04592265
-0.043512122
0.39001396
-0.04284271
-0.039553931
-0.030032272
0.00099368276
0.018190243
-0.018535148
0.13795348
0.015505362
0.20764499
-0.012258998
0.20595159
0.023491662
-0.026900215
-0.20254224
0.012295283
-0.015019872
0.072637255
0.0037013627
0.20708256
-0.00088992617
-0.00071992727
0.20469251
0.002132903
-0.20547545
-0.0003165622
-0.0010330121
-0.0044348086
0.39835751
-0.40275616
0.40124602
-0.00087073842
-0.40338533
-0.0022026578
-0.40048873
-0.0021264422
0.39924853
-0.00089164561
0.0030356889
-0.00050949727
-0.0017685019
0.20051969
-2.9437803e-05
-0.00048908767
0.19921092
-0.19988191
-0.00046230267
-0.00099202395
-0.00092121602
0.19937638
-0.00028203972
0.00036648213
0.19216333
-0.021054572
-0.20257388
0.013241325
0.018224086
-0.017414369
0.1895775
0.025290957
0.18599365
-0.0049824996
0.0042599848
-0.18527097
0.3830404
0.0018881869
0.0075307952
-0.18978092
0.36656135
0.017853075
0.026190804
-0.00023367117
-0.0047532405
0.18701682
0.00060497383
0.37013244
0.0069360626
0.012858054
0.36150056
0.017815557
0.016284981
-0.027400808
0.022083843
0.0097103904
0.35617349
0.35828498
0.071388361
-0.0083945055
0.0078489042
-0.070842789
-0.0068256515
0.073653962
0.0045600356
0.15431726
-0.014767925
0.013602468
-0.15315187
-0.016985041
0.15206919
0.019233194
0.29741139
0.016976082
0.014384613
0.13991455
-0.13361494
-0.012296631
0.0038624745
-0.1369288
-0.012234879
0.14299627
0.0051279276
0.0031974874
0.14138791
-0.13675636
-0.013545394
0.00571654
0.0030739036
-0.013239338
0.14372182
0.0063581807
0.014577569
0.016041344
0.066579932
0.0012656993
0.064999091
0.0034864906
-0.065288068
-0.010798316
0.13697981
0.0081346628
0.13526986
-0.012986877
0.014061529
-0.13634466
0.083951421
0.086042579
-0.033179177
-0.2053894
0.036006704
0.032571123
0.03649692
-0.10932786
0.1094012
-0.03657159
0.049291023
0.052613506
-0.044884953
-0.10152085
0.044504074
0.18653036
-0.027283539
-0.031916658
0.067746969
-0.047963425
-0.019782007
-0.22693736
-0.023029439
0.11802195
0.11811962
-0.013233185
0.021685935
-0.11801029
-0.011659654
-0.018932032
-0.019396235
0.060367905
-0.057408971
-0.016192308
0.10879687
-0.012126962
-0.011107207
-0.043409223
0.00087772329
-0.011946868
0.060865539
0.39589396
-0.037899173
-0.032762261
-0.03427553
-0.035583446
-0.11327302
0.021628035
-0.00068174247
0.01888132
-0.14212612
-0.013051029
-0.0083734202
0.023272144
0.21374931
-0.031069813
0.0079141533
-0.0054203483
-0.21063074
-0.30258925
0.30323767
-0.013936562
-0.013294635
-0.015310338
-0.016710425
-0.015093899
0.1540012
0.019669855
-8.1556936e-05
0.0063115607
-0.15929938
0.075060814
-0.00081431235
-0.30864924
-0.0093758259
-0.012948882
-0.016983939
-0.016427533
-0.058727273
-2.5650087e-05
0.0011903518
0.204561
-0.00036340896
-0.00069525725
0.0022554406
-0.20386605
-0.00024170442
-0.00094345831
-0.0054508258
0.40267865
-0.40836099
0.40610139
-0.00093578995
-0.41050982
-0.0020211183
-0.40528976
-0.0008351787
0.0040142309
-0.0022105728
-0.32271197
0.15655858
-0.0025826701
-0.0073669643
0.1601128
-0.016474248
-0.023631197
0.034260988
0.017498323
-0.00026798819
0.014233049
-0.15512274
-0.016966981
0.0070340918
-0.0067386961
0.15626285
0.00072385654
0.19935567
-0.00020434861
-0.00066374466
0.001901987
-0.19842581
-0.00027744825
-0.0010926556
-0.0037239846
0.39611615
-0.39874327
0.39752571
-0.00060267205
-0.0016466933
0.16153121
0.0032342772
-0.16278896
-0.0019765873
0.016267213
-0.022446461
0.16437429
0.0053950108
-0.15826817
-0.0021240583
-0.00057446192
0.0025520148
-0.0012583143
0.16023746
-0.020673002
0.18600052
0.017107709
0.0097282469
-0.00073493297
-0.18995407
0.0010479645
-0.00070792079
0.0016422335
0.15951832
-0.16057299
-0.00054815695
-3.9290593e-05
0.00062885406
0.16106644
-0.00014211752
5.9338284e-05
-0.0047471928
-0.32321747
0.32163963
-0.32480662
-0.00095120664
0.31835669
-0.00045055295
-0.024713012
-0.31822635
0.33071024
-0.31306026
-0.023180643
0.33109848
-0.012142555
0.31405184
-0.00040002141
-0.0032466238
0.015840242
-0.011764784
-0.003083623
-0.15520077
-0.0057422823
-0.00095484293
0.15940795
-0.00047878394
0.00018936849
-0.0043297127
0.18846862
0.0018549603
-0.0041438564
0.0022075416
-0.19109528
0.00042405951
0.079867523
-0.080029427
-0.00026213306
0.00016110003
0.16117152
-5.3741533e-05
4.7750024e-05
-0.32460183
-0.0010593573
-0.0011357736
-0.16220578
0.16170312
0.00066378453
0.16095319
8.6341426e-05
0.0008669479
-0.16148266
-0.00064608443
0.16348588
0.16337533
0.00099547693
-0.16301896
-0.0017357667
-0.0017640182
-0.32063458
-0.0011832048
-0.00032319059
-0.16066916
-0.00041084072
0.16057301
0.0005335669
0.15961309
9.8292295e-05
0.00086560701
-0.16010255
-0.00019104455
0.16093867
0.00077690377
-0.00057144272
-0.00044788142
0.00072214046
-0.16084681
-9.6652421e-05
-0.0011595049
-0.00057855009
-0.07997445
-0.00025224629
-0.00037640436
0.080052835
0.36587115
0.017075516
0.0059917349
0.0039557833
0.0024371045
-0.068378723
0.00012832969
-0.00016452808
0.0027965583
0.082533604
-0.083361981
-0.0019683762
0.0021080253
-0.0019601933
0.076279249
-0.31507653
-0.014116971
-0.0093365529
-0.15346952
-0.0073272234
0.1521186
0.010785099
0.16711921
-0.0077439844
0.011018113
-0.16759711
-0.00057797104
0.15907653
0.0009442523
-0.00026648906
0.006030717
-0.15619893
-0.0080758611
-0.0032357591
-0.32599865
-0.0004803728
-0.0013165311
-0.16118459
-0.00019592186
0.16081148
0.00064601038
0.16024263
0.00016888936
0.00014729993
-0.16043757
-0.0022946466
0.16435638
0.0056573732
-0.00060016131
-0.00021169772
0.00089729542
-0.16169849
-0.00017193504
-0.0010628885
-0.0028796052
-0.079814921
-0.00010787103
-0.00079460233
0.081033513
0.067908372
-0.00024752376
-0.0024286005
0.00077363721
-0.089529232
0.3629242
0.012905375
0.0082231726
0.0076831221
0.0093131742
0.00082154731
-0.18152798
-0.0071345149
0.00037098527
0.079091421
-0.079261095
-0.00020136635
0.00013543171
-0.00025271696
0.079449686
-0.32187915
-0.00072451223
-0.00061941624
-0.15993001
-0.00045605877
0.15988595
0.0006354272
0.15961508
-5.7982369e-05
0.00052969862
-0.15971595
-0.00011035517
0.15993835
0.00017316351
-0.00017568587
0.00071929335
-0.15996132
-0.00082497786
-0.00059930041
-0.32085797
-0.00029771514
-0.00019645553
-0.15936087
-0.00025821764
0.15934149
0.00023490073
0.15923068
0.00010546664
0.00016460628
-0.15930349
-3.4249717e-05
0.1595595
0.00043362412
-0.00034387365
-0.00028569227
0.00034641543
-0.15944099
1.9323099e-05
-0.00047893283
-0.00035492575
-0.079085382
-0.00013377285
-0.00015003939
0.079207184
0.16681352
0.018872247
0.0077333824
-0.015730242
-0.17006576
0.01125658
0.0053397298
0.00050918195
0.078661533
-0.078851335
-0.00031940914
-0.00030637252
0.00026885198
0.078822192
-0.3196262
-0.00064084954
-0.00018519564
-0.15882309
-0.00035917055
0.15864468
0.00023112931
0.15878913
-0.00017084635
0.00074251215
-0.1588517
-0.0001596371
0.15921489
2.8275877e-05
0.000280554
3.7879321e-05
-0.15906602
-0.00034547325
6.0071937e-06
-0.32085242
0.00024247692
-0.00048443459
-0.15859143
-0.00030482772
0.1586061
0.00037751242
0.15962998
-7.9695327e-05
-0.00052969535
-0.15899332
-0.00014071104
0.15873924
0.00064655248
-0.0004560039
-0.00034184638
0.00045402771
-0.15860918
-9.4491735e-05
-0.0002849719
-0.00058406591
-0.07856418
-0.00021230068
-0.00025348302
0.078774287
-0.013593098
0.17660597
0.013202976
0.018046632
0.02514508
-0.17558845
-0.17462696
-0.032037277
-0.036049369
-0.017687731
-0.00018527235
3.831925e-05
0.076928087
-0.077191767
0.00022535701
-0.01527964
0.020995998
0.075152357
-0.31958251
0.01080451
0.013466446
-0.16128007
0.012643504
0.15134073
-0.017983853
0.15403413
0.0019128001
-0.0037246334
-0.15218402
0.00023609229
0.16069141
-0.0012073032
0.0057102052
-0.013839374
-0.16512565
0.011644607
0.0065508026
-0.31230007
-0.00042775869
0.00093770172
-0.15661929
-0.00020256266
0.15669633
-0.00024405051
0.15680031
-0.00016435953
0.00078225881
-0.1567793
0.0010320795
0.15544616
-0.0022598205
-0.00018432852
-0.00020123386
-0.00023423582
-0.15656067
0.00037683035
-0.00026971954
0.0016025073
-0.078126464
3.2311456e-05
0.00025999676
0.077700164
0.0075498912
0.15826344
-0.16289921
-0.020882151
0.0179681
3.6824202e-05
-0.0069039194
0.17158497
-0.081468779
0.0006862055
0.010553163
0.014376317
-0.061525933
0.061634852
-7.2079287e-05
0.075786001
0.0052789011
-0.073514999
-0.061007236
-7.1505601e-05
-0.078700707
0.077185495
0.016008602
0.17196148
-0.16716183
0.0012765535
0.0066410568
-0.0053102088
0.0792659
0.0018303457
-0.016054236
0.021610211
-0.084256682
0.014499012
0.017284483
0.011990271
-0.17299037
-0.020379701
-0.012724106
0.16402074
0.0016566208
0.00017241759
0.077323667
-0.077694759
0.00019866029
0.00013774757
-0.00024272102
0.077772515
-0.31432145
-0.00060831994
-0.00038012968
-0.15670679
-0.00041535669
0.1567119
0.0005479696
0.15719568
-5.7949477e-06
-0.00024252796
-0.15677495
-0.00058222664
0.1568989
0.00065896162
-0.00015693356
0.00073333673
-0.15681786
-0.0010078101
-0.00056317186
-0.31430857
-0.00019714038
-0.00016108198
-0.15632236
0.15638367
0.00027916186
0.15674955
3.3582381e-06
-0.15665759
0.00015608789
0.15615588
0.00088368205
-0.00040103866
0.00033759662
-0.15625896
-0.00038073736
-0.00030480384
-0.15495017
-0.00023843123
-6.2913133e-05
0.15498821
-0.077168878
-0.00027799646
-6.1593609e-05
-0.1672036
-0.013120656
0.16933812
0.0031389219
0.0078472023
0.16156841
-0.013075759
-0.15865612
0.0069486695
0.0032148124
0.15994402
0.014169278
0.022067313
-0.16166972
0.0015994435
0.0020235078
-0.15972557
-0.014522925
0.16220095
0.012047566
0.16285777
-0.017422903
0.020379193
-0.1658141
-0.011702908
0.16571798
0.0075533347
-0.017099597
0.019850733
-0.1624767
-0.022492762
0.14433513
-0.15822887
0.01497746
0.021409029
-0.0013561954
0.15753169
0.00027112183
-0.00010826301
0.01087934
-0.31740053
0.32102533
-0.31841136
0.0069091352
0.30467998
0.014943305
0.15731805
-0.00024675315
-0.0042269621
-0.00013106672
-0.15748555
-0.15776766
0.0025235685
-0.30505768
0.3064271
-0.30355367
-0.0011205454
0.3074649
-0.00013301343
0.30057993
0.015448855
0.0048952842
-0.0064885025
-0.00042545294
0.0039402133
-0.15170553
-0.00081484163
0.00037147462
0.14694544
0.0028395709
0.0099989339
0.3196155
-0.32918408
0.02414313
0.019797544
0.3259529
0.012167548
0.0086808051
-0.01748251
0.16100446
0.019335816
0.0073085124
0.012887235
-0.028036321
-0.16084137
-0.16050215
-0.076556382
0.00011568927
-0.0093019319
0.15950586
-0.075520337
0.0017571015
0.32256523
-0.32168217
0.01306319
0.016679662
0.319793
0.018812826
0.01552997
0.32362176
0.012500901
0.020177546
0.019025665
0.013611359
0.00050846632
-0.073035216
-0.0040296456
0.054805222
-0.054008138
-0.00028862354
0.05515431
-0.00023339519
0.15412784
-0.00085897509
-0.15312927
1.8222915e-05
-0.00015781966
0.0005096534
0.15285444
-0.00032817096
-0.00016879661
-0.017052859
-0.15758443
0.014471442
0.01042834
-0.00078135783
0.15481451
0.00031834205
-0.00022365581
-0.15046998
0.0039077901
-0.014346904
0.15408335
0.31857317
-0.31830566
0.015689624
0.015380125
0.31667944
0.32099081
0.014243365
0.015153609
0.017275428
0.016918223
0.013503159
-0.15373033
-0.018637344
0.15038528
-0.01993988
-0.15620787
0.011090947
0.014671514
-0.019076376
0.14780881
0.01328049
0.0083723115
0.15065743
-6.5419402e-05
-0.15044583
-0.00014620148
-0.00018996002
0.15072357
-0.00033375466
0.00012528687
-0.003965379
-0.15192011
0.0022601575
-0.00013972157
2.0262758e-05
0.15077687
0.30260161
0.014529009
0.009415738
0.049091427
-0.048599539
-0.00010604722
-0.00038581039
-0.010741526
0.0011028906
-0.064723793
-0.062706956
-0.0011933644
0.050681732
-0.00039691905
0.0119748
0.018818767
0.14893086
-0.00088154204
-0.14801509
-3.421353e-05
-0.00021398728
-0.00047461218
0.14740954
-0.010725158
-0.14911744
0.014618125
-0.0013455864
0.0010235666
0.1492529
-0.0071250266
0.13536783
-0.06428102
-0.00016080434
0.0011981566
-0.013377198
-0.12746209
0.0069632264
0.0024977292
0.030298704
0.29422002
-0.28875568
0.28484675
0.02083062
0.015301313
-0.14352586
-0.28916488
7.966407e-05
-0.0011838793
0.29310384
-0.0028350063
-0.00057796891
-0.0015031635
7.7211301e-05
-0.14261826
0.35256327
-0.34052586
-0.090638794
-0.056502257
0.1875387
-0.10405932
0.0088031251
0.10329885
-0.0080432911
0.1013052
0.020514357
-0.022724503
-0.099095515
-0.71478655
0.71914
-0.042286112
0.029902308
-0.032880532
-0.72711778
-0.76039478
0.041610353
-0.033096216
0.032757228
0.00033882558
0.1526103
-0.0014599542
-0.0065230276
-0.067308173
0.023260349
0.044388218
-0.00034043269
-0.62431174
0.62688192
0.025471191
0.021583173
-0.63077969
0.017164466
-0.62448488
-0.018597007
0.63310934
-0.01774403
-0.62949662
0.028608073
0.63561063
-0.017291796
0.63241509
0.026258082
0.73594633
-0.0026673769
0.7329091
-0.0045091877
0.0056685065
-0.73406712
-0.75710137
-0.0095849398
-0.071865497
0.0001115859
0.071924585
-0.00017060549
0.00021868258
0.072226892
-0.072047926
-0.00039757196
0.73140603
0.0081835264
0.72577497
-0.012863645
0.014913559
-0.7278244
-0.74590628
-0.019972541
-0.08611433
-0.0077923222
0.088987485
0.0049192513
0.091115309
-0.00077271914
0.00078894848
-0.091131439
0.17613771
-0.17604125
0.011799009
0.0049662802
0.17852024
0.0043476815
0.0010989446
-0.00018003539
0.088405607
-0.087318409
-0.00090711186
0.35214878
-0.35408163
0.026329812
0.35188814
0.35150087
0.012255922
0.61909904
-0.005188711
0.61386968
-0.0060548856
-0.61604405
-0.0024585506
-0.61871208
0.0034461453
0.61957045
0.00037668902
-0.0064286496
0.62062382
0.0013384665
0.61859707
-0.0060659449
0.61251844
-0.0060539911
0.60834337
-0.0056869759
-0.61027163
-0.0024984945
-0.61482658
0.0033861952
0.60774552
-0.60687942
0.0020067711
-0.0060014318
0.60954288
0.0021849224
0.61046806
-0.006066822
0.60644335
-0.006220579
0.60176439
-0.0050804695
-0.60329419
-0.0019702833
-0.61094456
0.0028034242
0.59890868
-0.60103884
0.0042483726
-0.0075470404
0.59917806
0.0035967465
0.60241895
-0.006611705
-0.041843252
-6.6121411e-05
0.042316662
-0.00040732123
-0.01058305
0.058886674
-0.047791852
-0.00051183611
0.62430965
0.038153617
0.050022247
0.62383044
-0.051916383
-0.62193629
-0.70764672
0.056013846
-0.12831562
0.055209256
0.096747836
-0.036349348
0.13004353
0.13468275
0.14951419
0.14562612
0.084863749
0.036339609
-0.022199267
-0.52245218
0.030341481
0.024472862
-0.51966338
-0.048053081
0.047733552
0.00031910717
0.22153145
-0.20671316
-0.030791453
-0.021292411
-0.01041524
-0.0027195848
0.10941606
-0.29263342
-0.03125349
-0.29054274
-0.29231662
-0.013744754
-0.1479404
-0.0043715276
-0.0026092278
-0.05626858
0.055307843
0.00068185645
0.00027877339
0.015902095
-0.049046382
4.793426e-05
-0.06468928
0.77249896
0.058575687
-0.78476677
0.79087887
-0.036552541
-0.040071499
-0.77247356
-0.79433445
0.79779642
-0.025048114
0.053916819
-0.027373329
0.048249458
-0.077911813
0.00071541607
0.077516648
-0.00032058558
0.0075563041
-0.074383323
-0.00048133276
-0.15853247
0.16235249
-0.0065290493
-0.012638479
-0.15015287
-0.015440529
-0.012395854
-0.016431916
-0.068166572
0.069434523
0.015163916
-0.05083094
0.034133214
0.00026577405
-0.026527367
0.027717565
-0.80489466
-0.01411163
-0.020895046
0.058900586
0.00015430656
-0.05908011
2.5199394e-05
-0.15878265
0.15478738
-0.00098875445
-0.0010351473
-0.0015277961
-0.0041901779
0.079178927
0.00062826051
-0.079539404
-0.00026786842
-0.081720226
0.0020613027
-0.00055147086
0.080210329
0.07708973
0.0017256757
-0.078508588
-0.00030686347
0.00027220693
-0.0002045884
0.079111266
0.017745316
-0.05217151
0.034407515
1.8600584e-05
-0.026165325
0.024805006
0.635126
-0.013418053
-0.015704275
0.011391268
0.76939295
-0.0064343387
-0.78780939
0.77832429
0.0077929926
0.00314538
-0.7697678
0.77033774
0.007995848
-0.015094669
0.0088685827
-0.010108024
-0.071810758
0.00029655347
0.071846674
-0.00033237382
0.00039331607
-0.071991912
-0.00026684931
0.022261746
0.75526015
-0.018231338
-0.76730822
0.76041857
0.015777042
0.012281446
-0.75911785
0.75374079
0.015205321
-0.023451592
0.012154371
-0.020514816
-0.098740118
-0.013069443
0.095516117
0.016293555
-0.0093797082
0.0097821804
-0.086516701
-0.071580359
-0.0068996151
0.078492428
-1.2372564e-05
0.18673768
-0.19145416
0.0071414888
0.014387451
0.017913881
0.014515605
0.067363877
-0.067105853
-0.00043807209
-0.08462836
-0.015496572
0.082783627
0.017341357
0.18194601
-7.8183675e-05
0.00053957793
-0.0055279879
-0.18144917
0.17741794
0.016665959
0.0061894555
-0.0086811304
0.00043300452
-0.17576643
0.0025654015
-0.17680302
-0.025182524
-0.34926457
0.0088152471
0.35478069
-0.35431263
0.015327781
0.17026104
-0.16276837
0.0025168248
0.16562054
0.0099588492
0.023968873
0.01578497
-0.33081663
0.32905013
0.014507634
-0.02946368
-0.32857979
0.012703902
-0.33214845
-0.055777403
0.029553148
0.67059702
-0.052435866
0.66737495
-0.05206636
0.052976901
0.00013451244
-0.05300791
-0.00010350553
-0.000110584
-0.052736851
0.052942079
-9.4650495e-05
0.012088368
-0.0085104442
0.61409416
0.011598951
0.012044244
0.052782538
0.00015958717
-0.05284117
-0.00010096121
0.00012143836
0.052940935
-8.5477115e-05
0.066827862
-0.0018341036
-0.065825675
0.00083193418
-0.019498264
-0.072441118
0.028848173
0.063091215
0.0090264763
-0.007466765
0.60853181
0.0065428436
0.0089816892
0.069201742
0.00071273922
-0.0695236
-0.00039088913
-0.0021805803
0.0001780877
0.068830352
0.068805881
0.00060347575
-0.069023356
-0.0003859976
-0.067113074
-0.0019413003
0.00055940805
0.068494972
-0.024369906
0.024807473
-0.00043755917
-0.00075106704
-0.040630572
-0.00046160517
0.068316834
0.00063218228
-0.06919197
0.00024297664
-6.3173044e-05
-0.00033642037
0.069205479
0.041688033
-0.040484409
0.60018773
-0.59173478
0.022840517
0.58568984
0.026857184
0.11716415
-0.62504275
0.31166652
0.32046531
0.66285294
-0.64892234
0.1032329
0.11166865
-0.070044902
-0.071916535
0.025623681
0.008110234
-0.036574828
0.0028411984
0.014489658
-0.047329742
-0.022745896
0.055585883
-0.024938995
-0.23021637
0.22173436
-0.013999414
-0.21888699
-0.016397468
-0.40855361
0.41201391
-0.016613047
0.036455077
-0.41367108
-0.015832754
-0.40488828
-0.1022923
0.002032207
0.10155164
-0.0012908463
0.094176042
0.024079923
-0.024192188
-0.094063768
-0.079257795
0.0040305204
-0.0020289506
0.077256101
-0.020782871
0.41095219
-0.42316273
0.41983699
-0.01208399
-0.408657
-0.020649916
-0.41444194
-0.0018157816
0.011562005
-0.0024653516
0.001889904
0.397963
-0.39851671
0.40080615
-0.00085180981
-0.39710186
-0.00099597696
-0.40315612
0.39032656
0.011023044
-0.009222739
0.00595157
0.040927516
-0.040442387
-0.00048453522
0.014296397
0.38659874
-0.39308323
0.39025702
0.0050624187
-0.38963697
0.0033284073
-0.37804893
0.37629736
0.012280717
-0.020853126
0.015646908
-0.086302904
-0.005979141
0.090431783
0.001850332
0.091904697
0.00076988862
-0.0005681203
-0.092106381
0.18965406
-0.19454514
0.0057608653
0.016983399
0.17330824
0.025364094
0.017172512
-0.024813282
0.015568383
-0.19051174
0.024553156
0.18021961
-0.18721739
0.17569806
0.078457909
-0.0074180895
0.0056119026
-0.076651747
0.045408467
-0.030515667
-0.014707571
-0.00018526981
-0.15492179
0.0049792015
0.013706396
0.014968971
0.15019949
-0.13975369
0.0027846474
0.14354615
0.0083916552
-0.15002672
0.019623274
0.01332764
0.027009688
0.29025845
-0.28355734
0.01567674
0.28246958
-0.28336526
0.014013432
-0.060625077
-0.0083442548
0.059397098
0.0095721166
0.055579382
-0.0059749587
0.0061711123
-0.055775551
-0.096480225
0.02739213
0.10088444
-0.031796255
0.014064973
-0.036882496
0.032580345
-0.0097588566
0.024277224
0.001793712
-0.025908732
-0.00016558567
0.0046677073
0.077718898
-0.081279756
-0.0011079225
0.022728478
0.0028953688
0.20455346
-0.20054871
-0.029187731
0.20097879
0.10370295
-0.011167525
0.098426525
0.031540664
-0.016416672
-0.28714962
-0.28446856
0.14659215
-0.013488707
-0.13681633
-0.019673698
0.01836008
-0.005473865
0.14786296
-0.014157151
0.14497192
0.029514175
0.10994756
-0.045285605
0.0025352753
0.08041781
-0.082274853
-0.00067818423
-0.024433323
0.40663954
-0.41900729
0.41324871
-0.010761352
-0.016112203
-0.40557664
-0.010551666
0.022724531
-0.0093258137
0.022198515
-0.013638393
0.16269255
-0.021235617
-0.1524369
0.15765141
-0.14972828
0.067623955
-0.081451147
0.00018877266
-0.16145317
0.15901181
8.4391963e-05
-0.00022572384
-0.16625927
-0.00022622814
-0.0023346589
0.07614767
0.0031961141
-0.077423759
-0.0019200757
0.00024129037
0.00028773946
0.002920803
0.076001892
0.07956
-0.39764468
-0.00078646022
0.0024269096
-0.001608726
0.060723252
3.3075678e-05
-0.060763399
7.003169e-06
0.00096218854
-0.061795811
0.060951093
-0.0001175246
-0.019819744
-0.31908567
0.3263568
-0.31967265
-0.010236707
0.32342439
-0.0069423646
0.3144676
-0.0077024294
-0.31795722
0.020101463
-0.0098754761
-0.018202997
-0.31719516
0.31787649
-0.31416736
-0.015166015
0.33016999
-0.019290906
0.31852716
-0.0026427575
0.011878772
-0.0021239697
0.060781306
0.00030164555
-0.060882217
-0.0002009628
-3.6157173e-05
0.060751946
7.4339333e-06
-0.0209895
0.062300513
-0.00038341059
-0.0003557121
0.071417277
-0.070749943
-0.00031151646
0.010063788
0.38385408
-0.37982395
0.38201242
0.0071410311
0.0099356123
-0.38646699
0.00045407877
-0.0056704281
-0.0005474951
0.32870097
-0.0029193502
0.0070117675
-0.0023252817
-0.00033554603
0.092876322
-0.00063601574
0.0006966676
0.092940566
-0.00055322727
-0.093083911
0.010897561
0.38230143
-0.3811604
0.38542831
0.0024863028
0.0017482079
0.17642025
0.011056031
0.0029075928
0.17984511
0.002664136
-9.72164e-05
0.068123236
-0.068006248
0.00014147697
-0.00025842264
-0.077829973
0.093582778
-0.00018442719
-0.00018417373
0.087794407
3.3502083e-05
-0.087643771
0.17735836
0.0060349624
0.17954654
0.17783052
0.0017388469
0.065322537
-0.065067098
-0.00012820151
-0.00012717503
-0.064514005
-0.0001591417
0.064814847
-0.00014164438
-0.17058078
0.0015524336
0.00028690231
0.1792608
0.0070187287
0.01399078
0.090596543
-0.074757737
-0.015739298
-9.94686e-05
-0.00046857572
0.065896203
-0.00010502591
0.35752016
0.029354431
0.02221175
-0.33229218
0.33003035
0.01968591
-0.030996285
0.020875494
-0.03362187
-0.016506439
0.05029282
-0.00016449289
0.05784626
-0.00063928858
-0.057055293
-0.00015167447
-0.079570903
-0.003217785
0.08100759
0.0017810872
0.075502018
-0.015792254
0.020881017
-0.080590783
-7.9065669e-05
0.058078864
-0.0001535306
-0.0065489771
0.066869688
-0.060165224
-0.00015546587
0.031068644
-0.33316329
0.01855253
0.014299296
-0.053621243
-0.0017173833
0.05520758
0.00013101877
0.15606653
-0.15024031
0.0049055784
0.0014357189
0.16171092
0.0013905623
0.0016458194
-0.014283193
0.07418518
0.015600033
0.076182944
-0.0034361302
0.0040116783
-0.076758498
-0.023378496
0.020704488
-0.15790408
0.014019608
0.15570295
-0.16026858
0.15595737
0.16404859
0.0027956378
0.007367595
0.15755909
0.011375575
0.01529145
0.031574208
0.066735967
-0.078159077
-0.020151109
0.031952255
-0.00037805372
-0.076927623
0.06638719
0.03124492
0.00079564643
-0.30978338
0.31046429
-0.30903693
-0.00012210205
0.3126236
-0.00045460973
0.30849659
-0.00082003183
0.00061822993
-0.00051666221
0.016367518
-0.30642434
0.29666664
-0.30501386
0.0082307567
0.29822462
0.0057449918
0.31480397
0.0050602794
-0.015970987
0.0087082416
-0.031464684
-0.31189289
0.013652125
0.31474455
-0.31571315
0.31450282
0.31678244
0.03133697
0.013335926
0.15330235
0.0024531211
0.0020627777
0.05254078
-0.051931581
-0.00045384994
-0.00015537794
-0.0044578322
0.050045547
-0.00017926727
-0.15113399
0.013313908
0.0048467433
-0.0092050862
0.00020194601
-0.072069831
0.0017344413
-0.071795472
-0.15099135
0.052238424
0.0001786221
-0.052364408
-5.2643008e-05
5.2883997e-06
-0.052416866
0.052470073
-5.8499309e-05
0.0013444583
-0.30315719
0.30346041
-0.30226584
-4.0087613e-05
0.30445683
4.6319493e-05
0.30098918
-0.00036224642
-0.0012595324
0.00045783822
0.012492769
-0.30555322
0.30254269
-0.30750068
0.011567911
0.29316373
0.013877133
0.30637765
0.0011188323
-0.0062135137
0.0011250958
0.052127621
5.8552346e-05
-0.052177632
-8.5452682e-06
1.065963e-05
0.052261477
-3.3716763e-05
0.31317993
0.030063004
0.31261733
0.3104956
0.014003561
0.069189499
0.00026344171
-0.069122036
-0.00033089455
-0.069179893
0.00029589897
-0.00033195214
0.069215949
0.29333666
0.0018621149
-0.0035324635
0.0019143958
0.29541536
0.2975728
0.070894761
-0.0014107901
-0.06963434
0.00015039892
0.00036214215
-0.0003147901
0.069142156
-0.28627742
0.018234256
-0.027493163
0.015080942
-0.13537197
-0.002218368
-0.0012346278
0.13890451
-0.13519981
-0.00069102837
-0.00066494825
0.045050165
0.0049279867
-0.050898592
0.00092015506
-0.13158608
0.12927114
-0.0090242533
-0.0084757845
-0.12820821
-0.011264103
-0.013696155
-0.13741609
0.13677496
-0.005017379
-0.013144573
-0.0186506
-0.013185436
0.030825673
0.013647774
0.00057651402
0.022170369
0.10863677
-0.029502987
0.10844288
0.004955762
-0.0032660937
-0.11013342
0.070382078
0.07444921
0.0084842109
-0.00027668225
-0.0004288014
0.21597853
-0.016856524
-0.008729132
0.081690981
-0.089563097
0.0084216484
-0.00055021107
-0.09021034
0.021394316
0.09207595
0.077842105
-0.078063064
0.00076451152
-0.00054346804
0.0028385326
0.079156934
-0.00030432769
-0.0056843973
-0.0020317275
0.20107429
-0.00051843409
-0.0012121669
0.075453083
-0.075689913
0.00091052438
-0.00067337106
-0.075760179
-5.6032708e-05
0.075815577
8.5006436e-07
0.075142727
-0.075252563
0.00045731063
-0.00034742507
0.00055477027
0.075412442
-0.00051397405
-0.00032623631
-0.00087680674
0.19742569
-0.00052841169
-0.000815108
0.073385617
-0.073479451
0.00064545078
-0.00055148331
-0.073639432
-3.0424912e-06
0.073663936
-2.1284129e-05
0.073174197
-0.07321652
0.00033744974
-0.00029498465
0.00051782796
0.073294515
-0.00042656646
-0.00042263947
-0.00053068254
0.0013840182
0.19599086
-0.19221634
0.19380067
1.8517019e-05
-0.19142774
-0.00014191055
-0.19789012
0.0074003938
0.20129646
0.0010229226
-0.0038298984
-0.00063799571
0.00037847615
0.072092546
-0.00050362072
0.082215136
-0.074394899
-0.00041979606
-0.0017930022
0.091970463
0.00093795866
0.18596104
-0.0023996339
0.0002440837
-0.00013992489
-0.090621836
-0.093043623
-9.6091837e-05
-0.00094431577
0.089446119
0.18205999
0.0020061714
0.00023759326
0.18428702
0.057145531
-0.017612041
0.026667437
-0.066200895
-0.013716281
0.057904882
0.012956942
0.014279718
0.13677805
-0.12783588
0.12789147
0.0036410268
-0.059314498
0.00098720681
-0.060993324
-0.12039998
0.0016982987
0.12406698
0.0063701367
-0.018823348
0.015818141
0.010496694
0.051150517
0.023554304
0.055141347
0.00038826694
-0.053831343
0.077611133
-0.10449829
0.026027616
0.00086128644
0.064501888
-0.040181648
0.087509931
0.089650169
-0.037682463
-0.16379633
-0.16633881
-0.076449895
0.095056503
-0.058786503
0.1375836
0.058475367
-0.13645756
0.072670825
-0.035390554
-0.05244941
0.076304674
-0.12632317
-0.012133697
-0.0097736787
-0.019786475
-0.12649202
-0.01224191
-0.12874741
0.06236002
0.064215424
-0.0053728101
0.20418352
-0.21005668
-0.013232208
-0.0110455
-0.012812569
-0.02421798
-0.071342903
0.023346481
-5.7141196e-05
-0.032048281
-0.065893585
0.078249371
0.019692443
0.0018943486
-0.058278947
0.00011595691
-0.0035964854
-0.0074484016
-0.032519682
0.00047133135
0.00059335092
-0.079092345
0.07874314
-0.00024436845
0.00080360987
-0.078257357
-0.00045830586
0.20172995
-0.0015412505
-0.0035411182
0.10167594
-0.10261166
0.0017388462
-0.10606412
0.0024569037
0.10420029
-0.094989712
0.012335516
0.0018589947
0.10053214
-0.0019757566
-0.0062810766
-0.0048401417
0.0083108567
-0.071637336
-0.15052548
-0.0099464395
-0.0048692005
-0.15363678
-0.0043968466
-0.0021987178
-0.055878688
0.00020758856
0.20259794
-0.00056047073
-0.0010536813
0.07598143
-0.076149348
0.00068655679
-0.00051822036
-0.076470603
0.00067171449
0.076411861
-0.00061254106
-0.07586273
0.00027420598
-0.00017144938
0.00041747137
0.07592677
-0.00036255115
-0.00024096259
-0.00070799706
-0.1508187
0.1479794
-0.0096861618
-0.0026553928
-0.0024004463
-0.00042903783
0.058723929
7.12622e-05
0.00010534645
0.0026633604
-0.082760052
-0.0016235832
-0.075623472
0.015528205
-0.021416066
0.081511256
0.19770377
-0.00039235365
-0.00078975452
0.073771004
-0.073924279
0.00052255689
-0.00036914891
-0.074136723
0.00059253088
0.074079321
-0.00053506665
-0.073684052
0.00015412098
-0.0001093838
0.00032120636
0.073731925
-0.00028200784
-0.00020320416
-0.00051839655
0.017622178
0.071299893
-0.071222934
-0.017699245
0.00078905256
-0.00044015681
0.076740816
-0.009817843
-0.15483169
0.1493489
-0.15329647
-0.0050813196
0.15517886
-0.0070602526
0.15672149
-0.15912689
-0.0008595533
0.0052350937
-8.444778e-05
-0.15443237
-0.015835077
-0.012914275
-0.069855374
0.071475268
0.016125331
0.063735882
0.0063550003
-0.069780277
-0.00031064057
-0.00038330117
-0.078292518
0.07754868
0.001127095
-0.005424114
0.0090092879
-0.073440588
-0.010705229
-0.0046837893
-0.057587904
-7.7908371e-06
-0.06010535
0.059843102
-0.00012106812
0.00065294287
-0.071988155
0.071919494
-0.00058417342
0.00047378133
-0.071815891
-0.00046858422
0.19244983
-3.0532822e-05
-0.00065169845
0.094800264
-0.094719894
0.00039355003
-0.094238089
0.00030985801
0.094581294
-0.00026611246
-0.09443243
-0.09592133
2.1189566e-05
0.095075765
9.4017562e-05
-0.00052309505
-0.16376117
-0.00021189121
-0.000505388
-0.060827926
0.060766932
0.00017482491
-0.00011400312
0.060714193
3.2667008e-05
-0.060725545
-2.1418721e-05
0.061704273
0.0022819287
-0.00025034784
0.00020951132
-0.060909487
-0.00012823855
-0.00028269359
-0.0012235729
-0.17048096
-0.0015225114
-0.0068424642
-0.057889627
0.052485927
0.00573772
-0.00033391881
-0.0140826
-0.022652734
-0.093951275
-6.1670393e-05
0.094212362
-0.00019933402
-0.0087248301
0.0069120834
-0.096927182
-0.16200305
-0.00013845191
-8.9997707e-05
0.00082383804
-0.00013871985
-0.0001563257
-0.079670547
-4.9386603e-05
-0.00011762349
0.079837446
0.00041523615
-0.079892924
-0.00019293403
0.1877177
-0.18511073
0.00025494555
0.0010130762
0.0013180406
0.0045952299
-0.069369697
-0.0021633354
-4.7299995e-05
-0.078844814
-0.00014984675
-0.00012514992
0.079119629
0.00086502564
-0.079488383
-0.00022153642
-0.079570895
-9.5332223e-05
-7.6414765e-06
0.079673811
0.00015973833
-0.0796859
-4.4796753e-05
0.06764112
-0.00037332177
-0.017107367
0.023326717
-0.090847683
-0.07932344
0.00018130614
-0.00041305972
0.079555141
0.00054096563
-0.079362453
-0.00050198808
-0.078887418
-9.6330262e-05
-4.6460621e-05
0.079030044
0.00024728836
-0.079039473
-9.5257508e-05
0.037621605
-0.037399952
-0.00022154163
0.0012613353
0.0071325512
-0.064997269
0.065351933
7.8337557e-05
0.090404383
-0.073889148
0.00015071923
-0.00079112644
-0.063291151
0.064098092
-1.5776095e-05
-0.00026407733
-0.064750988
1.780773e-05
0.0055022073
0.00013356964
-0.083806109
-0.086855747
-0.082153586
-0.0030157284
0.084378274
-0.078881381
-0.0002262329
6.7459693e-05
0.079040124
0.00012738846
-0.079028637
1.9844798e-05
-0.07840497
7.6321542e-05
-0.0001400357
0.078468661
0.00025033296
-0.078479881
-0.00017543671
-0.081491142
-0.0025186469
0.083755956
0.00025387112
0.087104401
-0.0019214335
0.00032596085
-0.085508914
0.077185177
0.037188097
0.0010291614
-0.080003464
-0.061755842
-4.1444263e-05
0.061935057
-0.000137743
0.17204595
-0.1676198
0.00094339435
0.001010361
0.17628141
0.0013981459
0.0042908495
0.1631718
-0.15969535
0.010059225
0.0028963453
0.0025191661
0.00045804293
-0.061571553
-3.6963795e-05
-0.0001473119
-0.079860598
-0.00081978126
0.0003778765
0.080302459
-0.0009871383
-0.078986315
0.00011284691
-0.077714234
-1.8169151e-05
-0.00028227736
0.078014682
0.00037123676
-0.078030626
-5.4841747e-05
-0.072335977
0.0053056414
-0.0090874654
0.076117898
0.16480431
-0.16426657
0.010915922
0.0054671178
0.16846615
0.0047959535
0.0024336663
0.17281581
0.0066936008
0.013427797
0.016606692
0.013628731
0.017565413
-0.073499199
-0.016402143
-0.077782269
0.00016229962
-0.00027929426
0.077899248
0.00054070951
-0.077967463
-0.00035552669
-0.15476954
-0.000195365
-5.3363164e-05
0.00032658496
-0.0002074134
-5.689277e-05
0.00028272677
-0.15514319
-7.9015684e-05
-7.1740957e-05
-0.00010494058
-3.9367507e-05
-0.00029164238
-0.1527716
-0.00052399715
-7.7871276e-05
-0.055329766
0.055274606
0.00028439805
-0.00022924632
0.0549852
0.00032012043
-0.05509803
-0.00020730495
-0.055717115
0.05564247
0.00040321565
-0.00032857878
0.00038745257
-0.055456204
-0.00026101574
-0.00068401268
-0.00015918458
-0.15292075
-0.00039862234
-0.00014421386
-0.054657737
0.054598383
0.000222704
-0.0001633654
0.054349324
0.00024344464
-0.054440129
-0.00015264597
0.054924836
0.0002499286
-0.00018957332
0.000274478
-0.054757395
-0.00017482565
-0.00046264152
-0.00017653621
-0.14522689
0.00025138915
0.0025287475
-0.07043611
0.071295991
-0.00097047786
0.07195921
8.7476506e-05
-0.071912175
0.015807059
-0.0640925
0.06332067
-0.015035245
0.00037611667
-0.001636661
-0.069175566
0.0017484687
0.0061608994
-0.052247357
-0.00011338646
-0.030028955
0.045957643
-0.00012165473
0.00013989081
0.052580867
-0.052621408
-9.9353739e-05
0.00012495747
0.052728973
-7.1396321e-05
-0.14993936
-0.00029082032
0.00014933802
-0.072079178
0.072093528
0.00011059639
0.072089891
0.0001255962
-0.072075606
0.072079915
7.2888554e-07
0.00019591328
-0.07211551
-0.00043947287
0.00014522658
0.019920648
-0.15143579
0.13750054
-0.15041165
0.013333524
0.13858426
0.0086667565
0.153284
0.00034541938
-0.15007502
0.0021294158
-0.013956441
0.012552034
0.0042767517
-0.059329414
-0.00055968614
-0.052455817
0.052667727
0.00013349627
0.027756072
-0.027352475
-0.00040355683
-0.013270678
0.041396309
-0.00036941387
0.00065853393
0.069326594
-0.069593409
-0.00039171791
-0.00015373896
-0.00028599552
0.069641477
0.00048532344
-0.14526772
0.14466517
-0.14366068
-0.00067289882
0.14492121
-8.2263506e-05
0.14200898
-0.00041837865
-0.0015501377
0.00061118136
-0.001277673
-0.067015639
0.0011802449
-0.066422582
-0.012187052
0.013542074
0.065067566
0.13675794
0.0052684626
0.010003131
0.060889194
-0.049821771
-0.010602762
-0.00046469634
-0.043003611
-0.00030961555
0.043671686
-0.00035843733
-0.055556804
-0.0045087659
-0.015807736
0.052327024
0.012539536
0.010361029
-0.1352283
0.1351149
-0.00059951516
-0.00041548237
0.0011284527
-0.066661478
-0.00062790666
-0.00044162859
0.000819561
-0.0014334672
0.089677341
-0.003068964
-0.03797759
-0.047197033
-0.28038162
0.27138777
0.0073862962
-0.016693877
-0.040484614
-0.01503709
-0.0099389622
0.1368821
0.0083268124
0.25365307
-0.016009947
0.011077751
0.070049057
-0.13493683
-0.18383294
0.058369048
-0.0058086842
-0.028627633
-0.025367007
-0.085743722
0.088047058
-0.008035162
-0.0084542019
0.014184356
-0.011738684
-0.085096064
0.011089565
-0.0048172814
-0.072973197
0.038263206
0.038960568
-0.011174711
-0.018618017
-0.10268709
0.10423281
-0.10028991
-0.0080718577
0.049596073
-0.004312022
0.04980497
0.012191314
-0.045076954
-0.01444448
0.015086843
-0.0057344102
-0.0060056003
0.043585769
0.041113781
0.070917043
0.014105637
-0.066205598
-0.018817238
0.017019798
-0.0044697849
-0.0022019832
0.063561179
0.062865606
0.063889827
0.0087584613
-0.067885097
-0.004763305
0.011586813
-0.013234231
0.072564377
0.0035943765
0.10655189
-0.0017040429
0.0034727116
-0.001585077
-0.10417997
-0.19724497
0.20438874
-0.0099616992
0.01562747
-0.20323559
-0.0076045546
-0.20352725
0.0066409163
-0.079696401
-0.0062024207
0.20615599
-0.00060689058
-0.00093139688
0.077344486
-0.077523092
0.00075962893
-0.0005811801
0.00049183898
0.077673186
-0.00032287379
0.077073236
-0.077201103
0.00077231683
-0.00064423008
0.00043899218
0.077301243
-0.0003958095
-0.00040320949
-0.00073193791
0.19953279
-6.787526e-06
-0.00077414066
0.07505
-0.075088057
8.1450032e-05
-4.2903249e-05
0.00018462836
0.075160973
-0.00020257931
0.074600753
-0.074727472
0.00065187105
-0.00052477651
0.00074988711
0.075000284
-0.00069984742
-0.00026831176
-0.00097230483
0.20280189
0.00032579086
0.0022003862
0.074210267
-0.073487978
-0.00063739068
-8.4770942e-05
0.00026161001
0.073159597
-0.00024700453
0.085520556
-0.10051828
-0.025444519
-0.0016849513
0.076328602
-0.00043332136
0.0027286187
0.0085224745
-0.016111939
0.098638501
-0.0003114017
-0.0081601216
0.0059006352
-0.084043381
0.021261479
0.18396299
-0.18468338
0.17719713
0.020587692
0.025792105
-0.18152524
0.18468798
0.001867282
-0.01097274
0.00066551724
0.18881411
-0.00060658161
-0.00035830668
-0.00028419737
0.0020839777
0.18646983
0.012110483
0.00737166
0.001243897
-0.011276358
0.076543951
0.013190306
-0.07348607
-0.074060825
-0.0093465742
0.00019485734
0.0017768102
-0.067097905
-0.0025257657
0.069147734
0.00047574574
0.074112413
-0.0071452369
0.0053438893
-0.072311106
-0.07199544
0.062305027
0.029313683
0.0010930627
-0.065406339
-0.067943967
-0.0066779942
0.070170901
0.0044512305
0.14698515
-0.0091880899
0.00031095894
0.0017942454
-0.069991011
-0.069911126
-0.010832087
0.072436942
0.012507593
-0.0081406459
0.0075322529
-0.067335537
-0.018112676
-0.13500567
0.0057871402
0.14309632
-0.14423269
0.14518435
0.14754661
-0.14530453
0.02101524
0.011393809
0.06322266
-0.013010133
0.016713733
-0.06692626
-0.011742844
0.062601162
0.012364384
-0.0014847131
0.056723459
-9.7490703e-05
-0.0053239674
0.0038163463
-0.059117572
-0.083567731
0.032101917
-0.03044048
0.037026133
0.042276279
-0.029410384
-0.09643161
-0.10959063
0.050345113
0.093619922
-0.027170457
-0.030649406
0.054249791
0.027035205
0.051438491
-0.00086193906
0.028956004
0.017211729
-0.0050730826
0.02453184
0.0078031245
0.070670101
-0.00075493495
-0.11512706
0.020441464
0.056476139
0.056233927
-0.0068676702
-0.011157289
0.058093731
0.014230854
0.025329554
-0.027729295
0.0023996732
-0.01590942
-0.013450206
-0.068253417
0.055106726
0.00090462583
0.017416361
-0.057806821
-0.027863156
0.015887982
0.095616171
0.20349808
-0.015221382
-0.02157385
-0.023118907
-0.019023281
0.056750724
-0.06236715
0.00014246522
-0.014609539
0.065010606
0.015295489
-0.047976246
0.0001609999
0.0016912688
0.054705186
0.00035419703
-0.013570893
-0.0013949755
0.067673138
0.0697051
0.014710395
-0.06530853
-0.016322254
0.21395949
-0.22193823
0.21809046
-0.0099389267
-0.019105103
-0.2123922
-0.00050623149
0.10228219
-0.00086818239
0.0074326107
-0.0013519661
-0.00038235503
0.07942052
-0.00035467076
-0.07912967
-0.00046892092
-0.15670112
-0.011998593
-0.0069866186
-0.0016188204
0.060907177
-0.000269891
0.20370578
-0.00028504319
-0.00088042812
0.076745906
-0.076866036
0.00050049612
-0.00038021423
0.00052629651
0.076974722
-0.000427544
-0.076562221
0.00031140118
-0.00021982734
0.00062142113
0.076625017
-0.00050026881
-0.00029294954
-0.00080308867
-0.16201012
-0.0054944676
-0.015228963
-0.022395464
-0.015266474
0.014241416
-0.073781284
-0.016083647
0.0026466546
-0.0023479715
0.075848944
0.19858653
-0.00020727835
-0.00067004713
0.074360205
-0.074428123
0.00029187866
-0.00022372266
0.00039593083
0.074578156
-0.00037305742
-0.07433835
0.00088124258
-0.00067952978
6.8400898e-05
0.074392621
-0.00010059153
6.9979829e-05
-0.00051183743
-0.0045977486
-0.16513362
0.16310294
-0.16665783
-8.0738192e-05
0.16139994
-0.00024054957
0.16934239
-0.022333986
-0.014276035
0.010996031
-0.0014175081
-0.0068940005
-0.063053437
-0.00015991742
-0.034787227
0.083753092
0.00030870507
-0.060275388
-0.00013879117
0.0004888168
0.060553328
-0.0002608573
-0.15923902
-0.0012003581
4.7200748e-05
-0.080470896
0.079653286
0.0013063428
0.00090801678
-0.078891862
0.16009383
1.1608061e-05
0.001644321
0.0003132815
0.077966949
0.1861755
0.0077157102
0.0020450106
0.092665828
-0.091040302
-0.0019811487
-0.019301557
0.083832664
-0.00024009169
-0.09427852
0.00028060147
0.00017348887
-0.0011476264
0.093640043
0.0031586992
0.00020378896
0.07178079
-0.00018997162
-0.071962955
-0.00026524101
-0.16053077
-0.00043249861
-6.0286634e-05
-0.060726626
0.060688606
0.00028279203
-0.00024473369
0.060577606
0.00018166048
-0.060641779
-0.0001172915
0.060743576
-5.5927593e-05
2.6545119e-05
0.00034989457
-0.060792063
-0.00028435663
-0.00048047732
6.4961786e-05
-0.1569735
-0.0016017609
0.00029099236
-0.060417496
0.060412699
-3.3906744e-05
3.8832508e-05
0.0022245296
-0.059706273
-0.00040769775
0.060608933
6.9482148e-05
-0.00010074523
0.00013457201
-0.060548076
-3.9321319e-06
-0.00092161237
0.00010946655
0.0006182699
0.18959875
-0.18710185
0.1885232
-0.00010619419
-0.00089444543
0.0002053599
0.093163652
-0.00042838609
-0.00029848719
-0.00023912069
-0.09341361
-0.16099303
0.079453862
0.080489102
0.00073140371
0.00010323151
0.000215302
-3.3291992e-05
0.00010146556
0.00011030951
-0.079893329
0.000151346
-0.00028185973
0.080023753
0.00053249238
-0.08006441
-0.00036146883
4.0764947e-05
0.068281038
-0.00019854147
0.18307713
0.0008658494
-0.00014208262
0.00027392936
0.00012959808
-0.076228993
0.015835891
-0.021867784
0.082260688
0.01497313
-0.074257881
-0.016944386
-0.080163401
0.0003949041
-0.00018291375
0.079951322
0.00027158783
-0.080240392
-0.00019470128
-0.07022866
-0.00022969566
-0.00078369281
0.088463899
0.00011418062
-0.079209302
7.6251545e-05
-0.00018843795
0.079321424
0.00042410105
-0.079382808
-0.00025063247
-0.078996615
-9.2816801e-06
-0.00011331143
0.079119136
0.00033012078
-0.079162485
-0.00016428665
0.0050911161
0.00085202965
-0.064048315
-0.00029717865
-0.0001684817
-0.018896403
0.056707327
-0.00018925308
0.0017353104
-0.079270108
-0.0046187067
0.037064223
-0.023305879
0.076838243
0.017212413
0.014194384
0.037136434
-7.2134905e-05
-0.061517773
-3.7999808e-05
-0.078762506
0.00019613581
-0.00035334907
0.078919667
0.0006307501
-0.07891143
-0.00048184758
-0.078533811
0.00010392583
-0.00019564825
0.078625484
0.00041721297
-0.078697222
-0.00025382151
-0.081433017
-0.015055009
0.079720755
0.016767294
0.081187305
-0.0028535797
0.0037372588
-0.082070955
-0.0030172833
0.088392919
0.0017287829
-0.016671662
0.022596319
-0.08735766
0.17371819
-0.17723367
0.0056937703
0.015868454
0.023395065
0.015772874
0.17114215
3.1274234e-05
-5.8739058e-05
-0.084200781
-0.0057265118
0.00019173116
0.0021852739
-0.0084684841
-0.073808794
-0.0043997674
0.0022070414
0.076001501
-0.004305147
-0.073539543
0.0040358743
-0.07770368
-0.00047848786
0.00010517449
0.078076981
0.00023114991
-0.077946883
1.2044936e-05
-0.02448508
-0.1759567
0.014673996
0.022868593
0.16804776
-0.17365521
0.16493906
0.1721154
0.012836513
0.007036651
0.0014281589
0.070921397
-0.06384655
-3.8115321e-05
0.085644264
-4.8857926e-05
0.053140603
-0.03547222
-0.00010287108
0.058545795
-9.9498455e-05
0.079085125
-0.0032451882
0.0038538945
-0.079693792
-0.081479721
-4.5128479e-05
0.00036527066
0.083415957
-0.0018732263
9.8672942e-05
-0.081641372
-0.0030496963
0.08500919
0.0014564714
0.16721716
0.010042178
0.17006959
0.17018995
0.0019997381
-0.077609425
8.0044503e-05
-0.00018079701
0.077710168
0.0003537153
-0.077723709
-0.00023943522
-0.15494431
-0.00024285674
-5.5359533e-05
0.00029233481
-0.00026563388
-5.9071573e-05
0.00036860012
-0.033422993
-0.00019888479
0.16224044
0.011994084
0.015979084
0.069978609
-0.082131653
-0.021269954
-0.059379309
-0.0017388011
0.061308427
-0.00019029432
0.079403124
-0.076129605
-0.0039127852
-0.015840332
0.069312499
0.014431818
0.0088383999
0.15555169
0.017117575
0.007036785
0.056315146
-0.051325097
-0.0047878748
-0.00020215591
-0.058769278
-0.00044376076
-0.00016627251
-0.0013719539
0.057894033
-0.00020691346
0.0047475541
0.0013997567
-0.0047573618
-0.072103608
0.075442755
0.001418239
-0.0021018776
0.00051064356
-0.077979671
0.0098728546
0.16503199
-0.15844215
0.16445439
0.0017588009
-0.1525716
0.0014196982
0.012547018
0.16747027
-0.16375688
0.1684387
0.0013162494
0.00048272503
-0.077362208
-0.15654586
0.0069535546
0.01687145
-0.023546095
0.013881534
0.021557404
0.080964882
-0.00021365722
0.0047339875
-0.069884031
-0.16208658
0.013875612
0.0049253574
0.048219331
-0.016773625
-0.031459021
1.3300908e-05
0.0021235965
0.00023064277
-0.1490011
-0.00010898721
0.001344744
-0.055624991
0.055834644
-0.00037300601
0.00016334142
0.00056736927
-0.055894259
-0.00039022916
0.053475837
-0.0052905363
3.4013601e-05
-0.00025171197
-0.055482516
0.00010923227
0.00010054177
0.0027390774
0.15429539
-0.16536747
0.013793754
0.021421442
0.016761511
0.0070911149
-0.048794838
-0.0048946299
6.8204029e-05
0.16048195
-0.077743656
0.00017591529
0.00057722766
0.0014396366
0.006562079
0.161154
-0.15739273
0.017565087
0.014094488
0.0050723851
0.015388623
-0.014942545
0.066289874
0.15435501
0.013665775
0.0085639466
0.0067205351
0.0038530957
0.047643958
-0.00030309332
-0.062481278
-0.0003518498
-0.15315902
-0.0002165164
-0.00020835037
-0.054072785
0.054013202
0.00019497103
-0.00013539425
0.05386186
0.00015016513
-0.053896773
-0.00011525464
0.054289153
0.00020837108
-0.00014821311
0.00020660778
-0.054145389
-0.00013400971
-0.00026042331
-0.00016626254
-0.029896522
-0.00013244136
-0.15786473
0.0068156606
0.0021728772
-0.054456017
0.056055874
-0.0014620827
-0.00013779294
-0.019648211
-0.074340814
0.053823252
0.00016517664
-0.00012656894
-0.00039594524
-0.053960992
-9.9083432e-05
0.0017994984
0.00021056622
0.029604441
0.062444548
-0.072968142
-0.019080861
-0.0015890515
0.054287999
-0.00015821801
0.0031857128
0.0072446897
0.029801668
-0.00019724278
-0.051243332
0.051578567
-0.00013329801
-0.058444007
-0.00023752293
-0.0145378
0.044492305
-0.00015287443
-0.00058395458
-0.050486925
-0.0001724485
0.0066311367
0.0038384558
-0.068645611
-0.0040081761
-0.014255433
0.062162181
-1.8498804e-05
-0.15038101
0.14696386
-0.14677325
-0.00020382586
0.14700929
-1.3014645e-05
-5.7075798e-05
0.072182841
-3.5878639e-05
-0.00030247024
-0.00025759745
-0.07270144
-0.073454214
-5.7530902e-05
-0.052595348
-7.9115946e-05
0.052577931
-5.4140841e-05
-0.00039502167
-0.052128989
6.820025e-05
-5.8430459e-06
0.052120641
1.2812099e-05
0.00081655383
-0.15161158
0.14824964
-0.14751051
7.1568057e-05
3.9754028e-05
0.14716862
-0.00012842042
-0.00028412904
7.891371e-07
-0.042779838
-0.0037289062
0.047005636
-0.00049678627
0.14053866
-0.13609532
0.0077467761
0.0023389915
0.14640236
0.0019478107
0.0016042025
0.14566843
0.0048756235
0.0130939
0.019223414
0.012611166
-0.028882749
-0.013370157
-0.00052672724
-0.05853101
-0.013271109
0.058531529
0.14202028
-0.1439389
0.012223618
0.0074913987
0.14915049
0.0026462641
0.0065804146
0.010225101
0.013805262
-0.068164489
-0.017718979
0.00052994696
-0.069337417
-0.00037242215
0.00017861231
-0.00032339811
0.06947138
-0.01318125
-0.071076779
0.017835452
-0.0018231165
0.001133892
0.071584005
0.13523067
0.0039681191
0.011470364
-0.041907981
-0.00070717787
-0.00038845641
-0.025215501
0.025651172
-0.00043565709
0.016980992
0.011618212
-0.1347227
-0.00054841215
-0.00050662582
-0.00062447963
-0.00048647157
0.079817976
-0.08143602
0.0023916397
-0.00077384998
0.0033694595
0.077027625
-0.00057951997
-0.61167169
0.61528581
0.028824128
0.02653093
-0.62160396
0.019702318
-0.61742854
-0.021704542
0.068134995
-0.06626145
-0.0017495241
-0.00012393377
-0.00055696566
0.068799877
-0.0001078493
0.72362643
0.016904402
-0.019701369
0.71686323
0.021986663
-0.71914833
-0.73312258
-0.027311094
0.085277908
-0.083304447
0.0042143639
0.086029816
0.0012387874
0.085418663
0.66406778
-0.051971886
0.055068365
-0.051889606
0.66088906
0.65878484
0.60016289
-0.0052005883
0.59882161
-0.0031558188
-0.60021341
-0.0010431876
-0.60979629
0.0016656376
0.59119218
-0.59079061
0.0035176732
-0.0010525317
0.58895522
0.0043801819
0.59472577
0.0004565051
0.083455769
-0.093096829
-0.00077515548
-0.00069975238
-0.081997679
0.081803589
-0.014682409
-0.079953765
-0.082439075
-0.00029953247
0.00064438888
0.059333261
-8.2415834e-05
-0.079751588
0.07886814
-0.034031525
-0.62036551
0.030526787
0.62614502
-0.019188912
-0.62236438
-0.018831784
0.060063102
-0.039666623
-0.020218989
-0.0001772748
-0.0060224985
-0.00017580546
-0.0388978
5.1234476e-05
0.031031752
-0.027232118
0.74069205
-0.74913179
0.74452438
0.016433603
-0.024462683
-0.094853732
0.086918035
-0.093466812
0.066506559
-0.00053795987
-0.084492608
0.0004813508
-0.0048917448
0.00151211
-0.081112964
-0.082737179
-0.019311343
-0.17701969
0.0090429626
0.17682993
-0.17980076
0.17582937
0.029104523
-0.32744057
0.014694415
-0.047890268
0.04779713
0.00041903932
-0.00032589734
0.00032981404
-0.047953049
-0.00026703416
0.01033188
-0.0077961337
0.59546218
0.0082304669
0.0081999999
-0.047700804
0.047613634
0.00043631325
-0.00034913773
0.00036518298
-0.00026885548
0.0070572795
-0.0001485265
-0.084557693
-0.087107711
0.046355101
-0.023844365
-0.19544075
0.19718577
-0.19367299
-0.0190535
-0.13988704
0.14071309
-0.14079283
-0.0073871395
-0.0055516561
-0.041183018
-0.41071335
-0.024860777
-0.026369633
-0.00040113886
-0.075575873
0.056973028
-0.057589764
0.00021553882
0.055411877
3.6405585e-05
0.01627922
-0.37381525
0.0071511661
-0.37517278
0.0076877134
-0.039064523
-0.00040633696
0.082751624
-0.09645201
0.080307163
-0.028203588
0.016945025
0.35071973
0.34906147
0.00043574494
0.075011848
-0.05363324
0.054265247
-0.00019627516
-0.053007418
-0.00021417617
-0.14794485
-0.014047669
-0.14441025
0.0038353006
-0.15041377
-0.2836633
0.013404576
0.2829845
-0.023794953
0.011802921
0.033955413
-0.022891153
-0.0097635247
-0.0013009513
-0.00058333344
0.037048112
-0.0025094058
0.018187613
-0.0095505055
0.074822342
0.028440613
-0.07369383
0.050003006
-0.0012877691
0.015554791
-0.088598391
-0.00065089558
-0.10099829
0.09148967
-0.0023086003
0.0023637815
-0.28069239
-0.033624766
-0.018730001
-0.1515654
-0.011533498
-0.1533266
-0.15648404
-0.0023216509
0.050459007
-6.1788046e-06
0.016692843
0.033769531
-3.3718936e-06
0.069203292
-0.059935367
0.059927152
9.258934e-05
-0.06022357
6.246704e-05
-0.020533252
-0.31614175
0.3210193
-0.31684895
-0.010384017
-0.0077617111
0.31279186
-0.009047944
0.02089927
-0.010723394
-0.060031698
0.060046245
0.00022672132
0.00018319212
-0.38402313
0.015192301
-0.016417785
0.011770646
0.0854048
0.0012885951
0.087023827
0.067302785
-0.00028023567
-0.05810417
0.063826572
-0.00013056962
-0.019495633
-0.038440181
-0.00016841092
-0.079859689
0.00038418052
0.08617866
-0.065676338
0.066162939
-0.00010244245
-0.00010424951
-0.16589831
0.007191147
0.17007294
-0.01937485
-0.17055466
0.0089762184
-0.17303027
0.032708962
-0.032588625
-0.00012033717
0.00020135036
-0.055695318
-0.00048551864
0.076519589
-0.074927691
0.078102716
0.048958424
-0.016168081
-8.1383401e-05
-0.0049139581
0.053942791
-7.04006e-05
0.079510773
0.0056374284
0.081240934
0.064234271
-0.00036610058
-0.051698358
-0.00022174968
-0.0045430618
-0.046926513
-0.00022879847
-0.065267593
0.15890821
0.013903016
0.1601588
0.16015871
0.0032307126
-0.030998532
0.016559052
0.31140641
0.0025949114
0.29811779
-0.00032148326
0.30002931
-0.0001991689
0.011593009
-0.29600337
0.28816114
-0.29393444
0.0067321412
0.28790984
0.0049781766
0.30063267
0.0048735335
-0.010883565
0.0068566353
-0.045780395
0.046238264
-0.0026762485
-0.046011015
-0.00100393
0.29045347
-0.00036838856
-0.0017595653
0.29275697
-0.00027898283
0.29434457
0.012524726
0.057659636
0.00067615257
-0.066323349
0.067583896
-0.062511063
-0.059360739
0.053647256
0.00069603043
-0.073041281
0.00053586391
-0.028900606
0.20722362
-0.20368338
0.20888972
-0.013594105
-0.011858074
-0.21901656
0.21627634
-0.01128656
0.028834538
-0.016791655
-0.0056265958
0.070423057
-0.0016005521
0.06682787
-0.0050897256
0.0070524861
0.18505619
-0.18059667
0.18361588
0.0032607257
-0.17858886
0.002449637
-0.18663416
-0.0051294286
0.00031828944
0.069950123
-0.069840663
0.00013464571
0.069897625
-8.7433316e-05
0.054401633
-0.00032913719
-0.045547777
0.046263676
-0.00031478
-0.00093934496
-0.044269469
-0.00033894217
-0.060115256
-0.19653196
0.0015227468
-0.00034426428
0.017327154
0.094360114
0.095319592
0.023441463
-0.013144626
-0.12311756
-0.12193018
-0.061941529
-0.0093552096
-0.0046748978
0.10715847
-0.10998668
-0.0053724022
0.10148515
0.078503162
-0.00062935687
-0.14912288
0.14927387
-0.013074836
0.0027232915
-0.00062534981
0.074267692
-0.075818731
0.07414515
0.057444991
7.8537797e-05
-0.073376095
0.068927239
-0.0011212239
-0.074910285
-0.058171592
0.00023698202
-0.0060274606
-0.16244402
0.16149091
-0.16466064
-0.00079652654
-0.00079510881
0.16546818
-0.15667783
-0.011433001
0.011120741
-0.0076498778
-0.03423259
0.034202998
2.943174e-05
0.012094598
0.19340886
-0.19543981
0.19602218
0.0027875878
-0.1922375
0.0020881267
-0.18541134
0.016440062
-0.020367674
0.017909111
-9.0611377e-05
-0.079581821
0.079413187
-0.079416861
-8.7263926e-05
0.079346962
-8.5029494e-05
0.079551566
-0.079551389
-0.00018164159
0.00021476236
-0.00017175594
0.079508508
0.07973729
0.091150529
-0.090867239
0.00012411475
0.09203951
0.068732985
-9.1377495e-05
-0.00043954242
-0.078098123
0.078135258
-0.078549441
-2.5597443e-05
0.077081668
-0.00013895773
0.079343459
-5.39315e-05
0.00016110996
-6.945371e-05
0.07925172
0.07925672
4.3393558e-05
-0.079533834
0.060208806
-0.06017915
1.3681089e-05
0.060197016
5.7973708e-05
0.060216112
-0.060224125
-8.3679974e-05
8.1366425e-05
0.060191267
-5.6597894e-05
0.079610466
-0.067901716
-0.00031345605
0.0072011993
0.093778997
-0.069951207
0.076988871
0.00016361311
-0.067803087
0.00011904196
0.18365112
-0.18427041
0.020530513
0.012744273
-0.00029706
-0.079396275
0.06004854
-0.060072634
-0.00027299091
0.059979605
-0.00025826067
0.0602461
7.6858484e-05
-0.00016779197
0.060282753
0.00013110495
0.07932874
-2.7080634e-05
-0.078890078
0.059439768
-0.059433697
-3.3168411e-05
0.059422932
-3.5067736e-05
0.059505136
-0.05950376
-8.2074622e-05
0.00011232611
0.05947521
-8.2408717e-05
0.078910703
0.00014681184
-0.078885044
0.059479354
-0.059440033
0.00010747672
0.059504807
0.00013297788
0.059437432
-1.3094021e-05
1.6968909e-05
0.059426712
-6.2651683e-06
0.078879766
-0.00012813946
-0.078451902
0.058540427
-0.058557356
-0.0001112389
0.058535821
-0.00011677248
0.058716542
-0.058741156
-0.00014234974
0.00019581417
0.058665753
-0.00014503565
0.078405069
-0.171651
0.17707211
0.001066709
-0.0090615682
0.0005124658
-0.00044197918
-0.062176854
-0.00012396289
0.084939958
-0.083983765
0.087260645
0.07811145
-0.073442128
0.0013151481
0.079692655
0.060960266
-0.00016622569
0.0055681374
-0.082314638
0.066769966
-0.061111738
-9.0127567e-05
0.080442721
-0.00011009854
0.058529113
-0.00010327824
6.7733232e-05
0.058568422
-0.00010705165
0.078917955
-0.00037643672
-0.077857222
0.077287458
-0.077263767
-0.00040013044
0.077227092
-0.00037447203
0.077396522
-0.077358172
9.8427176e-05
-5.4580559e-05
0.00012813348
0.077322974
0.077868497
-0.0029479748
0.0007006701
-0.078988504
0.082181395
-0.080333275
0.087658897
0.015093173
0.085993541
0.086506782
-0.00014612623
0.16590486
-0.16782099
0.014644732
0.0069975297
-0.00026389285
-0.077728025
0.076938097
-0.076966977
-0.00023501711
0.07688115
-0.00024098952
0.077212173
-0.00032611024
0.0003880585
-0.00032054328
0.077144649
0.077836691
-0.045639358
-0.00035639297
0.0037591278
-0.14111498
0.13975227
-0.13768129
-0.00025315017
0.14102791
0.00056211029
0.13662262
-0.14194965
0.0067758728
-0.0078399811
0.0055036419
-0.041932811
0.046253155
-0.0040344088
-0.00028593491
-0.027479962
-0.014167927
-0.00028490829
-0.04702299
0.04683322
-0.00040975437
-0.047107726
-0.00033074126
0.1420273
-0.00051088072
-0.00058063859
-0.000183037
0.14342317
0.1423336
0.027827348
-0.00098022869
-0.026848073
-0.13936393
0.12410506
-0.011708206
-0.013517997
-0.0095004729
-0.0059959079
0.1134652
-0.05428079
-0.0047794458
-0.011473794
0.01264806
0.106579
-0.017520153
-0.018953774
0.043360361
-0.038112669
0.044064802
-0.0083039424
0.0078152622
0.094710459
-0.09435163
0.016957442
-0.010345823
-0.03237931
0.021646962
0.0049975287
0.0056794522
0.13600386
0.020663569
-0.011346979
-0.051176885
0.046096285
0.00061075285
0.00026835993
-0.011715102
-0.20998718
-0.0014915975
-0.0023755831
0.067986508
-0.01617859
0.020410411
-0.033091136
0.080667105
0.077953697
0.069887132
-0.0005960641
0.070089112
-0.00056026993
-0.063983969
0.067373129
0.0044597238
-0.014588343
0.014952309
-0.064347941
-0.071927981
0.0040756807
-0.070571454
0.00058629977
0.0013617085
-0.15001063
0.15328452
0.003183137
-0.011051182
0.0020608571
0.050045315
-0.049678605
-5.5694378e-05
0.051898833
-5.9192457e-05
-0.028720814
0.028857258
-0.00013643064
0.018214502
-0.1473641
0.013027717
0.014321542
-0.016899328
-0.13884854
0.0072486949
0.14341738
-0.14450792
0.14652256
0.018055991
0.0099191367
0.0046764238
0.068261664
-0.047859238
0.052866995
-0.00033143279
-0.0003298706
-0.060988597
0.0001940547
-0.0037270027
0.00093633377
-0.058197906
-0.063298497
0.010347766
0.13843491
-0.12961663
0.13268346
0.0019567957
0.001100259
-0.12843526
0.0091752497
0.12734641
-0.015494827
0.011398763
0.014818274
0.015929641
-0.034516062
0.031057601
0.048114897
-0.04863178
0.00051616348
-0.11917644
-0.020550799
-0.012592533
0.05521868
-0.011577359
0.06566148
-0.026635361
-0.048917985
0.00083380744
0.052493176
0.0012213764
0.0077705499
0.043385896
0.001336585
0.057922998
0.030091732
-0.095250285
0.10738193
-0.10040952
0.016403755
-0.01224572
-0.1522333
-0.05943968
-0.00010196899
0.034427382
-0.00016642003
-0.071159087
0.083190957
-0.05164772
0.017457529
-4.2434269e-05
0.0053668994
-0.056920202
-9.4456145e-05
-0.011249095
-0.15459711
0.15113571
-0.15284537
-0.0068929066
-0.0082676881
0.15629485
0.0073822048
-0.00073663829
-0.19006859
-0.00025971981
-0.00098977389
-0.00035018877
-0.00048927082
0.079887187
0.00011270643
0.079578025
4.689795e-05
-0.16120246
0.16107432
-0.0014924524
-0.16020125
-0.16224371
0.00063885094
0.16034117
8.1404556e-06
-0.16080784
0.16026345
-0.16059748
-0.16032626
0.159208
-0.00061161286
-0.00042239008
0.000773818
0.16090994
-0.00021269274
-0.16116577
0.16091913
-0.16103489
-0.00069431079
-0.00047983073
-0.00022991029
-0.079841204
0.079595535
-0.079603907
-0.00022158469
-0.00020810555
0.079695447
-0.00049378115
0.00044004578
-0.00045083673
0.079706186
0.079921399
0.00011802085
-0.068341242
-0.00015545611
0.090609311
-0.090217307
-0.0061872303
-0.084918799
0.063183744
-0.069161897
-0.00020926381
0.061403676
-0.00018830068
0.075521028
-0.00039984193
0.0047615497
-0.0020250027
0.072784313
0.073713529
0.017330794
0.15840473
-0.008644142
-0.15695351
0.1601662
-0.15550522
-0.1643863
0.16571832
-0.01813978
-0.011496289
0.0018608495
0.15790404
0.00017637156
-0.15937352
0.15779163
-0.1575504
-0.0029946287
-0.0014393817
0.00033162213
0.16061353
2.5941066e-05
-0.16146818
0.1613191
-0.16213898
-0.1609797
0.16079001
-0.00022854015
-0.0001479369
0.0027748166
0.16269382
-0.00084090096
-0.16406532
0.16355529
-0.16230469
-0.0016290633
-0.00023884421
-0.00012908136
-0.079857825
0.060250581
-0.060275556
-0.00010418597
-8.1391707e-05
0.060779846
-0.00017088814
0.00036021181
0.060577877
-0.00015828486
0.080793508
0.068769689
-0.00025636996
-0.067099338
6.9887878e-05
-0.00027727506
-0.066856353
3.4274323e-05
-0.088984968
-0.0051379042
0.0006567407
0.18209175
-0.00016961086
-0.079149501
0.059741472
-0.05975667
-0.00015445454
0.059694076
-0.00015399341
0.059956348
-0.00022947557
0.00028052699
0.059895919
-0.00022013115
0.079274135
0.00063291607
0.15978785
-0.0001107856
-0.1603593
0.16026745
-0.1603433
-0.16023137
0.16008091
-0.00053884232
-0.00039069879
0.00044258573
0.15985109
0.0001856517
-0.16055821
0.1604192
-0.16044893
-0.00062903839
-0.0005579759
0.00021776058
0.15930758
6.3333738e-05
-0.15988036
0.15980008
-0.15984203
-0.15978025
0.15961809
-0.00012477454
-0.00021702003
0.00042684577
0.15948022
-1.7482669e-05
-0.16007889
0.1599994
-0.15997455
-0.00033009793
-0.00030016357
-0.0001005231
-0.078965571
0.05954078
-0.059545887
-9.5452821e-05
-9.6747829e-05
0.059682036
-0.00013803319
0.00018378608
0.059635876
-0.00013764907
0.079047078
-0.00028853323
-0.078733682
0.059174161
-0.059210063
-0.00025265073
0.059099451
-0.00024473047
0.059575517
0.00019813355
0.00011742083
0.059536903
-7.882483e-05
0.078580433
0.00061932696
0.15879354
-0.00013750326
-0.15923891
0.15921725
-0.15919297
-0.15931874
0.15926319
-0.00069301412
-0.00055503814
1.5036665e-05
0.15915777
0.00016939158
-0.15967581
0.15953694
-0.15950057
4.2340729e-05
-9.214353e-05
0.00018799379
0.1587449
-7.6483293e-05
-0.15931809
0.15974851
-0.15942504
-0.15976262
0.16080895
2.6007869e-06
-0.00016949558
0.00061976692
0.15865739
-0.00012075666
-0.15927368
0.15931025
-0.159256
-0.00052983633
-0.00037770989
-0.00017901895
-0.078479673
0.05879582
-0.058816895
-0.00015795977
-0.00015763729
0.05906263
-0.00021666537
0.00028137042
0.0589941
-0.00021286124
0.078599643
0.061810373
-0.060019073
-0.0015697032
-0.00022156778
0.062658406
-0.00060735641
-0.00024066847
0.020520734
-0.17907398
0.01236842
0.0081838236
-0.03584742
-0.00020181486
0.075356985
-0.087809323
0.062889189
-0.00019950168
0.063045664
-0.00021521018
0.00066244152
-0.07594143
0.076576181
-0.076013548
9.9764071e-05
0.076780561
2.0964396e-05
0.068991721
0.03244699
-0.015938083
0.017441188
0.067488602
0.071857764
-0.013328465
0.14976081
0.010603202
-0.15568035
0.15315634
-0.1601978
-0.15429796
0.1541888
0.0076896484
0.0008666711
-0.0031657859
0.16285583
1.4215367e-05
-0.16101657
0.16268451
-0.16239258
0.0068427366
0.003753128
0.00015895373
0.15660018
0.00030842109
-0.15705922
0.15679037
-0.15636557
-0.15716558
0.15679941
-0.0004197295
-0.00061701982
-0.0010685059
0.15611316
0.00063263633
-0.15601624
0.15598585
-0.15686952
0.00071882822
-0.00020717125
0.00010636763
-0.07785602
0.077379406
-0.077322877
4.9820131e-05
5.3544707e-05
0.07702631
1.4246833e-05
-6.471213e-05
-6.1025619e-06
0.07709712
0.07745112
0.062363361
-4.2283199e-05
-0.052976399
0.058189183
6.6159511e-05
-0.017788883
-0.035220203
3.2705157e-05
-0.073335776
-0.060225271
-8.1261989e-05
0.0085038677
0.07745524
-0.071256581
0.074824352
0.0049361286
-0.072095636
0.01684766
0.0007480712
0.080174458
-0.059920944
0.060524973
0.00014404837
9.8577158e-05
-0.084839353
0.03435394
-0.014489037
-0.069915912
-0.0004344009
-0.086755447
-0.013652405
0.0078022966
0.17091621
-5.6143049e-05
-0.077644422
0.076844713
-0.07676488
-0.00013598983
-0.00012550575
0.076855247
-0.00021681818
0.0002715516
-0.00022526579
0.076808957
0.077628708
0.00049848425
0.15669091
-0.0001237887
-0.15710599
0.15699615
-0.15693815
-0.156843
0.15579785
-0.00023325145
-0.00023725375
0.00078036839
0.15683623
-0.0001770108
-0.15723029
0.15709755
-0.15721263
-0.00067825519
-0.00049758144
-0.16710122
0.15987598
0.011812216
-0.013725524
0.0078609016
0.079229856
-0.065348388
-8.7719011e-05
0.032433869
0.068217424
0.032495071
-6.1207917e-05
0.014857501
-0.15613088
0.0070501151
0.0087977222
0.058721217
-0.057219496
-6.2091639e-05
-6.5096335e-05
-0.0045586963
0.0013057537
-0.069782306
0.075696887
-0.073535087
-0.052442757
-0.00025963266
0.057179774
-0.00026835485
0.15723307
-0.15589044
0.013462016
-0.019824653
0.014976664
0.15760956
-6.7034667e-05
-0.048104608
-0.00042787977
0.06716569
-0.065284897
0.068663836
0.056813015
-3.8446853e-05
0.070013113
-0.00010615114
0.070116745
0.0048632701
0.071833905
0.055908371
-0.00036331194
-0.00042983079
-0.14778443
0.14559344
-0.14529969
-0.00042767186
0.1461748
-0.00035211697
0.14520595
-0.00058073978
0.00069636959
-0.00026016936
-0.027185696
-0.00029426754
0.0083888768
-0.15064967
0.14993969
-0.14960751
0.0062336064
0.0094269148
0.14742973
0.00013078237
-0.0034767559
-0.00011180174
-0.046698035
0.046510195
-0.00043661024
-0.00035127329
-0.0085371271
0.099977649
-0.10376441
0.098596312
-0.093457496
-0.023558688
0.094291445
0.012711971
-0.0075733415
0.069982318
-0.0005282936
0.046972382
-0.00054897133
-0.079340468
0.065627365
0.00029880499
-0.067211431
-0.059121889
0.057576745
8.503182e-05
-1.7585059e-05
0.044348139
3.952224e-05
0.071968741
-0.00018602708
-6.0656248e-05
0.0021522037
0.08928496
-0.087692336
0.089287649
-0.084522576
-0.090413108
0.00013851778
0.091063618
-0.0014142463
0.00028881294
0.069135446
-4.6754432e-05
0.069313821
-3.9798319e-05
-0.0020721217
0.00017236938
0.088305407
0.088497332
0.043738348
-0.00043452116
-0.00041249746
0.11316113
-0.096219154
-0.0012283855
0.001217042
0.053785929
0.00030474752
-0.072308889
0.06915426
-0.074236306
-0.066986857
-0.0046611438
7.8377053e-05
0.076624416
0.0011767934
-0.00028483822
0.0029194741
-0.00067850868
0.020908716
-0.033913283
-0.0744856
-0.071717551
0.00021991461
-0.078086942
0.077252459
-0.00025395572
-8.1016685e-07
-0.00040013228
-0.079934415
0.060224775
-0.060408312
-0.0002167297
0.060134737
-0.00017785117
0.060656403
-0.061238343
3.0381115e-05
0.00052061278
-0.00027263155
-0.00014198194
-0.078451088
0.059879422
-0.059957814
-6.3609269e-05
0.059583844
-1.1316143e-05
0.060074928
-0.0001447987
0.00019937497
-8.230422e-05
0.034299261
0.00010822383
0.071975225
0.00021898134
-0.0003474737
-0.00028278913
-0.039450163
-0.00021629681
0.024713241
0.088712034
-0.097083342
0.082346451
-0.080542038
-0.00024766605
-0.080762873
-0.018635396
0.095483932
-0.095242048
0.016404572
4.3267378e-05
-0.0004269288
0.064907987
-0.063041351
-0.00035451206
0.06573593
-0.00034660318
0.05724796
-0.018627119
-0.038185998
-0.00043474919
-0.0053947121
-0.00039866982
0.0090894145
-0.077418249
-0.078703989
0.066183731
-0.066000701
-0.00026121338
0.066973385
-0.00025005923
0.066044693
-0.00029848808
-0.00029279902
-0.052998417
7.9895779e-05
-8.939219e-05
4.8432584e-05
-0.00010477286
-0.052892615
0.00013079706
-7.9357826e-05
0.00014775173
-9.9434363e-05
0.0043726481
-0.061531561
0.049293121
-0.044585179
-0.00033529203
0.050455727
-0.00033067421
0.029318153
-0.00046998102
-0.014893178
-0.0003738426
-0.00021905779
-0.068693365
0.050990303
-0.050940227
-0.00026913797
0.050873698
-0.00027428725
0.050929241
-0.00029543035
0.0002813912
-0.00029237771
-0.0001390035
-0.068322242
0.065815481
-0.065624669
0.065848525
0.065377045
-0.00015901113
-0.064658626
8.0419966e-05
-0.00032804302
-0.047972243
-0.00030885186
-0.047865643
-0.00026560997
0.036896262
-0.011664036
-0.00042472428
-0.0033314525
-0.00040286046
-0.04754271
0.00044544804
0.047470207
-0.00037293422
0.00033979287
-0.00026885927
-0.00027592545
-0.069099064
0.065973053
-0.065909142
0.065877293
0.00040446584
-0.043878495
0.0029913938
-0.026966344
0.0042202154
0.0036357733
-0.0027980606
0.096745356
-0.078156932
0.075836357
-0.00047723666
-0.07889576
-0.00055185724
-0.06904729
0.045617458
-0.00076212487
0.0072801112
-0.00049097518
0.058306608
-0.060377686
4.2035516e-05
0.00064142273
7.5383195e-05
0.00045967357
0.090637668
-0.069610449
0.070169139
-9.8974133e-05
-0.067633627
-0.00012646725
-0.070559348
0.070518751
-0.0005274879
-0.00039856943
8.385736e-06
0.079049131
-0.072865479
-0.00042266224
-0.00041947217
-0.056069069
0.061881272
-0.00020031294
-0.0015908142
-0.00021302217
-0.030257642
-0.00025802774
0.0643389
-0.074416504
0.063352056
0.060397896
-0.055238237
-0.00018047389
-0.00031221409
-0.022138454
-0.00075296491
0.014263396
0.056532431
-0.056399548
0.048524428
-0.046224882
-0.00060266193
-0.048693014
-0.0099321299
0.049381171
-0.051556874
0.0021756983
-0.023958373
-0.11120484
-0.0013525033
-0.010371256
0.010553331
0.032398677
-0.02530185
0.022090512
0.00032191268
0.021768394
0.0014674743
0.029012138
0.01564383
0.013202205
-0.00095810504
0.091294403
-0.00045198682
0.0003318697
-0.00091939031
-0.03348348
0.00028603968
-0.060442205
-7.6071713e-06
-0.062730359
-4.6515874e-05
-0.059687711
0.00070192833
0.059221409
-0.0002356782
0.00063374997
-0.00027525225
-0.0021585283
0.078035211
0.076817036
-0.060946817
-5.7158712e-05
-7.6471947e-05
-0.060663301
9.4340659e-05
0.00010024271
0.068798949
-0.0060846448
-0.00041371595
-0.0016714898
-0.00027947205
-0.00066764365
0.09264957
-0.070540804
0.070449202
-0.00057599207
-0.00065804841
-0.070434192
0.070371953
-0.00049093724
0.00054053509
-0.00052549673
-0.00043411318
-0.00026932976
0.089253874
0.08929815
0.038276189
-0.0001640331
-0.066501057
0.066585819
-5.1295118e-05
-0.0002737351
-6.4397448e-05
-2.2217229e-05
-0.064923331
-0.00012151223
0.086750755
-0.086128196
0.087668677
0.085800223
-0.084406881
-4.1060728e-05
-0.00014953496
-0.0065950932
-0.06807401
-8.8555045e-05
0.09117855
-0.090754883
0.089430053
0.088483509
0.0020695048
-0.00010828717
0.055387532
-0.0049450835
-0.00014962217
-0.0015145947
-0.00015316004
0.0060500311
0.082818453
-0.059628132
0.065775196
-9.7043841e-05
-0.05772886
-0.00011818575
-0.079957818
0.068250211
-0.014039885
-0.00014274166
0.058690431
-0.00012883778
-0.00015854232
0.074008955
-0.070820778
0.00051698092
2.923988e-05
0.0084350311
0.074547876
-0.067682163
0.071203242
-0.074458638
0.00072666616
-0.0048394927
0.0015840977
0.055588186
-6.1298081e-05
0.056372257
-5.7402516e-05
-0.013513902
-0.00041090579
0.079102603
0.074242936
0.015139198
-0.031553627
-0.00023369289
-0.00030870764
-0.00043936486
-0.051326389
-0.00016583919
0.07132094
-0.069307219
0.07292986
0.067490627
0.0011067505
-0.00017409396
-0.052332314
-4.5110229e-05
-6.6067708e-05
-0.052166627
-1.0218466e-05
-3.3570538e-05
-0.0003318852
-0.069142266
0.049783269
-0.049871824
-0.00024332738
0.049689792
-0.00023741486
0.049985926
-0.050077684
-0.00024019208
0.00035398898
-0.0002398855
-0.00021237111
-0.069533763
0.0496381
-0.049597963
-0.00025250033
0.050024506
-0.00023600134
0.049624073
-0.00024906748
0.0002608248
-0.00023471079
-0.04605213
-0.00064986713
-0.046295149
-0.00042183719
-0.065310428
0.061214032
-0.0062023581
0.00055862345
0.030015569
0.00080990887
-0.061676371
0.047050148
-7.8038045e-05
-0.020548588
0.11239317
-0.11183861
0.092240743
-0.00095089391
-0.083759805
0.081157617
-0.00066435391
0.0090268075
-0.00054606558
-0.057045966
0.05648435
0.00028478997
0.00010195137
-0.054745169
0.049636056
1.9287763e-05
0.00013860986
0.019225135
-0.10807506
-0.00071388592
0.10879853
-0.10643073
0.10849119
0.099206741
-0.095030637
-0.028349027
0.00096249892
-0.078448569
-0.00057654704
0.10362934
-0.10455769
0.10334987
0.10564562
-0.00094376091
-0.00023532201
0.00084992941
-0.075826482
-0.0007130661
0.099853356
-0.099521477
0.099551816
0.10004027
-0.09995531
-5.4401361e-05
-6.5224314e-05
0.00039291932
-0.075293001
-0.00035231384
0.099584424
-0.09951048
0.099204589
0.099780454
-0.00060680717
-0.00048733907
0.00067537685
-0.07357993
-0.00057476628
0.097315174
-0.097168042
0.097145609
0.09724818
-0.097268979
-0.00064670419
-0.00056265386
0.00034759956
-0.073214413
-0.00034954636
0.097217656
-0.09722098
0.097346942
0.097240896
-0.00051073355
-0.00043060599
0.072987856
-0.00051680594
-0.00038411236
0.069528144
-0.00025030525
3.6002174e-05
-0.00037462587
6.2114326e-05
0.0016669242
-0.091751272
0.089559305
0.0017223935
-0.00010737192
0.027054322
-0.00038686965
-0.0004054599
0.0035767752
-0.040359483
-0.00033318666
-0.00034820148
0.01112104
0.050526158
-0.024033272
0.035605625
-0.00045128058
-0.00047896091
-0.039137099
0.039987204
-0.00046191219
-0.0030649508
-0.00046654538
0.035479447
-0.052467163
0.092164225
0.090056869
0.056364012
0.0010109254
0.0072682053
0.0066169318
0.0038974472
0.044249452
0.015792148
0.015647585
0.065804259
0.0048125328
0.0085419564
0.008418141
-0.0012579702
0.097090653
0.013412261
0.064447351
0.00038971135
-0.075026254
0.077261311
-0.070084223
-0.075938481
-0.0061255834
4.2811223e-05
0.078549386
0.00049387424
-0.00030030705
0.00094861708
-0.00065669749
0.0014422771
-0.10310564
0.10266405
-0.10276357
0.10086161
0.10357526
-0.0015885269
0.006054726
-0.098125176
0.097385445
-0.098047311
0.10074469
-0.003583755
-0.073353149
-0.0040772098
-0.0014468634
0.00011943324
0.00062688861
-0.076203943
-0.00057212
0.10081333
-0.1007467
0.10044643
0.10085516
-0.10053958
-0.0009246289
-0.00071660475
0.00017859105
-0.075853025
-0.00018806325
0.10037409
-0.10036041
0.10062313
-0.00044520339
-0.0003714141
0.00041606355
0.00013625725
-0.076894684
-0.0061053453
-0.084304626
0.06304614
-0.069229335
7.7798749e-05
0.00018420292
0.083517346
-0.07073046
0.01422637
6.1619874e-05
0.00045910157
-0.073951586
-0.0004316903
0.097998889
-0.097931992
0.097731758
0.098103882
-0.097894117
-0.00061795219
-0.00049019347
0.00016391133
-0.073690046
-0.00015779118
0.0976552
-0.097647682
0.097849843
-0.00031620875
-0.00027430317
-0.0050524346
-0.073230772
0.052332301
-0.057496857
0.00011209722
0.034514472
0.00011848464
0.059134544
9.1431847e-06
0.001571276
6.640322e-05
0.021576953
0.084197531
-0.076836319
0.082578134
-0.073625276
-0.08435452
0.084303471
-0.014380192
3.7022266e-05
0.0023002894
0.075957544
-0.00070916948
-0.077787499
0.075815659
-0.077772458
-0.075321223
-0.0041893581
-0.0016724298
-0.05921662
-4.3756271e-05
-8.2713273e-05
0.071878248
0.00056533933
-0.00052402454
0.00049174143
-0.00042934927
0.00044130528
-0.094669399
0.095724754
-0.095313867
0.095466747
0.095461259
-0.094728959
-0.00047723437
0.09558209
0.00062658427
0.00010005387
0.060728334
-6.149338e-05
-0.080388766
0.080276737
-0.080719433
-0.080209263
0.080109429
-5.1599561e-05
-4.8792963e-05
0.00076101103
0.061148434
-0.00020522843
-0.082203593
0.081602125
-0.080792635
-0.00041410526
-0.00017518201
-0.063232167
0.061906524
-0.00019680977
-0.069864156
-0.00021044796
-0.061150155
0.061176796
-0.00016124184
-0.00016726453
0.018594825
0.034198081
-0.00030694021
-0.071610487
0.071910557
-0.073552018
-0.083684039
-0.00026268075
-0.034426191
-0.00022808441
0.00040639613
0.095894149
-0.070602874
0.071310782
-0.00030146369
-0.070467017
-0.00033514101
-0.073346943
-0.00028292039
-0.0017545543
-0.00028157871
-0.060820652
0.060759485
-7.7311568e-05
-0.060830497
-8.0160749e-05
-0.060809363
0.060755473
-3.8748833e-05
-5.7946508e-05
-0.060939288
0.060900604
-0.0001316116
-0.00013994564
-0.060856745
-0.00011246332
-0.0001124603
0.079463702
-0.00011661427
-0.079464787
0.00016676443
-0.00011995528
-0.060323692
0.060307835
-0.00010424816
-0.060332566
-0.00010776132
-0.060301806
0.060287113
-7.0570199e-05
-8.1282725e-05
-0.060387854
0.060366953
-0.00015092485
-0.06040615
-0.00016334028
-0.060351769
0.00014737164
-0.0001282272
0.00014937193
-0.00013421189
-0.00014750292
0.079510349
-0.00054740463
-8.929288e-05
0.092810153
0.078923701
-4.9779259e-06
-0.07904398
0.00041787633
-4.3688642e-05
-0.060191044
0.060105605
4.1680469e-05
-0.060221128
2.502109e-05
-0.059995667
0.059746351
0.00011006576
8.4316985e-05
-0.060284623
0.060268789
-5.3627698e-05
-5.1451305e-05
-0.060258466
4.5656706e-05
-8.3176088e-06
2.3521838e-05
-1.31712e-05
-5.5301782e-05
0.07921986
0.060199846
-0.060179795
-2.7762966e-05
7.9598613e-06
1.270874e-05
-4.9492496e-05
0.060199278
-5.7531238e-05
-2.5317099e-05
-0.00036797131
-0.09307639
0.037699201
-0.015675587
-0.00041192537
-0.00048673997
0.060159552
-0.060235694
-0.00033693974
0.00039910957
-0.00031220479
0.0001519352
0.06032632
0.00010836073
-0.00041135334
0.059455308
-0.05945032
-5.1470492e-05
7.7053895e-05
-5.5454734e-05
-6.5439089e-05
0.05947683
-6.706819e-05
-6.874734e-05
0.091445415
-0.075831003
-0.00023062971
0.078038713
0.068469054
-0.00023430246
-0.00022938413
0.067845371
7.1954673e-05
0.00014568343
0.06463782
-0.00051921423
-2.049766e-05
2.0405278e-05
0.084787422
-0.082805947
0.0029966874
0.059452963
-0.059431953
4.6429598e-05
-6.2936206e-05
7.5847423e-05
2.0515854e-05
0.05943729
9.9247419e-06
2.5177385e-05
0.058585154
-0.058604558
-0.00012065717
0.00015273614
-0.00012494725
-0.00015129834
0.058645209
-0.00013076586
-0.00013478721
-0.00013823793
0.084406677
-0.063340426
0.063561443
-0.00035922426
-0.062703145
-0.00038339685
-0.063859331
0.064493482
-0.00030814597
3.5528068e-05
-0.0003334076
0.017752464
0.075217703
-0.037333041
0.055614087
-0.0005285689
-0.00014493512
-0.06124786
-0.00042611117
-0.0051730884
-0.00046066531
0.083075361
-0.082173392
0.00010196442
-0.00013982685
-0.00045951462
-0.0001517653
0.081752313
0.059274929
-0.058816006
-8.10888e-05
-0.0017409486
-9.5870923e-05
-5.4146398e-05
0.058606077
-9.1807489e-05
-9.7085534e-05
0.077222333
-0.00049954481
-0.077005058
0.00045956008
-0.00050099522
-0.05805129
0.057907783
-0.00035748886
-0.058136646
-0.00041417494
-0.057815826
0.057731581
-0.00029024673
-0.00030817487
-0.058065635
0.058079283
0.00011447677
-0.058062699
9.5500935e-05
-0.058132359
-0.00018102049
0.00017673578
-0.0002283494
0.00017527974
0.00014629303
0.077240921
0.079329587
-0.077501038
0.0044634737
0.0015928972
-0.022325798
0.035333394
0.08027445
0.077030776
-0.0002553437
-0.077054735
0.00032635846
-0.0002625613
-0.05737783
0.057305955
-0.00019069003
-0.057440415
-0.00019276127
-0.05724415
0.057177967
-0.00017480679
-0.00017321246
-0.057658572
0.057582845
-0.00024482703
-0.0002531052
-0.05751396
0.0002858231
-0.00021228681
0.00028757701
-0.00021869694
-0.00030778382
0.077124439
-0.056326675
0.056213061
-8.1760571e-05
-0.056301789
-7.8253851e-05
-0.056237096
0.056141503
-7.5093808e-05
-7.279613e-05
-0.056517364
0.056392212
-9.8019535e-05
-0.056483946
-8.8333277e-05
-0.05642056
-8.8648677e-05
-8.5243101e-05
-0.056007056
0.055982437
-5.4391191e-05
-0.056036055
-4.2739663e-05
-0.055972626
0.056079385
-4.0163672e-05
-3.248687e-05
-0.056152297
0.056062737
-6.9838228e-05
-6.4736909e-05
-0.05607811
-6.2888862e-05
-5.474192e-05
0.00033600863
0.055166442
-0.00022784968
-0.074958898
0.074770903
-0.074752372
-0.0748601
0.074618626
-0.00027516563
-0.00020675586
0.00042497659
0.055521627
-0.00030413116
-0.075069049
0.074875182
-0.074601915
-0.075048931
-0.00033293452
-0.00026751215
0.00025627864
0.054502361
-0.00016026588
-0.074535443
0.074393083
-0.074456959
-0.074436583
0.074292539
-0.00021823946
-0.00015600997
0.00028505864
0.054823684
-0.00018391527
-0.074746151
0.074580926
-0.074645128
-0.00024073985
-0.00017445158
-0.00029973442
0.071644156
-0.073303303
0.073254953
-0.071745027
-0.07394853
0.073635922
0.0001881237
-0.0079930201
0.066581009
0.004732664
-0.069562032
0.069416495
-0.071128738
-0.07163321
0.00394418
0.0013496171
-0.050793694
-0.00010407434
-0.00010339773
-0.052670274
0.00011122239
-6.235798e-05
0.00015596085
-9.7263086e-05
0.00016757088
0.072081915
-0.07427838
0.074155124
-0.074018448
-0.074294737
0.074136814
-0.0001175311
0.00014228792
0.072085375
-0.074169935
0.074016123
-0.074262009
-0.00010066174
-0.054677258
-0.00037540526
0.00011988353
-0.0038855904
-0.00035741972
-0.00031408399
-0.069361589
0.050643404
-0.050709537
-0.00024795177
0.050505628
-0.00025394121
0.050843962
-0.00025626005
0.00039301126
-0.00025858745
-0.047496235
-6.7299464e-05
-0.00030210957
-0.00096866406
-0.00027441319
0.0033208648
-0.064832851
0.06354568
-0.061193462
0.058217283
-0.058843134
-0.0070105874
-0.0042599845
-0.04520001
-0.00036178797
0.064505493
-0.063497014
0.063905864
0.061517569
-0.059535693
0.0011403419
-0.00038798492
-0.0066016403
-0.052286609
0.06102898
-0.059375076
0.060637668
0.011623621
-0.047346319
-0.00038930658
-0.00031773738
0.016998756
0.0046475283
-0.011837017
0.046275434
0.0048646706
-0.031488759
0.030964033
0.00052455558
0.013902479
0.00070499084
-0.013991421
0.0627766
0.074923352
-0.0025899956
-0.070846821
0.052154049
-0.055142289
0.00039812858
0.047125638
0.00026507548
0.061367362
0.00032166948
0.0056695828
0.00055543875
-0.001046051
0.10522227
-0.080161742
0.079723556
-0.00060809686
-0.00070825004
-0.079500968
-0.00097984951
0.00044929613
-0.0002267798
-0.033405125
0.00031392596
5.2319612e-05
-0.013988445
0.066472028
0.00020656767
-0.000108107
0.00043574738
-0.07758715
-0.00037159346
0.10241393
-0.10258504
0.10224228
0.10295189
-0.00035310297
-0.00026707929
0.00020939914
-0.07723863
-0.0001717625
0.10184425
-0.10195115
0.10158358
0.10227821
-0.00040488025
-0.00034224249
-2.0875975e-05
-0.075040107
-2.6746032e-05
0.099120342
-0.099147568
0.098427876
0.099360005
-0.00027654722
-0.00015564571
0.00058259678
-0.074803184
-0.00050656491
0.098892613
-0.098771934
0.098552638
0.098909679
-0.00083447891
-0.00063728907
-8.6433241e-05
-0.073297703
-0.00010380592
0.098006283
-0.09776687
0.099569347
0.097326535
-7.384698e-05
-0.0002119252
-0.016395252
-0.08357556
-0.00054736511
0.099331254
-0.10248495
0.092110857
0.10061307
0.0066506161
-0.00059632391
0.04005569
0.084375022
0.040362248
-0.00030641109
-0.061521291
-0.00021165087
-0.020919332
-0.0002396494
0.070305073
-0.00050013549
-0.00047642427
0.045927086
-0.030788046
-0.00018675536
0.050581165
-0.00019436144
-0.030555966
-0.00023208553
0.019592633
-0.075311275
-0.00023970076
0.05325148
-0.052892994
-0.0001636394
-0.00020994921
0.052105938
-0.00016306896
-0.00020075765
0.00047911753
0.070729458
-0.050249871
0.050849882
-0.00012092372
-0.049641777
-0.00013236569
-0.052571048
0.058023206
-0.00010829903
-0.001601489
-0.00011968202
0.014271844
0.061360809
-0.029511704
0.043928488
-0.00014496321
-0.00019802042
-0.048414384
-0.00013434831
-0.0043461246
-0.000139793
0.048937315
-0.00139259
-0.047479248
-6.5456931e-05
-0.00065778591
-8.348959e-05
0.0040151981
-0.066553679
-0.063495041
0.01855508
0.068203429
-0.070674429
0.060508703
-0.00014362405
-0.060247213
0.0042844397
-0.013895609
0.014157108
0.043110281
-9.5910371e-05
-8.4519567e-05
-0.064506628
0.025918047
0.055302294
-0.011254541
-0.00038510143
0.026287141
-0.00036909647
0.044251615
-0.0430044
-0.00031088632
0.044834327
-0.00038864654
0.039091805
-0.012465469
-0.0003391881
-0.003554662
-0.00035792942
0.0065513595
-0.055201209
-0.00012223987
0.057945909
-0.04034761
0.040679386
-0.00045409014
-0.00045789483
-0.041940964
-0.00046773975
-0.00078513275
-0.0004764909
0.080450503
-0.10656067
-0.001060368
-0.0017560625
0.089808689
-0.048668232
0.002769968
0.031465936
0.027764985
0.010570664
0.0065519989
0.0068042379
0.022525241
-0.00048730999
-0.049879311
0.041355857
0.0016556165
-0.062663814
0.0016271315
-0.028350691
0.0017151161
0.0014277582
0.01205462
0.043542195
0.0024969293
-0.052928617
0.052856324
-0.053243666
-0.013837554
0.0019753468
0.00081591283
-0.013028504
0.029313331
0.0010439254
0.0014500018
0.099092406
-0.022891126
-0.07670752
0.00018315233
0.032182751
0.00033330571
0.031370612
0.00081207528
-0.052906961
0.0047286171
0.00020201735
0.00040322779
-0.068424889
-0.0091251874
0.079325693
-0.00028754262
-0.00067216255
-0.00015134693
0.00021671357
-0.07685467
-0.00022791519
0.10149718
-0.1015653
0.10111731
0.10174645
-0.00051404616
-0.0003939745
0.00025523513
-0.0765665
-0.00025070005
0.10117164
-0.10115804
0.10144579
-0.00051528105
-0.00045670716
-0.06812859
-9.626027e-05
-0.00016662145
-0.0085773171
-0.073471685
0.069356579
-0.072567042
0.075307215
-0.00083818944
0.0045156476
-0.0017754923
-0.058568716
-0.00012703178
-0.00018550466
0.00025768356
-0.074444501
-0.00024103195
0.098615966
-0.09856529
0.098237949
0.098744398
-0.00048457038
-0.00035086428
0.00041347072
-0.074362449
-0.00038917497
0.09810553
-0.097969254
0.098376465
-0.00010458056
-7.4366422e-05
-0.069761083
-0.00018640682
-0.00027280029
-0.00028403725
-0.060392776
0.00029342831
-0.00017621094
0.00038814979
-0.00022763218
0.00080889111
0.079232469
-0.079320493
0.07892895
-0.078988512
-0.00063403504
-0.0049122307
-0.087799497
0.092397394
-0.089593839
0.092461301
0.08991705
0.010051478
-0.00022554247
-0.09401409
-3.8803373e-05
0.095156278
-0.094333758
0.094472423
0.00034247008
-3.1556874e-05
0.071920508
-0.00017122598
-8.1231088e-05
0.00023616784
0.060638636
-0.00018616443
-0.080014729
0.07981841
-0.07979221
-0.07994993
0.079583486
-0.00017079694
-0.00017392144
-7.096223e-05
0.060768706
4.5910219e-05
-0.08011284
0.079899805
-0.079922755
4.2067045e-05
1.8799319e-05
0.00018421944
0.060151781
7.6876536e-05
-0.079109421
0.077692103
-0.0788522
-0.077069674
-0.00033232096
0.00011323261
0.00012491244
0.06055354
-6.9440149e-05
-0.079842337
0.079488533
-0.079639201
-4.1187349e-05
-3.5709841e-05
-0.00046932419
0.093282829
-0.070390604
0.070335504
-0.00041417074
-0.00044702853
-0.070354991
-0.00035111423
0.00039050037
-0.00040996196
-0.060905034
0.060869198
0.00013904303
-0.060767872
7.8057314e-05
-0.060823898
0.060791058
7.9562639e-05
0.00015798127
-0.060829433
0.060771237
4.4508379e-06
-2.6175316e-05
-0.060857579
5.6395264e-05
1.5132322e-05
0.079652376
-0.00027215079
-0.079662131
0.00029728221
-0.00024884287
-0.060485873
0.060456123
-0.00021915474
-0.060517512
-0.00024056255
-0.06043211
-0.00018222571
-0.00019758062
-0.060710557
0.060609882
-0.00035019173
-0.00041328676
-0.060557309
0.00031290296
-0.00027312923
0.00036025296
-0.00030767882
-0.00035570618
0.079710697
0.090204786
-0.00015459532
-0.00021479101
0.083068186
-0.033925819
-0.071010335
0.0141544
-0.00024816246
-0.033687147
-0.00023876403
-0.059169053
0.057429557
-0.00028596719
0.00017735443
-0.051867374
0.018473251
-0.00029322862
0.005885751
-0.00032377331
-0.0091885229
0.069481469
0.060315593
-0.060375316
-0.00012327563
0.00014534721
-0.00010535806
-0.00028779056
0.060435708
-0.00014566454
-0.00013427997
-0.00021508813
0.00013566538
-0.066719715
-9.965032e-07
-1.9724024e-05
0.059804497
-0.059816442
-0.0001765378
0.00021877558
-0.00017096853
-0.00021946783
0.059874275
-0.00019785053
-0.00019280947
0.05958064
-0.059584983
-0.0001090219
0.00014659893
-0.00011186379
-0.00013289656
0.059625714
-0.00012275687
-0.00012354099
-0.0015993138
-0.062283815
-0.00016514508
0.08385203
-0.080360187
0.07801457
0.0053877805
-0.00018869179
-0.0095094283
-0.075419468
0.0056588832
0.082084924
-0.080337684
0.083336601
0.017193305
0.018612101
0.055817737
-6.9135021e-05
-4.1130925e-05
0.059289879
-0.059338356
-0.00030490226
0.00036905265
-0.0002892516
-0.00046850611
0.059463833
-0.00039545628
-0.00035637612
0.058877156
-0.058902101
-0.00017071864
0.00023189957
-0.00017164912
-0.00021834122
0.058965881
-0.00019013286
-0.00019005379
0.054482343
-0.017876807
-0.036353363
-0.00025211119
-0.0052899327
-0.00024677487
0.0089150047
0.079782
-0.074113253
0.077738368
-0.075222758
-0.081070863
-0.0049021921
0.0064376882
0.090139061
-0.066515029
0.073244926
-0.00029217459
-0.00029276181
-0.088698462
0.036072058
-0.015149822
-0.00030371146
-0.00028127144
0.071690531
-0.065804473
-0.00019221642
-0.00025033447
0.063418766
-0.00018136239
-0.00020043628
0.075288945
0.00056089893
-0.073642823
-0.00092674194
0.00020212996
-0.057565855
0.05781564
-4.7669009e-05
-0.056953895
-5.1090884e-05
-0.057953922
0.058011631
-3.6752095e-05
-3.8522314e-05
-0.032524159
0.050036314
-7.0995165e-05
-7.7174632e-05
-0.05535594
-0.0015405413
-5.7467546e-05
-0.0052625139
-5.7146763e-05
0.0089214127
0.07114749
0.07732896
1.6327732e-05
-0.077240123
-1.3789943e-05
1.9869332e-05
-0.058077459
0.058069981
2.7335054e-05
-0.058073642
1.2509502e-05
-0.058074622
6.5452924e-05
4.5174522e-05
-0.058050212
0.058062836
-1.8732777e-05
-2.4335583e-05
-0.058074468
-1.4946221e-06
2.3159903e-06
-4.4178105e-06
-7.215413e-06
0.00013687317
0.077229573
-5.5025672e-05
0.035177083
-4.3115081e-05
-0.00013881803
-8.6565466e-05
-0.078153761
0.00052796259
-0.0047589778
0.001429582
0.058841419
-0.057130355
-0.00028146698
0.059640003
-0.00027062014
0.051900119
-0.034726998
-0.00032543443
-0.00029410511
0.06197832
-0.060444676
-0.00025707859
0.068873333
-0.00025394856
0.059847563
-0.00025268148
-0.00023184216
-0.060984086
0.061567699
-0.00048493012
-0.00053282319
7.3712676e-05
-0.00037304694
0.0060560407
-0.063457051
-0.00040280935
-0.0004328821
0.076752289
-0.00017879616
-0.076754296
0.00017150766
-0.00018410089
-0.056901259
0.056864656
-0.00014750086
-0.05695082
-0.00012923702
-0.056848866
0.056861746
-0.00013838934
-0.00012020006
-0.057118631
0.057057997
-0.00016463439
-0.00015748192
-0.057003656
0.00020779396
-0.00015496107
0.00019577396
-0.00014143417
-0.00021879056
0.076785937
-0.056715638
0.056585043
-0.00011227042
-0.056668438
-0.00010256275
-0.056616952
-0.00010543071
-9.4824091e-05
-0.05691706
0.056765396
-0.00012633627
-0.00011690872
-0.056816153
-0.00011792251
-0.00010982957
-0.014300255
-0.067606777
-0.00022461889
0.082249305
-0.084555486
0.076958427
0.08283598
-0.081435883
0.0061277
-0.00017065751
-0.0047872633
-0.072856937
0.078060181
-0.075898786
0.075549905
0.008489521
-0.016850859
-0.034249153
-0.00022510144
0.071729616
-0.071462895
0.073978543
0.08336775
-0.00032514389
0.033972166
-0.00027698734
-0.00018224705
-0.058397799
-0.00018922559
0.079856136
-0.078438949
0.077354151
0.00031496204
-0.00018880288
0.00036836091
0.076494085
-0.056242515
0.056726702
-0.00011581958
-0.054694109
-0.00013016041
-0.057119214
-9.900129e-05
-0.00027321527
-0.00011929831
0.03304004
0.069482252
0.033224522
-0.00018447249
-0.049832948
-0.00012714807
-0.016469671
-0.00013873634
-0.063602883
0.077594335
-0.00011587569
-0.058664932
-1.2599841e-05
-0.067592103
0.065795937
0.031411254
-4.7789031e-05
-0.055985028
0.056285964
-2.9854763e-05
-1.3907069e-05
-0.056502474
-3.8877803e-05
1.4124303e-05
-0.00022898715
0.05588078
0.00018284664
-0.074734968
0.074396993
-0.073763236
-0.074849385
-8.091976e-05
-9.4403947e-05
-0.0014674357
0.054876281
6.6975606e-05
-0.070504335
0.071876459
-0.073914416
0.00070111707
9.4880599e-05
-0.016354639
5.4849829e-05
0.068624293
0.05660796
-5.9794073e-05
-3.4311978e-05
0.072966146
0.0079950009
0.0045025661
-0.00029623595
-0.0002291181
0.0001927607
0.053942878
-0.0001224374
-0.074193568
0.074169808
-0.074206952
-0.07418913
0.074357517
-0.00017714166
-0.00013103675
0.00022412331
0.054204848
-0.00013982578
-0.074332114
0.074228056
-0.074260773
-0.00019898225
-0.00013952543
-0.005339357
0.061523345
-0.00012814089
-0.077032916
0.078509213
-0.076322127
-0.07630551
0.012632041
-0.00018542994
7.5773599e-05
0.053853472
-0.00010599449
-0.074299038
0.074693153
-0.074918577
-1.4857864e-05
-0.00012237743
-0.01285487
-0.059917831
-0.00019545238
0.074535634
-0.076299557
0.07012629
0.074526522
0.0054716483
-0.00015819055
0.053474558
-0.00016155238
-0.00012270689
0.049002226
-0.0043524553
-0.00015747187
-0.0013537264
-0.00013097703
-0.0044772141
-0.065522121
0.071965192
-0.069811263
0.069151348
0.0077123957
-0.00043825188
-8.0347382e-05
-0.074226222
-0.052583255
-6.9626559e-05
-8.5670675e-05
-0.052160374
7.1127683e-05
3.1825248e-05
0.063593336
-0.059575439
0.00064743847
-0.00045152552
-0.028902117
1.9684007e-05
0.06033443
0.065293397
-0.066340837
0.0080610173
-0.011804466
-0.00045164388
0.070254554
-0.00032713823
-0.069270447
0.050206211
-0.050291641
-0.00024170634
-0.00024389509
0.05042658
-0.0002443506
0.00037980696
-0.0002448679
0.011453419
-0.073103282
0.068193377
-0.056402961
-0.00033699325
0.051432138
-0.00027373126
-0.0047143293
-0.00025648823
0.050895895
-0.046579812
-0.00034795836
0.062880473
-0.00051421201
0.045003613
-0.00033008475
-0.00037804972
-0.003451962
-0.038080493
-0.0003755096
0.057745142
-0.05423387
0.054645966
0.012030313
-0.00039899676
-0.046375051
-0.00046844238
-0.00037145769
0.57102738
-0.038587722
0.030922512
-0.035291764
0.57539667
0.016366965
0.48229911
-0.27635989
6.1516699e-06
0.002863541
-0.0022572626
0.092872073
-0.00093750281
-0.0067333567
0.062844806
0.25650901
0.0094704712
0.009267458
0.0077864708
0.51725454
-0.58018924
0.0039724611
0.58400308
-0.00032553616
-0.046428892
0.050493371
-0.013564888
-0.0061864923
0.037663764
-0.0053950251
0.03685006
-0.010660284
-0.11723208
0.12154907
0.0060160364
-0.015837042
0.034468805
0.015472043
-0.022113956
0.094543778
-0.008991663
0.005016691
0.099812627
-0.059349296
0.046660678
-0.022373975
0.036297931
-0.016967626
0.038929102
-0.021585042
-0.0051145297
0.0016056765
-0.046295679
0.047372322
-0.017434883
0.023761331
0.62363906
0.62403074
0.001149318
0.62368492
-0.0010597222
-0.62377453
-0.0011076082
-0.62378283
0.00092643185
0.62340499
0.62383462
0.0014677291
0.62341047
-0.0013323086
-0.62354597
-0.62354857
0.0012142084
0.62312713
0.62363014
0.0018586896
0.6231384
-0.0017015397
-0.62329566
-0.62328356
0.0015582981
0.6228802
0.62339566
0.0023469107
0.62286826
-0.0021471575
-0.62306815
-0.62302048
0.0019959339
0.62268521
0.6231563
0.0032848128
0.62235081
-0.0028185216
-0.62281717
-0.62270892
0.0024570532
0.62248947
0.62300745
0.0073298369
0.62053862
-0.0054799849
-0.6223886
-0.62232161
0.0047833428
0.62150569
0.62424983
0.0092569685
0.62975689
-0.012826554
-0.62618743
-0.62064217
0.012135022
0.620791
0.62120195
0.015277085
0.61878023
-0.015241771
-0.61881553
-0.62230604
0.010525078
0.62018158
0.62172551
0.010583345
0.62238642
-0.011248877
-0.62172093
-0.61516801
0.012552285
0.6256777
0.63795702
0.0061553625
0.64052532
-0.006912588
-0.63976793
-0.61851394
0.0077942423
0.62442505
0.62808912
0.0062955478
0.62876377
-0.0063470181
-0.62871268
-0.62844414
0.0061602536
0.62018827
0.62333867
0.0067002946
0.62356359
-0.0065935976
-0.623668
-0.63530982
0.005445585
0.63609662
0.62534885
-0.0013017435
0.63065901
0.00027206865
-0.62963158
-0.62485551
0.0066362
0.62539498
0.6165159
-0.0080295075
0.62066677
0.0032079571
-0.61584305
-0.62574863
-0.001075406
0.62609536
0.62588998
0.0026629287
0.62004566
0.0020626603
-0.62477446
-0.62015269
-0.0087733336
0.62672113
0.6265377
0.0056507127
0.6255016
-0.0044394724
-0.62671243
-0.62592326
0.0041950009
0.62702619
0.6269205
0.0056039776
0.62738331
-0.005758078
-0.62722933
-0.62661348
0.0058789254
0.62721921
0.62702197
0.0050329395
0.62755349
-0.0052193309
-0.62736692
-0.62691857
0.0055134255
0.62731745
0.62709908
0.0044776444
0.62760143
-0.0046495669
-0.62742919
-0.62705628
0.0049327896
0.627363
0.62704712
0.62764122
0.0038452694
-0.0040781863
-0.62740807
-0.6271297
0.0043675402
0.62357642
-0.0010805673
0.0012202622
0.62333297
-0.001139904
-0.62341329
-0.0033737106
-0.62415925
0.0014705729
0.62330092
-0.0014073189
0.0015691132
0.62299653
-0.001470438
-0.62309506
-0.62323472
0.0012767035
0.62300958
-0.0017883553
0.0058380164
0.6204966
-0.0038485892
-0.62248594
-0.62287968
0.0018197149
0.62271694
-0.0022453334
0.015160265
0.61829481
-0.012997861
-0.62045715
-0.62101442
0.010421947
0.62030791
-0.004751216
0.010472321
0.62014477
-0.013530289
-0.61708676
-0.61553255
0.018588456
0.61834917
-0.013947183
0.0060372848
0.62145868
-0.0060247345
-0.62147116
-0.61658472
0.0068814655
0.63055175
-0.014050028
0.0062506519
0.62418035
-0.0053697355
-0.62506127
-0.62045344
0.0053146977
0.62076388
-0.012873904
0.0061772181
0.62143403
-0.0059441842
-0.62166702
-0.62078766
0.0057931465
0.62236439
-0.0074423531
0.0069603566
0.62178669
-0.0067929388
-0.62195412
-0.62126489
0.0063710943
0.64092148
-0.0067941797
0.0070196214
0.64194642
-0.0073507559
-0.64161525
-0.62175758
0.0071469107
0.62874233
-0.0065354481
0.00722406
0.62885916
-0.0072526131
-0.62883043
-0.62855103
0.0069982951
0.62343544
-0.0068011933
0.0076257403
0.62314919
-0.0075739779
-0.62320097
-0.63701725
0.0069663939
0.63068431
-0.0046084915
0.0066916274
0.63106809
-0.0067892189
-0.63097007
-0.62492742
0.0076066408
0.62455378
-0.0033610875
0.006555266
0.62579501
-0.0066344498
-0.62571616
-0.62550895
0.0067116586
0.61685169
0.0089829588
0.0050366241
0.6264681
-0.0060934646
-0.62541055
-0.62580202
0.0065091487
0.62114427
0.0019026068
-0.00072320477
0.6258289
-0.0032350329
-0.62187062
-0.62622793
0.0047633564
0.6273508
-0.0057308279
-0.0064127145
0.61788991
0.0096511876
-0.62112822
-0.62192396
-0.0041195835
0.62769975
-0.0053190475
0.0017890228
0.62219048
0.0025119503
-0.62649121
-0.62552951
-0.0045078465
0.62773612
-0.0047270578
0.0049659842
0.62804292
-0.0049781537
-0.62803051
-0.62735834
0.0034982081
0.62798893
-0.0042038249
0.62978154
0.0012516838
-0.002670479
-0.62836257
-0.62769199
0.0047965974
0.62328065
-0.0011509876
0.011690115
0.62675728
-0.012957745
-0.62548957
-0.0048773198
-0.62958112
0.0091946092
0.62262304
-0.0016346919
0.01684172
0.61750394
-0.017408198
-0.61693733
-0.62290786
0.011897756
0.61678481
-0.010678654
0.0042557064
0.62159966
-0.0054039609
-0.62045129
-0.6124155
0.012189189
0.62036551
-0.020339536
0.0036512079
0.62133612
-0.003471145
-0.62151609
-0.62048158
0.0033592261
0.62130414
-0.0066248166
0.0042867945
0.62091872
-0.0041034012
-0.62110205
-0.62106448
0.0037323773
0.6212156
-0.0047894393
0.0051359853
0.62057611
-0.004900006
-0.62081205
-0.62073149
0.00447249
0.62392387
-0.0052985474
0.0057806575
0.62339845
-0.0055725091
-0.62360656
-0.62065993
0.0053438091
0.62121398
-0.0060791662
0.0067259676
0.62051805
-0.0064836925
-0.62076028
-0.62071458
0.0060080151
0.62158089
-0.006936538
0.0076810735
0.62090154
-0.0074518765
-0.62113071
-0.62041545
0.0069549569
0.64226403
-0.0075527064
0.007900394
0.64315568
-0.0081875808
-0.64286845
-0.62099006
0.0079005744
0.62888245
-0.0074851588
0.0080400843
0.62964815
-0.008213357
-0.62947485
-0.62857692
0.0079190342
0.62284316
-0.007590862
0.0082919244
0.61568068
-0.0055419449
-0.61843036
-0.64214158
0.0063642083
0.63118296
-0.0070901318
0.0077463612
0.63157723
-0.0078854762
-0.63143789
-0.62430369
0.0086960089
0.62583728
-0.0068728299
0.0076008585
0.62603692
-0.0076776764
-0.62596033
-0.62561001
0.0077355866
0.62666454
-0.0066028365
0.0072020536
0.62696657
-0.0073131937
-0.62685528
-0.62612506
0.0075273521
0.62704433
-0.0059035284
0.0066654342
0.62756775
-0.0068266084
-0.62740653
-0.62682784
0.0070893443
0.62305925
0.0043392579
0.0059176052
0.62817672
-0.0062136014
-0.62788059
-0.62730561
0.0065225457
0.61836644
0.010467622
0.0039713636
0.62835571
-0.0052405111
-0.62708641
-0.62782783
0.0057852497
0.62666934
-0.0032994656
-0.0099348445
0.62399623
0.0051722497
-0.61923348
-0.62642899
0.0024133096
0.63092571
0.0033618346
0.62859899
0.0021754133
-0.001117221
-0.62965701
-0.62838752
-0.0098287622
0.62408621
-0.016141271
0.0020822806
0.62228482
-0.0019719122
-0.62239512
-0.0016130515
-0.62256694
0.0017089296
0.62064529
-0.011985533
0.0024006329
0.62177742
-0.0022936277
-0.6218843
-0.62216877
0.0021951845
0.62164532
-0.0030894749
0.0029495735
0.62121808
-0.0028132774
-0.62135425
-0.62161564
0.0025373798
0.62117761
-0.0034198574
0.0036223853
0.62063301
-0.0034532985
-0.62080202
-0.62104909
0.0031166542
0.62070538
-0.0041201997
0.0044574859
0.62005914
-0.0042284813
-0.62028809
-0.62048721
0.003820764
0.62033349
-0.0049658094
0.0053851129
0.61961396
-0.005121615
-0.61987738
-0.61990556
0.0046410654
0.62323497
-0.0056940462
0.0069155865
0.62463604
-0.0081785683
-0.62337302
-0.61977144
0.0057018416
0.62024094
-0.006620694
0.0073080179
0.61941995
-0.0070228702
-0.61970505
-0.61985131
0.0065096798
0.62065901
-0.0076269058
0.0084431549
0.61984138
-0.0081732131
-0.62011128
-0.61940803
0.0075783417
0.64342882
-0.0084010786
0.0088373971
0.64419766
-0.0090763904
-0.64395863
-0.62006076
0.0087082061
0.62966072
-0.0084505272
0.0092741941
0.62969312
-0.0092650412
-0.62970227
-0.62844539
0.0088979302
0.6115754
-0.0031918493
0.0037866555
0.60602138
-0.0063196686
-0.60348844
-0.64581094
0.0089277595
0.6317766
-0.0082175756
0.0089509175
0.63218849
-0.0091027312
-0.63203659
-0.61631195
0.0081905341
0.62607172
-0.0078998227
0.0086834836
0.62627282
-0.0087606571
-0.62619545
-0.62572378
0.0088610219
0.62707073
-0.0075698669
0.0082359003
0.62745778
-0.0083775797
-0.62731604
-0.62645468
0.0086114551
0.62773169
-0.0070700942
0.0075635454
0.62825833
-0.0077581996
-0.62806361
-0.62738544
0.0080875701
0.62833053
-0.0063995003
0.0067905558
0.6288932
-0.0069976825
-0.62868597
-0.62798457
0.0073725677
0.62864201
-0.0056950681
0.0059796629
0.62923171
-0.0061924
-0.62901887
-0.62854568
0.0065966798
0.62758794
-0.0022050182
0.005156799
0.62924198
-0.0053409198
-0.62905775
-0.62879846
0.0057795154
0.6285433
-0.0038625815
0.62904393
0.0042965692
-0.0045070715
-0.62883329
-0.62894242
0.004959768
0.62220155
-0.001868584
0.0018955993
0.62191832
-0.0018085273
-0.6220053
-0.0015721188
-0.62226703
0.0016433475
0.62166733
-0.0022895769
0.0023512394
0.62131025
-0.0022402106
-0.62142118
-0.62176321
0.0020107971
0.62108116
-0.0028175928
0.0029255124
0.62060518
-0.0027828704
-0.62074773
-0.62111164
0.0024692258
0.62043403
-0.0034415858
0.0036427662
0.6198743
-0.003460631
-0.62005637
-0.62042256
0.0030768523
0.61984935
-0.0042578602
0.0045253294
0.61916652
-0.0043000112
-0.61939177
-0.61969525
0.003856419
0.61934216
-0.0052001403
0.0055863616
0.61853007
-0.0053159429
-0.61880043
-0.61901095
0.0047824581
0.62640151
-0.0095578176
0.0065958507
0.62788461
-0.0065094474
-0.62797096
-0.61845514
0.0058869707
0.61909846
-0.0071243163
0.0078787611
0.61810484
-0.0075173526
-0.61846624
-0.62162274
0.0068604426
0.61954978
-0.0083494246
0.0092432616
0.61857387
-0.008910865
-0.61890618
-0.61820801
0.0082377665
0.64442706
-0.0093115828
0.0098569008
0.64503377
-0.010040123
-0.64485051
-0.61890881
0.0095602146
0.62965801
-0.0095290558
0.010490871
0.6295522
-0.010443173
-0.62959987
-0.6281252
0.0099739576
0.61162657
-0.0061696272
0.0087217236
0.61766854
-0.010159348
-0.61623093
-0.64721199
0.010187734
0.6323302
-0.0093914741
0.010195295
0.63276867
-0.010307686
-0.63265634
-0.60197275
0.0049166078
0.6263262
-0.0090459746
0.00987928
0.62660337
-0.0099934579
-0.62648916
-0.62595311
0.010140448
0.62762056
-0.008650912
0.0093118082
0.6280892
-0.0094645763
-0.62793632
-0.62684326
0.0097734281
0.62843221
-0.0079860661
0.0084894995
0.62905471
-0.0086916241
-0.6288525
-0.62804663
0.0090973055
0.62908489
-0.0071908388
0.0075504686
0.62977645
-0.0077979254
-0.6295289
-0.6288362
0.0082339653
0.62940193
-0.0063243476
0.0065966549
0.63008961
-0.0068176581
-0.62986849
-0.62942203
0.0072935295
0.62945945
-0.0054964395
0.0056556064
0.63013539
-0.0058932582
-0.62989766
-0.6296932
0.0063458298
0.62920921
-0.0047210225
0.62985684
0.0046659768
-0.00492366
-0.6295991
-0.62977498
0.0054307527
0.62180724
-0.0017955481
0.0017984342
0.62152384
-0.0017116539
-0.62161053
-0.0017557969
-0.62206684
0.0015246794
0.62114687
-0.0022012512
0.0022595969
0.6207811
-0.0021197353
-0.62092087
-0.62137666
0.0019132498
0.6204335
-0.002747628
0.0028494306
0.61996515
-0.0027011544
-0.62011332
-0.62061425
0.00240439
0.61966261
-0.0034347897
0.003604395
0.61906543
-0.0034090702
-0.61926068
-0.61976232
0.0030062897
0.61888657
-0.0042889285
0.004551643
0.61813773
-0.0042813025
-0.61840802
-0.61886949
0.0038297235
0.61820187
-0.0053302238
0.0057199761
0.61729623
-0.0054203247
-0.61759584
-0.61799913
0.0048320308
0.62774071
-0.0065355131
0.0070010135
0.62711618
-0.0067371439
-0.62737999
-0.61724512
0.0060612398
0.61775919
-0.0076702699
0.0084208377
0.61658398
-0.0080415955
-0.61696322
-0.62051801
0.0072438179
0.61822879
-0.0091002222
0.010069814
0.61706667
-0.0096798491
-0.61745663
-0.61676277
0.0088353297
0.64519901
-0.010302852
0.010973693
0.64559914
-0.011087352
-0.64548544
-0.6175123
0.010453475
0.62950165
-0.010706949
0.01183958
0.62926399
-0.011740051
-0.62936348
-0.62757081
0.011154344
0.62032802
-0.010145245
0.011847367
0.62167019
-0.011736454
-0.62178108
-0.64837189
0.011555662
0.63258656
-0.010383048
0.01167788
0.63285405
-0.011808342
-0.63272352
-0.61675218
0.011878041
0.6267044
-0.010335504
0.011249574
0.62710648
-0.011369589
-0.62698643
-0.6262093
0.011612088
0.628292
-0.0097824613
0.010428537
0.62889978
-0.010667724
-0.62866053
-0.62739606
0.011070324
0.62929845
-0.0089600282
0.0094335555
0.63004805
-0.0096811107
-0.62980044
-0.6289034
0.010206988
0.6300098
-0.0079673301
0.0083125335
0.63080521
-0.0085812028
-0.63053643
-0.62984223
0.0091668669
0.63034515
-0.006997571
0.007203583
0.63114282
-0.0074823004
-0.63086405
-0.63048687
0.0080380446
0.63035656
-0.0059926878
0.0061230804
0.63112091
-0.0063694683
-0.63087442
-0.63070955
0.0069332052
0.63005434
-0.0051151583
0.63087738
0.0050039436
-0.0053092901
-0.63057196
-0.63074502
0.0058693641
0.62143814
-0.0016899714
0.0016661473
0.62115962
-0.0015816493
-0.62124402
-0.0039054376
-0.62257394
0.0024983683
0.62066803
-0.0021220537
0.0021211906
0.62030196
-0.0019837644
-0.62043928
-0.62096645
0.0017550773
0.61981349
-0.0026527656
0.0026922644
0.61931026
-0.0025401777
-0.61946222
-0.62008404
0.0022671479
0.61884661
-0.0033690841
0.0034934242
0.61822212
-0.0032933986
-0.61842206
-0.61910315
0.0029040207
0.6178897
-0.0043037536
0.0045010318
0.61703747
-0.0042124732
-0.61732597
-0.61799538
0.0037311247
0.61696012
-0.0054402243
0.0058025827
0.61592437
-0.0054420943
-0.61628481
-0.6168913
0.0048006584
0.6262923
-0.0068751144
0.0098161515
0.61875808
-0.0076230624
-0.62095104
-0.61586127
0.0061782364
0.61615106
-0.0081337029
0.0089500669
0.61476686
-0.0084747417
-0.61524208
-0.62410807
0.008491043
0.61660484
-0.0098343839
0.01093839
0.61521518
-0.010463489
-0.61569
-0.61504202
0.0094543419
0.64569003
-0.011389022
0.012190835
0.64584148
-0.012221423
-0.64581083
-0.61578216
0.011404564
0.62917456
-0.012009032
0.013391514
0.62876544
-0.013229186
-0.62892773
-0.62675014
0.012449814
0.62154154
-0.012082053
0.012986375
0.62179638
-0.013357564
-0.62142524
-0.6493547
0.013173146
0.63304092
-0.012293127
0.012905976
0.62948388
-0.010540895
-0.63184881
-0.61818277
0.0099708881
0.627274
-0.011771293
0.012682792
0.62785292
-0.012902173
-0.62763356
-0.62642623
0.013167971
0.62911455
-0.010981693
0.011710777
0.6298997
-0.011971222
-0.6296392
-0.62820138
0.012501004
0.63034307
-0.0099665061
0.010421268
0.6312758
-0.010740663
-0.63095635
-0.6299308
0.011394154
0.63111204
-0.0088056346
0.0090832035
0.63205293
-0.0094036762
-0.63173238
-0.63101915
0.010070374
0.63141193
-0.007633967
0.0077795648
0.63233599
-0.0081072598
-0.63200826
-0.63168436
0.0087588816
0.63139738
-0.006511929
0.0065660827
0.63223044
-0.0068698992
-0.63192658
-0.63190876
0.0074798962
0.63112359
-0.0054995526
0.63234019
0.0050599199
-0.0056608426
-0.63173919
-0.63182509
0.0062782595
0.62120202
-0.0016764769
0.0026182914
0.6241268
-0.003686134
-0.62305887
-0.0012861772
-0.62209413
0.0019939805
0.62016452
-0.0019491512
0.0019111592
0.61980674
-0.0018007166
-0.61991707
-0.6209415
0.0017807189
0.61913349
-0.0025039232
0.0024976607
0.61865488
-0.0023220825
-0.61883039
-0.61958294
0.002053067
0.61796767
-0.0032067159
0.0033034845
0.61732988
-0.0030750202
-0.61755824
-0.61838461
0.0026831403
0.61676994
-0.0041838137
0.0043471844
0.61587228
-0.0040448433
-0.61617451
-0.6170582
0.0034976421
0.61557995
-0.0054374991
0.0057235227
0.61445455
-0.005356521
-0.61482152
-0.61568195
0.0046426647
0.61785809
-0.0071108609
0.0082718089
0.61566103
-0.0070999265
-0.61683283
-0.61432655
0.0061360869
0.6142791
-0.008570263
0.0094024027
0.61271637
-0.0089144906
-0.61320421
-0.62431986
0.010835193
0.61465062
-0.010613541
0.011807507
0.61294108
-0.011242093
-0.61350643
-0.61294817
0.0099990893
0.6458458
-0.012570066
0.013547412
0.64566109
-0.013455463
-0.64575295
-0.61365813
0.012401459
0.62860843
-0.013496424
0.01520422
0.62795724
-0.014973505
-0.62818793
-0.62554809
0.013917581
0.62184309
-0.013769182
0.015396102
0.62146635
-0.015372574
-0.62148995
-0.65013991
0.015062099
0.6282813
-0.012448211
0.015208077
0.62844839
-0.015328529
-0.62832809
-0.62277045
0.015461207
0.62804359
-0.013353757
0.014363043
0.62876089
-0.014634409
-0.62848947
-0.62636578
0.01504792
0.63021804
-0.012341545
0.013030486
0.6312139
-0.01339209
-0.63085225
-0.62918128
0.014065365
0.6316406
-0.011039322
0.011444046
0.63279467
-0.011863688
-0.63237496
-0.63127012
0.0126323
0.63241284
-0.009656194
0.0098692196
0.63353058
-0.010256117
-0.63314361
-0.63248134
0.011046951
0.63265069
-0.0082541799
0.0083612833
0.63371276
-0.0087319562
-0.63334205
-0.63311556
0.0094906715
0.63253984
-0.0069727011
0.0069865721
0.63350089
-0.0073002272
-0.63318717
-0.63321391
0.0079852514
0.63263581
-0.0058468822
0.63672104
0.00064880206
-0.0016917275
-0.63567804
-0.63300154
0.0064244875
0.62395147
-0.0041960567
0.0021573683
0.62048752
-0.0014621127
-0.62118267
-0.00063473285
-0.62096233
0.0013577426
0.61969909
-0.0017551666
0.0018708111
0.62135402
-0.002863539
-0.62036123
-0.6222858
0.0036066192
0.61850568
-0.0022928263
0.0022050599
0.61801804
-0.0020609581
-0.61816205
-0.61915126
0.0018064423
0.6171239
-0.0029930111
0.0029958817
0.61643715
-0.0027680275
-0.61666481
-0.61772427
0.0023848575
0.61559212
-0.003992542
0.004052137
0.61471582
-0.0037669277
-0.61500102
-0.61615509
0.0032374303
0.61405454
-0.0052955763
0.0055252789
0.6128423
-0.005132288
-0.61323522
-0.61440742
0.0043842185
0.61385111
-0.0072539329
0.0074729361
0.61145802
-0.0069199283
-0.61201103
-0.61264579
0.0059705589
0.61240851
-0.0092152353
0.0097817347
0.61073326
-0.009276137
-0.6112388
-0.61470618
0.0082432152
0.6122449
-0.011388942
0.012710992
0.61006463
-0.011972643
-0.61080275
-0.6104362
0.010502787
0.64551794
-0.013870055
0.015075373
0.64486409
-0.014819352
-0.64512002
-0.61098187
0.013435933
0.62769455
-0.015188805
0.017381823
0.62677291
-0.01706114
-0.62709351
-0.62383444
0.015610879
0.62124316
-0.015711005
0.017740763
0.62100226
-0.017781719
-0.62096112
-0.65055065
0.017336918
0.62855465
-0.015746577
0.017566646
0.62907845
-0.01776584
-0.62887899
-0.62241716
0.017852224
0.62903683
-0.0150897
0.016215235
0.63006128
-0.016621213
-0.62965503
-0.62704291
0.017286135
0.63162384
-0.013810897
0.014428796
0.6329517
-0.014915221
-0.63246517
-0.63050361
0.015798194
0.63321297
-0.012149306
0.012501691
0.63460178
-0.012995753
-0.63410766
-0.63294369
0.013926482
0.63395232
-0.010471571
0.010616774
0.63526544
-0.011070614
-0.63481153
-0.63421194
0.011989119
0.63408349
-0.0088494695
0.0088596249
0.63529494
-0.009279847
-0.63487468
-0.63474818
0.010157226
0.63391547
-0.0073901045
0.0029074022
0.64027131
-0.0063839777
-0.63679468
-0.63475763
0.0084642146
0.63536038
-0.0015129649
0.63310714
0.006286863
-0.0055776911
-0.63381625
-0.63935193
0.0026323271
0.62029337
-0.0012656956
0.0011349261
0.6200535
-0.00090046011
-0.62028784
-0.00045732251
-0.61993831
0.00044789216
0.62170256
-0.0020097471
0.0013032229
0.61935793
-0.00061707544
-0.620044
-0.62099455
0.00077809036
0.61787645
-0.001991087
0.0018594572
0.61742277
-0.0017044253
-0.61757773
-0.61868075
0.0014507075
0.61623588
-0.0026871609
0.0025556614
0.61562273
-0.0023620859
-0.6158162
-0.61704649
0.002001081
0.61438313
-0.0036355581
0.0036126071
0.61348019
-0.0033036049
-0.61378914
-0.61524301
0.0028151202
0.61241718
-0.0049814102
0.0050932759
0.61112809
-0.0046644382
-0.61155678
-0.6131263
0.0039466511
0.61084849
-0.0069142365
0.0072204213
0.60878487
-0.0066327793
-0.60937253
-0.61086716
0.0055844779
0.61099196
-0.010151549
0.010129095
0.61254191
-0.010239138
-0.61243197
-0.6092278
0.0080099828
0.60920821
-0.01210235
0.013533584
0.60647046
-0.012611068
-0.60739306
-0.60795039
0.010830491
0.64453543
-0.015309695
0.016807632
0.64321501
-0.016320356
-0.64370228
-0.60761427
0.014492248
0.62640399
-0.017142436
0.020092956
0.62503154
-0.019583147
-0.62554117
-0.6213823
0.017556938
0.62062524
-0.018102511
0.020709555
0.6200772
-0.020519026
-0.6202668
-0.65053494
0.020171434
0.62928947
-0.017953636
0.020155217
0.63011022
-0.020494171
-0.62977097
-0.62213044
0.020813075
0.63041878
-0.017004043
0.01821731
0.63184675
-0.018763078
-0.63130077
-0.62809062
0.019714639
0.63344784
-0.01529681
0.015948122
0.63515348
-0.016518172
-0.63458332
-0.63227129
0.017658874
0.63510826
-0.013255252
0.013520483
0.63679304
-0.014088586
-0.63622489
-0.63502367
0.015294067
0.63574889
-0.011246771
0.011265958
0.6372886
-0.011794528
-0.63675997
-0.63631785
0.012936035
0.63571678
-0.0094051023
0.0090031606
0.63748064
-0.0097543196
-0.63672944
-0.63666508
0.010763993
0.64243055
-0.0051068759
0.006859003
0.63748607
-0.0049961856
-0.63934885
-0.6378592
0.006842039
0.63353784
-0.0066638923
0.63453355
0.0063986612
-0.00675293
-0.63417923
-0.63630945
0.0072353855
0.61939974
-0.00052588076
-6.6164924e-05
0.62063808
-0.00028355649
-0.62028828
-0.00025164361
-0.61972663
0.00023099503
0.61917197
-0.001071659
0.0010092619
0.6185913
-0.00086094484
-0.61873957
-0.62387931
-0.0014767386
0.61729403
-0.0016203774
0.0013874808
0.61692011
-0.0012786399
-0.61702894
-0.61821701
0.0010892668
0.6154367
-0.0022623272
0.0020027518
0.61487662
-0.0018533735
-0.61502595
-0.61647949
0.0015108552
0.61322564
-0.0031866862
0.0029651983
0.61236332
-0.0027213557
-0.61260717
-0.61440593
0.0022429069
0.61073461
-0.0045540543
0.0044372733
0.60943666
-0.004013139
-0.60986077
-0.61186343
0.003311748
0.60817317
-0.0065492536
0.0066800024
0.60621377
-0.0060014069
-0.60689219
-0.60896472
0.0049078692
0.61408797
-0.012534113
0.010977793
0.61648416
-0.0099866464
-0.61747538
-0.60604081
0.0074311382
0.6054109
-0.012710722
0.014200429
0.60198283
-0.013040747
-0.60314279
-0.60860915
0.011045288
0.64259903
-0.01690178
0.018754332
0.64028544
-0.017899687
-0.64114012
-0.60326501
0.015493465
0.62443548
-0.019510902
0.023217458
0.62257436
-0.022650619
-0.62314127
-0.61788311
0.019840891
0.61992062
-0.021056786
0.024431152
0.61924284
-0.024065003
-0.61960857
-0.64990434
0.023417735
0.63041621
-0.020673751
0.023112252
0.6315558
-0.023506008
-0.631162
-0.62182994
0.024276789
0.63237618
-0.019261766
0.02043495
0.63428533
-0.021112174
-0.633608
-0.62968274
0.022468337
0.63578354
-0.01691821
0.017421538
0.63793762
-0.018205387
-0.63715368
-0.63475246
0.019715788
0.63742926
-0.014434292
0.014469302
0.63946627
-0.015173791
-0.63876171
-0.63769378
0.016638074
0.63782266
-0.011974567
0.011845903
0.63961766
-0.012463951
-0.63899955
-0.6387961
0.013783623
0.63804014
-0.0098737359
0.0097369887
0.63948422
-0.010163205
-0.63905797
-0.63890071
0.011319161
0.637188
-0.0070600516
0.0081195211
0.63791203
-0.0090097539
-0.63702177
-0.64239655
0.010037123
0.63485401
-0.0069107156
0.63571604
0.0064497167
-0.0068355892
-0.63533013
-0.63646735
0.0076468296
0.62096588
-0.00019776793
0.00067151666
0.62303834
-0.00016648147
-0.62354341
0.00022064823
-0.61974103
1.5628348e-05
0.61850019
-0.0008071118
0.0019007926
0.61954029
-0.0027880854
-0.61865294
-0.6229928
0.002514972
0.61678628
-0.0011556096
0.00089332177
0.61653809
-0.00083631733
-0.61659491
-0.61798165
0.0013185202
0.6146646
-0.001684853
0.0014087797
0.61419453
-0.0012447162
-0.61435844
-0.61600383
0.0010127175
0.6120591
-0.0025343152
0.0021904812
0.61130669
-0.0019508157
-0.61154622
-0.61359603
0.0015143273
0.60902159
-0.0038250165
0.0034893492
0.60781136
-0.0031501333
-0.60815065
-0.61066642
0.0024367715
0.6055921
-0.0058634591
0.005712944
0.60359966
-0.0050223261
-0.60429041
-0.60711149
0.0039509359
0.61312107
-0.0098511486
0.011186732
0.60229917
-0.008526021
-0.60495981
-0.60305636
0.0064437581
0.60061799
-0.013081895
0.014538154
0.59635876
-0.013154985
-0.5977419
-0.61231681
0.014383045
0.63924329
-0.0186822
0.021121512
0.63517358
-0.019505026
-0.63679015
-0.59763105
0.016279414
0.62157507
-0.022531472
0.027366945
0.61892818
-0.026643004
-0.61965249
-0.61278831
0.022597634
0.61922838
-0.024714846
0.028396532
0.6194018
-0.028514716
-0.61928503
-0.64834024
0.027848329
0.6312676
-0.023250486
0.026530015
0.63083414
-0.02712689
-0.63023781
-0.62640436
0.028186323
0.63505658
-0.02176465
0.022870811
0.63780416
-0.023834947
-0.63683994
-0.63192705
0.025734917
0.63874959
-0.018607484
0.018950788
0.64147217
-0.019907886
-0.64051502
-0.63803722
0.021880869
0.64022216
-0.015446788
0.015350089
0.64263561
-0.016202379
-0.64178322
-0.64094122
0.01794317
0.64024053
-0.012610625
0.012333026
0.6423057
-0.013014217
-0.64162447
-0.64172537
0.0144931
0.63978224
-0.01030127
0.0098575363
0.64124333
-0.010381536
-0.64071931
-0.64133779
0.011630617
0.63959816
-0.0099679512
0.010639909
0.64711405
-0.01239734
-0.64535659
-0.64022574
0.0097519956
0.63608593
-0.0069783464
0.63732413
0.0063934513
-0.0068424315
-0.63687511
-0.64010014
0.008139125
0.62055973
-0.00077576733
-0.00037580648
0.61924807
0.000336921
-0.61920923
0.0002140567
-0.61945485
-0.00033446311
0.62046232
-0.0048867975
0.00020676859
0.61735646
0.00012909525
-0.61769219
-0.61869475
-0.00026440472
0.61702597
-0.0013951082
0.0051599537
0.61770002
-0.0034203698
-0.61943942
-0.61738
0.00069192233
0.61411332
-0.0010802673
0.0021060423
0.61608694
-0.0036897815
-0.61450342
-0.61743133
0.0055064103
0.61112709
-0.0017566195
0.0011722605
0.61060372
-0.0010643863
-0.61071169
-0.61313876
0.0014957759
0.6073706
-0.0027874885
0.002213837
0.6064059
-0.0019493492
-0.60667044
-0.60969247
0.0013852859
0.60296098
-0.0047395444
0.0041469348
0.60105202
-0.0035243005
-0.60167494
-0.60539153
0.0025699595
0.59952843
-0.0081525443
0.0082991401
0.59470254
-0.0067885612
-0.59621317
-0.60009351
0.0048855538
0.59499337
-0.013362577
0.014556789
0.59319484
-0.014931101
-0.59282058
-0.59747486
0.011483268
0.63138574
-0.020925579
0.032400902
0.60119504
-0.023463086
-0.61013296
-0.59034809
0.016585129
0.61735663
-0.026381263
0.033560649
0.61311166
-0.032118077
-0.61455394
-0.62346617
0.029103179
0.61914813
-0.029451334
0.034055485
0.62102466
-0.035549892
-0.61953061
-0.64568863
0.034918687
0.63166606
-0.028357043
0.030848935
0.63475897
-0.031914165
-0.63369371
-0.62841371
0.030838732
0.638882
-0.024572193
0.025397128
0.64269418
-0.026802629
-0.64128852
-0.63584186
0.029501607
0.64247068
-0.02024871
0.020353242
0.64590501
-0.021544788
-0.64471332
-0.64255669
0.024092499
0.64353497
-0.016396644
0.016022553
0.64636998
-0.016999502
-0.64539302
-0.64504708
0.019161247
0.64300979
-0.013113435
0.012569968
0.64528204
-0.013353355
-0.64449859
-0.6451725
0.015077322
0.64148933
-0.010453147
0.0091120988
0.64402382
-0.010551245
-0.64258455
-0.64414557
0.011752339
0.64626427
-0.011438478
0.0045233927
0.64456935
-0.0042517327
-0.64484099
-0.64200255
0.0083044601
0.63771296
-0.0069039354
0.63886473
0.0062435067
-0.0067666803
-0.63834152
-0.64928915
0.0070441027
0.61923399
0.00043890209
-0.00072305065
0.61888043
0.00085566709
-0.61901342
0.00071714025
-0.61965454
-0.00067220582
0.61725568
0.0003300924
-0.00074404111
0.61725393
0.00067892466
-0.61718866
-0.61840151
-0.0007169773
0.6164383
-0.0010680262
-0.00067565518
0.61530857
0.00069141061
-0.61532431
-0.61678857
-0.00067978993
0.61696263
-0.0056951477
0.00027848941
0.61339471
0.00013569547
-0.61380892
-0.61527306
-0.00011860155
0.61107154
-0.0015433982
0.0052972689
0.61172724
-0.0034090427
-0.61361553
-0.61308037
0.0007564999
0.60605377
-0.0014539991
0.0014800148
0.60650851
-0.002276277
-0.60571232
-0.61105865
0.0057511312
0.6004985
-0.0031370358
0.0019913131
0.59889384
-0.0014753604
-0.5994099
-0.60408818
0.00096500725
0.59359276
-0.0061718997
0.0054916597
0.59003755
-0.0041955803
-0.59133354
-0.59735851
0.0025702164
0.59306783
-0.0143405
0.017731678
0.59107413
-0.014717492
-0.59408803
-0.58894142
0.0069852069
0.59624899
-0.022783497
0.025471975
0.58513104
-0.021525719
-0.58907748
-0.5857588
0.017190664
0.61093664
-0.031707582
0.041949758
0.60400576
-0.039988506
-0.60596708
-0.61993582
0.030596537
0.62308215
-0.035735767
0.040284394
0.6299061
-0.043786122
-0.62640359
-0.64115849
0.043984249
0.63591138
-0.033071313
0.036261212
0.64097358
-0.038212158
-0.63902212
-0.63907108
0.041113942
0.64411047
-0.027534865
0.02837805
0.64930539
-0.030274017
-0.64740922
-0.64192195
0.034204916
0.64719559
-0.021848565
0.0213591
0.65198221
-0.023366505
-0.64997458
-0.64854515
0.026620479
0.64737475
-0.01711239
0.014360226
0.6520152
-0.016658315
-0.64971703
-0.65000839
0.01984955
0.64625772
-0.013318948
0.0058762108
0.65073504
-0.0058272122
-0.65078406
-0.65026084
0.010457985
0.64703996
-0.0084259084
0.0089399956
0.64566355
-0.008034364
-0.64656907
-0.65177564
0.0075171972
0.64334842
-0.0013740974
0.0077802206
0.6427069
-0.0082016289
-0.64228543
-0.64448346
0.0087939704
0.6390318
-0.0067288931
0.64021231
0.0059568501
-0.0064505992
-0.63971852
-0.64157806
0.0073373389
0.61879499
0.00085247028
-0.0008730016
0.61880338
0.0008387995
-0.61876922
0.0007171036
-0.61958514
-0.00056710147
0.61724995
0.00080390314
-0.0010147702
0.61736637
0.00095144484
-0.61730293
-0.61838273
-0.00090552018
0.61532083
0.00078070439
-0.0012740833
0.61541601
0.0012303919
-0.61537248
-0.61682328
-0.0011543597
0.61334687
0.0003453633
-0.0011734096
0.61331417
0.0012371432
-0.61337798
-0.61473988
-0.0013674333
0.61029661
-0.0007043474
-0.0014021638
0.60988073
0.0013662022
-0.60984504
-0.61247147
-0.0012541669
0.60736855
-0.0045064831
-0.00023670797
0.60499503
0.00073845794
-0.6054969
-0.60860581
-0.0014806784
0.59873529
-0.0011372461
0.0041507095
0.60188609
-0.004084622
-0.60195207
-0.60506997
0.0011394762
0.58921999
-0.0033444106
0.0024395519
0.5876991
-0.002427262
-0.587712
-0.59655148
0.0036497035
0.58497777
-0.012529371
0.0087883867
0.57022726
-0.0050462818
-0.5739697
-0.58384986
0.0031863369
0.58038375
-0.023363542
0.03095731
0.55670305
-0.020590242
-0.56706751
-0.5763288
0.015529463
0.59962036
-0.039957127
0.055311287
0.59003214
-0.05335203
-0.59198767
-0.58936634
0.051341462
0.63377466
-0.043204113
0.05352821
0.63618992
-0.053191489
-0.63652454
-0.63331412
0.060766451
0.6432914
-0.039668437
0.040231454
0.65304428
-0.044473832
-0.64880127
-0.63667037
0.051451635
0.65130876
-0.030884454
0.024448643
0.66073246
-0.027503136
-0.65767772
-0.65200317
0.035442181
0.65501959
-0.022210973
0.018631971
0.65909364
-0.018853206
-0.65887223
-0.65996398
0.022364351
0.65434921
-0.012003921
0.01635965
0.65526929
-0.017302039
-0.65432681
-0.65824873
0.018489815
0.6499384
-0.0095627246
0.012859245
0.65193773
-0.013742698
-0.65105418
-0.65370632
0.015654671
0.64597556
-0.010080249
0.0095796683
0.64813396
-0.010514632
-0.64719895
-0.65045807
0.012072463
0.64317083
-0.0081701399
0.0073982194
0.64463806
-0.0078608122
-0.64417543
-0.646369
0.0089490731
0.64069282
-0.0064494052
0.64170735
0.0058064117
-0.0060757486
-0.64143797
-0.64334747
0.006911881
0.61884088
0.00038252048
-0.0012583708
0.61894664
0.0012002987
-0.61888852
0.00072290047
-0.61951686
-0.0010846778
0.617485
0.00054579872
-0.0013930542
0.61752769
0.001395869
-0.61753045
-0.61851047
-0.001293751
0.61549627
0.0012477529
-0.0011278877
0.61579343
0.0011889939
-0.61585452
-0.61735536
-0.0011753823
0.61296324
0.0016192112
-0.0008625789
0.6132465
0.00072611515
-0.61311023
-0.61586117
-0.00071122126
0.60993466
0.0016903615
-0.0019656109
0.61052287
0.0016098753
-0.61016724
-0.61247655
-0.0011197444
0.60476974
0.0020017877
-0.0034245657
0.6054786
0.0030914212
-0.60514556
-0.60916466
-0.0025231582
0.59948902
-0.001689356
-0.0048523297
0.59784392
0.0047305292
-0.59772214
-0.60342804
-0.0036339533
0.58895252
-0.0037739208
-0.0021485977
0.58500694
0.003690789
-0.58654977
-0.59479548
-0.0051299033
0.56795879
-0.0041430646
0.0013221176
0.56461794
-0.00025364409
-0.56568714
-0.5830686
-0.00075004463
0.54789279
-0.022918614
0.022014906
-0.015771836
-0.53706347
-0.5570143
0.0047377323
0.59113176
-0.051291072
0.090537772
-0.08273049
-0.59091715
-0.5341255
0.038032444
0.63675758
-0.056414437
0.066069471
-0.074206889
-0.64518005
-0.60172468
0.086421496
0.65881331
-0.044563074
0.0424508
0.6714322
-0.047006938
-0.66687485
-0.65439089
0.057699053
0.66364115
-0.028610676
0.030755668
0.66948927
-0.032988172
-0.66725646
-0.66870169
0.03859876
0.65993834
-0.021865549
0.022169218
0.66517096
-0.024045902
-0.66329409
-0.66626226
0.028451721
0.65643222
-0.017896303
0.016283022
0.66019584
-0.017520562
-0.65895827
-0.66225631
0.020494793
0.65282647
-0.013611848
0.012202609
0.65551575
-0.013124862
-0.6545933
-0.65784027
0.015122188
0.64922578
-0.01046288
0.0093238477
0.65113759
-0.0099895718
-0.65047182
-0.65369161
0.011432216
0.64511795
-0.0077288386
0.006775723
0.64653501
-0.0072437195
-0.64606694
-0.64967318
0.0088909936
0.64202446
-0.0060753877
0.64308518
0.0052593914
-0.0055511826
-0.64279329
-0.64514148
0.0063380277
0.61900651
0.0013779726
-0.0016456311
0.61917379
0.0015415918
-0.61906978
0.00145546
-0.6203269
-0.0014867893
0.61758011
0.0016668186
-0.0020038772
0.61787667
0.0018817475
-0.61775458
-0.61880859
-0.0017027108
0.61576945
0.001882682
-0.0025752538
0.61615363
0.0024192727
-0.61599764
-0.61733426
-0.0021583557
0.6133739
0.0017883269
-0.0032138064
0.6138613
0.0030613163
-0.61370885
-0.6154666
-0.0026921679
0.61081183
0.0012793481
-0.004474599
0.61149483
0.0042133803
-0.61123369
-0.61292152
-0.0034645995
0.60634095
0.0031734611
-0.005387639
0.6070072
0.0052785811
-0.6068984
-0.61023322
-0.0046915988
0.59821584
0.0052355582
-0.0069914119
0.6001196
0.0064127355
-0.59954107
-0.60499623
-0.0057157469
0.58509905
0.0065834536
-0.01113497
0.58733292
0.010098496
-0.58629709
-0.59655074
-0.0077611458
0.56394759
0.00087134401
0.56251652
0.014304239
-0.56179669
-0.58151566
-0.012128052
0.54150161
0.0046136458
-0.54632704
0.0021844589
-0.000829115
0.54014527
0.5510126
0.0047757397
0.50202958
0.064182619
-0.53052662
-0.042648139
0.086639199
-0.014716815
0.63231251
0.08613539
-0.62826521
-0.11200256
0.095393688
-0.12602287
0.67639176
-0.048186262
0.046094192
0.69167738
-0.051830241
-0.68594125
-0.68802898
0.06718126
0.67223783
-0.033750382
0.029938108
0.68168122
-0.033091328
-0.67852781
-0.68425116
0.041318331
0.66708624
-0.023966886
0.020488176
0.67288087
-0.0223878
-0.67098124
-0.67663543
0.027073844
0.6614716
-0.017290684
0.013977917
0.66552888
-0.015408726
-0.66409764
-0.66920507
0.018807892
0.65636716
-0.012826277
0.010051639
0.65895849
-0.010881281
-0.65812862
-0.66239256
0.012804414
0.65174853
-0.0097264313
0.0074209264
0.65350422
-0.0079595418
-0.65296569
-0.65686741
0.0092796672
0.64698773
-0.0070550882
0.0050799109
0.64908018
-0.0059408242
-0.64821909
-0.65176909
0.0068176778
0.64336112
-0.0054215738
0.64459449
0.0038429205
-0.0043420887
-0.64409525
-0.64650481
0.0050033875
0.61930195
0.0013028606
-0.001909642
0.61949878
0.0018393265
-0.61942854
0.0016817105
-0.62009547
-0.0016282187
0.61800425
0.0016586604
-0.0025989407
0.61837965
0.0024760895
-0.61825685
-0.61909092
-0.0020596987
0.61627196
0.0024690436
-0.0031566128
0.61680888
0.0029370123
-0.61658929
-0.61799757
-0.0025888184
0.61410977
0.0032083205
-0.0034865437
0.61492077
0.0033353957
-0.61476958
-0.61613103
-0.0033186145
0.61180933
0.0044948403
-0.0050601164
0.61289993
0.0047106892
-0.61255062
-0.61395045
-0.003732934
0.6073622
0.0059346207
-0.0071971662
0.60902909
0.0066017712
-0.60843387
-0.61156775
-0.0055199814
0.6007315
0.0070113594
-0.010688355
0.60348971
0.0096145304
-0.60241593
-0.60702959
-0.0078720788
0.58851261
0.010779872
-0.016435014
0.5934345
0.014598672
-0.59159886
-0.60006898
-0.011937566
0.56431554
0.017247685
0.57507905
0.024323327
-0.57084639
-0.58769743
-0.018686552
0.54132773
-0.53792878
0.02598184
0.54568724
0.55762799
0.022445766
0.21918911
0.020175583
-0.0097481871
0.69781229
-0.051376283
0.040465113
-0.045760471
-0.70949186
-0.73277151
0.060731173
0.68491195
-0.031840718
0.026340006
0.69364089
-0.029041727
-0.69093974
-0.70399136
0.036148067
0.67475612
-0.021482062
0.017917999
0.68005376
-0.019586939
-0.67838492
-0.68743773
0.023859413
0.66666537
-0.01540399
0.012801535
0.66994815
-0.013930986
-0.6688185
-0.67578855
0.016462761
0.65983868
-0.0112798
0.0094952799
0.66210058
-0.010161316
-0.6614343
-0.66666564
0.011808235
0.65410001
-0.00826733
0.0072350549
0.65569208
-0.0077206973
-0.65520622
-0.65983642
0.0088489216
0.64950711
-0.0062567708
0.0054843475
0.65073391
-0.0058827494
-0.65033542
-0.65386163
0.0067568514
0.64466782
-0.0037358411
0.64552503
0.0037723146
-0.0039967798
-0.64530064
-0.64921736
0.0051139589
0.6195692
0.0019802696
-0.0023294851
0.61990766
0.002219959
-0.61979824
0.0018758414
-0.62045143
-0.0021064771
0.61848542
0.0021161268
-0.0028709682
0.61885435
0.0027025462
-0.61868596
-0.61954005
-0.0024456672
0.61696251
0.0030439485
-0.003506169
0.61756884
0.0032570978
-0.61731977
-0.61837854
-0.002977258
0.61508411
0.003631319
-0.0050324262
0.61646389
0.0042758898
-0.61570735
-0.61690577
-0.0037495839
0.61331923
0.0050690236
-0.0065704271
0.61470138
0.0061024885
-0.61423351
-0.61602791
-0.0053276942
0.60973078
0.0071293422
-0.0087709081
0.61178587
0.0080621256
-0.6110773
-0.61360998
-0.0069437966
0.60435952
0.010240042
-0.012791954
0.60777499
0.011584485
-0.60656755
-0.61000267
-0.0095717699
0.59554008
0.01537868
-0.01972303
0.60201072
0.017634612
-0.59992294
-0.6049501
-0.014208226
0.57969598
0.026424558
0.59434313
0.029564118
-0.58955082
-0.59738313
-0.022373538
0.56736836
-0.55912222
0.038894285
0.57554651
0.57985441
0.032701784
0.73717286
0.047390945
-0.73107579
-0.051903776
0.045554311
0.74352196
0.75614675
0.69649047
-0.027414694
0.020522168
0.70281301
-0.022137551
-0.70119711
-0.71915193
0.026792988
0.68174547
-0.018632644
0.014233934
0.68584996
-0.015452548
-0.68463145
-0.69636687
0.01873714
0.67089763
-0.012978032
0.010168418
0.67380718
-0.011109326
-0.67286668
-0.68140643
0.013176893
0.66279882
-0.0097100269
0.0074185951
0.66468095
-0.0080023976
-0.66409702
-0.67042187
0.0093682594
0.65620392
-0.00719597
0.0055736584
0.65752233
-0.0060144421
-0.65708118
-0.66231971
0.0068835056
0.65108015
-0.0054714166
0.0041794078
0.65199851
-0.0044776986
-0.65170031
-0.65560849
0.0051815236
0.64590676
-0.0036709555
0.64732858
0.0031176049
-0.0034395425
-0.64700659
-0.65050563
0.0039029106
0.62001635
0.0022559844
-0.0020776167
0.62034286
0.0019815025
-0.62024683
0.0015602077
-0.62082485
-0.0017498307
0.61900223
0.002747142
-0.0026483132
0.61944284
0.0025150637
-0.61930962
-0.61997341
-0.0022810128
0.6177734
0.0034146692
-0.0034428696
0.61844027
0.003175291
-0.61817268
-0.61900014
-0.002818611
0.61698547
0.0043374423
-0.0048730041
0.61811948
0.0045070726
-0.61775355
-0.61784147
-0.0036583697
0.61511129
0.0059890813
-0.006588324
0.61659464
0.0060659978
-0.61607235
-0.6173413
-0.0052495005
0.61253389
0.0080794912
-0.0092418661
0.61481122
0.0084813348
-0.61405087
-0.6155989
-0.0071255706
0.60893884
0.011711975
-0.01357309
0.61280524
0.012272742
-0.6115049
-0.61337086
-0.010125874
0.60426467
0.01787533
-0.020669767
0.61092697
0.018525908
-0.60878341
-0.61071826
-0.014952657
0.59908318
0.030007712
0.029542844
-0.6078069
-0.60801128
-0.023174545
0.59737984
-0.59055875
0.040067478
0.6036784
0.60302497
0.03456749
0.75486078
0.031878653
-0.75237079
-0.028673419
0.027225559
0.7563049
0.76666423
0.70496222
-0.020691065
0.01336693
0.70861788
-0.014344793
-0.70764036
-0.72730391
0.017654498
0.68710589
-0.01450663
0.0099347327
0.68970519
-0.010529526
-0.68911119
-0.70241494
0.012714044
0.67456342
-0.010280459
0.0072237995
0.67658628
-0.007910426
-0.6759001
-0.68550449
0.0093589144
0.66529472
-0.0075546468
0.0053954529
0.66658523
-0.0057395067
-0.66624074
-0.67318511
0.0066293998
0.65790394
-0.0054883212
0.0040603462
0.65889062
-0.0043948415
-0.65855585
-0.66429527
0.0050447925
0.65229036
-0.0042494817
0.0030793388
0.65298471
-0.0033247713
-0.65273932
-0.65698733
0.0038466467
0.64774839
-0.0032714644
0.64808953
0.0023459644
-0.0025685034
-0.64786692
-0.65147245
0.0028908224
0.6204861
0.0023201484
-0.0026239326
0.62083002
0.0024985152
-0.62070463
0.0021916032
-0.6212011
-0.0022841212
0.61960201
0.0028520923
-0.0032351498
0.62010989
0.00302337
-0.61989816
-0.62051715
-0.002756617
0.61863462
0.0036165354
-0.0040262367
0.6193245
0.0037790008
-0.61907729
-0.6197146
-0.0033859573
0.61843675
0.0049273426
-0.0054409803
0.6194164
0.0051230107
-0.61909842
-0.61885775
-0.004244819
0.6170961
0.0064629666
-0.0071250069
0.61854242
0.0066543385
-0.61807179
-0.61879971
-0.0057922613
0.61556583
0.008706293
-0.0096664029
0.61776275
0.008959387
-0.61705585
-0.61774066
-0.0076501594
0.61401536
0.012316647
-0.013547268
0.61748302
0.012435617
-0.61637168
-0.61674515
-0.010512
0.61307216
0.018399225
0.61880693
0.017879331
-0.61698415
-0.61623204
-0.014803586
0.61326746
-0.025685412
-0.61051047
0.022581749
-0.025215753
0.61590138
0.61520312
0.020277933
0.61909229
-0.61509296
0.034966412
0.031361717
0.75540244
-0.75645419
0.014738744
-0.01102402
0.011281264
0.75514692
0.76531721
0.70930632
-0.012579923
0.0054232343
0.71057619
-0.005406603
-0.71060006
-0.72937287
0.006516253
0.69065078
-0.0096556144
0.0051600948
0.69173048
-0.0051651839
-0.69172902
-0.70511618
0.0055458109
0.67698817
-0.0069474891
0.003684633
0.67813868
-0.0040267701
-0.6777944
-0.68779812
0.0049203451
0.66704116
-0.0052592722
0.0029898078
0.6678491
-0.00322334
-0.66761479
-0.67496793
0.003504704
0.65913411
-0.0038257708
0.0022879978
0.65972165
-0.0024953385
-0.65951391
-0.6654997
0.0026715925
0.65314794
-0.0029701709
0.0018044542
0.65361361
-0.0019862381
-0.65343192
-0.65785008
0.0021438862
0.64832558
-0.0022802854
0.64857485
0.0015031068
-0.0014885593
-0.6485894
-0.65212256
0.0016928934
0.62092725
0.0024353759
-0.0026822695
0.62129986
0.0025820475
-0.6211996
0.0020488109
-0.62154022
-0.0023410056
0.62029681
0.0029559481
-0.0032883671
0.6207301
0.0031531236
-0.6205949
-0.62102163
-0.0028392381
0.6195214
0.0037360324
-0.0040860574
0.62020131
0.0038456861
-0.6199609
-0.62041481
-0.0034606936
0.61975637
0.0050244122
-0.0054474518
0.62069958
0.005147332
-0.62039952
-0.62059235
-0.004618641
0.61900682
0.0065383277
-0.0070107686
0.62038815
0.0065789992
-0.61995646
-0.62020142
-0.0058018258
0.61849957
0.0087264404
-0.0092421864
0.6204991
0.0086245862
-0.61988156
-0.61980922
-0.007488855
0.6185882
0.012091025
-0.01254655
0.62152588
0.01163076
-0.62061004
-0.61984081
-0.0099809146
0.62049663
0.017299481
0.62478083
0.015925687
-0.62354233
-0.62096288
-0.013577646
0.62276819
-0.023008617
-0.62063442
0.020228375
-0.022163938
0.62470374
0.62294811
0.018595984
0.75353256
-0.75458721
0.0019657812
0.0032900585
-0.0014023653
0.75164705
0.76030609
0.71003297
-0.0043670189
-0.0012530657
0.70924362
0.0018588335
-0.70985089
-0.72709471
-0.0033537052
0.69188516
-0.0038553538
-0.00026280647
0.691759
0.00013398131
-0.69162847
-0.70510377
-0.00074062306
0.67818296
-0.0035020362
0.0002908295
0.67825417
-0.00012340196
-0.6784176
-0.68808282
-0.00013497927
0.66799171
-0.0024866851
0.00016855083
0.6681253
-7.2987509e-05
-0.6682144
-0.67545706
0.00031653602
0.65981345
-0.0018942625
0.00031614306
0.65986838
-0.00029940154
-0.65988617
-0.66606662
0.0002927198
0.65363852
-0.0014336163
0.00027508572
0.65378951
-0.00028519221
-0.65378056
-0.65814015
0.00024618646
0.64857644
-0.0012746329
0.64864359
0.00023162774
-0.00024679706
-0.64862909
-0.65241501
0.00034074273
0.62142077
0.0026071681
-0.0028183672
0.62183407
0.0026727471
-0.62168834
0.0021230507
-0.62193037
-0.0024624112
0.62088846
0.0031438406
-0.0033711017
0.62137439
0.003195637
-0.62119895
-0.62154066
-0.0029450987
0.62073615
0.0038519303
-0.0043863993
0.62221634
0.0038900387
-0.62171999
-0.62111579
-0.0035084142
0.6209927
0.0051579404
-0.0054135577
0.62186965
0.0051222786
-0.62157839
-0.62179816
-0.0045990309
0.62080584
0.0065515356
-0.0067363145
0.62200394
0.006373134
-0.62164083
-0.62151176
-0.0057269639
0.62115429
0.0085121035
-0.008635003
0.6227958
0.0080935869
-0.62225429
-0.62168381
-0.0071342209
0.62240705
0.01131639
-0.011240061
0.62471488
0.01048407
-0.62395872
-0.62248236
-0.009224761
0.62588421
0.015271107
0.62866112
0.013466644
-0.6278913
-0.62462767
-0.011948021
0.62906361
-0.018928097
-0.62782155
0.01688299
-0.017966093
0.6301464
0.62835578
0.015755312
0.74473297
-0.74704534
-0.010072377
0.015173462
-0.012693143
0.74225299
0.74882355
0.70858518
0.0035641052
-0.0075425624
0.70587717
0.0085654478
-0.70689776
-0.7216939
-0.011157848
0.69145954
0.0014940347
-0.0046794997
0.68984981
0.0052334073
-0.69040148
-0.70246807
-0.0066539714
0.67815141
0.00061095635
-0.003003532
0.67747233
0.003326268
-0.67779247
-0.68722523
-0.0041573786
0.66799475
0.00034120591
-0.0021124541
0.66762655
0.0022813514
-0.66779525
-0.67486492
-0.0027895454
0.65983805
0.00018269487
-0.001451062
0.65966369
0.0015780892
-0.65979119
-0.66568712
-0.0019138693
0.65377958
5.8762377e-05
-0.0011197475
0.6535581
0.0011915485
-0.65362999
-0.65808014
-0.001330772
0.64867459
0.00012144215
0.64844131
-0.00056631864
0.00088368119
-0.64875866
-0.65231087
-0.001025193
0.6219503
0.0027129455
-0.0028417545
0.62226887
0.002728144
-0.62215513
0.0024204689
-0.62246021
-0.002530016
0.62152236
0.0032475645
-0.0033496518
0.6219447
0.0032376012
-0.62183265
-0.62205842
-0.0029596883
0.62233318
0.0042489645
-0.0043046868
0.6229177
0.004133175
-0.62274628
-0.62171432
-0.0034945836
0.62212415
0.0050776651
-0.0051569227
0.62287001
0.0049371818
-0.62265027
-0.62265447
-0.0045121907
0.62237687
0.0063007422
-0.0062882028
0.62336542
0.0059799178
-0.62305725
-0.62263625
-0.0054161038
0.62326808
0.0079674787
-0.0077406152
0.62457418
0.0073583882
-0.62419185
-0.62321497
-0.0065881294
0.62535242
0.010150038
-0.0096387949
0.62700606
0.0091174429
-0.62648444
-0.6245918
-0.0081786411
0.62941239
0.012897098
0.63102524
0.011287718
-0.63047744
-0.62722416
-0.010212234
0.63243894
-0.63206386
-0.014592918
0.013295951
-0.013779961
0.63292251
0.63130891
0.012777598
0.73397299
-0.73688254
-0.019306335
0.024107721
-0.021288445
0.73115324
0.73617536
0.70468752
0.010180636
-0.013147683
0.70068583
0.014585887
-0.70212367
-0.7143553
-0.017869424
0.68924679
0.006333231
-0.0089533265
0.68690273
0.0098111968
-0.68776028
-0.69829523
-0.011961593
0.67702306
0.0042241955
-0.0062164633
0.67546697
0.0068075857
-0.67605889
-0.68476097
-0.0081341655
0.66742547
0.0029075642
-0.0047110499
0.66666961
0.0048577977
-0.6668162
-0.67354398
-0.0057084039
0.65950462
0.0021089831
-0.0033661675
0.65880681
0.0036219037
-0.65906241
-0.66475692
-0.0041833088
0.65349974
0.0015101688
-0.0025107193
0.65302066
0.0027355727
-0.65324522
-0.6573657
-0.0031566523
0.64851138
0.001215776
0.64817121
-0.0018858041
0.0020222154
-0.64830721
-0.65188624
-0.0023615845
0.62237704
0.0027366186
-0.0028353141
0.62271804
0.0027315105
-0.62261428
0.0024462873
-0.62279657
-0.0025242421
0.62207698
0.0032053402
-0.0033111939
0.6224484
0.0032169625
-0.62235416
-0.62248757
-0.002967065
0.62308098
0.0041046342
-0.0041156626
0.62355185
0.0039747263
-0.62341098
-0.62226405
-0.0034358179
0.62307516
0.0048703009
-0.0048217129
0.62366724
0.0046278893
-0.62347352
-0.62338241
-0.0042878051
0.62362821
0.0058529475
-0.0056320638
0.62435447
0.0054138322
-0.62413635
-0.62358599
-0.0050224416
0.62499302
0.0070999385
-0.0066239947
0.62589197
0.0063221577
-0.62559015
-0.6244033
-0.0058585133
0.62749017
0.0087592329
-0.007684923
0.62857564
0.0074058951
-0.62829614
-0.6261142
-0.0068636072
0.6315556
0.010904472
0.63302852
0.0085784212
-0.63276318
-0.62916786
-0.0079880733
0.63429245
-0.63348863
-0.012895949
0.011578738
-0.012350038
0.63506332
0.63332325
0.01114342
0.71456859
0.023534349
-0.025243355
0.70750047
0.027585627
-0.70984296
-0.7209399
-0.033247031
0.69925951
0.015702423
-0.017408298
0.69449463
0.01902715
-0.69611343
-0.70616859
-0.022977186
0.68600212
0.010719634
-0.012503953
0.68284106
0.013396233
-0.68373345
-0.69305006
-0.015910377
0.67489411
0.0073171669
-0.0090558774
0.67284195
0.0097285092
-0.67351493
-0.68120411
-0.011493554
0.66623715
0.0052738747
-0.0066758077
0.66481805
0.0072457853
-0.66538805
-0.67124519
-0.0083876504
0.65857706
0.0038515498
-0.0050034424
0.65752365
0.0054147997
-0.65793502
-0.6630152
-0.0061633926
0.65283553
0.0029077626
-0.0038144451
0.65209888
0.0040524975
-0.65233677
-0.65632647
-0.0047015429
0.64806367
0.0022369675
0.64737778
-0.0026825793
0.003093077
-0.64778825
-0.65119437
-0.0035865993
0.62281651
0.0027590349
-0.0028290809
0.62310006
0.0027363074
-0.62300741
0.0024533639
-0.62313233
-0.0025481528
0.62256284
0.0031526319
-0.0032169269
0.62287758
0.003116882
-0.62277748
-0.62291943
-0.002923178
0.62373443
0.0039365854
-0.0039384602
0.62408381
0.0038297625
-0.62397513
-0.62357795
-0.0035941434
0.62381884
0.0045720405
-0.0044183904
0.62422817
0.0043009248
-0.6241108
-0.6239667
-0.0040491699
0.62455563
0.0052474586
-0.0049008622
0.62497666
0.0047563302
-0.62483235
-0.62421926
-0.0045640978
0.6260818
0.0060357959
-0.005314141
0.62642252
0.005278979
-0.62638816
-0.62510719
-0.005023783
0.62884499
0.0069483367
-0.0052654668
0.62893338
0.0052276437
-0.62889569
-0.62683754
-0.0053039438
0.63316822
0.0073798413
0.63289223
0.0049121933
-0.63311533
-0.62960553
-0.0052141279
0.63641206
-0.63616655
-0.008043255
0.0066684028
-0.0065849583
0.63632867
0.63460325
0.0067625755
0.70506251
0.028853393
-0.02939166
0.69752016
0.031935472
-0.7000641
-0.7079289
-0.037558774
0.69277542
0.020241711
-0.021145103
0.68757738
0.022939559
-0.68937183
-0.69700706
-0.027064235
0.68171144
0.014347459
-0.015083519
0.67807879
0.016301609
-0.67929688
-0.68676689
-0.019485025
0.67207374
0.010405493
-0.011160316
0.66969721
0.011851613
-0.67038854
-0.67693114
-0.013916361
0.66429762
0.0076808262
-0.0084203262
0.6624484
0.0090970667
-0.66312515
-0.66840271
-0.010412928
0.65716761
0.0055239731
-0.0064116297
0.6558932
0.0068690207
-0.65635064
-0.66088825
-0.0078979829
0.6518222
0.0042338982
-0.0049277363
0.65094726
0.0052398667
-0.65125931
-0.65489061
-0.0059906192
0.64726494
0.0033008296
0.64659009
-0.0036573026
0.0040375006
-0.64697026
-0.65012434
-0.0046283591
0.62321231
0.0027101942
-0.0028113812
0.62341253
0.0027298816
-0.62333115
0.0024495686
-0.62346333
-0.0025612215
0.62297278
0.003098212
-0.0033612383
0.62408027
0.0030301945
-0.62374917
-0.62330032
-0.002867693
0.6241841
0.0037626716
-0.003728669
0.62446446
0.0036509804
-0.62438679
-0.62445506
-0.0034672843
0.62432457
0.0041909595
-0.0040189837
0.62458541
0.0039446962
-0.62451119
-0.62435677
-0.0038041567
0.6250419
0.0046067335
-0.0041210049
0.62512586
0.0041604842
-0.62516572
-0.62461683
-0.004096858
0.62649606
0.0047793741
-0.0038958257
0.62622199
0.0040597943
-0.62638601
-0.62531003
-0.0041746229
0.62877456
0.0047784369
-0.0031100425
0.62800522
0.003380805
-0.62827583
-0.62670271
-0.0037802126
0.63255719
0.0039683524
0.63072257
0.0016378057
-0.63150779
-0.62887218
-0.0027295294
0.63512534
-0.63557974
-0.002808186
0.0022172658
-0.0016280212
0.63453649
0.63334425
0.0027144451
0.69495491
0.032619055
-0.03198962
0.68725511
0.034723979
-0.68998949
-0.69527675
-0.04043083
0.68576228
0.02349835
-0.023415412
0.68024726
0.025274739
-0.68210651
-0.68773367
-0.029552481
0.67680195
0.017035969
-0.017520253
0.67281178
0.018887006
-0.67417842
-0.67997601
-0.021844391
0.66863456
0.012529977
-0.013145637
0.66574434
0.014140279
-0.6667388
-0.67221472
-0.016293422
0.66185459
0.0094312807
-0.0099925059
0.65974106
0.010724872
-0.66047341
-0.66510679
-0.0122566
0.65541445
0.007150772
-0.0076763735
0.65387586
0.0082566303
-0.6544561
-0.65853298
-0.0093198574
0.65059668
0.0055305352
-0.0059850541
0.6494887
0.0063360543
-0.64983971
-0.65313237
-0.0072161979
0.64640743
0.0043356063
0.6455206
-0.0045419488
0.004888682
-0.64586739
-0.64889349
-0.0056030382
0.62348873
0.0026997076
-0.0027683852
0.62373169
0.0026722392
-0.62363555
0.002442197
-0.6237882
-0.0025465132
0.62440694
0.0030329818
-0.0032866351
0.62491199
0.0032222924
-0.62484765
-0.62358084
-0.0028128482
0.62453419
0.0035821126
-0.003536328
0.62472848
0.0034862787
-0.62467843
-0.62477448
-0.0033735995
0.62462033
0.0038686984
-0.0036818035
0.62473022
0.0036382017
-0.62468674
-0.62463574
-0.0035805766
0.62516499
0.0039577056
-0.0035643935
0.6250505
0.0036034042
-0.62508965
-0.62475006
-0.0036478606
0.62610612
0.0037858295
-0.0030828404
0.62564897
0.0032641145
-0.62583002
-0.62521246
-0.0034970584
0.62762014
0.0030560639
-0.0019443633
0.62650643
0.002331571
-0.62689351
-0.625999
-0.00290775
0.62982936
0.00098762636
0.62741665
0.00037931713
-0.62808315
-0.62718081
-0.0014934613
0.63090973
-0.63248864
0.0027156982
-0.0014339925
0.0030337
0.62931002
0.62912605
-0.00020730341
0.68463274
0.035279515
-0.034071135
0.67699557
0.036565991
-0.67949049
-0.68300274
-0.042105995
0.67834257
0.026026096
-0.025544318
0.6725888
0.027453657
-0.67449805
-0.67820395
-0.031693294
0.67143314
0.019270618
-0.019240848
0.66730832
0.020614832
-0.66868228
-0.67298856
-0.023772295
0.66481551
0.014467939
-0.014646361
0.66179865
0.015688899
-0.66284129
-0.66722463
-0.017968549
0.65901764
0.011061548
-0.011057295
0.65672256
0.011841805
-0.65750709
-0.66145415
-0.013727527
0.65336189
0.0084772777
-0.0084928901
0.65169839
0.009066523
-0.65227199
-0.65587169
-0.010345732
0.64910334
0.0065833471
-0.0067950402
0.6479202
0.0071926321
-0.64831778
-0.65112164
-0.0079731822
0.64531374
0.0052196701
0.6441129
-0.0050749818
0.0055663671
-0.64460432
-0.64740616
-0.006394253
0.62379776
0.0026911647
-0.0027224177
0.62396172
0.0026607467
-0.62390001
0.0024288175
-0.6241356
-0.0025261838
0.62499723
0.003200476
-0.0031666049
0.62513204
0.0031164678
-0.625082
-0.62384118
-0.002756481
0.62477109
0.003445426
-0.0033418976
0.62486938
0.00331335
-0.62484088
-0.62502211
-0.0032377747
0.62475408
0.0035746361
-0.0033776291
0.62471446
0.0033423033
-0.62467926
-0.62479272
-0.0033689983
0.62498543
0.0035213269
-0.0031575729
0.62472534
0.0032663154
-0.62483431
-0.62472076
-0.0033517823
0.6254675
0.0031442516
-0.0025212202
0.62487308
0.0027371654
-0.62508882
-0.62486023
-0.0030505453
0.62613789
0.0021558797
-0.0012564843
0.62500746
0.0016482756
-0.62539923
-0.62512529
-0.0022925866
0.62683951
0.00031820996
0.62528908
-0.00018462975
-0.62586109
-0.62541851
-0.00081225869
0.62687803
-0.62727825
0.0012036088
-0.0006209458
0.00077861127
0.62672036
0.62642473
-0.00024128801
0.6743806
0.036744695
-0.034865978
0.66680988
0.037446222
-0.66939006
-0.67055863
-0.043068521
0.67063962
0.027691252
-0.026306002
0.66480449
0.028281682
-0.66678008
-0.66873147
-0.032480404
0.66593251
0.020878539
-0.020268761
0.66179214
0.021647762
-0.66317117
-0.66590144
-0.024771085
0.66082425
0.015908337
-0.015688877
0.65773713
0.016703611
-0.65875195
-0.66214964
-0.018993067
0.65592838
0.012338428
-0.012204888
0.65332198
0.013018252
-0.65413526
-0.65774868
-0.014717389
0.65111234
0.0095483092
-0.0095752327
0.64937536
0.01018897
-0.64998912
-0.65299377
-0.011487251
0.64744143
0.0072979442
-0.0075294593
0.64612593
0.0079860405
-0.64658253
-0.6489064
-0.0090471795
0.64393805
0.0056978379
0.64268268
-0.0055047275
0.0061034346
-0.6432814
-0.64580597
-0.0072756671
0.6240191
0.0026339566
-0.0026934749
0.62416059
0.0026388166
-0.62410585
0.0026738478
-0.62448495
-0.002515988
0.62500372
0.0032769263
-0.003076715
0.62535454
0.0030869614
-0.62536504
-0.62406376
-0.0027448885
0.62491654
0.0032588536
-0.0032729896
0.62496644
0.0032355745
-0.62492897
-0.62496248
-0.0034116993
0.62466774
0.0033700819
-0.0032426357
0.62463473
0.0032210597
-0.62461325
-0.62490119
-0.0032484403
0.62468215
0.0031395618
-0.0029036992
0.62433446
0.0030165564
-0.6244472
-0.6245752
-0.003195238
0.62466875
0.002613195
-0.0021153339
0.62392201
0.0023717363
-0.6241784
-0.62437143
-0.0027368773
0.6245923
0.0014821697
-0.00067874414
0.62325186
0.0011617343
-0.62373484
-0.62407617
-0.0018383591
0.62458897
-0.0005967421
0.62212113
-0.0011726463
-0.62297786
-0.62348081
-0.00015602889
0.62482996
-0.62589091
0.003168955
-0.002543466
0.0037906978
0.62358274
0.62362051
-0.0016049485
0.66429894
0.037555884
-0.035213327
0.65700084
0.037607622
-0.65939505
-0.65899775
-0.042760205
0.66287709
0.028552879
-0.026701171
0.65725425
0.028570144
-0.65912311
-0.65978947
-0.032706639
0.66044593
0.021741503
-0.020553986
0.65631827
0.0219201
-0.65768437
-0.65891889
-0.024945299
0.65669517
0.016887863
-0.016278883
0.65363672
0.017300059
-0.65465791
-0.65713914
-0.019501343
0.6525561
0.013187934
-0.012863934
0.65023689
0.013640559
-0.65101358
-0.65397142
-0.015327343
0.64878105
0.01018409
-0.010181865
0.64691701
0.010763351
-0.64749843
-0.65007815
-0.012086219
0.64572046
0.0079897158
-0.0080985404
0.64435752
0.0085498566
-0.64480883
-0.64666792
-0.0096146787
0.6423231
0.0065365179
0.64147249
-0.0065950473
0.0067191044
-0.64159659
-0.64419338
-0.0075927258
0.6242115
0.0026389305
-0.0026755525
0.62438741
0.0026003395
-0.62431216
0.0024212979
-0.62456646
-0.002510471
0.62536721
0.0031015257
-0.0030865598
0.62552125
0.0030279065
-0.62546266
-0.62483452
-0.0029722975
0.62502638
0.0031405711
-0.0033564193
0.62499574
0.0031257354
-0.62476506
-0.62531466
-0.0031396235
0.6246009
0.0031696914
-0.0030723909
0.62448257
0.00311302
-0.62452313
-0.62489353
-0.0033273367
0.62421569
0.0029422033
-0.0026974639
0.62382819
0.0028424334
-0.62397326
-0.62438912
-0.0030154104
0.62371125
0.0023017461
-0.0019051214
0.62289781
0.0021917466
-0.62318448
-0.62382932
-0.0025469319
0.62280464
0.00099224559
-0.00034446028
0.62136675
0.00083315529
-0.62185543
-0.62289557
-0.001571035
0.62129172
-0.0014080878
0.61872889
-0.0016045944
-0.6195828
-0.62132077
0.0001919378
0.62012988
-0.62117066
0.0041905036
-0.0032005914
0.0041838953
0.61914662
0.61976461
-0.0022683077
0.65045297
-0.65402354
-0.051587802
0.054697131
-0.051180847
0.64693667
0.6449053
0.65464958
0.037207752
-0.034280092
0.64778701
0.036504231
-0.65001118
-0.6477633
-0.041606543
0.65537387
0.028761406
-0.026447255
0.65004761
0.028170166
-0.65177055
-0.6507386
-0.032077746
0.6550117
0.022182315
-0.02074814
0.65108212
0.022069916
-0.65240379
-0.65217969
-0.024963384
0.65280771
0.017174332
-0.016470984
0.6496765
0.017454875
-0.65066036
-0.65217562
-0.019608579
0.64946161
0.013710239
-0.013120103
0.64714349
0.013914749
-0.64793819
-0.65032779
-0.015547529
0.64630827
0.010859597
-0.010458496
0.64448585
0.011063417
-0.64509069
-0.64712741
-0.012427688
0.64388303
0.0086685094
-0.0083153001
0.64259634
0.0087456393
-0.64302666
-0.64454588
-0.0097616308
0.64096531
0.0069675003
0.63967347
-0.0062940511
0.006886578
-0.64026606
-0.6422156
-0.0078298735
0.62443443
0.0026321959
-0.0029049653
0.62480315
0.0026058935
-0.62450405
0.002431481
-0.62486285
-0.0024942467
0.62555366
0.0030774902
-0.0030835934
0.62562421
0.0030517171
-0.62559237
-0.62596613
-0.0029495342
0.62482459
0.0033706235
-0.0031513997
0.62498995
0.0031697349
-0.62500842
-0.62554837
-0.0030101598
0.62443922
0.0030829675
-0.0030688518
0.62406943
0.0032801165
-0.62428078
-0.62485498
-0.0031484219
0.62370408
0.0028014977
-0.002627133
0.62333249
0.0027858799
-0.62349125
-0.62395917
-0.0031172612
0.62263967
0.0020974063
-0.0018181891
0.62185514
0.0021055187
-0.62214246
-0.62318531
-0.0024929003
0.62089134
0.00075826156
-0.0002695151
0.61941359
0.00077340706
-0.61991749
-0.62164537
-0.0015341419
0.6178494
-0.0016743796
0.61534622
-0.0016214423
-0.61622325
-0.61909193
0.0002175425
0.61552829
-0.61674295
0.0047394934
-0.0033834408
0.0043250757
0.61458667
0.61584981
-0.0024795947
0.63731298
-0.64057996
-0.049394523
0.051412422
-0.049032751
0.63493326
0.63127941
0.64555447
0.036348307
-0.032705692
0.63928769
0.034730981
-0.64131293
-0.63743469
-0.039387534
0.6482922
0.028258359
-0.025612412
0.6432806
0.027232044
-0.64490026
-0.642494
-0.030750151
0.64987548
0.021758929
-0.020304505
0.6463089
0.021411214
-0.6474157
-0.64568267
-0.024283541
0.64870487
0.017226902
-0.016310454
0.64602767
0.01721216
-0.64692931
-0.64759056
-0.019152314
0.64638077
0.013775796
-0.013009536
0.64416544
0.013720892
-0.64487679
-0.64705831
-0.01537757
0.64388565
0.01102081
-0.010583851
0.64223509
0.011067285
-0.64271849
-0.6443142
-0.012315429
0.64211998
0.0088720681
-0.0087082807
0.64092261
0.0091056831
-0.64131997
-0.64213856
-0.010029484
0.63953929
0.0072787836
0.63813797
-0.0066430839
0.0072821647
-0.63877709
-0.64020544
-0.0081233153
0.62507449
0.0026960771
-0.0028982458
0.62581969
0.0026734662
-0.62559489
0.0024482316
-0.62500666
-0.002560028
0.62565593
0.0031374463
-0.003108582
0.6257556
0.003099503
-0.62574649
-0.62619334
-0.0029439925
0.62501988
0.0032294254
-0.0031883035
0.62504771
0.0031806523
-0.62504004
-0.62558257
-0.0031381805
0.62417916
0.0032238212
-0.0031750754
0.62409592
0.0031940997
-0.62411487
-0.62485066
-0.0032153714
0.62319434
0.0028742975
-0.0028477694
0.62261976
0.0031750907
-0.622947
-0.62384198
-0.0031410202
0.62160812
0.0021971674
-0.0020568807
0.62093545
0.0022487273
-0.6211273
-0.62235326
-0.0028988325
0.61891404
0.00089533491
-0.00066208052
0.61762137
0.0010551001
-0.61801452
-0.62047598
-0.0017547066
0.6144785
-0.0014721114
0.6120433
-0.0011788247
-0.61283484
-0.61694728
-0.00020524692
0.6110895
-0.61238586
0.0046634985
-0.0031883011
0.0041413384
0.61013643
0.61203045
-0.002307208
0.62534229
-0.6286235
-0.04513667
0.04707977
-0.044642674
0.62290518
0.61831324
0.63734982
0.034341224
-0.030865313
0.63200664
0.032538902
-0.63368029
-0.62854214
-0.036169642
0.64186105
0.026966307
-0.024532572
0.63697995
0.026090043
-0.63853735
-0.63514252
-0.029221143
0.64514761
0.021162645
-0.019230128
0.64182927
0.020324346
-0.64292341
-0.63962481
-0.022984723
0.64514189
0.017037068
-0.015612706
0.64278877
0.016357248
-0.64353326
-0.64341662
-0.018288042
0.64341033
0.013865844
-0.012720427
0.64137034
0.013388186
-0.64203805
-0.64400929
-0.015012222
0.64157677
0.011164995
-0.010496673
0.63987533
0.011056478
-0.64043513
-0.64164152
-0.012217716
0.64055624
0.0090437012
-0.0086110985
0.63898204
0.0091760474
-0.63954697
-0.63997303
-0.010013701
0.63802277
0.00730988
0.63686145
-0.0068880572
0.007340317
-0.63731371
-0.63821968
-0.008191412
0.6260675
0.0029130244
-0.0027182291
0.62682672
0.0026659101
-0.62677437
0.0024812549
-0.62709225
-0.0025472514
0.62584103
0.0032877112
-0.0028444225
0.62620646
0.0028553729
-0.62621736
-0.62663553
-0.0027420649
0.62506501
0.0034460718
-0.0029361185
0.62546344
0.0029378983
-0.62546531
-0.62598659
-0.0029046629
0.62406627
0.0034621104
-0.0028706693
0.62443742
0.0029079648
-0.62447473
-0.62524785
-0.0029310225
0.62267975
0.0032566009
-0.0026152
0.62306641
0.0027173649
-0.62316846
-0.62420282
-0.0028568617
0.62063952
0.0026089597
-0.0020258735
0.62091091
0.0022167137
-0.62110183
-0.62273146
-0.0025430442
0.61719489
0.001454255
-0.00097739421
0.61744495
0.0012568308
-0.61772441
-0.62043678
-0.0017600071
0.61125128
-0.00067806646
0.61126132
-0.00028904145
-0.6120156
-0.61651544
-0.00068211535
0.60654909
-0.60783805
0.0037933792
0.0035554864
-0.0027924305
0.605786
0.60837547
0.0042566407
0.61519813
-0.61758483
-0.040026673
0.040419093
-0.038881743
0.61366074
0.60986438
0.63028617
0.032127511
-0.026235955
0.62632459
0.027231033
-0.62731978
-0.62637254
-0.026769935
0.63563021
0.02550218
-0.023307277
0.6311254
0.024654935
-0.63247307
-0.6289444
-0.025741554
0.64073499
0.019979737
-0.017735984
0.63768882
0.018757672
-0.63871043
-0.63369599
-0.021652243
0.64206347
0.016316394
-0.015075533
0.64040373
0.015519356
-0.64084753
-0.63983947
-0.016973743
0.64071762
0.013448212
-0.012464062
0.63884494
0.013073961
-0.6394548
-0.64201914
-0.014300589
0.63937445
0.010882356
-0.010302411
0.63781983
0.010828981
-0.63834638
-0.63919365
-0.011882873
0.63842486
0.0091060233
-0.0085107356
0.63646782
0.0092613916
-0.6372185
-0.63803241
-0.0097972934
0.6366437
0.0073614351
0.63546115
-0.0067733743
0.007286867
-0.63597464
-0.63654068
-0.0081079026
0.62685155
0.0026834502
-0.0027690761
0.62698977
0.0027121533
-0.6269328
-0.064628397
-0.62732012
-0.0025854201
0.62624715
0.0028469759
-0.0029465188
0.62635657
0.0029245553
-0.62633458
-0.62681089
-0.0027982311
0.6255129
0.0029369158
-0.0030804629
0.6255328
0.0030452477
-0.62549757
-0.62614052
-0.0029909316
0.62440027
0.0029888878
-0.0031079029
0.62443108
0.0031125159
-0.62443569
-0.62528866
-0.0030866221
0.62300718
0.0027765876
-0.0030822089
0.62283397
0.0031176166
-0.62286909
-0.62405955
-0.003152793
0.6207744
0.0023609087
-0.0028842211
0.62051146
0.0029141315
-0.62054103
-0.62237391
-0.0030650812
0.61710965
0.0015506065
-0.0025581586
0.61674518
0.0026861319
-0.61687258
-0.61977872
-0.0028270656
0.61104791
0.00016319457
-0.0026865135
0.61080884
0.0025238572
-0.61064571
-0.61566091
-0.0024373548
0.59843743
-0.0011759494
0.60046598
0.0038189813
-0.5994702
-0.60862688
-0.0028582682
0.5854803
-0.584343
0.001852445
0.58760052
0.59466259
0.00081212423
0.62245897
0.035763397
-0.030797618
0.61991965
0.031448994
-0.62057112
-0.60857391
-0.032286815
0.63190894
-0.035451686
-0.027323436
0.6289475
0.028236547
-0.6298607
-0.62341902
-0.029975225
0.63018875
0.022684538
-0.023696263
0.63383309
0.024579275
-0.6347162
-0.63137669
-0.026449738
0.63689313
0.018074316
-0.016173756
0.63618245
0.021104253
-0.64111297
-0.63542203
-0.022847752
0.64010732
0.015175128
-0.013904276
0.6404176
0.014250437
-0.6407638
-0.63715563
-0.015403977
0.63835424
0.012733309
-0.011607311
0.63669125
0.012129081
-0.63721302
-0.63753887
-0.013232104
0.63735338
0.010617674
-0.0097831609
0.63598386
0.010221887
-0.6364226
-0.63700193
-0.011183324
0.63605923
0.0089027483
-0.0082796799
0.63488712
0.0086739362
-0.63528142
-0.63616477
-0.0093374456
0.63530123
0.0074020981
0.63510404
-0.0070792245
0.0071159912
-0.63514085
-0.63498568
-0.0078981946
0.62704432
0.0027332914
-0.0028043025
0.62724929
0.0027411238
-0.62718609
0.0015071395
-0.69852907
0.067250821
0.6264054
0.0029204455
-0.0030130257
0.6265668
0.0029817578
-0.62653551
-0.6270091
-0.0028900131
0.62557171
0.0031010664
-0.0032234439
0.62568624
0.0031730771
-0.62563582
-0.62630823
-0.003118083
0.62443265
0.0031866467
-0.0033878196
0.62452698
0.0033162997
-0.62445541
-0.62536469
-0.0032971021
0.62285599
0.0031548362
-0.003500445
0.62289221
0.0034771159
-0.6228688
-0.62412201
-0.003409359
0.62043775
0.0031348128
-0.0036918764
0.62055293
0.0036180728
-0.6204791
-0.62236248
-0.0035017055
0.61675323
0.0030147292
-0.0040922181
0.61707111
0.0039413603
-0.61692025
-0.61971836
-0.0036997173
0.61101834
0.0032231677
-0.0052818722
0.61214936
0.004857431
-0.61172482
-0.61582943
-0.00429549
0.60162992
0.0050605174
-0.0086990536
0.60524097
0.0075116973
-0.60405315
-0.61009954
-0.0058535782
0.53223481
0.012282622
-0.015229234
0.54013553
0.012992916
-0.53789866
-0.60277055
-0.010146491
0.60402339
0.029181556
-0.025392558
0.60734961
0.024307354
-0.60626416
-0.52312101
-0.020270488
0.61941239
0.030092783
-0.026168887
0.61869274
0.026065293
-0.61858827
-0.60997291
-0.026010682
0.62810753
0.027445616
-0.024344687
0.62615823
0.024924778
-0.62673843
-0.62087455
-0.0259629
0.63300267
0.024034162
-0.02171494
0.63073115
0.022412342
-0.63142866
-0.62820014
-0.023729547
0.63537994
0.020791726
-0.019038683
0.63328124
0.019685553
-0.63392815
-0.63221714
-0.021098477
0.63621791
0.017783827
-0.016506972
0.63431628
0.017144301
-0.63495357
-0.63420646
-0.018395657
0.63618919
0.012021177
-0.014247461
0.6345395
0.014757661
-0.63504969
-0.63501056
-0.015938674
0.63555575
0.01014899
-0.012208191
0.6340971
0.012709282
-0.63459819
-0.63495274
-0.013727359
0.63450202
0.0085244758
-0.010450348
0.63327863
0.010895326
-0.63372364
-0.63430855
-0.011798565
0.63543744
0.0071786261
0.63552345
-0.0085753423
0.0092503843
-0.63619853
-0.63346747
-0.010041293
0.62733447
0.0027660292
-0.0028945091
0.62748124
0.0028259349
-0.62741264
0.0025919053
-0.6271325
-0.0020150363
0.62662491
0.0030306585
-0.0031616798
0.6267899
0.0030955333
-0.6267237
-0.62728322
-0.0029371863
0.62574042
0.0032319006
-0.0034250543
0.6259516
0.0032838601
-0.62581038
-0.62654334
-0.0032023417
0.62453007
0.0034194921
-0.0036255571
0.62467774
0.0036286994
-0.62468086
-0.62556175
-0.0034666593
0.62292671
0.0035624054
-0.0039491134
0.62313832
0.0038860072
-0.62307518
-0.62427804
-0.0037258498
0.62061935
0.0037547004
-0.0043708241
0.62097709
0.0042150842
-0.62082136
-0.62258565
-0.0039948014
0.61727314
0.0042078006
-0.0051453197
0.61797235
0.0048870193
-0.61771406
-0.62011653
-0.004499687
0.6125901
0.0053199508
-0.006769602
0.61410108
0.0062927275
-0.61362414
-0.61678272
-0.0054905059
0.60640359
0.0080171194
-0.0099780188
0.60961023
0.0089608665
-0.60859289
-0.61248409
-0.0073882798
0.54206666
0.013007363
-0.014032031
0.54689378
0.012543768
-0.54540525
-0.60800181
-0.011069324
0.6083462
0.023074975
-0.020961198
0.61107726
0.020111086
-0.61022702
-0.54028851
-0.017331912
0.61861694
0.025027808
-0.022157923
0.61865957
0.022040989
-0.61854318
-0.61269564
-0.021566756
0.62570419
0.024084876
-0.021573617
0.6245793
0.021912841
-0.62491871
-0.62007595
-0.022231455
0.630132
0.02185817
-0.019822193
0.6285143
0.020286113
-0.62897825
-0.62609608
-0.021158773
0.63266008
0.019346435
-0.017712392
0.6309556
0.018266879
-0.6315101
-0.6298594
-0.019303346
0.63375403
0.016888073
-0.015664826
0.63215819
0.016157738
-0.63265111
-0.6317971
-0.017190063
0.63402153
0.014661074
-0.013695814
0.63250732
0.014168794
-0.6329803
-0.63281057
-0.015100101
0.63358176
0.012644189
-0.011861962
0.6322795
0.012293372
-0.63271092
-0.6329318
-0.013234737
0.63286958
0.010820414
-0.010269534
0.6317066
0.01063379
-0.63207089
-0.63252809
-0.011467271
0.63543458
0.0093075186
0.62972292
-0.0064409837
0.0091646434
-0.63244659
-0.63191837
-0.0098874251
0.62754796
0.0028525522
-0.0029608268
0.69813234
-0.067458139
-0.62771335
0.0026425304
-0.62630416
-0.0027966092
0.62688252
0.003095929
-0.0032600676
0.62707643
0.0031842421
-0.62700057
-0.62753403
-0.0030344823
0.62594631
0.0033932963
-0.0035738188
0.62617815
0.0034928343
-0.62609713
-0.62684617
-0.0032865856
0.62480549
0.0036057586
-0.0038492315
0.62501985
0.0037565027
-0.62492709
-0.62585315
-0.0036317029
0.62320989
0.0039650477
-0.0042788322
0.62354471
0.0041854523
-0.62345131
-0.62459
-0.0040221024
0.62111891
0.004382362
-0.004895751
0.62160401
0.0047253049
-0.62143358
-0.62297083
-0.0044076948
0.61824351
0.0051308942
-0.0059146357
0.61911243
0.005567489
-0.61876528
-0.62079428
-0.0050856362
0.61460928
0.006485353
-0.0075071623
0.61611807
0.0070224756
-0.61563333
-0.61808715
-0.0061744683
0.61051792
0.0091589771
-0.010228158
0.61313432
0.0094349546
-0.61234103
-0.61489879
-0.0080573853
0.54822838
0.012409272
-0.01288891
0.55182035
0.011784569
-0.55071598
-0.61193264
-0.011047317
0.61188424
0.019292452
-0.017915738
0.61408054
0.017221282
-0.61338653
-0.55199017
-0.015309298
0.61889095
0.021402657
-0.019354077
0.61939157
0.019217056
-0.61925454
-0.61511153
-0.018464748
0.62427694
0.021214862
-0.019129832
0.62372096
0.019287787
-0.62387841
-0.62025016
-0.019486695
0.62811198
0.019766773
-0.017981708
0.62700322
0.018311898
-0.62733316
-0.62477743
-0.018880457
0.6304518
0.017905059
-0.016428491
0.62910282
0.016852434
-0.62952678
-0.62799399
-0.017630904
0.63163577
0.015894193
-0.014739883
0.63033542
0.015153443
-0.630749
-0.62991584
-0.016033319
0.63202465
0.014005195
-0.013085035
0.6307694
0.013471681
-0.63115602
-0.63090948
-0.014319276
0.63185941
0.012210321
-0.011452496
0.63064013
0.011839551
-0.63102715
-0.63117461
-0.012631558
0.63132778
0.010592435
-0.0099778373
0.63020702
0.010361443
-0.63059064
-0.63090979
-0.011098334
0.62842511
0.0080984063
0.62966451
-0.0085641208
0.0089091385
-0.63000955
-0.63042709
-0.0096240349
0.70027997
0.00081350694
0.066605195
0.63205697
0.0024264237
-0.70108856
0.0029382562
-0.62661431
-0.0029497228
0.62715277
0.0032104096
-0.0033520463
0.62742329
0.0032422005
-0.62731341
-0.62783615
-0.0031030618
0.62626228
0.0035251819
-0.0037085533
0.62653172
0.0036159884
-0.62643914
-0.62711439
-0.0034382762
0.62511727
0.0038785363
-0.0041184114
0.62543313
0.0040093758
-0.62532405
-0.62623123
-0.003754725
0.62366945
0.0043020932
-0.004598986
0.6240748
0.0044591157
-0.6239349
-0.62500861
-0.0042328504
0.6217558
0.0048451108
-0.0053094686
0.62234628
0.0051168013
-0.62215362
-0.62352319
-0.0047504243
0.61939122
0.0056889838
-0.0062784573
0.62024424
0.0060170451
-0.61998282
-0.62161382
-0.0055202121
0.61662286
0.0071047843
-0.0078374057
0.61796478
0.0073829894
-0.61751034
-0.61934502
-0.0066453549
0.61386636
0.0094206257
-0.010054308
0.61593509
0.0094344387
-0.61531514
-0.61704318
-0.0083317215
0.55285169
0.01158292
-0.011865168
0.55560649
0.010997898
-0.55473922
-0.61491087
-0.010697121
0.61472972
0.016637072
-0.015650672
0.61639247
0.015144242
-0.61588608
-0.56085306
-0.013781311
0.61956534
0.018475294
-0.016982042
0.6201727
0.016754482
-0.61994507
-0.61714
-0.016100379
0.62354305
0.018735069
-0.017039696
0.62319102
0.017110883
-0.6232622
-0.62061327
-0.01703533
0.62672039
0.017886789
-0.016332598
0.62593732
0.01662437
-0.62622888
-0.62402536
-0.016957842
0.62875464
0.016477155
-0.015199378
0.62773933
0.015483556
-0.62802354
-0.62666722
-0.016124232
0.62994066
0.014913587
-0.013856344
0.62882511
0.014178677
-0.6291475
-0.62840028
-0.014852866
0.63032454
0.013321586
-0.012392682
0.62921985
0.012748155
-0.62957536
-0.62932621
-0.013451194
0.63028928
0.01171876
-0.010999207
0.62919943
0.011368832
-0.62956905
-0.62959106
-0.012065494
0.62985925
0.01025648
-0.0096654912
0.62885726
0.009992641
-0.62918446
-0.6294524
-0.010659159
0.62936325
0.008949641
0.62843145
-0.0083592629
0.0086788974
-0.6287511
-0.62907359
-0.0093404722
0.62969442
0.0028140445
-0.0031940272
0.62848596
0.0032180687
-0.62850997
0.0027270714
-0.62686938
-0.0030189682
0.62748174
0.0032938677
-0.0034325673
0.62774852
0.003341256
-0.62765718
-0.62973803
-0.0022024021
0.62662695
0.0036443547
-0.0038230713
0.62695137
0.0036961369
-0.6268244
-0.62746676
-0.0035269742
0.62559557
0.0039737119
-0.0042743909
0.62589982
0.0041538682
-0.62577926
-0.62658163
-0.0039290197
0.62421861
0.0045376732
-0.0048303333
0.62466819
0.0046777944
-0.62451564
-0.62548691
-0.0044009794
0.62254281
0.005186343
-0.0055375023
0.62314694
0.0053341012
-0.62294351
-0.62417549
-0.0049688477
0.62057991
0.0060733946
-0.0065674953
0.62140706
0.0062852194
-0.62112477
-0.62250199
-0.0057588447
0.61840992
0.0074529374
-0.0079993695
0.61964883
0.007564462
-0.61921389
-0.62068371
-0.0068773756
0.61654602
0.0094053768
-0.0097958527
0.61810912
0.0092818038
-0.61759505
-0.61885714
-0.0083854714
0.55642274
0.010818116
-0.011015965
0.55865554
0.010304482
-0.55794401
-0.61717833
-0.01025997
0.616859
0.014720833
-0.014023295
0.61807663
0.013642094
-0.61769537
-0.56797728
-0.012599137
0.62038437
0.016261474
-0.015162549
0.62096806
0.014960201
-0.62076568
-0.61874436
-0.014361051
0.6230927
0.016706216
-0.015358633
0.62318259
0.015287874
-0.6231119
-0.62092453
-0.015278759
0.62571336
0.016217896
-0.014927985
0.62522862
0.015111823
-0.62541257
-0.6236786
-0.015312726
0.62744782
0.015205743
-0.014070145
0.62665114
0.014287924
-0.62686892
-0.62573083
-0.014766543
0.62846748
0.0139447
-0.012968923
0.62757961
0.013232677
-0.6278434
-0.62716384
-0.013810073
0.62890412
0.012571028
-0.011742187
0.62793465
0.012069474
-0.62826195
-0.6279765
-0.012674622
0.62886524
0.011215594
-0.010520412
0.62792096
0.010825678
-0.6282263
-0.62825712
-0.011438557
0.62854038
0.0099034442
-0.0093203496
0.62763032
0.0096170341
-0.62792704
-0.62814848
-0.010216885
0.6281492
0.0087027236
0.62728507
-0.0081202446
0.0084152573
-0.6275801
-0.62783382
-0.0090240449
0.62854129
0.003260698
-0.0033508947
0.62887453
0.0032129472
-0.62873657
0.0027620651
-0.62723872
-0.0030567074
0.62783914
0.0033655394
-0.0034995501
0.69569666
-0.064171509
-0.62802558
-0.6286796
-0.0034091729
0.62702989
0.0037444262
-0.0039134829
0.62735003
0.0038054185
-0.62724193
-0.62784544
-0.0035992638
0.62602226
0.0041849354
-0.0043671168
0.62640089
0.0042644753
-0.62629822
-0.62701601
-0.0040258099
0.62482276
0.0047175256
-0.0049746203
0.62529467
0.0048169315
-0.62513697
-0.62600556
-0.0045011896
0.62335148
0.005404894
-0.005718983
0.62396613
0.0055142906
-0.62376141
-0.62481472
-0.0051430345
0.62171142
0.0063301938
-0.0066889521
0.62252647
0.0064214995
-0.62225901
-0.62338737
-0.0059382734
0.61999656
0.0076115067
-0.0079372625
0.62107153
0.0075984159
-0.62073267
-0.62186859
-0.0069765607
0.6186003
0.0092427635
-0.0094580433
0.61982167
0.0090909877
-0.61945452
-0.62044598
-0.008294292
0.55933453
0.010155
-0.010311361
0.56122424
0.009702035
-0.56061484
-0.61888327
-0.0097960116
0.61844434
0.013329229
-0.012818032
0.61947133
0.012488782
-0.61914201
-0.57390004
-0.011642436
0.62116665
0.014572658
-0.013705557
0.62165795
0.013560011
-0.62151253
-0.61998987
-0.013089874
0.62306635
0.015146379
-0.013987913
0.62309548
0.013987207
-0.6230953
-0.62150606
-0.013844355
0.62505868
0.014779087
-0.013720547
0.62468957
0.013834363
-0.62480362
-0.62354391
-0.013949316
0.62639667
0.0140374
-0.013058709
0.62580435
0.013251805
-0.62599741
-0.62507076
-0.013586026
0.62730202
0.013037944
-0.012129637
0.62651693
0.012371421
-0.62675878
-0.62620004
-0.012847643
0.62764443
0.011871176
-0.011104026
0.6268296
0.011366383
-0.62709201
-0.62684838
-0.011882561
0.62762486
0.010694693
-0.010030578
0.62678837
0.010301053
-0.62705889
-0.6271021
-0.010837819
0.62734339
0.0095215814
-0.0089536526
0.62652094
0.009221552
-0.62678887
-0.6269854
-0.0097600607
0.62702151
0.0084252557
0.62622344
-0.0078566602
0.0081275567
-0.62649436
-0.62670641
-0.0086850531
0.62890969
0.0033531519
-0.0033890475
0.62925215
0.0032731688
-0.62913625
0.0030417164
-0.62769459
-0.0031119202
0.69827278
0.0009425455
-0.069355182
0.69808878
0.0045111626
-0.63324475
-0.62897982
-0.0035314424
0.62745939
0.0038228496
-0.0039789138
0.6277927
0.0038670337
-0.6276808
-0.69404667
-0.0036552103
0.62652981
0.0042867558
-0.0044724554
0.62692169
0.0043411642
-0.62679038
-0.62747182
-0.0040950095
0.62547869
0.0048186727
-0.0050650504
0.62593163
0.0049058222
-0.6257724
-0.62654841
-0.0046100821
0.6241702
0.0055409139
-0.0057952961
0.62477074
0.0055970462
-0.62457248
-0.62548872
-0.005232939
0.62278898
0.0064393338
-0.006703529
0.62354359
0.0064577073
-0.62329776
-0.62425234
-0.0060052589
0.62140035
0.0075869299
-0.0078150048
0.62232266
0.007517225
-0.62202487
-0.62300143
-0.0069619712
0.62022093
0.0089817153
-0.009067035
0.62122978
0.0087485332
-0.62091131
-0.62179556
-0.0081203075
0.56180736
0.0095752526
-0.009695171
0.56344944
0.0091659001
-0.56292013
-0.62018385
-0.0093436007
0.61979604
0.012231213
-0.011811934
0.62068569
0.011522599
-0.62039637
-0.57891489
-0.01083737
0.62179187
0.013259794
-0.012538721
0.6221769
0.012412222
-0.6220505
-0.62104648
-0.012035678
0.62314806
0.013661966
-0.012806643
0.62321514
0.012811799
-0.62322042
-0.62201174
-0.012656674
0.62458128
0.013552673
-0.012640672
0.62430823
0.012724168
-0.62439194
-0.62351148
-0.01280715
0.62559417
0.013006419
-0.012120402
0.62509266
0.012279064
-0.62525147
-0.6245867
-0.012540482
0.62628577
0.012165855
-0.011370348
0.62564991
0.01157329
-0.62585292
-0.62541681
-0.011948323
0.6265759
0.011201363
-0.010489754
0.62586587
0.010718095
-0.62609424
-0.62591752
-0.011160208
0.62652586
0.010170471
-0.0095416753
0.62578259
0.0097823313
-0.62602327
-0.62608872
-0.010256641
0.62626199
0.0091226687
-0.0085752992
0.62552001
0.0088169929
-0.62576173
-0.62594848
-0.0093002864
0.62597886
0.0081261551
0.62524618
-0.0075765648
0.0078239291
-0.62549357
-0.62568575
-0.0083323188
0.62931501
0.0033857179
-0.0034408522
0.62966368
0.0032979743
-0.62952078
0.002809955
-0.62795723
-0.0031585136
0.69705633
0.00459712
-0.0035866029
0.62891103
0.0034880958
-0.62881252
-0.62947999
-0.0036397489
0.62790518
0.0038789485
-0.004019674
0.62824502
0.0039061608
-0.62813149
-0.62865331
-0.0036902067
0.62705344
0.0043552314
-0.0045177234
0.62744954
0.004385714
-0.62731752
-0.62793905
-0.004137175
0.62609045
0.0049206822
-0.0051049605
0.62656221
0.0049486997
-0.62640595
-0.62710022
-0.0046554859
0.62496654
0.0056077347
-0.0058052142
0.62553706
0.0056180172
-0.62534986
-0.62615482
-0.0052684292
0.62378361
0.0064550476
-0.0066407662
0.62446764
0.0064187855
-0.62424565
-0.62507272
-0.0060014684
0.62261048
0.0074826846
-0.0076159034
0.62341711
0.007356045
-0.62315724
-0.62398981
-0.0068695653
0.62153609
0.008673633
-0.0086762148
0.62236918
0.0084119247
-0.6221049
-0.62295018
-0.0078778849
0.56396782
0.0090402251
-0.0091394788
0.56542558
0.0086672583
-0.56495339
-0.62123724
-0.0088904203
0.62095613
0.011309183
-0.010926525
0.62169965
0.010691548
-0.62146471
-0.58323405
-0.010129327
0.62229885
0.012155473
-0.011544345
0.62264749
0.011431834
-0.62253508
-0.62190601
-0.011125015
0.62325893
0.012523885
-0.011840428
0.62341703
0.01178859
-0.62336539
-0.62245578
-0.011644465
0.62422642
0.012480307
-0.011705283
0.6240234
0.011762464
-0.62408068
-0.62348529
-0.01185196
0.62494144
0.012057249
-0.01129371
0.624532
0.011423107
-0.62466151
-0.62422085
-0.011629119
0.62545505
0.01138371
-0.010663195
0.62491527
0.010836007
-0.62508815
-0.62477656
-0.011152491
0.62564508
0.010561014
-0.0099027645
0.62502736
0.010101992
-0.6252266
-0.62512404
-0.010483695
0.62554875
0.0096546198
-0.0090624082
0.62488585
0.0092771112
-0.62510059
-0.62519951
-0.0096976952
0.6252863
0.0087171506
-0.0081938812
0.62461607
0.0084123077
-0.62483452
-0.6250225
-0.0088465772
0.6250206
0.0078132691
0.62435088
-0.0072862043
0.0075115413
-0.62457624
-0.62476225
-0.0079737716
0.62972999
0.0034327504
-0.0034550021
0.63016282
0.0033372842
-0.63004509
0.0030736466
-0.62855256
-0.0031708113
0.62901289
0.0034903486
-0.0036038443
0.6293154
0.0035025513
-0.62921411
-0.63125667
-0.0037030084
0.62835864
0.0039125443
-0.0040371682
0.62869888
0.0039239536
-0.62858566
-0.62906834
-0.0037076258
0.62758135
0.0043920977
-0.0045308091
0.62797378
0.0044006412
-0.6278436
-0.62840888
-0.0041541468
0.62671724
0.0049527674
-0.005100839
0.62717317
0.0049505401
-0.62702287
-0.62764806
-0.0046658437
0.62572117
0.0056146748
-0.0057613009
0.62625429
0.0055868283
-0.62607981
-0.62679845
-0.0052569317
0.62468375
0.0063991698
-0.0065215142
0.62529789
0.0063223182
-0.62509869
-0.62583503
-0.00594233
0.62366824
0.007307291
-0.0073736219
0.62436871
0.0071487754
-0.62414387
-0.62486474
-0.0067245379
0.6226283
0.0083283888
-0.0082796801
0.62333072
0.0080565851
-0.62310764
-0.62394209
-0.0075988616
0.56588631
0.0085522762
-0.008628748
0.56720209
0.0081985958
-0.56677194
-0.62209087
-0.0084600276
0.62192292
0.010501518
-0.010136516
0.62252774
0.0099452869
-0.6223366
-0.58698576
-0.0094865607
0.62275807
0.011206578
-0.010678491
0.6230833
0.010569899
-0.62297483
-0.62264831
-0.010303886
0.62338898
0.011537123
-0.010995094
0.62348837
0.01097587
-0.62346932
-0.62286316
-0.010787882
0.62396635
0.01154617
-0.010873631
0.62381223
0.010930087
-0.6238688
-0.62352228
-0.011007714
0.62440877
0.011221361
-0.010535635
0.62407628
0.010640616
-0.62418131
-0.62393886
-0.010808384
0.62474857
0.010660257
-0.010002191
0.62428546
0.010150651
-0.62443397
-0.62425055
-0.010419243
0.6248343
0.0099530596
-0.0093415899
0.62429099
0.0095168954
-0.62446631
-0.62444499
-0.0098475331
0.62467722
0.0091534354
-0.008597523
0.6240861
0.0087889059
-0.62427752
-0.62441727
-0.0091613218
0.62440466
0.0083133191
-0.0078156496
0.62379783
0.0080134984
-0.6239957
-0.62419414
-0.0084043703
0.62414329
0.0074926952
0.62353099
-0.0069889457
0.0071944985
-0.62373656
-0.62392458
-0.0076155939
0.6302815
0.0034434097
-0.0039059757
0.63188
0.0033677922
-0.63134181
0.0030768673
-0.62892359
-0.0031738338
0.62941644
0.0035047328
-0.0036053598
0.62971836
0.0035051224
-0.62961813
-0.69723674
-0.0033122024
0.62881181
0.0039252594
-0.0040337029
0.62914791
0.0039221857
-0.62903639
-0.62948229
-0.0037082393
0.62810316
0.0044001218
-0.0045155713
0.62848521
0.0043893396
-0.62835897
-0.62887415
-0.0041485987
0.62732167
0.0049453233
-0.0050603655
0.6277552
0.0049179202
-0.62761275
-0.62818158
-0.0046457822
0.62642556
0.0055722292
-0.0056766535
0.6269198
0.0055151697
-0.62675832
-0.62740959
-0.0052073691
0.62549191
0.0062916968
-0.0063675488
0.62604453
0.0061880746
-0.62586507
-0.62653688
-0.0058429502
0.62458536
0.0070933943
-0.0071151801
0.62518774
0.0069219337
-0.62499451
-0.625644
-0.0065495032
0.62354608
0.0079670852
-0.0078915292
0.62414348
0.0076991662
-0.62395114
-0.62479323
-0.0073083273
0.56762134
0.00808618
-0.0081497387
0.56881422
0.0077614799
-0.56842596
-0.6227714
-0.0080415336
0.62270874
0.0097688067
-0.0094195974
0.62319088
0.009268787
-0.62304018
-0.59024944
-0.0089020391
0.62319122
0.010369483
-0.0099049179
0.62350379
0.0098027243
-0.6234017
-0.62327172
-0.0095562718
0.62351585
0.010746578
-0.010221083
0.62365365
0.010151029
-0.6235837
-0.62328793
-0.010002711
0.62375776
0.010728857
-0.010098628
0.6236249
0.010145696
-0.62367204
-0.6235728
-0.010229296
0.62397678
0.010454215
-0.0098315498
0.62370995
0.0099155966
-0.62379399
-0.62370265
-0.010049383
0.62414237
0.0099861556
-0.0093812699
0.62374427
0.0095090464
-0.62387208
-0.6238169
-0.0097355172
0.62412064
0.0093756466
-0.0088056752
0.62364231
0.0089598308
-0.62379648
-0.62385931
-0.0092475405
0.62390021
0.008669687
-0.0081482805
0.62337414
0.0083184911
-0.62354439
-0.62373022
-0.0086476037
0.6236062
0.0079164033
-0.007444351
0.62305614
0.0076236705
-0.62323548
-0.62345307
-0.0079756527
0.62333987
0.0071693108
0.62277891
-0.0066894199
0.0068774706
-0.62296699
-0.62316251
-0.007262189
0.63207379
0.0034422676
-0.0662808
0.69673293
0.0040232568
-0.63447539
0.0030716346
-0.6293194
-0.0031932382
0.62981848
0.003503179
-0.0035921151
0.63011623
0.0034932545
-0.63001738
-0.69342762
-0.0033021994
0.62925884
0.0039189237
-0.0040117054
0.62958742
0.0039029268
-0.62947865
-0.62989175
-0.0036933617
0.62861025
0.0043828636
-0.0044766366
0.62897723
0.0043557159
-0.62885631
-0.62932921
-0.0041233711
0.62789555
0.0049052435
-0.0049920135
0.62830355
0.0048582069
-0.62816974
-0.6286936
-0.0046007344
0.62707806
0.0054923162
-0.0055629726
0.62753319
0.00541452
-0.62738474
-0.62798319
-0.005129363
0.62621951
0.0061502125
-0.0061904611
0.62671799
0.0060286309
-0.62655617
-0.62718076
-0.0057151476
0.62537411
0.0068635668
-0.0068523565
0.62589505
0.0066846788
-0.6257274
-0.62634386
-0.0063541532
0.62432866
0.0076119193
-0.0075171648
0.62484131
0.0073533125
-0.62467749
-0.62552479
-0.0070193135
0.56919389
0.0076537478
-0.0077046351
0.57028603
0.0073477885
-0.56992922
-0.62332786
-0.0076377841
0.62333292
0.0091114212
-0.0087938344
0.62371101
0.00867478
-0.62359204
-0.59312813
-0.0083734328
0.62360167
0.0096232149
-0.0092074184
0.62387864
0.0091179735
-0.62378923
-0.62377541
-0.0089027663
0.62369142
0.0099303446
-0.0093476203
0.62378227
0.0093522876
-0.62378676
-0.62364598
-0.0092831272
0.62357978
0.0099523508
-0.0093689732
0.62358107
0.0093760358
-0.62358808
-0.62354569
-0.0093519962
0.62363131
0.0097423505
-0.0091772698
0.62341674
0.0092455288
-0.62348499
-0.62354344
-0.0093475248
0.62362153
0.0093547866
-0.0087981066
0.62328031
0.0089073659
-0.62338959
-0.62345917
-0.0090979091
0.62349327
0.0088246768
-0.0082951796
0.62307498
0.0084299988
-0.62320983
-0.62335146
-0.0086819021
0.62320894
0.0082036503
-0.0077147011
0.62274192
0.0078657281
-0.62289299
-0.62312763
-0.008156309
0.62288246
0.0075289431
-0.0070820284
0.62238441
0.007244291
-0.6225467
-0.62279136
-0.007560784
0.62260279
0.0068478907
0.62208786
-0.0063920006
0.0065644386
-0.62226033
-0.62246876
-0.006916348
0.69608513
0.00385259
-0.0031903248
0.69550095
0.0033421654
-0.69565279
0.0030583304
-0.62948642
-0.0031783137
0.63021461
0.0034883392
-0.0035657941
0.63050661
0.0034690249
-0.63040985
-0.63072518
-0.003281032
0.6296954
0.0038956135
-0.0039735346
0.63001402
0.0038682453
-0.62990874
-0.63029319
-0.0036645342
0.62909672
0.0043442784
-0.0044185626
0.6294461
0.0043036399
-0.62933117
-0.62977009
-0.0040812049
0.6284352
0.0048398676
-0.0049033394
0.6288171
0.0047781915
-0.62869196
-0.62918007
-0.00453597
0.62767845
0.0053859984
-0.0054301734
0.62809517
0.0052943794
-0.62795939
-0.62851821
-0.0050311919
0.62687559
0.0059858681
-0.0059976032
0.62732317
0.0058525507
-0.62717813
-0.62776884
-0.0055687414
0.62605742
0.0066241035
-0.0065867559
0.62651404
0.0064394254
-0.62636673
-0.62697302
-0.0061444119
0.62499942
0.0072694425
-0.007157025
0.62543437
0.0070186183
-0.625296
-0.62615911
-0.0067320246
0.57063567
0.0072470725
-0.0072927512
0.57164768
0.0069611015
-0.57131606
-0.62376707
-0.0072499887
0.62382485
0.0085374182
-0.0082553366
0.62413976
0.0081540932
-0.62403855
-0.59569587
-0.007891963
0.6239646
0.0089590769
-0.0085909589
0.62420884
0.0085112541
-0.62412911
-0.6241749
-0.0083410305
0.62380897
0.0092057069
-0.0087696016
0.62387737
0.0087464639
-0.62385427
-0.62393313
-0.0086597608
0.62354594
0.0092649839
-0.0087573278
0.62346663
0.008792417
-0.62350178
-0.62361691
-0.0087826541
0.62335137
0.0090874459
-0.008575102
0.62317006
0.0086331429
-0.62322815
-0.62341424
-0.0087246993
0.62317533
0.0087630422
-0.0082519358
0.6228836
0.0083455029
-0.62297719
-0.62316059
-0.0085076695
0.62294458
0.0083021127
-0.0078117638
0.62257775
0.0079301517
-0.62269616
-0.62291
-0.0081509534
0.62259539
0.0077554627
-0.0072981723
0.6221809
0.0074322841
-0.62231505
-0.62259753
-0.0076893251
0.62222732
0.0071522614
-0.0067302662
0.62177738
0.006876778
-0.62192392
-0.62220159
-0.0071609419
0.62192556
0.0065322418
0.62145234
-0.0060999359
0.0062582507
-0.62161069
-0.62183837
-0.0065798987
0.69524483
0.0034389144
-0.0031611363
0.63126447
0.064319868
-0.69242321
0.0030375628
-0.62992777
-0.0032353415
0.63060272
0.003461201
-0.0035277268
0.63088697
0.0034336691
-0.63079292
-0.63108782
-0.0032504328
0.63011835
0.0038573922
-0.0039214706
0.63042526
0.0038202041
-0.63032401
-0.63068372
-0.0036234309
0.6295595
0.0042881344
-0.0043452238
0.6298904
0.0042364768
-0.62978165
-0.63019417
-0.0040246503
0.62894015
0.0047556811
-0.004800118
0.62929683
0.0046832701
-0.62917999
-0.62963957
-0.0044559135
0.62822795
0.0052621731
-0.0052856623
0.62860871
0.0051615934
-0.62848465
-0.6290159
-0.004918949
0.62746419
0.0058068164
-0.0057964631
0.62786374
0.0056670875
-0.62773439
-0.62830362
-0.0054114859
0.62665705
0.0063773456
-0.0063203347
0.62706
0.0061901808
-0.62692987
-0.62753617
-0.0059273798
0.62556903
0.006938117
-0.0068138025
0.62593628
0.0066973886
-0.6258199
-0.62671197
-0.0064475391
0.5719724
0.0068674715
-0.0069097998
0.57291349
0.0066018727
-0.57260559
-0.62409828
-0.0068823615
0.62423832
0.0080308975
-0.0077707047
0.62451359
0.0076825211
-0.62442541
-0.59800001
-0.0074488746
0.62428573
0.0083690421
-0.0080296532
0.62450076
0.0079607552
-0.62443187
-0.62449185
-0.0078402116
0.62387001
0.008617716
-0.0082313978
0.6239236
0.0082023634
-0.6238946
-0.62420007
-0.0080924678
0.62343484
0.0086414628
-0.0081760179
0.6233596
0.0081973334
-0.62338098
-0.6236579
-0.0082420711
0.6231142
0.0084883649
-0.0080231371
0.62295918
0.00807269
-0.6230088
-0.62328592
-0.0081496942
0.62279354
0.008211586
-0.0077455296
0.62254229
0.0078262451
-0.62262305
-0.62290614
-0.0079655854
0.62246307
0.007810264
-0.0073590003
0.62213941
0.0074636096
-0.62224405
-0.62252644
-0.0076577177
0.62205065
0.0073273617
-0.0069017917
0.62168101
0.0070216298
-0.62180089
-0.6221295
-0.0072505876
0.62163557
0.006787926
-0.0063909329
0.6212293
0.0065232626
-0.62136166
-0.62167502
-0.0067788421
0.62130266
0.0062242026
0.62086728
-0.0058146786
0.0059602103
-0.62101285
-0.62126645
-0.006254467
0.63135032
0.0030669647
-0.0031235593
0.63160993
0.0030366278
-0.63152303
0.0030097103
-0.63044172
-0.003125401
0.63098021
0.0034232984
-0.0034795075
0.63125524
0.003388616
-0.63116437
-0.63144243
-0.0032108718
0.63052547
0.0038063306
-0.0038577904
0.63081945
0.0037609087
-0.63072258
-0.63106153
-0.0035718278
0.62999763
0.004217665
-0.0042598841
0.63031025
0.0041571754
-0.63020755
-0.63059976
-0.0039561769
0.62941168
0.0046577014
-0.0046864019
0.62974443
0.0045774153
-0.62963546
-0.63007257
-0.0043641464
0.62873002
0.0051269532
-0.0051337795
0.62907808
0.00502033
-0.62896464
-0.62947825
-0.0047967138
0.62798947
0.0056199717
-0.0055934806
0.62834587
0.0054779942
-0.6282304
-0.62878916
-0.0052480921
0.62718657
0.0061281516
-0.0060602455
0.62754484
0.0059441542
-0.62742877
-0.62803741
-0.0057098909
0.62605015
0.0066215023
-0.0064944076
0.62635954
0.0063962967
-0.62626145
-0.6271989
-0.0061736953
0.5732147
0.0065145938
-0.0065553467
0.57408784
0.0062693074
-0.57380182
-0.62434029
-0.006543034
0.62459804
0.0075697512
-0.0073225244
0.62483234
0.0072462142
-0.62475604
-0.60007563
-0.007041594
0.62456484
0.00782856
-0.0075079459
0.62473377
0.0074567929
-0.62468266
-0.62474506
-0.0073774746
0.62396268
0.0080256869
-0.0076219394
0.62405252
0.0076107151
-0.62404162
-0.62442791
-0.0075573449
0.62333895
0.0080669591
-0.0076485279
0.62330866
0.007645626
-0.62330592
-0.6237497
-0.0076110975
0.62291145
0.007940939
-0.0075223957
0.6227792
0.0075647537
-0.62282161
-0.62318419
-0.00762434
0.62246443
0.0077034006
-0.0072813389
0.62224611
0.0073516786
-0.62231649
-0.62268853
-0.0074728716
0.62203792
0.0073525443
-0.0069399403
0.62175073
0.0070328821
-0.6218437
-0.62219211
-0.0072044255
0.62156434
0.0069229686
-0.0065286473
0.62123138
0.0066369119
-0.62133968
-0.62171385
-0.006843067
0.62110113
0.0064382217
-0.0060660993
0.62073308
0.0061861492
-0.62085316
-0.62120174
-0.0064174642
0.62072913
0.0059251233
0.62032812
-0.0055381826
0.0056721303
-0.62046211
-0.62074703
-0.0059418686
0.63169371
0.0030300993
-0.003079277
0.6319461
0.0029949899
-0.63186184
0.0029756507
-0.63086768
-0.0030890094
0.63134526
0.0033759869
-0.0034227867
0.6316103
0.0033352711
-0.63152281
-0.63178657
-0.0031635711
0.63091521
0.0037445408
-0.0037847662
0.63119558
0.0036924542
-0.63110329
-0.63142546
-0.0035114986
0.63041151
0.0041357626
-0.0041654411
0.6307066
0.004068505
-0.63060966
-0.63098594
-0.003878239
0.62985152
0.0045496023
-0.0045650939
0.63016161
0.0044635565
-0.63006009
-0.63048041
-0.0042636342
0.62918904
0.0049840446
-0.0049775073
0.62950777
0.0048735422
-0.62940382
-0.62990726
-0.0046673928
0.62845822
0.0054307116
-0.0053936352
0.62877808
0.0052897181
-0.62867418
-0.62923077
-0.0050817572
0.62765804
0.0058840703
-0.0058126374
0.62798048
0.0057078584
-0.62787572
-0.62848388
-0.0054978571
0.62645489
0.0063248809
-0.0061983474
0.62671498
0.0061146639
-0.62663132
-0.62763587
-0.0059153463
0.57436902
0.0061866825
-0.0062284779
0.57518642
0.0059602247
-0.57491818
-0.62450453
-0.0062278923
0.62490756
0.0071395011
-0.0069051266
0.62511643
0.0068386109
-0.62504993
-0.60195025
-0.0066690147
0.62478421
0.0073420404
-0.0070562332
0.62490982
0.0070175896
-0.62487121
-0.62495511
-0.0069536871
0.62404737
0.007519298
-0.0071558068
0.62407193
0.0071562105
-0.62407233
-0.6246107
-0.0071041838
0.62329899
0.007514165
-0.0071920736
0.62327796
0.0072143181
-0.62330023
-0.62378179
-0.0071752688
0.62273826
0.0074462006
-0.007071568
0.62262093
0.007109749
-0.62265915
-0.62311374
-0.0071671936
0.62217798
0.0072399584
-0.0068579066
0.62198546
0.0069201812
-0.62204777
-0.62249922
-0.0070275234
0.62166039
0.0069308046
-0.0065539257
0.62140373
0.0066371853
-0.62148702
-0.62189818
-0.0067898499
0.62112564
0.0065449571
-0.0061798318
0.62082225
0.0062787343
-0.6209212
-0.62134073
-0.0064662915
0.6206166
0.0061054329
-0.0057571665
0.6202808
0.0058669303
-0.62039059
-0.62077203
-0.0060782211
0.62020048
0.0056367629
0.61983054
-0.0052718413
0.0053953336
-0.61995408
-0.62027329
-0.0056434013
0.63202757
0.0029860021
-0.0030286776
0.63227167
0.002947487
-0.6321905
0.0031882059
-0.63128508
-0.0030217283
0.63169692
0.003320752
-0.0033591431
0.63195157
0.0032751133
-0.63186756
-0.63211917
-0.0031097154
0.63128675
0.0036740899
-0.0037044984
0.63155334
0.0036167787
-0.63146563
-0.63177476
-0.0034441163
0.63080215
0.0040451441
-0.004064364
0.6310805
0.0039729442
-0.63098909
-0.63135248
-0.0037931004
0.63026135
0.0044341094
-0.0044384158
0.63055004
0.0043439036
-0.63045554
-0.63086442
-0.0041567595
0.62960953
0.0048363003
-0.0048194333
0.62990244
0.0047237835
-0.62980681
-0.63030509
-0.0045333067
0.62887944
0.0052431533
-0.0051993345
0.62916966
0.0051047922
-0.62907514
-0.62963429
-0.0049150059
0.62808265
0.0056505866
-0.0055767442
0.6283735
0.0054823811
-0.62827916
-0.62888511
-0.0052935865
0.62679168
0.0060456327
-0.0059201817
0.62701235
0.0058463705
-0.62693856
-0.62803123
-0.0056693298
0.575451
0.0058838798
-0.0059268516
0.57622324
0.0056724317
-0.57596884
-0.62459626
-0.005932877
0.62518047
0.0067407785
-0.0065186974
0.6253516
0.0064651645
-0.6252981
-0.60365205
-0.0063282621
0.6249485
0.0069165849
-0.0066567737
0.62504841
0.0066252862
-0.62501696
-0.62514367
-0.0065626771
0.62406106
0.0070907317
-0.0068024422
0.62408503
0.0067853228
-0.62406793
-0.62477595
-0.0067024991
0.6232743
0.0070811929
-0.0067704941
0.62320679
0.0068094199
-0.62324575
-0.6237905
-0.0068217762
0.62258366
0.007002688
-0.0066600512
0.62247892
0.0066935377
-0.62251243
-0.62302834
-0.0067406101
0.62192489
0.0068183502
-0.0064695272
0.62175283
0.0065253176
-0.62180865
-0.62233061
-0.0066210783
0.62132255
0.0065432736
-0.0061966258
0.6210907
0.0062720463
-0.62116615
-0.62163724
-0.0064088
0.62072544
0.0061931349
-0.0058538071
0.62044677
0.0059447671
-0.62053778
-0.62100189
-0.006116603
0.62017406
0.0057906727
-0.0054642852
0.61986504
0.0055655068
-0.61996629
-0.62037804
-0.0057602155
0.61971237
0.0053601982
0.61937048
-0.0050163175
0.0051303819
-0.61948459
-0.61983837
-0.0053593822
0.63235088
0.002935594
-0.0029730607
0.63258606
0.0028954639
-0.63250848
0.0028908751
-0.63141564
-0.0029727693
0.63203468
0.0032590384
-0.0032900121
0.63227875
0.0032095225
-0.63219829
-0.63243998
-0.0030503384
0.63163992
0.0035968556
-0.003618803
0.63189291
0.0035355856
-0.63180971
-0.63210907
-0.0033711942
0.63117059
0.003948177
-0.0039585946
0.63143283
0.0038725024
-0.63134675
-0.63169973
-0.0037026812
0.63064286
0.0043132901
-0.0043081099
0.63091145
0.0042201876
-0.63082354
-0.63122553
-0.0040453586
0.62999614
0.0046860834
-0.0046607468
0.63026616
0.0045725542
-0.63017798
-0.63067425
-0.0043962061
0.62926206
0.0050590487
-0.0050089224
0.62952736
0.004922419
-0.62944087
-0.63000466
-0.0047485312
0.6284652
0.005427332
-0.0053479831
0.62872459
0.0052641314
-0.62864076
-0.62924895
-0.0050946471
0.62707722
0.0057787154
-0.0056451623
0.62726653
0.0055820689
-0.62720346
-0.62838567
-0.0054300896
0.57647289
0.0056049852
-0.0056466854
0.57720802
0.0054031147
-0.57696448
-0.62463
-0.0056457031
0.62540198
0.0063762714
-0.0061669575
0.62553443
0.0061255244
-0.62549304
-0.60520502
-0.0060137964
0.62507846
0.0065328982
-0.0062892208
0.62514974
0.00626752
-0.62512809
-0.62531102
-0.0062048862
0.62409244
0.0066616339
-0.0063802051
0.62414814
0.0063853318
-0.62415327
-0.62488582
-0.0063066938
0.6231714
0.0066879245
-0.0063499256
0.62309201
0.0063517415
-0.62309383
-0.6238427
-0.0063726572
0.62244689
0.0065940615
-0.0062802181
0.62235888
0.0063087925
-0.62238745
-0.62295475
-0.0063524394
0.62169847
0.0064313907
-0.006109212
0.62154352
0.0061595459
-0.62159388
-0.62218237
-0.0062455934
0.62101698
0.0061848089
-0.0058625265
0.62080567
0.0059313657
-0.62087454
-0.62140391
-0.0060546888
0.62035765
0.005864648
-0.0055475254
0.62010093
0.0056313429
-0.62018478
-0.62069194
-0.0057891915
0.61976641
0.0054934668
-0.005186639
0.61948002
0.0052805777
-0.61957398
-0.62001457
-0.0054610348
0.6192609
0.0050958228
0.61894443
-0.0047718517
0.0048773793
-0.61904999
-0.61943647
-0.0050893799
0.68914374
-0.053599475
-0.0029107983
0.69089567
0.0030281324
-0.69101302
0.002844179
-0.63170884
-0.0029232181
0.63235835
0.0031921352
-0.0032166802
0.63259186
0.003139742
-0.63251495
-0.63274681
-0.0029867644
0.63197504
0.0035144791
-0.0035292327
0.63221486
0.0034503566
-0.63213601
-0.63242833
-0.0032940622
0.63151764
0.0038467529
-0.0038496891
0.63176423
0.0037687828
-0.63168333
-0.63202837
-0.0036085853
0.63099778
0.0041887998
-0.0041756655
0.63124749
0.0040939461
-0.63116578
-0.63156433
-0.0039309551
0.63035253
0.004534576
-0.0045014456
0.63060098
0.0044203974
-0.63051995
-0.63101696
-0.0042574121
0.62961192
0.0048769617
-0.004819697
0.62985443
0.0047406972
-0.62977544
-0.63034452
-0.0045817813
0.62880607
0.0052103977
-0.0051253546
0.62903709
0.0050504467
-0.6289622
-0.62958009
-0.004897742
0.62730336
0.0055172995
-0.0053834238
0.62746641
0.00533429
-0.6274173
-0.6286996
-0.0051982791
0.57744388
0.0053448924
-0.005385097
0.57813975
0.0051549362
-0.57790962
-0.62462679
-0.0053761022
0.62557277
0.0060451563
-0.0058487115
0.62567575
0.005816253
-0.62564331
-0.60662587
-0.005720385
0.62517232
0.0061855548
-0.0059771453
0.6252525
0.00595024
-0.62522559
-0.62545444
-0.0058811877
0.62417017
0.0062163152
-0.0060367662
0.62421631
0.006035044
-0.62421459
-0.62494086
-0.0060087461
0.62307363
0.0062584372
-0.0060150163
0.62307795
0.0060125687
-0.62307554
-0.62386801
-0.0060251807
0.6223307
0.0062181018
-0.0059293286
0.62224651
0.0059574185
-0.62227461
-0.62296236
-0.0060016834
0.62149439
0.00607195
-0.005771716
0.62135382
0.0058174662
-0.62139958
-0.62204736
-0.0058965769
0.62073833
0.0058493847
-0.0055473693
0.62054512
0.0056103264
-0.62060811
-0.62119392
-0.0057223938
0.6200188
0.0055558132
-0.0052581177
0.61978232
0.005335317
-0.61985955
-0.62040794
-0.005480224
0.61938838
0.0052123609
-0.0049231813
0.61912197
0.0050106041
-0.61920942
-0.61967863
-0.0051781868
0.61884265
0.0048436377
0.61854918
-0.0045383314
0.0046361403
-0.61864703
-0.61906339
-0.004832751
0.69067227
0.0031211756
-0.0028463129
0.69018109
0.0029423344
-0.69027714
0.0027910423
-0.63204792
-0.0028670396
0.63266803
0.0031211415
-0.0031401856
0.63289094
0.0030668848
-0.63281766
-0.63304274
-0.0029202076
0.63229269
0.0034283786
-0.0034370712
0.63251995
0.0033623304
-0.63244523
-0.6327327
-0.0032138369
0.63184389
0.0037423916
-0.0037389848
0.6320753
0.0036630958
-0.63199942
-0.63233927
-0.0035121189
0.6313277
0.0040621681
-0.0040425817
0.63155959
0.0039667132
-0.63148373
-0.63188144
-0.0038149515
0.63068025
0.0043822967
-0.004342401
0.63090763
0.0042683158
-0.63083356
-0.63133475
-0.0041182937
0.62993162
0.0046953634
-0.004632403
0.63015273
0.0045603897
-0.63008073
-0.63065497
-0.004415614
0.62911016
0.0049979018
-0.0049096249
0.62931791
0.0048421676
-0.62925047
-0.62988167
-0.0047035347
0.62751536
0.0052749747
-0.0051346675
0.6276457
0.005094026
-0.62760508
-0.62898053
-0.0049750736
0.57836197
0.0051007471
-0.0051374239
0.57901726
0.0049206675
-0.57880052
-0.62458929
-0.005122264
0.62570636
0.0057419896
-0.0055551505
0.62579018
0.005528448
-0.62576349
-0.60791931
-0.0054415418
0.6252846
0.0058736509
-0.0056704293
0.62537152
0.005645214
-0.62534625
-0.62557906
-0.0055839075
0.62418629
0.0059223593
-0.0057329183
0.62421472
0.0057249695
-0.62420674
-0.62507883
-0.0057063962
0.62309572
0.0059145118
-0.0057033808
0.62308258
0.005718549
-0.62309776
-0.6238654
-0.0057342421
0.62221814
0.0058735453
-0.0055999763
0.62213345
0.0056279798
-0.62216148
-0.6228817
-0.0056771545
0.62130913
0.0057352246
-0.0054543702
0.6211811
0.005496044
-0.62122277
-0.62191876
-0.0055689982
0.62048355
0.0055328305
-0.0052493013
0.6203068
0.005306909
-0.62036444
-0.62100347
-0.0054094352
0.6197067
0.0052638107
-0.004983928
0.61948896
0.0050550141
-0.61956008
-0.62014811
-0.0051879179
0.61903668
0.0049458941
-0.0046731879
0.61878871
0.0047545508
-0.61887009
-0.61936826
-0.0049101112
0.61845456
0.0046033639
0.61818206
-0.0043156045
0.0044063962
-0.61827289
-0.61871636
-0.0045890289
0.69032194
0.0026933342
-0.0026381281
0.63527159
0.0028807984
-0.63551428
0.0027386528
-0.63235105
-0.0028371121
0.63296384
0.0030470055
-0.0030612899
0.6331761
0.0029917066
-0.63310654
-0.68852962
-0.0028531532
0.6325937
0.0033397086
-0.0033432766
0.63280904
0.0032724568
-0.63273824
-0.63302262
-0.0031313861
0.63215002
0.0036363245
-0.0036275751
0.63236697
0.0035564445
-0.63229585
-0.63263331
-0.0034142384
0.63163404
0.003934923
-0.0039103263
0.63184927
0.0038399006
-0.63177886
-0.63217784
-0.0036985611
0.63098003
0.004230533
-0.0041861249
0.63118781
0.0041183681
-0.63112007
-0.63162892
-0.0039803978
0.6302231
0.0045159619
-0.0044510497
0.63042487
0.0043852903
-0.63035913
-0.63093795
-0.0042530243
0.62938383
0.0047914285
-0.0047028987
0.62957158
0.0046419716
-0.62951067
-0.63015669
-0.0045159681
0.62768977
0.0050384644
-0.0049041207
0.62780687
0.0048673839
-0.62777015
-0.62923242
-0.0047614992
0.57922441
0.0048704413
-0.0049019687
0.57983678
0.0046993879
-0.57963421
-0.62453244
-0.0048871964
0.62581626
0.0054580241
-0.0052812425
0.6258905
0.0052571437
-0.62586642
-0.60909034
-0.0051770977
0.62540193
0.0055684725
-0.0053481268
0.62546803
0.0053320746
-0.62545196
-0.62568923
-0.0053044995
0.62421827
0.0056554372
-0.0054147594
0.62423074
0.0054176641
-0.6242336
-0.62522124
-0.005374115
0.62305214
0.0056559537
-0.0053855278
0.62297046
0.0054113563
-0.62299629
-0.62386889
-0.00541005
0.62210552
0.0055487013
-0.0052898501
0.6220253
0.0053160263
-0.62205147
-0.62278477
-0.0053625402
0.62114042
0.0054188175
-0.0051568552
0.62102381
0.0051948334
-0.62106178
-0.6217985
-0.0052614229
0.62025045
0.0052337983
-0.0049684047
0.6200884
0.0050212782
-0.62014129
-0.62082957
-0.0051156218
0.61941933
0.0049873488
-0.0047245335
0.61921862
0.0047901001
-0.61928421
-0.61991054
-0.0049122057
0.61870934
0.0046932012
-0.0044363546
0.61847869
0.0045120215
-0.61855438
-0.61908162
-0.0046563185
0.61809401
0.0043747357
0.61784066
-0.004103598
0.0041880029
-0.6179251
-0.61839338
-0.004358001
0.63520914
0.0030214756
-0.002745586
0.63440354
0.002868481
-0.63452646
0.0026824339
-0.63264381
-0.0027527301
0.63324585
0.0029706301
-0.0029806805
0.63344802
0.002914746
-0.63338211
-0.63721773
-0.0013399807
0.63287891
0.0032493204
-0.003248528
0.63308291
0.0031814472
-0.63301585
-0.63329861
-0.0030473748
0.63243705
0.003529464
-0.0035162255
0.6326405
0.0034495201
-0.63257381
-0.63291139
-0.0033155963
0.6319184
0.0038083961
-0.0037799605
0.63211839
0.0037144848
-0.63205293
-0.63245499
-0.0035826313
0.63125412
0.0040814608
-0.0040350051
0.63144533
0.0039724719
-0.63138281
-0.63190131
-0.0038449464
0.63048917
0.0043427587
-0.0042786801
0.63067373
0.0042185015
-0.63061357
-0.63119738
-0.004096767
0.62963092
0.0045935491
-0.0045054541
0.62979862
0.0044512732
-0.62974446
-0.63040758
-0.0043378228
0.6278451
0.0048140141
-0.0046824537
0.62794433
0.0046516316
-0.62791352
-0.62945731
-0.0045575685
0.58003143
0.0046495618
-0.0046803258
0.58059886
0.0044989197
-0.58041745
-0.62445882
-0.0046621212
0.62591507
0.005190846
-0.0050315694
0.62599196
0.0050051026
-0.6259655
-0.61015028
-0.0049293593
0.62547913
0.0052691772
-0.0050870108
0.62549504
0.0050842369
-0.62549227
-0.62578173
-0.0050557196
0.62423201
0.0053523751
-0.0051196066
0.62428344
0.005107541
-0.62427142
-0.62528587
-0.0050857815
0.62294576
0.0053251199
-0.0050795043
0.62288752
0.0050964426
-0.62290446
-0.62386812
-0.0051272269
0.62200007
0.0052409037
-0.0050018369
0.62192777
0.0050253506
-0.62195127
-0.62271222
-0.0050660754
0.62098671
0.0051228051
-0.004879833
0.62087979
0.0049147851
-0.62091472
-0.62168872
-0.0049757601
0.62003662
0.0049527379
-0.0047052776
0.61988724
0.0047540981
-0.61993608
-0.62066941
-0.0048415646
0.61915435
0.0047263158
-0.0044801041
0.61896873
0.0045408062
-0.61902945
-0.61969267
-0.0046535471
0.61840488
0.0044540044
-0.0042125539
0.61819036
0.0042829458
-0.61826077
-0.61881652
-0.0044168932
0.61775863
0.004157601
0.61752262
-0.003902168
0.0039808272
-0.61760132
-0.6180926
-0.0041395177
0.63441505
0.0029312548
-0.0028649767
0.63457742
0.0028021953
-0.63451466
0.0026231139
-0.63289971
-0.0026922595
0.63351519
0.0028923262
-0.0028989064
0.63370677
0.0028360795
-0.63364397
-0.63472288
-0.0027655161
0.63314912
0.0031578195
-0.0031533938
0.63334227
0.0030899202
-0.63327882
-0.63356123
-0.0029624394
0.6327063
0.0034224277
-0.0034054312
0.63289729
0.0033428268
-0.6328347
-0.6331743
-0.0032167223
0.63218269
0.0036834237
-0.0036519058
0.63236894
0.0035908894
-0.63230794
-0.63271455
-0.0034676379
0.63150669
0.0039367117
-0.0038894794
0.63168466
0.0038311146
-0.63162631
-0.63215421
-0.0037123839
0.63073257
0.0041781396
-0.004114944
0.63090147
0.0040598794
-0.63084642
-0.63143793
-0.0039471255
0.62985113
0.0044052286
-0.004317817
0.629999
0.0042700502
-0.62995125
-0.63063585
-0.0041686482
0.62797437
0.0045999781
-0.0044722168
0.62805169
0.0044477991
-0.62802729
-0.62965682
-0.0043641778
0.58078298
0.0044389795
-0.004471589
0.58134828
0.0042900402
-0.58116673
-0.62436311
-0.0044464258
0.6260195
0.0049434457
-0.004799041
0.62610582
0.004769632
-0.62607642
-0.61111269
-0.0046953373
0.62548849
0.0050312025
-0.0048675624
0.62547605
0.0048700259
-0.6254785
-0.62588186
-0.0048246684
0.62428344
0.0050227949
-0.0048567141
0.62427704
0.004866472
-0.62428678
-0.62526853
-0.0048648487
0.62286992
0.0050307148
-0.0048062394
0.62283833
0.0048100177
-0.62284214
-0.62389122
-0.0048466534
0.6219053
0.004955998
-0.0047379705
0.62184061
0.0047591685
-0.62186182
-0.62266601
-0.0047974845
0.62084548
0.0048481427
-0.0046232404
0.6207455
0.0046561195
-0.62077838
-0.62158705
-0.004713337
0.61983934
0.0046902008
-0.0044599019
0.61970069
0.0045052899
-0.6197461
-0.62051992
-0.0045871628
0.61890916
0.0044809548
-0.0042507461
0.61873671
0.0043072025
-0.61879319
-0.6194916
-0.0044119351
0.61812168
0.0042282539
-0.0040015953
0.61792178
0.004067237
-0.61798744
-0.6185705
-0.0041919296
0.61744605
0.0039518007
0.6172256
-0.0037111594
0.0037846828
-0.61729915
-0.61781201
-0.0039333306
0.63463909
0.0028393379
-0.0027968044
0.63482406
0.0027351428
-0.63476242
0.0025659481
-0.63312364
-0.0026307798
0.63377045
0.0028139418
-0.0028155887
0.68410051
0.0013926927
-0.68267765
-0.63472565
-0.0028576762
0.633405
0.0030657042
-0.0030584647
0.6335877
0.0029985269
-0.63352778
-0.63380999
-0.0028772459
0.63295915
0.0033156893
-0.0032955961
0.63313853
0.0032368485
-0.63307979
-0.63342274
-0.0031181807
0.63242889
0.0035603215
-0.0035261821
0.63260266
0.0034692331
-0.63254573
-0.63295797
-0.0033538897
0.63174204
0.0037963879
-0.0037483188
0.63190886
0.0036935627
-0.63185413
-0.63238975
-0.0035825921
0.63095531
0.0040211924
-0.003957418
0.63110987
0.0039070189
-0.63105949
-0.63166299
-0.0038023531
0.63004533
0.004226225
-0.0041403417
0.63017704
0.0040975396
-0.63013425
-0.63084313
-0.0040062513
0.62807507
0.0043989581
-0.0042769394
0.62813709
0.004257665
-0.62811784
-0.629835
-0.0041822797
0.58153537
0.0042319164
-0.0042757633
0.58207504
0.0040974411
-0.58189673
-0.62424986
-0.004245198
0.62613512
0.0047115173
-0.0045754058
0.62622332
0.0045460108
-0.62619394
-0.61197165
-0.0044759227
0.62547663
0.004815862
-0.0046267222
0.62544007
0.004645309
-0.62545869
-0.62598528
-0.0046002534
0.62427114
0.0048110704
-0.0046405878
0.62425221
0.0046478488
-0.62425949
-0.6252534
-0.0046233744
0.62283037
0.0047557775
-0.0045825882
0.62282307
0.0045870951
-0.62282768
-0.62384576
-0.0046122766
0.62181987
0.0046966675
-0.0044972106
0.62175767
0.0045180355
-0.62177855
-0.62260894
-0.0045599696
0.62071298
0.0045946647
-0.0043856654
0.62061708
0.0044173666
-0.62064881
-0.62148898
-0.0044729791
0.61965609
0.004445858
-0.004231444
0.61952663
0.0042738718
-0.61956908
-0.62037815
-0.0043511727
0.61868125
0.0042512342
-0.0040362139
0.61852037
0.0040889286
-0.61857311
-0.61930468
-0.0041866806
0.61785767
0.0040158278
-0.0038031572
0.61767067
0.0038646447
-0.61773218
-0.61834121
-0.0039812486
0.61715393
0.0037571025
0.6169473
-0.0035302923
0.0035992786
-0.61701632
-0.61754939
-0.0037390771
0.63488298
0.0027720662
-0.0027013012
0.63505966
0.0026423564
-0.63500072
0.0025066353
-0.63356464
-0.0025688069
0.6846169
0.0022804077
-0.0024061396
0.63562793
0.0029477266
-0.63616955
-0.63493698
-0.0028101654
0.63364724
0.0029734354
-0.0029643375
0.63381974
0.0029079374
-0.63376337
-0.68285921
-0.0027942172
0.63319673
0.0032097338
-0.0031871721
0.6333651
0.0031321234
-0.63331007
-0.63365735
-0.0030205839
0.6326586
0.0034391974
-0.003402866
0.63282081
0.0033497046
-0.63276767
-0.63318633
-0.0032417515
0.63196268
0.0036596355
-0.0036102566
0.63211887
0.0035590515
-0.63206768
-0.6326094
-0.003455486
0.6311592
0.0038693462
-0.0038040038
0.631301
0.0037577221
-0.63125474
-0.63187376
-0.0036607047
0.63021874
0.0040556423
-0.0039715665
0.63033877
0.0039323211
-0.63029955
-0.63103207
-0.0038487385
0.62815601
0.0042110758
-0.0040909806
0.62820296
0.0040770931
-0.6281891
-0.62999692
-0.0040099827
0.58225407
0.0040470474
-0.0040888813
0.5827819
0.0039138074
-0.58260688
-0.62411384
-0.0040533349
0.62625204
0.0044910941
-0.004360059
0.62633478
0.0043332762
-0.62630802
-0.61274194
-0.0042690892
0.62542986
0.0045885287
-0.004437367
0.62544361
0.0044244705
-0.62543074
-0.62608423
-0.0043837229
0.62424573
0.0045678037
-0.0043886568
0.624183
0.0044074811
-0.62420183
-0.62525035
-0.0044389278
0.62282278
0.0045349241
-0.0043710711
0.62276922
0.0043948655
-0.62279307
-0.62378044
-0.0043820988
0.62173681
0.0044611073
-0.0042751755
0.62167281
0.0042967217
-0.6216944
-0.62249549
-0.0043410982
0.62058557
0.0043604923
-0.0041650344
0.62049215
0.00419597
-0.62052311
-0.62139171
-0.0042510396
0.61948489
0.0042185762
-0.0040186896
0.61936353
0.004058493
-0.61940335
-0.62024212
-0.0041318215
0.61846854
0.0040366907
-0.0038358989
0.61831798
0.0038852604
-0.61836737
-0.61912994
-0.0039767368
0.61761053
0.0038164293
-0.0036168006
0.61743462
0.0036747252
-0.61749257
-0.61812661
-0.0037843361
0.61687999
0.0035731906
0.61668556
-0.0033593052
0.0034242961
-0.61675059
-0.6173024
-0.0035563315
0.63511433
0.0027045222
-0.0026567194
0.63531023
0.0025749868
-0.6352285
0.0024456796
-0.6337168
-0.0025052153
0.6351819
0.0028010391
-0.0029768816
0.6351273
0.0028984613
-0.6350489
-0.6351914
-0.0027375579
0.63387646
0.0028815102
-0.0028719053
0.63403946
0.0028181016
-0.6339857
-0.63526047
-0.0028430269
0.63341989
0.0031051071
-0.0030806604
0.63357775
0.0030292091
-0.63352631
-0.63387897
-0.0029245793
0.632873
0.0033202969
-0.0032823352
0.63302432
0.0032327422
-0.63297474
-0.63340043
-0.0031317109
0.63216908
0.003525846
-0.0034750923
0.63231428
0.0034275772
-0.63226678
-0.63281407
-0.0033313648
0.63134639
0.0037207403
-0.0036541015
0.6314771
0.003611412
-0.63143443
-0.63206995
-0.0035217968
0.63037713
0.0038919763
-0.0038092673
0.63048821
0.0037728679
-0.63045184
-0.63120573
-0.0036954052
0.62821727
0.0040321116
-0.0039139209
0.62825054
0.0039045541
-0.6282412
-0.63014514
-0.0038445101
0.58295466
0.0038686114
-0.0039123477
0.58346946
0.0037410912
-0.58329824
-0.62395723
-0.0038712177
0.62636098
0.004281059
-0.0041549974
0.62643212
0.0041326573
-0.62640981
-0.61343816
-0.0040761501
0.62544271
0.0043710462
-0.0041985981
0.62545755
0.0041988398
-0.62545783
-0.62616826
-0.0041769589
0.62418504
0.0043515127
-0.0042109089
0.62418645
0.0042112778
-0.62418691
-0.62524872
-0.0041977632
0.62274544
0.0043353023
-0.0041545165
0.62267716
0.0041756192
-0.62269828
-0.62378727
-0.0042109967
0.62165123
0.0042435214
-0.0040671851
0.62158609
0.00408897
-0.62160788
-0.62238779
-0.004128007
0.62046139
0.0041430542
-0.0039596389
0.62037036
0.0039897527
-0.62040048
-0.62129653
-0.00404406
0.61932433
0.0040070081
-0.0038204639
0.61921018
0.0038579405
-0.61924767
-0.62011104
-0.0039276395
0.61826941
0.0038365278
-0.0036488623
0.61812815
0.0036952078
-0.61817452
-0.61896597
-0.0037810086
0.61737789
0.0036295596
-0.0034419277
0.61721149
0.0034967936
-0.61726637
-0.61792504
-0.0036003274
0.61662212
0.0033997179
0.61643841
-0.0031978484
0.0032593478
-0.61649994
-0.61706887
-0.0033845741
0.63533867
0.0026371422
-0.002561942
0.63552553
0.002508071
-0.63547166
0.0021337722
-0.63385951
-0.0024194837
0.63513061
0.0027775802
-0.0028988896
0.63534126
0.0027960385
-0.63523842
-0.63540848
-0.0026402866
0.67778277
-0.040898477
-0.0013137106
0.63597074
0.0027616531
-0.63741872
-0.63520459
-0.0029507444
0.63362941
0.0030023812
-0.0029764893
0.63377719
0.0029286152
-0.63372933
-0.67656341
-0.0028302865
0.63307297
0.0032041063
-0.0031652029
0.63321401
0.0031189677
-0.6331678
-0.63360105
-0.0030242935
0.63236073
0.0033952295
-0.0033436293
0.63249469
0.0032998326
-0.63245091
-0.6330045
-0.0032108481
0.63151905
0.0035752155
-0.0035084316
0.63163984
0.0034690015
-0.63160043
-0.63225098
-0.003386543
0.63052373
0.0037337472
-0.003651909
0.63062634
0.0036183665
-0.63059282
-0.63136633
-0.003546639
0.62826175
0.0038586797
-0.0037455312
0.62828677
0.0037387328
-0.62828001
-0.6302799
-0.0036839208
0.58363813
0.003697926
-0.003747048
0.58414218
0.0035792332
-0.58397441
-0.62378684
-0.0036992333
0.62645556
0.004085209
-0.0039645168
0.62651774
0.0039453806
-0.62649862
-0.61407329
-0.0038972589
0.62546406
0.0041472602
-0.0040158173
0.6254623
0.0040167325
-0.62546327
-0.62624559
-0.0039859141
0.62419839
0.0041467372
-0.0040131641
0.62420158
0.0040096302
-0.62419811
-0.62526515
-0.0040110598
0.62265363
0.0041190884
-0.0039469985
0.62259397
0.003965059
-0.62261202
-0.62377166
-0.0039952607
0.62156455
0.0040389071
-0.0038733179
0.62150049
0.0038942837
-0.62152143
-0.62229649
-0.0039254077
0.62034046
0.0039404401
-0.0037685052
0.62025224
0.0037976813
-0.6202814
-0.62120474
-0.0038506149
0.61917322
0.0038100017
-0.0036356872
0.61906528
0.0036711933
-0.6191008
-0.6199848
-0.0037376844
0.6180825
0.0036496953
-0.003473873
0.6179495
0.0035175524
-0.61799321
-0.61881148
-0.0035983873
0.61715768
0.0034544648
-0.0032777317
0.6169996
0.003329896
-0.61705178
-0.61773507
-0.0034280339
0.61637838
0.0032362723
0.61620414
-0.0030455885
0.0031039879
-0.61626257
-0.61684702
-0.003223137
0.63555159
0.0025703195
-0.0024934956
0.63573138
0.0024165703
-0.63565446
0.0023289066
-0.63419648
-0.0023582099
0.63536726
0.0026754472
-0.0027953146
0.63554312
0.0027203687
-0.63546818
-0.63563963
-0.0025694941
0.63536012
0.0028756981
-0.0028883848
0.63523788
0.0028657254
-0.63521525
-0.63538254
-0.0028953259
0.63382633
0.0029019663
-0.0028750309
0.63396451
0.0028302875
-0.63391979
-0.63534946
-0.002770887
0.63325934
0.0030912282
-0.0030521462
0.63339081
0.003009046
-0.63334773
-0.6337892
-0.00291994
0.63253737
0.0032686051
-0.0032170762
0.63266049
0.0031767754
-0.63262021
-0.63318153
-0.0030946666
0.63167867
0.0034339149
-0.0033683986
0.63179011
0.0033320931
-0.63175383
-0.63241696
-0.0032564017
0.63065894
0.0035804606
-0.0034997601
0.63075242
0.0034693505
-0.63072203
-0.63151478
-0.0034035739
0.62829679
0.0036913833
-0.0035848181
0.62831812
0.0035794528
-0.62831279
-0.63040115
-0.0035284137
0.58430673
0.0035383914
-0.0035917964
0.584798
0.0034282997
-0.58463455
-0.62360967
-0.003536807
0.62653939
0.0039029385
-0.0037835106
0.62659182
0.0037683909
-0.62657672
-0.61465474
-0.003729183
0.62545545
0.003978013
-0.0038597315
0.62546374
0.0038544784
-0.62545853
-0.62632408
-0.003801183
0.62420103
0.0039701522
-0.0038127463
0.62415885
0.0038249716
-0.62417112
-0.62525805
-0.0038588944
0.62257166
0.0039112946
-0.0037515754
0.62251714
0.0037683075
-0.62253387
-0.6236973
-0.0037975167
0.62147992
0.003847546
-0.0036931901
0.62142181
0.0037124455
-0.62144108
-0.62222559
-0.0037372337
0.62022327
0.0037518274
-0.0035909028
0.62013772
0.003619215
-0.62016605
-0.62111442
-0.0036707203
0.61903019
0.0036265442
-0.0034631897
0.61892721
0.0034971501
-0.61896118
-0.61986305
-0.0035610848
0.61790643
0.0034749262
-0.0033095487
0.6177806
0.0033509281
-0.61782201
-0.61866502
-0.0034276411
0.61694842
0.0032901342
-0.0031232634
0.61679795
0.0031729215
-0.61684763
-0.61755542
-0.0032661104
0.61614718
0.0030823702
0.61598149
-0.0029020782
0.0029576786
-0.61603712
-0.61663569
-0.0030712301
0.63578059
0.0024789815
-0.0024262642
0.6359522
0.0023515532
-0.6358775
0.0022707478
-0.6345249
-0.0022723677
0.63556662
0.0026001347
-0.0027172833
0.63573364
0.002646314
-0.63566267
-0.63581382
-0.0025000195
0.6352853
0.0028444533
-0.0028271515
0.63542348
0.0027817338
-0.63537808
-0.63557404
-0.0027910745
0.67317802
-0.03636151
-0.0023429726
0.63525398
0.002878634
-0.63578967
-0.63531437
-0.0028720862
0.6334331
0.0029821999
-0.0029437911
0.63355595
0.0029034088
-0.63351559
-0.67293395
0.033959735
0.6326996
0.0031469852
-0.0030965851
0.63281301
0.003059305
-0.63277575
-0.63334629
-0.0029835385
0.63182597
0.0032984572
-0.0032355621
0.63192839
0.0032023104
-0.63189517
-0.63256898
-0.003132755
0.63078201
0.0034330205
-0.0033547722
0.63086613
0.0033275935
-0.63083898
-0.63165131
-0.0032677136
0.62832827
0.0035320554
-0.0034337763
0.62834649
0.0034303226
-0.62834307
-0.63051006
-0.0033803201
0.58495745
0.0033896526
-0.0034452364
0.58543436
0.0032861997
-0.58527537
-0.62343115
-0.0033835324
0.62660881
0.0037265442
-0.0036023891
0.62663544
0.0035971659
-0.62663028
-0.61518297
-0.0035700207
0.62547187
0.0037834485
-0.0036490547
0.62550304
0.0036384299
-0.62549247
-0.62638519
-0.0036132589
0.62414603
0.0037806437
-0.0036116818
0.62411225
0.0036226932
-0.62412329
-0.62524325
-0.0036409418
0.62249368
0.0037207942
-0.0035662345
0.62247235
0.0035725654
-0.62247874
-0.62363741
-0.0035987658
0.62140291
0.0036693058
-0.0035266449
0.62134193
0.0035473834
-0.62136273
-0.62219768
-0.0035673274
0.62010954
0.0035766252
-0.0034255491
0.62002611
0.0034531596
-0.62005377
-0.6210236
-0.0035038499
0.61889355
0.0034554696
-0.0033016138
0.61879428
0.00333443
-0.61882712
-0.61974487
-0.0033964954
0.61773974
0.0033108446
-0.0031546121
0.61762007
0.0031940159
-0.6176595
-0.61852493
-0.0032674179
0.61674923
0.0031354541
-0.0029776311
0.6166061
0.003024849
-0.61665334
-0.61738499
-0.0031133409
0.61592735
0.0029374618
0.61576958
-0.0027669148
0.002819906
-0.6158226
-0.61643433
-0.002928098
0.63597531
0.0024127575
-0.0023604307
0.63614204
0.0022878339
-0.63606946
0.0019579769
-0.63453867
-0.0022384428
0.63572939
0.0025264851
-0.0026189984
0.63591815
0.002547114
-0.63584628
-0.63602857
-0.0024320736
0.63546658
0.0027610698
-0.0027432215
0.63562277
0.0026748187
-0.63555438
-0.63575922
-0.0027143076
0.6351333
0.002911723
-0.0028845804
0.63520496
0.0028419554
-0.63516236
-0.63549203
-0.0027603319
0.63359495
0.0028779437
-0.00166333
0.63539806
0.0027089148
-0.63644367
-0.63505406
-0.0029501261
0.63284891
0.0030313005
-0.0029830524
0.63295436
0.002948089
-0.63291941
-0.66645748
-0.0028773824
0.63196149
0.0031703242
-0.0031112088
0.63205539
0.0030808949
-0.63202509
-0.63270883
-0.0030165682
0.63089307
0.0032932098
-0.0032191031
0.63096858
0.0031950815
-0.63094458
-0.63177631
-0.0031403753
0.62835696
0.0033819515
-0.003295049
0.62837126
0.0032933111
-0.62836956
-0.63060947
-0.0032417681
0.58558918
0.0032496188
-0.0033088123
0.58605654
0.0031523105
-0.58590008
-0.62325041
-0.0032393438
0.62664346
0.003559032
-0.0034598145
0.62666724
0.0034507848
-0.62665825
-0.6156614
-0.003423404
0.62550393
0.0035898498
-0.0034619034
0.62551276
0.0034658698
-0.62551682
-0.62639398
-0.003459903
0.62410432
0.0035754813
-0.0034342399
0.62407461
0.0034422789
-0.6240827
-0.62522725
-0.0034604885
0.62247798
0.0035315699
-0.0034164774
0.62248458
0.0034163776
-0.62248468
-0.62360101
-0.0034210572
0.62132104
0.0035069942
-0.0033677389
0.62126059
0.00338752
-0.62128043
-0.6221992
-0.0034229782
0.61999862
0.0034133302
-0.0032706553
0.61991741
0.0032975127
-0.61994432
-0.62093381
-0.0033461737
0.61876168
0.0032953448
-0.0031496285
0.61866517
0.0031815923
-0.61869716
-0.61962951
-0.0032422614
0.61758112
0.0031561825
-0.0030081408
0.61746685
0.0030457895
-0.61750453
-0.61838973
-0.0031164744
0.6165598
0.0029894655
-0.0028401879
0.61642397
0.0028849663
-0.61646877
-0.61722297
-0.0029688855
0.61571809
0.0028010333
0.61556775
-0.0026396494
0.0026902044
-0.61561834
-0.61624283
-0.0027931622
0.63616167
0.0023507587
-0.0022707483
0.63632237
0.0022255857
-0.63627722
0.0021575496
-0.63480149
-0.0021549261
0.63593709
0.0024546697
-0.002546575
0.63609253
0.0024783055
-0.63602427
-0.63620961
-0.0023403923
0.63564147
0.0026785594
-0.0026367334
0.63576551
0.0025959104
-0.63572471
-0.63593389
-0.0026397646
0.63527064
0.0028214794
-0.0027948715
0.635363
0.0027561187
-0.63532427
-0.63563325
-0.0027024386
0.6349346
0.0029239516
-0.0029427043
0.63485477
0.0029068896
-0.63481898
-0.6352115
-0.0028329501
0.63298746
0.0029218249
-0.0015154828
0.63437208
0.0021767074
-0.63503332
-0.63472138
-0.0029232822
0.63208615
0.0030504795
-0.0029953417
0.63217223
0.002967973
-0.63214488
-0.66101516
0.024332816
0.63099371
0.0031625024
-0.0030937091
0.63106123
0.0030730178
-0.63104055
-0.63189043
-0.0030220086
0.62837589
0.0032481245
-0.0031536743
0.62838009
0.003158178
-0.62838461
-0.63070206
-0.0031140428
0.58620855
0.0031176054
-0.0031826792
0.58666989
0.0030275378
-0.58651477
-0.62306423
-0.0031036895
0.62667829
0.0034170637
-0.0033289561
0.62671538
0.0033178983
-0.62670435
-0.6161016
-0.0032895986
0.62552464
0.0034157371
-0.0033363439
0.62552184
0.0033395869
-0.62552511
-0.62640273
-0.0033394001
0.62406227
0.003408356
-0.0032815072
0.62403352
0.0032873929
-0.62403952
-0.62521659
-0.0033180533
0.62248673
0.0033882496
-0.0032916212
0.62249104
0.0032924163
-0.62249193
-0.62357081
-0.0032865778
0.62124103
0.003348929
-0.0032181548
0.62118404
0.0032368938
-0.62120283
-0.62218592
-0.003273473
0.61989068
0.0032600836
-0.0031250326
0.61981157
0.0031512388
-0.61983782
-0.62084922
-0.0031977921
0.61863337
0.0031447913
-0.0030062976
0.61853899
0.0030375924
-0.61857031
-0.61951661
-0.0030971856
0.61742962
0.00301002
-0.0028696814
0.61732035
0.0029056873
-0.61735639
-0.61825835
-0.0029739849
0.6163801
0.0028515491
-0.0027105806
0.61625157
0.0027529254
-0.61629393
-0.61706888
-0.0028323585
0.61551875
0.0026726405
0.61537539
-0.0025199456
0.0025682158
-0.61542369
-0.61606126
-0.0026660624
0.63634006
0.0022888423
-0.0022082253
0.63649501
0.0021395422
-0.63642634
0.0021028477
-0.63503008
-0.002098277
0.63610941
0.002359387
-0.0024763396
0.63625888
0.0024100249
-0.63619258
-0.6363814
-0.0022759682
0.63580583
0.0025765594
-0.0025585739
0.63594918
0.0025197228
-0.63591036
-0.63612572
-0.0025406656
0.63540124
0.0027347888
-0.002683622
0.63548776
0.0026721477
-0.63547631
-0.63579147
-0.0025953363
0.63489013
0.0028836425
-0.0028226568
0.63496661
0.0028156319
-0.6349596
-0.63535923
-0.0027198667
0.63424421
0.0028857418
-0.0029524386
0.63430814
0.0029217627
-0.63427748
-0.63480429
-0.0028577475
0.63220091
0.0029399503
-0.002823666
0.63348171
0.00292955
-0.63358762
-0.63408597
-0.0029568149
0.63108529
0.0030412442
-0.0029796899
0.65073624
-0.016629668
-0.63112688
-0.63412894
-0.002072594
0.62839055
0.0031234644
-0.0030214875
0.62837495
0.0030370613
-0.62839059
-0.63078827
-0.0029983123
0.58681937
0.0029949376
-0.0030670809
0.58728212
0.0029109281
-0.58712599
-0.6228748
-0.0029726157
0.626732
0.0032861714
-0.0032006482
0.62676982
0.0031904727
-0.62675969
-0.61650977
-0.0031623787
0.62551216
0.0033131401
-0.003195918
0.62546868
0.0032149057
-0.6254877
-0.62644185
-0.0032139977
0.6240277
0.0032515668
-0.0031844741
0.62401664
0.0031876396
-0.62401985
-0.62515307
-0.0031877082
0.62248722
0.0032595134
-0.0031520141
0.62244454
0.0031693309
-0.6224619
-0.62358062
-0.003181463
0.62116545
0.003200893
-0.0030787437
0.62111013
0.003097161
-0.62112858
-0.62211094
-0.0031326357
0.61978547
0.0031160721
-0.0029881029
0.61970788
0.0030138624
-0.61973367
-0.62076881
-0.0030590579
0.61850784
0.0030029085
-0.0028712455
0.61841524
0.0029019693
-0.61844599
-0.61940571
-0.0029606807
0.61728475
0.0028719189
-0.0027391901
0.61718027
0.0027736122
-0.61721473
-0.61813014
-0.0028396684
0.61621012
0.0027214358
-0.0025886567
0.61608873
0.0026286365
-0.61612873
-0.61692241
-0.002703732
0.61532874
0.0025519326
0.61519183
-0.0024074411
0.0024536145
-0.61523804
-0.61588953
-0.0025465767
0.63650953
0.0022286066
-0.0021475953
0.63665903
0.0021061634
-0.63661761
0.0020496716
-0.63522611
-0.0020177905
0.63627384
0.0022916157
-0.002407015
0.63641632
0.0023439438
-0.63635326
-0.63654845
-0.0022135237
0.63596218
0.0025010684
-0.002481872
0.63609854
0.002420915
-0.63603761
-0.636283
-0.0024469977
0.63554955
0.0026263237
-0.0026268711
0.6356546
0.0025663184
-0.63559406
-0.6359406
-0.0025199772
0.63502573
0.0027681516
-0.0027360454
0.63509948
0.0027033521
-0.63506679
-0.63550324
-0.0026360575
0.63434024
0.0028963686
-0.002833248
0.63440386
0.0028038917
-0.63437452
-0.6349118
-0.0027679475
0.6334804
0.0029880829
-0.0029397615
0.63355569
0.0029150292
-0.63353098
-0.63417734
-0.002861631
0.63280679
0.0019882514
-0.002973563
0.63244882
0.0029792826
-0.63245455
-0.63328834
-0.002937639
0.62837657
0.0029899803
-0.002966786
0.62967455
0.002967273
-0.62967502
-0.63211059
-0.0029923614
0.58744853
0.002869205
-0.0026902871
0.58854508
0.0025389027
-0.58839373
-0.6241328
-0.0028592878
0.62678845
0.003155676
-0.0028359062
0.62684086
0.0028212635
-0.62682626
-0.61714517
-0.0027925356
0.62546722
0.0031765603
-0.0030814954
0.62545008
0.0030834565
-0.62545214
-0.62653525
-0.0028216851
0.62401746
0.0031571798
-0.0030708174
0.62399272
0.0030796909
-0.62400166
-0.62513328
-0.0030852683
0.62242697
0.0031358536
-0.0030203349
0.62237615
0.0030370823
-0.62239293
-0.62355524
-0.003060511
0.62109167
0.0030638613
-0.0029488969
0.62103607
0.0029674784
-0.62105468
-0.62203493
-0.0030020369
0.61968219
0.0029808545
-0.0028595283
0.61960569
0.002884948
-0.61963114
-0.6206904
-0.0029294788
0.61838465
0.002869365
-0.0027445067
0.61829372
0.0027746755
-0.61832391
-0.61929644
-0.002832503
0.61714624
0.002741876
-0.0026168435
0.61704636
0.0026497539
-0.61707931
-0.61800478
-0.0027136373
0.61604961
0.0025990736
-0.0024743249
0.61593496
0.0025120976
-0.61597276
-0.61678326
-0.0025831419
0.61514735
0.0024385933
0.61501639
-0.0023018799
0.0023461213
-0.61506066
-0.61572725
-0.0024345243
0.63667441
0.0021434866
-0.0020889801
0.63681871
0.0020238279
-0.63675357
0.0019969282
-0.63538867
-0.0019644698
0.63642948
0.0022006512
-0.0023175399
0.63656949
0.0022547671
-0.63650674
-0.63673254
-0.0021277614
0.63610979
0.0024283814
-0.0024111775
0.63624411
0.0023488987
-0.63618184
-0.6364106
-0.0024052515
0.63566395
0.002572136
-0.002522821
0.63579273
0.0024877054
-0.63575764
-0.63608596
-0.0024207238
0.63513181
0.0026822381
-0.0026515139
0.63522831
0.0026202311
-0.63519705
-0.63561378
-0.0025558578
0.63443286
0.0028067686
-0.0027434062
0.63451801
0.0027153301
-0.63448995
-0.63503734
-0.002656684
0.63358002
0.0028912769
-0.0028194089
0.6335987
0.0028213117
-0.63360062
-0.63426188
-0.0027705278
0.63246805
0.00295418
-0.002874141
0.63249928
0.002880761
-0.63250592
-0.63335535
-0.0028412274
0.62964547
0.00299759
-0.0028917446
0.62961078
0.0029204633
-0.62963953
-0.63215885
-0.0028900934
0.58867848
0.0028109427
-0.0029018549
0.58908816
0.0027664779
-0.58895279
-0.62385725
-0.0028545421
0.62685241
0.0030667429
-0.0030191002
0.62688326
0.0030083096
-0.62687249
-0.61750817
-0.0029858635
0.62545496
0.0030498891
-0.002987392
0.62545918
0.0029864412
-0.62545826
-0.62653031
-0.0030457706
0.6239836
0.0030505795
-0.0029546864
0.623954
0.0029646714
-0.62396401
-0.62514218
-0.0029811498
0.62235951
0.0030050367
-0.0028976836
0.6223092
0.0029145861
-0.62232613
-0.6235102
-0.0029429097
0.62101741
0.0029364174
-0.0028278069
0.6209608
0.0028468284
-0.62097985
-0.62196222
-0.0028795959
0.61958035
0.0028539816
-0.0027389746
0.61950495
0.0027640114
-0.61953001
-0.62061272
-0.0028083265
0.61826369
0.0027441621
-0.0026261755
0.61817457
0.0026557151
-0.61820413
-0.61918885
-0.0027124297
0.61701382
0.0026201094
-0.0025027891
0.61691822
0.0025343036
-0.61694977
-0.61788229
-0.0025960588
0.61589798
0.0024844564
-0.0023674355
0.61578943
0.0024032397
-0.61582525
-0.6166509
-0.0024706716
0.61497391
0.0023323357
0.61484842
-0.0022029522
0.0022454337
-0.61489093
-0.61557367
-0.00232968
0.63683116
0.0020883166
-0.0020325121
0.63699604
0.0019435227
-0.63690706
0.0019482633
-0.63552171
-0.0019129773
0.63658094
0.0021629202
-0.0022546125
0.63671468
0.0021934527
-0.63665353
-0.63685905
-0.0020951282
0.63625371
0.0023585413
-0.0023164941
0.63633099
0.0023080585
-0.63632258
-0.63658095
-0.0023152902
0.6358005
0.0024958854
-0.0024473853
0.63589771
0.0024153497
-0.63586569
-0.63622343
-0.0023499024
0.63523384
0.0025999657
-0.0025446933
0.6353243
0.0025402778
-0.63531991
-0.6357436
-0.0024789009
0.63452039
0.0027189903
-0.0026561026
0.63460139
0.0026294662
-0.63457476
-0.6351319
-0.0025737355
0.63364706
0.0027729961
-0.0027268099
0.63368916
0.0027299237
-0.6336923
-0.63436833
-0.0026818155
0.63251765
0.0028567516
-0.0027782782
0.63254636
0.0027857118
-0.63255383
-0.63341567
-0.0027475983
0.62960674
0.002894681
-0.0027897847
0.62956917
0.0028191135
-0.62959853
-0.63220118
-0.0027949472
0.58922128
0.0027418977
-0.0027989195
0.58961165
0.0026702795
-0.58948304
-0.62364587
-0.0027473974
0.62689648
0.002974134
-0.002901982
0.62691976
0.0028934033
-0.62691122
-0.61782698
-0.0028734062
0.62547226
0.0029470187
-0.0028651052
0.62547704
0.0028651693
-0.62547721
-0.62656642
-0.0029058806
0.62394274
0.0029379802
-0.0028421789
0.62391063
0.002853846
-0.62392231
-0.6251289
-0.0028632887
0.62229228
0.0028845482
-0.0027837837
0.62224273
0.0028000612
-0.62225902
-0.62346206
-0.0028292602
0.6209416
0.0028180495
-0.0027149706
0.6208828
0.0027347687
-0.62090261
-0.62189344
-0.002768252
0.61948002
0.0027349501
-0.0026258791
0.61940607
0.0026503918
-0.6194306
-0.62053369
-0.00269473
0.6181452
0.0026272577
-0.0025160666
0.61805833
0.0025448091
-0.61808709
-0.61908342
-0.0025999876
0.61688704
0.0025067643
-0.0023969217
0.61679531
0.0024271841
-0.6168256
-0.61776296
-0.0024868206
0.61575434
0.0023774797
-0.0022677137
0.61565106
0.0023018254
-0.61568519
-0.61652455
-0.0023661735
0.61480779
0.0022328564
0.61468737
-0.0021104264
0.0021512627
-0.61472824
-0.61542779
-0.0022317424
0.63700693
0.0020339432
-0.0019528272
0.6371163
0.0018908043
-0.63705429
0.001645569
-0.63564749
-0.0018634213
0.63672454
0.0021022165
-0.0021943126
0.63685364
0.0021346749
-0.63679401
-0.63700349
-0.0020139431
0.6363899
0.0022661237
-0.0022501474
0.63646264
0.0022177894
-0.6364303
-0.63671958
-0.002228042
0.63592936
0.0023973492
-0.0023749497
0.63602195
0.0023444621
-0.63599148
-0.63635478
-0.0022820556
0.63537905
0.0024953441
-0.0024911623
0.63543927
0.0024630471
-0.63541117
-0.6358673
-0.0023780176
0.63460229
0.0026336581
-0.0025705462
0.63470224
0.0025455482
-0.63467725
-0.63524402
-0.0024931553
0.63371105
0.0026819736
-0.002635545
0.63377662
0.0026145281
-0.63375563
-0.63444511
-0.0025946281
0.63258924
0.0027370195
-0.0027096071
0.6326158
0.002692495
-0.63259871
-0.63347223
-0.0026554663
0.62956455
0.0027942536
-0.0026908343
0.62952357
0.0026965284
-0.62952928
-0.63226645
-0.0027001875
0.58974036
0.0026448498
-0.0026999164
0.59011182
0.0025786584
-0.58999059
-0.62344105
-0.0026457677
0.6269273
0.0028625775
-0.0027883626
0.62695074
0.0027801806
-0.6269426
-0.61811159
-0.0027664135
0.62547736
0.0028347854
-0.0027612687
0.62547082
0.0027641821
-0.62547377
-0.62661355
-0.0027970063
0.62389843
0.0028264688
-0.0027334906
0.62385994
0.0027463781
-0.62387285
-0.62512109
-0.002760139
0.62222676
0.0027725001
-0.0026760955
0.62217983
0.0026918132
-0.62219557
-0.62341023
-0.0027199764
0.62086288
0.0027076646
-0.002607826
0.62080289
0.0026278361
-0.62082292
-0.62183533
-0.0026633195
0.61938172
0.0026230142
-0.00251936
0.61930985
0.0025431157
-0.61933363
-0.62045151
-0.0025870141
0.61802981
0.0025182742
-0.0024135967
0.61794586
0.0024413028
-0.61797359
-0.618981
-0.0024943976
0.61676533
0.0024016693
-0.0022987845
0.61667705
0.0023279286
-0.61670622
-0.61764737
-0.002385397
0.61561759
0.0022778566
-0.0021747462
0.61551879
0.0022074221
-0.61555148
-0.61640336
-0.0022691967
0.6146485
0.002139851
0.61453286
-0.0020239779
0.0020632708
-0.61457218
-0.6152886
-0.0021403214
0.63712574
0.0019817294
-0.0019009074
0.6372551
0.0018403017
-0.63719451
0.0018541734
-0.63597133
-0.0018158922
0.63686199
0.0020186159
-0.0021366959
0.63698672
0.0020784832
-0.63692853
-0.63714445
-0.0019606
0.63649464
0.0022020068
-0.0021613028
0.6365884
0.0021558325
-0.63658295
-0.63682554
-0.0021944346
0.63602663
0.0023271987
-0.002305399
0.6361399
0.0022510922
-0.63608561
-0.63645337
-0.0022171625
0.63546694
0.0024187525
-0.0023893239
0.63554572
0.0023630064
-0.63551942
-0.63595777
-0.0023337125
0.63470146
0.0025248527
-0.0024868115
0.63477238
0.0024382594
-0.63472386
-0.63532692
-0.002414854
0.63379735
0.0025921974
-0.0025457349
0.63380702
0.0025259382
-0.63378725
-0.63453887
-0.0024838119
0.63263275
0.0026441133
-0.0025916888
0.63265561
0.0025752509
-0.63263919
-0.63355061
-0.0025647422
0.62951896
0.0026955803
-0.0025938597
0.62947307
0.0026011581
-0.62948039
-0.63227993
-0.0026068184
0.5902335
0.0025539457
-0.0026021554
0.59058754
0.0024859086
-0.59047132
-0.62322407
-0.0025418156
0.62695556
0.0027577708
-0.0026835734
0.62697951
0.0026776394
-0.62697361
-0.61836528
-0.0026616406
0.62547106
0.0027349844
-0.0026691495
0.62547651
0.0026662824
-0.6254737
-0.62664984
-0.002695374
0.6238468
0.0027201092
-0.0026321137
0.62380768
0.0026450283
-0.62382062
-0.62512249
-0.0026650651
0.62216466
0.0026652622
-0.0025732702
0.62211882
0.0025883097
-0.62213387
-0.62335826
-0.002618015
0.62078294
0.0026015705
-0.0025041096
0.62072351
0.002523837
-0.62074326
-0.62178554
-0.0025615163
0.61928633
0.0025171703
-0.0024185925
0.61921739
0.0024412925
-0.61924011
-0.62036852
-0.0024837844
0.61791844
0.002416488
-0.0023179527
0.61783815
0.0023443791
-0.6178646
-0.61888279
-0.0023948582
0.61664817
0.0023042662
-0.0022076472
0.61656302
0.0022357697
-0.61659117
-0.61753626
-0.0022909821
0.61548669
0.0021851119
-0.0020880288
0.61539174
0.0021194617
-0.61542319
-0.61628655
-0.0021790584
0.61449565
0.0020529766
0.61438462
-0.0019433355
0.0019811235
-0.61442243
-0.61515524
-0.0020549764
0.63728863
0.0019062793
-0.0018513321
0.63739079
0.0017920656
-0.63733154
0.001809042
-0.63603507
-0.0017693764
0.63699242
0.0019630632
-0.0020563325
0.63708762
0.0020249172
-0.63705622
-0.6372787
-0.001909703
0.63661895
0.0021407827
-0.0021008256
0.63670711
0.0020713448
-0.63667764
-0.63695385
-0.0021381685
0.63614299
0.0022599734
-0.0022387846
0.63622463
0.0022115018
-0.63619736
-0.63657418
-0.0021297909
0.63554619
0.0023701525
-0.0022902353
0.63562095
0.0022657584
-0.63559649
-0.63606987
-0.0022400004
0.63477131
0.0024419912
-0.0023804639
0.6348368
0.0023590627
-0.63481543
-0.63542626
-0.0023139287
0.63382652
0.0025041506
-0.0024332407
0.63388295
0.0024400574
-0.6338898
-0.63460026
-0.0024010758
0.63267186
0.0025524769
-0.0025007074
0.63269396
0.0024851429
-0.63267842
-0.63357289
-0.0024764652
0.6294654
0.002577319
-0.0024983236
0.62941467
0.002507236
-0.6294236
-0.63231382
-0.0025149242
0.59070165
0.0024633877
-0.0025036268
0.59103383
0.0023945149
-0.59092474
-0.62301722
-0.0024448203
0.62698995
0.0026491476
-0.0025823201
0.62701352
0.0025756616
-0.62700688
-0.61858997
-0.0025565938
0.62548175
0.0026384533
-0.0025567353
0.62549659
0.0025506573
-0.62549053
-0.6266703
-0.0025895534
0.62379505
0.0026180127
-0.0025288032
0.62375807
0.0025411262
-0.62377041
-0.62510925
-0.0025532449
0.62210421
0.0025623751
-0.0024714604
0.62206456
0.002483477
-0.62207659
-0.62330493
-0.0025161705
0.62070399
0.0024981276
-0.0024031961
0.62064718
0.0024217605
-0.62066576
-0.6217384
-0.0024593816
0.61919502
0.0024166202
-0.0023231612
0.61912997
0.0023444846
-0.6191513
-0.6202892
-0.0023843927
0.61781207
0.0023210936
-0.0022283882
0.61773601
0.0022533735
-0.617761
-0.61878988
-0.0023008794
0.61653514
0.0022137471
-0.0021227148
0.61645292
0.0021498747
-0.6164801
-0.6174303
-0.0022027682
0.61536084
0.0020986609
-0.0020070518
0.61526934
0.00203736
-0.61529966
-0.61617358
-0.0020950252
0.61434904
0.0019718835
0.61424252
-0.0018681198
0.0019044459
-0.61427887
-0.61502712
-0.0019752626
0.63742305
0.0018585701
-0.0018041441
0.63736744
0.0019244619
-0.63748778
0.00151217
-0.6360927
-0.0017016243
0.63711987
0.0018834949
-0.0020041295
0.63721119
0.0019485229
-0.6371556
-0.63740779
-0.0018358007
0.63673624
0.0020824693
-0.0020687469
0.63682279
0.0020406544
-0.63679471
-0.6370756
-0.002059235
0.63625151
0.0021703045
-0.0021498394
0.63633104
0.0021241528
-0.63630538
-0.63668787
-0.0020708522
0.63564639
0.0022722646
-0.0022199052
0.63571583
0.0021971698
-0.63569311
-0.63614843
-0.0021748178
0.63485778
0.0023651721
-0.0023034318
0.63491824
0.0022836614
-0.6348985
-0.635493
-0.0022418849
0.63390112
0.0024191968
-0.002350268
0.63392819
0.0023584499
-0.6339364
-0.63465487
-0.0023224567
0.63268406
0.0024630677
-0.0024130624
0.63275366
0.0023985645
-0.63273917
-0.63364272
-0.0023669387
0.6294054
0.0024841011
-0.0024064735
0.62937545
0.0024167296
-0.62938574
-0.63234379
-0.0024262179
0.59114068
0.0023721522
-0.0024054379
0.5914549
0.0023028876
-0.59135238
-0.62280189
-0.0023510799
0.62702369
0.0025428812
-0.0024739582
0.6270443
0.0024677382
-0.6270381
-0.61879284
-0.0024494823
0.6255052
0.0025240508
-0.0024519821
0.62551996
0.0024473857
-0.62551537
-0.62668945
-0.0024847102
0.62374561
0.0025153946
-0.0024229818
0.62370918
0.0024351913
-0.6237214
-0.62510061
-0.0024512457
0.62205376
0.002457457
-0.0023747001
0.62202293
0.0023854787
-0.62203372
-0.62325339
-0.0024102265
0.62062914
0.0023965627
-0.0023059637
0.62057823
0.0023223672
-0.62059464
-0.62168364
-0.0023577938
0.61910904
0.0023210661
-0.0022330904
0.61904867
0.0022528033
-0.6190684
-0.6202169
-0.0022891898
0.61771138
0.0022315003
-0.0021444228
0.61763973
0.002167938
-0.61766326
-0.61870302
-0.0022123721
0.616426
0.0021293027
-0.0020433396
0.61634659
0.0020695735
-0.61637284
-0.61732982
-0.0021201693
0.61523953
0.0020179361
-0.0019313869
0.61515124
0.001960637
-0.61518051
-0.61606411
-0.0020164986
0.61420853
0.0018961981
0.61410644
-0.0017980212
0.0018328972
-0.61414133
-0.61490389
-0.0019007941
0.6375004
0.0018131818
-0.0017848436
0.6375941
0.0017534765
-0.63756274
0.0017280355
-0.63635154
-0.0016604376
0.63726646
0.0018853235
-0.0018782666
0.63727776
0.0019002342
-0.63729976
-0.63750654
-0.0018142467
0.63685055
0.0020016336
-0.001988795
0.63693187
0.0019620028
-0.63690509
-0.63721776
-0.0018303424
0.63635635
0.0021091663
-0.0020896394
0.63640457
0.002065446
-0.6363804
-0.63679594
-0.0020149885
0.63573818
0.0022059903
-0.0021536003
0.63577752
0.0021577724
-0.63578171
-0.63627139
-0.002087681
0.63491228
0.0022908912
-0.0022314
0.63496838
0.0022130195
-0.63495003
-0.6355786
-0.002174106
0.63397032
0.0023135569
-0.0022728989
0.63396665
0.0022823838
-0.63397616
-0.63472736
-0.0022490743
0.63274265
0.0023776695
-0.0023307037
0.63278507
0.0022920544
-0.63274644
-0.63370888
-0.0022882601
0.62933995
0.0023948287
-0.0022963432
0.62928234
0.0023323164
-0.62931836
-0.63239483
-0.0023176579
0.59155596
0.0022810965
-0.0023137823
0.59185418
0.002215075
-0.59175551
-0.6225987
-0.0022632682
0.62705042
0.0024376255
-0.0023587802
0.62706466
0.0023522732
-0.62705826
-0.61896624
-0.0023530399
0.62552969
0.0024138607
-0.0023467113
0.62555256
0.0023371645
-0.62554302
-0.62671148
-0.0023735171
0.62369776
0.0024101128
-0.0023189279
0.62366432
0.0023309526
-0.62367635
-0.62509563
-0.0023487667
0.62201074
0.0023628491
-0.0022770401
0.62196705
0.0022923384
-0.62198235
-0.62320597
-0.0023080732
0.62056249
0.0022981678
-0.0022137198
0.62051882
0.0022276686
-0.62053277
-0.62161245
-0.0022592059
0.6190294
0.0022307278
-0.00214862
0.61897404
0.0021666559
-0.61899208
-0.62015318
-0.0021991809
0.61761657
0.0021474351
-0.0020658302
0.61754915
0.002087964
-0.61757129
-0.61862247
-0.0021294606
0.61632058
0.0020503252
-0.0019691146
0.61624389
0.0019944517
-0.61626924
-0.61723473
-0.0020428612
0.61512248
0.0019424953
-0.001860725
0.61503725
0.0018889697
-0.6150655
-0.61595801
-0.0019430989
0.61407401
0.0018255754
0.61397622
-0.0017326489
0.0017661337
-0.61400972
-0.6147853
-0.0018312643
0.63762405
0.0017446355
-0.0017159532
0.6377134
0.0016867159
-0.63768419
0.0016901665
-0.63660498
-0.0016214422
0.63730639
0.0018631571
-0.0018314889
0.63739069
0.001803638
-0.63736286
-0.63762517
-0.0017463985
0.63695834
0.0019491659
-0.0019373378
0.63703594
0.0019117596
-0.63701038
-0.63725339
-0.0018588105
0.63645385
0.0020258705
-0.0020330305
0.63652339
0.0019847333
-0.63647511
-0.63687331
-0.0019622881
0.63579843
0.0021168246
-0.002091795
0.63585922
0.0020718179
-0.63583926
-0.6363377
-0.0020297411
0.63498646
0.0021961763
-0.0021648845
0.63503895
0.0021222834
-0.63499637
-0.63563197
-0.0021111006
0.63400751
0.0022389966
-0.0022017815
0.634027
0.0021871197
-0.63401235
-0.63477088
-0.0021814244
0.63277287
0.0022979652
-0.0022548547
0.63281053
0.0022425237
-0.63279822
-0.63374311
-0.0022159276
0.62927136
0.0023119867
-0.0022442564
0.6292384
0.0022301003
-0.62922429
-0.63241703
-0.0022410268
0.59195471
0.0021923164
-0.0022334994
0.59224781
0.0021360563
-0.59215039
-0.62241084
-0.0021835155
0.62705857
0.0023424254
-0.002273787
0.6270632
0.0022710356
-0.62706054
-0.61911889
-0.0022671169
0.62556236
0.0023038473
-0.0022400825
0.62556994
0.0022355333
-0.62556545
-0.62672389
-0.0022803925
0.6236547
0.0023031483
-0.0022200406
0.62362557
0.0022291598
-0.62363469
-0.62510856
-0.0022403735
0.62195185
0.0022679566
-0.0021833249
0.6219075
0.0021982034
-0.62192239
-0.62316461
-0.0022116421
0.62050549
0.0022049824
-0.0021279695
0.62046846
0.0021398397
-0.62048034
-0.62154397
-0.0021672145
0.61895643
0.0021460266
-0.0020699126
0.61890587
0.0020863873
-0.61892235
-0.62009823
-0.0021154091
0.61752734
0.0020688171
-0.0019924717
0.61746373
0.0020133705
-0.61748464
-0.61854805
-0.0020522012
0.61621878
0.0019764583
-0.0018998211
0.61614472
0.0019242838
-0.6161692
-0.6171446
-0.0019706581
0.61500947
0.0018720529
-0.0017948586
0.61492711
0.0018221631
-0.61495442
-0.61585519
-0.0018746208
0.61394527
0.0017596843
0.61385157
-0.0016717253
0.0017038796
-0.61388374
-0.61467106
-0.0017664462
0.6377423
0.00167842
-0.0016515632
0.63783058
0.0016467983
-0.63782585
0.0013994129
-0.63657382
-0.0015846405
0.63741823
0.001792682
-0.0017874284
0.63749938
0.0017606136
-0.63747258
-0.63771617
-0.0017054305
0.63703578
0.0018996687
-0.0018635592
0.63711
0.0018645239
-0.63711099
-0.63735989
-0.0018137108
0.63652053
0.0019968994
-0.0019547907
0.63658656
0.0019330387
-0.63656482
-0.63697016
-0.001887409
0.63587893
0.0020573767
-0.0020347068
0.6359111
0.0020157501
-0.63589216
-0.63639779
-0.0020012444
0.63503057
0.0021321481
-0.0020785232
0.63507874
0.0020622376
-0.63506247
-0.63570758
-0.0020530205
0.6340414
0.0021705964
-0.0021368866
0.63405904
0.0021218901
-0.63404409
-0.63481148
-0.0021194587
0.63282257
0.0021995812
-0.002185854
0.63283216
0.0021744244
-0.63282076
-0.63377271
-0.0021499768
0.62920261
0.0022368129
-0.0021750255
0.62917092
0.0021854019
-0.62918132
-0.63246185
-0.0021714613
0.59234489
0.0021186374
-0.0021665765
0.59263622
0.0020691669
-0.59253884
-0.62221082
-0.0021124395
0.62706335
0.0022481539
-0.002196629
0.6270574
0.0021997617
-0.62706056
-0.61924973
-0.0021990143
0.62557106
0.0022095399
-0.0021445703
0.62557081
0.00214586
-0.6255721
-0.62670948
-0.0022038699
0.62361969
0.0022054981
-0.00213817
0.62360147
0.0021431304
-0.62360646
-0.62511281
-0.0021479769
0.62189241
0.0021768815
-0.0021001366
0.62184762
0.0021148748
-0.62186238
-0.62314506
-0.0021356286
0.62045698
0.0021192168
-0.0020496705
0.62042431
0.0020602726
-0.62043493
-0.62148125
-0.002085288
0.61888976
0.0020672485
-0.0019968653
0.61884332
0.0020120344
-0.61885849
-0.62005023
-0.002038421
0.61744311
0.0019955406
-0.0019241325
0.61738288
0.0019439376
-0.6174027
-0.61847917
-0.0019804133
0.61612048
0.001907502
-0.0018352979
0.61604904
0.0018588936
-0.61607264
-0.61705892
-0.0019033555
0.61490025
0.0018064335
-0.0017336228
0.61482053
0.0017600674
-0.61484698
-0.61575563
-0.0018109149
0.61382203
0.0016982526
0.6137321
-0.0016149261
0.0016458732
-0.61376306
-0.61456081
-0.0017061509
0.6378585
0.0016400586
-0.0016395406
0.63794291
0.0016112428
-0.63791462
0.0016199201
-0.63679379
-0.0015491341
0.63752484
0.001750321
-0.0017461156
0.63760308
0.0017202479
-0.63757723
-0.63785315
-0.001641479
0.63713423
0.0018531928
-0.0018438759
0.63722983
0.0017948805
-0.63718085
-0.63746456
-0.0017459717
0.63660806
0.0019461256
-0.0019058902
0.63664456
0.001910484
-0.63664918
-0.63706515
-0.0018413051
0.63592984
0.002002443
-0.0019823227
0.63598353
0.0019642028
-0.63596542
-0.63648164
-0.0019260181
0.63509479
0.0020734076
-0.0020480911
0.63514169
0.0020072871
-0.63510091
-0.63575531
-0.0019997846
0.63407246
0.0021081724
-0.0020524863
0.63408614
0.0020649981
-0.63409867
-0.63489782
-0.0020374867
0.63284343
0.0021331878
-0.0020984091
0.63285102
0.0020875695
-0.6328402
-0.63379834
-0.002090034
0.62913548
0.0021692754
-0.0021125795
0.62913047
0.002097473
-0.62911538
-0.63247823
-0.0021089735
0.59273386
0.0020547961
-0.0021088268
0.5930255
0.0020112893
-0.59292797
-0.62200688
-0.0020461131
0.62705643
0.0021830738
-0.0021346492
0.62704269
0.0021400743
-0.62704812
-0.61938893
-0.0021436037
0.62556915
0.0021320483
-0.0020799278
0.62556075
0.0020827476
-0.62556357
-0.62668188
-0.0021389392
0.62359685
0.0021249276
-0.0020680745
0.62358728
0.0020713568
-0.62359059
-0.62511256
-0.0020771615
0.62183315
0.002095358
-0.0020261296
0.62179066
0.0020400951
-0.62180464
-0.62313239
-0.0020616705
0.62041392
0.0020416711
-0.001978612
0.62038363
0.0019885581
-0.62039359
-0.62142314
-0.0020121217
0.61882844
0.0019943369
-0.0019291459
0.61878521
0.0019433204
-0.6187994
-0.6200065
-0.0019680284
0.61736333
0.0019273439
-0.0018604873
0.61730613
0.0018793063
-0.61732496
-0.61841502
-0.0019137283
0.61602567
0.0018432732
-0.001775339
0.61595684
0.001798056
-0.61597957
-0.61697727
-0.0018406662
0.61479451
0.0017454859
-0.001676843
0.61471718
0.0017025062
-0.61474285
-0.61565937
-0.0017517883
0.61370381
0.0016410355
0.61361726
-0.0015620713
0.0015919266
-0.61364713
-0.61445411
-0.0016502023
0.63796991
0.0016040649
-0.0016044761
0.63805166
0.0015770562
-0.63802426
0.0015884585
-0.63698375
-0.0014921787
0.63760425
0.0017095865
-0.0017075656
0.63767982
0.0016825703
-0.63765484
-0.63793549
-0.001631029
0.63722769
0.0018097788
-0.0017764976
0.63729748
0.0017527018
-0.6372737
-0.63756449
-0.0017320326
0.63666519
0.0018736325
-0.0018608753
0.63672599
0.0018407742
-0.63670591
-0.63712994
-0.0018240344
0.63600146
0.001926602
-0.0019090482
0.63602874
0.0019170537
-0.63603677
-0.63656097
-0.001880286
0.63513154
0.0020196865
-0.0019718228
0.63517731
0.0019825195
-0.63518805
-0.63582393
-0.0019511662
0.6341241
0.0020259362
-0.0020241051
0.63413564
0.0020119734
-0.63412352
-0.63490491
-0.001985847
0.63286173
0.0020731509
-0.0020425352
0.63286804
0.0020320494
-0.63285756
-0.63384617
-0.0020356645
0.62909566
0.0021074679
-0.0020549048
0.62906408
0.0020402087
-0.62904939
-0.63249459
-0.0020527542
0.5931217
0.001997704
-0.0020495806
0.59340507
0.0019550019
-0.5933105
-0.6218206
-0.0019888637
0.62703342
0.0021262457
-0.0020669879
0.62701149
0.002075314
-0.62701982
-0.61952341
-0.0020845141
0.62555497
0.0020646638
-0.002007171
0.62553763
0.0020136254
-0.6255441
-0.6266545
-0.0020494233
0.62358425
0.0020548002
-0.0020010864
0.62358042
0.0020006543
-0.62358007
-0.62510639
-0.0020058526
0.62177693
0.0020225452
-0.001959372
0.62173749
0.0019721785
-0.62175032
-0.62310414
-0.001994207
0.62037379
0.0019717597
-0.0019142011
0.62034444
0.0019239453
-0.6203542
-0.62136811
-0.0019462765
0.61877126
0.0019269767
-0.0018664214
0.6187303
0.001879915
-0.6187438
-0.61996463
-0.0019037832
0.61728755
0.0018638534
-0.001801209
0.61723311
0.0018191292
-0.61725104
-0.61835467
-0.0018517996
0.61593436
0.0017835315
-0.0017196847
0.61586821
0.0017415055
-0.61589004
-0.61689937
-0.0017822891
0.61469192
0.0016890205
-0.0016243125
0.6146168
0.0016492517
-0.61464175
-0.61556648
-0.0016969868
0.61359009
0.0015878492
0.6135065
-0.0015129452
0.0015418611
-0.61353543
-0.61435055
-0.0015984125
0.63807783
0.0015449378
-0.0015718588
0.63815716
0.0015452393
-0.63813055
0.0013049255
-0.63689161
-0.0014875353
0.63770459
0.0016481294
-0.0016717993
0.63780326
0.0016220942
-0.63775356
-0.63803995
-0.0015976211
0.63732
0.0017440002
-0.0017377901
0.63738652
0.0017157831
-0.63736452
-0.63766113
-0.0016700203
0.63674593
0.001830278
-0.0018196332
0.63680595
0.0018001323
-0.63678647
-0.63721719
-0.0017591959
0.63607256
0.0018793342
-0.0018908342
0.6361233
0.0018486539
-0.63608113
-0.63663766
-0.001838466
0.63519179
0.001945325
-0.0019255286
0.6352089
0.0019368952
-0.63522028
-0.63588974
-0.0018814966
0.63414761
0.0019994971
-0.0019501164
0.63415738
0.001963869
-0.63417116
-0.63495996
-0.0019389234
0.63287835
0.0020189954
-0.0019919383
0.6329088
0.0019818924
-0.63289877
-0.6338662
-0.0019611442
0.62902866
0.002051191
-0.0020002066
0.62899523
0.0019866304
-0.62898165
-0.63250906
-0.0020014123
0.59349525
0.0019436501
-0.0019870864
0.5937626
0.0019000614
-0.59367559
-0.62162599
-0.0019312809
0.62700588
0.0020579898
-0.0020006203
0.6269893
0.0020057512
-0.62699447
-0.61965282
-0.002018435
0.62553259
0.0019988333
-0.0019455645
0.62551603
0.0019498347
-0.62552033
-0.62661145
-0.0020144678
0.6235784
0.0019878925
-0.0019404284
0.62357713
0.001942714
-0.62357945
-0.62510081
-0.0019447128
0.62172524
0.0019560082
-0.001898613
0.62169092
0.001909668
-0.62170199
-0.62307212
-0.0019301403
0.6203347
0.001908811
-0.0018558112
0.62030525
0.0018656391
-0.62031509
-0.62131754
-0.001886879
0.61871695
0.0018648624
-0.0018085478
0.61867741
0.0018216311
-0.6186905
-0.61992289
-0.0018452597
0.61721541
0.0018047545
-0.0017461296
0.61716345
0.0017632475
-0.61718057
-0.61829715
-0.0017944909
0.61584663
0.0017280147
-0.0016681011
0.61578317
0.0016890317
-0.61580411
-0.616825
-0.0017280476
0.61459226
0.0016368004
-0.0015758153
0.61451924
0.0016000613
-0.61454349
-0.61547702
-0.0016462587
0.61348028
0.0015385307
0.61339925
-0.0014674771
0.0014955645
-0.61342735
-0.61424981
-0.0015505997
0.63818258
0.0015136829
-0.0015161917
0.63825973
0.0014902797
-0.63823383
0.0012777134
-0.63705061
-0.0014340785
0.63780178
0.0016393053
-0.001638816
0.6378983
0.0015898027
-0.6378493
-0.63814044
-0.0015412517
0.63740837
0.00170676
-0.0017022254
0.63747302
0.0016808164
-0.63745162
-0.63775485
-0.0016363555
0.63682531
0.0017905173
-0.001781946
0.63685723
0.0017629357
-0.63683824
-0.63730191
-0.0017230605
0.63611452
0.0018639335
-0.0018257479
0.63616362
0.0018094984
-0.63614738
-0.6367122
-0.0017748681
0.63522275
0.0019007874
-0.0018836134
0.63526351
0.0018701473
-0.63525006
-0.6359277
-0.0018412634
0.63419414
0.0019272495
-0.0019314376
0.6342023
0.0019204093
-0.63419129
-0.63501266
-0.0018711293
0.63291874
0.0019700765
-0.0019453129
0.63292179
0.0019361609
-0.63291265
-0.63390822
-0.0019166083
0.62898265
0.0019745111
-0.0019231466
0.62891732
0.0019372329
-0.62893143
-0.63254555
-0.0019285247
0.59385061
0.0018835426
-0.0019264835
0.59410391
0.0018425067
-0.59401996
-0.62142077
-0.0018753931
0.62698363
0.0019929977
-0.001941015
0.62697485
0.0019469875
-0.6269809
-0.6197651
-0.00195621
0.62551062
0.0019376919
-0.0018970355
0.62549779
0.0019004231
-0.6255012
-0.6266101
-0.0019340646
0.62357527
0.0019264753
-0.0018799019
0.62354834
0.0018904759
-0.62355891
-0.62509148
-0.0018956559
0.62168035
0.0018950068
-0.0018439218
0.62165001
0.0018538155
-0.62165991
-0.62303664
-0.0018735244
0.62029536
0.0018519929
-0.0018029307
0.62026544
0.001812927
-0.62027544
-0.62127258
-0.0018333457
0.61866442
0.0018078548
-0.0017556151
0.61862567
0.0017684769
-0.61863853
-0.61988039
-0.0017921586
0.61714652
0.0017499545
-0.0016953355
0.6170967
0.0017117765
-0.61711315
-0.61824158
-0.0017419285
0.61576247
0.0016765439
-0.0016204807
0.61570156
0.0016405823
-0.61572166
-0.61675385
-0.0016779904
0.61449539
0.0015885894
-0.0015311713
0.6144244
0.001554744
-0.61444797
-0.61539094
-0.0015994502
0.61337387
0.0014929703
0.61329504
-0.0014255456
0.0014529278
-0.61332244
-0.61415173
-0.0015066065
0.63828447
0.0015103038
-0.0014884758
0.63833323
0.0014887123
-0.63833349
0.0012526792
-0.63718136
-0.0014083537
0.63789614
0.0016076902
-0.0015831045
0.63796526
0.0015601969
-0.63794236
-0.63824008
-0.0015129011
0.63749429
0.0016725464
-0.0016442319
0.6375318
0.0016488307
-0.63753641
-0.63782047
-0.00160454
0.63690157
0.0017287037
-0.0017475553
0.63695762
0.0017035257
-0.6369136
-0.63735898
-0.0016900303
0.63615432
0.0018256916
-0.0017896661
0.63620202
0.0017992796
-0.63621164
-0.63675952
-0.0017400628
0.63527685
0.0018604355
-0.0018457723
0.63529091
0.0018327246
-0.63527787
-0.63598896
-0.0018047261
0.6342132
0.0018848917
-0.001866395
0.63421972
0.0018812402
-0.63423458
-0.6350381
-0.001857066
0.63292927
0.0019252523
-0.0019010748
0.63295251
0.0018938766
-0.63294532
-0.63392388
-0.0018762558
0.62890298
0.0019245721
-0.0018729889
0.62883486
0.0018877497
-0.62884964
-0.63255277
-0.0018826154
0.5941866
0.0018287167
-0.0018682836
0.59443238
0.0017860081
-0.59435013
-0.62122733
-0.0018212089
0.6269729
0.0019311929
-0.0018903471
0.62696955
0.0018917479
-0.62697098
-0.61986921
-0.0018958705
0.62549545
0.0018898863
-0.0018491904
0.62548911
0.0018520371
-0.62549197
-0.62660206
-0.0018812575
0.62354023
0.0018753014
-0.0018301441
0.62352662
0.0018329128
-0.6235294
-0.62507864
-0.001844047
0.6216402
0.0018410887
-0.0017944174
0.62161215
0.0018035376
-0.62162128
-0.62301411
-0.0018225587
0.62025542
0.0018005482
-0.0017551656
0.62022527
0.0017651858
-0.6202353
-0.62123135
-0.0017846689
0.61861286
0.0017560032
-0.0017078711
0.61857455
0.0017205978
-0.61858729
-0.61983713
-0.0017443028
0.61708041
0.0016996342
-0.0016491387
0.61703228
0.0016650538
-0.6170482
-0.61818727
-0.0016944212
0.61568166
0.0016291156
-0.0015768927
0.61562295
0.0015962967
-0.61564237
-0.61668545
-0.0016323852
0.61440121
0.0015442192
-0.0014902819
0.61433217
0.0015132161
-0.61435511
-0.61530798
-0.0015565649
0.61327037
0.0014510728
0.61319346
-0.0013871565
0.0014139052
-0.61322022
-0.61405617
-0.0014663371
0.63835736
0.0014582821
-0.0014631892
0.63845722
0.0014384881
-0.63843252
0.0012297784
-0.63728405
-0.0014103634
0.637988
0.0015532558
-0.001554657
0.63805448
0.0015332509
-0.63803308
-0.63831088
-0.0014870587
0.63755254
0.001641293
-0.0016146428
0.63761403
0.0015942607
-0.63759365
-0.63790828
-0.001577479
0.63695064
0.0017209671
-0.0016907886
0.63700548
0.0016726032
-0.6369873
-0.63743852
-0.0016599785
0.63621771
0.0017654604
-0.0017568323
0.63626427
0.0017413991
-0.63624884
-0.6368296
-0.0017083551
0.63532926
0.0017985574
-0.0018116314
0.63534234
0.0017988824
-0.63532959
-0.63604747
-0.0017715365
0.63423006
0.0018467397
-0.0018306797
0.63426038
0.0018206774
-0.63425039
-0.63508627
-0.0017984246
0.63293397
0.0018838698
-0.001836046
0.63295223
0.001830243
-0.63294644
-0.63393694
-0.0018398983
0.62882131
0.0018742253
-0.0018271164
0.6287732
0.0018441108
-0.62879023
-0.6325511
-0.0018407954
0.59451384
0.0017728277
-0.0018144166
0.59475084
0.0017353432
-0.5946718
-0.62101804
-0.0017740449
0.62696507
0.0018836813
-0.0018337134
0.62695978
0.0018362673
-0.62696239
-0.6199635
-0.0018309671
0.6254867
0.0018384969
-0.0017958541
0.62547716
0.001798837
-0.62548016
-0.62659478
-0.0018298471
0.62352496
0.0018216217
-0.0017840864
0.62351092
0.0017919673
-0.62351882
-0.62505952
-0.0017932017
0.62160321
0.0017920519
-0.0017499412
0.62157804
0.0017580286
-0.62158613
-0.62297749
-0.0017746584
0.62021524
0.0017540498
-0.0017123532
0.62018538
0.0017222176
-0.62019525
-0.62119354
-0.0017411947
0.61856187
0.0017094732
-0.0016655988
0.61852396
0.0016781886
-0.61853655
-0.61979386
-0.0017016651
0.61701648
0.0016541642
-0.0016079363
0.61696957
0.0016234842
-0.61698512
-0.61813378
-0.0016523161
0.61560371
0.0015859106
-0.0015375415
0.61554668
0.001556441
-0.61556558
-0.61661915
-0.0015915996
0.61430961
0.0015036363
-0.00145314
0.61424233
0.0014755092
-0.6142647
-0.61522758
-0.0015177445
0.61316942
0.0014127925
0.61309417
-0.0013522425
0.0013784487
-0.61312039
-0.613963
-0.001429759
0.63848082
0.0014341316
-0.0014403322
0.63852726
0.0014161328
-0.63850305
0.001208272
-0.63741005
-0.0013627406
0.63807668
0.0015269677
-0.001530804
0.63814262
0.0014834323
-0.63809525
-0.63843061
-0.0014637143
0.63763428
0.0016129135
-0.0016124044
0.63769336
0.0015934812
-0.63767445
-0.63799593
-0.0015521833
0.63702356
0.0016907815
-0.0016878132
0.6370772
0.0016445787
-0.63703397
-0.63754273
-0.0016073338
0.63625419
0.0017591707
-0.0017269796
0.63629974
0.001711868
-0.63628464
-0.63689926
-0.0016795423
0.63535504
0.001765552
-0.0017808213
0.63539282
0.0017428934
-0.63535489
-0.6361058
-0.0017413974
0.6342691
0.0018124419
-0.0017986667
0.63427287
0.001814374
-0.63428861
-0.6351345
-0.0017673804
0.63295775
0.001846598
-0.0018015218
0.63294819
0.0018216493
-0.63296835
-0.63397407
-0.0018073833
0.62875566
0.0018338935
-0.0017624552
0.62867621
0.0018058665
-0.62871967
-0.63254187
-0.0018301345
0.5948324
0.001721517
-0.0017748184
0.59507372
0.0016948899
-0.59499382
-0.62079921
-0.0017312553
0.62696233
0.0018184709
-0.001789568
0.62695775
0.0017889361
-0.62695716
-0.62003751
-0.0017930068
0.6254737
0.0017882212
-0.0017563816
0.62547327
0.0017554419
-0.62547234
-0.62657732
-0.0017857442
0.62350284
0.0017805734
-0.0017397819
0.62348
0.0017471319
-0.62348735
-0.62505469
-0.0017565103
0.62157006
0.0017473746
-0.0017102399
0.62154739
0.0017174873
-0.62155463
-0.62294191
-0.0017318114
0.62017563
0.0017121741
-0.0016745802
0.62014708
0.0016839356
-0.62015643
-0.62115983
-0.0017020982
0.61851142
0.0016684655
-0.0016290257
0.61847396
0.0016414673
-0.6184864
-0.61975184
-0.0016643999
0.61695409
0.001613938
-0.0015720326
0.61690793
0.0015873659
-0.61692327
-0.61808088
-0.0016158688
0.61552789
0.0015472065
-0.0015026554
0.61547186
0.001521273
-0.61549049
-0.61655424
-0.0015559307
0.61422031
0.0014668953
-0.0014198055
0.61415447
0.0014417263
-0.61417639
-0.61514899
-0.0014831801
0.61307066
0.001378092
0.61299685
-0.001320846
0.0013465649
-0.61302258
-0.61387192
-0.0013968982
0.6385504
0.0014123352
-0.0014199051
0.63864654
0.0013706162
-0.63859725
0.0011897205
-0.63748217
-0.001344502
0.63816527
0.0015023872
-0.0015086695
0.63822985
0.0014617295
-0.63818292
-0.63852298
-0.0014173468
0.63768768
0.0015873588
-0.0015895
0.63777189
0.0015445361
-0.63772695
-0.63808076
-0.0015041126
0.63709488
0.0016380161
-0.0016367825
0.63712082
0.0016194013
-0.63710345
-0.6375952
-0.0016084746
0.63631477
0.0017049285
-0.0016999933
0.63638378
0.0016597455
-0.63634355
-0.63694293
-0.0016535594
0.63537883
0.0017611016
-0.0017530805
0.6354415
0.0017153009
-0.63540373
-0.63613871
-0.0016887548
0.63428241
0.0017816371
-0.0017700283
0.63431069
0.0017606548
-0.63430133
-0.63515763
-0.001739454
0.63297854
0.0017885722
-0.0017972793
0.63296966
0.0017921889
-0.63296459
-0.63398305
-0.0017784609
0.62865739
0.0017971789
-0.0017547257
0.62859978
0.001774128
-0.62861919
-0.63255475
-0.0018007526
0.59515674
0.0016838389
-0.0017460153
0.59540695
0.0016624956
-0.59532347
-0.62059885
-0.0016961265
0.6269574
0.0017807997
-0.0017518864
0.62694362
0.0017561648
-0.62694791
-0.62011556
-0.001766944
0.62547252
0.0017451809
-0.0017194083
0.62547167
0.0017199045
-0.62547221
-0.62658539
-0.001747797
0.62347311
0.001736692
-0.0017025315
0.62345348
0.0017089826
-0.62345993
-0.62505109
-0.0017166374
0.6215401
0.0017078659
-0.0016754546
0.62151968
0.0016822662
-0.62152648
-0.62291131
-0.0016953602
0.62013796
0.0016751372
-0.0016428268
0.62011137
0.0016515141
-0.62012005
-0.62112824
-0.0016677261
0.61846155
0.0016332069
-0.0015982894
0.61842436
0.0016106786
-0.61843674
-0.61971199
-0.0016331323
0.61689263
0.0015792039
-0.0015414998
0.61684678
0.0015567639
-0.61686205
-0.61802837
-0.0015851658
0.6154533
0.0015132361
-0.0014723613
0.61539764
0.001490908
-0.61541619
-0.61649
-0.0015254625
0.61413286
0.0014341049
-0.0013903507
0.61406804
0.0014119677
-0.61408966
-0.61507136
-0.0014530015
0.61297379
0.0013469714
0.61290118
-0.0012929206
0.0013182427
-0.61292651
-0.61378252
-0.0013677958
0.63864377
0.0013928912
-0.0014019133
0.63873877
0.0013529967
-0.63868986
0.0011741871
-0.63755421
-0.0013277025
0.63822566
0.0014822488
-0.0014891865
0.63828908
0.0014681305
-0.63826803
-0.63858825
-0.0014245018
0.63776578
0.0015645965
-0.0015429486
0.6378242
0.0015493604
-0.63783064
-0.63816392
-0.0014842379
0.63713809
0.0016135541
-0.0016140824
0.63718927
0.0016225688
-0.63719778
-0.63764497
-0.0015869968
0.63637311
0.0016789438
-0.0016759163
0.63641692
0.0016613721
-0.63640239
-0.63698394
-0.0016304607
0.63542847
0.0017342531
-0.0017029637
0.63546532
0.0016907016
-0.63545308
-0.63616963
-0.0016898694
0.63432
0.0017540432
-0.0017446129
0.63432238
0.0017354151
-0.63431318
-0.63517895
-0.0017145539
0.63297472
0.0017600897
-0.0017464926
0.63296489
0.0017665573
-0.63298499
-0.63401652
-0.0017529242
0.62858014
0.0017669826
-0.0017284758
0.62849654
0.0017479806
-0.62851606
-0.63254344
-0.0017503826
0.59549318
0.0016534111
-0.0017231204
0.59574838
0.0016375215
-0.5956628
-0.62038917
-0.0016701253
0.62693839
0.0017490547
-0.0017272842
0.62692481
0.0017315451
-0.62692907
-0.62019935
-0.0017432867
0.62546999
0.0017139543
-0.0016910057
0.62545861
0.0016954401
-0.62546305
-0.62657045
-0.0017232669
0.62344702
0.0017007182
-0.001672264
0.62342746
0.0016787262
-0.62343393
-0.62503629
-0.0016869502
0.62151293
0.0016741381
-0.0016460378
0.62149355
0.001652022
-0.62149954
-0.62288411
-0.0016661235
0.62010273
0.001644647
-0.0016183105
0.6200772
0.0016268377
-0.62008574
-0.62110008
-0.0016411976
0.61841193
0.0016039232
-0.0015732973
0.61837439
0.001585863
-0.61838696
-0.61967331
-0.0016085456
0.61683151
0.0015499557
-0.0015161235
0.61678557
0.001531453
-0.6168009
-0.61797572
-0.0015600306
0.61537909
0.0014840644
-0.0014466106
0.61532327
0.0014652491
-0.61534191
-0.61642577
-0.0015000086
0.61404669
0.0014053527
-0.001364813
0.61398246
0.0013862699
-0.61400392
-0.61499392
-0.0014272017
0.61287847
0.0013194195
0.6128068
-0.0012685205
0.0012935064
-0.6128318
-0.6136943
-0.0013424836
0.63873566
0.0013758106
-0.0013863528
0.63880416
0.00136329
-0.6387811
0.001415479
-0.63787938
-0.0013131751
0.63831004
0.0014382779
-0.0014723485
0.63837244
0.0014516183
-0.63835171
-0.63870235
-0.0013831058
0.63784318
0.0015191461
-0.0015247219
0.63789956
0.0015060075
-0.63788085
-0.63824561
-0.0014670655
0.63720713
0.0015910024
-0.0015943708
0.6372317
0.0015777808
-0.63721512
-0.63771867
-0.0015429307
0.63643141
0.001630463
-0.0016549601
0.6364755
0.0016152317
-0.63643578
-0.6370743
-0.0016103842
0.63545215
0.0017104238
-0.0016813802
0.63551502
0.0016692625
-0.63550292
-0.63625056
-0.0016433113
0.63433264
0.0017284997
-0.0017225673
0.63436006
0.001713439
-0.63435093
-0.63522503
-0.0016928242
0.63297014
0.0017354277
-0.0017250098
0.63298647
0.0017194643
-0.63298093
-0.63404973
-0.0017055737
0.62845205
0.0017421609
-0.0016829515
0.6283946
0.0017269958
-0.62843866
-0.63255943
-0.0017292823
0.59583164
0.001634533
-0.0017044303
0.59608819
0.0016178191
-0.5960016
-0.62017792
-0.0016473405
0.62692167
0.0017244537
-0.0017100519
0.62691437
0.0017125238
-0.62691683
-0.62028112
-0.0017253854
0.62545364
0.0016901173
-0.00167139
0.62543728
0.0016770124
-0.62544291
-0.62655879
-0.0017076297
0.62342097
0.0016722953
-0.001650505
0.62340212
0.0016567385
-0.62340837
-0.62501854
-0.0016662881
0.62148792
0.001645185
-0.0016242628
0.62147106
0.0016293432
-0.62147617
-0.62285918
-0.0016441828
0.62006869
0.0016217182
-0.0016005454
0.62004214
0.001609491
-0.62005112
-0.62108029
-0.001617976
0.61836171
0.0015805395
-0.001553568
0.61832307
0.0015665488
-0.61833607
-0.61963355
-0.0015902557
0.61677019
0.0015258968
-0.0014954521
0.6167238
0.0015109556
-0.61673931
-0.61792218
-0.0015399716
0.61530459
0.0014595418
-0.0014251883
0.61524827
0.0014440118
-0.6152671
-0.61636105
-0.0014791602
0.61396123
0.0013806528
-0.0013431693
0.6138972
0.001364582
-0.61391861
-0.61491608
-0.0014056313
0.61278436
0.0012954398
0.61271337
-0.001247607
0.0012723475
-0.61273812
-0.61360675
-0.0013209537
0.6388263
0.0013355592
-0.0013723999
0.63889312
0.0013504602
-0.63887119
0.0014036976
-0.63792244
-0.0013009736
0.63839308
0.0014224054
-0.00143263
0.63845463
0.0014121705
-0.63843417
-0.63879062
-0.0013697077
0.63791819
0.0015019791
-0.0015093666
0.63797365
0.0014909467
-0.63795523
-0.63830054
-0.0014525786
0.63724821
0.0015734218
-0.0015777896
0.63732273
0.0015615049
-0.63730646
-0.63779101
-0.0015272731
0.63648974
0.0016359952
-0.0016119632
0.63650674
0.0016232826
-0.63651808
-0.63711241
-0.0015935074
0.63550169
0.0016898145
-0.0016631986
0.63553768
0.0016512321
-0.63552572
-0.63625451
-0.0016509876
0.63436918
0.001708483
-0.001704143
0.63439663
0.0016696253
-0.63436212
-0.63527058
-0.0016745108
0.63296685
0.001739958
-0.0017331292
0.63300998
0.0017017579
-0.63297862
-0.63405786
-0.0016872864
0.62837553
0.0017224749
-0.0016922952
0.62831979
0.0017107611
-0.62833826
-0.63257702
-0.0017123154
0.59617239
0.0016161655
-0.0016899634
0.59642605
0.0016052785
-0.59634138
-0.61998539
-0.001632141
0.62691148
0.0017094984
-0.0016985846
0.62690267
0.0017015986
-0.62690568
-0.62036398
-0.0017117964
0.62543147
0.0016733271
-0.0016585048
0.62541373
0.0016644697
-0.62541971
-0.62654887
-0.0016963003
0.62339624
0.001652474
-0.0016367942
0.62337852
0.0016426203
-0.62338437
-0.62499614
-0.0016522407
0.62146581
0.0016252429
-0.0016114858
0.62145065
0.0016158257
-0.62145504
-0.62283281
-0.0016302083
0.62003283
0.0016062707
-0.0015881751
0.62000379
0.0015980387
-0.62001367
-0.62106385
-0.0016114632
0.61830994
0.0015624553
-0.0015383548
0.61826974
0.0015518826
-0.61828329
-0.619591
-0.0015770398
0.61670822
0.0015065056
-0.0014789375
0.61666115
0.0014946836
-0.61667691
-0.6178671
-0.0015243161
0.6152294
0.0014393507
-0.0014077881
0.61517246
0.0014268204
-0.6151915
-0.61629553
-0.0014624179
0.61387598
0.001359933
-0.0013253448
0.61381189
0.0013467849
-0.61383333
-0.61483757
-0.0013880532
0.61269108
0.0012750044
0.61262054
-0.0012302458
0.0012547894
-0.61264509
-0.61351944
-0.0013031687
0.63891505
0.0013232017
-0.0013370074
0.63898199
0.0013144953
-0.63895949
0.0011387395
-0.63796447
-0.0012656016
0.63847502
0.0014091052
-0.0014210397
0.63853588
0.0014007959
-0.63851564
-0.63885323
-0.0013587837
0.63796651
0.0015131174
-0.0014968959
0.63802123
0.0014786993
-0.63800305
-0.63837907
-0.0014407705
0.6373135
0.0015579214
-0.0015644323
0.63738732
0.0015228901
-0.63734578
-0.63786226
-0.0015145782
0.63652081
0.0015940459
-0.001623376
0.63656281
0.0016094092
-0.63654884
-0.63717494
-0.0015545029
0.63554961
0.0016472798
-0.001648629
0.63555978
0.0016368091
-0.63554797
-0.63633412
-0.0016114299
0.63438049
0.0016909378
-0.0016641662
0.63440824
0.001680214
-0.63442432
-0.63529026
-0.0016598192
0.63299096
0.0017233045
-0.0016948914
0.63301079
0.001688136
-0.63300405
-0.63406665
-0.0016728377
0.62830141
0.0017073708
-0.001655861
0.62822262
0.0016986467
-0.62826542
-0.63257084
-0.0017000784
0.59650825
0.0016048438
-0.0016791628
0.59675712
0.0015970822
-0.59667505
-0.61976505
-0.001621418
0.62689932
0.001699751
-0.0016915996
0.62689195
0.0016922299
-0.62689259
-0.62044775
-0.0016994746
0.62540772
0.0016619085
-0.0016499784
0.62538978
0.0016559703
-0.62539578
-0.62654207
-0.0016891219
0.62337238
0.001639679
-0.0016266321
0.62335428
0.0016327569
-0.62336041
-0.62496953
-0.0016428917
0.62144729
0.0016114023
-0.0016085029
0.62144156
0.0016109896
-0.62144404
-0.62280489
-0.0016204418
0.61999374
0.0015956635
-0.001579558
0.61996303
0.0015899044
-0.61997338
-0.6210652
-0.0016059411
0.61825605
0.0015487873
-0.0015269494
0.61821419
0.0015410426
-0.61822829
-0.61954517
-0.0015676532
0.61664533
0.0014911953
-0.0014660892
0.61659747
0.001482108
-0.61661349
-0.61781019
-0.0015124402
0.61515338
0.0014231121
-0.0013941055
0.61509587
0.0014133182
-0.61511509
-0.61622906
-0.0014493317
0.61379062
0.001343063
-0.0013112335
0.61372636
0.0013327286
-0.61374785
-0.61475836
-0.0013742161
0.61259832
0.0012580858
0.61252801
-0.0012164219
0.0012408306
-0.61255243
-0.61343209
-0.0012890625
0.63900457
0.0013379219
-0.0013287358
0.63904534
0.0013320227
-0.63904864
0.0011317443
-0.63798018
-0.0012837991
0.63855607
0.001398363
-0.0014120528
0.63859087
0.0014174956
-0.63859633
-0.63893974
-0.0013503158
0.63803939
0.0014760741
-0.0014873017
0.63811912
0.0014692493
-0.63810107
-0.63845772
-0.0014316244
0.63737789
0.0015455654
-0.001554334
0.63742586
0.0015383658
-0.63740989
-0.63793274
-0.0014784232
0.63657677
0.0015810578
-0.001587547
0.63661851
0.0015736419
-0.6366046
-0.63723687
-0.0015443133
0.63557156
0.0016337811
-0.0016377483
0.63560666
0.0016260718
-0.63559501
-0.63636245
-0.001600943
0.63441754
0.0016771191
-0.0016531697
0.63442026
0.0016691485
-0.63443623
-0.63533481
-0.0016488095
0.63301769
0.0016853848
-0.0016853381
0.63301384
0.0016780843
-0.6330066
-0.63407624
-0.0016873386
0.62820472
0.0016963453
-0.0016475048
0.62812738
0.001689846
-0.62816972
-0.63256799
-0.0016916296
0.59683896
0.0015952862
-0.0016705963
0.59708261
0.0015897233
-0.59700174
-0.6195709
-0.0016093669
0.62688654
0.0016933231
-0.0016845919
0.62687992
0.0016889301
-0.62688429
-0.62053134
-0.0016921029
0.62538385
0.0016542298
-0.0016448015
0.62536638
0.00165056
-0.62537215
-0.62653689
-0.001684381
0.62334881
0.0016312443
-0.0016211073
0.62333148
0.0016274082
-0.62333778
-0.62494087
-0.0016377233
0.62143713
0.0016126573
-0.0016067322
0.62141841
0.0016132204
-0.62142489
-0.62277849
-0.0016153318
0.61995254
0.0015882612
-0.0015743579
0.61992045
0.0015851947
-0.61993128
-0.62104868
-0.0016006034
0.61819996
0.0015387813
-0.0015188758
0.61815647
0.0015335193
-0.61817112
-0.61949619
-0.0015615349
0.61658137
0.0014794737
-0.0014565587
0.61653269
0.001472853
-0.61654899
-0.61775142
-0.0015039082
0.61507662
0.001410489
-0.0013838964
0.61501871
0.0014032329
-0.61503805
-0.61616166
-0.0014395781
0.61370499
0.0013298933
-0.0013007198
0.61364055
0.0013222633
-0.61366209
-0.61467859
-0.0013639056
0.61250577
0.0012446122
0.61243554
-0.0012062458
0.0012305203
-0.61245983
-0.61334455
-0.0012785609
0.63906702
0.0013055165
-0.0013228618
0.63915834
0.001300862
-0.63913633
0.0013821909
-0.63825078
-0.0012527211
0.63861004
0.001390166
-0.0014056439
0.63867002
0.0013856743
-0.63865005
-0.63900006
-0.001369813
0.63811165
0.0014673221
-0.0014805679
0.63816563
0.0014625866
-0.63814765
-0.63853671
-0.0014251198
0.63744181
0.0015363594
-0.0015219823
0.63748966
0.0015060143
-0.6374737
-0.63800185
-0.0014725608
0.63660697
0.0015970473
-0.0016060868
0.63667407
0.0015667651
-0.63663475
-0.63727312
-0.0015364557
0.63561831
0.001623963
-0.0016050747
0.63562764
0.0016189258
-0.63564149
-0.63641593
-0.0015939962
0.634455
0.0016416086
-0.001670949
0.63445779
0.0016615972
-0.63444841
-0.63535347
-0.0016160168
0.63302112
0.001676108
-0.00167847
0.63304334
0.0016709925
-0.63303586
-0.63413708
-0.0016545162
0.6281351
0.0016631146
-0.0016417117
0.62805931
0.0016834907
-0.62810108
-0.63259324
-0.0016852691
0.59716085
0.0015908948
-0.0016643257
0.59739326
0.0015895481
-0.59731848
-0.61937443
-0.001605005
0.62687795
0.0016852802
-0.001679693
0.62687234
0.0016816481
-0.62687432
-0.62061583
-0.0016863052
0.6253608
0.0016496071
-0.0016432846
0.6253452
0.0016482477
-0.62535018
-0.62653794
-0.0016553166
0.62332654
0.0016262353
-0.001623254
0.62331463
0.0016253226
-0.62331674
-0.6249131
-0.0016366895
0.62141161
0.0016131507
-0.0016066645
0.62139045
0.0016138052
-0.62139759
-0.62276788
-0.001623382
0.61990939
0.00158447
-0.0015723608
0.61987451
0.0015842999
-0.61988646
-0.62102229
-0.001599581
0.6181417
0.0015320352
-0.001513838
0.61809659
0.0015290137
-0.61811177
-0.61944311
-0.0015584415
0.61651632
0.0014710151
-0.001450137
0.61646686
0.0014666916
-0.61648342
-0.61769087
-0.0014984478
0.61499935
0.0014012378
-0.0013769864
0.61494121
0.0013963833
-0.61496062
-0.6160934
-0.0014329602
0.6136191
0.0013202828
-0.0012936814
0.61355451
0.0013152475
-0.61357608
-0.61459851
-0.0013569547
0.61241323
0.0012344843
0.61234304
-0.0011998232
0.0012239323
-0.61236716
-0.61325678
-0.0012715701
0.63918
0.0013001599
-0.0013193255
0.63921975
0.0012975569
-0.63919798
0.0011260795
-0.6382652
-0.0012515272
0.63868998
0.0013844811
-0.0014017932
0.63877616
0.001356339
-0.6387307
-0.639111
-0.0013406202
0.63818362
0.0014358443
-0.0014511595
0.63823665
0.0014331671
-0.63821866
-0.63858905
-0.0014212378
0.63748015
0.0015302585
-0.0015181967
0.63752814
0.0015021811
-0.63751212
-0.63804721
-0.0014941521
0.63666252
0.0015910161
-0.0015770399
0.63670423
0.0015631297
-0.63669031
-0.63733398
-0.0015336968
0.63566455
0.0015922971
-0.0016012087
0.63567355
0.0016151563
-0.6356875
-0.63644283
-0.0015903648
0.63446716
0.0016349264
-0.0016413619
0.63449512
0.0016320606
-0.63448581
-0.63537166
-0.0016363757
0.63305088
0.0016697513
-0.0016488358
0.63304818
0.0016666054
-0.63306596
-0.63414731
-0.0016491172
0.62806752
0.001657637
-0.0016389237
0.62799295
0.0016301817
-0.62798421
-0.63259475
-0.0016557721
0.59747056
0.0015866999
-0.0016330615
0.59769553
0.0015619453
-0.59762441
-0.61920218
-0.0015837347
0.62686957
0.001679031
-0.0016475676
0.62686565
0.0016468958
-0.62686499
-0.62069984
-0.0016503252
0.62534053
0.0016487648
-0.0016480782
0.62532741
0.0016523668
-0.62533172
-0.62651825
-0.0016559261
0.62331337
0.0016262922
-0.0016294034
0.62330755
0.0016312099
-0.62330938
-0.62488807
-0.001642577
0.62138328
0.0016143264
-0.0016093083
0.62136168
0.001616506
-0.62136889
-0.62276918
-0.0016297213
0.61986234
0.00158433
-0.0015726253
0.61982424
0.0015855442
-0.61983717
-0.62099308
-0.0016016655
0.61808129
0.0015283062
-0.0015116432
0.61803478
0.001527259
-0.6180504
-0.61938584
-0.0015578072
0.61645023
0.0014656371
-0.0014467102
0.61640004
0.0014635012
-0.61641683
-0.61762867
-0.0014958871
0.61492181
0.0013952014
-0.0013732454
0.61486363
0.001392646
-0.61488303
-0.61602439
-0.0014293672
0.613533
0.0013141017
-0.0012899746
0.61346836
0.0013115374
-0.61348992
-0.61451834
-0.0013532278
0.61232055
0.0012275019
0.61225073
-0.0011975479
0.0012212211
-0.61227439
-0.61316883
-0.0012679437
0.63924144
0.0012970788
-0.001310729
0.0012899525
-0.6393112
0.0013768516
-0.63845816
-0.0012458846
0.63877057
0.0013812738
-0.0013926661
0.0013728402
-0.63881044
-0.63919611
-0.0013318554
0.63822916
0.0014581096
-0.0014171455
0.0013472611
-0.63829073
-0.63866688
-0.0014375356
0.63754419
0.0015017006
-0.001484148
0.0014681194
-0.63757636
-0.63811733
-0.0014346194
0.63671816
0.0015372973
-0.0015439461
0.0015300248
-0.63672065
-0.63737067
-0.0015006038
0.635685
0.0015893575
-0.001543527
0.0015574065
-0.635708
-0.63649711
-0.0015317333
0.63450445
0.0016062234
-0.0015591611
0.0015749572
-0.63449793
-0.6354147
-0.001554118
0.63305578
0.001615406
-0.0015422334
0.0015340658
-0.6330461
-0.63415672
-0.0015674663
0.62795174
0.001630539
-0.001486465
0.0015010106
-0.62789572
-0.63259691
-0.0015480009
0.59776039
0.0015127705
-0.0014344462
0.0013872882
-0.59787375
-0.61897905
-0.0014269481
0.62686048
0.0015799932
-0.0014178604
0.0014232659
-0.62685919
-0.62073723
-0.0014339009
0.62532287
0.0016557232
-0.00165728
0.0016631058
-0.62531245
-0.62652422
-0.0014132162
0.62330503
0.001632953
-0.0016349665
0.0016381956
-0.62330142
-0.62486693
-0.0016525254
0.62135447
0.0016175797
-0.0016127817
0.0016200818
-0.62134048
-0.6227674
-0.0016331977
0.61981118
0.001586362
-0.0015744209
0.0015878475
-0.6197843
-0.62096198
-0.0016049893
0.61801903
0.0015273864
-0.00151202
0.0015279337
-0.61798738
-0.61932529
-0.0015592245
0.61638318
0.0014632508
-0.0014460633
0.001463062
-0.61634931
-0.61756505
-0.0014959477
0.61484423
0.0013922722
-0.0013724169
0.0013917785
-0.61480548
-0.61595474
-0.0014285672
0.6134468
0.0013112245
-0.0012893033
0.0013108577
-0.61340369
-0.61443831
-0.0013524452
0.61222807
0.0012233315
-0.0011988511
0.0012220059
-0.61218136
-0.61308074
-0.0012672685
-0.12206529
-0.50317749
0.23188511
-0.52821742
-0.15051292
0.15089562
-0.056244519
0.048262725
-0.049261792
-0.030445177
0.025717311
0.55217467
-0.06736579
-0.154858
-0.093298524
0.73018154
0.078755752
-0.72248447
0.74289412
-0.6990602
-0.76081072
0.086987756
0.072200525
-0.039947306
0.033793317
0.58367041
-0.039261817
0.034163512
0.60979384
-0.74160415
0.73750365
-0.032107718
-0.028813056
0.037043643
0.7271162
-0.033417416
-0.73447974
0.73074543
-0.72762605
0.72349266
-0.038281543
-0.034836579
0.04227489
0.71270237
-0.038825856
-0.7194826
0.71610129
-0.71244325
0.70878829
-0.043388183
-0.039781222
0.045447152
0.6987013
-0.042098834
-0.70503001
0.7011444
-0.69770052
0.69479844
-0.046164212
-0.042827068
0.047724095
0.68590505
-0.044424139
-0.69147999
0.68789782
-0.68453916
0.68087662
-0.048363198
-0.045175751
0.04871089
0.67324633
-0.04575191
-0.67761522
0.67440795
-0.67096423
0.66770465
-0.048992174
-0.045756605
-0.10120691
0.10083171
0.58694587
-0.59200918
0.59205691
0.067652174
-0.070946044
0.064812292
-0.082676265
0.67269525
0.073078797
-0.65075597
0.66347409
-0.64152888
-0.67993955
0.086767369
0.074210096
0.079105462
0.32952676
0.048593023
0.66118204
-0.045725607
-0.66472224
0.66142574
-0.65830214
0.051547834
0.65516554
-0.048580415
0.051704007
-0.045559999
-0.055185868
0.65740724
0.04778995
0.64961621
-0.045035717
-0.65181262
0.64842181
-0.64532375
0.050293687
0.64217832
-0.047657094
0.050755129
-0.04449366
-0.054327296
0.64336454
0.045933146
0.63809153
-0.043214526
-0.63909132
0.63599182
-0.63354022
0.046670498
0.63107902
-0.044822885
0.047274456
-0.042138695
-0.050746086
0.63146157
0.21726957
-0.050541978
0.10096386
-0.0020164104
0.5075624
-0.52977689
0.52692881
-0.54034885
-0.51918522
0.017589358
0.00035058443
0.0073923803
-0.011291297
0.01111709
0.53624573
-0.02537943
0.73404728
0.024407553
-0.74267219
0.74451788
-0.74019964
-0.74554682
-0.018459755
0.74535216
0.02210855
-0.023138039
0.019692855
0.022069458
0.75523697
-0.01145707
0.73752946
0.010762149
-0.74537778
0.74520105
-0.74471628
-0.0054836259
0.74434042
0.0088868802
-0.0084017486
0.0091734834
0.0082946907
0.75504182
0.018935449
0.63440197
-0.63144094
0.63241007
-0.63006287
-0.63358837
0.016107777
0.63451129
-0.018130232
0.016951916
-0.015985675
0.015038989
0.63111257
0.013740641
0.63692545
-0.6349307
0.63489067
-0.6346309
0.01290199
0.63484593
-0.012641016
0.012900654
-0.012877857
0.012478662
0.6329449
0.013737318
0.6390183
-0.6355176
0.63690476
-0.63793141
0.0094937272
0.63850568
-0.012452152
0.011425779
-0.01069232
0.0098775419
0.6357966
0.0062727263
0.63928853
-0.63837141
0.63805937
-0.63756865
0.0039987194
0.63723342
-0.0047745567
0.005265516
-0.0055631368
0.0057174223
0.63603102
0.0011629719
0.63761148
-0.63676752
0.63630263
-0.63547609
-0.00133146
0.6340687
0.00074311946
8.3636961e-05
-0.00090983938
0.0017089376
0.63371043
-0.0052886043
0.62891477
-0.63175977
0.62950504
-0.62786247
-0.0017677302
0.62720456
0.0043843004
-0.0027417075
0.0014918642
-0.0004135476
0.62806017
-0.00071304007
0.62743794
-0.62707594
0.6271415
-0.62704349
-0.0018787676
0.62654773
0.0013560535
-0.0012580524
0.0009320899
-0.00049616509
0.62639438
-0.0055864073
0.62307658
-0.62533341
0.62353771
-0.62171651
-0.0040591523
0.62061288
0.0061508434
-0.0043296424
0.0030438546
-0.0019357905
0.62229696
0.041979219
0.62856256
-0.040082789
-0.62926219
0.62659881
-0.62447815
0.042355537
0.6218808
-0.040364044
0.042484707
-0.039038264
-0.045666247
0.61972361
-0.58704406
0.0089973017
0.58945703
-0.010143172
0.0071023485
-0.016496466
-0.0045963798
0.003007597
0.59010648
0.59260534
0.036159709
0.60175256
-0.03590891
-0.59201718
0.59288514
-0.59448629
0.02936343
0.59639267
-0.033576463
0.031975276
-0.034399949
-0.027702934
0.57966901
0.5834293
-0.091206616
0.002809041
-0.010950224
0.091926893
0.18953472
-0.047650421
-0.036538538
-0.096963396
-0.040125649
0.72361405
0.035651291
-0.72721352
0.73264143
-0.72210949
-0.73639932
-0.036681035
0.036324109
-0.040082088
0.032820336
0.044001368
0.74744147
0.024161167
0.62897878
-0.62460408
0.62660111
-0.62214155
-0.628479
0.019999318
-0.023004096
0.021126147
-0.019410695
0.017873941
0.62641924
0.00036172436
0.73501083
0.00057502091
-0.74363883
0.74260102
-0.74119065
0.007385477
0.73947542
-0.0030894177
0.0045002954
-0.0021454822
-0.006902919
0.7492448
0.010652096
0.7297144
-0.0089598129
-0.73758657
0.73554601
-0.73329984
0.017255665
0.73095764
-0.01269774
0.014944095
-0.010807585
-0.017597479
0.73959942
-0.0051786827
0.61821179
-0.61961467
0.61861994
-0.61704052
-0.0045766895
0.61556238
0.006342702
-0.0047632759
0.0034901326
-0.0024375891
0.61787349
-0.0052804211
0.61173205
-0.61424788
0.61329255
-0.61194651
-0.004396863
0.61065639
0.0060063459
-0.0046603046
0.0034701737
-0.00244694
0.61339653
-0.0053181956
0.60514982
-0.60909931
0.60792239
-0.6065308
-0.0038103839
0.6052606
0.0059405091
-0.0045489285
0.0032575381
-0.0021716634
0.60884501
0.03681139
0.62256812
-0.035069845
-0.62000774
0.61793742
-0.61697295
-0.054593456
0.61965015
-0.032109847
0.033074294
-0.031477994
-0.032970063
0.61376497
0.61518541
0.05207274
0.13749283
0.028196671
0.61845085
-0.61382632
0.61680713
-0.61068758
-0.61958629
0.023975651
-0.027373676
0.024594466
-0.022132531
0.019907093
0.61836331
0.018826052
0.7213689
-0.016568274
-0.72855571
0.72609314
-0.72356875
0.024539345
0.72101594
-0.020386817
0.022911159
-0.0181662
-0.025760395
0.72830408
0.72553204
0.0016583103
0.5989611
-0.60385339
0.60271913
-0.60428011
-0.0021734279
0.60329689
-0.099579402
0.098018455
-0.096587408
0.095166585
0.60721676
0.60670894
1.2477184
-0.0034516355
1.2491694
0.00089301868
1.2572136
-0.0047502116
1.263027
-0.0038489563
1.2534589
0.0011244666
-0.0097370848
1.2586685
0.0011537961
0.62370256
-0.62374712
0.0010480605
-0.0009884336
0.0010528234
0.62363823
0.62399467
0.62339893
-0.62346232
0.0013368504
-0.001283941
0.0013550538
0.62332786
-0.001200528
0.62331584
0.6230991
-0.62317737
0.0017024745
-0.0016396438
0.0017021203
0.62303671
-0.0015354592
0.62298162
0.62280931
-0.6229054
0.0021408355
-0.0021976904
0.0023283517
0.62267866
-0.0019469978
0.62250506
0.62221324
-0.62260299
0.0030834385
-0.0045526021
0.0066242214
0.62014165
-0.0028655599
0.62061461
0.62030347
-0.62209107
0.013182162
-0.019314563
0.021126527
0.61849151
-0.015360722
0.61226861
0.61973183
-0.61907671
0.018776695
-0.014526643
0.012018163
0.62224031
-0.019232432
0.61724743
0.6187678
-0.61882507
0.015388883
-0.012393578
0.010730721
0.62043064
-0.012879873
0.61944756
0.62166342
-0.6209308
0.0073992866
-0.006323201
0.0063320489
0.62165456
-0.0070460087
0.62137389
0.62285802
-0.62287669
0.0067970039
-0.0067775077
0.0069375457
0.622698
-0.0067080479
0.62191943
0.62370072
-0.62378954
0.0064504852
-0.0065657143
0.0066808751
0.62358558
-0.0066101475
0.62852017
0.61148386
-0.61191023
0.0066491107
-0.0064869411
0.0068731622
0.61109781
-0.0067200762
0.63672402
0.63278122
-0.63229762
0.0064233483
-0.0071937926
0.006957912
0.63301706
-0.0071955618
0.62494647
0.62517539
-0.62505392
0.0045068552
-0.0060274801
0.0060653661
0.62513731
-0.0060226243
0.62546926
0.62086847
-0.61627001
-0.0083862146
-0.0033791946
-0.00052030955
0.62476774
-0.0047670479
0.62554719
0.62578662
-0.62626827
-0.0034454061
0.011140949
-0.011283239
0.6259287
0.0088263615
0.62484176
0.62536021
-0.62673457
0.0055937982
0.0024525783
0.0022941403
0.62061361
0.0058901297
0.62118331
0.62727088
-0.62712686
0.0054739362
-0.0056320659
0.0054823951
0.62742064
-0.0055074645
0.62702986
0.62738767
-0.62724206
0.0048740695
-0.0051653225
0.0050173541
0.62753579
-0.0053284041
0.62747332
0.62745302
-0.62731904
0.0043178568
-0.0045569281
0.0044075381
0.62760254
-0.0047170074
0.62754116
1.2672413
0.00080780476
1.2686742
-0.004288457
1.2517236
0.014118667
-0.0090009483
1.2456958
0.010151561
0.62671955
-0.62398581
0.0016543022
-0.010707812
0.0048943272
0.63253309
0.63298492
0.6230846
-0.62316994
0.0013947158
-0.0014664666
0.0018279904
0.62272317
-0.0013840311
0.62299012
0.62049195
-0.62254082
0.005679277
-0.010521992
0.014202167
0.61681183
-0.0054846723
0.61596999
0.61865508
-0.62049044
0.020202959
-0.012769947
0.01098419
0.62044088
-0.017200118
0.61688373
0.62003104
-0.61691407
0.010244888
-0.006269702
0.005151993
0.62114878
-0.0095740197
0.62031596
0.62118089
-0.62118223
0.004605334
-0.0043863325
0.0045708037
0.62099645
-0.0042856534
0.62093656
0.62310636
-0.62325507
0.0052723576
-0.0051826208
0.0053368956
0.62295211
-0.0049858055
0.62088823
0.62100582
-0.62121575
0.0058674238
-0.0057522645
0.0059685831
0.62078953
-0.0055670562
0.62095755
0.62105378
-0.62126305
0.0067349157
-0.0066489251
0.0068917454
0.62081098
-0.0064639312
0.62065967
0.62219242
-0.62237637
0.0075153585
-0.0075185457
0.0077020719
0.62200893
-0.0073159203
0.62117942
0.62318953
-0.62332416
0.0073593371
-0.007452963
0.0075966963
0.62304583
-0.0074544186
0.62858431
0.61109327
-0.61043008
0.0062961633
-0.0060081113
0.0028922101
0.61420911
-0.0075672768
0.63933689
0.63356945
-0.63336287
0.0077072365
-0.0081655947
0.0079696737
0.63376566
-0.0080021855
0.62476614
0.6252538
-0.62523525
0.0069193162
-0.0071855603
0.0071832735
0.62525615
-0.0072218244
0.62556325
0.62609033
-0.62604496
0.0066950465
-0.0069936554
0.0069075152
0.62617638
-0.0070831696
0.62602678
0.62686625
-0.6267466
0.0062044612
-0.006615542
0.006511793
0.62697016
-0.0067322992
0.62670107
0.62612932
-0.62207239
-0.0008718462
-0.0058148728
0.0045801844
0.62736408
-0.0061626969
0.62717151
0.62704315
-0.6269151
-0.012020597
0.0020758663
-0.0027261572
0.62769355
0.00063527723
0.6274498
0.62146815
-0.62618236
0.0015177519
0.010270256
-0.0068868692
0.61808487
0.0094768678
0.62299613
0.63135752
-0.62833608
0.0013097669
-0.00058983374
-0.0056698187
0.63761728
-0.0010972589
0.62871125
1.260887
-0.0012250107
1.2578264
0.0035217376
1.2459844
0.0016274689
-0.0029741515
1.2457011
0.001644552
0.62491886
-0.63037972
0.0097542917
-0.0020946503
0.0041252105
0.62288836
0.62265867
0.62090047
-0.61885111
0.017022379
-0.0093725637
0.0082433432
0.62202977
-0.0091861961
0.62225479
0.6216282
-0.62041823
0.0039683003
-0.0028322012
0.0027747251
0.62168576
-0.0037243992
0.62162649
0.62130018
-0.62146803
0.003243785
-0.0030917052
0.0032394908
0.62115245
-0.0029561182
0.62121069
0.6207952
-0.62099337
0.0039380388
-0.003794578
0.0039476982
0.62064214
-0.0036042349
0.62063174
0.62035446
-0.62058309
0.0047533894
-0.0045996514
0.0048096297
0.62014451
-0.0043778044
0.62013286
0.62240775
-0.62258899
0.0056077862
-0.0055039946
0.0056905321
0.62222125
-0.0052503529
0.61998051
0.62004645
-0.62032248
0.0063699165
-0.0062115069
0.0064659853
0.61979201
-0.0059898434
0.62002938
0.62010343
-0.62034674
0.0073812298
-0.007289893
0.0075530263
0.61984035
-0.0070144257
0.61967098
0.62139477
-0.62160667
0.0083221196
-0.0082989114
0.008524537
0.62116919
-0.0080575404
0.62028855
0.6225891
-0.62274669
0.0083121514
-0.008396547
0.0085673604
0.62241831
-0.0083566886
0.6284919
0.62458406
-0.62238135
0.0055145803
-0.007915994
0.0054054485
0.6270946
-0.008688818
0.64531095
0.63408269
-0.63406332
0.0088494844
-0.0088474427
0.0091463502
0.63378349
-0.0057396682
0.6192213
0.62536341
-0.62531751
0.0079561113
-0.008291981
0.0082297211
0.62542584
-0.0083571434
0.62570288
0.62641849
-0.62633699
0.00768863
-0.008062676
0.00795023
0.62653092
-0.0081315759
0.62636213
0.62735542
-0.62720838
0.0071961057
-0.0075668724
0.0074351987
0.62748707
-0.0077236861
0.62722024
0.62794071
-0.62776602
0.0065534473
-0.0069331784
0.0067754485
0.62809851
-0.0070968761
0.62779051
0.62831858
-0.62813192
0.0058605876
-0.0062240219
0.0060501473
0.62849253
-0.0064005487
0.6283356
0.6283593
-0.62710149
0.003744755
-0.005468487
0.0051607956
0.62866708
-0.0056802428
0.62860543
0.6295351
-0.63298157
0.0019133356
-0.0034398701
0.0042309545
0.62874412
-0.0036229236
0.6286115
1.2572194
-0.0076272509
1.2583389
-0.0043364685
1.2454745
0.0016002736
-0.0031428009
1.2454383
0.0016069537
0.62239737
-0.62248981
0.001789524
-0.0016685472
0.0017750417
0.62229094
0.62233641
0.62189327
-0.62198872
0.0021614779
-0.0020320174
0.0021552383
0.62177012
-0.0019683743
0.62187839
0.6212964
-0.62144563
0.0026612763
-0.0025342472
0.0026579135
0.62117281
-0.0023936667
0.62122635
0.62064819
-0.62082783
0.0032773851
-0.0031265702
0.0032609595
0.62051385
-0.002957622
0.62057019
0.62003133
-0.620222
0.0040318425
-0.0038334835
0.0040286063
0.61983627
-0.0036272737
0.61988229
0.61945444
-0.61968294
0.0049355743
-0.0047196329
0.0049793565
0.61919477
-0.0044991648
0.61926225
0.61991862
-0.62116592
0.0071185051
-0.005841543
0.006666956
0.61909328
-0.0055049243
0.61871908
0.61923165
-0.61931924
0.0068546877
-0.0067263456
0.0069794529
0.61897857
-0.0071905836
0.62174683
0.61896602
-0.61926214
0.0080597201
-0.0078931006
0.0082025247
0.61865659
-0.0075922418
0.61851925
0.62042281
-0.62068318
0.0091857562
-0.0091271792
0.0094038685
0.62014617
-0.008836266
0.61922062
0.62185338
-0.62205081
0.0093505627
-0.0094190762
0.0096394025
0.62163308
-0.009331711
0.62822666
0.62913477
-0.62872834
0.0087734054
-0.0095456783
0.0094132548
0.62926719
-0.0098684496
0.64686443
0.62914125
-0.63215174
0.0095328234
-0.0084495651
0.010124222
0.62746653
-0.0046893974
0.60218913
0.62554254
-0.62550164
0.0091200764
-0.0094693287
0.0094305632
0.62558138
-0.0094826855
0.62591626
0.62684529
-0.62674319
0.008787419
-0.0091834551
0.0090475947
0.62698113
-0.0092724199
0.62671886
0.62795038
-0.62780023
0.0081817896
-0.0085913219
0.0083947653
0.62814694
-0.0087808436
0.62787963
0.62865503
-0.62846188
0.0073983487
-0.0078070554
0.0075830508
0.6288791
-0.0080066559
0.62859616
0.62909491
-0.62889532
0.0065463633
-0.0069455803
0.0067369553
0.62930359
-0.0071580283
0.62920557
0.62930006
-0.62907649
0.0056984563
-0.0060371509
0.005851749
0.62948553
-0.0062771044
0.62947107
0.62908618
-0.62890635
0.0048807953
-0.0051822714
0.0049558563
0.62931267
-0.0053924219
0.62956836
1.2589595
-0.0080462105
1.2602803
-0.0047213318
1.2459658
0.0015461517
-0.0052709311
1.2479377
0.0015433259
0.62207123
-0.62213959
0.0016911645
-0.0015886961
0.001669711
0.62199029
0.62211106
0.62142517
-0.62157449
0.0021207371
-0.001979475
0.0020530197
0.62135171
-0.0018638098
0.62146795
0.62073976
-0.62086941
0.0026111924
-0.0024425802
0.0025710027
0.62061142
-0.0022979662
0.62073249
0.61997681
-0.62014305
0.0032608858
-0.0030617663
0.0032272245
0.61981143
-0.0028817794
0.61991622
0.61917848
-0.61941062
0.0040692264
-0.0038389912
0.0040772896
0.61894023
-0.0036430988
0.61909534
0.61842532
-0.61868019
0.0050621698
-0.0048039566
0.0050898799
0.61813942
-0.004537475
0.61824914
0.61809092
-0.61839183
0.0062452388
-0.0059956794
0.0063067488
0.61777987
-0.0056760938
0.61754925
0.61802424
-0.61836273
0.0072944642
-0.0070580605
0.007412405
0.61766992
-0.0067680915
0.62079172
0.61764082
-0.61799973
0.008720913
-0.0085224863
0.0089167158
0.61724663
-0.0081668754
0.61714738
0.61923172
-0.61955739
0.010116318
-0.009998304
0.0103328
0.61889724
-0.0096486387
0.61789705
0.62094225
-0.62117533
0.010499646
-0.010552491
0.010824439
0.62067033
-0.010404415
0.62773125
0.62923275
-0.62922681
0.010455953
-0.010854746
0.010903715
0.62918378
-0.011144256
0.64810023
0.61575464
-0.62182589
0.0073690583
-0.0057486963
0.0096459299
0.61185747
-0.0095238682
0.61574108
0.62578184
-0.62570133
0.010438046
-0.010882611
0.010820571
0.62584389
-0.010930786
0.62610272
0.62740491
-0.62723414
0.0099311042
-0.010393224
0.010235829
0.62756231
-0.010548713
0.62723721
0.62873458
-0.62850248
0.0091603648
-0.0096575784
0.0094195573
0.62897263
-0.0098618262
0.62865278
0.62953595
-0.62930409
0.008250683
-0.0087015534
0.0084328149
0.62980474
-0.0089448584
0.62956907
0.63003051
-0.62979898
0.0072608167
-0.0076657137
0.0073934559
0.63030283
-0.0079431524
0.63019839
0.63021822
-0.62998479
0.0062709878
-0.0066399972
0.0063769013
0.63048135
-0.006886938
0.63042886
0.62998536
-0.62977547
0.0053159579
-0.0056393949
0.0053858883
0.63023893
-0.005878283
0.63048473
1.2615762
-0.0078829595
1.2648527
-0.0050652067
1.2497134
0.0022133227
-0.0040921845
1.2484502
0.0014500452
0.62177397
-0.62181662
0.0015862965
-0.0015538411
0.0015834991
0.62174439
0.62266636
0.62102929
-0.62112747
0.00198923
-0.0018393104
0.0019630418
0.6209056
-0.0017491623
0.62105664
0.62019403
-0.62032533
0.0024877005
-0.0023284773
0.0024861211
0.62003644
-0.002184225
0.62020428
0.61925055
-0.6194458
0.0031829263
-0.0029623273
0.0031373264
0.61907563
-0.0028030595
0.61926336
0.61826173
-0.61850844
0.0040399799
-0.0037777884
0.0040052595
0.61803431
-0.0035448906
0.61820618
0.61728934
-0.61757275
0.0051212599
-0.0048178625
0.0051265579
0.6169807
-0.004548453
0.61716345
0.61673477
-0.61710193
0.0064663033
-0.0061314637
0.0065336499
0.61633267
-0.005774631
0.61622441
0.61665491
-0.6168969
0.0076954229
-0.0083116768
0.0079028872
0.61706375
-0.0097925888
0.62200186
0.61600527
-0.61645463
0.0094322986
-0.0091506829
0.0095886469
0.61556733
-0.0086928526
0.61547438
0.61775958
-0.61815911
0.01112284
-0.010923776
0.011346422
0.61733694
-0.010500366
0.61627828
0.61983683
-0.62011087
0.01176233
-0.011783796
0.012135593
0.61948507
-0.01156745
0.62698383
0.62899705
-0.62909042
0.011939847
-0.012350415
0.012403968
0.62894346
-0.012585955
0.64914333
0.60985042
-0.60997827
0.012588891
-0.012469483
0.011303618
0.61101626
-0.012591005
0.6165932
0.62613695
-0.62602669
0.011906704
-0.012388308
0.012284175
0.6262411
-0.012488039
0.62646441
0.62816145
-0.62794392
0.01120125
-0.011755825
0.011536868
0.62838039
-0.011959785
0.62796433
0.62970484
-0.62943675
0.010228067
-0.010795653
0.010503545
0.62999697
-0.011061501
0.62966172
0.63065441
-0.6303504
0.0090873131
-0.0096147483
0.0093230725
0.63094612
-0.0099089218
0.63068347
0.63113496
-0.6308292
0.007906481
-0.0083859097
0.0080933719
0.63142753
-0.0087162941
0.6313786
0.63131051
-0.6310169
0.0067771941
-0.0071948711
0.0069169356
0.63158848
-0.0075045606
0.6315838
0.6309941
-0.63075644
0.0057533216
-0.0060664054
0.0057840526
0.6312765
-0.0063642723
0.63154135
1.2665954
-0.0064582655
1.2675497
-0.0053877425
1.2445047
0.0038512077
-0.0023716667
1.2432642
0.0023261071
0.62402989
-0.62259816
0.0026475125
-0.0044854734
0.0041595735
0.62435584
0.62315784
0.6205872
-0.6206847
0.0018439442
-0.0016858298
0.001780972
0.62049212
-0.0016484599
0.62072805
0.6196175
-0.61977422
0.0023619345
-0.0021421595
0.002296724
0.61946304
-0.0020230081
0.6197007
0.61850158
-0.61870226
0.0030165823
-0.0028026441
0.0029790781
0.61832525
-0.0026164405
0.61857035
0.61729369
-0.61755213
0.0039348884
-0.0036136547
0.0038741804
0.61703328
-0.0033970283
0.61732605
0.61603517
-0.61636446
0.0050876516
-0.0047359583
0.0050705135
0.61570068
-0.0044489308
0.61599796
0.61493449
-0.61531994
0.0065528164
-0.0061484101
0.0065934171
0.61448952
-0.005778711
0.61473077
0.61832457
-0.61858932
0.0080693039
-0.0077948624
0.0081559976
0.61796353
-0.0074790249
0.62532392
0.61404993
-0.61458965
0.01009396
-0.0097483764
0.010256677
0.61354173
-0.0091989163
0.6134924
0.61590833
-0.61641821
0.012211599
-0.011903303
0.012413812
0.61539785
-0.011358427
0.61424776
0.61843508
-0.61877313
0.013190354
-0.013159178
0.013640536
0.61795377
-0.012849378
0.62589502
0.6286534
-0.62875621
0.013569218
-0.01405817
0.014178033
0.62853352
-0.014286501
0.64998839
0.62574527
-0.62183903
0.0082916687
-0.014304644
0.013114285
0.62693439
-0.014457042
0.62287401
0.62660156
-0.62644079
0.013518388
-0.014064616
0.013935745
0.62673046
-0.014202548
0.62627361
0.62912705
-0.62885067
0.012620473
-0.013256785
0.012979996
0.62940384
-0.01349952
0.62889206
0.63093126
-0.63062601
0.011404467
-0.012025228
0.011654059
0.63130246
-0.012379889
0.63091569
0.63191212
-0.63157369
0.0099917677
-0.010582676
0.010203071
0.63229178
-0.010942826
0.63207476
0.63243363
-0.63210171
0.0086004968
-0.0091031309
0.0087586732
0.63277812
-0.009479499
0.63274915
0.63250254
-0.63217189
0.0072684653
-0.0077507716
0.0074096927
0.63284365
-0.0080782274
0.63287642
0.63211807
-0.63182617
0.0060986576
-0.0064544689
0.0061727656
0.63239982
-0.0067820636
0.63271345
1.2652774
-0.0074265254
1.2637738
-0.0031873143
1.2418337
0.0012150477
-0.0010930151
1.2411174
0.0011747442
0.62151293
-0.6224233
0.0024269504
-0.001317871
0.0018107372
0.62102013
0.62102287
0.62145839
-0.62050352
0.0018544257
-0.0045304273
0.0028760286
0.62311283
-0.0047255677
0.62353651
0.619078
-0.61920478
0.0021296131
-0.0019239652
0.0020743975
0.61892762
-0.0018100409
0.61918745
0.617748
-0.6179481
0.0028019431
-0.0025430424
0.0027173006
0.61757384
-0.0023844716
0.61788113
0.61629308
-0.61653171
0.0037073656
-0.0033810928
0.0036482348
0.61602597
-0.0031615605
0.61637522
0.61471543
-0.61504019
0.0049208004
-0.0045446184
0.0048958622
0.61436423
-0.004217387
0.61473617
0.61321152
-0.61366513
0.006571775
-0.006062371
0.006549051
0.61272485
-0.0056571018
0.61308614
0.62190652
-0.61969097
0.010354232
-0.010748531
0.0094152351
0.62323992
-0.0082690949
0.61577154
0.61170782
-0.61233093
0.010724243
-0.010261052
0.010930347
0.61103846
-0.0096115436
0.6111243
0.61359478
-0.61424777
0.013390624
-0.012925242
0.013567637
0.6129525
-0.01225755
0.61174409
0.6166246
-0.61703212
0.014827725
-0.014725349
0.015378656
0.61597135
-0.014288594
0.62433432
0.62809664
-0.62825201
0.015504133
-0.016137957
0.016318729
0.6279159
-0.016235134
0.65048206
0.62718603
-0.62708641
0.015938789
-0.016685075
0.016749889
0.62712146
-0.016584665
0.62250051
0.62731895
-0.62709337
0.015289722
-0.016116054
0.015882282
0.62755289
-0.016357649
0.626893
0.63038383
-0.63004607
0.014175316
-0.014906236
0.014532516
0.63075761
-0.015259561
0.63013326
0.63249176
-0.63205639
0.01256493
-0.013292107
0.012862438
0.63292147
-0.013714654
0.63249165
0.63349436
-0.63305676
0.010873439
-0.011509182
0.01108685
0.63391675
-0.011970636
0.63376012
0.63391994
-0.63353415
0.0092448039
-0.0098225826
0.0093967713
0.63434578
-0.010224794
0.63431576
0.63387636
-0.6335303
0.0077719622
-0.0082330676
0.0078500585
0.6342594
-0.0086315753
0.63434934
0.63822396
-0.63494801
0.0022235941
-0.0042987991
0.0022425706
0.64028022
-0.0066540766
0.63739511
1.2637229
-0.011230819
1.2648267
-0.005638211
1.2409719
0.00055282689
-0.00077473315
1.2407892
0.00050036387
0.6203713
-0.62097301
0.0012014745
-0.00059632958
0.0011009114
0.61986677
0.61994178
0.62196073
-0.62254249
0.0026148149
-0.0010989242
0.00038391128
0.62267586
-0.0012513234
0.62041614
0.61854032
-0.61868306
0.0018609845
-0.0016235356
0.0017394994
0.61842442
-0.0014446935
0.61897999
0.61703652
-0.6172052
0.0024787663
-0.0022041677
0.0023936847
0.61684711
-0.0020544682
0.61721776
0.61525487
-0.61551962
0.0033726216
-0.0030420235
0.0032781889
0.61501878
-0.0027772592
0.61542975
0.61330626
-0.61367096
0.0046402591
-0.0041589547
0.0044993118
0.61296597
-0.0038512475
0.61346052
0.61130051
-0.61181839
0.0063799285
-0.005805128
0.0062782295
0.61082743
-0.0053503561
0.61129045
0.61931175
-0.62219521
0.011734394
-0.009679315
0.013589495
0.61540152
-0.0076502545
0.61057968
0.60884108
-0.60963798
0.01130234
-0.010701819
0.011479342
0.60806353
-0.010232693
0.6086332
0.6106613
-0.61148901
0.014634582
-0.01397054
0.014794989
0.60983692
-0.013112146
0.60855104
0.6142989
-0.61477445
0.016709611
-0.016536892
0.017450195
0.61338561
-0.015910619
0.622077
0.62726041
-0.62751008
0.017732481
-0.018706802
0.018908193
0.62705926
-0.018671942
0.65058981
0.62731626
-0.62702694
0.01820799
-0.019414262
0.019326222
0.62740486
-0.019207125
0.62208327
0.62832946
-0.62807543
0.017311205
-0.018478882
0.018097142
0.62871145
-0.018840909
0.62786413
0.63202651
-0.63157909
0.015797573
-0.016724733
0.016198226
0.63255315
-0.017210175
0.63180838
0.63437931
-0.63384666
0.013785686
-0.01460481
0.014061018
0.63492318
-0.015156853
0.63448073
0.63535889
-0.63487396
0.011760822
-0.012491818
0.011942063
0.6359087
-0.013007515
0.6357435
0.63565811
-0.63521517
0.0098555015
-0.01047212
0.0099887641
0.6361415
-0.010965116
0.63616579
0.63603739
-0.63512645
0.0076489894
-0.0084274166
0.0063947741
0.63807007
-0.0090920486
0.6362412
0.63551894
-0.63727867
0.0059597851
-0.0061040526
0.0064710523
0.63515197
-0.0048537697
0.63712447
1.2659613
-0.011409938
1.2670331
-0.0065332778
1.2404248
0.00036342388
-0.00039332601
1.2405236
4.3179028e-05
0.6196682
-0.6197401
0.00047185721
-0.00036812262
0.00041123892
0.61962515
0.61994692
0.62600437
-0.6258036
0.00052084552
0.00042174634
0.00036995113
0.6252127
-0.00016471871
0.62239633
0.61805038
-0.61815429
0.0014791522
-0.0012888453
0.0013892604
0.61795004
-0.001199614
0.61832676
0.61634553
-0.61650005
0.0020670786
-0.0017787296
0.001952951
0.61617134
-0.001645152
0.61660802
0.61427031
-0.61454824
0.0029078481
-0.0025573634
0.0027814788
0.61404626
-0.0023058973
0.61455076
0.61189617
-0.61226184
0.0041333227
-0.0036649379
0.0040012465
0.61155984
-0.0033325794
0.61213367
0.60927905
-0.6098046
0.0059503638
-0.0053057803
0.0057994331
0.60878545
-0.0048322239
0.60942538
0.60964466
-0.6112297
0.0094817236
-0.0079409817
0.010188108
0.60739753
-0.0070162409
0.60677779
0.60546375
-0.60632302
0.011680628
-0.011260735
0.011895644
0.60482874
-0.01226431
0.60841858
0.60684045
-0.60793716
0.015960668
-0.014992031
0.016064848
0.60576744
-0.013903976
0.60447334
0.61120953
-0.61177323
0.018924414
-0.018635344
0.019948953
0.60989584
-0.017734626
0.61888908
0.62605317
-0.62653594
0.020709313
-0.021716134
0.021873976
0.62589556
-0.021554028
0.65017551
0.62782862
-0.62753457
0.020969845
-0.022309767
0.022351551
0.62778705
-0.022273813
0.62194204
0.6298712
-0.62948448
0.019683776
-0.021091815
0.020539576
0.6304236
-0.021583491
0.62932102
0.63425058
-0.63362202
0.017536777
-0.018638149
0.017993039
0.63489577
-0.019290583
0.63404964
0.63670032
-0.63608257
0.01503688
-0.015969188
0.015281542
0.63738801
-0.016657719
0.63700013
0.637607
-0.63702444
0.012576007
-0.013394892
0.012784026
0.6382179
-0.01400813
0.63815529
0.63763486
-0.63712934
0.010382928
-0.011022753
0.010485047
0.63817259
-0.011575186
0.63827173
0.64653262
-0.64482978
0.0062670695
-0.0088232242
0.0079735975
0.64738227
-0.0094771702
0.64201874
0.63522616
-0.63486805
0.0072368588
-0.0076074824
0.0072120261
0.63562165
-0.0079903996
0.63607928
1.2680919
-0.011754932
1.2692621
-0.0068583678
1.2402302
0.0001506011
0.0002462389
1.240138
6.7103958e-05
0.61951011
-0.61954639
0.000207778
-0.00014029315
0.00014254755
0.61950799
0.61977259
0.62130766
-0.62208233
0.00049725705
0.00040654335
0.00026417407
0.62063701
0.0011715136
0.62467246
0.6176546
-0.61774045
0.0010581431
-0.00087700398
0.00092982722
0.61760185
-0.00078165129
0.61796789
0.61575795
-0.61588956
0.0015619609
-0.0012466134
0.0013957843
0.61560884
-0.0011613243
0.61613003
0.61338565
-0.61356442
0.0022807789
-0.0018952121
0.0021198779
0.61316101
-0.0017198223
0.61378528
0.61052622
-0.61082083
0.0033881809
-0.0029136723
0.00325646
0.61018338
-0.0025765992
0.61092473
0.60717811
-0.60772445
0.0052766258
-0.0044600495
0.0049756088
0.60666251
-0.0040532074
0.6075972
0.60403804
-0.60494122
0.0080609699
-0.0070462503
0.0081131133
0.60297115
-0.006251572
0.60382235
0.60293408
-0.60298661
0.011858998
-0.013224038
0.012272822
0.60388542
-0.015322505
0.61204767
0.60173905
-0.60326887
0.017322686
-0.015933725
0.017302961
0.60036965
-0.014438659
0.59912992
0.60696207
-0.60767363
0.021654496
-0.02113725
0.023053658
0.60504551
-0.019777348
0.61421751
0.62448665
-0.62503036
0.02453819
-0.025352522
0.025785039
0.62405358
-0.025104634
0.64899165
0.63160782
-0.62922426
0.021401167
-0.024110846
0.020911191
0.63480689
-0.026175707
0.624992
0.63218439
-0.63155379
0.022440349
-0.024057497
0.02327035
0.63297149
-0.024503338
0.63124025
0.63715914
-0.63637675
0.019408678
-0.02078116
0.019916148
0.63802418
-0.021625765
0.63711888
0.63962468
-0.63882325
0.01622406
-0.017302912
0.01648598
0.64044169
-0.018150629
0.64009523
0.6402018
-0.63953396
0.013292198
-0.014182234
0.013426881
0.64095716
-0.014954759
0.64098536
0.63986926
-0.63932246
0.010816887
-0.011470254
0.010858744
0.64048077
-0.012085421
0.64066682
0.64549752
-0.64719886
0.012872411
-0.010258002
0.012833214
0.64292231
-0.0099062897
0.640577
0.63676879
-0.63638808
0.0073177515
-0.0077293301
0.0072671054
0.63723104
-0.0086207121
0.63841491
1.2705287
-0.011373899
1.2716684
-0.0065658224
1.2400496
-9.8816152e-05
0.00058072774
1.2401036
-0.00042052372
0.61938974
-0.6195578
6.2536796e-05
0.00015865986
-0.00012199281
0.61935317
0.61960937
0.61857912
-0.61884278
0.005135257
-0.0020304402
0.0022975758
0.61831204
-0.0014132488
0.61891505
0.61953041
-0.61803209
0.0019661875
-0.0051768982
0.0044887828
0.62021861
-0.0045325485
0.61842014
0.61531099
-0.61538328
0.00094150737
-0.0014497949
0.00095016731
0.61581061
-0.0020152992
0.61648818
0.61263087
-0.61277041
0.0015208273
-0.0011270468
0.0013082467
0.6124496
-0.0010207516
0.61316429
0.6092567
-0.60953033
0.0024673191
-0.0019528281
0.002231232
0.60897825
-0.0017079141
0.60991752
0.60513342
-0.60563916
0.0041584846
-0.0032843592
0.0037835694
0.6046342
-0.0029027104
0.60584353
0.60032152
-0.60123835
0.0070359918
-0.0057755104
0.0065622204
0.59953473
-0.0050412265
0.60084983
0.6078311
-0.605912
0.013929862
-0.013596249
0.013587209
0.60783996
-0.0097337768
0.6003327
0.59491354
-0.59698813
0.018488692
-0.016525986
0.018582265
0.59285723
-0.014486771
0.59216432
0.60130482
-0.60185921
0.025007876
-0.02714999
0.027423842
0.60103096
-0.031435638
0.61585744
0.62265106
-0.62315681
0.02905339
-0.031081362
0.031497729
0.62223477
-0.030177148
0.64635895
0.63880352
-0.63813584
0.028894532
-0.030936763
0.030374574
0.63936565
-0.031581844
0.62739903
0.63564248
-0.63464367
0.025563024
-0.027551542
0.026431483
0.63676241
-0.028565879
0.63469926
0.6410581
-0.63996422
0.021293277
-0.022981835
0.021859858
0.64218015
-0.024104343
0.64125723
0.64317335
-0.64222868
0.017312554
-0.018593967
0.017599387
0.64416797
-0.019652315
0.6440006
0.64327524
-0.64244388
0.013870012
-0.014803096
0.013991144
0.64408722
-0.015729706
0.6443051
0.6424408
-0.64172008
0.011049795
-0.011743886
0.011149841
0.64303489
-0.012453679
0.64338891
0.64053634
-0.64048317
0.0096226738
-0.0096452299
0.0092383202
0.64094328
-0.010217971
0.64143543
0.63984699
-0.63863455
0.0073813064
-0.0081721331
0.0072519124
0.64076723
-0.010830884
0.64895433
1.2730683
-0.011372359
1.2742394
-0.0064278346
1.2400411
-0.00039212523
0.0010803081
1.2401313
-0.00045341167
0.61932853
-0.61932068
-0.00040189519
0.00050653508
-0.00050373423
0.61932576
0.61951299
0.61805247
-0.61812229
-0.00033007513
0.00045946838
-0.00046857306
0.61806166
0.00054183109
0.61847576
0.61644169
-0.61677279
0.00018400781
0.00040196459
-0.00031315068
0.61635296
0.00043263667
0.61678235
0.61649857
-0.61822713
0.0052392075
-0.00098015055
0.0023185476
0.61516019
-0.00052286807
0.61544704
0.61447913
-0.61286965
0.0022003061
-0.0057224914
0.0048110647
0.61539044
-0.0052368172
0.6142724
0.60838004
-0.60848853
0.0012468539
-0.001584602
0.0011535552
0.60881099
-0.0021437763
0.60997543
0.60331472
-0.60374192
0.0026314638
-0.0017179771
0.0020867567
0.60294588
-0.0014517865
0.60437066
0.59697441
-0.59786002
0.0052783146
-0.0038204297
0.0045700728
0.59622466
-0.0032021255
0.59803391
0.5946128
-0.59892882
0.01373951
-0.0085711085
0.011771664
0.5914123
-0.0069043348
0.59048193
0.58446057
-0.58740887
0.019228251
-0.016447837
0.018741989
0.58216634
-0.01495375
0.58501312
0.60273896
-0.60386498
0.029246872
-0.028320574
0.032784095
0.59827497
-0.024823808
0.62287524
0.61966617
-0.62066563
0.035622683
-0.039102542
0.039921047
0.61884711
-0.037571383
0.64205885
0.63532794
-0.63790212
0.032626972
-0.034681589
0.035476299
0.63453333
-0.037822405
0.63839679
0.64082693
-0.63930624
0.029082886
-0.031552459
0.02990661
0.64247298
-0.03326892
0.6402217
0.64617847
-0.64469607
0.023141972
-0.025160414
0.023731902
0.6476071
-0.026673667
0.64686936
0.64748176
-0.64634846
0.018214638
-0.019681779
0.018466313
0.64869731
-0.020948446
0.64871626
0.6467221
-0.64581235
0.014275525
-0.015143038
0.014033765
0.64783138
-0.016283242
0.64818033
0.64484598
-0.64419922
0.010038873
-0.0072200733
0.0054498207
0.6466163
-0.010111864
0.6495128
0.64437708
-0.64308196
0.0026575968
-0.0015225769
0.0022321903
0.64366751
-0.0022297125
0.64497469
0.64053877
-0.64109975
0.0069817992
-0.0069921731
0.0069859583
0.64054504
-0.0055748782
0.64152559
1.2755682
-0.010841792
1.2769265
-0.0064099109
1.2403912
-0.00060560089
0.0012363594
1.2408195
-0.00094751958
0.6198043
-0.61959803
-0.00098919715
0.00080317625
-0.00092742123
0.6199285
0.61976255
0.61802984
-0.61800901
-0.00075219508
0.00084585624
-0.00086656426
0.61805056
0.00082400335
0.61838148
0.61634589
-0.61634517
-0.00083467231
0.00093995255
-0.00092489104
0.61633082
0.00088425475
0.61681492
0.61446808
-0.61487905
-0.00036634125
0.0010438264
-0.0007649549
0.614189
0.0010140051
0.61472965
0.61172111
-0.6121346
0.00021256518
0.00063759039
-0.00059187383
0.61167534
0.00068008703
0.61246332
0.61048168
-0.61198967
0.0048535292
-0.00048987855
0.0025629591
0.60840858
5.9581199e-05
0.60884453
0.60293724
-0.60244724
0.0015449503
-0.0046627531
0.00358069
0.60401928
-0.005675541
0.60722716
0.59397352
-0.59473832
0.0025885284
-0.0011640142
0.0016302847
0.593507
-0.00094831574
0.59603511
0.58313668
-0.5853043
0.0075836992
-0.0050562708
0.0065779941
0.58161483
-0.0036983419
0.58483559
0.57697018
-0.57788847
0.01912477
-0.019633023
0.018937037
0.57766612
-0.015373236
0.58245872
0.58720481
-0.59023471
0.03515407
-0.035523835
0.041320549
0.58141212
-0.02628098
0.60155803
0.6173192
-0.617204
0.045754443
-0.050768251
0.051345774
0.6167436
-0.04822894
0.63505881
0.63611434
-0.63587921
0.04142137
-0.045760476
0.043995664
0.63787957
-0.045963604
0.63612747
0.64838503
-0.64620546
0.033064257
-0.036226042
0.033795692
0.65081563
-0.038960268
0.64882068
0.65278931
-0.65085303
0.024533942
-0.024605842
0.02207038
0.65532485
-0.028147007
0.65625529
0.65322961
-0.65128967
0.014776691
-0.012916386
0.010813416
0.65533265
-0.016051879
0.65711095
0.6527366
-0.65272985
0.0075329601
-0.011406223
0.012050676
0.65209212
-0.0093777449
0.65426482
0.64766212
-0.64703112
0.010608015
-0.0121411
0.011064337
0.64873891
-0.012548332
0.64966251
0.64443875
-0.64390219
0.0086739604
-0.0091850054
0.0086188943
0.64500488
-0.0097899959
0.64579244
0.6417721
-0.64134191
0.0068182891
-0.0071587683
0.0066975845
0.64223334
-0.0075736131
0.64289377
1.278077
-0.010139953
1.2788785
-0.0057588684
1.2403971
-0.00036733901
0.0014308522
1.2401545
-0.00046530002
0.62031166
-0.62023272
-0.00029710517
0.00046145369
-1.711919e-05
0.61986734
0.61915537
0.61812862
-0.61811162
-0.00047685504
-0.00011192385
8.6600341e-05
0.61815393
-0.00013698951
0.61848013
0.61662699
-0.61648061
-0.0011784142
0.00054362337
-0.00069895921
0.61678232
9.2851124e-05
0.61778127
0.6142907
-0.61423832
-0.0015560449
0.0013493543
-0.0015904862
0.61453166
0.00096738138
0.61539008
0.61183829
-0.61173606
-0.0015738264
0.0015797528
-0.0017818686
0.61204022
0.0017500869
0.61258432
0.60756976
-0.6074697
-0.0018939885
0.0021262869
-0.0022882252
0.6077317
0.0019820363
0.60887738
0.60143556
-0.6022319
-0.00039136638
0.0026794404
-0.0026531919
0.60140918
0.0025567755
0.60322719
0.5942337
-0.59421321
0.0049496062
-0.00099144849
0.0014329573
0.59379198
-0.00018998955
0.59536594
0.57886885
-0.57928385
0.0024582802
-0.0038980015
0.0028751022
0.57989138
-0.0037752434
0.58345546
0.56705551
-0.57465789
0.018280405
-0.0101425
0.017987553
0.55921022
-0.004244908
0.55942235
0.58136999
-0.58222782
0.045638607
-0.039374527
0.052223835
0.56852213
-0.024611639
0.54118204
0.6189688
-0.61990591
0.059385486
-0.06706017
0.066322469
0.61970842
-0.055056414
0.60761233
0.64787109
-0.64366459
0.049025932
-0.055648413
0.049162375
0.65435858
-0.06170482
0.647423
0.66151352
-0.65819618
0.030395765
-0.035931029
0.032335318
0.66510988
-0.039179631
0.66512429
0.66165683
-0.66018364
0.022744222
-0.026391514
0.02485366
0.66319487
-0.027878703
0.6650209
0.65810902
-0.65693852
0.019031633
-0.020782043
0.019278895
0.6596122
-0.022160875
0.6605887
0.6545644
-0.65350606
0.014561485
-0.015462073
0.014469747
0.65555672
-0.016631126
0.65669431
0.65083685
-0.65008956
0.011183901
-0.011785301
0.011041989
0.65158028
-0.012595687
0.65284766
0.64665889
-0.64615581
0.0082707621
-0.0086521202
0.0080687108
0.64724229
-0.0096934409
0.6486382
0.64345578
-0.64303653
0.006383249
-0.0066469915
0.0062278751
0.64387495
-0.007072134
0.64470571
1.2801528
-0.0091584506
1.2813407
-0.0054707934
1.2405256
-0.001106053
0.002349588
1.2410818
-0.0014502427
0.61993579
-0.61986561
-0.0013480997
0.0013874732
-0.0014064357
0.61995477
0.62009774
0.61831481
-0.61829699
-0.0015459904
0.0016109793
-0.0016605753
0.61836441
0.001514288
0.61873289
0.61672323
-0.61666064
-0.0017902155
0.0018886612
-0.0020086199
0.61684321
0.0018234948
0.61721137
0.61466178
-0.61464351
-0.0016695174
0.0022684249
-0.0023952856
0.61478862
0.0022197384
0.61528562
0.61223862
-0.61276876
-0.0013319139
0.0027129982
-0.0026025016
0.612128
0.0026503542
0.61274192
0.60858648
-0.6082042
-0.0025403902
0.0025198544
-0.0028348765
0.60890151
0.0024137056
0.61041802
0.60232721
-0.60213106
-0.0048467063
0.0043174081
-0.0048861156
0.60289579
0.0038591047
0.6047096
0.59245699
-0.59208484
-0.0063685648
0.0068348651
-0.0073068557
0.59292875
0.006373066
0.59592156
0.57580095
-0.57797316
-0.0035163119
0.0084972266
-0.00810846
0.57541229
0.0084391039
0.58073854
0.67311798
-0.66678639
0.054328676
-0.063332718
0.055478921
0.68097177
0.67898101
0.67452719
-0.6716855
0.036886351
-0.041474402
0.037770475
0.67823142
-0.044882955
0.67946436
0.66979363
-0.66749205
0.026131298
-0.028237726
0.025711376
0.67232004
-0.031007391
0.6739055
0.66425946
-0.66267896
0.018653483
-0.019950284
0.018420467
0.66578944
-0.021598687
0.66739727
0.65880666
-0.65771899
0.013799552
-0.01442858
0.013396081
0.65983946
-0.015566315
0.66126706
0.65383686
-0.65310068
0.010402551
-0.010786975
0.010097197
0.65452683
-0.011584351
0.65609633
0.64964489
-0.64892963
0.0078307066
-0.0082456215
0.0077162643
0.65017429
-0.0088173775
0.65124739
0.64508371
-0.64468922
0.0057873501
-0.0059336684
0.0055717613
0.64544571
-0.0062799071
0.64634631
1.2823786
-0.0072491253
1.2831959
-0.004806955
1.2407661
-0.0013447122
0.0027546804
1.2408846
-0.0011914027
0.61982985
-0.61989071
-0.0012537931
0.00087731105
-0.00089183754
0.61984439
0.61987367
0.61864773
-0.6185547
-0.0015611985
0.0010822913
-0.001181496
0.61874696
0.0010141973
0.61897078
0.61725331
-0.61705905
-0.0023129468
0.0019091337
-0.0021117888
0.61745596
0.0015438095
0.61818629
0.61525105
-0.61505825
-0.00295861
0.0025737858
-0.0028755753
0.61555281
0.0024317943
0.61590385
0.61270874
-0.61247099
-0.0039122466
0.0038280614
-0.0044823476
0.61336309
0.0035685338
0.61364934
0.60974514
-0.609374
-0.0055199046
0.0054125369
-0.0058441809
0.61017675
0.0050384793
0.61116324
0.60428147
-0.60390539
-0.0071446379
0.0074102079
-0.0079761782
0.60484741
0.0068250129
0.60638787
0.59609334
-0.59482234
-0.0098519416
0.010024686
-0.01093334
0.5970016
0.0091390777
0.59916253
0.57868009
-0.57698819
-0.015081008
0.015155748
-0.017303766
0.58082769
0.013386228
0.5857059
0.70558437
-0.69654528
0.058407051
-0.06670817
0.057464925
0.71482681
0.72274
0.69130668
-0.68681096
0.035413653
-0.038893463
0.034948301
0.69525125
-0.043608991
0.69907389
0.679556
-0.67720027
0.023592575
-0.025581597
0.023153444
0.68198394
-0.028325923
0.68490523
0.6705546
-0.66910202
0.01644977
-0.017645896
0.016328098
0.67187245
-0.019229498
0.67417369
0.66286222
-0.66188272
0.012249938
-0.013154564
0.012153566
0.6638634
-0.014248241
0.6656991
0.65665772
-0.65595803
0.0088871418
-0.0096099759
0.008954204
0.65731344
-0.010295823
0.65913862
0.65164386
-0.65116957
0.0067303254
-0.0073121503
0.0068066766
0.65214942
-0.0078014597
0.653329
0.64644821
-0.64604425
0.0040450725
-0.0050146629
0.0044166245
0.64704643
-0.0058699202
0.648818
1.2843048
-0.0065344129
1.2851653
-0.00398448
1.2413481
-0.0017990225
0.0031167694
1.2419941
-0.0018868932
0.62008266
-0.620008
-0.0018907948
0.0018361304
-0.0019856915
0.62023219
0.62034385
0.61904319
-0.61895543
-0.0022175724
0.0022687887
-0.0023864062
0.61916081
0.0021598856
0.61942887
0.61813469
-0.61776381
-0.002758275
0.0026235532
-0.0025859479
0.61809709
0.0025254413
0.61825108
0.61606689
-0.61592432
-0.0035601249
0.0031274922
-0.0033523593
0.61629175
0.0029470777
0.61669326
0.61473135
-0.61448737
-0.0047186722
0.0044424158
-0.0047760296
0.61506492
0.0038476464
0.61547164
0.61166764
-0.61111655
-0.0064973487
0.0061355887
-0.0067139153
0.61224594
0.0056324334
0.61298839
0.60713755
-0.60637499
-0.0093360803
0.0090028419
-0.0098893021
0.60802397
0.0081935228
0.60925578
0.60036778
-0.59897838
-0.013685845
0.013114871
-0.014615239
0.601868
0.011877291
0.60374143
0.58858484
-0.58578127
-0.022810439
0.020881475
-0.023999803
0.59170296
0.018514641
0.59483601
0.70639012
-0.70294239
0.030428415
-0.031877996
0.028616874
0.70965116
0.71613547
0.68832609
-0.68649445
0.020393359
-0.021608099
0.019483795
0.69045021
-0.023726514
0.6943759
0.67589265
-0.67458539
0.014136825
-0.015013592
0.013805871
0.67710031
-0.016353997
0.68008103
0.66643611
-0.66562111
0.010508007
-0.010431765
0.0095505846
0.66731732
-0.011621072
0.66955396
0.65917379
-0.6585507
0.0077033455
-0.0076348425
0.0070936469
0.65971519
-0.0082038872
0.66173739
0.65343063
-0.65300913
0.0058236212
-0.0056832025
0.0053213554
0.65379261
-0.0060963632
0.65519275
0.64879723
-0.64849609
0.0044784239
-0.004278869
0.0040208771
0.6490553
-0.0045664282
0.65022116
1.2857301
-0.0049577198
1.286148
-0.0028161789
1.2424951
-0.0019877268
0.0034375585
1.2424428
-0.0018250887
0.62048246
-0.6204206
-0.0021791467
0.0019838319
-0.0020957374
0.62059436
0.62080621
0.61953196
-0.61940457
-0.0025859661
0.0024431474
-0.0025742761
0.61966314
0.0023199438
0.61987318
0.61841292
-0.6182641
-0.0032279226
0.0030302645
-0.0032071746
0.61858987
0.0028416938
0.61885741
0.61705907
-0.61681274
-0.0040905752
0.0038389633
-0.0040918241
0.61731185
0.0036079387
0.61760501
0.61620481
-0.61581421
-0.0055562591
0.005314729
-0.0056897203
0.61657972
0.00497407
0.61697017
0.61385993
-0.61331111
-0.0074360713
0.0069536864
-0.0075438034
0.61444999
0.0064034527
0.61502147
0.61082609
-0.60988829
-0.010613536
0.0098378863
-0.010801067
0.61178919
0.0089702111
0.61251901
0.6068093
-0.60512966
-0.01599882
0.014624143
-0.01621545
0.60840031
0.013201791
0.60923122
0.60136738
-0.59810651
-0.02606985
0.023151876
-0.026481686
0.60469702
0.020486384
0.60537749
0.71677544
-0.71505839
0.02293632
-0.02199592
0.019747962
0.71902346
0.72644747
0.69496419
-0.69377318
0.015749488
-0.015859597
0.014395058
0.69642874
-0.017103614
0.70099783
0.68030547
-0.6792983
0.011050225
-0.011352092
0.010444477
0.68121242
-0.012140987
0.68444493
0.66948154
-0.66879696
0.0081268752
-0.0080448363
0.0074729919
0.67005348
-0.0087709713
0.6726597
0.66122036
-0.66074084
0.0059576226
-0.0060159223
0.0056029638
0.66163363
-0.0064760496
0.66381925
0.65483507
-0.65456535
0.0045265267
-0.0045359345
0.0042127622
0.65515819
-0.0048981735
0.65667364
0.64983479
-0.64959843
0.0034485124
-0.0034470165
0.003214519
0.65006738
-0.0036546536
0.65126271
1.2869781
-0.0041441986
1.288136
-0.0028026947
1.2429725
-0.0021386539
0.0039439525
1.243433
-0.0022127893
0.62087064
-0.62077721
-0.0022104693
0.0023888483
-0.0025065474
0.62098832
0.62122658
0.62004666
-0.61988426
-0.0027046422
0.0028745411
-0.0030382336
0.62021034
0.0027441035
0.62038608
0.61916352
-0.6189542
-0.0034168708
0.0034948952
-0.0036817114
0.61935031
0.0033216608
0.61953996
0.61809721
-0.61785912
-0.0043399183
0.0043459728
-0.0049335419
0.61868476
0.0041038553
0.6185898
0.61778592
-0.61734886
-0.0060088775
0.0059181196
-0.0063061714
0.61817387
0.0055657903
0.61839698
0.616283
-0.6157005
-0.0080594803
0.0077751917
-0.0082079522
0.61671567
0.007237132
0.61718645
0.6147002
-0.61377761
-0.011239274
0.010434132
-0.011420321
0.61568634
0.0096348994
0.61590933
0.61327265
-0.61164235
-0.016633427
0.014965968
-0.016526734
0.61483313
0.013628494
0.61491074
0.72227963
-0.72150355
0.01279416
-0.01063322
0.010984925
0.72192496
0.72917735
0.69897859
-0.6984501
0.010252817
-0.0093232903
0.0085508305
0.6997502
-0.0096303993
0.70448245
0.68326574
-0.68266909
0.0073825681
-0.0071799572
0.0066385667
0.6838049
-0.0076918335
0.68731767
0.67156542
-0.6711257
0.0056857532
-0.005100614
0.0047738897
0.67189292
-0.0055759899
0.67467756
0.66267842
-0.66237203
0.0041619638
-0.0038747262
0.0036458042
0.66290785
-0.0041995289
0.6653075
0.65588074
-0.6556629
0.0030958806
-0.0030024688
0.0028671631
0.65601647
-0.0032212609
0.65768918
0.65062234
-0.65046105
0.0024510547
-0.0023291344
0.0022253478
0.65072636
-0.0024468636
0.65197369
1.2899371
-0.0027245681
1.2900583
-0.001434545
1.2437345
-0.0022648373
0.0041565431
1.2439537
-0.0023268824
0.62125185
-0.62115492
-0.0023217402
0.0023187827
-0.0024645369
0.62139759
0.62153835
0.62060668
-0.62049098
-0.0028051729
0.0028160393
-0.0029569998
0.62074769
0.0026830064
0.62093974
0.61986751
-0.61972825
-0.0034826641
0.0034196978
-0.0036327545
0.62008056
0.0032696734
0.62021571
0.6201505
-0.61978734
-0.0047372195
0.0046201213
-0.0049061191
0.6204364
0.0040811287
0.62005631
0.61935501
-0.61897377
-0.0061183035
0.0058434653
-0.0062446863
0.61975619
0.0055016492
0.61986514
0.61868185
-0.6181087
-0.0081184205
0.0076427182
-0.0082321035
0.61927121
0.0071366637
0.61931407
0.61835419
-0.61749604
-0.011116359
0.010323084
-0.011185418
0.61921641
0.0095537135
0.61915468
0.61910026
-0.61774215
-0.015777342
0.014325762
-0.015620122
0.62039433
0.013164879
0.61987126
0.72240736
-0.72271378
0.0041214129
-0.0013862635
0.0020532451
0.72174009
0.72805496
0.70073923
-0.70020636
0.0041778893
-0.0017784296
0.0019778747
0.70053103
-0.0021167393
0.70550544
0.68456603
-0.68451312
0.0035894212
-0.002339434
0.0024362126
0.68447165
-0.0023914566
0.68813993
0.67278979
-0.67251526
0.0029541382
-0.0018437996
0.0018803656
0.67275939
-0.001994558
0.67554209
0.66353877
-0.66329778
0.0021276477
-0.001631578
0.001547923
0.66362406
-0.0019625666
0.66613027
0.6564914
-0.6563267
0.0015786442
-0.0012238713
0.0012495981
0.65646546
-0.001429398
0.65826058
0.65102247
-0.65093542
0.0012616276
-0.0010249602
0.00097163111
0.65107543
-0.0011194111
0.65238797
1.2906036
-0.00027919538
1.2904605
-0.00054499453
1.2445075
-0.0023557187
0.0043148528
1.2447222
-0.0024063579
0.62171446
-0.62164208
-0.0024933974
0.0023590796
-0.002479209
0.62183461
0.62187859
0.62119105
-0.62105265
-0.0029963838
0.0028990943
-0.0029866466
0.6212786
0.0027442767
0.62146339
0.62066088
-0.6204533
-0.0037052264
0.0034575203
-0.0036377652
0.62084105
0.0033389755
0.62090086
0.62119529
-0.62094721
-0.0048650747
0.0045873751
-0.004878966
0.6214868
0.0043871209
0.62155514
0.62080867
-0.62045974
-0.006145262
0.0057361947
-0.0061242819
0.62119677
0.0054259551
0.62121113
0.62082153
-0.62034221
-0.0079602674
0.0073312025
-0.0078672354
0.62135757
0.0068919065
0.62123811
0.62156397
-0.62082442
-0.010549347
0.0096279517
-0.010353756
0.62228985
0.0089585426
0.62189151
0.6237734
-0.62268795
-0.014203013
0.012817165
-0.01367914
0.62463536
0.011928378
0.62380295
0.71921232
-0.72025147
-0.0044170831
0.0074834749
-0.0063134721
0.7180431
0.7232417
0.69950388
-0.69986939
-0.0018995164
0.003905478
-0.0033752415
0.69897624
0.0045521961
0.70331051
0.68429841
-0.68456738
-0.00089561061
0.0022002928
-0.0019878817
0.68408724
0.0024902965
0.68764486
0.67282775
-0.67287337
-0.00043186153
0.001311734
-0.0010753089
0.67259269
0.0015585459
0.67516234
0.66365425
-0.66362227
-0.00021109455
0.00091860001
-0.00078901814
0.66352429
0.00097928235
0.66585256
0.65660301
-0.65665091
-6.0981588e-05
0.00065934636
-0.00063380477
0.65657682
0.00066420541
0.65815582
0.65115024
-0.65108661
-0.00021451992
0.00041779886
-0.00038717714
0.65111947
0.00048563877
0.65237792
1.2905617
0.0014716
1.2906926
0.00079030285
1.2450197
-0.0024155864
0.0044270077
1.2454694
-0.0024561699
0.6221462
-0.62205107
-0.0025780541
0.0024652819
-0.002581502
0.62226244
0.6223612
0.62175345
-0.62159772
-0.0030836663
0.002958439
-0.003087585
0.62188254
0.0028108705
0.62191379
0.62133288
-0.62121477
-0.0036716207
0.003497459
-0.0036861044
0.62152149
0.003343431
0.62156478
0.62217123
-0.62197648
-0.0048157315
0.0045677617
-0.0047798112
0.62238328
0.0043692047
0.62246411
0.6221794
-0.62185688
-0.0059297493
0.0055634909
-0.0058943803
0.62251023
0.0053007142
0.62236283
0.62270815
-0.62227766
-0.0074805384
0.0069215119
-0.0073288724
0.62311554
0.0064952818
0.62288428
0.62409836
-0.62352546
-0.0095470488
0.0087104043
-0.0092785223
0.6246666
0.0082055404
0.62411192
0.62701932
-0.62628826
-0.012177089
0.011070422
-0.011681386
0.62763032
0.010416419
0.62664861
0.7138146
-0.71540528
-0.011432409
0.014607849
-0.01303188
0.71223911
0.71629751
0.6966035
-0.69752118
-0.0071015279
0.0092839572
-0.0083446775
0.69566459
0.010423003
0.69947506
0.68286495
-0.68334728
-0.0046668506
0.0061091874
-0.0054941433
0.68225027
0.0067828156
0.68545257
0.67179335
-0.67206934
-0.0031996548
0.0041965155
-0.0038743055
0.67147214
0.0045408275
0.67401417
0.66302229
-0.66325683
-0.0022542145
0.003029579
-0.0028011537
0.66279394
0.0032705454
0.66502976
0.65623688
-0.65638958
-0.0016270075
0.0022024342
-0.0020309351
0.65606536
0.0024045187
0.65758619
0.65098713
-0.65103244
-0.0013257549
0.001670758
-0.0015324201
0.6508492
0.001787065
0.65202019
1.2902409
0.0026966488
1.2899278
0.0015615538
1.2460051
-0.0024515516
0.0044966031
1.2464371
-0.0024822961
0.62258471
-0.62246922
-0.0026579905
0.002520754
-0.00263009
0.62269404
0.62270223
0.62222719
-0.62210723
-0.0030793884
0.0029559688
-0.0030735265
0.62234471
0.0028431387
0.62240363
0.62232936
-0.62183269
-0.003999542
0.0034593798
-0.00390052
0.6227705
0.0033240862
0.62215956
0.62303825
-0.62285473
-0.0046253413
0.0043962021
-0.0045959775
0.62323796
0.0042057564
0.62322611
0.62328514
-0.62305183
-0.0055540983
0.0052290814
-0.0054473776
0.62350337
0.0049993209
0.62337018
0.62415643
-0.62384173
-0.0067879215
0.0062358526
-0.0065586313
0.62447918
0.0059605259
0.62414749
0.62598204
-0.62558758
-0.008288177
0.0075351079
-0.0079971928
0.62644443
0.0071589263
0.62578155
0.62930995
-0.62879777
-0.010289865
0.0091666096
-0.0097416588
0.62988534
0.0087723888
0.62872743
0.72270764
-0.026091227
0.030341939
-0.027474612
0.71984014
0.72392135
0.70688494
-0.7087789
-0.017276054
0.020416617
-0.018476342
0.70494478
0.022515044
0.70835593
0.69240402
-0.69353493
-0.011836174
0.01381956
-0.012626717
0.69121122
0.015189242
0.69443127
0.68014633
-0.68086871
-0.0082135731
0.0095722605
-0.0087778189
0.67935172
0.01048893
0.6821419
0.67019282
-0.67065679
-0.0056965837
0.0070402168
-0.0064967195
0.66964941
0.007612732
0.67187852
0.661947
-0.66224871
-0.0041804594
0.0052146377
-0.004792711
0.66152538
0.005594768
0.66348995
0.65542368
-0.65566049
-0.0031311784
0.0038739106
-0.0036101092
0.65515994
0.0041499513
0.65662628
0.65041604
-0.65059468
-0.002385349
0.0029695355
-0.0027600066
0.65020681
0.0031597483
0.65138934
1.2894512
0.0045671612
1.2886224
0.0026228458
1.2467049
-0.0024665133
0.0045374146
1.2471105
-0.0024895856
0.62297144
-0.62288775
-0.0026640911
0.0025283144
-0.0026290576
0.62307216
0.62301945
0.62267505
-0.62256858
-0.0030672972
0.0029479157
-0.0030264016
0.62275351
0.0028223935
0.62284786
0.62375838
-0.62360978
-0.0038341768
0.0036554765
-0.0037724137
0.62387534
0.0032673387
0.62319537
0.6236968
-0.62358013
-0.004374306
0.0041714429
-0.0043555811
0.62388092
0.0040423996
0.62382182
0.62412296
-0.62393435
-0.0050718175
0.0047827809
-0.0049569623
0.62429704
0.0046353157
0.62409314
0.6251677
-0.62497928
-0.0058150597
0.0054303515
-0.0056326609
0.62536983
0.0052483643
0.62498923
0.62719317
-0.6270337
-0.0066028007
0.0061889703
-0.0063664332
0.62737049
0.0059997036
0.62676091
0.63055542
-0.63050206
-0.0072928264
0.0064046954
-0.0066516054
0.63080258
0.0062592417
0.62963889
0.71114585
-0.71410327
-0.031439404
0.03561003
-0.032648448
0.70818425
0.71114699
0.69877404
-0.70084692
-0.022073865
0.025046072
-0.0229079
0.69663588
0.027354216
0.69932528
0.6872321
-0.68858182
-0.015611615
0.017760607
-0.016358016
0.68582951
0.019203919
0.68854765
0.67673775
-0.67762297
-0.011258677
0.012851253
-0.011864517
0.67575094
0.013905261
0.67806533
0.66782862
-0.66846117
-0.0082777893
0.0094292896
-0.0087464369
0.66714583
0.010163395
0.66911599
0.66006202
-0.66071254
-0.0059958083
0.0070845753
-0.0068039583
0.65978153
0.0075989401
0.66147497
0.65425294
-0.65458562
-0.0044817038
0.0055665221
-0.0052132301
0.65389974
0.0059459979
0.65529184
0.64976613
-0.6499726
-0.0034925116
0.0043240129
-0.004031067
0.64947319
0.0045885644
0.65044431
1.2882822
0.0060585328
1.2873273
0.0038941456
1.2473564
-0.0024693237
0.0045547925
1.2477378
-0.0024865169
0.62329988
-0.62324896
-0.002624847
0.0025481351
-0.0026396869
0.62339145
0.62338238
0.62306528
-0.62294846
-0.0030046378
0.0029000762
-0.0029889297
0.62315413
0.0027871218
0.62319152
0.62423883
-0.62411564
-0.0036633428
0.003535529
-0.0036277317
0.62433107
0.0034938217
0.62434382
0.62424066
-0.62411499
-0.0040908932
0.0039560643
-0.004049201
0.62433367
0.0038632465
0.62427209
0.62464045
-0.62454131
-0.0045054091
0.0043062516
-0.004410059
0.62474415
0.0042348152
0.62455488
0.62561633
-0.62559411
-0.0047454231
0.004642902
-0.0046587245
0.62563175
0.004558725
0.62536404
0.6273608
-0.62738694
-0.0048705597
0.0045000711
-0.0044335597
0.62729398
0.0045161651
0.62685201
0.63035095
-0.63056548
-0.0042735675
0.0038094894
-0.003549065
0.63009065
0.0040765281
0.6291564
0.69919106
-0.702213
-0.035475843
0.039043386
-0.03609844
0.69624611
0.69848751
0.6902009
-0.69236598
-0.025557504
0.028565418
-0.026402624
0.68803818
0.030853373
0.69006039
0.6812526
-0.68277969
-0.018435995
0.020844108
-0.019290309
0.67969881
0.022555973
0.68167484
0.67261443
-0.67372332
-0.013461115
0.015377235
-0.014263747
0.67150106
0.016561726
0.67339032
0.66524778
-0.66573312
-0.010126876
0.011424125
-0.010389494
0.66421314
0.012298992
0.66592529
0.6582077
-0.65873258
-0.0076660554
0.0084425505
-0.0078472436
0.65761253
0.0090002051
0.659162
0.65276367
-0.65314186
-0.0058822625
0.0063594739
-0.0059649779
0.65236918
0.006840939
0.65357644
0.64863168
-0.64895709
-0.0045538987
0.0048652664
-0.0045566408
0.648323
0.0052200757
0.64916942
1.2865658
0.0076891117
1.2854524
0.0045547576
1.2479574
-0.0024592912
0.0048102447
1.248065
-0.0024756362
0.6236437
-0.62357583
-0.0026241132
0.0025296713
-0.0026116704
0.62372568
0.62371441
0.62339746
-0.62332
-0.0029309432
0.0028380498
-0.0029125014
0.62347189
0.0027628621
0.62350925
0.62457127
-0.62452228
-0.0034847443
0.0034044552
-0.0034733195
0.62464011
0.0033335704
0.62470814
0.62455153
-0.6244873
-0.003809368
0.0036856925
-0.0037115187
0.62457717
0.0036274115
0.62458341
0.6248407
-0.62481987
-0.0039542447
0.0038759949
-0.0038612149
0.62482555
0.0038080037
0.62479075
0.62560717
-0.62562883
-0.0039099671
0.0037732303
-0.0037012855
0.62553512
0.0038302529
0.62524013
0.62680393
-0.62699966
-0.0032905498
0.0032516669
-0.0030511178
0.62660343
0.0034537111
0.62620164
0.62863581
-0.62914775
-0.0017542533
0.0019172653
-0.0013474268
0.62806599
0.0024105801
0.62759383
0.68732373
-0.69025386
-0.037983924
0.041320846
-0.038501968
0.68450499
0.68613053
0.68147509
-0.68367268
-0.028099703
0.030910781
-0.028735348
0.67929981
0.033273706
0.68057398
0.6749403
-0.67657963
-0.020536551
0.023007089
-0.02135875
0.67329202
0.024739644
0.67472721
0.66803394
-0.66919387
-0.015543778
0.016952548
-0.01583498
0.66691628
0.018263899
0.66848864
0.66187772
-0.66263611
-0.011848131
0.012988142
-0.012156333
0.66104585
0.013858748
0.66241443
0.65581145
-0.65645388
-0.0090855167
0.0099637373
-0.009358318
0.65520612
0.01064583
0.65656843
0.65101299
-0.65148028
-0.0069941797
0.0076937558
-0.0072369627
0.65055625
0.0082369374
0.65162736
0.64722052
-0.64760193
-0.0054899832
0.0060282344
-0.0056424263
0.64683474
0.0064587838
0.64775425
1.2847945
0.0088996277
1.2838064
0.0053659275
1.2482638
-0.0024483703
0.0045565203
1.2485977
-0.0024616052
0.62390407
-0.62384361
-0.002624486
0.0025116068
-0.0025853181
0.62397776
0.62404324
0.62370024
-0.6236108
-0.0028878679
0.0028068895
-0.0028437599
0.62373707
0.0026928584
0.62378042
0.62489027
-0.62476214
-0.0034215442
0.0033133553
-0.003312688
0.62488958
0.0031848096
0.62499759
0.62471915
-0.62468333
-0.0035600121
0.0034537229
-0.003501685
0.62476698
0.0033950408
0.62477422
0.62480133
-0.62484509
-0.0035546859
0.0035001764
-0.0034711871
0.6247722
0.0034777824
0.62473749
0.62518103
-0.62527132
-0.003264577
0.0032364934
-0.0031545034
0.62509913
0.0033228181
0.62495724
0.62581736
-0.62605812
-0.0024750883
0.0025698054
-0.0022790185
0.62552658
0.0027863473
0.62536085
0.62655335
-0.62699801
-0.00087679992
0.0011474247
-0.00067479792
0.62608076
0.0015679281
0.62584373
0.67545739
-0.67851389
-0.039493605
0.042704643
-0.039848489
0.67260123
0.67367746
0.67280817
-0.67485714
-0.02968288
0.032326848
-0.029938682
0.67042001
0.034726885
0.67102849
0.66835332
-0.67000617
-0.022337768
0.024114838
-0.022458865
0.66669748
0.025926663
0.6676537
0.66332022
-0.66453378
-0.017013291
0.018281045
-0.017084849
0.66212403
0.019533813
0.66342353
0.65842487
-0.65929043
-0.013137042
0.014234609
-0.013410745
0.65760096
0.014963549
0.65887464
0.6532275
-0.65389976
-0.010176969
0.011071932
-0.010440533
0.65259613
0.011804694
0.65373239
0.64905562
-0.64960157
-0.0079120772
0.0086423829
-0.0081628317
0.64857604
0.0092594703
0.64948047
0.64566033
-0.64607824
-0.006057891
0.00680581
-0.0063859902
0.64524051
0.0072247469
0.64624299
1.2827641
0.009923069
1.2816761
0.0058269387
1.2487772
-0.0024400971
0.0045598092
1.2493473
-0.0024560848
0.62416007
-0.62410593
-0.0025748795
0.0025230441
-0.0025900775
0.62422713
0.6243724
0.62438095
-0.62402728
-0.0031013751
0.0027619961
-0.0029641147
0.62458311
0.0026823135
0.62401132
0.62508661
-0.62502471
-0.0032533571
0.0031967805
-0.0031808255
0.6250706
0.0031568543
0.62517566
0.62478914
-0.62478541
-0.0033473266
0.003314112
-0.0032895075
0.62476448
0.0033020073
0.62486857
0.62463215
-0.62468453
-0.0032603349
0.0032098697
-0.0031789735
0.62460121
0.0032988287
0.6245949
0.62463111
-0.62480872
-0.0027753529
0.00287451
-0.0027624466
0.62451908
0.0030017021
0.62448259
0.62460531
-0.62493071
-0.0018141276
0.0020151625
-0.0017255981
0.62431574
0.0022977024
0.62434501
0.62459274
-0.62511067
-5.6420918e-05
0.0004217206
0.00016153892
0.6240095
0.00092343386
0.62398002
0.66418619
-0.66696423
-0.040155197
0.042739179
-0.040017972
0.66146502
0.66173909
0.66371179
-0.66593184
-0.030535576
0.032938185
-0.030790483
0.66156433
0.035177841
0.6618173
0.66197843
-0.66343846
-0.023186214
0.025144438
-0.02331692
0.66015091
0.026880579
0.66065144
0.65858166
-0.65977965
-0.017953118
0.019130051
-0.017957897
0.65740947
0.020400326
0.65835915
0.65492672
-0.65581268
-0.014008687
0.014865976
-0.014216887
0.65427761
0.01579409
0.65489752
0.65050411
-0.6512327
-0.010814255
0.011976931
-0.011322375
0.64984962
0.012570335
0.65080387
0.64701881
-0.64751712
-0.0085076981
0.0094464088
-0.0089170127
0.64648936
0.010034119
0.64720656
0.64379985
-0.64421831
-0.0067144765
0.0075540855
-0.0071115378
0.64335724
0.0079744823
0.64468018
1.2805355
0.011003071
1.2793755
0.0061656935
1.2495112
-0.0024344181
0.0048168033
1.2495672
-0.0024515141
0.62436868
-0.62434428
-0.0025604733
0.0025131244
-0.0025752969
0.62443089
0.62448281
0.62547667
-0.6251556
-0.00305984
0.0030549973
-0.0031998461
0.62562149
0.0026815219
0.62453768
0.62520575
-0.62492973
-0.0033727211
0.0031322565
-0.0031315046
0.62520499
0.0031264513
0.62528553
0.6247611
-0.6247475
-0.0032125296
0.0031778753
-0.0031653114
0.62474855
0.0031563626
0.62489689
0.62442977
-0.62447543
-0.0030381191
0.0030793119
-0.003007419
0.62435783
0.0031077861
0.62444717
0.62396982
-0.62419958
-0.002495909
0.0026676107
-0.0024856969
0.62378785
0.0028175238
0.623957
0.62331208
-0.62362819
-0.0014425487
0.0016893607
-0.0013224635
0.62294513
0.001999681
0.62315657
0.6221295
-0.62277604
0.00067176491
-5.6407232e-05
0.00067228778
0.62151363
0.00042784939
0.62190367
0.65350992
-0.65611201
-0.039820122
0.042180162
-0.039682086
0.65101199
0.65047031
0.6553445
-0.65727137
-0.030674331
0.032711365
-0.030455369
0.65308842
0.034885234
0.65285428
0.65538965
-0.65697741
-0.023633268
0.025041808
-0.023505711
0.65385359
0.026743642
0.65380147
0.6538986
-0.65505089
-0.018285856
0.019468504
-0.01835202
0.65278209
0.020735161
0.653382
0.65154441
-0.65237368
-0.014593778
0.015417778
-0.014617221
0.65074385
0.016331661
0.6511836
0.64777636
-0.64848384
-0.011500678
0.012239801
-0.011585535
0.64712211
0.012963391
0.64785016
0.64486234
-0.64537221
-0.0091728583
0.0097354426
-0.0092247475
0.64435161
0.010281727
0.64498623
0.6421424
-0.64255292
-0.007342016
0.0077789306
-0.0073479305
0.6417114
0.0082880078
0.64273688
1.2784144
0.011643392
1.277204
0.0066543422
1.2497226
-0.0024384109
0.0045886461
1.2500254
-0.0024599606
0.6246116
-0.62456512
-0.0025572337
0.0025146133
-0.0025740324
0.62467104
0.62478124
0.62572307
-0.62570676
-0.0029905411
0.0029196034
-0.0030106582
0.62581417
0.0026741599
0.62567182
0.62526959
-0.62524936
-0.0031825672
0.0030814369
-0.0031271694
0.62531532
0.0030297072
0.62547178
0.62468725
-0.62457398
-0.0032846548
0.0031669422
-0.003150896
0.62467122
0.0033457166
0.62465766
0.62410238
-0.62418024
-0.0029020001
0.0029521335
-0.0029024008
0.6240526
0.0030080419
0.62421649
0.62326239
-0.62344537
-0.0023420943
0.0024969532
-0.0023201657
0.62308555
0.002691592
0.62333177
0.62188229
-0.62223891
-0.0011784724
0.0015536748
-0.0011766489
0.62150527
0.0018540852
0.62195679
0.61952153
-0.62020401
0.00098140413
-0.00022304489
0.00085468818
0.61888989
0.00030003218
0.61967956
0.6436799
-0.64593577
-0.038604798
0.040644879
-0.038013174
0.64104824
0.63984792
0.64711155
-0.64904647
-0.030129949
0.031501715
-0.029642093
0.64525191
0.033544311
0.64444256
0.64928615
-0.65079482
-0.023164347
0.02469169
-0.023204083
0.64779853
0.026112709
0.64744484
0.64939955
-0.65049248
-0.018279872
0.019415169
-0.018385388
0.6483698
0.020621523
0.64865024
0.64832939
-0.64908209
-0.014690328
0.015612396
-0.014817222
0.64753427
0.016465319
0.64773937
0.64512272
-0.64571582
-0.011656501
0.012525961
-0.011912608
0.64450931
0.013207847
0.64498931
0.64277258
-0.64328015
-0.009298544
0.010172156
-0.0096142138
0.64221465
0.010708855
0.6426979
0.64044238
-0.64086026
-0.0076357715
0.0080697894
-0.0075048882
0.63987743
0.0087329843
0.6407249
1.2764424
0.012340917
1.2752061
0.0070205471
1.2504297
-0.0024531321
0.0066309806
1.2487255
-0.0024784749
0.62484708
-0.6248016
-0.0026723561
0.0025288913
-0.0026125901
0.62493081
0.62489991
0.62596037
-0.62592021
-0.0030762283
0.0029823002
-0.0030484052
0.62602649
0.0029374687
0.62612428
0.62547576
-0.62543075
-0.0032409505
0.0031454398
-0.0030426995
0.62537299
0.0031178118
0.62552931
0.62465857
-0.62464339
-0.0032479206
0.0032145884
-0.0032025098
0.6246465
0.0032153259
0.62482456
0.62371572
-0.62368338
-0.0031891508
0.0032303931
-0.0030179865
0.62350335
0.0031746139
0.62388649
0.62253462
-0.62272153
-0.002388762
0.0026028673
-0.0024072521
0.62233895
0.002746235
0.62274715
0.62043486
-0.62078938
-0.0012874203
0.001603298
-0.0013061703
0.6201377
0.0019376204
0.62071878
0.61698376
-0.61764639
0.00081581791
-9.6611396e-05
0.00070098176
0.61637937
0.00047503492
0.61748424
0.63430026
-0.63645143
-0.036391113
0.037774993
-0.035654827
0.63217998
0.63047609
0.63970425
-0.64157032
-0.028664459
0.030020394
-0.02833868
0.63802259
0.031824576
0.63686157
0.64347336
-0.64484402
-0.02244752
0.023557624
-0.022166177
0.64208188
0.024890281
0.6412925
0.64531153
-0.64629936
-0.017962347
0.018725352
-0.017778723
0.64436492
0.01972486
0.64438766
0.64529402
-0.64613255
-0.0145567
0.015366132
-0.014517086
0.64444495
0.016056313
0.64467931
0.64247146
-0.64309137
-0.011805783
0.01239204
-0.011778798
0.64185818
0.013017329
0.64230961
0.64071377
-0.6412608
-0.0094341908
0.010026492
-0.0095855157
0.64027281
0.010572244
0.64051306
0.63860839
-0.63907605
-0.0076675724
0.0081988857
-0.0077934389
0.63820295
0.0086489689
0.63862825
1.2744094
0.012847272
1.2731703
0.0072776685
1.252964
-0.0065551878
0.0057096356
1.3229361
-0.073200467
0.62500702
-0.62498696
-0.0028377692
0.0068175574
-0.0070070391
0.62519651
0.62542768
0.62617671
-0.62608429
-0.0032987189
0.0074883527
-0.007558501
0.62624687
0.0074149121
0.62635806
0.62546826
-0.62544468
-0.0034277236
0.007721636
-0.0077546466
0.62550131
0.007637263
0.62572773
0.62460537
-0.62458116
-0.0034975444
0.0078944802
-0.0079161793
0.62462708
0.0078943183
0.62488816
0.62344848
-0.62351746
-0.0033255526
0.0079144824
-0.0079179119
0.62345189
0.0079166947
0.62376793
0.62175444
-0.62174974
-0.0029936873
0.0079124286
-0.0076598816
0.62150186
0.007840636
0.6221486
0.61915651
-0.61945007
-0.0018246302
0.0070524518
-0.0068015407
0.61890553
0.0074488756
0.61958218
0.61463148
-0.6151687
9.796288e-05
0.0059900509
-0.0055440151
0.61418535
0.0063010396
0.61559057
0.62669075
-0.62832484
-0.034001104
0.034450064
-0.032974041
0.62521487
0.62474257
0.63301848
-0.63470297
-0.027081504
0.028391011
-0.026965684
0.63159313
0.029875723
0.63037259
0.63775812
-0.6391981
-0.021188079
0.022273249
-0.020819031
0.63630393
0.023758601
0.63506734
0.64160309
-0.64248275
-0.017125681
0.017575095
-0.016760032
0.64078806
0.01847219
0.64069754
0.6417604
-0.64266426
-0.014160223
0.01489726
-0.013959918
0.6408231
0.015325993
0.64245318
0.64004531
-0.6406565
-0.011463618
0.012044585
-0.011443627
0.63944435
0.01264982
0.63981286
0.63890567
-0.63932998
-0.0094296067
0.0099103425
-0.0094916408
0.63848695
0.010404889
0.63846789
0.63700672
-0.63738869
-0.0077133351
0.0081267264
-0.0077074588
0.63658743
0.0086149197
0.63685818
1.2726139
0.013172452
1.2719018
0.0071741198
1.3231037
-0.0025132928
0.0039414594
1.2570828
-0.0025488788
0.62711313
-0.62706727
-0.0026319969
0.002567304
-0.0026318636
0.62717771
0.62726068
0.62656265
-0.62651629
-0.0028284374
0.0027685555
-0.0028422701
0.62663637
0.0027172008
0.62678466
0.6258924
-0.62585929
-0.0029580068
0.0029454586
-0.0029811546
0.62592809
0.0029057613
0.6261239
0.62502801
-0.6250091
-0.0030016374
0.0030138123
-0.0030062837
0.62502047
0.002991115
0.62526174
0.62381781
-0.62382016
-0.0028882842
0.0029747652
-0.0028918819
0.62373502
0.003014339
0.62408856
0.62201198
-0.62212102
-0.0024498813
0.0027562707
-0.0026910016
0.6219468
0.0028205672
0.62243681
0.61918801
-0.61940329
-0.00186238
0.0021914612
-0.002059044
0.61905575
0.0023404332
0.61987529
0.61445575
-0.61484071
-0.00047947967
0.0016461053
-0.0014594196
0.61426929
0.0018000461
0.6157158
0.60626401
0.00075101675
0.00051912729
-0.00037506049
0.60611995
0.00078228865
0.60865422
0.61400479
-0.036765866
0.035925516
-0.035327821
0.61340726
0.60885477
0.62794121
-0.62539031
0.040741252
0.032080014
-0.030972976
0.62683403
0.033202157
0.62435834
0.67772704
-0.63022237
-0.022714552
0.027723181
0.016448337
0.63355547
0.028812397
0.63243753
0.63207114
-0.63333651
-0.019373808
-0.00099100293
-0.0038912648
0.63695339
-0.0063834442
0.63632457
0.63850976
-0.63918917
-0.015936146
0.016204583
-0.015528155
0.63783336
0.016768275
0.63785048
0.63848834
-0.63913556
-0.013302019
0.013819625
-0.013243033
0.63791173
0.014882521
0.63925166
0.63786151
-0.63840302
-0.011133546
0.011482119
-0.010952388
0.63733178
0.012010389
0.63751665
0.63750128
-0.63777183
-0.0093841274
0.0096043717
-0.0093668172
0.63726371
0.010016029
0.63661902
0.63543384
-0.63580059
-0.0077167232
0.0080405762
-0.0076645723
0.63505785
0.008407265
0.63536041
1.2713526
0.014097336
1.2709296
0.0072317925
1.2539299
-0.0012647673
0.0050447774
1.2527078
-0.0023154714
0.62731717
-0.62726604
-0.00267795
0.0025846071
-0.002677024
0.6274096
0.69821701
0.62676512
-0.62673756
-0.0028696444
0.0028555295
-0.0029108872
0.62682049
0.0027981481
0.62695177
0.62602661
-0.62600763
-0.0030348263
0.0030407339
-0.0030878463
0.62607372
0.0030160933
0.62625622
0.62505112
-0.62504437
-0.0031570786
0.0031902171
-0.003177002
0.62503792
0.0031501244
0.62534536
0.62373657
-0.62369115
-0.0032067287
0.003250909
-0.0032294186
0.62371514
0.0032451463
0.62408342
0.62178758
-0.62179299
-0.003138406
0.00325609
-0.0032562877
0.62178783
0.0032557237
0.62232483
0.61882851
-0.61885827
-0.0029578629
0.0032643411
-0.0032831408
0.61884737
0.0032766373
0.61963648
0.61424668
-0.61420901
-0.0030557266
0.0034521347
-0.0036271862
0.61442178
0.0033069129
0.61568103
0.60691362
-0.60642787
-0.0042498586
0.004559832
-0.0051739494
0.60752802
0.0041358795
0.60955516
0.59503419
-0.010323548
0.0088869599
-0.011118182
0.59726577
0.0072709813
0.60122348
0.5867534
-0.027242081
0.022457764
-0.025465297
0.58976115
0.015803149
0.5173638
0.61270102
-0.61258501
-0.030226686
0.028798912
-0.028875979
0.61277821
0.028456432
0.60941619
0.62429098
-0.62498882
-0.028218189
0.027874976
-0.027265361
0.62368137
0.028430513
0.62137143
0.63080831
-0.63164352
-0.024895865
0.025056784
-0.02426963
0.63002109
0.025827763
0.62885714
0.63443195
-0.63520687
-0.021579801
0.021961796
-0.02117431
0.63364444
0.022685486
0.63300059
0.63594139
-0.63663131
-0.018555569
0.018949421
-0.01826315
0.63525512
0.019709118
0.63488238
0.63629973
-0.63679284
-0.012491934
0.016320561
-0.01566773
0.63564695
0.016960908
0.63562725
0.63589597
-0.63636112
-0.010542771
0.013966388
-0.013436163
0.63536576
0.014517456
0.63551566
0.63752611
-0.63785459
-0.0090077263
0.011871747
-0.008918603
0.63457297
0.012376868
0.6348292
0.63398598
-0.63433357
-0.0074531161
0.0077550188
-0.0074003034
0.6336313
0.0081235685
0.63389695
1.2698944
0.016144334
1.2677456
0.0087502177
1.2526128
-0.0025863768
0.0051266942
1.2527043
-0.0026261851
0.69966258
-0.69739025
-0.0027296848
0.0021589605
-0.0027304464
0.70023408
0.62745806
0.62697062
-0.62691073
-0.0029716552
0.0029006691
-0.0029887714
0.62705874
0.0028365649
0.62721955
0.62623312
-0.62612695
-0.0032019091
0.0031471565
-0.0032068807
0.62629289
0.0030867142
0.62648083
0.62520548
-0.6251278
-0.0033669581
0.0034066679
-0.0033891802
0.62518803
0.003298578
0.62554979
0.62382837
-0.62377369
-0.0035313971
0.0035688799
-0.0036319352
0.62389144
0.0035074529
0.62425931
0.62185053
-0.62185596
-0.0036788943
0.0037911335
-0.0038983252
0.62195773
0.0037416202
0.62250085
0.61910491
-0.61899081
-0.0040640244
0.0041677065
-0.0042758446
0.61921302
0.0040448192
0.61997791
0.615133
-0.61487744
-0.0048745768
0.0049216974
-0.005302088
0.6155134
0.0046617587
0.61650185
0.60961587
-0.6088861
-0.007093679
0.0067929465
-0.0075248477
0.61034787
0.0061699077
0.61189815
0.60296728
-0.60122639
-0.012265178
0.010795618
-0.012305627
0.6044775
0.0095410793
0.6068185
0.59698065
-0.5948361
-0.021564862
0.018636168
-0.020589909
0.59893454
0.014628093
0.53665342
0.61346326
-0.61323316
-0.024943469
0.023701533
-0.024249352
0.61401109
0.022959307
0.61197584
0.62242993
-0.62264978
-0.024539989
0.024244293
-0.0237993
0.62198494
0.024592927
0.620128
0.62806709
-0.62865281
-0.022491615
0.022406139
-0.02193934
0.62760018
0.022962082
0.62647505
0.63158185
-0.63223254
-0.019960314
0.020195176
-0.019579181
0.63096584
0.020733904
0.63041374
0.63329107
-0.63394382
-0.017462547
0.017756127
-0.017257107
0.63279205
0.018388223
0.63232132
0.63391862
-0.63445721
-0.015189362
0.015564681
-0.015046078
0.63339994
0.016091324
0.63331791
0.63382877
-0.63431888
-0.013120508
0.013464373
-0.01298756
0.63335198
0.013930352
0.63343412
0.63323763
-0.63367356
-0.011242863
0.011629224
-0.01120174
0.63281014
0.012094874
0.63298324
0.63249332
-0.63284568
-0.0096673234
0.0099605297
-0.0095772465
0.63211001
0.010355776
0.63227154
1.2642237
0.013758012
1.2616317
0.0091286275
1.2528938
-0.0026363094
0.005204204
1.2532574
-0.0029252156
0.62840915
-0.63022029
-0.00076402331
0.0027759765
-0.0024116529
0.62804484
0.62636169
0.62723144
-0.62721431
-0.0030034485
0.0029987358
-0.0030694772
0.6273022
0.0029273641
0.62746439
0.62643887
-0.62639592
-0.0032992253
0.0032824848
-0.0033544339
0.62651084
0.003186236
0.62674813
0.62539087
-0.62534346
-0.0035810619
0.003500533
-0.0036526548
0.62554301
0.0035005331
0.6257491
0.62405057
-0.62399023
-0.0038503671
0.0038277197
-0.0039688273
0.62419169
0.0037655095
0.62449717
0.62227054
-0.62215699
-0.00425534
0.0042834965
-0.0043572941
0.62234434
0.0041206446
0.6228994
0.61974458
-0.61955957
-0.0048994488
0.004846433
-0.0050444885
0.61994264
0.004621162
0.62066083
0.61654815
-0.61616465
-0.0060206893
0.005890458
-0.0062582378
0.61691597
0.0055200588
0.61773352
0.61256106
-0.61185562
-0.0083183152
0.0077823749
-0.0085026932
0.61328141
0.0071904285
0.61431433
0.60827941
-0.60711832
-0.012272985
0.011122701
-0.012101925
0.60925869
0.010216699
0.61104485
0.60372688
-0.60228751
-0.018219465
0.016226763
-0.017560022
0.6050601
0.0134506
0.54940103
0.61524999
-0.61487114
-0.021123723
0.01991385
-0.020344514
0.61568058
0.019316667
0.61454351
0.62155358
-0.62176068
-0.021439172
0.020692263
-0.020672542
0.62153376
0.020705871
0.62014713
0.62629747
-0.62668338
-0.020200609
0.019998325
-0.019671604
0.62597086
0.0203104
0.62504302
0.62937926
-0.62986606
-0.018365039
0.018480785
-0.018025338
0.62892388
0.018885541
0.62842333
0.63118455
-0.63168968
-0.016401014
0.016594921
-0.016140804
0.63073046
0.017037783
0.63033678
0.63190791
-0.63241943
-0.014464679
0.01472548
-0.014281321
0.63146376
0.015204294
0.63137126
0.6320014
-0.63238744
-0.012663925
0.012964711
-0.012514701
0.63155138
0.013370516
0.63159249
0.63155912
-0.6319582
-0.01095634
0.011264286
-0.010873925
0.63116876
0.011663912
0.63129899
0.63099336
-0.63137244
-0.0094693936
0.0097501858
-0.009392091
0.63063528
0.010117743
0.63080348
1.2601731
0.012972334
1.2582124
0.0087255815
1.2534603
-0.002681074
0.0052798205
1.2540892
-0.0029704327
0.62700868
-0.62713708
-0.0027631384
0.0029036852
-0.0030085355
0.62711355
0.62661623
0.62752206
-0.62744769
-0.0031352399
0.0030439093
-0.0031475418
0.62762571
0.0029931878
0.6277582
0.62674143
-0.62673713
-0.0033687939
0.0033888311
-0.0034717194
0.62682434
0.0033071843
0.62703217
0.62572471
-0.62565998
-0.003760503
0.0037336125
-0.0038270653
0.62581818
0.0036433189
0.6260879
0.62447528
-0.62434201
-0.0041371166
0.0041325665
-0.0042205939
0.62456333
0.004000576
0.62492285
0.6227623
-0.6226652
-0.0046593512
0.004588022
-0.0047910278
0.62296531
0.0044215616
0.62340164
0.62064108
-0.62041793
-0.005442101
0.0053183042
-0.0055471492
0.62086993
0.005142332
0.62138217
0.61804027
-0.6176889
-0.0067077318
0.0063994433
-0.006799982
0.61844085
0.0061325063
0.61900264
0.6151844
-0.61457134
-0.0087591865
0.008217622
-0.0088336928
0.61580052
0.0076686078
0.61653472
0.611658
-0.61094149
-0.011683675
0.010892235
-0.011532429
0.61229822
0.010187432
0.61427134
0.60836453
-0.60736872
-0.015885319
0.014500581
-0.015417236
0.6092811
0.012355959
0.55883018
0.61688373
-0.61653682
-0.018152907
0.017181861
-0.017586179
0.61728796
0.016701486
0.61665962
0.62141347
-0.62135276
-0.018700373
0.0181817
-0.018256302
0.62148815
0.018059312
0.62049831
0.62513032
-0.62541327
-0.018114934
0.017861741
-0.017694416
0.62496315
0.018056194
0.62417565
0.62776233
-0.6281302
-0.016861068
0.016835008
-0.016521538
0.62744904
0.017135584
0.62696825
0.62943887
-0.62980545
-0.015309782
0.015476584
-0.015075857
0.62903813
0.015805553
0.62873906
0.63020563
-0.63060061
-0.013694743
0.01388486
-0.013530595
0.62985131
0.014272347
0.62967222
0.6303286
-0.63074046
-0.012100131
0.012339477
-0.011965545
0.62995468
0.012741546
0.62995436
0.63007997
-0.63044187
-0.010636898
0.010895854
-0.010517421
0.62970155
0.011255332
0.62982703
0.62961938
-0.62994801
-0.0092426934
0.0094875758
-0.0091557169
0.62928752
0.0098265818
0.62939685
1.2570862
0.015493599
1.2559235
0.0085184511
1.2543049
-0.0029750189
0.0056013036
1.2544435
-0.0030128683
0.6272744
-0.62725907
-0.0030064898
0.0029497326
-0.0030874212
0.62741211
0.62684266
0.62784025
-0.62775839
-0.0032123459
-0.066035881
-0.0032192899
0.69709544
0.0021167238
0.63207089
0.62708552
-0.62699657
-0.0035525022
0.0034593906
-0.0035765345
0.62720268
0.0033940553
0.62737727
0.6261187
-0.62601572
-0.0039412478
0.0038703737
-0.0039754431
0.62622379
0.0037687791
0.62647779
0.62492698
-0.62480219
-0.0044040542
0.0042476681
-0.0044260577
0.62510539
0.0041513878
0.62536256
0.62343164
-0.62326348
-0.0050050538
0.0048937724
-0.0050651626
0.62360305
0.0047349661
0.6239889
0.62159983
-0.62136263
-0.0058353254
0.0056420647
-0.0058804988
0.62183827
0.0054490552
0.62223288
0.61948529
-0.61916435
-0.0070478847
0.0067459268
-0.0071384895
0.61987787
0.0064547753
0.62032109
0.61742017
-0.61689321
-0.008878717
0.0083596721
-0.0088666482
0.61792717
0.0079204269
0.61843062
0.61384341
-0.61338977
-0.011047133
0.010479679
-0.010891292
0.61425507
0.0099186805
0.61669192
0.61162468
-0.61090471
-0.014177746
0.013148669
-0.013826658
0.61230269
0.011419011
0.56632222
0.6183606
-0.61800234
-0.015954342
0.015127831
-0.015499615
0.61873248
0.014768016
0.61835846
0.62175785
-0.62165919
-0.016682252
0.016016639
-0.016074753
0.62181588
0.015976154
0.62081726
0.6245076
-0.62462403
-0.016351701
0.016116053
-0.015950643
0.62434207
0.016154701
0.62376512
0.62660723
-0.62680993
-0.015507968
0.015401513
-0.015170179
0.626376
0.015645813
0.62593159
0.62805041
-0.62834554
-0.014291938
0.014348432
-0.01399492
0.62769686
0.014611973
0.62746293
0.62874746
-0.62910818
-0.012911154
0.013046226
-0.012722556
0.62842376
0.01339423
0.62825774
0.62893066
-0.62926875
-0.011577916
0.011765465
-0.011413122
0.6285783
0.012092295
0.62859763
0.62869698
-0.62902283
-0.01022524
0.010440641
-0.01012299
0.62837931
0.010762005
0.6284606
0.62834951
-0.62865242
-0.0089743551
0.0091861405
-0.0088808351
0.6280442
0.0094963119
0.62812899
1.2548616
0.015109292
1.2537767
0.0082754573
1.2549222
-0.0030127505
0.0054104038
1.2553235
-0.0030496243
0.62771737
-0.6275966
-0.0031800496
0.0030159586
-0.0030821006
0.62778352
0.62718368
0.63030866
-0.63222037
-0.0012189519
0.0033863725
-0.003005125
0.62992743
0.0033281047
0.6286194
0.62746245
-0.62736626
-0.0036446721
0.0035653459
-0.0036643053
0.62756142
0.0034672787
0.62775162
0.62655408
-0.62644196
-0.0040679123
0.0039558033
-0.0040696559
0.62666795
0.0038713442
0.62690499
0.62545716
-0.62532094
-0.0045724113
0.0044687515
-0.0046069428
0.62559537
0.0043381919
0.62587297
0.62413005
-0.62395301
-0.0052146785
0.0050769919
-0.0052553429
0.62430841
0.0049100712
0.62464653
0.62255579
-0.62231728
-0.0060700748
0.005872978
-0.0061097754
0.6227926
0.0056514308
0.62316708
0.62087307
-0.62054724
-0.0072409618
0.0069436137
-0.0072637309
0.62119321
0.00664389
0.62157397
0.61929041
-0.61886128
-0.0088106856
0.0083682731
-0.00875387
0.61967603
0.0079846236
0.62004937
0.61522813
-0.61494518
-0.010444792
0.010024393
-0.010284258
0.615488
0.0096244559
0.61847048
0.61408631
-0.61352741
-0.01289805
0.012097441
-0.012631039
0.61461993
0.010649189
0.57251401
0.61966419
-0.61936286
-0.014328684
0.013692138
-0.013977402
0.61994946
0.013389427
0.61971544
0.62192815
-0.6217726
-0.015086681
0.014568102
-0.014598127
0.62195828
0.014411552
0.62135713
0.62411564
-0.62419081
-0.014889129
0.014600358
-0.014507426
0.62402256
0.014678745
0.62348762
0.62574834
-0.62591045
-0.01425306
0.014146375
-0.013946646
0.62554849
0.014304193
0.62521737
0.62690411
-0.62713715
-0.013302132
0.013315923
-0.013074015
0.62666222
0.013551155
0.62642068
0.62752118
-0.62781073
-0.012189482
0.012260666
-0.011982282
0.62724277
0.01255506
0.62710623
0.62765903
-0.62795587
-0.010991586
0.011136862
-0.010850866
0.62737301
0.011420713
0.62737701
0.62747748
-0.6277698
-0.0098116289
0.0099895292
-0.009704709
0.62719264
0.010276067
0.62726362
0.6271841
-0.62746134
-0.0086759779
0.0088572386
-0.0085779383
0.62690479
0.0091390803
0.62697417
1.2527803
0.014670932
1.2517719
0.0080060519
1.2555602
-0.0030441308
0.0057117908
1.2559693
-0.0030791757
0.62809816
-0.62797465
-0.0032443521
0.0030751167
-0.003144267
0.62816732
0.62761186
0.62877005
-0.62897515
-0.0032704849
0.0034866557
-0.0035200018
0.62880341
0.0033716011
0.62894026
0.6278635
-0.62776216
-0.003717533
0.0036307402
-0.0037326198
0.62796539
-0.062462125
0.6941356
0.62701814
-0.62690016
-0.0041636712
0.0040638651
-0.0041828548
0.62713715
0.0039493458
0.62735642
0.62601873
-0.62590131
-0.0046683583
0.0045731433
-0.0047164523
0.62616206
0.0044368284
0.62641132
0.62484559
-0.62466688
-0.0053497584
0.0051704229
-0.0053490887
0.62502427
0.0050016868
0.62532028
0.62349213
-0.62326138
-0.0061932095
0.0059811648
-0.0062093824
0.62372036
0.0057654383
0.62403992
0.62210889
-0.62181092
-0.0072800559
0.006981668
-0.007271733
0.62239895
0.0066832387
0.62273493
0.62083156
-0.62046998
-0.00862108
0.0082176838
-0.0085625682
0.62117646
0.0078872328
0.62147725
0.61608166
-0.61591148
-0.0098840065
0.0095678528
-0.0097221026
0.61623592
0.0092539729
0.61986806
0.61604185
-0.61559225
-0.011881716
0.011223752
-0.011653163
0.6164713
0.0099943272
0.57773448
0.62070626
-0.62046953
-0.013055963
0.012532305
-0.012758767
0.62093273
0.012295586
0.62076164
0.62218896
-0.62213811
-0.013571442
0.013202858
-0.013278449
0.62226454
0.013081315
0.62189324
0.62387116
-0.62393029
-0.013602028
0.013411482
-0.013365158
0.62382481
0.01336853
0.6234945
0.62508633
-0.62525517
-0.013173284
0.013034955
-0.012899408
0.6249507
0.013173413
0.62469489
0.62597758
-0.62618642
-0.012386981
0.012374675
-0.01217573
0.6257786
0.012565195
0.62559788
0.62647132
-0.62671804
-0.011450893
0.011515503
-0.011278516
0.62623431
0.011743156
0.62613638
0.62657154
-0.62683001
-0.010431925
0.010544361
-0.010293893
0.62632105
0.01079344
0.62632942
0.6263845
-0.6266464
-0.0093834165
0.0095299023
-0.0092747217
0.6261293
0.0097853847
0.62619664
0.62612021
-0.62637289
-0.0083562625
0.0085103032
-0.0082558168
0.62586571
0.0087653762
0.62592788
1.2508396
0.014193305
1.2499041
0.0077196822
1.2564656
-0.0030680223
0.005748282
1.2566283
-0.0031009501
0.62848933
-0.62833851
-0.0032996866
0.0031260622
-0.0031721458
0.62853542
0.62787268
0.62921868
-0.62909495
-0.0036633308
0.003574022
-0.0039614368
0.62960611
0.003428987
0.62935832
0.62827996
-0.62817444
-0.0037705025
0.0036741609
-0.0037802896
0.6283861
0.0035701562
0.62855106
0.62749869
-0.62737759
-0.004229146
0.0041194052
-0.0042408919
0.62762019
0.0040023245
0.62782169
0.62659476
-0.62645032
-0.0047693773
0.0046374174
-0.0047817692
0.62673912
0.0044992982
0.62696218
0.62555502
-0.62537924
-0.0054224052
0.0052570408
-0.0054313656
0.62572935
0.0050908974
0.62598991
0.62438291
-0.62416563
-0.0062276775
0.006011319
-0.0062245608
0.62459617
0.0058077753
0.62487275
0.62321938
-0.62295493
-0.0072100051
0.0069244664
-0.0071807046
0.62347564
0.0066810502
0.6237538
0.62213028
-0.62182489
-0.0083701324
0.008005066
-0.0082960336
0.62242125
0.0077224499
0.6226777
0.61657317
-0.61647867
-0.0093554815
0.0091123632
-0.0091974111
0.6166582
0.0088720706
0.62098168
0.61762472
-0.61725907
-0.011022427
0.010467787
-0.010817884
0.61797482
0.0094093274
0.58221367
0.62154763
-0.62135195
-0.011993787
0.011566113
-0.011750865
0.62173238
0.011352855
0.62170188
0.62256985
-0.62247514
-0.012484622
0.012136417
-0.012223685
0.62265709
0.012026803
0.62235151
0.62372106
-0.62376703
-0.012529761
0.012367772
-0.012304819
0.62365804
0.012384798
0.6235026
0.62458631
-0.62470112
-0.012189845
0.012073142
-0.011965505
0.62447853
0.012161792
0.62430329
0.62523326
-0.62540701
-0.011568733
0.011541425
-0.011374965
0.62506673
0.011697326
0.62492489
0.62557817
-0.62578817
-0.010776741
0.010816417
-0.01061365
0.62537537
0.0110106
0.6253109
0.62561367
-0.62584239
-0.0098861128
0.009974461
-0.0097525318
0.62539173
0.010193315
0.62541127
0.62540508
-0.62563983
-0.0089515553
0.0090722363
-0.0088434716
0.6251763
0.0093004547
0.62524428
0.62515182
-0.62538165
-0.0080231787
0.0081537352
-0.0079223129
0.62492038
0.0083845379
0.62498146
1.2490346
0.013688263
1.2481689
0.0074224582
1.2568781
-0.0030836978
0.0055184758
1.2575473
-0.003114064
0.62886227
-0.62871
-0.003345258
0.003142897
-0.0032154132
0.62893478
0.6284417
0.63337209
-0.63132136
-0.0058845733
0.0042848742
-0.068698506
0.69778571
0.0035301813
0.63076843
0.62870523
-0.62859865
-0.0038027037
0.0037010626
-0.0038076937
0.62881186
0.0035972363
0.62896468
0.62798567
-0.62786382
-0.0042655388
0.004148662
-0.0042703615
0.62810738
0.0040311871
0.6282916
0.62716963
-0.62702676
-0.004804086
0.0046648018
-0.0048068034
0.62731164
0.0045280628
0.6275121
0.62624167
-0.62607287
-0.0054384674
0.0052680639
-0.0054346758
0.62640829
0.0051079544
0.62664029
0.6252103
-0.62501
-0.0061915843
0.0059778418
-0.0061736941
0.62540616
0.0057891483
0.62565019
0.62419365
-0.62396258
-0.0070682506
0.0068018721
-0.0070252016
0.62441698
0.0065866191
0.62465578
0.62323159
-0.62297182
-0.0080708663
0.0077412709
-0.0079903919
0.62348071
0.007498172
0.62370793
0.61681784
-0.61677873
-0.0088592714
0.008668501
-0.0087041956
0.61685355
0.0084780238
0.62187457
0.61891813
-0.61861791
-0.010265806
0.0097999573
-0.01008298
0.61920114
0.0088795473
0.58609674
0.62223977
-0.62207784
-0.01107517
0.010705365
-0.010860609
0.62239495
0.010522339
0.62247572
0.62290152
-0.62281634
-0.011504115
0.011197184
-0.011280001
0.62298427
0.011095674
0.62275878
0.62365909
-0.623607
-0.011561741
0.011312568
-0.011336175
0.62368256
0.011301569
0.62350746
0.62418952
-0.62428084
-0.011326288
0.011208148
-0.011122903
0.62410418
0.011275537
0.6240053
0.62460715
-0.62475381
-0.010817209
0.010778953
-0.010637974
0.62446612
0.010907148
0.62437258
0.62481192
-0.62499264
-0.010140077
0.010160954
-0.0099864458
0.62463739
0.01032734
0.62460523
0.62476579
-0.62496797
-0.009359269
0.0094266202
-0.0092306599
0.62456981
0.0096189478
0.62460349
0.62452668
-0.62473731
-0.0085244391
0.008623829
-0.0084185083
0.62432134
0.0088280311
0.62439262
0.62427116
-0.62448026
-0.0076838735
0.0077946726
-0.0075843236
0.6240608
0.0080040945
0.62412371
1.2473594
0.013165369
1.2465585
0.0071186604
1.2578008
-0.0030908164
0.0057781797
1.258218
-0.0031184444
0.62926409
-0.62911103
-0.0033553628
0.0031757033
-0.0032237435
0.62931213
0.6288121
0.69625442
-0.69686957
-0.0034080831
0.0057238935
-0.0034059244
0.69393646
0.0037275643
0.63396218
0.62913152
-0.62902508
-0.0038157555
0.0037099567
-0.0038161869
0.62923776
0.0036065339
0.62937908
0.62847044
-0.62834989
-0.0042753189
0.004154019
-0.0042739678
0.62859039
0.0040378987
0.6287586
0.62773102
-0.62759248
-0.0048020296
0.0046593033
-0.0047964275
0.62786814
0.0045264452
0.62804999
0.62689394
-0.62673455
-0.0054071572
0.0052363175
-0.0053931428
0.62705076
0.0050846121
0.62726021
0.62596748
-0.62578472
-0.0061035499
0.0058968878
-0.0060754569
0.62614605
0.0057232936
0.62636696
0.62504476
-0.62484217
-0.0068857073
0.0066399569
-0.0068364399
0.62524124
0.0064479688
0.62545713
0.62417335
-0.62395158
-0.0077486109
0.0074538263
-0.0076667473
0.62438626
0.0072453457
0.62459257
0.61687643
-0.61687123
-0.0083660776
0.0082416277
-0.0082287772
0.61686356
0.008080873
0.62261034
0.61996382
-0.61972072
-0.0095754857
0.009187045
-0.009415035
0.62019177
0.0083847238
0.5894727
0.62282958
-0.62268946
-0.010249909
0.0099200829
-0.010056303
0.6229657
0.0097679952
0.62312732
0.62327952
-0.62317839
-0.010686852
0.010388609
-0.010483042
0.62337381
0.010282443
0.62318649
0.62360142
-0.62361465
-0.010771154
0.01058647
-0.010573598
0.62358828
0.010573582
0.62355677
0.62386881
-0.62394345
-0.010538839
0.010422479
-0.010351309
0.62379762
0.010479849
0.62375508
0.62407799
-0.62420203
-0.01011991
0.010071596
-0.0099532615
0.62395963
0.010177374
0.62391749
0.62415141
-0.62430715
-0.0095382458
0.0095433043
-0.0093924457
0.62400053
0.0096866467
0.6239978
0.62401745
-0.62419582
-0.0088524532
0.0089016708
-0.0087287985
0.62384456
0.0090705286
0.6238936
0.62373795
-0.62392715
-0.0081069353
0.0081882869
-0.0080038335
0.62355348
0.008370954
0.62363054
0.62346966
-0.62366024
-0.0073441428
0.0074383888
-0.0072468677
0.62327813
0.0076289878
0.62334379
1.245806
0.012632864
1.2450656
0.0068132152
1.2584727
-0.0030893932
0.0057710205
1.2588877
-0.0031143988
0.62964181
-0.629514
-0.0033554559
0.0031740166
-0.0032472689
0.62971506
0.62920844
0.63006095
-0.62996468
-0.0034049471
0.0033094932
-0.0034032648
0.63015472
0.0039025964
0.69572248
0.62955443
-0.62944929
-0.0038110504
0.0037026447
-0.0038072939
0.62965908
0.0036004439
0.62978998
0.62894574
-0.62882814
-0.0042616377
0.0041382764
-0.0042549446
0.62906241
0.0040248676
0.62921665
0.62827024
-0.62813785
-0.0047690551
0.0046260531
-0.0047567231
0.62840091
0.0044987687
0.62856788
0.62750544
-0.62735658
-0.0053390837
0.0051713754
-0.0053175597
0.62765163
0.0050291725
0.62784342
0.62665769
-0.6264911
-0.0059799152
0.0057819823
-0.0059447962
0.62682051
0.0056227908
0.6270251
0.62579726
-0.62561725
-0.0066824404
0.0064540399
-0.0066290668
0.62597228
0.0062814372
0.62617576
0.62497829
-0.62478853
-0.0074258073
0.0071634595
-0.007345648
0.62516046
0.0069841248
0.62535176
0.61679287
-0.61682516
-0.0079079463
0.0078383946
-0.0077996207
0.61675408
0.0077025212
0.62320029
0.62080853
-0.62061309
-0.0089589751
0.0086310932
-0.008817409
0.62099482
0.0079229162
0.59243988
0.62335122
-0.62322694
-0.0095073155
0.0092168059
-0.0093360698
0.6234704
0.0090945431
0.62365983
0.62360593
-0.62353915
-0.0098799029
0.0096325435
-0.0096980792
0.62367142
0.0095459587
0.62356395
0.62353911
-0.62353055
-0.0099754298
0.0098283368
-0.0097552628
0.62346639
0.0098193304
0.62358863
0.62361321
-0.62366953
-0.0098085799
0.0096881483
-0.0096357053
0.62356082
0.0097248139
0.6235746
0.62363461
-0.62373853
-0.0094682546
0.0094109203
-0.0093122564
0.62353596
0.0094981669
0.62354208
0.6235781
-0.62371414
-0.0089669743
0.0089605247
-0.0088290234
0.62344658
0.0090851723
0.62347181
0.6233572
-0.62351463
-0.0083652814
0.0083991004
-0.008246521
0.6232046
0.0085472058
0.62327104
0.62302944
-0.62319937
-0.0077009228
0.0077664535
-0.0076008574
0.62286383
0.0079294947
0.62294967
0.6227388
-0.62291288
-0.0070081511
0.0070884577
-0.0069138173
0.62256415
0.0072619745
0.62263371
1.2443654
0.012097899
1.2436799
0.0065098738
1.259142
-0.0030796094
0.0057495163
1.2598048
-0.0033540092
0.63012592
-0.62997225
-0.003372583
0.0031635309
-0.0032102891
0.63017269
0.6296282
0.63044019
-0.63034544
-0.0033920024
0.0032924871
-0.0033868378
0.63053454
0.0032007737
0.63063319
0.6299696
-0.62986672
-0.0037902855
0.0036805967
-0.0037828052
0.6300718
0.0035805148
0.63019376
0.62940623
-0.62929272
-0.0042278351
0.0041042475
-0.0042166237
0.62951861
0.0039944947
0.62966136
0.62878228
-0.62865698
-0.0047115281
0.004570527
-0.0046940052
0.62890576
0.0044497353
0.62906096
0.62807411
-0.62793598
-0.0052446066
0.0050823725
-0.0052178916
0.62820963
0.0049498206
0.62838803
0.6272868
-0.62713505
-0.0058317401
0.0056437297
-0.0057919053
0.62743497
0.0054984361
0.62762694
0.62646918
-0.62630814
-0.0064639397
0.0062506835
-0.0064073206
0.62662581
0.0060955387
0.62682206
0.62566717
-0.62550458
-0.0071103912
0.0068755891
-0.0070314219
0.62582299
0.006719923
0.62600865
0.61659449
-0.61665473
-0.0074802564
0.007441968
-0.0073786641
0.61653116
0.0073352774
0.62366799
0.62150983
-0.62134466
-0.0084125179
0.0081275273
-0.0082867293
0.62166902
0.007494851
0.59508009
0.62379543
-0.62369293
-0.0088566765
0.0086119674
-0.0087087481
0.6238922
0.0085154689
0.62408357
0.62382776
-0.62377985
-0.009165706
0.008959945
-0.0090062205
0.62387407
0.0088890301
0.62386542
0.62348067
-0.62345969
-0.009258774
0.0091226604
-0.0091419382
0.62349991
0.0090585286
0.62362027
0.62342248
-0.62346872
-0.0091425765
0.0090316715
-0.0089858546
0.62337665
0.0090668558
0.62344575
0.62326589
-0.62335212
-0.0088598093
0.0087969022
-0.008714265
0.62318325
0.0088698977
0.62323075
0.6230777
-0.62319659
-0.0084270064
0.0084119332
-0.0082969958
0.62296274
0.0085203055
0.62301463
0.62277436
-0.62291337
-0.0078982333
0.0079195693
-0.0077848589
0.62263963
0.0080499184
0.62272386
0.62239378
-0.62254614
-0.0073072085
0.0073588555
-0.0072104513
0.62224536
0.007504138
0.62234267
0.62207168
-0.62223072
-0.006678873
0.0067470971
-0.0065878883
0.62191246
0.0069047255
0.6219881
1.2430283
0.011566597
1.2423934
0.0062119962
1.2600572
-0.0030620431
0.0057147778
1.2604616
-0.0030815648
0.63052223
-0.63037156
-0.0033523195
0.0031445233
-0.0032437178
0.63062142
0.6297917
0.63081418
-0.63072157
-0.0033670121
0.0032669229
-0.0033591074
0.63090637
0.0031776083
0.6309968
0.63037403
-0.63027406
-0.0037553093
0.0036454101
-0.003744572
0.63047318
0.0035481258
0.63058722
0.62984859
-0.62973983
-0.0041770905
0.0040545759
-0.0041621012
0.62995612
0.0039490955
0.63008983
0.62926524
-0.62914725
-0.0046352441
0.0044976153
-0.0046138062
0.62938142
0.004383592
0.62952722
0.62860074
-0.62847292
-0.0051321024
0.0049765365
-0.0051018905
0.62872609
0.0048532678
0.62889487
0.62785822
-0.62772068
-0.0056677885
0.0054911184
-0.005625214
0.62799231
0.0053590638
0.62817473
0.62707018
-0.62692629
-0.006234544
0.0060363998
-0.0061761438
0.62720992
0.0058976222
0.62740136
0.6262587
-0.62611837
-0.0068012392
0.0065890183
-0.0067235768
0.62639325
0.0064533133
0.62658054
0.61630593
-0.61638702
-0.0070772217
0.0070626851
-0.0069802396
0.61622346
0.006982854
0.62402529
0.62211783
-0.62197265
-0.0079209176
0.0076658099
-0.0078064255
0.62225844
0.0070978292
0.59744652
0.62414502
-0.62406717
-0.008288881
0.0080848819
-0.0081570138
0.62421717
0.0080084003
0.62441863
0.62402728
-0.62397134
-0.0085699338
0.0083719848
-0.008425749
0.62408107
0.0083057446
0.62413634
0.62356416
-0.62352377
-0.0086631949
0.0084500356
-0.0084777361
0.62359172
0.0084447928
0.62364725
0.62325013
-0.62329154
-0.0085367836
0.0084317414
-0.0083930712
0.6232114
0.0084635116
0.6233181
0.62295462
-0.62302791
-0.0082944752
0.0082305735
-0.0081601703
0.6228842
0.0082928415
0.62296601
0.62264018
-0.62274417
-0.0079201013
0.0078994518
-0.0077989387
0.62253964
0.0079935856
0.62261735
0.62225953
-0.62238243
-0.0074540258
0.0074661883
-0.0073469623
0.62214029
0.0075813241
0.6222412
0.62182423
-0.62196076
-0.006927332
0.0069674882
-0.0068344563
0.62169118
0.0070972472
0.6218012
0.62146312
-0.6216083
-0.0063582934
0.0064159168
-0.0062708777
0.62131806
0.0065589165
0.62140226
1.2417861
0.011043583
1.2411968
0.0059210553
1.2607115
-0.0030372355
0.0056669691
1.2611084
-0.0030541662
0.6321325
-0.63158996
-0.0037202301
0.0031178387
-0.0032390262
0.63225368
0.63030865
0.63117857
-0.63108869
-0.0033317255
0.0032316898
-0.003321281
0.63126816
0.0031429174
0.63135489
0.63076553
-0.63066897
-0.0037079977
0.0035988318
-0.0036944882
0.63086118
0.0035047807
0.63096833
0.63027106
-0.63016738
-0.0041122401
0.003991751
-0.0040941472
0.63037346
0.0038909377
0.63050016
0.62971938
-0.62960848
-0.0045448493
0.0044112924
-0.0045204809
0.62982856
0.0043038697
0.62996674
0.62908767
-0.62896953
-0.0050073621
0.0048588772
-0.0049747221
0.62920351
0.0047443764
0.62936586
0.6283744
-0.62825035
-0.0054951478
0.0053303412
-0.0054512269
0.62849528
0.0052104604
0.62867211
0.62760534
-0.62747742
-0.0060007642
0.0058182787
-0.0059424941
0.62772954
0.0056948714
0.62791758
0.62677379
-0.62665048
-0.0065015167
0.0063087637
-0.006427462
0.62689248
0.0061889963
0.62708234
0.61592787
-0.61603588
-0.0066899219
0.0067094746
-0.0065986252
0.615817
0.0066510541
0.62428772
0.62265807
-0.62252862
-0.0074708256
0.0072409964
-0.0073652553
0.62278232
0.0067291273
0.59957648
0.62439795
-0.62434291
-0.0077750136
0.0076025899
-0.0076543776
0.62444974
0.0075421168
0.62468761
0.62424582
-0.62419897
-0.0079964273
0.0078199412
-0.0078693924
0.62429522
0.0077623631
0.62437734
0.62356398
-0.6235733
-0.0080949425
0.007939027
-0.0079391524
0.62356395
0.0079391859
0.62370764
0.6231061
-0.62313993
-0.0079820652
0.0078803405
-0.0078508527
0.62307657
0.0079080371
0.62320124
0.62268816
-0.62275122
-0.0077748628
0.0077130882
-0.0076523204
0.62262737
0.0077663315
0.62273986
0.62225731
-0.6223484
-0.0074496084
0.0074260578
-0.0073379103
0.62216914
0.0075081649
0.62227155
0.62180254
-0.62191201
-0.0070363304
0.007042868
-0.0069363723
0.62169602
0.0071452123
0.62181339
0.62131295
-0.62143573
-0.0065638884
0.0065954339
-0.0064755931
0.62119308
0.0067121866
0.62131555
0.62090806
-0.62104065
-0.0060479848
0.0060966715
-0.0059643796
0.62077575
0.0062265925
0.62087049
1.2406308
0.010533227
1.2400833
0.0056388555
1.2613538
-0.0030057837
0.0056080907
1.2617414
-0.0030200736
0.6325434
-0.63239512
-0.0032922043
0.0030846112
-0.0031506833
0.63260946
0.63073626
0.63153209
-0.63144493
-0.0032872897
0.0031881181
-0.0032749012
0.63161887
0.0031022887
0.63170176
0.6311425
-0.63104969
-0.0036502844
0.0035426467
-0.0036344924
0.63123434
0.0034521041
0.63133581
0.63067281
-0.63057434
-0.0040359435
0.0039182426
-0.0040154082
0.63076997
0.0038223085
0.63089123
0.63014609
-0.6300419
-0.004443925
0.0043148146
-0.0044173896
0.63024866
0.0042136366
0.63038073
0.62953751
-0.6294284
-0.0048740675
0.004732774
-0.0048397436
0.62964447
0.0046265477
0.62980302
0.6288399
-0.62872792
-0.0053186449
0.005165092
-0.005274355
0.62894915
0.005056021
0.62912416
0.62808151
-0.62796749
-0.0057702172
0.0056028997
-0.0057138186
0.62819241
0.0054929299
0.62837687
0.6272315
-0.62712125
-0.0062181232
0.0060425863
-0.0061492225
0.62733813
0.0059347521
0.62753069
0.6154328
-0.615569
-0.0063271148
0.0063825667
-0.0062443308
0.61529455
0.0063436145
0.62447084
0.62312685
-0.62301658
-0.0070525818
0.0068510318
-0.0069555623
0.62323138
0.0063885427
0.60149875
0.6245803
-0.62454021
-0.0073084372
0.0071612692
-0.0071995632
0.62461861
0.0071101939
0.62490471
0.62444322
-0.62439134
-0.0074901881
0.0073192833
-0.0073611028
0.62448503
0.007272833
0.62456943
0.62353799
-0.62352775
-0.0075322302
0.0074533876
-0.0074352186
0.6235199
0.0074114708
0.6237876
0.62300243
-0.62302475
-0.007479212
0.0073898875
-0.0073645856
0.62297708
0.0074096213
0.62313713
0.62245668
-0.62251183
-0.0073022587
0.0072446964
-0.0071912291
0.62240318
0.0072912062
0.62254447
0.62192058
-0.62200094
-0.007016985
0.0069925449
-0.0069145988
0.62184261
0.0070648162
0.62196829
0.62139255
-0.62149119
-0.0066474824
0.0066510016
-0.0065547631
0.62129628
0.0067430224
0.62143051
0.62085092
-0.62096225
-0.006219425
0.0062450842
-0.0061361512
0.62074196
0.0063512411
0.62087579
0.62040084
-0.62052224
-0.0057495634
0.0057910185
-0.0056699435
0.62027975
0.0059096081
0.62038613
1.2395542
0.010038904
1.2390438
0.0053668863
1.261983
-0.0029693609
0.005539114
1.2626118
-0.0029797196
0.63286712
-0.63274628
-0.0032258609
0.0030447785
-0.003108524
0.63293086
0.6311549
0.63187416
-0.63178992
-0.0032352281
0.003137393
-0.0032212043
0.63195796
0.0030546849
0.63203704
0.63150395
-0.63141508
-0.0035840758
0.0034785897
-0.003566466
0.63159182
0.0033917331
0.63168881
0.63105366
-0.6309604
-0.0039507837
0.0038364393
-0.0039284239
0.63114564
0.0037454174
0.63126266
0.63054685
-0.63044903
-0.0043352531
0.0042108605
-0.0043071388
0.63064312
0.0041155985
0.63077059
0.62995291
-0.62985213
-0.0047350254
0.0046008119
-0.0046996565
0.63005174
0.0045023068
0.63020842
0.62926175
-0.62915996
-0.0051418171
0.004998317
-0.0050978465
0.62936127
0.0048985788
0.62953667
0.6285078
-0.62840544
-0.0055484255
0.0053947797
-0.0054945085
0.62860752
0.0052958114
0.62878856
0.62764235
-0.62754376
-0.005951429
0.005791169
-0.0058872365
0.62773841
0.0056934884
0.62793626
0.61484288
-0.61499705
-0.0059931144
0.0060783464
-0.0059159956
0.61468052
0.0060577682
0.62457952
0.62351958
-0.6234278
-0.0066705635
0.0064950323
-0.0065819404
0.62360648
0.0060747384
0.60324135
0.62473126
-0.62469362
-0.0068905742
0.0067541925
-0.0067928372
0.6247699
0.0067079588
0.62509796
0.6246157
-0.62457099
-0.0070382855
0.0068964719
-0.0069330528
0.6246523
0.006851263
0.62474212
0.62354509
-0.62353946
-0.0070793501
0.0069917379
-0.0069756496
0.62352896
0.0069771242
0.62380978
0.62290092
-0.6229262
-0.0070333107
0.0069523236
-0.0069279113
0.62287647
0.0069782319
0.62304383
0.62225147
-0.62230067
-0.006873513
0.0068200694
-0.0067722839
0.62220366
0.0068615982
0.6223708
0.62162181
-0.62169333
-0.0066201983
0.006595544
-0.0065260293
0.62155226
0.0066597803
0.62169969
0.62102069
-0.62111046
-0.0062867559
0.0062883482
-0.0062005815
0.62093289
0.0063720382
0.62108372
0.6204294
-0.62053135
-0.0058950182
0.0059166903
-0.0058167123
0.6203294
0.0060141454
0.62047347
0.61993552
-0.62004715
-0.0054640948
0.0054997771
-0.0053884169
0.61982415
0.0056087575
0.61994224
1.2385489
0.0095628193
1.2380727
0.005105961
1.2628457
-0.0029251365
0.0054609464
1.2632125
-0.0029368688
0.63320549
-0.63308869
-0.0031775956
0.0030257993
-0.0030366183
0.6332163
0.63131475
0.63220406
-0.63212296
-0.0031768304
0.0030806695
-0.0031614686
0.63228485
0.0030014107
0.63236033
0.63184943
-0.63176457
-0.003511123
0.0034082579
-0.0034921142
0.63193328
0.0033251758
0.63202686
0.631414
-0.6313258
-0.0038590688
0.0037484395
-0.0038354045
0.63150096
0.0036622259
0.63161468
0.63092278
-0.63083108
-0.004220963
0.0041015201
-0.0041917194
0.63101297
0.0040119598
0.63113735
0.63033707
-0.63024378
-0.0045925535
0.0044650364
-0.0045565917
0.63042861
0.0043736169
0.63058451
0.62964703
-0.62955384
-0.0049665654
0.004831753
-0.0049229713
0.62973825
0.0047401557
0.62991499
0.62889156
-0.62879931
-0.0053357359
0.0051936755
-0.0052835393
0.62898141
0.0051038274
0.62916119
0.62800909
-0.62792193
-0.0056960449
0.0055490448
-0.0056340828
0.62809411
0.0054616581
0.62830098
0.61418269
-0.61434889
-0.005686996
0.0057899554
-0.0056103256
0.61400304
0.0057802776
0.62462815
0.62384448
-0.62376906
-0.006322497
0.0061681486
-0.006241129
0.62391744
0.0057842749
0.60482969
0.62488733
-0.62484819
-0.0065087314
0.0063792254
-0.0064186881
0.62492673
0.0063381704
0.62527145
0.62477169
-0.62473416
-0.0066224777
0.0065005548
-0.0065470321
0.6248181
0.0064671002
0.62487691
0.62357588
-0.62355531
-0.0066891893
0.0066164332
-0.0065990888
0.62355854
0.0066117428
0.62381405
0.6228063
-0.62282781
-0.0066179907
0.0065331987
-0.006518457
0.62279157
0.0065575728
0.62296102
0.62206824
-0.62211209
-0.0064806431
0.0064297209
-0.006387146
0.62202565
0.0064660998
0.62221763
0.62135477
-0.62141883
-0.0062539476
0.0062287522
-0.0061664049
0.62129239
0.0062862281
0.62145988
0.62068077
-0.620763
-0.0059506221
0.0059503811
-0.0058699054
0.62060027
0.0060269899
0.6207669
0.62004142
-0.6201355
-0.0055898152
0.0056084329
-0.0055160302
0.61994899
0.0056983968
0.62010273
0.61950657
-0.61960968
-0.0051917989
0.0052228313
-0.0051199093
0.61940363
0.0053236278
0.61953265
1.2376085
0.0091059568
1.237163
0.0048563578
1.2634394
-0.0028798398
0.0053752759
1.2637944
-0.0028860971
0.63251146
-0.6329512
-0.0025179016
0.0029491994
-0.0027928435
0.6323551
0.63160812
0.63252159
-0.63244367
-0.0031133816
0.0030188598
-0.0030969517
0.63259968
0.0029416753
0.63267163
0.63217888
-0.632098
-0.0034329742
0.003333076
-0.0034129413
0.63225873
0.0032537949
0.63234984
0.63175457
-0.63167124
-0.0037626929
0.0036559973
-0.0037381512
0.63183671
0.0035744135
0.6319479
0.63127468
-0.63118892
-0.0041027288
0.0039884371
-0.0040727386
0.63135897
0.0039044423
0.63148168
0.6306931
-0.63060661
-0.0044481148
0.004326935
-0.0044118071
0.63077796
0.0042420583
0.63093366
0.63000024
-0.62991483
-0.004792292
0.0046651882
-0.0047487215
0.63008377
0.0045811577
0.63026235
0.62923739
-0.62915424
-0.005128444
0.0049960013
-0.0050770281
0.62931841
0.0049142112
0.62950018
0.62833236
-0.62825527
-0.005448606
0.0053128088
-0.0053870702
0.62840661
0.0052357635
0.62862439
0.61349031
-0.61365427
-0.0054006776
0.0055005771
-0.005326861
0.61331657
0.0055081858
0.62463327
0.62411757
-0.62405372
-0.0060037443
0.0058649608
-0.0059280828
0.62418068
0.0055135451
0.60628261
0.62504367
-0.62500454
-0.0061594853
0.0060388267
-0.006077719
0.62508254
0.0060038964
0.62542057
0.62487584
-0.62487509
-0.0062048553
0.0061520063
-0.0061459153
0.62486963
0.0061274617
0.62492352
0.62358509
-0.62356673
-0.0062593013
0.006198734
-0.0061682959
0.62355467
0.0061978889
0.62383857
0.62275888
-0.62276611
-0.0062387856
0.0061720461
-0.0061525092
0.62273935
0.0061698591
0.62296548
0.62190414
-0.62194373
-0.0061164883
0.0060681432
-0.006029356
0.62186534
0.0061016267
0.62208036
0.62111473
-0.62117246
-0.0059120193
0.0058860468
-0.0058297451
0.6210584
0.0059378189
0.62124444
0.62036885
-0.62044435
-0.0056348521
0.0056325593
-0.0055586751
0.62029494
0.0057027512
0.6204766
0.61968231
-0.6197695
-0.0053018148
0.0053176877
-0.0052320165
0.61959661
0.0054008485
0.61976011
0.61910952
-0.6192051
-0.0049324281
0.0049595777
-0.00486418
0.61901411
0.0050531956
0.61915278
1.2367279
0.0086687142
1.2363113
0.0046180462
1.2642656
-0.0028277897
0.0052830052
1.2646093
-0.0028356755
0.63261354
-0.63247326
-0.0030992094
0.0028979876
-0.0029273161
0.63264285
0.63195148
0.63282673
-0.6327524
-0.0030456622
0.0029538267
-0.0030289991
0.6329019
0.0028790152
0.63297107
0.63249254
-0.63241556
-0.0033509801
0.0032542722
-0.0033302479
0.6325685
0.0031787683
0.63265783
0.63207623
-0.63199753
-0.0036631964
0.0035605729
-0.0036381313
0.63215378
0.003483405
0.63226314
0.63160331
-0.63152328
-0.0039820595
0.0038730653
-0.0039516954
0.63168193
0.0037944827
0.63180412
0.63102289
-0.63094285
-0.0043026474
0.0041877931
-0.004266263
0.63110135
0.0041091033
0.63125757
0.6303232
-0.63024524
-0.0046180666
0.0044984643
-0.0045746383
0.63039937
0.0044217632
0.63058004
0.62954986
-0.62947456
-0.0049241429
0.0048000781
-0.0048735919
0.62962337
0.0047255829
0.62980886
0.628619
-0.62855034
-0.0052109781
0.0050856064
-0.0051511876
0.62868457
0.0050164569
0.62891297
0.61277806
-0.61295376
-0.0051397392
0.0052442377
-0.0050690132
0.61260282
0.0052545598
0.62460056
0.6243559
-0.62429954
-0.0057065378
0.005579355
-0.0056358209
0.62441235
0.0052598228
0.60760784
0.62519872
-0.62516041
-0.0058427845
0.0057298544
-0.005766395
0.62523528
0.0056993936
0.62554925
0.62488122
-0.62487834
-0.0059415071
0.005869342
-0.0058593353
0.62487139
0.005827355
0.62504737
0.62355649
-0.62355151
-0.005915125
0.0058587535
-0.0058522298
0.62354998
0.005859612
0.6238736
0.62268418
-0.62270279
-0.0058990554
0.0058367035
-0.0058163215
0.62266376
0.0058577641
0.62291323
0.62175309
-0.62178987
-0.005776115
0.0057303462
-0.0056942666
0.621717
0.0057622718
0.62195032
0.6208973
-0.62094978
-0.0055899604
0.0055635758
-0.005512296
0.620846
0.0056105718
0.62104942
0.62008261
-0.62015187
-0.0053364003
0.0053320258
-0.0052642913
0.62001486
0.005396224
0.62021088
0.61934928
-0.61943015
-0.0050290831
0.0050423523
-0.0049629046
0.61926981
0.0051191722
0.61944352
0.61874118
-0.61882992
-0.0046856212
0.0047094314
-0.0046208708
0.6186526
0.0047965328
0.61879953
1.2359029
0.008251016
1.2355127
0.0043908365
1.2648236
-0.0027745917
0.0051854871
1.2651558
-0.0027791166
0.63289785
-0.63278687
-0.0030138307
0.0028422074
-0.0028146041
0.63287023
0.63228089
0.63311868
-0.63304822
-0.0029744789
0.0028870734
-0.0029584491
0.63319005
-0.050895403
0.6869689
0.63279087
-0.63271767
-0.0032662483
0.0031728376
-0.0032450822
0.6328631
0.0031009954
0.63295124
0.63237985
-0.63230557
-0.0035617962
0.0034633022
-0.0035364832
0.63245302
0.0033903257
0.6325613
0.63190973
-0.63183512
-0.0038604206
0.0037567353
-0.0038300243
0.63198301
0.0036833084
0.63210556
0.63132742
-0.6312536
-0.0041574688
0.0040490962
-0.0041214362
0.63139975
0.0039762661
0.6315575
0.6306175
-0.63054648
-0.0044455129
0.0043336463
-0.0044030778
0.63068692
0.0042637416
0.63086959
0.62983396
-0.62976538
-0.0047244802
0.0046086668
-0.0046756635
0.62990094
0.0045407193
0.63009025
0.62887312
-0.6288117
-0.0049827699
0.0048670781
-0.0049260994
0.62893213
0.0048051085
0.62917188
0.61207543
-0.61225021
-0.0048941313
0.0050035577
-0.0048268581
0.61189872
0.005018497
0.62454825
0.6245713
-0.62452
-0.0054250556
0.0053073534
-0.0053585188
0.62462245
0.0050180765
0.60880883
0.62533369
-0.62530367
-0.0055425988
0.0054425968
-0.0054714676
0.62536254
0.0054159032
0.62566296
0.62487997
-0.62487376
-0.0056490538
0.0055534243
-0.0055614287
0.62488809
0.0055184376
0.625194
0.6235506
-0.62354064
-0.0056562285
0.0055868094
-0.0055892017
0.62355306
0.0055693824
0.62387166
0.62259383
-0.62261758
-0.0055750208
0.0055181981
-0.005494644
0.62257027
0.0055425122
0.62280437
0.62161288
-0.62164689
-0.0054563027
0.0054126526
-0.0053794615
0.62157969
0.0054423598
0.6218276
0.62069874
-0.62074681
-0.0052861655
0.0052601272
-0.0052130881
0.6206517
0.0053030803
0.62087164
0.61982032
-0.61988377
-0.0050540141
0.0050479692
-0.0049858994
0.61975823
0.0051066654
0.61996796
0.61904054
-0.61911549
-0.004770506
0.004781433
-0.0047078107
0.6189669
0.0048523801
0.61915114
0.61839899
-0.61848149
-0.0044510806
0.0044720644
-0.0043897312
0.61831664
0.0045531403
0.61847079
1.2351301
0.0078527349
1.2347651
0.0041746026
1.2653613
-0.0027206928
0.0050836995
1.2656822
-0.0027221456
0.63314173
-0.63300588
-0.0029548225
0.0027586503
-0.0028077562
0.63319082
0.63255077
0.63339853
-0.6333296
-0.0029006369
0.002818592
-0.0028864302
0.63346637
0.0026539276
0.68878195
0.63307445
-0.63300492
-0.0031796095
0.0030895408
-0.0031582526
0.63314314
0.0030211419
0.63323072
0.63266634
-0.63259625
-0.003459353
0.0033649731
-0.0034339966
0.63273535
0.0032959792
0.63284327
0.63219543
-0.63212583
-0.0037390587
0.003640495
-0.0037088719
0.6322638
0.0035718526
0.63238735
0.63160816
-0.63154008
-0.0040143482
0.0039123123
-0.0039790782
0.63167491
0.0038448617
0.63183513
0.63088624
-0.63082123
-0.0042782993
0.0041740021
-0.0042377002
0.63094993
0.0041098413
0.63113446
0.63009271
-0.63003032
-0.0045329289
0.0044256678
-0.0044864992
0.63015353
0.0043636818
0.63034701
0.62910064
-0.62904598
-0.0047647615
0.0046583085
-0.0047109265
0.62915325
0.0046030072
0.62940346
0.61137782
-0.61155045
-0.0046616779
0.0047737372
-0.0046039135
0.61120799
0.0047922226
0.62447904
0.62476657
-0.62471979
-0.0051588676
0.0050511434
-0.005097274
0.6248127
0.004789432
0.60989502
0.62543021
-0.62540939
-0.0052591667
0.0051755601
-0.0051916743
0.62544634
0.0051531949
0.62575775
0.62497705
-0.62494398
-0.0053308262
0.005235408
-0.0052461388
0.62498775
0.0052092391
0.62529096
0.62356439
-0.62356554
-0.0053506978
0.0052688433
-0.0052682714
0.62356383
0.0052758762
0.62385535
0.62250413
-0.62252517
-0.0052633946
0.0052111276
-0.0051898012
0.62248284
0.0052301067
0.62272689
0.62148475
-0.62151565
-0.005156987
0.0051157505
-0.0050855686
0.6214546
0.0051428992
0.62171524
0.6205162
-0.6205605
-0.0050009891
0.0049761329
-0.0049326854
0.62047275
0.0050157468
0.62070832
0.61957975
-0.61963802
-0.0047877112
0.0047807439
-0.0047236773
0.61952267
0.0048346003
0.61974544
0.61875445
-0.61882391
-0.004525779
0.0045348049
-0.0044665656
0.61868619
0.0046004401
0.61888087
0.61808058
-0.61815742
-0.004228646
0.0042473241
-0.004170619
0.61800386
0.00432284
0.61816471
1.2344061
0.0074734848
1.2340639
0.0039691892
1.2658787
-0.0026616553
0.0049788704
1.2661881
-0.0026651025
0.633431
-0.63329746
-0.0028921994
0.0027241273
-0.0027194646
0.63342631
0.63283767
0.68718921
-0.68695556
-0.0028260395
0.0026250351
-0.0028115755
0.68737574
0.0028996505
0.6351871
0.63334388
-0.63327794
-0.0030916772
0.0030049663
-0.0030704565
0.63340935
0.0029398911
0.63349653
0.6329366
-0.63287046
-0.0033564452
0.0032661506
-0.0033312252
0.63300166
0.0032009666
0.63310986
0.6324622
-0.63239715
-0.0036187694
0.0035249915
-0.0035889081
0.6325261
0.0034607282
0.63265112
0.6318677
-0.63180464
-0.003874585
0.0037782969
-0.0038402342
0.63192963
0.0037156324
0.6320927
0.63113362
-0.63107356
-0.0041188065
0.0040211852
-0.0040801559
0.63119258
0.0039615904
0.63137934
0.63032682
-0.63027058
-0.0043510096
0.004252228
-0.0043069388
0.63038152
0.0041958569
0.63058081
0.62930194
-0.62925395
-0.0045564206
0.0044594392
-0.004505807
0.6293483
0.0044103602
0.62960913
0.61071139
-0.61087546
-0.0044424949
0.0045492738
-0.0043719316
0.61053405
0.004575208
0.62438906
0.62494639
-0.6249022
-0.0049108753
0.0048104876
-0.0048538037
0.62498971
0.0045717219
0.61088163
0.62551518
-0.6254927
-0.0050184254
0.0049388652
-0.0049633049
0.62553963
0.004913797
0.62585591
0.62500997
-0.62500556
-0.0050279399
0.0049968969
-0.0049939425
0.62500705
0.0049870057
0.62529328
0.62354329
-0.62353729
-0.0050352669
0.0049680143
-0.004961658
0.62353691
0.0049765209
0.62387359
0.62242082
-0.62244183
-0.0049760749
0.0049262382
-0.0049083434
0.62240296
0.0049341072
0.62267495
0.62136809
-0.62139634
-0.0048796763
0.0048416699
-0.0048138831
0.62134033
0.0048668768
0.62161193
0.62034704
-0.62038824
-0.0047349868
0.0047119866
-0.0046714628
0.62030651
0.004749035
0.62055645
0.61935809
-0.61941192
-0.0045377888
0.0045306556
-0.004477858
0.61930528
0.0045804052
0.61954043
0.61848912
-0.61855359
-0.0042949475
0.0043026126
-0.0042392274
0.61842571
0.0043635523
0.61863031
0.61778358
-0.61785534
-0.0040181412
0.0040350212
-0.0039633404
0.61771188
0.0041054927
0.61787935
1.2337277
0.0071129543
1.2334073
0.0037744216
1.2666326
-0.0026030506
0.0048716942
1.2669306
-0.0026037791
0.63368429
-0.63358003
-0.002801315
0.0026376649
-0.0026555078
0.63370211
0.63306078
0.635649
-0.63597865
-0.0025811135
0.0029177107
-0.0026653658
0.63539665
0.0028319108
0.63471894
0.63359961
-0.63353738
-0.0030029191
0.002919804
-0.0029823584
0.63366215
0.0028579755
0.63374955
0.63319151
-0.63312909
-0.0032535567
0.0031673699
-0.0032286779
0.63325281
0.0031058562
0.63336178
0.63271176
-0.63265087
-0.0034999186
0.0034105845
-0.0034704242
0.63277159
0.0033503618
0.63289841
0.63210895
-0.63205022
-0.0037383941
0.0036471481
-0.0037048842
0.63216667
0.0035887456
0.63233242
0.63136323
-0.63130735
-0.0039663818
0.0038742534
-0.0039291562
0.63141812
0.0038184347
0.63160807
0.63053697
-0.63048654
-0.0041779195
0.0040867361
-0.0041358327
0.63058605
0.0040355524
0.63079314
0.62947979
-0.62943709
-0.0043603545
0.0042718426
-0.0043133876
0.62952133
0.0042278654
0.62979219
0.61003546
-0.6102046
-0.0042249616
0.0043442623
-0.0041863346
0.60987753
0.0043728886
0.62428042
0.6251177
-0.62507568
-0.0046788568
0.0045840913
-0.0046252035
0.62515881
0.0043725945
0.61176573
0.62561509
-0.62559006
-0.0047919554
0.0047118695
-0.0047367492
0.62563996
0.0046862069
0.62595921
0.62500707
-0.62500968
-0.0048103849
0.0047392944
-0.0047440791
0.62501181
0.004741451
0.62526013
0.62349259
-0.62351165
-0.00478574
0.0047267202
-0.0046986712
0.62346452
0.0047423792
0.62386497
0.62234528
-0.62236451
-0.0047173878
0.0046754956
-0.0046547251
0.62232447
0.0046971398
0.62262434
0.62125924
-0.62128601
-0.0046245441
0.0045905707
-0.0045640148
0.62123267
0.0046148695
0.62151342
0.62018858
-0.62022734
-0.0044877678
0.0044669922
-0.0044287582
0.62015033
0.0045021942
0.62041298
0.61915252
-0.61920256
-0.0043041285
0.0042973378
-0.0042481836
0.61910335
0.0043436264
0.61935019
0.61824233
-0.61830238
-0.0040779926
0.0040848313
-0.0040257252
0.61818321
0.0041416604
0.61839705
0.61750562
-0.61757288
-0.0038192897
0.0038348438
-0.0037675976
0.61743835
0.0039008426
0.61761251
1.2330916
0.0067706361
1.2327907
0.0035900211
1.2668618
-0.0022914004
0.0047632548
1.2671486
-0.0025434573
0.6339529
-0.63382381
-0.0027383033
0.0025758213
-0.0026162222
0.63399329
0.63350417
0.63485973
-0.63485266
-0.0028724626
0.0028449421
-0.0028770011
0.63489179
0.0027617569
0.63490409
0.63384248
-0.63378395
-0.0029136744
0.0028357879
-0.002894833
0.63390151
-0.044599674
0.68136534
0.63343185
-0.63337294
-0.0031512121
0.003069223
-0.0031269223
0.63348954
0.0030112599
0.63359967
0.63294548
-0.63288844
-0.0033827209
0.0032975896
-0.0033536398
0.63300152
0.0032411718
0.63313038
0.63233401
-0.6322792
-0.0036053411
0.0035186923
-0.0035725723
0.63238787
0.0034641991
0.63255597
0.63157709
-0.63152505
-0.0038186715
0.0037312017
-0.0037823111
0.63162819
0.003678924
0.6318224
0.63072612
-0.63068056
-0.004012017
0.0039269541
-0.0039714992
0.63077066
0.0038802588
0.63098637
0.62964014
-0.62960148
-0.0041768933
0.0040950938
-0.0041328413
0.62967788
0.0040549947
0.62995785
0.60939081
-0.6095535
-0.0040339953
0.0041480713
-0.0039886666
0.60923138
0.0041828757
0.62414992
0.62527764
-0.62523888
-0.0044600349
0.0043708174
-0.0044089002
0.62531572
0.004181089
0.61255668
0.62570845
-0.62568631
-0.0045677986
0.0044905843
-0.0045109921
0.62572886
0.0044665158
0.62605997
0.62501904
-0.62502205
-0.0045755487
0.0045248967
-0.0045305929
0.62502464
0.0045288767
0.62524603
0.62341757
-0.62343281
-0.0045388696
0.0044911859
-0.004481602
0.62340794
0.0045130869
0.62378824
0.62226035
-0.62228272
-0.0044817585
0.0044499835
-0.0044258642
0.62223618
0.0044818345
0.62252375
0.62115331
-0.62117975
-0.004389518
0.0043599412
-0.0043335295
0.62112687
0.0043841765
0.62141604
0.6200385
-0.62007533
-0.0042580305
0.0042395288
-0.0042031467
0.62000211
0.0042733485
0.62027564
0.61896081
-0.61900754
-0.0040860998
0.0040798727
-0.0040339278
0.61891485
0.0041231734
0.61917256
0.61801179
-0.61806799
-0.0038746583
0.0038811179
-0.0038257354
0.6179564
0.0039343323
0.61817895
0.61724439
-0.61730772
-0.0036317288
0.0036463942
-0.0035830203
0.617181
0.0037085095
0.61736188
1.2324946
0.0064461624
1.2322123
0.0034157022
1.2675789
-0.0024854454
0.0046539941
1.2678535
-0.0024829448
0.63421149
-0.63408458
-0.0026732752
0.0025136863
-0.002525946
0.63422374
0.6336841
0.63501245
-0.63500626
-0.0027986005
0.0027737803
-0.0028556945
0.63509437
0.002691659
0.63516118
0.68024288
-0.63401682
-0.002825044
0.0012560678
-0.0028076352
0.68179443
0.0028306178
0.63591661
0.63365833
-0.63360273
-0.0030499763
0.0029723235
-0.0030265647
0.63371256
0.002917818
0.63382416
0.63316434
-0.63311096
-0.0032675146
0.0031864351
-0.0032389382
0.63321683
0.0031336428
0.6333479
0.63254392
-0.63249284
-0.0034751766
0.0033930197
-0.0034431812
0.63259407
0.0033422117
0.63276435
0.63177592
-0.63172762
-0.0036739137
0.0035908848
-0.0036382479
0.63182328
0.0035422645
0.63202231
0.63089872
-0.63085691
-0.0038518255
0.0037715506
-0.0038125983
0.63093976
0.0037285817
0.63116359
0.62978562
-0.62975064
-0.0040027346
0.0039265452
-0.0039607667
0.62981982
0.0038897246
0.6301095
0.60875508
-0.60891311
-0.0038500094
0.0039610156
-0.0038044502
0.6085985
0.0040012754
0.62399744
0.62542431
-0.6253891
-0.0042529574
0.0041707826
-0.0042052832
0.62545879
0.0039992093
0.61326998
0.625793
-0.62576968
-0.0043513566
0.0042787034
-0.0042947757
0.62580906
0.004255905
0.62615138
0.62501399
-0.6250077
-0.0043709162
0.0043018102
-0.0042932825
0.62500546
0.0043100889
0.62523799
0.62341859
-0.62343019
-0.0043553188
0.004306459
-0.0043056659
0.62341776
0.0043026902
0.62379085
0.62216624
-0.62218877
-0.0042641021
0.0042329637
-0.00420937
0.62214262
0.004261551
0.62241187
0.62104748
-0.62107393
-0.0041715349
0.0041457835
-0.0041194068
0.62102108
0.0041693753
0.6213199
0.61989546
-0.61993061
-0.0040442611
0.0040278981
-0.0039931683
0.61986072
0.0040605043
0.62014335
0.61878145
-0.6188252
-0.0038827783
0.0038771683
-0.0038341234
0.61873839
0.0039178202
0.61900601
0.61779539
-0.61784824
-0.0036844066
0.0036907857
-0.0036386422
0.61774323
0.003740792
0.61797426
0.61699776
-0.61705766
-0.0034550602
0.0034692088
-0.0034092008
0.61693773
0.0035279839
0.61712522
1.2319336
0.0061389706
1.2316675
0.0032511162
1.2680229
-0.0024242322
0.0045448506
1.2680344
-0.0024226007
0.63443639
-0.63433701
-0.0025829472
0.0024262333
-0.0024597064
0.63446986
0.63380374
0.63525933
-0.63520509
-0.0027487957
0.0027015031
-0.0027807868
0.6353386
0.0026219303
0.63538079
0.63528005
-0.63593788
-0.0020971254
0.0029900325
-0.002905192
0.63519519
0.0029385865
0.63515206
0.63387182
-0.6338191
-0.0029503939
0.0028775212
-0.0029282084
0.6339225
0.0028256635
0.63403624
0.63336913
-0.63331928
-0.0031548227
0.0030776435
-0.0031268894
0.63341836
0.0030282648
0.63355174
0.63273918
-0.63269169
-0.0033482109
0.003270613
-0.0033171442
0.63278569
0.0032232983
0.63295831
0.63195979
-0.63191523
-0.0035320064
0.0034536398
-0.0034972683
0.63200341
0.003408817
0.63220717
0.63105831
-0.63101956
-0.0036965187
0.003620405
-0.0036585271
0.63109642
0.0035806525
0.6313273
0.62991685
-0.62988554
-0.0038344956
0.0037636643
-0.0037946422
0.62994782
0.0037300011
0.63024786
0.60813268
-0.60828738
-0.0036740682
0.0037839601
-0.0036314652
0.60798017
0.003828744
0.6238285
0.62555695
-0.62552495
-0.0040594061
0.0039850744
-0.0040158421
0.6255877
0.0038282643
0.61391947
0.62585285
-0.62584063
-0.004137645
0.0040797445
-0.0040997612
0.62587286
0.0040578192
0.62622883
0.62500543
-0.62501552
-0.0041497386
0.0041297433
-0.004126562
0.62500225
0.0041141032
0.62526949
0.62336994
-0.62338771
-0.004139231
0.004099298
-0.0040825814
0.62335322
0.004110219
0.62377463
0.62208135
-0.62209961
-0.0040548094
0.0040242184
-0.0040054103
0.62206259
0.0040472393
0.62231581
0.62094248
-0.62096853
-0.0039683585
0.0039456569
-0.0039197786
0.62091664
0.003968535
0.62122761
0.61975887
-0.61979244
-0.0038452703
0.0038309205
-0.0037977284
0.61972568
0.0038623335
0.62001592
0.61861322
-0.61865431
-0.0036930984
0.0036881345
-0.0036476724
0.61857275
0.0037264545
0.61884928
0.61759132
-0.61764123
-0.0035063781
0.0035127982
-0.0034635049
0.61754201
0.0035599462
0.61778151
0.61676382
-0.61682073
-0.0032888092
0.0033026982
-0.0032456413
0.61670675
0.0033585643
0.61690063
1.2314054
0.0058486171
1.231155
0.0030959164
1.2684511
-0.0023662426
0.0044361665
1.2687065
-0.0023626479
0.63467426
-0.63455151
-0.0025438669
0.0023645847
-0.0023716415
0.63468131
0.63416833
0.63546892
-0.63544421
-0.0026730086
0.0026047349
-0.0026815538
0.63554573
0.0025275806
0.63561589
0.63521744
-0.63521732
-0.0027527425
0.0029101014
-0.0030092941
0.63531662
0.0028342019
0.63538347
0.6753335
-0.6340231
-0.002852994
0.0013684564
-0.0028319861
0.67679702
0.0027694573
0.63595641
0.63356062
-0.63351426
-0.0030452231
0.0029716964
-0.0030181492
0.63360707
0.0029253863
0.63374286
0.63292029
-0.63287622
-0.0032251551
0.0031521709
-0.003195207
0.63296332
0.0031081231
0.63313866
0.63212885
-0.63208795
-0.0033941381
0.0033207508
-0.0033607594
0.63216884
0.0032796603
0.63237687
0.63120632
-0.63117048
-0.0035461567
0.003474317
-0.0035095929
0.63124158
0.0034376104
0.63147873
0.63003473
-0.6300069
-0.0036712368
0.0036054175
-0.0036335877
0.63006288
0.0035750982
0.63037249
0.6075283
-0.60767792
-0.0035100034
0.0036168889
-0.0034701794
0.60738157
0.0036641403
0.62365139
0.62567558
-0.62564707
-0.0038785945
0.0038121339
-0.0038390673
0.62570249
0.0036682654
0.61451439
0.62592692
-0.62590947
-0.0039599926
0.0038940224
-0.0039164743
0.62594938
0.0038730491
0.62630589
0.62499649
-0.62499394
-0.0039668456
0.0039285226
-0.0039309161
0.62499881
0.0039264039
0.62525541
0.62330293
-0.62332088
-0.0039337579
0.0038929922
-0.0038790809
0.62328899
0.0039139521
0.62371477
0.62201575
-0.6220293
-0.0038631655
0.0038301023
-0.0038146026
0.62200029
0.0038497992
0.62224311
0.62084035
-0.62086552
-0.0037791061
0.0037588908
-0.0037339101
0.6208154
0.0037814615
0.62113685
0.61962818
-0.61966034
-0.0036601412
0.0036477679
-0.0036159112
0.61959633
0.0036780753
0.61989311
0.61845476
-0.61849355
-0.0035158578
0.0035116132
-0.0034733348
0.61841647
0.0035479772
0.61870097
0.61739818
-0.61744547
-0.0033394239
0.0033458579
-0.0032991265
0.61735143
0.0033904619
0.6175994
0.61654113
-0.61659536
-0.0031323934
0.0031461218
-0.0030917364
0.61648673
0.0031993543
0.61668679
1.2309073
0.0055744071
1.2306703
0.0029496633
1.2688626
-0.0020532629
0.0043286203
1.2691081
-0.0023034355
0.63490469
-0.63478388
-0.0024547524
0.0023290641
-0.0023336944
0.63490931
0.63449888
0.63567203
-0.63564806
-0.0025763684
0.0025345743
-0.0026090549
0.63574651
0.0024582112
0.63581618
0.63543785
-0.63538962
-0.0026696906
0.0028539755
-0.0029032134
0.63548707
0.0027568644
0.63557745
0.6353485
-0.63593545
-0.0022974167
0.0029145239
-0.0027714827
0.63520545
0.0028701339
0.63526879
0.63373974
-0.63369691
-0.0029391619
0.0028695311
-0.0029132755
0.63378347
-0.034781631
0.67152955
0.63308818
-0.63304718
-0.0031068449
0.0030384242
-0.0030781492
0.6331279
0.0029973444
0.63330641
0.63228378
-0.63224631
-0.00326193
0.0031936958
-0.0032303618
0.63232043
0.0031560114
0.63253228
0.63134261
-0.6313098
-0.0034017512
0.003334658
-0.0033670359
0.63137498
0.0033009922
0.63161816
0.63014071
-0.6301161
-0.0035144941
0.0034532773
-0.003479324
0.63016674
0.0034262416
0.63048403
0.6069484
-0.60709182
-0.0033576482
0.0034589416
-0.0033191851
0.60680862
0.0035078908
0.62347144
0.62577732
-0.62575347
-0.003706452
0.0036483491
-0.0036702398
0.62579917
0.003517363
0.61505643
0.62600379
-0.62598907
-0.0037745438
0.0037089457
-0.0037290163
0.6260238
0.0036928849
0.62637397
0.62498072
-0.62498457
-0.0037843716
0.0037597293
-0.0037400453
0.62496102
0.0037628321
0.62525051
0.62324327
-0.62325775
-0.0037393945
0.0036999301
-0.0036810691
0.6232244
0.0037139473
0.62365401
0.62198083
-0.62198296
-0.0036795841
0.0036551865
-0.003652098
0.62197762
0.0036520613
0.62219872
0.62074131
-0.62076593
-0.0036032877
0.0035859295
-0.0035613096
0.62071666
0.0036087771
0.62104648
0.61950238
-0.61953343
-0.0034878033
0.0034773745
-0.0034465479
0.61947154
0.0035068155
0.61977413
0.61830436
-0.61834131
-0.003349725
0.0033462977
-0.0033097634
0.61826781
0.0033811197
0.61855944
0.61721495
-0.61725984
-0.0031822972
0.003188646
-0.0031442815
0.61717057
0.0032309742
0.61742675
0.6163288
-0.61638051
-0.0029851539
0.002998684
-0.0029468301
0.61627693
0.0030494043
0.616483
1.2304365
0.0053157684
1.2302125
0.0028119316
1.2692577
-0.0022481347
0.0039683322
1.2694939
-0.0022465426
0.63512655
-0.63500759
-0.0023920795
0.0022436848
-0.0022460114
0.63512887
0.63451741
0.63586442
-0.6358681
-0.0024796038
0.0024658469
-0.0025381168
0.63593668
0.0023931582
0.63600766
0.63560071
-0.63560576
-0.0025634092
0.0027524168
-0.0028483524
0.63569663
0.0026813974
0.63576498
0.635286
-0.63524227
-0.0028939313
0.00280313
-0.0028716399
0.63535449
0.002784843
0.63542356
0.63639565
-0.67064791
0.03277207
0.002649242
-0.0014967211
0.63524312
0.0029018605
0.63506773
0.63324413
-0.63320568
-0.0029940639
0.0029300105
-0.002966572
0.63328068
0.0028919864
0.63346265
0.63242589
-0.63239148
-0.0031368094
0.0030736866
-0.0031074404
0.63245963
0.0030389112
0.63267507
0.63146691
-0.63143723
-0.0032649095
0.0032029226
-0.0032325645
0.63149654
0.0031722713
0.63174584
0.63023699
-0.63021526
-0.003367088
0.0033097584
-0.0033347971
0.63026202
0.0032856995
0.6305848
0.60639431
-0.60653177
-0.0032156102
0.003310572
-0.0031780262
0.60626175
0.0033629741
0.62328906
0.6258599
-0.62583988
-0.0035444652
0.0034950145
-0.0035134236
0.62587828
0.0033758108
0.6155468
0.62606955
-0.62605742
-0.0035770122
0.003527658
-0.0035281718
0.62606996
0.0035259252
0.626395
0.62493339
-0.62493723
-0.0035808488
0.0035409809
-0.0035369488
0.6249293
0.0035411574
0.62522857
0.62317991
-0.62319307
-0.0035450664
0.0035052492
-0.0034974135
0.62317206
0.0035145459
0.62360575
0.62196687
-0.62197915
-0.0035298055
0.003498891
-0.0034873926
0.62195529
0.0035010322
0.6222009
0.62064336
-0.62066761
-0.0034393607
0.0034238704
-0.0033999177
0.62061936
0.0034461933
0.62095575
0.61938023
-0.61941047
-0.0033267774
0.0033181518
-0.0032880946
0.61935014
0.0033468974
0.61965809
0.61816034
-0.61819583
-0.003193382
0.0031908496
-0.0031556836
0.61812515
0.0032244931
0.61842313
0.61704099
-0.61708361
-0.0030339398
0.0030401118
-0.0029979984
0.61699886
0.0030803581
0.61726269
0.61612645
-0.6161757
-0.0028464848
0.0028597059
-0.0028103476
0.61607708
0.0029079287
0.61628906
1.2299907
0.0050719134
1.2297775
0.0026822651
1.2696375
-0.0021912857
0.0038642359
1.270119
-0.0021881459
0.6352894
-0.63519762
-0.002305232
0.0021594817
-0.0021850326
0.63531494
0.6347795
0.63607357
-0.63602855
-0.0024353454
0.0023733018
-0.0024435004
0.63614376
0.0023280933
0.63616531
0.63580326
-0.63578521
-0.0024848229
0.0026767448
-0.0027450438
0.63587154
0.0025825163
0.63594184
0.63545497
-0.63543897
-0.0027806057
0.0027182923
-0.0027591391
0.63549581
0.0027023094
0.63559241
0.6350149
-0.63497601
-0.002940322
0.0028783327
-0.0029148855
0.63505144
0.0028392404
0.63517293
0.66538988
-0.63335354
-0.0028875943
0.0016946058
0.027918756
0.63577651
0.0028277118
0.63492913
0.63255696
-0.63252518
-0.003019653
0.002961337
-0.0029927273
0.63258834
0.002929249
0.63280731
0.63157959
-0.63155309
-0.0031370274
0.0030800721
-0.0031074859
0.63160699
0.00305246
0.6318623
0.63032612
-0.63030725
-0.00323109
0.0031763412
-0.0032000929
0.63034986
0.0031550643
0.63067793
0.60586968
-0.60599999
-0.0030852809
0.0031694807
-0.0030461954
0.6057464
0.0032138344
0.6231131
0.62593745
-0.62591688
-0.0033999037
0.0033548966
-0.0033736745
0.62595623
0.0032443102
0.61599621
0.62607164
-0.62607504
-0.0034244999
0.0033955143
-0.0033975936
0.62607368
0.0033923519
0.62639681
0.62490389
-0.62491388
-0.0034203976
0.0033917853
-0.0033828018
0.62489486
0.0033993559
0.62522068
0.623159
-0.62315955
-0.0033866691
0.0033476703
-0.0033504153
0.62316168
0.0033567026
0.62356978
0.621904
-0.62192521
-0.003368049
0.0033490599
-0.0033297061
0.6218846
0.0033552418
0.62219798
0.62054923
-0.6205723
-0.0032851348
0.0032707525
-0.0032480329
0.62052647
0.0032917316
0.62086988
0.61926084
-0.61929046
-0.0031755521
0.0031686043
-0.0031391356
0.61923134
0.0031967473
0.61954462
0.61802137
-0.61805569
-0.0030457828
0.0030442014
-0.0030101581
0.6179873
0.0030769233
0.61829088
0.61687592
-0.61691635
-0.0028936836
0.0028996441
-0.0028597171
0.61683597
0.0029379219
0.61710665
0.61593402
-0.61598081
-0.0027159086
0.0027287207
-0.0026818494
0.61588713
0.0027744313
0.61610503
1.2295674
0.0048422662
1.229365
0.0025602981
1.2700024
-0.0021369779
0.0037623816
1.2704753
-0.0021324278
0.63549537
-0.63540527
-0.0022452256
0.0021020463
-0.0021255071
0.63551882
0.63500997
0.63624771
-0.63620467
-0.0023675201
0.0023065373
-0.0023761682
0.63631732
0.00223926
0.63636444
0.63594474
-0.63592879
-0.0024086861
0.0025779506
-0.0026696063
0.63603638
0.002511169
0.63611027
0.63561353
-0.63557424
-0.0026960121
0.0026365873
-0.0026753955
0.63565234
0.0026226755
0.63575264
0.63516353
-0.63512665
-0.0028475228
0.0027885824
-0.0028250153
0.63519995
0.0027514529
0.63532426
0.63457572
-0.63456925
-0.0029600376
0.0029043955
-0.0029376435
0.63460897
0.0028702753
0.63477058
0.63492205
-0.65989039
0.023110389
0.0027885202
-0.0019127651
0.63404628
0.0029722502
0.63408314
0.63168139
-0.63165839
-0.0030183599
0.0029658048
-0.0029911695
0.63170675
-0.020381141
0.6552907
0.63040895
-0.63039305
-0.003105386
0.0030537338
-0.0030777906
0.630433
0.0030342382
0.63076601
0.60537369
-0.60549709
-0.0029635814
0.003042592
-0.0029249456
0.60525603
0.0030905475
0.62291926
0.6260163
-0.62599607
-0.0032659174
0.0032271817
-0.0032453221
0.62603443
0.0031236806
0.61641322
0.62606596
-0.62606461
-0.0033148826
0.0032733697
-0.0032773425
0.62606985
0.0032639234
0.62643323
0.6248456
-0.62486643
-0.0032724524
0.0032462564
-0.003238254
0.6248376
0.0032642376
0.62517002
0.62315741
-0.62315896
-0.003250785
0.003214146
-0.0032213701
0.6231645
0.0032137811
0.62358221
0.62182948
-0.62184768
-0.0032188164
0.0032012979
-0.0031834515
0.6218116
0.003219925
0.62213025
0.62045978
-0.62048178
-0.003140225
0.0031272101
-0.0031054311
0.62043797
0.003147196
0.62078864
0.61914357
-0.61917272
-0.0030331357
0.0030278589
-0.0029988384
0.61911453
0.0030555275
0.61943328
0.61788667
-0.61791997
-0.0029063653
0.0029058003
-0.0028727575
0.6178536
0.0029377532
0.61816191
0.61671951
-0.61675779
-0.0027612652
0.0027670561
-0.0027292578
0.61668169
0.0028034336
0.6169583
0.61575145
-0.6157958
-0.0025930854
0.0026054506
-0.002561021
0.615707
0.0026486765
0.6159309
1.2291648
0.0046260996
1.2289713
0.0024456651
1.2703531
-0.0018283515
0.0036631989
1.2708177
-0.0020782285
0.63569393
-0.63558001
-0.0021868119
0.0020715871
-0.0020421671
0.6356645
0.63523325
0.63641695
-0.63640124
-0.0022762424
0.0022444874
-0.0023108479
0.63648331
0.0021776695
0.63653333
0.63610668
-0.6361181
-0.0023096828
0.0025069742
-0.0025967329
0.63619642
0.0024420814
0.63626942
0.63576752
-0.63573012
-0.0025894052
0.0025580602
-0.002595021
0.63580447
0.0025206001
0.63590357
0.63528294
-0.63527319
-0.0027336953
0.0026774839
-0.0027376018
0.63534305
0.0026674711
0.63544126
0.63470633
-0.63467424
-0.0028669683
0.0028122924
-0.0028440424
0.63473807
0.002779694
0.63487955
0.63391656
-0.63391354
-0.0029608531
0.0029338961
-0.0029618699
0.63394452
0.0028795589
0.63417397
0.63305341
-0.63349916
-0.0024312214
0.002985664
-0.0029534137
0.63302116
0.0029888913
0.6332648
0.6320663
-0.63047115
0.012900584
0.0024156664
-0.0021811239
0.63183175
0.0025514785
0.63211649
0.60494587
-0.60504137
-0.0028611264
-0.0091228278
-0.0028293403
0.61689794
-0.010705423
0.62437339
0.62609843
-0.62607135
-0.003139746
0.0030752375
-0.0031044277
0.62612753
0.0030368974
0.61672025
0.62607573
-0.62607811
-0.0031812261
0.0031421983
-0.003141824
0.6260753
0.0031359836
0.62647042
0.62481308
-0.6248208
-0.0031503806
0.0031320736
-0.0031383809
0.62481925
0.0031249216
0.62513465
0.62315827
-0.62316425
-0.0031469682
0.0031221518
-0.0031140608
0.62315013
0.0031296297
0.62356485
0.62175844
-0.62177603
-0.0030816087
0.0030662871
-0.0030489289
0.62174106
0.0030852047
0.62205341
0.62037336
-0.6203948
-0.0030044109
0.0029931567
-0.0029718185
0.620352
0.0030127193
0.6207099
0.61902799
-0.61905674
-0.0028991254
0.0028955394
-0.0028669119
0.61899934
0.0029228179
0.61932361
0.61775588
-0.61778823
-0.0027750601
0.0027755963
-0.0027435094
0.61772377
0.0028068458
0.61803586
0.61657147
-0.6166077
-0.0026366869
0.0026424285
-0.0026066588
0.61653568
0.0026769885
0.61681736
0.61557844
-0.61562046
-0.0024777396
0.0024897049
-0.0024475947
0.61553632
0.0025305596
0.61576634
1.2287809
0.0044229559
1.2285965
0.0023380889
1.2709434
-0.0020290365
0.0038213588
1.2711458
-0.0020268541
0.63585999
-0.63577303
-0.002130144
0.0019907055
-0.0019860313
0.63585531
0.6353987
0.63657749
-0.63653814
-0.0022125083
0.0021830898
-0.0022476826
0.63664208
0.0021180244
0.6366937
0.63625974
-0.63627296
-0.0022387338
0.0024385075
-0.0025011016
0.63632232
0.0023753875
0.63642419
0.6359128
-0.63585171
-0.0025369197
0.002482669
-0.0024925522
0.63592267
0.0024469115
0.6360506
0.63544494
-0.63541136
-0.0026492704
0.0026209112
-0.0026287474
0.63545276
0.0025617225
0.63560576
0.63480592
-0.63477518
-0.0027768737
0.0027245658
-0.0027549725
0.63483631
0.0026933314
0.63500646
0.6340011
-0.63399944
-0.0028655212
0.0028156757
-0.0028676567
0.63405308
0.002787905
0.63426152
0.63306027
-0.6330644
-0.0029342878
0.0028889443
-0.0029097988
0.63308112
0.0028646721
0.63333324
0.63180584
-0.63178829
-0.0030094053
0.0029415407
-0.0029586626
0.63182295
0.0029484895
0.63214084
0.60598527
-0.6061296
-0.0027810519
0.0029093631
-0.0027842362
0.60586013
0.0029692869
0.62392215
0.62656882
-0.62655561
-0.0030495575
0.00304143
-0.0030517015
0.62657909
0.0029539112
0.61742683
0.62627338
-0.62632279
-0.0030308461
0.0030778254
-0.0030810124
0.62627656
0.0030728188
0.62652794
0.62482038
-0.62482317
-0.0030594751
0.0030400998
-0.0030310417
0.6248113
0.0030395881
0.62514484
0.62311801
-0.62312967
-0.0030186225
0.0030005815
-0.0029883077
0.6231057
0.0030121212
0.62352206
0.62169014
-0.62170684
-0.0029537027
0.0029395039
-0.0029231322
0.62167374
0.0029578948
0.62198013
0.62028817
-0.62030942
-0.0028771686
0.0028678694
-0.0028466318
0.62026691
0.0028872761
0.62063214
0.61891406
-0.61894237
-0.002773435
0.0027714518
-0.002743289
0.61888587
0.0027983064
0.61921557
0.61762889
-0.61766029
-0.0026520762
0.0026537772
-0.0026226407
0.61759774
0.0026843133
0.61791264
0.6164313
-0.61646563
-0.0025200238
0.0025258976
-0.0024919833
0.61639736
0.0025587805
0.61668336
0.61541443
-0.61545428
-0.0023696129
0.0023812884
-0.0023413095
0.61537443
0.0024199725
0.61561069
1.2284142
0.0042322265
1.228237
0.0022372649
1.2712675
-0.0019781592
0.0037271214
1.2714636
-0.0019748743
0.63601932
-0.63593382
-0.0020753485
0.0019140096
-0.0019317928
0.63603709
0.6355322
0.63670566
-0.63671888
-0.0021255988
0.0020984326
-0.0021868101
0.63679403
0.0020604717
0.63684729
0.63640596
-0.63639543
-0.0021704962
0.002372651
-0.0024336095
0.6364669
0.0022857501
0.63657075
0.63602613
-0.63601745
-0.0024368382
0.0023849391
-0.0024186535
0.63605984
0.0023507565
0.63618963
0.63555015
-0.63551807
-0.0025684346
0.0025169943
-0.0025487268
0.63558187
0.0024847054
0.6357117
0.63489842
-0.6348944
-0.0026650919
0.0026402537
-0.0026692722
0.63492742
0.0026104283
0.63512783
0.63410756
-0.63408187
-0.0027738643
0.002725954
-0.0027513033
0.63413289
0.0026994878
0.63434224
0.63314217
-0.63312204
-0.002837759
0.0028194531
-0.0028140983
0.6331368
0.0027728865
0.63341994
0.63182306
-0.63183246
-0.0028832532
0.002843106
-0.0028585188
0.63183846
0.0028258605
0.6322095
0.60551219
-0.60562704
-0.0027111044
0.0027980811
-0.0026876946
0.6054018
0.0028401652
0.6237132
0.62661595
-0.62660338
-0.0029674493
0.0029267602
-0.0029417016
0.62663088
0.0028496974
0.61774908
0.6262998
-0.62629523
-0.0029925675
0.0029612413
-0.0029629127
0.62630145
0.0029582623
0.62656052
0.62478584
-0.62479657
-0.0029450593
0.0029162634
-0.0029136233
0.62478319
0.0029175062
0.62513029
0.62306418
-0.62307869
-0.0029001169
0.0028859009
-0.0028712966
0.62304956
0.0028979767
0.62347419
0.62162648
-0.62164187
-0.0028350348
0.0028225428
-0.002807347
0.62161126
0.0028396989
0.6219097
0.62020302
-0.62022435
-0.0027579462
0.0027506623
-0.0027293087
0.62018165
0.002770506
0.62055373
0.61880222
-0.61882995
-0.0026559204
0.0026552754
-0.0026277585
0.61877469
0.0026815756
0.61910954
0.61750573
-0.61753616
-0.0025375685
0.0025404048
-0.0025102422
0.61747555
0.0025701423
0.61779247
0.61629821
-0.61633085
-0.0024112452
0.0024174488
-0.0023851514
0.61626589
0.0024488532
0.61655559
0.61525859
-0.61529648
-0.0022684152
0.0022799394
-0.0022418673
0.6152205
0.0023167083
0.615463
1.2280632
0.0040535571
1.2278936
0.0021429467
1.2715804
-0.0019302126
0.0033835358
1.2717683
-0.0019259226
0.63619781
-0.63611368
-0.0019970662
0.0018889004
-0.0018795406
0.63618843
0.63565951
0.63687694
-0.63684086
-0.0020919454
0.0020415114
-0.0021028881
0.63693831
0.0019796582
0.6369945
0.63656984
-0.63653682
-0.0021290947
0.0022840397
-0.002343472
0.63662925
0.0022241268
0.63668549
0.63615723
-0.63612612
-0.0023637836
0.0023156118
-0.002347813
0.63618942
0.0022829504
0.63629708
0.63567322
-0.63561725
-0.0024907289
0.0024415443
-0.0024463532
0.63567801
0.0023853902
0.63583695
0.63501378
-0.63498434
-0.0026066118
0.0025331876
-0.0025606263
0.6350412
0.0025049256
0.6352162
0.63418147
-0.63418254
-0.0026588606
0.0026127281
-0.0026619563
0.63423069
0.002611468
0.6344206
0.63316848
-0.63317435
-0.002718615
0.0027013904
-0.002720646
0.63318772
0.002681013
0.63347738
0.63188223
-0.63186805
-0.0027853037
0.002772591
-0.0027611912
0.63187082
0.002731128
0.63225044
0.6050809
-0.60518475
-0.002615813
0.002695016
-0.0025913109
0.60497718
0.0027399766
0.62348847
0.62666361
-0.62665078
-0.0028569414
0.002820882
-0.0028279508
0.62667066
0.0027490711
0.61804374
0.62632602
-0.62631976
-0.0028819743
0.0028759991
-0.0028642071
0.62631421
0.0028444264
0.62660737
0.62477512
-0.6247736
-0.0028325038
0.0028123957
-0.0028097246
0.62477242
0.0028163987
0.62511872
0.62300537
-0.62301993
-0.0027872254
0.0027735548
-0.0027592317
0.62299103
0.0027872974
0.62342285
0.62156601
-0.62158109
-0.002726529
0.002715356
-0.0027002185
0.62155086
0.0027293427
0.62184892
0.62011739
-0.62013883
-0.0026458949
0.0026402287
-0.0026188226
0.62009597
0.0026608937
0.6204723
0.61869334
-0.61872023
-0.0025461045
0.0025463696
-0.0025197503
0.61866671
0.002571884
0.61900627
0.61738654
-0.61741595
-0.0024313596
0.002435161
-0.0024060318
0.61735739
0.0024639448
0.61767588
0.61617119
-0.61620241
-0.0023100959
0.0023167838
-0.0022858436
0.61614023
0.0023469278
0.6164332
0.61511003
-0.61514618
-0.0021738237
0.0021853116
-0.0021489354
0.61507364
0.0022204212
0.61532225
1.2277266
0.0038863799
1.2275629
0.0020548212
1.2721353
-0.0018829872
0.0035518462
1.2720618
-0.0016241975
0.63634488
-0.63623658
-0.0019717682
0.0018148572
-0.0018293748
0.63635938
0.63575557
0.63701916
-0.63701003
-0.0020098431
0.0019869647
-0.002046869
0.63707905
0.001925393
0.63713567
0.63667947
-0.63669615
-0.0020423772
0.0021981738
-0.0022815659
0.63676285
0.0021651649
0.63681833
0.63628512
-0.63625269
-0.0022966235
0.0022238256
-0.00225451
0.6363158
0.0022180676
0.63642257
0.63576759
-0.63573866
-0.0024158084
0.0023435655
-0.0023721023
0.63579611
0.0023398058
0.63592903
0.63512093
-0.63509481
-0.0024995086
0.0024537165
-0.0024793904
0.63514659
0.0024272237
0.63529941
0.63427469
-0.634252
-0.002570481
0.0025516472
-0.0025486131
0.63427164
0.0025283999
0.63451608
0.63321926
-0.63322578
-0.0026261704
0.0025846173
-0.0026285206
0.63326315
0.0025903954
0.63350605
0.63191026
-0.63189746
-0.0026643538
0.0026533878
-0.0026659393
0.63192279
0.0026378503
0.63226295
0.60468382
-0.60477783
-0.0025222812
0.0025947643
-0.0025005355
0.60458958
0.0026421419
0.62327384
0.62669833
-0.62668891
-0.0027503601
0.0027125845
-0.0027204154
0.62670615
0.002651009
0.61830489
0.6263435
-0.62633398
-0.0027814356
0.0027456397
-0.0027573652
0.6263552
0.002736285
0.62664077
0.62476173
-0.62476818
-0.0027336413
0.0027146909
-0.0027089889
0.62475601
0.0027180534
0.62512128
0.62294876
-0.62296289
-0.0026802717
0.0026685311
-0.0026546927
0.6229349
0.0026820613
0.62337054
0.6215045
-0.62152021
-0.0026218637
0.0026121752
-0.0025958905
0.6214882
0.0026244133
0.62179773
0.62003204
-0.62005327
-0.0025396108
0.0025348848
-0.0025137855
0.62001092
0.0025556391
0.62038911
0.61858847
-0.61861426
-0.0024432052
0.0024438961
-0.0024184508
0.61856301
0.0024683189
0.61890689
0.61727161
-0.61729992
-0.0023328666
0.0023373505
-0.0023093426
0.61724358
0.002364989
0.61756358
0.61604924
-0.61607928
-0.0022160756
0.0022233184
-0.0021935089
0.61601942
0.0022523908
0.61631536
0.61496797
-0.61500257
-0.0020854668
0.0020969832
-0.0020621351
0.61493311
0.002130643
0.61518752
1.2274029
0.0037303317
1.2272457
0.0019726046
1.2721698
-0.0015829782
0.0032141792
1.2725985
-0.0018339142
0.63648635
-0.63640473
-0.0018976815
0.0017683255
-0.0017813623
0.63649938
0.6360754
0.6371544
-0.63714668
-0.0019556993
0.0019348452
-0.0019679094
0.63718746
0.0018758226
0.63727126
0.63680743
-0.6368014
-0.0019825664
0.0021405037
-0.0021970636
0.63686397
0.0020834518
0.63694804
0.63640558
-0.63637603
-0.0022055313
0.0021858211
-0.0021895726
0.63640932
0.0021548054
0.63654486
0.63587912
-0.6358519
-0.0023182114
0.0022737906
-0.0023005962
0.63590592
0.0022449078
0.63604282
0.63519549
-0.63517122
-0.0024199969
0.0023767099
-0.0024005346
0.63521931
0.0023520871
0.63540212
0.63433605
-0.63434036
-0.0024839116
0.0024420388
-0.0024611275
0.63435513
0.0024458926
0.63457923
0.63329417
-0.63327457
-0.0025351707
0.002520239
-0.0025127436
0.63328666
0.0025017131
0.63357996
0.63193364
-0.63192191
-0.0025953958
0.0025354125
-0.0025470488
0.63194525
0.0025459024
0.6322994
0.60432632
-0.6044122
-0.0024319545
0.0024942924
-0.0024101984
0.60424221
0.0025458278
0.62306859
0.62673077
-0.62672301
-0.0026411778
0.002608175
-0.0026151115
0.62673769
0.002553062
0.61853573
0.62640898
-0.62637398
-0.0026785367
0.0026442874
-0.0026511017
0.62641579
0.0026336807
0.62665609
0.62473358
-0.62474178
-0.0026314764
0.0026118197
-0.0026059186
0.62472767
0.002614537
0.6251116
0.62289281
-0.62290675
-0.0025789726
0.0025679974
-0.0025530614
0.62287785
0.0025817202
0.6233179
0.62143562
-0.62145384
-0.0025179968
0.0025107975
-0.0024920267
0.62141683
0.0025226351
0.62175033
0.61994867
-0.61996922
-0.0024380792
0.0024336135
-0.0024133753
0.61992842
0.0024532977
0.62030847
0.61848868
-0.61851311
-0.0023464464
0.0023471784
-0.0023231381
0.61846462
0.0023702376
0.61881257
0.6171613
-0.61718843
-0.0022412594
0.0022461301
-0.0022193248
0.61713448
0.0022724605
0.61745628
0.61593156
-0.61596059
-0.0021285325
0.0021363191
-0.0021074824
0.61590271
0.0021644503
0.61620146
0.61483184
-0.614865
-0.002002956
0.0020145054
-0.001981077
0.6147984
0.0020468552
0.61505815
1.2270914
0.0035847799
1.226939
0.0018959284
1.2724476
-0.001793462
0.0031351082
1.2726167
-0.0017920367
0.63664805
-0.63656864
-0.0018246974
0.0017493792
-0.001735549
0.63663421
0.63613537
0.63725881
-0.63727785
-0.0018786337
0.0018597101
-0.0019424126
0.6373415
0.0018274398
0.63737613
0.63692987
-0.6369252
-0.0019001669
0.0021110795
-0.0021408507
0.63695962
0.0020298876
0.63709654
0.63649458
-0.63649198
-0.0021428307
0.0020999459
-0.0021530532
0.63654768
0.0020716917
0.63665997
0.63595829
-0.63595822
-0.0022489147
0.0021816002
-0.0022320786
0.63600876
0.002181203
0.63612305
0.63526272
-0.63526563
-0.0023180666
0.0023028104
-0.0023248555
0.63528475
0.0022799929
0.635496
0.63441464
-0.63439524
-0.0024004607
0.0023611894
-0.0023802423
0.63443366
0.002341382
0.63463548
0.63333851
-0.63332153
-0.0024467264
0.0024337685
-0.0024251949
0.63332992
0.0023911284
0.63365103
0.63195357
-0.63194262
-0.0024781002
0.0024700655
-0.0024808898
0.63196437
0.0024563413
0.63235565
0.60399628
-0.60407621
-0.0023416628
0.0023986625
-0.0023199327
0.60391753
0.0024517094
0.62285733
0.62676187
-0.62675424
-0.0025397691
0.0025022187
-0.0025105473
0.62677018
0.0024541767
0.61874404
0.62641278
-0.62643473
-0.0025461522
0.0025342942
-0.0025436903
0.62642218
0.0025271745
0.62669966
0.62471261
-0.62471789
-0.002525675
0.0025033373
-0.0024976086
0.62470687
0.0025059728
0.62510129
0.62283125
-0.62284763
-0.0024738039
0.0024638494
-0.002447265
0.62281465
0.0024763515
0.62326699
0.62135941
-0.6213786
-0.0024146452
0.0024082564
-0.0023892291
0.62134037
0.0024224222
0.62169928
0.61986983
-0.61988898
-0.0023410707
0.0023362213
-0.0023175457
0.61985115
0.0023540523
0.62023422
0.61839474
-0.61841766
-0.002255346
0.0022559334
-0.0022334225
0.61837222
0.0022774581
0.61872415
0.61705588
-0.61708177
-0.0021557297
0.0021607841
-0.0021352132
0.6170303
0.0021857339
0.61735442
0.61581762
-0.61584575
-0.0020468241
0.0020551011
-0.0020271494
0.61578966
0.0020823635
0.61609114
0.61470127
-0.61473307
-0.0019259
0.0019374562
-0.0019053771
0.61466918
0.0019685797
0.61493374
1.2267909
0.0034492876
1.2266441
0.0018244647
1.2727169
-0.0014984498
0.0030597675
1.2731353
-0.0017501595
0.63698322
-0.63690378
-0.0017815896
0.0016816065
-0.0017684092
0.63707001
0.6363944
0.63740799
-0.63740393
-0.0018539197
0.001812515
-0.0018685527
0.63746402
0.0018324075
0.63732323
0.63704702
-0.63704367
-0.0019733275
0.0019317195
-0.0019856954
0.63710098
0.0019026693
0.63718902
0.63660308
-0.63660195
-0.0020831971
0.0020425322
-0.0020687754
0.63662931
0.0020156728
0.63676942
0.63605607
-0.63603225
-0.0021829001
0.0021435069
-0.0021669551
0.6360795
0.002093889
0.63624757
0.63534706
-0.6353516
-0.0022453993
0.0022074337
-0.0022279257
0.63536754
0.0021862197
0.63555776
0.63446324
-0.63444533
-0.0023215649
0.0022836394
-0.0023026808
0.63448226
0.0022667532
0.63470938
0.63340354
-0.63336249
-0.0023878163
0.0023268619
-0.0023423305
0.63341899
0.0023108253
0.63366643
0.63197063
-0.63196034
-0.0023898817
0.0023838038
-0.0023925001
0.63197931
0.0023711296
0.63238244
0.60368412
-0.60376285
-0.0022502886
0.0023035802
-0.0022318582
0.60361237
0.0023629372
0.62265668
0.62679422
-0.62678715
-0.0024358685
0.0023995487
-0.0024074649
0.62680211
0.0023584758
0.61892448
0.62644151
-0.62645925
-0.0024348466
0.0024302103
-0.0024339332
0.62644523
0.002415721
0.62672351
0.6246898
-0.62469248
-0.0024182976
0.0023942945
-0.0023897929
0.62468529
0.0023938954
0.6250976
0.62277066
-0.62278408
-0.0023722799
0.0023593054
-0.0023488066
0.62276017
0.0023706625
0.62321628
0.62128481
-0.62130305
-0.0023146523
0.0023080893
-0.0022902879
0.62126701
0.0023263555
0.62163071
0.61979802
-0.61981526
-0.0022489864
0.0022434918
-0.0022267976
0.61978132
0.0022591397
0.62016826
0.61830697
-0.61832835
-0.0021697675
0.0021702134
-0.0021492308
0.61828598
0.0021901506
0.61864202
0.61695538
-0.61698006
-0.0020756927
0.0020808635
-0.0020564905
0.616931
0.0021044701
0.61725801
0.61570715
-0.61573443
-0.001970457
0.0019791729
-0.001952065
0.61568003
0.0020056009
0.61598421
0.614576
-0.6146065
-0.0018539523
0.0018654893
-0.0018347014
0.61454521
0.0018954472
0.61481402
1.2265008
0.003323155
1.226358
0.0017578279
1.273232
-0.001714232
0.003242506
1.2731362
-0.001456547
0.63718644
-0.63715896
-0.0017141614
0.0016160011
-0.0016761146
0.63724653
0.63639408
0.63747825
-0.63744874
-0.0018085762
0.0017932976
-0.0018227184
0.63750766
0.0017378781
0.63759579
0.63723444
-0.63723229
-0.0019221154
0.0018824146
-0.0017824675
0.63713448
0.0018545364
0.63722581
0.63673015
-0.6366795
-0.0020267519
0.0019882359
-0.0019877098
0.63672961
0.0019626801
0.63684807
0.63614629
-0.63612396
-0.0021206161
0.0020582236
-0.0020802514
0.63616831
0.0020354542
0.63631527
0.63542695
-0.63538211
-0.0022027695
0.0021419896
-0.0021611726
0.63544612
0.0021221208
0.63563913
0.63450777
-0.63449115
-0.0022229507
0.002214531
-0.0022308931
0.63452412
0.0021720944
0.63477943
0.63341285
-0.6333984
-0.0022840824
0.0022513008
-0.0022654775
0.63342702
0.0022365536
0.63372868
0.6319839
-0.63199942
-0.0023075032
0.0022784882
-0.0022883445
0.63199372
0.002291936
0.63240545
0.60338646
-0.60346284
-0.0021664851
0.0022211018
-0.0021477722
0.60331311
0.002281782
0.62244665
0.62681654
-0.62681236
-0.0023369656
0.0023080887
-0.0023173911
0.62682583
0.0022724468
0.61908096
0.62646594
-0.62645954
-0.0023498765
0.0023013906
-0.0023096896
0.62647414
0.0023183451
0.62671623
0.62466184
-0.62466834
-0.0023101545
0.0022878922
-0.0022824078
0.62465635
0.0022835181
0.62510493
0.62273357
-0.62274179
-0.0022758816
0.0022565436
-0.0022509357
0.62272798
0.0022668119
0.62317545
0.62121694
-0.62123308
-0.0022192723
0.002211948
-0.0021964738
0.62120147
0.0022288075
0.62156042
0.6197343
-0.61974951
-0.0021624708
0.002156492
-0.0021417783
0.61971958
0.0021699394
0.6201112
0.6182252
-0.61824512
-0.0020897371
0.0020901398
-0.0020705885
0.61820564
0.0021085492
0.6185661
0.61685956
-0.6168831
-0.0020008164
0.0020061338
-0.0019828729
0.61683629
0.0020285109
0.61716669
0.61560003
-0.61562648
-0.0018991283
0.001908254
-0.0018819678
0.61557373
0.0019338628
0.61588057
0.61445579
-0.61448506
-0.0017868107
0.0017983395
-0.0017687614
0.6144262
0.0018272044
0.61469874
1.2262203
0.003205924
1.2260826
0.0016957154
1.2732297
-0.0014223045
0.0029209884
1.273383
-0.0016749402
0.63730887
-0.63728235
-0.0016489929
0.0016035683
-0.0016625421
0.63736784
0.63664444
0.63759395
-0.63756551
-0.0017646553
0.0017256026
-0.0017539661
0.6376223
0.0017222068
0.63768783
0.63721588
-0.63718828
-0.0018737653
0.0018359111
-0.0018366684
0.63721662
0.0018091164
0.63733337
0.636777
-0.63677848
-0.0019481772
0.0019105245
-0.0019608569
0.63682732
0.0019127797
0.63694606
0.63620832
-0.6362114
-0.0020369865
0.002002274
-0.0020230923
0.63622913
0.0019807201
0.63640194
0.63547789
-0.63545957
-0.0021144772
0.0020814437
-0.002099545
0.63549597
0.0020626656
0.63568905
0.63457159
-0.63455603
-0.0021556483
0.0021497499
-0.0021397343
0.63456156
0.002132381
0.63482104
0.63346772
-0.63345447
-0.0021868388
0.0021821827
-0.0021951694
0.63348069
0.0021685855
0.63375937
0.63202228
-0.63201296
-0.0022322967
0.0022306106
-0.0022148416
0.6320065
0.0021942357
0.63245079
0.60309924
-0.60316825
-0.002093804
0.0021457136
-0.0020750937
0.6030286
0.0022086918
0.62224878
0.6268243
-0.62682423
-0.0022503134
0.0022332025
-0.0022325625
0.62682361
0.0021986219
0.6192215
0.62647535
-0.62647368
-0.0022354313
0.002238536
-0.0022370958
0.62647389
0.0022279944
0.62672635
0.62464018
-0.62464454
-0.0022107379
0.0021868937
-0.0021876484
0.62464092
0.0021873288
0.62511274
0.6227172
-0.62272126
-0.0021909514
0.0021717561
-0.0021700363
0.62271545
0.002175913
0.62314736
0.62115752
-0.62117186
-0.0021316504
0.0021250655
-0.0021110974
0.62114354
0.002140635
0.62149644
0.61967798
-0.61969149
-0.0020820839
0.0020761019
-0.002062967
0.61966484
0.0020878746
0.62006172
0.61814896
-0.61816755
-0.0020151979
0.0020156594
-0.0019973904
0.61813068
0.0020326974
0.61849591
0.61676805
-0.61679055
-0.0019309051
0.0019364159
-0.0019141743
0.6167458
0.0019576941
0.61707994
0.61549616
-0.6155218
-0.0018326658
0.0018421829
-0.0018167014
0.61547067
0.001866976
0.61578019
0.61434026
-0.6143684
-0.0017242342
0.0017358046
-0.0017073267
0.61431178
0.0017636736
0.61458754
1.2259492
0.0030969254
1.2258151
0.0016378052
1.2737286
-0.0016424363
0.002857638
1.2738765
-0.0013855507
0.6374273
-0.63742714
-0.0015861085
0.0015423524
-0.0016002789
0.63748521
0.63658492
0.63770553
-0.63767809
-0.0017232994
0.0016858848
-0.0017132572
0.63773289
0.0016579896
0.63782578
0.63731917
-0.63726827
-0.0018283378
0.0017922182
-0.0017919683
0.63731891
0.0017409554
0.63743902
0.63689679
-0.6368739
-0.0019239215
0.0018639352
-0.0018866022
0.63691946
0.0018660422
0.63701546
0.63629004
-0.63626998
-0.0019830552
0.0019504031
-0.0019702471
0.63630988
0.0019298526
0.63646012
0.63554884
-0.63553146
-0.0020566755
0.0020258032
-0.0020176164
0.63554063
0.0020066898
0.63576305
0.63460617
-0.63459153
-0.0020941349
0.0020651503
-0.0020796078
0.63462061
0.0020500035
0.63485753
0.63349278
-0.63348058
-0.0021466823
0.0020939747
-0.0021046361
0.63350343
0.0021066546
0.63378592
0.63200909
-0.63202506
-0.0021393908
0.0021393621
-0.0021484031
0.63201811
0.0021286576
0.63246895
0.60282464
-0.60289004
-0.0020285555
0.0020810208
-0.0020119474
0.60275556
0.0021430496
0.62204622
0.62682303
-0.6268275
-0.0021831918
0.0021750292
-0.0021752066
0.62682317
0.0021368235
0.6193555
0.62646025
-0.62646512
-0.0021581216
0.0021715083
-0.0021669981
0.62645575
0.0021664573
0.62670265
0.62462996
-0.62463365
-0.0021261441
0.002110823
-0.0021083487
0.62462748
0.0021118802
0.62511454
0.6226902
-0.62270033
-0.0021074357
0.0021000849
-0.0020885035
0.62267861
0.0021034042
0.62313637
0.62110303
-0.62111634
-0.0020530159
0.0020477015
-0.0020346227
0.62108994
0.0020621355
0.62143736
0.61962717
-0.6196395
-0.0020079495
0.0020024627
-0.0019903638
0.61961507
0.0020132563
0.62001715
0.6180776
-0.61809503
-0.0019458866
0.0019464776
-0.0019293266
0.61806044
0.0019623567
0.61843066
0.61668052
-0.61670204
-0.0018657563
0.0018714634
-0.0018501764
0.61665922
0.0018917439
0.61699732
0.6153955
-0.61542035
-0.0017709216
0.0017807969
-0.0017561096
0.6153708
0.0018047646
0.6156831
0.61422894
-0.61425608
-0.0016660108
0.0016777041
-0.0016501918
0.61420142
0.0017046897
0.61448001
1.225687
0.0029957915
1.2255578
0.0015838908
1.2739644
-0.0016088478
0.0027982659
1.2741088
-0.001354218
0.63756745
-0.63751712
-0.0015765243
0.0015343535
-0.0015658072
0.63759889
0.6368022
0.63781328
-0.63778677
-0.0016845321
0.0016486828
-0.0016496551
0.63781424
0.0015962088
0.63793449
0.63739314
-0.6373941
-0.0017603831
0.0017513793
-0.0017756878
0.63741744
0.0017264931
0.63753983
0.63696064
-0.6369641
-0.0018523127
0.0018195194
-0.0018413223
0.63698244
0.0017970562
0.63713314
0.63636816
-0.63634893
-0.0019334431
0.0019026458
-0.0019217023
0.63638721
0.0018829058
0.63654141
0.63559095
-0.63557439
-0.0020037859
0.001949515
-0.0019659124
0.63560734
0.0019578421
0.63580705
0.63463743
-0.63462357
-0.0020380021
0.002011057
-0.0020247612
0.63465111
0.0019966867
0.63491609
0.63353825
-0.63350153
-0.0020873645
0.0020621733
-0.0020481417
0.63352421
0.0020503131
0.63383446
0.63204619
-0.63203753
-0.002077703
0.0020801623
-0.0020891013
0.63205513
0.0020697405
0.63248438
0.60256365
-0.60262756
-0.0019698653
0.0020171652
-0.0019565044
0.60250299
0.0020569497
0.6218617
0.62682041
-0.62682136
-0.0021267494
0.0021126299
-0.0021111476
0.62681893
0.0020793953
0.61949071
0.62644172
-0.62642165
-0.002118675
0.0021053745
-0.002075884
0.62641222
0.0020999669
0.62667323
0.62462078
-0.62462106
-0.0020560845
0.002041438
-0.002039223
0.62461855
0.0020418534
0.62510677
0.62264901
-0.62265868
-0.0020345289
0.0020269592
-0.0020175442
0.62263957
0.0020318983
0.62311337
0.62105187
-0.62106436
-0.0019824971
0.0019783292
-0.0019660561
0.62103958
0.001991993
0.62138158
0.61957974
-0.61959141
-0.0019397848
0.0019351988
-0.0019236372
0.61956817
0.0019455976
0.61997501
0.61801048
-0.61802691
-0.0018814122
0.0018822072
-0.0018660051
0.61799427
0.0018971645
0.61836944
0.61659675
-0.61661735
-0.0018051031
0.0018109669
-0.0017906027
0.61657638
0.0018303146
0.6169185
0.61529801
-0.61532207
-0.001713696
0.0017238688
-0.0016999761
0.61527411
0.0017469904
0.61558936
0.61412129
-0.61414756
-0.0016119616
0.0016238579
-0.0015971819
0.61409461
0.0016500624
0.61437571
1.2254337
0.0029019923
1.2253079
0.0015337606
1.2741944
-0.0013240687
0.0027430747
1.2743346
-0.001578397
0.63767868
-0.6376546
-0.0015437378
0.0014775513
-0.0015081172
0.63770924
0.63696516
0.63791652
-0.63789185
-0.0016218856
0.0016140096
-0.0016396399
0.63794215
0.001587862
0.63801427
0.63748914
-0.63746544
-0.0017208664
0.0016879264
-0.0017114475
0.63751265
0.0016893341
0.63761178
0.63704671
-0.63702546
-0.0018096783
0.0017784728
-0.0017995635
0.6370678
0.0017567473
0.63722109
0.63644336
-0.6364248
-0.0018880371
0.0018588948
-0.0018518947
0.63643635
0.0018397965
0.6366187
0.63565537
-0.63561415
-0.001955538
0.0019284975
-0.0019187783
0.63564564
0.0019121345
0.63587353
0.63469118
-0.634678
-0.0019868853
0.0019618001
-0.0019736092
0.63470299
0.0019481174
0.63494643
0.63355713
-0.63354629
-0.0020084324
0.0019851252
-0.0019958667
0.63356786
0.0019738469
0.63385507
0.63205487
-0.63204677
-0.0020473389
0.0020013035
-0.0020345214
0.63208809
0.0020166382
0.63249941
0.60231778
-0.60237899
-0.0019134629
0.0019586585
-0.0019003204
0.60225943
0.0020022555
0.62166984
0.62681463
-0.62681421
-0.0020657181
0.0020505172
-0.0020481304
0.62681223
0.0020185105
0.61962176
0.62639503
-0.62642631
-0.0020281764
0.0020188417
-0.0020371432
0.6264133
0.0020336958
0.62662907
0.62461227
-0.62461351
-0.0019901284
0.0019731158
-0.0019739078
0.62461298
0.0019737743
0.62510176
0.62261159
-0.6226204
-0.0019682111
0.001961962
-0.0019523757
0.62260197
0.0019691486
0.62308109
0.62100406
-0.62101572
-0.0019192784
0.0019157756
-0.001904442
0.62099271
0.0019282635
0.62132965
0.61953384
-0.61954527
-0.0018772384
0.0018738591
-0.0018624494
0.61952242
0.0018842757
0.61993336
0.61794689
-0.61796251
-0.0018214579
0.0018225902
-0.0018071583
0.61793145
0.0018368674
0.6183113
0.61651665
-0.61653635
-0.0017486764
0.00175467
-0.0017352023
0.61649718
0.0017731404
0.61684327
0.61520372
-0.61522697
-0.0016607344
0.0016711339
-0.001648041
0.61518062
0.0016933939
0.61549904
0.61401683
-0.61404234
-0.0015619139
0.001574077
-0.0015481281
0.61399087
0.0015995749
0.6142743
1.2251888
0.00281533
1.2250677
0.0014873203
1.274418
-0.0012956179
0.0026919384
1.2745544
-0.0015505421
0.63778675
-0.63773784
-0.001513249
0.0014484771
-0.0014782251
0.6378165
0.63712501
0.63801757
-0.63796717
-0.001614829
0.0015809191
-0.0015812522
0.6380179
0.0015564743
0.63811548
0.6375821
-0.63755913
-0.0016843262
0.0016783095
-0.0016756483
0.63757943
0.0016294752
0.63773167
0.63713013
-0.63710951
-0.0017705026
0.0017407266
-0.0017612302
0.63715063
0.0017196223
0.63728095
0.63649076
-0.63647275
-0.0018211825
0.0018189377
-0.001836831
0.63650865
0.0018003628
0.6366683
0.63569167
-0.63570188
-0.0018862669
0.0018608867
-0.0018747604
0.63570554
0.0018451202
0.63593747
0.63471595
-0.63472866
-0.0019151876
0.0019171499
-0.0019296597
0.63472844
0.0019040449
0.63499968
0.63359929
-0.63356364
-0.0019852541
0.0019623896
-0.0019485482
0.63358544
0.001927562
0.6338976
0.6320863
-0.63207835
-0.0019719713
0.0019772942
-0.0019845455
0.63209355
0.0019682519
0.63251158
0.60208124
-0.60213895
-0.0018599516
0.0019043982
-0.0018445853
0.60202142
0.0019489339
0.62146822
0.62680415
-0.62680474
-0.0019986266
0.001983072
-0.001978459
0.6267995
0.0019562413
0.61973857
0.62639478
-0.62637469
-0.0019936733
0.0019609694
-0.0019552208
0.62638902
0.0019727707
0.62659966
0.62460948
-0.62461018
-0.0019284682
0.0019183252
-0.0019163038
0.62460745
0.0019196646
0.62509539
0.62257655
-0.62258486
-0.0019062123
0.0018999978
-0.0018914673
0.62256802
0.0019079624
0.62304373
0.62095967
-0.62097053
-0.0018622481
0.0018594182
-0.0018488004
0.62094905
0.0018705109
0.62128336
0.61948815
-0.61949961
-0.0018200611
0.0018180678
-0.0018065913
0.61947666
0.0018286938
0.6198911
0.6178861
-0.61790109
-0.0017659458
0.0017676242
-0.0017527791
0.61787125
0.0017814408
0.61825532
0.61644007
-0.6164589
-0.0016963253
0.001702501
-0.0016838713
0.61642143
0.0017201758
0.61677135
0.61511262
-0.61513508
-0.001611791
0.0016223778
-0.0016000744
0.61509031
0.0016437939
0.61541214
0.61391517
-0.61394001
-0.0015157249
0.0015281892
-0.001502895
0.61388987
0.0015530231
0.61417557
1.2249524
0.0027354625
1.2248344
0.0014444566
1.274636
-0.0012692779
0.0026450375
1.2747685
-0.0015248783
0.63789196
-0.63786918
-0.0014595409
0.00142161
-0.0014761351
0.63794649
0.63725655
0.63809118
-0.63809247
-0.0015584007
0.0015267616
-0.001550974
0.63811539
0.0015011134
0.63821577
0.63767137
-0.63764904
-0.0016507368
0.0016205865
-0.0016427864
0.63769356
0.0015978718
0.63779792
0.63718481
-0.6371647
-0.0017346375
0.0017061638
-0.0017261641
0.6372048
0.0016855898
0.63736399
0.63653509
-0.63654297
-0.0017834267
0.0017570582
-0.0017999476
0.63657798
0.0017389123
0.63674149
0.63572448
-0.63573523
-0.0018464542
0.001822545
-0.0018370936
0.63573901
0.0018326916
0.63597381
0.63476522
-0.63475308
-0.0018986833
0.0018768513
-0.0018888862
0.63477726
0.0018388391
0.63505092
0.63361508
-0.63360539
-0.001915841
0.0019212331
-0.0019054147
0.63359925
0.0018857425
0.63393919
0.63208925
-0.6320827
-0.0019485853
0.0019052586
-0.0019109882
0.63209497
0.0019229219
0.63252036
0.6018451
-0.60190462
-0.0018025721
0.0018492655
-0.0017922137
0.60178803
0.0018977808
0.62127628
0.62678853
-0.62679174
-0.0019343065
0.0019204162
-0.0019184134
0.62678646
0.0018965781
0.61984461
0.62637808
-0.62635529
-0.0019444598
0.0019305093
-0.0019032233
0.62635078
0.0019165176
0.62660951
0.62460701
-0.62461113
-0.0018821638
0.0018727615
-0.0018664429
0.62460069
0.0018776162
0.62508398
0.62253914
-0.62254979
-0.0018508312
0.0018483841
-0.0018377135
0.62252846
0.0018536078
0.62301934
0.62091775
-0.62092811
-0.0018105504
0.0018084416
-0.0017982887
0.62090759
0.001818653
0.62124139
0.61944206
-0.61945363
-0.0017681589
0.0017675984
-0.001756011
0.61943046
0.0017784092
0.61984798
0.61782741
-0.61784194
-0.001715069
0.0017175422
-0.0017031171
0.61781298
0.0017310679
0.61820075
0.61636668
-0.61638476
-0.0016481054
0.0016546263
-0.0016367194
0.61634877
0.0016716316
0.61670232
0.61502462
-0.61504632
-0.0015667118
0.0015775218
-0.0015559558
0.61500305
0.0015981704
0.61532843
0.61381607
-0.61384029
-0.0014732734
0.0014860635
-0.0014613712
0.61379138
0.0015102633
0.6140794
1.2247237
0.0026623671
1.22461
0.0014051547
1.2748486
-0.001245096
0.0026022575
1.2749775
-0.001501363
0.63799458
-0.63797235
-0.0014336408
0.0013969583
-0.0014508326
0.63804845
0.63738549
0.63821229
-0.63816319
-0.001555567
0.0014996677
-0.0015232886
0.63823591
0.0014755266
0.63831265
0.63773478
-0.6377385
-0.0015945481
0.0015911572
-0.0016127914
0.63775641
0.0015690169
0.63788628
0.63726409
-0.63724445
-0.0017018935
0.0016736058
-0.0016941758
0.63728465
0.0016545465
0.63744401
0.63660431
-0.63661259
-0.0017490214
0.0017238298
-0.001740903
0.63662137
0.0017060783
0.63681303
0.635782
-0.63576776
-0.0018103598
0.0017877239
-0.001801877
0.63579615
0.0017728657
0.63603381
0.63478856
-0.63480218
-0.0018356536
0.0018151907
-0.0018521938
0.63482555
0.0018028935
0.63507405
0.63362635
-0.63361754
-0.0018756037
0.0018575749
-0.001866189
0.63363495
0.001848058
0.63395291
0.63208052
-0.63210396
-0.0018731249
0.0018610442
-0.0018661005
0.63208556
0.0018805714
0.63254597
0.60161236
-0.60167184
-0.0017492304
0.0017968886
-0.001739661
0.60155511
0.001849379
0.62107099
0.62678673
-0.62678594
-0.0018785897
0.0018620844
-0.001861742
0.62678635
0.0018402436
0.61994202
0.62634239
-0.62634589
-0.0018662344
0.0018520529
-0.0018767036
0.62636701
0.0018589955
0.62657647
0.62458282
-0.62458853
-0.0018256395
0.0018153913
-0.0018119781
0.62457938
0.0018205167
0.62506359
0.62249831
-0.6225082
-0.0018007746
0.0017981683
-0.0017885634
0.62248869
0.0018082949
0.62298704
0.62087773
-0.62088757
-0.0017636424
0.0017621668
-0.0017525832
0.62086813
0.0017714754
0.62120261
0.61939567
-0.61940727
-0.0017215713
0.0017223454
-0.0017107729
0.61938409
0.0017331263
0.61980462
0.61777018
-0.61778439
-0.0016691924
0.0016726908
-0.0016585548
0.61775604
0.0016860271
0.61814708
0.61629595
-0.61631343
-0.0016042653
0.0016113831
-0.0015940283
0.61627859
0.001627884
0.61663556
0.61493942
-0.61496047
-0.0015254833
0.0015366454
-0.0015157063
0.61491848
0.001556671
0.61524746
0.61371935
-0.61374298
-0.0014344911
0.0014476373
-0.0014235015
0.61369521
0.001471244
0.61398566
1.2245026
0.0025958658
1.2243915
0.0013693578
1.2750555
-0.0012222146
0.0025630371
1.2751816
-0.0014808666
0.63809489
-0.63807315
-0.0014100366
0.0013489983
-0.0014022982
0.63814819
0.63748747
0.63830566
-0.63828259
-0.0015043093
0.0014750753
-0.0014726712
0.63830325
0.0014514589
0.63838185
0.63782053
-0.63779929
-0.0015921559
0.0015389984
-0.0015856174
0.63786715
0.0015173753
0.63797445
0.63734259
-0.63732338
-0.0016466647
0.0016460323
-0.0016651329
0.63736168
0.0016264
0.63749774
0.63667308
-0.63665629
-0.0017176726
0.0016935916
-0.0017102885
0.63668977
0.0016762211
0.63685655
0.63583923
-0.63582531
-0.0017776433
0.0017560919
-0.0017699552
0.63585308
0.0017415462
0.63609132
0.63483462
-0.63482323
-0.0018271131
0.0017824886
-0.001793833
0.63484596
0.0017958334
0.63509716
0.63363435
-0.63362628
-0.0018394784
0.0018231623
-0.0018311046
0.63364229
0.0018142399
0.63396527
0.63207374
-0.63209467
-0.0018353757
0.0018218913
-0.0018260378
0.63207786
0.0018181184
0.63256371
0.6013774
-0.60143761
-0.0017027847
0.0017504374
-0.0016928136
0.60131976
0.0018064458
0.62085548
0.62679297
-0.62679315
-0.0018216774
0.0018099207
-0.001808453
0.62679144
0.0017928149
0.62001579
0.6263391
-0.62633737
-0.0018153363
0.0018064907
-0.0018030821
0.62633569
0.0018066632
0.62658306
0.62457523
-0.62457547
-0.001783215
0.0017730381
-0.0017735247
0.62457569
0.0017734371
0.62505505
0.62246246
-0.62247079
-0.0017551079
0.0017524545
-0.0017444895
0.62245449
0.0017611656
0.62295026
0.62083993
-0.62084919
-0.0017214566
0.0017211181
-0.0017119456
0.62083075
0.001729327
0.62116789
0.61934966
-0.61936107
-0.0016804242
0.0016823474
-0.0016710233
0.61933833
0.0016927994
0.61976213
0.61771395
-0.61772794
-0.0016286886
0.0016333845
-0.0016194421
0.61770001
0.0016465806
0.61809405
0.61622713
-0.6162442
-0.0015651324
0.0015731254
-0.00155612
0.61621012
0.0015893051
0.61657037
0.6148565
-0.61487704
-0.0014882123
0.0014999286
-0.0014794523
0.61483602
0.0015195285
0.6151685
0.6136248
-0.6136479
-0.0013993441
0.0014129087
-0.0013892629
0.61360114
0.0014359967
0.61389409
1.2242881
0.0025360597
1.2241806
0.0013370866
1.2752597
-0.001202328
0.0025295611
1.2753815
-0.0014616884
0.63821866
-0.63817182
-0.0013887232
0.0013543153
-0.0013815782
0.63824593
0.63758572
0.63837155
-0.63834895
-0.001481115
0.0014529775
-0.0014756282
0.6383942
0.0014298153
0.63850017
0.63790433
-0.63788356
-0.0015670678
0.0015150624
-0.0015357298
0.63792499
0.0014939029
0.63805973
0.63741832
-0.63739955
-0.0016197707
0.0016202823
-0.0016134892
0.63741152
0.001601095
0.63757611
0.63673929
-0.63669744
-0.0017146351
0.0016661935
-0.0016825215
0.6367556
0.0016481865
0.63692606
0.6358943
-0.63585522
-0.0017480109
0.0017274161
-0.0017410605
0.63590794
0.0017131282
0.63612341
0.63487956
-0.63486842
-0.001771268
0.0017783971
-0.0017641378
0.63486529
0.0017665803
0.63514585
0.63366543
-0.6336578
-0.0017821427
0.001792479
-0.0018000501
0.63367301
0.0017839483
0.63397458
0.63208849
-0.63208518
-0.001800167
0.0017895251
-0.0017927044
0.63209164
0.0017862491
0.6325516
0.60114518
-0.60120242
-0.0016648043
0.0017139465
-0.001654782
0.601086
0.0017702688
0.62065527
0.62678241
-0.62678432
-0.001784553
0.001779391
-0.0017747387
0.62677773
0.0017595168
0.62009509
0.62632823
-0.6263554
-0.0017720229
0.001765723
-0.0017640598
0.62632656
0.0017692572
0.62658869
0.62457166
-0.62457324
-0.0017420912
0.0017360348
-0.0017321902
0.62456781
0.0017375762
0.62505248
0.62243238
-0.62243964
-0.0017147362
0.0017128842
-0.0017061278
0.62242563
0.0017203791
0.62291865
0.62080345
-0.62081239
-0.0016838344
0.0016846301
-0.0016753316
0.62079417
0.0016926156
0.62113595
0.61930498
-0.61931599
-0.0016449597
0.0016479668
-0.0016370509
0.61929408
0.0016578528
0.61972176
0.61765836
-0.61767222
-0.0015937936
0.0015998055
-0.0015859641
0.61764452
0.0016129181
0.61804147
0.61615939
-0.61617626
-0.0015309544
0.0015400579
-0.001523199
0.61614252
0.0015560958
0.61650602
0.61477515
-0.61479536
-0.0014550491
0.0014675451
-0.0014473399
0.61475494
0.001486934
0.61509071
0.61353212
-0.61355478
-0.0013678418
0.0013819174
-0.0013586741
0.61350887
0.0014045951
0.61380433
1.2240796
0.0024828788
1.2239739
0.001308303
1.2754591
-0.0011853571
0.0024997574
1.2755774
-0.0014439135
0.63828965
-0.63826869
-0.0013696943
0.0013108002
-0.0013631564
0.638342
0.63765754
0.63846124
-0.63843905
-0.0014604697
0.0014333739
-0.0014547411
0.63848261
0.0014106048
0.63859133
0.63798633
-0.63796599
-0.0015447371
0.0014938374
-0.0015140868
0.63800658
0.0014985973
0.63811778
0.63746689
-0.63744854
-0.0015957245
0.0015719032
-0.0016156271
0.63751061
0.0015531273
0.63765179
0.63680399
-0.63678796
-0.0016635538
0.0016416419
-0.0016321521
0.63679449
0.0016505185
0.63696747
0.63592321
-0.6359351
-0.0016959165
0.0017016367
-0.0017151031
0.63593667
0.0016875799
0.63618104
0.63489825
-0.63488733
-0.0017692525
0.001726616
-0.001737532
0.63490915
0.0017149522
0.63519271
0.6336701
-0.63366267
-0.001779169
0.0017399408
-0.0017726648
0.63370281
0.0017315904
0.63400821
0.63207512
-0.63207226
-0.0017714153
0.0017623148
-0.0017651187
0.63207791
0.0017587492
0.6325651
0.6009153
-0.60097105
-0.0016329156
0.00168232
-0.0016272086
0.60086017
0.0017159546
0.62044785
0.62676257
-0.62676643
-0.0017571768
0.0017533429
-0.0017490772
0.62675829
0.0017339702
0.62017719
0.62632077
-0.62632122
-0.0017377453
0.0017333204
-0.0017328789
0.62632031
0.0017378265
0.62657108
0.6245585
-0.62456164
-0.001705137
0.0017006005
-0.0016973439
0.62455524
0.0017046578
0.62504024
0.62240549
-0.62241206
-0.0016808134
0.0016797831
-0.0016731749
0.62239888
0.0016863827
0.62289067
0.62076918
-0.62077704
-0.001652273
0.001652637
-0.0016452194
0.62076178
0.0016596995
0.62110627
0.61926175
-0.61927248
-0.0016155911
0.0016199962
-0.001609255
0.61925101
0.0016296377
0.61968299
0.617603
-0.61761684
-0.0015645117
0.0015719226
-0.0015580551
0.61758913
0.001585089
0.61798893
0.61609195
-0.61610881
-0.0015017724
0.0015121312
-0.0014952445
0.61607506
0.0015281861
0.61644185
0.61469458
-0.61471467
-0.0014260948
0.001439562
-0.0014194468
0.61467446
0.001458931
0.61501328
0.61344093
-0.61346326
-0.0013399947
0.0013547019
-0.0013317496
0.61341797
0.0013770985
0.61371587
1.223876
0.0024364927
1.2237732
0.0012830312
1.275655
-0.0011697925
0.0022188623
1.2760253
-0.0011736864
0.63838464
-0.63836399
-0.001352966
0.0012950792
-0.0013470589
0.63843662
0.63772781
0.63852307
-0.63852673
-0.0014168513
0.0013907349
-0.0014381667
0.6385705
0.0013938276
0.63865556
0.63806674
-0.63804678
-0.0015251609
0.0014753137
-0.0014951967
0.63808661
0.0014804363
0.63819981
0.63753929
-0.63752134
-0.0015745638
0.0015518605
-0.0015697291
0.63755715
0.0015334767
0.63772586
0.63684176
-0.6368261
-0.0016408249
0.0016200325
-0.0016356188
0.63685734
0.0016038446
0.63703275
0.63595143
-0.63596349
-0.0016722234
0.0016534729
-0.0016921931
0.63599014
0.0016650314
0.63621133
0.6349416
-0.63493084
-0.0017196093
0.0017032753
-0.0017140343
0.63495236
0.0016917602
0.63521357
0.63369961
-0.63369224
-0.00172913
0.0017414483
-0.0017488218
0.63370699
0.001733161
0.63401609
0.63208584
-0.63208322
-0.0017471796
0.0017393079
-0.001741867
0.63208839
0.0017605171
0.63252996
0.60069149
-0.60074879
-0.0016068222
0.0016567853
-0.0016060557
0.60064075
0.0017175722
0.6202364
0.62673973
-0.6267442
-0.0017335549
0.0017339202
-0.0017293197
0.62673512
0.0017132566
0.62026037
0.62631736
-0.62631971
-0.0017179686
0.001715804
-0.001713337
0.62631489
0.0017202415
0.62656102
0.62454413
-0.62454813
-0.0016768857
0.0016756181
-0.0016713492
0.62453985
0.0016801595
0.62502339
0.62237827
-0.62238552
-0.0016521821
0.0016542101
-0.0016473631
0.6223714
0.0016603737
0.62286537
0.62074419
-0.62074967
-0.0016289152
0.001628992
-0.0016257949
0.62074094
0.0016344322
0.62108452
0.61921841
-0.61922935
-0.001592438
0.0015986662
-0.0015875942
0.61920732
0.0016086325
0.61964368
0.61754729
-0.61756127
-0.0015405551
0.0015493972
-0.001535355
0.61753324
0.0015628126
0.61793568
0.61602419
-0.61604118
-0.0014773828
0.0014890358
-0.001471998
0.61600715
0.0015052299
0.61637729
0.61461415
-0.61463425
-0.0014013423
0.0014158982
-0.0013957364
0.61459398
0.0014353813
0.61493559
0.61335078
-0.61337288
-0.0013158145
0.0013312771
-0.0013085067
0.61332801
0.0013535155
0.61362821
1.2236767
0.0023969015
1.2235749
0.0012612265
1.2761034
-0.0014118397
0.0024535704
1.2762146
-0.0011610524
0.63850391
-0.63845795
-0.0013385399
0.0012816421
-0.001307763
0.63853003
0.63777131
0.63861087
-0.63861483
-0.0014012784
0.0013760978
-0.0014232406
0.63865801
0.0013794842
0.63874323
0.63814483
-0.63812611
-0.0014819173
0.0014849922
-0.0014790569
0.63813889
0.0014394059
0.63830604
0.63761022
-0.63759261
-0.0015563482
0.0015347319
-0.0015522619
0.63762774
0.0015166849
0.63777303
0.63690361
-0.63686282
-0.001621208
0.0016015335
-0.0016168149
0.63691888
0.001585683
0.63709663
0.63600444
-0.63601665
-0.0016517491
0.0016339979
-0.001647167
0.63601759
0.0016203135
0.63626629
0.63495906
-0.63494841
-0.0016985805
0.0016832218
-0.0016938652
0.6349697
0.0016718469
0.63525924
0.63370398
-0.63372182
-0.0017081232
0.0016959386
-0.0017287774
0.63373679
0.0016875569
0.63404945
0.63206964
-0.63206709
-0.0017272711
0.0017202494
-0.0017227809
0.63207216
0.0017159056
0.6325724
0.60048149
-0.60053334
-0.0015908586
0.0016390724
-0.0015855997
0.600428
0.0016995744
0.62002104
0.62671749
-0.62672145
-0.0017176754
0.0017181253
-0.001711801
0.62671115
0.0016966981
0.62034474
0.62630742
-0.62630978
-0.0017016767
0.0017011792
-0.0016988317
0.62630507
0.0017036492
0.62655135
0.62452509
-0.62453021
-0.0016569718
0.0016585394
-0.0016532039
0.62451974
0.0016643102
0.62500219
0.6223492
-0.62235711
-0.0016326357
0.0016363012
-0.0016279693
0.62234084
0.001643345
0.62283965
0.62073791
-0.62073804
-0.0016155758
0.0016109874
-0.0016122087
0.62073905
0.0016150783
0.62106531
0.61917308
-0.61918465
-0.0015748974
0.0015830863
-0.0015713165
0.61916129
0.0015938115
0.61960195
0.61749067
-0.61750492
-0.0015213806
0.0015316207
-0.0015172815
0.61747632
0.001545442
0.61788102
0.61595571
-0.6159729
-0.0014573995
0.0014702991
-0.0014530466
0.61593845
0.0014867069
0.61631199
0.61453338
-0.6145536
-0.0013806737
0.0013963519
-0.0013760687
0.61451309
0.0014160123
0.61485726
0.61326124
-0.61328322
-0.0012952798
0.0013116179
-0.0012889315
0.61323855
0.0013337942
0.61354089
1.2234804
0.0023643052
1.2233808
0.0012428929
1.2760383
-0.0011453185
0.0024374525
1.2761456
-0.0014060308
0.63859659
-0.63855081
-0.0013264177
0.0012705497
-0.0012963712
0.63862241
0.6380692
0.63872228
-0.63867542
-0.0014137473
0.0013894678
-0.0013853124
0.63871812
0.0013675809
0.63883157
0.63822269
-0.63817782
-0.0014942543
0.0014463387
-0.0014656583
0.63824201
0.001426507
0.6383602
0.63767892
-0.63766257
-0.0015401824
0.0015205544
-0.0015378143
0.63769618
0.0015027704
0.63784453
0.63696435
-0.6369238
-0.0016049058
0.0015863079
-0.0015759225
0.63695396
0.0015707054
0.63715938
0.63605686
-0.6360438
-0.0016347503
0.0016180411
-0.0016310704
0.63606988
0.0016299295
0.6362952
0.63497614
-0.63496556
-0.0016810648
0.0016413286
-0.0016772575
0.63501207
0.0016554547
0.63527904
0.6337344
-0.6337267
-0.0017163683
0.0016795803
-0.0016863004
0.63374112
0.001696351
0.63405803
0.63207952
-0.63207725
-0.0017111602
0.0017060201
-0.0016829232
0.63205641
0.0017009609
0.63256584
0.60027492
-0.60032707
-0.0015765728
0.0016237706
-0.0015748763
0.60022601
0.0016612078
0.61982747
0.62669871
-0.62670163
-0.0017037968
0.0017064085
-0.0017013448
0.62669363
0.0016841758
0.62042766
0.62629727
-0.62630003
-0.0016913064
0.00169243
-0.0016896069
0.62629444
0.0016947018
0.62654198
0.62450298
-0.62450862
-0.0016437218
0.001646989
-0.0016413141
0.6244973
0.0016538201
0.62497648
0.62231686
-0.62232547
-0.0016180498
0.0016243777
-0.0016161018
0.62230857
0.001631397
0.62281225
0.6207303
-0.62073438
-0.0016048202
0.0016088249
-0.0016025616
0.62072403
0.0016076955
0.62106566
0.61912473
-0.61913709
-0.0015619075
0.0015718921
-0.0015593375
0.61911216
0.0015834333
0.61955691
0.61743274
-0.61744734
-0.0015063566
0.0015179185
-0.001503213
0.61741802
0.0015322118
0.61782458
0.61588634
-0.61590375
-0.0014413802
0.0014554316
-0.0014379535
0.61586886
0.0014720813
0.61624577
0.61445207
-0.61447243
-0.0013639051
0.0013806707
-0.0013602512
0.61443165
0.0014005081
0.61477822
0.61317194
-0.61319389
-0.0012783564
0.0012956732
-0.0012730081
0.61314928
0.0013178417
0.6134536
1.2232866
0.0023387436
1.2231874
0.0012279565
1.2762264
-0.0011365836
0.0021706485
1.2765852
-0.0013976798
0.6386629
-0.63866827
-0.0012910405
0.0012618723
-0.001312911
0.63871394
0.63811083
0.63880728
-0.63878614
-0.0013776837
0.0013797776
-0.0013754114
0.63880292
0.0013325657
0.63891824
0.63827503
-0.63825586
-0.0014574063
0.0014358656
-0.0014549963
0.63829415
0.0014162202
0.63843812
0.63772219
-0.63773055
-0.001503505
0.0015093414
-0.001526421
0.63773926
0.0014917385
0.63791517
0.63699792
-0.63698296
-0.0015920493
0.0015489854
-0.0015639309
0.63701286
0.0015589782
0.63719596
0.63610773
-0.63609583
-0.0016203683
0.0016057286
-0.0016186361
0.63612063
0.0015922988
0.63634905
0.6350172
-0.63503312
-0.0016408087
0.0016538526
-0.0016643397
0.63502767
0.0016427278
0.63532371
0.63373974
-0.63375698
-0.0016778932
0.0016669848
-0.0016751244
0.63374786
0.0016582194
0.63409276
0.63206174
-0.6320602
-0.0016993891
0.001670228
-0.0016968593
0.63208836
0.0016897476
0.63256202
0.60007958
-0.60012712
-0.0015690259
0.0016149615
-0.0015683237
0.60003294
0.0016513614
0.61963227
0.62668392
-0.62668634
-0.0016957327
0.0016955894
-0.0016908723
0.62667919
0.0016746231
0.62051
0.62628465
-0.62628815
-0.0016845029
0.0016864014
-0.0016830696
0.62628131
0.0016866756
0.62653937
0.62447948
-0.6244855
-0.0016351335
0.0016397438
-0.0016339886
0.62447371
0.0016469987
0.62494801
0.62228765
-0.62229366
-0.0016128066
0.0016176573
-0.001615151
0.62228516
0.0016241301
0.62278527
0.62070218
-0.62070974
-0.0015970739
0.0016030952
-0.0015957548
0.62069485
0.0016078585
0.62105432
0.61907336
-0.61908644
-0.0015525704
0.0015641757
-0.0015508784
0.61906006
0.0015765359
0.61950877
0.6173733
-0.61738829
-0.0014949516
0.0015077545
-0.0014926562
0.6173582
0.0015225205
0.61776628
0.61581609
-0.61583372
-0.0014289441
0.001444042
-0.0014263621
0.61579841
0.0014609287
0.61617859
0.61437023
-0.61439072
-0.0013508419
0.001368618
-0.0013480894
0.6143497
0.0013885899
0.61469857
0.61308263
-0.61310462
-0.0012649795
0.0012833704
-0.0012606955
0.61305995
0.0013055447
0.61336617
1.2230943
0.0023203638
1.2229969
0.0012163596
1.2766678
-0.0011296462
0.002419836
1.2767666
-0.0011364707
0.63875411
-0.63873385
-0.00128348
0.001255716
-0.0013055317
0.63880393
0.63812689
0.63886605
-0.63884505
-0.0013696312
0.0013469962
-0.0013679962
0.63888704
0.0013510376
0.63897869
0.63835134
-0.63833231
-0.0014487859
0.0014280433
-0.0014470571
0.63837035
0.001408526
0.63851722
0.63779127
-0.63779975
-0.0014943959
0.0015010797
-0.0015180697
0.63780825
0.0014835774
0.63798436
0.63703215
-0.6370427
-0.0015572008
0.0015404629
-0.0015808287
0.6370725
0.0015250266
0.63725769
0.63613375
-0.63612092
-0.001611707
0.0015970339
-0.00160984
0.63614655
0.0015836745
0.63640258
0.63505902
-0.63502321
-0.0016570598
0.001644656
-0.0016550581
0.63506942
0.0016336651
0.6353425
0.63377267
-0.63376432
-0.0016682029
0.0016578588
-0.0016662183
0.63378103
0.0016489725
0.63410284
0.63206672
-0.63206538
-0.0016907529
0.0016878615
-0.0016888431
0.63206772
0.0016814913
0.63258667
0.59989575
-0.59994106
-0.0015647869
0.0016092402
-0.0015625558
0.59984907
0.0016443075
0.61943695
0.62666822
-0.62667234
-0.0016870818
0.0016883625
-0.001687477
0.62666729
0.0016669353
0.62059629
0.6262447
-0.62624867
-0.0016796021
0.0016825786
-0.0016786629
0.62624077
0.0016823287
0.62653715
0.62445594
-0.62446198
-0.0016310358
0.0016365229
-0.0016302037
0.6244496
0.0016434754
0.62491985
0.62228791
-0.62228775
-0.0016189276
0.0016183614
-0.0016200664
0.62228958
0.0016207015
0.62276775
0.62067365
-0.62068068
-0.001592761
0.0015994553
-0.0015924904
0.62066667
0.0016062092
0.62102925
0.61901906
-0.61903288
-0.0015464914
0.001559625
-0.0015455554
0.61900499
0.0015730846
0.6194568
0.61731229
-0.61732767
-0.0014868185
0.0015007849
-0.0014852925
0.6172968
0.0015159992
0.61770616
0.6157451
-0.6157629
-0.0014198273
0.0014358735
-0.0014180322
0.61572726
0.001452974
0.61611054
0.61428801
-0.61430857
-0.0013413138
0.001360004
-0.0013394146
0.61426742
0.0013800498
0.61461855
0.61299316
-0.61301523
-0.0012550779
0.0012746298
-0.00125196
0.61297049
0.0012967853
0.61327854
1.2229033
0.0023090754
1.2228066
0.0012079157
1.2765978
-0.001126246
0.0024179075
1.2766926
-0.0013866521
0.63887039
-0.63884978
-0.0012781726
0.0012522424
-0.0012765624
0.63889471
0.63837076
0.63894981
-0.63890338
-0.0013895781
0.0013421568
-0.0013375092
0.63894516
0.0013208032
0.6390897
0.63840178
-0.63838282
-0.001442868
0.0013973379
-0.0014418136
0.63844626
0.0014033985
0.63856959
0.63785919
-0.63784221
-0.0015137859
0.0014702504
-0.0014872405
0.63787618
0.0014782625
0.63802881
0.63711823
-0.6371033
-0.0015511499
0.001560637
-0.0015501225
0.63710773
0.0015451766
0.63731849
0.63618485
-0.63617209
-0.0016055504
0.0015917801
-0.0016045151
0.63619758
0.0015784513
0.63643051
0.63510051
-0.63509017
-0.001650441
0.001638984
-0.0016239196
0.63508544
0.0016281139
0.63538619
0.63380627
-0.63379783
-0.001661637
0.0016772849
-0.0016603876
0.63378938
0.0016430724
0.63416379
0.63206949
-0.6320437
-0.0016847442
0.0016820876
-0.0016583066
0.63204567
0.0016760264
0.63258774
0.59972135
-0.59976427
-0.0015610535
0.0016038207
-0.0015621055
0.59967963
0.0016399031
0.61923975
0.62666136
-0.62666238
-0.0016827957
0.0016823407
-0.0016785092
0.62665752
0.001662632
0.62067729
0.62625618
-0.62625877
-0.0016768837
0.001678943
-0.0016770888
0.62625431
0.0016781042
0.62651756
0.62442957
-0.62443617
-0.0016310977
0.0016386738
-0.0016324377
0.62442332
0.0016448228
0.62489392
0.62228392
-0.62228704
-0.0016213643
0.0016266324
-0.001621816
0.62227908
0.0016261361
0.62276793
0.620645
-0.62065238
-0.0015925336
0.0016002665
-0.0015928808
0.62063759
0.0016076923
0.62100052
0.61896158
-0.61897621
-0.001543357
0.001557794
-0.0015429758
0.61894674
0.0015722756
0.61940051
0.61724974
-0.6172655
-0.0014817604
0.0014967897
-0.0014809338
0.61723388
0.0015124034
0.61764437
0.61567353
-0.61569146
-0.0014138717
0.0014307773
-0.001412819
0.61565556
0.0014480619
0.61604171
0.61420561
-0.6142262
-0.0013351778
0.0013546798
-0.0013340821
0.614185
0.00137474
0.61453838
0.61290349
-0.61292569
-0.0012485562
0.0012693392
-0.0012467259
0.61288088
0.0012914335
0.61319074
1.2227134
0.0023043151
1.222619
0.0012023987
1.2770393
-0.0011261083
0.0024139702
-0.00112682
0.63896083
-0.63891378
-0.0012750778
0.0012244741
-0.0012482409
0.63898459
0.63833287
0.63900773
-0.63898688
-0.0013608844
0.001314126
-0.0013605062
0.63905411
0.0013183975
0.63914931
0.63847765
-0.63848419
-0.0014141053
0.0014202707
-0.0014392411
0.63849662
0.0014008169
0.63867293
0.63790173
-0.63788469
-0.0014851646
0.0014422801
-0.0014848191
0.63794427
0.0014502437
0.63809977
0.63715271
-0.63713769
-0.0015482726
0.0015074986
-0.001522534
0.63716774
0.0015174214
0.6373551
0.63623675
-0.63622402
-0.0015772877
0.0015642729
-0.0015515975
0.63622407
0.0015509547
0.6364828
0.63511731
-0.63510702
-0.0015965051
0.0015858715
-0.0015961805
0.63512762
0.0015751206
0.63540298
0.63379046
-0.6338073
-0.0016074518
0.0015984946
-0.0016070541
0.63379902
0.0015898361
0.6341725
0.63205114
-0.63204855
-0.0016324758
0.0016036089
-0.0015818229
0.63202936
0.0015971891
0.63261495
0.59954924
-0.59959473
-0.0014939148
0.0014995074
-0.0014504065
0.59950014
0.0015639803
0.6190326
0.62664212
-0.62665065
-0.0015811733
0.0015295301
-0.0015197271
0.62663235
0.0015239949
0.62073471
0.62625157
-0.62622701
-0.0015819915
0.0015357958
-0.0015087688
0.62622454
0.0015177553
0.62652721
0.62440427
-0.6244108
-0.0016392307
0.0016474505
-0.0016406913
0.62439753
0.001652559
0.624872
0.62226052
-0.62226704
-0.0016244021
0.0016320278
-0.0016252501
0.62225376
0.0016327246
0.62276929
0.62061391
-0.62062201
-0.0015945866
0.0016035999
-0.0015951305
0.62060546
0.0016114168
0.62096991
0.61890121
-0.61891655
-0.0015428931
0.0015583313
-0.0015429502
0.61888584
0.0015736038
0.61934066
0.61718579
-0.61720189
-0.0014796689
0.0014956393
-0.0014794743
0.61716963
0.0015115917
0.61758112
0.61560151
-0.61561955
-0.0014109753
0.0014286669
-0.0014106211
0.61558347
0.0014461006
0.61597222
0.61412322
-0.6141438
-0.001332301
0.0013525145
-0.0013319513
0.61410266
0.0013725314
0.6144583
0.6128137
-0.61283605
-0.0012453264
0.0012672877
-0.0012447909
0.6127912
0.0012893233
0.6131028
1.2225208
0.0023044155
0.0011984937
-0.6237511
-0.0010022596
0.62369367
0.00083051748
-0.00094256709
0.0010867393
0.00079889511
0.62382295
-0.62351735
-0.0012922447
0.62347715
0.0011103711
-0.0012227483
0.0013990308
0.0010660078
0.62354036
-0.62323192
-0.0016730785
0.62320332
0.0014681869
-0.001572992
0.0018026776
0.0014102352
0.62329215
-0.62296945
-0.0020759735
0.62289816
0.0018998756
-0.0019891352
0.0022273827
0.001790593
0.62298544
-0.62275637
-0.0025786224
0.62251646
0.0024061905
-0.0024773783
0.0027453071
0.0022647421
0.62272456
-0.62254105
-0.0051967735
0.62225774
0.0031338852
-0.0031854893
0.0037527324
0.0029312225
0.6225045
-0.620737
-0.014168727
0.62207907
0.0073586523
-0.0065899977
0.0054210462
0.0052200649
0.62111041
-0.61812732
-0.012718401
0.61560396
0.00947097
-0.0068073031
0.011857385
0.0054736728
0.62101839
-0.62180205
-0.011702379
0.62225548
0.013361323
-0.014981809
0.013365892
0.012846399
0.62008089
-0.6273481
-0.0072722305
0.62770781
0.0079215729
-0.0095919601
0.0061106774
0.0093483724
0.62235468
-0.62415453
-0.0062232071
0.62403081
0.0063151793
-0.006044737
0.005690891
0.0057782584
0.62385249
-0.61909089
-0.0062945664
0.61879219
0.0068624881
-0.005764582
0.0065337412
0.0038153112
0.61275921
-0.64273123
-0.0046828889
0.64768609
-0.0034741848
-0.0031605029
-0.0077574169
0.0064004963
0.63034431
-0.62240563
0.001789084
0.62382456
-0.0048651054
0.007854887
-0.0041913741
-0.0058361556
0.62434024
-0.62403129
0.0055804869
0.62051236
0.0047432674
-0.0026792233
0.0058584925
-0.00096086047
0.61946286
-0.62664172
-0.0042209426
0.62642364
0.0060728776
-0.0059938279
0.0058981422
0.0062028651
0.62629421
-0.62701125
-0.0058543019
0.62710732
0.0057727577
-0.0057579572
0.0054639039
0.0060625333
0.62670995
-0.62721057
-0.0053275493
0.62731879
0.0052582479
-0.0052496013
0.0049133106
0.0055417683
0.62694098
-0.62729305
-0.0047509634
0.62739471
0.0047127559
-0.0046882799
0.004382658
0.0049714988
0.62706023
-0.62732064
-0.0041922555
0.62743493
0.0042099042
-0.0041674889
0.004443789
0.62714375
-0.0011168544
0.62349275
-0.62366116
0.62359721
-0.62350808
-0.0010687396
0.62343702
0.0011326371
-0.0010435042
0.0012121142
0.00098922917
0.62358398
-0.0014314024
0.6231969
-0.62340668
0.6233303
-0.6232237
-0.0013824835
0.62313583
0.0014520402
-0.0013454139
0.0015538985
0.0012932388
0.62327572
-0.0018206227
0.62288326
-0.62311744
0.62299888
-0.62274877
-0.0022200152
0.62112025
0.0020017082
-0.0017515382
0.0023990239
0.0016558773
0.62294112
-0.0024419913
0.62229341
-0.62279366
0.62267995
-0.62238181
-0.012218114
0.62160204
0.0045799281
-0.0042817597
0.0064161899
0.0038896743
0.62228661
-0.011647088
0.6165943
-0.62084869
0.61582583
-0.61231793
-0.01810585
0.61689351
0.01871636
-0.015208458
0.018223901
0.011498258
0.61643147
-0.021262944
0.62037968
-0.62149272
0.62135625
-0.6216393
-0.0059474109
0.621562
0.011868108
-0.01215115
0.010776628
0.013907797
0.62024817
-0.0099163047
0.62758818
-0.62680574
0.62890754
-0.62905518
-0.0052781481
0.62896358
0.0064447939
-0.0065924213
0.0089717095
0.0075706306
0.62321852
-0.0079771534
0.62169506
-0.61811894
0.62087254
-0.62158307
-0.0058453212
0.62148422
0.0060837931
-0.0067943175
0.0061118362
0.0076316077
0.62126792
-0.0065082043
0.62216453
-0.62221241
0.62203621
-0.62184916
-0.0065713168
0.62162752
0.006599188
-0.0064121325
0.006809588
0.0062208455
0.62146328
-0.0069569371
0.6412683
-0.62771063
0.62769129
-0.62766282
-0.0073126523
0.62762476
0.0071558255
-0.007127343
0.0068088768
0.0069714394
0.62254211
-0.0067746368
0.62879699
-0.62394585
0.62385218
-0.62375183
-0.0071316283
0.62363094
0.007006501
-0.0069061208
0.0069731077
0.006778017
0.6234575
-0.0070712119
0.6233112
-0.61864011
0.6184422
-0.61824416
-0.0072311219
0.61790132
0.007281036
-0.0070829447
0.0073912099
0.0066798988
0.61069481
-0.006179245
0.6308411
-0.64950095
0.65027983
-0.65091124
-0.007440802
0.6515632
0.0065988932
-0.0072302366
0.0064700096
0.0074102625
0.63319703
-0.0058264072
0.62561299
-0.62497032
0.62520915
-0.62525942
-0.0066480648
0.62527284
0.0063455398
-0.0063958765
0.0062423037
0.006430294
0.62517165
0.0038443344
0.62183385
-0.6211091
0.62443293
-0.62586231
-0.0063492563
0.62611822
0.0034407513
-0.0048700691
-0.00013602404
0.0059874627
0.62588507
0.0097103203
0.61732412
-0.62488084
0.62330817
-0.62532581
-0.0045464577
0.62663726
-0.0041408552
0.0021232029
-0.0086873312
-0.0015222067
0.6265297
-0.0041024825
0.62594592
-0.62697029
0.62516199
-0.62171688
0.0089350353
0.62243315
-0.0026260848
0.0060712443
0.0021916341
-0.0094279569
0.61725693
-0.0053222127
0.62769365
-0.62747368
0.62763386
-0.62751904
0.0040431629
0.62598794
0.0038478568
-0.0037329698
0.0050503215
0.0036920145
0.62737978
-0.0048617193
0.62788096
-0.62754172
0.62769749
-0.62785533
-0.0048637065
0.62774102
0.0049955876
-0.005153348
0.0048460662
0.0051653384
0.62754786
-0.0042206533
0.62835338
-0.62754896
0.62773599
-0.62798937
-0.0042073982
0.62952642
0.0042976516
-0.0045509826
0.0046952585
0.62774688
-0.0017518201
0.62364847
-0.62394033
0.62708292
-0.63272448
-0.01393659
0.63370341
0.005325238
-0.010966787
0.0034841516
0.013555369
0.6351217
-0.0034659014
0.62060433
-0.62289586
0.62125804
-0.61625052
-0.014011047
0.61285347
0.0103328
-0.0053252404
0.013999806
0.0035664277
0.6209644
-0.017744385
0.61732911
-0.61612087
0.61257867
-0.6172174
-0.0090845146
0.62089799
0.012413916
-0.017052609
0.0092917407
0.017554304
0.61731355
-0.010700792
0.62149233
-0.62146546
0.62174885
-0.62170431
-0.0033235932
0.62155678
0.0047469981
-0.0047024191
0.0047232504
0.0056938999
0.62143239
-0.0042871254
0.62130564
-0.62051358
0.62137848
-0.62130574
-0.0039013135
0.62110372
0.0040339998
-0.0039612474
0.0042375995
0.0039747427
0.6211623
-0.0047869946
0.62101682
-0.6213779
0.62116177
-0.62093835
-0.0046947264
0.62073312
0.0048572607
-0.0046338255
0.0050620449
0.0044426785
0.62080532
-0.0053966057
0.62375344
-0.62893739
0.62887768
-0.62883393
-0.0055418019
0.62880324
0.0054992719
-0.0054555018
0.0056461591
0.0052903555
0.62278698
-0.0062432367
0.62099331
-0.62127248
0.62099784
-0.62077054
-0.006242965
0.62052986
0.0063485783
-0.006121263
0.0065816164
0.0058891409
0.62055743
-0.0071067136
0.6213717
-0.6214259
0.62121095
-0.62095724
-0.00721677
0.62072218
0.007282018
-0.0070282968
0.0075230192
0.0068258453
0.62060855
-0.0077624377
0.64257207
-0.62758741
0.62752708
-0.6274627
-0.0081064088
0.62738159
0.0079732463
-0.0079088538
0.0076768694
0.0077123925
0.6218125
-0.0077297583
0.62904497
-0.62350512
0.62337212
-0.62326759
-0.0080733105
0.62312759
0.0079336958
-0.0078291474
0.007503807
0.0076842636
0.62290097
-0.0065157847
0.62135681
-0.61660663
0.61298292
-0.60781623
-0.0030270289
0.6053013
0.005030827
0.00013591126
0.0079573247
0.0046991202
0.61904417
-0.0073053772
0.63126652
-0.65218031
0.65284482
-0.65343636
-0.0085233371
0.6540751
0.0077035969
-0.00829507
0.0075323422
0.0084198518
0.63389065
-0.0071325372
0.62588659
-0.62531932
0.6253699
-0.62539662
-0.007722883
0.62544166
0.007410198
-0.0074369054
0.0073363978
0.0074855998
0.62530481
-0.0068378215
0.62677024
-0.62621043
0.62628021
-0.62639154
-0.0074267809
0.62650512
0.0070667545
-0.0071780504
0.00698176
0.0072381022
0.62623642
-0.0064058622
0.6272875
-0.62693819
0.62704413
-0.62721632
-0.006950773
0.6273405
0.0065832499
-0.0067554102
0.0064642298
0.006855016
0.62706981
-0.0030864336
0.62678104
-0.62590056
0.6273944
-0.62775594
-0.0063807246
0.62792315
0.0057085426
-0.0060700522
0.0046090099
0.0063301445
0.6276242
0.0048329538
0.62301045
-0.62443496
0.62654188
-0.62790338
-0.0056010258
0.62826402
0.0026154764
-0.0039769249
-0.0014604616
0.0042310061
0.62794769
0.0034673013
0.62210485
-0.62595931
0.62253986
-0.62330745
0.0017085945
0.62677125
-0.01055551
0.0097879607
-0.0076841145
-0.004893301
0.62297959
0.010542655
0.63137192
-0.63419802
0.63907096
-0.6358124
0.0040580795
0.63063721
-0.0052366461
0.008495254
-0.0073603509
0.63875225
-0.0077779097
0.62267796
-0.62731644
0.62366381
-0.62266056
-0.001791525
0.62248025
0.0030555549
-0.0020522897
0.003338408
0.0017362936
0.6225724
-0.0049197
0.62184066
-0.61789032
0.62121405
-0.62201429
-0.0022909442
0.6220117
0.0025695643
-0.0033697662
0.0025259446
0.0034244466
0.62208448
-0.0028004938
0.62148975
-0.62177682
0.62175112
-0.62159888
-0.0026589269
0.62144463
0.0028077205
-0.0026554479
0.002943236
0.0025368178
0.62156718
-0.0034173964
0.6209908
-0.62138071
0.62120283
-0.62104327
-0.0032672867
0.62085731
0.0034384749
-0.0032788805
0.0036272645
0.0031048489
0.62097846
-0.004159474
0.62048707
-0.62092156
0.62070986
-0.62051808
-0.0040092193
0.6202989
0.0041953216
-0.0040035209
0.0043943036
0.003771805
0.62041046
-0.0050534115
0.62013658
-0.6205207
0.62027697
-0.62002598
-0.0048887052
0.61979313
0.0050865755
-0.00483557
0.0053457816
0.0046216168
0.61993058
-0.0058352132
0.62308037
-0.62871698
0.62857234
-0.62798968
-0.0064354428
0.62624662
0.0064592984
-0.0058766255
0.0061666561
0.0055548632
0.62189952
-0.0067519127
0.61997844
-0.62027909
0.6199932
-0.61972161
-0.0067147711
0.61941357
0.006884049
-0.006612445
0.0071574421
0.0063447392
0.61952433
-0.0078060239
0.62040752
-0.62047651
0.62022354
-0.6199298
-0.0078859996
0.61964263
0.0079847486
-0.0076909821
0.0082809874
0.0074204003
0.6195698
-0.0086264815
0.64369865
-0.62730263
0.62720073
-0.62709335
-0.0089570038
0.62697403
0.0088534389
-0.0087460415
0.0085934517
0.0085087869
0.62093198
-0.0087235155
0.62969543
-0.62298922
0.6228331
-0.62267468
-0.0090883013
0.62249799
0.0089755407
-0.0088171187
0.0089686891
0.0086399651
0.62224118
-0.00025725416
0.60609298
-0.60762403
0.61277222
-0.61634019
-0.0085735655
0.61859409
0.0036211984
-0.0071891727
0.0062257376
0.0084686968
0.62837415
-0.008514885
0.63193445
-0.654707
0.65533921
-0.65605161
-0.0095846239
0.65653331
0.0086595494
-0.0093720559
0.0085574447
0.0091349624
0.63354583
-0.0081972182
0.62613743
-0.62549795
0.62553039
-0.62558772
-0.008800723
0.62562795
0.0084639567
-0.0085212009
0.0084059269
0.0085366029
0.62544135
-0.0078490845
0.62719616
-0.62662389
0.62672501
-0.62684965
-0.0084963653
0.62696838
0.0080915807
-0.0082162044
0.0079717128
0.0083133823
0.6266281
-0.007264753
0.6278996
-0.62746651
0.62763694
-0.62780424
-0.0079142659
0.62796024
0.0074993298
-0.0076666177
0.0073353296
0.0078065074
0.62762692
-0.006588724
0.62851875
-0.6280771
0.6282639
-0.62846385
-0.007176102
0.62864236
0.006774485
-0.0069744158
0.006607288
0.0071412886
0.62826541
-0.005852384
0.62881421
-0.62842954
0.62862738
-0.62882796
-0.0063807258
0.62901635
0.0060098739
-0.0062104229
0.0058052214
0.0063972245
0.62867937
-0.0047887005
0.62875377
-0.62831098
0.62868318
-0.62889194
-0.0055584569
0.6291096
0.0052151996
-0.0054239217
0.004911246
0.005612213
0.62885543
-0.004310053
0.62869759
-0.62868797
0.62860897
-0.62877456
-0.0047402063
0.6290078
0.0044721671
-0.0046377207
0.0045803471
0.62868679
-0.0018562959
0.62208952
-0.62240119
0.62232001
-0.62221541
-0.0017266198
0.62213359
0.0018490909
-0.0017444623
0.0019333248
0.0016763536
0.62222287
-0.0022844638
0.62155818
-0.6218836
0.62175446
-0.62164947
-0.0021094565
0.62151882
0.0022505583
-0.0021455402
0.0023875751
0.002048524
0.62167315
-0.0027910688
0.62091466
-0.62128831
0.62115523
-0.62102167
-0.0026204011
0.62085929
0.0027881663
-0.0026545739
0.0029551069
0.0025022972
0.62102058
-0.0034515435
0.62025832
-0.62069311
0.62050258
-0.62033075
-0.0032627746
0.62013298
0.0034595221
-0.003287671
0.003661485
0.0031027514
0.62032897
-0.0042616359
0.61961185
-0.62007288
0.61983991
-0.61962935
-0.0040599162
0.61938931
0.0042812912
-0.0040707068
0.0045013759
0.003848535
0.61961412
-0.0052258906
0.61906317
-0.61952857
0.6192821
-0.61900348
-0.005030553
0.61871816
0.0052978565
-0.0050192132
0.0055605997
0.0047526905
0.61892829
-0.0084315981
0.62764256
-0.6238073
0.62204272
-0.6212699
-0.0062038812
0.62096441
0.0069819697
-0.00620913
0.0066535637
0.0058245565
0.61870874
-0.0072869997
0.61879321
-0.61914395
0.61883644
-0.61849242
-0.0071878705
0.61816302
0.0074101192
-0.0070661004
0.0077370923
0.0067776539
0.61869016
-0.0085119806
0.61922555
-0.61935292
0.61904351
-0.61872095
-0.008546243
0.61835633
0.008719261
-0.008396684
0.0090386357
0.0080483317
0.61830821
-0.009550316
0.64464569
-0.62684821
0.62670181
-0.62654127
-0.0098578003
0.62635903
0.0098022581
-0.0096417021
0.0095974371
0.0093504505
0.61985498
-0.0098420473
0.62963163
-0.6223195
0.6221169
-0.62192408
-0.010218361
0.62169934
0.010105129
-0.0099122942
0.010136887
0.009698901
0.62141973
-0.008209579
0.61514675
-0.62119787
0.62240157
-0.62250553
-0.01019235
0.62253858
0.0097211418
-0.0098251082
0.0086369671
0.0097893215
0.62923142
-0.0097262735
0.63257378
-0.65667466
0.65707246
-0.65747688
-0.0090765792
0.65624574
0.0099295198
-0.010333967
0.0098469634
0.0088533266
0.62598586
-0.0093607955
0.62641462
-0.62570205
0.62577194
-0.62586557
-0.010069481
0.62594165
0.0096675475
-0.0097611512
0.0095930138
0.0098101262
0.62563037
-0.0089148338
0.62775459
-0.62710489
0.62723761
-0.62739013
-0.0096412497
0.62756678
0.0091952793
-0.0093477791
0.0090135672
0.0094686193
0.62710197
-0.0082276705
0.62865325
-0.62815596
0.62832301
-0.62853163
-0.0089175366
0.62875754
0.0084622022
-0.008670807
0.0082629731
0.0088465683
0.62832271
-0.0073847555
0.62931167
-0.62884987
0.62904823
-0.62928277
-0.0080189491
0.62950386
0.0075784694
-0.0078129877
0.0073612509
0.0080229408
0.62908908
-0.0065061686
0.62963105
-0.62923837
0.6294692
-0.62965842
-0.0070662623
0.62990707
0.0066875113
-0.0068766989
0.0064500796
0.0071448011
0.62957172
-0.0055946357
0.6296617
-0.62931161
0.62956881
-0.62977666
-0.006114702
0.62999816
0.0057520203
-0.0059598504
0.0055160811
0.0062279607
0.62975367
-0.0047165403
0.62939773
-0.62916757
0.62940697
-0.62957357
-0.0051881851
0.62983818
0.0049226985
-0.0050892756
0.0053094802
0.6295329
-0.0017766979
0.62172018
-0.6220292
0.62192229
-0.62184246
-0.0016306131
0.62176152
0.0017352077
-0.0016553445
0.0018448724
0.0015875629
0.62192255
-0.0022104947
0.62105944
-0.62143831
0.62128093
-0.6211739
-0.0020133919
0.62106766
0.002167377
-0.0020603197
0.0023059638
0.0019361838
0.62122762
-0.0027360075
0.62028779
-0.62072286
0.62055794
-0.62041927
-0.0025342455
0.62025247
0.0027192016
-0.0025804998
0.0028936858
0.0024242181
0.62045518
-0.0034301713
0.61944972
-0.61995908
0.61975623
-0.6195494
-0.0032032339
0.61934367
0.003423186
-0.0032163324
0.0036122313
0.0030476077
0.61964275
-0.0043242342
0.61867335
-0.61916961
0.6189227
-0.61866951
-0.004048444
0.61843668
0.0043043767
-0.0040511632
0.0045697161
0.0038380899
0.61872716
-0.005389638
0.61791543
-0.6184501
0.6181504
-0.61786787
-0.0051060615
0.61755367
0.0053948936
-0.0051123614
0.0057144895
0.004819722
0.61784678
-0.0066041139
0.62757676
-0.62067414
0.62037684
-0.6200895
-0.00639296
0.6197454
0.0066522022
-0.0063648493
0.0068489674
0.0060186159
0.61743365
-0.0077711016
0.61736342
-0.61778721
0.61742858
-0.61704738
-0.0076263388
0.61663222
0.0078944328
-0.0075132344
0.0082946515
0.0071226784
0.61727942
-0.0092892899
0.61786952
-0.61797702
0.61760445
-0.61721604
-0.0092455347
0.61678167
0.0094494804
-0.0090610288
0.0098623701
0.0086792663
0.61686483
-0.010553332
0.64534796
-0.62617249
0.62595202
-0.62572408
-0.010827673
0.62546449
0.010839067
-0.010611112
0.010701589
0.010247114
0.61853331
-0.011073678
0.6294311
-0.62149203
0.62124285
-0.62101693
-0.011461406
0.62073838
0.011340421
-0.011114486
0.011408027
0.010862032
0.62041793
-0.010847277
0.62165145
-0.62284929
0.62290576
-0.62275704
-0.011611025
0.62263163
0.011323084
-0.011174365
0.011193469
0.011136358
0.62914578
-0.010900929
0.63255674
-0.65323175
0.65197683
-0.65212873
-0.012282067
0.6526026
0.011505726
-0.011657574
0.011338939
0.010182393
0.61038229
-0.010687342
0.62684305
-0.62604419
0.62617744
-0.62628605
-0.011507551
0.62642406
0.011045516
-0.011154116
0.010902133
0.011232364
0.62592216
-0.010043315
0.62847352
-0.62771542
0.62790795
-0.62808989
-0.010886744
0.62830893
0.010363306
-0.010545237
0.010176306
0.010743277
0.62776034
-0.0091987047
0.62955232
-0.62895788
0.62917874
-0.62944038
-0.0099645472
0.62972383
0.0094423864
-0.0097040149
0.0091942827
0.0099256863
0.62919431
-0.0081878013
0.6302545
-0.62978721
0.63003228
-0.63028945
-0.0088755895
0.63058391
0.0084096382
-0.0086667816
0.0081277196
0.0089211315
0.63005912
-0.0071568646
0.63061511
-0.63017032
0.63040695
-0.63068379
-0.0077692611
0.6309708
0.0073048795
-0.0075816961
0.007055951
0.007839258
0.63056042
-0.0061349283
0.63061325
-0.63027646
0.63051848
-0.63075732
-0.0066481252
0.63103604
0.0062860179
-0.0065248307
0.006024863
0.0067752733
0.63073182
-0.0051398563
0.63031032
-0.63003898
0.63028507
-0.63050103
-0.0055736659
0.63076547
0.0053268438
-0.0055427835
0.0057645779
0.63046074
-0.0016632995
0.62135233
-0.62165784
0.62157813
-0.62147498
-0.0016773982
0.62157083
0.0016129056
-0.0015097285
0.0017212179
0.001542485
0.62177719
-0.002070059
0.62055389
-0.62093484
0.62082791
-0.62069739
-0.001877648
0.62059136
0.0020402895
-0.0019097593
0.002154919
0.0018114132
0.62080727
-0.0026282534
0.61963875
-0.62008741
0.61994538
-0.61980209
-0.002374065
0.6196361
0.0025738058
-0.0024304913
0.00275035
0.002275168
0.61988113
-0.0033468272
0.61864859
-0.61915752
0.61894812
-0.61876035
-0.0030795406
0.61854661
0.0032962707
-0.0031084735
0.0035228141
0.0029105848
0.61887778
-0.0042687688
0.61761004
-0.61817291
0.61790942
-0.61764039
-0.0039622463
0.6173902
0.0042537553
-0.0039847003
0.004537836
0.0037336203
0.61778325
-0.005455248
0.61664078
-0.6172347
0.61690609
-0.61659478
-0.0050992505
0.61625201
0.0054389851
-0.0051276549
0.0057949727
0.004809997
0.61666305
-0.0075329818
0.62403273
-0.61933658
0.61833736
-0.61672338
-0.006626312
0.6157268
0.0083368635
-0.0067228672
0.011418557
0.006158131
0.61576801
-0.0082524772
0.61571075
-0.61619394
0.61584445
-0.61567826
-0.0080837045
0.61528733
0.0083603955
-0.0081941811
0.0088290961
0.0093123647
0.61818198
-0.010064164
0.61616874
-0.61637958
0.61590402
-0.61543999
-0.0099345484
0.61491101
0.010223032
-0.0097589487
0.010701766
0.0092614742
0.61506986
-0.011635062
0.64575769
-0.62519831
0.62490976
-0.62460085
-0.011866906
0.62424648
0.011963303
-0.011654373
0.011910172
0.011197887
0.61688055
-0.012458871
0.6290475
-0.62049168
0.62016847
-0.61989661
-0.012856258
0.61952381
0.01272132
-0.012449448
0.012841086
0.012143872
0.61917958
-0.012530531
0.62148102
-0.62248942
0.62236284
-0.62218161
-0.013274575
0.62209856
0.012896711
-0.012715503
0.012952518
0.012629707
0.62885764
-0.012429673
0.63298264
-0.65289837
0.65177249
-0.64701557
-0.0036222635
0.64009679
0.011645464
-0.0068885234
0.012779304
0.011362934
0.61549041
-0.012128267
0.62744253
-0.62655947
0.62671542
-0.62686897
-0.013075096
0.62704186
0.012557131
-0.012710659
0.012366103
0.01281749
0.62634792
-0.011322208
0.62937529
-0.62852849
0.62874318
-0.62901199
-0.012251425
0.62929221
0.011639528
-0.011908334
0.011375623
0.01212905
0.62860109
-0.010219261
0.63065343
-0.62998539
0.6302697
-0.63059868
-0.011059741
0.63091779
0.010482962
-0.010811932
0.01018005
0.011106544
0.63029159
-0.0090039249
0.63139971
-0.63086559
0.63118479
-0.63149227
-0.0097493228
0.63183798
0.0092304201
-0.0095378856
0.0088977576
0.0098443782
0.63125264
-0.0077842513
0.63169165
-0.63124331
0.63155246
-0.63184236
-0.0084216876
0.63215682
0.0079651569
-0.0082550393
0.0076485482
0.0085920036
0.63176452
-0.0066264401
0.63165957
-0.6313013
0.63159184
-0.63189458
-0.0071829819
0.63220772
0.0067344112
-0.0070371348
0.0064674144
0.007323599
0.63187498
-0.0055093471
0.63143158
-0.63101924
0.63129401
-0.63153164
-0.005979326
0.63185021
0.0056953561
-0.0059329709
0.0061836758
0.63152724
-0.0022893719
0.62184297
-0.62254186
0.62441215
-0.62551178
-0.0031394858
0.62496522
0.003077273
-0.0041768841
0.0018613809
0.0033898264
0.6235688
-0.0019109668
0.62005253
-0.62048616
0.62035626
-0.62025324
-0.0016746648
0.6201273
0.0018456538
-0.0017426174
0.0019811397
0.0016479458
0.62039747
-0.0024632954
0.61898038
-0.61949411
0.61932764
-0.61916209
-0.0021818681
0.61902196
0.0023939745
-0.0022284046
0.0025439785
0.0020989232
0.61933358
-0.0031945172
0.61776521
-0.61835648
0.61814115
-0.61794991
-0.0028592306
0.61773423
0.0031220909
-0.0029308184
0.0033290746
0.0027297292
0.61812419
-0.0041529481
0.61647398
-0.61714127
0.61686256
-0.61660396
-0.003763348
0.61632257
0.0040915044
-0.0038328699
0.0043909979
0.0035969463
0.61679742
-0.0054052571
0.61520652
-0.61590216
0.61556746
-0.61520732
-0.0049875003
0.61483833
0.0053828294
-0.0050226628
0.0057678307
0.0047070153
0.61538503
-0.0070122637
0.61739132
-0.61516876
0.61475003
-0.61432217
-0.0065531664
0.6137755
0.007007197
-0.0065793522
0.0075657068
0.0061720471
0.61408221
-0.0086539941
0.61373423
-0.61478638
0.61428851
-0.613896
-0.0093106349
0.61429235
0.008759551
-0.0083670064
0.0092895854
0.0085697851
0.61816641
-0.010826235
0.61411847
-0.61439143
0.61382184
-0.61323908
-0.010615974
0.612613
0.011010651
-0.010427826
0.011622663
0.009833852
0.61294781
-0.012816729
0.64581323
-0.62388801
0.62348522
-0.6230664
-0.012980522
0.62259161
0.01320222
-0.012783366
0.013262501
0.0122123
0.61482684
-0.014068938
0.6283909
-0.61921774
0.61878944
-0.61845863
-0.014469103
0.61795442
0.014310527
-0.0139797
0.014513509
0.01360944
0.61758364
-0.014342997
0.62172897
-0.6218986
0.62173357
-0.62154652
-0.015187098
0.621361
0.014705534
-0.01451851
0.014944513
0.01436199
0.62837701
-0.014111454
0.62819001
-0.63594025
0.63494269
-0.63498103
-0.015510906
0.63516279
0.014806894
-0.014845433
0.014668789
0.015047913
0.62713611
-0.013727121
0.62827122
-0.62720649
0.62741502
-0.62760727
-0.014880163
0.62785299
0.01418934
-0.014381552
0.013971086
0.014576637
0.62692562
-0.012687296
0.63052546
-0.62957114
0.62986386
-0.63020779
-0.013729101
0.63054487
0.013032027
-0.013375948
0.012705245
0.013681874
0.62970981
-0.011298956
0.63199675
-0.63128294
0.63163808
-0.63204032
-0.012246929
0.63242361
0.011580046
-0.011982272
0.011201852
0.012350827
0.63167102
-0.0098282189
0.6327616
-0.63217355
0.63254846
-0.6329155
-0.010656023
0.63331547
0.010054244
-0.010421257
0.0096722409
0.010795279
0.63266583
-0.0084302828
0.63300276
-0.63250313
0.63283155
-0.63323657
-0.0090940724
0.63359871
0.0085414233
-0.0089464265
0.0082021446
0.0093058398
0.63313755
-0.007103451
0.63286125
-0.63250349
0.63280978
-0.63314856
-0.0076241528
0.63347254
0.0072003472
-0.0075391191
0.0068744372
0.0078646578
0.6331692
-0.0054917115
0.63438204
-0.63210198
0.63278309
-0.63428165
-0.0044808204
0.6370708
0.0044833124
-0.0059818587
0.006586355
0.63300434
-0.0034276753
0.62265362
-0.62319612
0.62157926
-0.6208614
-0.0012470066
0.62064638
0.0021110693
-0.0013931871
0.0035820357
0.0012353035
0.62086228
-0.001853995
0.61974306
-0.62022656
0.62124868
-0.62336908
-0.0044645008
0.62497013
0.0024248213
-0.0045452216
0.0018066607
0.004832753
0.62340038
-0.0022115986
0.61833284
-0.61885874
0.61872159
-0.61858668
-0.001903135
0.61842889
0.0021256698
-0.0019907365
0.0022964781
0.0018428626
0.61877975
-0.002931907
0.61689432
-0.61754317
0.61732866
-0.61713967
-0.0025558761
0.61692766
0.002840067
-0.002651036
0.0030696057
0.002453358
0.61737621
-0.0039101861
0.61528491
-0.6160374
0.61577554
-0.61548813
-0.0034794114
0.61520069
0.0038414943
-0.0035540984
0.0041253982
0.0032897409
0.6157616
-0.0052515733
0.61364902
-0.61446355
0.6141079
-0.61372274
-0.0047424576
0.61333295
0.0051743417
-0.0047891689
0.0055881555
0.0044541573
0.6140292
-0.0070915214
0.61267354
-0.61309334
0.61255097
-0.61204484
-0.0064305539
0.61155555
0.0069810673
-0.006474951
0.0076435966
0.0060285054
0.61227839
-0.009089651
0.61188667
-0.61543134
0.61575709
-0.61545066
-0.0093280078
0.61550263
0.0089753408
-0.0086688858
0.0096232233
0.0087089614
0.62328
-0.011584484
0.61157187
-0.6119483
0.6112942
-0.61056217
-0.011207446
0.609797
0.011739091
-0.011007059
0.012508219
0.010311309
0.61034264
-0.014125806
0.64535525
-0.62211218
0.6215542
-0.62099383
-0.014171411
0.62034619
0.014559091
-0.013998663
0.014794307
0.013270474
0.61222448
-0.015967393
0.62742689
-0.61759334
0.61700477
-0.61660965
-0.016368478
0.61591727
0.016128855
-0.015733699
0.016462258
0.015294206
0.61553205
-0.016502138
0.62116067
-0.62115413
0.62097068
-0.62069402
-0.017601163
0.62051349
0.016812038
-0.016535343
0.017011672
0.016393678
0.62777432
-0.016558599
0.62875566
-0.635355
0.63554622
-0.63581527
-0.018020027
0.63606974
0.016753124
-0.017022061
0.016629796
0.017095101
0.62719474
-0.015576203
0.62935355
-0.62805301
0.62835911
-0.62863885
-0.016953069
0.6289709
0.016010991
-0.016290642
0.015709522
0.016479944
0.62774236
-0.014118104
0.63202731
-0.63090928
0.63132376
-0.63172942
-0.015364049
0.63217838
0.014546305
-0.014951938
0.014108453
0.015339191
0.63114495
-0.012404658
0.63364701
-0.63283923
0.63329706
-0.63376438
-0.013473289
0.63424198
0.012717153
-0.013184456
0.012256515
0.013656417
0.63339347
-0.010661586
0.63438915
-0.63371734
0.63414265
-0.63460813
-0.01151765
0.63505523
0.010853559
-0.011319014
0.01043119
0.011804712
0.63440249
-0.0090267683
0.6344787
-0.63399405
0.63436407
-0.63481195
-0.0097022868
0.63523442
0.0091364772
-0.0095843488
0.0087405102
0.0099987835
0.63476023
-0.0075069758
0.6347684
-0.6338544
0.63419753
-0.63479111
-0.0079644449
0.63637163
0.0073714106
-0.0079649677
0.0053451301
0.0083322273
0.63462668
-0.0033022804
0.63415931
-0.63778143
0.63672176
-0.63547233
-0.0049765029
0.63487117
0.0052951576
-0.0040457067
0.003388325
0.63962285
-0.0012101494
0.62025223
-0.62058216
0.62047298
-0.61991661
-0.00049872249
0.61951495
0.0011360873
-0.00057969232
0.0011004977
0.00050383809
0.61979093
-0.00092408221
0.62118198
-0.6255752
0.62503514
-0.6237023
0.00061152028
0.62247382
0.00011690134
0.0012159764
0.0012549024
0.00052211566
0.62441399
-0.0018915616
0.6177136
-0.61829879
0.61814676
-0.61802282
-0.0015844916
0.61790292
0.0018144845
-0.0016905086
0.0019503652
0.0015541484
0.61828807
-0.0025778807
0.61603652
-0.61671926
0.61653519
-0.61633166
-0.0021854807
0.61615524
0.0024879283
-0.0022843825
0.0027082596
0.0021216554
0.61668445
-0.0035639958
0.61409592
-0.61493775
0.61465206
-0.61439183
-0.0030234981
0.61411182
0.0034174203
-0.0031571796
0.0037242296
0.002895012
0.61475662
-0.0049235981
0.61199044
-0.6129918
0.61256753
-0.61217234
-0.0042859147
0.61179387
0.0048185427
-0.0044233375
0.0052522246
0.0040584616
0.61260111
-0.0068431279
0.61004136
-0.61102124
0.61045642
-0.60990434
-0.0060996569
0.60937128
0.0067352057
-0.0061831358
0.0074040402
0.0056755093
0.61031978
-0.011323556
0.61208279
-0.61708548
0.6193515
-0.62059061
-0.0094198618
0.61977133
0.010278613
-0.011517749
0.0099294018
0.0087558993
0.61263958
-0.012321682
0.60841773
-0.60899699
0.60815469
-0.60723672
-0.01171856
0.60634429
0.012382575
-0.011464649
0.013407256
0.010612188
0.60721109
-0.015548539
0.64417346
-0.61967108
0.61891773
-0.61813325
-0.015435701
0.61724863
0.016084745
-0.015300251
0.016555882
0.014344012
0.60888061
-0.018258504
0.62599071
-0.61548444
0.61467637
-0.61418215
-0.018654495
0.61325378
0.018259849
-0.017765578
0.018709408
0.017250582
0.61287079
-0.019043803
0.62046215
-0.62014346
0.62000805
-0.61968178
-0.020337757
0.61950126
0.019448228
-0.019121792
0.019643635
0.018764359
0.62670226
-0.019100606
0.62954935
-0.63632409
0.63654997
-0.63680064
-0.020786499
0.63709345
0.019243356
-0.019493854
0.019021779
0.019596589
0.62750799
-0.017646277
0.63085499
-0.62927806
0.62972915
-0.63008859
-0.019268989
0.63059473
0.018108737
-0.018468089
0.017662974
0.018795346
0.62903883
-0.015707223
0.63399827
-0.63267915
0.63317028
-0.63373821
-0.017109189
0.63432936
0.016113088
-0.016680984
0.015528044
0.017200093
0.63307233
-0.013542298
0.63564309
-0.63477242
0.63529119
-0.63584922
-0.014724743
0.63648543
0.013837108
-0.014395101
0.013255325
0.014985124
0.63551324
-0.011455495
0.6362393
-0.63556928
0.63605588
-0.63657862
-0.012357108
0.63714124
0.011621502
-0.012144217
0.01110084
0.012680992
0.63644552
-0.0095448939
0.63616964
-0.63568482
0.63612872
-0.63661897
-0.010242313
0.63710699
0.009645173
-0.010135415
0.0090853835
0.010601556
0.63660766
-0.0042190313
0.64179583
-0.63891374
0.64108952
-0.64130454
-0.0038073882
0.64011578
0.0035273382
-0.0037423411
0.0059743306
0.0074673806
0.64179512
-0.006694436
0.63384794
-0.63416706
0.6339437
-0.63423201
-0.0071558128
0.63463492
0.0068645671
-0.0071528652
0.0067893544
0.63478848
-0.00043404102
0.61966909
-0.61946093
0.61943822
-0.61946518
-0.00026695478
0.61944873
0.00027940429
-0.00030634408
-0.00033977145
0.00026348238
0.61958235
-0.0010428284
0.61901524
-0.62192301
0.62125019
-0.62011196
-0.00017322587
0.61942424
0.00079587683
0.00034236584
0.0010715752
-0.0018227485
0.6237323
-0.0015246527
0.61717361
-0.6177617
0.61762635
-0.61751864
-0.0011791968
0.61741924
0.0014087754
-0.0013010251
0.001553443
0.0011813431
0.61783038
-0.0020958854
0.61522672
-0.61595999
0.61581721
-0.61560775
-0.0016730509
0.61542762
0.0020110728
-0.0018016177
0.0022118435
0.0016819753
0.61605176
-0.003032671
0.61292581
-0.61383299
0.61358181
-0.61331284
-0.0024822825
0.61307374
0.0028681989
-0.0025991826
0.0031868261
0.0023566857
0.61380379
-0.0043782459
0.61028063
-0.61137313
0.61099619
-0.61057906
-0.0036932069
0.61025921
0.0042317442
-0.0038146369
0.0046516305
0.0034570583
0.61120229
-0.0063775526
0.60753449
-0.60877239
0.60819441
-0.607613
-0.0054287721
0.60704056
0.0062337595
-0.0056523704
0.0068760759
0.0051122876
0.60824535
-0.014484532
0.61630813
-0.61671894
0.61242254
-0.60941567
-0.0083446091
0.60777355
0.012162639
-0.0091557898
0.010995336
0.0076130525
0.60585469
-0.01288056
0.60438741
-0.6053142
0.60432929
-0.60317434
-0.011943
0.60207653
0.012904017
-0.011749116
0.014148633
0.010804732
0.60388432
-0.017084122
0.64194857
-0.61630752
0.61528831
-0.61417354
-0.016697911
0.61297176
0.017765605
-0.016650869
0.018573997
0.015356906
0.60447332
-0.021012994
0.62389448
-0.6126673
0.61160341
-0.61089615
-0.021432514
0.6096781
0.020917854
-0.020210617
0.02167099
0.019579954
0.60926525
-0.022113755
0.61976054
-0.61915378
0.6189146
-0.61868658
-0.023695554
0.6183175
0.022757748
-0.02252976
0.022909693
0.021942198
0.62530818
-0.021964259
0.63079703
-0.63738955
0.63777694
-0.63809144
-0.023273889
0.63785919
0.022273197
-0.022587627
0.021908262
0.023021852
0.62822136
-0.019879374
0.63296506
-0.63101675
0.63167712
-0.63222013
-0.02184514
0.63295323
0.020496674
-0.021039641
0.019853745
0.021546574
0.63093059
-0.017318958
0.63644482
-0.63494793
0.63562211
-0.63635149
-0.018947431
0.63709362
0.017709006
-0.018438363
0.017000159
0.019150941
0.63560839
-0.014644047
0.63806524
-0.63708801
0.63772555
-0.63840671
-0.015912717
0.63914566
0.014915523
-0.015596656
0.014219055
0.016306522
0.63809789
-0.01216049
0.63840799
-0.63774268
0.63836624
-0.63895474
-0.013095296
0.63958613
0.01236209
-0.012950566
0.011770541
0.013578261
0.63884563
-0.0099868227
0.63854982
-0.63761619
0.63811442
-0.63865976
-0.010707327
0.6392039
0.010058246
-0.010603565
0.0095501004
0.011141573
0.63871063
-0.0078341597
0.63703177
-0.6393228
0.63946226
-0.64029327
-0.010515318
0.64179886
0.0080465264
-0.0088775273
0.0080565332
0.0091722906
0.64767705
-0.0068265132
0.63521154
-0.63496107
0.63534661
-0.63565431
-0.0072642257
0.63608298
0.006976956
-0.0072846497
0.0076684623
0.63600547
0.00016989707
0.62196752
-0.61945874
0.61977129
-0.62033703
-6.1414514e-05
0.62023202
-0.00056255959
-3.1540871e-06
-0.0021384391
9.8690517e-05
0.61960359
-0.00091456714
0.61863312
-0.61911438
0.61846401
-0.61831013
-0.0031452455
0.61866736
0.00085909241
-0.00070519141
0.00083928213
-0.00045876391
0.61947305
-0.0010411824
0.61666621
-0.61732178
0.61721055
-0.6171245
-0.00086344776
0.61715189
0.00093652166
-0.00085043735
0.0010078044
0.00082554836
0.61757702
-0.0015610789
0.61450589
-0.61530473
0.61513963
-0.61500717
-0.0010975368
0.61486017
0.0014072548
-0.0012747845
0.0015547017
0.0011340116
0.6154681
-0.002369285
0.61185185
-0.6128202
0.61257073
-0.61238439
-0.0017195706
0.6121532
0.0021157876
-0.0019294025
0.0024214024
0.0017439634
0.61297566
-0.003613491
0.60858186
-0.60982237
0.60946536
-0.60914448
-0.0027634124
0.60875777
0.0033269524
-0.0030061084
0.0037581732
0.0026796845
0.60985697
-0.0055731613
0.60491356
-0.60645373
0.60585632
-0.60526606
-0.0044567068
0.60470056
0.0053515993
-0.0047614157
0.0059747526
0.0042438659
0.60614493
-0.010600546
0.60839907
-0.60598337
0.60349579
-0.60176118
-0.0072821231
0.60051704
0.0093695652
-0.0076349734
0.012808837
0.0067407196
0.60207671
-0.013128964
0.59930824
-0.60085364
0.59999759
-0.59884466
-0.012954116
0.59864402
0.013095119
-0.011942174
0.014661454
0.012539738
0.60448307
-0.018692473
0.63815838
-0.61161224
0.61022278
-0.60856187
-0.017882759
0.60693955
0.019599091
-0.017938246
0.020967266
0.016160276
0.59859147
-0.024489314
0.62095947
-0.60880113
0.60736538
-0.60629767
-0.024948383
0.60460293
0.024299536
-0.023231949
0.025606432
0.022396435
0.60420996
-0.026346082
0.61939682
-0.61814084
0.61757962
-0.61698335
-0.028347068
0.61681497
0.027250953
-0.026655161
0.027362442
0.026257684
0.62365555
-0.023670344
0.63043447
-0.63600987
0.63325026
-0.63163195
-0.027165551
0.63166969
0.025259331
-0.023641223
0.025455971
0.025949905
0.63711507
-0.022452378
0.63588324
-0.63362893
0.63444694
-0.63528114
-0.02482938
0.6362756
0.023168291
-0.024002499
0.022211601
0.024769161
0.63373813
-0.019016708
0.63961571
-0.63789482
0.63879431
-0.63967673
-0.020927218
0.64069609
0.019424494
-0.020306888
0.018525201
0.021293273
0.63901057
-0.015698943
0.64096638
-0.63992293
0.64070998
-0.64158736
-0.017027013
0.64241205
0.015931126
-0.016808469
0.015114293
0.017679237
0.64131252
-0.012753366
0.64090849
-0.6402677
0.64094125
-0.64166225
-0.013733851
0.64238192
0.012925834
-0.013646828
0.012209856
0.014374288
0.64168463
-0.010279256
0.64015524
-0.63971951
0.640299
-0.6408687
-0.010988271
0.64147541
0.010372233
-0.010941917
0.0098081563
0.011538888
0.64107773
-0.011117899
0.64209535
-0.64470332
0.64641865
-0.64554277
-0.01039731
0.64354278
0.012829165
-0.011953277
0.0095679291
0.010159417
0.64112848
-0.0068356819
0.63645689
-0.63642239
0.63685384
-0.63717944
-0.0073087118
0.63764576
0.0069840357
-0.0073096229
0.0078827047
0.63780414
-0.00022385662
0.61937029
-0.61951879
0.61917291
-0.61916668
0.0003139978
0.61918962
-0.00024761729
0.00025385374
-8.6540268e-05
-0.00026593916
0.61934114
-0.002936559
0.61886639
-0.61891582
0.61827693
-0.61778712
0.00020762899
0.61770868
0.00075660704
-0.00026677553
0.0019308171
0.00013377822
0.61817906
-0.0035566294
0.6185674
-0.61772297
0.61865533
-0.6183545
-0.0019498402
0.61688412
0.0054597667
-0.0051589096
0.0045877748
0.0029709726
0.6180307
-0.00090593697
0.61399844
-0.61472141
0.61476575
-0.61531572
-0.0046904668
0.6163164
0.0014939384
-0.0020439656
0.00098892953
0.0036445965
0.61741119
-0.0014669613
0.61088611
-0.6119174
0.61175873
-0.61160143
-0.00098639213
0.61152339
0.0012609624
-0.0011037007
0.0014353542
0.0010144305
0.61236027
-0.0025706713
0.60703856
-0.6084376
0.6080982
-0.60781447
-0.0016390841
0.60750423
0.0021800203
-0.0018963093
0.0025481221
0.0016603902
0.60874233
-0.0043365285
0.60225624
-0.6041195
0.60356665
-0.60301671
-0.0030012081
0.6024937
0.0040110659
-0.0034611726
0.0045923888
0.003000108
0.60417317
-0.0077191647
0.59751376
-0.59940049
0.59824337
-0.59736113
-0.0056704528
0.59624284
0.0071205803
-0.0062383731
0.0084211754
0.005348688
0.59864492
-0.013111537
0.59361814
-0.59921131
0.59968719
-0.60065954
-0.016787329
0.60251569
0.013913231
-0.014885696
0.014710839
0.011278917
0.60423288
-0.022777378
0.62272745
-0.60450266
0.60030754
-0.59334016
-0.018897186
0.58877407
0.026630554
-0.019663192
0.039225025
0.016527066
0.58972093
-0.029152469
0.61633199
-0.60322955
0.60150092
-0.60047216
-0.030040142
0.59839385
0.028873764
-0.027844997
0.030651886
0.031616295
0.60480194
-0.031670821
0.61923677
-0.61641703
0.61624296
-0.61577022
-0.035568077
0.6157879
0.032714467
-0.032241764
0.032420557
0.031322246
0.62131502
-0.029478435
0.63257864
-0.63220718
0.63310265
-0.63377467
-0.032276137
0.63413638
0.03076026
-0.031432203
0.02964518
0.031405894
0.63933952
-0.0252661
0.64004382
-0.63726643
0.6384319
-0.63969346
-0.028157371
0.64104835
0.026041428
-0.027302988
0.024796749
0.02850256
0.637962
-0.020724204
0.64354267
-0.64174066
0.64287637
-0.64406949
-0.022806282
0.64533107
0.021074587
-0.02226765
0.019903946
0.023497313
0.64340985
-0.01662751
0.64443283
-0.64332796
0.64429988
-0.64527835
-0.018055442
0.64633429
0.01680437
-0.017782811
0.015844192
0.018857491
0.64524266
-0.01320026
0.6437564
-0.6431385
0.64392945
-0.64472422
-0.014212144
0.64558307
0.013322086
-0.01411684
0.01257991
0.014976794
0.64494717
-0.010602243
0.64187363
-0.64207205
0.64261965
-0.64279508
-0.011379668
0.64362361
0.010856278
-0.011031683
0.010145361
0.011823267
0.64382654
-0.0096585537
0.64509196
-0.64172697
0.64130677
-0.64242125
-0.0068802416
0.64504978
0.007749335
-0.0088638097
0.008000315
0.0095782536
0.64165774
-0.0067873118
0.63789142
-0.63812313
0.63858776
-0.63894887
-0.0071380636
0.63932028
0.0068779313
-0.0072390319
0.007665493
0.64119371
0.00059339036
0.61918213
-0.61922663
0.6193162
-0.61944941
0.00081792548
0.61948706
-0.00085481186
0.00072146545
-0.00068613818
-0.00059495114
0.61945231
0.00043001037
0.61725834
-0.6177087
0.61767019
-0.61764985
0.0006860025
0.61764288
-0.00056971561
0.00059010384
-0.00050001535
-0.00061186265
0.61803998
0.00020795324
0.61570752
-0.6160001
0.61589498
-0.6159126
0.00070068697
0.61590345
-0.00049510068
0.0004775043
-0.00011187445
-0.00050621362
0.61632428
-0.0034544151
0.61518016
-0.61586046
0.61472463
-0.61421548
0.00022926172
0.61412195
0.00096295787
-0.00045384173
0.0023341881
6.2097929e-05
0.61476839
-0.0038163342
0.61274406
-0.6121803
0.61317497
-0.61269011
-0.002172254
0.61145319
0.0058510134
-0.005366189
0.0049795307
0.0035261927
0.61355036
-0.0012370716
0.60583898
-0.60729709
0.60721359
-0.60836869
-0.0043849557
0.61047742
0.00092859775
-0.0020837514
0.001055216
0.0038962799
0.6106235
-0.0025638185
0.59986021
-0.60198812
0.60151113
-0.60109942
-0.0011081407
0.60073225
0.0021048616
-0.0016931622
0.0025551404
0.0013376871
0.60259038
-0.0056109944
0.59229935
-0.59534926
0.59430822
-0.59344821
-0.0032203111
0.59247287
0.0049266631
-0.0040666905
0.0058925584
0.0032305201
0.59538841
-0.015531149
0.59364517
-0.6019147
0.59815525
-0.5916969
-0.0095368474
0.58651637
0.017447629
-0.010989313
0.017004784
0.0074330656
0.58785594
-0.021405063
0.59283017
-0.58521883
0.58255547
-0.57867737
-0.018547037
0.57569835
0.023058476
-0.019180396
0.026811153
0.016259089
0.57924484
-0.035658898
0.60902332
-0.59593314
0.59305766
-0.58974317
-0.036401661
0.58615622
0.035299508
-0.031985376
0.038355742
0.029750448
0.59603984
-0.039868445
0.62512845
-0.61567481
0.61572719
-0.61564676
-0.044965561
0.61682552
0.039996109
-0.03991577
0.038720986
0.039255889
0.61818532
-0.034709471
0.63735221
-0.63369204
0.63445876
-0.63581107
-0.040120135
0.63771919
0.036342949
-0.03769503
0.034673076
0.038046798
0.6348854
-0.028310691
0.6457476
-0.64259637
0.64419247
-0.64595802
-0.032205419
0.6478897
0.029474604
-0.031240076
0.027813023
0.032972885
0.64420596
-0.022279303
0.64852653
-0.64662448
0.64807715
-0.64958568
-0.024965631
0.65118491
0.023037747
-0.024546215
0.021589729
0.026137257
0.64919818
-0.017331893
0.64842344
-0.64743653
0.64857097
-0.64972636
-0.018490508
0.65155864
0.017909003
-0.019064353
0.016615404
0.020297617
0.64993063
-0.012129733
0.64827564
-0.64653965
0.64844366
-0.65217984
-0.0077563301
0.65410884
0.0086018918
-0.012338054
0.0060934875
0.0145349
0.65002819
-0.003961948
0.64877225
-0.64523657
0.64672454
-0.64610407
-0.007941507
0.64601139
0.0036121192
-0.0029916309
0.0058153221
0.0038306599
0.64745542
-0.0045015124
0.64227511
-0.64633328
0.64406397
-0.64315963
-0.0083452725
0.64330328
0.0074249737
-0.0065206013
0.0074146743
0.006306561
0.64345349
-0.0065889858
0.63949154
-0.63957319
0.63997019
-0.64033796
-0.0068980773
0.64078552
0.0066368923
-0.0070046503
0.0073622151
0.64090264
0.00085027748
0.61876868
-0.61935033
0.61927314
-0.61932139
0.00075390478
0.61940625
-0.00093582397
0.00088754961
-0.00093637056
-0.00077011294
0.62004592
0.00088632762
0.61724793
-0.61769458
0.6177144
-0.61769332
0.00091570845
0.61772913
-0.00096739469
0.000988496
-0.0010223867
-0.0009376094
0.61810143
0.0010137847
0.61532095
-0.61584948
0.61593846
-0.61594985
0.0012196282
0.61596071
-0.0011267164
0.0011152997
-0.0011782723
-0.0010307463
0.61641534
0.00072941961
0.61329747
-0.61410097
0.61406537
-0.61375664
0.001401627
0.61359203
-0.00089505299
0.0012037495
-0.00097554034
-0.0011885167
0.61420413
0.0004815826
0.60987451
-0.61096141
0.61085102
-0.61087108
0.001363653
0.61087333
-0.00095523237
0.00093513642
-0.00092581849
-0.00098374164
0.61162657
-0.0051245501
0.60681756
-0.61082446
0.60826293
-0.60683011
0.0013189394
0.60624962
0.0015227364
-8.9941073e-05
0.0028434259
-0.0006871162
0.60763144
-0.0018075376
0.59959454
-0.60113995
0.60291321
-0.60439471
-0.0023330752
0.6026433
0.0041128395
-0.0055943526
0.0017552685
0.0050006018
0.6034255
-0.0024895408
0.5880109
-0.59171698
0.59085769
-0.59047648
-0.0026909987
0.59074008
0.0018722329
-0.0014912071
0.0021710889
0.0012388286
0.59325451
-0.0092366511
0.57884093
-0.58157069
0.5789121
-0.57600902
-0.0038240854
0.57478676
0.0077527327
-0.0048498097
0.012623992
0.003156774
0.5799216
-0.021120887
0.57522375
-0.57145957
0.56927581
-0.56548383
-0.017644093
0.56253857
0.023439245
-0.019647295
0.031595945
0.018753843
0.57677252
-0.045547846
0.59694006
-0.58135316
0.57712792
-0.57262104
-0.052425691
0.57170147
0.046401325
-0.041893213
0.051354175
0.043788763
0.58331205
-0.048966953
0.63677906
-0.61937585
0.6217556
-0.62567957
-0.058535817
0.63102595
0.048245328
-0.052168588
0.048499964
0.05309931
0.61767527
-0.041409992
0.6457413
-0.63947212
0.64205808
-0.64478697
-0.048051697
0.64836568
0.042843846
-0.045572556
0.039783912
0.04795718
0.64026465
-0.030973648
0.65413549
-0.6500695
0.65289175
-0.65692035
-0.031374915
0.66079242
0.02925983
-0.033288351
0.025717627
0.036601484
0.65412891
-0.01925413
0.65822193
-0.65350788
0.65632423
-0.65869199
-0.020412639
0.66025161
0.016734223
-0.019101941
0.016083933
0.022008949
0.65823193
-0.0093678459
0.65433938
-0.65433141
0.65577705
-0.65567171
-0.017774265
0.65614403
0.014161273
-0.014055908
0.01417386
0.014946161
0.65622297
-0.012890741
0.65028084
-0.65207907
0.65123891
-0.65183228
-0.014651248
0.65274074
0.013728471
-0.014321803
0.012955109
0.014732368
0.65250264
-0.010392991
0.64657859
-0.64653915
0.64721061
-0.64851119
-0.011319144
0.64931569
0.010261646
-0.011562209
0.0096412835
0.012159559
0.64933624
-0.0080917889
0.64368905
-0.6438071
0.64433417
-0.64485593
-0.0083588527
0.64535395
0.007982326
-0.0085040593
0.0074959589
0.0090647365
0.64556559
-0.0062825477
0.64094235
-0.64115441
0.64156954
-0.64195768
-0.0065083737
0.6423904
0.0062544904
-0.0066426262
0.0070422736
0.64263302
-0.0001344333
0.61883835
-0.61949167
0.61934015
-0.61928747
0.0011445473
0.61934328
-0.00071249522
0.00076518164
-0.00076266907
-0.00082679016
0.61980574
-1.1181671e-05
0.61758907
-0.61779808
0.61787357
-0.61785596
0.0013814367
0.61787041
-0.00083080254
0.00084841102
-0.00077217096
-0.00079301222
0.6182093
0.00080666619
0.61565697
-0.61603004
0.6161378
-0.61615976
0.0011549268
0.61619384
-0.00026709039
0.000245092
-0.0004646439
-0.00034627587
0.6166811
0.0016962273
0.61301699
-0.6136552
0.61376081
-0.61390208
0.00066728012
0.61396077
-0.0012330394
0.0010916839
-0.0013263241
-0.00093578598
0.61468745
0.0018752409
0.61004142
-0.61098987
0.61108314
-0.6113521
0.0013143741
0.61164744
-0.0020216671
0.0017526468
-0.0021475094
-0.001218611
0.61257413
0.002394495
0.60493191
-0.60635742
0.6064637
-0.6066289
0.0028426895
0.60687781
-0.0027528611
0.0025876469
-0.0029665347
-0.0024347778
0.60788466
0.0016637519
0.59763533
-0.60056258
0.59957374
-0.59968547
0.0041608796
0.60025524
-0.003474253
0.0033624619
-0.003561492
-0.0031674041
0.60160414
-0.0021567372
0.58733372
-0.59191577
0.59119186
-0.59000553
0.0049128302
0.58878292
-0.00031517242
0.0015013611
0.00046870883
-0.0029911737
0.59230191
-0.0021533868
0.56586682
-0.57310198
0.57382372
-0.57307302
-0.00025325384
0.57307275
0.0025205896
-0.0017702068
0.0027001661
0.00085543016
0.57897646
-0.019719327
0.54300046
-0.55790036
0.55616951
-0.54723296
-0.0088875574
0.022777636
-0.013841283
0.028714437
0.0051081121
0.55047686
-0.057452569
0.59352851
-0.56604901
0.56082516
-0.54746613
-0.0634809
0.061675495
-0.048316639
0.06428742
0.035771046
0.55597508
-0.065125483
0.64017929
-0.633997
0.63519579
-0.63619617
-0.079538579
0.06750188
-0.06850172
0.062501454
0.070175373
0.6213823
-0.043820268
0.66345444
-0.65282854
0.6581716
-0.66306362
-0.052010275
0.66806766
0.043903452
-0.048795075
0.040483238
0.05553387
0.66109761
-0.030033111
0.66579574
-0.66257751
0.66488004
-0.66743361
-0.035692886
0.67013862
0.030683077
-0.033236441
0.029222393
0.036905994
0.66877963
-0.023638516
0.66141609
-0.66113028
0.66234561
-0.66420203
-0.026088552
0.66624488
0.024190821
-0.026047169
0.022312834
0.02798107
0.66512888
-0.017926568
0.65772772
-0.65727936
0.6586317
-0.66000996
-0.018978792
0.66146822
0.017716302
-0.019094535
0.016485781
0.020645231
0.66116296
-0.013504473
0.65373533
-0.65369038
0.65465564
-0.65562769
-0.014055984
0.65655883
0.013271687
-0.014243712
0.012413781
0.015339821
0.65665279
-0.010338529
0.64987085
-0.65003671
0.65074019
-0.65142559
-0.010667664
0.6521038
0.01012871
-0.010814084
0.0095277356
0.011569855
0.65233613
-0.0075525052
0.64559836
-0.64589587
0.64641204
-0.64691728
-0.0077471701
0.6474207
0.007444005
-0.0079492243
0.0069754359
0.008492759
0.64778581
-0.0057801463
0.64250927
-0.64269827
0.64314609
-0.64349674
-0.0059580477
0.64390371
0.0057548086
-0.0061054376
0.0065396834
0.64430924
0.0014957475
0.61902504
-0.61937315
0.61946251
-0.6194769
0.0015423305
0.61947623
-0.0015741838
0.001559792
-0.0016189227
-0.0016794004
0.61983517
0.0017394587
0.61766412
-0.61799124
0.61807012
-0.61815559
0.0018130213
0.61822433
-0.0018600712
0.0017746005
-0.0019505231
-0.0016946159
0.61844439
0.002111502
0.61587772
-0.6162863
0.61638921
-0.61652704
0.0023194304
0.6166269
-0.0022659874
0.0021281738
-0.0023858986
-0.0020734073
0.61689797
0.0024787685
0.61354547
-0.61407958
0.61416304
-0.61436044
0.0028707664
0.61455098
-0.0028553632
0.0026579492
-0.0030187673
-0.0025668838
0.61487966
0.0022541799
0.61097129
-0.61159488
0.6112465
-0.61170651
0.0036816848
0.61223823
-0.003784349
0.0033243048
-0.0040467797
-0.0031983951
0.6122539
0.0031563851
0.60704353
-0.60751088
0.6078325
-0.60796695
0.0050007033
0.60824486
-0.0041598883
0.004025358
-0.0040147899
-0.0038619902
0.6090649
0.0057933871
0.59879539
-0.60064409
0.60155135
-0.60265646
0.0060855524
0.60298362
-0.0060465695
0.0049413617
-0.0067923356
-0.0043014674
0.60353559
0.0079744607
0.58556343
-0.58899781
0.58966519
-0.59044404
0.0088929406
0.59164921
-0.0089625031
0.008183511
-0.0096961791
-0.0074215774
0.59369054
0.0071056284
0.56161621
-0.57042778
0.56942563
-0.56946408
0.013279577
0.57048865
-0.010936617
0.010897824
-0.010473336
0.57583666
-0.049111154
0.6806201
-0.67421008
0.68057813
-0.6867474
-0.059181934
0.69409862
0.051418385
-0.05758758
0.046097317
0.065162142
0.68854595
-0.034207051
0.67543766
-0.67327459
0.67683839
-0.68039993
-0.036905947
0.68421493
0.033582158
-0.037143552
0.030492015
0.04131061
0.68239857
-0.023535138
0.66902272
-0.6684093
0.67058563
-0.67273388
-0.024537329
0.67488347
0.023270195
-0.025418434
0.021311686
0.027762099
0.67466376
-0.016933257
0.66283866
-0.66283102
0.66431831
-0.66602822
-0.017167815
0.66778749
0.016121755
-0.017831563
0.014862803
0.019503951
0.66746194
-0.012457137
0.65724007
-0.6575321
0.6584711
-0.65942439
-0.011785284
0.66032874
0.011760422
-0.012713582
0.010871908
0.0137374
0.66086359
-0.0094376365
0.65236882
-0.65277992
0.65343953
-0.65406861
-0.0086219921
0.65473104
0.0086983688
-0.0093274173
0.0081015124
0.010100857
0.65530035
-0.0067310452
0.64743894
-0.64819631
0.64918158
-0.64967941
-0.0063552847
0.65009395
0.0065491626
-0.0070469507
0.0057690243
0.0075798338
0.65070718
-0.0052360745
0.64391673
-0.64426949
0.64460526
-0.64492821
-0.0047070825
0.64529338
0.0049854725
-0.0053083999
0.0056105404
0.64574794
0.00095074799
0.61936537
-0.6195253
0.61958427
-0.61966601
0.0017229031
0.61978247
-0.001563888
0.0014821256
-0.0016270584
-0.0014132022
0.61991331
0.0013599669
0.61818806
-0.61832179
0.6185003
-0.61863167
0.0021413352
0.61896646
-0.0020054149
0.0018740304
-0.0020742138
-0.0017471924
0.6188738
0.0022536867
0.61645006
-0.61678299
0.61692488
-0.61710147
0.0028305922
0.61720791
-0.0021281482
0.0019515544
-0.0022673916
-0.001885492
0.61752204
0.003283381
0.61439491
-0.61480069
0.61520849
-0.61573054
0.003451119
0.61561483
-0.0032556708
0.0027336056
-0.0036303434
-0.0024945802
0.61579181
0.0046938815
0.61215383
-0.61282082
0.61303238
-0.61336531
0.0043300044
0.61374604
-0.004791579
0.0044586173
-0.0051884117
-0.003931436
0.6138903
0.0062992708
0.60788783
-0.60865957
0.60911468
-0.60963323
0.0060191892
0.61021586
-0.0065521043
0.0060335095
-0.0070981561
-0.0055929297
0.61061734
0.0084239262
0.60144665
-0.60285034
0.60329819
-0.60403852
0.0086813982
0.60497174
-0.0091985415
0.00845818
-0.010167868
-0.0077398958
0.60556567
0.012014434
0.58988399
-0.59257714
0.5936579
-0.59490035
0.013085456
0.59641326
-0.013146191
0.01190351
-0.014861182
-0.011074423
0.59783049
0.019594932
0.56716593
-0.57265533
0.57494618
-0.57767591
0.021186259
0.58081271
-0.022036857
0.019306884
-0.016852817
0.58328156
-0.049634547
0.70383737
-0.70112939
0.70895873
-0.7152499
-0.052620874
0.047737938
-0.054029465
0.042083348
0.062168767
0.72296549
-0.031298565
0.68788447
-0.68778786
0.69143729
-0.69474156
-0.032310747
0.69800963
0.030006848
-0.033311368
0.026951516
0.037165668
0.69910507
-0.021022136
0.67654875
-0.67699398
0.67912526
-0.68105479
-0.021520323
0.68298799
0.020317797
-0.022247377
0.018481633
0.024418961
0.68415536
-0.015335823
0.66775302
-0.66883327
0.66982564
-0.67096244
-0.015133577
0.67216505
0.014346285
-0.015483053
0.013280809
0.016866785
0.67325621
-0.011258226
0.66080115
-0.66129888
0.6621944
-0.66301408
-0.010935843
0.66378884
0.010609512
-0.01142915
0.0099763902
0.012314296
0.66474872
-0.0083530515
0.65465168
-0.65535085
0.65595192
-0.65650294
-0.0083033935
0.65708555
0.0080358485
-0.0085868347
0.0074813412
0.0092785851
0.65800517
-0.0063467646
0.64998397
-0.65056751
0.65102753
-0.651415
-0.0063090568
0.65184153
0.0061494111
-0.0065368621
0.0057979864
0.0069487356
0.65256134
-0.0040762803
0.6450478
-0.64560261
0.64594307
-0.6462034
-0.0045654404
0.6467722
0.0042373131
-0.0044976425
0.0053986716
0.64794757
0.0020824525
0.61964657
-0.61987195
0.61996871
-0.62008817
0.0021402337
0.62016789
-0.0022686542
0.0021491641
-0.0024203287
-0.0019944903
0.62038684
0.0024392207
0.61857161
-0.61886502
0.61891788
-0.61899748
0.0025696836
0.61913042
-0.0027308719
0.0026512509
-0.0028452306
-0.0025315087
0.61928056
0.0027343812
0.61717521
-0.61749359
0.61764206
-0.61774722
0.003099068
0.61790528
-0.0031230643
0.0030179065
-0.0032676363
-0.0029726908
0.61814229
0.0035273746
0.6154044
-0.61568602
0.6158611
-0.61614025
0.0039890735
0.61642711
-0.0040408159
0.0037616647
-0.004343776
-0.0034801399
0.61657325
0.0051698627
0.61378178
-0.61409639
0.61449026
-0.61487169
0.0056825259
0.61529165
-0.0056759976
0.0052945432
-0.0061277499
-0.0049000551
0.61545938
0.0075264352
0.6103978
-0.61084786
0.61166047
-0.61207026
0.0075022426
0.61263014
-0.0076659885
0.0072561289
-0.0083455133
-0.0067493549
0.61275267
0.010828989
0.60540787
-0.6058757
0.60681543
-0.60784656
0.010511055
0.60891998
-0.011048593
0.010017461
-0.0122083
-0.0090924151
0.608949
0.01644546
0.59760898
-0.5981061
0.59993618
-0.60180149
0.015741661
0.60369421
-0.017010823
0.01514535
-0.01932487
-0.013417021
0.60359622
0.027746402
0.58465101
-0.58442683
0.58817336
-0.59207876
0.025661347
0.59598141
-0.028893508
0.024987892
-0.021872055
0.5948187
-0.025919398
0.69868321
-0.70102335
0.70372026
-0.70642504
-0.024092017
0.70837963
0.024393058
-0.027097777
0.021879124
0.029803934
0.71235742
-0.017733262
0.68312478
-0.68474871
0.68649914
-0.68804924
-0.016930708
0.68952694
0.016821111
-0.018371239
0.015314436
0.019888118
0.69196675
-0.012688965
0.67196544
-0.67332385
0.67444062
-0.67541987
-0.012151165
0.67646117
0.011837313
-0.012816592
0.010936023
0.013989023
0.67827257
-0.0088469776
0.66344178
-0.66458682
0.66529061
-0.66603002
-0.0086509064
0.66667893
0.0085665696
-0.0093060644
0.0079113243
0.010068104
0.6680796
-0.006564089
0.65667176
-0.65759293
0.65812248
-0.65861146
-0.0064217437
0.659019
0.0062764851
-0.0067653665
0.0058670861
0.0073290646
0.66027907
-0.0049295265
0.65144321
-0.65219373
0.65258577
-0.6528939
-0.0048082533
0.65322464
0.0047437968
-0.0050519567
0.0044866994
0.0054513618
0.65419208
-0.0033540518
0.64617833
-0.64757966
0.64824662
-0.64848266
-0.0036816241
0.64872487
0.0036444394
-0.0038804556
0.0042022576
0.64937714
0.0021794404
0.62015681
-0.62024473
0.62032846
-0.62045934
0.0018673464
0.62057349
-0.0020400077
0.0019090987
-0.0021300289
-0.0018437345
0.6206597
0.0027148481
0.61912906
-0.6192916
0.61943226
-0.61955102
0.0023434419
0.61972272
-0.0025076762
0.002388916
-0.0026882356
-0.002230247
0.61982183
0.0034231687
0.6179582
-0.61809203
0.6183081
-0.61852814
0.0030019233
0.61870159
-0.0032319788
0.0030119574
-0.0034464828
-0.0028309502
0.61877089
0.0043948048
0.61756475
-0.61667397
0.61697698
-0.61763247
0.0039465912
0.61819296
-0.004597551
0.0039420448
-0.0047863693
-0.0036829547
0.6175709
0.0060836933
0.61543104
-0.61572447
0.61611842
-0.61656636
0.0056125849
0.61701972
-0.0060115744
0.0055636107
-0.0066529067
-0.0051575144
0.61698577
0.0082263826
0.61327768
-0.61327356
0.6139561
-0.61459614
0.0077562748
0.61532109
-0.008490241
0.007850187
-0.0092634523
-0.0072303503
0.6150698
0.011896433
0.61024414
-0.61001842
0.61111378
-0.61225428
0.01114916
0.61337798
-0.01222098
0.011080452
-0.013481812
-0.010115329
0.61275433
0.018219586
0.60653136
-0.60557072
0.60757457
-0.60948617
0.016649627
0.61136199
-0.018425852
0.016514176
-0.020677949
-0.014968908
0.60994538
0.030236791
0.60341375
-0.59991927
0.60367428
-0.60725302
0.02610823
-0.029770354
0.02619153
-0.023311775
0.60757679
-0.01825036
0.70610884
-0.71062488
0.71212278
-0.71341159
-0.015928139
0.71499474
0.016793539
-0.018082441
0.015262118
0.018836408
0.71977719
-0.013074426
0.68803919
-0.69076979
0.69208999
-0.69289339
-0.011569012
0.69393214
0.012165019
-0.012968432
0.011092969
0.013844996
0.69730507
-0.0095545469
0.67534686
-0.67723093
0.67812004
-0.67876708
-0.0086287133
0.67948382
0.0086587599
-0.0093059216
0.008105454
0.010033271
0.68193889
-0.006930663
0.66574923
-0.66725116
0.66779384
-0.66833836
-0.0061861363
0.668786
0.0064070627
-0.0069516595
0.0059155693
0.0075800461
0.67068244
-0.0052497929
0.6582557
-0.6594883
0.65984169
-0.66020869
-0.0046906103
0.66050476
0.0046887609
-0.0050556339
0.0043885793
0.0054396333
0.66201785
-0.0039137611
0.65254942
-0.65350169
0.65380071
-0.65406642
-0.0035636704
0.65430536
0.003587443
-0.0038531977
0.0033975544
0.0040748642
0.65537992
-0.003038288
0.64789291
-0.64890192
0.6490783
-0.6492869
-0.0026997072
0.64941831
0.0027766958
-0.0029852867
0.0031878256
0.65026993
0.0026214278
0.62060876
-0.62068317
0.62079804
-0.62093443
0.0023804789
0.62105243
-0.002393974
0.0022575773
-0.0024898522
-0.0021873131
0.62105856
0.0031619124
0.61976172
-0.61987017
0.6199939
-0.6201687
0.0028976762
0.62029445
-0.002935347
0.0027605237
-0.003071793
-0.0026209319
0.62034992
0.0039083004
0.61883016
-0.61890126
0.61912787
-0.61930688
0.003599806
0.61948606
-0.0035895762
0.0034105564
-0.0038367071
-0.0032464456
0.6195144
0.0052226713
0.61877988
-0.61878038
0.61906956
-0.61936003
0.0048082748
0.61967479
-0.0049343042
0.0046438255
-0.0052528637
-0.0041046651
0.61922388
0.0067617518
0.61757147
-0.61747381
0.61792935
-0.61833275
0.0062038571
0.61878318
-0.0064473816
0.0060439657
-0.0069477321
-0.0056556167
0.61856218
0.0088804255
0.61632028
-0.6159679
0.61664026
-0.61729566
0.0082570496
0.61799787
-0.0089435336
0.0082881248
-0.009679141
-0.0075019532
0.61750181
0.012413805
0.61523003
-0.61445535
0.61544896
-0.61648383
0.011406239
0.61751316
-0.012465389
0.011430472
-0.013607039
-0.010514988
0.6166018
0.018183886
0.61516616
-0.61312779
0.61478455
-0.61648833
0.016255963
0.61811118
-0.0180891
0.016385266
-0.014928402
0.61628977
-0.010450948
0.71012615
-0.71520898
0.7157424
-0.71569878
-0.0058532233
0.71614217
0.0088934579
-0.0088503953
0.0084193314
0.0089776423
0.72205075
-0.0079967707
0.69095476
-0.69452934
0.69508252
-0.69563671
-0.0052758774
0.69574438
0.007043674
-0.0075983636
0.0062691093
0.007785389
0.69993642
-0.0060608457
0.67747418
-0.6799189
0.68049539
-0.68073273
-0.0044407386
0.68114512
0.0053204642
-0.0055578999
0.005000398
0.0057880216
0.68403351
-0.0044644674
0.66730636
-0.66921248
0.66952295
-0.66986289
-0.0032975588
0.6699386
0.0039560921
-0.004295867
0.003647752
0.0047102017
0.67230812
-0.0034347065
0.65934775
-0.66084096
0.66105236
-0.66133069
-0.0025489205
0.66138473
0.0029106041
-0.003188742
0.0027445469
0.0034556871
0.66317511
-0.0026543744
0.65335539
-0.65443107
0.65464408
-0.6547885
-0.0020967917
0.65489955
0.0021766735
-0.0023209904
0.0021001637
0.0025837762
0.65627961
-0.0020881014
0.64828316
-0.64958908
0.64972659
-0.64983011
-0.0015909171
0.64993263
0.0017407829
-0.0018442778
0.0019513535
0.65083345
0.0025327386
0.6210775
-0.62116606
0.62123424
-0.62137267
0.0024632055
0.62149153
-0.0025894861
0.0024510513
-0.0027115841
-0.0023287542
0.62151988
0.0031076723
0.62045878
-0.62044522
0.62059599
-0.62074574
0.0029790567
0.6209199
-0.003108369
0.0029585972
-0.0032445029
-0.0027934651
0.62091284
0.0038356208
0.61976693
-0.61973943
0.61994231
-0.62014371
0.0036464191
0.62034301
-0.0038320184
0.0036306241
-0.0040259887
-0.0034436018
0.62026757
0.005214979
0.62004303
-0.61996198
0.62027082
-0.62057565
0.0048726046
0.6208503
-0.005123858
0.0048189867
-0.0054803589
-0.004562061
0.62069324
0.0066576404
0.61948579
-0.6192032
0.61961611
-0.62001879
0.0061365045
0.62046127
-0.0065882348
0.0061855229
-0.0070589192
-0.0058166566
0.62012506
0.0088612943
0.61919196
-0.61860589
0.61923499
-0.6198339
0.0080165517
0.62044186
-0.008696297
0.0080973815
-0.0093859058
-0.0075540664
0.61981451
0.01211655
0.6196365
-0.61848783
0.61941887
-0.62031028
0.010743732
0.62119716
-0.011808738
0.010917323
-0.01278231
-0.010072039
0.6200616
0.017050899
0.62204175
-0.61963332
0.62106369
-0.62236433
0.014672725
0.62361678
-0.016373366
0.015072731
-0.013873965
0.62159287
-0.0023797024
0.71029483
-0.71589656
0.71556949
-0.71515686
0.0025774093
0.71443761
-6.1099774e-05
0.00047322665
0.00038230392
-0.0011853541
0.72102777
-0.002186901
0.69167989
-0.69606691
0.69585731
-0.69580328
0.00037192027
0.69556631
0.0011301944
-0.0010765827
0.0011820283
0.00078365418
0.70023809
-0.0023923091
0.67858361
-0.6812325
0.68127749
-0.68154402
-1.2664694e-05
0.68143708
0.00073502279
-0.00099853088
0.00090200503
0.001239923
0.68471503
-0.0020415816
0.66807181
-0.67040605
0.67024701
-0.6702699
-0.00017692575
0.67037785
0.000993806
-0.0010153353
0.00085200333
0.00098761734
0.67273376
-0.0016162804
0.66000017
-0.66161812
0.66155008
-0.66173632
-0.00025681506
0.66169364
0.00076738687
-0.00095360015
0.00088118859
0.00091588983
0.66358636
-0.0012741915
0.65379296
-0.65504458
0.65502014
-0.65518764
-0.00016558785
0.65506652
0.00072792766
-0.00089565956
0.00074000101
0.0010015353
0.65657031
-0.00085441747
0.64847585
-0.64991963
0.65003677
-0.65000473
-0.00037592514
0.65013336
0.00069823458
-0.00066629946
0.00071286796
0.6511218
0.0026207828
0.62154433
-0.6216053
0.62174694
-0.62185863
0.0025820664
0.6219494
-0.0026665938
0.0025549242
-0.002810596
-0.0024581413
0.62193141
0.0031575836
0.62106986
-0.62106736
0.62123835
-0.62135728
0.003078782
0.62147416
-0.0031922463
0.0030733139
-0.0033213518
-0.0028878666
0.62146404
0.0038804486
0.62124281
-0.62048972
0.62073246
-0.62094627
0.0037306634
0.62110571
-0.0039016729
0.0036878282
-0.0043788761
-0.0035363076
0.62099252
0.0051408551
0.62127779
-0.62114317
0.62140503
-0.62163405
0.0048278237
0.62192849
-0.0051119048
0.0048828648
-0.0054125242
-0.0046219233
0.62174769
0.006492145
0.62120551
-0.62086755
0.62123541
-0.62156461
0.0060122589
0.62192551
-0.0064171711
0.0060879397
-0.0068524972
-0.0057131488
0.62157159
0.0084246668
0.62168816
-0.6209937
0.6215511
-0.62204735
0.0075954053
0.62254558
-0.008253315
0.0077570718
-0.0088194161
-0.0072981892
0.62181648
0.011088917
0.62324661
-0.6219642
0.62269934
-0.62346031
0.0098614708
0.62408296
-0.010770039
0.010009133
-0.01148209
-0.0094102391
0.62288875
0.014698442
0.6269411
-0.62468488
0.62570385
-0.62659631
0.012711547
0.62735103
-0.014088789
0.013196383
-0.012306799
0.62552474
0.0053440292
0.70779441
-0.71358463
0.71261509
-0.71149592
0.0098224629
0.71023975
-0.0068368787
0.0079566402
-0.0059395605
-0.0092595996
0.71674066
0.0029606543
0.69099078
-0.69516083
0.69474816
-0.69430409
0.005787614
0.69375161
-0.0040618574
0.0045068632
-0.0034722041
-0.005096632
0.69838753
0.0017057233
0.67800495
-0.68115243
0.68087158
-0.68060635
0.0037405315
0.68019407
-0.0024627559
0.0027283956
-0.0022499447
-0.0030523328
0.68376412
0.00099348438
0.66798056
-0.6702872
0.67020619
-0.67003477
0.0024985534
0.66981887
-0.0015468938
0.0017186816
-0.0013615775
-0.0019521546
0.67236033
0.00068361196
0.65981828
-0.66166524
0.66155967
-0.66150323
0.0017365951
0.66134459
-0.0010499798
0.0011062234
-0.0010230735
-0.0011962237
0.66343411
0.00057459435
0.65369044
-0.6550643
0.65500468
-0.65499034
0.0012654803
0.65491601
-0.00081166264
0.00082585787
-0.00075126841
-0.00094755888
0.65645487
0.00032845078
0.64865433
-0.65004029
0.649981
-0.6500112
0.00096669444
0.64992805
-0.00068598182
0.00065572402
-0.00068424608
0.65109094
0.0026933166
0.62206791
-0.6220843
0.6221962
-0.62227787
0.0026189909
0.6223871
-0.0027546333
0.0026729762
-0.0028418624
-0.0025551727
0.62238025
0.0031989503
0.62166684
-0.62163806
0.62174945
-0.62188197
0.0030832029
0.62203637
-0.0032202388
0.0030877106
-0.0033860783
-0.0029865046
0.62198372
0.0041340782
0.62256826
-0.62168305
0.62213112
-0.62259776
0.0036722159
0.62305878
-0.0041358869
0.0036692042
-0.0043139103
-0.0035356291
0.62165505
0.0050068962
0.62241799
-0.62219042
0.62241756
-0.62263383
0.0047310709
0.62284
-0.0049731091
0.0047568498
-0.0052054144
-0.0045042707
0.62263585
0.0061712841
0.62270085
-0.6222965
0.62257342
-0.62288487
0.0056662556
0.62319852
-0.0060817444
0.0057702778
-0.0064381427
-0.0054788386
0.62280168
0.0077395825
0.62373411
-0.62303252
0.62344329
-0.62384357
0.0069405612
0.62426145
-0.0075428254
0.0071425704
-0.0080005172
-0.006768828
0.62348929
0.0098363591
0.6259325
-0.62468594
0.6252438
-0.62584086
0.0086524477
0.6263061
-0.0095244089
0.0089274016
-0.010076297
-0.0084803598
0.62511377
0.012303699
0.62988626
-0.62807104
0.6286931
-0.62934729
0.010798274
0.62983666
-0.011887484
0.011233322
-0.010651826
0.62821173
0.011649855
0.70346105
-0.70898798
0.70760674
-0.70621956
0.016119114
0.70468682
-0.013126525
0.014513844
-0.011789107
-0.016223916
0.71052921
0.0074685153
0.68856145
-0.69298331
0.6921077
-0.69110419
0.010856528
0.69005912
-0.0085806342
0.0095843693
-0.0077794924
-0.010609165
0.69464
0.0050024897
0.67656126
-0.67975141
0.67926069
-0.67869484
0.00740257
0.67810019
-0.00587192
0.0064376389
-0.0053694703
-0.007087878
0.68160031
0.0035661144
0.6671301
-0.66952678
0.66921954
-0.6688712
0.0052727902
0.66845694
-0.0041706718
0.0045191202
-0.0038567651
-0.0048991576
0.67109241
0.0025967534
0.65931238
-0.66119936
0.66099502
-0.6607843
0.0038934868
0.66051306
-0.0031176346
0.0033283565
-0.0028676821
-0.003583908
0.66253853
0.0018990041
0.65338793
-0.65479918
0.65466726
-0.65448529
0.0029427068
0.65427829
-0.0022742982
0.0024562992
-0.0021315392
-0.0026472005
0.65587443
0.0014168796
0.64854802
-0.64981807
0.6497029
-0.64960976
0.0022086154
0.64942398
-0.0018023606
0.0018956653
-0.0019974767
0.65074764
0.0027344372
0.62248575
-0.62246573
0.62257011
-0.6226689
0.0026307772
0.62276964
-0.0027626066
0.0026638081
-0.0028911461
-0.0025766386
0.62278121
0.0031705805
0.62223047
-0.62216233
0.62225938
-0.62237767
0.0030777101
0.62251693
-0.0032066615
0.0030883444
-0.0033303561
-0.0029751003
0.62245793
0.0040488215
0.6232379
-0.62316387
0.6233122
-0.62350362
0.003864537
0.62361382
-0.004036842
0.0038454045
-0.0042099318
-0.003434852
0.62318106
0.004779838
0.62329458
-0.62308496
0.62326883
-0.62346503
0.0044672131
0.62362574
-0.0047253162
0.0045290709
-0.0049042818
-0.0043662575
0.62340073
0.0056968378
0.62389186
-0.62349736
0.62374679
-0.6239593
0.0052307799
0.62414229
-0.0055553029
0.0053427706
-0.0057998112
-0.0051201049
0.62372601
0.0068602922
0.62529169
-0.62457347
0.62487517
-0.62517116
0.0061044069
0.62538885
-0.0066058528
0.0063098656
-0.0069043176
-0.006055634
0.62473338
0.0083143194
0.62794867
-0.62677716
0.62709471
-0.62750904
0.0071699495
0.62774552
-0.0079336865
0.007519557
-0.0082810539
-0.007236894
0.62672736
0.010459707
0.63223903
-0.63045127
0.63116937
-0.63141751
0.0082199612
0.63177674
-0.0093533891
0.0091053435
-0.0087214017
0.63027017
0.024879956
0.71220355
-0.71845906
0.71586422
-0.71328155
0.030307471
0.71055958
-0.026475433
0.029058033
-0.024114845
-0.031855171
0.71704283
0.016707265
0.69774153
-0.70311319
0.70134434
-0.69960695
0.020938226
0.69769604
-0.018131108
0.019868535
-0.016503011
-0.021927471
0.70288588
0.011472419
0.68501864
-0.68894258
0.68778829
-0.68662842
0.014566061
0.68545858
-0.012676821
0.013836698
-0.011391687
-0.015121801
0.68992614
0.008281202
0.67422546
-0.67720379
0.6767072
-0.67602097
0.010621724
0.67512766
-0.0089108418
0.0095969672
-0.0082003807
-0.010453935
0.6784948
0.0059878388
0.66584394
-0.66803423
0.66752571
-0.66698575
0.0077335122
0.6664985
-0.0064927017
0.0070326098
-0.0060367882
-0.0075670112
0.66911531
0.0044590727
0.65826792
-0.66018415
0.6598508
-0.65946052
0.0057276462
0.65914793
-0.0047943842
0.005184693
-0.0044614667
-0.005561971
0.66114829
0.0033911895
0.65260418
-0.65405487
0.65383609
-0.65360087
0.0043623884
0.65329114
-0.0036912139
0.0039264609
-0.0034237852
-0.0041616557
0.65492477
0.0025370521
0.64801785
-0.6492756
0.64905302
-0.64867121
0.0033466797
0.64841795
-0.0028524448
0.0032342728
-0.0032287512
0.65021252
0.0027243746
0.62291446
-0.62286458
0.62295988
-0.62304947
0.0026453282
0.62314044
-0.0027717306
0.0026821128
-0.0028646964
-0.002602476
0.62315179
0.0031574376
0.62267276
-0.62260227
0.62273334
-0.6228348
0.003019031
0.62293269
-0.0031368316
0.003035368
-0.0032415454
-0.0029362679
0.62285261
0.0039178613
0.62385896
-0.62371623
0.62386169
-0.62399999
0.003723586
0.6241062
-0.0038732526
0.0037349597
-0.0039894296
-0.0036241194
0.6239862
0.0044674612
0.62398664
-0.62382347
0.62393543
-0.62405893
0.0041622934
0.62419761
-0.004378859
0.0042553077
-0.0045030529
-0.0041343179
0.62400187
0.005123651
0.62468024
-0.62431793
0.62448455
-0.62462375
0.0046540136
0.62472599
-0.0049228355
0.0047835736
-0.0050749758
-0.004629197
0.6244514
0.0058318085
0.62624959
-0.62560959
0.62580854
-0.62587206
0.0051245597
0.62602585
-0.0053801518
0.0053165706
-0.0055187596
-0.0051929742
0.62549333
0.0063347165
0.62876937
-0.62809105
0.62805938
-0.62817577
0.0052316493
0.62817148
-0.0058008669
0.0056843133
-0.005927237
-0.0055954349
0.62745924
0.0067752613
0.63315572
-0.63186376
0.63198817
-0.63195942
0.0050837655
0.63178831
-0.0057578111
0.0057868452
-0.0058937973
0.63069585
0.029845252
0.70257135
-0.70797357
0.70517038
-0.70241081
0.034576421
0.69976995
-0.030814793
0.033574292
-0.02830756
-0.036563153
0.70519535
0.020897518
0.69108182
-0.69586389
0.69385361
-0.69185849
0.024943623
0.68985445
-0.021845018
0.023840121
-0.020135027
-0.025989353
0.69448659
0.01507826
0.68053844
-0.68419443
0.68291468
-0.68162675
0.017728372
0.6802
-0.015773197
0.017061124
-0.014531668
-0.018354269
0.68453634
0.010999932
0.6712372
-0.67427447
0.67340991
-0.67248255
0.012840494
0.67149364
-0.011518502
0.01244583
-0.010669876
-0.013397496
0.67479918
0.0082256805
0.66367082
-0.66590154
0.6653811
-0.66469644
0.0096815493
0.66411214
-0.0085905231
0.009275142
-0.0080448375
-0.0099565924
0.6664645
0.0063294092
0.65678416
-0.65867609
0.65820167
-0.65775645
0.0073369971
0.65728863
-0.0065247803
0.0069700094
-0.0060912472
-0.0074580882
0.65929357
0.0048635293
0.65154733
-0.65304333
0.65269379
-0.65235388
0.0055760544
0.65201779
-0.0050067538
0.0053466885
-0.0047187284
-0.005690007
0.65355642
0.0037563815
0.64701988
-0.64822627
0.64795174
-0.64770769
0.0043232671
0.64742195
-0.0039437653
0.0041877827
-0.0043987602
0.64926218
0.0027249177
0.62327445
-0.62322579
0.62331105
-0.62339113
0.0026489069
0.62347212
-0.00274427
0.0026641608
-0.0028009791
-0.0025674646
0.62348815
0.0030531646
0.62341346
-0.62302626
0.62309054
-0.62317584
0.0029490383
0.62325702
-0.0030796109
0.002994318
-0.0034153108
-0.0029097819
0.62323866
0.0037449963
0.62430236
-0.62420553
0.62432284
-0.62440863
0.0035726004
0.62448703
-0.0036982251
0.0036124381
-0.0037826937
-0.0035265407
0.62441697
0.0041404043
0.62441897
-0.62429767
0.62438888
-0.6244663
0.0038764785
0.6245344
-0.0040262787
0.0039488161
-0.0041185195
-0.0038674015
0.62441498
0.0044859956
0.62511448
-0.62482731
0.62490311
-0.62495822
0.0041260106
0.62499214
-0.0042823558
0.0042271617
-0.0043337486
-0.004180505
0.62479072
0.0045698489
0.62644233
-0.6260598
0.62597032
-0.62598844
0.0041056728
0.6259423
-0.0043644431
0.0043462292
-0.0043081758
-0.0042799127
0.62569778
0.0043194296
0.62853165
-0.62807935
0.62796497
-0.62775029
0.0036325509
0.62749846
-0.003797516
0.0040122004
-0.0035416691
-0.0041588997
0.62714732
0.0031734714
0.63209833
-0.6314831
0.63110773
-0.63060193
0.0022386602
0.6300011
-0.0022994807
0.0028053641
-0.003257412
0.62963862
0.033392804
0.69241544
-0.69691316
0.69420764
-0.69145351
0.037439036
0.68873856
-0.033861784
0.036615875
-0.031435804
-0.039616318
0.69324565
0.024370598
0.68394768
-0.68779529
0.6857633
-0.68369112
0.027314317
0.68165158
-0.024909507
0.026981704
-0.023068324
-0.029109067
0.68591084
0.01786413
0.67549955
-0.67879998
0.67737389
-0.67595111
0.020274383
0.67456387
-0.018397584
0.019820347
-0.017076418
-0.021369507
0.67814964
0.01322322
0.66771037
-0.6705625
0.66952209
-0.66848453
0.015170967
0.66745407
-0.013678391
0.014715997
-0.012706834
-0.015900786
0.67031633
0.0097195965
0.6611351
-0.66341654
0.66274674
-0.66197275
0.011468783
0.66122894
-0.010325122
0.011099059
-0.0096634216
-0.011888349
0.66342393
0.0073116532
0.65494367
-0.65677335
0.65623791
-0.65565965
0.008745738
0.65517076
-0.0078714847
0.0084497392
-0.0073839036
-0.0090343762
0.657028
0.0055930254
0.65022373
-0.65166606
0.65129415
-0.65091044
0.006790044
0.65045654
-0.0060933529
0.0064770624
-0.0057093365
-0.0069398383
0.65190643
0.0042189423
0.64611949
-0.64720365
0.646866
-0.64659297
0.0052355984
0.6462461
-0.0048068584
0.0050798469
-0.0054334272
0.64796937
0.0026870113
0.62356458
-0.62354771
0.62362305
-0.62371875
0.0026005558
0.62379042
-0.0027090412
0.0026133334
-0.0027800122
-0.0025494287
0.62378957
0.0029860534
0.62475446
-0.62335906
0.62343262
-0.62370199
0.0028808477
0.6240434
-0.0031919147
0.002922548
-0.0032851045
-0.0028516067
0.6235428
0.0035393684
0.62462225
-0.6245844
0.62465043
-0.62471036
0.0034071113
0.6247895
-0.0034999174
0.0034399921
-0.0035560951
-0.0033514495
0.62472863
0.0037777834
0.62465043
-0.62459373
0.62465984
-0.6246557
0.003585702
0.62470797
-0.0037056195
0.0037096717
-0.0037420907
-0.0036084798
0.6246782
0.0038197787
0.62517518
-0.6249956
0.62495346
-0.624958
0.0036107286
0.62495033
-0.0037631879
0.0037585429
-0.0036776616
-0.0037015514
0.62488222
0.0035974623
0.6259625
-0.62581816
0.62571424
-0.62562711
0.0033900033
0.62550117
-0.0034061331
0.0034933086
-0.0032736422
-0.003650006
0.62537838
0.0027550359
0.62727574
-0.62726398
0.62696803
-0.62666056
0.0026200854
0.62637216
-0.0025058422
0.0028133281
-0.0021236006
-0.0030709912
0.62634579
0.000667071
0.62895494
-0.62923447
0.62855406
-0.62786909
0.0009928385
0.62725554
-0.00045824551
0.0011432054
-0.001710572
0.62749863
0.035810254
0.68209619
-0.68603415
0.68334256
-0.68062141
0.039255034
0.67793241
-0.036186684
0.038907839
-0.033580969
-0.042047949
0.68136485
0.026654597
0.67642763
-0.67957798
0.67749722
-0.67543571
0.029498432
0.67339096
-0.026901471
0.02896303
-0.024971866
-0.031210902
0.677052
0.019623385
0.67007367
-0.67329794
0.67156272
-0.67009417
0.022150764
0.66855832
-0.020100363
0.021568909
-0.018708974
-0.02323321
0.6716277
0.014854312
0.6638199
-0.66637823
0.66539766
-0.66417251
0.016785425
0.66307596
-0.015020682
0.016245757
-0.014042098
-0.017445002
0.66571691
0.011381092
0.6582823
-0.66044236
0.65966722
-0.65893424
0.01263279
0.65814335
-0.01168823
0.012421138
-0.010913028
-0.013081846
0.66038517
0.008763504
0.6528353
-0.65456252
0.65396788
-0.65338643
0.0096595672
0.65279351
-0.0090146204
0.0095960652
-0.0084513128
-0.010216273
0.65458593
0.0068353847
0.64872677
-0.6500457
0.64964422
-0.64915473
0.0074628784
0.64888456
-0.0070117199
0.0075012103
-0.0066027239
-0.0079455935
0.65011187
0.0052759637
0.64480165
-0.64597578
0.64560943
-0.64524049
0.0059602309
0.64484675
-0.0055632608
0.0059321635
-0.0062546369
0.64651227
0.0026520247
0.62383863
-0.6238571
0.62392382
-0.62398576
0.0025972451
0.62404927
-0.0026730418
0.002611097
-0.0027344324
-0.0025539752
0.62403487
0.0031280667
0.6250539
-0.62435601
0.62464028
-0.62497153
0.0030130887
0.62507492
-0.0031600749
0.0028287905
-0.0031881849
-0.0027952009
0.62377067
0.0033812162
0.62478491
-0.62481338
0.6248819
-0.62492055
0.0032787435
0.62495513
-0.0033455663
0.0033069095
-0.0034015816
-0.0032127051
0.62498375
0.003528723
0.62470297
-0.62472259
0.62474932
-0.62475807
0.0033798229
0.62472024
-0.0034367463
0.0034278213
-0.0034130745
-0.0034201191
0.62477459
0.0034218234
0.62488638
-0.62491697
0.62486738
-0.62478411
0.0032795686
0.62477051
-0.0032978002
0.0033810594
-0.0032457499
-0.0033963688
0.62475675
0.0029655359
0.62528839
-0.62538084
0.62519187
-0.62505969
0.002935234
0.62486172
-0.0028412635
0.0029735108
-0.0026416846
-0.0031487062
0.62492403
0.001935944
0.6257699
-0.62605295
0.62570992
-0.62536681
0.0019851874
0.62502987
-0.0017745757
0.0021176922
-0.0014038963
-0.0024061343
0.62523811
0.00022055457
0.62637767
-0.62669695
0.62624272
-0.62574589
0.0003035591
0.62525774
-2.0413224e-05
0.00051724814
-0.000978667
0.62561937
0.037250231
0.67185726
-0.6751835
0.67258529
-0.66995487
0.040133944
0.66726713
-0.037305014
0.039935433
-0.03483779
-0.042637775
0.66989881
0.027836505
0.6687298
-0.67139934
0.66929717
-0.66731563
0.030282611
0.66531465
-0.028268879
0.030250424
-0.026319125
-0.032540769
0.66812964
0.020918228
0.66454811
-0.66709909
0.66555853
-0.6640721
0.023157526
0.66256236
-0.021434909
0.022921365
-0.020057967
-0.02456684
0.66505202
0.015972268
0.65981553
-0.66197101
0.66085849
-0.65974365
0.017819167
0.65862818
-0.016498756
0.017613585
-0.015435213
-0.018784082
0.66095355
0.012578647
0.65515438
-0.65734474
0.65651273
-0.65591256
0.013808708
0.65512222
-0.012829512
0.013429634
-0.011810372
-0.014309267
0.65672136
0.0098038077
0.65056802
-0.65216485
0.65152824
-0.65085661
0.010788138
0.65025753
-0.0097358399
0.010407453
-0.0091569523
-0.011071766
0.65193182
0.007691574
0.6469746
-0.64827043
0.6477992
-0.64732137
0.0085008436
0.64680661
-0.007592511
0.0080703211
-0.0072004597
-0.0085829007
0.64806345
0.0059807183
0.64346413
-0.6444867
0.6440815
-0.6437582
0.0066839766
0.64317771
-0.0060096595
0.0063329445
-0.0067634527
0.64481
0.0026494456
0.62405201
-0.62410835
0.62416774
-0.62422345
0.0025814885
0.62428083
-0.0026759653
0.0026202674
-0.0027298036
-0.0025686329
0.62427878
0.003162291
0.62499818
-0.62525047
0.62544862
-0.62536943
0.0030180185
0.62543827
-0.003002433
0.0030815899
-0.0033693165
-0.0027822268
0.62488247
0.0032579614
0.62496056
-0.62496062
0.62503771
-0.62506172
0.0031899645
0.62510725
-0.0032611039
0.0032370767
-0.0032295097
-0.0031561512
0.62515147
0.0032744267
0.62469207
-0.62474299
0.62472781
-0.62471042
0.0031897379
0.62474164
-0.0032865388
0.0033038925
-0.0032077044
-0.0032621362
0.6248062
0.0031273345
0.62455655
-0.62464974
0.62459793
-0.62451287
0.0031056532
0.62442369
-0.0030667967
0.0031518834
-0.0029574434
-0.0031880056
0.62456501
0.002538929
0.62442754
-0.62469957
0.62447603
-0.6243181
0.0026118708
0.62407789
-0.0024937847
0.0026517393
-0.0022446323
-0.0028462694
0.62432459
0.0013051399
0.62421059
-0.62469791
0.62427742
-0.62384217
0.0014785696
0.6235253
-0.0012128008
0.001648058
-0.0007370396
-0.0019757991
0.62398798
-0.0008515591
0.6238356
-0.62460458
0.62391458
-0.62321285
-0.00046327033
0.62250346
0.0010780542
-0.00037632465
-0.00023782406
0.62339534
0.037443617
0.66203317
-0.66466781
0.66209339
-0.65949808
0.040130419
0.65697522
-0.037500116
0.04009544
-0.03486196
-0.042818649
0.65874179
0.028739382
0.66101829
-0.66333196
0.66128081
-0.65935978
0.030572863
0.65735709
-0.028753684
0.030674776
-0.026858499
-0.03283406
0.65940515
0.021825878
0.65902033
-0.66111765
0.65962655
-0.65814738
0.023366393
0.65670113
-0.022052213
0.023531369
-0.020716278
-0.025125957
0.65855632
0.016837777
0.6556515
-0.65756292
0.65644282
-0.65535313
0.018362265
0.65429099
-0.01718707
0.01827674
-0.0161935
-0.019496281
0.65618997
0.013313457
0.65181299
-0.65430146
0.65339813
-0.65251882
0.014468228
0.65169121
-0.013343259
0.014222552
-0.01254382
-0.015267413
0.6532328
0.010661437
0.64815381
-0.64962737
0.64896658
-0.64838186
0.01145528
0.64769004
-0.010498532
0.011083273
-0.0098431771
-0.011818099
0.64911478
0.0084438968
0.64525107
-0.64628862
0.64581557
-0.64536784
0.0090551908
0.64486254
-0.0082991849
0.0087469087
-0.0078569663
-0.0093045527
0.6459317
0.0066556575
0.64205847
-0.64299975
0.64254389
-0.6422016
0.007188729
0.64173201
-0.0066275773
0.0069698429
-0.0073701858
0.64295691
0.0026044195
0.62428863
-0.62435929
0.62438845
-0.62446436
0.0025971849
0.62446755
-0.0026585582
0.0025826599
-0.0026820803
-0.0025351545
0.62447841
0.0032655749
0.62522801
-0.62547995
0.62554559
-0.62555933
0.0029895678
0.62559765
-0.0030606773
0.0030469192
-0.0032953213
-0.0029789263
0.62568948
0.0031733557
0.62500935
-0.6248751
0.62491692
-0.62513197
0.0033365995
0.62492112
-0.0033868953
0.003171839
-0.0031425865
-0.0033244539
0.62505238
0.0031448562
0.62456384
-0.6246988
0.62467833
-0.62463033
0.0031134414
0.62462995
-0.0031305399
0.0031785557
-0.0030898165
-0.0031392245
0.62478788
0.0029364462
0.6240968
-0.62432777
0.62425674
-0.62413122
0.0029146628
0.62405881
-0.0028294912
0.0029550216
-0.0027059492
-0.0030317744
0.62428099
0.0022627981
0.62344814
-0.62388373
0.62366075
-0.62341239
0.0023639644
0.62324005
-0.0021704003
0.0024187721
-0.0019067464
-0.0025782724
0.62362833
0.0009213307
0.62231118
-0.623075
0.62267383
-0.622245
0.0012318436
0.62184625
-0.00084993584
0.00127876
-0.00039418122
-0.0016457531
0.62257811
-0.0014414013
0.62046482
-0.62176714
0.62099802
-0.62031938
-0.00081334547
0.61952814
0.0015555698
-0.00087692415
0.00018872131
0.62082542
0.037249279
0.6522855
-0.65436285
0.65192995
-0.6496528
0.039132996
0.64702398
-0.036906711
0.039183879
-0.03463237
-0.041786615
0.64840932
0.028550718
0.65356679
-0.65544417
0.65353947
-0.65160122
0.030074135
0.64969698
-0.028540348
0.030478566
-0.026744095
-0.032516718
0.65105008
0.022038651
0.6537082
-0.65525018
0.65378328
-0.65239099
0.023446123
0.65101493
-0.022188589
0.023580855
-0.020884198
-0.025122322
0.65231208
0.017463419
0.65167598
-0.65317947
0.65229094
-0.65103127
0.018470347
0.6500159
-0.017266709
0.018526386
-0.016251108
-0.019677819
0.65163072
0.013740798
0.6486842
-0.65080767
0.6499313
-0.64903068
0.014759047
0.64818649
-0.01362131
0.014521932
-0.012875305
-0.015395289
0.64987057
0.010917426
0.64567261
-0.64704895
0.64638092
-0.64576572
0.011726731
0.6451025
-0.010832009
0.011447217
-0.01025009
-0.012152556
0.64641677
0.0087438296
0.64342722
-0.64435819
0.64387731
-0.64342292
0.0092527205
0.6429159
-0.0087928127
0.0092471932
-0.0083922634
-0.0098097467
0.64378906
0.0069027614
0.64071549
-0.64135749
0.64091236
-0.64053196
0.007365568
0.64005295
-0.0071037771
0.0074841534
-0.0078709795
0.64132456
0.0026004721
0.62450813
-0.62454251
0.62456898
-0.6246173
0.0025541465
0.62466907
-0.0026605369
0.0026122244
-0.0026564482
-0.0025415665
0.6247417
0.0030225592
0.62556083
-0.6256846
0.62569652
-0.62570742
0.0029901833
0.62576896
-0.003027029
0.0030161367
-0.003058582
-0.002950749
0.62587956
0.0031904456
0.62497983
-0.62510918
0.62517242
-0.62518496
0.0031313152
0.62522325
-0.0031420316
0.0031294822
-0.003170622
-0.0031351767
0.6253096
0.0032485067
0.62419875
-0.62442826
0.62452585
-0.62434887
0.0031573374
0.62447155
-0.0031542733
0.0033312429
-0.0032362999
-0.0033679443
0.62463448
0.0027836388
0.62361206
-0.6239583
0.62383939
-0.62371804
0.002847883
0.6236559
-0.0027578335
0.0028792111
-0.0026370179
-0.0029789769
0.62395276
0.0021066581
0.62238711
-0.62299537
0.62278176
-0.62254769
0.0023288491
0.62232425
-0.0020565402
0.0022906204
-0.0018119001
-0.0024905636
0.62288558
0.0007678199
0.62042357
-0.62142604
0.62101717
-0.62061757
0.0011785969
0.62021235
-0.00074048636
0.0011401067
-0.00023440491
-0.0015004688
0.62114493
-0.0016210745
0.61699089
-0.61883517
0.61806879
-0.61736732
-0.00083646937
0.61658237
0.0016792996
-0.00097781716
0.00035323125
0.61826532
0.035707004
0.64339174
-0.64476749
0.64246124
-0.64030883
0.036896367
0.63814337
-0.035467372
0.037619798
-0.033388529
-0.039725444
0.63894259
0.027822437
0.64658243
-0.64782539
0.64600556
-0.64421113
0.028971
0.64247203
-0.0277432
0.029537619
-0.026061014
-0.031439982
0.64334947
0.021869367
0.64862764
-0.64960951
0.64827491
-0.64689686
0.022772948
0.64553508
-0.021477019
0.022855035
-0.020265088
-0.024298865
0.64635461
0.017373074
0.64779715
-0.64896293
0.6479507
-0.64698613
0.018188284
0.64601012
-0.017134355
0.018098937
-0.016266505
-0.019205407
0.64726339
0.013938984
0.64564967
-0.64727196
0.64639385
-0.64547167
0.014659268
0.64453335
-0.013979815
0.014902014
-0.013206949
-0.015585429
0.64685085
0.011307959
0.64328659
-0.64446681
0.64386222
-0.6432121
0.011635953
0.64264347
-0.011143306
0.011793408
-0.010575206
-0.012531856
0.64377084
0.0091362565
0.64171673
-0.64248942
0.64201153
-0.64153825
0.0095534987
0.64109051
-0.0090647367
0.0095380146
-0.0086679727
-0.010015869
0.64173679
0.0072349511
0.63910598
-0.63969597
0.639426
-0.63904253
0.0077376208
0.63858703
-0.0073494345
0.0077328736
-0.0081485191
0.63946175
0.002663501
0.62534847
-0.62469279
0.62474371
-0.62484213
0.0026212259
0.6248944
-0.0026785609
0.0025801505
-0.00292497
-0.0025852112
0.62492576
0.0030351595
0.62573862
-0.62583018
0.62581692
-0.62590405
0.0030112556
0.62599228
-0.0030716935
0.0029845789
-0.0030795585
-0.0029940257
0.62601703
0.0032079794
0.62502718
-0.62521172
0.62537691
-0.6254178
0.0031882207
0.62541022
-0.003195346
0.0031544499
-0.0032081943
-0.0031328118
0.62539464
0.0031790464
0.62417473
-0.62444745
0.62442394
-0.62440524
0.0031857116
0.62441375
-0.0031798307
0.0031985511
-0.0031199638
-0.0032342572
0.62461082
0.0030415715
0.62289905
-0.62334105
0.62336453
-0.62308432
0.0030625541
0.62319684
-0.0028877355
0.0031679927
-0.0029356825
-0.0030754378
0.62359593
0.0021544
0.62139134
-0.62213266
0.62187975
-0.62171317
0.0025018182
0.62146003
-0.0021830499
0.0023496301
-0.0019190225
-0.0025417903
0.62214675
0.00087100431
0.61851807
-0.61982026
0.619385
-0.61903786
0.001455318
0.61863747
-0.00094085067
0.0012879965
-0.00043730821
-0.0016762261
0.61974946
-0.0014619415
0.61363323
-0.61592607
0.61516512
-0.6144866
-0.00041030321
0.61371807
0.0013732757
-0.00069476847
9.9638074e-05
0.61578425
0.033672217
0.63550211
-0.63609348
0.63411084
-0.63229158
0.034181952
0.63064847
-0.033417792
0.035237002
-0.031595922
-0.037104348
0.63031253
0.026633936
0.64011739
-0.64077388
0.63906907
-0.63738651
0.027662338
0.63581422
-0.026433485
0.028116052
-0.024853427
-0.029876858
0.63626178
0.020884125
0.64398834
-0.64425021
0.6429681
-0.64169031
0.021614268
0.64040034
-0.020394684
0.021672474
-0.019329762
-0.023185744
0.64056856
0.01686927
0.64432896
-0.64508484
0.64417548
-0.64334457
0.017270658
0.64243128
-0.016662955
0.01749387
-0.015867249
-0.018358717
0.64350014
0.013734753
0.64269291
-0.6438425
0.64306022
-0.64236951
0.014117306
0.64164044
-0.013620807
0.014311507
-0.012965954
-0.015197235
0.64355918
0.011198003
0.64095101
-0.64200268
0.64142191
-0.64084884
0.011646981
0.64025839
-0.011093858
0.011666921
-0.010577977
-0.012297871
0.64122724
0.0091446165
0.6400606
-0.64070002
0.6402592
-0.63987563
0.0095574289
0.63949434
-0.0091677936
0.0095513668
-0.0086541463
-0.010037945
0.63978625
0.007346781
0.6375156
-0.63822934
0.63778268
-0.63740162
0.0077621129
0.63697986
-0.0074795607
0.0078606064
-0.0082455737
0.63781799
0.007112496
0.62636993
-0.62496965
0.62507513
-0.62685901
0.0026108539
0.62691408
-0.078456066
0.076672192
-0.078860497
-0.074865039
0.62700367
0.0075997205
0.62587861
-0.62598128
0.62602248
-0.62634118
0.0027878611
0.62640868
-0.079680279
0.079361599
-0.080019021
-0.079137964
0.6264705
0.0078310231
0.62512831
-0.62542857
0.62550496
-0.6256734
0.002910704
0.62570055
-0.080798241
0.080629809
-0.081135238
-0.080277874
0.62585325
0.0079311691
0.6240518
-0.62437832
0.62439339
-0.62477842
0.0029439416
0.62474238
-0.082249113
0.081864078
-0.082672042
-0.081494932
0.62499618
0.0078718557
0.62264861
-0.62312788
0.62308181
-0.62355263
0.0027455465
0.62352441
-0.08405732
0.083586532
-0.084577168
-0.083106932
0.62393148
0.007674191
0.62041417
-0.62107531
0.6210896
-0.62173845
0.0023967829
0.62155844
-0.086574282
0.085925415
-0.087261971
-0.085160033
0.62226728
0.006562406
0.61693354
-0.6182671
0.61802775
-0.61881586
0.0015069222
0.61856558
-0.089655462
0.088867389
-0.090446366
-0.088116562
0.61965638
0.004937373
0.6105705
-0.61313797
0.61253128
-0.61383783
0.000293775
0.61325501
-0.093721484
0.092414908
-0.091371244
0.61522905
0.031385996
0.62877585
-0.62877488
0.62718692
-0.62577068
0.028103596
0.62489821
-0.030533431
0.031949683
-0.029077382
-0.033107926
0.62405665
0.025468428
0.63392035
-0.63423489
0.63273768
-0.63128207
0.025676487
0.63026057
-0.024887929
0.026343522
-0.023440637
-0.027649187
0.63028744
0.019507477
0.63969972
-0.639192
0.63788044
-0.63649732
0.020154436
0.63510059
-0.019216588
0.020599714
-0.018227312
-0.022069292
0.63483432
0.015944245
0.64144523
-0.64162199
0.6408063
-0.64009483
0.016203446
0.63941083
-0.015829128
0.016540606
-0.015231419
-0.017369241
0.63995946
0.013288726
0.64007877
-0.64092843
0.64025734
-0.63962912
0.013685858
0.63901733
-0.013096299
0.013724535
-0.012472333
-0.014797366
0.63975029
0.010948739
0.63883062
-0.63967713
0.63918228
-0.63862041
0.011354922
0.63809453
-0.010777839
0.011339715
-0.010293603
-0.011853126
0.63893098
0.0091968117
0.63784293
-0.63917075
0.63887595
-0.6385886
0.0094429831
0.63840705
-0.0092099794
0.0094973062
-0.0085855566
-0.0098581336
0.63812614
0.0072973266
0.63637479
-0.63662796
0.63621784
-0.63594782
0.0077448253
0.63548989
-0.0075742769
0.0078442841
-0.0082680557
0.63616367
0.0026879919
0.62688078
-0.62696553
0.62702168
-0.62709939
0.0026524577
0.62715911
-0.0027073097
0.0026296082
-0.002759316
-0.0026083144
0.627199
0.0028378389
0.6263151
-0.62642722
0.62642277
-0.62649484
0.0028501141
0.62656927
-0.0029068983
0.0028348449
-0.0029263737
-0.0027855456
0.62668568
0.0030380355
0.62546598
-0.62567946
0.62573629
-0.62574599
0.003032223
0.625759
-0.0029909249
0.002981235
-0.0030225193
-0.0029429917
0.62596634
0.0029990715
0.62441554
-0.62472963
0.62472242
-0.62469067
0.0030885251
0.62471468
-0.0030396895
0.0030714391
-0.0030598294
-0.0030494405
0.62504247
0.0028876555
0.62294015
-0.62341272
0.62340851
-0.62333366
0.0030992598
0.62335207
-0.0029654335
0.0030403996
-0.0028943734
-0.0030307856
0.62374468
0.0025204158
0.62059458
-0.62146946
0.62129896
-0.6212616
0.003014878
0.62116124
-0.0026902488
0.0027276796
-0.0026366677
-0.002831459
0.62184319
0.0019408318
0.61696892
-0.6182538
0.61813552
-0.61794081
0.0027503295
0.61787686
-0.002224293
0.0024190995
-0.0021279377
-0.0025400301
0.61893501
0.001122267
0.61070824
-0.61293872
0.61260172
-0.61260921
0.0024436383
0.61268955
-0.0020137288
0.0020063997
-0.0019511147
-0.0020730326
0.61420272
0.00047559525
0.59877396
-0.60287196
0.60297221
-0.60335729
0.0031635313
0.60401277
-0.0023113608
0.001926324
-0.0019237424
0.6061226
0.034171135
0.62148997
-0.61864768
0.61749116
-0.61703628
0.032226377
0.61625901
-0.032902351
0.033357233
-0.031983507
-0.034119057
0.61264545
0.029892148
0.63082915
-0.63018778
0.62910692
-0.62810011
0.029106316
0.62723015
-0.029061378
0.030068114
-0.028092942
-0.031044236
0.62585773
-0.011896665
0.6357019
-0.63023056
0.63478225
-0.63378522
0.025470471
0.63289401
-0.025102487
0.026099467
-0.024116781
-0.027032116
0.63262279
0.0074849558
0.6461764
-0.6338011
0.63739482
-0.63652585
0.021957757
0.63567238
-0.02148882
0.022357759
-0.016425399
-0.023214255
0.63609686
0.014873305
0.64011654
-0.63864981
0.63799503
-0.63742265
0.014792227
0.63688085
-0.014567903
0.015140283
-0.015215172
-0.015730552
0.63724306
0.012641093
0.63772355
-0.63844862
0.63784671
-0.63728819
0.012669999
0.63674732
-0.012387061
0.012945569
-0.011876546
-0.013502389
0.63735494
0.010498778
0.63687063
-0.63757866
0.6371251
-0.63665698
0.010704255
0.63617465
-0.010402092
0.010870211
-0.0099540805
-0.011361821
0.63684019
0.0087882006
0.63567827
-0.63792567
0.63734708
-0.63647008
0.009853095
0.63529093
-0.0086980694
0.0095750539
-0.0083012223
-0.0094998291
0.63733894
0.0072458847
0.63517312
-0.63517526
0.6347566
-0.63444958
0.0075293308
0.63403625
-0.0072640655
0.0075710675
-0.0079264935
0.63470244
0.0027134276
0.62712905
-0.62721445
0.62725086
-0.62733218
0.0026769752
0.62739634
-0.0027617015
0.0026803888
-0.0028187345
-0.0026275349
0.62746245
0.0029391909
0.62648232
-0.62662007
0.62664837
-0.62670321
0.0029491729
0.62673579
-0.0029619737
0.0029071373
-0.0030151572
-0.0028760636
0.62685157
0.003082398
0.62563945
-0.62582524
0.62581979
-0.62589287
0.0031213382
0.62594463
-0.0031902192
0.0031171374
-0.0031865885
-0.0030671684
0.6261237
0.0032373488
0.62444047
-0.62474425
0.62480463
-0.62482034
0.0033197783
0.62481691
-0.0032887998
0.0032731047
-0.0033037302
-0.0032059209
0.62510512
0.0032804739
0.62283129
-0.62330017
0.62335124
-0.62331289
0.0034306143
0.62335943
-0.003341171
0.003379556
-0.0033786581
-0.0033423028
0.62375243
0.0032640283
0.62045038
-0.62115764
0.62116545
-0.62116336
0.0035561553
0.62122531
-0.0034278455
0.0034299509
-0.0034565575
-0.0034163007
0.62180151
0.0032846718
0.6167755
-0.61793373
0.61793534
-0.61797952
0.0038177285
0.61810318
-0.003608012
0.0035638473
-0.0037527569
-0.0035384243
0.6188728
0.003779795
0.61137447
-0.612857
0.61300967
-0.61330806
0.0045419905
0.61362352
-0.0044086632
0.0041102944
-0.004758962
-0.0039011519
0.61463094
0.0060518905
0.60284931
-0.60482343
0.60570165
-0.60663487
0.0065776459
0.60756919
-0.0068702411
0.0059371742
-0.0080740039
-0.0053032685
0.60816204
0.012706134
0.53533215
-0.5914161
0.59300436
-0.59425641
0.01201111
0.59523857
-0.012968681
0.011716793
-0.015535111
-0.0096210078
0.59936177
0.027339716
0.60514012
-0.59833215
0.60020673
-0.60195949
0.022679143
0.603588
-0.025711145
0.02395841
-0.026835128
-0.021292279
0.59242744
0.028775487
0.61906748
-0.61612511
0.61602469
-0.61610069
0.026110468
0.61605564
-0.02782299
0.027747026
-0.027343751
-0.027391833
0.61313337
0.026521741
0.62741352
-0.62645758
0.62571384
-0.6251532
0.025454835
0.62462302
-0.025762755
0.026323394
-0.025087667
-0.026846877
0.62315784
0.02351385
0.63217426
-0.6320323
0.6312765
-0.63054552
0.023063011
0.62989477
-0.022998034
0.023728982
-0.022252443
-0.024430692
0.62931934
0.020427229
0.63466179
-0.63488431
0.63413726
-0.63345266
0.020387893
0.63275034
-0.020083151
0.020767711
-0.019349509
-0.021469005
0.63294312
0.017591555
0.63558728
-0.63610911
0.6354375
-0.63481553
0.017766614
0.63419319
-0.017369393
0.017991378
-0.016735682
-0.018673596
0.63457286
0.015082876
0.63562379
-0.63627657
0.63569175
-0.63512742
0.015354974
0.63453016
-0.014948542
0.015512886
-0.014374451
-0.016118978
0.63504091
0.012873584
0.63505904
-0.63578087
0.6352183
-0.63471823
0.01319747
0.63423004
-0.012794448
0.013294521
-0.012333593
-0.01381153
0.63484877
0.0085039971
0.63412156
-0.63480768
0.63439306
-0.63392925
0.011327593
0.63349696
-0.010920682
0.011384482
-0.010522763
-0.011812942
0.63414453
0.0070281688
0.63681155
-0.63376176
0.63338964
-0.63304678
0.0096428264
0.63265438
-0.0093632396
0.0097060893
-0.010093274
0.63324414
0.0027954191
0.62737563
-0.62743268
0.62749766
-0.62756117
-0.068457688
0.69884481
-0.0028230442
0.0027595378
-0.0028600502
-0.0023006179
0.70069301
0.0030507748
0.62666087
-0.6267948
0.62685681
-0.62694509
0.0030291372
0.62701152
-0.0030755776
0.0029873043
-0.0031384065
-0.0029237123
0.62712235
0.0032656242
0.62577339
-0.62597462
0.62603338
-0.62614546
0.0032932966
0.62613606
-0.003325023
0.003212958
-0.0033620127
-0.0032009086
0.62630496
0.0034724583
0.62456509
-0.62486944
0.62495276
-0.62494169
0.0034840678
0.62508635
-0.0035008803
0.0035119582
-0.0036166493
-0.0033739623
0.62532605
0.0036726663
0.62299569
-0.62339044
0.62343118
-0.6235051
0.003778765
0.62361235
-0.0037551372
0.0036812377
-0.0038346264
-0.0036353783
0.62393732
0.0039377778
0.62072639
-0.62130112
0.62134058
-0.62149351
0.0041497216
0.62155887
-0.0041166842
0.0039637559
-0.0042116589
-0.0039194214
0.62200207
0.0044627835
0.6174721
-0.61824696
0.61843388
-0.61863746
0.0046942422
0.6188302
-0.0047059135
0.0045023161
-0.0049478719
-0.0043502894
0.61936502
0.0056500218
0.61311001
-0.6140689
0.61441682
-0.61483277
0.0058131578
0.61531234
-0.005973276
0.0055573407
-0.0064873833
-0.0052287374
0.615842
0.008408311
0.60753648
-0.60849263
0.60937624
-0.61025216
0.00812201
0.61109114
-0.008723133
0.0078472699
-0.0097795068
-0.007073299
0.61112189
0.012861442
0.54383351
-0.59598075
0.59653686
-0.59691133
0.012284839
0.59717048
-0.012762305
0.012387938
-0.01433403
-0.010962772
0.6059028
0.021988748
0.6093167
-0.60509811
0.60649721
-0.6077847
0.018934582
0.60896151
-0.021006777
0.019719265
-0.021917066
-0.017969099
0.60068484
0.02453442
0.61867522
-0.61613998
0.61642499
-0.61649321
0.021946441
0.61658743
-0.023185681
0.023117382
-0.023053523
-0.022636867
0.61449146
0.023381188
0.62528501
-0.62416791
0.62374967
-0.62345469
0.02211779
0.62324961
-0.022595996
0.022890954
-0.022229733
-0.02300151
0.62187435
0.021357264
0.62950862
-0.62926133
0.62867917
-0.62816426
0.020757646
0.62769267
-0.02082024
0.021335125
-0.020289868
-0.021850783
0.6270845
0.019001903
0.63204637
-0.63213646
0.63155921
-0.63098506
0.018782215
0.63046976
-0.018582786
0.019156906
-0.018046508
-0.019735535
0.6303872
0.016629692
0.63321566
-0.63361871
0.63299127
-0.63248803
0.016688257
0.63195748
-0.016418488
0.016921738
-0.015853952
-0.017522284
0.63219149
0.014484219
0.63346766
-0.63400187
0.63344005
-0.63297289
0.014670418
0.63247125
-0.014328722
0.014795859
-0.013841363
-0.01534663
0.63284911
0.012497952
0.63317871
-0.63375372
0.63326408
-0.63283709
0.012733699
0.63239673
-0.012448488
0.012875504
-0.011980703
-0.013339029
0.63288848
0.010760546
0.6324648
-0.63307451
0.63263328
-0.63222739
0.011032963
0.63182819
-0.010702009
0.011107899
-0.0103081
-0.01152555
0.63239251
0.010658667
0.63435373
-0.63229457
0.63337602
-0.63482111
0.0095141679
0.63447159
-0.011035766
0.009590649
-0.0099549407
0.6317457
0.0028567724
0.62761856
-0.70093334
0.70137848
-0.70172692
0.0022453486
0.63202346
-0.0028596145
0.002511176
-0.0029544048
-0.0028676807
0.62768834
0.0030900974
0.62697868
-0.627104
0.62712464
-0.62719605
0.0031092273
0.62727109
-0.0031661807
0.0030947728
-0.0031880737
-0.0030240364
0.62737294
0.0034018225
0.62604503
-0.62623013
0.62627754
-0.62635311
0.0034140189
0.62643196
-0.0034605076
0.003384947
-0.003512604
-0.0032861097
0.62660969
0.003707126
0.62486389
-0.62511105
0.62516553
-0.6253251
0.003742465
0.62533916
-0.0037824051
0.0036228422
-0.003845596
-0.0036166508
0.62554922
0.0040160415
0.62331451
-0.62372703
0.62377425
-0.62387777
0.0040999177
0.62396332
-0.0041144343
0.0040109245
-0.0042512315
-0.0039384259
0.6242642
0.0044933662
0.6212467
-0.62168589
0.62182196
-0.62199213
0.0045968351
0.62212061
-0.0046245412
0.0044543682
-0.004811423
-0.004322657
0.62247606
0.0052884646
0.6184751
-0.61906164
0.61930558
-0.6195116
0.0053026626
0.61977642
-0.0054091422
0.0052031249
-0.0056993211
-0.0049448671
0.62020091
0.0066532505
0.61514649
-0.615777
0.61617204
-0.61656896
0.0065495376
0.61704195
-0.0068476758
0.006450775
-0.0073345028
-0.0060529428
0.61731383
0.0092498133
0.61148486
-0.6119318
0.61267898
-0.61344378
0.0086923973
0.61418637
-0.0093386228
0.0085738447
-0.010194793
-0.0079189549
0.61393633
0.012153565
0.54952546
-0.59730677
0.59735865
-0.59736395
0.011846383
0.59730224
-0.011971509
0.01196623
-0.013162054
-0.011082569
0.61014242
0.018544649
0.6126561
-0.61003449
0.61101921
-0.61191324
0.016406469
0.61272793
-0.017856797
0.016962675
-0.018587229
-0.015751211
0.60627155
0.020620288
0.61897645
-0.61686636
0.61714187
-0.61742743
0.018879996
0.61776435
-0.019881947
0.019596345
-0.020160073
-0.019155277
0.61612158
0.020496925
0.6240905
-0.6230253
0.62284969
-0.62263793
0.019416288
0.62250977
-0.019940492
0.020152308
-0.019728366
-0.020263082
0.62142317
0.019303231
0.62769432
-0.62725884
0.62689049
-0.62655124
0.018641665
0.62622169
-0.018804549
0.019143837
-0.018443364
-0.019462746
0.62565206
0.017539351
0.62995023
-0.63000978
0.62952388
-0.62909265
0.017262016
0.62868321
-0.017157912
0.017589149
-0.016734458
-0.018014006
0.62849908
0.015631936
0.63120813
-0.63145066
0.63094175
-0.63053293
0.015594375
0.630092
-0.015418604
0.015827429
-0.014959466
-0.016313521
0.6302444
0.013813
0.63158219
-0.63201177
0.63154348
-0.63111642
0.0138833
0.63070483
-0.013643502
0.01407055
-0.013217329
-0.014497698
0.63103659
0.012073019
0.63145032
-0.63194312
0.63150143
-0.6311221
0.012257703
0.63070394
-0.011983062
0.012362399
-0.011559898
-0.012799445
0.63111431
0.010516952
0.63092854
-0.63146429
0.63110729
-0.6307099
0.010726619
0.63034475
-0.010418112
0.010815493
-0.01008021
-0.011170694
0.63081358
0.0067752177
0.63034472
-0.6331006
0.63048375
-0.63018043
0.0092765171
0.62981308
-0.0090607496
0.0093640654
-0.009703824
0.63029553
0.0025662919
0.70070688
-0.63007383
0.62963162
-0.62921242
0.0030064483
0.62863242
-0.0026380946
0.0030572941
-0.0030197755
-0.0029685029
0.62720235
0.0032267484
0.62723322
-0.62734626
0.62742548
-0.62752905
0.0031838671
0.62758741
-0.0032531427
0.0031495853
-0.0033333302
-0.0030977229
0.62767758
0.0034809962
0.62642461
-0.62658834
0.62659765
-0.62668461
0.0035260358
0.62677459
-0.003586964
0.0035000144
-0.0036014861
-0.0034155457
0.62690881
0.0038992541
0.6252186
-0.62545719
0.6255294
-0.62563024
0.003830064
0.62580957
-0.0039678349
0.0038670051
-0.0040732804
-0.0037448112
0.62594038
0.0042914819
0.62379953
-0.62412829
0.62419919
-0.6243497
0.0043542779
0.62445456
-0.004426947
0.0042764492
-0.0045623118
-0.0041590357
0.62468076
0.0049586055
0.62193954
-0.62230637
0.62247396
-0.62262162
0.0049142476
0.62282418
-0.004965865
0.004818209
-0.0051799422
-0.0046838615
0.62309966
0.0058255381
0.6196982
-0.6200233
0.62030168
-0.62055941
0.0057557271
0.62082072
-0.0059264958
0.0056687723
-0.0062111074
-0.0054115985
0.62112711
0.00724602
0.61704547
-0.617439
0.61788508
-0.61827783
0.0069940864
0.61866676
-0.0073209536
0.006928221
-0.00778582
-0.006553479
0.61881562
0.0094451984
0.61460862
-0.61484781
0.61545933
-0.6160647
0.0088800028
0.61661921
-0.0094439602
0.0088386186
-0.010150487
-0.0082942628
0.61634493
0.011381951
0.55382571
-0.59720148
0.59705107
-0.59687181
0.01121148
0.59665829
-0.011187913
0.01136717
-0.01210144
-0.01079001
0.61287541
0.016101781
0.61532932
-0.61347969
0.61416413
-0.6147924
0.014559633
0.61537696
-0.015597941
0.014969628
-0.016154742
-0.014124327
0.61012639
0.01790363
0.61972104
-0.61808674
0.61840417
-0.6186963
0.016441195
0.61900969
-0.017300794
0.017008657
-0.01752477
-0.016635134
0.61766153
0.018165316
0.62343401
-0.62254446
0.62245375
-0.62244945
0.017116717
0.62244359
-0.017725193
0.0177295
-0.01755333
-0.017639747
0.6215778
0.017418627
0.6264374
-0.62599355
0.62571804
-0.62548906
0.016804405
0.62530926
-0.01698838
0.017217364
-0.016779833
-0.017403028
0.62477746
0.016183015
0.62837721
-0.6282993
0.6279609
-0.62767161
0.015831496
0.62732384
-0.015842955
0.016132279
-0.015489296
-0.016478778
0.62710267
0.014677162
0.62953585
-0.6296958
0.62929706
-0.62896829
0.01454224
0.62860466
-0.014439743
0.01476853
-0.014051393
-0.015150515
0.62865617
0.013098648
0.62996744
-0.63033167
0.62989975
-0.62955726
0.013124087
0.62918131
-0.012946943
0.013289416
-0.012554856
-0.013705396
0.62943528
0.011620769
0.62992383
-0.63032256
0.62997779
-0.629619
0.011716604
0.62927126
-0.011495709
0.011854496
-0.011140932
-0.012191551
0.62961764
0.010169277
0.62951655
-0.62996433
0.62961621
-0.62927792
0.010324013
0.62894655
-0.01008443
0.010422715
-0.009752349
-0.010766305
0.62935797
0.0088052343
0.62906547
-0.62952003
0.62916955
-0.62888756
0.0090196474
0.62854682
-0.0088328246
0.0091148045
-0.0094290966
0.62897324
0.0031098645
0.62870129
-0.62843998
0.62846244
-0.62851412
0.0031350304
0.62859719
-0.0031596721
0.0031079992
-0.0029683428
-0.0030395831
0.62748054
0.0033049898
0.62757082
-0.62766893
0.62775465
-0.62784079
-0.065283215
0.69646528
-0.0033321452
0.0032460187
-0.0034184969
-0.00063548186
0.69970598
0.0036710756
0.62672467
-0.62686644
0.626961
-0.6270822
0.0036227367
0.62715562
-0.0036969711
0.0035757852
-0.0037967036
-0.0035079804
0.62727049
0.0040857835
0.62566118
-0.62584203
0.6259524
-0.62606477
0.0040391874
0.62617949
-0.0041209088
0.0040085396
-0.0042389851
-0.0039005463
0.62633179
0.0045877733
0.62436581
-0.62458818
0.62474991
-0.62486497
0.0045352007
0.62500759
-0.0045596967
0.0044446463
-0.0047095187
-0.0043633325
0.62518672
0.0052500425
0.62274183
-0.62300547
0.62319035
-0.62337781
0.0051447912
0.62356714
-0.005257553
0.0050701051
-0.0054592303
-0.0048960997
0.62377707
0.0061943009
0.62084039
-0.62105879
0.62137259
-0.62161163
0.0059981045
0.62189875
-0.006207098
0.0059680715
-0.0064914678
-0.0057283292
0.62207802
0.0075117952
0.61881857
-0.61907182
0.61944514
-0.61983571
0.0072346058
0.62016559
-0.007556756
0.0071661997
-0.0079520681
-0.006854075
0.62019001
0.0093681789
0.61709653
-0.61714587
0.61764744
-0.61817251
0.0088309045
0.61862344
-0.0093923029
0.0088672304
-0.009890823
-0.0083785801
0.61841584
0.010639482
0.55720227
-0.59642928
0.59617751
-0.59590598
0.010582944
0.59562759
-0.010472759
0.010744302
-0.01121449
-0.010377221
0.6146222
0.014336156
0.6172909
-0.61592005
0.61642957
-0.61690506
0.013194151
0.61735302
-0.013974717
0.013499244
-0.014379169
-0.012869545
0.6129324
0.015776511
0.62058402
-0.61931682
0.61959386
-0.61991248
0.014680021
0.62019279
-0.015395023
0.015076408
-0.015576692
-0.014765059
0.61904389
0.016112594
0.62313472
-0.62246756
0.6225051
-0.62258765
0.015224685
0.6226509
-0.015777252
0.015694672
-0.015754438
-0.01568397
0.62182667
0.015779522
0.62557963
-0.62517546
0.62500455
-0.62485065
0.015227833
0.62473464
-0.015447937
0.015601756
-0.015280877
-0.015667964
0.6242757
0.014909371
0.62715043
-0.62702162
0.62676088
-0.6265673
0.014567746
0.62628752
-0.014619714
0.014813301
-0.01433822
-0.015080103
0.62610925
0.013688152
0.62817354
-0.62825742
0.6279506
-0.62765733
0.013512337
0.62737769
-0.013483848
0.013777118
-0.013153703
-0.014039129
0.62743488
0.012419583
0.62857683
-0.62884118
0.62853819
-0.62822241
0.01237395
0.6279179
-0.012244354
0.012560131
-0.011929482
-0.012872463
0.6281114
0.011086347
0.62854088
-0.62890894
0.62858217
-0.62826566
0.011132236
0.62795909
-0.010956361
0.011272861
-0.010641784
-0.01158898
0.62826219
0.0098080537
0.62822863
-0.62862475
0.62830981
-0.62800421
0.0099160359
0.62770521
-0.0097154066
0.010020995
-0.009413829
-0.010329669
0.62807065
0.0085566083
0.62787377
-0.62827519
0.62795096
-0.6276901
0.0087298507
0.62737551
-0.0085691239
0.0088299844
-0.0091186596
0.62775554
0.003191656
0.62867775
-0.62867784
0.62878741
-0.62886895
0.0031259487
0.62895597
-0.0033080765
0.0032265413
-0.0033668944
-0.0031046627
0.62790541
0.0033736762
0.62793276
-0.69861187
0.69898044
-0.69935694
0.0028623513
0.6323231
-0.0033981186
0.0030216288
-0.0034909399
-0.0034270948
0.62952197
0.0037660508
0.6271352
-0.62725537
0.62735713
-0.62745996
0.0037011159
0.62756428
-0.0037864471
0.0036836275
-0.0038931775
-0.0035847582
0.6276603
0.0042135726
0.6261469
-0.62629651
0.62644045
-0.62653589
0.0041425938
0.6266578
-0.0042150279
0.0041196007
-0.0043663496
-0.0040041875
0.62678337
0.0047535921
0.62497924
-0.6251527
0.62529937
-0.62544723
0.0046675373
0.62559665
-0.0047863829
0.0046385264
-0.0049441072
-0.0044989383
0.62573496
0.0054466716
0.62355626
-0.62375735
0.6239487
-0.62414028
0.0053225409
0.62433205
-0.0054828325
0.0052912517
-0.0056879875
-0.0051122979
0.62448737
0.0063678586
0.62198746
-0.62215887
0.62241696
-0.62267122
0.0061715719
0.62292117
-0.0063979954
0.0061437401
-0.0066695402
-0.0059082742
0.62302808
0.00759812
0.62038309
-0.62053613
0.62087054
-0.62119642
0.0072815325
0.62151333
-0.0076027503
0.0072768831
-0.0079523339
-0.006964152
0.62150595
0.0091872505
0.61903752
-0.61905551
0.61948893
-0.61983369
0.008670493
0.62025427
-0.0091113985
0.0087666493
-0.009528393
-0.0083489337
0.62009378
0.009995689
0.55998806
-0.5953378
0.5950493
-0.59474529
0.0099991178
0.59444824
-0.0098575772
0.010161584
-0.010484343
-0.0099411874
0.61570838
0.013033396
0.61880039
-0.6177842
0.6181866
-0.61857552
0.012118163
0.61894624
-0.012755831
0.012366924
-0.013097464
-0.011870362
0.61511652
0.014227618
0.62135057
-0.62043676
0.62068703
-0.62091992
0.01334246
0.62113748
-0.013872247
0.013639344
-0.014034201
-0.013371902
0.62021694
0.014657564
0.62308708
-0.62271059
0.62277017
-0.62272952
0.013954384
0.62276248
-0.014212435
0.014252868
-0.014220745
-0.014183117
0.62202808
0.014410749
0.62495204
-0.6246246
0.62452789
-0.62443691
0.013911051
0.62436011
-0.01413229
0.014223202
-0.013983895
-0.014277082
0.62396856
0.013743996
0.6262038
-0.62607186
0.62586924
-0.62567775
0.013431765
0.62549779
-0.013506882
0.013698334
-0.013300511
-0.013837311
0.62540943
0.01282014
0.62703692
-0.6271135
0.62685965
-0.62661726
0.012602994
0.6263857
-0.0126063
0.012848687
-0.012328174
-0.01307987
0.62643106
0.011701568
0.62736358
-0.62759959
0.62731882
-0.62704922
0.011625435
0.62679012
-0.011533114
0.01180272
-0.011261546
-0.012070328
0.62697517
0.010563357
0.62733755
-0.6276622
0.62737468
-0.62709623
0.01057087
0.62682641
-0.010432137
0.010710567
-0.010153493
-0.010986636
0.62709696
0.0094210775
0.62706138
-0.62741516
0.62713153
-0.62685653
0.0094904763
0.6265876
-0.0093236203
0.0095986195
-0.0090511092
-0.0098752843
0.62691599
0.0082793655
0.62676784
-0.62712479
0.62682622
-0.62658578
0.008416537
0.6262968
-0.0082795368
0.0085199658
-0.0087833593
0.6266414
0.0032318201
0.62904949
-0.62906477
0.62915234
-0.62923674
0.0031585184
0.62935141
-0.0033708808
0.0032864833
-0.0034576426
-0.0031619022
0.62829191
0.0026638255
0.63314684
-0.62999516
0.629139
-0.62915594
0.003705151
0.62996198
-0.0036319539
0.0036150196
-0.0037298599
-0.0034971942
0.62892124
0.003839135
0.62756962
-0.6276696
0.62777612
-0.62788367
0.0037590218
0.62799169
-0.0038537036
0.0037461599
-0.0039648873
-0.0036409295
0.62807063
0.0043069465
0.62665971
-0.62678088
0.62690499
-0.62702993
0.0042155732
0.62715554
-0.0043250717
0.0042001467
-0.0044557429
-0.0040802857
0.62725702
0.0048673838
0.62561301
-0.62574696
0.62589791
-0.62604922
0.0047543924
0.62620066
-0.0048880728
0.00473677
-0.005047461
-0.0045928315
0.62630601
0.0055382302
0.62439742
-0.62452321
0.62471237
-0.624901
0.0054099375
0.62508813
-0.0055824901
0.0053938633
-0.0057575458
-0.0052158979
0.62520224
0.0064260543
0.62304617
-0.6231673
0.62338398
-0.62364631
0.0062259285
0.62387811
-0.0064568663
0.0061945464
-0.0067084546
-0.0059699556
0.62394496
0.0075702223
0.62171737
-0.62182021
0.62211872
-0.62240866
0.0072359697
0.62268992
-0.0075468937
0.007256957
-0.0078543992
-0.0069749619
0.62268094
0.0089014308
0.62057349
-0.62061491
0.62095383
-0.62128403
0.0084369887
0.62159561
-0.0088346351
0.0085044324
-0.0091724445
-0.008172713
0.6215082
0.0094296168
0.56237206
-0.59413949
0.59384705
-0.59353231
0.0094571885
0.59324109
-0.0093026682
0.0096173976
-0.0098507344
-0.0094882428
0.61636508
0.0119868
0.62010486
-0.61929573
0.61962946
-0.61994843
0.011220418
0.6202507
-0.011754791
0.011435825
-0.012046313
-0.011031135
0.61687602
0.012950465
0.62192269
-0.62134131
0.62153302
-0.62171424
0.012240387
0.62188613
-0.012726827
0.012545594
-0.012854636
-0.012331149
0.62114724
0.013296932
0.62321953
-0.622853
0.62287167
-0.62285688
0.012765888
0.62290283
-0.013059724
0.013074491
-0.013060612
-0.012973129
0.62236593
0.013270571
0.62448403
-0.62431075
0.62421607
-0.62416486
0.012790535
0.6240984
-0.012985332
0.013036495
-0.012893271
-0.013077613
0.62378365
0.012740873
0.62541847
-0.62533092
0.62517241
-0.62502292
0.012419654
0.62488225
-0.012506986
0.012656438
-0.012339993
-0.012785113
0.62482195
0.011964307
0.6260646
-0.62616457
0.62595313
-0.62575106
0.011766714
0.62555759
-0.0117669
0.011968957
-0.011555234
-0.01215893
0.62558861
0.011038359
0.62633098
-0.62654059
0.62630036
-0.62606858
0.010941432
0.62584517
-0.010877222
0.011109004
-0.010640494
-0.01133637
0.62600694
0.010040352
0.62627088
-0.62656496
0.62631141
-0.62606555
0.010020907
0.62582698
-0.0099109933
0.010156848
-0.0096633927
-0.01039979
0.62607812
0.0090197945
0.62600757
-0.62632686
0.62607193
-0.62582478
0.0090587025
0.62558307
-0.0089201973
0.0091673449
-0.0086743606
-0.0094152431
0.62588141
0.0079822799
0.62574651
-0.62606669
0.62579315
-0.62557316
0.0080878611
0.62530923
-0.0079726228
0.0081926107
-0.0084322314
0.6256261
0.0032872978
0.62945672
-0.62943744
0.62955261
-0.62963892
0.0031815677
0.62975535
-0.003423315
0.0033370083
-0.0034873735
-0.0031854909
0.62868695
0.0060638199
0.69456267
-0.63089577
0.63299816
-0.69793721
0.0045723877
0.69685294
-0.069330685
0.0043916416
-0.0035805345
-0.0036090441
0.63038872
0.0038893451
0.62801817
-0.62810014
0.6282092
-0.6283186
0.0037965232
0.62842824
-0.0038984043
0.0037890117
-0.0040117258
-0.0036827846
0.62849233
0.0043673162
0.62718544
-0.62728162
0.62740805
-0.62753468
0.004259046
0.62766136
-0.0043774595
0.0042508404
-0.0045095321
-0.0041290861
0.62774195
0.0049327264
0.62624864
-0.62635197
0.62650292
-0.62665333
0.0047990512
0.62680297
-0.0049420368
0.0047916373
-0.0050993476
-0.0046475727
0.62688319
0.0056146796
0.62515965
-0.62527346
0.62545679
-0.62563792
0.0054392638
0.62581669
-0.0056180613
0.0054369362
-0.0058082681
-0.0052642544
0.62590204
0.0064470133
0.62401765
-0.62410548
0.62432795
-0.62454549
0.0062062134
0.62475808
-0.0064348353
0.0062173017
-0.0066628343
-0.006008232
0.62480525
0.0074447847
0.62288816
-0.6229626
0.6232267
-0.62348236
0.0071087969
0.62372964
-0.007402191
0.0071465404
-0.0076712759
-0.0068988392
0.62372335
0.0085827498
0.6218254
-0.62189911
0.62218584
-0.62246539
0.0081472255
0.62273011
-0.0085045184
0.0082249641
-0.0087840236
-0.0079437578
0.62270248
0.0089111645
0.56446596
-0.59292583
0.59263964
-0.59232677
0.0089458604
0.59204821
-0.0087918364
0.0091046779
-0.0092792786
-0.0090395886
0.61672329
0.011091912
0.6212171
-0.62053745
0.62081152
-0.6210729
0.010441396
0.62132308
-0.010892025
0.010630652
-0.011139648
-0.010299654
0.61830584
0.011906326
0.62241932
-0.62204782
0.62220331
-0.62235019
0.011293908
0.62248814
-0.011667189
0.011520297
-0.011782968
-0.011343776
0.62190895
0.012317006
0.62332669
-0.62294209
0.6230354
-0.62311486
0.011717597
0.62318584
-0.01205283
0.011973345
-0.012091539
-0.011887247
0.62274321
0.012236054
0.6241521
-0.62404895
0.62398011
-0.62393185
0.011823352
0.6238709
-0.012003581
0.012051813
-0.011932189
-0.012074233
0.6236356
0.011840765
0.62479793
-0.62474965
0.62462479
-0.62450704
0.011533931
0.62439607
-0.011629638
0.011747346
-0.011493234
-0.011849772
0.62437603
0.011197643
0.62526798
-0.62537256
0.6251952
-0.62502513
0.010999221
0.62486186
-0.011015249
0.01118529
-0.010835431
-0.011344913
0.62490708
0.01040594
0.62543246
-0.62562944
0.62542167
-0.62522096
0.010295832
0.62502707
-0.010252994
0.010453706
-0.010047145
-0.010648575
0.6251805
0.0095277543
0.62532144
-0.62559548
0.6253707
-0.62515244
0.0094890948
0.62494046
-0.0094019559
0.0096202095
-0.009181108
-0.0098353801
0.62517657
0.0086142225
0.62505661
-0.62534866
0.62511941
-0.62489705
0.0086298773
0.62467948
-0.0085146626
0.0087370203
-0.008292573
-0.0089593263
0.62495401
0.0076733101
0.62480894
-0.62509932
0.62485031
-0.62465002
0.0077515658
0.62441
-0.0076551512
0.0078554297
-0.0080733634
0.62470246
0.0033320116
0.62992816
-0.62984284
0.62995946
-0.63002168
0.0032196745
0.63013931
-0.0034145353
0.0033523087
-0.0035314638
-0.0032249303
0.62906216
0.0034971378
0.62911299
-0.69445871
0.62925736
-0.62935442
0.0034034788
0.6294535
-0.0035001593
0.0034030982
-0.0036012762
-0.0040197023
0.6971691
0.0039176105
0.62847223
-0.62853808
0.62864799
-0.62875785
0.0038142211
0.62886758
-0.0039214047
0.0038115499
-0.0040348399
-0.0037049368
0.62891848
0.004396675
0.62771275
-0.62778792
0.62791423
-0.62804018
0.0042752002
0.62816562
-0.0043995
0.0042735608
-0.0045303437
-0.0041521194
0.62822883
0.0049543533
0.62687086
-0.62695165
0.6270992
-0.62724547
0.0048056811
0.62739033
-0.0049535729
0.0048073041
-0.0051055848
-0.0046663055
0.62745265
0.005608219
0.62590211
-0.6259929
0.62616646
-0.62633726
0.0054188515
0.62650526
-0.0055988777
0.0054280744
-0.0057765772
-0.0052637464
0.62657263
0.0063763194
0.62489406
-0.62496567
0.62516831
-0.62536605
0.0061294187
0.62555897
-0.0063506146
0.0061528775
-0.0065552523
-0.0059614199
0.62559763
0.0072560385
0.62391039
-0.62396868
0.62419953
-0.62442243
0.0069336493
0.62463757
-0.0072031866
0.0069802905
-0.0074366741
-0.0067642219
0.62463306
0.0082352389
0.62287109
-0.62298763
0.62323249
-0.62346966
0.007829449
0.62369681
-0.0081482668
0.0079110966
-0.0083848131
-0.0076708305
0.623721
0.0084316565
0.5663342
-0.59174122
0.59146873
-0.59116341
0.0084556226
0.59090644
-0.0083178502
0.008623163
-0.008755609
-0.0086011092
0.61687563
0.01031002
0.62213522
-0.62155879
0.62178583
-0.62200152
0.0097382953
0.62220849
-0.010128184
0.0099124764
-0.01032959
-0.009644628
0.61946899
0.01098707
0.62286664
-0.62261955
0.622746
-0.62286881
0.010448596
0.62299007
-0.010774835
0.010651997
-0.010883047
-0.010502195
0.62254475
0.011306393
0.62338403
-0.62321885
0.62324519
-0.62331106
0.010892828
0.623394
-0.011142557
0.011076648
-0.011227859
-0.010987446
0.62307344
0.011320312
0.62392149
-0.62385533
0.62383937
-0.62378448
0.011002098
0.62371225
-0.011125631
0.011180487
-0.011072959
-0.011242691
0.62362027
0.011023765
0.62429212
-0.62429114
0.62419191
-0.62409781
0.010729903
0.62400841
-0.010830278
0.010924351
-0.010719484
-0.011006532
0.62402193
0.010487354
0.62458854
-0.62470491
0.62455424
-0.62440913
0.010289927
0.62426982
-0.010317608
0.010462703
-0.010163044
-0.010597467
0.62433134
0.0098057435
0.62464751
-0.62484005
0.62465929
-0.62448497
0.009685095
0.62431672
-0.0096606935
0.0098350202
-0.009479502
-0.010002811
0.62446959
0.0090307785
0.62447446
-0.62473463
0.62453474
-0.62434071
0.0089772594
0.62415235
-0.0089093174
0.0091033432
-0.0087123831
-0.0092932783
0.62437989
0.0082119234
0.62419683
-0.62446836
0.62426177
-0.62406127
0.0082097622
0.62386501
-0.0081138237
0.0083143146
-0.0079127009
-0.0085139079
0.62412176
0.0073576912
0.62395041
-0.62421882
0.62399218
-0.62380954
0.0074134557
0.62359058
-0.0073325058
0.0075151471
-0.0077135746
0.62386238
0.0033674959
0.63064158
-0.63022736
0.63037112
-0.63051336
0.0032482099
0.63063296
-0.0034996579
0.0033574222
-0.0041998886
-0.0032299396
0.62943963
0.0035055158
0.62951747
-0.62955014
0.62964975
-0.62974746
0.0034068886
0.62984572
-0.0035056911
0.0034079769
-0.0036063512
-0.067474446
0.62987
0.0039253814
0.62892434
-0.62897709
0.62908627
-0.6291951
0.003813806
0.62930347
-0.003924337
0.0038155158
-0.0040363872
-0.003709561
0.62934372
0.0043980214
0.6282316
-0.62829042
0.62841447
-0.62853769
0.0042670734
0.62865995
-0.0043944007
0.0042711966
-0.0045217734
-0.0041519345
0.62870966
0.0049380599
0.62746823
-0.62753362
0.62767524
-0.62781514
0.0047798394
0.62795321
-0.0049288836
0.0047889966
-0.0050734076
-0.0046533548
0.62800379
0.0055552799
0.62659358
-0.62667033
0.62683248
-0.62699168
0.0053589452
0.62714792
-0.0055362039
0.0053770108
-0.0057009431
-0.0052227813
0.62720501
0.0062589658
0.62568092
-0.62574711
0.62593063
-0.62610964
0.0060134759
0.62628426
-0.0062243763
0.0060453699
-0.0064085259
-0.0058708605
0.62632057
0.0070369148
0.62479379
-0.62484526
0.62504575
-0.62523943
0.0067347445
0.62542663
-0.0069798267
0.0067861423
-0.0071805573
-0.0065953949
0.62543201
0.0078761708
0.62375078
-0.62391529
0.62412472
-0.62432621
0.0075053996
0.62451998
-0.0077878926
0.0075863999
-0.0079882634
-0.00738122
0.62459145
0.0079770224
0.56802903
-0.59062654
0.5903748
-0.5901073
0.0080167619
0.58985204
-0.0078681966
0.0081356895
-0.0082651294
-0.0081493302
0.61684993
0.009597249
0.62287943
-0.62240181
0.62258399
-0.62275564
0.0091071972
0.62291717
-0.0094297504
0.0092580685
-0.0095905279
-0.0090418873
0.62040793
0.010175657
0.62329793
-0.62310964
0.62322894
-0.62334739
0.0096848176
0.62346519
-0.0099862012
0.0098676976
-0.010089994
-0.0097349473
0.62309839
0.01053692
0.62355238
-0.62345372
0.62350749
-0.62355926
0.010084034
0.6236261
-0.010327426
0.010275587
-0.010358793
-0.010191468
0.62345783
0.010533505
0.62370403
-0.62366995
0.62362965
-0.62358837
0.010188916
0.62354499
-0.010316504
0.010357723
-0.010284511
-0.010374922
0.62357093
0.010271448
0.6238827
-0.62392379
0.62384389
-0.62376855
0.0099864079
0.62369774
-0.010091631
0.010166967
-0.010002919
-0.010232073
0.62373251
0.0098243043
0.6240047
-0.62413606
0.62400708
-0.62388331
0.0096276222
0.62376472
-0.0096653588
0.009789128
-0.0095327445
-0.0099023352
0.62384643
0.0092352883
0.62395588
-0.62415412
0.62399692
-0.62384502
0.009106796
0.62369801
-0.0090967002
0.0092486053
-0.0089373102
-0.0093942485
0.62385489
0.0085514959
0.62371966
-0.62396959
0.62379228
-0.62362035
0.0084852055
0.62345363
-0.0084344785
0.0086063935
-0.0082592129
-0.0087739386
0.62367703
0.0078173546
0.62341783
-0.62367448
0.62348799
-0.62330699
0.0078008439
0.62312981
-0.0077214352
0.0079024309
-0.0075390911
-0.0080817414
0.62337418
0.0070395766
0.62316367
-0.62341574
0.62320845
-0.62304156
0.0070779688
0.62284106
-0.0070098979
0.007176774
-0.0073578133
0.6230971
0.0033926025
0.63258379
-0.63071977
0.63086512
-0.63119273
0.0032966058
0.63191939
-0.003706781
0.0033791698
-0.0055983846
-0.003225358
0.62986888
0.0035008395
0.62991809
-0.62994395
0.63004153
-0.63013902
0.003396543
0.63023575
-0.0034973873
0.0033998917
-0.0035966771
-0.0033035295
0.63025109
0.0039146081
0.62936911
-0.62941135
0.62951865
-0.62962535
0.0037968823
0.62973139
-0.003909256
0.0038025552
-0.0040187979
-0.0036984433
0.6297632
0.004375059
0.62873397
-0.62878117
0.62890128
-0.62902023
0.0042379927
0.62913794
-0.0043659818
0.0042470393
-0.0044883213
-0.0041313608
0.6291781
0.0048909856
0.62803375
-0.6280894
0.62822364
-0.62835595
0.00472787
0.62848628
-0.004875268
0.0047429633
-0.0050112645
-0.0046140343
0.62852984
0.0054678073
0.62723305
-0.62730115
0.62745141
-0.62759869
0.0052701923
0.62774303
-0.0054418284
0.0052945454
-0.0055935301
-0.0051510338
0.62779515
0.0061109118
0.62639003
-0.62645455
0.62662068
-0.62678273
0.005870573
0.6269408
-0.0060703503
0.0059082986
-0.006236495
-0.0057491924
0.62697963
0.0068044413
0.62555379
-0.62560776
0.62578314
-0.62595318
0.0065197395
0.62611812
-0.0067449019
0.0065748587
-0.0069185115
-0.0064045953
0.62614255
0.0075247394
0.62450644
-0.62470609
0.62488519
-0.62505718
0.0071877802
0.62522271
-0.0074391776
0.0072671849
-0.007610234
-0.0070915429
0.62533612
0.0075514225
0.56956536
-0.58959784
0.58934965
-0.58910617
0.007585914
0.58886804
-0.0074468638
0.0076903293
-0.0078107354
-0.0077378023
0.6167066
0.0089613631
0.62346604
-0.62306962
0.62321352
-0.62335026
0.0085446354
0.62348035
-0.0088144004
0.0086776422
-0.0089404099
-0.0084989876
0.62117345
0.0094500856
0.62369748
-0.62358109
0.62369504
-0.6238055
0.0090112935
0.6239121
-0.0092805537
0.0091700608
-0.0093722991
-0.0090560049
0.6235844
0.0097546519
0.62375616
-0.62367654
0.62373308
-0.62377885
0.0093372113
0.62379391
-0.0095544788
0.009508733
-0.0095850561
-0.0094543387
0.62372577
0.0097185921
0.62358609
-0.62352191
0.62348539
-0.62351213
0.0093714683
0.62351695
-0.0095420657
0.0095154925
-0.0095440461
-0.0095420138
0.62344022
0.0095730268
0.62355646
-0.62363151
0.62356885
-0.62350981
0.0093019378
0.62345345
-0.0094072594
0.0094663157
-0.0093357898
-0.0095128691
0.62351431
0.0092034293
0.62350327
-0.62365125
0.62354242
-0.62343764
0.0090080029
0.62333701
-0.0090541571
0.0091589453
-0.0089404814
-0.0092528858
0.62344203
0.0086912869
0.62334919
-0.62355571
0.62341793
-0.62328463
0.00855901
0.62315557
-0.0085597202
0.0086930241
-0.0084203612
-0.0088201253
0.62331948
0.0080898428
0.62304858
-0.623292
0.62313532
-0.62298346
0.0080129542
0.62283623
-0.0079772343
0.0081290775
-0.0078216494
-0.0082769602
0.62305673
0.0074325975
0.62271183
-0.62295783
0.62278956
-0.62262632
0.0074039974
0.62246661
-0.0073392065
0.0075024411
-0.00717408
-0.0076633425
0.62270293
0.0067237955
0.62244148
-0.6226808
0.62249077
-0.62233806
0.006748328
0.62215416
-0.0066910194
0.0068437222
-0.0070091361
0.62239874
0.003404229
0.69588166
-0.6323994
0.63259335
-0.63265387
0.0032259024
0.63277015
-0.0034240149
0.0033634995
-0.0031951484
-0.0032122275
0.63032397
0.003482609
0.63031252
-0.63033208
0.63042786
-0.63052319
0.0033743297
0.63061789
-0.0034761836
0.0033808598
-0.0035735224
-0.0032871421
0.63062827
0.0038873819
0.62980252
-0.62983672
0.62994128
-0.63004506
0.0037652887
0.63014801
-0.0038782347
0.0037744526
-0.0039844519
-0.0036729507
0.63017331
0.004331754
0.62921471
-0.62925439
0.62936951
-0.6294833
0.0041912075
0.62959572
-0.0043181801
0.0042043896
-0.0044346414
-0.0040931797
0.62962982
0.0048203572
0.62856467
-0.62861462
0.62874095
-0.62886532
0.0046557933
0.6289877
-0.004799767
0.0046754015
-0.0049270601
-0.0045537438
0.62902742
0.0053563837
0.6278205
-0.62788442
0.62802292
-0.62815856
0.0051615514
0.6282914
-0.0053258104
0.0051901703
-0.0054647007
-0.0050572432
0.62834256
0.0059421709
0.62702896
-0.62709493
0.6272452
-0.62739167
0.0057098189
0.62753441
-0.0058976956
0.0057512225
-0.0060468797
-0.0056065999
0.62757961
0.0065628763
0.62621447
-0.62627829
0.62643384
-0.62658505
0.0062925148
0.62673196
-0.0065014169
0.0063502037
-0.0066536863
-0.0061978338
0.62677819
0.0071845992
0.62515008
-0.62538176
0.62553494
-0.62568229
0.0068765473
0.62582436
-0.0071023538
0.0069549908
-0.007248272
-0.0068041413
0.62597385
0.0071510744
0.57097942
-0.58863486
0.58840726
-0.58818516
0.0071769883
0.58796927
-0.007054121
0.0072762073
-0.007390764
-0.0073473505
0.61646002
0.008406877
0.62393342
-0.62360525
0.62372537
-0.62384188
0.0080411813
0.62395477
-0.0082774911
0.0081609703
-0.008382622
-0.0080065484
0.62182343
0.0088055946
0.62404803
-0.6240145
0.62411133
-0.62420353
0.0084255317
0.62428925
-0.0086566365
0.0085644313
-0.0087377003
-0.0084739455
0.62398267
0.0090205545
0.62384696
-0.62383391
0.62384824
-0.6238635
0.0087135549
0.62389641
-0.0088641271
0.0088488882
-0.0088714593
-0.0088054068
0.62391755
0.0091077161
0.62350506
-0.62352316
0.62348893
-0.62350903
0.0087839083
0.62351747
-0.0089109286
0.0088907692
-0.0089076602
-0.0088681483
0.62352252
0.008932659
0.6232886
-0.62339832
0.62334513
-0.62329362
0.0086828589
0.62324389
-0.0087813701
0.0088328735
-0.0087209215
-0.0088761523
0.62333338
0.008621252
0.62307439
-0.62324024
0.62314724
-0.6230578
0.008431568
0.62297175
-0.0084820647
0.0085715037
-0.0083848788
-0.0086507612
0.62310401
0.0081761212
0.62281838
-0.62303068
0.62290976
-0.62279274
0.008043495
0.62267935
-0.0080521133
0.0081691373
-0.0079298989
-0.008280252
0.62285163
0.0076463839
0.62245313
-0.62269346
0.62255497
-0.62242064
0.0075626953
0.62229021
-0.0075386758
0.0076730048
-0.007400602
-0.0078035792
0.62250906
0.0070589328
0.62207311
-0.62231166
0.62216013
-0.6220132
0.0070204871
0.62186948
-0.0069684526
0.0071153763
-0.0068192684
-0.007259525
0.62210121
0.0064137147
0.62177764
-0.62200753
0.62183334
-0.62169379
0.0064267897
0.62152524
-0.0063789454
0.006518487
-0.0066695404
0.62176141
0.0037488796
0.69467355
-0.63285675
0.63336192
-0.63519765
0.003838742
0.69567878
-0.0054185036
0.0035827732
-0.0031681698
-0.0032176336
0.63098656
0.0034526521
0.63069819
-0.63071208
0.63080563
-0.63089853
0.0033413308
0.63099087
-0.0034435095
0.0033506058
-0.0035382473
-0.0032591909
0.63099779
0.0038457604
0.63022169
-0.63025009
0.63035126
-0.63045153
0.003720889
0.63055082
-0.0038333319
0.0037330699
-0.0039356447
-0.0036347451
0.63057151
0.0042717494
0.62967135
-0.62970677
0.6298164
-0.62992465
0.0041296361
0.63003148
-0.0042545001
0.0041462541
-0.0043647949
-0.004039985
0.63006239
0.0047323157
0.6290611
-0.62910814
0.62922663
-0.62934323
0.0045685557
0.62945792
-0.004708154
0.0045915564
-0.0048270396
-0.0044771434
0.62949584
0.0052292588
0.62835775
-0.62842147
0.62854884
-0.62867356
0.0050394663
0.6287957
-0.0051957127
0.0050709883
-0.0053226134
-0.0049480696
0.62884901
0.0057605812
0.62760123
-0.62767343
0.6278088
-0.62794058
0.005538826
0.62806885
-0.0057139787
0.0055821982
-0.0058471408
-0.0054515074
0.62812301
0.0063148942
0.62679546
-0.62687476
0.62701351
-0.62714841
0.006059138
0.62727945
-0.0062525998
0.0061177002
-0.0063870154
-0.005981955
0.62734567
0.0068558485
0.62569602
-0.62596124
0.62609351
-0.62622125
0.0065735267
0.62634511
-0.0067774368
0.0066496865
-0.0069013192
-0.006518448
0.62652449
0.0067776693
0.57229254
-0.58775952
0.58755694
-0.58736207
0.0067868757
0.58717706
-0.0066873549
0.0068822189
-0.0070004109
-0.006974314
0.61613137
0.0079135087
0.6243332
-0.62406475
0.62417183
-0.62427595
0.0075817542
0.62437671
-0.0077953365
0.0076912096
-0.0078875478
-0.0075539039
0.62239575
0.0082305508
0.62436093
-0.62436941
0.62444295
-0.62450984
0.0079004795
0.62457012
-0.0080931066
0.0080262274
-0.0081640418
-0.0079607586
0.62428264
0.0084481282
0.62386665
-0.6239442
0.62396657
-0.62401127
0.0081496575
0.62406399
-0.008333164
0.0082884641
-0.0083611185
-0.0082277649
0.62414178
0.0084934238
0.62340489
-0.62349574
0.62351139
-0.62349363
0.0082316455
0.62345925
-0.0083460617
0.0083638033
-0.0083221738
-0.0083717745
0.62358373
0.0083465056
0.62306051
-0.62319547
0.62314888
-0.62310409
0.0081154123
0.62306132
-0.0082080819
0.0082528451
-0.008156384
-0.0082900091
0.62317421
0.0080803666
0.62270675
-0.62288886
0.62280905
-0.62273218
0.0079003323
0.62265808
-0.0079519132
0.0080287812
-0.0078682144
-0.0080965158
0.62281647
0.0076925064
0.62235189
-0.62256952
0.62246304
-0.62235986
0.0075636694
0.62225975
-0.0075769396
0.0076801183
-0.0074691036
-0.0077773116
0.62244245
0.0072238699
0.62192402
-0.62216355
0.62204044
-0.62192076
0.0071380751
0.6218043
-0.0071219758
0.0072416443
-0.006998853
-0.0073574075
0.62202453
0.0066981122
0.62149636
-0.62173008
0.62159372
-0.62146146
0.0066527054
0.62133201
-0.0066111167
0.0067433676
-0.0064764209
-0.0068726768
0.62156187
0.0061111507
0.62116686
-0.62139115
0.62123141
-0.62110373
0.0061149215
0.62094901
-0.0060750737
0.0062027434
-0.0063406174
0.62118019
0.0030549979
0.63143823
-0.69502551
0.69484149
-0.69458022
0.0031431794
0.69447366
-0.0030496324
0.003310898
-0.0031344354
-0.0031872393
0.63237734
0.0034122716
0.63107271
-0.63108245
0.63117344
-0.63126363
0.0032990856
0.63135316
-0.0034007238
0.0033105277
-0.0034923871
-0.0032219793
0.63135672
0.0037918274
0.63062458
-0.63064916
0.63074647
-0.63084281
0.0036656068
0.63093809
-0.0037766419
0.0036803144
-0.003874646
-0.0035855833
0.63095591
0.0041981638
0.63010334
-0.6301369
0.6302409
-0.63034352
0.0040559616
0.63044472
-0.0041779643
0.004075351
-0.0042821681
-0.0039742513
0.63047456
0.0046315088
0.62952455
-0.62957078
0.62968178
-0.62979101
0.0044699772
0.62989842
-0.0046047269
0.0044955064
-0.0047156423
-0.0043880014
0.62993607
0.0050918331
0.62884864
-0.62891529
0.6290324
-0.62914708
0.0049080327
0.62925938
-0.0050562768
0.0049415942
-0.0051722823
-0.0048280308
0.62931708
0.0055726959
0.62811164
-0.62819367
0.62831514
-0.62843335
0.005362925
0.62854843
-0.0055253465
0.0054071312
-0.0056441128
-0.0052893269
0.62861309
0.0060662826
0.62730928
-0.62740684
0.62753062
-0.62765099
0.0058271464
0.62776799
-0.0060050194
0.0058846436
-0.0061245185
-0.0057639508
0.62785024
0.0065442274
0.62615696
-0.62646509
0.62658185
-0.62669502
0.0062859884
0.62680532
-0.0064707294
0.0063575581
-0.0065752267
-0.0062410805
0.62700895
0.0064326666
0.57351114
-0.58700173
0.58683577
-0.5866785
0.0064180241
0.58652977
-0.0063475502
0.0065048118
-0.0066382354
-0.0066278044
0.61569401
0.0074624065
0.62467775
-0.62447564
0.62457279
-0.62466775
0.007155755
0.62475821
-0.0073524351
0.0072574782
-0.0074307228
-0.0071373871
0.62290242
0.007701508
0.62462568
-0.62462367
0.62467079
-0.62471254
0.0074205882
0.62474874
-0.0075772705
0.0075355188
-0.007634261
-0.0074881752
0.62449709
0.0079104685
0.62399135
-0.62409325
0.62413429
-0.62415874
0.007601225
0.62416815
-0.0077615786
0.007737107
-0.0078118652
-0.0076848403
0.62434746
0.0079344421
0.62331246
-0.62343127
0.62342647
-0.62339046
0.0076186808
0.62341718
-0.0077745821
0.0078105351
-0.0077680707
-0.0078539628
0.62352017
0.0078120347
0.62286572
-0.62302019
0.62298133
-0.62294455
0.007599956
0.62290929
-0.0076868657
0.0077236247
-0.0076427698
-0.0077510342
0.62304913
0.0075833684
0.62238921
-0.62258662
0.62251766
-0.62245105
0.0074160539
0.62238665
-0.0074661429
0.0075327379
-0.0073934271
-0.0075914517
0.62256865
0.0072437427
0.62193939
-0.62216269
0.62206848
-0.62197707
0.0071216277
0.62188828
-0.0071371917
0.007228594
-0.0070415133
-0.0073139846
0.62208374
0.0068259206
0.62145059
-0.62169094
0.62158047
-0.6214728
0.0067419581
0.62136773
-0.0067305963
0.0068382642
-0.0066196965
-0.0069419828
0.6215923
0.006352529
0.62097518
-0.62120634
0.62108326
-0.62096371
0.0063033549
0.62084649
-0.0062696317
0.0063891714
-0.0061476145
-0.0065058898
0.62107636
0.0058176438
0.62060433
-0.62082614
0.62067939
-0.62056234
0.0058143925
0.62042006
-0.0057810779
0.005898118
-0.0060241587
0.62064972
0.0030167472
0.63177925
-0.69421156
0.69407762
-0.69383882
0.003129533
0.69370427
-0.0030089956
0.00324779
-0.0030915889
-0.003151497
0.63270576
0.0033628845
0.63143448
-0.63144186
0.63152984
-0.63161698
0.0032488881
0.63170336
-0.0033492681
0.0032621306
-0.0034376025
-0.0031764003
0.6317046
0.0037276982
0.63100982
-0.63103234
0.63112553
-0.63121768
0.0036013698
0.63130874
-0.003710273
0.0036181231
-0.0038037389
-0.0035272517
0.63132521
0.0041138462
0.6305113
-0.63054454
0.63064296
-0.63074003
0.0039727979
0.63083572
-0.0040913817
0.0039943117
-0.0041897435
-0.0038984439
0.63086584
0.0045213375
0.62995673
-0.6300041
0.63010802
-0.63021026
0.0043630217
0.63031077
-0.0044926389
0.0043904066
-0.004596002
-0.0042894263
0.63034964
0.0049474618
0.62929759
-0.62936936
0.62947708
-0.62958259
0.0047701861
0.62968595
-0.0049106132
0.0048051003
-0.0050168398
-0.0047002445
0.62974933
0.0053835457
0.6285676
-0.62866049
0.62876968
-0.62887612
0.0051859118
0.62897992
-0.0053365337
0.005230096
-0.0054431144
-0.0051234488
0.62905581
0.0058245951
0.62776819
-0.62788185
0.62799262
-0.62810043
0.0056029307
0.62820536
-0.0057659009
0.0056580819
-0.0058734358
-0.005550133
0.62830037
0.0062533589
0.62654514
-0.62691208
0.6270162
-0.62711663
0.0060165898
0.6272147
-0.0061834486
0.0060830137
-0.0062696317
-0.005978625
0.62744251
0.0061119245
0.57464563
-0.58638934
0.58625693
-0.58613249
0.0060771459
0.58601556
-0.0060321303
0.0061565633
-0.0063046927
-0.0063033194
0.61514779
0.0070380151
0.62497974
-0.62484513
0.62492759
-0.62500626
0.0067644735
0.6250804
-0.0069358341
0.0068571594
-0.0070060217
-0.0067561973
0.62333234
0.0072293825
0.62482765
-0.62478234
0.62481216
-0.6248408
0.0069913053
0.62486711
-0.007122427
0.0070937935
-0.0071659845
-0.0070564206
0.62465601
0.0073896664
0.62406913
-0.62419726
0.62422579
-0.62426476
0.0071417853
0.62427919
-0.0072945749
0.0072556003
-0.0072977641
-0.0072072508
0.62453339
0.0074066481
0.62330195
-0.62339912
0.62337049
-0.62338592
0.0071999851
0.62340022
-0.0073021185
0.0072867392
-0.0073004053
-0.007291922
0.62351474
0.0073311703
0.62269827
-0.62287628
0.62284282
-0.62281052
0.0071419109
0.62277829
-0.0072191721
0.0072514635
-0.0071800636
-0.0072770225
0.62295149
0.0071308757
0.6221119
-0.62232435
0.62226398
-0.62220544
0.0069769904
0.62214861
-0.0070243247
0.0070828549
-0.0069602028
-0.0071348247
0.6223512
0.0068308847
0.62157252
-0.6218021
0.62171834
-0.62163697
0.0067162841
0.62155782
-0.0067330356
0.0068143945
-0.006647539
-0.0068900926
0.6217669
0.0064546062
0.62102226
-0.6212652
0.62116503
-0.62106714
0.0063744546
0.62097139
-0.0063659065
0.0064637854
-0.0062648517
-0.0065577679
0.6212023
0.0060242737
0.62050192
-0.6207325
0.6206206
-0.62051168
0.005973972
0.62040462
-0.0059458178
0.0060547331
-0.0058344964
-0.0061610996
0.62063559
0.0055348967
0.62008564
-0.62030726
0.6201722
-0.62006461
0.0055264323
0.61993349
-0.0054984483
0.005606029
-0.0057216573
0.62016412
0.0029720034
0.63211024
-0.69346442
0.69332789
-0.6930853
0.0030852286
0.69294756
-0.0029616499
0.0032042362
-0.0030419049
-0.0031098989
0.63302519
0.0033059535
0.63178269
-0.63178889
0.63187363
-0.63195751
0.0031920158
0.63204061
-0.0032906206
0.0032067369
-0.0033754954
-0.0031240381
0.63204066
0.0036554066
0.63137676
-0.63139876
0.63148768
-0.63157555
0.0035299803
0.63166233
-0.0036362117
0.0035483371
-0.0037250809
-0.0034614507
0.6316787
0.0040214503
0.6308963
-0.63093008
0.63102309
-0.63111481
0.0038825464
0.63120519
-0.0039973245
0.0039056128
-0.0040901134
-0.0038148933
0.63123636
0.0044043408
0.63035932
-0.63040963
0.63050681
-0.63060237
0.004249969
0.63069628
-0.0043742576
0.0042786962
-0.0044704855
-0.0041839484
0.63073787
0.0047989175
0.62970919
-0.62978722
0.62988648
-0.62998378
0.0046283975
0.63007917
-0.0047614034
0.0046641019
-0.0048590281
-0.0045671616
0.63014869
0.0051968288
0.62897842
-0.62908126
0.62918024
-0.62927697
0.0050102334
0.62937153
-0.0051507138
0.0050539827
-0.0052474384
-0.004956647
0.62945861
0.0055939562
0.62818218
-0.62830752
0.62840696
-0.62850373
0.0053882253
0.62859788
-0.0055379262
0.0054411477
-0.0056349091
-0.0053439969
0.62870467
0.0059793721
0.62687007
-0.62730891
0.62740104
-0.6274893
0.0057600457
0.62757562
-0.0059109555
0.005822685
-0.0059794499
-0.00572988
0.62783122
0.005813894
0.57571183
-0.58590633
0.58580423
-0.58570923
0.0057607713
0.58562089
-0.0057416902
0.0058366747
-0.0059987086
-0.0059961976
0.614521
0.0066476449
0.62524078
-0.62515062
0.62521632
-0.62527795
0.0064076646
0.62533543
-0.0065542192
0.0064925859
-0.0066115396
-0.0064094083
0.62368966
0.0068172243
0.62498254
-0.62489312
0.62491752
-0.62494272
0.0066021876
0.6249658
-0.0067212337
0.0066960315
-0.0067556524
-0.0066572513
0.62480868
0.0069598714
0.62407828
-0.62433164
0.62435846
-0.6244119
0.0067425842
0.62445464
-0.0068846823
0.0068312379
-0.0068743393
-0.0067894756
0.62469407
0.0069910037
0.62326149
-0.62340206
0.62341726
-0.62342323
0.0068265775
0.623406
-0.00688261
0.0068766212
-0.0068668762
-0.0068550566
0.62355051
0.0068978211
0.62254743
-0.62274767
0.62271755
-0.6226889
0.0067199805
0.62266243
-0.0067947583
0.0068233921
-0.0067597683
-0.0068513907
0.62284844
0.0067186856
0.62186597
-0.62209344
0.62203983
-0.62198774
0.0065759632
0.62193707
-0.0066210461
0.0066731314
-0.006563726
-0.0067195791
0.6221572
0.0064511882
0.62124339
-0.6214809
0.62140601
-0.62133316
0.0063429947
0.62126216
-0.0063608122
0.0064336628
-0.0062835774
-0.0065012827
0.62148463
0.0061089553
0.62063061
-0.62087777
0.62078612
-0.62069643
0.0060325789
0.62060859
-0.0060262115
0.0061158903
-0.0059333855
-0.0062017509
0.62084702
0.0057140585
0.62006874
-0.62030027
0.6201976
-0.62009744
0.0056641527
0.61999877
-0.0056399744
0.0057401327
-0.0055375251
-0.0058379633
0.62023156
0.0052637935
0.6196065
-0.61982959
0.61970495
-0.61960575
0.0052515117
0.6194846
-0.005227879
0.0053270711
-0.0054336617
0.61971755
0.0029220704
0.63243021
-0.69270556
0.692591
-0.69239712
0.0026432614
0.69264932
-0.0029082893
0.0031021687
-0.002986563
-0.0030377616
0.63328071
0.0032429161
0.63211694
-0.63212282
0.63220426
-0.63228477
0.003129709
0.63236459
-0.0032261667
0.0031456551
-0.0033075201
-0.0030662112
0.6323643
0.003576775
0.63172537
-0.63174806
0.6318327
-0.63191631
0.0034530422
0.63199883
-0.0035562161
0.0034726061
-0.0036405558
-0.0033897281
0.63201616
0.0039232278
0.63125932
-0.63129429
0.6313821
-0.63146866
0.0037872071
0.63155394
-0.0038979205
0.0038113565
-0.0039853463
-0.0037256048
0.63158671
0.004282458
0.63073401
-0.63078861
0.63087933
-0.6309685
0.0041325801
0.63105608
-0.0042514099
0.0041622425
-0.0043409406
-0.0040735241
0.6311017
0.004648315
0.63008798
-0.6301727
0.63026442
-0.63035437
0.0044843579
0.63044257
-0.0046104681
0.0045205174
-0.0047004719
-0.0044306807
0.63051845
0.0050134419
0.62935244
-0.62946401
0.62955448
-0.62964298
0.0048358511
0.62972955
-0.0049679058
0.0048794028
-0.0050563367
-0.0047901475
0.62982751
0.0053726049
0.62855424
-0.62868948
0.62877854
-0.62886517
0.005179923
0.62894937
-0.00531829
0.0052316585
-0.005404811
-0.0051441049
0.62906897
0.0057137564
0.62714373
-0.62765829
0.62773796
-0.6278141
0.005509445
0.62788672
-0.0056474642
0.005571315
-0.005707198
-0.005489513
0.62817591
0.005535345
0.57672181
-0.58553888
0.58546389
-0.5853956
0.0054647828
0.58533392
-0.0054729337
0.0055412127
-0.0057156086
-0.0057090539
0.61383519
0.006291206
0.62544892
-0.62538921
0.62543926
-0.62548617
0.0060812574
0.62553041
-0.0062066914
0.0061597709
-0.0062508211
-0.0060909443
0.62398626
0.0064415196
0.62510399
-0.62498997
0.62501276
-0.62503627
0.0062437675
0.62505995
-0.0063529003
0.0063293652
-0.0063770151
-0.0062904035
0.62496566
0.0065867464
0.62411742
-0.6244938
0.62453348
-0.62456902
0.0063429631
0.62461121
-0.0064422441
0.006406696
-0.0064780845
-0.0063859363
0.62483882
0.0065859641
0.62314301
-0.62340474
0.62339159
-0.62335443
0.006369979
0.62333618
-0.006480445
0.0065176058
-0.0064312596
-0.0065067322
0.62356941
0.0064963518
0.62241664
-0.6226385
0.6226164
-0.62259636
0.0063306895
0.6225745
-0.0064011966
0.0064212429
-0.0063720091
-0.0064249751
0.62278786
0.0063391811
0.6216455
-0.62188782
0.62183983
-0.62179311
0.0062051431
0.62174748
-0.0062485845
0.0062953034
-0.0061969692
-0.0063367591
0.62198418
0.0060990073
0.62094495
-0.62119302
0.62112559
-0.62105985
0.0059955011
0.62099568
-0.0060145527
0.0060802801
-0.0059441507
-0.0061410069
0.62123165
0.0057857144
0.62027031
-0.62052262
0.62043841
-0.62035597
0.0057120645
0.62027522
-0.0057079866
0.0057904128
-0.0056224649
-0.0058691919
0.62052148
0.0054210802
0.61966895
-0.61990242
0.61980745
-0.61971467
0.0053720698
0.61962315
-0.0053510186
0.0054437963
-0.0052560591
-0.0055343181
0.61985846
0.0050046547
0.61916318
-0.61938862
0.61927335
-0.61918166
0.0049895038
0.61906951
-0.0049695443
0.0050612241
-0.0051598771
0.61930497
0.0012417046
0.69084369
-0.63653194
0.6349808
-0.63466675
0.0029548269
0.63474006
-0.0027593359
0.0030733779
-0.0029286668
-0.0029868223
0.63244165
0.0031750702
0.63243707
-0.63244334
0.63252145
-0.63259855
0.003063353
0.63267493
-0.0031570758
0.0030799802
-0.0032349607
-0.0030038519
0.63267581
0.0034933939
0.63205605
-0.63208034
0.63216077
-0.6322402
0.0033719609
0.63231858
-0.0034718163
0.0033923798
-0.0035517722
-0.0033134523
0.63233766
0.0038209667
0.63160111
-0.631638
0.6317208
-0.63180241
0.003688406
0.63188276
-0.0037948567
0.0037132488
-0.0038770724
-0.00363225
0.63191771
0.0041572882
0.63108255
-0.63114215
0.63122668
-0.63130973
0.0040123821
0.63139127
-0.0041256566
0.0040426047
-0.0042088937
-0.0039597288
0.63144185
0.0044965544
0.63043713
-0.63052903
0.63061377
-0.63069681
0.0043390524
0.63077816
-0.0044584858
0.004375441
-0.0045413078
-0.0042921916
0.63086121
0.0048315205
0.62969461
-0.62981422
0.62989702
-0.62997796
0.0046615869
0.63005707
-0.004786091
0.00470514
-0.0048669316
-0.0046234796
0.63016543
0.0051567326
0.62888509
-0.62903132
0.62911102
-0.6291887
0.0049748453
0.6292643
-0.0051035733
0.0050258904
-0.0051806871
-0.0049468392
0.62939746
0.0054560597
0.62735547
-0.62795541
0.62802439
-0.62809314
0.0052682366
0.62815918
-0.0053984193
0.0053296697
-0.0054602454
-0.0052558958
0.62848039
0.0052762936
0.57768112
-0.58527813
0.58522755
-0.58517897
0.0051969375
0.58513695
-0.0052215589
0.0052701306
-0.0054500597
-0.0054537688
0.61313292
0.0059675927
0.62560906
-0.62557182
0.62561132
-0.62564917
0.0057797716
0.62568564
-0.0058906704
0.0058528103
-0.005924925
-0.0057933232
0.62424016
0.0061035424
0.62519621
-0.62508602
0.62511181
-0.62514139
0.0059194932
0.62517214
-0.0060279479
0.0059983626
-0.0060573198
-0.005958799
0.6251221
0.0061615825
0.6242064
-0.62462267
0.62463809
-0.62462791
0.0060245522
0.62463829
-0.0060576393
0.0060677562
-0.0060658233
-0.00607469
0.62486253
0.0061638549
0.62307964
-0.62333532
0.62333086
-0.62331828
0.0060142206
0.6233166
-0.0060905007
0.006103084
-0.0060864059
-0.0060952682
0.62356247
0.0061296197
0.6223027
-0.62255382
0.62253094
-0.62250746
0.0059822057
0.62248266
-0.0060427279
0.0060662076
-0.0060146423
-0.0060832844
0.62272227
0.005985775
0.62144643
-0.62170295
0.62165935
-0.62161672
0.0058592027
0.62157495
-0.0059009558
0.0059435771
-0.0058541128
-0.0059816482
0.62182724
0.0057685731
0.62067249
-0.62093304
0.62087184
-0.62081208
0.0056687303
0.62075364
-0.0056888995
0.005748656
-0.0056245211
-0.0058035985
0.62100344
0.0054812934
0.61993834
-0.62019618
0.62011877
-0.62004303
0.0054094642
0.61996885
-0.0054078259
0.0054835614
-0.0053290427
-0.0055558627
0.62022263
0.0051437984
0.61929777
-0.6195337
0.61944546
-0.61935921
0.0050956761
0.61927412
-0.0050773821
0.0051636226
-0.0049890397
-0.0052475687
0.61951266
0.0047574236
0.61875226
-0.61898072
0.61887394
-0.61878908
0.0047400877
0.61868511
-0.0047232819
0.0048081346
-0.0048996565
0.61892258
0.0030256031
0.69052566
-0.63476202
0.6348603
-0.63492951
0.0028975592
0.63497427
-0.0031148417
0.0030456241
-0.0028663267
-0.0029321196
0.63275635
0.0031036431
0.63274315
-0.63275041
0.63282505
-0.63289899
0.0029940478
0.63297182
-0.0030844251
0.0030104826
-0.0031589405
-0.0029380033
0.63297438
0.0034066298
0.63236947
-0.63239597
0.63247233
-0.63254774
0.0032879167
0.63262213
-0.0033843068
0.0033088965
-0.0034600748
-0.0032338055
0.63264359
0.003716118
0.63192226
-0.63196196
0.63203993
-0.63211676
0.0035874518
0.63219239
-0.0036895083
0.0036126715
-0.003766675
-0.0035362044
0.63223024
0.0040303611
0.63140644
-0.63147138
0.63155002
-0.63162728
0.003890857
0.63170311
-0.0039985317
0.0039212752
-0.0040758289
-0.0038439911
0.63175922
0.0043442343
0.63075777
-0.63085781
0.63093578
-0.63101208
0.004193645
0.63108675
-0.0043062229
0.0042299119
-0.004382013
-0.0041530117
0.63117825
0.0046501615
0.63000703
-0.63013437
0.63020989
-0.63028368
0.0044883057
0.63035576
-0.0046051448
0.0045313557
-0.0046788482
-0.0044569436
0.63047379
0.0049454676
0.62918115
-0.62933806
0.62940993
-0.62948016
0.0047736929
0.62954863
-0.0048937328
0.0048235039
-0.0049630545
-0.0047516577
0.62969522
0.0052119235
0.62755799
-0.62822318
0.62828391
-0.62834329
0.0050373426
0.62839997
-0.0051548537
0.0050954723
-0.0052019427
-0.0050306133
0.62874943
0.005036178
0.57858561
-0.58509795
0.5850651
-0.5850344
0.004945755
0.5850093
-0.0049838928
0.005014586
-0.0051988063
-0.0051906782
0.61242672
0.0056702137
0.62573554
-0.62572109
0.62575547
-0.62578936
0.0054954129
0.62582238
-0.0055979526
0.0055640659
-0.0056258967
-0.0055102832
0.62446613
0.0057991131
0.62531287
-0.62520301
0.62523576
-0.6252668
0.0056167904
0.62529526
-0.0057222138
0.0056911899
-0.0057555722
-0.0056557043
0.62527079
0.005843864
0.62420209
-0.62461914
0.62460379
-0.62461378
0.0057211157
0.62461774
-0.0057843823
0.0057744794
-0.0057890238
-0.0057869771
0.62485904
0.0058532502
0.62310021
-0.62331599
0.62331697
-0.62332588
0.0057219429
0.6233225
-0.0057926703
0.0057837615
-0.005790227
-0.0057808262
0.62355294
0.0057904534
0.62218994
-0.62245715
0.62243126
-0.62240463
0.0056539508
0.62237861
-0.0057091294
0.0057357528
-0.0056806682
-0.0057586984
0.62264079
0.0056542366
0.62126546
-0.62153406
0.62149402
-0.62145484
0.0055343406
0.62141652
-0.0055745196
0.0056136899
-0.0055318379
-0.0056491129
0.62168155
0.0054564229
0.62042334
-0.62069651
0.62064062
-0.62058597
0.0053603843
0.62053247
-0.0053811181
0.0054357671
-0.0053222215
-0.0054858979
0.62079586
0.0051932382
0.61963262
-0.61989626
0.61982519
-0.61975565
0.0051230928
0.61968754
-0.0051236624
0.0051931965
-0.0050511224
-0.0052594477
0.6199486
0.0048808703
0.61895233
-0.61919093
0.61910888
-0.61902869
0.0048336274
0.6189496
-0.0048178661
0.0048980457
-0.0047356333
-0.004975875
0.61919197
0.0045218263
0.61837084
-0.61860286
0.61850379
-0.61842512
0.0045029383
0.61832856
-0.0044887868
0.0045674457
-0.0046524655
0.61856758
0.0023829408
0.63704358
-0.63465377
0.63422209
-0.63407415
0.0028379242
0.634117
-0.0028362023
0.0029841335
-0.0013069065
-0.00284928
0.63300507
0.0030295913
0.63303524
-0.63304435
0.63311549
-0.63318679
0.0029225882
0.6332559
-0.0030090543
0.0029377508
-0.0030803635
-0.0028676324
0.63326017
0.0033175785
0.63266644
-0.63269559
0.63276806
-0.63283963
0.0032018279
0.63291023
-0.0032946898
0.0032231234
-0.0033664848
-0.0031517459
0.63293447
0.0036098442
0.63222349
-0.63226692
0.63234026
-0.63241255
0.0034853048
0.63248367
-0.0035829519
0.0035106636
-0.0036553144
-0.0034384994
0.63252518
0.0039031834
0.63170712
-0.63177761
0.63185075
-0.63192261
0.0037693299
0.63199316
-0.0038715055
0.0037996438
-0.0039432485
-0.0037275898
0.63205506
0.0041929371
0.63105083
-0.63115982
0.63123131
-0.63130129
0.0040498561
0.6313698
-0.0041555294
0.0040855468
-0.0042247721
-0.0040146701
0.63147063
0.004471943
0.63029188
-0.63042621
0.63049507
-0.63056241
0.0043194375
0.63062826
-0.0044283625
0.004361024
-0.0044956187
-0.0042931333
0.63075482
0.0047409334
0.629448
-0.62961558
0.62968085
-0.62974463
0.0045798637
0.62980673
-0.0046913223
0.0046275385
-0.0047539941
-0.00456206
0.62996642
0.0049793665
0.62772889
-0.62845567
0.62850893
-0.62856129
0.0048173149
0.62861135
-0.0049249349
0.0048725732
-0.0049661994
-0.0048145349
0.62899017
0.0048082338
0.57943424
-0.58498561
0.58496698
-0.5849494
0.0047122789
0.5849365
-0.0047594614
0.0047770389
-0.0049594245
-0.0049503945
0.61172537
0.005390787
0.62584136
-0.62585535
0.6258876
-0.62591996
0.0052255964
0.62595149
-0.0053221599
0.0052897932
-0.0053472278
-0.0052409407
0.6246713
0.0054962591
0.62542413
-0.62532114
0.62534594
-0.62537289
0.0053237307
0.62538122
-0.0054280691
0.0054011248
-0.0054558927
-0.0053735
0.62539016
0.0055495815
0.62423821
-0.62462412
0.62461243
-0.62460633
0.0054078935
0.62461618
-0.0054990231
0.0055051603
-0.0054944014
-0.0054831107
0.6249102
0.0055724987
0.62302214
-0.62332222
0.62330553
-0.62329679
0.0054208401
0.62328735
-0.005484468
0.0054932182
-0.0054586068
-0.0054916104
0.62355475
0.005469614
0.62207826
-0.62235229
0.62232724
-0.62230281
0.0053397532
0.62227908
-0.0053922735
0.005416699
-0.0053654777
-0.0054390053
0.62254796
0.0053428434
0.62110066
-0.62137904
0.62134242
-0.62130663
0.005229793
0.62127168
-0.005268186
0.0053039721
-0.0052293106
-0.0053363833
0.62154728
0.0051618099
0.6201953
-0.62048011
0.62042882
-0.62037859
0.0050704857
0.62032938
-0.0050909701
0.0051411906
-0.0050369683
-0.0051872455
0.62060564
0.0049206161
0.61935108
-0.61962088
0.61955557
-0.61949164
0.0048527385
0.61942898
-0.0048548857
0.0049188132
-0.004788019
-0.0049795456
0.61969749
0.0046315997
0.61863087
-0.61887229
0.61879606
-0.61872159
0.0045854521
0.61864814
-0.0045719322
0.0046463982
-0.0044954442
-0.0047185103
0.61889478
0.004297652
0.61801635
-0.61825221
0.61816011
-0.61808702
0.0042778805
0.61799712
-0.0042658586
0.0043389388
-0.0044180356
0.61823754
0.0028759179
0.63498713
-0.63418365
0.6342518
-0.63426095
0.0027757126
0.6343537
-0.0029080248
0.0028988634
-0.0024473559
-0.002815191
0.63327448
0.002953377
0.63331361
-0.6333259
0.63339284
-0.63346065
0.0028485061
0.63352688
-0.0029316119
0.002863803
-0.0030001208
0.049116861
0.68544703
0.0032270576
0.63294783
-0.63297994
0.63304872
-0.63311663
0.0031144317
0.63318362
-0.0032036809
0.0031357687
-0.0032717045
-0.0030680184
0.63321089
0.0035029849
0.63250591
-0.63255378
0.63262275
-0.63269076
0.0033826135
0.63275765
-0.0034759399
0.0034079257
-0.0035438359
-0.0033398279
0.63280345
0.0037769836
0.63198627
-0.6320625
0.63213058
-0.63219752
0.0036487175
0.63226327
-0.0037456888
0.0036787491
-0.0038123518
-0.0036114771
0.63233107
0.0040448546
0.6313191
-0.63143691
0.63150268
-0.63156718
0.0039091962
0.63163045
-0.0040085099
0.0039440086
-0.0040722233
-0.0038785286
0.63174039
0.0043008049
0.63055204
-0.63069272
0.63075582
-0.63081762
0.0041579708
0.63087815
-0.0042593727
0.0041975687
-0.004320903
-0.0041351467
0.63101236
0.0045454197
0.6296885
-0.62986735
0.62992627
-0.62998366
0.0043955614
0.63003937
-0.0044981953
0.004440793
-0.0045541501
-0.0043814817
0.63021284
0.0047581632
0.62787915
-0.6286606
0.62870783
-0.62875418
0.0046069802
0.62879883
-0.0047056456
0.0046592955
-0.0047400151
-0.0046080085
0.62920454
0.0045960209
0.58022483
-0.58492439
0.58491649
-0.58490919
0.0045025973
0.58490551
-0.0045394914
0.0045467873
-0.0047321105
-0.0047197919
0.61103499
0.0051286491
0.62593962
-0.62598347
0.62601484
-0.62604706
0.0049735767
0.62607859
-0.0050648813
0.0050326581
-0.0050907654
-0.0049873738
0.62485798
0.0051883541
0.62550004
-0.62539123
0.62538792
-0.62540759
0.0050778878
0.62541395
-0.0051585842
0.0051389224
-0.0051508353
-0.0051147423
0.62547054
0.0052641027
0.62424377
-0.62463773
0.62465565
-0.62465997
0.0050916712
0.62467569
-0.0051621051
0.0051577441
-0.0051897535
-0.0051457726
0.62499967
0.0052514277
0.62292446
-0.62326177
0.62324497
-0.62323013
0.0051161796
0.62321042
-0.005172168
0.0051870115
-0.0051521682
-0.0052025218
0.62354834
0.0051677987
0.62197518
-0.62225659
0.6222346
-0.62221339
0.0050458761
0.62219293
-0.0050954153
0.0051166403
-0.0050714895
-0.0051374855
0.62246203
0.0050521113
0.62095036
-0.6212375
0.62120406
-0.62117131
0.004946919
0.62113922
-0.0049827674
0.0050155295
-0.0049471255
-0.0050449646
0.62142518
0.0048853566
0.61998586
-0.62028113
0.6202338
-0.62018735
0.0047996868
0.62014176
-0.0048191467
0.0048655863
-0.0047693659
-0.0049082168
0.62043012
0.0046634837
0.6190913
-0.61936759
0.61930738
-0.61924835
0.0045987138
0.61919043
-0.0046016662
0.0046606861
-0.0045398257
-0.0047166
0.61946675
0.004395803
0.61833191
-0.61857637
0.61850559
-0.61843644
0.004351155
0.61836821
-0.0043394649
0.0044086137
-0.0042683282
-0.0044754741
0.61861933
0.0040847784
0.61768648
-0.61792608
0.61784022
-0.6177721
0.0040647604
0.61768814
-0.0040543541
0.0041224646
-0.0041962192
0.6179301
0.0028102878
0.6345044
-0.63439275
0.63448356
-0.63451919
0.0027122814
0.63460909
-0.0028964957
0.0028608549
-0.0029067578
-0.0027271482
0.63356001
0.0028761925
0.63357888
-0.63359317
0.63365778
-0.68408588
0.0013855997
0.68553635
-0.0028534803
-0.047574629
-0.0029185738
-0.0024425352
0.63735857
0.0031357078
0.63321437
-0.63324976
0.63331499
-0.63337942
0.0030263859
0.63344293
-0.0031118102
0.0030473747
-0.0031762609
-0.0029832811
0.63347344
0.0033961161
0.63277091
-0.63282363
0.6328885
-0.63295253
0.0032798875
0.63301545
-0.0033689949
0.0033049653
-0.0034327868
-0.0032406993
0.63306593
0.0036524516
0.63224587
-0.63232792
0.63239144
-0.63245393
0.0035294691
0.63251532
-0.0036216345
0.0035591491
-0.0036837168
-0.0034962151
0.63258903
0.003901265
0.63156701
-0.63169258
0.6317536
-0.63181359
0.0037721506
0.63187254
-0.0038660509
0.0038060636
-0.0039253541
-0.003745233
0.63199046
0.00413831
0.63079011
-0.63093748
0.63099563
-0.63105264
0.0040039878
0.63110853
-0.0040988718
0.0040418538
-0.0041551887
-0.0039839529
0.63125049
0.0043595166
0.62990197
-0.63009359
0.63014616
-0.63019729
0.0042204356
0.6302469
-0.0043146028
0.0042634682
-0.0043638853
-0.004210229
0.63043476
0.0045478815
0.62800169
-0.62884238
0.62888446
-0.62892516
0.0044078987
0.62896506
-0.004497346
0.0044566406
-0.0045229406
-0.0044115694
0.62939337
0.0043792194
0.58097547
-0.584902
0.58490929
-0.5849082
0.0042860426
0.58491222
-0.0043268317
0.0043279142
-0.0045180953
-0.0044969873
0.61036499
0.0048856826
0.62604761
-0.62611116
0.62614305
-0.62617612
0.0047376927
0.62620806
-0.0048258404
0.0047927663
-0.0048546503
-0.0047491477
0.62503332
0.0049841368
0.62549139
-0.62542673
0.62544757
-0.62546876
0.0048500666
0.62548873
-0.0049267872
0.00490561
-0.0049138967
-0.0048805921
0.62556466
0.0049878637
0.62427213
-0.62467055
0.62466446
-0.62466199
0.0048650265
0.62466348
-0.0048890102
0.0048915201
-0.0049036803
-0.0048891343
0.6250095
0.0049448613
0.62285917
-0.62320586
0.62318906
-0.62316164
0.004827543
0.62314409
-0.0048877571
0.0049151739
-0.0048707231
-0.0049213196
0.62353076
0.0048890444
0.62188315
-0.62217285
0.62215359
-0.62213391
0.0047780991
0.62211504
-0.0048229707
0.0048426602
-0.0048016387
-0.0048617752
0.6223839
0.0047828321
0.62081169
-0.62110768
0.62107666
-0.62104607
0.0046863253
0.6210159
-0.0047188285
0.0047494206
-0.0046855164
-0.0047767543
0.62131302
0.0046274407
0.61979231
-0.62009697
0.62005295
-0.62000966
0.0045478702
0.61996707
-0.0045658101
0.004609098
-0.0045196048
-0.0046489797
0.62026663
0.0044220558
0.61885065
-0.61913359
0.61907778
-0.61902298
0.0043610335
0.61896914
-0.0043641585
0.0044189503
-0.0043067072
-0.0044707712
0.61925346
0.0041734325
0.61805373
-0.61830152
0.61823571
-0.61817136
0.0041307578
0.61810783
-0.0041204026
0.0041847403
-0.0040541226
-0.0042468967
0.61836355
0.0038830501
0.61737882
-0.6176218
0.61754149
-0.61747777
0.0038633349
0.6173991
-0.0038540845
0.0039177985
-0.0039867954
0.61764288
0.0027688495
0.63470214
-0.63464712
0.63476045
-0.63476976
0.0026225968
0.63488229
-0.0028058563
0.0027965371
-0.0028661353
-0.0026666529
0.63383199
0.0027968856
0.63383152
-0.68576917
0.68590068
-0.63748421
0.0027787917
0.6360981
0.046008724
0.0024077478
-0.0028374089
-0.0028728467
0.63493154
0.0030441684
0.63346669
-0.63350572
0.6335675
-0.63362868
0.0029385221
0.63368866
-0.0030195647
0.0029583839
-0.0030806617
-0.0028978466
0.63372268
0.0032897151
0.63301979
-0.63307758
0.6331386
-0.6331989
0.003177661
0.63325807
-0.0032625824
0.0032022781
-0.0033225829
-0.0031416228
0.63331346
0.0035298116
0.63248781
-0.63257573
0.63263509
-0.6326935
0.0034118003
0.63275091
-0.003499504
0.0034410929
-0.0035574223
-0.0033821443
0.63283053
0.003761926
0.63179854
-0.63193054
0.63198757
-0.6320437
0.0036383684
0.63209888
-0.0037276268
0.0036714983
-0.0037832192
-0.00361475
0.63222342
0.0039828989
0.63100795
-0.63116334
0.63121708
-0.63126978
0.0038553368
0.63132146
-0.0039447939
0.0038920827
-0.0039963341
-0.0038381391
0.63147206
0.0041827908
0.6300904
-0.63029521
0.63034216
-0.63038796
0.0040529196
0.63043257
-0.0041399696
0.0040941725
-0.0041838228
-0.004046331
0.63063389
0.0043513422
0.62809662
-0.62900367
0.62904162
-0.62907804
0.0042218415
0.62911386
-0.0043036374
0.004267215
-0.0043248649
-0.0042266286
0.62956192
0.0041934071
0.58171454
-0.58491918
0.58492626
-0.58493616
0.0040859567
0.58494765
-0.0041394182
0.0041295165
-0.0043216095
-0.004294313
0.60971274
0.0046565258
0.62616479
-0.62624072
0.62627204
-0.62630407
0.0045155438
0.62633454
-0.0046000155
0.0045679814
-0.0046291735
-0.0045275347
0.62519926
0.004754855
0.62546323
-0.62551264
0.62553075
-0.62554867
0.0046240122
0.62556997
-0.0046957636
0.0046778386
-0.0046912418
-0.0046552455
0.62566256
0.0047403535
0.62427316
-0.62466416
0.62466043
-0.62467022
0.0046318821
0.62468616
-0.0046960904
0.004686281
-0.0046824298
-0.0046845267
0.62501354
0.0046970915
0.62283038
-0.62311413
0.62311249
-0.62310203
0.0045988889
0.62309021
-0.0046344335
0.0046448727
-0.0046317714
-0.0046632143
0.6234462
0.004635616
0.6217991
-0.62209432
0.62207521
-0.62205473
0.0045379454
0.62203479
-0.0045761848
0.00459665
-0.0045556477
-0.004616376
0.62230474
0.0045344075
0.62068076
-0.62098602
0.62095641
-0.62092701
0.0044465532
0.62089781
-0.0044753272
0.0045047201
-0.0044433814
-0.0045312063
0.62120618
0.0043874912
0.61961222
-0.61992516
0.61988388
-0.61984323
0.0043139098
0.61980317
-0.0043301693
0.0043708149
-0.0042870273
-0.0044085469
0.6201126
0.0041961913
0.61862671
-0.61891624
0.61886424
-0.61881313
0.0041391788
0.61876287
-0.0041421104
0.0041932128
-0.0040885126
-0.0042415208
0.61905504
0.0039643265
0.61779418
-0.61804566
0.61798425
-0.61792414
0.0039240692
0.6178647
-0.0039145395
0.0039746486
-0.003852537
-0.0040326774
0.61812517
0.0036922257
0.61709107
-0.61733691
0.61726152
-0.61720166
0.0036732601
0.61712766
-0.0036647672
0.0037246136
-0.0037894224
0.61737354
0.0026761908
0.63496855
-0.63491605
0.63497602
-0.63503354
0.0025577825
0.63511811
-0.0027637662
0.002706234
-0.0027959436
-0.0026039262
0.6340956
0.0024589322
0.63755829
-0.63550605
0.63508798
-0.63493398
0.0028935561
0.63498816
-0.0027059209
0.0028599148
-0.001317185
-0.0028288317
0.63492287
0.0029531289
0.63370536
-0.63374842
0.63380669
-0.63386518
0.0028516187
0.63392147
-0.0029274703
0.0028689726
-0.0029854794
-0.002811061
0.63395941
0.0031842922
0.63325361
-0.63331659
0.63337394
-0.63343074
0.0030765277
0.63348632
-0.003157219
0.0031004181
-0.0032136826
-0.003043168
0.63354678
0.0034091787
0.63271362
-0.63280738
0.6328629
-0.63291751
0.0032959959
0.63297119
-0.0033794434
0.0033248345
-0.0034334946
-0.0032696306
0.63305672
0.0036259432
0.63201565
-0.63215318
0.63220654
-0.63225903
0.0035074945
0.63231058
-0.0035923783
0.0035398842
-0.0036444153
-0.0034869297
0.63244083
0.0038319965
0.63120745
-0.63137213
0.63142181
-0.63147054
0.0037099464
0.63151831
-0.003794692
0.0037459631
-0.0038419898
-0.0036957738
0.63167838
0.0040141221
0.63025961
-0.6304762
0.63051881
-0.6305606
0.0038914258
0.63060149
-0.0039730546
0.0039312665
-0.0040129989
-0.0038876961
0.63081423
0.0041663213
0.62817256
-0.62914804
0.62918152
-0.62921336
0.0040459311
0.62924451
-0.0041207309
0.0040888873
-0.0041372805
-0.0040520727
0.62971469
0.0040038685
0.58243128
-0.5849607
0.5849759
-0.58499173
0.003895094
0.58501043
-0.0039570042
0.003941167
-0.00413261
-0.0041012048
0.60907135
0.004438175
0.62628037
-0.6263656
0.62639487
-0.62642465
0.0043053999
0.62645253
-0.0043847195
0.0043549314
-0.0044123737
-0.0043178758
0.62535278
0.0045260915
0.62543261
-0.6255907
0.6256058
-0.62562536
0.0044019392
0.6256479
-0.0044788101
0.0044592405
-0.0044769507
-0.0044366414
0.62575146
0.0045383691
0.62422045
-0.62467841
0.62468617
-0.62467032
0.0044216213
0.62465617
-0.0044658037
0.0044816483
-0.0044471901
-0.0044812779
0.62502501
0.0044895261
0.62281505
-0.62308626
0.62309412
-0.62309543
0.0044002279
0.62309005
-0.004444831
0.0044435083
-0.0044228598
-0.0044394006
0.62341206
0.0044053464
0.62171561
-0.62201414
0.62199358
-0.62197267
0.0043168655
0.62195247
-0.0043505643
0.0043714564
-0.0043293622
-0.0043946032
0.622213
0.0043046593
0.62055424
-0.62086878
0.62083989
-0.62081114
0.0042245812
0.62078249
-0.0042498334
0.0042785776
-0.0042187075
-0.0043050368
0.62110039
0.0041642622
0.61944379
-0.61976372
0.61972482
-0.61968648
0.0040962786
0.61964868
-0.0041109063
0.0041492382
-0.0040704647
-0.0041851928
0.61996615
0.0039853314
0.61841753
-0.61871346
0.61866485
-0.61861705
0.0039322782
0.61857002
-0.003934876
0.0039826671
-0.003884719
-0.0040278541
0.61886966
0.003768141
0.61755089
-0.61780647
0.61774886
-0.61769239
0.0037306248
0.61763648
-0.0037214826
0.0037779454
-0.0036631612
-0.0038323875
0.61790195
0.0035119938
0.61682096
-0.61706912
0.61699807
-0.61694161
0.0034941525
0.61687173
-0.003486072
0.003542527
-0.0036036858
0.61711984
0.0026087261
0.63519726
-0.63514936
0.63523214
-0.63526022
0.0024929465
0.63534226
-0.0026692712
0.002641187
-0.0027005087
-0.0025156455
0.63434928
0.0029374208
0.63507509
-0.6349906
0.63507232
-0.63507711
0.0027927434
0.63518283
-0.0027910612
0.0027862685
-0.0027648705
-0.0027307299
0.63514991
0.002863239
0.63393102
-0.63397793
0.63403351
-0.67911914
0.0013444535
0.68059276
-0.0028364045
-0.042249233
-0.0028910898
-0.002108735
0.63743645
0.0030804043
0.63347313
-0.63354145
0.63359527
-0.6336488
0.0029770792
0.63370091
-0.00305347
0.0029999408
-0.0031066546
-0.002945898
0.6337666
0.0032908629
0.63292435
-0.63302398
0.63307588
-0.63312689
0.0031825414
0.63317706
-0.0032618244
0.0032108118
-0.0033122268
-0.003159193
0.63326845
0.0034928949
0.63221844
-0.63236125
0.63241095
-0.6324598
0.003379699
0.63250766
-0.0034600963
0.0034112471
-0.0035084413
-0.0033619555
0.63264336
0.0036841511
0.63139082
-0.63156513
0.63161103
-0.63165602
0.0035672987
0.63170013
-0.003647541
0.0036025391
-0.0036911601
-0.0035560844
0.63186973
0.0038519413
0.63041491
-0.63064164
0.63068097
-0.63071965
0.0037349594
0.63075755
-0.0038122488
0.0037735648
-0.0038491868
-0.0037333093
0.63098001
0.0039898464
0.62822869
-0.62927389
0.62930296
-0.62932976
0.00387707
0.62935723
-0.0039447908
0.0039179879
-0.0039573149
-0.0038848308
0.62985298
0.0038262308
0.58312762
-0.58502903
0.58505079
-0.58507211
0.0037165317
0.58509665
-0.003781999
0.0037606787
-0.003952627
-0.0039171075
0.60844207
0.0042313658
0.62638551
-0.62648063
0.62650671
-0.62653329
0.0041087284
0.62655722
-0.00418097
0.0041543763
-0.0042052801
-0.0041208095
0.62549237
0.0043025838
0.62545021
-0.62566759
0.6256754
-0.62567766
0.0041950147
0.62568148
-0.0042379433
0.0042356739
-0.004245572
-0.0042221617
0.62582257
0.0042974696
0.62419026
-0.62463677
0.62464095
-0.62465005
0.0042077977
0.62465353
-0.0042654193
0.0042563215
-0.004262081
-0.0042563025
0.62500549
0.0042857202
0.62272125
-0.62307003
0.62305006
-0.62302815
0.0041928527
0.62301092
-0.0042246923
0.004246596
-0.0042017256
-0.0042585079
0.62340586
0.0041911001
0.62162948
-0.62193189
0.62191358
-0.62189618
0.0041057603
0.62187938
-0.0041394907
0.0041568835
-0.0041178936
-0.0041776468
0.62212185
0.0040910608
0.62043082
-0.62075401
0.62072564
-0.62069741
0.0040178381
0.62066932
-0.0040399675
0.0040681978
-0.0040096286
-0.0040945253
0.62099475
0.0039564343
0.61928571
-0.61961143
0.61957468
-0.61953844
0.0038936875
0.61950268
-0.0039067485
0.0039429859
-0.0038687119
-0.0039773231
0.61982639
0.0037886107
0.61822158
-0.61852377
0.61847825
-0.61843346
0.0037392965
0.61838936
-0.0037415259
0.00378631
-0.0036944677
-0.0038286745
0.61869602
0.0035843191
0.61732155
-0.61758163
0.61752729
-0.61747396
0.003549647
0.6174211
-0.0035406123
0.0035939343
-0.0034854425
-0.0036452504
0.61769191
0.0033420064
0.61656645
-0.61681639
0.61674917
-0.61669567
0.0033255633
0.61662943
-0.0033176203
0.0033711093
-0.0034290946
0.61687974
0.00251614
0.63544446
-0.63539645
0.63545289
-0.63550557
0.0024284777
0.63558516
-0.0026037151
0.0025510312
-0.0026309183
-0.0024783676
0.63454252
0.0028326929
0.6352365
-0.63521162
0.63526352
-0.63531638
0.0027183204
0.6353941
-0.0027390527
0.0026861918
-0.0027409752
-0.0026586153
0.63536618
0.0012543333
0.67935408
-0.63759715
0.63594628
-0.63549148
0.0030530315
0.63520008
-0.0022585598
0.0027133565
0.039676793
-0.0027935022
0.63511504
0.0029785753
0.6336791
-0.6337529
0.63380325
-0.63385401
0.0028801076
0.63390249
-0.0029519231
0.0029011615
-0.0030021613
-0.0028503776
0.63397328
0.0031754121
0.63312085
-0.63322635
0.63327485
-0.63332246
0.003072063
0.63336935
-0.0031472144
0.0030995988
-0.0031941721
-0.0030514694
0.63346649
0.0033631728
0.63240637
-0.63255468
0.6326007
-0.63264591
0.0032556114
0.63269012
-0.0033313508
0.0032861348
-0.0033758988
-0.0032403644
0.63283146
0.0035396143
0.63156008
-0.63174334
0.63178567
-0.63182715
0.0034283489
0.63186779
-0.0035039339
0.0034624564
-0.0035442887
-0.0034197143
0.63204615
0.0036949844
0.63055874
-0.63079478
0.63083122
-0.63086701
0.003583355
0.63090201
-0.0036564579
0.0036206609
-0.0036905411
-0.0035833164
0.63113376
0.0038209064
0.62826958
-0.62938141
0.62940767
-0.62942958
0.0037134401
0.62945486
-0.0037740813
0.0037521585
-0.0037845151
-0.003722584
0.62997739
0.0036586949
0.58380769
-0.58512051
0.58514773
-0.58517396
0.0035494063
0.58520377
-0.0036166847
0.0035904393
-0.0037834122
-0.003742859
0.60782774
0.0040373138
0.62647606
-0.62658302
0.6266045
-0.6266297
0.0039261936
0.6266489
-0.0039928609
0.0039676506
-0.0040154226
-0.0039372326
0.62561813
0.0041093386
0.62546882
-0.6256911
0.62570067
-0.6257188
0.0040059549
0.6257296
-0.0040668425
0.0040487207
-0.0040613064
-0.004032177
0.62588943
0.0041194452
0.62418915
-0.62465052
0.62464338
-0.6246319
0.0040033337
0.62463815
-0.0040449
0.0040563691
-0.0040538771
-0.0040569718
0.62500167
0.004066087
0.62263479
-0.62299077
0.62297429
-0.62295646
0.0039796317
0.62294192
-0.0040163348
0.0040341694
-0.0039935544
-0.0040509067
0.62333651
0.0039902857
0.62154283
-0.62186348
0.62184837
-0.62183247
0.0039083097
0.62181854
-0.0039420564
0.0039579734
-0.00392065
-0.0039742249
0.6220464
0.0038919961
0.62031081
-0.6206414
0.62061364
-0.62058599
0.0038251689
0.62055856
-0.0038444133
0.003872068
-0.0038150033
-0.0038977725
0.62089097
0.0037629111
0.61913677
-0.61946741
0.61943258
-0.61939818
0.0037051818
0.61936419
-0.0037166448
0.0037510421
-0.0036806785
-0.0037838864
0.61969284
0.0036049199
0.61803751
-0.61834596
0.61830319
-0.61826107
0.0035590673
0.61821955
-0.0035608942
0.0036030098
-0.0035165927
-0.0036428857
0.61853287
0.0034120375
0.6171042
-0.61736918
0.6173177
-0.61726713
0.0033800478
0.61721697
-0.0033710377
0.0034215975
-0.0033186247
-0.003470149
0.61749345
0.0031818467
0.61632562
-0.6165769
0.61651308
-0.61646221
0.0031669425
0.61639923
-0.0031589691
0.0032098325
-0.0032650179
0.61665155
0.0024495879
0.63562958
-0.63561162
0.63568956
-0.63573998
0.0023646956
0.63579186
-0.0025373024
0.0024868782
-0.0025621863
-0.0023907986
0.63477739
0.0027834014
0.63541806
-0.63539654
0.63549839
-0.63552336
0.0026451192
0.63559861
-0.0026375978
0.0026126313
-0.0026877165
-0.0025859277
0.63557244
0.0029067929
0.63522277
-0.63532303
0.63522051
-0.63544737
0.0029695542
0.63534352
-0.0029124321
0.0026855739
-0.0029049149
-0.0026867925
0.63531539
0.0028794635
0.63387223
-0.63395146
0.63399892
-0.67406527
0.0014204073
0.67547514
-0.002853244
-0.037213115
-0.0029008073
-0.0022979653
0.63728593
0.0030634832
0.63330397
-0.63341535
0.63346067
-0.63350514
0.0029652151
0.63354896
-0.003036204
0.0029917284
-0.0030799682
-0.0029471538
0.63365164
0.0032376542
0.63257936
-0.63273357
0.63277601
-0.63281776
0.0031360225
0.6328585
-0.0032071031
0.0031653494
-0.0032479524
-0.0031228415
0.63300582
0.003399746
0.63171652
-0.63190756
0.63194654
-0.63198466
0.0032946998
0.63202205
-0.0033653498
0.0033272207
-0.0034026625
-0.0032880472
0.63220801
0.0035430675
0.63069096
-0.63093632
0.63096978
-0.63100257
0.0034374076
0.6310345
-0.0035059019
0.0034731039
-0.0035369807
-0.0034387134
0.63127597
0.003658058
0.62830286
-0.629475
0.62949946
-0.62951829
0.0035554283
0.6295423
-0.0036107094
0.0035918674
-0.003620647
-0.0035656496
0.63008909
0.0035025541
0.58447242
-0.58523216
0.58526451
-0.58529483
0.0033935169
0.58532958
-0.0034628109
0.0034324874
-0.003624953
-0.0035789332
0.60723511
0.0038560255
0.62655642
-0.62667324
0.62669021
-0.62671286
0.0037537769
0.62672746
-0.0038143532
0.0037917023
-0.0038346623
-0.0037653118
0.62572888
0.0039276591
0.62545419
-0.62574762
0.62575882
-0.62577508
0.0038254847
0.62580409
-0.0038844812
0.0038682153
-0.0038888319
-0.0038528551
0.62596477
0.00392889
0.62418607
-0.62464146
0.6246394
-0.62463327
0.0038434158
0.6246148
-0.0038866128
0.0038927312
-0.0038716744
-0.0038914908
0.62500005
0.0038661932
0.62255528
-0.62291945
0.62290657
-0.6228846
0.0037846043
0.6228683
-0.0038139111
0.0038358846
-0.0037924933
-0.0038542184
0.62327066
0.0038013026
0.62146011
-0.62180292
0.6217897
-0.62177873
0.0037280182
0.62176323
-0.0037558303
0.0037668122
-0.0037368069
-0.0037749721
0.62199218
0.003706804
0.62019455
-0.62053128
0.62050421
-0.62047727
0.0036460253
0.62045051
-0.0036626049
0.0036895501
-0.0036341079
-0.0037143695
0.62079063
0.0035826693
0.6189955
-0.61933059
0.61929733
-0.61926441
0.0035297667
0.61923177
-0.0035395422
0.0035724647
-0.0035052348
-0.0036040475
0.61956475
0.0034329501
0.61786393
-0.61817861
0.61813822
-0.61809836
0.0033902839
0.61805899
-0.0033916384
0.0034314909
-0.0033497284
-0.0034692936
0.61837866
0.0032502396
0.61689752
-0.61716768
0.61711877
-0.61707073
0.0032205795
0.61702305
-0.0032116674
0.0032597042
-0.0031617782
-0.0033057531
0.61730537
0.003031019
0.61609705
-0.61634921
0.61628847
-0.61623999
0.0030176413
0.61618
-0.0030095899
0.003058065
-0.003110685
0.6164341
0.0023839943
0.63585481
-0.63581608
0.63586638
-0.63591465
0.0022764628
0.63598973
-0.002471918
0.0024236446
-0.0024946128
-0.0023294533
0.63500349
0.0026831234
0.63564037
-0.63562238
0.63569645
-0.63571905
0.0025733816
0.63579199
-0.0025630887
0.0025404905
-0.0025853966
-0.0024922541
0.63579474
0.0028234261
0.635332
-0.63551828
0.63543848
-0.63561196
0.0028628013
0.63553087
-0.0028024547
0.0026289649
-0.0028485356
-0.0025819849
0.63553403
0.0013873888
0.63700899
-0.63681621
0.63543211
-0.63518083
0.0028910806
0.63516837
-0.0026606807
0.0029119552
-0.001441364
-0.0028941178
0.63522328
0.002955728
0.63347471
-0.633592
0.63363444
-0.63367612
0.0028628733
0.63371665
-0.0029292897
0.0028876027
-0.0029701693
-0.0028457651
0.6338253
0.0031172954
0.6327383
-0.63289864
0.63293778
-0.63297641
0.0030216515
0.63301405
-0.0030883503
0.0030497191
-0.0031257994
-0.0030100452
0.63316757
0.0032662214
0.63186073
-0.63205857
0.63209442
-0.6321294
0.0031678997
0.6321638
-0.0032333963
0.0031984111
-0.0032678326
-0.0031625057
0.63235633
0.0033974268
0.63081081
-0.63106577
0.63109614
-0.6311259
0.0032986842
0.63115479
-0.0033620406
0.0033322789
-0.0033902164
-0.0033009886
0.63140626
0.0035034498
0.6283327
-0.62955986
0.62958397
-0.62960025
0.0034056705
0.62962488
-0.003455726
0.0034394342
-0.0034661006
-0.003416256
0.63018991
0.00335624
0.58511854
-0.58536158
0.58539861
-0.58543196
0.0032472084
0.58547091
-0.0033186703
0.0032853065
-0.003475512
-0.0034258151
0.6066681
0.0036813724
0.62662029
-0.62674755
0.62675865
-0.62677543
0.0035893747
0.62678317
-0.0036402476
0.0036234509
-0.0036502516
-0.0036020633
0.62582052
0.0037510552
0.62548363
-0.625813
0.62583502
-0.62584717
0.0036300559
0.62585549
-0.0036905125
0.0036783434
-0.0036993595
-0.0036614976
0.62604062
0.0037254788
0.62413449
-0.62461107
0.62459649
-0.62459133
0.0036291373
0.62458488
-0.0036749482
0.0036801012
-0.0036637475
-0.0036921005
0.62494903
0.0036629415
0.62248282
-0.6228497
0.62283157
-0.62281419
0.0035852337
0.62280152
-0.003611955
0.0036293468
-0.0036079142
-0.0036471528
0.62320661
0.0036289626
0.62138272
-0.62175295
0.6217298
-0.62171195
0.0035705675
0.62168872
-0.0035874573
0.0036052526
-0.003567482
-0.0036069146
0.62197591
0.0035347823
0.62008156
-0.62042384
0.62039732
-0.62037092
0.0034793851
0.62034468
-0.0034936376
0.0035200196
-0.0034658608
-0.003544607
0.62069208
0.003414471
0.61886019
-0.61919943
0.61916733
-0.61913548
0.0033660594
0.61910381
-0.0033741291
0.003405978
-0.0033410625
-0.0034366063
0.61944091
0.0032713298
0.61769937
-0.61802011
0.61798166
-0.61794365
0.0032316039
0.61790605
-0.0032324055
0.0032704019
-0.0031925454
-0.0033065631
0.61823165
0.0030978264
0.6167008
-0.61697621
0.61692974
-0.6168841
0.0030701124
0.61683881
-0.0030614333
0.0031070687
-0.0030139752
-0.0031507871
0.61712684
0.0028889835
0.61587962
-0.61613231
0.61607444
-0.61602821
0.0028770345
0.61597106
-0.0028689449
0.0029151592
-0.0029653142
0.61622677
0.0023196048
0.63604885
-0.63601041
0.636084
-0.63610482
0.0022134588
0.63617918
-0.0023823726
0.0023615518
-0.0024029769
-0.0022678085
0.63522261
0.0025845406
0.63582625
-0.63583887
0.63588529
-0.63590567
0.0024778809
0.6359749
-0.0024903386
0.0024699567
-0.0025103775
-0.0024238927
0.63598275
0.002715264
0.63553616
-0.63572853
0.63559542
-0.63579191
0.0027836956
0.63568302
-0.002720306
0.0025238143
-0.0027385385
-0.0025046148
0.63571582
0.0029142213
0.63512093
-0.63518616
0.63522873
-0.63529611
0.0028276655
0.63531038
-0.0028915487
0.0028241682
-0.0029329737
-0.0028070075
0.63537164
-0.03161108
0.66809801
-0.66936666
0.63625885
-0.63515564
0.0029370111
0.63492753
-0.0015621095
0.0026653173
0.03009222
-0.0029193129
0.63498912
0.0030028862
0.63288493
-0.63305129
0.6330876
-0.63312361
0.00291297
0.63315873
-0.0029759074
0.0029398842
-0.0030103939
-0.0029026109
0.63331795
0.0031405128
0.63199324
-0.63219732
0.63223038
-0.63226249
0.0030490548
0.63229432
-0.0031093386
0.0030772199
-0.003141196
-0.0030441545
0.63249269
0.0032600907
0.63091867
-0.63118309
0.6312106
-0.63123747
0.0031688073
0.63126373
-0.0032266731
0.0031998018
-0.0032525924
-0.0031716753
0.63152466
0.0033603919
0.62835954
-0.62963975
0.62966533
-0.62967917
0.0032666167
0.62970585
-0.0033114994
0.0032976521
-0.0033215276
-0.0032772636
0.6302824
0.0032182367
0.58574673
-0.58550492
0.58554511
-0.58557836
0.0031112567
0.5856194
-0.003182479
0.0031492169
-0.0033358307
-0.0032828811
0.60612808
0.0035205836
0.62664877
-0.62679774
0.62680486
-0.62682071
0.0034418624
0.6268296
-0.0034864466
0.0034705928
-0.0034959388
-0.0034504326
0.62589842
0.0035284739
0.62551658
-0.62586833
0.62586851
-0.62587614
0.003463083
0.62587886
-0.0035045668
0.0034969089
-0.0035048194
-0.0034949411
0.62607186
0.0035267672
0.62409207
-0.62457952
0.62456932
-0.62455643
0.0034534198
0.62454525
-0.003482297
0.0034951697
-0.0034729247
-0.003503499
0.62492095
0.0034938248
0.62248516
-0.62278802
0.62278439
-0.62278504
0.0034158316
0.62278555
-0.0034615264
0.0034608653
-0.0034610747
-0.0034681829
0.62316477
0.0034667193
0.62130049
-0.62166591
0.62164522
-0.62162598
0.0034063849
0.62160707
-0.0034267089
0.0034459245
-0.003406666
-0.003459395
0.62194181
0.0033741314
0.61997136
-0.62031865
0.62029283
-0.62026727
0.0033228026
0.62024193
-0.003335527
0.0033610621
-0.0033084961
-0.0033847297
0.62059567
0.0032568524
0.61872931
-0.61907238
0.6190411
-0.61901002
0.0032124986
0.61897907
-0.0032189377
0.0032500095
-0.0031867897
-0.0032799161
0.61932022
0.0031188587
0.6175426
-0.61786885
0.617832
-0.61779554
0.0030818897
0.61775942
-0.0030820762
0.0031185288
-0.0030440159
-0.003153394
0.61809028
0.0029539132
0.61651381
-0.61679434
0.61675024
-0.61670695
0.002927873
0.61666402
-0.0029195337
0.0029628153
-0.0028744969
-0.0030043027
0.61695736
0.0027552472
0.61567262
-0.61592561
0.61587049
-0.61582645
0.0027446092
0.61577202
-0.0027365467
0.0027805693
-0.0028282738
0.61602936
0.0022565927
0.63623317
-0.63622471
0.63629627
-0.63628969
0.002154578
0.63636069
-0.0022942434
0.0023008143
-0.0023382935
-0.0022101313
0.63540562
0.0025132265
0.63600637
-0.63599422
0.63606394
-0.63610911
0.0024095961
0.63617781
-0.0024194828
0.0023743109
-0.0024373871
-0.0023825977
0.63613547
0.0026350365
0.63570874
-0.63587675
0.63576673
-0.63596103
0.0026800363
0.63587689
-0.0026407442
0.0024464349
-0.0026567141
-0.0024294435
0.63588852
0.0028248475
0.63528502
-0.63535126
0.63541696
-0.63543137
0.0027151677
0.63547232
-0.0027776827
0.0027632618
-0.0028169349
-0.0026975563
0.63556151
0.0029270557
0.63483524
-0.63491116
0.63492332
-0.63496038
0.0028703089
0.63499695
-0.0029304303
0.0028933644
-0.0029141683
-0.0028555112
0.63508929
0.0028957917
0.63302091
-0.63319296
0.66400751
-0.6350671
0.0027686767
0.63447512
0.027286626
0.0016537723
0.025274215
-0.0027064178
0.63472385
0.0030235534
0.63211505
-0.63232515
0.63235597
-0.63238573
0.0029388341
0.63241486
-0.0029938046
0.002964039
-0.0030236419
-0.0029336305
0.63261874
0.0031327282
0.63101604
-0.6312892
0.63131443
-0.63133849
0.0030485687
0.63136293
-0.0031006796
0.0030766226
-0.0031252018
-0.0030517794
0.63163183
0.0032173072
0.62837241
-0.62972289
0.62974009
-0.6297624
0.0031386287
0.62978193
-0.0031902643
0.0031679558
-0.0032024674
-0.0031493412
0.63036847
0.0030885547
0.5863643
-0.58565173
0.58569408
-0.58572609
0.0029846957
0.58576894
-0.0030552925
0.0030232869
-0.0032057547
-0.0031536064
0.60561609
0.0033829096
0.62668772
-0.62684676
0.62685598
-0.62687538
0.0033084755
0.6268848
-0.0033515061
0.0033321051
-0.003368137
-0.0033111433
0.62597719
0.0034039832
0.62552001
-0.6258701
0.62587643
-0.62587556
0.0033368369
0.62587826
-0.003366744
0.0033675933
-0.0033718545
-0.003374068
0.62606718
0.0033710499
0.6240479
-0.6245332
0.62452141
-0.62450373
0.0033016626
0.62448941
-0.0033381098
0.0033557723
-0.0033297341
-0.0033677802
0.62488282
0.0033522307
0.62248965
-0.62278713
0.62278889
-0.62278488
0.0032906375
0.62278657
-0.0033200211
0.003323994
-0.0033223198
-0.0033307709
0.6231549
0.0033109746
0.62122176
-0.62158795
0.62156919
-0.62155088
0.0032550126
0.62153272
-0.0032735377
0.0032918287
-0.0032546148
-0.0033102695
0.62186614
0.0032232417
0.61986416
-0.62021688
0.62019205
-0.62016748
0.0031755779
0.6201431
-0.0031869589
0.0032115128
-0.003160628
-0.0032339607
0.620504
0.0031085245
0.61860176
-0.61894831
0.61891766
-0.61888718
0.0030679368
0.6188568
-0.0030727921
0.0031032674
-0.0030413544
-0.0031326223
0.61920197
0.0029747319
0.61739279
-0.61772365
0.61768821
-0.61765311
0.002940449
0.61761832
-0.0029399662
0.0029750533
-0.0029035687
-0.0030088345
0.61795351
0.002817975
0.61633655
-0.61662188
0.61658012
-0.61653916
0.0027935062
0.61649855
-0.0027855345
0.0028264891
-0.0027429212
-0.0028658043
0.61679665
0.0026293966
0.6154754
-0.61572876
0.61567628
-0.61563439
0.0026199998
0.61558258
-0.0026120054
0.0026538915
-0.0026991516
0.61584186
0.0021697094
0.63640961
-0.63640431
0.6364485
-0.63649093
0.0020958623
0.6365346
-0.0022585698
0.0022161443
-0.0022753048
-0.0021525376
0.63558242
0.0024438985
0.63617667
-0.63616968
0.6362374
-0.63625372
0.0023432465
0.63632048
-0.0023252342
0.0023089122
-0.0023411407
-0.0022922656
0.63633396
0.0025574707
0.63587102
-0.63604477
0.63593262
-0.63612493
0.0026328378
0.6360118
-0.0025384685
0.0023461515
-0.0025778125
-0.0023565959
0.63602593
0.0027136856
0.635439
-0.6355111
0.63554939
-0.63558721
0.0026347866
0.63562457
-0.0026928067
0.0026549808
-0.0027301122
-0.002616645
0.63569067
0.0028606934
0.63489971
-0.63503307
0.63506875
-0.63510401
0.0027807885
0.63513884
-0.002812664
0.0027773995
-0.0028725539
-0.0027650792
0.63521226
0.002969984
0.63424647
-0.63440083
0.63443316
-0.63446511
0.0029155399
0.63447132
-0.0029457005
0.0029137476
-0.0029767168
-0.0029062647
0.63461644
-0.022305203
0.63412496
-0.6584652
0.63424722
-0.63375566
0.0029836415
0.63370155
-0.0023284216
0.0028199804
-0.0017910795
-0.0029795415
0.63388671
0.0030147297
0.6311048
-0.63138581
0.63140937
-0.63142984
-0.018469732
0.6332699
-0.0029845282
0.0029640606
-0.0030066152
0.019370676
0.65404149
0.003095989
0.62838505
-0.62980001
0.6298182
-0.62983182
0.0030218566
0.62984702
-0.0030571111
0.0030434798
-0.0030626617
-0.0030288703
0.6304476
0.002968808
0.58697424
-0.5858003
0.58584417
-0.58587431
0.0028698346
0.58591537
-0.0029364776
0.0029063307
-0.0030882304
-0.0030182
0.60514415
0.0032537156
0.62674219
-0.62690505
0.62691342
-0.6269334
0.0031827481
0.62694109
-0.0032213323
0.0032013517
-0.0032388365
-0.0031847882
0.62605098
0.0032768282
0.62549955
-0.62587651
0.62587598
-0.62587388
0.0032207027
0.62586798
-0.0032469882
0.0032490757
-0.0032351473
-0.0032474644
0.6260714
0.0032239293
0.62401753
-0.62446852
0.62445418
-0.62444876
0.0031868737
0.6244495
-0.0031968391
0.0032022397
-0.0031991724
-0.0032182016
0.62482163
0.0032287256
0.62247838
-0.6227953
0.62280256
-0.62280373
0.0031776771
0.62279534
-0.003202363
0.003201168
-0.0031858964
-0.003197592
0.62316804
0.0031656469
0.62114698
-0.6215148
0.62149696
-0.62147922
0.0031148994
0.62146144
-0.0031310513
0.0031487759
-0.0031126552
-0.00316659
0.62179376
0.0030814649
0.61975951
-0.62011894
0.62009494
-0.62007113
0.0030375317
0.62004742
-0.0030473935
0.0030712008
-0.0030215621
-0.0030928342
0.62041632
0.0029687372
0.61847684
-0.61882657
0.61879644
-0.61876645
0.0029318397
0.61873655
-0.0029350901
0.0029650737
-0.0029042435
-0.0029940027
0.61908559
0.0028386323
0.61724953
-0.61758387
0.61754972
-0.61751591
0.0028071019
0.61748239
-0.0028058728
0.0028396745
-0.002771072
-0.0028724716
0.61782079
0.0026898126
0.61616897
-0.61645872
0.61641926
-0.61638056
0.0026669654
0.61634221
-0.0026592964
0.0026979827
-0.0026190586
-0.0027351907
0.61664446
0.0025110974
0.61528736
-0.61554142
0.61549148
-0.61545163
0.00250292
0.6154023
-0.0024949872
0.002534827
-0.0025777005
0.61566412
0.0021099723
0.63657722
-0.63657639
0.63664419
-0.63665941
0.0020388461
0.63672672
-0.0021737908
0.0021585731
-0.0022141765
-0.0020710931
0.63575198
0.0023766967
0.63633922
-0.63633586
0.6364017
-0.63641616
0.0022535555
0.63650654
-0.0022585603
0.0022441014
-0.0022726038
-0.0022292966
0.63649811
0.0024826722
0.6360001
-0.63620318
0.63608911
-0.63627961
0.0025358718
0.63616463
-0.0024643734
0.0022738715
-0.0025018835
-0.0022861937
0.63618409
0.0026314967
0.63558552
-0.63566149
0.63569796
-0.635734
0.0025306824
0.63576962
-0.0026115017
0.0025754494
-0.0026200438
-0.0025389123
0.635841
0.0027463025
0.63505912
-0.6351733
0.63518199
-0.63524106
0.0026953963
0.63524901
-0.0027500736
0.0026910065
-0.0027577435
-0.0026820324
0.63535202
0.0028749238
0.63434487
-0.63450072
0.63453158
-0.63458747
0.0027990091
0.63459234
-0.0028519469
0.0027960514
-0.0028815987
-0.0027899943
0.63474412
0.0029634067
0.63350588
-0.63372878
0.6337303
-0.63375676
0.0028889306
0.63378284
-0.0029390671
0.002912604
-0.0029641692
-0.0028849724
0.63397214
0.0028692406
0.63248903
-0.63282693
0.63274276
-0.63276135
0.002984366
0.63275626
-0.0030028285
0.0029842339
-0.0029683524
-0.0029877111
0.63301767
-0.012111386
0.62978256
-0.64573759
0.6314451
-0.63119781
0.003008071
0.63115702
-0.0026560094
0.0029032965
-0.0025484851
-0.0029624529
0.63177258
0.0028609088
0.58762446
-0.58592345
0.58595499
-0.58716405
0.0025528887
0.58715004
0.0069449354
-0.0081540043
0.0061756481
-0.0023079054
0.606436
0.0031212924
0.62680311
-0.62695702
0.62697385
-0.6271497
0.0028092012
0.62716173
0.0051633076
-0.0053391935
0.0051401477
0.0057506788
0.62653894
0.0031299631
0.62546209
-0.62586332
0.62585134
-0.63373006
0.0027538129
0.63405966
-0.0031187823
-0.0047599439
-0.0031088394
0.0050753172
0.62639066
0.0031374854
0.62400956
-0.6244563
0.62445535
-0.62445371
0.003086486
0.62444684
-0.0031087492
0.0031103334
-0.0031008604
-0.0031075159
0.62482195
0.0031023743
0.62240977
-0.62278423
0.6227725
-0.62276014
0.0030498132
0.62274735
-0.0030691793
0.0030815294
-0.0030523423
-0.0030912586
0.62314037
0.0030311853
0.62107319
-0.62144369
0.62142592
-0.62140826
0.0029850321
0.62139067
-0.0029990336
0.0030166774
-0.0029805318
-0.003033869
0.62172385
0.0029483765
0.61965662
-0.62002386
0.62000039
-0.61997704
0.0029082079
0.61995375
-0.0029164057
0.0029397509
-0.0028909279
-0.0029610405
0.62033069
0.002837274
0.6183542
-0.61870679
0.61867713
-0.6186476
0.0028040749
0.61861818
-0.0028057103
0.0028352281
-0.0027754166
-0.0028637574
0.6189708
0.0027106367
0.61711258
-0.61744921
0.61741631
-0.61738374
0.0026820166
0.61735145
-0.002679938
0.0027125
-0.0026466697
-0.002744347
0.61769191
0.002569401
0.61601075
-0.6163046
0.61626732
-0.61623076
0.0025483254
0.61619451
-0.002540811
0.0025773585
-0.0025028151
-0.002612577
0.61650044
0.0024000464
0.61510777
-0.61536315
0.61531558
-0.61527766
0.0023931153
0.61523063
-0.002385198
0.0024231135
-0.0024637362
0.61549569
0.0020521011
0.63674033
-0.63674006
0.63680613
-0.63681966
0.0019569931
0.63688649
-0.0021163517
0.0021028157
-0.0021295878
-0.0020168268
0.6359413
0.0023117674
0.63649309
-0.63649469
0.63655877
-0.63659555
0.002216953
0.63663336
-0.0021928407
0.0021560469
-0.0022064903
-0.0021684236
0.63662969
0.0024106884
0.63614601
-0.63635428
0.63626385
-0.63640184
0.002441588
0.63630914
-0.0023676854
0.0022296904
-0.0024035266
-0.0021929035
0.63635909
0.0025273705
0.63569829
-0.63580484
0.63583964
-0.63584866
0.0024552134
0.63588114
-0.0025082081
0.0024991855
-0.0025675591
-0.0024388912
0.63598296
0.0026597022
0.63516543
-0.63528197
0.63531292
-0.63534518
0.0025883301
0.63537707
-0.002640698
0.0026084352
-0.0026723197
-0.0025755861
0.6354856
0.0027845412
0.63443622
-0.63462223
0.63465179
-0.63468274
0.0027117721
0.63468627
-0.0027371763
0.0027062254
-0.0027909017
-0.0027032063
0.63483931
0.0028677668
0.63357692
-0.6338086
0.6338087
-0.6338338
0.0027712256
0.63388388
-0.0028444632
0.0028193596
-0.0028681697
-0.0027912595
0.63408117
0.0029294443
0.63248708
-0.63277616
0.63279579
-0.63278993
0.0028615707
0.63280911
-0.0029049909
0.0029108481
-0.0029238318
-0.0028902749
0.63310169
0.0029719622
0.62964278
-0.63114521
0.63115851
-0.63117138
0.0029081698
0.63118367
-0.0029461835
0.0029332983
-0.0029429436
-0.0029418538
0.63181439
0.0028177492
0.58881464
-0.58717994
0.58721344
-0.58724217
0.002737805
0.58727083
-0.0027904249
0.0027616936
-0.0029285786
-0.0028780394
0.60574378
0.0030626591
0.62686256
-0.62717891
0.62718986
-0.62720276
0.0029967401
0.62721433
-0.0030362314
0.0030233282
-0.0030461573
-0.0030099194
0.62659251
0.0030365986
0.62545793
-0.63407871
0.63403427
-0.63396278
0.0030294364
0.63391975
-0.0030120453
0.0030835302
-0.0030123724
-0.003048524
0.62631156
0.0030212099
0.62397449
-0.62443795
0.62442807
-0.6244188
0.0029728265
0.62441061
-0.002994065
0.0030033308
-0.0029835908
-0.0030097197
0.62480489
0.0029745648
0.62234282
-0.62273377
0.62271999
-0.62270515
0.0029292057
0.62269049
-0.0029436143
0.002958444
-0.0029269225
-0.0029717306
0.62309239
0.0029059984
0.62099867
-0.62137338
0.62135622
-0.62133932
0.0028638047
0.62132231
-0.0028760747
0.0028929609
-0.002857255
-0.002909019
0.62165766
0.0028235144
0.61955513
-0.61993056
0.61990742
-0.61988435
0.0027870342
0.61986129
-0.0027935229
0.0028165853
-0.0027684078
-0.0028378356
0.62024564
0.0027141605
0.61823383
-0.61858891
0.61855976
-0.61853078
0.0026845453
0.61850193
-0.0026846797
0.0027136595
-0.0026549884
-0.0027416872
0.61885783
0.0025909728
0.61698161
-0.61731948
0.61728779
-0.61725641
0.002565392
0.61722529
-0.0025623804
0.0025937527
-0.0025305399
-0.0026246492
0.61756683
0.0024567209
0.61586123
-0.61615894
0.61612366
-0.61608903
0.0024375956
0.61605465
-0.0024300374
0.0024646572
-0.002394064
-0.0024980787
0.61636393
0.0022959581
0.614936
-0.61519336
0.61514798
-0.61511184
0.0022903044
0.61506694
-0.0022823393
0.0023184798
-0.0023570492
0.61533586
0.0019962077
0.63689542
-0.63689946
0.63696387
-0.63697581
0.0019049702
0.63701435
-0.0020609255
0.0020489877
-0.002072559
-0.0019643904
0.63612168
0.0022237969
0.63664289
-0.63667068
0.63670766
-0.63672002
0.002131827
0.63678164
-0.0021068128
0.0020944508
-0.0021174602
-0.0020843195
0.63680416
0.0023161345
0.63628832
-0.63649719
0.6363797
-0.63654155
0.0023754708
0.63647413
-0.0022992654
0.0021374101
-0.0023335209
-0.0021276638
0.63647664
0.0024519135
0.63583329
-0.63594019
0.63597344
-0.63600632
0.0023828524
0.63603881
-0.0024335386
0.0024006576
-0.0024659477
-0.00236732
0.63609317
0.0025545105
0.63528975
-0.6354086
0.63541438
-0.63544672
0.0024844949
0.63550249
-0.0025599966
0.0025276464
-0.00259016
-0.0024978509
0.63561166
0.0026721172
0.63454776
-0.63474017
0.634743
-0.63477084
0.0026020029
0.63479829
-0.002650729
0.0026228932
-0.0026777326
-0.0025942344
0.63495607
0.00277541
0.63364452
-0.63388301
0.63390711
-0.63390558
0.0027064658
0.63392902
-0.0027273199
0.0027288379
-0.0027750989
-0.0027038289
0.63415788
0.002807662
0.63253583
-0.6328281
0.63282165
-0.63284032
0.0027654151
0.63286059
-0.0028092632
0.0027905776
-0.0028272606
-0.0027708307
0.63315654
0.0028693072
0.62957758
-0.63119509
0.63120587
-0.6311907
0.002809545
0.63120025
-0.002818787
0.0028339403
-0.0028397334
-0.0028189394
0.63185345
0.0027188262
0.58935215
-0.58730162
0.58733274
-0.58736147
0.0026388317
0.58739289
-0.0026926648
0.0026639359
-0.0028235569
-0.0027724066
0.60529332
0.0029517174
0.62690301
-0.62722101
0.62723102
-0.62723791
0.0028845769
0.62724671
-0.0029170962
0.0029101934
-0.0029253127
-0.002901457
0.62663961
0.002913052
0.62547666
-0.6338742
0.63382429
-0.63377267
0.0029143564
0.63372345
-0.0028894518
0.002941051
-0.002890009
-0.0029312115
0.62631129
0.0029083531
0.62393236
-0.62440353
0.62439825
-0.62439512
0.0028591703
0.62438977
-0.0028800565
0.0028831729
-0.0028700102
-0.0028886213
0.62477772
0.0028564175
0.62227555
-0.62267492
0.62266001
-0.62264471
0.0028144917
0.62263026
-0.0028277439
0.0028430408
-0.0028112105
-0.0028578846
0.6230347
0.0027899003
0.62092219
-0.62130532
0.62128785
-0.62127005
0.002753153
0.62125163
-0.0027621004
0.0027798941
-0.0027425223
-0.0027949516
0.62159619
0.002706339
0.61945524
-0.6198383
0.6198153
-0.61979235
0.0026733063
0.61976941
-0.0026781534
0.0027010946
-0.0026535187
-0.0027224784
0.62016025
0.002599289
0.61811604
-0.61847326
0.61844478
-0.61841651
0.0025728689
0.61838843
-0.00257181
0.0026000761
-0.0025428647
-0.0026273997
0.61874735
0.0024797236
0.61685615
-0.61719449
0.61716395
-0.6171337
0.0024571496
0.61710371
-0.0024532081
0.0024834449
-0.0024226557
-0.0025133587
0.61744562
0.0023516272
0.61571941
-0.61602088
0.61598734
-0.61595438
0.0023345823
0.61592159
-0.0023267859
0.002359744
-0.0022925647
-0.0023916174
0.616234
0.0021985339
0.6147714
-0.61503138
0.61498802
-0.61495351
0.002194177
0.61491057
-0.0021861137
0.0022206193
-0.0022573572
0.61518375
0.0019424139
0.63704417
-0.63705123
0.63711409
-0.63712453
0.0018282985
0.63718702
-0.0020076214
0.0019971782
-0.0020177484
-0.0019139017
0.6362717
0.0021637415
0.63678492
-0.63679191
0.63685276
-0.63686227
0.0020745643
0.63692238
-0.0020473732
0.0020378562
-0.0020564659
-0.0020267445
0.63694941
0.0022498505
0.63642299
-0.63661116
0.63651752
-0.63667787
0.0023121619
0.63658349
-0.0022337057
0.0020733511
-0.0022410235
-0.0020905668
0.63661203
0.0023541256
0.63596062
-0.63607238
0.63607869
-0.63611002
0.0023134986
0.63614098
-0.0023619057
0.0023305636
-0.0023927738
-0.0022987347
0.63622124
0.002501332
0.63538263
-0.63550711
0.63556207
-0.63556587
0.0024088847
0.63562002
-0.0024567276
0.0024529244
-0.0024852718
-0.0024231265
0.63570779
0.0025872664
0.63462649
-0.63482533
0.63485196
-0.63485284
0.0025197443
0.63487863
-0.0025409968
0.0025401191
-0.002591766
-0.0025130931
0.63506823
0.0026830277
0.63370903
-0.63395213
0.63397319
-0.63399563
0.0026177522
0.63399239
-0.0026369279
0.0026144845
-0.0026835278
-0.0026162819
0.63422888
0.0027389211
0.63258143
-0.632879
0.63289726
-0.63289017
0.0026744222
0.63290822
-0.0026904174
0.0026974935
-0.0027077012
-0.0026783771
0.63320683
0.0027447739
0.62955974
-0.6312092
0.63119277
-0.63120102
0.0027133572
0.63118417
-0.0027454519
0.002737195
-0.0027149953
-0.0027237171
0.63188429
0.0026229037
0.58986652
-0.58742193
0.58745351
-0.58748675
0.0025469056
0.58751848
-0.0026003423
0.0025670956
-0.0027244204
-0.0026675715
0.60487669
0.002836031
0.62693568
-0.62725235
0.6272604
-0.62726792
0.0027746947
0.62727337
-0.0028097725
0.0028022511
-0.0028167008
-0.0027922745
0.62668062
0.0028207776
0.62547296
-0.63367626
0.63363279
-0.63358474
0.0028088128
0.63354008
-0.0027828394
0.0028308746
-0.002783661
-0.002822891
0.62632217
0.0027998641
0.62388584
-0.62438374
0.62437385
-0.62436231
0.0027578422
0.62435081
-0.0027725943
0.0027841222
-0.0027596054
-0.0027860368
0.62477048
0.0027451964
0.6222109
-0.62261553
0.62260147
-0.62258676
0.0027060665
0.62257248
-0.0027180736
0.0027327755
-0.0027027422
-0.0027469872
0.6229768
0.0026808531
0.62084291
-0.62123277
0.62121338
-0.62119363
0.0026478847
0.62117355
-0.0026542171
0.0026739615
-0.002634232
-0.0026891558
0.62153565
0.0025960165
0.61935757
-0.61974653
0.6197237
-0.61970099
0.0025656989
0.61967838
-0.0025693841
0.0025920864
-0.0025454385
-0.0026134482
0.62007459
0.0024921826
0.61800156
-0.6183606
0.61833302
-0.61830572
0.0024683181
0.6182787
-0.0024665306
0.0024938224
-0.0024385558
-0.0025201773
0.61864034
0.0023766185
0.61673563
-0.61707402
0.61704459
-0.61701544
0.0023568007
0.61698654
-0.002352051
0.002381189
-0.0023226473
-0.0024100503
0.61732852
0.0022537829
0.61558421
-0.61588935
0.61585727
-0.6158257
0.0022388417
0.61579426
-0.0022306704
0.0022622358
-0.0021979361
-0.0022928167
0.61610964
0.002107465
0.61461355
-0.6148766
0.61483511
-0.61480211
0.0021043715
0.61476098
-0.0020961929
0.002129184
-0.0021642906
0.61503852
0.0018653377
0.63718579
-0.63719698
0.63723293
-0.63726744
0.0017792086
0.63732852
-0.0019565138
0.0019220078
-0.0019652353
-0.0018399683
0.63644142
0.0021062507
0.63692089
-0.63693115
0.63699052
-0.63699857
0.0020198013
0.63705724
-0.0019905116
0.0019824534
-0.0019981484
-0.0019740223
0.63708747
0.002161014
0.63655168
-0.63674312
0.63662256
-0.63680691
0.0022516764
0.63671106
-0.0021710313
0.0019866717
-0.0022023012
-0.0020053566
0.63674416
0.0022847021
0.63608173
-0.63617156
0.63620174
-0.63623154
0.0022470895
0.63623554
-0.0022932171
0.0022634141
-0.0022970992
-0.0022331053
0.63634611
0.0023999947
0.63549416
-0.63562296
0.63565084
-0.6356529
0.0023359939
0.6356799
-0.0023814169
0.0023793538
-0.0024066801
-0.0023258405
0.63584962
0.0025042807
0.63472556
-0.63490397
0.63492884
-0.63495328
0.0024142572
0.63497726
-0.0024838661
0.0024594243
-0.0024821698
-0.0024341926
0.63517182
0.002595277
0.63379245
-0.63401411
0.63406076
-0.63408175
0.0025306294
0.63407705
-0.0025478738
0.0025268759
-0.0025426742
-0.0025049677
0.63429354
0.0026463154
0.63262428
-0.63292617
0.63294394
-0.63296161
0.0025829982
0.63295385
-0.00259809
0.002580414
-0.0026130128
-0.0025872396
0.63325631
0.0026485961
0.6295125
-0.6312154
0.63119804
-0.63120559
0.0025936878
0.63121304
-0.0026498176
0.0026422604
-0.0026177186
-0.0026299942
0.63193504
0.0025322777
0.59035222
-0.58755014
0.58758187
-0.58761115
0.0024541428
0.5876429
-0.0025075668
0.0024782729
-0.0026266688
-0.0025679596
0.60449988
0.0027282443
0.62696358
-0.62728078
0.62728859
-0.62729409
0.0026697751
0.62730193
-0.0027013087
0.0026957965
-0.0027113447
-0.0026870581
0.62671488
0.0027185046
0.62547057
-0.63349363
0.63345475
-0.63341071
0.0027051651
0.6333718
-0.0026854078
0.0027294193
-0.0026885461
-0.0027204174
0.62636419
0.0026952801
0.62383356
-0.62433728
0.62432354
-0.62430994
0.0026582266
0.6242967
-0.0026687894
0.0026823893
-0.002655846
-0.002689757
0.62474862
0.0026400388
0.62214902
-0.62255747
0.62254279
-0.62252703
0.0026036407
0.62251166
-0.0026140537
0.0026298079
-0.0025989054
-0.0026435611
0.62292112
0.0025755037
0.62076306
-0.62115326
0.62113285
-0.62111251
0.002543994
0.62109232
-0.002549569
0.0025698991
-0.0025297669
-0.0025867186
0.62147136
0.0024915524
0.61926309
-0.61965594
0.61963368
-0.61961169
0.0024630265
0.61958992
-0.0024662585
0.0024882484
-0.0024432843
-0.0025091803
0.61998997
0.002392066
0.61789135
-0.61825198
0.61822559
-0.61819954
0.0023700827
0.61817382
-0.0023680344
0.0023940756
-0.0023412795
-0.0024191882
0.61853788
0.0022810172
0.61661953
-0.61695794
0.6169296
-0.61690154
0.0022635531
0.61687373
-0.002258198
0.002286248
-0.0022298362
-0.0023139645
0.61721586
0.0021626754
0.61545464
-0.61576329
0.61573244
-0.61570204
0.0021497459
0.61567174
-0.0021411468
0.0021715387
-0.002109689
-0.0022010375
0.61598991
0.00202241
0.61446206
-0.61472849
0.61468875
-0.61465719
0.0020205049
0.61461778
-0.0020122347
0.0020437903
-0.0020774161
0.61489947
0.0018403038
0.63732414
-0.63733711
0.63739605
-0.63740377
0.0017577671
0.63743807
-0.0018821984
0.0018744682
-0.0018895942
-0.0017935879
0.63658025
0.0020259145
0.63704995
-0.63706461
0.6371226
-0.6371293
0.0019675706
0.63718663
-0.0019362706
0.0019295743
-0.0019425411
-0.0018970415
0.63721998
0.0021005058
0.63667324
-0.63686927
0.63677271
-0.63693024
0.0021940425
0.63680752
-0.002111262
0.0019537258
-0.0021156647
-0.0019483617
0.63686933
0.0022182077
0.63616968
-0.63628998
0.63631861
-0.63632144
0.0021582199
0.63637472
-0.0022020494
0.0021992221
-0.0022297407
-0.0021449942
0.63646355
0.0023266914
0.63557157
-0.63573184
0.63575793
-0.63578358
0.002265937
0.63578339
-0.0023088227
0.0022831689
-0.0023337449
-0.0022567921
0.63593229
0.0023982426
0.63481895
-0.63499926
0.63499695
-0.63504493
0.0023622369
0.63504174
-0.0024038951
0.0023559073
-0.0024003764
-0.0023578897
0.63521732
0.0024825404
0.63384567
-0.63409728
0.63411869
-0.63411285
0.0024209325
0.63413195
-0.0024358561
0.0024416841
-0.0024799912
-0.0024214188
0.63437538
0.0025298491
0.63268791
-0.63297116
0.63298825
-0.63300511
0.0024684873
0.63302175
-0.0025326461
0.0025157835
-0.0025231617
-0.0024729207
0.63332951
0.0025539175
0.6294573
-0.63119496
0.63120181
-0.63120837
0.0025009385
0.63121464
-0.0025555195
0.0025489555
-0.0025218243
-0.0025375853
0.63195661
0.0024414952
0.59081321
-0.58767433
0.58770561
-0.58773667
0.0023637508
0.58776741
-0.0024166067
0.0023855458
-0.0025281399
-0.0024704643
0.60415728
0.0026257172
0.6269979
-0.6273099
0.62732048
-0.62732224
0.0025626424
0.62733523
-0.0025946537
0.0025928947
-0.0026036324
-0.002582384
0.62674819
0.0026087741
0.62548751
-0.63333171
0.63328936
-0.63324675
0.0025974243
0.63319994
-0.0025863142
0.002628919
-0.0025893364
-0.0026178477
0.62642686
0.0025939451
0.62378281
-0.62428324
0.62427124
-0.62425939
0.0025513765
0.62424911
-0.0025672571
0.0025790999
-0.0025548616
-0.0025869925
0.62471976
0.0025366878
0.62209014
-0.62249506
0.62247866
-0.62246206
0.0025006813
0.62244482
-0.0025105973
0.0025271846
-0.0024970505
-0.0025418954
0.62286312
0.0024725579
0.62068472
-0.62107245
0.62105296
-0.62103396
0.0024402423
0.62101545
-0.0024470741
0.002466059
-0.002428117
-0.0024851234
0.62139774
0.0023922567
0.61917299
-0.61956846
0.61954732
-0.61952657
0.0023648633
0.61950616
-0.002368208
0.0023889594
-0.0023465252
-0.0024088461
0.61990851
0.0022981648
0.61778635
-0.61814847
0.61812349
-0.6180989
0.0022775919
0.61807467
-0.0022755949
0.0023001837
-0.0022502478
-0.0023238444
0.61844095
0.0021920875
0.61650749
-0.61684622
0.61681896
-0.61679199
0.0021765694
0.61676528
-0.0021708088
0.00219777
-0.0021434216
-0.0022242676
0.61710797
0.0020777122
0.61532997
-0.61564186
0.61561208
-0.61558271
0.0020666348
0.61555341
-0.0020576229
0.0020869852
-0.0020273062
-0.0021155403
0.61587414
0.0019430163
0.61431681
-0.61458671
0.61454863
-0.61451845
0.0019421817
0.61448069
-0.0019338696
0.0019640448
-0.0019962845
0.61476615
0.0017688667
0.63748162
-0.63747194
0.63750526
-0.63753722
0.0019169132
0.63754476
-0.0018356333
0.0018036664
-0.0018417963
-0.00174937
0.63668849
0.0019991222
0.63715063
-0.63719149
0.6372482
-0.63727908
0.0019178932
0.63730971
-0.001884674
0.0018537861
-0.0018896509
-0.0018734497
0.63732183
0.0020429056
0.63676503
-0.63698982
0.63689187
-0.63702137
0.0021138126
0.6369482
-0.0020277131
0.0018982055
-0.0020574017
-0.0018687188
0.63698909
0.0021547148
0.63627798
-0.63640219
0.63640385
-0.63642923
0.002097806
0.63645556
-0.0021380101
0.0021126185
-0.0021654136
-0.0020852982
0.63657499
0.0022564099
0.63566997
-0.63580674
0.63583107
-0.63585497
0.0021736595
0.63587847
-0.002239371
0.0022154593
-0.0022625137
-0.0021907985
0.63603341
0.0023208066
0.63487834
-0.63508885
0.63508478
-0.63510569
0.0022870864
0.63510225
-0.002302087
0.0022811706
-0.0023222435
-0.0022595163
0.6353064
0.0023986121
0.63389362
-0.63415069
0.63416904
-0.63416173
0.0023154439
0.6342047
-0.0023530394
0.0023603407
-0.0023958207
-0.0023416458
0.63445234
0.0024412651
0.63269913
-0.63303809
0.63305415
-0.63304464
0.002383069
0.63306013
-0.0023944621
0.0024039649
-0.0024345056
-0.0023875161
0.63334636
0.0024613429
0.62939575
-0.63122064
0.63120108
-0.6312065
0.0024115171
0.63121169
-0.0024387678
0.0024333397
-0.0024287598
-0.0024226528
0.63197504
0.0023473257
0.59124752
-0.5877979
0.58782527
-0.58785491
0.0022741504
0.58788362
-0.0023252398
0.0022955906
-0.0024300971
-0.0023733241
0.60383978
0.0025208141
0.62703005
-0.62733834
0.62734859
-0.62735392
0.0024585398
0.62736309
-0.002492171
0.0024868297
-0.002500221
-0.0024789045
0.62677809
0.0025016353
0.62550952
-0.63317784
0.63313577
-0.6330883
0.0024907634
0.63304492
-0.0024735633
0.0025210243
-0.0024794177
-0.0024900063
0.6264532
0.0024882093
0.62373374
-0.62423883
0.62422941
-0.62422025
0.0024433746
0.62421205
-0.0024630712
0.0024722302
-0.0024507335
-0.0024787372
0.62470035
0.0024324771
0.62204369
-0.62242847
0.62241365
-0.62240111
0.0023958167
0.62239074
-0.0024084675
0.0024209991
-0.0023984963
-0.0024371352
0.62279849
0.0023715628
0.62061162
-0.62099736
0.62097968
-0.6209624
0.0023392664
0.62094548
-0.0023468093
0.0023640848
-0.00232983
-0.0023828604
0.62132158
0.0022979718
0.61908852
-0.61948615
0.61946656
-0.61944743
0.0022714909
0.61942872
-0.0022752137
0.0022943431
-0.0022550889
-0.0023125192
0.61983296
0.0022099682
0.61768714
-0.61805083
0.61802737
-0.6180043
0.0021906328
0.6179816
-0.0021887835
0.0022118479
-0.0021649076
-0.0022339648
0.61835009
0.0021090564
0.61639929
-0.61673885
0.61671267
-0.61668678
0.002095199
0.61666114
-0.0020891576
0.0021150432
-0.0020627044
-0.0021403063
0.61700503
0.0019983494
0.61520976
-0.61552452
0.61549571
-0.61546729
0.0019889697
0.61543894
-0.0019795843
0.0020079956
-0.0019503328
-0.0020356797
0.61576196
0.0018689184
0.61417761
-0.61445099
0.61441451
-0.61438567
0.0018690453
0.6143495
-0.0018607411
0.0018895747
-0.0019204908
0.61463825
0.0018005277
0.63753227
-0.63757635
0.63760846
-0.63763927
0.0017215936
0.63767113
-0.0017659304
0.0017351139
-0.0017964022
-0.0017073008
0.63709781
0.0018731153
0.637296
-0.63734112
0.63734568
-0.63740082
0.0019471987
0.63735385
-0.001886641
0.0018314904
-0.0018904035
-0.0019797163
0.63731579
0.0019882344
0.63687798
-0.63697651
0.63697903
-0.6370079
0.0019346381
0.63703525
-0.001975028
0.0019461626
-0.0020021371
-0.0019191415
0.63712799
0.0020943796
0.63635585
-0.63648153
0.63650712
-0.63653237
0.0020392891
0.6365585
-0.0020798068
0.0020545576
-0.0021043588
-0.0020286557
0.6366552
0.0021896543
0.63573474
-0.63590156
0.63592424
-0.6359479
0.0021358089
0.63596984
-0.0021481815
0.0021245193
-0.0021951549
-0.0021281777
0.63607583
0.002247694
0.63493133
-0.63514774
0.63516749
-0.63518691
0.0021939168
0.63520599
-0.0022301916
0.0022107633
-0.0022488952
-0.0022159927
0.6353623
0.0023196596
0.63396148
-0.63419669
0.63421365
-0.63423031
0.0022660344
0.63424663
-0.0022755014
0.0022588324
-0.0022901917
-0.0022668816
0.63447419
0.002357169
0.63275661
-0.63304998
0.63306481
-0.6331031
0.0023030952
0.63309205
-0.0023355214
0.0022972199
-0.0023253623
-0.0023326416
0.63338356
0.0023736376
0.62932923
-0.63121664
0.63119776
-0.63120239
0.0023277013
0.63120698
-0.0023524834
0.0023478406
-0.0023416179
-0.0023377583
0.63198938
0.0022569741
0.59165745
-0.58791443
0.58793952
-0.587969
0.002188775
0.58799528
-0.0022381165
0.0022086271
-0.002336182
-0.0022836474
0.60353734
0.0024097981
0.62705633
-0.62736485
0.62736716
-0.62737162
0.0023550722
0.62736878
-0.0023906594
0.0023861907
-0.0023925961
-0.0023779566
0.62681033
0.0023854493
0.62553812
-0.63302393
0.63297545
-0.63293005
0.0023561504
0.63291105
-0.0023668509
0.0024122482
-0.0023717501
-0.0023805653
0.62647691
0.0023825266
0.62368589
-0.62420386
0.62419659
-0.62418897
0.0023378764
0.62418204
-0.0023561282
0.0023637382
-0.0023465826
-0.002369791
0.62467923
0.0023399622
0.62199714
-0.62238131
0.62237246
-0.62236361
0.0023006369
0.62235532
-0.0023164766
0.0023253248
-0.0023016824
-0.0023362641
0.62274923
0.0022742929
0.62054733
-0.62092899
0.62091299
-0.62089758
0.0022425329
0.62088272
-0.0022507629
0.0022661687
-0.002236198
-0.0022834273
0.62124975
0.0022090053
0.61901054
-0.61941046
0.61939265
-0.61937533
0.0021835248
0.61935844
-0.0021876451
0.0022049684
-0.0021691906
-0.0022211193
0.61976516
0.0021272698
0.61759376
-0.61795927
0.6179373
-0.6179157
0.0021092148
0.61789445
-0.0021074492
0.0021290438
-0.0020849812
-0.0021496466
0.61826536
0.0020313814
0.61629479
-0.61663577
0.61661064
-0.61658579
0.0020190536
0.61656117
-0.002012767
0.0020376168
-0.0019872172
-0.0020616976
0.6169069
0.0019241847
0.61509374
-0.61541098
0.61538308
-0.61535557
0.0019164026
0.61532812
-0.0019066687
0.0019341742
-0.0018784303
-0.0019610213
0.61565317
0.0017997765
0.61404439
-0.61432112
0.61428618
-0.61425863
0.0018007793
0.61422396
-0.0017925033
0.0018200558
-0.0018497085
0.61451554
0.0017071191
0.63765479
-0.63770161
0.6377326
-0.63776233
0.0016559239
0.63779311
-0.0016985424
0.0016688031
-0.0017279373
-0.0016674536
0.63724787
0.0018261393
0.63733478
-0.63740843
0.63741184
-0.6374404
0.0017752845
0.63746873
-0.0018148574
0.0017862935
-0.0018429459
-0.0017573179
0.63753663
0.0019365052
0.63698451
-0.6370623
0.63721633
-0.6372428
0.0018855734
0.63726899
-0.0019240407
0.0018975705
-0.0019499115
-0.0018705287
0.63716152
0.002037361
0.63645193
-0.63655762
0.63660725
-0.63663115
0.0019865723
0.63662929
-0.0020236521
0.0019997518
-0.0020468329
-0.001975156
0.63675419
0.00210154
0.635819
-0.63596605
0.63598732
-0.6360337
0.0020765483
0.63602895
-0.0021119393
0.002065561
-0.0021321994
-0.0020692663
0.63616459
0.0021796583
0.63497888
-0.6351994
0.63521787
-0.63523607
0.0021043359
0.63525399
-0.0021634864
0.0021452788
-0.0021809857
-0.0021250473
0.63546633
0.0022466364
0.63399742
-0.63426268
0.6342784
-0.63429387
0.0021972455
0.63428373
-0.0022040199
0.0021885412
-0.0022189589
-0.0021724365
0.63454021
0.0022790789
0.63278572
-0.63310593
0.63311952
-0.63310752
0.0022295027
0.63312052
-0.002235273
0.0022472653
-0.0022477764
-0.002233392
0.63344089
0.0022928712
0.62926024
-0.63121147
0.63121597
-0.63122044
0.0022507234
0.63119979
-0.0022734028
0.0022689212
-0.0022374516
-0.0022593616
0.63200326
0.002175432
0.59205172
-0.58802111
0.58804875
-0.5880714
0.0021089861
0.58809846
-0.002153982
0.0021313224
-0.0022526643
-0.0022016457
0.60324278
0.0023200725
0.6270568
-0.62737424
0.6273769
-0.62737736
0.0022654549
0.62738285
-0.0022911398
0.0022906616
-0.0022949107
-0.0022905938
0.62682589
0.00228414
0.62556168
-0.63286502
0.63283945
-0.63279336
0.002280965
0.63274789
-0.0022555945
0.0023016433
-0.0022593686
-0.0023026005
0.6264731
0.0022775159
0.623644
-0.62417503
0.62417013
-0.6241653
0.002234078
0.62416037
-0.0022526522
0.002257487
-0.0022433421
-0.0022630028
0.62465084
0.0022436732
0.62193698
-0.6223474
0.62234013
-0.62233231
0.0022092531
0.62232125
-0.0022203295
0.0022281574
-0.0022057357
-0.0022324999
0.62272365
0.0021827379
0.62049269
-0.62086843
0.62085468
-0.62084146
0.0021526253
0.62082866
-0.0021610483
0.0021742731
-0.0021486959
-0.0021892842
0.62118645
0.0021257698
0.6189392
-0.619342
0.61932598
-0.61931039
0.0021015741
0.61929519
-0.0021058905
0.0021214764
-0.0020890357
-0.0021357208
0.61970532
0.0020500022
0.61750583
-0.61787353
0.61785294
-0.61783268
0.0020333199
0.61781273
-0.0020315242
0.0020517815
-0.0020103263
-0.0020709851
0.61818643
0.001958758
0.61619387
-0.61653681
0.61651268
-0.6164888
0.0019479179
0.61646515
-0.0019413767
0.0019652459
-0.0019167051
-0.0019882366
0.61681329
0.0018549668
0.61498171
-0.61530104
0.61527403
-0.61524738
0.0018487381
0.61522079
-0.0018386555
0.0018652956
-0.0018113698
-0.0018913259
0.61554769
0.0017352743
0.61391689
-0.61419683
0.61416333
-0.61413697
0.0017371309
0.6141037
-0.0017288596
0.0017552166
-0.0017836924
0.61439772
0.0016670144
0.63779747
-0.63782254
0.637827
-0.63785573
0.0016180148
0.63788449
-0.0016589911
0.0016302562
-0.0016873773
-0.0016043247
0.63739376
0.0017817928
0.63744555
-0.63749676
0.63752458
-0.63755209
0.0017332891
0.6375794
-0.0017711693
0.001743653
-0.001798205
-0.001715718
0.63765023
0.001887761
0.63706079
-0.63729489
0.63734598
-0.63734589
0.0018394116
0.637371
-0.001850594
0.0018506799
-0.0019007966
-0.0018247263
0.63724257
0.0019584259
0.63654282
-0.63667801
0.63667557
-0.63669829
0.0019105716
0.63672075
-0.0019710506
0.0019483246
-0.0019930586
-0.001924901
0.63685074
0.0020432137
0.63589837
-0.63604934
0.63606945
-0.63608931
0.0019961281
0.63610892
-0.0020547437
0.002034885
-0.002048535
-0.0019889135
0.6362751
0.0021169717
0.63504597
-0.63527166
0.63528906
-0.63530625
0.0020706467
0.63529782
-0.0021021293
0.0020849374
-0.0021186351
-0.0020670704
0.63551383
0.0021544388
0.63405553
-0.63429868
0.63431337
-0.63432783
0.0021089854
0.63434071
-0.0021639836
0.0021495221
-0.002152545
-0.0021090765
0.634602
0.0022076359
0.63280916
-0.63313327
0.63314571
-0.63313266
0.0021371494
0.63316991
-0.0021655511
0.0021786032
-0.0021771584
-0.0021658788
0.63349341
0.0022194607
0.62919181
-0.6312043
0.6312089
-0.63118833
0.0021806906
0.63119304
-0.0021770083
0.0021975664
-0.0021665255
-0.0021882255
0.63201583
0.0021000076
0.59244349
-0.58812329
0.58814819
-0.58817574
0.0020436296
0.58820127
-0.0020863652
0.0020588151
-0.0021817198
-0.0021285687
0.60295885
0.0022318112
0.62705949
-0.6273807
0.6273799
-0.62737914
0.0021976076
0.62738127
-0.0022145357
0.0022152781
-0.0022156084
-0.002209958
0.62682891
0.0021886817
0.62556971
-0.632722
0.63267355
-0.63264959
0.0021979466
0.63259748
-0.0021719313
0.0021958981
-0.0021743273
-0.0021987391
0.62647104
0.0021831473
0.62361244
-0.62415513
0.62415061
-0.62414584
0.0021473565
0.62414159
-0.0021629906
0.0021677572
-0.0021570169
-0.0021743976
0.62463427
0.0021557548
0.62187728
-0.62230718
0.62229289
-0.62227983
0.0021271892
0.62226749
-0.0021350042
0.0021480534
-0.0021201106
-0.0021547273
0.62270877
0.0020990172
0.62044583
-0.62081623
0.62080414
-0.62079234
0.0020718067
0.62078079
-0.0020794246
0.0020912168
-0.002068524
-0.0021049238
0.62112982
0.0020484777
0.61887398
-0.61928035
0.61926585
-0.61925169
0.0020258962
0.61923781
-0.0020300757
0.0020442391
-0.0020145948
-0.0020570411
0.61965203
0.0019780263
0.61742277
-0.61779307
0.61777371
-0.61775463
0.0019627366
0.61773583
-0.0019608305
0.0019799031
-0.0019407564
-0.0019978629
0.61811271
0.0018910025
0.61609645
-0.61644175
0.61641856
-0.61639562
0.0018816009
0.61637289
-0.0018748103
0.0018977455
-0.0018510049
-0.0019197344
0.6167238
0.0017905346
0.61487339
-0.61519456
0.61516837
-0.61514255
0.0017858316
0.61511677
-0.0017753917
0.0018012125
-0.0017489822
-0.0018264417
0.61544543
0.0016751482
0.6137948
-0.61407772
0.61404552
-0.61402023
0.0016778795
0.61398821
-0.0016695453
0.0016948332
-0.0017222483
0.61428435
0.0016292792
0.6378872
-0.63793844
0.63796742
-0.63799522
0.0015814508
0.63802499
-0.0016218134
0.0015940139
-0.0016492445
-0.0015944197
0.6374848
0.0017400953
0.63752569
-0.63760642
0.63763325
-0.6376598
0.0016938729
0.63768617
-0.0017046565
0.0016781043
-0.0017562031
-0.0016766223
0.63773437
0.0018165877
0.63718368
-0.63739585
0.63742047
-0.63744484
0.0017961888
0.63744354
-0.0018311006
0.0018067185
-0.0018282686
-0.0017817442
0.63734388
0.001908575
0.63662932
-0.63674295
0.63676492
-0.63678667
0.0018889624
0.63680818
-0.0018966948
0.0018749471
-0.0019165537
-0.0018779583
0.63691644
0.001989416
0.63594711
-0.6361283
0.63614747
-0.63616643
0.0019454444
0.63618518
-0.00197667
0.001957709
-0.0019949921
-0.0019380751
0.6363295
0.002034144
0.63511064
-0.63531455
0.63533106
-0.63534736
0.0019911747
0.63536346
-0.0020459366
0.0020296272
-0.0020362098
-0.0019872514
0.635583
0.0020934437
0.63408566
-0.63435475
0.63436856
-0.63438219
0.0020515475
0.63439562
-0.0020790539
0.0020654159
-0.0020920591
-0.0020765064
0.63460951
0.002117566
0.63285451
-0.63315641
0.63316933
-0.63318071
0.0020763388
0.63319192
-0.0021276793
0.0021162851
-0.0021133682
-0.0021044814
0.63351522
0.0021279742
0.62915054
-0.63122292
0.63120249
-0.63120716
0.0021179743
0.63118665
-0.0021377628
0.0021330839
-0.0021026088
-0.0021226557
0.63202853
0.0020386702
0.59283201
-0.58822751
0.58825424
-0.58828384
0.0019838145
0.58831132
-0.0020271641
0.0019975574
-0.0021231321
-0.0020632673
0.60268986
0.0021732955
0.62704959
-0.62738115
0.62737923
-0.62737338
0.0021401049
0.62737334
-0.0021524191
0.0021582634
-0.002150947
-0.0021565668
0.62682486
0.0021146437
0.62556639
-0.6325714
0.63251905
-0.63249155
0.0021097299
0.63246457
-0.0020977814
0.0021252841
-0.002094963
-0.0021301742
0.62645086
0.0021063517
0.6235939
-0.62414038
0.62413837
-0.6241357
0.0020736838
0.62413337
-0.0020873709
0.0020900417
-0.0020840645
-0.0020929791
0.62462454
0.0020764719
0.6218188
-0.62225542
0.62224337
-0.62223146
0.0020519288
0.62221961
-0.0020580049
0.0020699062
-0.0020438422
-0.0020800876
0.62266842
0.0020234724
0.62040369
-0.62076944
0.62075828
-0.6207473
0.0019994141
0.62073642
-0.0020057902
0.0020167661
-0.0019956925
-0.0020296241
0.62107707
0.0019769872
0.61881381
-0.61922419
0.61921081
-0.61919765
0.0019562792
0.61918467
-0.0019599833
0.0019731401
-0.0019455753
-0.0019850374
0.61960316
0.0019110414
0.61734403
-0.61771728
0.617699
-0.61768097
0.0018970892
0.61766318
-0.0018950341
0.0019130605
-0.0018759679
-0.0019299422
0.61804355
0.00182792
0.6160025
-0.61635041
0.61632814
-0.61630612
0.0018198503
0.6162843
-0.0018128585
0.0018348803
-0.0017899264
-0.0018559229
0.61663817
0.0017307312
0.61476846
-0.61509133
0.61506594
-0.61504089
0.0017274996
0.61501588
-0.001716712
0.0017417564
-0.0016910984
-0.001766192
0.61534635
0.0016191677
0.61367759
-0.61396323
0.6139322
-0.61390783
0.0016228412
0.6138769
-0.0016143527
0.0016387105
-0.0016651984
0.61417492
0.0015684083
0.6379977
-0.63805253
0.63805511
-0.63810753
0.0015490867
0.63813548
-0.0015870008
0.001534574
-0.001613557
-0.0015357697
0.63759769
0.0016755908
0.63765514
-0.63771122
0.63773715
-0.63776281
0.0016570637
0.63778831
-0.0016917842
0.0016661223
-0.0016914789
-0.0016145525
0.63786581
0.0017739422
0.6372508
-0.63749293
0.63749119
-0.63754017
0.0017559306
0.63753694
-0.0017892324
0.0017402472
-0.0018121343
-0.0017161438
0.63744154
0.0018624501
0.63668564
-0.6368295
0.63685062
-0.63687156
0.0018454532
0.63686687
-0.0018514982
0.0018305526
-0.0018717709
-0.0018089408
0.63700404
0.0019400915
0.6360192
-0.63617834
0.63619673
-0.63621494
0.0018990019
0.63623298
-0.0019284423
0.0019102228
-0.0019460135
-0.0018913378
0.63640609
0.0019803826
0.63514783
-0.63537936
0.63539381
-0.63538396
0.001941791
0.63542466
-0.0019692495
0.0019790956
-0.0020094737
-0.0019628952
0.63562353
0.0020378561
0.63413655
-0.63438355
0.63439663
-0.63440956
0.0019992067
0.63442231
-0.0020247586
0.0020118297
-0.0020117301
-0.0019982985
0.63466464
0.0020843756
0.63284709
-0.63317771
0.63321393
-0.63322473
0.0020466344
0.63321013
-0.0020453645
0.0020345615
-0.0020558392
-0.0020234426
0.63353532
0.00209351
0.6290591
-0.63121641
0.63122082
-0.63119994
0.0020361221
0.63120402
-0.00205344
0.0020743266
-0.0020437325
-0.002066048
0.6320634
0.0019843483
0.59321675
-0.58833916
0.58836701
-0.58839744
0.0019271385
0.58842531
-0.0019707941
0.001940355
-0.0020645404
-0.0020026321
0.60244071
0.0021063142
0.62702707
-0.62737284
0.62736801
-0.62736519
0.0020820217
0.62735848
-0.0020922006
0.0020950181
-0.0020849563
-0.0020972398
0.6268167
0.0020472091
0.62554961
-0.63241056
0.63238188
-0.63232821
0.0020442088
0.63229761
-0.002031875
0.0020855426
-0.002026371
-0.0020662366
0.62643152
0.002034079
0.62358203
-0.62413208
0.62412693
-0.62412501
0.0020034403
0.62412218
-0.0020215018
0.0020234101
-0.0020195428
-0.002025991
0.62461592
0.0020054376
0.62176347
-0.62220763
0.6221955
-0.62218326
0.001984514
0.62217088
-0.0019886369
0.0020008689
-0.0019754953
-0.0020103226
0.62263009
0.0019554034
0.62036397
-0.62072568
0.62071501
-0.62070444
0.0019344543
0.62069391
-0.0019394491
0.0019500097
-0.0019296733
-0.0019620348
0.62102754
0.0019109617
0.61875745
-0.61917186
0.61915917
-0.61914662
0.0018923593
0.61913416
-0.0018952746
0.0019078267
-0.0018816234
-0.0019192955
0.61955669
0.001848671
0.61726919
-0.61764562
0.61762829
-0.61761118
0.0018360237
0.61759428
-0.0018337672
0.0018508744
-0.0018156196
-0.0018668497
0.61797828
0.0017692575
0.61591209
-0.61626273
0.61624137
-0.61622026
0.0017623873
0.61619936
-0.0017552595
0.0017763694
-0.0017332187
-0.0017964929
0.61655625
0.0016753537
0.61466663
-0.61499121
0.61496657
-0.61494228
0.0016734975
0.61491802
-0.0016624001
0.0016866955
-0.0016375193
-0.0017103345
0.61525046
0.0015671558
0.61356477
-0.61385279
0.61382275
-0.61379918
0.001571839
0.61376919
-0.0015631029
0.0015866741
-0.0016123586
0.61406892
0.0015609009
0.63810479
-0.63813668
0.63818945
-0.63819008
0.0014925587
0.63824275
-0.0015290581
0.001528431
-0.0015548213
-0.0015048453
0.63773282
0.0016647361
0.63772918
-0.63781455
0.63783965
-0.6378645
0.0015973749
0.63788921
-0.0016306354
0.0016057823
-0.001655014
-0.0015805053
0.63796742
0.0017598671
0.63731688
-0.63756008
0.63760849
-0.63760579
0.0016931777
0.63762839
-0.0017249986
0.0017276954
-0.0017726318
-0.0017043652
0.63753597
0.0018188815
0.63676683
-0.63688747
0.63690678
-0.63692707
0.0017799776
0.63694721
-0.0018099635
0.0017896639
-0.0018296024
-0.0017687294
0.63708872
0.0018950658
0.63608962
-0.63622428
0.63626744
-0.63628504
0.001856604
0.63627708
-0.0018844456
0.0018668397
-0.0018759562
-0.0018485616
0.63645462
0.0019337862
0.63520612
-0.63541445
0.63542943
-0.63544427
0.0019222296
0.63545891
-0.0019225158
0.0019076784
-0.0019366866
-0.0018921702
0.63566115
0.0019619907
0.63415946
-0.63443492
0.6344233
-0.63443562
0.0019516882
0.63444779
-0.0019754506
0.0019631293
-0.0019871573
-0.0019502187
0.6347159
0.0020063549
0.63288863
-0.6332207
0.63323117
-0.63324152
0.0019716317
0.63325176
-0.0019939439
0.0019835935
-0.0020040847
-0.00199829
0.63355315
0.0020128328
0.62901808
-0.63120787
0.63118618
-0.63121461
0.0020089152
0.63119232
-0.0020249368
0.0019965074
-0.0019885082
-0.0020137411
0.63207085
0.0019275922
0.59358616
-0.5884555
0.58848277
-0.58851219
0.0018711861
0.58854105
-0.001913689
0.0018842652
-0.0020031158
-0.0019446557
0.60219904
0.0020407797
0.62699879
-0.62735075
0.62734339
-0.62733735
0.0020145712
0.62732851
-0.0020245269
0.002030568
-0.0020202167
-0.0020341775
0.62680861
0.0019805885
0.62552575
-0.63226827
0.63221169
-0.63218181
0.0019818099
0.6321498
-0.0019668106
0.0019966715
-0.0019613938
-0.0020026027
0.62640735
0.0019682493
0.62357922
-0.62411995
0.62411425
-0.62410931
0.0019440998
0.62410785
-0.0019534213
0.0019583281
-0.0019536612
-0.0019604493
0.62461079
0.0019401979
0.62171329
-0.62215868
0.62214647
-0.62213464
0.001921262
0.62212301
-0.001924668
0.0019364835
-0.0019133727
-0.0019446943
0.62259373
0.0018940462
0.62032492
-0.62068344
0.62067303
-0.62066266
0.001875932
0.62065235
-0.0018796887
0.0018900496
-0.0018698568
-0.0019012694
0.62098148
0.0018501283
0.61870368
-0.61912178
0.61910944
-0.61909717
0.0018338539
0.61908493
-0.0018357177
0.0018479886
-0.0018225382
-0.0018593832
0.61951101
0.0017906442
0.61719789
-0.61757758
0.61756107
-0.61754474
0.0017793938
0.61752859
-0.0017768111
0.0017931348
-0.0017594911
-0.0018083861
0.61791619
0.001714763
0.61582525
-0.6161787
0.61615825
-0.61613804
0.0017090211
0.61611803
-0.0017017784
0.0017219881
-0.0016806318
-0.001741224
0.61647793
0.0016241594
0.61456767
-0.61489408
0.61487019
-0.61484663
0.0016235696
0.6148231
-0.0016122111
0.0016357696
-0.0015880268
-0.001658608
0.61515777
0.0015189608
0.6134557
-0.6137458
0.61371662
-0.61369372
0.0015247248
0.61366455
-0.0015156662
0.001538564
-0.0015635426
0.61396589
0.0015302659
0.63820878
-0.63824318
0.63829522
-0.63829512
0.0014638247
0.63832157
-0.0014989859
0.0014990819
-0.001524037
-0.0014761487
0.63783943
0.0016056106
0.63782564
-0.63791369
0.63793804
-0.63796217
0.0015912844
0.63796069
-0.0015976694
0.0015735387
-0.0016213325
-0.0015489968
0.63804244
0.0016979221
0.63743007
-0.63765083
0.63767309
-0.63769623
0.0016843334
0.63769272
-0.0016892774
0.0016661356
-0.0017108288
-0.0016445085
0.63760106
0.0017811175
0.63684455
-0.63696723
0.6369871
-0.63700686
0.0017167699
0.63705301
-0.0017719246
0.0017521638
-0.0017656117
-0.0017317928
0.63717099
0.0018286186
0.63613101
-0.63631983
0.63631161
-0.63635412
0.0018168339
0.63634678
-0.0018443647
0.0018018604
-0.0018607304
-0.0018095115
0.636501
0.0018903209
0.63523647
-0.63547343
0.63548898
-0.63550321
0.0018560423
0.63551729
-0.0018801086
0.0018658733
-0.0018937028
-0.0018509569
0.63572045
0.001941585
0.63418011
-0.63445985
0.63447176
-0.63445822
0.0018833939
0.63449522
-0.0019055254
0.0019190654
-0.0019167042
-0.001906686
0.63474082
0.0019585357
0.63292845
-0.63323659
0.63324656
-0.63325637
0.0019265031
0.63326602
-0.0019472189
0.0019374032
-0.0019314154
-0.0019273307
0.6335955
0.0019867007
0.62894488
-0.63119486
0.63119701
-0.63119884
0.0019356703
0.63120039
-0.0019492393
0.0019474048
-0.0019357955
-0.0019653929
0.63207555
0.0018722805
0.59393456
-0.58856464
0.58859233
-0.58861953
0.0018182595
0.58864376
-0.0018559001
0.0018286951
-0.0019412944
-0.0018883538
0.60196175
0.0019760064
0.62698038
-0.62732288
0.62732037
-0.62732055
0.0019532912
0.62731422
-0.001963188
0.0019629931
-0.0019637093
-0.0019678259
0.62679465
0.0019239109
0.62550636
-0.63209382
0.63206249
-0.63203078
0.0019304211
0.63200076
-0.0019123756
0.0019440795
-0.0019072102
-0.0019741552
0.62635893
0.0019142138
0.62356902
-0.62410585
0.62410372
-0.62410068
0.0018962318
0.62409491
-0.0019033681
0.0019064121
-0.001893257
-0.0019032899
0.62461056
0.0018807972
0.62167006
-0.6221118
0.62210112
-0.62209074
0.0018638524
0.6220807
-0.0018672447
0.0018776204
-0.0018570889
-0.0018861727
0.62255946
0.0018386201
0.62028543
-0.62064209
0.6206319
-0.62062176
0.0018229562
0.62061171
-0.0018256344
0.0018357676
-0.0018156454
-0.0018463085
0.6209385
0.0017943987
0.61865145
-0.61907272
0.61906052
-0.61904834
0.001780635
0.61903616
-0.0017812717
0.0017934509
-0.0017683532
-0.0018049454
0.61946516
0.0017369377
0.61712976
-0.6175126
0.61749676
-0.61748106
0.00172733
0.61746551
-0.0017242129
0.0017399047
-0.0017076033
-0.0017546149
0.61785653
0.0016642954
0.61574196
-0.61609825
0.61607866
-0.61605929
0.0016597526
0.61604011
-0.0016523166
0.001671684
-0.0016320196
-0.0016901047
0.616403
0.0015769234
0.61447148
-0.6147999
0.61477674
-0.6147539
0.0015775327
0.6147311
-0.0015659348
0.0015887696
-0.0015424271
-0.0016108261
0.61506824
0.0014744784
0.61334991
-0.61364179
0.61361336
-0.61359105
0.0014813685
0.61356259
-0.0014719342
0.0014942479
-0.0015185842
0.61386553
0.0014764904
0.63830908
-0.63837233
0.63837268
-0.63839745
0.0014373831
0.63844877
-0.0014712843
0.0014465128
-0.0014956994
-0.0014496847
0.63794332
0.0015746646
0.63791934
-0.63800998
0.63803366
-0.63805714
0.0015368076
0.63808052
-0.0015673932
0.0015439083
-0.0015904202
-0.0015200088
0.63813928
0.0016644554
0.63751541
-0.63771453
0.6377362
-0.63775773
0.0016274322
0.63777913
-0.0016565561
0.0016350222
-0.0016775546
-0.0016129722
0.63771561
0.0017455643
0.63689492
-0.63704707
0.63706646
-0.63708575
0.0016843372
0.63710493
-0.0017371754
0.0017178836
-0.0017558597
-0.0016725381
0.63725014
0.0017912638
0.63619574
-0.63638905
0.63638037
-0.636397
0.0017827495
0.63641353
-0.0017824633
0.0017658217
-0.0017983734
-0.0017738966
0.6365699
0.0018509681
0.63526472
-0.63553127
0.63554513
-0.6355335
0.0017936615
0.63557255
-0.0018417311
0.0018533548
-0.0018548752
-0.0018135278
0.63577883
0.001900312
0.63419862
-0.63448143
0.63449286
-0.63450418
0.0018700541
0.63451537
-0.0018653139
0.0018539954
-0.0019012731
-0.0018420612
0.6347892
0.0019145909
0.6329376
-0.63327543
0.63328459
-0.63326817
0.0018852859
0.63327675
-0.0018788019
0.0018952201
-0.0018865185
-0.0018859615
0.63360851
0.0019374997
0.62886325
-0.63117637
0.63120286
-0.63117821
0.0018872767
0.63117866
-0.0018986092
0.0019232599
-0.0018849994
-0.0019189316
0.6320993
0.0018138671
0.5942693
-0.58866991
0.58869154
-0.58871655
0.0017643526
0.58873818
-0.0018017476
0.0017767323
-0.0018825855
-0.0018360576
0.60172869
0.0019154174
0.62697398
-0.62731111
0.62730804
-0.62730953
0.0018957236
0.62730553
-0.0019083515
0.0019068421
-0.0019053607
-0.0019071956
0.62678608
0.0018785753
0.62549448
-0.63194619
0.63192152
-0.63189394
0.0018802267
0.63186572
-0.0018664978
0.0018940769
-0.0018639874
-0.0018979163
0.62634693
0.0018596597
0.62353417
-0.62408805
0.62408126
-0.62407428
0.0018382056
0.62406898
-0.0018453417
0.0018523247
-0.0018405707
-0.0018586477
0.62459437
0.0018282168
0.62163063
-0.62207095
0.62206144
-0.62205236
0.0018125534
0.62204332
-0.0018160234
0.0018251001
-0.0018066746
-0.001835342
0.62251821
0.0017884554
0.62024537
-0.62060171
0.62059186
-0.62058204
0.0017747854
0.62057241
-0.0017766986
0.0017865184
-0.0017666334
-0.0017966373
0.62089745
0.0017438629
0.61860006
-0.619024
0.61901184
-0.6189997
0.0017327109
0.61898757
-0.0017320588
0.0017441961
-0.0017192881
-0.0017557852
0.61941886
0.0016877925
0.61706425
-0.61745008
0.61743476
-0.61741954
0.0016801687
0.61740443
-0.0016762664
0.001691482
-0.0016602216
-0.0017058118
0.61779864
0.0016179007
0.61566193
-0.61602112
0.61600229
-0.61598364
0.0016147895
0.61596513
-0.0016069683
0.0016256177
-0.0015874077
-0.001643355
0.61633103
0.0015335034
0.61437797
-0.61470861
0.61468615
-0.61466399
0.0015353377
0.61464186
-0.0015234572
0.0015456099
-0.0015005979
-0.0015669513
0.6149817
0.0014336238
0.61324691
-0.61354039
0.61351264
-0.61349085
0.0014416918
0.61346305
-0.0014318426
0.0014536286
-0.0014773688
0.61376763
0.0014497105
0.63838317
-0.63847341
0.63847227
-0.63849647
0.0014132373
0.63852171
-0.0014459541
0.001421753
-0.0014953055
-0.0013999241
0.63807027
0.0015463912
0.63801062
-0.63807821
0.6381013
-0.63812422
0.0015104124
0.63814705
-0.0015397818
0.0015168654
-0.0015622446
-0.0014935347
0.63825923
0.0016339265
0.63757316
-0.63782587
0.63784701
-0.63786802
0.0015988558
0.63786342
-0.001626748
0.0016057395
-0.0016472421
-0.0015842383
0.63777791
0.0016876944
0.63696902
-0.637124
0.63711751
-0.63716183
0.0016792921
0.63715513
-0.0017055108
0.0016611836
-0.0017237889
-0.0016417495
0.63730407
0.0017572511
0.63623332
-0.63642997
0.63644632
-0.63643715
0.0017252328
0.63645331
-0.0017492359
0.0017584055
-0.0017647571
-0.0017403621
0.63663941
0.001815378
0.63531677
-0.63556075
0.63557424
-0.63558767
0.0017855241
0.63560101
-0.0018070254
0.0017935981
-0.001819845
-0.0017784132
0.63581132
0.0018378225
0.63424029
-0.63452645
0.63451208
-0.63454829
0.0018099029
0.63455906
-0.0018544766
0.0018182605
-0.0018645838
-0.001832061
0.63481175
0.0018741681
0.63294037
-0.63328501
0.63329298
-0.63330065
0.001822828
0.63330806
-0.0018646878
0.0018570213
-0.0018707673
-0.0018486133
0.63364335
0.0018650977
0.62880558
-0.63117976
0.63117873
-0.63115147
0.0018452869
0.63115027
-0.0018532691
0.0018805219
-0.0018379191
-0.001875901
0.63209017
0.0017622815
0.59459179
-0.58876178
0.58878438
-0.58880649
0.0017164309
0.58882538
-0.0017472151
0.0017250952
-0.0018272282
-0.0017849796
0.60149522
0.0018612492
0.62696278
-0.62731062
0.62731002
-0.62730782
0.0018346609
0.62730939
-0.001849653
0.0018518306
-0.0018492681
-0.0018487143
0.62678946
0.0018241515
0.62548306
-0.63183799
0.63178541
-0.63175751
0.0018283847
0.63172792
-0.0018115407
0.0018394293
-0.001808651
-0.0018675836
0.62633884
0.0018095155
0.62352373
-0.62406496
0.62406245
-0.62406252
0.0017931035
0.62406135
-0.0018008896
0.0018008056
-0.0017959811
-0.0018045812
0.62457557
0.0017800676
0.6215946
-0.6220346
0.62202608
-0.62201783
0.0017658825
0.62200995
-0.0017690865
0.0017773284
-0.0017606204
-0.0017864335
0.62247957
0.0017431169
0.62020524
-0.62056282
0.62055333
-0.6205438
0.0017317025
0.62053429
-0.00173259
0.001742116
-0.0017226042
-0.0017515493
0.62085868
0.0016986984
0.6185492
-0.61897547
0.61896338
-0.61895133
0.0016901934
0.61893931
-0.0016882685
0.0017003181
-0.0016756281
-0.0017118479
0.61937254
0.001643602
0.61700076
-0.6173894
0.61737445
-0.61735957
0.0016382961
0.61734476
-0.0016333762
0.001648256
-0.0016177385
-0.0016623283
0.61774196
0.0015757953
0.61558459
-0.61594677
0.61592853
-0.61591041
0.0015744539
0.61589239
-0.0015659787
0.0015840956
-0.0015469755
-0.0016013326
0.61626135
0.0014938765
0.61428698
-0.61462001
0.61459817
-0.61457661
0.0014970669
0.61455504
-0.0014847831
0.0015063437
-0.0014625102
-0.0015270965
0.61489772
0.0013963572
0.61314638
-0.61344135
0.6134142
-0.61339288
0.0014056517
0.61336567
-0.0013953446
0.001416657
-0.0014398482
0.61367201
0.0014270538
0.63850523
-0.63854581
0.63857056
-0.6385951
0.0013913906
0.63861983
-0.0014229747
0.0013984361
-0.0014208033
-0.0014034484
0.63814317
0.0015207639
0.63807329
-0.63816971
0.63821779
-0.63824021
0.0014865829
0.63823705
-0.0015148088
0.0014923906
-0.0015367695
-0.0014695583
0.63832608
0.0016062575
0.63765442
-0.63788418
0.63790481
-0.63792534
0.0015730724
0.63794574
-0.0015743039
0.0015537762
-0.0015943336
-0.0015582575
0.63786267
0.001658232
0.63704154
-0.63719924
0.63719233
-0.63723624
0.0016516867
0.63722912
-0.001676772
0.0016328589
-0.0016692029
-0.0016393263
0.6373552
0.0017262753
0.63626945
-0.63649481
0.63651081
-0.63652671
0.0016960525
0.63654252
-0.0017189857
0.0017030826
-0.001734174
-0.0017119166
0.63668093
0.0017831946
0.63536768
-0.63558892
0.63560215
-0.63564073
0.0017551401
0.63562847
-0.0017756409
0.0017370565
-0.001762857
-0.0017486514
0.63584148
0.0018044327
0.63427889
-0.63454439
0.63455499
-0.6345655
0.0018039425
0.63457592
-0.0017966294
0.0017861098
-0.0018063488
-0.0018001998
0.63483185
0.0018380125
0.63293784
-0.63331518
0.63332208
-0.63330347
0.0018150961
0.63331
-0.0018043707
0.0018229655
-0.001834889
-0.0018151528
0.63365009
0.0018242437
0.62873785
-0.63114879
0.63114697
-0.63111956
0.0018084342
0.63111695
-0.0018146909
0.0018420937
-0.0017965169
-0.0018130534
0.63210688
0.0017136565
0.59491154
-0.58884411
0.58886494
-0.58888598
0.001673912
0.58890695
-0.0017013238
0.0016802726
-0.0017836074
-0.0017402578
0.60125977
0.0018091403
0.62695982
-0.62730619
0.62730683
-0.62730926
0.0017913566
0.62730678
-0.0018023183
0.0017998763
-0.0017996628
-0.0018053278
0.62678597
0.0017732726
0.62547382
-0.63170081
0.63167097
-0.63164351
0.0018069794
0.63159196
-0.0017649242
0.0017923825
-0.0017634564
-0.0017939221
0.62633416
0.0017690164
0.62349499
-0.62405871
0.62405419
-0.62404809
0.0017532773
0.62404193
-0.0017577828
0.001763885
-0.0017501394
-0.0017631003
0.62457647
0.001737055
0.62156233
-0.62200222
0.62199477
-0.6219875
0.0017244897
0.62198049
-0.0017269855
0.0017342573
-0.0017192861
-0.0017417838
0.62244696
0.0017024878
0.62016593
-0.620525
0.62051553
-0.62050647
0.0016929224
0.62049748
-0.0016929946
0.0017020509
-0.0016834944
-0.0017112312
0.62082156
0.001659109
0.61849889
-0.61892735
0.61891543
-0.61890356
0.0016532824
0.61889174
-0.0016501061
0.0016619779
-0.0016376181
-0.0016731968
0.61932711
0.0016047369
0.61693865
-0.61733001
0.61731531
-0.61730064
0.0016019926
0.61728602
-0.0015958808
0.0016105454
-0.0015804965
-0.0016244519
0.6176861
0.0015382593
0.61550915
-0.61587446
0.61585659
-0.61583879
0.0015390269
0.61582102
-0.0015296212
0.0015474237
-0.0015109574
-0.0015643676
0.61619317
0.0014581176
0.61419819
-0.61453372
0.61451238
-0.61449127
0.0014628686
0.61447012
-0.001450003
0.0014711108
-0.0014282101
-0.0014914506
0.61481568
0.0013626506
0.61304792
-0.61334441
0.61331779
-0.6132969
0.0013732543
0.61327019
-0.0013624281
0.0013833213
-0.0014060332
0.61357843
0.0014058754
0.63857434
-0.63864345
0.63866774
-0.638691
0.0013463088
0.6387153
-0.0014023541
0.0013791017
-0.0014252658
-0.0013581401
0.63826688
0.0014977604
0.63816141
-0.63825832
0.63828045
-0.63832794
0.0014653082
0.63832435
-0.001492453
0.0014449625
-0.0015139652
-0.0014480729
0.63839108
0.0015559181
0.63773285
-0.63796603
0.63798621
-0.63800628
0.0015245638
0.63802624
-0.0015756288
0.001555556
-0.0015697321
-0.0015350044
0.63794554
0.0016570894
0.63708597
-0.63724736
0.63729095
-0.63728352
0.0016014657
0.63730145
-0.0016254286
0.0016328528
-0.0016429108
-0.0015888157
0.63745555
0.0016981634
0.63632973
-0.63653281
0.63654845
-0.63656401
0.0016696937
0.63655405
-0.0016915806
0.0016760192
-0.0017054011
-0.0016597843
0.63677183
0.0017287268
0.63541668
-0.63564157
0.63562922
-0.63566763
0.0017277137
0.63565522
-0.0017473076
0.0017088942
-0.0017343612
-0.0017206955
0.63589614
0.0017744521
0.6342919
-0.63458628
0.63459659
-0.63460684
0.0017504526
0.63461704
-0.0017674547
0.0017571986
-0.0017768878
-0.0017461484
0.63487633
0.0018064157
0.63295836
-0.63331643
0.63332278
-0.63330261
0.0017606197
0.63333417
-0.0017726974
0.0017928616
-0.0017789314
-0.0017853581
0.63368051
0.0017892148
0.62863844
-0.63111397
0.63111045
-0.63110668
0.0017783821
0.6311024
-0.0017813286
0.0017850883
-0.0017620858
-0.0017820815
0.63209463
0.0016764287
0.59523982
-0.58892598
0.58894761
-0.58896973
0.0016401374
0.58899208
-0.0016688246
0.0016467043
-0.0017524758
-0.0017056672
0.60102703
0.0017746405
0.62695201
-0.62730303
0.62730291
-0.62729891
0.0017610195
0.62729402
-0.0017635946
0.0017675961
-0.0017594965
-0.0017729477
0.62677236
0.0017381136
0.62547195
-0.63156512
0.63153914
-0.63151201
0.0017447344
0.6314871
-0.0017268259
0.0017539416
-0.0017270884
-0.0017561984
0.62632429
0.0017270051
0.62346648
-0.62403653
0.62403134
-0.62402654
0.0017136103
0.62402191
-0.0017177684
0.0017225597
-0.0017112137
-0.0017256966
0.62456467
0.0016995007
0.62153322
-0.62197362
0.62196699
-0.62196017
0.0016887034
0.62195374
-0.001690141
0.0016969637
-0.0016833932
-0.001703878
0.62241872
0.0016669361
0.62012888
-0.62048878
0.62048039
-0.62047238
0.0016592709
0.62046466
-0.0016589658
0.0016669819
-0.0016501248
-0.0016756796
0.62078549
0.0016253314
0.61844914
-0.61887998
0.61886827
-0.61885657
0.0016223613
0.61884489
-0.001617817
0.0016295196
-0.0016054233
-0.0016403542
0.61928325
0.0015713892
0.61687733
-0.61727143
0.61725687
-0.61724229
0.0015713266
0.61722774
-0.0015639104
0.001578478
-0.0015486337
-0.0015923174
0.61763068
0.0015054928
0.61543473
-0.6158033
0.61578559
-0.61576789
0.0015086086
0.61575018
-0.0014980562
0.0015157568
-0.0014795148
-0.001532606
0.61612567
0.0014263379
0.61411111
-0.61444917
0.61442816
-0.61440734
0.0014328639
0.61438643
-0.0014192242
0.0014400469
-0.0013977708
-0.0014601676
0.61473481
0.0013325102
0.61295129
-0.61324932
0.61322315
-0.6132026
0.0013445139
0.61317631
-0.0013330831
0.0013536356
-0.0013759625
0.61348654
0.0013870653
0.63866731
-0.6387385
0.63876241
-0.63878529
0.0013290678
0.63880921
-0.0013840905
0.0013612096
-0.0014066382
-0.0013405848
0.63836262
0.0014773573
0.6382469
-0.63834613
0.63836874
-0.63839034
0.0014465805
0.63841189
-0.0014471852
0.0014255863
-0.0014683151
-0.0014035566
0.63850465
0.0015328998
0.63778599
-0.6380461
0.63806491
-0.63805908
0.0015042964
0.63810412
-0.0015287801
0.0015346035
-0.0015734314
-0.0015144566
0.63802672
0.0016078878
0.63718071
-0.63731928
0.63731153
-0.63732915
0.0015795763
0.63737213
-0.0016024069
0.0015847781
-0.0016194805
-0.0015666199
0.63752876
0.001672899
0.63638778
-0.63656944
0.63661017
-0.6366254
0.0016462206
0.63664053
-0.0016670401
0.0016518113
-0.0016816498
-0.0016359539
0.63681034
0.0017026202
0.63544079
-0.63569355
0.63568106
-0.63571933
0.0017032544
0.63570676
-0.001721953
0.0016836798
-0.0017342389
-0.0016702434
0.63595011
0.0017476401
0.63430394
-0.63460183
0.63461194
-0.634622
0.0017253833
0.63463203
-0.0017414252
0.0017313565
-0.0017506614
-0.0017204863
0.63492001
0.0017788999
0.63295456
-0.63331509
0.63332132
-0.63332756
0.0017602897
0.6333338
-0.0017472962
0.0017410511
-0.0017777325
-0.0017589781
0.63368487
0.0017604209
0.62853567
-0.63109797
0.63109325
-0.63108839
0.0017529887
0.63108337
-0.0017539306
0.0017587891
-0.0017343279
-0.0017560761
0.63208061
0.0016504529
0.59557669
-0.58901257
0.58903581
-0.5890571
0.001613589
0.58908103
-0.0016421063
0.001620814
-0.0017282142
-0.0016756583
0.60080533
0.0017401705
0.62693604
-0.62728589
0.62727697
-0.62727299
0.0017386756
0.62726584
-0.0017369189
0.0017408967
-0.0017299478
-0.0017503654
0.62674881
0.0017077411
0.6254669
-0.63146331
0.63143815
-0.63141064
0.0017232837
0.63138278
-0.0017011926
0.001728703
-0.001697343
-0.0017293224
0.62631969
0.0016928896
0.62344051
-0.62401749
0.62401302
-0.62400857
0.0016832647
0.62400402
-0.0016855266
0.0016899759
-0.0016789528
-0.0016933917
0.62455181
0.0016664661
0.62150617
-0.62194707
0.62194036
-0.62193336
0.0016594146
0.62192596
-0.0016587504
0.0016657469
-0.0016521262
-0.0016723904
0.62239223
0.0016381068
0.62009427
-0.62045703
0.62044994
-0.62044222
0.0016350066
0.62043406
-0.0016322915
0.0016400133
-0.0016237623
-0.0016459347
0.62075586
0.0015975549
0.61839947
-0.61883322
0.61882152
-0.61880976
0.001597687
0.61879794
-0.0015915283
0.0016032866
-0.0015790263
-0.0016140829
0.61924021
0.0015434802
0.61681621
-0.61721318
0.61719861
-0.617184
0.0015460852
0.61716937
-0.0015373125
0.0015519143
-0.0015220059
-0.0015658212
0.61757522
0.0014775075
0.61536051
-0.61573247
0.61571472
-0.61569695
0.001483054
0.61567913
-0.0014712412
0.0014890114
-0.0014526451
-0.0015059282
0.61605813
0.0013986113
0.61402518
-0.61436569
0.61434484
-0.61432414
0.0014070751
0.61430333
-0.0013925018
0.0014132026
-0.0013712391
-0.0014332781
0.61465438
0.0013059341
0.61285608
-0.61315574
0.61312991
-0.61310961
0.0013194538
0.61308365
-0.0013073114
0.001327611
-0.0013496667
0.61339591
0.0013706361
0.63875885
-0.63883206
0.63885563
-0.6388782
0.0013396918
0.6389018
-0.0013426568
0.0013200828
-0.0013649087
-0.0013252597
0.63843144
0.0014595502
0.63833092
-0.63843332
0.63845471
-0.63847598
0.0014303869
0.63849721
-0.0014300194
0.001408746
-0.0014508115
-0.0014117021
0.63856755
0.001514589
0.63786206
-0.63809811
0.63811749
-0.63816228
0.0015122794
0.63815599
-0.0015357038
0.0014909069
-0.0015544945
-0.0014966105
0.6380809
0.0015870688
0.6372239
-0.63738856
0.63740589
-0.63742313
0.0015606207
0.63744028
-0.0015823303
0.001565083
-0.0015735535
-0.0015473028
0.63757492
0.001650614
0.63644582
-0.63663017
0.63664515
-0.63665904
0.0016003676
0.6366739
-0.0016445067
0.001630613
-0.0016344668
-0.0016151059
0.63687283
0.0016795718
0.63546432
-0.63574496
0.63573233
-0.635744
0.0016819531
0.63573129
-0.001673246
0.0016615657
-0.0017118437
-0.0016736971
0.63597801
0.0017240079
0.63434178
-0.63464092
0.63465089
-0.63463549
0.0017035184
0.63464542
-0.0016932692
0.0017086659
-0.0017024202
-0.0017233132
0.63493771
0.0017551765
0.63297547
-0.6333401
0.63334643
-0.63335286
0.0017383118
0.63333401
-0.0017245684
0.0017181433
-0.0017300267
-0.0017360582
0.63368908
0.0017368475
0.62843278
-0.63107835
0.63107334
-0.63104313
0.0017307188
0.6310394
-0.001706573
0.0017367791
-0.0017124553
-0.0017594987
0.63206566
0.0016282762
0.59591661
-0.58910874
0.58913097
-0.58915584
0.0015952161
0.58917845
-0.0016235714
0.0015986909
-0.0017085556
-0.0016539837
0.60058546
0.0017226581
0.62691925
-0.62725674
0.62725006
-0.62724387
0.0017185193
0.62723785
-0.0017163316
0.0017225259
-0.0017139168
-0.0017293147
0.62672832
0.0016853896
0.6254484
-0.63135493
0.63132697
-0.63129892
0.0017052176
0.6312707
-0.001680949
0.0017089953
-0.0016754588
-0.0017116873
0.62631219
0.001666736
0.62341459
-0.62399943
0.62399479
-0.62399006
0.0016613506
0.62398541
-0.0016612062
0.0016659323
-0.0016549887
-0.0016706188
0.62453514
0.0016403396
0.62148199
-0.62191896
0.62191192
-0.62190461
0.00163688
0.62189702
-0.0016345423
0.0016418408
-0.0016287314
-0.0016487994
0.62236441
0.0016173545
0.62005995
-0.62042686
0.6204184
-0.62040981
0.001617815
0.62040143
-0.0016132489
0.0016218266
-0.0016044247
-0.0016245061
0.6207382
0.0015755805
0.61834893
-0.61878604
0.61877401
-0.61876185
0.001578847
0.61874952
-0.0015708999
0.0015830531
-0.0015580416
-0.0015942951
0.61919606
0.0015206466
0.61675476
-0.61715471
0.61714001
-0.61712524
0.0015257795
0.61711041
-0.0015156621
0.0015304256
-0.0015002096
-0.0015445436
0.61751911
0.0014541039
0.61528586
-0.61566129
0.61564339
-0.61562544
0.0014620123
0.61560742
-0.0014489313
0.0014668796
-0.0014301693
-0.0014839711
0.61599005
0.0013749305
0.61393981
-0.61428264
0.61426182
-0.61424111
0.0013854093
0.61422027
-0.0013698053
0.0013905123
-0.001348605
-0.0014106655
0.61457382
0.0012829386
0.61276199
-0.61306328
0.6130377
-0.61301755
0.001298071
0.61299181
-0.001285096
0.001305245
-0.0013271426
0.6133061
0.0013565952
0.63884918
-0.63889881
0.63894764
-0.63894443
0.0013016078
0.63899327
-0.0013291145
0.0013323278
-0.0013511218
-0.0013121799
0.63855017
0.0014188146
0.63841367
-0.63851834
0.63851391
-0.63856042
0.0013912008
0.63858139
-0.0014409519
0.0013944377
-0.0014614548
-0.0013985148
0.63865393
0.0014981244
0.63793675
-0.63817606
0.63819512
-0.63821411
0.0014720136
0.63823303
-0.0014944495
0.001475453
-0.0015129354
-0.0014559523
0.63815838
0.0015437897
0.6372901
-0.63745736
0.63744888
-0.63746579
0.001544657
0.63748263
-0.0015652817
0.0015483648
-0.0015816337
-0.0015309087
0.63764519
0.0016315439
0.6364785
-0.63668868
0.6367034
-0.63671808
0.0016086601
0.63673269
-0.0016018697
0.0015871887
-0.001641448
-0.0015974136
0.63690865
0.0016598068
0.63551372
-0.63576935
0.63578197
-0.63576917
0.0016386642
0.63578171
-0.0016554054
0.0016682075
-0.001667409
-0.0016296695
0.63605612
0.0017037555
0.63435298
-0.63465532
0.63466522
-0.63470046
0.0016851044
0.63468499
-0.0016992522
0.0016640108
-0.0017084044
-0.0016787537
0.63495496
0.0017101017
0.63297264
-0.63336584
0.63334714
-0.63335386
0.0016949308
0.63336065
-0.0017058208
0.0016990925
-0.0017118094
-0.0017168226
0.63371905
0.0017183269
0.62835677
-0.6310346
0.63103014
-0.63100044
0.0017148609
0.63099633
-0.0016893043
0.0017189949
-0.0016708006
-0.0017164272
0.63207471
0.0016133563
0.59625572
-0.58920376
0.58923152
-0.58925481
0.0015820623
0.58927803
-0.001607605
0.0015843004
-0.0016932627
-0.0016351584
0.60037715
0.0017065114
0.62690862
-0.62722968
0.62722437
-0.62721943
0.0017059902
0.62721502
-0.0017038619
0.0017088029
-0.0017009234
-0.0017125008
0.62670744
0.0016701678
0.6254256
-0.63124235
0.63121367
-0.63118477
0.0016937238
0.63115549
-0.0016670857
0.00169599
-0.0016611935
-0.0016984441
0.6263026
0.0016491194
0.62339045
-0.62398092
0.62397681
-0.62397261
0.0016466233
0.62396857
-0.0016454817
0.0016496693
-0.0016394028
-0.0016551456
0.62451424
0.0016206505
0.62146021
-0.62188962
0.62188226
-0.62187515
0.0016226555
0.62186821
-0.0016176919
0.0016247869
-0.0016125274
-0.0016325704
0.62233302
0.0016032473
0.62002338
-0.62039213
0.62038313
-0.62037354
0.0016077331
0.62036381
-0.001600562
0.0016101496
-0.0015908581
-0.0016110666
0.62073811
0.0015587023
0.61829666
-0.61873708
0.61872444
-0.61871164
0.0015648508
0.61869864
-0.0015551348
0.0015679246
-0.0015417603
-0.0015799119
0.61914928
0.0015023338
0.61669258
-0.61709553
0.61708059
-0.61706556
0.0015097825
0.61705046
-0.0014983819
0.0015134001
-0.001482705
-0.0015278366
0.61746187
0.0014349375
0.61521046
-0.61558937
0.61557125
-0.61555308
0.0014450424
0.61553484
-0.0014307636
0.0014489307
-0.0014117954
-0.0014662442
0.61592113
0.0013552062
0.61385456
-0.61419953
0.61417866
-0.61415787
0.0013676928
0.61413695
-0.0013510286
0.001371818
-0.001329801
-0.0013921084
0.61449279
0.0012635197
0.61266861
-0.61297154
0.61294612
-0.61292602
0.0012803555
0.61290044
-0.001266412
0.001286507
-0.0013083477
0.6132167
0.001344963
0.63893766
-0.63899005
0.63903864
-0.63903523
0.0012914371
0.63905828
-0.0013179291
0.0013213334
-0.0013397569
-0.0013013034
0.63864244
0.0014316815
0.63846984
-0.63857674
0.63862311
-0.63864389
0.0014055749
0.63863911
-0.0014034155
0.0013826415
-0.0014492115
-0.0013614108
0.63873935
0.0014844728
0.6379848
-0.6382519
0.6382707
-0.63828946
0.0014599847
0.63830816
-0.0014814986
0.0014627373
-0.0014997423
-0.001468087
0.63823665
0.0015545382
0.63732966
-0.63750037
0.63751708
-0.63753375
0.0015317365
0.6375249
-0.0015513489
0.0015346789
-0.0015674658
-0.001517473
0.63771339
0.0016159047
0.63653483
-0.63672183
0.6367618
-0.63675186
0.0015694942
0.63679176
-0.0015871069
0.0015970477
-0.0016011108
-0.0015830264
0.63696797
0.0016689589
0.63553611
-0.63579424
0.63583212
-0.63584458
0.0016497993
0.63583158
-0.0016400708
0.0016276157
-0.0016519285
-0.0016400361
0.63605746
0.00168713
0.63438971
-0.63469486
0.63470474
-0.63468927
0.0016703354
0.63469914
-0.0016582174
0.0016736878
-0.0016928269
-0.0016631492
0.6350226
0.0016944854
0.63299742
-0.63336759
0.63337575
-0.63338298
0.0017061109
0.63336498
-0.0016912418
0.0016840163
-0.0016978678
-0.00170144
0.63372371
0.0017042627
0.62825835
-0.63099254
0.63101389
-0.63098527
0.0017018262
0.63098208
-0.0016763097
0.0017049269
-0.0016833832
-0.0017028681
0.63205845
0.0016007013
0.59659172
-0.5893063
0.58933213
-0.58935823
0.0015711771
0.58938414
-0.0015984322
0.001572323
-0.0016817665
-0.0016209747
0.60017736
0.0016955657
0.62689845
-0.62721097
0.62720518
-0.62720219
0.0016946074
0.6271998
-0.0016964445
0.0016994346
-0.0016905794
-0.0017018556
0.6266912
0.0016598213
0.62540171
-0.6311261
0.63109629
-0.63106647
0.0016860367
0.63103637
-0.0016576526
0.0016874774
-0.0016517241
-0.0016906681
0.62629123
0.0016373556
0.62336641
-0.62396453
0.62396056
-0.62395659
0.0016369882
0.62395234
-0.0016349396
0.0016388972
-0.0016289423
-0.0016447762
0.6244914
0.0016095615
0.62144539
-0.62186157
0.62185491
-0.62185037
0.001613173
0.62184816
-0.0016094104
0.0016139491
-0.0016080601
-0.0016215873
0.62230093
0.0015935472
0.61998362
-0.62035465
0.62034562
-0.62033669
0.0015987522
0.62032783
-0.0015915826
0.0016005091
-0.0015813358
-0.0016075974
0.62071693
0.0015460324
0.61824222
-0.61868552
0.61867219
-0.61865872
0.0015546977
0.61864504
-0.0015433683
0.0015568401
-0.0015294395
-0.0015695943
0.61909939
0.0014879658
0.61662943
-0.6170353
0.61702006
-0.61700473
0.0014975222
0.61698931
-0.0014849166
0.0015002382
-0.0014689772
-0.0015150469
0.6174032
0.0014196305
0.61513425
-0.61551658
0.61549824
-0.61547987
0.0014317385
0.61546143
-0.0014163696
0.001434742
-0.0013972127
-0.0014522763
0.61585131
0.0013392994
0.61376915
-0.61411611
0.61409515
-0.61407425
0.0013537268
0.61405324
-0.0013360273
0.0013569247
-0.0013147255
-0.0013773554
0.6144112
0.0012476969
0.61257567
-0.61288017
0.61285485
-0.6128347
0.0012662728
0.61280925
-0.0012512055
0.001271349
-0.0012932105
0.61312741
0.0013101998
0.63902693
-0.63910516
0.63910245
-0.63912445
0.0012836705
0.6391728
-0.001309084
0.0012870755
-0.0013307912
-0.0012670334
0.63873398
0.0013960666
0.63857622
-0.63865979
0.63868044
-0.63870104
0.0013713928
0.63874713
-0.001393948
0.0013733479
-0.0014140565
-0.0013522845
0.63882397
0.0014736259
0.63805749
-0.63832683
0.63834545
-0.63833854
0.0014506865
0.6383571
-0.0014458505
0.0014527571
-0.0014894299
-0.0014336618
0.63831324
0.0015429719
0.6373939
-0.63756696
0.6375835
-0.63757455
0.0015218663
0.63759105
-0.0015151
0.0015240487
-0.0015310926
-0.0015070011
0.63775631
0.0016038063
0.63656526
-0.63678077
0.63682064
-0.63680961
0.0015592313
0.63682401
-0.001575896
0.0015869218
-0.0016152424
-0.0015720026
0.63702778
0.0016309856
0.6355833
-0.63584499
0.63585733
-0.63586964
0.0016137877
0.6358819
-0.0016284192
0.0016161038
-0.0016401331
-0.0016286444
0.63610808
0.0016488827
0.63442688
-0.63473545
0.63471998
-0.63472988
0.0016338853
0.63476513
-0.0016715955
0.0016616976
-0.0016809514
-0.0016512289
0.63503813
0.0017080168
0.6329994
-0.63337248
0.63340535
-0.63338777
0.0016702763
0.63339556
-0.0016803849
0.0016979621
-0.0016875834
-0.0016644324
0.63378139
0.0016687882
0.6281873
-0.63097904
0.63095097
-0.63097357
0.0016928549
0.63097057
-0.001691951
0.0016693562
-0.0016743725
-0.001693555
0.63206416
0.0015919095
0.59692167
-0.5894104
0.58943399
-0.58946022
0.0015639323
0.58948602
-0.0015927823
0.0015665529
-0.0016728539
-0.0016130054
0.5999865
0.0016893451
0.62688387
-0.62719739
0.62719585
-0.62719182
0.0016875734
0.62719313
-0.0016878583
0.0016918857
-0.0016882756
-0.001694197
0.62667687
0.0016529265
0.62537791
-0.6310061
0.63097594
-0.63097059
0.0016806132
0.6309405
-0.0016516045
0.0016569474
-0.0016458464
-0.0016857986
0.62625244
0.001630053
0.62334289
-0.62394846
0.6239445
-0.62394039
0.0016318296
0.62393594
-0.0016287738
0.0016328882
-0.0016236696
-0.0016387044
0.62446787
0.0016137829
0.62143121
-0.62184801
0.62184664
-0.62184319
0.0016177746
0.62183863
-0.0016136008
0.0016170539
-0.0016072733
-0.0016168896
0.6222853
0.001587096
0.61994198
-0.62031901
0.62031035
-0.62030177
0.0015935906
0.62029336
-0.0015859048
0.0015944854
-0.0015752052
-0.0016016326
0.62068769
0.0015368912
0.61818558
-0.61863125
0.61861724
-0.61860311
0.0015478488
0.61858875
-0.0015350204
0.0015491563
-0.0015205525
-0.0015626272
0.61904657
0.0014770856
0.6165652
-0.61697384
0.61695827
-0.61694262
0.001488594
0.61692689
-0.0014748557
0.0014904986
-0.0014586444
-0.0015056982
0.61734299
0.0014078642
0.61505734
-0.61544298
0.61542447
-0.61540593
0.0014218018
0.61538735
-0.0014054566
0.0014239893
-0.0013861627
-0.0014417141
0.61578067
0.0013270571
0.61368348
-0.61403229
0.61401125
-0.61399025
0.0013433284
0.61396917
-0.0013246538
0.0013456477
-0.0013032651
-0.0013661845
0.61432915
0.00123548
0.61248286
-0.61278888
0.61276366
-0.61274335
0.0012557905
0.61271806
-0.001239394
0.0012596998
-0.0012816432
0.613038
0.0013033797
0.63911468
-0.63919483
0.63919268
-0.63921462
0.0012783108
0.63923717
-0.0013025665
0.0012806231
-0.0013242197
-0.0012603618
0.63882419
0.0013885101
0.63863006
-0.63876766
0.63878817
-0.63880865
0.0013652132
0.6388291
-0.0013870116
0.0013665338
-0.0014069995
-0.001345592
0.63890798
0.001465572
0.63812966
-0.63837563
0.63839414
-0.63841264
0.0014185906
0.63845663
-0.001463991
0.0014454926
-0.0014819838
-0.0014264956
0.63838935
0.0015090698
0.63745776
-0.63763301
0.637624
-0.63766595
0.0015150229
0.63765694
-0.0015329264
0.0014909754
-0.0015488784
-0.0014994769
0.63779975
0.0015697877
0.63662085
-0.63686386
0.63685281
-0.63686722
0.0015777989
0.63685617
-0.00156818
0.0015537697
-0.0015820685
-0.0015643095
0.63706196
0.0016220658
0.63562991
-0.63589415
0.63590636
-0.63591856
0.001606758
0.63593071
-0.001620401
0.0016082069
-0.0016319766
-0.0015954207
0.63615933
0.0016649442
0.63443903
-0.63474968
0.63475955
-0.63476944
0.0016517449
0.63477929
-0.001637841
0.0016279576
-0.0016472284
-0.0016429411
0.63505444
0.0016741689
0.63302844
-0.63340347
0.63341141
-0.63341945
0.0016882432
0.6334022
-0.0016725801
0.0016645461
-0.0016799923
-0.0016814645
0.63376411
0.0016863475
0.62809307
-0.63094293
0.63094045
-0.6309384
0.0016857537
0.63093614
-0.0016600179
0.0016620652
-0.0016680314
-0.0016865564
0.63204321
0.0015881109
0.59723968
-0.58951213
0.5895377
-0.58956114
0.0015619734
0.58958873
-0.0015871755
0.0015637299
-0.0016659769
-0.0016055079
0.5998073
0.0016839542
0.62687631
-0.62719133
0.62718776
-0.6271864
0.0016827109
0.6271853
-0.0016828765
0.0016842263
-0.0016808875
-0.0016855263
0.62666598
0.0016489548
0.62535531
-0.63091051
0.63088077
-0.63085129
0.0016770185
0.63082248
-0.0016485158
0.0016779962
-0.0016433865
-0.0016816789
0.62623707
0.0016259078
0.62332129
-0.62393114
0.62392682
-0.62392154
0.0016299544
0.62391688
-0.0016247065
0.0016299701
-0.0016201683
-0.0016366441
0.6244429
0.0016132167
0.62140459
-0.62183286
0.62182599
-0.62181931
0.0016210604
0.62181203
-0.0016134322
0.001620102
-0.0016064314
-0.0016203044
0.62228936
0.0015843971
0.61989807
-0.62028506
0.62027695
-0.62026878
0.0015924637
0.62026059
-0.0015841579
0.0015923244
-0.0015725445
-0.0015994719
0.6206595
0.00153091
0.61812678
-0.6185743
0.61855964
-0.61854486
0.0015439513
0.61852989
-0.0015298118
0.0015445894
-0.0015148025
-0.0015588534
0.6189907
0.0014693969
0.61649989
-0.61691109
0.6168952
-0.61687923
0.0014827511
0.61686318
-0.0014679523
0.0014839179
-0.0014514762
-0.0014995082
0.6172812
0.0013994143
0.61497998
-0.61536876
0.61535013
-0.61533149
0.0014150443
0.61531281
-0.0013978284
0.001416466
-0.00137846
-0.0014343402
0.61570937
0.0013183343
0.61359754
-0.61394814
0.61392705
-0.61390599
0.0013363419
0.61388488
-0.0013167738
0.0013378318
-0.0012953081
-0.0013584234
0.61424681
0.0012269374
0.61239007
-0.61269747
0.61267244
-0.61265178
0.001248854
0.61262685
-0.0012308263
0.0012514776
-0.0012735495
0.6129484
0.0012989324
0.63920187
-0.63925916
0.63928153
-0.63932902
0.0012752946
0.63935128
-0.0013238983
0.0012764036
-0.0013200054
-0.0012810979
0.63889001
0.0013826077
0.63871077
-0.63882401
0.63886911
-0.63888951
0.001361474
0.63888438
-0.0013825711
0.0013621661
-0.0014025
-0.0013413023
0.63896603
0.0014602888
0.63820159
-0.63844961
0.63846808
-0.63848656
0.0014401959
0.63847953
-0.0014593918
0.0014409119
-0.0014764561
-0.0014219521
0.63846523
0.0015037269
0.6375216
-0.63767341
0.6376899
-0.63770639
0.0014856713
0.63772291
-0.0015283528
0.001511858
-0.0015188765
-0.0014948623
0.63789317
0.001564559
0.63667641
-0.63689604
0.63691046
-0.63692491
0.0015486786
0.63693937
-0.0015637746
0.0015493285
-0.0015776786
-0.001534365
0.6371227
0.0016166373
0.63567603
-0.63591745
0.63592956
-0.63594166
0.0016030785
0.63595373
-0.0016158316
0.0016037318
-0.0016272974
-0.0015899978
0.63621131
0.0016590935
0.63445115
-0.63476378
0.63479895
-0.63478337
0.0016223051
0.63479312
-0.0016328461
0.0016484206
-0.0016675116
-0.0016127641
0.6351211
0.0016684848
0.63305842
-0.63341031
0.6334184
-0.63342649
0.0016586008
0.6334345
-0.0016675516
0.0016594655
-0.0016750955
-0.0016510367
0.63379782
0.0016815051
0.62802592
-0.63090903
0.63093222
-0.63093032
0.0016575513
0.63090293
-0.0016813468
0.0016832399
-0.0016396437
-0.0016821154
0.63204677
0.0015847448
0.59754844
-0.58961438
0.58963703
-0.58966261
0.0015393381
0.58968523
-0.0015871404
0.0015615603
-0.0016631165
-0.0016020717
0.59963913
0.0016799826
0.62686768
-0.62718154
0.62718295
-0.6271824
0.0016471671
0.62718211
-0.0016813923
0.0016819394
-0.0016787065
-0.0016856633
0.6266538
0.0016493089
0.62533603
-0.63079436
0.63076655
-0.63073935
0.0016295982
0.6307621
-0.0016512341
0.0016784384
-0.0016469149
-0.0016793988
0.62625334
0.0016277777
0.6233117
-0.62391207
0.6239074
-0.62390202
0.0016363989
0.62389682
-0.0016293789
0.0016347411
-0.0016270571
-0.0016410623
0.62441698
0.0016149149
0.62137605
-0.62180499
0.62179806
-0.62179121
0.0016234304
0.62178425
-0.0016157504
0.0016225962
-0.0016085842
-0.001628319
0.62227333
0.0015847695
0.61984984
-0.62025238
0.62024424
-0.62023595
0.0015938201
0.62022764
-0.0015851499
0.0015934359
-0.0015724776
-0.0016011475
0.62062985
0.0015278019
0.61806589
-0.61851484
0.61849964
-0.61848434
0.0015426488
0.61846892
-0.0015274972
0.0015427961
-0.0015120016
-0.0015578079
0.61893171
0.00146473
0.61643356
-0.61684705
0.61683086
-0.61681458
0.0014798549
0.61679824
-0.0014640728
0.0014803496
-0.0014473506
-0.0014963033
0.61721793
0.0013941343
0.61490242
-0.61529414
0.61527544
-0.61525674
0.0014113524
0.61523801
-0.0013933556
0.0014120495
-0.0013739719
-0.0014300329
0.61563756
0.0013129904
0.61351144
-0.61386381
0.6138427
-0.61382162
0.0013326291
0.61380051
-0.0013122588
0.0013333417
-0.0012907399
-0.0013539342
0.6141644
0.0012221832
0.61229724
-0.6126058
0.61258125
-0.61255991
0.0012453536
0.61253578
-0.0012252456
0.0012465895
-0.0012688279
0.61285864
0.0012703453
0.63928949
-0.63937328
0.63939538
-0.63939185
0.0012680372
-0.0012700248
0.0012735595
-0.0012917282
-0.0012521188
0.63900604
0.0013808892
0.6387905
-0.63890477
0.63892516
-0.63894554
0.0013517434
-0.0013805854
0.0013601987
-0.0014005278
-0.0013385263
0.63907578
0.0014322259
0.63824718
-0.63852354
0.63851652
-0.63848402
0.0014308984
-0.0014064823
0.0014389859
-0.0014500377
-0.0013944722
0.63854114
0.0014758847
0.63758573
-0.63773945
0.63773052
-0.63777258
0.0014516227
-0.0015012483
0.0014591851
-0.0014918761
-0.0014675938
0.63793586
0.0015370089
0.63673211
-0.6369284
0.63694288
-0.63695737
0.0015156178
-0.0015370072
0.0015225187
-0.0015255474
-0.0015074474
0.63718282
0.0015636444
0.63569648
-0.6359658
0.63597783
-0.63598985
0.0015454836
-0.0015636393
0.0015516295
-0.0015751567
-0.0015398651
0.63623584
0.0016058132
0.63448847
-0.63480284
0.63481247
-0.634822
0.0015655718
-0.001580364
0.0015708344
-0.0015898288
-0.0015868777
0.63511158
0.0016147925
0.63303818
-0.63344246
0.6334502
-0.63345771
0.0015774177
-0.0015892056
0.0015816949
-0.0015971255
-0.0015740424
0.63380667
0.0015797342
0.62793599
-0.63090099
0.63089889
-0.63089706
0.0015537428
-0.0015554071
0.0015572466
-0.0015151402
-0.0015790803
0.63200754
0.0014665184
0.59781787
-0.58970408
0.58972021
-0.5897307
0.0013791901
-0.0014227196
0.0014122259
-0.0014785933
-0.0014615959
0.59945077
0.0015190054
0.62685923
-0.62718093
0.62718021
-0.62717625
0.0014222286
-0.001467353
0.0014713114
-0.0014673132
-0.0014811164
0.62662256
0.0016573169
0.62531812
-0.63083583
0.63098437
-0.63115899
0.0014329441
-0.0016624758
0.001487853
-0.0016568058
-0.0014643249
0.62624806
0.0016340439
0.62330371
-0.62389054
0.62388388
-0.62387672
0.0016448247
-0.0016370545
0.0016442251
-0.001634762
-0.0016517366
0.62439002
0.0016183798
0.62134751
-0.62177743
0.62177054
-0.62176405
0.0016263445
-0.0016198195
0.0016263139
-0.0016127879
-0.0016328642
0.62224722
0.0015869897
0.61979779
-0.62021941
0.62021126
-0.62020279
0.001596906
-0.0015880955
0.0015965683
-0.0015746059
-0.0016048468
0.62059719
0.001527369
0.61800325
-0.61845341
0.61843782
-0.61842208
0.0015436806
-0.0015279308
0.0015436784
-0.0015120538
-0.00155923
0.61887029
0.0014630023
0.61636628
-0.61678183
0.61676537
-0.61674882
0.0014796437
-0.0014631662
0.001479717
-0.0014461978
-0.0014959901
0.61715336
0.0013919168
0.61482485
-0.61521931
0.6152006
-0.6151819
0.0014104842
-0.0013919485
0.0014106485
-0.0013725848
-0.0014287193
0.61556541
0.0013108813
0.61342524
-0.61377943
0.61375836
-0.6137373
0.0013319093
-0.0013109911
0.0013320488
-0.0012894351
-0.0013525947
0.61408212
0.0012212841
0.61220506
-0.61251378
0.61249028
-0.61246754
0.0012447991
-0.0012221955
0.0012449346
-0.001267378
0.61276876
-0.0014922164
-0.00054093578
-0.12347511
0.10254947
0.0067551536
0.17892827
0.0079788665
0.0097792071
-0.17331621
0.3488892
0.028275515
0.0026054131
0.29543937
-0.0019289538
0.14231381
-0.07038432
-0.27959012
-0.0097939567
-0.00043025472
-0.16169102
-0.16216275
-0.16290223
-0.0011802039
0.00024992311
0.15641645
-0.15668996
0.15674269
-0.1565719
-0.15694755
0.15699232
-8.5453211e-05
0.00023847999
0.15628597
-0.15654199
0.15660052
-0.15661506
-0.0003193525
-0.00045915206
-0.15748629
-0.0078486779
-0.14832128
-0.00019903831
-0.064978441
0.064969101
-0.00014422527
-0.04892591
0.048871052
-0.033040051
0.032895792
0.000191172
0.072624636
-0.072689381
0.0001873718
0.048897063
-0.048893175
0.021086099
-0.020898687
-6.9116237e-07
0.072545968
7.1462282e-05
0.048824975
0.021157554
-0.00024296157
-0.073865389
0.073744963
-8.9261842e-05
-0.050304416
0.050150789
-0.020815666
0.02072646
-0.00019815711
-0.044922195
0.044777947
-8.398297e-05
-0.030476072
0.030361911
-0.019371136
0.01928719
-2.9333912e-05
-0.064514474
0.06456658
-4.8808399e-05
-0.048708215
0.048727638
-0.033108156
0.033059318
-0.00018303382
0.071643688
-0.071767707
-4.3469003e-05
0.047615875
-0.047755504
0.020503911
-0.020547387
-2.4648035e-05
0.061161516
-0.061274988
2.1817958e-05
0.039938236
-0.039984672
0.02336428
-0.02334244
-3.8827272e-05
-0.062096341
0.061968802
1.9551253e-05
-0.040351924
0.040293588
-0.023186695
0.023206268
-1.2634113e-05
0.0610534
2.7786338e-05
0.039897838
0.023392074
-0.00017906726
-0.045065652
-7.6347577e-05
-0.030578742
-0.019447455
0.0044434911
-0.026164979
0.030571577
0.00178072
-0.020376372
0.023038255
-0.016671242
0.018451437
0.0004939875
-0.055836452
0.056336084
0.00025239783
-0.042855708
0.043097129
-0.031917243
0.032169656
0.00055983883
-0.05551865
0.00020875194
-0.042504608
-0.031708526
-6.4235215e-05
-0.064475979
-7.4594643e-05
-0.048698025
-0.033182777
-0.00015555505
0.071551685
-2.4994444e-05
0.047485308
0.020478907
-5.569545e-05
-0.062225889
1.6327841e-05
-0.040423931
-0.023170358
1.4456679e-05
0.060358527
-0.06044447
3.6591177e-05
0.039656057
-0.039678173
0.023602378
-0.023565776
8.7559719e-06
0.060277697
3.131732e-05
0.039633504
0.023633701
-0.00012034636
-0.052160234
0.052047183
-5.0316264e-05
-0.035436992
0.035366958
-0.022506742
0.022456423
-0.00015827498
-0.052290584
-6.3388722e-05
-0.03553188
-0.022570132
0.00014629199
-0.062682518
0.062874898
5.8181436e-05
-0.047881959
0.047969842
-0.033772631
0.033830547
-0.00022976067
-0.039603244
0.039425682
-9.901081e-05
-0.026531886
0.026401076
-0.016554497
0.016455458
-0.0002815115
-0.039061566
0.038831233
-0.00011612629
-0.026122684
0.025957226
-0.016250778
0.016134635
-0.00017059646
-0.084977725
0.084807038
-6.3569289e-05
-0.069657621
0.069550037
-0.039189691
0.039125326
-0.0001364938
-0.077800172
0.077766142
-7.7547569e-05
-0.056197274
0.056138344
-0.024880885
0.024803445
-0.00029776839
0.07755279
-0.077652556
-0.00013755147
0.0558455
-0.056005647
0.02466591
-0.024803393
2.177558e-06
-0.065983423
0.065999801
2.6776819e-06
-0.047859597
0.047858952
-0.029656489
0.029659051
-4.7398365e-05
0.052780972
-0.052837086
-1.7043708e-05
0.036283515
-0.036313875
0.022945408
-0.022962454
-4.5349611e-05
-0.05298879
0.052939484
-1.4185327e-05
-0.036407236
0.036376068
-0.023006227
0.022992038
-4.0346815e-05
0.052735839
-1.0334227e-05
0.036253499
0.022935071
-4.3781076e-05
0.052585552
-0.052642737
-1.4335061e-05
0.036165574
-0.036195029
0.022893496
-0.022907835
-1.8878895e-05
-0.062615772
-8.4800204e-05
-0.047816137
-0.033857487
0.000176635
-0.062277198
0.062379198
9.0431319e-05
-0.047576567
0.047662478
-0.033775038
0.033865105
0.00017581973
-0.064748601
0.064838529
0.00010417181
-0.048897487
0.048969007
-0.033112738
0.033216837
-0.00026730525
0.072140595
-0.07231133
-0.00010989615
0.048236908
-0.048394398
0.0207479
-0.020857825
-0.00025849104
-0.039806373
-0.00010627653
-0.026684085
-0.016660773
-0.00024103094
0.040164691
-0.04036121
-9.5028044e-05
0.02695723
-0.027103235
0.016856866
-0.016951903
-0.00016230954
-0.089374071
0.08985467
-0.00020504262
-0.075574606
0.075617038
-0.047670594
0.047465528
-0.00040547087
-0.085053855
-0.00026509398
-0.069798261
-0.039454923
-0.00022528338
-0.085330107
0.085234516
-9.8594114e-05
-0.07027565
0.070148681
-0.039986913
0.039888126
-0.00021876166
-0.077848242
-7.998446e-05
-0.056335974
-0.024960838
-0.00030125245
-0.078040545
0.078009521
-0.00015253296
-0.056734308
0.056585652
-0.025332419
0.025179944
0.0016411334
0.045231417
-0.0440314
0.00066047743
0.034416431
-0.033435607
0.026287728
-0.025627262
-0.00011083061
0.049555698
-0.049630148
-3.8300787e-05
0.033678141
-0.033750683
0.021444077
-0.021482385
-0.00039156849
0.078973679
-0.079066627
-0.0002067485
0.058391206
-0.058575896
0.026842547
-0.027049252
-1.823144e-05
0.065986426
-0.065961239
-3.1756638e-05
0.04825211
-0.048238677
0.030319794
-0.030351613
-0.00011338037
-0.065953182
0.065948909
-7.0476358e-05
-0.048326085
0.048283141
-0.030523846
0.030453343
-7.939459e-06
0.066001772
-6.6400086e-06
0.04825072
0.030313121
-0.0002056786
0.066058105
-0.066053553
-0.00013256114
0.048218004
-0.048291128
0.030282866
-0.030415439
-1.7276474e-05
0.052118149
-0.052153521
-4.4239331e-06
0.035896806
-0.035909662
0.02278836
-0.022792791
-2.6919847e-05
-0.052250407
0.052218828
-5.1631609e-06
-0.035966502
0.035944739
-0.02280876
0.022803593
-1.0233157e-05
0.052094663
3.3063776e-06
0.035883256
0.02279166
1.4135633e-05
0.052034504
-0.052057205
9.7248421e-06
0.035874992
-0.035870596
0.022807663
-0.022797951
0.0015079326
0.046618787
0.00059925497
0.035325091
0.026886953
-0.00046348703
0.090649783
-0.091294499
-0.00042611018
0.076554709
-0.076592238
0.050097481
-0.050523683
0.0001405484
0.064436894
-0.064388799
9.4416662e-05
0.048837215
-0.048791268
0.033606533
-0.033512177
-9.326615e-05
-0.071216331
0.071125146
1.7429002e-05
-0.047132548
0.047021816
-0.020465625
0.020483026
-2.3631721e-05
0.067252262
-0.067355758
5.5812769e-05
0.043451581
-0.043530991
0.021804455
-0.021748617
-3.6312284e-05
-0.067685419
0.067580127
5.2428617e-05
-0.043780301
0.043691597
-0.021582136
0.02163459
-3.9952554e-06
0.067151246
6.8311687e-05
0.043379291
0.021872771
3.3914148e-06
0.066845214
-0.066948054
7.3550113e-05
0.043177681
-0.043247815
0.022084204
-0.022010634
-5.3586162e-05
0.05567505
-0.055773131
-9.2082318e-06
0.037361456
-0.037405828
0.02321731
-0.023226513
-6.9694098e-05
-0.056050447
0.055955637
-1.2361436e-05
-0.03756232
0.037504994
-0.023259978
0.023247614
-6.2372077e-05
0.055583895
-1.4429635e-05
0.037313518
0.02320288
-4.5994106e-05
0.05529343
-0.055402902
-8.4075169e-06
0.037188772
-0.037226359
0.02317525
-0.023183655
-0.000203856
0.052687781
-0.052861985
-8.0319129e-05
0.035809219
-0.035932762
0.022754579
-0.022834901
-9.9524432e-05
0.049475948
-3.709008e-05
0.033615699
0.021406982
-7.689813e-05
0.049236728
-0.049315218
-2.8125676e-05
0.033452245
-0.03350103
0.021314288
-0.021342419
-0.00050535447
0.085983782
-0.086156577
-0.00031904963
0.071520808
-0.071707259
0.041533272
-0.041852376
-0.00032026454
0.078910593
-0.00016402523
0.058234988
0.026678554
-0.00021420844
0.078662956
-0.078760211
-9.3533589e-05
0.05783671
-0.057957314
0.026320124
-0.0264136
0.00061389807
0.057213675
-0.056907692
0.0002668032
0.043933375
-0.04358633
0.032610289
-0.032343522
0.00027965476
0.057510408
0.00010192507
0.044111001
0.032712174
-0.00032104738
0.077192485
-0.077291209
-0.00014415502
0.055126689
-0.055303505
0.023921052
-0.024065164
-0.00042791419
0.077477119
-0.00023195152
0.055649573
0.024433978
-0.00011277223
-0.065968032
0.065959646
-6.8310981e-05
-0.047943075
0.047898572
-0.029844198
0.02977586
-2.3576246e-05
-0.065967695
-2.8113117e-05
-0.047855145
-0.029684613
-6.3939841e-05
-0.0532036
0.053145861
-1.9262673e-05
-0.036560393
0.036515708
-0.023080866
0.023061593
-5.4142962e-05
-0.053048039
-1.8601596e-05
-0.036442786
-0.023024833
-4.0295095e-05
0.052405928
-0.052464982
-1.1223282e-05
0.036059177
-0.036088251
0.022849143
-0.022860367
-3.4845034e-05
0.052548998
-9.8086996e-06
0.036140537
0.022883688
0.00012249894
-0.052038644
0.05204968
7.3529304e-05
-0.03594201
0.03599097
-0.022920339
0.022993886
-0.00033776637
0.051710796
-0.051932719
-0.00016463914
0.035701421
-0.035874526
0.022807191
-0.022971822
0.0011616253
0.091068114
-0.09136814
0.001020175
0.074664142
-0.074526681
0.05562325
-0.054605563
7.8650547e-06
-0.062169141
-7.276903e-05
-0.047496035
-0.033847886
0.00027129865
-0.061699964
0.061899901
0.0001333622
-0.047182974
0.04732073
-0.033727247
0.03386038
0.00014287004
-0.064683904
6.6184354e-05
-0.048820838
-0.033046601
-0.00025269431
0.072019944
-8.0844407e-05
0.048065052
0.020667054
-8.9802957e-05
0.068172154
-0.068303875
3.0287542e-05
0.044173887
-0.04429396
0.02141323
-0.021382924
0.00025529352
-0.066078752
0.065974199
0.0002277993
-0.042903184
0.04293071
-0.023203218
0.023431022
0.0001208222
-0.066217616
0.066175127
0.00011856734
-0.04286941
0.042871598
-0.022802225
0.022920801
6.5145851e-05
-0.066499167
0.066418318
9.3515328e-05
-0.042972504
0.042944159
-0.022415351
0.022508909
7.8767422e-05
-0.066278576
9.9791346e-05
-0.042890404
-0.022702416
-2.3409285e-05
-0.061608976
0.06149467
2.5147575e-05
-0.040125028
0.040076501
-0.023269471
0.023294639
-3.0716696e-05
-0.061725556
2.2120375e-05
-0.040177843
-0.02324734
-0.00021015629
-0.04554074
0.045381536
-8.9091639e-05
-0.030929026
0.030808032
-0.019704961
0.019615905
-0.00022501181
-0.045719264
-9.1111936e-05
-0.031062908
-0.019796067
-0.00015245724
-0.085631738
0.085539671
-5.6262015e-06
-0.070912916
0.070765736
-0.040709364
0.040703294
-0.00039145295
-0.085397059
-0.00024907953
-0.070418169
-0.040236057
-0.00047993
-0.078437158
0.078332982
-0.00025041828
-0.057503704
0.05727428
-0.026171985
0.02592163
-0.00033454914
-0.078174539
-0.00016842107
-0.056900378
-0.025500806
-0.00024509378
0.07712621
-0.00013036685
0.055011995
0.023790705
-0.00013996342
-0.065973153
-9.0293068e-05
-0.048375781
-0.030614151
-0.00012330004
-0.065983556
-7.5405064e-05
-0.047991003
-0.029919614
-0.00023905043
0.06603628
-0.00014515529
0.048124098
0.030137704
-7.4121875e-05
-0.053261922
-2.6443502e-05
-0.03660809
-0.023107312
-2.7656878e-05
0.052379444
-8.5457267e-06
0.036040062
0.022840596
-3.2471389e-05
-0.052297055
-1.0754577e-05
-0.035988223
-0.022819516
6.607873e-05
-0.052036545
4.092451e-05
-0.035916845
-0.022879421
1.710714e-05
0.052030192
1.6189946e-05
0.035875888
0.022823845
0.00057398538
0.054816235
-0.054485675
0.00029406366
0.041923277
-0.041643539
0.031342757
-0.031048797
0.0013030455
0.049520033
-0.048423475
0.00051659451
0.03770058
-0.036914258
0.028481692
-0.027965165
-0.0005888659
0.0907944
-0.0011752127
0.075249943
0.054447829
-0.0004572526
0.090351755
-0.00025949927
0.076356843
0.049837921
-1.9426797e-05
0.061109926
-0.060948121
-0.0001055894
0.04672662
-0.046640556
0.033654058
-0.03375979
4.054168e-06
-0.061543083
-9.1699896e-05
-0.047087273
-0.033818996
0.00024266965
0.061221391
0.00011735841
0.046851766
0.033771301
-0.00026624142
0.064433174
-0.00019712282
0.048768013
0.033409378
-0.00010781539
-0.071338233
4.9202604e-06
-0.047245316
-0.020460752
-6.4713428e-05
0.068047632
3.9941887e-05
0.044069246
0.021453179
-4.7295077e-05
-0.067806585
4.4025972e-05
-0.043871601
-0.0215381
3.7002089e-05
-0.066574144
8.3764556e-05
-0.043019218
-0.022331562
2.1468277e-05
0.066751636
8.4377367e-05
0.04311481
0.022168602
-7.009868e-06
0.060717842
-0.060813673
3.115621e-05
0.039763694
-0.039801832
0.023474096
-0.023442923
-5.1362448e-06
0.060623499
2.8379748e-05
0.039730199
0.023502484
2.8174789e-05
-0.060054393
0.059977383
4.0884487e-05
-0.039601692
0.039589017
-0.023753476
0.023794373
3.990743e-05
-0.060132401
4.2151253e-05
-0.039603919
-0.023711319
-7.5195248e-05
-0.056174137
-1.5047495e-05
-0.037622477
-0.023275029
-8.3249753e-05
0.055163027
-1.9127642e-05
0.037124658
0.023156126
-0.00016813072
0.051628172
-0.051811895
-6.6717119e-05
0.03510677
-0.035208191
0.022286273
-0.022352992
-0.00016336702
0.05254805
-6.2604398e-05
0.035708452
0.022691973
-0.00010520678
-0.048381709
0.048249386
-3.7728104e-05
-0.032889186
0.032821729
-0.02099179
0.020954065
-6.401914e-05
-0.048588668
0.048519401
-2.1958751e-05
-0.03302108
0.032979008
-0.021070477
0.021048514
-7.7542561e-05
-0.048882956
0.048807605
-2.5961449e-05
-0.033224796
0.033173194
-0.02118636
0.02116039
-9.5198825e-05
-0.048665928
-3.3797422e-05
-0.033082491
-0.02110428
-8.5263877e-05
0.049163766
-3.2613344e-05
0.033399592
0.021281674
-9.8915314e-05
-0.04898129
-3.4894873e-05
-0.033288825
-0.021221256
-0.00038479004
-0.085715883
-0.00027057557
-0.071027287
-0.040979966
-0.00022620248
0.085855228
-0.00010834567
0.071402918
0.041424908
-0.00017889081
-0.078523455
-8.0571355e-05
-0.057601978
-0.026252503
-0.00014114107
0.07861416
-5.9718631e-05
0.057755334
0.026260498
-0.00030341295
-0.064974679
-0.00022338987
-0.049006029
-0.033263457
0.00010757917
-0.072745727
0.00011726222
-0.048902867
-0.020781432
-0.00039797838
0.072406
-0.00017495563
0.048601934
0.020982578
-1.5982008e-05
-0.064065414
0.064117709
-4.6446465e-05
-0.048663466
0.048693905
-0.033650884
0.033604359
0.00012259286
-0.063972522
5.4625905e-05
-0.04859563
-0.033596421
-0.00011396298
0.051075518
-0.051175736
-4.4921697e-05
0.034695769
-0.03476482
0.0220428
-0.022087729
-0.00010098238
0.050980217
-3.9580658e-05
0.03463435
0.022003212
-0.00028098505
-0.07399071
-9.8890964e-05
-0.050486468
-0.020914539
-0.00014625858
-0.091901682
0.090758634
-0.00041977864
-0.076582154
0.076854678
-0.052123298
0.051703325
-0.00038283936
-0.092170657
-2.8923697e-05
-0.07693688
-0.052152443
-0.00089256539
-0.093037592
0.091619655
-0.00019836494
-0.077308351
0.076613286
-0.051334257
0.051135756
8.4711681e-05
-0.00036906796
-8.0605991e-05
0.064192143
-8.8107576e-05
0.04870135
0.033516244
-3.0004613e-05
0.064218736
-5.8467538e-05
0.04872979
0.033457742
-5.2482627e-05
-0.070930189
0.07085208
4.0199376e-05
-0.046821805
0.046729107
-0.0205455
0.020585682
-5.4978235e-05
-0.071043631
3.9319183e-05
-0.046916116
-0.020506191
-2.6981683e-05
0.070774793
5.4951949e-05
0.046647153
0.020640623
-2.4814643e-05
0.070697145
5.5853828e-05
0.046566464
0.020696465
-3.7642526e-05
0.054272817
-0.05435552
6.4605087e-07
0.036689799
-0.036728096
0.023088307
-0.023087668
-0.00011502367
-0.051282464
-4.3855818e-05
-0.034835986
-0.022131582
-0.00012695675
-0.051384306
-4.5721794e-05
-0.034917216
-0.022177302
0.00035881149
0.056653282
4.6318657e-05
0.043409638
0.032215982
-0.00017634886
0.044625142
-7.8147745e-05
0.030263765
0.019209044
-0.00017518881
-0.043818126
0.043678556
-7.6836686e-05
-0.02967209
0.029573714
-0.018795218
0.018718388
-0.00018967468
-0.043967384
-7.8022662e-05
-0.029783728
-0.018873233
-2.4715962e-05
-0.065671763
0.065725861
-3.7032712e-05
-0.048730577
0.048742817
-0.031586073
0.031548988
5.7755582e-05
-0.063704441
0.06370463
4.9489799e-05
-0.043588211
0.043596313
-0.025785718
0.025835177
2.2659263e-05
-0.063713493
2.0963142e-05
-0.043586642
-0.025764769
-4.972478e-05
0.063788583
-0.063822461
-1.1058345e-05
0.04368596
-0.043724731
0.025744928
-0.025756016
-3.5667552e-05
0.063767642
-7.5342202e-06
0.043657832
0.025737405
6.2785657e-05
0.063718682
4.1973012e-05
0.043617132
0.025877165
0.00014017265
0.063709648
0.00010994512
0.043647396
0.025987124
-0.00016393746
-0.063330534
0.063236191
-6.9181217e-05
-0.043177759
0.043082978
-0.025610837
0.025541642
-0.00017993699
-0.063423588
-8.0775054e-05
-0.043276925
-0.025691612
-6.6353531e-06
-0.061951317
0.061922872
1.101769e-05
-0.041952706
0.041935052
-0.025084109
0.025095124
-6.3149245e-06
-0.061978177
8.8221618e-06
-0.041967847
-0.025075289
-3.9458496e-05
0.062165712
-0.062208314
-5.1642131e-06
0.042109285
-0.042143592
0.025071481
-0.025076635
-3.8969523e-05
0.062122267
-5.3172668e-06
0.042075635
0.025066167
8.2391301e-06
0.061901531
1.7150523e-05
0.041926134
0.025112269
8.9566808e-06
0.061886296
1.8088072e-05
0.041916969
0.02513035
0.00013472967
-0.061867755
0.061865991
9.0559177e-05
-0.041993094
0.042037261
-0.025337298
0.025427845
9.6417386e-05
-0.061856726
6.2496675e-05
-0.041959198
-0.025274813
-5.3366929e-05
-0.060006535
0.059943096
-1.4661225e-05
-0.040572897
0.040534176
-0.024649407
0.024634731
-4.8676865e-05
-0.06006911
-1.0507549e-05
-0.040611083
-0.024659922
-7.2631322e-05
0.060411724
-0.060481438
-2.0191959e-05
0.040838091
-0.040890558
0.024746615
-0.024766814
-7.1641716e-05
0.060338317
-2.1681941e-05
0.040788121
0.024724929
-4.1885068e-05
0.059881694
-7.0522241e-06
0.040499329
0.024627675
-4.9562532e-05
0.059824195
-9.8080273e-06
0.040459567
0.024617864
-4.0933535e-05
-0.059546354
0.059477172
-6.4791611e-06
-0.040307372
0.040272903
-0.024591836
0.024585348
-3.0824873e-05
-0.059605666
-2.2646391e-06
-0.040335942
-0.024594105
-0.0009377342
0.012858399
-0.022607844
-0.01616377
0.0092555577
-0.010194158
3.2488332e-05
0.064612611
-1.2461979e-05
0.04877256
0.033046813
-0.00019718968
-0.071883995
-5.0889289e-05
-0.047901804
-0.020598279
0.00017957892
0.070279484
-0.070339996
0.00017520823
0.04629471
-0.046290265
0.021472414
-0.021297174
0.00021778912
0.070225319
0.00022653631
0.046286029
0.021698982
-1.5594319e-05
-0.061383338
2.5076253e-05
-0.040025316
-0.023317352
-4.3086531e-05
0.06184568
1.7919951e-05
0.040232606
0.023224199
-2.1399726e-05
0.060928694
2.7580836e-05
0.039848875
0.023419662
-0.00020382725
-0.045218176
-8.6315355e-05
-0.030696189
-0.019533745
0.0037576582
-0.022107917
0.0015501503
-0.018169145
-0.015121086
-0.00018816484
0.043536813
-7.6197777e-05
0.029461757
0.018642176
-0.00018142491
0.043386796
-8.0774291e-05
0.02936106
0.018561391
-0.00020401446
-0.065350676
0.065388227
-0.00014400142
-0.048953702
0.048893683
-0.032564066
0.032420063
-0.00012370625
-0.064247093
0.064182341
-5.2066241e-05
-0.044221251
0.044149449
-0.02604816
0.025996004
-0.0001421839
-0.064314271
-6.1307969e-05
-0.044302248
-0.026109526
-0.00011353237
0.064124933
-4.6028492e-05
0.044081865
0.025949931
-0.00010329825
0.064069909
-4.0819946e-05
0.044019298
0.025909074
-5.2434097e-05
-0.063851539
-1.5179552e-05
-0.043762039
-0.025771235
-6.5271517e-05
-0.063890498
-1.9562496e-05
-0.043807832
-0.025790835
-8.8673056e-05
-0.062701656
0.062636286
-2.9283248e-05
-0.042575142
0.042515706
-0.02524127
0.025211946
-8.9681883e-05
-0.062766457
-2.9562888e-05
-0.042635299
-0.02527085
-0.00014308377
0.06314977
-5.7653448e-05
0.042997522
0.025483973
-0.00013476672
0.063064379
-5.2707478e-05
0.042915427
0.025431248
-7.8527179e-05
0.062576764
-2.4145181e-05
0.042461266
0.025187788
-7.7669837e-05
0.062516758
-2.3954901e-05
0.042407523
0.025163825
-4.850106e-05
-0.062256581
-9.6223574e-06
-0.042182441
-0.025086264
-4.8590323e-05
-0.062303438
-9.113323e-06
-0.042221936
-0.025095387
-0.00013934338
-0.061273453
0.061168047
-5.5068523e-05
-0.041481491
0.041397196
-0.025096512
0.025041427
-0.00014969502
-0.061376427
-5.9939051e-05
-0.041571271
-0.025156462
0.00019373764
0.061870382
0.00016163731
0.042069353
0.02558947
-3.8387431e-05
0.061829928
-5.0671391e-06
0.042036019
0.025584395
-0.00012084693
0.061072213
-4.5807352e-05
0.041322143
0.024995613
-0.00011736874
0.060976705
-4.3533793e-05
0.041248296
0.024952074
-8.0137158e-05
-0.060558946
-2.5467916e-05
-0.040945231
-0.024792284
-7.9087316e-05
-0.060637824
-2.5092501e-05
-0.040999231
-0.02481738
0.00046780938
-0.055152669
0.00021368424
-0.042250563
-0.031494895
0.00075977014
0.052726688
-0.052265221
0.000316944
0.04036302
-0.039920339
0.030258363
-0.0299415
0.0008007417
0.053262437
0.00032219278
0.040841479
0.030580514
0.019419326
-0.03749258
0.049130877
0.0088491125
-0.030495047
0.041064782
-0.02713547
0.035984211
-0.00018339698
-0.090221792
0.090920654
-0.00024311384
-0.07637251
0.076431891
-0.049464639
0.049221345
-0.00011357566
-0.064464535
-8.7457062e-05
-0.048724369
-0.03327026
-0.00013889461
0.071434198
-1.8088679e-05
0.047364484
0.020460775
0.00011066015
-0.070380773
0.00012849608
-0.046308129
-0.021168696
9.6622541e-05
-0.070443153
0.00012626232
-0.046337807
-0.021042454
-6.272864e-05
-0.062364965
1.527981e-05
-0.04050192
-0.023155071
4.0070145e-06
-0.060529721
2.9803596e-05
-0.03970395
-0.023535964
9.539344e-05
-0.059849803
0.059820552
8.3751814e-05
-0.039597983
0.039609649
-0.023902652
0.02398641
7.1901111e-05
-0.059888987
5.4316718e-05
-0.039580372
-0.02384833
2.6059635e-05
0.060209367
4.011966e-05
0.039619458
0.023673827
0.00012004168
0.059799093
7.6469138e-05
0.039653214
0.024062874
0.00018084207
0.059762284
0.00014891215
0.039685128
0.024211782
-0.00021386702
-0.059163979
0.058943449
-8.6112754e-05
-0.039281074
0.03915332
-0.023967167
0.023881055
-0.00014980405
0.051928631
-5.7265769e-05
0.035274416
0.022399155
-0.00013283581
-0.052417383
-5.4468064e-05
-0.035610251
-0.022624601
-0.00025685696
0.039247994
-0.00010475466
0.026248912
0.016350676
-0.00022609067
-9.9898232e-05
-0.00015193073
0.084997614
-7.7809886e-05
0.06947567
0.039047433
-9.0417251e-05
0.077670559
-1.2743164e-05
0.056060793
0.024790817
-4.2637916e-05
1.257588e-05
-4.1977883e-05
-0.052884504
-1.2573846e-05
-0.036343282
-0.022975029
-4.9793682e-05
-1.7009098e-05
-4.7956105e-05
0.052684357
-1.6926915e-05
0.036222465
0.022918142
-3.7739802e-05
-1.0307469e-05
-0.00028358778
0.051524409
-0.00013451989
0.035552357
0.022672672
-5.720851e-05
-0.062480279
-9.0887617e-05
-0.047782596
-0.033948482
0.00020362277
8.3377673e-05
-0.00033226671
-0.00012475282
-0.0002211647
-0.039988047
-9.2748332e-05
-0.026812498
-0.016753521
-0.00024807804
-0.00010334479
-0.00058092036
-0.085151717
-0.00032724397
-0.07005223
-0.039782288
-0.00020214326
-0.00010583708
-0.00020959503
-0.077921378
-9.7264542e-05
-0.056448244
-0.025058074
-0.00025930983
-0.00012186973
0.0016882854
-0.042727777
0.00067573176
-0.032423192
-0.024951415
0.0020544415
-0.041146731
0.00084083648
-0.031209015
-0.024110527
-1.6930574e-05
0.06393167
-0.063872851
-7.5330962e-05
0.048577913
-0.048519866
0.03357982
-0.03365532
3.4496612e-05
1.660103e-05
-9.8721864e-05
-0.050880174
0.050778569
-4.0383058e-05
-0.034561391
0.034503033
-0.021963177
0.021922786
-0.00011298538
-4.0034606e-05
-0.00013675222
-0.04975143
-4.9999503e-05
-0.033837444
-0.021532387
-6.2212266e-05
-0.065956257
-4.1842975e-05
-0.048259165
-0.030393471
-8.3831014e-05
-5.9872897e-05
6.3538874e-05
0.066038448
2.3608153e-05
0.048290631
0.030336718
7.923253e-05
7.8721387e-05
-1.9448758e-05
-0.052179184
-3.6887132e-06
-0.035925425
-0.022796481
-2.6424474e-05
-7.1119827e-06
-7.3935154e-06
0.052068483
7.4062319e-07
0.035875109
0.022792397
1.0504702e-06
5.5533712e-06
0.021492684
0.012812125
-0.001906357
0.011033753
0.011942866
-0.0014853623
0.011141877
-0.00010863445
0.0068208054
0.012984648
-0.0066032233
0.0028299817
0.0099781919
-0.0059869082
0.0085082971
-0.0056781788
-0.00023216544
-0.093291018
-0.0006544681
-0.076515604
-0.052807095
0.00015566683
-0.091273899
-0.00032208242
-0.076038729
-0.053129302
-0.00063304066
-0.00061207291
0.00011596686
5.4434256e-05
-8.2522045e-05
2.3165416e-05
1.186059e-05
-0.070624769
0.070561582
7.6415382e-05
-0.046499038
0.046434443
-0.020771852
0.020848237
7.9729564e-06
7.5386993e-05
-1.4396086e-05
-0.067462847
6.2979117e-05
-0.043608335
-0.021685624
-3.2244962e-05
5.1034196e-05
-5.6077522e-06
0.067048579
6.2682036e-05
0.043311011
0.021935459
1.1972673e-05
7.5175147e-05
-6.125279e-05
-0.055865035
-1.2001386e-05
-0.037455077
-0.023238513
-5.9019693e-05
-9.100578e-06
-4.1122691e-05
0.055496184
-5.1743725e-06
0.03727757
0.023197706
-6.5260551e-05
-1.4050369e-05
-0.00016416199
0.051483625
-5.6007862e-05
0.03499862
0.022230267
-0.00013437171
-5.2965085e-05
-8.749291e-05
0.049389341
-3.2408452e-05
0.033560604
0.02137457
-9.1719557e-05
-3.2150453e-05
-0.00017908815
0.08632557
-0.086598444
-9.8378895e-05
0.072068896
-0.072149697
0.042241211
-0.042339701
-0.00075041939
-0.00038883495
-0.00029685706
0.078793759
-0.00014356366
0.058081757
0.026535023
-0.00024590356
-0.00012142365
0.00030421982
0.00012753949
-0.00022426125
0.04444398
-9.3569229e-05
0.030133062
0.01911548
-0.00020878271
0.044265891
-8.3599481e-05
0.030007894
0.019031889
-0.00020011154
0.044117814
-8.2209397e-05
0.029890013
0.018949687
-0.00018274922
-7.6454215e-05
-0.00046153479
-0.087935608
0.088318816
-0.00035458543
-0.07437481
0.074267787
-0.045491168
0.045136471
-0.0003349457
-0.077340339
-0.00016876304
-0.055469651
-0.024233907
-0.00038001543
-0.00020007105
-7.629036e-05
0.06595313
-5.2566083e-05
0.047874822
0.029723282
-5.8332241e-05
-3.8669381e-05
-8.8242435e-06
0.063712235
-0.063731217
8.5112431e-06
0.043592054
-0.043609416
0.025747931
-0.025739429
1.1440756e-05
1.6837343e-05
-1.592261e-05
-0.063740625
2.2275544e-06
-0.043627555
-0.025737189
-3.0509779e-05
-2.1632714e-07
-0.00032225891
-0.063710225
0.063621147
-0.00017279959
-0.043664483
0.043515055
-0.026077847
0.025905063
0.00010779631
9.0722323e-05
-0.00024006293
0.063524272
-0.00011443166
0.043389427
0.025790631
-0.00021152091
-9.9018942e-05
-1.8830386e-05
0.062012472
-0.062045116
4.1826302e-06
0.041994044
-0.042017066
0.025070257
-0.025066076
-2.1161536e-05
5.0321388e-06
-2.9435035e-05
-0.062084433
-2.4532299e-07
-0.042046254
-0.025066318
-2.9233668e-05
1.5121262e-07
3.3595621e-05
-0.061868051
0.061859607
3.0159823e-05
-0.04191933
0.04192272
-0.025156111
0.02518625
2.8146374e-05
2.576033e-05
4.8757872e-05
0.061857245
3.7959457e-05
0.041933488
0.025224198
7.6339692e-05
5.0615353e-05
-5.5373896e-05
0.060135084
-0.060200376
-1.3620018e-05
0.040654344
-0.040696123
0.024675648
-0.02468928
-5.8978117e-05
-1.5726754e-05
-6.5171927e-05
-0.060270004
-1.862116e-05
-0.040742683
-0.024707906
-6.2456082e-05
-1.7023191e-05
-4.4965424e-05
-0.05976679
0.059714657
-6.7986253e-06
-0.040431605
0.040393429
-0.024611417
0.024604613
-3.4404375e-05
-6.446401e-06
-2.9517314e-05
0.059663078
-3.3268619e-06
0.040367231
0.024601282
-3.846147e-05
-7.1771325e-06
-5.8097072e-05
0.053100551
-1.9708459e-05
0.036477309
0.02304188
-5.1565561e-05
-1.704759e-05
-3.0835639e-05
-0.052496507
-8.7645486e-06
-0.036110321
-0.022869131
-4.4771789e-05
-1.455638e-05
0.00012883508
0.052040732
0.00013092146
0.035988906
0.023124822
-0.00026738783
-0.00015299986
0.00081233846
0.088467423
-0.088267954
-0.000118022
0.072581243
-0.071651857
0.055555276
-0.055674324
0.00025290485
0.062036679
0.00011104055
0.047462434
0.033971298
-8.9690767e-05
-0.00012341227
4.8128879e-05
-2.122078e-07
-0.00023202099
-6.8774993e-05
-0.00026365687
0.070077071
-7.9139309e-05
0.046101534
0.021619853
0.00018366995
-0.066116738
0.00015378122
-0.042873297
-0.02304944
0.00013034191
0.00012863943
5.1270008e-05
0.06634656
8.6997584e-05
0.042908474
0.022595924
8.8401694e-05
0.00010649208
-2.8486298e-05
2.2712954e-05
-3.1633488e-05
2.3141442e-05
-0.00019403668
-8.2159562e-05
-0.00024844496
0.085487704
-0.00014732521
0.070664493
0.040555909
-0.00056610015
-0.00031985241
-0.00044478814
0.078253793
-0.00024062639
0.057070185
0.025681037
-0.00035007506
-0.00018023058
-0.00016059754
-0.063820518
-9.9922148e-05
-0.048580899
-0.033755268
0.00011979991
-0.063733834
1.7281681e-05
-0.048478433
-0.033738093
0.00015723745
-0.0635772
8.6048761e-05
-0.048407456
-0.033652145
-0.00011853408
0.050657397
-4.2549299e-05
0.034427046
0.021880236
-0.00020893603
0.04321059
-8.4623865e-05
0.029236727
0.018476763
-0.00022708639
0.065984015
-0.066041055
-0.00013452964
0.048440488
-0.048533091
0.030725013
-0.030859571
-0.00017555355
-0.00011086159
-0.00016406076
-0.06599573
-0.00010143257
-0.048053652
-0.030021054
-0.00018708786
-0.00011665033
-0.0001674619
-0.064395082
-7.538788e-05
-0.044394457
-0.026184968
-0.00017582005
-0.06445815
-8.4858622e-05
-0.044485541
-0.02626989
-8.5313011e-05
-0.064021738
0.063972704
-3.0994331e-05
-0.043957528
0.043903122
-0.025873279
0.025842209
-9.7519854e-05
-3.5794986e-05
-7.8355593e-05
0.063927743
-2.8376322e-05
0.04385306
0.025813795
-6.8140933e-05
-2.2959194e-05
-0.00010304064
0.062835007
-0.062908549
-3.6343048e-05
0.042701328
-0.042768076
0.025307274
-0.025343652
-0.00010243211
-3.6424152e-05
-0.00011504198
-0.062986344
-4.2404649e-05
-0.042840753
-0.025386074
-0.00011982843
-4.5174805e-05
-6.764745e-05
-0.062462024
0.062406072
-1.9048334e-05
-0.042358525
0.042309922
-0.02514478
0.025125711
-6.8033211e-05
-1.9045333e-05
-5.8215337e-05
0.062355263
-1.4219028e-05
0.042265899
0.025111482
-6.0046139e-05
-1.6095313e-05
-0.00019227224
0.061493136
-0.061605795
-8.8243299e-05
0.04166738
-0.041771452
0.025232918
-0.025321186
-0.00017255172
-7.6456084e-05
-0.00023619128
-0.061726002
-0.00010988336
-0.041897786
-0.025431078
-0.00029153763
-0.00015331634
-0.00010152246
-0.060889338
0.060800796
-3.5776476e-05
-0.041182359
0.041116593
-0.024915233
0.024879446
-0.00010276967
-3.6840453e-05
-8.9565378e-05
0.060719632
-3.0081704e-05
0.041057099
0.02484936
-8.9843915e-05
-3.1980682e-05
-2.3532359e-05
0.055818466
-0.05584282
1.7091835e-06
0.038277708
-0.038303024
0.024060333
-0.024058685
-3.9176406e-05
0.052332946
-1.2043353e-05
0.036012926
0.022828551
-3.3737023e-05
-9.0355867e-06
6.092218e-05
-0.052026352
3.5193586e-05
-0.035891133
-0.022844235
3.5646315e-05
2.0390545e-05
0.00047945701
0.00015213794
0.00069610586
-0.053731881
0.00025452534
-0.041202056
-0.030794313
0.00057444139
0.00021379888
0.018087028
-0.024114229
0.0086350815
-0.021044455
-0.018500687
0.01646167
0.0073588094
0.0067518173
0.016803359
0.0029908023
0.013739487
0.011499147
0.00060624909
0.092957645
-0.00020680105
0.076062452
0.054240877
-0.00035753272
-0.00037328199
0.00035956377
0.060854612
-0.060402182
0.00014440963
0.046544849
-0.046329826
0.033765967
-0.033621707
8.9616402e-05
-6.176668e-06
3.7782631e-05
-0.061378904
-5.728067e-05
-0.046992316
-0.033876361
0.00024568903
0.00010506032
-0.00018273178
-0.0001391186
-0.00011912992
-2.3096173e-08
4.7025973e-05
0.070494801
9.7733338e-05
0.046383696
0.02094595
5.0638285e-05
9.6504901e-05
-6.349928e-05
0.067922459
3.6641772e-05
0.043969123
0.021489831
-4.9264571e-05
4.8268785e-05
4.2839668e-05
-0.066658081
8.7697544e-05
-0.043064028
-0.022243844
2.443503e-05
7.5242148e-05
-0.00011273752
0.063851041
-0.064019567
-4.6377829e-07
0.041321397
-0.041433658
0.0230495
-0.023049947
7.2200378e-06
3.3479043e-05
4.5294825e-05
5.3956604e-05
2.1945241e-05
3.7491684e-05
-0.00031369395
-0.05971159
0.059540347
-0.00016603822
-0.039696183
0.039548512
-0.024325123
0.024159073
0.00012440236
0.00011334169
-0.00025208444
0.059359547
-0.00010367754
0.039400096
0.024055393
-0.00020724424
-8.822599e-05
-0.0001123843
-4.6163336e-05
-0.00016557033
-6.7371314e-05
-5.3796516e-05
-0.048450605
-2.3963336e-05
-0.032919013
-0.021015754
-9.27539e-05
-3.2760171e-05
-8.6468953e-05
0.048736588
-3.3504512e-05
0.033120218
0.02112688
-6.0321296e-05
-2.2600924e-05
-9.3626963e-05
-0.049083125
-3.1767211e-05
-0.033350688
-0.021253025
-7.7551484e-05
-2.8649171e-05
-0.00061316831
-0.085774987
-0.00033869295
-0.071301811
-0.041318678
-0.00020731499
-0.00010622952
-1.7194873e-05
-0.07858745
4.2617305e-05
-0.057661698
-0.026209765
-0.00014450119
-5.0732866e-05
-0.00013934396
0.06500423
-0.00010749525
0.048839115
0.032788285
-0.000378009
-0.088794704
0.088398877
-0.0002393925
-0.074934939
0.07479635
-0.046503595
0.046264236
-7.0359864e-05
-0.075097262
0.075043726
1.6761409e-05
-0.052011763
0.051924744
-0.021429667
0.021446659
-0.00018063475
0.04738978
-0.047535046
-7.7719012e-05
0.032411888
-0.032514797
0.020375846
-0.020453562
-0.00015690298
0.047277833
-6.3493968e-05
0.032318484
0.020312354
-0.00046455782
-0.089030136
-0.00027010454
-0.075129234
-0.046773682
-0.00012293661
-0.075150075
-3.3429138e-05
-0.052101104
-0.021462974
-0.00024613091
0.053386985
-0.053549942
-0.00011838636
0.03628146
-0.036409221
0.023130209
-0.023248604
-0.0012792222
0.034774047
-0.036004166
-0.00049520771
0.023083709
-0.023867878
0.014183417
-0.014678749
4.0005939e-05
0.065541387
-0.065488817
1.3278988e-05
0.048894793
-0.048868094
0.032103449
-0.032090191
0.00011561535
0.065608947
5.7156801e-05
0.048953228
0.032160599
-0.0014279555
0.043367196
-0.044615383
-0.00053342575
0.029404308
-0.030298808
0.018320049
-0.018853468
-0.00021771434
0.073638899
-7.8195278e-05
0.050011324
0.020648303
-0.0002299073
0.053224898
-0.00010864399
0.036160197
0.023021565
-2.7823988e-05
0.054219261
3.889854e-06
0.036658087
0.023092202
0.00039021536
0.058436166
-0.05813047
0.0001642326
0.044790082
-0.044564196
0.033148417
-0.032984308
5.9748599e-05
0.06531799
-0.065293159
3.6175847e-05
0.049035475
-0.049011819
0.032782963
-0.032746789
-9.6180112e-06
0.074736916
-0.074814719
4.9266259e-05
0.05167033
-0.051729162
0.021959211
-0.021909944
-0.00016070008
-0.048400566
0.048276352
-6.3681075e-05
-0.033175361
0.033078344
-0.020916371
0.020852691
-0.00023200216
0.046228266
-0.046405966
-0.00010057405
0.031518416
-0.031649848
0.019723683
-0.019824247
-0.0031752155
0.040355946
-0.0012057766
0.027434897
0.017114294
-0.00054093559
-0.090820853
0.090036128
-0.00039783299
-0.07608616
0.075942458
-0.04898458
0.048586562
-6.988997e-05
-0.073047447
0.072986549
2.845339e-05
-0.049280622
0.049182395
-0.020429726
0.020458219
-0.00023457305
-0.046250037
0.046087718
-0.00010218602
-0.031443345
0.031311011
-0.020096576
0.019994412
-0.0026587358
0.03203754
-0.0010011676
0.021425985
0.01318221
0.0033271506
0.03292358
0.0013764961
0.024987397
0.019827638
5.5609877e-05
0.058648865
-0.00010080651
0.044946392
0.033047441
-0.00030067556
-0.00021889778
-1.5094898e-05
0.047316765
-0.047360806
4.1745614e-06
0.032223003
-0.032242138
0.020663119
-0.02065883
-0.0005061312
0.074646993
-0.00024654741
0.051410754
0.021712674
-5.2869548e-05
-0.065661384
-4.7283981e-05
-0.048736277
-0.031633369
-0.00017200128
-0.048522828
-7.1013148e-05
-0.033276345
-0.020987383
-0.00020171984
0.046078708
-8.4446462e-05
0.031401165
0.019639247
-0.00058226033
-0.0002367657
-5.803319e-05
-0.073153884
5.1555514e-06
-0.049343764
-0.020424549
-8.772438e-05
0.063231949
-0.063384882
4.4908333e-06
0.04095339
-0.041045593
0.023075596
-0.023071094
-6.1196785e-05
0.063093646
1.293863e-05
0.040879263
0.023088537
-1.8912775e-06
0.053879593
-0.053942803
7.4010833e-06
0.036545284
-0.036554588
0.023134227
-0.023126833
2.364215e-06
-0.053800202
0.053736612
1.7383632e-05
-0.036527119
0.036512089
-0.023144057
0.023161438
-8.3315637e-06
9.8302884e-06
-0.00021766153
-0.046418151
-9.7655455e-05
-0.03156332
-0.020194216
8.5615924e-06
0.047269791
5.5622076e-06
0.03222608
0.020668697
-1.7744095e-05
0.063154661
-0.063052021
-7.3332607e-05
0.048139598
-0.048084129
0.033746499
-0.033819967
1.562402e-07
0.065077208
-0.065052233
-2.7597185e-05
0.048864947
-0.048837199
0.03263113
-0.032658751
-0.00042178442
-0.088063157
-0.00025094746
-0.074545855
-0.045742189
-0.00044616007
0.084755465
-0.084859965
-0.00025875966
0.069048057
-0.069235507
0.038452226
-0.038710954
5.2177624e-05
-0.082596784
0.082545769
7.6495485e-05
-0.06489417
0.064870459
-0.033647173
0.033724151
-0.0005622624
0.082313418
-0.082424284
-0.00031756196
0.064335053
-0.064579607
0.03304127
-0.033358673
1.6982085e-06
-0.080234708
0.080211966
2.936215e-05
-0.060666692
0.060639342
-0.029222772
0.02925249
-0.00041873627
0.079883172
-0.08001565
-0.0002555067
0.060055634
-0.060218736
0.028477187
-0.028732546
-4.7445885e-06
0.074923431
-0.074958502
4.9461554e-05
0.051780177
-0.051834365
0.02151747
-0.021467995
-0.00028087062
0.0660319
-0.066061726
-0.0001701182
0.047771517
-0.047882381
0.029548468
-0.029718616
-0.00021232408
0.0659938
-0.00012420276
0.047683378
0.029424217
-0.00011062518
0.065915878
-0.065933504
-6.9006557e-05
0.047514035
-0.047555847
0.029162239
-0.029231311
-0.00011187592
0.054883065
-0.054978504
-4.4228895e-05
0.037659916
-0.03772758
0.023760686
-0.023804922
-0.00012978492
-0.055276549
0.05517708
-5.6915741e-05
-0.037936234
0.037863357
-0.023962116
0.023905196
-0.0001014841
0.054794967
-4.1466524e-05
0.03759989
0.023719216
-8.9855298e-05
0.054545934
-0.054630913
-3.4964259e-05
0.037428966
-0.037483866
0.023605938
-0.023640907
-0.00015132594
-0.047900148
0.047785856
-6.0991495e-05
-0.032794826
0.032704488
-0.020649945
0.020588951
-0.00020626447
0.046847752
-0.047014413
-8.7901158e-05
0.031995659
-0.032114016
0.020074367
-0.020162262
2.6444648e-05
-0.072813342
0.072774489
7.6682959e-05
-0.048989786
0.048939552
-0.020596076
0.020672735
-0.00018494423
0.069264825
-0.069426476
-2.7099993e-05
0.045198052
-0.045355914
0.021314404
-0.021341491
-0.00026430418
-0.069914149
0.069743727
-7.3785318e-05
-0.045884934
0.045694433
-0.021512647
0.021438873
-0.00016076094
0.069127092
-1.5316295e-05
0.045052634
0.02129911
-0.00011175757
0.068706926
-0.06884521
1.3970568e-05
0.044652922
-0.044778618
0.021315078
-0.021301075
-0.0001149778
-0.082653134
-5.0633608e-05
-0.064958043
-0.03369752
-0.00029024422
-0.08282918
0.082757138
-0.00016448164
-0.065306357
0.065180831
-0.03409397
0.03392967
-3.5556861e-05
-0.080308287
3.1488935e-05
-0.060733053
-0.029190988
-0.00023177566
-0.080451534
0.080401391
-0.00011927649
-0.06101698
0.06090475
-0.029476979
0.029357861
0.00014001052
-0.053747268
0.05373824
0.00012282468
-0.036541531
0.036558671
-0.02324437
0.02336718
-8.1893293e-05
-0.050018926
0.049920336
-3.3208091e-05
-0.033973615
0.033924918
-0.021621444
0.021588228
-0.00054081371
0.083822438
-0.083925928
-0.0003291944
0.067291736
-0.067502842
0.036385669
-0.036714696
-0.00032851594
-0.084149418
0.084082451
-0.0001905081
-0.067881095
0.067742819
-0.037023264
0.03683254
-0.0003846104
0.081358656
-0.08149858
-0.00020835623
0.062662975
-0.062838807
0.031176411
-0.031384534
-0.00064607018
-0.081771195
0.081717835
-0.00039329573
-0.063506869
0.063254294
-0.032286091
0.031892941
-0.00033339847
-0.079369488
0.07926972
-0.00018628916
-0.059164716
0.059017631
-0.02773414
0.027547923
-0.00030361906
-0.074238342
0.074119335
-0.00012963979
-0.05081527
0.050641323
-0.021180105
0.021050497
-5.595738e-05
-0.065401051
0.065410441
-5.3050971e-05
-0.048825926
0.048822931
-0.032211995
0.032158929
-0.00022037858
0.065654546
-0.065669906
-0.000148671
0.048852558
-0.048924304
0.031931199
-0.032079892
-0.00010169281
0.065817009
-0.065832536
-6.0229565e-05
0.047083035
-0.047124405
0.028532512
-0.028592676
-0.00020371976
-0.065932359
0.065891487
-0.00011660594
-0.047335059
0.047248037
-0.028886398
0.028769868
-9.5689345e-05
0.065812062
-5.6486054e-05
0.047043874
0.028476047
-4.9457963e-06
0.065818569
-0.065817466
-5.3740742e-06
0.04700468
-0.047004032
0.028400298
-0.028405572
1.7074093e-05
0.055814651
1.3109836e-05
0.038281613
0.024073436
3.2042054e-05
0.055816611
2.6679464e-05
0.038286963
0.024100111
8.8119501e-05
0.055869512
-0.055848404
5.2367004e-05
0.03837424
-0.038338495
0.024230979
-0.024178622
-5.5652109e-05
0.053726693
-0.053786298
-1.9912729e-05
0.036886281
-0.036922021
0.023269749
-0.023289662
-7.1111761e-05
-0.053973618
0.053909343
-2.7498126e-05
-0.037046982
0.03700336
-0.023366253
0.023338752
-6.6806226e-05
0.053666928
-2.4865708e-05
0.036844342
0.023244883
-4.8173243e-05
0.053503386
-0.053554292
-1.9103621e-05
0.036740427
-0.0367695
0.023184895
-0.023203995
-0.00023384783
-0.045538819
0.045351001
-9.9793301e-05
-0.030983578
0.030849605
-0.019320533
0.01922077
-0.00016706821
0.073356243
-0.073447574
-3.0924132e-05
0.049646372
-0.049782458
0.020488224
-0.0205191
-8.4936349e-05
0.056973935
-0.057091135
-2.1060169e-05
0.0380355
-0.03809937
0.023398945
-0.023419995
-1.0067074e-05
0.054078182
-0.054125522
8.3734275e-06
0.036596407
-0.036614844
0.023105872
-0.023097499
-0.00038224386
0.083777271
-0.00020534566
0.067115265
0.03618048
-0.00032322596
0.083542574
-0.08359901
-0.00015209924
0.066699347
-0.06687038
0.035830797
-0.035982683
-0.00029124948
0.081277012
-0.00015059234
0.062522606
0.031025923
-0.00016461093
0.081115974
-0.08117467
-8.2256806e-05
0.062179862
-0.062262047
0.03071591
-0.030797641
-5.3666403e-05
0.063497067
-0.063424191
-7.701825e-05
0.048363236
-0.048339964
0.033724247
-0.033801321
4.8169524e-05
0.063208375
1.0428392e-05
0.048177163
0.033756803
2.1358285e-05
0.065161189
-1.0976102e-05
0.04889725
0.032620137
-0.00044720431
0.084416372
-0.084512444
-0.00024313247
0.068471461
-0.068675326
0.037710251
-0.037953347
-0.00020714642
0.084658486
-0.00012970918
0.068970907
0.038322655
-0.00027768421
0.081992601
-0.082061962
-0.00014311229
0.063727885
-0.063862239
0.032269865
-0.032412825
-0.00042033968
0.082219847
-0.00024595748
0.064160855
0.03279541
-0.00025736422
0.0795952
-0.079632817
-0.00013387643
0.059455792
-0.05957925
0.027863823
-0.027997658
-0.00036725872
0.079823894
-0.00017467642
0.059863163
0.028302563
6.8837876e-05
0.0748906
9.0893824e-05
0.051758107
0.021608359
-2.30724e-05
0.065919012
-0.06591725
-1.9095908e-05
0.047429432
-0.047433512
0.028997916
-0.029017036
-0.00010387569
0.065905699
-6.1602459e-05
0.047471757
0.029100638
-0.00012629178
0.065394058
-0.065428916
-6.5139804e-05
0.046228144
-0.04628924
0.027556277
-0.027621371
-0.00016185818
-0.065565934
0.065517418
-8.3238475e-05
-0.04650206
0.046423517
-0.027845663
0.027762473
-0.00026997769
-0.065805272
0.065741403
-0.00014545045
-0.04690919
0.046784703
-0.028330401
0.028184974
-0.00019360343
-0.065634966
-0.00010177914
-0.046593824
-0.027947422
-0.00019388211
-0.065669114
-0.00010685548
-0.046680805
-0.02805426
-0.0001072717
0.065361397
-5.7750089e-05
0.046178663
0.027498538
-8.6393195e-05
0.065288603
-0.065314638
-4.4785159e-05
0.046038161
-0.04607974
0.027355473
-0.027400223
-4.3949908e-05
0.065271998
-0.065266624
-2.260949e-05
0.04591783
-0.045939156
0.027238754
-0.027261294
-7.1890276e-05
0.065280341
-3.488176e-05
0.046001206
0.027320615
-5.5141039e-05
0.06463409
-0.064649536
-2.3199556e-05
0.044808682
-0.044840679
0.026364809
-0.026388033
-7.8866263e-05
-0.064729156
0.064700189
-3.3089285e-05
-0.044966937
0.044921088
-0.026475754
0.026442624
-0.00011708797
-0.064891891
0.064845547
-5.263622e-05
-0.045198559
0.045134031
-0.026658566
0.026605894
-9.2398235e-05
-0.064765026
-3.8517288e-05
-0.045020865
-0.026514293
-3.7851638e-05
0.064620487
-1.1596875e-05
0.044782412
0.026353198
-8.7807805e-06
0.06460915
-0.064608694
1.9686516e-06
0.044727344
-0.044738287
0.026344067
-0.026342193
0.00010763488
0.064648883
-0.064646536
7.0435311e-05
0.044797514
-0.044760479
0.026494179
-0.026423932
1.5648579e-05
0.064618337
1.269331e-05
0.044730106
0.026356732
-0.0001698702
0.058597215
-0.058717595
-7.9832363e-05
0.039867507
-0.039957585
0.024727932
-0.024807779
-0.00030967767
-0.059068124
0.058963626
-0.0001783112
-0.040311817
0.040180504
-0.025182799
0.0250045
9.1111306e-05
-0.059038245
0.059042595
6.0277344e-05
-0.04015678
0.040187621
-0.024805647
0.024865915
0.00018242627
-0.059073774
0.00013909361
-0.040268452
-0.025043701
-0.00014315641
0.058487252
-6.1316866e-05
0.039785651
0.024666608
-0.00011370163
0.058175091
-0.058273684
-4.3886112e-05
0.03956959
-0.039639417
0.024518952
-0.024562844
-8.7427137e-05
0.057819209
-0.057906592
-3.169949e-05
0.039334425
-0.039390156
0.024378518
-0.024410218
-0.0001013387
0.058083667
-3.8980618e-05
0.039507231
0.024479971
-2.850716e-05
0.056342903
-0.056389499
-4.6396319e-06
0.038470843
-0.038494708
0.024010134
-0.024014775
-3.1472712e-05
-0.056531286
0.056484498
-6.9351321e-06
-0.03856686
0.038542318
-0.02403367
0.024026732
-3.7537103e-05
-0.056740721
0.056689915
-8.8731545e-06
-0.038680541
0.03865187
-0.024070848
0.02406197
-3.8098916e-05
-0.056581841
-8.4187323e-06
-0.038596545
-0.024042091
-2.2544488e-05
0.056300708
-3.6147642e-06
0.038451908
0.024006516
-2.253776e-05
0.056176756
-0.056217109
-2.1792113e-06
0.038394155
-0.038414518
0.024000719
-0.024002904
-1.2166759e-05
0.05604476
-0.056072759
2.4510173e-06
0.038343981
-0.038358606
0.024013078
-0.024010633
-7.4459401e-06
0.056141462
3.6666993e-06
0.038383037
0.024004383
-0.00020750253
-0.055742043
0.055620978
-0.00010315023
-0.038300673
0.038196301
-0.024293444
0.024190284
-0.00014668401
-0.055390883
-6.494994e-05
-0.038017969
-0.024027066
-7.757159e-05
0.054245848
-0.054320937
-2.8803339e-05
0.037226358
-0.037275135
0.023476286
-0.023505096
-8.733672e-05
0.0544699
-3.4876143e-05
0.037376501
0.02357106
-0.00016905185
-0.048033207
-7.1993009e-05
-0.032891888
-0.020721939
-0.00018535195
0.046715371
-7.6184047e-05
0.031886503
0.019998189
0.0009963877
-0.00094971251
-0.00030594099
-0.089126054
-0.00025267654
-0.075627954
-0.0479233
1.0355795e-05
-0.072870967
6.2835739e-05
-0.049042288
-0.020533248
-0.0003238141
-0.0001072064
-0.00010441284
0.068577053
1.570592e-05
0.044532834
0.021330799
-0.00019723197
-0.04104843
0.040887197
-8.1629489e-05
-0.027616258
0.027500664
-0.017324696
0.017243059
-0.00026420602
-0.040561707
-0.00011011067
-0.027257355
-0.017062023
-0.00051579605
-0.083242896
0.083146214
-0.0003242442
-0.066137317
0.065946312
-0.035266623
0.034942605
-0.000450724
-0.082896493
-0.00025894224
-0.065497925
-0.034352794
-0.00044282869
-0.080812904
0.080720712
-0.00024904319
-0.061686475
0.061492806
-0.030271276
0.030022222
-0.00027894699
-0.080541568
-0.00014072692
-0.061155052
-0.029617643
0.00014080546
0.05953112
-0.059147532
-4.003478e-05
0.045572533
-0.045391922
0.033377855
-0.033418159
-2.7842748e-05
-7.2101857e-05
6.178151e-05
-0.05374086
4.4572807e-05
-0.036524326
-0.023199798
-0.00010819464
0.050367737
-0.050453911
-4.2070199e-05
0.034218453
-0.034284582
0.021765271
-0.021807342
-7.9787279e-05
0.050284451
-2.8888338e-05
0.034167549
0.021736379
-0.00011918754
-0.050109695
-4.4535102e-05
-0.034048277
-0.021665983
-2.7823525e-05
-0.047478204
0.047440625
-7.5710375e-06
-0.032306057
0.032285813
-0.020681967
0.020674406
-4.1856348e-05
-0.047520874
-1.4359516e-05
-0.032333557
-0.020696327
-0.00022042709
0.042439009
-0.042607253
-9.0923474e-05
0.028653072
-0.028782563
0.018066233
-0.018157161
-0.00018344627
-0.043054769
0.042899017
-7.4394132e-05
-0.029109356
0.029000304
-0.018390849
0.018316452
-0.00021327909
-8.5914482e-05
-0.00028220934
0.084375745
-0.00017539529
0.068364372
0.03753465
-0.0004775787
-0.084253212
-0.00029104631
-0.068067709
-0.037314358
-0.00015433107
0.081944467
-9.0643073e-05
0.063664262
0.032179366
3.5659487e-05
-0.081849653
6.86123e-05
-0.063539607
-0.032217414
-0.00018618817
0.07953447
-8.5629628e-05
0.059355207
0.027778241
-1.6759794e-05
-0.07943748
2.7019596e-05
-0.059208396
-0.027706927
-0.00034525652
-0.074369494
-0.00015786066
-0.05100264
-0.021337952
-0.0001124555
-0.065384924
-9.2479859e-05
-0.048845919
-0.032304479
-0.00018100476
0.065649973
-0.00012414458
0.048795669
0.031807042
3.1183518e-06
0.065942446
-4.7358444e-07
0.047433002
0.028997501
-0.00025068888
-0.065965934
-0.00015380172
-0.047431887
-0.029040182
-0.000355474
-0.065857465
-0.00021437679
-0.047050282
-0.02854478
1.4755963e-05
0.065842656
6.9198595e-06
0.04701253
0.028407221
5.8955397e-05
0.065414663
-0.065394101
5.2760362e-05
0.046005898
-0.045999855
0.027512779
-0.027460082
5.8616685e-05
-0.065330589
0.065349971
3.4276657e-05
-0.045907023
0.045931322
-0.027241722
0.027275968
-2.571888e-05
0.065271533
-1.1743354e-05
0.045903954
0.027227147
2.7289411e-05
-0.065301467
1.7778149e-05
-0.045897432
-0.027223906
-0.00035304971
0.065354392
-0.00020178278
0.045854591
0.02731097
-0.00020166422
0.065128589
-0.065200029
-0.00010230047
0.045515648
-0.045615024
0.026944647
-0.02704697
-0.00013078611
-0.064943362
-6.1034944e-05
-0.045268349
-0.026719625
-0.00017316422
0.06506116
-8.5536839e-05
0.045427983
0.02685909
0.00015658754
0.06466951
0.00013475287
0.04481908
0.026628769
-0.00020746471
-0.064544031
-0.00010534223
-0.044587806
-0.026375295
-2.4856872e-06
0.059166848
-0.059201125
8.6457517e-06
0.040114347
-0.040125489
0.024617177
-0.024608536
-1.224302e-05
-0.059312855
0.059273987
5.8436663e-06
-0.040170847
0.040152744
-0.02458881
0.024594644
-3.3952796e-05
0.059433941
-3.0813919e-06
0.040242021
0.024582253
-1.700273e-05
-0.059353333
3.4467923e-06
-0.04019131
-0.024585369
4.3942423e-06
0.059138114
1.5466835e-05
0.040103273
0.024632642
2.1273272e-05
0.059069181
-0.059088143
1.7695495e-05
0.040098558
-0.040095005
0.02468259
-0.024664901
6.6145732e-05
-0.059038954
3.5534556e-05
-0.040126188
-0.024770118
2.8060836e-05
0.059053621
2.6701128e-05
0.040099907
0.024709286
-6.5538382e-05
0.057225455
-0.057298306
-2.0241883e-05
0.038963986
-0.039009285
0.024188831
-0.024209073
-6.2622297e-05
-0.057506359
0.05743974
-1.9828234e-05
-0.039135801
0.039093004
-0.024271454
0.024251624
-7.9710295e-05
0.057741436
-2.8367879e-05
0.039283081
0.024350148
-7.5039774e-05
-0.057586283
-2.6342165e-05
-0.039184503
-0.024297799
-5.6706209e-05
0.05716525
-1.7675337e-05
0.038924953
0.024171154
-5.2115599e-05
0.056971961
-0.057037775
-1.5240664e-05
0.038812387
-0.038849268
0.024122892
-0.024138136
-4.5750132e-05
-0.056800407
-1.3092326e-05
-0.038713204
-0.024083942
-4.7299737e-05
0.056916693
-1.3717658e-05
0.0387788
0.024109172
1.986576e-05
-0.055961062
0.055928567
1.182015e-05
-0.038323004
0.038331023
-0.024049092
0.024060877
1.2513604e-05
0.056018321
1.2557106e-05
0.038343914
0.024025632
-1.2786246e-05
-0.055987164
3.1559694e-06
-0.038338958
-0.02404594
-0.00027562574
-0.055856665
-0.00015089798
-0.038425419
-0.02444435
0.00014626774
0.055886579
9.3694519e-05
0.038426797
0.024324664
-7.8040345e-05
0.054175674
-3.0100222e-05
0.037178406
0.023446183
-6.492769e-05
-0.05404271
-2.2902279e-05
-0.037089014
-0.023389159
-7.0558325e-05
0.053436143
-2.426452e-05
0.036694136
0.02316063
-0.00027365642
-0.045733526
-0.00011991008
-0.031137267
-0.019440423
0.00093726049
-0.051487475
0.00035957891
-0.039342766
-0.029581966
0.00097740813
0.050169671
0.00040222128
0.038275657
0.028883874
-0.0009822127
-0.092048291
-0.00042361193
-0.076598594
-0.053553064
-0.00014989261
0.073307615
-3.7587211e-05
0.049534094
0.020450653
-9.1446248e-05
0.063690387
7.1568645e-06
0.041222807
0.023056665
-6.6301834e-05
0.062686078
-0.062820197
1.1820565e-05
0.040649436
-0.04072756
0.023128954
-0.023117129
-4.7721066e-05
0.062541588
1.761669e-05
0.04058411
0.023146578
-9.599724e-05
0.057553487
-0.057711439
-2.5084745e-05
0.038362134
-0.038433055
0.023522076
-0.023547161
-0.00011850251
-0.058123401
0.057989217
-3.3046878e-05
-0.038666584
0.038581138
-0.023643264
0.023610222
-0.00016124278
-0.058751216
0.058587031
-5.2513266e-05
-0.039036746
0.038928036
-0.023816822
0.023764317
-0.00011641302
-0.058277599
-3.4773021e-05
-0.038748215
-0.023678033
-0.00018081122
-6.4233109e-05
-0.00013995032
0.057368292
-4.5201466e-05
0.03826739
0.023476878
-5.9560858e-05
0.056528249
-0.056634932
-1.2249655e-05
0.037800325
-0.037847649
0.023328661
-0.023340904
-8.8226272e-05
0.056855249
-2.1842876e-05
0.03796913
0.023377107
-8.112434e-05
0.056419067
-1.9549414e-05
0.037738761
0.023309109
-1.4486685e-05
0.054032872
3.2128414e-06
0.0365787
0.023109081
-0.00037085954
0.04695511
-0.047110906
-0.00019366274
0.032003235
-0.032180397
0.020593361
-0.020786999
-0.00031747017
0.046775819
-0.0001518745
0.031837671
0.0204415
-0.00022476368
-0.041212108
-9.4224719e-05
-0.027746795
-0.017418913
-0.0001841849
0.042293104
-7.7786766e-05
0.028546655
0.017988439
-0.00024329527
-0.041735053
0.041542695
-9.7259648e-05
-0.028152615
0.028006594
-0.017700237
0.017602984
-0.0002702199
-0.041979055
-0.00011247131
-0.028310373
-0.017812714
-0.00015750952
-0.083304778
-1.4090861e-05
-0.066280691
-0.035280584
-0.00041948286
0.083461829
-0.00026442448
0.066544505
0.035566485
-0.00056486629
-0.080927471
-0.00033102983
-0.06192042
-0.0306022
-5.1286827e-05
0.081066761
-1.8890148e-05
0.062148224
0.030697633
-8.7998846e-05
0.065009743
-7.9486214e-05
0.04883049
0.03270879
-0.00046639822
0.088285702
-0.00034911625
0.074678926
0.045915047
-6.1503135e-05
0.07499743
-1.1860639e-05
0.051875279
0.021434883
-0.00016320809
-0.065873396
0.065858714
-0.00010666787
-0.048687357
0.04863077
-0.031320861
0.031214163
-0.00020208992
-0.065888121
-0.00013585038
-0.048753634
-0.031456728
-0.00013657784
0.065850426
-9.3459283e-05
0.048587618
0.031120688
-9.2346386e-05
0.065860363
-6.3710563e-05
0.048558946
0.031056961
-0.00019157926
-0.051259509
0.051120401
-8.4330898e-05
-0.035313998
0.035206762
-0.022466804
0.022382472
-0.00020189174
-0.051392906
-9.1839941e-05
-0.035424048
-0.022558643
-0.00017025168
0.050995226
-7.479158e-05
0.035111295
0.022307681
-0.00016650847
0.050869351
-7.2090187e-05
0.035016876
0.02223559
-0.0001528342
-0.047649245
-6.1459291e-05
-0.032606173
-0.020515022
-0.00019126003
0.047119959
-8.2217894e-05
0.032209448
0.020230138
8.3705343e-05
4.6619204e-05
-0.00057135414
-0.08923431
-0.00042330593
-0.075277313
-0.047197011
-0.00010657534
-0.075220759
-2.4617925e-05
-0.052182992
-0.021487577
-0.00033397166
-0.0537015
-0.00018013036
-0.036563078
-0.023428741
-0.00072185961
-0.036583277
-0.00030403026
-0.024285692
-0.014982771
-0.00056325874
-0.086315432
0.086116801
-0.00044018709
-0.072399003
0.072275981
-0.042803516
0.04236332
-0.00036901367
-0.086437261
-0.00017091715
-0.072596937
-0.042974367
-0.00041573829
-0.076766762
0.076655105
-0.00021127329
-0.054537846
0.054333424
-0.023650201
0.023438989
2.9676449e-05
-0.076788032
7.4262055e-05
-0.054582361
-0.023575915
2.1038559e-05
-0.065447404
-2.082751e-05
-0.048826247
-0.032111026
0.0001708136
0.0656648
0.00012125264
0.049002746
0.032281841
-0.00013126153
-0.04944535
0.049339198
-5.3920111e-05
-0.033950988
0.033873651
-0.021467077
0.021413158
-0.00013838883
-0.049550287
-5.7877509e-05
-0.034031496
-0.021524953
-0.0001417942
0.049231927
-5.902659e-05
0.033790884
0.021354132
-0.00012985134
0.049127069
-5.4246588e-05
0.03371528
0.021299886
-0.00053374492
-0.045085524
-0.0002117882
-0.030620765
-0.01906524
-0.00020831853
0.073567014
-7.2881274e-05
0.049875948
0.020575453
-4.7708571e-05
-0.05445056
-6.9984266e-06
-0.036768816
-0.02309467
-0.00019994058
0.053058736
-9.6147554e-05
0.036056403
0.022925417
-2.2253672e-05
0.054171116
8.4665809e-07
0.036634992
0.023093051
-0.0001497873
-2.3618604e-05
-0.00051286872
0.076509944
-0.00028471224
0.05410535
0.023154312
-0.00044710489
0.07638111
-0.00023459971
0.053892906
0.022919743
0.00039759728
-0.057992305
0.00023246742
-0.04439921
-0.032751914
0.00032797911
3.9740724e-05
0.00013161677
-0.065187799
7.661767e-05
-0.048956836
-0.032670184
-0.00025696858
-0.038222681
0.038017762
-0.00010756931
-0.025494934
0.025345418
-0.015808833
0.015701233
-0.00025883188
-0.038430389
-0.00010917114
-0.025644562
-0.01591799
-0.00050931837
-0.087686495
0.087531238
-0.00030040086
-0.073802022
0.073592869
-0.044737375
0.044436871
-0.00020694611
-0.088025705
-8.372292e-05
-0.073925302
-0.044821117
0.00019008579
-0.074870133
0.00019883095
-0.051737922
-0.02171112
1.5923966e-05
0.065771531
-1.1649807e-05
0.048770315
0.031537292
6.2844935e-05
-0.065970277
0.066025851
4.3884353e-05
-0.048604186
0.048622995
-0.031013878
0.031057722
9.0528263e-05
-0.06594875
5.9638948e-05
-0.048573359
-0.030954287
-0.00014168719
-0.050300586
0.050188331
-5.8719252e-05
-0.034592098
0.034509128
-0.021922876
0.021864155
-0.00013881185
-0.050409728
-5.8896277e-05
-0.034672017
-0.021981773
-0.00016572548
0.048156143
-6.9944442e-05
0.032982561
0.020782746
-0.00019176949
-0.046544926
-7.9609621e-05
-0.031761992
-0.019903851
-0.00027553536
0.089682012
-0.00021411106
0.075880918
0.048372421
-3.0159989e-05
0.072925365
2.0900245e-05
0.049131332
0.020479112
-0.00032868162
-0.065883993
0.065684129
-0.00012480915
-0.042846548
0.042642691
-0.023460463
0.023335667
-0.00013647662
-0.064716718
0.064545062
-1.6476117e-05
-0.041894256
0.041774267
-0.023088964
0.023072498
-0.00015365467
-0.064896451
-2.5177794e-05
-0.042022707
-0.023114129
-0.00019980212
0.045924227
-9.1311513e-05
0.031202535
0.019903107
-0.00072964893
0.010094646
-0.017969886
-0.012978837
0.0073402373
-0.0080697374
-0.00023737091
0.075610288
-0.075708014
-8.4983536e-05
0.052732925
-0.052885203
0.021877614
-0.02196253
-0.00021958461
0.075528456
-0.00011436691
0.052627758
0.021763273
0.002742276
0.035177513
0.0011539219
0.026575257
0.020981371
4.7725184e-05
-0.060065799
0.060283032
-7.3881576e-05
-0.046063915
0.046185392
-0.033626142
0.033552083
0.00023775887
-0.059905509
7.8996411e-05
-0.045905299
-0.033547264
0.00039436214
0.058865165
0.00017912526
0.045161309
0.033226351
-0.0001039171
0.048155278
-3.773356e-05
0.032755543
0.020916329
-8.3622708e-05
0.048093927
-2.9116056e-05
0.032701028
0.020887209
-4.9641723e-05
-0.047777564
0.04771892
-1.7496597e-05
-0.032488788
0.032456657
-0.020768621
0.020751133
-6.1805131e-05
-0.047835452
-2.3352183e-05
-0.032527236
-0.020791973
-2.2212511e-05
-0.047394252
-5.3965744e-06
-0.032258915
-0.020664215
-6.394275e-05
-0.047643075
0.047570591
-1.9238747e-05
-0.032410457
0.032365755
-0.020729563
0.020710326
-6.7775808e-05
-2.1570399e-05
-0.0002647375
0.037824501
-0.00011163208
0.025192236
0.015589554
-0.00025260855
0.037622955
-0.00010718444
0.025046711
0.015482331
-0.00058281574
0.087405627
-0.00039805971
0.073407976
0.044038747
-0.00032690739
0.087124362
-0.00018946038
0.073270413
0.04384925
-0.00022667202
0.077046494
-8.789636e-05
0.054873255
0.023702826
-0.00040444488
0.074491182
-0.00021204085
0.051218372
0.021500646
-0.00010217109
-0.065653742
-7.9028158e-05
-0.048759449
-0.031712409
-0.00028803338
-0.000198151
-0.0001375881
0.050081569
-5.7829381e-05
0.03442937
0.021806326
-0.00013785367
0.049974555
-5.6820534e-05
0.034348338
0.021749506
-0.0001777209
-0.048682096
-7.1563064e-05
-0.033382498
-0.021058944
-0.00025052412
0.045892681
-0.00010888734
0.031259567
0.019530379
0.00021413239
6.9624726e-05
-0.00011560253
-0.073193719
-1.7693164e-05
-0.049441647
-0.020442227
-7.0906535e-05
-0.063535532
9.9949966e-06
-0.041126478
-0.023061091
-0.00012669409
0.064379
-8.4490491e-06
0.041656018
0.023064047
-0.00011801987
0.064204843
-9.4624015e-06
0.041547457
0.023054585
-7.3298292e-05
0.062951738
1.1168711e-05
0.040794801
0.023099707
-2.3791838e-05
2.3261213e-05
-5.0530418e-05
0.054813568
-0.054893184
-8.6907482e-06
0.036932385
-0.036974211
0.023117437
-0.023126119
-3.9645623e-05
0.0547374
-4.6113807e-06
0.036897358
0.023112829
-4.9116011e-05
-0.054971209
-5.8176225e-06
-0.037017497
-0.023131931
-6.0950595e-05
-0.055048987
-1.0007956e-05
-0.037068427
-0.023141935
-9.0255713e-06
-0.053995874
8.0036569e-06
-0.036571627
-0.023118833
-0.00025613521
-0.04658987
-0.00012002403
-0.031699397
-0.020314226
2.9922257e-05
0.0471338
5.5190153e-05
0.032200894
0.020723901
-0.0002542645
-0.07580482
-0.00013360128
-0.053005806
-0.022096095
-0.00027507992
-0.075939665
-0.00012617142
-0.053154652
-0.022222233
0.00019826262
0.06297535
9.6170518e-05
0.048071786
0.033926649
-9.4291212e-05
-0.00010668172
-4.3316756e-05
-5.0039326e-05
-0.00030583365
-0.00017285787
-0.00057652269
-0.00033647822
-2.4812677e-05
0.082505512
2.1678972e-05
0.064824092
0.033745894
-0.00063178868
-0.00038722136
-0.00045922061
0.080108642
-0.00024665797
0.060426971
0.029005916
-0.00048170255
-0.00027337082
-7.8234118e-06
3.311278e-05
9.2931907e-06
0.065887952
-0.065866964
6.433695e-06
0.048845865
-0.048843053
0.031637366
-0.031630976
-0.00027284569
-0.00018063837
-3.8358599e-05
-0.065864945
0.065891924
-3.4406821e-05
-0.048546773
0.048542597
-0.031000911
0.030966478
-6.820279e-05
-5.6049839e-05
6.737204e-05
0.066040549
5.1757041e-05
0.047874445
0.029710767
1.5808427e-05
7.848815e-06
-0.00016994746
0.065958472
-0.00010324554
0.047616566
0.029320915
-0.0001502531
-8.960397e-05
-0.00011143082
-0.055073835
-4.7571602e-05
-0.037791447
-0.023852496
-0.00012460671
-5.2699756e-05
-0.00010062532
0.054711672
-4.106309e-05
0.037540321
0.02367815
-9.3693781e-05
-3.7242423e-05
-0.00024233897
-0.00011402915
-0.00015435831
-0.050752812
0.050632877
-6.5349991e-05
-0.034930094
0.034841082
-0.022169772
0.02210442
-0.00015259978
-6.5817951e-05
-0.0001722423
-7.3928686e-05
-0.00016331132
-6.7876484e-05
7.2019037e-05
0.00010869658
-0.00019780836
-0.069583175
-3.6975152e-05
-0.045516739
-0.021378461
-0.00023811256
-6.0412379e-05
-0.00014380393
0.068978109
-2.2370151e-06
0.044911102
0.021296896
-0.00012831146
4.1785087e-06
-0.00060820633
-0.00026851706
-0.00018570404
-0.082655365
-9.1819554e-05
-0.065051761
-0.033789256
-0.00026958001
-0.00014041381
-0.00013335418
-0.080332635
-6.6753841e-05
-0.060799516
-0.029257665
-0.00020551678
-0.0001001958
-0.00015398092
-0.075283027
-7.2451574e-05
-0.052264511
-0.021560007
-0.00016385126
-0.07536684
-5.3537121e-05
-0.052374772
-0.021613523
0.0023483111
-0.039274326
0.00094678996
-0.029807497
-0.023163807
6.5975932e-05
6.1560838e-05
-0.00014331112
-5.5840762e-05
-0.00041124305
-0.03692503
-0.00015842969
-0.024538499
-0.015141203
-0.00031634098
-0.037211406
-0.00011381853
-0.024741039
-0.015255053
-0.0004080828
0.086668824
-0.086812465
-0.00020310661
0.072692509
-0.072897353
0.043124323
-0.043327373
-0.00024560748
-0.00014995541
-0.00014472084
-0.083952796
-5.0353134e-05
-0.067597262
-0.036765227
-0.00021261092
-6.731312e-05
-0.00040661502
-0.081598264
-0.00021910014
-0.06302613
-0.031603551
-0.00051765024
-0.0002893905
-0.00043369006
-0.079180235
-0.00023305141
-0.058776479
-0.027282282
-0.00050681853
-0.00026564124
-8.8275078e-05
0.076884531
-0.076922689
-3.2042102e-05
0.054627565
-0.054683676
0.023533086
-0.023565006
-2.4331206e-06
4.2829776e-05
-0.00029083538
-0.00013595825
-4.4577646e-05
-4.7903645e-05
-0.00028037747
-0.00020194986
-0.00014221083
-0.065864191
-8.2725759e-05
-0.047183776
-0.028675358
-0.00015882397
-9.450964e-05
-6.3024559e-05
0.065805786
-3.7417803e-05
0.047018311
0.028438647
-4.7375714e-05
-3.307486e-05
4.7523451e-05
0.055836058
2.9875197e-05
0.038304604
0.024129983
8.2532954e-05
4.8638615e-05
-6.8229461e-05
-0.053849103
-2.5859574e-05
-0.036964391
-0.023315523
-6.2197272e-05
-2.3229223e-05
-5.0029738e-05
0.053610965
-1.8066494e-05
0.036812381
0.023226817
-6.570321e-05
-2.282191e-05
-0.00013693317
0.049657292
-0.049760548
-5.7254538e-05
0.034109791
-0.034189466
0.021579535
-0.021636788
-0.00013287938
-5.4582523e-05
-0.00012962782
-0.049021801
0.048915434
-5.5437015e-05
-0.033628655
0.033554467
-0.021239279
0.021183844
-0.00014723204
-6.0606559e-05
-0.00038437752
-0.00015553027
0.001550965
0.047564757
0.00063180913
0.036244156
0.027518731
0.0011165891
0.00044643386
0.013259049
0.0057868132
-0.00014987495
-5.63523e-05
-0.00011848751
0.057209797
-3.0222206e-05
0.038179135
0.02344666
-0.00010643525
-2.6664606e-05
-4.5671587e-05
0.054522282
-0.054594804
-5.4843691e-06
0.036791889
-0.036832084
0.023096928
-0.023102415
-2.5326826e-05
-2.2582751e-06
-0.00021415627
-9.0516125e-05
-1.5702672e-05
4.4481769e-06
-0.00031352587
0.083697072
-0.00013964181
0.066941712
0.036040951
-0.00012973434
-5.8268555e-05
-0.00027355158
0.081199931
-0.00014259269
0.062391863
0.030883419
-0.00021569442
-8.577724e-05
-0.0003690113
-0.076256506
0.076134642
-0.00018260278
-0.053699074
0.053512734
-0.022712735
0.022530194
-0.00040087474
-0.00020700857
3.5668444e-05
-0.063321304
-2.9822649e-05
-0.048274529
-0.033831197
0.0001718368
7.4393832e-05
0.00010963989
5.0046663e-05
-0.00027261754
0.038624893
-0.00011158996
0.025796235
0.016023058
-0.00025675867
-0.00010506807
-0.00065781278
-0.00031535447
-0.00052322995
-0.084565563
-0.00031080381
-0.068887438
-0.038264008
-0.00014228004
-5.8647359e-05
-0.00028114906
-0.082133044
-0.00016024756
-0.063982932
-0.032572974
-0.00040047218
-0.00022243567
-0.00024458507
-0.079737759
-0.00011543652
-0.059708306
-0.028113042
-0.00034443837
-0.0001895217
8.2579668e-05
0.00010276069
0.00011337852
-0.065796168
7.1821803e-05
-0.048801549
-0.031559186
5.3151918e-05
2.189421e-05
-5.9733769e-06
0.065907012
-2.2866345e-05
0.048559466
0.030943575
2.4657945e-05
1.0712105e-05
-5.6044639e-05
-0.065910039
-3.9784713e-05
-0.047449758
-0.029056819
-6.5818219e-05
-4.3818283e-05
-0.00013005079
-0.065466077
-6.410419e-05
-0.046355126
-0.027685448
-0.00014544767
-7.7025352e-05
-0.00023463416
-0.00013071454
-0.00010707345
0.065336884
-5.2653895e-05
0.046124266
0.027445893
-9.0207537e-05
-4.5669942e-05
-5.2200276e-05
-0.065272329
-2.4821506e-05
-0.04596648
-0.027286091
-6.9281243e-05
-3.4524449e-05
-5.9119562e-05
-0.064671731
-2.2522075e-05
-0.044877311
-0.026410574
-7.5803645e-05
-3.2049585e-05
-0.00010997895
0.064804562
-4.9451626e-05
0.045073456
0.026556421
-9.4691614e-05
-4.2127504e-05
-3.9947397e-05
0.064606877
-1.2699059e-05
0.044755138
0.026340439
-1.500985e-05
1.7538517e-06
5.8476041e-05
-0.064620775
3.7261174e-05
-0.044739315
-0.0263867
3.9216262e-05
2.9967872e-05
-0.0001887798
-0.058836998
-9.0177172e-05
-0.040056194
-0.024897954
-0.00023085995
-0.00010654643
9.957064e-05
0.059057518
5.704139e-05
0.040230155
0.024922961
0.00015903101
0.00012074075
-0.00013396864
0.058376383
-5.6079941e-05
0.039707747
0.024610522
-0.0001160019
-4.7678262e-05
-8.9172015e-05
-0.057990633
-3.2961649e-05
-0.039446366
-0.02444318
-9.7656341e-05
-3.6791235e-05
-2.7391967e-05
-0.056434907
-5.4056543e-06
-0.038516696
-0.024020182
-3.2170894e-05
-6.5502899e-06
-4.1795733e-05
0.056633686
-1.1405827e-05
0.038621475
0.024050562
-3.3398967e-05
-8.4712831e-06
-2.4293548e-05
0.056255158
-3.7008454e-06
0.038431308
0.024002813
-1.6695831e-05
9.1339808e-08
1.9369918e-08
-0.056105266
6.8781146e-06
-0.038365467
-0.024003756
-1.819554e-05
-6.2700074e-07
-0.00018515987
0.055502007
-9.0328375e-05
0.038101469
0.024099955
-0.0001563878
-7.2888946e-05
-8.1767944e-05
-0.054395184
-3.270769e-05
-0.0373242
-0.023537806
-8.5551945e-05
-3.3253981e-05
-0.00014498013
0.050521594
-6.1424246e-05
0.034757522
0.022042994
-0.00014672298
-6.1220924e-05
-0.00015147865
-6.0806839e-05
-0.00021885672
-9.4338465e-05
-0.00070204133
-0.00044912126
-3.4900066e-05
5.4135733e-05
-9.2357562e-05
-0.068442135
2.9617621e-05
-0.044415906
-0.021353291
-9.4456e-05
2.2491831e-05
-5.4725392e-05
2.9441388e-05
-0.00022324257
-0.065480237
0.065277395
-6.2784303e-05
-0.042465404
0.042304983
-0.023256192
0.02319343
-0.00025676814
-7.947412e-05
-0.00019230762
0.065086332
-4.6485872e-05
0.042159194
0.023146958
-0.00016933221
-3.2828889e-05
-0.00024667706
-0.0001070404
-0.00022884284
0.040728047
-9.5390157e-05
0.027367189
0.017147659
-0.00019545754
-8.5636548e-05
-0.0005966075
0.083026421
-0.00033355302
0.065683525
0.034609169
-0.0004421127
-0.00025637492
-0.00038503922
0.08061569
-0.00020256546
0.06131043
0.029819719
-0.00035752546
-0.00020207583
-0.00018132321
-0.075468394
-7.2838018e-05
-0.052483218
-0.021686336
-0.00022150397
-7.6936826e-05
0.0027422144
0.037082945
0.0011032524
0.028213748
0.022084549
0.0026731576
0.0010792579
0.00016024854
0.059692455
3.086832e-05
0.045701731
0.033408605
0.00034234457
0.0001386585
0.00042257119
0.00019180775
5.0599739e-05
3.8360427e-05
-9.4724995e-05
-0.050545945
-3.2001631e-05
-0.034347304
-0.021839344
-0.00012063319
-4.0891954e-05
-0.00011134955
0.050195037
-4.1671125e-05
0.034097861
0.021694704
-7.8300223e-05
-2.872138e-05
-6.5992313e-05
-0.048030429
0.04796205
-2.5392326e-05
-0.032650616
0.032609999
-0.020861318
0.020835921
-7.629783e-05
-2.5890578e-05
-6.8667056e-05
0.047898335
-2.428464e-05
0.032565614
0.020811637
-5.8041928e-05
-1.966382e-05
-3.7102374e-05
-1.0190742e-05
-4.6195841e-05
-1.399915e-05
-0.00017072619
-0.042747403
-7.2558603e-05
-0.028880727
-0.018229718
-0.00020631384
-8.6734552e-05
-0.00025679934
-0.0374224
-0.00011306188
-0.024884866
-0.015368159
-0.00027596861
-0.00011417209
-0.00077465724
-0.087017692
-0.00052061469
-0.073151448
-0.043848026
-0.00012014389
-1.2239376e-06
-0.00014225311
0.084250706
-3.3399066e-05
0.068255183
0.037501071
-0.00037413231
-0.00018671286
-0.00011525406
0.081904164
-2.4803583e-05
0.063574177
0.032154754
2.7904699e-05
6.2659536e-05
-0.00013488597
0.079457436
-8.6235794e-05
0.059306655
0.027692202
-8.3814145e-05
1.4724812e-05
-0.00014039144
-0.076993929
-5.7103934e-05
-0.054766934
-0.023622093
-0.00018707431
-8.0733401e-05
-0.0003784397
-0.00016269433
-0.00016334149
-0.00011558404
-0.00013083673
-9.4632323e-05
4.8662974e-05
0.065939803
4.7687977e-05
0.047434104
0.029045227
-7.2818965e-06
-5.045201e-06
8.5550661e-05
-0.065829779
6.4006652e-05
-0.04702874
-0.028480771
8.9752634e-05
7.3549489e-05
0.00015698154
-0.065393188
0.00012769068
-0.045970636
-0.027332424
9.5814321e-05
5.6456119e-05
-1.6356622e-05
0.065292389
-7.4927117e-06
0.045895365
0.027219751
6.1207286e-06
4.1543782e-06
-0.00027416198
0.06527837
-0.0001436084
0.045724001
0.027167352
-0.00022934514
-0.00012038144
-0.00014116898
-0.064999819
-6.3745016e-05
-0.045345826
-0.026783391
-0.0001578316
-7.5699325e-05
-0.00023176198
0.064615167
-0.00012350588
0.044710666
0.026505198
-0.00025268753
-0.00012990322
-2.9948736e-06
-0.059236664
8.2908891e-06
-0.040136784
-0.024600249
-1.034935e-05
5.6053732e-06
-2.7759744e-05
0.059390693
2.537276e-07
0.040213982
0.024582493
-1.9791059e-05
2.8757051e-06
6.1474526e-06
0.059113231
1.202874e-05
0.040097381
0.024644668
1.7866444e-05
2.0233524e-05
4.8848603e-05
-0.059042663
3.6009779e-05
-0.040113362
-0.024734114
3.8288802e-05
2.4827322e-05
-5.65435e-05
-0.057361964
-1.8739818e-05
-0.039047089
-0.024227813
-6.972552e-05
-2.381075e-05
-7.9205639e-05
0.057656005
-2.9184605e-05
0.039233056
0.024320962
-7.1713346e-05
-2.3163266e-05
-5.7198099e-05
0.057096109
-1.7543113e-05
0.038885295
0.024153609
-5.1497516e-05
-1.5473074e-05
-4.3550386e-05
-0.056851686
-1.0711876e-05
-0.038746048
-0.024094656
-4.7264685e-05
-1.4515618e-05
-3.0139027e-05
-2.1921465e-06
-8.8997512e-06
0.055997343
4.293032e-06
0.038330689
0.024029921
2.4296028e-05
1.601868e-05
-5.2048152e-05
-0.055899032
-1.1759703e-05
-0.038465725
-0.024456116
0.00017038864
0.00013145195
-7.2463074e-05
0.054108301
-2.8228096e-05
0.037134163
0.023417952
-7.3937351e-05
-2.879278e-05
-8.3613137e-05
-0.053363752
-3.1167467e-05
-0.036660538
-0.023138479
-5.5750078e-05
-2.2151377e-05
-0.00013534771
-0.049869094
-5.5596895e-05
-0.034269215
-0.021692384
-0.00013624444
-5.7121506e-05
-0.00015732202
0.048799028
-6.3487219e-05
0.033460636
0.021120359
-0.00013955503
-6.1414728e-05
-0.00021228235
-8.9956676e-05
0.00077505967
-0.050834874
0.00030206475
-0.038869893
-0.029279944
0.000990367
0.00039606982
-0.0001514057
-0.00068781319
-0.00010088918
-8.425811e-06
-9.1913564e-05
4.4264412e-06
-0.00011843719
-4.6374626e-06
-4.9819994e-05
1.7422142e-05
-7.3706348e-05
8.493709e-06
-0.00011775624
-0.057850764
-3.4856499e-05
-0.038515955
-0.023582016
-9.3389174e-05
-2.820595e-05
-0.00013429601
0.058427233
-4.4433471e-05
0.038838185
0.023719888
-0.00013183001
-4.185467e-05
-8.3832128e-05
-0.056740324
-1.9863828e-05
-0.037911607
-0.023360762
-7.3873562e-05
-1.6344568e-05
-6.1508535e-05
0.056309921
-1.2186618e-05
0.037689431
0.023296919
-8.8839033e-05
-2.1890433e-05
-2.9694343e-05
-0.054664107
-1.4714508e-06
-0.036860303
-0.023103884
-4.6003271e-05
-8.9447483e-06
-7.0428005e-05
-1.4191561e-05
2.6830464e-06
9.751765e-06
4.2588935e-05
6.3097974e-05
-0.00026556498
-0.0001272738
-0.00020790203
-0.041379709
-8.5882986e-05
-0.027868795
-0.017504789
-0.00023600376
-9.8194952e-05
-0.00022910994
0.042144151
-9.4768117e-05
0.028412297
0.017893665
-0.00018286803
-8.0951443e-05
-0.00017594447
-0.083379472
-0.0001051588
-0.066351224
-0.035385629
-0.00037427002
-0.00018085613
-0.00033116599
-0.08098545
-0.00015764647
-0.06209369
-0.030759584
7.0486883e-06
6.1950876e-05
-0.00033143711
0.076019086
-0.00016339213
0.053344746
0.022366835
-0.00033473199
-0.00014460242
-0.0070749619
0.033865973
-0.0024670899
0.022827012
0.014647108
-0.0052114034
0.02658888
-0.0019023406
0.018116964
0.011279921
-0.011115886
-0.0044529498
-0.008348518
-0.0032101839
0.0041949058
-0.019751138
0.0018965845
-0.015870768
-0.013224458
0.011239203
-0.058093817
0.061673407
0.0055110075
-0.046165429
0.051892639
-0.037849982
0.043360403
0.0088401629
-0.069756631
0.076709109
0.0040419564
-0.056595881
0.061393097
-0.046221112
0.050262103
0.0044393759
-0.080036518
0.080409388
0.0022942541
-0.064988787
0.067131563
-0.051880535
0.054172353
0.003238565
-0.084238538
0.00093537336
-0.06935028
-0.054739998
0.0069666552
0.0018657711
0.0075642057
0.0028607092
0.0052144223
0.0016184317
0.002787367
0.00056764503
0.0038565135
0.0017253111
)
;

boundaryField
{
    inlet
    {
        type            calculated;
        value           nonuniform List<scalar> 
40
(
-2.49475
-2.49575
-2.50025
-2.505
-2.50425
-2.5
-2.5
-2.5
-2.5
-2.5
-2.5
-2.5
-2.5
-2.5
-2.5
-2.5
-2.5
-2.5
-2.5
-2.5
-2.5
-2.5
-2.5
-2.5
-2.5
-2.5
-2.5
-2.5
-2.5
-2.5
-2.5
-2.5
-2.5
-2.5
-2.50425
-2.50525
-2.50525
-2.4965
-2.4945
-2.49425
)
;
    }
    outlet
    {
        type            calculated;
        value           nonuniform List<scalar> 
102
(
2.557755
2.5577013
2.5575901
2.5576693
2.5576634
2.5570445
2.5567969
2.5563905
2.5554958
2.4415758
2.4378564
2.4347751
2.4321997
2.4301278
2.4285064
2.4273114
2.4265168
2.4261327
0.63933198
0.6383272
0.63883028
0.63921724
0.63836062
0.63871175
0.63759239
0.63813481
0.63673458
0.63738713
0.63569414
0.63648491
0.63448214
0.6354253
0.63305429
0.63416502
0.62788119
0.6326027
0.59792093
0.61891953
0.62685379
0.62073671
0.62530663
0.62651958
0.62329822
0.6248622
0.62133321
0.62276566
0.6197709
0.62095421
0.61797148
0.61931011
0.61633232
0.61754899
0.61478614
0.61593726
0.61338214
0.61441835
0.61215821
0.61305871
1.277129
1.2771855
1.2224253
1.2235014
0.63941377
0.63902819
0.63896664
0.63909567
0.63840038
0.6385345
0.63778909
0.63795287
0.63697178
0.63719783
0.63600177
0.63624959
0.63483138
0.63512303
0.63341437
0.63381662
0.63084433
0.63201328
0.5897388
0.59940301
0.62717729
0.62661088
0.63138915
0.62626779
0.62387009
0.62438232
0.6217578
0.62224037
0.62019374
0.62058911
0.61840634
0.61885475
0.61673225
0.61713705
0.6151632
0.61554732
0.61371626
0.61406158
0.61244475
0.61274629
)
;
    }
    top
    {
        type            calculated;
        value           uniform 0;
    }
    bottom
    {
        type            calculated;
        value           uniform 0;
    }
    symFront
    {
        type            empty;
    }
    symBack
    {
        type            empty;
    }
    wing
    {
        type            calculated;
        value           uniform 0;
    }
}


// ************************************************************************* //
