/*--------------------------------*- C++ -*----------------------------------*\
| =========                 |                                                 |
| \\      /  F ield         | OpenFOAM: The Open Source CFD Toolbox           |
|  \\    /   O peration     | Version:  2412                                  |
|   \\  /    A nd           | Website:  www.openfoam.com                      |
|    \\/     M anipulation  |                                                 |
\*---------------------------------------------------------------------------*/
FoamFile
{
    version     2.0;
    format      ascii;
    arch        "LSB;label=32;scalar=64";
    class       volScalarField;
    location    "3300";
    object      nut;
}
// * * * * * * * * * * * * * * * * * * * * * * * * * * * * * * * * * * * * * //

dimensions      [0 2 -1 0 0 0 0];

internalField   nonuniform List<scalar> 
38343
(
0.032641007
0.039411102
0.047326866
0.047311442
0.047120194
0.047028687
0.046981167
0.046947351
0.046933335
0.046915713
0.04690974
0.046901632
0.046894093
0.046889148
0.046885403
0.046882468
0.046880189
0.046878241
0.046878203
0.046877381
0.046877353
0.04687646
0.046870388
0.046869128
0.046869067
0.046869146
0.04686929
0.046869913
0.046895398
0.046910325
0.046937819
0.046950756
0.047064535
0.04720454
0.047318375
0.047329195
0.04733234
0.047334757
0.03142233
0.039500054
0.023870314
0.047726265
0.047794493
0.047780866
0.047406206
0.04720778
0.047101336
0.047033137
0.046995906
0.046962744
0.046946566
0.046930975
0.046917751
0.046907274
0.046899121
0.046892595
0.046887344
0.046883136
0.046880813
0.046879266
0.04687962
0.046878224
0.046879972
0.046884298
0.046890942
0.046898204
0.046907618
0.046919612
0.046950716
0.046956087
0.046991564
0.047015741
0.047127139
0.047293261
0.047452969
0.047541421
0.047779479
0.047802974
0.047647263
0.020094888
0.028463339
0.048203569
0.048275085
0.048247853
0.047685054
0.047395249
0.047228544
0.047124144
0.047063353
0.047016541
0.046987539
0.046964122
0.046943321
0.046926854
0.046914004
0.04690357
0.046895017
0.046888112
0.04688378
0.046881183
0.046880508
0.04688478
0.046880765
0.046885506
0.046893132
0.046902903
0.046915947
0.046935054
0.046978251
0.047031086
0.04705939
0.047115923
0.047227991
0.047403181
0.047618512
0.047803428
0.048218871
0.048271579
0.048113654
0.02821745
0.04427838
0.048708353
0.048770669
0.048632494
0.04796923
0.047588563
0.047358607
0.047219059
0.047133457
0.047070042
0.047030599
0.046998821
0.046971003
0.046948456
0.046930439
0.046915633
0.046903289
0.046893161
0.046886115
0.04688174
0.04687999
0.04688257
0.04688256
0.046885536
0.046894663
0.046908278
0.046925854
0.046952316
0.046992721
0.04705127
0.047094302
0.047190963
0.047335396
0.047540766
0.047833563
0.048117706
0.048655933
0.048740158
0.048576739
0.044538081
0.0487498
0.044226087
0.049280795
0.048985756
0.048279161
0.047788636
0.047494923
0.04731824
0.047209555
0.047131116
0.047076615
0.047036402
0.047001094
0.046972277
0.046948814
0.046929199
0.046912555
0.046898574
0.046888186
0.046881142
0.046878785
0.046878939
0.046881158
0.046886389
0.046900465
0.046919743
0.046943973
0.046979012
0.047027973
0.047088281
0.047156071
0.047268307
0.047436273
0.047676481
0.048035832
0.048424545
0.049016154
0.049204756
0.048515758
0.048259929
0.049412937
0.038951363
0.049803663
0.04934473
0.048620033
0.047995017
0.047636308
0.047422409
0.047285169
0.047190687
0.047127423
0.047077286
0.047034519
0.046999021
0.046969648
0.046944704
0.046923081
0.046904521
0.046890134
0.046879666
0.046875008
0.046875691
0.046876862
0.046886753
0.046905688
0.046931519
0.046963086
0.047008105
0.047066922
0.047142486
0.047212961
0.047345344
0.047546381
0.047820007
0.048228836
0.048746061
0.049344838
0.049665237
0.042326338
0.048687445
0.050111742
0.036662947
0.050339537
0.049725413
0.048987789
0.048206835
0.047785091
0.04752955
0.047370947
0.047258783
0.047177696
0.047120758
0.047070797
0.047028799
0.046993376
0.046962694
0.046935546
0.046911691
0.046892399
0.04687824
0.046870935
0.046872081
0.046873788
0.046888024
0.046911814
0.046944768
0.046984585
0.047039649
0.047110268
0.047191134
0.047285798
0.047434394
0.047657816
0.047969965
0.048413859
0.049082742
0.049659724
0.050122533
0.039080647
0.04911092
0.050845876
0.03550729
0.050889085
0.050140293
0.049372348
0.048423035
0.047939821
0.047639844
0.047450502
0.047321484
0.047240044
0.047172355
0.047113994
0.047064799
0.047022674
0.046985477
0.046951769
0.046921606
0.046896298
0.046876986
0.046866364
0.04686561
0.046870309
0.046889539
0.046920336
0.046962001
0.047011903
0.047077776
0.047162958
0.047261988
0.047357748
0.04751425
0.047770002
0.048124229
0.048591603
0.049388842
0.049971302
0.050577784
0.037934267
0.049471338
0.051612584
0.034814741
0.051453179
0.050600726
0.049746332
0.048642331
0.048101262
0.047752556
0.047534977
0.047372033
0.047270024
0.047197532
0.047136803
0.047084643
0.047039369
0.046999158
0.046962285
0.046928736
0.046900258
0.046877204
0.046864935
0.046862668
0.046867574
0.046887336
0.046920486
0.04696739
0.047021781
0.047091994
0.047182478
0.047287835
0.047368607
0.04760758
0.04788305
0.04828468
0.048763933
0.049668984
0.050287942
0.051032278
0.036892317
0.049724321
0.052206092
0.034427728
0.052032328
0.0511118
0.050122877
0.048864609
0.048269305
0.04786777
0.047628848
0.047447658
0.047340446
0.047243258
0.047178798
0.047121704
0.047072437
0.047028569
0.046987537
0.046948437
0.046913508
0.046882769
0.046865491
0.046859039
0.046862031
0.046882842
0.046920954
0.046975312
0.047033828
0.047106399
0.047196947
0.047308743
0.047436134
0.047719529
0.04800034
0.048452649
0.048934511
0.049923981
0.050616141
0.051487153
0.036277771
0.049915589
0.052673935
0.034272007
0.05064718
0.051673805
0.050507408
0.049091142
0.04844163
0.047983959
0.047723045
0.047529472
0.047419387
0.047305788
0.047234374
0.047172492
0.047118577
0.047068806
0.047020674
0.046973789
0.046930184
0.046891029
0.046867528
0.046858205
0.046859735
0.046883263
0.046927317
0.046990699
0.047059707
0.047138119
0.047230566
0.047351863
0.047527183
0.047833235
0.048117943
0.048623555
0.049101746
0.050174995
0.050951486
0.051943217
0.035861774
0.0500617
0.053054036
0.034273321
0.049074826
0.052285158
0.050904815
0.049322234
0.048617562
0.048100183
0.047818132
0.047612863
0.047493044
0.047373334
0.047295563
0.04722763
0.047167647
0.04711207
0.047058105
0.047003533
0.046950496
0.046903445
0.046873425
0.04686102
0.046861358
0.046891184
0.046944506
0.047015771
0.047098128
0.047189938
0.047293072
0.047421943
0.047629916
0.047946074
0.048235125
0.048796902
0.049267167
0.050410892
0.051296531
0.052400985
0.035627637
0.050182498
0.053367885
0.034396978
0.047709048
0.052925371
0.051315653
0.049558586
0.048795874
0.048216252
0.047912971
0.047705984
0.047562488
0.047440805
0.047357803
0.047286307
0.047223048
0.047163883
0.04710415
0.047041346
0.046979626
0.046923822
0.04688678
0.046867691
0.046870194
0.046907784
0.046974436
0.047056998
0.04715226
0.047256941
0.047372367
0.047513424
0.047739812
0.048070411
0.048353401
0.048968079
0.049421795
0.05064589
0.051646039
0.052861145
0.03546629
0.050280263
0.053631883
0.034622823
0.046619582
0.053577615
0.051740852
0.049800721
0.048975695
0.048331705
0.048007052
0.047798452
0.047634796
0.047509269
0.047424671
0.047352134
0.047288049
0.04722668
0.047162488
0.047093948
0.047023248
0.046957912
0.046913018
0.046883069
0.04689107
0.046938156
0.047019879
0.04601359
0.046473137
0.047342097
0.047469035
0.047620217
0.047854653
0.048196933
0.048472971
0.04914057
0.049582978
0.050868979
0.052000435
0.053323846
0.035404786
0.050366612
0.05385564
0.034944071
0.04570339
0.054242257
0.052179743
0.050048885
0.049155906
0.04844583
0.048099569
0.047888569
0.047709706
0.047582135
0.0474971
0.047425567
0.047363032
0.047303056
0.044431977
0.042394069
0.042269305
0.042492388
0.040462764
0.042591567
0.040453815
0.039502698
0.038530647
0.037422357
0.038356995
0.041514408
0.045156951
0.047739269
0.047974683
0.04833572
0.048593005
0.049308862
0.049728964
0.051089556
0.052355972
0.053789571
0.035394698
0.050438952
0.054047671
0.035355033
0.045029872
0.054920112
0.052631918
0.050302719
0.049335851
0.048557835
0.048190172
0.04797393
0.047787024
0.047656849
0.047574076
0.047506361
0.04744995
0.041363836
0.037264013
0.034706239
0.033757287
0.03280514
0.030620353
0.032203794
0.030751333
0.031182018
0.030937235
0.030857714
0.032247773
0.035450019
0.039640964
0.045605601
0.048097401
0.048473146
0.048715987
0.049474638
0.049878707
0.051300376
0.052710998
0.054258359
0.035453851
0.050505317
0.054213244
0.035856815
0.044501715
0.055611726
0.053096671
0.050562465
0.049514571
0.04866731
0.048278092
0.048055098
0.047863646
0.047731949
0.047653377
0.047593423
0.042554117
0.036294938
0.03155899
0.028745857
0.027196869
0.025465385
0.023174871
0.024859459
0.02343647
0.024688927
0.02476813
0.025618384
0.027504302
0.030695001
0.035128754
0.04131745
0.048218469
0.048614283
0.048835526
0.049632497
0.050019535
0.051507279
0.053063752
0.054730595
0.03557101
0.050562639
0.054357588
0.036444911
0.044179983
0.056317952
0.053573968
0.05082809
0.049688781
0.048773398
0.048362487
0.048131946
0.047937448
0.047805526
0.047733262
0.045502919
0.038401291
0.032438466
0.026969071
0.024173139
0.022054397
0.019833596
0.01777823
0.019609285
0.017641508
0.019367972
0.020023161
0.021358624
0.023708026
0.026941369
0.031627487
0.03761375
0.048334022
0.04875234
0.048958484
0.049769037
0.050158925
0.051705624
0.053412468
0.05520631
0.035746541
0.050616486
0.054483739
0.037128782
0.044002885
0.057039377
0.054063738
0.051099301
0.049859431
0.048875889
0.04844253
0.048204006
0.048007762
0.047874596
0.047812046
0.043085539
0.035600269
0.029384512
0.023655459
0.01998883
0.01800129
0.015420287
0.013632194
0.014395996
0.014177173
0.015095588
0.016409816
0.01814111
0.020637237
0.023989066
0.028505838
0.034986437
0.048446182
0.048885103
0.049071644
0.049894743
0.050291962
0.051899381
0.053756858
0.055685788
0.035988956
0.050663741
0.054595334
0.037902913
0.044002817
0.057776773
0.054564927
0.05137624
0.050030289
0.048974366
0.048517774
0.048270753
0.048073104
0.047938237
0.04788861
0.041703477
0.033465317
0.02652295
0.021333352
0.01702336
0.014525374
0.011921391
0.0099595261
0.0091973784
0.01288329
0.011809971
0.0135725
0.015655712
0.018014344
0.021956717
0.026558226
0.032669217
0.046307318
0.049013866
0.049173547
0.049994372
0.050419506
0.052085413
0.054094901
0.056168911
0.036287446
0.050708859
0.054694088
0.038779712
0.044147708
0.058530464
0.055076162
0.051658151
0.05019849
0.049069437
0.04858766
0.048331724
0.048132343
0.047996769
0.047961105
0.040933306
0.031615355
0.024520679
0.019117759
0.014913219
0.01196925
0.0091493589
0.0072897657
0.0074987298
0.01125766
0.0093016855
0.011351173
0.013459404
0.016084546
0.019781773
0.02480384
0.030958112
0.044312136
0.049131426
0.049274068
0.050088401
0.050541083
0.052266448
0.054427522
0.056656396
0.036664078
0.050749504
0.054783099
0.039758111
0.044453291
0.059301452
0.055597899
0.051944142
0.050366283
0.049160413
0.04865222
0.048386634
0.048184426
0.048048577
0.048027141
0.040870834
0.030589682
0.023194227
0.017420452
0.012988157
0.0096087302
0.0067230645
0.0050709897
0.006378239
0.0064331695
0.0073215304
0.0094497201
0.011294032
0.014531746
0.017931259
0.023052833
0.030092371
0.043463794
0.049243538
0.049363024
0.05017553
0.05065527
0.052439536
0.054752526
0.05714788
0.037100867
0.050788449
0.054863455
0.040849648
0.04490936
0.060090893
0.056129643
0.052234855
0.050531235
0.049247891
0.048711145
0.048434186
0.048228989
0.048092231
0.048083972
0.041385256
0.030007119
0.022482975
0.01616538
0.011501091
0.0079189097
0.0053024551
0.0033145069
0.0028078461
0.0046001232
0.0056706706
0.0077737338
0.010199754
0.013197832
0.017088608
0.022278528
0.028928372
0.04286096
0.049342909
0.049443132
0.050253312
0.050763227
0.052607739
0.055071512
0.057644246
0.037621189
0.050824041
0.054937735
0.04205843
0.045525468
0.060899901
0.056671158
0.052530531
0.050694975
0.049331344
0.048765007
0.048475839
0.048265844
0.048127593
0.048131671
0.042248892
0.030150559
0.022146418
0.015619244
0.010399893
0.0066066568
0.0039716927
0.0018401074
0.0016821717
0.0030828217
0.004622447
0.0067464848
0.0094491077
0.012395677
0.016290988
0.021630743
0.028492617
0.043553329
0.049432054
0.049520309
0.050330916
0.050860865
0.052768297
0.055382984
0.058145222
0.038213453
0.050858404
0.055006528
0.042844009
0.045701883
0.061729137
0.05722316
0.052830859
0.050857083
0.049412514
0.048813893
0.048512932
0.048295219
0.04815461
0.048169948
0.044551296
0.031161454
0.024426356
0.022042698
0.013599721
0.0064762727
0.0029401574
0.00099823262
0.00080189813
0.0018750595
0.0039950219
0.0060583203
0.0086610533
0.01190462
0.015841567
0.021271266
0.028946833
0.043373039
0.049510779
0.049577485
0.050396302
0.050953947
0.052923666
0.055688145
0.058651874
0.038890867
0.0508898
0.055072227
0.044158298
0.046459791
0.062579678
0.05778451
0.053136892
0.051018229
0.049491166
0.048859308
0.048545376
0.048317116
0.048173495
0.048198217
0.046844536
0.048030432
0.017372766
0.012252946
0.007880912
0.004445823
0.00197714
0.00085742291
0.00030465388
0.0016179073
0.0035995855
0.0056439843
0.0081870446
0.011456623
0.015571217
0.021302687
0.029620518
0.04582966
0.049559113
0.049630357
0.050463915
0.051034841
0.053072492
0.055987226
0.059164364
0.039647737
0.050920625
0.05513558
0.045609555
0.047365397
0.063341107
0.058356468
0.053448122
0.051179514
0.049569004
0.048901447
0.048574337
0.048332878
0.048185134
0.048216988
0.048262512
0.032840017
0.026112756
0.015467081
0.0097488777
0.0055586429
0.0027172989
0.00096355908
0.0017177242
0.0036447539
0.0058101188
0.0080334602
0.011357244
0.01571316
0.021714286
0.030515636
0.047295157
0.049614328
0.049665284
0.050513299
0.05111199
0.053214802
0.056278649
0.059682329
0.040198683
0.05094916
0.055198616
0.04720277
0.048455051
0.063908066
0.058938363
0.053765225
0.051341165
0.049645899
0.048942156
0.048600441
0.048343182
0.048190572
0.048225604
0.048301753
0.044744763
0.02543701
0.016618697
0.010546713
0.0062721084
0.0033789086
0.0021549849
0.0023470992
0.0053104462
0.0051768857
0.0084523778
0.011875528
0.015972015
0.022404044
0.0320966
0.049184993
0.049642792
0.04969658
0.050565074
0.051179122
0.05335171
0.056564437
0.060205816
0.040962239
0.050977311
0.055262096
0.048743432
0.049468101
0.06442922
0.059531719
0.054089939
0.051504894
0.049723574
0.048981434
0.048625138
0.048349594
0.048191576
0.048228316
0.048324941
0.041798847
0.027744778
0.018395564
0.011869161
0.007419305
0.0046390248
0.0031080707
0.0037540255
0.0059710974
0.012134022
0.011354249
0.016607861
0.023977304
0.033797073
0.049240943
0.049672864
0.049714024
0.050598255
0.051243511
0.053482436
0.056843836
0.060735947
0.041727714
0.051004312
0.055327684
0.050246078
0.050465515
0.064805503
0.060133048
0.054419801
0.051669997
0.049801711
0.049021169
0.048649249
0.048353117
0.048188888
0.048226049
0.048340051
0.04822886
0.031163227
0.02064475
0.013683382
0.0089274229
0.0065566573
0.0041188464
0.0047898654
0.0061016491
0.0083843634
0.0094916631
0.014412704
0.027986895
0.036309585
0.049280189
0.049685241
0.049729648
0.050633254
0.051302244
0.053609845
0.057120049
0.061272582
0.042754468
0.051030639
0.055396197
0.051835734
0.051528128
0.065341363
0.060746614
0.054756473
0.051838231
0.049882246
0.049061451
0.048674287
0.048355228
0.048184763
0.048221825
0.04834739
0.048265283
0.035232066
0.023605925
0.015984357
0.0109239
0.0086019134
0.0051347216
0.0054163902
0.0071065632
0.0091154958
0.01319048
0.021023063
0.022683759
0.037360794
0.049310871
0.049694224
0.049735338
0.050654016
0.051359464
0.053732339
0.05739608
0.061816726
0.043599865
0.051056171
0.055469678
0.053767402
0.052969344
0.066233765
0.061368264
0.055099861
0.05200916
0.049964569
0.049103943
0.048700824
0.048357211
0.048180527
0.048215164
0.048350487
0.048293933
0.040680434
0.027445596
0.018839159
0.013325116
0.010586459
0.0063932642
0.0062409883
0.0079352351
0.010529297
0.013840418
0.01933205
0.030665314
0.045479722
0.049341153
0.049689551
0.049743119
0.050676499
0.051415215
0.053853417
0.057674148
0.062367797
0.044741124
0.051082143
0.055548915
0.055623667
0.054299618
0.067059878
0.062004244
0.055451181
0.052184028
0.050050153
0.049148094
0.048729977
0.048360154
0.048176644
0.0482081
0.048352593
0.048314095
0.046929583
0.032074396
0.022294253
0.01606365
0.012477352
0.00068294642
0.0085642045
0.0073469659
0.0089927464
0.011401639
0.015258153
0.020927746
0.031061924
0.042225999
0.049356438
0.049690004
0.04974544
0.050697072
0.051472893
0.053974118
0.05795725
0.06292777
0.045878686
0.051106879
0.055635885
0.057730799
0.055910341
0.068078596
0.062647073
0.05580868
0.052362553
0.050138567
0.049195728
0.048761729
0.048364629
0.048172829
0.048202717
0.048353841
0.048325436
0.047882267
0.037660615
0.026494453
0.01934187
0.011964972
0.00088844187
0.0086798522
0.0080404841
0.0097285808
0.012291374
0.016518734
0.023318784
0.033226678
0.04875442
0.049363301
0.04968291
0.049748483
0.050709187
0.05153046
0.054095809
0.058243388
0.063495693
0.047081654
0.051131464
0.055731711
0.059899564
0.05754059
0.069217445
0.063304415
0.056173295
0.05254555
0.050230747
0.049245549
0.048796713
0.048372327
0.048173559
0.048198682
0.048353599
0.048331557
0.047907859
0.044610454
0.031309644
0.023315827
0.011926542
0.0012277147
0.0088773326
0.0087593557
0.010541514
0.013346151
0.017524477
0.024001331
0.036084192
0.048791305
0.049362968
0.049675409
0.049755546
0.050722185
0.051598139
0.054219137
0.058538689
0.064072706
0.048016873
0.051155875
0.055838364
0.062214999
0.059346696
0.070382681
0.063968616
0.05654467
0.052732364
0.050326138
0.049299452
0.048835012
0.048381783
0.048174973
0.048195217
0.048352069
0.048335387
0.047924617
0.046637722
0.036971137
0.024522145
0.012062047
0.0017524035
0.0096286481
0.0096705733
0.011483726
0.014391822
0.01867173
0.02569906
0.038015228
0.048824618
0.049362725
0.049668213
0.049766935
0.050745463
0.051664822
0.054353939
0.05883929
0.064658427
0.049059495
0.051180318
0.05595736
0.064704457
0.061276285
0.071812978
0.064648549
0.056923016
0.052923976
0.050425434
0.049355781
0.048877085
0.04839473
0.048180005
0.048193566
0.048349848
0.048337727
0.047934746
0.046661077
0.043044151
0.029707222
0.012230617
0.0019947248
0.010441793
0.010657561
0.01252569
0.015385201
0.020199145
0.027680645
0.040188947
0.048858504
0.049367045
0.049663344
0.049781227
0.050777765
0.051735109
0.054493473
0.059148031
0.065254847
0.051017316
0.051205215
0.056090668
0.0672256
0.063270644
0.073105328
0.065333683
0.05730692
0.05311925
0.050527903
0.049416455
0.048921731
0.048411954
0.048187062
0.048194434
0.048347497
0.048338539
0.047939403
0.046675224
0.043088564
0.032679827
0.012336052
0.002270291
0.011169757
0.010948035
0.013541466
0.016517594
0.021622672
0.029675764
0.04272199
0.048894577
0.049375447
0.049664249
0.049797771
0.05081866
0.051823726
0.054629085
0.059472489
0.065860116
0.051944748
0.05123134
0.056240028
0.069911338
0.065367694
0.074643599
0.066036318
0.057698215
0.053318976
0.050633733
0.049478959
0.048969768
0.048428103
0.048192422
0.048196231
0.048345264
0.04833787
0.047939296
0.046681917
0.043124105
0.033454277
0.012563213
0.0025787121
0.011603216
0.011834621
0.014679656
0.018002965
0.022889565
0.031227565
0.045176013
0.048931379
0.049387748
0.049671152
0.049819917
0.050863306
0.051915347
0.054779681
0.059801549
0.066476509
0.053599256
0.051257147
0.056408188
0.072847733
0.067746791
0.076277496
0.066745495
0.058095496
0.053522431
0.050743047
0.049546152
0.049028307
0.048452838
0.048200998
0.048198742
0.048343371
0.048335906
0.047935268
0.046682756
0.04315234
0.033573104
0.012805755
0.0029151536
0.011958881
0.012838769
0.01580848
0.019618718
0.024355384
0.032627208
0.046594344
0.048968184
0.049401906
0.049684039
0.049849753
0.050911628
0.052015449
0.05494364
0.06014761
0.067103327
0.054542004
0.051282676
0.056598237
0.076327646
0.07058454
0.07844636
0.067467226
0.058494955
0.053728332
0.050853783
0.049613029
0.04907898
0.048480321
0.048211934
0.048201577
0.048341924
0.048332844
0.047928931
0.046679631
0.043174415
0.033692038
0.013060978
0.0032625149
0.012578675
0.014007208
0.01705727
0.021368477
0.026364922
0.034951908
0.047520445
0.049006062
0.049418472
0.049702863
0.049887331
0.050964914
0.05212419
0.055112559
0.060501388
0.06773579
0.055757312
0.051310021
0.056811099
0.079136469
0.072831418
0.079799751
0.068201699
0.058903771
0.053939452
0.050970811
0.049684764
0.04913807
0.048501753
0.048225037
0.048203604
0.048340158
0.048328363
0.047920153
0.046673568
0.043189752
0.03380795
0.011694105
0.0036052546
0.01350289
0.015413418
0.018570969
0.023095015
0.02870734
0.037525839
0.048192563
0.049045349
0.04943904
0.049727478
0.049933319
0.051024584
0.052239337
0.05529048
0.060866734
0.068383583
0.056950014
0.05133936
0.057049123
0.08222101
0.075236463
0.081195612
0.068947323
0.05931859
0.054155554
0.051090397
0.04975963
0.04920029
0.048514818
0.048239234
0.048212285
0.048343321
0.0483169
0.047882055
0.046575821
0.04293449
0.033053865
0.011061769
0.0041445453
0.00364907
0.013532981
0.017649485
0.020395869
0.024998229
0.031080521
0.039512541
0.048257861
0.049085718
0.049464472
0.049757441
0.049987301
0.051091383
0.052363501
0.055476307
0.061240172
0.069041095
0.058738715
0.051371114
0.057316084
0.085617626
0.078038592
0.082635553
0.069706422
0.059737036
0.054373206
0.051213513
0.049837138
0.049262994
0.048567034
0.048255089
0.048217861
0.048344097
0.048313239
0.047873873
0.046568536
0.042939926
0.033091924
0.011907882
0.0040497361
0.0039125094
0.013984844
0.019591923
0.022508747
0.027164274
0.03343942
0.041121956
0.048319746
0.049127441
0.049495052
0.049792802
0.050048403
0.0511649
0.052495668
0.055667897
0.061620761
0.069706675
0.060043869
0.051405179
0.057615521
0.089338447
0.081040552
0.084121492
0.070477861
0.060162532
0.054596358
0.051339584
0.049923353
0.049333247
0.048600152
0.048271232
0.048225911
0.048346313
0.048310743
0.047866973
0.046561275
0.042936536
0.03303871
0.01154449
0.0039693736
0.0041238472
0.014359804
0.023304743
0.025523959
0.030022434
0.036154997
0.04306454
0.048384202
0.049172454
0.049530075
0.049833262
0.050115275
0.051244527
0.052634459
0.055866498
0.062005632
0.070374591
0.062099498
0.051442099
0.057947387
0.092179612
0.084463155
0.085655545
0.071259338
0.060590991
0.054820146
0.051468842
0.050002037
0.049402553
0.048637334
0.04829226
0.048236406
0.048350289
0.048310044
0.047862407
0.046554713
0.04292034
0.032910123
0.011059642
0.0038995206
0.0042937231
0.01465992
0.025020434
0.029585325
0.033732679
0.039425115
0.045620064
0.048447475
0.049219856
0.049568157
0.049877599
0.050185799
0.051330207
0.052779952
0.056073472
0.062398214
0.071051947
0.063451237
0.051481591
0.058320079
0.094815296
0.088112075
0.087239251
0.072054629
0.061025142
0.055048387
0.051600859
0.050093003
0.049472256
0.048675127
0.048315978
0.048248924
0.048356249
0.048311598
0.047860824
0.046548471
0.042893883
0.032733869
0.010539357
0.0038396906
0.0044346871
0.014904533
0.025245361
0.033566953
0.038164462
0.043167713
0.046921867
0.048509316
0.049268657
0.049609004
0.049925944
0.050259625
0.05142171
0.052929268
0.056285643
0.062798695
0.071737623
0.0649252
0.051523867
0.058739954
0.097565399
0.092195022
0.088876121
0.072859608
0.061463225
0.05528007
0.05174375
0.050180614
0.049547838
0.048713349
0.048346908
0.048263198
0.048364329
0.048315667
0.04786189
0.046543326
0.042860264
0.032532243
0.010030921
0.0037878076
0.0045549916
0.015104889
0.025432632
0.033738191
0.040120199
0.044333732
0.047000951
0.048569272
0.049318043
0.049652414
0.049976712
0.050339416
0.051523113
0.053082535
0.056504842
0.063201664
0.07243025
0.066559467
0.051569108
0.059221836
0.10043683
0.094910494
0.090566735
0.073676924
0.061906207
0.055514903
0.051881138
0.050269884
0.049623125
0.048752781
0.048370385
0.048280252
0.04837472
0.048322354
0.04786546
0.046539425
0.04282203
0.032319383
0.0095564899
0.0037422465
0.0046597719
0.015271991
0.025590861
0.033886142
0.040235683
0.044424895
0.047073353
0.048627096
0.049367042
0.049697821
0.050029363
0.050421443
0.051629939
0.053247048
0.056728859
0.063609001
0.073131648
0.068346498
0.051617628
0.059750853
0.10343532
0.097434801
0.092313743
0.074505158
0.062352178
0.055752074
0.052014459
0.050364374
0.049701309
0.048795342
0.04839527
0.048300282
0.048387575
0.048331649
0.047871425
0.046536371
0.042780449
0.032100475
0.0091244704
0.0037018514
0.0047522745
0.015413736
0.025726343
0.034015549
0.040336572
0.044506669
0.047139313
0.048682589
0.049414895
0.049745172
0.050083712
0.050505028
0.05174067
0.053415252
0.056971051
0.064036378
0.073845123
0.069150516
0.051685389
0.060341168
0.10656885
0.10007135
0.0941203
0.075346746
0.062803056
0.055992171
0.052161193
0.050460258
0.049782529
0.048840556
0.04842114
0.048321717
0.048402962
0.048343534
0.047879596
0.046533938
0.042736247
0.031880341
0.008736845
0.003665737
0.0048357538
0.01553745
0.025846278
0.034129585
0.040424779
0.044580406
0.047199325
0.048735523
0.049461367
0.049794281
0.050139747
0.050589862
0.051854387
0.053586446
0.057219383
0.06446928
0.074560494
0.06989946
0.051765537
0.060998737
0.10984484
0.10282688
0.095983144
0.076198892
0.063261429
0.056234918
0.052307445
0.050559058
0.049867344
0.048888322
0.048449923
0.0483462
0.048420931
0.048357907
0.047889615
0.046531943
0.042689977
0.031661975
0.0083921845
0.0036331935
0.0049125969
0.015647531
0.025953891
0.0342305
0.040502291
0.044647454
0.047253976
0.048785777
0.049506765
0.049844711
0.050197239
0.05067613
0.051970492
0.053760136
0.057473131
0.064907574
0.075284046
0.070653182
0.051822023
0.061736741
0.11327301
0.10570643
0.097867161
0.07706378
0.063720851
0.056489118
0.052455062
0.050660453
0.049954896
0.048939557
0.048482099
0.048373174
0.048441463
0.048374565
0.04790117
0.04653037
0.042641632
0.031446452
0.0080869515
0.0036036667
0.0049838594
0.015746234
0.026050541
0.034319724
0.040570575
0.044708779
0.047303864
0.048833452
0.0495516
0.049895719
0.050256248
0.050763969
0.052088526
0.053935963
0.057731154
0.065351139
0.076015322
0.071418156
0.051881158
0.06253944
0.11686199
0.1087166
0.099774454
0.077938417
0.064186544
0.056734805
0.052603744
0.050763681
0.050043919
0.048995159
0.048509102
0.048402683
0.048464376
0.048393201
0.047913985
0.046529184
0.04259134
0.031233974
0.0078167862
0.0035767452
0.0050497593
0.015834278
0.026137287
0.034397965
0.040630722
0.044764877
0.047349592
0.04887878
0.049596175
0.049947251
0.050316744
0.050853294
0.052208367
0.054113762
0.057992801
0.06579996
0.076753223
0.072194776
0.051943388
0.063423107
0.12062304
0.11186512
0.10169666
0.078830364
0.064656406
0.05698979
0.052754573
0.050870128
0.050134311
0.049054435
0.048544137
0.048434704
0.048489373
0.048413459
0.047927822
0.046528294
0.042539989
0.031025009
0.007577366
0.0035532323
0.0051106549
0.015914514
0.026216551
0.034464735
0.040684061
0.044816044
0.047391777
0.048921944
0.04964039
0.049999286
0.050378915
0.050943956
0.052329831
0.054293236
0.05825751
0.06625376
0.077497508
0.072983298
0.052008472
0.064394201
0.12456587
0.11515967
0.10364202
0.079736791
0.065132548
0.057242418
0.052909935
0.050978959
0.050226692
0.049116442
0.048579924
0.048468948
0.048516137
0.048435013
0.0479425
0.046527572
0.042488305
0.030820238
0.0073648873
0.0035347143
0.0051671882
0.015988271
0.026288866
0.034523365
0.040732146
0.044862616
0.047431008
0.048962987
0.049684029
0.050051696
0.050442721
0.051035685
0.052452887
0.054474186
0.05852503
0.066712363
0.078247604
0.073784013
0.052076828
0.065471632
0.12870317
0.11860927
0.1056047
0.080659982
0.065614244
0.057500736
0.053067597
0.051089871
0.050321207
0.049180785
0.048618086
0.048504847
0.048544372
0.048457614
0.047957883
0.046526911
0.042437037
0.03061997
0.0071758731
0.0035223216
0.005220186
0.016055526
0.026356058
0.034576228
0.040775929
0.044904979
0.047467799
0.049001865
0.04972686
0.050104222
0.050508138
0.051128279
0.052577393
0.054656331
0.058794956
0.067175328
0.079003403
0.074597188
0.052148192
0.066636897
0.13304897
0.12222349
0.10758742
0.081596551
0.06610326
0.0577632
0.053228072
0.051202896
0.050417794
0.049245701
0.048659139
0.048541794
0.048573826
0.04848109
0.047973852
0.046526269
0.042386089
0.030424021
0.0070073356
0.0035169444
0.0052703457
0.016117765
0.026416225
0.034623408
0.040815925
0.044943481
0.047502544
0.049038563
0.049768732
0.050156515
0.050574001
0.05122149
0.052703466
0.054839505
0.059067334
0.067642392
0.079764369
0.075423122
0.052223015
0.067910814
0.13761568
0.12601259
0.10959286
0.082549019
0.066598613
0.058027841
0.053391613
0.0513182
0.050516023
0.049310317
0.048703143
0.048579509
0.04860433
0.048505316
0.047990294
0.046525664
0.042335406
0.030232255
0.0068564058
0.0035193203
0.0053179057
0.016175872
0.026470175
0.034665848
0.040852628
0.044978367
0.047535503
0.049073177
0.049809536
0.050208239
0.050640301
0.051315191
0.052830856
0.055023513
0.059341957
0.06811307
0.080530475
0.076262087
0.052301025
0.06931591
0.14241932
0.12998787
0.11161927
0.083516038
0.067097382
0.058296687
0.053557962
0.051435397
0.050615583
0.049374682
0.048749731
0.048618051
0.048635803
0.048530193
0.048007104
0.046525142
0.042285059
0.030044856
0.006720721
0.0035300508
0.0053627008
0.016229387
0.02651964
0.034704752
0.040886508
0.045009828
0.047566817
0.04910593
0.049849309
0.050259134
0.050706751
0.051409195
0.052958901
0.055208281
0.05961902
0.068587134
0.081301165
0.077114386
0.052382699
0.070831416
0.14747796
0.13416208
0.1136735
0.084498218
0.067605883
0.058569211
0.053727627
0.051554604
0.050716261
0.049439478
0.048798118
0.048657589
0.048668212
0.048555626
0.048024185
0.046524718
0.042235141
0.029862122
0.0065984056
0.0035495003
0.005404459
0.016278204
0.026562924
0.034739676
0.040917875
0.045038135
0.047596544
0.049137137
0.049888129
0.05030908
0.050773328
0.051503436
0.053087149
0.055393722
0.059898141
0.069064159
0.082076445
0.077980295
0.052467755
0.07248229
0.15280719
0.138548
0.11575251
0.08549647
0.06811973
0.05884466
0.053899701
0.051675636
0.050818055
0.049505371
0.048848203
0.048698227
0.04870152
0.048581513
0.048041451
0.046524354
0.042185653
0.029684157
0.0064878392
0.003577838
0.0054431027
0.016322558
0.026600612
0.034771697
0.040946913
0.04506373
0.047624704
0.049167167
0.049926084
0.05035808
0.050839722
0.051597769
0.053215448
0.055579846
0.060179535
0.069544031
0.082855756
0.078860122
0.052556698
0.074295214
0.158419
0.14315564
0.1178618
0.08651234
0.068638413
0.059122935
0.054073863
0.05179827
0.050920457
0.049572966
0.048898747
0.048739971
0.048735654
0.048607753
0.048058835
0.046523993
0.042136546
0.029510797
0.0063875194
0.0036151982
0.0054789184
0.016362864
0.026632997
0.034800537
0.040973492
0.045087217
0.047651323
0.049196376
0.049963269
0.050406254
0.050905919
0.051692169
0.053343634
0.055766631
0.060462605
0.07002643
0.08363915
0.079754146
0.052649241
0.076240997
0.16416485
0.14785507
0.11999888
0.087543139
0.069162602
0.05940435
0.054249719
0.051922353
0.051023529
0.049642564
0.048958744
0.048782757
0.04877049
0.048634254
0.048076294
0.046523599
0.042087826
0.029341821
0.0062962312
0.0036617972
0.0055124402
0.016399608
0.026661675
0.034827786
0.040998161
0.045109242
0.047676476
0.049225056
0.049999782
0.050453532
0.050971615
0.05178652
0.053471661
0.055954124
0.060747618
0.070511378
0.08442614
0.080662683
0.052745907
0.078333125
0.16977689
0.1525254
0.12216786
0.088589947
0.069693863
0.059689116
0.054427295
0.052047709
0.051127154
0.049714106
0.04900953
0.048826489
0.048805849
0.048660938
0.048093797
0.046523165
0.042039549
0.029177124
0.0062130124
0.0037179024
0.0055441815
0.016433246
0.026687378
0.034853277
0.041021342
0.045130246
0.047700283
0.049253378
0.05003572
0.050500145
0.051036856
0.051880815
0.053599467
0.056142318
0.061033884
0.070998659
0.085216848
0.081586018
0.052846411
0.080584767
0.17524918
0.15716118
0.12436654
0.08965394
0.070232
0.059976464
0.054606416
0.052174209
0.051231401
0.049787303
0.049061051
0.048871006
0.048841523
0.04868774
0.048111309
0.046522692
0.041991661
0.029016669
0.0061370667
0.003780899
0.0055745176
0.016464525
0.026710649
0.034876914
0.041042719
0.045150364
0.047722898
0.049281352
0.050071154
0.050546317
0.051101399
0.051974955
0.053727099
0.056331266
0.061321829
0.071488412
0.086010766
0.082524473
0.052951295
0.082950331
0.18058094
0.16175982
0.12659187
0.09073436
0.070776142
0.06026713
0.054787064
0.052301694
0.051335858
0.049861682
0.049113529
0.04891596
0.048877315
0.048714608
0.048128794
0.046522134
0.041944188
0.028860368
0.0060677144
0.0038453117
0.0056037256
0.016494281
0.026732132
0.034898363
0.041061648
0.045169588
0.047744494
0.049308852
0.050106128
0.050592222
0.051165398
0.052068935
0.053854563
0.056520948
0.061610851
0.071980497
0.08680811
0.083478343
0.053060273
0.085442907
0.18576798
0.16631773
0.12884925
0.091832808
0.071326609
0.060560261
0.054969113
0.052430144
0.051440784
0.049936766
0.049167289
0.048963462
0.048913083
0.048741514
0.04814622
0.046521407
0.041897147
0.028708052
0.0060043264
0.0039112399
0.0056320374
0.016522822
0.026753038
0.034918717
0.041078562
0.045187927
0.047765251
0.049335686
0.050140664
0.050637963
0.051228699
0.052162664
0.053981959
0.056711411
0.061901486
0.072475141
0.087608409
0.084447963
0.053173906
0.088074277
0.1908066
0.17082938
0.13113261
0.09295012
0.071881895
0.060856667
0.055152528
0.052559526
0.051545707
0.05001228
0.049222488
0.049008877
0.048948725
0.048768464
0.048163575
0.046520595
0.041850529
0.028559534
0.0059462943
0.0039787895
0.0056595664
0.016550373
0.026773366
0.034939267
0.041094666
0.04520543
0.047785344
0.049361703
0.050174783
0.050683588
0.051291565
0.052256143
0.054109313
0.056902603
0.062193273
0.072972235
0.088412017
0.08543364
0.05329191
0.090794616
0.19569574
0.17529613
0.13344696
0.09408411
0.072444322
0.061155474
0.055337166
0.052689649
0.051650881
0.050088212
0.049279119
0.049054496
0.048985504
0.048795501
0.048180871
0.046519891
0.041804312
0.02841465
0.0058930441
0.0040480059
0.0056861365
0.016576797
0.026792732
0.034959442
0.041110449
0.045222097
0.047804907
0.049386866
0.050208517
0.050729106
0.051353892
0.052349304
0.054236738
0.057094558
0.062486732
0.073472056
0.089218459
0.086435726
0.053414864
0.093616998
0.2004374
0.17971313
0.13578924
0.095236213
0.073012517
0.06145753
0.055523302
0.052820562
0.051756102
0.050164675
0.049337107
0.049100071
0.049020979
0.048822648
0.048198136
0.046519206
0.041758459
0.028273241
0.0058441072
0.004118832
0.0057115599
0.016601775
0.026811021
0.034979692
0.04112568
0.045237857
0.047824024
0.049411265
0.050241914
0.050774519
0.051415995
0.052442172
0.054364242
0.057287191
0.06278145
0.073974487
0.090028231
0.087454541
0.053542485
0.096552992
0.20502541
0.18407615
0.13815593
0.096408693
0.073587105
0.061761898
0.05571025
0.052952088
0.051861173
0.050241756
0.049396356
0.049145396
0.049056504
0.048855162
0.048215446
0.046518483
0.041712926
0.02813514
0.0057989914
0.0041911346
0.0057359566
0.016624919
0.026828088
0.034999033
0.041140165
0.045252644
0.047842727
0.049435063
0.050275022
0.050819822
0.051477761
0.052534712
0.054491925
0.05748052
0.063077836
0.074479804
0.09084078
0.088490456
0.053675374
0.099551069
0.2094653
0.18838283
0.14055169
0.097597704
0.074167912
0.062069611
0.055898391
0.053084247
0.051966493
0.050319478
0.049456808
0.049190227
0.049092027
0.048882725
0.048244276
0.046517729
0.041667676
0.028000193
0.0057573368
0.004264798
0.0057595366
0.01664639
0.026843608
0.035017231
0.041153784
0.045266465
0.047861015
0.049458419
0.05030787
0.050865018
0.051539499
0.052626978
0.054619757
0.057674429
0.063375481
0.074987842
0.091656737
0.089543809
0.053813248
0.10262532
0.21375574
0.19263349
0.14297331
0.098806066
0.074755809
0.062380053
0.056087875
0.053216955
0.052071948
0.050397875
0.049518395
0.049234287
0.049127621
0.048910593
0.048262169
0.046545107
0.041623311
0.027868267
0.0057188699
0.0043397698
0.0057822344
0.016666439
0.026857699
0.03503408
0.041166706
0.045279416
0.047878875
0.049481424
0.05034046
0.050910092
0.051601046
0.052718961
0.054747814
0.057868922
0.063674739
0.075498841
0.092475382
0.090614993
0.053956729
0.10578663
0.21789827
0.19681957
0.14541641
0.10003483
0.075351635
0.062693257
0.056278168
0.053350205
0.05217758
0.050476992
0.04958096
0.049277408
0.049163346
0.048938754
0.048279402
0.04654404
0.041644668
0.027866586
0.0056835394
0.0044160375
0.0058040336
0.016685406
0.026870821
0.035049864
0.04117922
0.045291643
0.047896296
0.049504087
0.050372775
0.050955021
0.051662688
0.052810733
0.054876031
0.058063862
0.063975203
0.07601256
0.093297475
0.091704361
0.054105536
0.10898532
0.22189552
0.20094183
0.14788566
0.10128122
0.075954125
0.063009233
0.056469795
0.053484019
0.052283621
0.050556938
0.049644238
0.0493196
0.049199277
0.048967192
0.048296656
0.046542652
0.041598616
0.027744924
0.0057111829
0.0044806133
0.0057962142
0.016703262
0.0268834
0.035064227
0.041191268
0.04530328
0.04791328
0.04952636
0.050404785
0.050999766
0.051724201
0.052902292
0.055004467
0.058259248
0.064277251
0.076529194
0.094122508
0.092812333
0.054260316
0.11223458
0.2257485
0.20499929
0.15037778
0.10254875
0.076563631
0.063327855
0.056662379
0.053618295
0.052389737
0.050637903
0.049707764
0.049361057
0.049235471
0.048995846
0.04831391
0.046541263
0.041552904
0.027616879
0.0056785522
0.0045578915
0.0058170398
0.016719934
0.026895315
0.035077263
0.041202688
0.045314446
0.04792984
0.049548188
0.050436469
0.051044289
0.051785856
0.052993724
0.055133037
0.058454941
0.064580475
0.077048443
0.094951022
0.093939277
0.054420786
0.1155473
0.22946006
0.20898816
0.15288962
0.1038341
0.077180648
0.063649316
0.0568557
0.053753011
0.052496182
0.050720085
0.04977099
0.04940211
0.049271929
0.049024625
0.048331146
0.046539813
0.041507464
0.027492103
0.0056485542
0.0046366285
0.0058370251
0.016735198
0.026905997
0.035089192
0.041213621
0.045325234
0.047945995
0.049569541
0.050467815
0.051088548
0.051847388
0.053085035
0.055261798
0.058650958
0.064885299
0.077570475
0.095782851
0.095085641
0.054587622
0.11887385
0.23303632
0.21291021
0.15542253
0.10514151
0.077806247
0.063973443
0.057050239
0.053888417
0.052603211
0.050803517
0.049833312
0.049443169
0.049308582
0.049053412
0.048348354
0.046538373
0.041462404
0.027370073
0.0056210582
0.0047168503
0.0058563192
0.016749086
0.026915469
0.035100042
0.041223995
0.04533569
0.047961759
0.049590429
0.05049882
0.051132525
0.051909069
0.053176329
0.055390666
0.05884719
0.065191347
0.078094971
0.096618091
0.096251807
0.054760539
0.1222297
0.23647568
0.216761
0.15797267
0.10646944
0.078438289
0.06430042
0.057245724
0.054024303
0.052710527
0.050888085
0.049894531
0.04948463
0.049345329
0.049082117
0.048365494
0.04653689
0.041417833
0.027250756
0.0055959375
0.0047985185
0.0058748132
0.016761828
0.026923986
0.035109667
0.041233683
0.045345845
0.047977134
0.049610897
0.050529487
0.051176202
0.051970612
0.053267613
0.055519703
0.0590437
0.065499029
0.078622108
0.097456568
0.097438254
0.054940243
0.12560772
0.23978722
0.22054285
0.16053729
0.10781545
0.079078234
0.064630064
0.057442172
0.054160676
0.052818356
0.050973453
0.049954716
0.04952676
0.049382038
0.04911064
0.048382568
0.046535418
0.041373518
0.027134675
0.0055730843
0.0048816101
0.0058928475
0.01677361
0.026931662
0.035118093
0.041242718
0.045355743
0.047992124
0.049631014
0.050559826
0.051219582
0.052032306
0.053358998
0.055648684
0.05924043
0.065808088
0.079151598
0.098298382
0.098645373
0.055126449
0.12902114
0.24296908
0.22425586
0.16312037
0.10918408
0.079727392
0.064962695
0.057639579
0.054297638
0.052926938
0.051059182
0.05001376
0.049569671
0.049418631
0.049138944
0.048399553
0.046533882
0.041329555
0.027021217
0.0055524216
0.0049662003
0.0059103422
0.016784491
0.026938782
0.035125401
0.041251226
0.045365443
0.048006734
0.049650857
0.050589854
0.051262665
0.052093855
0.053450472
0.05577793
0.059437499
0.066118767
0.079683646
0.099143379
0.099873678
0.055319895
0.13242383
0.24603117
0.22789331
0.16571852
0.11057079
0.080383122
0.065297974
0.057837925
0.054435238
0.053036078
0.051144892
0.050071634
0.049613404
0.04945507
0.049166994
0.048416439
0.046532304
0.041285796
0.026910356
0.0055338713
0.0050524052
0.0059273409
0.016794594
0.026945508
0.035131749
0.041259314
0.045374998
0.048020971
0.049670496
0.050619601
0.051305471
0.052155575
0.053542134
0.055907048
0.059634887
0.066431032
0.080218036
0.099991689
0.10112357
0.055520292
0.13583183
0.24897189
0.23145695
0.16832847
0.11198015
0.081049863
0.06563629
0.05803729
0.054573345
0.053145534
0.051230305
0.050128637
0.049657881
0.04949136
0.049194801
0.048433213
0.046530657
0.041242401
0.026802344
0.0055172991
0.0051402283
0.0059439509
0.016804154
0.026951752
0.035137233
0.04126703
0.045384436
0.04803484
0.049689991
0.050649106
0.051348023
0.052217165
0.053633934
0.056036529
0.059832747
0.066744868
0.080755009
0.1008432
0.1023956
0.055728419
0.13923927
0.25180164
0.23494891
0.17095057
0.11341005
0.081723132
0.06597843
0.058237676
0.054711983
0.053255746
0.051315216
0.050185073
0.049703017
0.049527536
0.049222397
0.048449865
0.046528898
0.041199033
0.026696109
0.0055025323
0.0052296283
0.0059603773
0.016813362
0.026957439
0.03514193
0.041274383
0.045393771
0.04804835
0.049709374
0.050678419
0.051390371
0.052278955
0.053725943
0.05616608
0.060031072
0.067060263
0.081294429
0.10169808
0.10369017
0.055943978
0.14265979
0.25451812
0.23836662
0.17358119
0.11486033
0.082406269
0.066322728
0.058439043
0.05485127
0.05336644
0.051399516
0.050241248
0.049748706
0.049563631
0.049249818
0.048466401
0.046527065
0.041155984
0.02659234
0.0054894258
0.0053204541
0.0059765991
0.016822305
0.026962543
0.035145978
0.041281372
0.045403013
0.048061515
0.049728629
0.050707582
0.051432569
0.052340588
0.053818068
0.05629601
0.060230029
0.067377636
0.081836555
0.10255625
0.10500789
0.056167793
0.1460511
0.25713323
0.24171708
0.17622101
0.11633081
0.083096707
0.06667009
0.058641403
0.054991225
0.053477632
0.051483125
0.050297407
0.049794827
0.049599676
0.049277106
0.048482835
0.046525159
0.041113044
0.026490081
0.0054778915
0.0054125432
0.0059926655
0.016831069
0.026967006
0.035149474
0.04128797
0.045412167
0.048074359
0.049747728
0.050736627
0.051474689
0.05240228
0.053910363
0.056426131
0.060429595
0.067696694
0.082381336
0.10341791
0.10634916
0.056399555
0.14942977
0.25964286
0.24498782
0.17886641
0.11781932
0.083797923
0.067021099
0.05884482
0.055131724
0.05358925
0.051566001
0.050353713
0.049841257
0.04963568
0.049304299
0.048499154
0.046523156
0.04107029
0.02639015
0.0054678792
0.0055057481
0.0060085434
0.016839702
0.026970743
0.035152442
0.041294117
0.045421231
0.048086918
0.049766706
0.050765563
0.051516773
0.052463911
0.054002701
0.056556587
0.060629933
0.068017909
0.082929006
0.10428301
0.10771462
0.05664014
0.15279074
0.26206133
0.24818812
0.1815217
0.11933009
0.084507912
0.067374559
0.059049729
0.055273063
0.053701246
0.0516481
0.050410275
0.049887878
0.049671652
0.049331416
0.048515377
0.046521099
0.041027623
0.026291648
0.0054593584
0.0056001224
0.0060242614
0.016848223
0.026973723
0.035154879
0.041299733
0.045430196
0.048099226
0.049785563
0.050794355
0.051558908
0.05252576
0.054095139
0.056687307
0.060830993
0.068340887
0.083479595
0.10515178
0.10910472
0.056889226
0.15614834
0.26438175
0.25131832
0.18417535
0.12086135
0.085226572
0.067731877
0.0592554
0.055414765
0.053813527
0.05172942
0.050467184
0.049934568
0.049707609
0.049358478
0.048531513
0.046518965
0.040984997
0.026195007
0.0054523182
0.0056957626
0.0060398209
0.016856655
0.026976011
0.03515681
0.041304737
0.045439046
0.048111314
0.049804272
0.050823
0.051601125
0.052587621
0.054187537
0.056818313
0.061032932
0.068666175
0.084033273
0.10602417
0.11052011
0.057147743
0.15946356
0.26662109
0.25437401
0.1868322
0.12241198
0.085955429
0.06809168
0.059462349
0.05555713
0.053925992
0.051810059
0.050524504
0.049981223
0.049743575
0.049385497
0.048547558
0.046516794
0.040942496
0.026099852
0.0054467401
0.0057927151
0.0060552144
0.016865004
0.026977702
0.0351583
0.041309112
0.045447762
0.048123208
0.049822793
0.050851492
0.051643478
0.052649802
0.054279982
0.056949655
0.061235672
0.068993254
0.084590138
0.10690044
0.11196127
0.057415353
0.16275367
0.26876925
0.25735575
0.18948764
0.12398294
0.086694902
0.068455682
0.059670747
0.055699933
0.054038516
0.051890227
0.050582247
0.050027775
0.049779584
0.049412474
0.048563537
0.046514597
0.040900147
0.026006467
0.005442626
0.0058908985
0.0060704321
0.01687325
0.02697886
0.035159411
0.041312904
0.045456323
0.048134932
0.0498411
0.050879828
0.051685951
0.052712023
0.054372328
0.057081139
0.061439357
0.069322774
0.085150275
0.10778059
0.11342891
0.05769305
0.1660135
0.27084716
0.26027531
0.19214384
0.12557266
0.087443327
0.068823069
0.059880101
0.055843363
0.054151034
0.051970126
0.050640369
0.050074182
0.049815677
0.049439419
0.048579442
0.046512307
0.040857681
0.025914511
0.0054399518
0.005990119
0.0060854475
0.016881368
0.026979516
0.03516017
0.041316201
0.045464698
0.04814651
0.049859196
0.050908019
0.051728547
0.052774635
0.054464709
0.057213163
0.061643894
0.069654084
0.085713827
0.1086648
0.11492351
0.057980476
0.16925873
0.27283862
0.26311492
0.19479573
0.12718273
0.088200715
0.069193269
0.06009093
0.05598727
0.054263442
0.052050093
0.050698766
0.050120452
0.049851885
0.049466336
0.048595285
0.046510022
0.040815412
0.025824036
0.0054387043
0.006090176
0.0061004204
0.01688934
0.02697972
0.035160585
0.041319111
0.045472854
0.048157977
0.049877138
0.050936092
0.051771221
0.052837286
0.054556976
0.057345202
0.061849399
0.069987948
0.086280818
0.10955335
0.11644581
0.058278693
0.17245263
0.27477195
0.26589177
0.197445
0.1288106
0.088969317
0.06956779
0.060302646
0.05613157
0.05437593
0.052130405
0.050757262
0.050166637
0.049888217
0.049493234
0.04861108
0.046507621
0.040773022
0.025734447
0.0054388814
0.0061910047
0.0061153761
0.016897158
0.026979576
0.035160675
0.041321748
0.045480763
0.048169368
0.049895029
0.050964074
0.051813989
0.052900383
0.054649309
0.057477891
0.062055777
0.070323595
0.086851339
0.11044583
0.11799635
0.05858732
0.17561483
0.27662183
0.26859858
0.20009197
0.13045913
0.089748686
0.069946176
0.060515962
0.05627625
0.054487961
0.052211254
0.050815683
0.050212807
0.049924663
0.049520105
0.048626826
0.046505163
0.040730719
0.025646347
0.0054404691
0.0062926331
0.0061302794
0.016904812
0.026979218
0.035160479
0.041324224
0.045488399
0.048180715
0.049912915
0.050992015
0.051856809
0.052963458
0.054741551
0.057610563
0.062263115
0.070661952
0.087425574
0.111344
0.11957588
0.0589075
0.17873778
0.27842517
0.27124288
0.20272917
0.13212421
0.090538111
0.070327398
0.060730062
0.056421267
0.054599821
0.052292787
0.050873952
0.050259027
0.049961191
0.049546945
0.048642508
0.046502619
0.040688373
0.025559466
0.005443467
0.0063950916
0.0061451302
0.016912308
0.026978793
0.035160068
0.041326623
0.04549574
0.04819203
0.049930828
0.051019975
0.051899706
0.053026977
0.054833918
0.057743879
0.062471298
0.071002063
0.088003004
0.11224548
0.12118499
0.059238816
0.18182839
0.28014543
0.2738137
0.2053562
0.13380999
0.091338675
0.070713587
0.060945778
0.056566333
0.054711738
0.052375029
0.050932049
0.050305364
0.049997757
0.049573752
0.048658118
0.04649994
0.040646118
0.025473988
0.0054478668
0.0064984073
0.006159904
0.016919711
0.02697842
0.035159532
0.041328996
0.045502763
0.048203303
0.049948784
0.051047999
0.05194261
0.053090292
0.054926229
0.057877396
0.06268036
0.071345164
0.088584804
0.11315154
0.12282445
0.059582494
0.1848818
0.28182854
0.27632323
0.20797179
0.13550954
0.092148728
0.07110344
0.061162587
0.056712086
0.054823298
0.052457902
0.050989996
0.050351845
0.050034323
0.049600513
0.048673655
0.046497109
0.040603781
0.025389587
0.0054536704
0.0066026
0.0061745506
0.016927054
0.026978186
0.035158965
0.041331368
0.045509447
0.048214503
0.049966775
0.051076108
0.051985471
0.053154157
0.05501872
0.058011618
0.062890162
0.071690613
0.089169444
0.11406381
0.12449432
0.059938084
0.18774019
0.28330813
0.27860147
0.21045823
0.13717756
0.092953665
0.071491902
0.061377225
0.056856079
0.054934999
0.052541242
0.051047851
0.050398465
0.050070846
0.049627213
0.048689103
0.04649419
0.040561454
0.025306784
0.0054609419
0.0067080442
0.0061887495
0.016934339
0.026978133
0.035158425
0.041333746
0.04551578
0.048225588
0.049984772
0.051104285
0.05202805
0.05321732
0.055110241
0.058145306
0.063098362
0.072035401
0.089749334
0.11496733
0.12616518
0.060303654
0.00068473147
0.00028625094
0.00074745144
0.00068466847
0.0011378593
0.0025529536
0.00025538383
0.0008880347
0.0011508769
0.0015370352
0.0013018605
0.0019378267
0.0031820285
0.0020784374
0.0015534867
0.0020834422
0.0031402796
0.0022173837
0.004238615
0.0023888068
0.0030961713
0.0022050697
0.0059509713
0.0033710896
0.0044362519
0.0081069205
0.004683957
0.0053019169
0.010120171
0.0053420779
0.0054955977
0.012120926
0.00065255787
0.0055555323
0.0057571726
0.00067395277
0.012006049
0.00065028443
0.00079118716
0.0058306569
0.0060789426
0.00087992698
0.011921954
0.00078500518
0.00094359192
0.0061719731
0.0064811471
0.0011965547
0.012000009
0.00096258449
0.0011223488
0.006591946
0.0069433658
0.0016985891
0.012212266
0.0011503831
0.0013577158
0.00706707
0.0074573147
0.0019309048
0.012289051
0.0013918674
0.0016319363
0.0075931439
0.0080125141
0.0021986566
0.012516123
0.0016688348
0.0017114386
0.012745211
0.00175453
0.0018974164
0.012989199
0.0019492183
0.0021139261
0.013268129
0.0021721755
0.0023492638
0.0022376534
0.0086667332
0.0024073485
0.0025051531
0.0035926351
0.0017045397
0.0013528147
0.00033934304
0.00022178647
0.0012203397
0.00061594478
0.0006615525
0.00051420676
0.0015760992
0.0014967267
0.0016832935
0.0022212001
0.0021623118
0.0020622575
0.0019947135
0.0019584414
0.0019202063
0.0019568472
0.0020380819
0.0021174618
0.0022663809
0.0019330404
0.00067498568
0.0020671739
0.0021186394
0.0007870179
0.002292347
0.0023555868
0.0010882213
0.0025644975
0.0026396056
0.0013225379
0.008155337
0.0085925717
0.0024982016
0.0036191056
0.0035490735
0.0087405729
0.0091876379
0.0028289667
0.0032495005
0.0029964076
0.009336372
0.0097796733
0.0031749551
0.0031844869
0.0030526573
0.0028796581
0.0027994448
0.00022805225
0.00031104464
0.00028780394
0.00076080161
0.00019036115
0.00021710247
0.00084176805
0.00079825149
0.00087625504
0.0011100914
0.0014748663
0.0018646005
0.0018866606
0.0023367642
0.0018595366
0.0021748629
0.0021604383
0.0023887854
0.0022372445
0.0021859439
0.002873147
0.0023766134
0.0035866268
0.0032264125
0.0027104295
0.0022112746
0.0020486887
0.0020043126
0.0040925314
0.0038780406
0.0059230635
0.0060213611
0.0019503706
0.0019230052
0.0057028276
0.0058809375
0.0054472803
0.0056666474
0.0019844314
0.0020219262
0.0053227204
0.0053850289
0.0049932061
0.0052873127
0.0021423219
0.0022308952
0.0049313185
0.004956021
0.0049045148
0.0049255158
0.00067274254
0.0019744225
0.0020200502
0.004606719
0.0048847282
0.0045289238
0.0045568531
0.00074139866
0.00074338518
0.00079735134
0.0021721381
0.0022308176
0.0045079907
0.0045248555
0.0044963198
0.0045034811
0.00084455174
0.00085172069
0.0011129749
0.0024221873
0.0024917561
0.0044832821
0.004494861
0.0045008697
0.0044772546
0.0010671183
0.0010811924
0.0013546899
0.002716823
0.0027952902
0.0047662786
0.0045372799
0.0048261899
0.004810763
0.0012337066
0.0012642676
0.0048046241
0.0048224999
0.004805768
0.004802354
0.0014912117
0.0015262225
0.0049828204
0.0048164712
0.0051242168
0.0050581821
0.0016335827
0.0024871917
0.0032057159
0.0025282165
0.0016708817
0.0036171545
0.0051632976
0.0051304594
0.0053843063
0.0052043574
0.0018001836
0.0027202209
0.0031911864
0.002579907
0.0026854288
0.0018477614
0.0035183502
0.0032951401
0.0054557176
0.0054176654
0.005631528
0.0054776135
0.0020023222
0.0024525298
0.0025455106
0.0033584738
0.0032317401
0.0057640623
0.0056836559
0.0059508995
0.0058037108
0.0030156946
0.0029107757
0.0060439498
0.0059846112
0.0013884382
0.0017981677
0.0023571066
0.0013651763
0.00102277
0.0013519071
0.0012850622
0.0017210572
0.0010181847
0.00097443017
0.0030406982
0.003870454
0.0031580128
0.00094487611
0.00093753074
0.0040028518
0.0042318321
0.0038473068
0.00091158502
0.00090596956
0.0083009577
0.010063804
0.012697511
0.0074288865
0.0081855098
0.0090753607
0.0010133867
0.0010426535
0.010632867
0.01272706
0.015563389
0.0080126783
0.0079838133
0.011023766
0.0012210574
0.001250637
0.01355623
0.015389049
0.018523433
0.0077959828
0.0075509236
0.012241938
0.0012561162
0.0012784583
0.00073847316
0.016442452
0.017800407
0.021244383
0.0073851402
0.0073711826
0.011939955
0.0015046967
0.0015404247
0.0010428215
0.017803989
0.017892178
0.030123921
0.007357591
0.0073564967
0.011936636
0.017943905
0.018084336
0.028780815
0.0074495768
0.0075217214
0.012130017
0.0028771687
0.0029624289
0.0018095101
0.018110265
0.018188803
0.031931726
0.0075734914
0.0075680015
0.012243547
0.0032335601
0.0033278388
0.002060556
0.018233035
0.018394341
0.033424627
0.00762716
0.0076939551
0.012399643
0.003331345
0.0040782779
0.0099249184
0.010350201
0.0035216009
0.0038563598
0.0040690051
0.0022887974
0.0023796536
0.011962632
0.0025522626
0.0026784084
0.0040713048
0.0005956819
0.00050557071
0.00020316914
0.0015213311
0.0015553878
0.0010228678
0.00031009319
9.7561764e-05
0.00085293879
0.00087792196
0.00079989639
0.00071992768
0.0011591867
0.0012583993
0.0024471458
0.0011055487
0.0010624573
0.0031231668
0.0021997836
0.0034716211
0.002923891
0.0031219777
0.0025428783
0.0020825791
0.0033705533
0.0034040943
0.0028732847
0.00095271036
0.00094625634
0.0021184895
0.0036893275
0.0037721408
0.0033813318
0.0034246588
0.0037437717
0.0033104348
0.0033392304
0.0032677774
0.0032850408
0.0041113299
0.00091898678
0.00091339966
0.0032824142
0.0033741316
0.0028781466
0.0031005722
0.0010129348
0.0010120537
0.0028497219
0.0028570127
0.0023852198
0.0026634768
0.0096249482
0.0083205586
0.0081003951
0.0011426307
0.0012025735
0.0023724047
0.0023801847
0.0023833815
0.0023773453
0.011566461
0.0079612487
0.0079219951
0.00064338475
0.0011907422
0.0012246093
0.0023867808
0.0023861946
0.0016830273
0.0016931732
0.012084527
0.0074345909
0.0074024899
0.00069690545
0.00074566322
0.00082572449
0.0014349822
0.001470246
0.0016422289
0.001683243
0.0015424455
0.0015602886
0.01192624
0.0073613976
0.0073576218
0.0008108387
0.00090954743
0.0015305668
0.0015415713
0.0013326118
0.0013823779
0.011958291
0.0073607946
0.0073889575
0.0010015332
0.0018930277
0.0018809772
0.0011017838
0.0014712626
0.0013263286
0.0018008202
0.0018458652
0.012181503
0.0075653287
0.0075768753
0.0011764617
0.0020546198
0.0019549052
0.0015063555
0.0016677838
0.0013270927
0.0018690066
0.0030502495
0.0031409049
0.0017353321
0.0017918471
0.0011297949
0.0011507436
0.012261465
0.0075729202
0.0075884423
0.0014234282
0.0014985648
0.0015014588
0.001108857
0.0011227806
0.0013705132
0.0013820986
0.012464749
0.0077588141
0.0077967602
0.0013571338
0.0013671297
0.0016472366
0.001570074
0.0016498742
0.001654579
0.001882966
0.0016970582
0.0022395505
0.0022445059
0.0020577567
0.0031544568
0.0019375261
0.001923378
0.0022129774
0.0021303407
0.0022302795
0.0022386168
0.0022372431
0.0022484215
0.0022412929
0.0022900946
0.0036867988
0.0039027493
0.0021975718
0.0022216574
0.0037253927
0.0036883758
0.0028295636
0.003793424
0.00030296195
0.00038358216
0.00032565299
0.0005646724
0.00045961401
0.00053163472
0.00049869617
0.0005581659
0.00074199569
0.0017468016
0.0012723495
0.0012052367
0.0022892106
0.00097163866
0.00096402458
0.0019803854
0.0014013734
0.0014089655
0.0013868523
0.0013946191
0.001971749
0.00093598688
0.00092920148
0.00090577512
0.00095777818
0.0010675423
0.0011156392
0.0010871309
0.0011210027
0.00074142437
0.0013061503
0.0013403073
0.001068129
0.0015772748
0.0016100898
0.0029796973
0.0030584981
0.0031438588
0.0031031463
0.0031375143
0.003494383
0.0036712537
0.0037992123
0.0035196584
0.0030943237
0.0039542952
0.0031621303
0.0042777321
0.0043959458
0.00021080685
0.0001660944
0.00010397206
0.00027893833
0.00014173918
0.000596993
0.00052476212
0.00073660025
0.0008456332
0.00054059096
0.0005477056
0.0015079144
0.00073018068
0.00090802799
0.000349213
0.0016730174
0.0011558533
0.0011108955
0.0022656059
0.0024377555
0.0027883366
0.0025474793
0.0028317366
0.0028978715
0.0020908707
0.00096188016
0.00095519084
0.0020306878
0.0014330449
0.0014416255
0.0014167227
0.0014241589
0.0020197253
0.0034920765
0.0035231074
0.0020867553
0.0034659991
0.0034934797
0.00092718545
0.00092137831
0.0019387416
0.0013733915
0.0013800837
0.0031361017
0.0031945608
0.0031181401
0.003132578
0.00098741378
0.0010115645
0.0028442662
0.0028493717
0.0053402814
0.0041224428
0.0041140801
0.0050748237
0.0037514404
0.003657898
0.0040951816
0.0040127936
0.0052143377
0.0028034235
0.0028422374
0.0011218914
0.001133809
0.0023723953
0.0023705102
0.0049346119
0.0036227905
0.0036031091
0.0036408122
0.0036259554
0.0049423976
0.0049144553
0.0035607383
0.0035391117
0.0035931027
0.0035677762
0.0049196669
0.0023764016
0.0023731983
0.0011503545
0.0011679071
0.00064687294
0.0017225578
0.0023807987
0.0047191176
0.0033750754
0.002748255
0.0035304722
0.0034670888
0.0048302436
0.0045316998
0.0026914197
0.0026821475
0.0027194585
0.0026954216
0.0045395394
0.0016953873
0.0017155553
0.00070247376
0.00074426539
0.0013716636
0.0014000631
0.00081366886
0.0015965139
0.0016361552
0.004513163
0.0026487488
0.0026301419
0.0026792319
0.0026560041
0.0045189956
0.0044982662
0.0026047344
0.0025921012
0.002624617
0.0026093824
0.004500661
0.0015627361
0.0015918877
0.0008274789
0.00089907134
0.001458097
0.001530833
0.0044894991
0.0025759079
0.0025469045
0.0025888688
0.0025810406
0.00449343
0.0044777077
0.0025072878
0.002494837
0.0025381723
0.0025144235
0.0044777671
0.0013898588
0.0014492418
0.0010160901
0.0010781153
0.0018938183
0.0018431134
0.0015807285
0.0047069023
0.0026497233
0.0027546904
0.0024959904
0.0025800961
0.0046148582
0.0048321142
0.002763519
0.0027453206
0.0027625667
0.002764146
0.0048201446
0.0018449528
0.0018492332
0.001771726
0.0018625998
0.0012037757
0.0017680113
0.0022418064
0.0024003793
0.0020443639
0.0022112192
0.0022213726
0.0020882263
0.0012945396
0.0016933128
0.0017520274
0.0016955365
0.0017289865
0.0048100614
0.0027108992
0.0027005147
0.0027378894
0.0027169997
0.0048153073
0.0047977513
0.0026567329
0.0026355631
0.0026964704
0.0026662474
0.0047996571
0.0011576827
0.0011782678
0.0020739087
0.0019809174
0.0021688987
0.0020949288
0.001872016
0.0018175757
0.0019636412
0.0018918119
0.0012740367
0.0011079773
0.0049032651
0.0030974113
0.0031720391
0.0026280958
0.003061471
0.0048513293
0.0051216515
0.0032455924
0.0032276031
0.0032330169
0.0032530794
0.0050948109
0.0013815893
0.001346111
0.0020822686
0.0020654526
0.0017982757
0.0021015345
0.0032971029
0.0020176313
0.0020025765
0.0020494755
0.0020323154
0.0030181814
0.0026774435
0.0026269743
0.0013501313
0.0013540247
0.0014886923
0.0013516634
0.0030530044
0.0019680068
0.0019595921
0.0019902267
0.0019778952
0.0030877087
0.0034396754
0.0033915739
0.0016421038
0.0016487352
0.0016672748
0.0016402802
0.0033179382
0.0032703185
0.0036910266
0.0033066311
0.0032779346
0.001929003
0.0019349853
0.002066158
0.0019357948
0.0040859869
0.0037179747
0.0029782109
0.0040221038
0.0040512607
0.0018279486
0.0018184818
0.00046534254
0.00042696461
0.00033703533
0.00089181875
0.00087284994
0.0030349548
0.0033867947
0.0017967527
0.0019540112
0.0023036022
0.00066929229
0.0066478316
0.0078792811
0.010310834
0.0052124275
0.0057545956
0.0070716185
0.0042218288
0.0049981516
0.0048749287
0.00067485223
0.00067070734
0.005158029
0.005710116
0.0060547289
0.0007994009
0.00080557773
0.00092495439
0.00093484861
0.00068882904
0.0018000713
0.0018387726
0.0012573792
0.018444697
0.018614406
0.033543096
0.0078258028
0.0078634877
0.012614073
0.018673098
0.018849514
0.033661505
0.0080400148
0.008078817
0.012859456
0.018688075
0.018185332
0.033779948
0.0082607358
0.0083148224
0.013125483
0.0035776473
0.0037151382
0.010484707
0.01040491
0.0035751876
0.00051242932
0.00019347928
0.00027839556
0.0010153606
0.0015017241
0.0011798665
0.00068696089
0.00090453268
0.00089135304
0.0021475744
0.0031065043
0.0025700827
0.0021226509
0.0019843939
0.0013390334
0.0015224366
0.0014010802
0.0013262319
0.002503061
0.0021881375
0.002034844
0.00068050289
0.00067163345
0.0028119877
0.0028665263
0.0023852321
0.0020448774
0.0030127645
0.0030828859
0.0026179082
0.0021676838
0.0027933161
0.0027971364
0.0023995004
0.0024020103
0.0023980613
0.0023991647
0.0017954736
0.0076515198
0.0062543213
0.0069148914
0.0049176406
0.0032857144
0.0032698689
0.0033279732
0.0033073625
0.0051075218
0.00067991985
0.00067597568
0.0053883585
0.0033867393
0.0033536362
0.0034630754
0.0034213794
0.0054393006
0.0007503608
0.00079137116
0.00063550643
0.00087790744
0.00090331182
0.00067186017
0.00077781877
0.00078687161
0.0010429749
0.0010486739
0.00092822638
0.0011683429
0.0017217536
0.0017596876
0.00097719211
0.0010341265
0.0010371235
0.0015122768
0.0015060269
0.0015966698
0.0021288181
0.0034247464
0.0035232823
0.0015492525
0.0015621206
0.012679616
0.0079268472
0.0079918603
0.0015489775
0.0015520845
0.0020772041
0.002194041
0.012922545
0.0081313721
0.0081977912
0.0020708564
0.0020675672
0.0019571463
0.0019490448
0.002357568
0.0038368091
0.0019727031
0.0019612836
0.002461306
0.0022651462
0.0022562216
0.00063744604
0.00085546989
0.0006029475
0.00034796749
0.00061877266
0.00087410435
0.00059578992
0.00058119762
0.001899232
0.0017209709
0.0023373437
0.00080538435
0.00076353817
0.00222317
0.0021120474
0.0014757254
0.0015121679
0.0014507766
0.001460974
0.0020860179
0.001921937
0.0013535813
0.0013557861
0.0013793802
0.0013612053
0.0019346689
0.0006879722
0.0020607099
0.0014386175
0.0014234759
0.0014792255
0.0014614448
0.0020917277
0.00072914937
0.0007304399
0.00078164924
0.00080858912
0.00076911156
0.00099650703
0.001017686
0.0035935933
0.0024590557
0.0035989551
0.0032119416
0.0034179285
0.0033838724
0.0028482952
0.0038735275
0.0039156632
0.004048749
0.0036198012
0.00060289915
0.00011646064
0.00016803581
0.00067582758
0.00035259259
0.00060573594
0.00077515466
0.00089469998
0.0018214544
0.0022057339
0.0030810876
0.00209201
0.0017248245
0.0017063218
0.00073144249
0.0007145809
0.0022233644
0.0017315264
0.0017842303
0.0016147784
0.0016911127
0.0022973243
0.0025769624
0.0030717129
0.0031577921
0.002003807
0.0025711846
0.0025711522
0.0025762195
0.002571364
0.0013610705
0.0013665401
0.0019317824
0.0020060631
0.0020477096
0.0057458525
0.0046956284
0.0046309874
0.0050861867
0.0048898278
0.0058211921
0.00554886
0.0044165106
0.0042076836
0.0046007837
0.0045557407
0.0056271804
0.0019461248
0.0019935179
0.00069201891
0.00069093298
0.0019990905
0.0014089437
0.0013991569
0.0014159453
0.0014125458
0.002013416
0.0041423909
0.0041283799
0.0053592192
0.00073029243
0.00072852383
0.0021658551
0.0015042612
0.0014916454
0.00082871865
0.00083549618
0.00066142529
0.0007290398
0.00074355849
0.0010354268
0.0010463469
0.00080271911
0.0012072723
0.0011456654
0.00084023108
0.00086615754
0.0012288258
0.0012258102
0.0016462628
0.0016838743
0.0011422668
0.0014969973
0.001497101
0.0014579083
0.0019984009
0.0025816119
0.0029987672
0.0028808064
0.0021985271
0.0023379979
0.0015607982
0.0015015543
0.0014984175
0.0022285134
0.0028334753
0.0028177317
0.0027922682
0.0026557338
0.0032312424
0.0025741163
0.0025424603
0.0027933038
0.0027486188
0.003548601
0.0015707786
0.0037009851
0.0051391785
0.0031888228
0.0031925106
0.0032109239
0.0031938617
0.005131187
0.0053422258
0.0033528529
0.0033874947
0.0032226114
0.0032853791
0.0052713758
0.0026140927
0.0019458433
0.0019434887
0.0019538832
0.0019485563
0.0026504403
0.0035060015
0.0028310676
0.0025903385
0.0034709233
0.0035300999
0.0033311433
0.001977267
0.0018891521
0.0054429048
0.0034067744
0.0034101077
0.0034019395
0.0034024651
0.0054293479
0.0055722815
0.0035026151
0.0035647698
0.0034225662
0.0034487356
0.0055167641
0.0021084898
0.0020163806
0.0019439468
0.001944791
0.0025132863
0.0021222828
0.0021060384
0.0036074049
0.0036232479
0.0057110352
0.0021325124
0.0021277968
0.0039544575
0.0039935114
0.0029461599
0.0024191504
0.0023694306
0.001146244
0.0010932285
0.0011020153
0.0011901166
0.0010686228
0.0011191769
0.00084306522
0.00081499757
0.0023042617
0.00098811602
0.00073257881
0.00079343832
0.00071779043
0.0007290834
0.00097883803
0.00094199302
0.0006717926
0.00067460185
0.00066893483
0.00067107676
0.00093971577
0.00090916092
0.0006632663
0.00066366901
0.00066244039
0.00066315116
0.00090716354
0.0010180563
0.00076351177
0.00076305916
0.00077574514
0.00076606297
0.0010254293
0.00066906622
0.00067194877
0.00080728192
0.0007548574
0.00068941324
0.00094223546
0.00094831317
0.0046369028
0.0042587512
0.0037627683
0.0038290079
0.0038798412
0.0036646849
0.0037210097
0.0039883676
0.0049550952
0.0046041622
0.00078005441
0.00047166738
0.00029221548
0.00017545901
0.00017816756
0.00016914563
0.00089355171
0.001578078
0.0012177079
0.00094157325
0.00096582087
0.00054165716
0.0020004022
0.0013699534
0.0017075219
0.0016750602
0.00069427505
0.00068316425
0.0010977169
0.00088401969
0.00089503988
0.00084250525
0.00088055144
0.0010869877
0.0024885067
0.0029495195
0.0029939451
0.0020558411
0.00094996969
0.00067881718
0.00068304189
0.00067512744
0.00067787093
0.00094805405
0.0027545293
0.0027877807
0.0021557635
0.0024029002
0.0024604195
0.00091673043
0.00066450185
0.00066478889
0.0006638476
0.00066442343
0.00091497261
0.0022681653
0.0023962269
0.0033398179
0.0029833632
0.0028605941
0.0030190951
0.0030109265
0.0033638992
0.0029496004
0.002312442
0.0020476685
0.0026073885
0.0024966008
0.0030521603
0.0018100722
0.0018433878
0.00068530646
0.00068114654
0.001011991
0.00071548364
0.00071702683
0.0007631476
0.00071510072
0.0010116812
0.0028497923
0.001912547
0.0018700913
0.002011885
0.0019330037
0.0028520958
0.0023927497
0.0015691009
0.0024386713
0.00072657065
0.00073821322
0.0023739677
0.0023767727
0.0023808351
0.0023790479
0.00084687828
0.00085796409
0.0006344553
0.0023913642
0.0023890771
0.0016869007
0.00168768
0.00067783015
0.00076703805
0.0016638907
0.0016721146
0.0015492495
0.0015508096
0.0007124089
0.00079452086
0.0013038753
0.0013447455
0.0012946595
0.001275451
0.0009177276
0.00105208
0.0011329192
0.0015355864
0.0015358318
0.0013526013
0.0013595492
0.0012688926
0.0012694336
0.0013283455
0.0012726038
0.0019465176
0.0013476702
0.0013422886
0.0013552311
0.0013506798
0.0019520779
0.0013242014
0.0013220454
0.0018338922
0.0018413881
0.0020892705
0.0013151624
0.0013101831
0.001334153
0.0013227883
0.0021261164
0.0017578226
0.0017651258
0.0011367829
0.0011437755
0.0011103255
0.001117097
0.0013743132
0.001369596
0.0014226081
0.0012923858
0.0013517234
0.001377892
0.0013603752
0.0015050985
0.0014937543
0.0014397714
0.0014919667
0.0013636349
0.0016443124
0.0016102246
0.0016081447
0.0016474577
0.0016128913
0.001613741
0.001566958
0.0013718328
0.0016560858
0.0015643819
0.0016522034
0.0016085553
0.0016098109
0.0016079645
0.0016083712
0.0016516205
0.0018308855
0.0015089647
0.0015189739
0.0014902361
0.0014956458
0.0017566721
0.0020692128
0.0023066692
0.0021311644
0.0028780933
0.0020837812
0.0020725849
0.0019423185
0.0015339127
0.0015366147
0.0015257127
0.0015305531
0.0019326528
0.0019533274
0.0019930677
0.0036813015
0.0035751442
0.0035388027
0.0039008889
0.0048954849
0.0037256745
0.0023243555
0.002315194
0.0018740578
0.0023060104
0.0022284007
0.0045058372
0.003829622
0.002156475
0.00030007543
0.00043574274
0.00019856836
0.00049964074
0.00045064238
0.00050910046
0.00032000929
0.00031583318
0.0013232541
0.0013833623
0.0018847314
0.0018145177
0.00081294986
0.00080759754
0.0009902748
0.0010482008
0.0012417588
0.002225821
0.0009687799
0.00070659601
0.00071495995
0.00069762142
0.00070418062
0.00096655475
0.00093419391
0.00066719634
0.00066853279
0.00066565891
0.00066677325
0.00093179141
0.00091390609
0.00066121589
0.00066216728
0.0006891119
0.00066183009
0.00092891548
0.00068425919
0.00072416468
0.0010901224
0.00081765527
0.00079727111
0.000832786
0.00082905422
0.0011083332
0.00075588111
0.00076313207
0.00095715207
0.00097338723
0.00075029622
0.0032364283
0.0035608604
0.003958525
0.0039210501
0.0041833778
0.00407174
0.0032170596
0.0037994457
0.0035051234
0.0032098525
0.0034807913
0.003880274
0.0038500196
0.0038314187
0.0039195205
0.0034993358
0.0036338444
0.0032760211
0.0044949407
0.0043840968
9.5030002e-05
0.00017793814
0.00012533766
0.00037546008
9.1200183e-05
0.00025671183
0.00024073047
0.00036169609
0.00048314135
0.00057847423
0.00042477152
0.00059554925
0.00060587472
0.0013943479
0.00077528963
0.00078844029
0.00088115645
0.0011313592
0.0018670538
0.0010712394
0.0011181832
0.0024804719
0.0022188632
0.0017542083
0.0011308065
0.00090429354
0.00091989238
0.00089825861
0.00090102136
0.001119946
0.00071076017
0.00069737087
0.0025577626
0.0027445403
0.0025491268
0.0021158513
0.00095956045
0.00069042578
0.00069561518
0.00068450073
0.00068872735
0.00095742345
0.0025775748
0.0026352338
0.0025338624
0.0025769944
0.00092527946
0.00066506604
0.00066555302
0.00066477314
0.00066505909
0.00092384051
0.0031405274
0.0026427351
0.0026412344
0.0026838769
0.0026476607
0.0031559042
0.0020668868
0.0021377266
0.0018587421
0.00191713
0.0031254712
0.0026305905
0.0026141357
0.0026404128
0.0026389445
0.0031291436
0.0010017354
0.00071740765
0.00070365675
0.00071753351
0.00071812402
0.0010119504
0.00069003095
0.00068673294
0.0028462166
0.0017719276
0.0017114304
0.0018576014
0.0018005275
0.0028478664
0.0028318864
0.0016559304
0.0016009956
0.0016961759
0.0016650683
0.0028385328
0.0011243418
0.00083377334
0.00083388324
0.00072800088
0.00072674509
0.0023676699
0.0023693487
0.0023753965
0.002374924
0.00065739963
0.00083988119
0.00084250041
0.0018941401
0.0021420431
0.0017027227
0.0017055691
0.00072151263
0.00074353866
0.001612626
0.0016179017
0.0015744431
0.0015778751
0.00083502597
0.0011256553
0.001068151
0.0011375095
0.001190559
0.00088509064
0.00083721512
0.0012766204
0.0014884798
0.0014993466
0.0014145277
0.0014224799
0.0011986642
0.0011792419
0.0012662307
0.0012174102
0.0013861033
0.0013670334
0.0014079657
0.0013991645
0.0018272039
0.0017937056
0.0018488415
0.0018471407
0.0018049169
0.0013000853
0.0012965385
0.0013073902
0.0013035152
0.0018423063
0.001857341
0.0017569833
0.0019913355
0.0020346182
0.0019962569
0.0022333636
0.0022062855
0.0021977979
0.0012951598
0.0012940867
0.0017379689
0.0017052819
0.001710178
0.0011646083
0.0011714379
0.0012500992
0.0020384651
0.0029752952
0.0021427392
0.002853533
0.0029096385
0.0020041071
0.002131384
0.0019200682
0.0021033909
0.0019329754
0.0021096389
0.0030061961
0.0030048976
0.0018554293
0.0025029041
0.0025203044
0.0019429353
0.0026330083
0.0026551897
0.0025439872
0.0025863729
0.001916689
0.0022145409
0.0030218383
0.0011838802
0.0012113308
0.00112938
0.001385954
0.0012300114
0.0012702268
0.0012145373
0.0012254424
0.0013685051
0.0029073783
0.0028599573
0.0021549201
0.0029870298
0.0029602588
0.0026454393
0.0026123128
0.0032721295
0.0034985889
0.0027041774
0.0026717324
0.0022485766
0.0026651465
0.0013481012
0.001529093
0.0015920324
0.0014977147
0.001504583
0.0013510734
0.0007721801
0.0014117716
0.0016899892
0.0016870321
0.001618126
0.0016824378
0.001373199
0.0040766845
0.0028725137
0.0034840053
0.0018069807
0.0029037561
0.0029828331
0.0025590514
0.0030278794
0.003358421
0.00328265
0.0040430788
0.0016439062
0.0015080137
0.0015051618
0.0016096817
0.0015105706
0.0016463478
0.0018549177
0.0016688979
0.0022892608
0.0021541426
0.0016480248
0.0014941857
0.0014911653
0.0015018448
0.0014980228
0.0016442574
0.0030371344
0.0036337778
0.0036719139
0.0039101676
0.0037887246
0.0028725684
0.0045354604
0.0040011478
0.0038552305
0.0036537173
0.0036769024
0.0045583944
0.0021012988
0.0020874937
0.0020312712
0.0021272375
0.0039573238
0.0034364434
0.0022761331
0.0036855717
0.0023508483
0.0023368275
0.00070489388
0.00069647619
0.0053378143
0.0063285444
0.0085003708
0.00067266527
0.0006686448
0.0059314839
0.006595266
0.0077515759
0.00078984319
0.00079549994
0.00068662264
0.0036233343
0.0037255304
0.0023441225
0.016161088
0.013045566
0.030723648
0.0085087201
0.0085068306
0.013358989
0.0004746483
0.00057267239
0.0024013522
0.0024158424
0.0022305771
0.0021924805
0.0023946984
0.0023960105
0.0054494567
0.0044421815
0.0047541563
0.00067847676
0.0006762131
0.00065239627
0.0056200978
0.0035593118
0.0035084043
0.00065898182
0.00075949671
0.00077549765
0.00065882076
0.00077749837
0.00077717142
0.00078949006
0.00086525185
0.0011313076
0.0011487511
0.0017041603
0.001530127
0.001520062
0.0021773533
0.0021366463
0.012916988
0.0083815331
0.0084471862
0.0022691699
0.0022243007
0.00017129888
0.00041852431
0.00020584367
0.00050715005
0.00074588824
0.00051475538
0.0019963645
0.0016639619
0.0017447255
0.0016358305
0.001717312
0.0013395198
0.0022229777
0.002092116
0.0020847194
0.0022982051
0.0015938259
0.0015732565
0.00067310519
0.00067764554
0.00069376869
0.0012893633
0.0018797569
0.0019197486
0.0036234833
0.0026865578
0.0026112591
0.0036939312
0.0037140026
0.0030273796
0.0037980607
0.0038389988
0.0028257842
0.0034884895
0.0040140642
0.00015672684
0.00016631832
0.00013048117
0.000191404
0.00071192673
0.00035116594
0.00022045064
0.00067901084
0.0022120407
0.0021498445
0.0014832327
0.0024819547
0.0032577823
0.0028521569
0.0020756192
0.0020654555
0.00218173
0.0021403105
0.0021514281
0.0059552323
0.005300587
0.0051889413
0.0058196981
0.0055409258
0.0059980057
0.0021200747
0.002130253
0.0015494753
0.0015235191
0.0021959428
0.00070544021
0.00070822237
0.00066890144
0.00075291584
0.00075067206
0.00073895604
0.00074340406
0.00075825404
0.00075535926
0.0010350588
0.0010334753
0.001052402
0.0014014955
0.0024153156
0.0032758301
0.0032790143
0.0020729494
0.0022849711
0.0032781181
0.003258932
0.0025545165
0.00253902
0.0024210167
0.0036178938
0.002514783
0.0024865866
0.0031696007
0.002481656
0.0019483641
0.0019521124
0.0057372667
0.0036351013
0.0036491553
0.00591244
0.0037934247
0.0038283438
0.0036818385
0.0037354416
0.005855355
0.003000696
0.0029912385
0.003849767
0.0038645731
0.0060100926
0.00082358054
0.0012958745
0.0012796195
0.0012228414
0.00098585345
0.0013353557
0.0012002439
0.0012877801
0.0010866546
0.0011169006
0.0013057147
0.0022344762
0.0022977208
0.0022745007
0.0012323091
0.00092155836
0.0009129479
0.00093444287
0.00092796639
0.00124271
0.00064838759
0.00064410352
0.0033466367
0.0033020058
0.0032132319
0.0040836332
0.00030884138
0.00032707085
0.00036448903
0.00068151788
0.0011246764
0.0015316262
0.0017318805
0.0011576841
0.00085132307
0.00081010704
0.00080298238
0.00046546606
0.0033858881
0.0034033441
0.003324255
0.0025376969
0.0025487225
0.002548045
0.0020734572
0.0023699671
0.0023893251
0.0021313971
0.0033873748
0.0030284385
0.0030229501
0.0030905139
0.003040515
0.0034004632
0.0019702282
0.0011595205
0.00085453715
0.00084183126
0.00089793574
0.00087621808
0.0011813314
0.0023832653
0.0022231064
0.0022173326
0.0022650922
0.0022572137
0.0023775903
0.00071044254
0.00071121691
0.00063972962
0.0023898966
0.0021802797
0.0021727965
0.0022119328
0.0022066518
0.0023863244
0.0016848973
0.0010483594
0.001038869
0.0011162536
0.0011030493
0.0016909174
0.00069023418
0.00074996164
0.00076263817
0.00076407016
0.0010862016
0.0011083458
0.00084530488
0.0016492929
0.00094723606
0.00093467281
0.0010300882
0.0010216828
0.0016812906
0.0015449917
0.000775347
0.00077092463
0.00080428915
0.00079914008
0.0015565278
0.0015330946
0.00074445153
0.00074151958
0.00076671325
0.00076252773
0.0015390834
0.0013388025
0.00071047792
0.00071030885
0.00071305532
0.0007124819
0.0013743367
0.0010322555
0.0010329068
0.00099013147
0.0019313467
0.0018103103
0.0017983396
0.0018323319
0.0018222193
0.0019762259
0.0013879053
0.00073602616
0.00077833337
0.00071013766
0.00071006236
0.0013232734
0.0018118361
0.00097964818
0.00097723977
0.00098870617
0.00098864986
0.00184346
0.0020631859
0.001612612
0.001610356
0.0017796376
0.0017419685
0.0018569324
0.0012972883
0.0012995549
0.0016488387
0.0017427723
0.0009623498
0.00096032387
0.0009749862
0.00097276394
0.0017820813
0.0030922829
0.002203856
0.0016190311
0.0016229512
0.0015989634
0.0016120835
0.0021720129
0.0018732783
0.001742956
0.0025735957
0.0025807224
0.001625025
0.0016278145
0.0022195561
0.0020135261
0.0028263481
0.0026293998
0.0042942823
0.0045675273
0.00023973349
0.00022770761
0.00019978385
0.00044290732
0.00042995073
0.00048971957
0.00058853302
0.00043226684
0.0013517734
0.0013492523
0.0013262907
0.0014177512
0.00093346926
0.0012598419
0.0010662851
0.0010758253
0.0022125688
0.0021286165
0.0019991653
0.00064088393
0.00063847792
0.0037807463
0.0037971066
0.0029889689
0.0026807446
0.0031900647
0.0037758722
0.0034910107
0.0034781958
0.0031780184
0.0031136714
0.0031576318
0.0019321609
0.0030640193
0.0037438517
0.0035666389
0.0038299438
0.0037405344
0.0037123886
0.0038173331
0.0037815099
0.0035255079
0.0039858737
0.0034069202
0.0033568676
0.0037733565
0.0044033723
0.0035087998
0.0040822846
0.0037730306
0.0036294857
0.0035825083
0.0036646015
0.0044813858
0.00010121676
9.666987e-05
0.00065672196
0.00085729893
0.00099366907
0.00065967478
0.00089572097
0.00084970936
0.00091198702
0.00055034554
0.0012003368
0.0010535701
0.00069500748
0.00031479881
0.00083242061
0.00082081731
0.0021967325
0.0032901413
0.0033365686
0.0020987911
0.0020485491
0.0022174272
0.0023061973
0.0020097485
0.00202534
0.0034887567
0.0033775623
0.0032389525
0.0034721222
0.0034439111
0.0034952664
0.00083631012
0.00083430081
0.0011278058
0.0023714565
0.0023618234
0.0023575329
0.0036463168
0.0036453115
0.0036104211
0.0035537541
0.0036492687
0.0036488991
0.0036500476
0.0036497146
0.0035467367
0.0035834912
0.0036473761
0.0036468294
0.0036484846
0.003647808
0.003575231
0.0023761541
0.0022819046
0.0022733291
0.0023442884
0.0023315771
0.0023738549
0.00065018471
0.00071072136
0.0007104842
0.0017377352
0.001306568
0.0012816755
0.0021566012
0.0020961399
0.0023622195
0.0031499618
0.0035697847
0.0036227074
0.0034243877
0.0034813772
0.0028538842
0.0035191051
0.0036491547
0.0036500575
0.0036407054
0.0036470549
0.0035018838
0.0026880441
0.0033623696
0.0033643491
0.0033595225
0.0033607447
0.002684754
0.0027077348
0.0033810898
0.0033953
0.0033679085
0.0033724984
0.0027002954
0.0016977427
0.0011453031
0.0011304317
0.0012581177
0.0012360386
0.001711724
0.00070892348
0.00076469497
0.00076538758
0.00074345187
0.0008072187
0.0010568426
0.0010692584
0.0016019393
0.00086766082
0.00086005171
0.00092314346
0.00091239547
0.0016296807
0.0026421056
0.0033406997
0.003344312
0.0033340137
0.0033372823
0.0026358625
0.0026726341
0.0033557509
0.0033579984
0.0033482185
0.0033521422
0.0026640423
0.0026001798
0.0033200207
0.0033218823
0.0033176841
0.0033190935
0.0025960976
0.0026193591
0.0033282535
0.0033310726
0.0033236975
0.0033259817
0.0026142587
0.0015669211
0.00081511873
0.00080961288
0.00085280632
0.00084585967
0.0015867315
0.0014680757
0.00072417573
0.00072256546
0.00073900352
0.00073504984
0.0015270203
0.0025661919
0.0033097644
0.0033137887
0.0033004011
0.0033051951
0.0025562145
0.0025858047
0.003315989
0.0033173758
0.0033148137
0.0033161817
0.0025836339
0.0025009019
0.003282371
0.00328178
0.0032909404
0.00328227
0.0024960763
0.0025298554
0.003291764
0.0032959736
0.0032847736
0.0032880086
0.0025219135
0.0013981417
0.00071451196
0.0007137734
0.00072104854
0.00071970904
0.0014398024
0.001848033
0.0018992901
0.0010336157
0.0010321594
0.0010318333
0.00082954712
0.0019362255
0.0018717257
0.0014702009
0.0015202442
0.0018452951
0.00098674057
0.00098766112
0.00084157532
0.00090644766
0.0016763039
0.0027058169
0.0035592221
0.0034995426
0.0036300746
0.0036095898
0.0027390609
0.0025054224
0.0033248659
0.003298497
0.0034249457
0.0033616225
0.0025290928
0.0027595379
0.0036687381
0.0036702816
0.003660148
0.0036661378
0.0027530047
0.0027644495
0.0036579428
0.003652924
0.003665288
0.0036668645
0.0027654326
0.001847311
0.00098878917
0.00098857569
0.00098870705
0.00098876621
0.0018467693
0.001811077
0.0018944476
0.0016802831
0.0022731822
0.0019916516
0.0020195626
0.0024475682
0.0024802934
0.0022165786
0.0019169912
0.0018854123
0.0025447253
0.0018834534
0.0021360406
0.0017198176
0.0012946041
0.0012950526
0.0016987532
0.00094659705
0.00094619564
0.00095832543
0.00095632576
0.001722111
0.0027054211
0.0036285964
0.0036328512
0.0036246562
0.003626348
0.0027014957
0.0027306177
0.0036486913
0.003654893
0.0036375009
0.0036432369
0.0027236659
0.0024356538
0.0024770541
0.00183813
0.0023636231
0.0033744531
0.0014165302
0.0017832194
0.00236018
0.0023931706
0.0025222724
0.0025147319
0.0034702105
0.0030280608
0.0025752195
0.0024534659
0.0026706341
0.0023970793
0.0023727146
0.0030276759
0.0031303594
0.0024551088
0.0024247202
0.0032123089
0.0040743172
0.0040113541
0.0031258789
0.0031880477
0.0039083997
0.0038364479
0.003314245
0.0019246101
0.0015450026
0.0015471446
0.0015393145
0.001542393
0.0019285696
0.0012303738
0.002003341
0.0015608446
0.0015789995
0.0015489711
0.0015520143
0.0019634041
0.0026694624
0.0026850022
0.00089171613
0.00087555072
0.00088489893
0.00066503125
0.00067447199
0.00088848614
0.00068885365
0.00068204184
0.0020300468
0.0020348715
0.0020208648
0.0016038062
0.00066605075
0.00067349941
0.00067242711
0.00080172317
0.00070994582
0.00070840731
0.00071131358
0.00071089582
0.00080496341
0.00066455656
0.00066036614
0.00068830067
0.00080054494
0.00080160618
0.0036004655
0.0036871177
0.00044126478
0.00057965779
0.001412059
0.0021117742
0.0021130321
0.0020768237
0.0021028136
0.0019748669
0.00067775188
0.00067445097
0.0022495005
0.0024524442
0.0025156078
0.0020169556
0.0023943829
0.0023941046
0.002180197
0.0023999574
0.0021095143
0.0020863764
0.0021714077
0.0021360422
0.0024007917
0.0023992016
0.0020400598
0.0020266492
0.002069216
0.0020538648
0.0023986287
0.001756384
0.00067854496
0.0006773241
0.00067648386
0.00076597218
0.0006827498
0.00066784056
0.00070454125
0.00069677606
0.00078231045
0.00072487363
0.00073969108
0.00064320595
0.00066495034
0.00090288277
0.00092605095
0.00085736176
0.0008797332
0.000784008
0.00077694111
0.00077669831
0.00099587162
0.0010175949
0.00094951545
0.00097323954
0.0015540171
0.0015491987
0.0015505975
0.0015483584
0.0020862528
0.0016909214
0.0018176991
0.00098494681
0.0017098384
0.002127756
0.0020678624
0.0017528299
0.0017953643
0.0017819518
0.0017820978
0.002069113
0.0019514776
0.0024933429
0.0024981279
0.0024864087
0.002489666
0.0019511804
0.0020885056
0.0020480223
0.0033806463
0.0034113993
0.0023819314
0.0023018349
0.0019708547
0.0025136913
0.0025194639
0.0025028723
0.0025085222
0.0019672344
0.00038603562
0.00031783353
0.00041004349
0.00080096492
0.00069322059
0.00069862963
0.00068130737
0.00068803443
0.0007905292
0.0021079728
0.0021006641
0.0022232619
0.00072949536
0.00069591441
0.00069818011
0.00068952839
0.00069359102
0.00073091768
0.00064217258
0.00065642269
0.0027591174
0.0027178035
0.0036213568
0.0016837341
0.0039538697
0.0039073312
0.0028182879
0.0028193206
0.0026581618
0.0040321532
0.0050441329
0.0039130023
0.004740339
0.0050113615
0.0037923889
0.00064798646
0.00039388963
0.00020843524
0.00022737041
8.0734619e-05
0.00015298403
0.00032101829
0.0001214432
0.00014557748
0.00011631079
0.00013007275
0.0002827962
0.00072735154
0.00067707986
0.00072066719
0.0021344705
0.0020408526
0.002164145
0.002177731
0.0020706721
0.0020936105
0.0025742036
0.0025657568
0.0025599615
0.00201937
0.0020333937
0.0019709267
0.0019807419
0.00069245388
0.00069197363
0.00072966435
0.00068149003
0.00068529562
0.00067477632
0.0006780398
0.00072912641
0.00066508888
0.00071077006
0.00071046114
0.00073276581
0.00071556454
0.00076250045
0.00076048977
0.00074382077
0.001186573
0.00097526525
0.00097453832
0.00097503306
0.00097535347
0.0011667626
0.0012430841
0.00096626373
0.00095790351
0.00097368612
0.00097050032
0.0012409787
0.0021875309
0.0020321435
0.0029732927
0.0023735744
0.0023473104
0.0032649414
0.0023134686
0.0029336204
0.0022507432
0.0023491531
0.0032694837
0.0032715489
0.0023215711
0.0028052249
0.0031813536
0.0032084199
0.003086977
0.0031687867
0.0027842668
0.0022324961
0.0027088628
0.0024794417
0.003070312
0.0030119747
0.0036458274
0.0023733608
0.0015677657
0.0027533361
0.0038306759
0.0038494758
0.0038854633
0.0038878426
0.0026952025
0.001950975
0.00191614
0.0020813444
0.0020429253
0.0021166766
0.00219652
0.0022230911
0.0021284144
0.0021545142
0.0021113781
0.0021364652
0.0023381922
0.0023635144
0.0022694057
0.0022922097
0.0021319944
0.0028227328
0.0028565468
0.0014444728
0.0014803198
0.0012879203
0.0015873244
0.0016606491
0.001698974
0.00067556085
0.00082577881
0.00075154013
0.00063543706
0.00073580896
0.00074477048
0.0008185253
0.002010889
0.0017246703
0.0019994342
0.0020057499
0.00073719034
0.00081497164
0.00080763132
0.00086761368
0.00083288168
0.00074170141
0.00072164872
0.00080174643
0.00080057971
0.00080471463
0.00080320247
0.00072582988
0.00067281157
0.00076821377
0.00076631041
0.00077072468
0.00076996248
0.00067384245
0.00066959947
0.0007623632
0.00076114316
0.00076498425
0.00076343688
0.00067025629
0.00066342849
0.0007325147
0.00073126805
0.00073508434
0.00073378642
0.00066347558
0.00066274566
0.00072826461
0.00072740912
0.00073019972
0.00072911227
0.00066293167
0.00066762245
0.00066726795
0.00065630403
0.00065228916
0.00080748281
0.00071293905
0.00071186184
0.00080375689
0.00080376137
0.00069073445
0.0021459939
0.0031564543
0.0041875097
0.003118826
0.0029379255
0.0049685033
0.0033602039
0.0023732648
0.003616175
0.003491478
0.0045159326
0.00079391132
0.00034139712
0.0003412828
9.867076e-05
0.0007651413
0.00068107401
9.456001e-05
0.00010281683
0.00011529604
0.00067671418
0.00069104877
0.00056324152
0.0013590718
0.0021260807
0.0021508019
0.0021140075
0.0021159437
0.0019933928
0.00069090366
0.00068671628
0.00088799808
0.0008980716
0.00089812082
0.00089826289
0.00089831409
0.00089213003
0.00086517328
0.00089462226
0.0008881585
0.00089765456
0.00089676142
0.00087540082
0.0025441555
0.0025485756
0.0025260015
0.0020653781
0.0006801076
0.00077693159
0.00077536199
0.00078040866
0.00077837421
0.00068142981
0.00067597645
0.00077212238
0.00077116055
0.0007742221
0.00077289138
0.00067680814
0.0021432644
0.0023934786
0.0023941676
0.0024065412
0.0022020709
0.002186868
0.00222901
0.0022163444
0.0024219522
0.00066464766
0.00074008133
0.00073889911
0.00074252052
0.00074116893
0.00066466318
0.00066409407
0.00073632255
0.00073560628
0.00073797802
0.0007370295
0.00066423734
0.0023567102
0.0019864209
0.0019690331
0.0020131558
0.0020000436
0.0023868622
0.0020994967
0.0024445374
0.0025628107
0.0023569662
0.0023840137
0.0020856491
0.0025961608
0.0026432527
0.0026437976
0.0026248382
0.002640205
0.0025706996
0.0018213511
0.0018322837
0.00068383681
0.00068256068
0.00071599547
0.000834527
0.00083373283
0.00083683747
0.00083566916
0.00071648645
0.00083348509
0.00083318485
0.00071528203
0.0018973704
0.0023337147
0.0023351163
0.0023312877
0.002332445
0.0018831384
0.0019825246
0.0023416204
0.0023459869
0.0023370048
0.0023386913
0.0019548145
0.0017195023
0.0017476023
0.0016700845
0.0016936596
0.0015370138
0.0020162906
0.0021956927
0.0017750497
0.0018016686
0.0014710294
0.0007281828
0.00065791799
0.00066027677
0.0006590982
0.00065662745
0.00073064164
0.0015549074
0.0015692791
0.0015273029
0.0015403305
0.0016256979
0.0016455276
0.0015873386
0.0016046822
0.0022357002
0.0022292482
0.0023810555
0.0011755297
0.0011859884
0.0011566926
0.0011656283
0.0012221442
0.0012357976
0.0011972233
0.0012093475
0.0023788626
0.0022497673
0.002242531
0.00063671672
0.00071236276
0.00071706068
0.0021908502
0.0021855888
0.0023907322
0.0011109649
0.0011181778
0.0010964112
0.0011036752
0.001140398
0.0011481622
0.0011254434
0.001132833
0.0023891315
0.002201384
0.0021961146
0.0010684822
0.0010581047
0.0016850831
0.0016896494
0.0010906236
0.0010790511
0.00068411962
0.00077710542
0.00078031773
0.00075732147
0.00058694096
0.0009762673
0.00096096135
0.0016559238
0.0016810128
0.0010133148
0.0009932909
0.00078448441
0.0007798592
0.0015461962
0.0015542439
0.00079412023
0.00078925263
0.0010429184
0.001013744
0.0010373279
0.0010451194
0.0012999735
0.0013770278
0.0013134852
0.0012671705
0.00093846563
0.00093870693
0.0011287975
0.00075109567
0.00074757199
0.0015330408
0.0015383449
0.00075859424
0.00075470367
0.00071106877
0.00071077212
0.0013454811
0.0013671358
0.00071192425
0.00071149773
0.0012706689
0.0016535222
0.0016046624
0.0017431466
0.0017000769
0.001271113
0.0012961939
0.0014461604
0.00076297192
0.0015531806
0.0014985976
0.0012767433
0.0018139834
0.0018127532
0.0019331213
0.0019599677
0.0018144759
0.0018149942
0.00071179547
0.00071784574
0.0013486117
0.0013186491
0.00070997065
0.00071048708
0.00098512065
0.00098217706
0.0018219017
0.00080748048
0.00079847969
0.00082266463
0.00081526955
0.00079152082
0.00079368815
0.00078807871
0.00078973292
0.0018437765
0.00098873526
0.00098806381
0.0016345843
0.0016225065
0.0020730152
0.0021932955
0.0016986302
0.0016622568
0.00096644291
0.00096437226
0.0017496462
0.00085926966
0.00085347702
0.00087067059
0.00086490535
0.00083570803
0.00082922972
0.00084773108
0.0008417515
0.0017740221
0.00097062553
0.00096850281
0.0010411293
0.0010312138
0.0010611856
0.0010510606
0.0010026925
0.00099336261
0.0010215874
0.0010119836
0.0011222292
0.001111766
0.0011423427
0.0011320464
0.0010814876
0.0010711865
0.0011018553
0.0010914506
0.0013875312
0.0012132271
0.0012125588
0.0012146226
0.0012137359
0.0014050442
0.0013132781
0.0012115772
0.0012112998
0.0012122571
0.001211749
0.0013326823
0.0014977392
0.0012205979
0.0012192384
0.0012232242
0.0012217389
0.0014916612
0.0014569974
0.0012162064
0.0012152269
0.001218247
0.0012170469
0.0014743699
0.0016090357
0.0013349236
0.0013349808
0.001335808
0.0013362093
0.0016082507
0.0016268034
0.0013149616
0.0013014344
0.0013300518
0.0013270624
0.0016172025
0.0015344375
0.0015417133
0.0016191971
0.0015964955
0.0016089917
0.0013371329
0.0013369232
0.0013369716
0.0013371172
0.0016092901
0.0016080335
0.0013362127
0.0013362859
0.0013366917
0.0013363485
0.001608099
0.0022349031
0.0023118148
0.0033610287
0.0020796137
0.0019044368
0.0019423196
0.0018291232
0.0018683188
0.0020763081
0.0020024732
0.0019426978
0.0019558149
0.0024929972
0.0024876803
0.0025487649
0.0025101592
0.001971666
0.0036069782
0.0040753843
0.0038945261
0.0042159983
0.0041316129
0.0035735316
0.0047369565
0.0034287687
0.0030305996
0.003547795
0.0033994921
0.0047781949
0.0025012066
0.0025014603
0.00024853861
0.00031866068
0.00030479228
0.00035131891
0.0016475756
0.0011877664
0.0019494214
0.0018951173
0.0018031526
0.0018895387
0.0017584725
0.0017949612
0.0018014266
0.0017992907
0.0014969948
0.00081111235
0.00071888952
0.0007264323
0.0007047038
0.00071382159
0.00081021709
0.0019758681
0.001639566
0.0022332769
0.0021222912
0.0021159637
0.00070966123
0.00079742443
0.00079609889
0.00079952392
0.00079844889
0.00071235611
0.00070021432
0.00079301983
0.0007915134
0.00079502211
0.0007938219
0.0007019481
0.00066762612
0.00075883667
0.00075816404
0.00076035662
0.00075933399
0.00066801507
0.00066597442
0.00075343481
0.00075199304
0.00075655667
0.0007547709
0.00066632201
0.00066141434
0.00072625272
0.00072860304
0.00072667554
0.00072630272
0.00066177435
0.00067490273
0.00075945727
0.00078213929
0.00073177948
0.00074218293
0.000665393
0.00070089454
0.0006963681
0.00069991468
0.00070055758
0.00071764722
0.00063642839
0.0006373884
0.0024109977
0.002609123
0.0016883516
0.0031955862
0.0038400283
0.0026875986
0.0027902372
0.0028374451
0.0026277495
0.0028599228
0.0039817939
0.0030249375
0.0029486188
0.0031138304
0.0030633485
0.0038935116
0.0041464108
0.0026496226
0.0018009959
0.0028756994
0.0027554752
0.0040655856
0.002953285
0.0032364905
0.0028389897
0.0035240672
0.0042736194
0.0034884668
0.0043043892
0.0030450684
0.0042250555
0.0042776816
0.0032251482
0.0027313326
0.0029487627
0.0047346151
0.0033611532
0.0036659006
0.002221732
0.0033134611
0.0036007118
0.0030797119
0.0033366604
0.0032428796
0.0042647034
0.0046684119
0.004435834
0.0037494607
0.0036866846
0.0038506535
0.0038270246
0.0044105926
0.00064317033
0.00011796745
0.00052664224
0.00014247411
0.00067981738
6.7493538e-05
0.00010282492
0.00017123458
0.00015980408
0.00031425317
0.00052538173
0.00056251444
0.00040549934
0.00039173789
0.00048427173
0.00064599629
0.00047547808
0.00083646621
0.00068297988
0.00056745529
0.00055995825
0.0013275578
0.00068687675
0.00141801
0.00071712475
0.00068940859
0.0004528907
0.0011661727
0.0014053337
0.0017844185
0.0018396308
0.0010684418
0.0011040699
0.0021969824
0.0022160209
0.0021127074
0.0007068078
0.000701713
0.0021070464
0.00069219596
0.00078800258
0.00078674577
0.00079026617
0.00078886135
0.00069372235
0.00068577488
0.00078294911
0.00078193155
0.00078531678
0.00078386772
0.00068704835
0.0021905408
0.0022024802
0.0025689537
0.0024926573
0.0023767677
0.0025526235
0.0025371209
0.0025768367
0.0020377211
0.0020526922
0.00066520298
0.00074881404
0.00074788722
0.00075092646
0.00074967263
0.00066534155
0.00066487661
0.00074547018
0.00074380297
0.00074727369
0.00074653231
0.00066493552
0.0020871534
0.00190504
0.002112391
0.0018737684
0.0018947108
0.0026247141
0.0026418843
0.0026412219
0.0026433581
0.0026426554
0.002619472
0.00071599736
0.00083028728
0.00083284719
0.0008061386
0.00081946986
0.00071196746
0.0007179176
0.00083796344
0.00083726283
0.00083702535
0.00083688299
0.0007180682
0.00068893392
0.00068800919
0.0017491268
0.0023185251
0.0023218152
0.0023132081
0.0023161288
0.0017282354
0.0018456781
0.002329223
0.0023306356
0.0023250848
0.0023286836
0.0018334395
0.0016463659
0.0023035101
0.0023066046
0.0022686398
0.0022978302
0.0016368115
0.0016847196
0.0023099775
0.0023124208
0.0023066744
0.0023091353
0.0016748881
0.00072739572
0.00066875882
0.00067170066
0.00066306664
0.00066586823
0.00072687234
0.0014609094
0.001471176
0.0014407267
0.0014511837
0.0015029236
0.0015153693
0.0014806854
0.0014921882
0.002300239
0.0022909546
0.0023757837
0.0012844664
0.001303653
0.001250856
0.0012669691
0.0013746926
0.0014049661
0.0013245062
0.001348238
0.0023744461
0.002320364
0.0023099199
0.00071113438
0.00071076717
0.00065401829
0.0013563002
0.0013320062
0.0017819967
0.0010078483
0.0010728416
0.0010891588
0.001036441
0.0010547051
0.0023069772
0.0019447447
0.0016350149
0.0011780332
0.0011612718
0.0017002024
0.0017082781
0.0012152976
0.0011961693
0.00071464236
0.00074346108
0.00076509779
0.00076410228
0.00088405917
0.00087564039
0.0016069395
0.0016240138
0.00090238407
0.00089295952
0.00082671471
0.00082080293
0.0015699909
0.0015826389
0.000839213
0.00083283534
0.0011042181
0.00097735735
0.00097648689
0.0009920191
0.00098276957
0.0010850315
0.0011449153
0.00094079096
0.0009393344
0.0009505698
0.00094433561
0.0011610286
0.0012424731
0.0012572729
0.00072790027
0.00072598462
0.0014774708
0.0015131778
0.0007323855
0.00073005492
0.0007162649
0.00071535392
0.0014058319
0.0014315061
0.00071843495
0.00071732967
0.0017115169
0.0018154939
0.0011880227
0.0015958747
0.001627232
0.0015695479
0.0015799567
0.0011804026
0.0012550546
0.0017869206
0.0017779129
0.0016872722
0.0017514077
0.0012388681
0.00084251957
0.0016068525
0.0015672056
0.0015969891
0.0016271682
0.00097926323
0.0009836762
0.0018321491
0.00083810358
0.00084366545
0.00082759035
0.0008327634
0.00085253317
0.00063483474
0.00084890121
0.00085310937
0.0017606901
0.00094894676
0.00096854569
0.00098898601
0.00098873523
0.0018464083
0.00080205204
0.0008055031
0.00079616018
0.00079897205
0.00081777068
0.00082261138
0.0008092368
0.00081335089
0.001849587
0.00098910498
0.00098887008
0.001880077
0.0023492698
0.00094961311
0.00096880683
0.0020987931
0.0024222745
0.0024312772
0.0020006318
0.0020152825
0.0025548848
0.0019558976
0.0021386846
0.002165869
0.0021468106
0.0020264578
0.0020735986
0.0019081876
0.0019307335
0.0022108709
0.001100092
0.0021731033
0.0019325694
0.001900867
0.00095043707
0.00094850643
0.0017005931
0.00090580251
0.00089956377
0.00091803136
0.00091175262
0.0008821924
0.00087629411
0.00089383759
0.00088779817
0.0017163309
0.00095435669
0.00095238824
0.00096699369
0.00095830693
0.00098452598
0.00097548959
0.00093380478
0.00092567654
0.0009500884
0.0009417366
0.0021027972
0.0025703209
0.0025142177
0.0026413629
0.0026132347
0.0021687608
0.0028608463
0.0024115594
0.0024081724
0.0024624486
0.0024333024
0.0028768142
0.0017178396
0.0027094117
0.0026766506
0.0020310215
0.0027935177
0.0011404895
0.0020349818
0.0026532539
0.0026495006
0.002657563
0.0026555706
0.0019672382
0.0030068089
0.0021805495
0.0020942818
0.0023119325
0.0022434951
0.0030064858
0.0031256268
0.0012959295
0.0020178017
0.0018456688
0.0030497616
0.001193883
0.0011873568
0.0012020003
0.0011974119
0.00065519677
0.001161678
0.0011517392
0.0011801126
0.0011706588
0.0012348163
0.0012115385
0.0012123296
0.0012111695
0.001211256
0.0012446366
0.0012177629
0.0012106329
0.0012091367
0.0012117452
0.0012123954
0.0012213663
0.0019898649
0.0033073115
0.0032826678
0.0023714772
0.0024254217
0.002826484
0.0028512195
0.0034776711
0.0024311793
0.0026774051
0.0015478082
0.0012324372
0.0012306607
0.0012357132
0.0012341336
0.0015724924
0.0014881848
0.0012259989
0.0012244695
0.0012290105
0.0012273952
0.0014855942
0.0016501352
0.001249093
0.0012428861
0.0012790911
0.0012614205
0.0016016048
0.0016367818
0.0012385204
0.0012375017
0.0012405366
0.0012389686
0.0016641414
0.0028189062
0.0033261316
0.0032993092
0.0036926758
0.0036673551
0.0028986072
0.0029461959
0.002968836
0.0027594513
0.0027507843
0.0039705133
0.0031247922
0.0027467112
0.0030164725
0.0030026825
0.0038775164
0.0016095713
0.0013358671
0.001336631
0.0018283735
0.0017236439
0.00224791
0.0021717581
0.0042767701
0.0041998661
0.0031499047
0.0019731612
0.0044031795
0.004373171
0.0032345977
0.0028359059
0.0036599337
0.0032469146
0.0034778884
0.003412662
0.002096299
0.0020543932
0.0020855103
0.001982767
0.0020147161
0.0020920358
0.0020740105
0.0022032045
0.0026224353
0.0023864394
0.0023277336
0.0021045404
0.0035180149
0.0035576249
0.0034668023
0.003471664
0.0033169055
0.0043112563
0.0042797658
0.0048182115
0.0047668526
0.0031948488
0.0027323503
0.0027588181
0.0037891487
0.0037803605
0.0041184169
0.0022978121
0.0023198252
0.0019293841
0.0022993248
0.004747515
0.0049402409
0.002321593
0.0035387866
0.0036631598
0.0034422892
0.0033237952
0.0038742792
0.0036433531
0.0023337717
0.0026979446
0.0013572875
0.0036348719
0.0030284619
0.0032071692
0.0032220643
0.0040070736
0.0030374835
0.0013682328
0.002042057
0.0023106767
0.0018503971
0.0019539202
0.00083425834
0.047262209
0.047283177
0.047320253
0.04719224
0.047210533
0.047228219
0.047131278
0.04714751
0.047165124
0.047079453
0.047093286
0.047109617
0.047034503
0.047045725
0.047061692
0.04699418
0.047002491
0.047018922
0.04695733
0.046962624
0.046979264
0.046923827
0.046926028
0.046942195
0.046895217
0.046894209
0.046909527
0.046874686
0.046872901
0.046881249
0.046863779
0.046861788
0.046865409
0.04686274
0.046859832
0.046859711
0.046869796
0.046871161
0.046863611
0.046892056
0.046898957
0.046883941
0.046928196
0.04694369
0.046920584
0.046973853
0.0469951
0.046971901
0.047029761
0.047058914
0.047029238
0.04709993
0.047134228
0.047101278
0.047193383
0.047232669
0.047191937
0.047299678
0.04734349
0.047301359
0.047294063
0.047333051
0.047399251
0.04722021
0.04725512
0.047290022
0.047156217
0.047187782
0.047220325
0.047100886
0.047129272
0.047158994
0.047052084
0.047077373
0.047106204
0.047007582
0.047028129
0.047058858
0.046966074
0.046980425
0.047012361
0.046927729
0.046935609
0.046967229
0.046894258
0.046897142
0.046925868
0.046871945
0.04687009
0.046888676
0.046860239
0.04685566
0.04686673
0.046858466
0.046854501
0.046858187
0.046871057
0.046872264
0.046859929
0.04690168
0.046910645
0.046882467
0.046949623
0.046966262
0.046924823
0.047004118
0.047030397
0.046986253
0.047070802
0.047104985
0.047051931
0.047148586
0.047189033
0.04712791
0.047249156
0.047298344
0.04721923
0.047354667
0.047421086
0.047339675
0.047347749
0.047396569
0.047474875
0.047268407
0.047314188
0.047355545
0.047200289
0.0472428
0.047280174
0.047141133
0.047179162
0.047213798
0.047087394
0.047120608
0.04715496
0.047036092
0.047063762
0.047100587
0.046986215
0.047006972
0.04704799
0.046939216
0.046953669
0.046995617
0.046898883
0.046906712
0.046944854
0.046870092
0.046872298
0.046899808
0.046854738
0.046853023
0.046871316
0.04685351
0.046852154
0.046860285
0.04687348
0.046878004
0.046860318
0.046914085
0.046926559
0.046888564
0.046972097
0.046992328
0.046939091
0.047039692
0.047070615
0.047008131
0.047118176
0.047159754
0.047087313
0.047204351
0.047255953
0.047175484
0.047317349
0.047383774
0.047275529
0.047437928
0.047515906
0.047402432
0.047414522
0.047467146
0.047544626
0.047330555
0.047379901
0.047424122
0.047257439
0.047303646
0.047341821
0.047192704
0.047236232
0.047271038
0.047132776
0.047172922
0.047208436
0.04707409
0.047108694
0.047149935
0.047015171
0.047045067
0.047091939
0.046959687
0.046982304
0.047030746
0.046910273
0.046924867
0.046971298
0.046873805
0.046881021
0.046917746
0.046853025
0.046854936
0.046882265
0.046852279
0.046854584
0.046864965
0.046879955
0.046888395
0.046866721
0.046931413
0.046949653
0.046902598
0.047000365
0.047028912
0.046965682
0.047082403
0.04712275
0.047045009
0.047174888
0.047225864
0.047137076
0.04727452
0.04733484
0.047238691
0.047408212
0.047484435
0.047351088
0.047536627
0.047616224
0.047489539
0.047484478
0.047539238
0.047616102
0.047396673
0.04744782
0.047491742
0.047319848
0.047369627
0.047407627
0.047251756
0.047300355
0.047335091
0.047187292
0.047233586
0.047271029
0.047121749
0.047166965
0.047210005
0.047056844
0.047097507
0.047146407
0.046991346
0.047024754
0.047079304
0.046931176
0.046956208
0.047010881
0.046884862
0.046901112
0.046947852
0.046856779
0.046866525
0.046904334
0.04685671
0.046866745
0.046876567
0.046892563
0.046909895
0.046883495
0.046956958
0.046985235
0.046928679
0.047040201
0.047080398
0.047007137
0.047137899
0.047189671
0.047100477
0.047244779
0.047307562
0.047205938
0.04735697
0.047429509
0.047318993
0.047510556
0.047591058
0.047443068
0.047639044
0.047722863
0.047593028
0.047557586
0.047612857
0.04769038
0.047465361
0.047519217
0.047563713
0.04738653
0.047440317
0.047478455
0.047317071
0.047371958
0.047406398
0.047250591
0.047306559
0.047343209
0.047183757
0.046429452
0.047282683
0.04711286
0.04431779
0.046176632
0.047038015
0.044167684
0.043860055
0.046966875
0.046230128
0.04337513
0.046909291
0.046940987
0.044327944
0.046872447
0.046897734
0.046944848
0.046873051
0.046897272
0.046904911
0.04691842
0.046535787
0.046917667
0.046996402
0.039916029
0.04306601
0.046245704
0.039007865
0.038835731
0.04558218
0.039470484
0.039092037
0.04669433
0.041448385
0.040174562
0.047455677
0.04447263
0.043186392
0.047618978
0.047706247
0.046680561
0.047751414
0.047844764
0.04770927
0.047630853
0.047684743
0.047766955
0.047537271
0.047591495
0.047638178
0.047458781
0.047515413
0.047554549
0.047391275
0.047451934
0.04748555
0.047326596
0.043747149
0.04742738
0.044788134
0.039358286
0.042341137
0.042723746
0.036224728
0.038459723
0.042227739
0.034760063
0.035564334
0.043290163
0.034924183
0.03403396
0.044120093
0.037858516
0.033902328
0.046910638
0.043546775
0.035691537
0.044436202
0.046940103
0.041687518
0.04120561
0.034318873
0.039676618
0.039782714
0.031319401
0.032570514
0.037830492
0.031792318
0.030912241
0.03784614
0.033078914
0.031938797
0.039914879
0.035503864
0.033739474
0.042969136
0.039039782
0.036824684
0.04680086
0.043493655
0.040962463
0.04787656
0.04797565
0.045392049
0.047702233
0.047754932
0.047844393
0.047609558
0.047663623
0.047713109
0.047534648
0.047593284
0.047633426
0.047473091
0.045384082
0.04757104
0.042462191
0.038480037
0.043385047
0.03808828
0.033618066
0.036776942
0.035168732
0.029863726
0.032335056
0.033492493
0.02767255
0.029184939
0.032959669
0.026780499
0.026932143
0.03235048
0.027948985
0.026254611
0.034007325
0.032335209
0.02736944
0.031807155
0.039301724
0.029901113
0.031473534
0.025661264
0.033103121
0.031575924
0.024876233
0.024828274
0.031046139
0.026031713
0.024922916
0.031674843
0.027898666
0.026305456
0.034210363
0.030766254
0.028587431
0.037789424
0.034494342
0.03174507
0.04235444
0.039359558
0.036314701
0.048008541
0.044926123
0.041001017
0.047772201
0.047823022
0.047918958
0.047681546
0.047735057
0.047787677
0.047613034
0.047673398
0.047713331
0.04456909
0.041805561
0.04693318
0.037665244
0.034138879
0.039101379
0.032657865
0.028668278
0.032779335
0.029276032
0.024803094
0.027394944
0.026915258
0.022309766
0.024337393
0.025449246
0.020814492
0.021517249
0.024218758
0.020803158
0.020468565
0.024908003
0.030696665
0.020960265
0.023215704
0.034164169
0.019519832
0.024241512
0.019453554
0.026643726
0.024950692
0.020033243
0.019435607
0.025546576
0.021424155
0.020315085
0.026854165
0.023772622
0.021968127
0.029559154
0.026825807
0.024443179
0.03354629
0.030835385
0.027744143
0.038390102
0.036025608
0.03248965
0.045290219
0.042303823
0.037234744
0.047839211
0.047887021
0.047990258
0.047752758
0.047805127
0.047857756
0.047693666
0.047689318
0.047792517
0.041098431
0.03849737
0.043591614
0.033677625
0.031224059
0.036128824
0.027995325
0.025294858
0.029728182
0.024412972
0.020638303
0.023719473
0.021988487
0.018079474
0.020370311
0.019822128
0.01632865
0.017389237
0.01829178
0.015586032
0.015930444
0.018003714
0.024376123
0.015667261
0.016836126
0.02604301
0.014622289
0.018938328
0.014840709
0.018369082
0.019898274
0.01633363
0.015396569
0.021199956
0.01779816
0.016636264
0.022968058
0.020501847
0.018491739
0.025856703
0.023583635
0.021087087
0.030015607
0.027986685
0.024508101
0.035232081
0.03342143
0.029550697
0.043047485
0.040242501
0.034557271
0.047902281
0.047946893
0.048056904
0.047822325
0.047872652
0.04792283
0.04726239
0.046035241
0.047869763
0.037864165
0.035977656
0.041961084
0.030679597
0.028156109
0.033863618
0.025293326
0.022483218
0.026778379
0.021257704
0.018332298
0.021409955
0.018010601
0.014430338
0.016926972
0.015504811
0.01276994
0.014094583
0.013772434
0.011550199
0.012309913
0.0132222
0.018619965
0.011641349
0.012584742
0.01958072
0.011505351
0.014888012
0.011554742
0.01171993
0.015978109
0.013504434
0.012273612
0.017885046
0.014957693
0.013686865
0.019769815
0.01785934
0.01564005
0.022903425
0.020870058
0.018372191
0.02708865
0.025332757
0.021879335
0.03287458
0.031272112
0.027085056
0.041061846
0.038631975
0.03232848
0.047960983
0.048001343
0.048117731
0.047888905
0.047936254
0.047982351
0.045749116
0.04487496
0.047943503
0.035501554
0.034316105
0.041146932
0.027981885
0.026062122
0.031844145
0.022371098
0.02021037
0.024492782
0.018307914
0.015858598
0.019045737
0.014566307
0.012700926
0.014826979
0.012148397
0.0098752002
0.011158573
0.010331575
0.0084065473
0.0093911677
0.009717024
0.0077404309
0.0082938443
0.0095637675
0.011925671
0.0075627576
0.011635931
0.0088432213
0.0080142557
0.01280746
0.011245963
0.0096789077
0.015266028
0.012860617
0.011288046
0.017276926
0.015496475
0.013460458
0.020104104
0.019074039
0.016615469
0.025129716
0.023513716
0.020416975
0.030874052
0.02979315
0.0250274
0.03975445
0.037709113
0.030819904
0.048014123
0.048050153
0.048171647
0.047951873
0.047996138
0.048036397
0.044712603
0.044343696
0.048011484
0.033898365
0.033298226
0.040859287
0.026221524
0.024537158
0.030533332
0.020305355
0.018529462
0.022884534
0.01593485
0.013960528
0.017261336
0.012975341
0.010356745
0.012866293
0.0094867927
0.0074210182
0.009319652
0.0075622951
0.0059350725
0.006958246
0.0063988903
0.0051365152
0.0058006497
0.0081783955
0.0055921997
0.0055676099
0.0093033243
0.0068189688
0.0053820244
0.010386426
0.0093347074
0.0075907058
0.012960751
0.011172623
0.0094329371
0.015492584
0.013911696
0.011706347
0.018580321
0.017589242
0.014915868
0.022925254
0.022006964
0.018307564
0.029759036
0.028218238
0.023249186
0.038678531
0.036766165
0.029810953
0.048061237
0.048092126
0.04821812
0.048009921
0.048048674
0.048082088
0.044654686
0.04499734
0.048070661
0.032947921
0.032878466
0.041368141
0.024992849
0.023709948
0.03017023
0.018732787
0.01733829
0.021732914
0.014087211
0.012490426
0.015955117
0.010417237
0.0086447431
0.011369174
0.0072709561
0.0060584537
0.0077802684
0.0053288703
0.0040447944
0.0053998414
0.0042017336
0.0034161718
0.0037579588
0.0073893612
0.0036979511
0.0037340432
0.0071257018
0.0055640407
0.0037474994
0.0085404078
0.0080601016
0.0061599974
0.010946199
0.010614263
0.0079697101
0.013816187
0.012930463
0.010683511
0.017163826
0.016309671
0.013663454
0.021754302
0.021182251
0.017473949
0.028119701
0.02753684
0.022362073
0.037603834
0.036354521
0.028648154
0.048101483
0.04812704
0.048256808
0.048060701
0.048093554
0.048119496
0.045569337
0.046737141
0.048120561
0.032846537
0.033104977
0.04245672
0.024174201
0.023246539
0.030552039
0.017590158
0.016520951
0.021191324
0.012635395
0.011409704
0.015063728
0.0087182495
0.0074202586
0.010284986
0.0057191389
0.0045640346
0.0065635103
0.0035872484
0.0025083417
0.0037613214
0.0039473155
0.0022419276
0.0022510779
0.0044289191
0.0024347041
0.0036476698
0.0052634697
0.0043612877
0.0028048946
0.0069472087
0.0067029502
0.0048032073
0.009604164
0.0090239931
0.0072999996
0.012490095
0.011978527
0.0095658853
0.016090396
0.015416425
0.012667688
0.020969229
0.020377428
0.016576287
0.027408373
0.027270827
0.021580265
0.036806988
0.036940039
0.028142726
0.048134678
0.048154898
0.048288202
0.048103501
0.048129834
0.048148663
0.046681965
0.048180814
0.048161323
0.03317106
0.033990146
0.04476376
0.024138296
0.022856131
0.030872903
0.018334866
0.019780007
0.021207885
0.011571843
0.010956703
0.018129372
0.0074558903
0.0065804034
0.0095796346
0.0043144835
0.0035688851
0.0057152293
0.0024224451
0.0015100895
0.0028167282
0.0020927234
0.0017422062
0.0013741566
0.0027556866
0.0017228616
0.00123965
0.0041987399
0.0034581893
0.0022118428
0.0061207358
0.0057485145
0.0041567014
0.0087278647
0.0080789638
0.00635794
0.011562643
0.011108614
0.008818776
0.015356748
0.014918792
0.01186468
0.02024529
0.019973574
0.015930467
0.027273756
0.027328444
0.021251728
0.036615704
0.037864382
0.028396851
0.048160652
0.048175364
0.048311805
0.048137393
0.048156828
0.048169495
0.048194886
0.048232305
0.04819194
0.034114447
0.047507458
0.047585958
0.025110553
0.043443519
0.048021666
0.023692724
0.030655678
0.039367647
0.016738618
0.020315748
0.027786983
0.0081124179
0.010414023
0.01806401
0.0034628553
0.0034726805
0.0083343959
0.0022454272
0.0021691801
0.0025168537
0.00070742849
0.00059893386
0.001044379
0.0012057492
0.00077180562
0.0005864811
0.0033885297
0.0030444304
0.0017166495
0.0055224219
0.0050978529
0.0034105695
0.0081603127
0.0077549065
0.0058741224
0.011088595
0.010576351
0.0084545547
0.014783136
0.014736105
0.011516639
0.020005562
0.019925001
0.015682139
0.027405995
0.027645586
0.02132709
0.038667146
0.039063258
0.029092228
0.048179439
0.04818938
0.048329089
0.048162286
0.048175429
0.048182887
0.048244183
0.048273728
0.048212654
0.046422062
0.038349044
0.048253357
0.019429786
0.026633012
0.036638454
0.013458373
0.016745563
0.02116132
0.0088757325
0.010854394
0.015186494
0.0052093891
0.0063782717
0.0096077301
0.0025173221
0.0031649217
0.0054326725
0.0015047867
0.0020663456
0.0026623147
0.00044425898
0.00045886497
0.00053478629
0.0030259664
0.0028241433
0.0017068318
0.0052563792
0.0048085254
0.0032232004
0.0076142872
0.0075029271
0.0054102545
0.010815123
0.010428092
0.0082907992
0.014502359
0.014639852
0.011465268
0.02006309
0.020143111
0.015679664
0.02792696
0.028516005
0.021588886
0.040127065
0.04889159
0.029978268
0.048191901
0.048197569
0.048340667
0.04817892
0.048186601
0.048189718
0.048285481
0.048301278
0.048224422
0.030071159
0.047843142
0.048295936
0.0258951
0.027833114
0.036202765
0.017273276
0.017981461
0.025299351
0.010993605
0.011578153
0.016255905
0.0064870166
0.0069513847
0.010279739
0.0032572388
0.0038010318
0.0060331265
0.0020802961
0.0022408136
0.0028485516
0.0020920999
0.0026441402
0.0019982799
0.0052111866
0.0055382315
0.0048115838
0.0077025071
0.0070329624
0.0060369202
0.010748353
0.010748481
0.0081503373
0.01458815
0.015119818
0.011265101
0.020374779
0.020681365
0.015793484
0.028679367
0.030134795
0.022209477
0.0415517
0.044211194
0.031367771
0.048198888
0.048201362
0.048348019
0.048188143
0.048189708
0.04819153
0.04830923
0.048324826
0.048229281
0.046351743
0.044864471
0.048322076
0.026943967
0.029531339
0.040501622
0.018390639
0.019855801
0.027080301
0.011842192
0.012829352
0.017903506
0.0071553167
0.0080005229
0.01147084
0.0040156012
0.0049870851
0.0070932011
0.0031694103
0.0035551082
0.0035612638
0.0027816066
0.0028476567
0.0026952382
0.0048981177
0.0049038905
0.0041387564
0.0081350813
0.0082114794
0.0049054018
0.010377175
0.012000832
0.010843209
0.014618153
0.014685207
0.011923175
0.021009777
0.02180978
0.016870045
0.029807742
0.031784108
0.022771173
0.044360656
0.048568611
0.033541675
0.04820183
0.048201821
0.048352123
0.048192039
0.048191047
0.04818997
0.048324648
0.048330501
0.0482276
0.045752974
0.048283879
0.048337365
0.030565612
0.033724982
0.047002237
0.020421006
0.022221861
0.030217489
0.013225395
0.01458388
0.02002901
0.0082915886
0.0094774522
0.01313835
0.0065621089
0.0069355843
0.0077223562
0.0041716588
0.005024334
0.0049324705
0.0031549238
0.0033429561
0.0032134837
0.0047323227
0.0053811495
0.005311098
0.0068327085
0.0085528288
0.0059651766
0.01239433
0.010473802
0.0076016894
0.016521682
0.017975337
0.011731985
0.021246957
0.025424697
0.015341028
0.031794358
0.033768643
0.023433942
0.047817413
0.049067012
0.036235674
0.048201594
0.048200439
0.048354545
0.048191144
0.048187192
0.048185527
0.048332916
0.048335461
0.048223228
0.048292684
0.048314251
0.048346047
0.034729155
0.037490079
0.048257111
0.022881195
0.025140542
0.034106125
0.015128113
0.016921906
0.022818549
0.0099570214
0.011395736
0.015316207
0.0081790958
0.0085929635
0.0093350588
0.0040223315
0.0042254183
0.0043588817
0.0059590417
0.0065848678
0.0052555801
0.0079152341
0.0092759551
0.0069110922
0.010200675
0.011705454
0.0096821569
0.01297726
0.015362919
0.013992762
0.024632236
0.025646265
0.017955553
0.03412013
0.033102035
0.024755404
0.049079946
0.049109879
0.040314194
0.048199763
0.048197946
0.04835649
0.048185949
0.048183446
0.048181521
0.048335526
0.048334989
0.048217063
0.048320213
0.048335482
0.048349905
0.038571135
0.042723618
0.048287471
0.026094722
0.029128266
0.03922143
0.017594067
0.019875505
0.026412006
0.012058601
0.013706131
0.01802095
0.010051237
0.010494922
0.011435374
0.0046755365
0.0048562861
0.0054365005
0.0067534686
0.0072325714
0.0059793832
0.009077962
0.0093660334
0.0076719865
0.013258848
0.012835214
0.01024438
0.015963099
0.017838164
0.013455139
0.025932666
0.030274084
0.018782884
0.028804139
0.037695551
0.031118314
0.049119089
0.049139933
0.048649818
0.048197224
0.048198583
0.048359147
0.048182561
0.048178166
0.048177391
0.048334661
0.048333262
0.048209709
0.048339809
0.048350308
0.048352092
0.044384858
0.047997404
0.04830994
0.030260352
0.033947617
0.045290582
0.020676756
0.023514826
0.030846669
0.014498031
0.016423939
0.021356482
0.012264675
0.012803028
0.014081851
0.0056000173
0.0058519173
0.006693848
0.0073785157
0.00807741
0.0070937434
0.00962309
0.010539695
0.0087768408
0.013037193
0.013880566
0.011199832
0.01866071
0.019167899
0.014963969
0.025985921
0.029873042
0.020244047
0.036479125
0.040922904
0.030778097
0.049149278
0.049172643
0.040882228
0.048198102
0.048196869
0.048363159
0.048176885
0.048173195
0.048173761
0.048332734
0.04833099
0.048203907
0.048353008
0.048359032
0.048353616
0.048006672
0.048030027
0.04832323
0.035287335
0.039712509
0.047874109
0.024409047
0.027870853
0.03618552
0.017360774
0.019375009
0.02534297
0.015035331
0.015443744
0.017036077
0.0068297837
0.0074021131
0.0084419666
0.0083386002
0.0091662161
0.0078828594
0.010823991
0.011525549
0.0095683714
0.01422283
0.015271231
0.012077844
0.019683256
0.020986164
0.016218748
0.02784243
0.030488958
0.023091341
0.048507125
0.047059561
0.032242084
0.049176678
0.049194093
0.04874411
0.0481973
0.048198492
0.048370095
0.048172064
0.048169137
0.048174074
0.048330344
0.048328163
0.0481996
0.048360454
0.048363535
0.048353748
0.048036513
0.048052604
0.04833033
0.041348882
0.046922255
0.047902301
0.028868152
0.033170274
0.042767643
0.020765439
0.022891596
0.030125196
0.018194193
0.018688921
0.019975543
0.0075482993
0.0079738949
0.0087601002
0.009420266
0.0099727601
0.0085303696
0.011735925
0.012315909
0.010342325
0.01556515
0.016239437
0.01306622
0.021268574
0.022156562
0.017279224
0.031554014
0.032868885
0.023712728
0.047830798
0.048590574
0.035567183
0.049196625
0.049201801
0.048783133
0.048198068
0.048199915
0.048378921
0.04816826
0.048165955
0.048174021
0.048327347
0.048324759
0.048195994
0.048364279
0.048365955
0.048352515
0.048056946
0.048067438
0.048334599
0.047066934
0.047089127
0.047921039
0.034071476
0.039729598
0.046630188
0.024603708
0.025438087
0.036031769
0.022024097
0.023179357
0.022366709
0.008099066
0.0089195105
0.009345789
0.010138918
0.010545548
0.009425491
0.012503546
0.01312896
0.011253
0.016443015
0.017171751
0.014117134
0.022539126
0.023571523
0.018343141
0.033223611
0.034354804
0.02525994
0.048600691
0.048630551
0.037447478
0.049204168
0.049215024
0.048816346
0.048201414
0.048207543
0.048390795
0.048165375
0.048165123
0.048178102
0.048323871
0.048321296
0.048193679
0.048366365
0.048367163
0.048350419
0.04807017
0.048076494
0.048337295
0.047095133
0.047109498
0.047932676
0.040511573
0.044288019
0.046656215
0.025932454
0.032440696
0.040734566
0.02339699
0.028178981
0.030170687
0.0090239799
0.009851017
0.0099546872
0.010697905
0.011282359
0.010428587
0.01335065
0.014204837
0.012271551
0.017444488
0.018328926
0.015137513
0.023948191
0.025142235
0.01983259
0.034636491
0.035815445
0.027182549
0.048640681
0.048671526
0.039641521
0.049217844
0.049228573
0.048850029
0.048209499
0.048220047
0.048406341
0.048165644
0.048167693
0.048186042
0.048320485
0.048318196
0.048194092
0.04836728
0.048367179
0.048348084
0.048078026
0.048081137
0.048338479
0.04711312
0.047121384
0.047938674
0.044298261
0.044324363
0.046672499
0.035218966
0.036681972
0.043078362
0.02780895
0.02884999
0.030457725
0.0095536991
0.010474311
0.010725262
0.011386496
0.012103308
0.010928857
0.014543588
0.015441906
0.013249941
0.018637262
0.019678862
0.016264389
0.025488615
0.026737583
0.021283642
0.036207081
0.037769676
0.029129538
0.048681881
0.048714004
0.042073415
0.049230245
0.049243451
0.048885568
0.048224211
0.048230895
0.04842465
0.048168308
0.048170333
0.048191499
0.048317473
0.048315449
0.048195692
0.048366996
0.048366059
0.048345809
0.048081672
0.048081985
0.048338157
0.047123157
0.047127247
0.047939736
0.044331851
0.044351292
0.04668087
0.036704377
0.036771478
0.043116014
0.029129947
0.0291658
0.033365598
0.010826631
0.011481509
0.011139474
0.012224669
0.013016631
0.011632358
0.015815455
0.016556444
0.014391329
0.020091799
0.021426752
0.017556765
0.027039793
0.028348408
0.02247048
0.038400031
0.040230816
0.03078875
0.048724864
0.048757861
0.044560961
0.049246891
0.049263726
0.04892229
0.048231891
0.048237533
0.048445899
0.048171166
0.048174313
0.048198402
0.04831483
0.048313201
0.048198049
0.048365627
0.048364034
0.048343811
0.048081664
0.048079597
0.048336488
0.047127753
0.047126939
0.047936522
0.044356793
0.04437067
0.046682944
0.036793891
0.03685971
0.043145942
0.029279657
0.029317879
0.033483717
0.0040426442
0.0041517397
0.0026608817
0.01162165
0.012208267
0.011552363
0.013229146
0.014195119
0.012666106
0.01698133
0.018040311
0.015491095
0.021760234
0.022906597
0.019137264
0.028766082
0.030102541
0.024035641
0.040926781
0.042195112
0.03234346
0.048768743
0.048801362
0.046329852
0.049268071
0.049286598
0.048959004
0.048241628
0.048252311
0.048474978
0.04817555
0.048179283
0.048209248
0.048312753
0.048311585
0.048200838
0.048363419
0.04836135
0.048342233
0.048078538
0.048074825
0.048333675
0.047126066
0.047122126
0.04793076
0.044374521
0.044384359
0.046680779
0.036881239
0.036945102
0.043169843
0.029437091
0.029476078
0.033602304
0.0044862402
0.0045985298
0.0030007653
0.012353868
0.013175119
0.012146412
0.014522246
0.015530228
0.013822889
0.018425122
0.019200312
0.016720084
0.023234169
0.02441564
0.020870492
0.030443031
0.031964956
0.025846362
0.042483973
0.043321311
0.034381111
0.04881216
0.048845157
0.047327941
0.049291083
0.049310924
0.048996562
0.04825502
0.048264046
0.048494559
0.048180514
0.048183406
0.048221261
0.048311316
0.048310247
0.048203175
0.048360618
0.048357943
0.048340701
0.048073361
0.048068255
0.048329671
0.047120412
0.047114755
0.04792274
0.044386757
0.044393354
0.046675243
0.036965888
0.037026828
0.043187845
0.028015531
0.029206228
0.033720875
0.0049328265
0.005042805
0.0033493273
0.01337739
0.014466233
0.012944256
0.015860618
0.016896071
0.015245441
0.019552645
0.020518807
0.018129851
0.024834615
0.026227475
0.022598621
0.032417654
0.033987428
0.028129975
0.043552571
0.045037279
0.036965969
0.048856223
0.048890034
0.048175762
0.049315727
0.049337812
0.04903555
0.048268117
0.048277441
0.048508704
0.048184202
0.048191154
0.048234737
0.04830979
0.048314872
0.048211281
0.048356814
0.048351193
0.048343288
0.048066312
0.048040345
0.048317875
0.047112594
0.04703945
0.047884222
0.044394817
0.044200679
0.046577586
0.037045757
0.036471247
0.042929807
0.026477931
0.027205434
0.033804683
0.0053656794
0.0054682703
0.0036864511
0.014715848
0.016346134
0.013518696
0.017340178
0.018568058
0.016991103
0.021002435
0.022303206
0.019779247
0.026707234
0.028245599
0.024419731
0.034424663
0.035733802
0.030411621
0.045432362
0.046853625
0.038899155
0.048901444
0.048936442
0.048241927
0.049343364
0.049368415
0.049075655
0.04828226
0.048299517
0.048560412
0.0481924
0.048197096
0.048251463
0.048315053
0.048316069
0.048216263
0.048350468
0.048348506
0.048343772
0.048038656
0.048033702
0.048314064
0.047037452
0.047031437
0.047875864
0.044202066
0.044202991
0.046570383
0.036483464
0.036509871
0.04293921
0.017537836
0.017743927
0.033088648
0.0071919015
0.0071946047
0.011077286
0.010529657
0.010876225
0.0038513704
0.017086044
0.018675513
0.01387921
0.019279341
0.020917167
0.019029644
0.022994225
0.024762577
0.021888831
0.02877224
0.03038467
0.026595496
0.036311723
0.037738823
0.032828901
0.047388667
0.047983
0.040743547
0.048948273
0.048984398
0.048304511
0.049374871
0.049402791
0.049116988
0.048304434
0.048318425
0.048591483
0.04819895
0.048205206
0.048266201
0.048316592
0.048318745
0.048223679
0.048347968
0.048346843
0.048345596
0.048032181
0.048028131
0.048311213
0.047029441
0.047023759
0.047868544
0.044202948
0.04420101
0.046563017
0.036511622
0.036496803
0.042938592
0.017709517
0.017517793
0.033060591
0.0024056311
0.0024754244
0.011651002
0.0027165644
0.0028181472
0.0039884397
0.010981435
0.01126623
0.004075293
0.019338977
0.022114926
0.014272886
0.021593854
0.023988658
0.022321099
0.025442138
0.027683381
0.024686319
0.030984704
0.032948711
0.029245477
0.038187071
0.039702189
0.035428686
0.048000078
0.048054523
0.042544988
0.048996532
0.049034404
0.048368231
0.049410082
0.049440932
0.049161036
0.048323714
0.048342291
0.04862834
0.048207528
0.048215078
0.048286815
0.048319671
0.048323128
0.048233583
0.048346655
0.048346784
0.048349109
0.048026996
0.048024377
0.04831002
0.047022026
0.047017411
0.0478633
0.044199673
0.044191864
0.046556372
0.036484735
0.036432046
0.042925287
0.017433747
0.017148323
0.032947496
0.002496459
0.0025543192
0.011186531
0.0028483292
0.0029303041
0.0039159694
0.011353363
0.011583384
0.0042543822
0.022415405
0.022630782
0.014591783
0.02488465
0.02797173
0.024957547
0.028501063
0.031162699
0.028471629
0.033669572
0.036048414
0.032731314
0.040238292
0.042029626
0.038555032
0.048072402
0.048125116
0.044972166
0.049047229
0.049085998
0.048431785
0.049449249
0.049482104
0.049207969
0.048347904
0.048373214
0.048665614
0.048217805
0.048226883
0.048309621
0.048324525
0.048329498
0.048245641
0.048347078
0.048348793
0.048354561
0.048023805
0.048023119
0.048310982
0.047016107
0.047012595
0.04786096
0.044188343
0.044176119
0.046549955
0.036410035
0.036333608
0.042901337
0.017046341
0.016726045
0.032781328
0.0025720751
0.0026215263
0.010669482
0.0029552241
0.0030241719
0.0038538393
0.011651334
0.011837813
0.004401704
0.022695719
0.022873074
0.014848806
0.029127813
0.031589443
0.025193312
0.032116921
0.035213298
0.03340678
0.036907606
0.039584221
0.036990407
0.042661451
0.04486285
0.042162967
0.048142339
0.048192796
0.046900957
0.049098936
0.049137917
0.048493998
0.049490747
0.049525663
0.049256468
0.048379824
0.048399533
0.048703743
0.048230207
0.04824119
0.048340943
0.048331427
0.048338064
0.048259467
0.048349654
0.048353149
0.0483621
0.048023235
0.048024606
0.048314405
0.047011646
0.047009497
0.047861402
0.044171578
0.044156574
0.046544502
0.036305239
0.036213926
0.042869213
0.016617748
0.016286644
0.032583996
0.0026368337
0.0026797796
0.010155352
0.0030454673
0.0031050853
0.0038001416
0.011894326
0.012049178
0.0045265973
0.022926511
0.02307325
0.015058436
0.031639405
0.031778011
0.025389359
0.036328151
0.038692278
0.033697929
0.040553623
0.043443493
0.040088801
0.045664152
0.046453657
0.044309353
0.048209225
0.048257318
0.046981759
0.049150886
0.049189729
0.048554449
0.049535151
0.049571719
0.049305779
0.048406723
0.048427965
0.048742953
0.048245251
0.048259317
0.048364462
0.048340573
0.048349018
0.048275707
0.048354628
0.048360012
0.048371902
0.048025369
0.048028643
0.048320447
0.047009025
0.047008335
0.047864346
0.044151153
0.044134195
0.046540312
0.036181216
0.036076675
0.042831932
0.016175895
0.015844584
0.032373423
0.0026931747
0.0027308226
0.0096713763
0.0031236725
0.0031760735
0.0037531199
0.0120961
0.012226032
0.004634879
0.023115745
0.023238703
0.015233163
0.031820918
0.031940288
0.025553574
0.038727334
0.038825373
0.033851176
0.043469471
0.043542961
0.040208363
0.046474431
0.046533466
0.044402948
0.048272948
0.048318699
0.047055846
0.049202576
0.049240792
0.048612817
0.049581507
0.049618851
0.049354953
0.048435522
0.048458755
0.048784647
0.04826485
0.048282497
0.048389043
0.048352148
0.048362453
0.048294997
0.048362129
0.048369428
0.048384136
0.048030042
0.048035167
0.048329087
0.047008287
0.047008637
0.047869719
0.044128225
0.044109913
0.046537067
0.036040179
0.035926333
0.042791103
0.015734575
0.015409112
0.032155453
0.0027416522
0.0027674906
0.0092283886
0.0031925427
0.0032394303
0.0037115256
0.012266163
0.012378423
0.0047301707
0.023276808
0.023380155
0.015380542
0.031977201
0.032080361
0.02569442
0.038855768
0.038940853
0.033984675
0.043566014
0.043630944
0.040312735
0.04655208
0.046605021
0.044486961
0.04833356
0.048376992
0.047123392
0.04925336
0.04929056
0.048668914
0.049628602
0.049665827
0.049403141
0.048466468
0.048489241
0.04882928
0.048288709
0.04830756
0.048414585
0.048366199
0.048378364
0.048316227
0.048372185
0.048381415
0.048398889
0.048037178
0.048044086
0.04834033
0.047008898
0.047010087
0.047877368
0.044103651
0.04408447
0.046534504
0.035887374
0.035768512
0.042747501
0.015301864
0.014987102
0.031935294
0.0027742753
0.0027903993
0.0088296981
0.0032543332
0.0032971834
0.0036744144
0.012413435
0.012512099
0.0048156621
0.023411864
0.023501064
0.015508287
0.032112465
0.032202885
0.025817834
0.038967191
0.03904078
0.034102349
0.043651285
0.043708839
0.040403928
0.04662174
0.046669332
0.044562573
0.048391064
0.048432078
0.047184855
0.049302746
0.04933876
0.048722511
0.04967535
0.049712183
0.049449956
0.048496896
0.048520718
0.048876392
0.048313413
0.048332669
0.048442691
0.048382727
0.048396789
0.048339833
0.048384815
0.048395959
0.048416209
0.048046662
0.048055147
0.048354095
0.047010594
0.047012448
0.047886954
0.0440779
0.044057694
0.046532401
0.035728543
0.035608619
0.042701703
0.014884354
0.014583601
0.031716315
0.0027946446
0.0028048671
0.0084746069
0.0033109199
0.0033506482
0.0036410355
0.012543027
0.012630689
0.0048939749
0.023528457
0.023606357
0.015621403
0.032231192
0.032311216
0.025928934
0.039063631
0.03912761
0.034206391
0.043726981
0.043778702
0.040483982
0.04668437
0.046727169
0.044631183
0.048445328
0.048483868
0.047240807
0.049350554
0.049385483
0.048773443
0.049721637
0.04975781
0.049495582
0.048529139
0.048555541
0.048926583
0.048339543
0.048360366
0.048473745
0.048401806
0.048417838
0.048366185
0.048399986
0.048412959
0.048436108
0.04805821
0.048068027
0.048370204
0.047013169
0.047015624
0.047898152
0.044050788
0.044029599
0.046530726
0.035568683
0.035449117
0.042653949
0.014485912
0.014201243
0.031500038
0.0028076279
0.0028145877
0.0081598637
0.0033634378
0.0034005033
0.0036107979
0.012658331
0.012736805
0.004966576
0.023630356
0.02369959
0.015722817
0.032336522
0.032408022
0.026028238
0.039147544
0.039203471
0.034298373
0.043795123
0.04384222
0.040554469
0.046740695
0.046779228
0.044693873
0.048496302
0.048532448
0.047291844
0.049396955
0.049431059
0.048821755
0.049767176
0.049802801
0.049540515
0.048564932
0.048593483
0.0489809
0.048367653
0.048390735
0.048500586
0.048423501
0.048441393
0.048395056
0.048417569
0.048432192
0.048458446
0.048071491
0.048082384
0.048388376
0.047016532
0.047019487
0.047910675
0.044022392
0.044000411
0.046529451
0.035409353
0.035290438
0.042604035
0.014109126
0.013841159
0.031286767
0.0028165937
0.0028220944
0.0078813125
0.0034124346
0.0034469937
0.003583246
0.012761579
0.012832073
0.0050337729
0.023721781
0.02378452
0.015813281
0.032430449
0.032494991
0.026116452
0.03922092
0.039269814
0.03437946
0.04385723
0.043900336
0.040616547
0.046791432
0.046826322
0.044751247
0.048544113
0.048578031
0.047338563
0.049442299
0.049475789
0.048867657
0.049812164
0.049847567
0.049585135
0.048603131
0.048624442
0.049039198
0.048398722
0.048423716
0.04853552
0.048447643
0.048467173
0.048426451
0.048437314
0.048453343
0.048482948
0.048086168
0.048097912
0.048408259
0.047020541
0.047023858
0.047924276
0.043992983
0.043970448
0.046528499
0.03525095
0.035133103
0.042552893
0.013754614
0.013503309
0.031076864
0.0028238056
0.0028286337
0.0076345398
0.0034581051
0.0034902651
0.0035587052
0.012854442
0.012918565
0.0050958594
0.023804057
0.023860681
0.015895177
0.032513819
0.032568631
0.026197234
0.039285051
0.039328014
0.034448889
0.043914067
0.043953446
0.040671424
0.046837422
0.046869317
0.044803623
0.048588983
0.048620831
0.04738158
0.049486843
0.049519761
0.048911358
0.049857037
0.04989253
0.049629492
0.048634639
0.048665542
0.049100541
0.048432378
0.048459291
0.04857075
0.048473928
0.048494844
0.048460181
0.048458889
0.048476067
0.048509297
0.048101949
0.04811439
0.048429516
0.047025007
0.047028548
0.047938756
0.043962858
0.043939856
0.046527746
0.035094059
0.034977782
0.042501179
0.013422341
0.013187597
0.030871004
0.0028301439
0.0028344425
0.0074156867
0.0035006034
0.0035305808
0.0035388268
0.012939029
0.012997802
0.0051534051
0.023878904
0.023932172
0.01597051
0.032585329
0.032634119
0.026270914
0.039341551
0.039380193
0.034509367
0.043965968
0.044001823
0.040720689
0.046879514
0.04690895
0.044851317
0.048631116
0.048661017
0.047421497
0.049530615
0.049562849
0.048952937
0.049902183
0.049937892
0.049673227
0.04867575
0.048706451
0.049164136
0.048468544
0.04849701
0.048608291
0.048502019
0.048524089
0.048495723
0.048481956
0.048500053
0.04853719
0.048118642
0.048131696
0.048451876
0.047029753
0.047033425
0.047953972
0.043932067
0.0439083
0.046527077
0.034939323
0.034824896
0.042449808
0.013112088
0.012893495
0.030669613
0.0028358018
0.0028397277
0.0072211806
0.0035402483
0.0035684161
0.003524818
0.013016559
0.013070491
0.005207205
0.023949666
0.024000561
0.016039284
0.032649281
0.032691889
0.026339757
0.039392478
0.039427687
0.034563623
0.044013206
0.044045747
0.040765465
0.0469184
0.046945774
0.044894711
0.048670672
0.048698752
0.04745885
0.049573451
0.049604844
0.048992363
0.04994773
0.049983555
0.049716272
0.048716612
0.048747988
0.049229093
0.048506683
0.048536093
0.048648622
0.048531614
0.048554657
0.048532451
0.048506215
0.04852505
0.048566358
0.048136143
0.048149748
0.048475147
0.047034665
0.047038431
0.047969802
0.04390026
0.043875875
0.04652643
0.034787067
0.034674513
0.042398791
0.012823244
0.012620059
0.030472616
0.0028409913
0.0028447124
0.0070477074
0.0035775469
0.0036042692
0.0035176222
0.013087756
0.013137683
0.0052580238
0.024016472
0.024063074
0.016102583
0.032705267
0.032742722
0.026401616
0.039438909
0.039471102
0.034612135
0.044056061
0.044085489
0.040806336
0.046954593
0.04698021
0.044934167
0.048707824
0.048734235
0.047494068
0.049615148
0.049645599
0.049029608
0.04999352
0.05002923
0.049758399
0.048758747
0.048791877
0.049293807
0.048545988
0.048575927
0.048691883
0.048562483
0.048586387
0.048569985
0.048531435
0.048550878
0.048596611
0.048154367
0.048168451
0.048499197
0.047039702
0.047043567
0.047986133
0.043867676
0.043842941
0.046525811
0.034637303
0.034526624
0.042348041
0.012554811
0.012366015
0.030279797
0.0028459354
0.0028496223
0.0068926143
0.0036129587
0.0036384149
0.0035180016
0.013153742
0.013200217
0.0053062284
0.024077968
0.02412103
0.016161735
0.032754431
0.032787358
0.026456776
0.039481385
0.039510971
0.034655686
0.044094799
0.044121307
0.040843795
0.046988489
0.047012601
0.044969955
0.04874278
0.048767693
0.047527446
0.049655583
0.049685076
0.049064735
0.050039237
0.050074596
0.049799466
0.048803308
0.048838607
0.049358261
0.048585976
0.048616383
0.048737833
0.048594491
0.04861921
0.048608312
0.04855745
0.048577419
0.048627847
0.048173215
0.04818769
0.048523921
0.047044874
0.047048856
0.048002858
0.043834663
0.043809783
0.046525264
0.034490056
0.034381392
0.042297603
0.012305383
0.012129962
0.030091278
0.0028508636
0.0028546978
0.0067533083
0.0036466871
0.0036708628
0.0035266069
0.013215131
0.013258137
0.0053517375
0.024134716
0.024173937
0.016216413
0.03279747
0.032826359
0.026507688
0.039520458
0.039547873
0.034695346
0.044129678
0.044153469
0.040878327
0.047020414
0.047043212
0.04500227
0.04877577
0.048799365
0.047559154
0.049694748
0.049723324
0.049097935
0.050084573
0.050119429
0.049839488
0.048850835
0.048888481
0.049422921
0.048626608
0.048657579
0.04878577
0.048627582
0.048653096
0.048647591
0.048584156
0.048604592
0.048660025
0.048192568
0.04820734
0.048549225
0.047050205
0.047054309
0.048019878
0.043801479
0.043776559
0.046524814
0.034345529
0.034239055
0.042247576
0.01207362
0.011910602
0.029907352
0.0028560175
0.002860168
0.0066278066
0.0036786908
0.0037014755
0.0035438591
0.013271881
0.013311357
0.0053942807
0.024186309
0.024221115
0.016266401
0.032835701
0.032861269
0.026552731
0.039556679
0.039582129
0.034731423
0.044160975
0.044182304
0.040910287
0.047050607
0.047072201
0.045031348
0.048807036
0.048829509
0.047589267
0.049732702
0.049760422
0.049129502
0.050129342
0.05016367
0.049878536
0.048912803
0.048952095
0.049488575
0.048668017
0.048699663
0.048835705
0.048661731
0.048688013
0.048687951
0.048611476
0.048632327
0.048693112
0.0482123
0.048227274
0.048575009
0.047055695
0.047059895
0.048037105
0.043768251
0.043743374
0.046524439
0.034203937
0.034099689
0.042197987
0.01185824
0.01170666
0.029728194
0.0028616169
0.0028662181
0.0065144461
0.0037088231
0.0037301587
0.0035699677
0.013323926
0.013359916
0.0054337069
0.024232022
0.024262712
0.016311859
0.032869057
0.032892001
0.026591786
0.039590313
0.039614012
0.034763935
0.044189041
0.044208238
0.040939899
0.047079206
0.047099647
0.045057585
0.048836842
0.048858404
0.047617811
0.049769523
0.049796445
0.049159796
0.050173527
0.050207429
0.049916697
0.048965371
0.04900559
0.049555755
0.048710355
0.048742742
0.048886105
0.048696897
0.04872389
0.04872942
0.04863934
0.048660543
0.048727047
0.048232288
0.048247384
0.04860117
0.047061305
0.047065557
0.048054466
0.043735122
0.043710497
0.046524079
0.0340653
0.033963178
0.04214879
0.011657939
0.011516776
0.029553694
0.0028678355
0.0028729968
0.0064116879
0.003737033
0.0037570366
0.0036050624
0.013371351
0.013404078
0.0054702053
0.02427233
0.02429956
0.016353151
0.03289917
0.032919633
0.026625298
0.039621558
0.039642974
0.034793867
0.044214326
0.044231775
0.040967064
0.047106275
0.047125605
0.045081546
0.04886547
0.04888633
0.047644809
0.049805291
0.049831481
0.049189179
0.050217275
0.050250943
0.049954062
0.049019057
0.049060422
0.049624873
0.048753714
0.048786877
0.048946311
0.048732998
0.048760608
0.04877195
0.048667663
0.048689149
0.048761718
0.048252428
0.048267591
0.048627615
0.047066977
0.047071246
0.048071912
0.043702333
0.043677976
0.046523693
0.033929476
0.033829377
0.042099969
0.011471366
0.011339715
0.029383629
0.002874818
0.002880648
0.0063182359
0.0037635057
0.003782427
0.0036493354
0.013414488
0.013444364
0.0055042653
0.024308145
0.024332474
0.016390757
0.032926145
0.032945136
0.026654939
0.039649791
0.039669626
0.034821252
0.044237354
0.04425349
0.040992149
0.047131875
0.047150179
0.045103885
0.048893193
0.04891352
0.047670317
0.049840097
0.049865642
0.049217966
0.050260843
0.050294498
0.049990731
0.049074241
0.049115795
0.049695964
0.048798124
0.048832065
0.048996863
0.048769902
0.048797987
0.048815446
0.048696352
0.048718045
0.048796961
0.048272652
0.048287848
0.04865426
0.047072667
0.047076932
0.048089409
0.043669906
0.04364585
0.046523269
0.033796338
0.033698217
0.042051586
0.011297355
0.011174515
0.029217861
0.0028827108
0.0028893297
0.0062330766
0.0037885782
0.0038066489
0.0037030475
0.01345391
0.01348147
0.0055364228
0.0243401
0.024361777
0.016425136
0.032951167
0.032969383
0.026681284
0.039676082
0.039694826
0.034847216
0.044258697
0.044273842
0.041015706
0.047156126
0.047173524
0.045125113
0.048920225
0.048940111
0.047694447
0.049874061
0.04989906
0.049246362
0.050304515
0.050338353
0.0500268
0.0491296
0.049171267
0.049768798
0.048843678
0.048878483
0.049048161
0.048807414
0.048835797
0.048859734
0.048725307
0.048747135
0.04883257
0.048292915
0.048308119
0.048681036
0.04707835
0.047082599
0.048106926
0.043637887
0.043614163
0.046522804
0.033665835
0.03356967
0.0420036
0.011134994
0.011020389
0.029056347
0.0028916754
0.0028991976
0.0061553825
0.0038125437
0.0038299039
0.003765029
0.01349034
0.013516188
0.0055670846
0.024368658
0.024388206
0.016456905
0.032975404
0.032992943
0.026705137
0.039700828
0.039718031
0.034871181
0.044278744
0.044292995
0.041037578
0.04717919
0.047195803
0.045145439
0.048946674
0.048966122
0.047717343
0.049907314
0.049931859
0.049274421
0.050348532
0.050382663
0.050062351
0.04918513
0.049226907
0.04984296
0.04889039
0.048928607
0.049100348
0.0488453
0.048873792
0.04890473
0.048754434
0.048776333
0.048868342
0.048313183
0.048328366
0.048707889
0.047084009
0.047088225
0.048124424
0.043606313
0.043582922
0.046522279
0.033537933
0.033443668
0.04195602
0.010983508
0.010876574
0.02889902
0.0029018496
0.0029102753
0.0060844425
0.0038355778
0.0038523154
0.0038290813
0.013524592
0.013549263
0.0055965497
0.024394362
0.02441245
0.016486983
0.032998615
0.033015158
0.02672689
0.039723483
0.039738987
0.03489321
0.044297601
0.044310965
0.041057136
0.047201224
0.047217152
0.045164875
0.04897253
0.048991471
0.047739175
0.049939974
0.049964125
0.049302047
0.050393015
0.050427432
0.050097433
0.049240863
0.049283059
0.049917929
0.048940571
0.04897623
0.049153743
0.048883328
0.048911783
0.048952372
0.048783654
0.048805579
0.048904122
0.04833342
0.04834856
0.048734782
0.04708962
0.047093779
0.048141871
0.043575183
0.043552107
0.046521592
0.033412549
0.033320099
0.04190887
0.010842147
0.010742273
0.028745727
0.00291322
0.0029225087
0.0060196096
0.0038577948
0.0038739897
0.0038946179
0.013557333
0.013581122
0.0056250606
0.024418259
0.024435073
0.016515786
0.033020328
0.033035537
0.026747884
0.039743891
0.039757848
0.034913659
0.04431528
0.044327828
0.041074469
0.047222355
0.047237671
0.04518342
0.048997695
0.04901605
0.047760123
0.049972114
0.049995901
0.049329057
0.050437929
0.050472511
0.050132072
0.0492972
0.049340093
0.049993357
0.048988156
0.04902441
0.049208563
0.048921306
0.048949669
0.048997473
0.048812916
0.048834847
0.048939726
0.048353597
0.048368687
0.048761708
0.047095152
0.047099238
0.048159249
0.043544471
0.043521674
0.046520776
0.033289569
0.03319885
0.041862147
0.010710122
0.010616697
0.028596278
0.0029257325
0.00293585
0.0059602869
0.0038792989
0.0038949996
0.0039617516
0.013588927
0.013612009
0.0056527772
0.024440489
0.024456253
0.016543541
0.033040578
0.033055604
0.026768386
0.039762222
0.039774568
0.034934082
0.044331896
0.044343796
0.041090679
0.04724268
0.047257438
0.045201119
0.049022068
0.049039804
0.047780362
0.050003768
0.050027199
0.049355281
0.050483094
0.050517655
0.050166289
0.049354513
0.049398299
0.050069202
0.049036558
0.049073183
0.04926483
0.048960399
0.048988586
0.04904308
0.048842209
0.048864157
0.048976826
0.04837371
0.048388766
0.048788699
0.047100585
0.047104603
0.048176565
0.04351413
0.043491569
0.046520043
0.033168884
0.033079826
0.041815833
0.010586609
0.010499036
0.028450505
0.0029393434
0.0029502721
0.0059058956
0.0039001406
0.0039152966
0.0040305484
0.013619592
0.013641864
0.0056796063
0.024461432
0.024476197
0.016570273
0.033060568
0.033075378
0.026788038
0.039778445
0.039789684
0.034954282
0.044347675
0.044359047
0.041106543
0.047262266
0.047276497
0.045217992
0.049045616
0.049062781
0.047800042
0.050034948
0.050058035
0.049380649
0.050528255
0.050562607
0.050200111
0.049413024
0.04945772
0.050145535
0.049085431
0.049122353
0.049322472
0.048997888
0.049026049
0.049088683
0.048871567
0.048893618
0.049012104
0.048393786
0.048408838
0.048815823
0.047105927
0.047109893
0.048193847
0.043484105
0.043461726
0.046519368
0.0330504
0.032962927
0.041769895
0.010470822
0.010388697
0.028308253
0.0029540326
0.0029657788
0.0058559509
0.003920237
0.0039347635
0.004100979
0.013649094
0.013670367
0.0057053055
0.024480979
0.024494751
0.016595609
0.033080327
0.033095005
0.026806526
0.039793368
0.039804179
0.034974588
0.044362751
0.044373588
0.041121912
0.047281151
0.047294865
0.045233982
0.049068419
0.04908513
0.047819259
0.050065671
0.050088438
0.049405222
0.050573167
0.050607172
0.050233585
0.049472739
0.049518269
0.050222468
0.049134688
0.04917182
0.0493814
0.049035428
0.049063435
0.049134095
0.048904718
0.048927117
0.049047636
0.048413869
0.048428969
0.048848122
0.047111195
0.047115126
0.048211142
0.043454317
0.043432041
0.046518652
0.032934013
0.032848039
0.04172429
0.010362111
0.010284743
0.028169349
0.0029698115
0.0029823979
0.0058099042
0.0039394933
0.0039534038
0.0041729236
0.013677231
0.013697136
0.0057299149
0.024499205
0.024512027
0.016619244
0.03309977
0.033113563
0.026823917
0.039807694
0.039817945
0.034994148
0.044377103
0.044387354
0.041136581
0.047299347
0.047312549
0.045249014
0.049090639
0.049107036
0.047838059
0.050095973
0.050118457
0.049429152
0.050617653
0.050651241
0.050266758
0.049533554
0.049579882
0.050300015
0.049184202
0.049221371
0.049441544
0.049072747
0.049100586
0.049179081
0.04893453
0.048956863
0.04908315
0.048434162
0.048459183
0.048875801
0.047116399
0.047120303
0.048239263
0.043424664
0.043402462
0.046517854
0.032819614
0.032735071
0.041678977
0.010259708
0.010186669
0.028033638
0.002986707
0.0030001364
0.0057674265
0.0039579455
0.0039713382
0.0042462532
0.013703551
0.013722389
0.0057537088
0.024516034
0.024527574
0.01664109
0.033118018
0.033130927
0.026839821
0.039821269
0.039830997
0.035012621
0.044390667
0.044400317
0.041150403
0.047316863
0.047329568
0.045263073
0.049112461
0.049128652
0.047856446
0.050125905
0.050148142
0.049452603
0.050661627
0.050694778
0.050299667
0.04959544
0.049642607
0.050378252
0.049233725
0.049270686
0.049502848
0.049109851
0.049137569
0.049223362
0.048964341
0.048986875
0.049118721
0.048464352
0.048479512
0.048903598
0.047121603
0.047149094
0.048257877
0.043395114
0.043373067
0.046543625
0.032707115
0.032623959
0.041633955
0.010162979
0.010093855
0.027900976
0.0030047147
0.0030189595
0.0057281902
0.0039757148
0.0039886542
0.0043209036
0.013728488
0.013746287
0.0057766285
0.024531248
0.024541785
0.016661467
0.033135062
0.033147217
0.026854227
0.03983416
0.039843572
0.035029832
0.044403436
0.044412547
0.041163457
0.047333719
0.047345956
0.045276234
0.04913402
0.049150048
0.047874411
0.050155514
0.05017753
0.049475688
0.050705065
0.050737783
0.050332321
0.049658453
0.049706507
0.050457183
0.049282928
0.049319421
0.049565183
0.04914681
0.04917447
0.049266733
0.048994423
0.049017167
0.049154405
0.048484576
0.048499817
0.048931683
0.047150457
0.047153884
0.048275088
0.043366212
0.043399773
0.046544393
0.032596452
0.032608245
0.041655653
0.010071408
0.010005914
0.027772243
0.0030237932
0.0030388366
0.0056920118
0.0039928871
0.0040054264
0.0043968485
0.013752073
0.013769073
0.0057986391
0.024545193
0.024555095
0.016680659
0.033151202
0.033162908
0.026867528
0.039846699
0.03985605
0.035045946
0.044415503
0.044424176
0.041176052
0.047349957
0.047361759
0.045288634
0.049155361
0.049171205
0.04789194
0.050184831
0.050206629
0.049498436
0.050747971
0.050780262
0.050364706
0.049722637
0.049771515
0.05053691
0.049331474
0.049367314
0.049628301
0.049183707
0.049211396
0.049309158
0.049024784
0.049047735
0.049190279
0.048504905
0.048520223
0.04896005
0.047155011
0.047158425
0.048292342
0.043392146
0.043369083
0.046543021
0.032597104
0.032519997
0.041610157
0.0099849118
0.010028375
0.027777519
0.0030439435
0.0030673464
0.0057197193
0.0040095443
0.004004441
0.0044614749
0.013774634
0.013790772
0.0057909502
0.024558261
0.024567479
0.016698822
0.033166703
0.033177877
0.026880249
0.039859133
0.039868286
0.035060606
0.044427003
0.044435316
0.041188226
0.047365622
0.047377025
0.045300411
0.049176449
0.049192057
0.047909032
0.050213855
0.050235421
0.049520811
0.050790349
0.050822212
0.050396795
0.049787892
0.049837388
0.050617592
0.049379143
0.049414282
0.049691811
0.049220661
0.049248483
0.049350785
0.049055422
0.049078562
0.049226407
0.048525337
0.048540694
0.048988654
0.047159539
0.047162903
0.0483096
0.043361408
0.043338569
0.046541617
0.032492538
0.032411013
0.041564292
0.010007153
0.0099444774
0.027648799
0.0030726737
0.003089298
0.0056864704
0.0040084981
0.00402061
0.0045384343
0.013796011
0.013811262
0.0058119087
0.024570459
0.024579045
0.01671582
0.033181537
0.033192147
0.02689237
0.03987128
0.039880068
0.035073973
0.044438031
0.044446015
0.041199786
0.04738076
0.047391796
0.045311687
0.049197213
0.049212535
0.047925697
0.050242566
0.050263876
0.049542755
0.050832196
0.050863632
0.050428562
0.049853924
0.049903696
0.05069946
0.049425888
0.049460412
0.049755164
0.049257808
0.049285855
0.049391913
0.049086303
0.049109582
0.0492628
0.048545825
0.048561207
0.049017407
0.047164025
0.047167366
0.048326844
0.043330919
0.043308149
0.046540181
0.032383973
0.032303923
0.041518782
0.009923998
0.0098646774
0.027523065
0.0030949638
0.0031123472
0.005655822
0.0040245946
0.0040363497
0.0046168089
0.013816169
0.013830325
0.0058321079
0.024581782
0.024589554
0.016731474
0.033195519
0.033205168
0.026903374
0.039882904
0.039891138
0.035086178
0.044448625
0.044456308
0.041210836
0.047395413
0.047406109
0.045322564
0.049217589
0.049232602
0.047941954
0.050270932
0.050291966
0.049564229
0.050873512
0.050904533
0.050459995
0.049920266
0.049969968
0.050782577
0.04947184
0.049505904
0.049817766
0.049295262
0.04932357
0.049432942
0.049117355
0.049140694
0.049299414
0.048566329
0.048581698
0.049046203
0.047168471
0.047171769
0.048344054
0.043300602
0.043277923
0.046538723
0.032277306
0.032198508
0.041473649
0.0098452253
0.0097891709
0.027400071
0.0031182732
0.0031364507
0.0056277067
0.0040401913
0.0040515447
0.00469666
0.013834891
0.013848087
0.0058515917
0.02459201
0.02459893
0.016745711
0.03320821
0.033216887
0.026913148
0.039893779
0.03990142
0.035097332
0.044458823
0.044466235
0.041221366
0.047409616
0.04741999
0.0453331
0.049237552
0.049252258
0.047957816
0.050298926
0.050319668
0.049585232
0.050914311
0.050944947
0.050491086
0.049986465
0.050035807
0.050866888
0.049517222
0.049551047
0.049879254
0.04933306
0.049361602
0.049474276
0.049148472
0.049171775
0.049336145
0.048586817
0.048602148
0.049074935
0.047172885
0.047176159
0.048361212
0.043270409
0.043247987
0.046537284
0.032172528
0.032095219
0.041428898
0.0097707181
0.0097174242
0.027280346
0.0031426443
0.0031616403
0.0056020062
0.0040552638
0.0040662503
0.0047779799
0.013852323
0.013864631
0.0058703083
0.024601101
0.024607347
0.016758735
0.033219614
0.033227362
0.026921888
0.039903852
0.039910835
0.035107282
0.044468662
0.044475829
0.041231231
0.047423392
0.047433454
0.045343324
0.049257109
0.049271534
0.04797329
0.05032653
0.050346976
0.049605803
0.050954633
0.050984923
0.050521838
0.050052167
0.050101
0.050952062
0.049562323
0.04959613
0.049939726
0.049371154
0.049399858
0.049516214
0.049179526
0.049202711
0.049372874
0.048607247
0.04862252
0.049103515
0.047177255
0.047180507
0.048378307
0.043240504
0.043218179
0.046535795
0.032069649
0.031993553
0.04138453
0.0097001304
0.0096495336
0.02716332
0.0031681091
0.0031879144
0.0055785959
0.0040698605
0.0040805219
0.0048607065
0.013868603
0.013880154
0.0058883924
0.024609336
0.024615071
0.016770766
0.033229784
0.033236646
0.02692976
0.039913047
0.039919406
0.035116016
0.044478182
0.044485153
0.041240424
0.047436754
0.047446517
0.045353276
0.049276296
0.049290471
0.047988379
0.050353738
0.050373902
0.049626003
0.05099453
0.051024518
0.050552259
0.050117179
0.050165397
0.051037748
0.049607431
0.049641389
0.049999078
0.049409449
0.049438244
0.049558926
0.049210412
0.049233421
0.049409504
0.04862759
0.048642777
0.049131878
0.047181566
0.04718479
0.048395319
0.043210728
0.043188556
0.046534277
0.03196861
0.03189372
0.041340506
0.0096330882
0.0095849851
0.027049211
0.0031946419
0.0032151814
0.0055573935
0.0040840342
0.0040944634
0.0049449071
0.013883877
0.013894644
0.0059060053
0.024616923
0.024622329
0.016781877
0.033238783
0.033244837
0.026937002
0.039921428
0.039927271
0.03512361
0.04448745
0.044494286
0.041249057
0.047449719
0.047459194
0.045363014
0.049295156
0.049309118
0.048003086
0.050380568
0.050400467
0.049645909
0.051034057
0.051063787
0.050582364
0.05018133
0.050228841
0.051123509
0.049652764
0.049687024
0.050057233
0.049447851
0.049476695
0.049602453
0.049241057
0.049263866
0.049445981
0.04864782
0.048662921
0.049159995
0.047185854
0.047189011
0.048412222
0.043181128
0.043159093
0.046532686
0.031869185
0.031795718
0.041296696
0.0095696098
0.0095241335
0.026937982
0.0032221386
0.0032433367
0.0055383246
0.0040978995
0.0041080744
0.0050307087
0.013898106
0.013908153
0.0059231234
0.02462408
0.024629183
0.016792163
0.033246737
0.033252137
0.026943833
0.039929138
0.039934554
0.0351302
0.044496546
0.044503296
0.041257247
0.047462304
0.047471508
0.045372594
0.049313738
0.049327522
0.048017418
0.050407041
0.050426676
0.049665594
0.051073271
0.051102783
0.050612178
0.050244573
0.050291462
0.051209025
0.049698508
0.049733137
0.050114448
0.049486311
0.049515175
0.049646743
0.049271431
0.049294033
0.049482308
0.04866794
0.04868294
0.049187866
0.047190051
0.047193158
0.048429028
0.043151676
0.04312966
0.046531065
0.031771563
0.031699182
0.041253163
0.0095092627
0.0094659244
0.026829145
0.0032505128
0.003272385
0.0055212637
0.0041114292
0.004121445
0.0051181239
0.013911411
0.013920977
0.0059398768
0.024630825
0.024635568
0.016801842
0.033253821
0.033258548
0.026950208
0.039936288
0.039941321
0.035135907
0.044505531
0.044512219
0.041265058
0.047474529
0.047483474
0.045382051
0.049332087
0.049345722
0.048031382
0.050433165
0.050452562
0.049685121
0.051112226
0.051141568
0.05064174
0.050307006
0.050353404
0.051294072
0.049744747
0.04977972
0.050171009
0.0495248
0.049553684
0.049691716
0.049301536
0.049323956
0.049518511
0.048687925
0.048702834
0.04921551
0.047194197
0.047197223
0.048445711
0.043122323
0.043100307
0.046529334
0.031675374
0.031604207
0.041209863
0.0094519633
0.0094104746
0.02672241
0.0032797968
0.0033024372
0.0055060568
0.0041247635
0.0041346524
0.005207133
0.013924104
0.013933356
0.0059563467
0.024637084
0.02464145
0.016811127
0.033260011
0.033264116
0.026956042
0.039942932
0.039947615
0.035140802
0.044514434
0.044521066
0.041272505
0.047486412
0.047495112
0.045391404
0.049350242
0.049363747
0.048044984
0.050458982
0.050478193
0.04970453
0.051150986
0.051180214
0.050671096
0.050368811
0.05041488
0.051378512
0.049791438
0.049826785
0.050227233
0.049563314
0.049592212
0.049737268
0.049331399
0.04935367
0.049554625
0.048707785
0.048722595
0.049242974
0.047198208
0.047201177
0.04846228
0.043092971
0.043071032
0.046527528
0.031580722
0.031510727
0.041166685
0.0093970837
0.0093571943
0.0266179
0.0033101274
0.0033336565
0.0054925516
0.0041379265
0.0041476755
0.0052976155
0.013936389
0.013945402
0.0059726136
0.024642842
0.024646834
0.016820125
0.033265389
0.033268966
0.026961303
0.039949116
0.039953481
0.03514501
0.044523262
0.044529835
0.04127959
0.047497972
0.047506449
0.045400661
0.049368227
0.049381614
0.048058236
0.050484562
0.050503648
0.049723822
0.051189628
0.05121881
0.050700292
0.050430197
0.050476066
0.051462345
0.049838631
0.049874356
0.050283377
0.049601849
0.049630758
0.049783284
0.049361073
0.049383236
0.049590681
0.048727525
0.048742253
0.049270295
0.047202162
0.047205048
0.04847873
0.043063692
0.043041743
0.04652565
0.031487555
0.031418452
0.041123718
0.0093443
0.0093060695
0.026515467
0.0033416672
0.0033662335
0.0054806323
0.0041509039
0.0041605101
0.0053894041
0.013948372
0.013957189
0.0059886345
0.0246481
0.024651695
0.016828921
0.033270076
0.03327318
0.026965945
0.039954881
0.039958941
0.035148649
0.04453201
0.044538512
0.041286295
0.047509239
0.047517522
0.045409831
0.049386056
0.049399325
0.048071162
0.050509987
0.050528998
0.049742954
0.051228244
0.051257451
0.050729365
0.050491344
0.050537128
0.051545414
0.049886331
0.049922429
0.050339636
0.049640397
0.049669307
0.049829645
0.049390609
0.049412689
0.049626695
0.048747139
0.048761778
0.049297506
0.047206009
0.047208855
0.048495092
0.043034399
0.043012515
0.046523669
0.031395559
0.031327315
0.041080948
0.0092936255
0.0092567021
0.026414838
0.003374609
0.0034003043
0.0054702446
0.0041636946
0.0041732024
0.0054823268
0.013960108
0.013968811
0.0060046187
0.024652821
0.024655974
0.016837578
0.033274137
0.033276778
0.026969883
0.039960237
0.039963966
0.035151758
0.044540659
0.044547071
0.041292568
0.047520255
0.047528379
0.045418913
0.049403727
0.049416872
0.048083793
0.050535318
0.050554281
0.04976196
0.051266926
0.051296211
0.050758329
0.050552399
0.050598225
0.051627728
0.04993453
0.049970984
0.050396131
0.049678942
0.049707837
0.049876225
0.04942004
0.049442075
0.049662675
0.048766649
0.04878121
0.049324648
0.047209792
0.047212574
0.048511343
0.043005166
0.042983262
0.046521634
0.031304728
0.031237524
0.041038261
0.0092446856
0.0092092506
0.02631619
0.003409058
0.0034358675
0.005461352
0.0041763524
0.0041857447
0.0055764038
0.0139717
0.013980328
0.0060203742
0.024656948
0.024659631
0.016846118
0.03327758
0.03327976
0.026973067
0.039965145
0.039968493
0.035154337
0.044549185
0.04455548
0.041298332
0.047531065
0.047539065
0.045427902
0.049421232
0.049434243
0.048096164
0.05056059
0.050579511
0.049780849
0.051305742
0.051335129
0.050787152
0.05061352
0.050659502
0.051709254
0.049983184
0.050019879
0.050452942
0.049717465
0.049746339
0.049922904
0.049449413
0.049471413
0.049698634
0.048786052
0.04880053
0.049351724
0.047213492
0.047216244
0.04852749
0.042975984
0.042954052
0.046519519
0.031215205
0.031148786
0.04099562
0.0091976414
0.0091633994
0.026219174
0.0034449823
0.0034728492
0.0054539435
0.0041888578
0.0041981409
0.0056717195
0.013983197
0.013991786
0.0060359741
0.024660448
0.024662681
0.016854564
0.033280412
0.033282158
0.026975537
0.039969537
0.039972455
0.0351564
0.044557551
0.044563702
0.041303504
0.047541715
0.047549619
0.045436781
0.049438555
0.049451416
0.048108308
0.050585806
0.050604681
0.049799598
0.051344723
0.051374222
0.050815832
0.050674875
0.050721111
0.051790061
0.050032133
0.050068915
0.050510153
0.04975596
0.049784819
0.049969574
0.049478746
0.049500729
0.049734591
0.048805346
0.048819758
0.049378748
0.047217146
0.047219852
0.048543558
0.042946765
0.042924799
0.046517363
0.031126906
0.031061207
0.040953125
0.009152175
0.0091190525
0.026123643
0.0034823109
0.0035112211
0.0054480055
0.0042012149
0.0042103937
0.0057683419
0.013994647
0.014003222
0.0060514059
0.024663361
0.024665216
0.016862929
0.033282671
0.033284013
0.026977389
0.039973351
0.039975822
0.035158004
0.044565721
0.044571709
0.041308042
0.04755224
0.047560068
0.045445533
0.049455675
0.049468369
0.048120251
0.05061096
0.050629782
0.04981817
0.051383875
0.051413468
0.050844363
0.050736582
0.050783126
0.051870314
0.050081179
0.050117955
0.050567788
0.049794438
0.049823299
0.050016155
0.049508051
0.049530022
0.049770584
0.048824549
0.048838889
0.049405736
0.047220766
0.047223431
0.048559543
0.04291751
0.042895601
0.046515149
0.03103933
0.030974477
0.040910652
0.0091081877
0.0090763241
0.026029603
0.0035210343
0.0035510134
0.0054435285
0.0042134372
0.0042225046
0.0058662211
0.014006079
0.014014635
0.0060665815
0.02466578
0.024667303
0.016871199
0.033284401
0.033285389
0.026978694
0.039976573
0.039978619
0.035159217
0.044573671
0.04457948
0.041311983
0.047562667
0.047570434
0.045454137
0.049472571
0.049485088
0.048132018
0.050636043
0.050654811
0.049836534
0.051423167
0.051452809
0.05087274
0.050798692
0.050845541
0.051950275
0.050130196
0.050166879
0.05062582
0.049832926
0.049861828
0.050062599
0.049537346
0.049559314
0.049806652
0.048843657
0.048857931
0.049432689
0.047224335
0.047226962
0.048575478
0.042888294
0.042866357
0.046512906
0.030952837
0.030888736
0.040868293
0.0090657865
0.0090346348
0.025937304
0.0035611885
0.0035922521
0.005440495
0.004225516
0.0042344985
0.0059652081
0.014017484
0.014026011
0.0060816975
0.024667761
0.024668967
0.016879349
0.033285665
0.033286311
0.026979488
0.039979236
0.039980898
0.035160074
0.04458138
0.044586994
0.041315404
0.047573014
0.04758073
0.045462564
0.04948923
0.049501572
0.048143632
0.050661054
0.050679777
0.049854683
0.051462532
0.051492161
0.050900966
0.050861226
0.05090842
0.052030199
0.05017909
0.050215634
0.050684156
0.049871475
0.049900446
0.050108901
0.049566639
0.049588606
0.049842827
0.048862691
0.048876909
0.049459613
0.047227851
0.047230465
0.048591336
0.042859036
0.042837126
0.046510601
0.030867559
0.030804089
0.040825931
0.0090243976
0.0089943292
0.025846558
0.0036027793
0.0036348548
0.0054388952
0.0042374863
0.0042464348
0.0060650647
0.014028849
0.014037345
0.0060966742
0.024669323
0.024670225
0.016887358
0.033286474
0.033286787
0.026979812
0.039981397
0.039982742
0.035160583
0.044588826
0.044594225
0.041318408
0.047583296
0.047590973
0.045470781
0.049505658
0.049517842
0.048155125
0.050686009
0.050704709
0.049872658
0.051501885
0.051531437
0.050929066
0.050924213
0.050971699
0.05211037
0.050227795
0.050264191
0.050742643
0.049910122
0.049939194
0.050155099
0.049595927
0.049617906
0.049879126
0.04888165
0.048895825
0.049486511
0.047231339
0.047233902
0.048607147
0.04282978
0.042807805
0.04650822
0.0307831
0.030720153
0.040783633
0.0089845888
0.0089553496
0.025756667
0.0036457083
0.0036787466
0.0054387164
0.0042494148
0.0042583725
0.0061657056
0.014040171
0.014048626
0.0061116326
0.024670483
0.024671105
0.016895216
0.033286845
0.033286863
0.026979754
0.039983152
0.03998428
0.035160761
0.044595982
0.044601154
0.041321108
0.047593528
0.047601175
0.045478758
0.049521882
0.049533943
0.048166533
0.050710938
0.050729648
0.04989056
0.051541141
0.051570562
0.050957073
0.050987567
0.051035216
0.052191057
0.050276306
0.050312583
0.05080109
0.049948906
0.049978086
0.050201265
0.049625231
0.0496472
0.049915543
0.04890054
0.048914683
0.049513387
0.047234758
0.047237293
0.048622895
0.042800438
0.042778391
0.046505785
0.030699339
0.030636953
0.040741339
0.0089456664
0.0089172406
0.025668269
0.0036899197
0.0037239262
0.0054399534
0.0042613603
0.004270314
0.0062671302
0.014051435
0.01405983
0.0061265479
0.024671278
0.024671665
0.016902915
0.033286831
0.033286604
0.026979443
0.039984635
0.039985652
0.035160638
0.044602835
0.044607777
0.04132362
0.047603721
0.047611342
0.045486469
0.049537949
0.049549931
0.04817789
0.050735887
0.050754642
0.049908446
0.051580231
0.051609486
0.050985024
0.051051118
0.051098823
0.052272421
0.050324662
0.050360877
0.050859402
0.049987831
0.050017105
0.050247464
0.049654527
0.049676482
0.049952052
0.048919394
0.048933485
0.049540241
0.047238128
0.047240588
0.048638593
0.042771095
0.042748972
0.046503275
0.030616337
0.030554765
0.040699013
0.0089078277
0.0088804054
0.025581083
0.0037354269
0.0037704334
0.0054425985
0.0042732962
0.0042822373
0.0063693811
0.014062616
0.014070937
0.006141411
0.02467177
0.02467201
0.016910447
0.0332865
0.033286081
0.026979025
0.039985986
0.039986974
0.035160278
0.044609382
0.044614096
0.041326034
0.047613878
0.047621464
0.045493892
0.049553917
0.049565857
0.048189213
0.050760902
0.050779734
0.049926352
0.051619111
0.051648185
0.051012978
0.051114704
0.051162357
0.052354455
0.050372953
0.050409205
0.050917542
0.050026878
0.050056221
0.050293773
0.049683803
0.049705739
0.04998861
0.048938183
0.04895224
0.049567059
0.047241395
0.047243767
0.048654221
0.042741566
0.042719431
0.046500593
0.030534333
0.030473304
0.040656655
0.0088712529
0.0088445966
0.025495329
0.0037822728
0.0038183102
0.0054466488
0.0042852148
0.0042941734
0.006472482
0.014073697
0.014081934
0.0061562017
0.024672085
0.024672289
0.016917869
0.033285921
0.033285367
0.026978627
0.039987309
0.039988321
0.035159766
0.044615626
0.044620113
0.041328411
0.047623986
0.047631515
0.045501003
0.049569835
0.049581759
0.048200498
0.050786023
0.050804948
0.049944298
0.051657767
0.051686662
0.051040985
0.051178222
0.051225745
0.052437156
0.050421292
0.05045761
0.050975524
0.050066013
0.050095389
0.050340211
0.049713044
0.049734949
0.050025179
0.048956923
0.048970933
0.049593827
0.047244543
0.047246844
0.048669783
0.042711981
0.042689753
0.046497839
0.030453047
0.030392523
0.040614345
0.0088356984
0.0088097871
0.02541039
0.0038304955
0.0038675729
0.005452099
0.0042971625
0.004306138
0.0065764499
0.014084661
0.014092786
0.0061708575
0.024672367
0.024672617
0.01692523
0.033285174
0.033284541
0.026978347
0.039988668
0.039989726
0.035159202
0.044621568
0.04462583
0.041330783
0.047634013
0.047641455
0.04550778
0.049585734
0.049597648
0.04821172
0.05081127
0.050830288
0.049962283
0.051696202
0.051724935
0.051069073
0.051241563
0.051288946
0.052520383
0.050469736
0.050506194
0.051033398
0.050105186
0.05013456
0.050386797
0.049742244
0.049764101
0.050061712
0.048975598
0.048989561
0.049620544
0.047247584
0.047249764
0.048685241
0.04268235
0.042659985
0.046494887
0.030372432
0.030312618
0.040571931
0.0088011346
0.0087761343
0.025327045
0.0038801025
0.0039180325
0.0054589748
0.0043091264
0.0043180359
0.0066813851
0.01409548
0.014103535
0.0061854708
0.024672715
0.02467305
0.016932524
0.033284327
0.033283656
0.026978235
0.039990089
0.039991195
0.035158648
0.044627209
0.044631246
0.041333159
0.04764392
0.047651245
0.045514209
0.049601619
0.049613513
0.048222839
0.050836639
0.050855731
0.049980284
0.051734443
0.051763063
0.051097236
0.051304707
0.051351238
0.052603049
0.050518377
0.050554475
0.051090629
0.050144351
0.050173326
0.050433018
0.049771379
0.049792936
0.050097854
0.048994217
0.049008024
0.049646984
0.047250486
0.047252722
0.048700584
0.042652622
0.042631053
0.04649213
0.030293141
0.030236515
0.04053086
0.0087683145
0.0087468072
0.025248398
0.0039303816
0.0039661129
0.0054675434
0.0043207645
0.0043281057
0.0067890607
0.014106213
0.014114212
0.0061976184
0.024673177
0.02467365
0.016939806
0.033283436
0.033282832
0.026978388
0.039991572
0.039992757
0.035158222
0.044632551
0.044636364
0.04133557
0.047653667
0.047660823
0.045520269
0.049617473
0.049629264
0.048233769
0.050862103
0.050881104
0.049998167
0.051772569
0.051800829
0.051125216
0.00087050988
0.00042415687
0.002011126
0.00022580957
0.00044568198
0.00030006457
0.0026190827
0.0019576062
0.0019679525
0.00021820181
0.00017846782
0.00041745447
0.0013189866
0.00092610516
0.00093575139
0.0011991453
0.0010131932
0.001195419
0.0030164392
0.0024748372
0.0029121252
0.0038872681
0.0036476603
0.0041616295
0.0036709099
0.0036132116
0.0056868795
0.0059083147
0.003796541
0.0037316094
0.0039375458
0.0038646384
0.0059901535
0.0062712357
0.0040931682
0.0040138254
0.0042625481
0.0041761382
0.006374131
0.0067056676
0.0044447236
0.0043524702
0.0046381244
0.0045402259
0.0068228904
0.0071938922
0.0048434619
0.0047390973
0.0050609272
0.0049508672
0.0073245381
0.0077310197
0.0052885991
0.0051737333
0.005524758
0.0054054317
0.0078704606
0.010439427
0.0065653699
0.0067590702
0.0024435035
0.0024285541
0.0024572535
0.0015886563
0.0010360078
0.0015259179
0.00097375671
0.0011072965
0.0012869319
0.00028939644
0.00044386673
0.00044011593
0.0082996152
0.0057685581
0.0056457364
0.0060197615
0.0058927577
0.0084452055
0.0024200672
0.0038291179
0.0039348145
0.0088891899
0.0062778047
0.0061479477
0.0065411508
0.0064087776
0.0090380289
0.002745076
0.0042625861
0.0043737919
0.0094852454
0.0068060812
0.0066729485
0.0070702273
0.0069381235
0.0096326567
0.0030882309
0.0047106052
0.0048213732
0.0006969053
0.00025295654
0.00030789342
0.0011580501
0.0014942783
0.0018478208
0.0011789384
0.0015586671
0.0013925613
0.0030613654
0.0020956712
0.0026610131
0.0029404991
0.00323952
0.0025440559
0.0033724654
0.0031804437
0.0036631851
0.0031008057
0.0030340248
0.0030985747
0.0041353842
0.0034948557
0.0034477446
0.0037348744
0.0036078422
0.0042918983
0.003526385
0.003570749
0.0037951563
0.0088828916
0.010067327
0.0094102826
0.011293957
0.010574954
0.0093994359
0.012086658
0.011108261
0.011593413
0.011329949
0.012526698
0.011759075
0.013798154
0.012984101
0.012040517
0.014642131
0.013550956
0.014102782
0.014016714
0.015197928
0.01423437
0.016902552
0.015444172
0.015021046
0.017617787
0.016656648
0.016868304
0.017469724
0.018863795
0.016598263
0.022046883
0.017925752
0.017694746
0.021217984
0.019504882
0.020668895
0.017822324
0.018630747
0.021821942
0.023757982
0.022608309
0.017851476
0.025873944
0.021174536
0.023277851
0.018000693
0.022722587
0.023747058
0.023920308
0.023886087
0.018049058
0.0299786
0.028957305
0.027473502
0.018132169
0.023975308
0.023949121
0.024035224
0.024003119
0.018156715
0.030909053
0.029067277
0.029096809
0.018286634
0.024118508
0.024074618
0.02420993
0.024164861
0.018343079
0.033395156
0.02920397
0.029241472
0.010068562
0.0073309199
0.0072018835
0.0075828393
0.0074571812
0.010210358
0.0034357421
0.0051517297
0.0052599035
0.003306213
0.003414377
0.0023519333
0.011891898
0.0071453294
0.0070597034
0.0025962996
0.0024646463
0.0024543026
0.0024838986
0.0024746632
0.0026386755
0.0040944415
0.0037674972
0.0037532059
0.00027847859
0.0002500323
0.00022621434
0.00028799636
0.00024041463
0.00025805837
0.00052416181
0.00050208481
0.0005275028
0.0001381367
0.00016990543
0.00019462399
0.0030133607
0.0031688928
0.0024456868
0.0041299965
0.0029294012
0.0029204677
0.0017636577
0.0021802893
0.0021882491
0.0070292567
0.007806874
0.007308425
0.008896262
0.0083167431
0.007396712
0.0098626852
0.0090808684
0.009503313
0.0045367519
0.0042675684
0.0040053346
0.0046990085
0.0044966213
0.0047971508
0.0045953952
0.0043881864
0.0045441677
0.0053158691
0.0050955624
0.0048973218
0.0055616591
0.0053278171
0.0055015399
0.0057474249
0.005073212
0.005327847
0.018496487
0.02430043
0.024254995
0.024397405
0.024349259
0.018555498
0.033513491
0.02935762
0.02939679
0.018728368
0.024494432
0.024446916
0.024594714
0.024544768
0.018788931
0.033632328
0.029016899
0.029556499
0.01897527
0.023952731
0.02339424
0.022312476
0.021907001
0.017239743
0.033751473
0.027171304
0.028060547
0.010614911
0.0078243676
0.0077051266
0.0076321211
0.0079276021
0.010730071
0.0035709137
0.0055558802
0.0053224545
0.00016865957
0.00022625241
0.00023815446
0.0056981405
0.0061269772
0.0057401957
0.0068597517
0.0064786852
0.0060283908
0.0080860696
0.0073529897
0.0077510219
0.0061489468
0.0060871518
0.0058270061
0.0066626528
0.0063869068
0.0063664086
0.0074097558
0.0061985623
0.0065994917
0.016924492
0.020975162
0.0207479
0.017053642
0.018034096
0.013568006
0.029402869
0.022858963
0.022285134
0.04734289
0.047374123
0.047414796
0.047373253
0.047415898
0.047412489
0.047397152
0.047433768
0.047491119
0.047317459
0.047335009
0.047355598
0.047236569
0.047251335
0.047258552
0.047171601
0.047184672
0.047192419
0.047114894
0.047126388
0.047133771
0.04706523
0.047075167
0.047083096
0.047020445
0.047029086
0.047038476
0.046978861
0.046985579
0.046996012
0.046939628
0.046944479
0.04695464
0.046905385
0.046907943
0.046917481
0.046877824
0.046878388
0.046884543
0.046861808
0.046860991
0.046865739
0.046857846
0.046856465
0.046858607
0.046866539
0.046865424
0.046861128
0.04689102
0.046891574
0.046882242
0.046929862
0.046933125
0.046921706
0.046983525
0.046990455
0.046978614
0.047046032
0.047055883
0.047039021
0.047122887
0.047134512
0.047112123
0.047223182
0.047236963
0.047202792
0.047344123
0.047363516
0.047318032
0.047432677
0.047488026
0.047495439
0.047461685
0.047503064
0.047572731
0.047387943
0.047406521
0.047434108
0.047295892
0.047310733
0.047322028
0.047224612
0.047238238
0.047249036
0.04716287
0.047175541
0.047186512
0.047107745
0.047119318
0.047130629
0.047057212
0.047067338
0.047078999
0.047008551
0.047017012
0.047029343
0.046961416
0.046967858
0.046980678
0.046917952
0.046922155
0.046934779
0.046881788
0.046883645
0.046893664
0.046859544
0.046859683
0.046868465
0.046853602
0.046853531
0.04685908
0.046863886
0.046863887
0.046859622
0.046894307
0.046895966
0.046884612
0.046943652
0.046947768
0.04693053
0.047011279
0.047018645
0.046995688
0.047087721
0.04709825
0.047068219
0.047173943
0.047187842
0.047149559
0.047280078
0.0472963
0.047244184
0.047424785
0.047445132
0.047367126
0.047509114
0.047575339
0.047596543
0.047533447
0.047577625
0.047657065
0.047462107
0.047480974
0.04750639
0.047358045
0.047374277
0.047390513
0.047281972
0.047296764
0.047310826
0.047215372
0.047229329
0.047241736
0.047156101
0.047169278
0.047180765
0.047100547
0.047112686
0.047124107
0.047045716
0.047056404
0.047068755
0.046990379
0.046999136
0.047011995
0.046937636
0.046943966
0.046956785
0.0468919
0.046895747
0.046907629
0.046862788
0.04686471
0.046875752
0.046855295
0.046856817
0.046861998
0.046866603
0.046868411
0.046862517
0.046903367
0.046907055
0.046894423
0.046963428
0.046969995
0.046950746
0.047043161
0.047052509
0.047024392
0.047133106
0.047145943
0.047110019
0.047230865
0.047246575
0.047205273
0.047347069
0.047365454
0.047311519
0.04750964
0.047529418
0.047443777
0.047600953
0.047673269
0.047703347
0.047611117
0.047657914
0.047748943
0.047533231
0.047551553
0.047576565
0.047422995
0.047439452
0.047457666
0.047342601
0.047358476
0.047374032
0.047273359
0.047288867
0.04730207
0.047211655
0.047226715
0.047238394
0.047152675
0.047167045
0.047178586
0.047092405
0.04710575
0.04711725
0.047029124
0.047040702
0.047053052
0.046966999
0.046976472
0.0469891
0.046911653
0.046918638
0.046930883
0.04687567
0.04688062
0.04689152
0.046865725
0.046870135
0.046869756
0.046879179
0.046883978
0.046873556
0.046922215
0.046929179
0.046913734
0.046994795
0.047005096
0.046984295
0.047085757
0.047098963
0.047070227
0.047189084
0.047205444
0.047168888
0.047298801
0.047317932
0.047276408
0.047426235
0.047448469
0.047394734
0.047592388
0.047614114
0.047539582
0.047707296
0.047787641
0.04781634
0.047692648
0.047740396
0.047840706
0.047602347
0.047620676
0.04764984
0.047489216
0.047505787
0.047527244
0.047407831
0.04742449
0.047442169
0.047337986
0.047354943
0.047369623
0.047275777
0.047293077
0.047305635
0.047214607
0.0472318
0.047244449
0.047150056
0.047166898
0.047179836
0.047080943
0.047096799
0.047110247
0.047011127
0.047025317
0.047037526
0.046946784
0.046958472
0.046969695
0.046904689
0.046914072
0.046921762
0.046888695
0.046897695
0.046886795
0.046907255
0.046916145
0.046898097
0.046956782
0.04659277
0.046948312
0.047042658
0.044025292
0.043915414
0.046264803
0.043801686
0.043410366
0.046710561
0.044650171
0.044112754
0.04738157
0.047293398
0.046939536
0.047520973
0.047546925
0.047496124
0.047685619
0.047710692
0.047649674
0.047830751
0.047910573
0.047933606
0.047775511
0.047822543
0.047928375
0.047672295
0.04769085
0.047725486
0.047556144
0.047573297
0.047600804
0.047475588
0.047493175
0.047516033
0.047407727
0.047426249
0.047445153
0.047348119
0.047367745
0.047383774
0.047288357
0.045585468
0.046043498
0.043745835
0.041181131
0.042051982
0.041376132
0.038783174
0.039407667
0.040171325
0.037438645
0.038379647
0.039697527
0.038323795
0.038692426
0.037979821
0.04011238
0.04089519
0.038440721
0.040494017
0.042164685
0.037199696
0.038956597
0.042702112
0.039108165
0.035219
0.037520594
0.038045777
0.034999485
0.034605831
0.037894379
0.035758909
0.035303368
0.039302073
0.037608076
0.036755433
0.042379616
0.041023976
0.039863011
0.045918966
0.044677771
0.043685563
0.047792737
0.047821215
0.04777169
0.047961589
0.048045875
0.046245707
0.047857132
0.047902467
0.048011904
0.047743287
0.047762561
0.047803549
0.047625458
0.047643119
0.047675641
0.047547746
0.047566532
0.047593755
0.047484584
0.047504936
0.047527524
0.047207787
0.046384723
0.045646215
0.04100579
0.039663405
0.039111876
0.0367366
0.034379274
0.035224334
0.033718691
0.031518669
0.032189093
0.03187738
0.029631876
0.030229539
0.030379481
0.029315038
0.029782106
0.02861518
0.029905614
0.031127501
0.030557784
0.034384947
0.035264654
0.028686316
0.029328157
0.036584431
0.030626854
0.027306187
0.028357821
0.030677063
0.028188275
0.027756188
0.031237673
0.029531189
0.028943229
0.033294573
0.031938004
0.031013137
0.036814109
0.035525499
0.034163352
0.04109212
0.040069271
0.03852236
0.046168008
0.045861191
0.043114955
0.048103813
0.048181067
0.043411018
0.047935374
0.047978352
0.048090863
0.04781489
0.047833537
0.047879783
0.047696646
0.047714929
0.047750881
0.047624399
0.047644126
0.04767335
0.047568758
0.04759093
0.047616012
0.042007751
0.041304588
0.041638073
0.035797629
0.034101506
0.034848804
0.031107076
0.028918157
0.029724273
0.02763646
0.025930396
0.026582931
0.025571067
0.023700397
0.024038532
0.023669232
0.022694037
0.023165279
0.021880076
0.022517483
0.024086356
0.026171249
0.028340012
0.02349926
0.022873924
0.022074721
0.030185044
0.023975356
0.021756043
0.021891861
0.024849299
0.022700837
0.022511745
0.025909797
0.024753395
0.023990744
0.028510619
0.02738822
0.026401527
0.032160318
0.030992011
0.029619379
0.036869386
0.036013165
0.034321598
0.042635714
0.042329414
0.039077219
0.048244903
0.047600722
0.040887193
0.048009661
0.048049872
0.048165813
0.047884182
0.047902287
0.047953201
0.0477693
0.047786857
0.047823202
0.0477042
0.047724412
0.047753132
0.046058951
0.044980207
0.045383574
0.037876466
0.036932013
0.03728456
0.031320475
0.029440159
0.031538003
0.026619876
0.025086233
0.025638255
0.022899194
0.021467551
0.022367863
0.020689325
0.019064806
0.019319577
0.018520433
0.017710119
0.018055216
0.016802675
0.017376735
0.018226654
0.027661431
0.021989014
0.016465305
0.018595741
0.016636572
0.022208995
0.018748184
0.017737555
0.017240229
0.020318258
0.018574756
0.018385092
0.021782188
0.020917447
0.020136423
0.024640456
0.023700328
0.022679288
0.028378835
0.027456879
0.02605166
0.033423078
0.032601052
0.030907161
0.039400973
0.039298121
0.035793164
0.048388143
0.048455536
0.038931442
0.048079088
0.048115965
0.04823516
0.047950949
0.047968183
0.048022705
0.047838215
0.047854867
0.047891056
0.047785231
0.047805432
0.047831454
0.043531622
0.042729587
0.042756782
0.03362523
0.032651281
0.034880278
0.027062907
0.025970888
0.028243235
0.023015376
0.021368444
0.022640123
0.019128171
0.018107461
0.018422681
0.016769454
0.015322897
0.015713162
0.014432852
0.013750625
0.014021819
0.012716889
0.01380725
0.013432068
0.019157341
0.016772509
0.012675409
0.014268494
0.012680007
0.014930147
0.014841409
0.014223904
0.013748967
0.016681615
0.015538996
0.01508492
0.018595857
0.017864457
0.016980886
0.021497985
0.020715795
0.019651105
0.025314892
0.024762444
0.023114456
0.030606041
0.029860868
0.028311765
0.03679414
0.036814626
0.033355552
0.048496373
0.044773397
0.037611694
0.048142806
0.048176009
0.048299512
0.048014018
0.048030071
0.048086913
0.047903527
0.047919409
0.047953224
0.047865542
0.047885154
0.047907248
0.04041679
0.039770029
0.041505509
0.030882362
0.030095886
0.032801082
0.024614896
0.023611214
0.02552914
0.01987939
0.018764908
0.020127295
0.016980975
0.015352726
0.015822807
0.013573176
0.012326401
0.012517906
0.0111158
0.010535298
0.010766124
0.0096534749
0.009729942
0.0098947725
0.011259736
0.011496678
0.0092356011
0.011154396
0.0094433142
0.0097601042
0.012211156
0.011153114
0.010891002
0.013927765
0.012946213
0.012434762
0.016016303
0.015510739
0.014491326
0.018941672
0.018239769
0.017195431
0.023146003
0.02256419
0.021367306
0.028262475
0.027895637
0.026006545
0.034965854
0.035083632
0.031560354
0.048427782
0.048693843
0.036664446
0.048200158
0.048229346
0.048357261
0.048072217
0.048086704
0.048144716
0.047966002
0.047980751
0.048010562
0.047943903
0.047962969
0.047978434
0.038299583
0.038018312
0.040917959
0.029037892
0.028529729
0.031087122
0.022678649
0.021705998
0.023614067
0.017811341
0.016793339
0.018093097
0.014091578
0.012953754
0.013772496
0.010577289
0.0099071809
0.010657569
0.0083908451
0.0079050189
0.008167776
0.0069090045
0.0069119653
0.0069816934
0.010116009
0.010606272
0.0079791114
0.0087640937
0.0069382148
0.0065694955
0.010062234
0.0087186067
0.0085668183
0.011857967
0.010864611
0.01028419
0.013925752
0.013446911
0.012495938
0.017001633
0.016328991
0.015720441
0.020662313
0.02057277
0.019094781
0.026634259
0.026348783
0.024458881
0.033442026
0.033733397
0.030084977
0.045793785
0.043272747
0.036227207
0.048250605
0.048275725
0.048408289
0.048124245
0.048136942
0.048195202
0.048021728
0.04803449
0.048060261
0.048016798
0.048033766
0.048042322
0.037425654
0.037249078
0.041162555
0.02777577
0.027588516
0.030154163
0.021194883
0.020364862
0.022286854
0.016109367
0.01523488
0.016548219
0.012094413
0.011147419
0.012062029
0.0089131079
0.0078446924
0.0085480514
0.0061842465
0.0057066615
0.0059776436
0.0046674564
0.0047217397
0.0046588311
0.0068048824
0.0087987802
0.0051625335
0.0064674718
0.0051849988
0.0044781885
0.0079971035
0.0071133139
0.0068180505
0.0099616795
0.0092188992
0.0087892523
0.012655353
0.012200756
0.011346669
0.015205696
0.014760414
0.014229553
0.019360583
0.019111206
0.017908872
0.025284769
0.024964317
0.022614795
0.032387154
0.032541442
0.029247399
0.047140851
0.048889047
0.036522237
0.048293885
0.048314866
0.048452699
0.04816933
0.048180034
0.048238017
0.048069837
0.048080592
0.048101837
0.048082971
0.048098226
0.048096717
0.037564021
0.037338952
0.04180543
0.027301185
0.027068918
0.030349739
0.020222843
0.019478589
0.021398381
0.014812366
0.01410094
0.015451575
0.010500498
0.0097592584
0.010783771
0.0070661679
0.0064036361
0.00710608
0.0044538703
0.0042215874
0.004586193
0.0029747076
0.0027046978
0.0030023287
0.0051453942
0.0051725297
0.0032392312
0.0045878489
0.0040017051
0.0032342063
0.0064925854
0.0056698549
0.0054695992
0.0085157393
0.0083793397
0.0075152011
0.011015103
0.010747558
0.010078551
0.014181077
0.01385432
0.013141149
0.018331082
0.018035577
0.016983895
0.024115025
0.0238659
0.02190524
0.031900951
0.031915052
0.02828863
0.045541525
0.045143755
0.037423312
0.048330061
0.0483473
0.048493063
0.048207163
0.048215962
0.048273212
0.048109819
0.048118549
0.048135177
0.048140212
0.048153008
0.048142098
0.038082912
0.038448461
0.043573093
0.027648814
0.02697019
0.030574042
0.019826626
0.019173187
0.021121899
0.014349696
0.013339704
0.01477799
0.0093051124
0.008783945
0.0098612015
0.0057556249
0.0052915289
0.0060925315
0.0031474099
0.002924943
0.0032490891
0.0015821708
0.0014978093
0.0017226335
0.0028404548
0.0015420766
0.0026499864
0.0032377237
0.003024412
0.0025024452
0.0053606755
0.0050088618
0.0043730605
0.0072068168
0.0073919633
0.0067845703
0.010097964
0.0099420271
0.0091217886
0.013316684
0.013139093
0.012215648
0.017524315
0.017337026
0.016212115
0.023411618
0.02334135
0.021349809
0.031972614
0.032151827
0.028047514
0.04882611
0.049054745
0.038496914
0.048359589
0.04837313
0.048527603
0.048237423
0.048244108
0.048300776
0.04814114
0.048147538
0.048160062
0.0481875
0.048197522
0.048177905
0.040614072
0.03920984
0.045557329
0.026706615
0.030273677
0.033507308
0.023798702
0.023808764
0.024743081
0.020267403
0.019549364
0.022035574
0.011821339
0.010205596
0.012615096
0.005200706
0.0046291998
0.0054604423
0.0024630921
0.002198474
0.0020902285
0.0042920152
0.0043811256
0.003674134
0.0066650204
0.0066116428
0.0060495539
0.0093244339
0.0093869441
0.008611154
0.012610906
0.012735455
0.011625149
0.017068443
0.016948402
0.015751198
0.023288922
0.02313857
0.021248901
0.031711451
0.032116849
0.028741285
0.048486365
0.049147966
0.040631477
0.048382851
0.048393454
0.048558736
0.04826019
0.048265152
0.048321159
0.048163516
0.048167843
0.048177098
0.04822415
0.048231709
0.048203457
0.041518476
0.043531799
0.048238745
0.033505385
0.023979455
0.026114995
0.015572223
0.024465642
0.027130928
0.010984599
0.015402251
0.017351872
0.006891133
0.0094694257
0.01086321
0.0037307774
0.0051150866
0.0060294566
0.0021426718
0.0019461367
0.0015950871
0.0038275753
0.0040749514
0.0032681504
0.0061888957
0.0064452025
0.0056497029
0.0089104621
0.0090158016
0.0083177703
0.012164785
0.012521509
0.011495204
0.016902316
0.016825547
0.015700255
0.023536211
0.02331341
0.021456495
0.032391319
0.032968298
0.029557847
0.04918572
0.049220734
0.043909644
0.048401151
0.048409276
0.048585856
0.048276387
0.048279594
0.048335539
0.048177745
0.04818019
0.048187024
0.048250277
0.048256744
0.048219781
0.03735576
0.048257663
0.042084391
0.029651732
0.033489115
0.03357091
0.022025089
0.022691493
0.023915563
0.013727031
0.013929248
0.015710615
0.0085270633
0.0086513833
0.009875091
0.0047155974
0.0048405636
0.0056641967
0.0040695855
0.0039466387
0.0033655811
0.0061792851
0.0061279992
0.0054390566
0.0087544536
0.009036921
0.0082585064
0.012267736
0.012294662
0.011388388
0.016940939
0.017025857
0.015634559
0.023855736
0.02393974
0.021828887
0.033629918
0.034070472
0.030567138
0.049256701
0.049292492
0.048075596
0.04841537
0.048421833
0.04861169
0.048286516
0.048288388
0.048344808
0.048185012
0.048185717
0.048191147
0.048265153
0.048266136
0.048225636
0.048292157
0.048298075
0.048308576
0.033701439
0.03399893
0.03948172
0.022414469
0.02289377
0.025902393
0.014769408
0.015124485
0.017009916
0.0092707799
0.0095341593
0.010811835
0.0053800992
0.005661248
0.0065171903
0.0041886616
0.0040972514
0.0057525213
0.0060612808
0.0071075561
0.0077780396
0.0087812756
0.0091522509
0.0081660827
0.01243617
0.012409738
0.011263514
0.01740933
0.01728938
0.01638171
0.024567655
0.024935545
0.022564787
0.03536384
0.036070449
0.032223135
0.04931805
0.049340295
0.049213329
0.048426958
0.048432277
0.04863566
0.048292074
0.04829286
0.048350448
0.0481872
0.048186588
0.048191157
0.048272372
0.048271653
0.048229501
0.048323846
0.048331393
0.048329894
0.037558522
0.03848587
0.04327566
0.024872418
0.025701003
0.028466606
0.016405149
0.016889078
0.018908551
0.010507118
0.010893546
0.012242865
0.0043447681
0.0045081348
0.0040665058
0.0072778564
0.0086436734
0.0066683895
0.0092845061
0.0087768563
0.0082702106
0.013268835
0.01431568
0.012627215
0.017856619
0.018147323
0.015722761
0.025248932
0.026719637
0.022893405
0.037547416
0.038637343
0.034892691
0.049363998
0.049384413
0.049262663
0.048436953
0.048442012
0.048660487
0.048293996
0.048294102
0.048353534
0.048184327
0.048183509
0.048187959
0.048273268
0.048271696
0.048224154
0.048347929
0.04835194
0.048342509
0.042071398
0.043905402
0.048239021
0.027939487
0.028847342
0.031918468
0.01858639
0.019202214
0.021296626
0.012231827
0.012735124
0.014147016
0.0057802298
0.0053057857
0.0049148495
0.0080616116
0.0078198673
0.0068169217
0.0095707425
0.0082941245
0.010577791
0.018960314
0.013396827
0.010819199
0.017033016
0.023555638
0.015898085
0.025707756
0.033001181
0.028425865
0.041090111
0.041312439
0.037146127
0.049399307
0.049411326
0.049298347
0.048446985
0.048452294
0.048686092
0.04829375
0.048293524
0.048355541
0.048179702
0.048179184
0.048183974
0.048269363
0.0482682
0.048220716
0.048360095
0.048361822
0.048348388
0.048183204
0.048193581
0.048273101
0.03164876
0.032759261
0.036452901
0.021394995
0.022218865
0.024479987
0.01450454
0.015117831
0.016588844
0.0058362841
0.0059829296
0.005557795
0.0077674063
0.0079145712
0.0072711485
0.010320098
0.010386579
0.0095915382
0.014097235
0.015454141
0.013376988
0.022376149
0.026078691
0.022874887
0.028710309
0.039135704
0.027365372
0.048804048
0.047336911
0.031765658
0.049420741
0.049437548
0.04931918
0.048457777
0.048463972
0.048714032
0.048292654
0.048292428
0.048357684
0.048175322
0.048174046
0.048179336
0.048263383
0.048261588
0.048213275
0.048365627
0.04836666
0.048351046
0.048219813
0.04822708
0.048299904
0.036614052
0.038034206
0.042185404
0.02499316
0.026039226
0.028523229
0.017273162
0.018049402
0.019601588
0.0065915459
0.0068311236
0.0065264385
0.0083311147
0.008565186
0.0082340457
0.01105441
0.01134065
0.010780112
0.014606563
0.015271823
0.014275482
0.022207205
0.021707443
0.019777026
0.036435923
0.037705826
0.026961422
0.048849813
0.045795781
0.04786382
0.049443519
0.049452581
0.049354922
0.048470813
0.048477994
0.048744395
0.048292189
0.048292305
0.048360955
0.048169292
0.048167865
0.048175458
0.048256155
0.048254355
0.048206605
0.048369202
0.048369823
0.048353019
0.048244677
0.048249263
0.048317635
0.042693894
0.044376713
0.047855706
0.029396973
0.030690424
0.033383024
0.020530692
0.021504012
0.023265974
0.0071106871
0.0073084502
0.0085105623
0.0075683664
0.0077999154
0.0075681948
0.0094950849
0.0097756998
0.0092129447
0.012202601
0.012511472
0.011623644
0.016649962
0.01684055
0.01554061
0.022917988
0.023336769
0.021804197
0.033884275
0.034513364
0.030641661
0.044405907
0.048913604
0.04631195
0.049461256
0.049462714
0.049361056
0.048485833
0.048494501
0.048777934
0.048292872
0.048293359
0.048366095
0.048163731
0.048162609
0.04817324
0.048249242
0.048247693
0.04820161
0.048370849
0.048370943
0.048353901
0.048260039
0.04826286
0.048327297
0.04766071
0.047669346
0.047889602
0.034733992
0.036331583
0.039290213
0.024366637
0.02555804
0.027599789
0.0076370666
0.0075391343
0.0084374135
0.0083485336
0.0084872461
0.0081928363
0.010319049
0.01048383
0.009928397
0.013260942
0.013462544
0.012534498
0.017363451
0.017643436
0.0168031
0.024689662
0.025041009
0.023436393
0.037270313
0.038444772
0.034237994
0.048933369
0.048939542
0.048764416
0.049462848
0.049465185
0.049363672
0.048503891
0.048513661
0.048814662
0.04829615
0.048296346
0.048374245
0.048161037
0.048160487
0.048173567
0.048243504
0.04824224
0.048197764
0.048370751
0.048370571
0.048353304
0.048269739
0.048271631
0.048332678
0.04769086
0.047696759
0.047912746
0.041298897
0.043289172
0.046612725
0.028516241
0.030538085
0.032976975
0.0084840004
0.0085304007
0.0089952286
0.0088846685
0.0090299639
0.0089562787
0.01102526
0.01120852
0.010778387
0.014172003
0.014380995
0.013607607
0.018726466
0.019054526
0.017726202
0.025965574
0.026341874
0.024320911
0.040306901
0.040641589
0.036542621
0.048960543
0.048967189
0.048799728
0.049463928
0.049465394
0.04936314
0.048524438
0.048536078
0.048854842
0.048300743
0.048301955
0.048384382
0.048159558
0.048158913
0.048175807
0.048238843
0.048237877
0.048194513
0.048369807
0.048369491
0.048351541
0.048276246
0.048277466
0.048336121
0.047711145
0.047714983
0.047927664
0.046017567
0.046026204
0.046644555
0.034049087
0.034668022
0.039334209
0.0098268394
0.0099095846
0.0096444743
0.0095022654
0.0096807013
0.0099099631
0.01190261
0.012114575
0.011768703
0.015180847
0.015431929
0.014620712
0.020024585
0.020306937
0.019029778
0.027812935
0.028374863
0.026137744
0.041847115
0.042179665
0.038443202
0.048987009
0.048994105
0.048833132
0.049462571
0.049463715
0.049365807
0.048549424
0.04856294
0.048898672
0.048309027
0.048312038
0.048398772
0.048159083
0.048160363
0.048181736
0.048235708
0.048235221
0.048193631
0.048368409
0.048368006
0.048349257
0.048280202
0.048280822
0.04833808
0.04772387
0.047726089
0.04793636
0.046047615
0.046053489
0.046665415
0.039551607
0.04140354
0.043056325
0.010068142
0.010130819
0.010447624
0.010344661
0.010575024
0.010655187
0.012849977
0.013083556
0.012760987
0.016261869
0.016541496
0.015638881
0.021228383
0.021548485
0.020558342
0.03007712
0.030548087
0.028145898
0.04410756
0.044829453
0.040747197
0.049015469
0.049022936
0.048867543
0.04946262
0.049465203
0.049372615
0.048578602
0.048593484
0.048944086
0.048322183
0.048327041
0.048416804
0.048163626
0.048164451
0.048188626
0.048234184
0.048233927
0.048194796
0.048366699
0.04836623
0.048346922
0.048281834
0.048281918
0.048338504
0.04773044
0.047731248
0.047939816
0.04606735
0.046071023
0.046677365
0.041444984
0.041458277
0.043098268
0.010660508
0.01079169
0.01100241
0.011139201
0.011570102
0.011355204
0.013800263
0.01402261
0.013721206
0.017528512
0.017788228
0.016895932
0.022738861
0.023119414
0.021858594
0.031846601
0.032345938
0.030039476
0.047402974
0.048261205
0.043495625
0.049045023
0.04905261
0.048904003
0.049468306
0.04947391
0.049383351
0.048606053
0.048623629
0.048994546
0.048336204
0.048339166
0.048432967
0.048167537
0.048168793
0.048194176
0.048233427
0.04823333
0.048196779
0.048364771
0.048364272
0.048344752
0.048281369
0.048280957
0.048337486
0.047731938
0.047731504
0.047938562
0.046079167
0.046081129
0.046682574
0.04149579
0.041507465
0.043131858
0.011119106
0.011294029
0.011348298
0.012176102
0.012536811
0.012145155
0.01499201
0.01520604
0.014933369
0.019075979
0.019536038
0.01834454
0.024450244
0.024888565
0.023277144
0.033363269
0.03367149
0.031494584
0.048305664
0.04832026
0.045397815
0.049075045
0.049082817
0.048940711
0.049479506
0.049487716
0.049396257
0.048644754
0.048664208
0.049055059
0.048353994
0.048359661
0.048458688
0.048174362
0.048176775
0.048203315
0.048233349
0.048233406
0.048199435
0.048362812
0.048362328
0.048342966
0.048279068
0.048278244
0.048335221
0.047729362
0.047727972
0.047934003
0.046084947
0.046085583
0.046682298
0.04154037
0.041550675
0.043158516
0.011753399
0.011893497
0.011832179
0.013179355
0.013679276
0.013256313
0.016221992
0.016530632
0.016103013
0.02087326
0.02127558
0.020017426
0.02645173
0.027009016
0.024787347
0.035121486
0.035728047
0.03305028
0.048363564
0.04837805
0.046773908
0.049106224
0.049114424
0.048977666
0.049495083
0.049505537
0.049411138
0.048679123
0.048697246
0.049108132
0.048372924
0.048376507
0.048483973
0.048184639
0.048187344
0.048215165
0.048233856
0.048234039
0.04820227
0.048360986
0.048360544
0.048341619
0.048275278
0.04827414
0.048331927
0.047723812
0.047722294
0.047926928
0.04608608
0.046085787
0.046678296
0.041579158
0.041588433
0.043179471
0.012545653
0.012660972
0.012506172
0.01432755
0.015040463
0.014503919
0.017723671
0.018061173
0.017390374
0.0224767
0.022869233
0.021773667
0.028416721
0.028910429
0.026924296
0.037977332
0.038827157
0.0356349
0.048421326
0.048435886
0.047704993
0.049139506
0.049148325
0.049015917
0.049514538
0.049527276
0.049429443
0.048717192
0.048724176
0.0491683
0.048389561
0.048395177
0.048509537
0.048195194
0.048199066
0.048230066
0.048234192
0.048235858
0.048205606
0.048358663
0.048359243
0.048341053
0.048269891
0.048268554
0.048327606
0.047715277
0.047711218
0.047916653
0.046084059
0.046077059
0.04666704
0.041612057
0.041604167
0.043181676
0.013736198
0.013982147
0.013549548
0.015720142
0.016801477
0.016089127
0.019359468
0.019666246
0.018929221
0.024059496
0.024494306
0.023480797
0.030336026
0.030740356
0.029222899
0.040845158
0.041310011
0.03797893
0.048479789
0.04849453
0.048209294
0.049175176
0.049184469
0.04905547
0.049537788
0.04955289
0.049452188
0.048747581
0.048779824
0.049232073
0.048401885
0.048409614
0.048523038
0.048205011
0.04820772
0.048243681
0.048242613
0.048243536
0.048213462
0.048359284
0.048359139
0.048343392
0.048253181
0.048251965
0.048315911
0.047667448
0.047665269
0.047879957
0.045962995
0.045961912
0.046574048
0.041282387
0.04128588
0.042936035
0.028755247
0.028776073
0.033069464
0.0054178887
0.0055101401
0.0037216793
0.015866331
0.015939641
0.01365308
0.01787005
0.018387475
0.017479295
0.02124602
0.021762909
0.020898499
0.025921537
0.026420822
0.025405597
0.032370552
0.032855395
0.031598429
0.042651231
0.043159243
0.03989231
0.048538617
0.048553195
0.048273629
0.049212533
0.049222138
0.049096122
0.04956509
0.049582845
0.049479986
0.048800765
0.04882491
0.049293631
0.048429022
0.04843457
0.048574877
0.048215744
0.048218435
0.048257885
0.048247119
0.048248578
0.04821965
0.048359118
0.04835927
0.048344497
0.048248593
0.048247602
0.048312474
0.047658875
0.047656892
0.047872003
0.045958188
0.045956818
0.046566678
0.04129327
0.041293851
0.042940107
0.028799173
0.028785486
0.033088024
0.006947793
0.0068168714
0.011835252
0.0037384218
0.0037236987
0.0040290659
0.0057609356
0.0058368585
0.0039699524
0.016897932
0.016996199
0.01408579
0.020581051
0.021410321
0.02048841
0.023586994
0.024262894
0.023147325
0.028164019
0.028816084
0.027802208
0.03465236
0.035270716
0.034042472
0.044271021
0.044607489
0.041530285
0.048596581
0.04861065
0.048335992
0.049251087
0.049261013
0.04913827
0.049596832
0.049617099
0.049512807
0.048846373
0.048871568
0.049366733
0.048471688
0.048479704
0.048608066
0.048227822
0.048231711
0.048276603
0.048253638
0.048255555
0.04822833
0.048360283
0.048360828
0.048347125
0.048245177
0.048244583
0.048310377
0.047651628
0.04765015
0.047865581
0.045952349
0.045950792
0.046559571
0.041288542
0.041283663
0.042933568
0.028695023
0.028650543
0.033012063
0.0063800664
0.006233707
0.011430267
0.0036812968
0.0036680764
0.0039508636
0.006038055
0.0060990572
0.0041696135
0.017261035
0.01734105
0.01443985
0.024232398
0.025366752
0.02445188
0.026642978
0.027508064
0.026435161
0.031047444
0.031869539
0.030853805
0.037473971
0.038272267
0.036921428
0.045988806
0.046503802
0.043631701
0.048655002
0.04866966
0.048400158
0.049292034
0.049302696
0.049184236
0.04963225
0.049654344
0.049549241
0.0488958
0.048920654
0.049437629
0.048504095
0.048511593
0.048646549
0.04824409
0.048248305
0.048297968
0.048261967
0.048264338
0.048239377
0.048363158
0.04836418
0.048351583
0.04824358
0.048243533
0.048310207
0.047646635
0.047645771
0.047861741
0.045945515
0.045943536
0.046553056
0.041262925
0.041254078
0.042914549
0.02848814
0.028426496
0.032870108
0.0058278134
0.0057053221
0.010930267
0.0036316129
0.0036204702
0.00388371
0.0062646476
0.006314387
0.0043313061
0.017554441
0.017618455
0.014726922
0.027232091
0.027290425
0.025080967
0.030396041
0.031450569
0.030756966
0.034613824
0.035615994
0.034771395
0.040845149
0.041757401
0.040321372
0.047317945
0.047338263
0.046309236
0.048713236
0.048727664
0.048463092
0.049335246
0.04934646
0.049232046
0.049670684
0.049694326
0.049588406
0.048947374
0.048974881
0.049510195
0.048534635
0.04854227
0.048684708
0.048261121
0.048265483
0.048321786
0.048272163
0.048275043
0.048252344
0.04836804
0.048369596
0.048358063
0.048244325
0.048244915
0.048312372
0.047644181
0.04764392
0.047860883
0.045937519
0.045935526
0.046547073
0.041223114
0.041211523
0.042886129
0.028227796
0.028157894
0.032685092
0.0053811637
0.0052857692
0.010409834
0.0035898414
0.003580484
0.0038260538
0.0064503832
0.0064920125
0.0044664416
0.017794583
0.017846625
0.01495803
0.02745063
0.027499819
0.025295318
0.03498734
0.035398271
0.033612286
0.038798274
0.039956764
0.039359031
0.044586329
0.045051972
0.044221638
0.047396974
0.047415848
0.046942249
0.048770577
0.048784738
0.048524493
0.049380582
0.049392237
0.049281069
0.049712642
0.04973827
0.049630388
0.049002724
0.049030647
0.049585047
0.048565958
0.04857408
0.048723068
0.048278134
0.048289826
0.04835297
0.048284527
0.048288035
0.048267146
0.048375116
0.048377245
0.048366706
0.048247699
0.04824897
0.048317098
0.047644156
0.047644546
0.047862546
0.0459296
0.045927705
0.046542258
0.041173307
0.041159572
0.042851136
0.027943362
0.027870695
0.032479944
0.0050353922
0.0049616259
0.0099085967
0.0035547673
0.0035469051
0.0037758799
0.0066076121
0.0066434559
0.004582463
0.017988917
0.018032055
0.015149492
0.027635841
0.027677892
0.025474804
0.03552112
0.035559206
0.033777195
0.041378119
0.041406179
0.040150631
0.0451237
0.045146436
0.044357393
0.047470474
0.04748801
0.04701967
0.048826706
0.048840514
0.048583915
0.049427335
0.049439167
0.049330433
0.049757777
0.049784567
0.049674212
0.049058972
0.049088268
0.049661894
0.048599241
0.04860819
0.04876313
0.048303738
0.048308492
0.048376498
0.048299578
0.048303772
0.048285201
0.048384545
0.048387287
0.048377705
0.048253721
0.048255635
0.048324434
0.047646654
0.047647631
0.047866731
0.045922081
0.04592023
0.046538594
0.041116196
0.041101069
0.042811912
0.027650243
0.027576459
0.03226498
0.00476789
0.0047106784
0.0094444228
0.0035251745
0.0035184679
0.003731708
0.0067438293
0.0067750904
0.0046839645
0.018150487
0.018186564
0.01530962
0.027795767
0.027832071
0.025626664
0.035665455
0.035698374
0.033920091
0.041484938
0.041509513
0.040262237
0.045211339
0.045231838
0.044446134
0.047538709
0.047554982
0.047090419
0.048881321
0.048894704
0.048641173
0.049474378
0.04948609
0.049379189
0.049805259
0.049833182
0.049720247
0.049118073
0.049148457
0.049741571
0.048636587
0.048646552
0.048806545
0.048324911
0.048330836
0.048401658
0.048317139
0.048321845
0.048305237
0.048396456
0.048399829
0.048391193
0.048262363
0.048264928
0.048334383
0.047651353
0.047652849
0.047873281
0.045914766
0.04591297
0.046535709
0.041053855
0.04103755
0.042769619
0.02735397
0.027280092
0.032045414
0.0045580068
0.0045127217
0.0090234942
0.0034996242
0.003493767
0.0036924582
0.0068631171
0.0068907661
0.0047738604
0.018286758
0.018317775
0.015446227
0.027934704
0.027967074
0.025757813
0.035790634
0.0358193
0.034045379
0.041578611
0.041600254
0.040359782
0.04529019
0.045308632
0.044525765
0.047601956
0.047617003
0.04715485
0.048934146
0.048947044
0.04869605
0.04952068
0.049532103
0.049426686
0.049854958
0.049883946
0.049768287
0.049179274
0.049210488
0.049824331
0.048677257
0.048687851
0.048852293
0.048350316
0.048357098
0.048428175
0.048336915
0.048342254
0.048327798
0.048410896
0.048414905
0.048407218
0.048273566
0.04827675
0.048346904
0.047657965
0.047659873
0.047881939
0.045907677
0.045905916
0.046533398
0.040987117
0.040969758
0.042724849
0.02705969
0.02698682
0.031825521
0.004390989
0.0043546461
0.0086468699
0.0034774362
0.0034723765
0.003657297
0.0069698303
0.0069949554
0.0048555423
0.018404967
0.018432212
0.01556626
0.028058743
0.028087584
0.025875229
0.035899754
0.035924858
0.034155981
0.041661456
0.041680728
0.040445171
0.04536121
0.045377862
0.044597709
0.047660366
0.04767424
0.047213474
0.048984961
0.048997338
0.048748322
0.04956585
0.049577004
0.04947284
0.049906704
0.049936671
0.049817948
0.049242052
0.049274358
0.049910368
0.048720604
0.048731989
0.048900745
0.048379003
0.048383769
0.048457879
0.048359206
0.048365179
0.048352724
0.048427885
0.04843253
0.048425834
0.048287164
0.048290906
0.048361871
0.047666149
0.047668412
0.04789237
0.045900654
0.045898902
0.04653151
0.040915594
0.040896991
0.042678144
0.026770411
0.026699087
0.031607814
0.0042564091
0.0042269232
0.0083124001
0.0034583183
0.0034539801
0.0036255525
0.0070672099
0.0070903137
0.0049309412
0.018509481
0.018533873
0.015673377
0.028170287
0.02819619
0.025978538
0.035995563
0.036017639
0.034253794
0.041735361
0.041752579
0.040520264
0.045425486
0.045440613
0.044663252
0.047714215
0.047727008
0.047266885
0.049033707
0.049045585
0.048797921
0.049610156
0.049621178
0.049518048
0.049960189
0.049990872
0.049868799
0.049306969
0.049340234
0.049998511
0.048767191
0.048779371
0.04895289
0.048406896
0.048415666
0.048489741
0.048384067
0.048390698
0.048380307
0.048447376
0.048452622
0.048446983
0.048302876
0.048307094
0.048379054
0.047675666
0.047678228
0.047904265
0.04589364
0.045891883
0.04653004
0.040840072
0.040820824
0.042629195
0.02648765
0.026418034
0.031393026
0.004146948
0.0041228778
0.0080163488
0.0034419715
0.0034382813
0.0035967082
0.0071567491
0.0071779695
0.0050008325
0.018603164
0.018624915
0.015769253
0.028270877
0.028295228
0.026072695
0.036079991
0.036099452
0.034340361
0.041801301
0.041816599
0.040586419
0.045483979
0.045497777
0.044723234
0.04776391
0.047775733
0.047315679
0.049080548
0.049091992
0.048844992
0.049654014
0.04966504
0.049562799
0.050014962
0.050046089
0.049920221
0.049374089
0.049408711
0.050087826
0.048816536
0.048829274
0.049009364
0.048438852
0.048446799
0.048518043
0.048411534
0.048418779
0.048410446
0.048469183
0.048474966
0.048470444
0.048320352
0.048324952
0.048398127
0.047686298
0.047689105
0.047917356
0.045886594
0.045884825
0.04652894
0.040762559
0.040743015
0.042578579
0.026211814
0.026143971
0.031181364
0.0040573832
0.0040375924
0.0077541813
0.0034281067
0.00342499
0.0035704787
0.0072389728
0.0072584783
0.0050654295
0.018686729
0.018706441
0.015855036
0.028361486
0.028382356
0.026157551
0.03615343
0.036170137
0.034415551
0.041859724
0.041873229
0.040644712
0.045537362
0.04554996
0.044778075
0.047809891
0.047820851
0.047360467
0.049125744
0.049136808
0.048889769
0.049697472
0.049708421
0.049607312
0.050070511
0.050101737
0.049972179
0.049444003
0.049480033
0.05017894
0.048867867
0.048881076
0.049069354
0.048472163
0.048480846
0.048552867
0.048441332
0.048449102
0.048443063
0.048493028
0.048499271
0.048495911
0.048339237
0.048344143
0.048418736
0.047697829
0.047700828
0.047931418
0.045879479
0.045877681
0.046528104
0.040684182
0.04066457
0.042527039
0.025943246
0.025877299
0.030973393
0.0039836717
0.0039673375
0.0075218387
0.0034164306
0.0034138172
0.0035480968
0.0073146818
0.0073326992
0.0051251622
0.018763014
0.018781082
0.015933623
0.028441304
0.028460632
0.026234882
0.036217376
0.03623238
0.034480055
0.041911356
0.041923342
0.0406966
0.045586093
0.04559759
0.044828063
0.047852583
0.047862792
0.047401861
0.049169445
0.049180134
0.048932405
0.049740231
0.049750989
0.049651414
0.050126356
0.050157466
0.0500246
0.049516779
0.049554236
0.050272314
0.048920708
0.048934286
0.049131798
0.048507934
0.048517335
0.048588991
0.048473085
0.048481279
0.048477776
0.048518601
0.048525228
0.048523069
0.048359257
0.048364416
0.048440572
0.047710066
0.047713218
0.047946283
0.045872221
0.045870373
0.046527405
0.040606026
0.040586615
0.042475446
0.025682436
0.025618486
0.030769743
0.0039227809
0.0039092843
0.0073155878
0.0034066666
0.0034044923
0.003531021
0.0073847754
0.0074015328
0.0051807302
0.018832831
0.018849387
0.016005688
0.028514502
0.028531884
0.026306115
0.036275424
0.036289116
0.034537144
0.041957369
0.041968126
0.040743532
0.045630562
0.045641059
0.044873554
0.047892439
0.047902012
0.047440438
0.049211598
0.049221873
0.048972913
0.049782337
0.049793266
0.049694807
0.050182123
0.050212904
0.050077273
0.049592109
0.049630496
0.050367894
0.048974395
0.048988028
0.049196518
0.048546921
0.048557116
0.048628075
0.048506389
0.04851491
0.048513986
0.048545598
0.048552536
0.048551629
0.048380235
0.048385614
0.048463407
0.047722866
0.04772614
0.047961821
0.045864738
0.045862826
0.046526751
0.040528693
0.040509487
0.042424268
0.025429651
0.025367704
0.030570589
0.0038724181
0.0038612973
0.0071320152
0.0033985967
0.003396827
0.0035203127
0.0074501965
0.007465932
0.0052329645
0.018896923
0.018912279
0.01607148
0.028579154
0.02859404
0.026371413
0.036328462
0.036340965
0.034588549
0.041998813
0.042008557
0.040786312
0.045671178
0.045680778
0.044914932
0.047929913
0.047938956
0.047476684
0.04925203
0.049261848
0.049011247
0.049824624
0.049835623
0.049737448
0.050237552
0.050267942
0.050129878
0.049669189
0.049708237
0.050465488
0.049028897
0.049042696
0.049261406
0.048588654
0.048599459
0.048669873
0.048540901
0.048549694
0.048551137
0.048573753
0.048580948
0.048581358
0.048402055
0.04840763
0.048487081
0.047736116
0.047739486
0.047977917
0.045856997
0.045855025
0.046526114
0.040452167
0.040433158
0.042373387
0.025184811
0.025124823
0.030375683
0.0038308751
0.0038216769
0.0069680199
0.0033921201
0.0033907413
0.0035168124
0.0075117918
0.0075266426
0.0052824671
0.018956918
0.01897129
0.016132693
0.028635623
0.028648944
0.026429853
0.036376726
0.036388096
0.034634403
0.042036457
0.042045346
0.040825425
0.045708345
0.045717139
0.044952519
0.047965377
0.047973957
0.047510959
0.049290596
0.04929994
0.049047415
0.049867031
0.049877878
0.049779051
0.050292479
0.05032237
0.050182061
0.049747479
0.049786898
0.050564638
0.049084319
0.049098466
0.049326008
0.048632527
0.048643747
0.04871454
0.048576474
0.048585533
0.048589049
0.048602876
0.048610293
0.048612109
0.048424615
0.048430357
0.048511479
0.047749721
0.047753168
0.047994459
0.045849044
0.045847033
0.046525525
0.040376436
0.040357634
0.042322779
0.024947764
0.024889714
0.030184982
0.0037967013
0.0037891826
0.0068211238
0.0033871873
0.0033861878
0.0035212365
0.0075698656
0.0075838183
0.0053293573
0.019012627
0.019025858
0.016189674
0.028686087
0.028697706
0.026482845
0.036420839
0.036431347
0.034675926
0.042070866
0.042079016
0.040861377
0.045742391
0.045750443
0.044986539
0.047999037
0.048007182
0.047543493
0.049327278
0.049336165
0.049081545
0.04990902
0.049919673
0.04981959
0.050346791
0.05037619
0.050233523
0.049826551
0.049866447
0.050664975
0.049141313
0.049156003
0.049390467
0.048677815
0.048689299
0.048761632
0.048613135
0.04862248
0.048627827
0.048632861
0.048640485
0.048643819
0.048447802
0.048453682
0.048536505
0.047763606
0.047767113
0.048011345
0.045840968
0.045838939
0.046525027
0.040301562
0.040282987
0.042272535
0.024718491
0.024662394
0.029998725
0.0037688791
0.0037628119
0.0066889401
0.0033837494
0.0033831123
0.0035341264
0.0076242469
0.0076372318
0.0053734168
0.019063923
0.019076071
0.016242008
0.028730561
0.028740885
0.026531081
0.03646159
0.036471123
0.034713926
0.042102439
0.042109921
0.040894595
0.045773549
0.04578091
0.045017189
0.048030972
0.048038692
0.047574403
0.049362192
0.049370669
0.049113884
0.049950422
0.049960874
0.049859116
0.050400411
0.050429246
0.050284076
0.049906536
0.049946865
0.050766278
0.049200699
0.049215972
0.049455547
0.048723935
0.048735624
0.048810625
0.048650951
0.04866059
0.048667634
0.048663657
0.048671478
0.048676457
0.048471494
0.048477481
0.048562061
0.04777771
0.047781262
0.048028479
0.04583283
0.045830786
0.046524622
0.040227615
0.040209274
0.042222729
0.024497028
0.024442868
0.029817182
0.0037465931
0.0037418043
0.0065697075
0.0033817203
0.0033814124
0.0035557913
0.0076746766
0.0076866529
0.0054143966
0.01911092
0.019122023
0.016289688
0.028769665
0.028778647
0.02657291
0.036498272
0.036506975
0.034747926
0.042131449
0.042138334
0.04092537
0.045802039
0.045808778
0.045044778
0.048061225
0.048068536
0.047603734
0.049395549
0.049403677
0.049144767
0.049991174
0.050001434
0.04989771
0.050453272
0.050481577
0.050333667
0.049987413
0.050028429
0.050868603
0.049262443
0.049278373
0.049521883
0.048770705
0.048782528
0.048860871
0.048689927
0.04869985
0.04870855
0.048695222
0.048703225
0.048709978
0.04849557
0.048501635
0.048588045
0.047791978
0.047795565
0.04804578
0.045824628
0.045822566
0.046524263
0.040154584
0.040136462
0.042173342
0.02428321
0.024230905
0.029640385
0.0037292047
0.0037255563
0.0064618334
0.0033809406
0.0033809123
0.0035863754
0.0077211064
0.0077321195
0.005452302
0.0191538
0.019163899
0.016332995
0.028804154
0.028812122
0.02660911
0.036532308
0.036540382
0.034779179
0.042158128
0.042164443
0.040953784
0.045828186
0.045834408
0.045069791
0.048089877
0.048096805
0.047631502
0.049427613
0.049435464
0.049174561
0.050031287
0.050041378
0.049935462
0.050505323
0.050533039
0.050382364
0.050069524
0.050111277
0.050971427
0.0493264
0.049342854
0.049590009
0.048817786
0.048829865
0.048921264
0.048729992
0.048740173
0.04875056
0.048727486
0.048735647
0.0487443
0.048519917
0.048526035
0.048614359
0.047806366
0.047809977
0.048063187
0.045816359
0.045814282
0.046523894
0.040082408
0.040064493
0.042124329
0.024076662
0.024026117
0.029468132
0.0037162157
0.0037136062
0.0063638717
0.0033812085
0.0033814151
0.0036260283
0.007763861
0.0077740449
0.0054874994
0.019192777
0.01920195
0.01637238
0.028834671
0.028841773
0.026640521
0.036562961
0.036570009
0.034807213
0.042182635
0.042188479
0.040979818
0.045852454
0.045858291
0.045092858
0.048117043
0.048123619
0.047657745
0.049458678
0.049466326
0.049203613
0.050070829
0.050080781
0.049972468
0.050556526
0.050583721
0.050430064
0.050153001
0.050195451
0.05107488
0.049391994
0.049408676
0.049660135
0.048866104
0.04887829
0.048971383
0.048771014
0.048781415
0.048793594
0.048760338
0.048768621
0.048779281
0.048544448
0.0485506
0.048640913
0.047820835
0.04782446
0.048080661
0.04580804
0.045805946
0.04652349
0.040011062
0.039993358
0.042075716
0.023877064
0.023828227
0.029300228
0.0037072687
0.0037056247
0.0062746805
0.0033823794
0.0033828025
0.0036749863
0.0078035465
0.0078130685
0.0055205393
0.019228096
0.019236378
0.016408308
0.028862389
0.028868795
0.026668378
0.036589964
0.036596485
0.034834439
0.042205412
0.042210878
0.041004112
0.045875365
0.045880934
0.045114598
0.048142842
0.048149092
0.047682547
0.049489028
0.049496537
0.04923219
0.05010991
0.050119757
0.050008826
0.050606884
0.050633533
0.050476975
0.050237819
0.050280915
0.05117884
0.04945857
0.049475434
0.049732135
0.048922105
0.048934436
0.049022523
0.048812801
0.048823383
0.048837502
0.048793626
0.048801989
0.048814735
0.048569094
0.048575268
0.048667631
0.047835349
0.047838978
0.048098171
0.045799629
0.045797513
0.046523045
0.039940573
0.039923088
0.042027543
0.02368428
0.02363714
0.029136593
0.003702093
0.003701353
0.0061933487
0.0033844142
0.0033850567
0.0037335112
0.007840808
0.0078498157
0.0055519028
0.019259937
0.019267437
0.016441261
0.028887154
0.028893142
0.02669346
0.036615062
0.036620919
0.034859364
0.042226668
0.042231725
0.041026878
0.045897313
0.045902676
0.045135372
0.048167376
0.048173323
0.04770604
0.049518887
0.049526294
0.049260424
0.050148658
0.050158422
0.050044629
0.050656446
0.050682669
0.05052334
0.050323883
0.050367511
0.051283401
0.0495257
0.04954263
0.049805718
0.048971421
0.048984151
0.049074094
0.048855115
0.048865802
0.04888209
0.048827182
0.048835583
0.04885045
0.048593803
0.048599987
0.048694451
0.047849865
0.047853488
0.048115682
0.045791152
0.045789028
0.046522561
0.039870968
0.039853706
0.041979755
0.023498255
0.023452789
0.028977187
0.0037004605
0.0037005706
0.0061191168
0.0033873426
0.0033882159
0.0037968709
0.0078761963
0.0078848049
0.0055819328
0.019289078
0.01929601
0.016472099
0.028910077
0.028915386
0.02671612
0.036637643
0.036643001
0.034882508
0.042246292
0.042250947
0.04104768
0.045918462
0.045923628
0.045155263
0.048190735
0.048196402
0.047728384
0.049548354
0.049555661
0.04928829
0.05018716
0.05019685
0.050079943
0.050705317
0.050731132
0.050569358
0.050411037
0.050455048
0.051388126
0.049593062
0.049610007
0.049880351
0.049022266
0.049035246
0.04912686
0.048897654
0.048908375
0.048929705
0.048860856
0.048869263
0.048886239
0.048618534
0.048624721
0.048721326
0.047864339
0.047867944
0.048133157
0.04578265
0.045780521
0.046521961
0.039802246
0.039785201
0.04193239
0.023318836
0.023274981
0.028821901
0.0037021654
0.003703076
0.0060513092
0.0033912149
0.0033923346
0.0038616504
0.0079101319
0.0079184311
0.0056108957
0.019316107
0.019322548
0.016501526
0.028931089
0.028936204
0.026737417
0.036658577
0.036663662
0.034903516
0.042264341
0.042268631
0.04106603
0.045938812
0.045943772
0.045174257
0.048213023
0.048218443
0.047749752
0.049577391
0.049584569
0.049315636
0.050225432
0.050235039
0.050114802
0.050753653
0.050779219
0.050615169
0.050498832
0.05054313
0.051493239
0.049660547
0.049677531
0.04995558
0.04907458
0.049087874
0.049180968
0.04894266
0.048953412
0.048974884
0.04889454
0.048902928
0.048921954
0.048643262
0.048649455
0.048748234
0.047878734
0.047882314
0.048150569
0.045774137
0.045772009
0.046521191
0.039734381
0.039717544
0.041885455
0.023145738
0.023103409
0.028670551
0.0037070112
0.0037086736
0.0059893044
0.0033960936
0.0033974778
0.003927974
0.0079429228
0.0079509707
0.0056390054
0.019341259
0.019347333
0.016529794
0.028951491
0.028956434
0.026758213
0.036678875
0.03668393
0.034923844
0.042281038
0.042285052
0.04108263
0.045958327
0.045963074
0.045192378
0.048234388
0.048239606
0.047770327
0.049605861
0.049612873
0.049342273
0.050263423
0.050272933
0.050149229
0.05080164
0.05082699
0.050660842
0.050587176
0.05063182
0.051598295
0.049728272
0.049745342
0.050031216
0.049128184
0.049141774
0.049236518
0.048985066
0.048995697
0.049020268
0.048928132
0.048936466
0.048957563
0.048667998
0.048674212
0.048775187
0.047893032
0.047896584
0.048167913
0.045765719
0.045763636
0.046520399
0.039667335
0.039650695
0.041838941
0.02297863
0.02293775
0.028522957
0.0037148301
0.0037172056
0.0059325197
0.003402042
0.0034037072
0.0039959375
0.0079747465
0.0079825399
0.0056663155
0.019365101
0.019370875
0.016557092
0.028971184
0.028976047
0.026778395
0.036698731
0.036703556
0.034944288
0.042296805
0.042300653
0.041098657
0.045976983
0.045981508
0.045209669
0.048255022
0.048260092
0.047790274
0.049633621
0.049640438
0.049368072
0.050301057
0.050310465
0.050183245
0.05084948
0.050874781
0.050706406
0.050676115
0.050720875
0.051703532
0.04979651
0.049813734
0.050107293
0.04918296
0.049196835
0.049293491
0.049027643
0.049038242
0.049065895
0.048963601
0.04897214
0.048994445
0.048692785
0.048699049
0.048802216
0.047907236
0.047910761
0.048185207
0.045757488
0.045755433
0.046519713
0.03960106
0.0395846
0.041792821
0.022817199
0.02277769
0.028378962
0.0037254886
0.0037285603
0.0058804095
0.0034091209
0.0034110696
0.0040655639
0.0080054185
0.0080128794
0.0056926077
0.019387699
0.019393139
0.016583157
0.028990076
0.028994684
0.026797394
0.036717796
0.036722471
0.03496452
0.042311978
0.04231568
0.041114311
0.045994738
0.045999026
0.045226113
0.048275135
0.048280104
0.047809716
0.049660598
0.04966722
0.049393029
0.050338286
0.050347599
0.050216889
0.050897366
0.050922631
0.050751862
0.05076554
0.050810525
0.051808807
0.049865481
0.049882874
0.050183903
0.049238866
0.049253017
0.049351788
0.049069966
0.049080464
0.049111426
0.048997247
0.049005653
0.049029867
0.048717669
0.048724054
0.04883417
0.047921371
0.047924871
0.048202485
0.045749399
0.045747345
0.046519018
0.039535483
0.039519182
0.041747055
0.022661129
0.022622908
0.028238399
0.0037389053
0.0037426478
0.0058324568
0.0034173298
0.0034195505
0.0041367714
0.0080347197
0.0080418156
0.0057177357
0.019408886
0.01941394
0.01660773
0.029008317
0.029012776
0.026815391
0.036736043
0.036740414
0.034984554
0.042326523
0.042330045
0.041129361
0.046011526
0.046015562
0.045241632
0.048294903
0.048299806
0.047828724
0.049686827
0.049693278
0.04941726
0.050375119
0.050384349
0.050250209
0.050945461
0.050970836
0.050797213
0.050855328
0.050900636
0.051914119
0.049935237
0.049952821
0.050261152
0.04929587
0.04931028
0.049411339
0.049111828
0.049122188
0.049156657
0.049030969
0.049039427
0.049065385
0.048749294
0.048755879
0.048862035
0.047935493
0.04793891
0.048219903
0.045741317
0.045739219
0.046518278
0.039470511
0.039454353
0.0417016
0.022510097
0.022473086
0.028101108
0.0037550021
0.0037594038
0.0057882531
0.0034266172
0.0034290996
0.0042094227
0.0080626624
0.0080694847
0.0057419244
0.019428456
0.019433124
0.016630421
0.029025581
0.029029619
0.026832102
0.036753243
0.036757439
0.035003628
0.042340331
0.042343661
0.041143629
0.046027306
0.046031091
0.045256173
0.048314435
0.048319287
0.04784732
0.049712423
0.049718738
0.049440933
0.050411599
0.050420758
0.050283249
0.05099389
0.051019342
0.050842454
0.050945741
0.050991106
0.052019525
0.050005769
0.050023538
0.05033906
0.049353884
0.049368528
0.04947208
0.049153068
0.049163251
0.04920132
0.04906485
0.04907335
0.049100921
0.048774852
0.04878122
0.048889667
0.047962869
0.047967351
0.048249205
0.045733144
0.045730949
0.046517703
0.03940609
0.039390056
0.041656417
0.022363762
0.022327873
0.027966933
0.0037737331
0.0037787929
0.005747419
0.0034369323
0.0034396585
0.0042834156
0.0080896122
0.0080961878
0.005765283
0.019446486
0.019450741
0.016651474
0.029041126
0.029044815
0.026847223
0.036769537
0.036773354
0.035021494
0.042353379
0.04235653
0.041157033
0.046042104
0.046045658
0.045269767
0.048333763
0.048338559
0.0478655
0.049737518
0.049743726
0.049464194
0.05044777
0.05045686
0.050316032
0.051042725
0.051068357
0.050887584
0.051036595
0.051082137
0.052125067
0.050077112
0.050095088
0.050417647
0.04941275
0.049427562
0.049533921
0.049193567
0.049203563
0.049245161
0.049098914
0.049107469
0.049136542
0.048800401
0.048806831
0.048917605
0.047978651
0.047982096
0.048266479
0.045758312
0.04575836
0.046545045
0.039342222
0.039327335
0.041666886
0.022221831
0.022186999
0.027835754
0.003795091
0.0038008021
0.0057097306
0.0034481918
0.0034511413
0.0043587144
0.0081156304
0.0081220071
0.0057877576
0.019463147
0.0194672
0.016671211
0.029055511
0.029058954
0.026860993
0.036784409
0.036788015
0.035038131
0.042365777
0.042368794
0.041169834
0.046056021
0.046059376
0.045282527
0.048352852
0.048357579
0.047883249
0.049762207
0.04976832
0.049487114
0.050483644
0.050492662
0.050348555
0.051091985
0.051117714
0.050932581
0.051127905
0.051173654
0.052230831
0.050149334
0.050167543
0.050496948
0.049472199
0.049487105
0.04959669
0.049233336
0.049243169
0.049288048
0.049133214
0.049141832
0.049172313
0.048826205
0.04883269
0.048945839
0.047992386
0.047995815
0.048283716
0.045752129
0.04574991
0.046543683
0.03935962
0.039343735
0.04163318
0.02221875
0.022196416
0.027841985
0.00381895
0.0038445516
0.0057334349
0.0034604013
0.003463443
0.0044354233
0.0081407374
0.0081467764
0.0058092806
0.019478959
0.019482765
0.016689936
0.02906906
0.029072308
0.026873987
0.036798466
0.036801794
0.035053473
0.042377683
0.042380592
0.041182243
0.046069188
0.046072375
0.045294597
0.048371643
0.048376287
0.04790056
0.049786517
0.049792533
0.049509683
0.0505192
0.05052813
0.050380796
0.051141643
0.051167529
0.050977418
0.051219712
0.051265731
0.05233679
0.050222503
0.050240944
0.050577123
0.049531867
0.049546761
0.04966007
0.049272527
0.049282256
0.049330038
0.049167779
0.049176465
0.049208305
0.048852222
0.048858756
0.04897433
0.04800609
0.048009503
0.048300967
0.045743357
0.045741127
0.04654231
0.039295292
0.039279246
0.041587185
0.022093659
0.022059406
0.027712798
0.0038633881
0.0038700094
0.0057027782
0.0034882092
0.0034918969
0.004499788
0.0081279484
0.0081339786
0.0058014694
0.019493974
0.019497581
0.01670752
0.029081966
0.02908518
0.026886428
0.036811552
0.036814729
0.03506753
0.042389178
0.042391988
0.04119413
0.04608172
0.046084765
0.045306108
0.048390087
0.048394638
0.047917437
0.049810425
0.049816333
0.04953185
0.050554402
0.050563232
0.050412727
0.05119163
0.051217549
0.051022049
0.051312141
0.051358492
0.052443072
0.050296632
0.050315322
0.050658385
0.049591335
0.049606114
0.049723577
0.049311405
0.049321112
0.049371366
0.049202603
0.049211345
0.049244568
0.048878398
0.048884954
0.049003025
0.048019749
0.048023147
0.048318215
0.04573458
0.04573238
0.046540905
0.039231163
0.039215238
0.041541451
0.021958111
0.021924838
0.027585441
0.0038908885
0.0038981852
0.005670819
0.0035032963
0.0035072096
0.0045774385
0.0081518174
0.0081576036
0.0058221155
0.019507874
0.019511177
0.016723867
0.02909451
0.029097471
0.026898061
0.036824034
0.036827033
0.035080269
0.042400264
0.042402964
0.041205416
0.046093709
0.04609663
0.045317173
0.048408158
0.048412615
0.047933895
0.049833887
0.049839677
0.049553561
0.050589236
0.05059797
0.050444327
0.05124185
0.051267843
0.05106644
0.051405308
0.051452211
0.052549892
0.05037172
0.050390627
0.050740871
0.049650154
0.049664695
0.049786634
0.049350315
0.049360092
0.04941239
0.049237623
0.0492464
0.049281082
0.048904641
0.048911205
0.049031815
0.048033345
0.048036743
0.048335451
0.045725813
0.045723609
0.046539471
0.039167779
0.039151971
0.041496178
0.021826517
0.021794245
0.02746107
0.0039210568
0.0039290182
0.0056414529
0.0035192774
0.0035234132
0.0046565445
0.0081745953
0.0081801417
0.0058419773
0.019520576
0.019523557
0.016738776
0.029105934
0.02910861
0.026908453
0.036835729
0.036838494
0.035091954
0.042410889
0.042413465
0.041216225
0.046105225
0.046108036
0.045327876
0.048425856
0.048430221
0.047949952
0.049856871
0.04986254
0.049574796
0.050623722
0.050632367
0.050475588
0.051292195
0.051318123
0.051110555
0.051499344
0.051546667
0.052656972
0.050447619
0.050466697
0.050824609
0.049707851
0.04972212
0.049848665
0.04938962
0.049399542
0.049453523
0.049272741
0.049281523
0.049317769
0.048930873
0.048937421
0.049060591
0.048046909
0.048050288
0.048352645
0.045717073
0.045714906
0.046537992
0.039104864
0.03908918
0.041451283
0.021699221
0.021667928
0.027340004
0.0039538858
0.0039625072
0.0056145561
0.003536195
0.0035405558
0.0047371438
0.00819643
0.0082017533
0.0058610176
0.019532077
0.01953477
0.016752362
0.029116286
0.029118719
0.026917654
0.036846336
0.036848774
0.035102511
0.042421001
0.042423443
0.041226434
0.046116316
0.046119027
0.045338253
0.048443191
0.048447467
0.047965619
0.04987938
0.049884934
0.049595575
0.050657895
0.050666463
0.050506509
0.051342559
0.051368466
0.051154381
0.05159433
0.051641906
0.052764722
0.05052415
0.050543347
0.050909414
0.049764596
0.049778605
0.049909651
0.049429578
0.049439685
0.04949513
0.049307836
0.04931659
0.049354512
0.048957026
0.048963543
0.049089255
0.048060414
0.048063775
0.048369766
0.045708355
0.045706189
0.046536528
0.039042564
0.039027131
0.041406684
0.021575797
0.021545779
0.027221634
0.0039893008
0.0039985571
0.0055900189
0.0035540968
0.0035587493
0.0048191622
0.0082174133
0.0082225344
0.0058793752
0.019542463
0.019544909
0.016764863
0.029125638
0.029127817
0.026925954
0.036855622
0.036857744
0.035111837
0.042430586
0.042432904
0.041235952
0.046127021
0.046129642
0.045348336
0.048460172
0.048464361
0.047980899
0.049901449
0.049906903
0.04961595
0.050691794
0.050700293
0.050537094
0.051392846
0.0514186
0.051197905
0.051689909
0.051737895
0.052872837
0.050601044
0.050620295
0.05099489
0.049820149
0.049833843
0.04996957
0.049470293
0.049480591
0.049537444
0.049342785
0.049351485
0.049391202
0.048983038
0.048989511
0.049117733
0.048073856
0.048077194
0.048386816
0.045699665
0.045697487
0.046535042
0.03898087
0.038965551
0.041362434
0.02145677
0.021427328
0.027105933
0.0040272354
0.0040371098
0.0055677172
0.0035730536
0.0035779585
0.0049026139
0.008237554
0.0082425002
0.0058972903
0.019551943
0.01955419
0.016776422
0.029134054
0.029136039
0.026933472
0.036863709
0.036865561
0.035119985
0.042439718
0.04244194
0.041244846
0.046137386
0.04613993
0.045358176
0.048476806
0.048480909
0.047995795
0.049923143
0.049928516
0.049635992
0.050725444
0.050733879
0.050567353
0.051442979
0.051468646
0.051241135
0.051786154
0.051834191
0.052981653
0.050677994
0.050697188
0.05108067
0.049874499
0.049887926
0.05002833
0.04951175
0.049522229
0.049580561
0.049377509
0.049386148
0.049427758
0.049008867
0.04901529
0.049145971
0.048087205
0.048090534
0.048403786
0.04569098
0.045688785
0.046533492
0.038919628
0.038904426
0.041318624
0.021341356
0.021312815
0.026993128
0.0040676353
0.0040781233
0.0055476005
0.003593072
0.0035982556
0.0049876056
0.0082569951
0.0082617574
0.0059146529
0.019560654
0.019562721
0.016787096
0.029141665
0.02914349
0.026940485
0.036870761
0.036872371
0.035127045
0.042448502
0.042450649
0.041253242
0.046147465
0.046149945
0.045367833
0.048493101
0.048497122
0.048010312
0.049944541
0.049949854
0.049655779
0.050758858
0.050767231
0.050597308
0.051492904
0.051518372
0.051284075
0.051882588
0.051930838
0.053090858
0.05075481
0.05077395
0.051166331
0.049927852
0.049941079
0.050085955
0.049553887
0.049564528
0.049624485
0.049411979
0.04942056
0.049464158
0.049034493
0.049040872
0.049173965
0.048100466
0.048103767
0.048420642
0.045682272
0.04568006
0.046531887
0.038859086
0.038843977
0.041274909
0.021229549
0.021202134
0.026883144
0.0041105396
0.0041216776
0.0055295528
0.003614196
0.0036196426
0.0050742109
0.0082756808
0.008280205
0.0059314848
0.019568696
0.01957062
0.016797043
0.029148769
0.029150453
0.026947101
0.036876863
0.036878242
0.03513318
0.042457004
0.042459085
0.041261237
0.046157308
0.046159736
0.045377352
0.048509069
0.048513009
0.048024458
0.049965725
0.049970996
0.049675378
0.050792042
0.050800354
0.050626991
0.051542597
0.051567958
0.051326751
0.051979288
0.052027587
0.053200754
0.050831295
0.050850323
0.051251619
0.049980567
0.049993685
0.050142793
0.049596616
0.049607382
0.049669131
0.049446225
0.049454748
0.049500416
0.049059934
0.049066266
0.049201716
0.048113643
0.048116914
0.048437386
0.045673482
0.045671292
0.04653021
0.038798925
0.038783907
0.041231547
0.021121156
0.021094515
0.026775395
0.0041560935
0.0041679238
0.0055134448
0.0036364167
0.0036421497
0.0051624281
0.0082937901
0.0082983171
0.0059481229
0.019576214
0.019578028
0.016806503
0.029155286
0.029156819
0.026953211
0.036882065
0.036883236
0.035138462
0.042465243
0.042467258
0.041268863
0.046166954
0.046169338
0.045386759
0.048524715
0.048528576
0.048038238
0.04998673
0.049991944
0.049694843
0.050825009
0.050833267
0.050656444
0.051592053
0.051617216
0.051369192
0.052075899
0.052124166
0.053311254
0.050907336
0.050926263
0.051336394
0.050032944
0.050046023
0.050199141
0.049639835
0.049650708
0.04971441
0.049480273
0.049488763
0.049536574
0.049085197
0.049091489
0.049229266
0.04812669
0.048129949
0.048454004
0.045664637
0.04566242
0.046528459
0.038739115
0.038724334
0.041188311
0.021015901
0.020989886
0.026669918
0.0042045016
0.0042170814
0.005499098
0.0036597862
0.0036658199
0.005252196
0.0083116071
0.0083160631
0.0059644959
0.019583335
0.019585067
0.016815637
0.02916121
0.029162599
0.026958758
0.036886492
0.036887498
0.03514299
0.042473214
0.04247516
0.041276128
0.046176437
0.046178785
0.045396066
0.048540046
0.048543829
0.048051662
0.050007508
0.05001268
0.0497142
0.05085779
0.050866005
0.050685715
0.051641296
0.051666383
0.051411458
0.052172556
0.052220758
0.053422138
0.050982907
0.051001747
0.051420515
0.050085273
0.050098381
0.050255294
0.049683443
0.049694393
0.049760214
0.049514186
0.049522646
0.049572654
0.049110312
0.049116569
0.04925665
0.048139654
0.048142885
0.048470526
0.045655731
0.045653488
0.046526601
0.038679792
0.038665077
0.041145189
0.020913185
0.020887773
0.026566599
0.0042559829
0.0042693615
0.0054863989
0.0036843683
0.0036906994
0.0053433597
0.0083291623
0.0083334777
0.0059806716
0.019590147
0.019591804
0.016824526
0.029166554
0.029167794
0.026963714
0.036890315
0.036891191
0.035146899
0.042480905
0.042482777
0.041283024
0.046185791
0.046188113
0.045405282
0.048555065
0.048558771
0.048064746
0.050028146
0.050033294
0.04973341
0.05089043
0.050898612
0.050714847
0.051690371
0.051715306
0.051453602
0.052269049
0.052317123
0.053533596
0.05105808
0.051076825
0.05150398
0.050137771
0.050150942
0.050311478
0.049727329
0.049738332
0.049806422
0.049547996
0.049556437
0.049608687
0.049135296
0.049141529
0.049283912
0.048152506
0.048155712
0.048486919
0.045646719
0.045644457
0.046524669
0.038620912
0.038606276
0.041102373
0.020812806
0.020788001
0.026465072
0.0043106908
0.0043248902
0.0054752505
0.0037101781
0.0037168256
0.0054357287
0.0083464504
0.0083508142
0.005996634
0.019596662
0.019598245
0.016833251
0.029171273
0.029172344
0.026968009
0.036893647
0.036894409
0.035150268
0.042488288
0.042490076
0.041289519
0.046195054
0.046197358
0.045414411
0.04856978
0.048573412
0.048077517
0.050048704
0.050053836
0.049752476
0.050922971
0.05093113
0.050743865
0.051739339
0.051764265
0.051495681
0.052365248
0.052413129
0.053645347
0.051132821
0.051151461
0.051586671
0.050190592
0.050203857
0.050367837
0.049771381
0.049782408
0.049852906
0.049581739
0.049590167
0.049644682
0.049160181
0.049166384
0.049311084
0.048165274
0.048168455
0.048503224
0.045637661
0.045635369
0.046522643
0.038562337
0.038547762
0.041059549
0.0207151
0.020690852
0.026365296
0.0043686857
0.0043837078
0.0054656081
0.0037371895
0.0037441029
0.0055292204
0.0083636461
0.0083678657
0.0060124752
0.019602879
0.01960439
0.016841852
0.029175284
0.02917617
0.026971563
0.036896525
0.036897174
0.035153107
0.042495315
0.042497007
0.041295545
0.046204255
0.046206548
0.04542345
0.048584202
0.048587762
0.048090012
0.050069202
0.05007432
0.049771425
0.050955439
0.050963577
0.050772762
0.051788275
0.051813129
0.051537771
0.052461031
0.052508675
0.053757548
0.051207179
0.051225723
0.051668582
0.05024377
0.05025712
0.050424478
0.04981549
0.049826518
0.049899556
0.049615439
0.04962386
0.049680649
0.049184969
0.04919115
0.049338191
0.048177962
0.048181119
0.048519421
0.045628503
0.045626189
0.046520566
0.038504161
0.038489653
0.041016882
0.020619587
0.020596212
0.026267496
0.0044299471
0.0044457798
0.0054574614
0.0037652146
0.0037723744
0.0056239035
0.0083805248
0.0083846835
0.0060282284
0.019608811
0.019610255
0.016850345
0.029178556
0.029179263
0.02697437
0.036898953
0.036899491
0.035155418
0.042501934
0.042503515
0.041301018
0.046213414
0.046215698
0.045432388
0.048598341
0.048601832
0.048102264
0.050089638
0.050094738
0.049790248
0.050987835
0.050995951
0.050801513
0.051837262
0.051862195
0.051579931
0.052556309
0.052603683
0.053869883
0.051281235
0.05129972
0.05174973
0.05029728
0.050310713
0.050481489
0.04985958
0.049870592
0.049946244
0.049649123
0.04965754
0.049716603
0.049209673
0.04921584
0.049365241
0.048190564
0.048193703
0.048535534
0.045619301
0.045616966
0.046518447
0.038446205
0.038431755
0.040974373
0.020526483
0.020503591
0.026171226
0.0044944188
0.0045110437
0.0054507917
0.0037942059
0.0038016007
0.0057198667
0.0083971017
0.0084013087
0.006043668
0.019614499
0.01961589
0.016858754
0.029181129
0.029181671
0.026976509
0.036900956
0.036901399
0.035157238
0.042508096
0.04250956
0.041305868
0.046222536
0.04622481
0.045441206
0.048612206
0.04861563
0.048114304
0.050109995
0.050115072
0.049808914
0.05102014
0.051028225
0.050830119
0.051886382
0.051911319
0.051622207
0.052651034
0.052698126
0.053982427
0.05135511
0.051373584
0.051830233
0.05035113
0.050364646
0.05053891
0.049903595
0.049914584
0.049992878
0.049682813
0.049691241
0.049752578
0.049234302
0.049240449
0.049392248
0.048203087
0.048206208
0.048551558
0.04561002
0.045607712
0.046516262
0.038388581
0.038374174
0.040931881
0.020435349
0.020412937
0.02607644
0.0045618774
0.0045790006
0.0054455817
0.0038241395
0.0038317717
0.0058171404
0.0084135929
0.0084176675
0.0060590133
0.019619988
0.019621332
0.016867077
0.029183081
0.02918348
0.026978072
0.036902609
0.036902976
0.035158633
0.042513795
0.042515148
0.041310097
0.046231616
0.046233878
0.045449887
0.048625805
0.048629164
0.048126155
0.050130253
0.050135302
0.049827384
0.051052324
0.051060372
0.050858573
0.0519357
0.051960766
0.051664616
0.052745213
0.052792084
0.054094903
0.051428956
0.051447448
0.051910301
0.050405273
0.050418841
0.050596751
0.049947518
0.049958487
0.050039394
0.049716545
0.049724989
0.049788603
0.049258857
0.049264987
0.049419213
0.048215562
0.048218669
0.048567519
0.045600712
0.045598385
0.046514015
0.038331132
0.038316766
0.040889527
0.020346111
0.020324157
0.025983424
0.0046307795
0.0046481671
0.0054418274
0.0038549649
0.0038628012
0.0059156031
0.0084299274
0.0084339681
0.0060741938
0.019625288
0.019626583
0.016875291
0.029184467
0.029184727
0.02697911
0.036903974
0.036904275
0.035159661
0.042519062
0.042520314
0.041313761
0.046240639
0.046242884
0.045458405
0.048639151
0.04864245
0.048137841
0.050150399
0.05015542
0.049845638
0.051084362
0.051092367
0.050886872
0.051985256
0.052010369
0.05170716
0.052838946
0.052885645
0.05420742
0.051502966
0.051521514
0.051990208
0.050459599
0.050473193
0.05065495
0.049991367
0.050002326
0.050085764
0.049750343
0.049758804
0.049824724
0.049283352
0.049289473
0.049446153
0.048227997
0.048231087
0.048583407
0.045591328
0.045588982
0.046511744
0.038273857
0.038259515
0.040847169
0.020258879
0.020237307
0.025891787
0.0047007165
0.004718355
0.0054395141
0.0038867494
0.0038949046
0.0060150457
0.0084460557
0.0084500762
0.0060891933
0.019630392
0.019631639
0.016883374
0.029185301
0.029185428
0.026979653
0.036905063
0.036905287
0.035160338
0.042523931
0.042525087
0.041316956
0.046249585
0.046251807
0.04546673
0.048652268
0.048655517
0.048149389
0.05017044
0.050175439
0.049863689
0.05111624
0.051124203
0.05091503
0.052035096
0.052060382
0.051749808
0.052932342
0.05297894
0.054319938
0.051577246
0.051595853
0.052070219
0.050513996
0.050527586
0.050713391
0.050035189
0.05004615
0.050132007
0.049784223
0.049792708
0.04986096
0.049307794
0.049313894
0.049473064
0.048240369
0.048243445
0.048599247
0.045581909
0.045579542
0.046509439
0.038216806
0.038202505
0.040804776
0.020173163
0.020151979
0.02580159
0.0047716344
0.0047895207
0.0054386247
0.003919899
0.0039284124
0.0061152961
0.0084621233
0.0084661343
0.0061041594
0.019635304
0.019636504
0.016891307
0.029185627
0.029185642
0.026979766
0.036905835
0.036905985
0.035160674
0.042528431
0.042529502
0.04131979
0.046258426
0.046260616
0.045474828
0.048665196
0.048668406
0.048160835
0.050190416
0.050195412
0.049881614
0.051147964
0.051155888
0.050943078
0.05208523
0.052110579
0.051792543
0.053025561
0.053072116
0.054432143
0.051651873
0.051670592
0.052150644
0.050568302
0.050581846
0.050771883
0.050079042
0.05009002
0.050178179
0.049818189
0.049826693
0.049897321
0.049332184
0.049338273
0.049499955
0.048252681
0.048255756
0.048615027
0.045572398
0.045570006
0.046507015
0.038159937
0.038145672
0.040762505
0.020089003
0.020068199
0.025712316
0.0048435608
0.004861698
0.0054391543
0.0039544794
0.0039633481
0.0062163194
0.0084781554
0.0084821566
0.0061191028
0.019640038
0.019641197
0.016899088
0.02918554
0.029185469
0.02697956
0.036906336
0.036906424
0.035160692
0.042532609
0.04253361
0.04132238
0.046267131
0.046269282
0.045482673
0.048677988
0.048681172
0.048172213
0.050210412
0.050215421
0.049899501
0.051179555
0.051187448
0.05097105
0.052135669
0.052161198
0.051835349
0.053118895
0.05316547
0.054543971
0.051726917
0.051745752
0.052231654
0.050622416
0.05063592
0.050830262
0.050122983
0.05013399
0.050224358
0.049852218
0.049860734
0.049933789
0.04935653
0.049362617
0.049526817
0.04826494
0.048267998
0.048630758
0.04556283
0.045560405
0.046504566
0.038103192
0.038089116
0.040720187
0.020006361
0.019986242
0.025624521
0.0049165028
0.0049348978
0.0054410963
0.0039904617
0.0039996768
0.0063181508
0.0084941415
0.008498129
0.006133993
0.019644608
0.019645729
0.016906699
0.029185151
0.029185023
0.026979175
0.036906591
0.036906625
0.035160439
0.042536528
0.042537474
0.041324832
0.046275666
0.046277769
0.04549024
0.048690692
0.048693862
0.048183552
0.05023047
0.050235497
0.049917393
0.051211043
0.051218913
0.050998995
0.052186382
0.052211953
0.051878219
0.05321214
0.053258775
0.05465609
0.051802392
0.051821308
0.052313352
0.050676383
0.050689861
0.050888488
0.050167041
0.050178079
0.050270602
0.049886291
0.04989481
0.049970329
0.049380842
0.049386919
0.049553655
0.04827712
0.048280156
0.048646422
0.045553129
0.045550665
0.046501952
0.038046722
0.038032646
0.040677843
0.019925494
0.01990543
0.025538202
0.0049904765
0.0050091289
0.0054444432
0.0040278308
0.0040373969
0.0064208269
0.0085100679
0.0085140385
0.0061488244
0.019649057
0.019650157
0.016914167
0.02918457
0.029184412
0.026978752
0.03690666
0.036906663
0.035159988
0.042540246
0.042541149
0.041327222
0.046283993
0.046286036
0.045497507
0.048703347
0.048706506
0.048194858
0.050250609
0.050255658
0.049935317
0.051242461
0.051250314
0.051026971
0.052237366
0.052263116
0.051921115
0.053305538
0.053352233
0.05476755
0.051878225
0.051897211
0.052395739
0.050730274
0.050743743
0.050946553
0.050211229
0.050222295
0.050316972
0.04992036
0.049928874
0.050006897
0.049405123
0.049411181
0.04958045
0.048289227
0.048292238
0.048662013
0.045543265
0.045540765
0.046499236
0.037990317
0.037976265
0.040635567
0.019846038
0.019826312
0.025452722
0.0050654708
0.0050843725
0.0054491921
0.0040666126
0.0040765366
0.006524357
0.008525836
0.0085297937
0.0061635824
0.019653421
0.019654498
0.016921556
0.029183894
0.029183728
0.026978406
0.036906628
0.036906618
0.03515944
0.042543806
0.042544675
0.041329594
0.046292066
0.046294039
0.04550445
0.048715962
0.048719111
0.048206116
0.050270834
0.050275903
0.049953283
0.051273834
0.051281676
0.051055017
0.052288588
0.052314363
0.051963984
0.053399222
0.053445979
0.054879159
0.051954297
0.051973355
0.052478748
0.05078413
0.050797609
0.051004471
0.050255524
0.050266611
0.050363491
0.0499544
0.049962904
0.050043458
0.049429344
0.049435395
0.04960719
0.048301221
0.048304203
0.048677523
0.045533251
0.045530758
0.046496365
0.03793398
0.03791994
0.040593094
0.019767926
0.019748815
0.025368602
0.0051414472
0.0051605868
0.0054553489
0.0041068527
0.0041171541
0.0066287689
0.0085416814
0.0085456486
0.0061782195
0.019657674
0.019658719
0.016928883
0.029183203
0.029183046
0.02697821
0.03690657
0.036906564
0.035158874
0.042547239
0.042548082
0.041331967
0.046299847
0.046301741
0.045511051
0.048728526
0.048731656
0.048217291
0.05029113
0.050296211
0.04997128
0.051305176
0.051313008
0.051083147
0.05234009
0.052366059
0.052006742
0.053492833
0.053538595
0.05498927
0.052030529
0.052049582
0.052562183
0.050838
0.050851475
0.051062315
0.050299892
0.05031099
0.050410137
0.049988386
0.04999687
0.050079967
0.049453521
0.049459559
0.049633883
0.048313115
0.0483161
0.048692961
0.045523211
0.045520719
0.04649348
0.037878119
0.037864374
0.040551079
0.019691983
0.019674091
0.025286862
0.0052183458
0.005237699
0.0054630384
0.004148735
0.0041595895
0.0067348982
0.0085569947
0.0085603093
0.0061919229
0.019661804
0.019662821
0.01693616
0.029182568
0.029182439
0.026978202
0.036906546
0.036906558
0.035158349
0.042550568
0.042551388
0.041334347
0.046307307
0.04630912
0.045517297
0.048741004
0.048744107
0.04822834
0.050311462
0.050316547
0.04998927
0.051336483
0.051344303
0.051111328
0.052391855
0.052417237
0.052048809
0.047302283
0.047283867
0.047272526
0.047295564
0.047283519
0.047301462
0.047226021
0.047210046
0.047201193
0.047211336
0.047209224
0.047222548
0.047160735
0.047146898
0.047139273
0.047149522
0.047147235
0.047159181
0.047104285
0.047092417
0.047086283
0.047095842
0.047093744
0.047104104
0.047054564
0.047044664
0.047040055
0.047049456
0.047047203
0.047056022
0.047009568
0.047001636
0.046998239
0.047008177
0.047005543
0.047012762
0.046968881
0.046962873
0.046959819
0.046970148
0.046967005
0.046972801
0.046931027
0.046927302
0.046924661
0.046935041
0.046931625
0.046935435
0.046898812
0.046897035
0.046894364
0.046904723
0.046901346
0.046903299
0.046875687
0.046875267
0.046873503
0.046879441
0.046877079
0.046877505
0.046861876
0.046862978
0.046862749
0.046865296
0.0468637
0.046862747
0.046860269
0.046861339
0.046861307
0.046861143
0.046860987
0.046859344
0.046870056
0.046869697
0.046870363
0.046865564
0.046867607
0.046867479
0.046895276
0.046893303
0.046895323
0.046885581
0.046888924
0.046890284
0.046935896
0.046931726
0.046935804
0.046920157
0.046923384
0.046926746
0.046987754
0.046980564
0.046984171
0.046969064
0.046972098
0.046977657
0.047050549
0.04703955
0.047044124
0.047025709
0.047029068
0.047037281
0.047126296
0.047112315
0.047116356
0.047097095
0.04710173
0.047112178
0.047225734
0.04720952
0.04721231
0.047187947
0.047195767
0.047209616
0.047338099
0.047315267
0.047316084
0.04729477
0.047306053
0.047325407
0.047306033
0.047339476
0.047321591
0.047374831
0.047357168
0.047319053
0.047379302
0.047352296
0.047371053
0.047230882
0.047259226
0.04724325
0.047290319
0.047274887
0.04724253
0.047274119
0.047266186
0.047281092
0.047165818
0.047189902
0.047175801
0.047217698
0.047203904
0.047176335
0.047206294
0.04719793
0.04721123
0.047109341
0.047129509
0.047117191
0.047154338
0.047141868
0.047118706
0.047146145
0.047138167
0.04715029
0.047059411
0.047075805
0.047065249
0.047097685
0.047086563
0.047067967
0.047094346
0.047085634
0.047096573
0.047013741
0.047027043
0.047018188
0.047044418
0.047035723
0.047020673
0.047048846
0.04703806
0.047047455
0.046970323
0.046981767
0.046975524
0.046994626
0.046988019
0.046975068
0.047004204
0.046992861
0.047000495
0.046929948
0.04693881
0.046934908
0.046947324
0.046942852
0.046932514
0.046960882
0.046949802
0.046955444
0.046894717
0.046902206
0.046900554
0.046906113
0.046904001
0.046895736
0.046921621
0.046910882
0.046914233
0.046871095
0.046875706
0.046875888
0.046875532
0.046875528
0.046870449
0.046886511
0.046879203
0.046880343
0.046858636
0.046859409
0.046860713
0.046856739
0.046858063
0.04685708
0.046866188
0.046860258
0.046859718
0.046857099
0.046857963
0.046859177
0.046855073
0.046856625
0.046855739
0.046858404
0.046855236
0.046854195
0.046870933
0.046869606
0.04686984
0.046869427
0.046869482
0.046871461
0.04686049
0.046864657
0.046864091
0.046904398
0.046898315
0.046896596
0.046902607
0.046900306
0.046907347
0.046882092
0.046892206
0.046893147
0.046955133
0.046943412
0.046939319
0.046952762
0.046947939
0.046960668
0.046922924
0.046936448
0.046939935
0.047012195
0.047002629
0.046994391
0.047019173
0.047010803
0.047021203
0.046982276
0.046997416
0.047004179
0.047081253
0.047071572
0.047060217
0.047096757
0.047083878
0.047092816
0.047045207
0.047066345
0.04707726
0.047161
0.047152622
0.047138631
0.047183093
0.047167564
0.047174525
0.047119112
0.04714673
0.047159801
0.047264462
0.047256688
0.047240177
0.047292478
0.047274313
0.047280953
0.047209988
0.047250737
0.047265042
0.047378401
0.047379672
0.047354376
0.047429406
0.047400361
0.047391878
0.047327692
0.047383828
0.047404222
0.047363095
0.047408171
0.047391713
0.047442125
0.047424858
0.047379159
0.047456874
0.047424607
0.047445078
0.047282642
0.047320603
0.047305619
0.0473502
0.047335254
0.047297871
0.047338238
0.047325851
0.04734165
0.047214181
0.047245344
0.047231617
0.047272937
0.047259018
0.047228467
0.047264413
0.047252685
0.047267342
0.047153473
0.047179549
0.047167115
0.047204633
0.047191921
0.047166105
0.047200207
0.04718857
0.047201834
0.047097915
0.047119417
0.047108552
0.0471422
0.047130624
0.047108965
0.047142652
0.047131203
0.047143412
0.047044708
0.047062884
0.047053462
0.047082905
0.047072684
0.047053876
0.047089537
0.047077884
0.047088883
0.046992678
0.047008889
0.047001552
0.047025005
0.04701657
0.046999485
0.047038408
0.047026091
0.047035648
0.046943451
0.046957367
0.0469521
0.046969388
0.046963056
0.046948206
0.046987969
0.046974784
0.046982302
0.046901057
0.046911301
0.046908476
0.046918345
0.046914512
0.046903621
0.046939589
0.04692678
0.046931962
0.046870422
0.046876216
0.046875714
0.046878341
0.046877051
0.04687124
0.046896543
0.046885896
0.046888638
0.046853826
0.046854663
0.046855551
0.046853476
0.046853917
0.046853329
0.046869795
0.046860286
0.046861186
0.046852762
0.046852292
0.046853597
0.046850692
0.046851349
0.046852421
0.04685942
0.046853716
0.046854229
0.046874841
0.046869702
0.046869499
0.046870844
0.046870167
0.046876315
0.046859927
0.046864375
0.046865118
0.046917934
0.04690772
0.046904972
0.0469139
0.046910554
0.046921982
0.046886304
0.046897889
0.046900456
0.046978287
0.046963412
0.046957905
0.046975821
0.046969391
0.046985054
0.046934421
0.046952376
0.046957552
0.047049348
0.047037074
0.0470279
0.04705703
0.047046773
0.047059624
0.047001502
0.047026378
0.047034507
0.04713162
0.047121977
0.047109253
0.047148764
0.047135088
0.047145405
0.047077398
0.047109339
0.047120957
0.047220769
0.047216094
0.047199768
0.047248993
0.047232669
0.047237958
0.047161843
0.047201941
0.04721619
0.04733751
0.047332155
0.047311611
0.047375879
0.047353841
0.047359603
0.047258991
0.047313155
0.04732963
0.047467087
0.047480853
0.047451448
0.047532169
0.047502366
0.047484792
0.047383358
0.047467082
0.047488743
0.047432113
0.047475437
0.04745885
0.047508319
0.047491625
0.04744955
0.047527052
0.047497344
0.047517201
0.047346858
0.04738062
0.047365356
0.047410912
0.047395785
0.047363189
0.047407105
0.047390335
0.047406592
0.047272439
0.047301042
0.047286956
0.047329597
0.047315218
0.047287883
0.047326218
0.047311795
0.047327091
0.047206703
0.047230792
0.047217569
0.047258207
0.047244317
0.047221267
0.047256193
0.047243638
0.047258359
0.047145591
0.047166495
0.047154136
0.04719266
0.047179323
0.047158908
0.047194315
0.047182941
0.047197013
0.047085197
0.047104704
0.047093536
0.047128939
0.047116323
0.047096602
0.04713667
0.047125577
0.047138884
0.047024259
0.047043726
0.047034001
0.047065385
0.047054102
0.047034117
0.047080104
0.047067688
0.047079749
0.046966506
0.046983821
0.046976201
0.047001246
0.04699203
0.046973942
0.047020929
0.047008442
0.047018471
0.046914488
0.046927765
0.046922664
0.046940099
0.046933447
0.046919275
0.046963587
0.046950855
0.04695856
0.046875633
0.046882458
0.046880108
0.046889222
0.046885485
0.046878121
0.046912316
0.046900266
0.046905496
0.046853196
0.04685387
0.046853508
0.046856648
0.046855061
0.046853912
0.046878887
0.046867662
0.046870919
0.046852565
0.046850648
0.046850562
0.046852733
0.046851694
0.046853478
0.046863519
0.046859049
0.046861957
0.046882256
0.046873511
0.046872013
0.04687859
0.046875844
0.046885089
0.046864562
0.046871297
0.046874501
0.046936943
0.046921672
0.046917443
0.04693176
0.046926275
0.04694285
0.046898148
0.046911238
0.046916373
0.047009029
0.046990569
0.0469829
0.047008244
0.046999005
0.047018588
0.046957772
0.046977381
0.046985639
0.047095012
0.047079406
0.047067916
0.047104487
0.047091562
0.047108419
0.047034178
0.047062631
0.047073712
0.047190944
0.047178112
0.04716307
0.047210589
0.047193941
0.047207925
0.04712294
0.047159445
0.04717386
0.047293713
0.047284003
0.047266166
0.047322136
0.047302659
0.047313782
0.047221476
0.047263163
0.047280582
0.047433241
0.047419795
0.047397673
0.047465729
0.047442429
0.047458706
0.047330827
0.047384738
0.047404957
0.047567059
0.047580314
0.047552649
0.047626939
0.047598752
0.047586585
0.047465389
0.047549974
0.047570599
0.047502494
0.047541477
0.04752475
0.047574762
0.047557792
0.047520557
0.047597612
0.047567332
0.047586459
0.047413843
0.047441211
0.047425997
0.047472144
0.047456394
0.047430792
0.047474455
0.047456143
0.047472767
0.047336194
0.047359034
0.047344204
0.047389358
0.047374109
0.047352962
0.0473908
0.047374551
0.047391183
0.047267549
0.047287104
0.04727247
0.047317483
0.047302174
0.047283939
0.047318261
0.047304653
0.047321173
0.047202395
0.047220903
0.047206509
0.047251661
0.047235809
0.047217614
0.047254206
0.04724258
0.04725887
0.047135933
0.047156396
0.047142321
0.047186634
0.047171091
0.047150959
0.047194033
0.047182209
0.047198126
0.04706958
0.047090433
0.047077415
0.047119093
0.047104175
0.04708295
0.047131259
0.047119627
0.047134491
0.047001497
0.047022246
0.047011133
0.047047422
0.047034095
0.047012442
0.047065505
0.04705303
0.047066544
0.046938486
0.046956021
0.046947454
0.04697636
0.046965427
0.046946713
0.046999259
0.046986828
0.046998444
0.046889195
0.046899419
0.046893894
0.046914013
0.046906223
0.046894893
0.046938716
0.04692686
0.046935979
0.046859031
0.046862711
0.046859457
0.046873174
0.046867726
0.046862499
0.046897834
0.046887679
0.046894673
0.046859019
0.046857682
0.046855524
0.046866248
0.046862659
0.04686278
0.046874065
0.0468749
0.046880785
0.046897273
0.046887022
0.046882624
0.046899838
0.046893325
0.046903302
0.046878623
0.04689078
0.046897562
0.046965467
0.046945076
0.046937856
0.046962704
0.046953169
0.046974525
0.046920824
0.046937106
0.046946394
0.047052499
0.047029466
0.047018312
0.047054896
0.047041442
0.047065786
0.046994948
0.04701631
0.047029115
0.047154159
0.047132855
0.047118174
0.047149295
0.047148442
0.047171288
0.047084675
0.047113308
0.047129017
0.04726471
0.047246435
0.047228068
0.047231652
0.04726572
0.047285627
0.047186648
0.047222812
0.047241496
0.04738013
0.047363824
0.047342559
0.047408988
0.04738599
0.047404343
0.047297037
0.047338051
0.047359234
0.047536911
0.047513125
0.047489102
0.047562339
0.047537296
0.047563773
0.047418271
0.047471709
0.047495852
0.047669007
0.047673941
0.047645935
0.047722919
0.04769267
0.047692035
0.04756509
0.04763717
0.047660686
0.047576166
0.047607664
0.047591064
0.04764079
0.04762387
0.047594373
0.047671485
0.047636876
0.047656174
0.047483218
0.047503832
0.047487961
0.047535748
0.047519727
0.04750118
0.047545296
0.047522394
0.047539223
0.047404125
0.047421323
0.047405258
0.047454008
0.047437559
0.047422079
0.047460118
0.047441275
0.047458293
0.047334785
0.047350285
0.047333747
0.047384431
0.047367197
0.047353109
0.04738775
0.047372126
0.047389706
0.047268513
0.047285035
0.047268062
0.047320922
0.047302637
0.04728714
0.047323982
0.047310813
0.047329162
0.04720156
0.047220208
0.047202917
0.047053013
0.047238339
0.047220142
0.047262997
0.047249764
0.047268664
0.047129667
0.047151889
0.047134818
0.043924197
0.046566734
0.047147218
0.047198096
0.04718443
0.045141588
0.047052952
0.047077453
0.047061552
0.042576054
0.046048753
0.047068824
0.047088943
0.045961888
0.043088743
0.046979103
0.04700209
0.046988268
0.043450539
0.047016794
0.046992761
0.047052417
0.04536601
0.042305003
0.046917938
0.046934137
0.046923535
0.046960752
0.046947013
0.046929368
0.046982462
0.045886258
0.044136842
0.046879083
0.046889357
0.046881131
0.046912499
0.046901059
0.046888221
0.046860052
0.044796216
0.04692197
0.046879582
0.046879863
0.046874142
0.046897986
0.046891045
0.046889169
0.046896639
0.043707997
0.046917146
0.046927447
0.046918141
0.046909078
0.046941971
0.046176572
0.04693914
0.046908656
0.04315723
0.044727197
0.045292374
0.046985692
0.046973239
0.040918934
0.045432065
0.044488449
0.044900541
0.044320666
0.040378172
0.043355805
0.0440234
0.047069051
0.039429896
0.042564268
0.041786045
0.04290816
0.042512331
0.039149451
0.043238937
0.042956967
0.045213191
0.03921003
0.041188071
0.041555845
0.041414576
0.041843144
0.039534756
0.044848292
0.043726397
0.045460619
0.040473405
0.042063073
0.043144513
0.042141612
0.042826927
0.040967078
0.047482617
0.046254356
0.047432891
0.043332381
0.044700599
0.045952391
0.045077594
0.045560749
0.04403895
0.047647395
0.047614184
0.047587722
0.046965024
0.04764103
0.047676601
0.04752414
0.047573785
0.047223214
0.047782954
0.047774841
0.047743737
0.04747388
0.04779598
0.047812117
0.047678218
0.047737275
0.047764302
0.047649027
0.047673857
0.04765715
0.047707144
0.047690149
0.047666748
0.047747371
0.047707124
0.047726729
0.047555355
0.047568098
0.047551842
0.047600941
0.047584438
0.047573417
0.047619386
0.047590527
0.047607963
0.047477467
0.047487682
0.047470708
0.047522468
0.047504929
0.047496346
0.047535193
0.047511059
0.04752926
0.04741104
0.047420342
0.04740219
0.047458392
0.047439162
0.047431233
0.047465171
0.047445238
0.047464694
0.046909503
0.047359937
0.04734009
0.046012661
0.047139636
0.045505675
0.047405054
0.047388073
0.047409038
0.042755053
0.043278879
0.045276633
0.040126599
0.041851785
0.041273664
0.044672786
0.044026152
0.042431856
0.039999995
0.039895912
0.042320049
0.036275926
0.038550956
0.03872657
0.04065076
0.040054007
0.03762549
0.039136138
0.038101693
0.04115431
0.034053649
0.037015088
0.037554894
0.038249889
0.037318609
0.034934194
0.040102631
0.037769053
0.041768982
0.032987002
0.036731304
0.03769768
0.037742382
0.035722257
0.033259716
0.044252559
0.040729025
0.042744731
0.034837481
0.036566893
0.037656972
0.037306743
0.034620941
0.033462003
0.04692223
0.043823736
0.043389092
0.036471652
0.036358746
0.040186743
0.035103111
0.032848631
0.034435188
0.046918524
0.046919445
0.04691063
0.046942082
0.041198703
0.037526425
0.036762853
0.034613395
0.03838068
0.040049565
0.039949922
0.039283183
0.034095166
0.033906598
0.035887582
0.035254695
0.032554957
0.033921179
0.035315392
0.035571111
0.04030301
0.0311066
0.035764515
0.035518024
0.034995687
0.034593849
0.030868586
0.035173421
0.035372283
0.03833073
0.031794719
0.034509724
0.034269407
0.034558962
0.034071883
0.031452526
0.03609548
0.035800864
0.037561186
0.032731292
0.034253513
0.034568325
0.033933284
0.034376633
0.032430607
0.038347333
0.037486901
0.03894923
0.034776757
0.036110163
0.036925031
0.035087566
0.036127419
0.034605524
0.041644431
0.040578117
0.041866759
0.038045138
0.039218502
0.040251158
0.038288682
0.039496925
0.038190367
0.045746523
0.044639994
0.045989101
0.042496348
0.04373792
0.044515583
0.042268705
0.043450404
0.042277902
0.047910112
0.045881986
0.047852482
0.043467389
0.047907541
0.047941126
0.047802653
0.047851088
0.047651583
0.047719954
0.047740735
0.04772371
0.04777448
0.047757377
0.047737272
0.047825328
0.047779143
0.047798737
0.047627616
0.047634243
0.047617525
0.047667915
0.047651028
0.047645638
0.047694299
0.047660812
0.04767867
0.04755407
0.047558449
0.047540312
0.047595692
0.047576904
0.047573592
0.047613538
0.047585581
0.047604874
0.047148235
0.047498446
0.047478328
0.047540855
0.047519299
0.046645393
0.047549094
0.04752572
0.047546935
0.040545503
0.043583757
0.04441279
0.040599913
0.042385945
0.039781404
0.044304768
0.044724295
0.043618601
0.036311038
0.037310333
0.038916166
0.034636455
0.036212236
0.0351908
0.0380648
0.038527618
0.036620462
0.032852521
0.033088695
0.035167134
0.030309598
0.032198316
0.032027178
0.034241561
0.033765068
0.031483348
0.030964226
0.030566463
0.033299269
0.027544209
0.030068999
0.029967617
0.031553507
0.030509609
0.028544536
0.030520761
0.028968127
0.032467612
0.025552529
0.028824253
0.02890863
0.030270017
0.028520017
0.026472141
0.03248738
0.030027274
0.031507314
0.026038879
0.027308409
0.027918662
0.0288874
0.026771227
0.025750758
0.036594245
0.030249199
0.031196086
0.025910997
0.026857106
0.028992975
0.026737235
0.02486905
0.026427933
0.042374684
0.045118506
0.036702177
0.039732698
0.032356834
0.027095705
0.028114427
0.026676228
0.030758321
0.029662601
0.029269568
0.029491468
0.025113989
0.026047154
0.027566163
0.026943105
0.025627242
0.025423585
0.027884116
0.027459543
0.031630458
0.024489158
0.02784711
0.028065681
0.027752217
0.027098121
0.024329987
0.028759563
0.028604277
0.031081174
0.025772842
0.027985948
0.028148429
0.027660069
0.027562494
0.025270103
0.03034144
0.029948103
0.031294792
0.02742551
0.028693357
0.029122736
0.028106922
0.028417307
0.026997295
0.032998006
0.032275352
0.033483233
0.030008578
0.031086488
0.03175784
0.029739452
0.030771537
0.029547957
0.036665803
0.035748878
0.036783838
0.033696175
0.034589823
0.035547908
0.032939233
0.034375429
0.033101405
0.041383369
0.040480676
0.041649387
0.038656741
0.039757178
0.040294106
0.037233271
0.038912183
0.03799283
0.046416574
0.04229332
0.047963559
0.040183117
0.048018027
0.047901765
0.043390278
0.044505363
0.044015051
0.047789564
0.047807678
0.047791065
0.047840268
0.04782382
0.047806263
0.047900531
0.047849513
0.047868566
0.047699412
0.047701971
0.047684857
0.047736624
0.047719269
0.047717255
0.047769419
0.047733255
0.047751471
0.047633015
0.047634064
0.047614739
0.047673397
0.047653596
0.047653052
0.047693341
0.04766402
0.047684057
0.043193044
0.045712229
0.04689425
0.043616943
0.044773222
0.042561897
0.047639038
0.047613684
0.047192735
0.036402113
0.037819276
0.039449994
0.036000575
0.036999337
0.035332703
0.040297679
0.040298621
0.038933406
0.031194543
0.032214634
0.033573883
0.030192099
0.031053439
0.030319208
0.034574412
0.03381963
0.032670305
0.027237771
0.027901795
0.029600798
0.025908728
0.027325195
0.02676804
0.029185534
0.02875671
0.026663399
0.024813207
0.024835856
0.027205537
0.022430898
0.024668494
0.024290835
0.026280298
0.025164648
0.023584671
0.023580477
0.022623225
0.025681543
0.020113381
0.022928254
0.022448318
0.024479719
0.022982277
0.021252132
0.024064933
0.02269044
0.023761236
0.019791178
0.020773894
0.021066297
0.022464049
0.020936108
0.020040517
0.031230045
0.023006764
0.02249778
0.019137733
0.019747239
0.020979776
0.020253379
0.01931799
0.019749103
0.038279635
0.035227404
0.028160719
0.027341332
0.022984567
0.019742699
0.021593499
0.026645456
0.025308944
0.022303261
0.021609307
0.023146942
0.018646189
0.020648516
0.021376446
0.02030221
0.020428797
0.019146318
0.022314414
0.021997244
0.024458785
0.019873751
0.021583672
0.022246451
0.021863167
0.021242957
0.019619777
0.023591366
0.023269713
0.025227384
0.021072737
0.02279072
0.023237515
0.022250619
0.022437992
0.020474192
0.025714861
0.025148481
0.02640403
0.023124198
0.024367049
0.024812869
0.023361601
0.023705244
0.022738342
0.028717061
0.02797646
0.028907317
0.026158572
0.026939128
0.02759252
0.025503335
0.026478705
0.025449153
0.032555054
0.031804663
0.032575551
0.030095144
0.030748164
0.031717937
0.028712348
0.030165202
0.029148408
0.037598744
0.036962732
0.037976933
0.035375667
0.036269662
0.036755954
0.033277337
0.035047662
0.034200089
0.043584438
0.039172592
0.047719092
0.03755269
0.046830401
0.045091502
0.039377045
0.040977929
0.040636661
0.047855457
0.047872226
0.04785628
0.047903466
0.047887786
0.047871193
0.047972753
0.047917702
0.047935938
0.047770336
0.047770584
0.047753733
0.047803956
0.047787221
0.047787787
0.047840545
0.04780409
0.04782125
0.047714319
0.047713375
0.04769327
0.047753619
0.04773334
0.047735422
0.047772882
0.047744694
0.047764981
0.040211414
0.042072205
0.043084584
0.040229118
0.04126716
0.039386164
0.044358092
0.044759334
0.044217466
0.031898035
0.034484518
0.035084878
0.032808467
0.034455135
0.03195632
0.036867901
0.035259998
0.034200634
0.026865704
0.028885595
0.030214527
0.026888542
0.028589503
0.026318357
0.030799094
0.028651377
0.027452546
0.022478462
0.023781824
0.025531254
0.022374392
0.023605796
0.022219331
0.025016434
0.025682509
0.023736963
0.020114376
0.020326327
0.022348653
0.018473467
0.020306321
0.019922115
0.022260474
0.020869446
0.01969661
0.01842972
0.017923622
0.020522211
0.016002411
0.018375734
0.01753215
0.01990752
0.0186341
0.017092153
0.018006935
0.01728173
0.018221343
0.015091121
0.015992435
0.015886883
0.017489549
0.016370162
0.015625812
0.028261872
0.016514505
0.017332215
0.014321878
0.015000118
0.015210353
0.015532614
0.014609316
0.015411017
0.029802592
0.02253725
0.018666321
0.019620064
0.015830089
0.014610157
0.016288003
0.023580048
0.019451828
0.016945956
0.016139742
0.018456933
0.014072389
0.016448731
0.016798695
0.015434621
0.016851493
0.014513777
0.018064942
0.018164694
0.018971715
0.016602083
0.016649411
0.017840577
0.017113408
0.016617085
0.015990061
0.019508872
0.019155999
0.020661985
0.017493937
0.018787645
0.019430604
0.018089351
0.018397819
0.016954381
0.022039639
0.021353811
0.022513482
0.019802363
0.020825797
0.021290778
0.019621137
0.020096148
0.019292535
0.025116674
0.024527744
0.025156091
0.023058732
0.023554695
0.024292032
0.022095877
0.02298804
0.022128614
0.029326743
0.028546783
0.029113344
0.027086282
0.027659767
0.028445237
0.025377767
0.026797493
0.025950025
0.034596741
0.033739925
0.034623306
0.032216681
0.03300901
0.033950827
0.030104348
0.031936312
0.031132767
0.041199641
0.036659383
0.044630912
0.035209698
0.043880366
0.042935547
0.036280265
0.038096827
0.037885517
0.047917513
0.047933816
0.047918745
0.047963255
0.047948563
0.0479322
0.048040729
0.047982805
0.047999869
0.047839315
0.047837367
0.047820712
0.047870092
0.047853791
0.047856087
0.047907042
0.047871145
0.047887392
0.046828415
0.047794867
0.047774166
0.047836346
0.047815605
0.046460403
0.047850679
0.047825585
0.04784555
0.037161405
0.038911159
0.039716381
0.038119224
0.038654225
0.036586405
0.042227483
0.04209461
0.04113588
0.029512566
0.031277755
0.032289312
0.030122919
0.03098872
0.029160494
0.034397714
0.03215895
0.031190153
0.024150288
0.025123055
0.026550131
0.023877286
0.024942665
0.023845353
0.027889232
0.025751276
0.024737509
0.019655618
0.020895732
0.022275504
0.019427786
0.020968472
0.019821156
0.022697234
0.020973299
0.019812436
0.016197695
0.016951404
0.018643028
0.015588097
0.016992614
0.016093025
0.018392089
0.018162549
0.017238369
0.01445825
0.014302384
0.016450836
0.012774546
0.014695792
0.013725719
0.016250168
0.015086871
0.013717537
0.013449493
0.013180431
0.014012507
0.011494939
0.012227037
0.011962213
0.013570602
0.012694496
0.012060669
0.021278422
0.012339922
0.013041865
0.01061751
0.011127103
0.011466428
0.011697271
0.011258372
0.01123817
0.022697764
0.017277536
0.013557136
0.015836013
0.011153601
0.010841112
0.012186247
0.015699996
0.012485745
0.013063956
0.01235103
0.014570076
0.010889348
0.012888203
0.013132201
0.013253536
0.012539083
0.010990167
0.0148304
0.015040367
0.014761084
0.013460526
0.013263841
0.014307732
0.013316588
0.013449768
0.012540692
0.016291333
0.016046904
0.017134622
0.014790882
0.015652365
0.016524786
0.014903919
0.015179959
0.014218025
0.019125899
0.018429203
0.019290877
0.017193183
0.017945613
0.018425709
0.016840841
0.017243324
0.016612919
0.022166804
0.021756951
0.022124165
0.020650703
0.020884394
0.021648528
0.019291578
0.02014751
0.019428451
0.026699995
0.025615308
0.026439415
0.024324895
0.025341368
0.025992984
0.022743065
0.023905767
0.023811075
0.03229052
0.031073824
0.031762603
0.030199857
0.030611747
0.031807369
0.027036251
0.029535837
0.028861582
0.039261398
0.03449623
0.04188759
0.033564301
0.041283807
0.041173498
0.03381627
0.035762739
0.035740595
0.047974844
0.047991497
0.047977531
0.048018605
0.048005126
0.047988085
0.048103257
0.04804366
0.048059275
0.047904994
0.047901965
0.047886159
0.047932983
0.047917525
0.047920623
0.047967763
0.04793495
0.047950537
0.045434043
0.047865311
0.047856932
0.047707302
0.047897494
0.045193067
0.047925726
0.047904893
0.047924556
0.035071134
0.037199697
0.037727268
0.036511235
0.036897044
0.034626093
0.041287229
0.039180094
0.038759517
0.027047184
0.02905893
0.029874092
0.028075442
0.028837828
0.027012907
0.032462889
0.02986542
0.029227715
0.021236696
0.022735217
0.023834035
0.021655008
0.022723573
0.021269229
0.025427373
0.023592994
0.02259069
0.017050242
0.01799948
0.019295927
0.016854305
0.018008707
0.017072215
0.020138271
0.018825275
0.017732388
0.013315417
0.014580845
0.015875503
0.013264236
0.014891051
0.013736656
0.016017014
0.01512541
0.013908706
0.011262338
0.011398988
0.01307005
0.010189307
0.011597719
0.010752826
0.012730192
0.01220865
0.010882199
0.0098761237
0.0099888793
0.010622333
0.0086340345
0.0091941216
0.0088595036
0.010453025
0.0096808148
0.0091533681
0.011262077
0.0087839836
0.0093119518
0.0075982914
0.0080499065
0.0085545757
0.0085452464
0.0082084017
0.0083660899
0.016758869
0.016594783
0.0094208549
0.014409623
0.0079643382
0.0089548411
0.0083122641
0.010983724
0.0087953997
0.010163933
0.0095993537
0.011360782
0.0084537098
0.0099969336
0.010414392
0.0125666
0.0099110891
0.0080727162
0.0123171
0.01193191
0.012059907
0.010474829
0.011099346
0.011507364
0.010495838
0.011044374
0.0098162824
0.013819216
0.013687067
0.014311274
0.01268552
0.013110711
0.014102326
0.012397083
0.012856708
0.011800311
0.016651368
0.016073154
0.016837137
0.014910947
0.016046859
0.016010269
0.014527627
0.014886723
0.01445495
0.019825388
0.019324229
0.019849016
0.017896028
0.018239046
0.01932515
0.016944401
0.018256126
0.017559673
0.024586492
0.023315716
0.023432659
0.023166521
0.023193451
0.023987155
0.021356275
0.021539259
0.021253086
0.030380702
0.02899989
0.029614299
0.028017609
0.028457733
0.030353976
0.025532523
0.027385196
0.027064391
0.038117094
0.033000486
0.039924474
0.032040589
0.039426408
0.039889198
0.031779128
0.034167848
0.034090404
0.048026597
0.048044276
0.048031658
0.048068496
0.048056529
0.048038481
0.048159048
0.048098921
0.048112754
0.047967175
0.047962999
0.047948295
0.047990803
0.047977112
0.047981889
0.048023715
0.047994854
0.04800852
0.044472102
0.047281661
0.047491014
0.04730672
0.047132977
0.044513672
0.047995244
0.047981486
0.04799936
0.033742569
0.035950456
0.036269786
0.035511309
0.035774055
0.033339644
0.040736706
0.037705163
0.037461053
0.0252141
0.027184803
0.027964079
0.026420438
0.027272646
0.025564163
0.031032822
0.028331292
0.028006072
0.019306475
0.020729215
0.021734757
0.019930455
0.020874945
0.019460176
0.023775719
0.021882218
0.020966063
0.014854043
0.015854943
0.016926793
0.014964176
0.015948796
0.014961231
0.0182097
0.016909699
0.015963142
0.011359745
0.011918287
0.013135008
0.011008886
0.01213175
0.011345422
0.01388841
0.013032993
0.011985505
0.008564641
0.0088781493
0.010248303
0.0082710904
0.0090495149
0.0081545348
0.010883862
0.010106654
0.0089960643
0.0070893581
0.0074095923
0.0079099896
0.006304754
0.0067799239
0.0063927163
0.0079567179
0.0072431373
0.0067806703
0.0076076781
0.0064269964
0.0067818106
0.0054003098
0.0058337626
0.0059580065
0.0060970712
0.0058026653
0.005663169
0.0070311828
0.012261027
0.0073812624
0.010013829
0.0070691564
0.0077974707
0.0055311879
0.0083329892
0.010688269
0.0077213473
0.0074267097
0.0088080941
0.0065215321
0.0076896708
0.0082238255
0.0089184219
0.0075777174
0.0060051232
0.01023575
0.0092918216
0.010264911
0.0083766149
0.0093671646
0.0094167586
0.0082835726
0.0090266889
0.0078494902
0.012093762
0.011768268
0.01208041
0.010984728
0.011161005
0.011940729
0.010395273
0.010846864
0.01005253
0.014850981
0.014017163
0.014784137
0.013310075
0.013616843
0.014930256
0.012501567
0.01305444
0.013248724
0.018295506
0.017671294
0.017898982
0.017269085
0.017639038
0.017737028
0.015218785
0.016017612
0.015427054
0.022341377
0.022697172
0.022749013
0.021716892
0.022125674
0.02220055
0.018560907
0.02010224
0.019780126
0.028549978
0.027249067
0.027434751
0.026948156
0.027031001
0.028494277
0.023780255
0.025935879
0.025595982
0.037270142
0.031642415
0.037934029
0.031011888
0.03753602
0.038601341
0.030824323
0.032849176
0.032691785
0.04807201
0.048091129
0.048080047
0.048112109
0.048101819
0.04808222
0.048207513
0.048147618
0.048159489
0.048023286
0.048016951
0.048004088
0.04804133
0.048029387
0.048036194
0.048071429
0.048046764
0.048058546
0.044457199
0.047455941
0.047268069
0.048065075
0.048047984
0.044254224
0.048056832
0.048050574
0.0480671
0.032999128
0.035296257
0.035312411
0.035297128
0.035124969
0.032866884
0.041262141
0.037385501
0.037063787
0.024064674
0.025799145
0.026753651
0.025355217
0.026304011
0.02447725
0.03024447
0.027394285
0.027336974
0.017868387
0.019255928
0.020129528
0.018712328
0.019507511
0.018121037
0.022756354
0.020627963
0.019870978
0.01317497
0.014186364
0.015089663
0.013513998
0.014330825
0.013315984
0.016747916
0.015409124
0.014614503
0.0094492633
0.010172848
0.011156116
0.0094504528
0.010313119
0.0094882491
0.012189662
0.011248632
0.010397934
0.0067408511
0.007335427
0.0085061474
0.0062204984
0.0075574321
0.0067055852
0.0087848843
0.0077718265
0.0071265438
0.0049390614
0.0053141424
0.0057350928
0.0043857218
0.0048093384
0.0044144539
0.005761457
0.0051674248
0.0047374634
0.0046299585
0.0041215076
0.0047851348
0.0033651411
0.0038970479
0.0046513248
0.0041449088
0.003821922
0.0036757856
0.0045821746
0.0062277572
0.0059419811
0.0037028698
0.0044793054
0.006346295
0.0036699446
0.0059815271
0.0069831779
0.0061399042
0.0058239998
0.0066376522
0.0052575773
0.0055656391
0.0060895723
0.0054942409
0.0054833168
0.0045272966
0.0086044678
0.0076306377
0.0084375863
0.0070032457
0.007586091
0.0076796913
0.0064051805
0.0071269718
0.0063722148
0.010889449
0.010120112
0.010342245
0.0099416836
0.0092586541
0.010036207
0.0085601547
0.0093510534
0.0085698517
0.013460456
0.012714498
0.013078901
0.012175727
0.012248287
0.013158347
0.011096496
0.01169562
0.011267157
0.016930111
0.016420941
0.016946639
0.015678001
0.016079225
0.016523269
0.013827926
0.014713481
0.014278404
0.021494856
0.020743615
0.021117111
0.020127196
0.020348871
0.021345765
0.01747222
0.018743874
0.018574999
0.027731543
0.026841444
0.026867097
0.026359637
0.026908019
0.027621293
0.022630999
0.024854829
0.024429072
0.036587076
0.03087014
0.03633006
0.030864986
0.036205559
0.037731635
0.029631006
0.032249906
0.032059046
0.048110477
0.048131374
0.048121989
0.048149015
0.048140411
0.048118939
0.048248169
0.048189025
0.048198908
0.048072173
0.048063778
0.048052812
0.048084273
0.048074288
0.048083161
0.04811094
0.048090849
0.048100555
0.045875308
0.048098607
0.04808215
0.048130044
0.048114672
0.045885208
0.048108938
0.048112858
0.04812682
0.032904436
0.035424548
0.03502574
0.035675606
0.034990618
0.032882093
0.041704126
0.03771103
0.037733275
0.023510252
0.025193857
0.026009556
0.02515861
0.025731929
0.024038999
0.029885385
0.027393814
0.026826619
0.016831079
0.018185431
0.018974504
0.017896294
0.018614614
0.017207616
0.022293118
0.01999521
0.019235592
0.01192645
0.012964292
0.01367084
0.012458569
0.01309324
0.012038533
0.015734037
0.014293532
0.013629909
0.0079821099
0.0088058861
0.0095555665
0.00827333
0.0088923102
0.0080423626
0.010901719
0.0098543526
0.0092329666
0.0051546965
0.0056065841
0.0065131354
0.0050123683
0.0058255275
0.0048824765
0.007219
0.0063391038
0.0057809942
0.0031668741
0.0036561921
0.0039057355
0.0031797786
0.0032757502
0.002852527
0.0045056199
0.0039533776
0.0035671329
0.0021291157
0.0024745286
0.0031265947
0.0016850102
0.0022683243
0.0021085225
0.0025025263
0.002199759
0.0021543255
0.0029935716
0.0028923612
0.0034949426
0.0021872455
0.0029498385
0.0033613059
0.0021500299
0.0039168734
0.0039314685
0.0049697265
0.0046520624
0.0047100096
0.0040547999
0.0040783174
0.0046479713
0.0037995558
0.0038253583
0.0034889923
0.0072968879
0.0064974758
0.0068060975
0.0059390349
0.006053723
0.0066182643
0.0051725062
0.0058662008
0.005119289
0.0096869182
0.0092648582
0.0089217791
0.0083659304
0.0083023022
0.0091060187
0.0073097804
0.0076843034
0.0079854828
0.01242315
0.011681954
0.011647277
0.011260866
0.011147777
0.01196849
0.0098051353
0.010525695
0.010327379
0.01587548
0.01520154
0.015398951
0.014741871
0.014835401
0.015697775
0.012776852
0.013763098
0.013459642
0.020689397
0.019556282
0.019867781
0.019151036
0.019422497
0.02052687
0.016618857
0.017849723
0.017640501
0.027320875
0.025786286
0.026139417
0.025544773
0.025760777
0.027318508
0.02193365
0.023699172
0.023562132
0.035967862
0.031121886
0.035725954
0.031201907
0.035871559
0.037013977
0.028664731
0.031809185
0.031929112
0.048141953
0.048165138
0.04815732
0.048179311
0.048172487
0.04814864
0.04828146
0.048223245
0.048231025
0.04811286
0.048102926
0.048093841
0.048119384
0.04811143
0.048121683
0.0481422
0.048126672
0.048134183
0.047834849
0.048159104
0.048144905
0.048185777
0.048172836
0.047830184
0.048152004
0.048165238
0.048176531
0.033459487
0.036205868
0.035135666
0.036513297
0.035674675
0.033793541
0.043104823
0.038961794
0.03886951
0.023021329
0.025431248
0.025504123
0.025781381
0.02536487
0.024481157
0.030983671
0.027652943
0.028238043
0.016248167
0.018474701
0.019651928
0.021316198
0.021327095
0.020847255
0.022147144
0.021087008
0.021011148
0.01101609
0.012146016
0.012692461
0.013362757
0.014290048
0.013035319
0.018757116
0.017219251
0.014830737
0.0069446859
0.0078172444
0.0083217413
0.0074732841
0.0078838639
0.0069946874
0.010691346
0.009311351
0.0084781354
0.003996004
0.0045480542
0.0051427103
0.0041584032
0.0045912645
0.0038270592
0.0061152832
0.0052687961
0.0048932608
0.0020693539
0.0025592311
0.0027416988
0.0019638538
0.002119189
0.0019129838
0.0034019779
0.0026538533
0.0025398328
0.0022726634
0.0011672034
0.0024808888
0.00068560034
0.0015449202
0.0013584666
0.0014363025
0.0011151961
0.00097260908
0.0020177638
0.0016361791
0.0024654723
0.001291853
0.0020070336
0.0021744944
0.0011131964
0.0015800456
0.0010784979
0.0037409233
0.003556256
0.0035869314
0.0030655703
0.0030847923
0.0039085344
0.0023895904
0.0027792152
0.0026860769
0.0060951799
0.0053728496
0.0058104462
0.0049969621
0.0053937963
0.0057569399
0.0043401025
0.0047153526
0.0045038565
0.0084585437
0.0078402657
0.0079495783
0.0074361407
0.0077368317
0.0084382741
0.0063586095
0.0069151325
0.0069045148
0.011516008
0.01081394
0.01077267
0.010409002
0.01051535
0.011284597
0.0090543292
0.0096849895
0.0096347966
0.015115297
0.014440687
0.014338897
0.014222577
0.013944326
0.015057455
0.012127793
0.012942555
0.012904555
0.020127874
0.018816002
0.019133086
0.018579498
0.01894395
0.020076048
0.016030927
0.017260964
0.01711219
0.027274155
0.025420604
0.025512169
0.025404482
0.0254018
0.027322356
0.021400906
0.023272831
0.023209624
0.036749943
0.031537648
0.03555798
0.032358179
0.036456676
0.038701191
0.028637219
0.03164867
0.031857174
0.048165998
0.048191656
0.048185745
0.0482023
0.048197206
0.048170868
0.048306923
0.048249595
0.048255401
0.048144424
0.0481337
0.048126788
0.048145929
0.048140086
0.048150884
0.048165002
0.048153383
0.048158702
0.048207945
0.048209737
0.04819803
0.048231163
0.048220558
0.0482207
0.048185271
0.048207184
0.048215917
0.036013981
0.036766676
0.036872853
0.03868184
0.037222998
0.033103375
0.046372526
0.041916922
0.041396449
0.023994675
0.024548569
0.025902296
0.022470508
0.02973175
0.043422664
0.029413396
0.027184942
0.034037103
0.023720403
0.024565425
0.024572422
0.031993296
0.032248288
0.030947132
0.039052606
0.031560188
0.031661225
0.014561312
0.017732285
0.018239564
0.022308279
0.022450449
0.020407037
0.027996947
0.024892179
0.024690954
0.0066667993
0.0083758017
0.0096974526
0.012931733
0.013967798
0.011726793
0.018145586
0.015995172
0.015705054
0.0032446864
0.0038756764
0.00416005
0.0046657692
0.0056051655
0.0042369332
0.0092652298
0.0074829825
0.0062239342
0.0032441192
0.0028024779
0.0028950949
0.0025715851
0.0025082661
0.0031391931
0.0017419968
0.0023245008
0.0020198451
0.0054058132
0.0047842881
0.0050312872
0.0046757238
0.0046846358
0.0053353937
0.0037237969
0.0039663853
0.0042909467
0.0078576916
0.0071836614
0.0074728801
0.0070208571
0.0071839993
0.0078740085
0.0057939784
0.006413868
0.0065009541
0.010788006
0.010062829
0.010347241
0.0098080013
0.010211288
0.010942331
0.0083616586
0.0090632131
0.0091882643
0.014811258
0.01405103
0.01363537
0.013898186
0.013425348
0.014591853
0.011676232
0.012336042
0.012627582
0.019918195
0.018469487
0.018799166
0.018479016
0.018675375
0.020024264
0.015695522
0.016952444
0.01683468
0.027454377
0.025480135
0.025446221
0.025562389
0.025634468
0.027628463
0.021243255
0.023397843
0.023126332
0.037999028
0.032861608
0.036426049
0.033448567
0.037025919
0.039715548
0.029281314
0.032042433
0.032406692
0.048183183
0.048211475
0.048207106
0.048218989
0.048215466
0.048186458
0.048325716
0.048269119
0.048273168
0.048167143
0.048156194
0.048151384
0.048164383
0.048160666
0.048171642
0.048180195
0.048171631
0.048174959
0.04825416
0.048249723
0.048240662
0.04826577
0.048258665
0.04826488
0.04820889
0.048238635
0.04824508
0.034722909
0.039550728
0.036503892
0.043103397
0.037711235
0.043192788
0.04824626
0.047312788
0.039264455
0.025433243
0.0277777
0.023032078
0.023710569
0.025730408
0.027175078
0.034383632
0.027692431
0.030137281
0.019348559
0.021085813
0.014384172
0.018003716
0.019261206
0.017744113
0.022483977
0.0219754
0.018731912
0.0123084
0.013744541
0.0098840772
0.012110642
0.01268581
0.011362842
0.015988562
0.014221643
0.013539811
0.0071380113
0.0081808596
0.0060023004
0.0072945253
0.0076008586
0.0066331769
0.010031858
0.0087656009
0.0083996526
0.0034586493
0.0041542742
0.0030838722
0.0038323832
0.0039598858
0.0032621031
0.0056565826
0.0047976643
0.0046222564
0.0028792617
0.0024427398
0.0024322883
0.0024979189
0.0024286254
0.0030373544
0.0016512777
0.0020643226
0.0020805559
0.0048844117
0.0045687293
0.0044387602
0.0044374336
0.004410291
0.0052668766
0.0036103739
0.0039241725
0.0038619501
0.0076799285
0.0068769648
0.0069730262
0.0067497731
0.006916185
0.0075175839
0.0056904108
0.0060826255
0.0063265501
0.010489129
0.0096915742
0.010063226
0.0096779306
0.009920061
0.010756052
0.0080812137
0.008829792
0.0089520196
0.014686044
0.013782507
0.013319376
0.01368049
0.01328325
0.014515063
0.011321684
0.01213336
0.012367523
0.020041635
0.018631685
0.018549418
0.018761562
0.018477305
0.020157474
0.015532317
0.016885378
0.016865787
0.028071249
0.025825015
0.025901267
0.026076379
0.026195543
0.028250546
0.021431261
0.023634272
0.023552341
0.039743148
0.03438052
0.037188744
0.03494709
0.038169339
0.041688563
0.029948692
0.0329072
0.033410466
0.048194121
0.048225004
0.048222215
0.048229683
0.048227522
0.04819598
0.04833857
0.048282091
0.04828459
0.048181997
0.048170666
0.048167832
0.048175149
0.048173072
0.048184295
0.048188523
0.048182099
0.048183703
0.048293657
0.048282105
0.048273266
0.048290056
0.048286883
0.048297899
0.048222134
0.048258496
0.048261489
0.03286155
0.042407763
0.039286028
0.042310833
0.043306938
0.048174756
0.048288392
0.046057347
0.039777495
0.025101069
0.034097724
0.024033569
0.03237752
0.035596343
0.026568594
0.03403603
0.031860273
0.03207524
0.017539446
0.019248709
0.01907171
0.019866019
0.019382075
0.017659409
0.024464944
0.021062324
0.021878652
0.011148046
0.01245336
0.012277338
0.012927987
0.012672877
0.011340687
0.015952372
0.01416451
0.014445553
0.006601682
0.0075299857
0.007421098
0.0079011083
0.0077087185
0.0067518
0.010068653
0.0088232765
0.0090305681
0.0034016422
0.0040852638
0.0039571475
0.0044757811
0.0042687373
0.0035210904
0.005839312
0.0049709067
0.0051857464
0.005001952
0.0044850157
0.0045117851
0.0048364053
0.0044664341
0.0049861125
0.0041011197
0.0040123346
0.0041875611
0.0072092019
0.0067382339
0.0069255149
0.0068926533
0.0069138983
0.0080517869
0.0056121746
0.0063498552
0.0061673554
0.010453125
0.0097853899
0.0097636756
0.0099732643
0.0095889218
0.010708546
0.0081386693
0.0086736138
0.0091449368
0.014766188
0.013619999
0.01336364
0.013634378
0.013541671
0.014596923
0.011554552
0.012350471
0.012420986
0.020370535
0.018998407
0.018560944
0.019395783
0.018684026
0.020684635
0.015969422
0.017090681
0.017194593
0.029249061
0.02659018
0.026598284
0.027216506
0.027062596
0.029215178
0.022041463
0.024175544
0.024395358
0.041164332
0.035996573
0.038353731
0.037379681
0.039822931
0.044121198
0.03127275
0.03453402
0.034989214
0.048199925
0.048233225
0.048231612
0.048235776
0.048234645
0.048200813
0.048346784
0.048289795
0.048291139
0.048189443
0.048178062
0.048176796
0.048179685
0.048179253
0.048189759
0.048191521
0.048186673
0.048186528
0.04831813
0.048294391
0.048292592
0.048300501
0.048301361
0.048323259
0.048226361
0.048270483
0.048272225
0.046976513
0.04826906
0.0436662
0.048290632
0.04827898
0.045728135
0.048318189
0.048305422
0.048314883
0.027847555
0.031303919
0.031315277
0.0318222
0.031369586
0.028639091
0.038579226
0.035175366
0.036551451
0.018828282
0.020694109
0.020284469
0.021797836
0.021205184
0.019306393
0.026505688
0.023441167
0.024119409
0.012139843
0.013545151
0.013218826
0.014294991
0.013898296
0.012471385
0.017439324
0.0155147
0.015939597
0.0074174267
0.0084023808
0.0081507416
0.0090165914
0.0087055546
0.0076649547
0.011144836
0.0098284012
0.010155811
0.0043927699
0.0049377134
0.0047183782
0.0054282713
0.0052019349
0.0046343489
0.0067994659
0.0059097614
0.0062634014
0.0056074971
0.0048419172
0.0044656173
0.0047950963
0.0054389422
0.0078338687
0.0040667292
0.0042005514
0.0042315018
0.0072674008
0.0073140055
0.0068340441
0.0079130637
0.0065321455
0.0082706135
0.005952646
0.0054509818
0.0053867706
0.011315906
0.009866125
0.0095646021
0.0094145273
0.010102456
0.01013297
0.009144902
0.0091230815
0.0088723134
0.015260649
0.013745064
0.013745335
0.01383293
0.014049611
0.015233976
0.011955955
0.013026165
0.012165985
0.021086734
0.019944143
0.018728699
0.02044649
0.018861529
0.021354166
0.01579486
0.01777982
0.017670646
0.030981306
0.02789762
0.027540834
0.028598702
0.028132824
0.030658959
0.022995944
0.024925846
0.025662245
0.044014579
0.03911333
0.040231309
0.041497059
0.041891035
0.047818877
0.03293917
0.036308058
0.037465602
0.048201956
0.048237329
0.048236715
0.048238121
0.048237866
0.048202024
0.048351578
0.048293378
0.048293781
0.048191116
0.048181289
0.048179471
0.048180382
0.048181033
0.048190864
0.048190863
0.04818597
0.048185092
0.048326828
0.048304556
0.048299594
0.048305722
0.048305094
0.048328695
0.048229239
0.04827192
0.048275003
0.047451632
0.048311379
0.048301502
0.048327372
0.048319961
0.048273969
0.048333868
0.048337741
0.048343194
0.031601406
0.033415705
0.032523223
0.035936833
0.034590126
0.032726842
0.045039963
0.039581346
0.040886993
0.021006657
0.022999846
0.022407472
0.024211421
0.023602345
0.021610294
0.029360986
0.026452895
0.027282307
0.013638817
0.015172621
0.014707805
0.016190609
0.015647993
0.014111782
0.019452508
0.017424085
0.017968379
0.0086951225
0.0097384899
0.0093756314
0.010547792
0.010157654
0.009044637
0.012713648
0.011303965
0.011755898
0.0075756871
0.0048955191
0.0040411092
0.0054943052
0.005850496
0.0074826022
0.0047107145
0.0052654349
0.0054661347
0.0081650722
0.011493191
0.0063851414
0.0072828637
0.0092381195
0.0085510236
0.0070351048
0.0081512677
0.0057892438
0.010456124
0.010205
0.010324154
0.0085110164
0.0094952878
0.012114875
0.010041511
0.0088595576
0.011256683
0.014710519
0.014577358
0.014453071
0.013418573
0.012469869
0.015599072
0.012608734
0.011109114
0.018936675
0.023514779
0.020697516
0.01932069
0.01987283
0.020285644
0.020495899
0.019655001
0.019250457
0.01579811
0.032609686
0.029188499
0.028969481
0.029776795
0.030028317
0.032966358
0.025092907
0.025302208
0.028081244
0.048298789
0.04346746
0.041970559
0.045784127
0.044257476
0.049055647
0.034791111
0.039203718
0.039978173
0.048201289
0.048238277
0.048238297
0.048238007
0.048238159
0.048200686
0.048354228
0.048294048
0.04829395
0.048189548
0.048178704
0.048179612
0.048177728
0.048178556
0.048188179
0.048186681
0.048182383
0.048181247
0.048334313
0.048306779
0.048306226
0.048308413
0.048307753
0.048335137
0.048223438
0.048271168
0.048270474
0.048300589
0.048339624
0.048333908
0.048348854
0.048344531
0.048307738
0.048344457
0.048355244
0.048357932
0.035509332
0.039099491
0.037545241
0.041769057
0.0403256
0.036423457
0.048248394
0.045590321
0.046901592
0.023587544
0.025627649
0.024898473
0.027371855
0.02647307
0.024359549
0.033060402
0.029653395
0.03057506
0.015659934
0.017358879
0.016724874
0.01866007
0.01795369
0.016284198
0.022019908
0.019919037
0.020607602
0.010399845
0.011488326
0.011029964
0.012525814
0.012050264
0.010958912
0.014779583
0.01330357
0.013854452
0.0065048306
0.0061265557
0.0062552603
0.0060103965
0.0057921001
0.0065765415
0.0050819449
0.0054848282
0.0056738594
0.0080016311
0.0077458396
0.0085613771
0.0081489893
0.0079616571
0.0089685246
0.0069049623
0.0075015008
0.0076145102
0.010627544
0.012530458
0.0099909689
0.011054166
0.010968404
0.011226279
0.010391056
0.011623055
0.011070023
0.014945325
0.013159248
0.016384244
0.018840393
0.016004698
0.018544261
0.013969538
0.013829752
0.011208004
0.018912989
0.017595648
0.023816418
0.022158274
0.01796429
0.023689093
0.017612894
0.018421425
0.014646206
0.033806591
0.031464983
0.030858632
0.028005283
0.026383483
0.038006443
0.022673872
0.034580057
0.022209931
0.049090369
0.04756934
0.046193443
0.04790991
0.048951946
0.049101242
0.037947696
0.044261536
0.040704571
0.048199093
0.048237497
0.04823771
0.048236846
0.048237147
0.048198577
0.04835614
0.048293229
0.04829297
0.048185016
0.048175175
0.048176401
0.048173217
0.04817438
0.048184226
0.048182741
0.048178669
0.048177157
0.048335429
0.048307775
0.048308364
0.048305968
0.048306938
0.048335251
0.048218993
0.048266826
0.048265129
0.048325703
0.048356125
0.048352686
0.048362107
0.048359284
0.048330791
0.048349215
0.048363264
0.048364503
0.039804669
0.044562027
0.043190047
0.04755234
0.046018327
0.041181174
0.048280529
0.048203111
0.048211832
0.027035435
0.029426527
0.028324839
0.031818639
0.030589223
0.028056153
0.037811384
0.03396802
0.03525497
0.018308873
0.020165813
0.019420877
0.021832948
0.020996352
0.01905739
0.025427451
0.023093126
0.024028252
0.012494622
0.013700909
0.013173981
0.015037974
0.014422789
0.013243586
0.017341613
0.015831678
0.016515038
0.0069285955
0.0064853313
0.0062581032
0.0069081154
0.0066932365
0.0070798048
0.0057468622
0.0061605289
0.0063597795
0.0090247528
0.008485668
0.0082642018
0.0091142226
0.0088121023
0.0091448523
0.0074470507
0.0080570154
0.0081822731
0.013698915
0.011374597
0.011398953
0.012002488
0.011740048
0.012731971
0.0099293531
0.010536862
0.010781427
0.017680512
0.015408448
0.015512868
0.01743144
0.016310631
0.017047924
0.013682186
0.01542035
0.015523678
0.020770176
0.023570987
0.021752229
0.022790105
0.022649001
0.023853738
0.018777855
0.020331299
0.020467194
0.039049717
0.036554635
0.035073675
0.035074111
0.035708656
0.044316848
0.027103747
0.02524758
0.024143848
0.049128996
0.042933058
0.048975619
0.04901251
0.046202197
0.049134746
0.040837577
0.0357311
0.048840614
0.048196587
0.048236174
0.048236488
0.048235969
0.048235918
0.048197625
0.048358471
0.048292199
0.048292129
0.048181016
0.0481711
0.048172205
0.048168757
0.048170079
0.048179513
0.048178125
0.048172598
0.04817086
0.048334244
0.048303704
0.048304828
0.048301257
0.048302474
0.048333761
0.048211388
0.04825977
0.048257956
0.048343726
0.048366952
0.048364702
0.048370659
0.048368959
0.04834723
0.048351583
0.048367607
0.048368458
0.046103591
0.048117038
0.048107351
0.048133709
0.048125798
0.047938488
0.048305241
0.048233628
0.048239481
0.031435967
0.034435421
0.033100304
0.037252043
0.035815741
0.032669638
0.043725819
0.039523023
0.041067095
0.021607267
0.023692156
0.022753322
0.025756377
0.024704176
0.022458431
0.029657239
0.027091497
0.028254928
0.015023145
0.016537869
0.015786945
0.018194139
0.017272012
0.015852116
0.020485375
0.018835782
0.019716022
0.0075888981
0.0073198176
0.0071041954
0.0077614992
0.0075387665
0.0078050107
0.0068261186
0.0070752633
0.0073159117
0.0099109066
0.0094861793
0.0093270264
0.0097987658
0.0096360499
0.010221817
0.0085232754
0.0088482221
0.0091690987
0.013295529
0.012413123
0.012204467
0.012861641
0.012632361
0.013586735
0.010989995
0.01162179
0.011906453
0.018491422
0.016425453
0.017124641
0.017171828
0.016796143
0.018717904
0.014656385
0.015858965
0.016329147
0.025835859
0.02558368
0.024264772
0.023591558
0.024711898
0.027970712
0.019941582
0.02188101
0.022372113
0.036831172
0.030732642
0.029465263
0.043550997
0.048043617
0.037568818
0.027774693
0.032228978
0.03088957
0.04916413
0.04902587
0.049020334
0.049043697
0.049035909
0.049171678
0.039602671
0.048874977
0.048887574
0.048197595
0.048235705
0.048235913
0.048235577
0.048235502
0.048197072
0.048362185
0.048292326
0.048292525
0.048175576
0.048165539
0.048167099
0.048162809
0.048164153
0.048174381
0.048174823
0.048166434
0.04816508
0.048332175
0.048298774
0.048300009
0.048296292
0.048297507
0.048331589
0.048205217
0.048252584
0.048250862
0.048355347
0.048373353
0.048372138
0.048375169
0.048374364
0.048357346
0.048353358
0.048370302
0.048370638
0.048015163
0.048147209
0.048140813
0.048158135
0.048152953
0.048022925
0.048320647
0.048253305
0.048256873
0.036688446
0.040302316
0.03874626
0.043662501
0.041945563
0.038169882
0.047865295
0.046158914
0.047651219
0.025596206
0.028039253
0.026853712
0.030566487
0.029232556
0.026542318
0.034722056
0.031932801
0.033371754
0.017859557
0.019966057
0.018902406
0.021835148
0.020699719
0.019036625
0.024291033
0.022385568
0.023420529
0.0070483799
0.0071901337
0.0069598878
0.0075719043
0.0074227214
0.0072289023
0.0087558369
0.0075322602
0.0073894705
0.0086189779
0.008169267
0.0079589146
0.0085753974
0.0083635855
0.0088790432
0.0077458807
0.008017726
0.0081944963
0.011077877
0.010238149
0.0099965481
0.010776347
0.010505655
0.011307153
0.0093833948
0.0099955636
0.010175496
0.014562835
0.013355039
0.013092414
0.013869721
0.013603973
0.014923335
0.011850895
0.012791917
0.013041921
0.020156611
0.017994991
0.017602979
0.018683923
0.018356891
0.020600754
0.015871847
0.017008012
0.017181052
0.027357776
0.025350398
0.024012008
0.027318117
0.026568243
0.028846455
0.022597532
0.023832255
0.024341596
0.04851521
0.038825161
0.037285964
0.041787759
0.040643446
0.046805129
0.031128292
0.035075667
0.036134421
0.049189761
0.04905554
0.049050057
0.049063606
0.04905674
0.049191073
0.048735957
0.048919371
0.048927284
0.04819709
0.048235791
0.048235555
0.048238327
0.048237741
0.04819724
0.048368156
0.04829427
0.048295289
0.04817099
0.048160399
0.048161547
0.048158603
0.048159434
0.048170027
0.048174066
0.048161931
0.048161618
0.048329659
0.048293859
0.048295053
0.048291474
0.048292644
0.048328926
0.048200573
0.048246223
0.048244828
0.048361654
0.048376289
0.048375804
0.04837689
0.048376643
0.048362669
0.048353857
0.048370945
0.048370875
0.048042414
0.048167069
0.048162823
0.048174423
0.048170926
0.048047758
0.048328912
0.048265389
0.048267673
0.043078538
0.047384919
0.045503338
0.047402827
0.047394301
0.044932868
0.04789624
0.047677199
0.047684358
0.030373179
0.033362652
0.031866984
0.03647791
0.034798261
0.0313825
0.040934404
0.037845573
0.039622197
0.021119674
0.023877178
0.022635301
0.026120045
0.024618451
0.022437947
0.028854973
0.026400796
0.027994014
0.0077099765
0.0078505128
0.0077363898
0.0080987371
0.0080121098
0.007837356
0.0086122673
0.0079238141
0.007902009
0.0096318834
0.008976547
0.0087696912
0.0093574832
0.0091488166
0.0098266099
0.0083625713
0.0086408049
0.00875849
0.01192375
0.011286376
0.011044321
0.011699616
0.011504482
0.012126556
0.010119538
0.010662965
0.010839032
0.015812386
0.014398638
0.014118735
0.01497504
0.014674632
0.01603269
0.012801692
0.013707861
0.013921083
0.021556723
0.019264186
0.01895903
0.019912328
0.019579481
0.021840709
0.017061294
0.017968299
0.018326691
0.032158488
0.028043942
0.027717858
0.02866228
0.028323219
0.032564433
0.023519816
0.025351552
0.02564854
0.048568215
0.043789463
0.042672339
0.045812993
0.04490952
0.048579856
0.035039636
0.03932627
0.039889542
0.049198609
0.049067027
0.049065262
0.049077914
0.049072067
0.049199055
0.048773984
0.04894666
0.048953912
0.04819788
0.048241006
0.048239209
0.048242961
0.048241731
0.048198963
0.048376457
0.048297254
0.048299678
0.048167431
0.048157111
0.048157846
0.048155854
0.048156469
0.048166662
0.048173755
0.04816022
0.048160012
0.048326503
0.048289107
0.048290274
0.048286768
0.048287918
0.048325631
0.048196856
0.048241038
0.048239896
0.048364919
0.048377114
0.048377038
0.04837706
0.048377112
0.048365472
0.048352931
0.048370347
0.048370089
0.048060856
0.048180445
0.048177591
0.048185274
0.048182998
0.048064333
0.048333692
0.048273335
0.048274877
0.047075106
0.047417528
0.04741054
0.047429497
0.047423818
0.047082484
0.047917088
0.047702069
0.047706851
0.036306577
0.039966753
0.038028959
0.043840973
0.041632167
0.037044833
0.046621856
0.0451863
0.046008146
0.023980908
0.028140749
0.026756573
0.02940889
0.029656839
0.027511873
0.033938313
0.031021289
0.032967255
0.0082643005
0.0084222233
0.0083169784
0.0091276297
0.0090168151
0.008529185
0.0092329318
0.009216264
0.0093179413
0.010265823
0.0097941856
0.0095498391
0.010268049
0.010013805
0.010421465
0.0092014552
0.0091602178
0.0093428656
0.012697724
0.012016257
0.011857114
0.012355146
0.012143857
0.012903146
0.010992574
0.011439984
0.011637024
0.01664607
0.015544311
0.015254801
0.016135891
0.015849334
0.016917452
0.013891159
0.014665828
0.014909706
0.022814622
0.020577441
0.020291938
0.021260873
0.020945941
0.023178556
0.01802983
0.019434354
0.01974181
0.033614374
0.029581976
0.029092156
0.030733301
0.030115925
0.033963853
0.024750951
0.026762522
0.027293868
0.048610596
0.047482966
0.046701139
0.048400102
0.048272149
0.04862048
0.036989014
0.041015881
0.041368555
0.049207316
0.049089024
0.049083524
0.049099355
0.049093618
0.049210256
0.048807925
0.048973539
0.048980382
0.048203828
0.048243776
0.048243601
0.048248911
0.048245562
0.048205367
0.048387329
0.048304194
0.048306847
0.048164963
0.048154713
0.048155351
0.04815402
0.048154254
0.048164873
0.048176599
0.048158523
0.048158561
0.048322991
0.048284501
0.048285604
0.048282417
0.048283422
0.048322125
0.048193992
0.048237027
0.048236304
0.048366704
0.048376796
0.048376947
0.048376352
0.04837659
0.048366969
0.048350983
0.04836915
0.048368788
0.048072575
0.048189011
0.048187266
0.048191784
0.048190502
0.04807467
0.048336758
0.048278531
0.048279447
0.047100485
0.047439125
0.047434581
0.047446747
0.047443191
0.047105256
0.047930336
0.047718349
0.04772133
0.043311256
0.045240687
0.045230141
0.045259423
0.045250361
0.044277016
0.046650669
0.046034041
0.046041214
0.031327152
0.0318828
0.034278628
0.038298851
0.035652374
0.030351914
0.042918263
0.040537567
0.036192965
0.0094134658
0.0097582995
0.0096520173
0.0098086659
0.0097084733
0.0092817153
0.010023237
0.0099182392
0.010116128
0.010894496
0.0107781
0.010535104
0.011266899
0.011032977
0.011043864
0.010117124
0.0098984998
0.010061961
0.013625434
0.012788941
0.012501111
0.013345233
0.012998384
0.013934802
0.012000089
0.012392271
0.012597654
0.01772353
0.016682556
0.016425141
0.017218789
0.016974556
0.018040204
0.014901741
0.015720581
0.015987828
0.024326988
0.021927714
0.02158248
0.022691675
0.022280885
0.024709709
0.0194132
0.020597026
0.020935207
0.034950896
0.031834373
0.031273122
0.033026696
0.032388223
0.035319871
0.026638431
0.02893301
0.02956552
0.048650972
0.048426
0.048413143
0.048451469
0.048438727
0.048661181
0.03894496
0.042689676
0.043426626
0.049221559
0.049110537
0.049104488
0.04912191
0.049115411
0.049223332
0.048841421
0.049000973
0.049008417
0.048212648
0.048253498
0.048251716
0.048257886
0.048255433
0.048217698
0.048402539
0.048316876
0.048319138
0.048166314
0.0481544
0.048154062
0.048155792
0.048155092
0.048167031
0.048184284
0.048161831
0.048162829
0.048319697
0.048280565
0.048281459
0.04827892
0.048279717
0.048318933
0.048193827
0.048234816
0.048234475
0.048367322
0.04837575
0.048376064
0.048374996
0.048375386
0.048367285
0.048348671
0.048367588
0.048367149
0.048079309
0.048193682
0.048192825
0.048194801
0.048194315
0.048080328
0.048338327
0.048281296
0.048281641
0.047116391
0.047452518
0.047449859
0.047456681
0.047454809
0.047119005
0.047937658
0.047727846
0.047729349
0.044308283
0.045274924
0.045267486
0.045288001
0.045281988
0.044316535
0.046669207
0.046058687
0.046063305
0.035534161
0.038840875
0.036576194
0.039324027
0.039305924
0.036277402
0.043067949
0.041417481
0.041431308
0.0097316773
0.0097604214
0.0095834013
0.010122354
0.0099843848
0.010094834
0.010868504
0.010351404
0.010444542
0.011686201
0.011724323
0.011415101
0.012123274
0.011764625
0.011799239
0.010763722
0.010803978
0.011016079
0.014795624
0.013988779
0.013604318
0.014678175
0.01433533
0.015190966
0.013064667
0.013307775
0.013519986
0.018921446
0.017724312
0.017486672
0.018306891
0.018050937
0.019332052
0.01591595
0.016866603
0.017150267
0.025898009
0.023528562
0.023077407
0.024532259
0.024028182
0.026312299
0.020951098
0.021925988
0.02229214
0.036649342
0.033943053
0.033511935
0.034794704
0.034465153
0.037291362
0.028767023
0.031122167
0.031451924
0.048692549
0.04847744
0.048464398
0.048503429
0.048490377
0.048703176
0.041601796
0.04586194
0.046512514
0.049234556
0.049133772
0.04912724
0.049145735
0.049138775
0.049237106
0.048876341
0.049030045
0.04903775
0.048227603
0.048264007
0.048260952
0.048270015
0.048267265
0.048229306
0.048420898
0.048331273
0.048333979
0.048168925
0.048157401
0.048156545
0.04815953
0.048158396
0.048169609
0.048190501
0.048165413
0.048166513
0.048316773
0.048277437
0.048278159
0.048276133
0.048276765
0.048316098
0.048195223
0.048233715
0.048233553
0.048366749
0.048374102
0.048374561
0.048373087
0.048373605
0.048366431
0.048346363
0.048365753
0.048365263
0.048082013
0.048195195
0.048195058
0.048194913
0.048195105
0.048082086
0.048338369
0.048281852
0.048281675
0.047125088
0.047459406
0.047458178
0.047461211
0.047460127
0.047126891
0.047939854
0.047731731
0.047731864
0.044338866
0.045298897
0.045293723
0.0453079
0.045303595
0.044345391
0.046679312
0.046074161
0.046076859
0.036726762
0.039359601
0.039341912
0.039393775
0.039376978
0.036749292
0.043107453
0.041471192
0.041483627
0.010962889
0.010447682
0.010345202
0.011042067
0.010908951
0.011243775
0.011327963
0.010785644
0.010933552
0.012547161
0.012356263
0.012265269
0.012839731
0.012495529
0.012826021
0.011392594
0.011778349
0.012031412
0.016047064
0.015403632
0.015079773
0.016158096
0.015808508
0.016316305
0.014062298
0.014231446
0.014684181
0.020484842
0.018981926
0.01864831
0.019757101
0.019291374
0.021016033
0.017304871
0.018146935
0.018603289
0.027465397
0.025601989
0.024996577
0.026578195
0.025983008
0.028000647
0.022158474
0.023520096
0.023982731
0.039122859
0.035714314
0.035193088
0.036556164
0.036176336
0.039636725
0.030336311
0.03267511
0.032956008
0.048735947
0.048529198
0.048516292
0.048554315
0.048541766
0.04874685
0.044052869
0.048276155
0.048290989
0.049252273
0.049158065
0.049151093
0.049170646
0.049163265
0.049256158
0.048912979
0.049059852
0.04906762
0.048233167
0.048277038
0.048273456
0.04828407
0.04827947
0.048234655
0.048439455
0.04834308
0.048348177
0.048172088
0.048162211
0.048160777
0.048165595
0.048163789
0.048173162
0.048195925
0.048170308
0.048172167
0.048314246
0.048275031
0.048275568
0.048274147
0.048274564
0.048313717
0.048197397
0.048233303
0.048233295
0.048365142
0.048371978
0.048372541
0.0483708
0.048371397
0.048364612
0.048344276
0.048363783
0.048363292
0.048081141
0.048194028
0.048194523
0.048192609
0.04819337
0.048080473
0.048337022
0.048280427
0.048279796
0.047127926
0.04746197
0.047462032
0.047460572
0.047461682
0.047127657
0.047937689
0.047731161
0.047730556
0.04436184
0.045315189
0.045311725
0.045320969
0.045318258
0.044366447
0.046682939
0.046082709
0.046083971
0.036815968
0.039426808
0.03941055
0.039459029
0.039443109
0.036837828
0.04313904
0.041518818
0.041529792
0.011832895
0.011390357
0.011295177
0.011750193
0.011599259
0.011952894
0.011808395
0.011435717
0.011604916
0.013550599
0.013465662
0.013081286
0.014048823
0.013681836
0.013853555
0.01231314
0.012661937
0.013071655
0.017336205
0.016725057
0.016437176
0.017343903
0.017078486
0.017746466
0.015208128
0.015543618
0.015826324
0.022177411
0.020405659
0.020072688
0.021407939
0.020885207
0.022544119
0.018789541
0.019973915
0.020398143
0.029167631
0.027207228
0.026863822
0.028079298
0.02761018
0.029605069
0.02364001
0.025384191
0.02597129
0.041402149
0.037370402
0.037002701
0.038253446
0.037750162
0.041843695
0.031838909
0.034070969
0.034672733
0.048779685
0.048578809
0.048566587
0.048602735
0.048590783
0.048790483
0.045810287
0.048334741
0.048349186
0.049274166
0.049183463
0.049176138
0.049196612
0.049188904
0.049278566
0.048949661
0.049090349
0.049098404
0.048244678
0.048292773
0.048288852
0.048302643
0.048297822
0.048248293
0.048466624
0.048362935
0.048367762
0.048176798
0.048169434
0.048167488
0.048173249
0.048171354
0.048178057
0.048206172
0.048179334
0.048182034
0.048312319
0.048273463
0.048273791
0.048272966
0.048273208
0.04831195
0.048200142
0.048233528
0.048233634
0.048362757
0.048369582
0.0483702
0.048368338
0.04836897
0.048362078
0.048342604
0.048361878
0.048361407
0.048077373
0.048190765
0.048191725
0.048188566
0.048189713
0.048076132
0.048334476
0.048277339
0.04827634
0.047124884
0.04745842
0.047459537
0.04745563
0.047457064
0.04712363
0.047932459
0.047726348
0.047724915
0.044378108
0.045325461
0.045323383
0.045328835
0.045327311
0.044381283
0.046681683
0.046086037
0.046086185
0.036902639
0.039490412
0.039474836
0.039520865
0.039505604
0.036923934
0.043164122
0.041560543
0.041570371
0.012649089
0.012139989
0.011957938
0.012629232
0.012388835
0.012829454
0.012226999
0.01212901
0.012225305
0.014860157
0.014615887
0.014228249
0.015206456
0.014787731
0.015206826
0.013404481
0.01375448
0.014304898
0.018656669
0.017933855
0.017699184
0.018530241
0.018321048
0.01899928
0.016444963
0.016988231
0.017267341
0.02363019
0.022364569
0.021897789
0.023221282
0.02283349
0.024051031
0.020499808
0.021730243
0.022086348
0.030896369
0.028918432
0.028445022
0.029927807
0.029410433
0.03139837
0.025331768
0.027527162
0.027966922
0.042760753
0.038956199
0.038509418
0.040126831
0.0394508
0.043056875
0.033650974
0.036387731
0.037236263
0.048823156
0.048626426
0.048614537
0.048650072
0.048638203
0.048834068
0.047050175
0.048392464
0.048406909
0.049297605
0.049209929
0.049202276
0.049223777
0.049215704
0.049302358
0.048986886
0.049122482
0.049131107
0.048257994
0.048309571
0.048305721
0.048315726
0.048312934
0.048261015
0.048488603
0.048379365
0.048383519
0.048181675
0.048176834
0.048175125
0.048179992
0.048178733
0.048182825
0.048218546
0.048190516
0.048192729
0.048311042
0.048272669
0.048272825
0.048272108
0.04827261
0.048310858
0.048203027
0.048234343
0.048234158
0.048359844
0.048367104
0.048367731
0.048365547
0.048366504
0.048359071
0.048341367
0.048360155
0.048359367
0.048071819
0.048186042
0.048187313
0.048183025
0.048184664
0.048070207
0.048330971
0.048272955
0.048271442
0.047118659
0.04745215
0.047453935
0.047448502
0.047450506
0.047116731
0.047924949
0.047720006
0.047717617
0.044389351
0.045331025
0.045330062
0.045332451
0.045331954
0.044391291
0.046676868
0.046085365
0.046084714
0.036986361
0.039549942
0.039535217
0.03957771
0.039563836
0.037007302
0.043183184
0.041596715
0.041605248
0.013742039
0.013169315
0.012901906
0.013834987
0.013474275
0.01395934
0.013043862
0.013055872
0.013235449
0.016202471
0.015835906
0.015331953
0.016551594
0.015957432
0.016575727
0.014660851
0.015000831
0.015855901
0.019811015
0.019186294
0.018917796
0.019941762
0.01963395
0.020231517
0.017795955
0.018542391
0.018856079
0.025292107
0.024117619
0.023656716
0.025085556
0.024587818
0.025747504
0.022229677
0.023268394
0.023659431
0.032960731
0.030903398
0.030377648
0.031857429
0.031342864
0.03342724
0.027516212
0.029362667
0.029878038
0.043900494
0.041138048
0.040519129
0.042600625
0.041879186
0.044476265
0.036265854
0.039490074
0.04025666
0.048867442
0.048673969
0.048661945
0.048698459
0.048686115
0.048878646
0.048124967
0.048450477
0.048465136
0.049322931
0.049237931
0.049229797
0.049253065
0.049244361
0.049328365
0.049025528
0.049157019
0.049166214
0.048273098
0.048324974
0.048319585
0.048328043
0.048323762
0.048272934
0.048503828
0.048391968
0.04839694
0.048186425
0.048183879
0.04818124
0.048187381
0.048185921
0.048190009
0.048230748
0.048200063
0.048202477
0.048310885
0.048273094
0.048271811
0.048278323
0.048277946
0.048314657
0.048210302
0.048241058
0.048241824
0.048356561
0.0483648
0.048364623
0.04836268
0.048363115
0.048351916
0.048343231
0.048359637
0.04835947
0.048063891
0.048179456
0.048181313
0.048161207
0.04816273
0.048042189
0.048318896
0.048255713
0.048254404
0.047106941
0.047441519
0.047446237
0.04739008
0.047392298
0.047041749
0.047886561
0.047671976
0.047669599
0.044387862
0.045326143
0.045332974
0.045182851
0.045183335
0.044199517
0.046579663
0.045964963
0.045963825
0.037040307
0.039581882
0.039589846
0.039150888
0.039144389
0.035206902
0.042928756
0.041270054
0.041274045
0.015336158
0.014593418
0.014170554
0.015522877
0.014977853
0.015588314
0.013756723
0.014581342
0.015006923
0.017672232
0.017406695
0.016671225
0.018425278
0.017522939
0.01824501
0.01620473
0.016530345
0.017897304
0.021334358
0.020863571
0.020493869
0.021905553
0.021525083
0.021934053
0.019450119
0.020239248
0.020574355
0.027140754
0.026067958
0.025596517
0.027196892
0.026655147
0.027727351
0.024009012
0.024945752
0.025440461
0.034799524
0.032682068
0.032293339
0.03365529
0.033252177
0.035373425
0.02990377
0.031326844
0.031769607
0.045782114
0.043645002
0.043165313
0.0447959
0.044231411
0.046321379
0.038451093
0.041812385
0.042255536
0.048913042
0.048723703
0.048710971
0.048749748
0.048736625
0.048924653
0.048225745
0.048509287
0.048523987
0.049351646
0.049268705
0.049259825
0.049285396
0.049275949
0.049357966
0.04906538
0.049193627
0.049203206
0.048287874
0.048338415
0.048332806
0.048350103
0.048344291
0.048293769
0.04853172
0.048416806
0.048423309
0.048193803
0.048190671
0.04818898
0.04819439
0.048192473
0.048195374
0.048247577
0.048210407
0.048213067
0.048315303
0.048279141
0.048278686
0.048280414
0.048279717
0.048315638
0.04821479
0.048244595
0.048245793
0.048349765
0.048361815
0.048362223
0.048361167
0.048361451
0.048349105
0.048343537
0.048359057
0.048359047
0.04803696
0.048158382
0.048159788
0.048155676
0.048156999
0.048035306
0.048314958
0.048250786
0.048249654
0.047035455
0.047386125
0.047388138
0.047382163
0.04738414
0.047033441
0.047877893
0.047663088
0.047660947
0.044202331
0.04518303
0.045183017
0.045182158
0.045182694
0.044202781
0.046572227
0.045960702
0.045959467
0.036494811
0.039170457
0.039164475
0.039181663
0.039175895
0.036504332
0.042937768
0.041289103
0.04129183
0.017746468
0.022550058
0.022141204
0.021665673
0.021068884
0.017757311
0.033081745
0.02727289
0.028597547
0.010650143
0.0078558347
0.0077460842
0.008061334
0.0079614708
0.010765871
0.003788925
0.0055980183
0.0056799999
0.017004092
0.016110424
0.01636555
0.017925214
0.017174317
0.017886011
0.01376842
0.016689739
0.016796184
0.01982004
0.019398944
0.018542974
0.020545758
0.019665248
0.020044745
0.018327168
0.019170459
0.019998086
0.023462942
0.023171563
0.022659182
0.024307452
0.023610841
0.024011035
0.021134477
0.022132925
0.022906046
0.029239751
0.028226281
0.027729773
0.029322055
0.028840696
0.029916927
0.025985107
0.026996965
0.027559901
0.036728384
0.034727812
0.034251225
0.035846715
0.035344823
0.037302562
0.032304317
0.03350471
0.034066327
0.047948307
0.045991033
0.045333037
0.046731663
0.046395195
0.047965768
0.040234144
0.043495427
0.043788102
0.04896026
0.048776194
0.048762923
0.048802958
0.048789539
0.048972252
0.048289179
0.048567791
0.048582355
0.049384238
0.049302318
0.049292708
0.049320012
0.049309902
0.049391421
0.049106356
0.049231594
0.049241443
0.048308732
0.048361777
0.048356145
0.048375257
0.048367603
0.048313665
0.048582125
0.048442281
0.048464169
0.048200908
0.048198692
0.048196484
0.048203809
0.048201165
0.048202996
0.048261387
0.048221229
0.048224369
0.048317207
0.048282177
0.048281233
0.048284445
0.048283246
0.048317924
0.048221588
0.048250148
0.04825184
0.048347505
0.048360812
0.048360944
0.048360805
0.048360756
0.048347126
0.048344993
0.048359509
0.048359844
0.048030733
0.048153222
0.048154404
0.048151107
0.04815211
0.048029385
0.048311794
0.048246694
0.048245883
0.047027489
0.047378428
0.047380265
0.047375026
0.04737668
0.047025596
0.047870225
0.047655007
0.047653261
0.044202667
0.04518052
0.045181445
0.045178184
0.045179415
0.044202036
0.046564845
0.045955338
0.045953876
0.036511254
0.039187089
0.03918551
0.039182022
0.039186167
0.036505636
0.042939603
0.041293598
0.041291809
0.017658448
0.023563074
0.022629931
0.023467076
0.023520403
0.017593588
0.033077042
0.028762799
0.028732278
0.0024301566
0.0031418711
0.0032159269
0.0030322692
0.0030816858
0.0024533586
0.011748872
0.006675438
0.0065278617
0.0027526347
0.0025014737
0.002492822
0.0025177486
0.0025097634
0.0027862407
0.0040085603
0.003709187
0.0036949984
0.011083424
0.008248442
0.0081564285
0.0084185461
0.0083347803
0.011176143
0.0040239516
0.0059066329
0.0059741492
0.020172817
0.019681811
0.01862649
0.019857341
0.01977183
0.021222949
0.014181936
0.017088412
0.017177353
0.022330186
0.021824493
0.021127786
0.023452917
0.022573127
0.02311044
0.021245806
0.022243027
0.023221024
0.026151348
0.025539791
0.024919544
0.026881646
0.026191061
0.026896333
0.023879852
0.025002982
0.025815442
0.031601202
0.030444454
0.029859008
0.031645562
0.031029396
0.032257933
0.028498791
0.029498864
0.03024891
0.038659602
0.036895934
0.03636295
0.038050233
0.037466063
0.039181016
0.034731732
0.035964465
0.036697542
0.048018352
0.047626562
0.047295209
0.047666493
0.047646605
0.04803651
0.042018754
0.04502801
0.045490364
0.049008801
0.048829839
0.048816384
0.048858085
0.048843939
0.049021549
0.048352145
0.04862551
0.048640303
0.049420511
0.049338041
0.049327757
0.049357676
0.049346605
0.049428681
0.049149465
0.04927113
0.04928165
0.048330567
0.048388677
0.048381601
0.04841181
0.048396267
0.048336485
0.048618616
0.048487532
0.048495535
0.048209961
0.048209295
0.04820657
0.048214731
0.048212032
0.048212467
0.04828171
0.048235811
0.04823995
0.048320707
0.048287218
0.048285766
0.048290493
0.048288786
0.048321858
0.048230883
0.048257576
0.04825972
0.048346578
0.048361196
0.048360942
0.048362034
0.048361552
0.04834662
0.048348055
0.048361483
0.048362258
0.048025984
0.048149431
0.048150207
0.048148277
0.048148783
0.048025111
0.04831013
0.048244114
0.048243776
0.047020378
0.047372039
0.047373499
0.04736952
0.047370733
0.047018824
0.047864359
0.047648819
0.047647656
0.044197594
0.045175422
0.045176849
0.045171406
0.045173526
0.044194903
0.046557937
0.045949228
0.045947466
0.03646966
0.039166858
0.039175362
0.039144243
0.039156477
0.036452039
0.042929791
0.041277751
0.04127078
0.017343064
0.02333615
0.023405057
0.023182615
0.023261569
0.017247818
0.032981731
0.028600674
0.028546296
0.0025165785
0.0029580344
0.0029917271
0.0029064112
0.002930008
0.0025358344
0.011310821
0.0060925169
0.0059564394
0.0028769688
0.002533002
0.0025254945
0.0025474819
0.0025403299
0.0029042606
0.0039330676
0.0036553988
0.0036432413
0.011433252
0.0085674839
0.0084954705
0.0087039273
0.008637407
0.011511279
0.0042131428
0.0061572791
0.0062124789
0.022490835
0.020016718
0.019939084
0.020161038
0.02009043
0.022562391
0.014516914
0.017416734
0.017488625
0.025877836
0.025322867
0.024329481
0.027529738
0.026389959
0.02688417
0.024891218
0.026631422
0.027171377
0.029368945
0.028342029
0.027593504
0.029954076
0.029121917
0.03025148
0.027420571
0.028418478
0.029390629
0.034422071
0.033018782
0.032305327
0.034565064
0.033768742
0.035215305
0.03177042
0.03273606
0.033656062
0.04082891
0.039292916
0.038659158
0.040603682
0.039933186
0.041430712
0.037726159
0.039093064
0.039953348
0.048090158
0.047705671
0.047686189
0.047743994
0.047724943
0.048107727
0.04429017
0.047087382
0.047297241
0.049060141
0.04888622
0.048872142
0.048914233
0.048900218
0.049073026
0.048416009
0.048684238
0.048698769
0.049460574
0.049378076
0.049366557
0.049399478
0.049387706
0.049469468
0.049195945
0.049313331
0.049324336
0.048353167
0.048424377
0.048418155
0.048437906
0.048430889
0.048358986
0.048655861
0.048519448
0.048527033
0.048220699
0.048220287
0.048217495
0.048226133
0.048223202
0.04822371
0.048303525
0.048252478
0.048256834
0.048326049
0.04829427
0.048292314
0.048298536
0.048296336
0.048327706
0.048242441
0.048266817
0.048269431
0.048347507
0.048363359
0.04836263
0.048365207
0.048364214
0.048348077
0.048353006
0.048365332
0.048366617
0.048023406
0.048147705
0.048147914
0.048147767
0.048147654
0.048023175
0.048310516
0.048243635
0.048243894
0.047014893
0.047367523
0.047368452
0.047365964
0.047366712
0.047013676
0.047861254
0.047645099
0.04764459
0.044184624
0.045166482
0.045169013
0.045161066
0.045163856
0.044180574
0.046551485
0.045941517
0.045939529
0.036386166
0.039116059
0.039130759
0.039082761
0.039100051
0.036360755
0.042908171
0.041244379
0.041234139
0.016940771
0.023014227
0.023099619
0.022836968
0.02292662
0.016834324
0.032827071
0.028362609
0.028296144
0.0025891763
0.0028696011
0.0028865083
0.0028429261
0.0028552139
0.0026056428
0.010800223
0.0055906761
0.0054821585
0.0029791256
0.0025613342
0.0025544831
0.0025746191
0.0025680473
0.0030020823
0.0038684926
0.0036098123
0.0035996013
0.011716367
0.0088273903
0.0087670309
0.0089390312
0.0088846872
0.01177885
0.0043672455
0.0063618615
0.0064071791
0.022757702
0.020290748
0.020227044
0.020407012
0.020349856
0.022816956
0.014789817
0.017679344
0.017737998
0.030357792
0.0294461
0.028829069
0.029553269
0.029500889
0.031537727
0.025138388
0.027346157
0.027399635
0.033118166
0.031768206
0.030833968
0.033828376
0.032764568
0.03414671
0.032042061
0.032568743
0.033748868
0.037771299
0.036302236
0.035405552
0.038239501
0.037244081
0.038660809
0.035865382
0.036646571
0.037708285
0.043375356
0.042092228
0.041327056
0.043700366
0.042874833
0.044111973
0.041226199
0.042674586
0.043616896
0.04815936
0.047781386
0.047762803
0.047817776
0.047799695
0.048176174
0.046879673
0.047358187
0.047377762
0.049111933
0.048942117
0.048928171
0.048969842
0.048955976
0.049124901
0.048478591
0.048742033
0.048756345
0.049502691
0.049420494
0.049408888
0.049442806
0.049430429
0.049512128
0.049244134
0.049357649
0.049369176
0.048385683
0.048452134
0.048445334
0.048465698
0.048459004
0.04839248
0.048694147
0.048550035
0.048558002
0.048233702
0.048232388
0.048229235
0.048239127
0.048235633
0.048237375
0.04832804
0.048269534
0.048273593
0.048333493
0.048303301
0.048300849
0.048308594
0.048305874
0.048335707
0.048255819
0.048278045
0.048281221
0.048350664
0.048367604
0.048366334
0.048370577
0.048369017
0.048351829
0.048360012
0.048371292
0.048373131
0.048023544
0.048148497
0.048148047
0.048149899
0.048149113
0.048023998
0.048313307
0.048245674
0.048246602
0.047010789
0.04736487
0.047365351
0.047364411
0.047364587
0.047010098
0.047861064
0.047643847
0.047643928
0.04416672
0.04515511
0.045158161
0.045148743
0.045151969
0.044161715
0.04654576
0.045933526
0.045931552
0.036275947
0.039045561
0.039064702
0.039005144
0.039025694
0.036245369
0.04287784
0.041199238
0.041186483
0.016507609
0.022655684
0.022746822
0.022471681
0.022563912
0.016396974
0.032635
0.028087276
0.028015599
0.0026516306
0.0028235306
0.0028324472
0.0028096443
0.0028159629
0.002665933
0.0102819
0.0051970707
0.0051132188
0.0030660221
0.0025874329
0.0025810846
0.0025998337
0.0025936858
0.0030858835
0.0038128797
0.0035715388
0.003562967
0.011948349
0.0090401578
0.008990728
0.009132463
0.0090873383
0.012000095
0.0044970827
0.0065320424
0.0065705007
0.022977781
0.020509088
0.02045969
0.020606085
0.020559824
0.023026388
0.015009426
0.017896038
0.017943716
0.031687337
0.029652478
0.029603975
0.029744576
0.029699419
0.031733643
0.025343545
0.02754702
0.027592488
0.037476821
0.036193589
0.034970357
0.037159002
0.037120034
0.038656009
0.033655935
0.035440648
0.035481606
0.041547267
0.040352998
0.039275009
0.042464622
0.041486805
0.042580803
0.040056259
0.041151492
0.041348961
0.046410461
0.045542544
0.044587053
0.045831532
0.04580891
0.046432326
0.044284393
0.045076455
0.045100372
0.048225456
0.047853109
0.047835549
0.04788739
0.04787036
0.048241484
0.046962195
0.047434393
0.047452595
0.049163877
0.048997339
0.048983605
0.049024562
0.04901097
0.049176798
0.048539526
0.048798813
0.048812809
0.049547841
0.049465362
0.049452859
0.049488402
0.049475628
0.049557694
0.049293341
0.049403827
0.049415666
0.048413537
0.048479864
0.048472636
0.048495081
0.048487335
0.048420609
0.048732777
0.048582301
0.048590696
0.048249688
0.048246248
0.048242601
0.048260211
0.048250682
0.048254198
0.048358785
0.048294206
0.048298828
0.048343232
0.048314472
0.048311452
0.048320988
0.048317645
0.048346049
0.048271202
0.048291698
0.048295581
0.048356261
0.048374145
0.048372287
0.048378335
0.048376165
0.048358056
0.048369229
0.048379526
0.048381959
0.048026295
0.048151915
0.048150824
0.048154599
0.04815318
0.0480274
0.048318695
0.048250393
0.048251975
0.04700867
0.047364511
0.047364391
0.047365204
0.0473648
0.047008461
0.047863374
0.047645114
0.047645818
0.044145624
0.045142085
0.045145488
0.045135252
0.045138716
0.04414
0.046541241
0.045925802
0.045923949
0.036147471
0.038961926
0.038983871
0.038916324
0.038939343
0.036112649
0.042841617
0.041145514
0.04113098
0.016065581
0.022286625
0.022379211
0.022100347
0.022193046
0.015954807
0.032426969
0.02779745
0.027724023
0.002706148
0.0028001871
0.0028043797
0.0027942917
0.002796779
0.0027187027
0.0097887766
0.0048931276
0.0048286102
0.0031416812
0.0026118659
0.0026058966
0.0026235696
0.0026177587
0.0031591372
0.003764319
0.0035393716
0.0035321301
0.012141073
0.0092177564
0.0091759938
0.0092973462
0.0092583779
0.012184388
0.0046091459
0.006678069
0.0067114937
0.023157706
0.020690251
0.0206483
0.020768906
0.020730962
0.023200274
0.015192426
0.018073438
0.018112815
0.03186223
0.029830097
0.029788225
0.029909874
0.029870703
0.031902037
0.025515188
0.027718727
0.027757957
0.038761165
0.037232872
0.037196631
0.037301323
0.03726779
0.038793838
0.033814839
0.035595838
0.035631306
0.04349472
0.04251867
0.042492125
0.04256926
0.042544413
0.043519189
0.040179973
0.041433335
0.041459547
0.046494646
0.045874788
0.045853422
0.045915644
0.045895474
0.046514321
0.044380465
0.045168623
0.045190249
0.048288387
0.047920576
0.047904098
0.047952696
0.047936752
0.048303632
0.047037956
0.047505224
0.047522119
0.049215394
0.049051433
0.049038033
0.049077905
0.049064707
0.049228111
0.048598424
0.048854218
0.048867824
0.049594679
0.049511362
0.049498599
0.049534753
0.049521898
0.049604615
0.049342652
0.049450877
0.04946274
0.048443215
0.048511487
0.048503131
0.048528999
0.048520142
0.048450964
0.048773608
0.048617426
0.04862694
0.048270231
0.048269996
0.048265218
0.048281937
0.048275727
0.048275621
0.048382662
0.048313876
0.048319176
0.04835543
0.048328167
0.048324498
0.04833596
0.048331994
0.048358865
0.048289819
0.048308024
0.04831258
0.048364401
0.048383157
0.04838067
0.048388615
0.048385812
0.048366835
0.048380844
0.048390186
0.048393243
0.048031597
0.048157921
0.048156177
0.048161892
0.048159825
0.048033306
0.04832668
0.048257713
0.048259955
0.047008327
0.047366341
0.047365716
0.047367896
0.047367068
0.047008446
0.047868153
0.047648745
0.047649988
0.044122207
0.04512821
0.045131755
0.045121025
0.045124637
0.044116101
0.046537809
0.045918395
0.045916574
0.036002748
0.03886811
0.038892507
0.038817452
0.038843038
0.035964823
0.042801598
0.041085623
0.041069878
0.015625392
0.021914847
0.02200756
0.021729893
0.021822598
0.015517118
0.032210232
0.027501947
0.027427941
0.0027512875
0.0027915419
0.0027925509
0.0027915637
0.0027912089
0.0027598709
0.0093349554
0.0046567779
0.0046059633
0.0032085727
0.0026349892
0.0026293151
0.0026461711
0.0026406101
0.0032241927
0.0037214687
0.0035119719
0.0035056836
0.012304921
0.0093716255
0.0093351615
0.0094412608
0.0094070533
0.0123423
0.0047073998
0.0068053156
0.0068346451
0.023312779
0.020840421
0.020805687
0.020907679
0.020874543
0.023346687
0.015345773
0.018221319
0.018254702
0.032012827
0.029984211
0.029947756
0.030053918
0.030019568
0.032047088
0.02566096
0.027867315
0.027901611
0.038885154
0.03736486
0.037333697
0.037424037
0.037394971
0.038913504
0.033952863
0.035730199
0.035760957
0.043588354
0.042616744
0.042593395
0.042661332
0.042639422
0.043609977
0.04028793
0.04153331
0.041556321
0.046570198
0.045954217
0.045935172
0.045990744
0.04597271
0.046587838
0.044466805
0.0452518
0.045271241
0.048348232
0.047983753
0.047968344
0.048013742
0.047998871
0.048362705
0.047107094
0.047570945
0.047586601
0.049265866
0.049103934
0.049090968
0.049129488
0.049116763
0.049278248
0.048655109
0.048907968
0.048921119
0.049641946
0.049557882
0.049545164
0.049581416
0.049568773
0.049651666
0.049391156
0.049497644
0.049509282
0.048474085
0.048547028
0.048537966
0.0485653
0.048556119
0.048481663
0.048817729
0.048656682
0.048666945
0.048294532
0.048294331
0.048288118
0.048307593
0.048300735
0.048300405
0.048408012
0.04833713
0.048343508
0.048370109
0.048344363
0.048340083
0.048353322
0.048348762
0.048374158
0.048310906
0.04832693
0.048331824
0.048375102
0.048394714
0.048391591
0.048401455
0.048398011
0.04837818
0.048394966
0.04840336
0.04840705
0.048039343
0.048166503
0.048164123
0.048171721
0.048169038
0.048041645
0.04833728
0.048267652
0.048270533
0.047009227
0.047369835
0.047368813
0.047372092
0.047370923
0.047009637
0.047875261
0.047654448
0.047656155
0.04409737
0.045113763
0.045117392
0.045106341
0.045110068
0.04409096
0.046535103
0.045911218
0.045909444
0.035848034
0.038764916
0.038791366
0.03871104
0.038738097
0.035808386
0.04275863
0.04102098
0.041004162
0.015195949
0.021546875
0.021638178
0.021365636
0.021455991
0.015090981
0.031990332
0.027206377
0.027132892
0.0027802898
0.0027941875
0.0027925478
0.0027993199
0.0027964323
0.0027856462
0.0089251756
0.0044698773
0.0044293665
0.003268911
0.0026571366
0.0026516817
0.0026679023
0.0026625476
0.0032831843
0.0036833127
0.0034881273
0.0034826822
0.012447281
0.0095067885
0.0094746182
0.0095688459
0.0095383964
0.012480292
0.0047950683
0.006917869
0.0069441618
0.023442465
0.020970088
0.020939504
0.021028194
0.020999954
0.023472552
0.015477884
0.018347917
0.018376907
0.032143629
0.030119517
0.030087124
0.030181404
0.030150931
0.032173708
0.025788775
0.027998478
0.028029045
0.038992602
0.037479175
0.037452107
0.03753067
0.037505354
0.039017123
0.034074302
0.035847005
0.03587382
0.043671027
0.042703308
0.042682654
0.042742969
0.042723444
0.0436902
0.040382246
0.041621264
0.041641664
0.046638024
0.046025386
0.04600828
0.046058284
0.04604204
0.046653884
0.044544381
0.045326602
0.045344119
0.04840494
0.048042673
0.048028331
0.04807056
0.048056742
0.048418609
0.047170029
0.047631752
0.047646205
0.049314862
0.049154567
0.049142084
0.049179163
0.049166924
0.049326854
0.048709355
0.04895981
0.048972453
0.049688626
0.049604507
0.049592076
0.049627842
0.049615622
0.049698284
0.049438326
0.049543378
0.049554718
0.04850465
0.048583839
0.048574498
0.048602866
0.048593255
0.04851261
0.048864159
0.04869862
0.048709563
0.048320481
0.048321518
0.048314684
0.048335278
0.04832853
0.048326428
0.048435238
0.048364363
0.048371986
0.048387249
0.048362898
0.048358033
0.048373106
0.048367928
0.048391939
0.048333717
0.048347767
0.048353405
0.048388375
0.04840884
0.048405075
0.048416862
0.048412779
0.048392091
0.048411636
0.048419074
0.048423402
0.048049367
0.048177524
0.048174554
0.048183871
0.048180633
0.048052197
0.048350427
0.04828008
0.048283553
0.047011157
0.047374656
0.047373336
0.047377512
0.04737605
0.047011777
0.047884394
0.047661875
0.047663969
0.044071249
0.045098798
0.045102584
0.045091132
0.04509498
0.044064514
0.046532885
0.04590416
0.045902406
0.035688559
0.038656339
0.038683735
0.038601305
0.038628832
0.035648576
0.042713329
0.040952018
0.040933948
0.01478285
0.021186651
0.021275833
0.021010186
0.021098082
0.014682565
0.031770833
0.026914296
0.026842156
0.0027984247
0.0028069275
0.0028028015
0.0028170295
0.0028116499
0.0028018184
0.0085593945
0.0043201553
0.0042874651
0.0033244005
0.0026784745
0.0026732156
0.0026888578
0.0026836903
0.0033376429
0.0036490627
0.0034675116
0.0034628249
0.012573088
0.0096275785
0.0095986435
0.009683523
0.0096559411
0.012602317
0.0048749508
0.0070195514
0.0070436379
0.023555243
0.021082688
0.021056081
0.021133889
0.0211088
0.023581172
0.015594283
0.018458773
0.018484525
0.032258634
0.030240026
0.030211034
0.030295253
0.030268057
0.032285427
0.025902801
0.02811595
0.028143583
0.039085693
0.03757888
0.037555173
0.037624098
0.037601858
0.039107014
0.034181568
0.035949191
0.035972718
0.043744656
0.042780546
0.042762038
0.042816221
0.042798642
0.043761887
0.040464922
0.041699468
0.041717684
0.046699016
0.046089538
0.046074107
0.046119234
0.046104572
0.04671328
0.044614619
0.045394113
0.04540998
0.048458379
0.048097439
0.048084121
0.048123359
0.048110519
0.048471224
0.047227303
0.047687839
0.047701163
0.049362292
0.049203314
0.049191296
0.049227039
0.049215235
0.049373926
0.04876096
0.049009585
0.049021711
0.049734692
0.049650403
0.049638685
0.049673272
0.049661754
0.049744245
0.049484217
0.049588054
0.049599182
0.048537669
0.048622542
0.048612591
0.048642911
0.048632618
0.048546632
0.048913646
0.048743557
0.048755353
0.048346258
0.048350034
0.048343304
0.048364971
0.048357323
0.048353235
0.048465828
0.048391497
0.048399197
0.048406988
0.048383962
0.048378451
0.048395491
0.048389647
0.048412334
0.048359377
0.048371312
0.048377607
0.048404166
0.048425513
0.048421116
0.048434773
0.048430074
0.048408492
0.048430897
0.048437329
0.04844228
0.048061381
0.048190722
0.048187238
0.048198028
0.048194322
0.048064655
0.048365973
0.048294776
0.048298768
0.04701394
0.04738064
0.047379044
0.047384032
0.047382307
0.047014759
0.047895217
0.047670753
0.047673173
0.044043802
0.04508334
0.045087249
0.045075438
0.0450794
0.044036737
0.046531105
0.045897149
0.045895395
0.035528783
0.038546119
0.038573714
0.03849085
0.038518483
0.035488924
0.042666127
0.040878182
0.040859198
0.014389655
0.02083644
0.020922961
0.020665508
0.020750616
0.014294751
0.031553828
0.026628183
0.026557706
0.0028101397
0.0028296723
0.0028230118
0.002844938
0.0028369488
0.0028124485
0.0082349463
0.0041988966
0.004172275
0.0033760068
0.0026990666
0.0026939846
0.0027091065
0.002704108
0.0033883641
0.0036180866
0.0034498147
0.0034458104
0.012685222
0.0097368915
0.0097105686
0.0097878104
0.0097626889
0.012711385
0.0049489359
0.0071129358
0.0071350849
0.023653887
0.021182284
0.021158393
0.021228419
0.021205723
0.023677028
0.015698499
0.018557628
0.018580782
0.032360931
0.030346987
0.03032156
0.030396199
0.030371977
0.032384823
0.026003737
0.028222674
0.028246618
0.039166811
0.037666529
0.037645663
0.037706376
0.037686782
0.039185455
0.034276413
0.036039084
0.03605987
0.043811177
0.042850132
0.04283342
0.042882363
0.042866479
0.043826871
0.040537677
0.041769313
0.041785562
0.046753874
0.046147461
0.046133526
0.046174292
0.046161043
0.046766717
0.044678711
0.045455395
0.045469844
0.048508543
0.048148371
0.04813598
0.048172535
0.048160565
0.048520591
0.047279511
0.047739555
0.047751857
0.049408395
0.049250399
0.049238772
0.04927342
0.049261962
0.049419758
0.048809912
0.049057349
0.049069006
0.049780009
0.04969556
0.049684382
0.049718309
0.04970721
0.049789497
0.049529284
0.049632129
0.049643192
0.048574102
0.048664028
0.048653334
0.04868582
0.048674762
0.048583857
0.048967042
0.048791648
0.048804128
0.048375186
0.048380428
0.048372385
0.048396333
0.048388245
0.04838289
0.048492028
0.048422873
0.048430713
0.048429317
0.048407669
0.048401501
0.048420472
0.048413996
0.048435283
0.048387599
0.048397489
0.048404437
0.048422317
0.048444618
0.048439629
0.048455015
0.048449754
0.048427194
0.048452647
0.048458008
0.048463531
0.048075042
0.048205746
0.04820184
0.048213829
0.048209746
0.048078675
0.048383659
0.048311416
0.048315837
0.04701748
0.047387666
0.047385823
0.047391525
0.047389572
0.047018466
0.047907435
0.047680856
0.047683548
0.04401512
0.045067438
0.045071446
0.045059363
0.045063405
0.04400779
0.046529735
0.045890123
0.04588836
0.035369645
0.038435547
0.038463192
0.038380266
0.038407893
0.035330001
0.042616658
0.040801477
0.04078205
0.014018454
0.020497457
0.020581122
0.020332338
0.02041454
0.013929116
0.031339791
0.026348854
0.026280114
0.0028184964
0.0028626255
0.0028535546
0.0028808746
0.0028717214
0.0028203228
0.0079478211
0.0040999608
0.0040781443
0.003424161
0.0027189756
0.0027140611
0.0027286709
0.0027238439
0.0034356792
0.0035899014
0.0034347499
0.0034313552
0.012785696
0.0098363814
0.0098124089
0.009882746
0.0098598455
0.012809191
0.0050174676
0.0071987376
0.0072190713
0.023743181
0.021271994
0.021250717
0.021313094
0.021293066
0.023764102
0.015791615
0.018646089
0.018666641
0.032453189
0.030442247
0.030419174
0.030486332
0.030464443
0.032474573
0.02609497
0.028318287
0.028340298
0.039237785
0.037743735
0.037725382
0.037778575
0.037761485
0.039254086
0.034360314
0.036118172
0.036136157
0.043871919
0.042912967
0.042897888
0.042941981
0.042927688
0.043886284
0.040601764
0.041831436
0.041845816
0.046803344
0.046199835
0.046187221
0.046224162
0.046212146
0.046814974
0.044737378
0.045511267
0.045524456
0.048555597
0.048195891
0.048184322
0.048218484
0.048207293
0.048566903
0.047327252
0.047787337
0.047798725
0.04945352
0.049296154
0.049284834
0.049318614
0.049307431
0.04946468
0.048856393
0.049103339
0.049114593
0.049824873
0.049740622
0.049729758
0.049763191
0.049752333
0.0498344
0.04957397
0.049675776
0.049686843
0.048613139
0.048708078
0.048696761
0.04873062
0.048719105
0.048622256
0.04902453
0.048842011
0.048854971
0.048406882
0.048412821
0.048404488
0.048430069
0.048421347
0.04841521
0.048527713
0.048455311
0.048463613
0.048454026
0.048433853
0.048427092
0.04844778
0.04844075
0.048460538
0.048418366
0.048426163
0.048433682
0.048442551
0.048465927
0.048460412
0.048477314
0.048471566
0.048447896
0.048476637
0.048480871
0.048486894
0.048090019
0.048222238
0.048217997
0.048230938
0.048226555
0.048093935
0.048403148
0.048329637
0.0483344
0.047021622
0.047395583
0.047393534
0.047399816
0.047397682
0.047022729
0.047920788
0.047691965
0.047694874
0.043985511
0.04505123
0.0450553
0.045043046
0.045047141
0.043977998
0.046528712
0.045883049
0.045881267
0.035211557
0.038325073
0.038352651
0.038270035
0.038297528
0.035172268
0.04256576
0.04072343
0.040703816
0.013669452
0.020170188
0.020250909
0.020011055
0.020090265
0.013585706
0.031128992
0.026076592
0.026009681
0.0028254669
0.0028992966
0.0028900611
0.0029178726
0.0029085602
0.002827072
0.0076935063
0.0040187571
0.0040007829
0.0034690208
0.002738182
0.0027334473
0.0027475039
0.002742864
0.0034797371
0.0035644531
0.0034220137
0.0034191577
0.0128763
0.009927095
0.0099051708
0.0099695917
0.0099485694
0.012897673
0.0050807897
0.0072775866
0.0072963193
0.023823325
0.021351997
0.021332639
0.021389046
0.021370927
0.023842226
0.015875345
0.018725711
0.018744578
0.032532658
0.030527458
0.030507157
0.030564885
0.030546542
0.032551244
0.026177656
0.028401682
0.02842116
0.039299815
0.037811084
0.037795113
0.037841632
0.037826594
0.039314128
0.034432499
0.036186306
0.036202064
0.043927495
0.042969451
0.04295592
0.042995449
0.042982642
0.043940617
0.040658295
0.041886329
0.041899041
0.046848286
0.046247384
0.04623591
0.046269566
0.046258606
0.046858918
0.044790976
0.045562275
0.045574314
0.048599766
0.048240337
0.048229515
0.048261474
0.048251007
0.048610383
0.047371137
0.047831619
0.047842198
0.049497874
0.049340817
0.04932976
0.049362754
0.049351832
0.049508843
0.04890063
0.049147781
0.049158664
0.049869729
0.049785687
0.049774753
0.04980841
0.049797478
0.0498794
0.049618413
0.049718973
0.049729812
0.048644887
0.04875351
0.048741949
0.048776948
0.048765012
0.048655237
0.049085261
0.048894192
0.048907578
0.048441196
0.048447911
0.048438892
0.048466454
0.048457078
0.048450166
0.048561824
0.048489703
0.048498729
0.048480794
0.048462206
0.048454932
0.048477084
0.048469588
0.048487767
0.048451554
0.048456988
0.048464983
0.048464529
0.048489133
0.048483173
0.048501343
0.048495192
0.048470257
0.048502555
0.048505618
0.048512064
0.048106042
0.048239902
0.04823539
0.048249111
0.048244479
0.04811019
0.048424089
0.048349117
0.048354156
0.047026174
0.047404198
0.047401993
0.047408707
0.04740644
0.047027355
0.047935063
0.04770387
0.04770695
0.04395523
0.045034808
0.04503893
0.045026504
0.045030661
0.043947564
0.046527922
0.045875873
0.045874053
0.035055153
0.038215213
0.038242593
0.038160652
0.038187898
0.03501639
0.042514092
0.040645005
0.04062549
0.013342715
0.019855015
0.019932673
0.019702127
0.019778203
0.013264497
0.030922065
0.025811847
0.025746892
0.002831617
0.0029366019
0.0029272131
0.002955488
0.00294602
0.0028330451
0.0074680114
0.0039517818
0.0039369333
0.0035107665
0.0027566305
0.0027520884
0.0027655652
0.0027611181
0.0035207527
0.003543278
0.0034113269
0.0034089402
0.012959056
0.010010355
0.0099901815
0.010049467
0.010030103
0.012978645
0.005139403
0.0073503741
0.0073677297
0.023896597
0.021425118
0.021407156
0.021460513
0.021443029
0.023914379
0.015952298
0.018798722
0.018815981
0.032601953
0.03060005
0.03058268
0.030633958
0.030616795
0.032618344
0.026252839
0.02847914
0.02849679
0.039354759
0.037870595
0.037856309
0.037898217
0.037884589
0.039367645
0.034494924
0.036247066
0.036261409
0.043978202
0.043020053
0.043007931
0.043043355
0.043031872
0.043990149
0.040708828
0.041935002
0.041946348
0.04688952
0.0462908
0.046280304
0.046311141
0.046301087
0.046899334
0.044839808
0.045608828
0.045619814
0.048641241
0.048281924
0.048271798
0.048301707
0.04829191
0.04865121
0.047411776
0.047872835
0.04788272
0.049541429
0.049384406
0.049373626
0.049405749
0.049395127
0.049552169
0.048942739
0.049190724
0.049201216
0.049914914
0.049831233
0.049820036
0.049854186
0.049843037
0.04992477
0.049662376
0.049761315
0.049772179
0.048685811
0.048800466
0.048788314
0.048814286
0.048811926
0.048697163
0.049148396
0.048947442
0.048960967
0.048477922
0.048485684
0.048475964
0.048505538
0.048495518
0.04848741
0.048598711
0.04852701
0.048536899
0.048509288
0.04849237
0.048484676
0.048508018
0.048500147
0.048516645
0.0484867
0.048489564
0.048497935
0.048487919
0.048513904
0.048507582
0.048526777
0.048520303
0.048493953
0.048530088
0.048531939
0.048538731
0.048122946
0.048258551
0.048253805
0.048268211
0.048263356
0.048127297
0.048446194
0.048369633
0.048374907
0.047030969
0.047413325
0.047411006
0.047418039
0.047415673
0.047032193
0.047950106
0.047716403
0.04771962
0.043924207
0.045018115
0.045022316
0.045009631
0.045013882
0.043916282
0.04652724
0.045868511
0.045866632
0.034901024
0.038106375
0.038133478
0.038052381
0.038079344
0.03486288
0.042462613
0.040567257
0.040547949
0.013037895
0.019552437
0.019626908
0.019405956
0.019478817
0.012965047
0.030719547
0.025555041
0.025492098
0.0028371366
0.0029745386
0.0029649883
0.0029937601
0.0029841239
0.0028384411
0.0072676693
0.0038964041
0.003884141
0.003549774
0.0027743159
0.0027699599
0.0027828938
0.0027786227
0.0035591564
0.0035276999
0.0034024288
0.00340046
0.013034921
0.010087027
0.01006842
0.01012315
0.010105242
0.013052891
0.0051940595
0.0074180087
0.0074342265
0.023967097
0.021494695
0.021477708
0.021527725
0.021511379
0.023983915
0.016022684
0.018865526
0.018881369
0.032663837
0.030665151
0.030649609
0.030695958
0.030680665
0.032678063
0.026323085
0.028548099
0.028563737
0.039404489
0.037924593
0.037911571
0.037949774
0.037937331
0.039416233
0.034550565
0.036302533
0.036315661
0.044024318
0.043065431
0.043054551
0.043086362
0.043076045
0.044035161
0.040754655
0.041978617
0.041988852
0.04692769
0.046330662
0.046321009
0.046349412
0.046340142
0.046936817
0.044884242
0.045651322
0.045661357
0.04868018
0.048320869
0.048311377
0.048339437
0.048330239
0.048689541
0.047449727
0.047911448
0.04792075
0.049583996
0.049426751
0.049416301
0.049447388
0.049437123
0.049594454
0.048982708
0.049232039
0.049242094
0.049960478
0.049877152
0.049865789
0.049900122
0.049888868
0.049970489
0.049705564
0.049803435
0.049814421
0.048726921
0.048838206
0.048826186
0.048862507
0.048850391
0.048737402
0.049213285
0.04900163
0.049015298
0.048516429
0.048525884
0.048515639
0.048546596
0.048536177
0.04852623
0.048638282
0.048567476
0.048577997
0.04853922
0.048523998
0.048515965
0.048540276
0.048532097
0.048546902
0.048523184
0.048523505
0.048532168
0.048512438
0.048539929
0.04853332
0.048553329
0.048546599
0.048518717
0.048558959
0.048559544
0.048566618
0.048140635
0.048278082
0.048273123
0.048288153
0.048283095
0.048145171
0.048469252
0.048391046
0.048396527
0.047035913
0.047422839
0.04742043
0.047427717
0.047425269
0.047037169
0.047965794
0.04772944
0.047732766
0.043892172
0.045001042
0.045005346
0.044992298
0.044996691
0.043884041
0.04652659
0.045860898
0.045858955
0.034749395
0.037998664
0.038025489
0.037945218
0.037971907
0.034711876
0.042411519
0.040490331
0.040471225
0.012754272
0.019262681
0.019333938
0.019122584
0.019192257
0.012686548
0.030521475
0.025306252
0.025245288
0.0028422433
0.0030131632
0.0030034358
0.0030327557
0.0030229336
0.0028434797
0.0070891989
0.003850632
0.003840517
0.0035865658
0.0027913157
0.002787121
0.0027995943
0.0027954699
0.0035954677
0.0035187184
0.0033951625
0.00339359
0.0131047
0.010157982
0.010140701
0.010191642
0.010174935
0.013121339
0.0052455698
0.0074814364
0.0074967225
0.024032274
0.021559228
0.021543515
0.021589182
0.021574406
0.024047859
0.016087158
0.018927388
0.018942267
0.032718205
0.030724176
0.030710274
0.03075038
0.030737578
0.032730708
0.026386531
0.028608238
0.028622013
0.039449887
0.037973814
0.037961928
0.03799676
0.037985415
0.039460624
0.034600541
0.036353179
0.036365078
0.044066119
0.043106218
0.043096432
0.043125068
0.043115776
0.044075925
0.040796461
0.042018079
0.042027384
0.046963274
0.046367456
0.046358531
0.04638484
0.046376242
0.046971816
0.044924653
0.045690169
0.045699355
0.048716763
0.048357466
0.048348531
0.048374981
0.0483663
0.048725568
0.047485447
0.047947881
0.047956691
0.049625383
0.049467639
0.049457567
0.049487495
0.049477622
0.049635527
0.049020498
0.049271549
0.049281134
0.050006209
0.049923021
0.049911603
0.049945815
0.04993456
0.050016298
0.049747951
0.049845864
0.049856813
0.048769619
0.048887066
0.048874813
0.048912074
0.048899566
0.048780692
0.049278053
0.04905651
0.049070444
0.048555926
0.048567589
0.04855704
0.048588786
0.048578143
0.048565903
0.048680826
0.048610376
0.048621408
0.048570383
0.048556843
0.048548522
0.048573687
0.048565229
0.048578352
0.04856053
0.048558552
0.048567478
0.04853787
0.048566955
0.048560115
0.048580786
0.048573846
0.048544351
0.048588953
0.048588201
0.048595511
0.048159026
0.048298414
0.048293262
0.048308848
0.048303611
0.048163721
0.048493118
0.048413249
0.048418912
0.047040982
0.047432669
0.047430185
0.047437688
0.047435169
0.04704227
0.04798201
0.047742878
0.04774629
0.043859451
0.044983382
0.044987857
0.044974326
0.044978868
0.043851203
0.046525961
0.045853041
0.045851047
0.034600251
0.037892052
0.0379186
0.037839185
0.037865579
0.034563356
0.042360703
0.040414199
0.040395292
0.012490709
0.018985649
0.019053741
0.018851829
0.018918363
0.012427803
0.03032761
0.02506532
0.0250063
0.0028471619
0.0030525321
0.0030426157
0.0030725063
0.0030624894
0.0028483863
0.0069298239
0.003812931
0.0038046071
0.0036215487
0.002807745
0.0028036831
0.0028157756
0.0028117731
0.0036300302
0.0035171308
0.0033894644
0.003388276
0.013169518
0.010224195
0.010208037
0.010255657
0.010240044
0.01318501
0.0052944223
0.0075412708
0.00755568
0.024092709
0.021618293
0.02160373
0.021646504
0.021632471
0.024106942
0.016147351
0.018985351
0.018999127
0.032765778
0.030773632
0.030762207
0.0307957
0.030784819
0.032776782
0.026443344
0.02866175
0.028674125
0.039491448
0.038018717
0.038007855
0.038039774
0.03802935
0.039501319
0.034645197
0.036399263
0.03641017
0.044103867
0.043142977
0.043134149
0.043160002
0.043151608
0.044112701
0.040834727
0.042054046
0.042062557
0.046996649
0.046401617
0.046393315
0.046417824
0.046409805
0.04700469
0.044961338
0.045725743
0.045734159
0.048751205
0.048392024
0.048383573
0.048408611
0.048400387
0.048759512
0.047519265
0.047982429
0.047990792
0.049665497
0.049506952
0.049497278
0.04952602
0.04951654
0.049675322
0.049056143
0.049309168
0.049318282
0.050051783
0.049968474
0.049957094
0.049990954
0.049979774
0.050061869
0.049789287
0.049888092
0.049898861
0.048814867
0.048937639
0.048924808
0.048963914
0.048950682
0.048826692
0.049342484
0.049112631
0.049127012
0.048596064
0.048610148
0.048599428
0.048631656
0.048620867
0.048606199
0.048726168
0.04865503
0.048666403
0.048602664
0.048590814
0.048582214
0.048608224
0.048599483
0.048610904
0.048598647
0.048594661
0.048603861
0.048564066
0.048594812
0.048587777
0.048609023
0.048601896
0.048570723
0.048619949
0.048617764
0.048625287
0.048178012
0.048319442
0.048314127
0.048330177
0.048324793
0.048182837
0.048517683
0.048436137
0.048441953
0.047046191
0.047442771
0.04744022
0.047447912
0.047445331
0.047047519
0.047998646
0.047756631
0.04776011
0.043826377
0.044965166
0.044969758
0.044955919
0.044960552
0.043818082
0.046525392
0.045845016
0.045842994
0.034453659
0.037786648
0.037812874
0.037734475
0.037760515
0.034417436
0.042310177
0.040338885
0.040320195
0.012245828
0.018721134
0.018786112
0.018593526
0.018656962
0.01218738
0.030137991
0.024832153
0.024775077
0.0028521241
0.0030926807
0.0030825641
0.0031130524
0.0031028375
0.0028533974
0.0067867884
0.0037820522
0.0037752832
0.0036548566
0.0028236908
0.0028197456
0.0028314887
0.0028276026
0.0036629121
0.0035236252
0.0033852874
0.0033844708
0.013229757
0.010286011
0.010270954
0.01031524
0.010300748
0.013244091
0.0053406286
0.0075975322
0.0076110101
0.024148024
0.021673484
0.02166009
0.021699237
0.021686459
0.024161172
0.016203182
0.019038816
0.019051502
0.032807315
0.030816091
0.030806312
0.030835091
0.030825521
0.03281702
0.026495331
0.02870907
0.028719987
0.039529773
0.038060001
0.038049972
0.038079455
0.0380698
0.039538906
0.034685751
0.036441622
0.036451711
0.044137824
0.043176199
0.043168215
0.043191609
0.043184012
0.044145752
0.040869951
0.042086996
0.042094809
0.047028122
0.046433494
0.046425738
0.046448654
0.046441152
0.047035724
0.044994504
0.045758321
0.045766022
0.048783741
0.04842477
0.048416756
0.048440511
0.048432705
0.048791609
0.047551381
0.048015221
0.048023154
0.049704351
0.049544704
0.049535415
0.049563023
0.049553915
0.049713872
0.049089802
0.049344946
0.049353623
0.050096917
0.050013127
0.050001987
0.05003518
0.050024174
0.050106946
0.049829567
0.0499298
0.049940368
0.048863135
0.048990905
0.048977278
0.049018382
0.0490042
0.048875787
0.049406964
0.049170637
0.049185776
0.048636873
0.048653298
0.048642445
0.048675084
0.048664158
0.048647201
0.048773812
0.048700789
0.048712357
0.048636021
0.04862592
0.048617036
0.048643905
0.048634878
0.048644527
0.048637674
0.048631896
0.048641387
0.048590932
0.048623412
0.048616197
0.048637974
0.048630674
0.048597745
0.048651894
0.04864816
0.048655884
0.048197471
0.048341037
0.048335592
0.048352003
0.048346507
0.048202395
0.048542851
0.048459592
0.048465531
0.047051564
0.047453107
0.0474505
0.04745835
0.047455718
0.047052932
0.048015601
0.047770632
0.047774164
0.043793173
0.044946604
0.04495127
0.044937225
0.044941923
0.043784867
0.046524918
0.045836906
0.04583487
0.034309851
0.03768269
0.037708533
0.037631308
0.037656948
0.034274358
0.042260041
0.04026447
0.040246013
0.012018275
0.018468979
0.018530886
0.018347455
0.018407856
0.011963963
0.029952892
0.024606788
0.024551665
0.0028573707
0.0031336181
0.003123306
0.0031543776
0.0031439687
0.0028587494
0.0066579989
0.0037570869
0.0037516781
0.0036864061
0.0028391628
0.0028353392
0.0028467067
0.0028429488
0.0036939973
0.0035386823
0.0033825698
0.0033821018
0.013285333
0.010343316
0.010329404
0.010370231
0.010356904
0.013298488
0.0053839361
0.007649962
0.0076624439
0.024198292
0.021723667
0.021711539
0.021746848
0.021735354
0.024209874
0.016254338
0.01908794
0.019099554
0.032844589
0.030853166
0.030844295
0.030870252
0.030861869
0.032853032
0.026542205
0.028750823
0.028760438
0.039565314
0.038098182
0.038088904
0.038116122
0.038107204
0.039573795
0.03472274
0.036480415
0.036489483
0.044168278
0.043206277
0.043199049
0.043220237
0.043213357
0.044175386
0.040902526
0.042117251
0.042124432
0.047057906
0.046463318
0.04645606
0.046477507
0.046470485
0.047065107
0.045024362
0.045788112
0.045795155
0.048814617
0.048455855
0.048448244
0.048470816
0.048463396
0.04882211
0.047581889
0.048046308
0.048053821
0.049742014
0.049580989
0.049572056
0.049598618
0.049589852
0.049751251
0.049121748
0.049379053
0.049387348
0.050141465
0.050056855
0.050045976
0.050078439
0.050067672
0.050151424
0.049868853
0.049970881
0.049981249
0.048925767
0.049046998
0.049032575
0.049076111
0.049061608
0.048938909
0.049472256
0.049231248
0.04924692
0.048678494
0.048696991
0.048686017
0.048719063
0.048708009
0.048689056
0.048823116
0.048747269
0.048759029
0.048670429
0.048662174
0.048653005
0.048680722
0.048671414
0.048679191
0.04867776
0.048670297
0.048680079
0.048618395
0.048652704
0.048645321
0.048667594
0.048660133
0.048625347
0.048684758
0.048679347
0.048687262
0.048217278
0.048363057
0.048357519
0.048374184
0.048368611
0.048222269
0.048568524
0.048483491
0.048489522
0.047057089
0.047463635
0.047460982
0.047468953
0.047466284
0.047058489
0.048032783
0.047784825
0.047788396
0.043759945
0.04492779
0.044932516
0.044918315
0.044923055
0.043751648
0.046524529
0.045828738
0.045826685
0.034169005
0.03758027
0.037605747
0.037529551
0.037554867
0.034134255
0.042210345
0.040190988
0.040172759
0.011806789
0.018228893
0.018287821
0.018113208
0.018170707
0.011756291
0.029772542
0.024389185
0.024335965
0.0028631107
0.0031753282
0.0031648235
0.0031964721
0.0031858704
0.0028646394
0.0065417511
0.003737321
0.003733117
0.0037160547
0.0028541133
0.0028504246
0.0028613823
0.0028577621
0.003723161
0.0035625594
0.0033811897
0.0033810284
0.013336207
0.010395982
0.01038324
0.01042059
0.010408421
0.013348199
0.005424137
0.0076983759
0.0077098593
0.024242563
0.021768872
0.021757941
0.021789752
0.021779399
0.02425278
0.016300899
0.019132858
0.019143448
0.032876872
0.030885826
0.030878283
0.030901114
0.030893673
0.032884599
0.026582497
0.028787326
0.028795872
0.039598382
0.038133365
0.038124796
0.03814988
0.038141701
0.039606278
0.034756077
0.036515536
0.036523912
0.044195605
0.043233534
0.043226982
0.043246191
0.043239956
0.044202004
0.040932715
0.042145076
0.04215168
0.047086116
0.046491232
0.046484439
0.046504519
0.04649794
0.047092932
0.045051263
0.04581538
0.04582185
0.048844101
0.048485416
0.048478172
0.048499676
0.048492601
0.048851292
0.047610824
0.048075749
0.048082864
0.049778565
0.049615927
0.049607321
0.049632935
0.049624477
0.049787536
0.049152326
0.04941173
0.04941971
0.050185456
0.050099704
0.050089036
0.050120922
0.050110339
0.050195374
0.049907228
0.050011309
0.050021495
0.048978732
0.049105659
0.049090975
0.049135514
0.049120733
0.048992204
0.049538965
0.049294217
0.049310408
0.048721072
0.048741298
0.048730169
0.04876373
0.048752509
0.048731896
0.048873403
0.048794215
0.048806155
0.048705838
0.048699537
0.048690097
0.048718607
0.048709041
0.048714837
0.048718957
0.04870983
0.048719885
0.048646381
0.048682638
0.048675101
0.048697823
0.048690217
0.048653451
0.04871849
0.048711273
0.04871936
0.048237311
0.048385368
0.048379768
0.048396597
0.048390976
0.048242343
0.048594601
0.048507715
0.04851381
0.04706272
0.047474299
0.047471616
0.047479664
0.047476972
0.047064137
0.048050116
0.047799158
0.047802758
0.043726893
0.044908882
0.044913593
0.044899504
0.044904188
0.043718685
0.04652417
0.0458205
0.045818432
0.034031087
0.037479144
0.037504304
0.037429049
0.037454052
0.033997045
0.042161055
0.040118392
0.040100374
0.011610044
0.018000305
0.018056423
0.01789009
0.017944872
0.011563016
0.029596898
0.02417905
0.024127635
0.0028695075
0.0032178086
0.0032071103
0.0032393405
0.0032285442
0.0028712224
0.0064364766
0.0037221855
0.0037190666
0.0037438044
0.0028685153
0.0028649629
0.0028755207
0.002872031
0.0037504654
0.0035953882
0.003380957
0.0033810517
0.01338252
0.010444094
0.010432476
0.010466558
0.010455456
0.013393423
0.0054613273
0.0077429054
0.0077534845
0.024281671
0.021809569
0.021799746
0.021828427
0.021819078
0.024290731
0.016343189
0.019173752
0.019183379
0.032906196
0.030915495
0.030908549
0.03092866
0.03092236
0.032913019
0.026617389
0.028819949
0.028827418
0.039628881
0.038165492
0.038157785
0.038180292
0.038172966
0.039636015
0.034786533
0.036548182
0.036555734
0.044220273
0.043258252
0.043252311
0.043269768
0.043264092
0.04422609
0.040960503
0.042170632
0.042176695
0.047112808
0.04651739
0.046511016
0.046529883
0.046523691
0.047119253
0.045075733
0.045840523
0.045846539
0.048872478
0.048513618
0.048506698
0.048527268
0.048520491
0.048879435
0.047638204
0.048103643
0.04811039
0.049814082
0.049649661
0.049641342
0.04966613
0.049657936
0.04982281
0.049181905
0.049443258
0.049450998
0.050229069
0.050141889
0.050131372
0.050162861
0.050152398
0.050239003
0.049944784
0.050051126
0.050061154
0.049032672
0.049165924
0.049150834
0.049196401
0.049181134
0.049046637
0.049607549
0.049359103
0.049375665
0.048764685
0.048786368
0.048775053
0.048809287
0.048797837
0.048775781
0.048933723
0.048841935
0.048854019
0.048742154
0.048737913
0.048728231
0.048757432
0.048747645
0.048751361
0.048761232
0.048750394
0.04876069
0.048674804
0.048713138
0.048705469
0.048728567
0.048720842
0.04868197
0.048752992
0.048743847
0.048752075
0.048257477
0.048407859
0.048402223
0.048419147
0.048413499
0.048262531
0.048620983
0.048532164
0.048538302
0.047068399
0.047485044
0.047482345
0.047490431
0.047487729
0.047069822
0.048067544
0.047813591
0.04781721
0.043694191
0.04489018
0.044894837
0.044880911
0.044885541
0.043686073
0.046523793
0.045812205
0.045810126
0.033895944
0.037379263
0.037404111
0.03732979
0.037354481
0.033862575
0.042112137
0.04004663
0.040028819
0.011426709
0.017782485
0.017835969
0.01767743
0.017729645
0.011382851
0.029425742
0.023976004
0.023926316
0.0028767037
0.0032610668
0.0032501735
0.0032829881
0.0032719971
0.0028786407
0.0063408031
0.0037112551
0.0037091365
0.0037698946
0.0028824073
0.0028789764
0.0028891844
0.0028858072
0.0037761954
0.0036373378
0.0033816868
0.0033820041
0.013424668
0.010488068
0.010477439
0.010508714
0.010498508
0.013434621
0.0054959423
0.0077840437
0.007793877
0.024316494
0.021846421
0.021837497
0.02186357
0.021855099
0.024324616
0.016381677
0.019210884
0.019219593
0.032932577
0.030941169
0.030934974
0.03095351
0.030947499
0.032939024
0.02664783
0.028848856
0.028855745
0.039656499
0.038194293
0.03818736
0.038207506
0.038200975
0.039663101
0.034814319
0.036576751
0.036583375
0.044242829
0.043280819
0.043275366
0.043291473
0.043286211
0.044248209
0.040986033
0.042194222
0.042199867
0.047138057
0.046542034
0.046536008
0.046553884
0.046548001
0.047144158
0.045098419
0.045864052
0.045869744
0.048900011
0.048540638
0.048533998
0.048553756
0.04854724
0.04890679
0.047664075
0.048130111
0.04813652
0.049848664
0.049682365
0.049674286
0.049698395
0.049690414
0.049857177
0.049210816
0.049473933
0.049481503
0.05027258
0.05018365
0.050173221
0.050204495
0.050194089
0.050282595
0.049981618
0.050090421
0.050100327
0.049088184
0.049227045
0.049211704
0.049257767
0.049242427
0.049101942
0.049678117
0.049425206
0.04944202
0.04880933
0.048832412
0.0488209
0.048856164
0.04884425
0.048820719
0.048983928
0.048897967
0.048910088
0.048779229
0.04877714
0.048767263
0.048797007
0.048787054
0.048788597
0.048804514
0.048791822
0.048802319
0.048703568
0.048744096
0.048736324
0.048759707
0.048751896
0.048710804
0.048788112
0.048776936
0.048785268
0.048277715
0.048430452
0.048424797
0.048441771
0.04843611
0.04828278
0.048647586
0.04855676
0.048562926
0.047074089
0.047495823
0.047493119
0.047501213
0.04749851
0.04707551
0.048085031
0.047828087
0.047831716
0.043661861
0.044871704
0.044876302
0.044862559
0.044867125
0.043653843
0.046523379
0.045803846
0.04580174
0.033763466
0.037280635
0.037305167
0.037231803
0.037256173
0.033730756
0.042063639
0.039975707
0.039958112
0.011255684
0.017574883
0.017625849
0.01747481
0.017524543
0.011214768
0.029258906
0.02377982
0.023731832
0.0028848495
0.0033051026
0.0032940152
0.0033274097
0.0033162256
0.0028870485
0.0062536575
0.0037042245
0.0037030398
0.0037946684
0.00289586
0.0028925331
0.0029024405
0.0028991602
0.0038006863
0.0036886593
0.0033832886
0.0033838216
0.013463272
0.010528604
0.010518768
0.010547832
0.010538316
0.013472454
0.0055285299
0.0078224432
0.0078316927
0.024347513
0.021879838
0.021871792
0.021895382
0.021887693
0.024354731
0.016416819
0.019244449
0.019252303
0.032957232
0.030965434
0.030959521
0.030977414
0.030971556
0.032963271
0.026674949
0.028875074
0.028881261
0.039682451
0.038220085
0.038213858
0.038232148
0.038226181
0.039688705
0.034841012
0.036602853
0.036609037
0.044263824
0.043301777
0.043296686
0.043311746
0.043306822
0.044268875
0.041009967
0.042216248
0.042221513
0.047161995
0.046565468
0.046559713
0.046576813
0.046571172
0.047167794
0.045119894
0.045886447
0.045891908
0.04892689
0.048566621
0.04856023
0.048579253
0.048572976
0.048933523
0.047688537
0.048155264
0.04816136
0.049882437
0.049714244
0.049706351
0.049729936
0.049722118
0.049890769
0.049239298
0.049504017
0.049511469
0.050316267
0.050225216
0.050214817
0.050246031
0.050235633
0.050326421
0.050017829
0.050129321
0.050139133
0.049143503
0.049288495
0.049273137
0.049319231
0.049303877
0.049157382
0.049750516
0.049492118
0.049509032
0.048855039
0.048880135
0.048868164
0.048908832
0.048896751
0.048866769
0.049035312
0.048946541
0.048959032
0.048816854
0.048817002
0.048806991
0.048837083
0.048827034
0.048826327
0.048848618
0.048833912
0.048844551
0.048732573
0.048775384
0.048767543
0.048791107
0.048783246
0.048739857
0.048823653
0.048810378
0.048818769
0.048297983
0.048453096
0.048447433
0.048464423
0.04845876
0.048303051
0.048674338
0.048581444
0.048587625
0.047079768
0.047506598
0.047503898
0.047511974
0.04750928
0.047081183
0.048102545
0.047842608
0.047846235
0.04362995
0.044853483
0.044858014
0.044844477
0.044848973
0.043622045
0.046522924
0.045795395
0.045793274
0.033633617
0.037183299
0.037207504
0.037135126
0.037159166
0.033601559
0.04201556
0.039905658
0.039888285
0.011096114
0.017377182
0.017425696
0.017281962
0.017329275
0.011057938
0.029096332
0.023590425
0.023544126
0.0028941092
0.0033499092
0.0033386288
0.0033726019
0.0033612247
0.0028966096
0.0061741648
0.0037008463
0.0037005379
0.0038183892
0.0029089305
0.0029056951
0.0029153337
0.002912141
0.0038241703
0.003749234
0.0033857646
0.0033865219
0.013499077
0.010566508
0.010557258
0.010584724
0.010575695
0.013507692
0.0055595343
0.007858709
0.0078675043
0.024375372
0.021909847
0.021902747
0.021923603
0.021916782
0.0243819
0.016449149
0.019274784
0.019282008
0.032981384
0.030988954
0.030983376
0.031000401
0.030994687
0.032987303
0.026699394
0.028899
0.028904647
0.039706693
0.038243945
0.038238055
0.038255478
0.038249703
0.039712424
0.034865309
0.036626613
0.036632194
0.04428357
0.043321364
0.043316615
0.043330619
0.043326052
0.044288324
0.04103229
0.042236682
0.042241541
0.047184788
0.046587942
0.046582405
0.04659886
0.046593425
0.047190325
0.045140441
0.045907987
0.045913251
0.048953196
0.048591645
0.048585488
0.048603805
0.048597762
0.048959682
0.047711727
0.048179197
0.048185002
0.049915532
0.04974549
0.049737739
0.04976092
0.049753228
0.049923713
0.049267444
0.049533675
0.049541031
0.050360347
0.050266763
0.050256355
0.050287604
0.050277188
0.050370669
0.050053503
0.050167938
0.050177673
0.049199039
0.049349911
0.04933458
0.049380582
0.049365259
0.049212942
0.049824361
0.049559388
0.049576339
0.048902046
0.048933148
0.048920892
0.04895761
0.048945345
0.048916872
0.049087201
0.048996734
0.04900944
0.048854785
0.048857234
0.048847157
0.048877391
0.048867326
0.048864308
0.048893308
0.048876357
0.048887133
0.048761726
0.048806866
0.04879899
0.048822643
0.048814761
0.048769039
0.048859408
0.04884401
0.048852421
0.048318247
0.048475748
0.048470087
0.048487066
0.04848141
0.048323308
0.048701179
0.048606168
0.048612355
0.047085417
0.047517335
0.047514649
0.047522677
0.047520002
0.047086821
0.048120051
0.047857108
0.047860723
0.043598488
0.044835541
0.044840002
0.044826675
0.044831101
0.043590695
0.046522424
0.045786902
0.045784776
0.033506354
0.037087282
0.037111158
0.037039769
0.037063481
0.03347493
0.041967874
0.039836498
0.039819345
0.010947241
0.017189107
0.01723524
0.017098556
0.017143542
0.010911608
0.028937969
0.023407731
0.02336308
0.0029045886
0.003395491
0.003384016
0.0034185794
0.0034070051
0.0029073889
0.0061015942
0.0037009086
0.0037014251
0.0038412092
0.0029216533
0.002918502
0.0029278933
0.0029247811
0.0038467828
0.0038129355
0.0033891577
0.0033901527
0.013532903
0.010602566
0.010593716
0.010620089
0.010611388
0.013541129
0.0055892745
0.0078933273
0.007901772
0.024400431
0.021936824
0.021930311
0.021949615
0.02194328
0.024406483
0.016479593
0.019302843
0.01930954
0.033004228
0.031011458
0.031006052
0.031022415
0.031016995
0.033009774
0.026721467
0.028920775
0.028926017
0.039728783
0.038266772
0.038261211
0.03827758
0.038272251
0.039733947
0.034887927
0.036648257
0.036653427
0.04430213
0.043339503
0.043335121
0.043348026
0.04334382
0.044306587
0.041052485
0.042255506
0.042259971
0.047206587
0.046609576
0.046604238
0.046620085
0.046614849
0.047211895
0.045160102
0.045928741
0.045933803
0.04897889
0.048615728
0.048609804
0.048627418
0.048621608
0.048985206
0.047733809
0.048202004
0.048207545
0.049948057
0.049776232
0.049768599
0.049791427
0.04978385
0.049956106
0.049295192
0.049562938
0.049570184
0.050404902
0.050308373
0.050297944
0.050329237
0.050318805
0.050415384
0.050088699
0.050206326
0.050215983
0.049254892
0.049411241
0.049395916
0.049441934
0.049426584
0.049268932
0.049899144
0.049626808
0.049643775
0.048952364
0.04898252
0.04897011
0.049007668
0.048995032
0.048964185
0.049140261
0.049048271
0.049061378
0.048892803
0.048897557
0.048887505
0.048917707
0.048907711
0.048902332
0.048940908
0.048919139
0.048929823
0.048790954
0.048838432
0.048830547
0.048854221
0.048846339
0.048798284
0.048895201
0.0488777
0.048886104
0.048338471
0.048498375
0.048492723
0.048509672
0.048504026
0.048343517
0.048728068
0.048630899
0.04863709
0.04709101
0.047527996
0.047525333
0.047533289
0.04753064
0.047092396
0.048137512
0.047871547
0.04787514
0.043567464
0.044817873
0.044822267
0.044809123
0.044813496
0.043559778
0.046521782
0.045778394
0.045776264
0.033381583
0.036992583
0.037016132
0.036945722
0.036969109
0.033350762
0.041920615
0.039768208
0.039751268
0.010808284
0.017010246
0.017054119
0.016924106
0.016966906
0.010775018
0.028783684
0.023231513
0.023188431
0.0029162509
0.003441873
0.0034301961
0.0034653755
0.0034535937
0.0029193367
0.0060352995
0.0037042067
0.0037054991
0.0038632393
0.0029340582
0.0029309826
0.002940153
0.0029371118
0.0038686312
0.0038780898
0.0033935253
0.0033947745
0.01356533
0.010637339
0.010628765
0.010654346
0.010645885
0.01357326
0.0056180047
0.0079266585
0.007934827
0.02442398
0.021961861
0.021955792
0.021973608
0.021967773
0.02442963
0.01650869
0.019328878
0.019335115
0.033025378
0.03103287
0.031027693
0.031043382
0.03103819
0.033030442
0.02674264
0.028941398
0.028946518
0.039748671
0.038287974
0.038282808
0.038297819
0.038292942
0.039753322
0.034908602
0.036668775
0.036673878
0.044319526
0.043356234
0.043352178
0.043364181
0.043360249
0.04432371
0.041070295
0.04227284
0.042276975
0.047227509
0.046630389
0.046625251
0.046640481
0.046635448
0.047232613
0.045178867
0.045948677
0.045953528
0.049003866
0.048638878
0.048633182
0.048650114
0.048644527
0.049009986
0.047754961
0.048223809
0.048229124
0.049980074
0.0498065
0.049798985
0.049821443
0.049813992
0.049988002
0.049322374
0.04959171
0.049598809
0.050449858
0.050350014
0.050339581
0.050370851
0.050360431
0.050460454
0.050123447
0.050244464
0.050254032
0.049311444
0.0494727
0.049457312
0.049503582
0.049488127
0.049325716
0.049974463
0.049694392
0.049711408
0.049000222
0.049033137
0.049020378
0.049058789
0.049045917
0.049012291
0.049194719
0.049101232
0.049114676
0.048930692
0.048937873
0.048927841
0.048959753
0.048949599
0.048940255
0.048986111
0.048963803
0.04897452
0.048820211
0.048870007
0.048862131
0.048885786
0.048877919
0.04882756
0.048930895
0.048911361
0.04891972
0.048358631
0.04852096
0.048515318
0.048532239
0.0485266
0.048363662
0.048754994
0.048655628
0.04866183
0.047096519
0.047538552
0.047535919
0.047543784
0.047541167
0.047097879
0.048154904
0.047885894
0.04788946
0.043536845
0.044800384
0.044804752
0.044791656
0.044796018
0.043529257
0.046520981
0.045769901
0.045767797
0.033259187
0.036899184
0.036922411
0.036852967
0.036876035
0.033228942
0.041873786
0.039700758
0.03968402
0.01067844
0.016840065
0.016881828
0.016758053
0.016798815
0.01064735
0.028633293
0.023061451
0.023019854
0.0029290432
0.0034890913
0.0034772014
0.0035130217
0.0035010232
0.0029324027
0.0059746624
0.003710558
0.0037125804
0.0038845777
0.0029461823
0.002943173
0.0029521489
0.0029491711
0.0038898051
0.0039448158
0.0033989306
0.0034004526
0.01359668
0.010671134
0.010662777
0.010687714
0.010679459
0.013604374
0.0056459187
0.0079589601
0.0079668863
0.024445866
0.021985015
0.021979358
0.02199604
0.021990563
0.024451124
0.016536692
0.019353321
0.019359241
0.033045598
0.031053664
0.031048529
0.031063802
0.031058741
0.033050587
0.026763325
0.028961353
0.02896632
0.03976647
0.0383072
0.038302644
0.038316048
0.038311646
0.039770573
0.034928945
0.036688798
0.036693724
0.044335911
0.043371918
0.043368083
0.043379495
0.043375734
0.044339878
0.041086667
0.042289014
0.042292931
0.047247644
0.04665036
0.04664543
0.046660022
0.0466552
0.047252561
0.045196773
0.045967765
0.045972399
0.049028032
0.048661145
0.048655659
0.048671983
0.04866659
0.049033946
0.047775362
0.048244783
0.048249922
0.050011609
0.049836248
0.049828866
0.049850904
0.049843596
0.050019419
0.049348805
0.049619838
0.049626755
0.050495006
0.050391572
0.050381168
0.050412313
0.05040194
0.050505651
0.050157767
0.050282283
0.05029175
0.049369041
0.049534614
0.049519084
0.04956583
0.049550202
0.049383617
0.050050164
0.049762336
0.049779477
0.049048746
0.049084655
0.049071681
0.049110718
0.049097639
0.049060947
0.049250622
0.049155427
0.049169164
0.048969964
0.048979544
0.048969506
0.048999397
0.04898943
0.048979145
0.049031667
0.049006358
0.049016999
0.048849497
0.048901555
0.048893706
0.048917287
0.048909461
0.048856886
0.048967806
0.048944954
0.048953303
0.048378731
0.048543517
0.048537876
0.0485548
0.048549154
0.048383751
0.048781979
0.048680383
0.048686617
0.047101929
0.047548986
0.047546385
0.047554159
0.047551573
0.047103265
0.048172229
0.047900144
0.047903682
0.043506583
0.044782937
0.044787294
0.044774227
0.04477858
0.043499082
0.046520224
0.045761581
0.045759515
0.033139062
0.036807068
0.036829979
0.036761482
0.036784238
0.03310937
0.041827371
0.039634105
0.039617557
0.010556929
0.016678001
0.016717794
0.016599848
0.0166387
0.010527793
0.028486617
0.02289722
0.022857034
0.0029429266
0.0035371662
0.0035250598
0.0035615221
0.0035493104
0.0029465533
0.005919093
0.0037198106
0.0037225332
0.0039052455
0.0029580494
0.0029551049
0.0029638805
0.0029609712
0.0039102905
0.0040131952
0.0034054403
0.0034072472
0.013627111
0.010704073
0.010695927
0.01072013
0.010712133
0.013634538
0.0056729918
0.0079902517
0.0079978874
0.024466539
0.02200677
0.022001461
0.022017074
0.022011951
0.024471402
0.016563738
0.019376568
0.019382172
0.033065485
0.031073867
0.03106887
0.031083583
0.031078764
0.033070445
0.026783269
0.028980721
0.028985391
0.039782237
0.038324551
0.038320288
0.038332729
0.03832868
0.039785975
0.034949263
0.036708274
0.03671302
0.044351509
0.043386928
0.043383236
0.043394223
0.043390597
0.0443553
0.041102618
0.042304467
0.042308243
0.047267051
0.046669461
0.046664749
0.046678676
0.046674075
0.047271793
0.045213854
0.045985975
0.045990383
0.049051384
0.048682659
0.048677342
0.048693189
0.048687942
0.049057106
0.04779517
0.048265132
0.048270146
0.050042673
0.049865407
0.049858175
0.049879752
0.049872598
0.050050367
0.049374387
0.049647206
0.049653927
0.050540087
0.050432911
0.050422569
0.050453497
0.050443201
0.050550715
0.050191684
0.050319716
0.050329083
0.049427859
0.049597248
0.049581512
0.049628878
0.049613033
0.04944274
0.050126356
0.049830922
0.049848226
0.049097721
0.049136986
0.049123804
0.049163454
0.049150172
0.04911002
0.049307926
0.049210765
0.049224781
0.049007273
0.049019327
0.049009392
0.049039185
0.049029286
0.049016674
0.049077287
0.049048846
0.049059411
0.048878797
0.048933146
0.04892528
0.048951695
0.048943731
0.048886289
0.049003233
0.048980388
0.048988903
0.0483988
0.048566097
0.048560439
0.048577412
0.048571741
0.048403824
0.048809049
0.048705228
0.048711535
0.047107255
0.047559305
0.047556733
0.047564428
0.047561869
0.047108568
0.048189507
0.04791431
0.047917821
0.043476617
0.044765524
0.044769873
0.044756828
0.044761174
0.04346919
0.046519546
0.04575343
0.04575138
0.033021115
0.036716203
0.036738808
0.036671224
0.036693681
0.032991949
0.041781341
0.039568191
0.039551812
0.010443032
0.016523543
0.01656148
0.016448965
0.01648605
0.010415681
0.0283435
0.022738513
0.022699656
0.0029578885
0.0035860819
0.0035737689
0.0036108466
0.0035984301
0.0029617838
0.005868074
0.0037318619
0.0037352675
0.003925138
0.0029696361
0.0029667648
0.0029753159
0.0029724826
0.0039299736
0.0040832262
0.0034130891
0.0034151745
0.013656277
0.010735852
0.01072801
0.010751194
0.010743558
0.013663363
0.0056989923
0.0080202529
0.008027528
0.024485646
0.022027
0.022022072
0.022036613
0.022031829
0.024490214
0.016589401
0.019398468
0.019403737
0.033085275
0.031093294
0.031088426
0.031102845
0.031098059
0.033090168
0.026801982
0.02899927
0.029003816
0.039797012
0.038340588
0.038336675
0.038348223
0.038344411
0.039800616
0.034969554
0.036727056
0.036731572
0.044366411
0.043401369
0.043397817
0.043408354
0.043404881
0.044370024
0.04111813
0.04231934
0.042322955
0.047285763
0.046687656
0.046683172
0.046696402
0.046692034
0.047290331
0.045230071
0.046003252
0.046007416
0.049074023
0.04870361
0.048698412
0.048713937
0.048708783
0.049079594
0.047814496
0.048285054
0.048289987
0.050073286
0.049893944
0.049886865
0.049907986
0.049900981
0.050080873
0.049399147
0.049673798
0.049680333
0.050584869
0.050473923
0.050463668
0.050494318
0.050484117
0.050595431
0.05022524
0.050356743
0.050366019
0.049487855
0.049660728
0.049644772
0.049692785
0.049676719
0.049503014
0.05020311
0.049900273
0.049917762
0.049147061
0.049190126
0.049176742
0.049216971
0.0492035
0.049159431
0.049366541
0.049267226
0.049281512
0.049044777
0.049058935
0.049049092
0.049078572
0.049068788
0.049054123
0.04912277
0.049090957
0.049101404
0.048912106
0.048967614
0.048959654
0.048983468
0.04897554
0.04891974
0.049038755
0.049014069
0.049022515
0.048418885
0.048588718
0.048583061
0.048600265
0.048594437
0.048423922
0.048841082
0.04873037
0.048742692
0.047112515
0.04756953
0.047566983
0.047574615
0.047572078
0.047113802
0.048206771
0.047928426
0.047931915
0.043446868
0.044748137
0.04475248
0.04473945
0.04474379
0.043439476
0.046518845
0.045745364
0.045743295
0.032905235
0.036626535
0.03664885
0.036582132
0.036604306
0.03287657
0.041735654
0.039502926
0.039486698
0.01033592
0.016376064
0.016412313
0.016304792
0.016340235
0.010310141
0.028203772
0.022584999
0.022547395
0.0029739481
0.0036358015
0.0036232925
0.0036609372
0.003648337
0.0029781191
0.0058210739
0.0037466227
0.0037506966
0.0039441804
0.0029809231
0.0029781253
0.0029864653
0.0029836988
0.0039488114
0.0041548052
0.0034218436
0.0034241962
0.013683981
0.010766106
0.010758685
0.010780632
0.010773402
0.013690609
0.0057238582
0.0080488468
0.0080557788
0.024503558
0.02204586
0.022041262
0.02205471
0.022050334
0.02450785
0.016613541
0.01941888
0.019423737
0.033104432
0.031112139
0.031107513
0.031121089
0.031116623
0.033109015
0.026819684
0.029017157
0.029021418
0.039811156
0.038355661
0.038351945
0.038362932
0.038359295
0.039814571
0.034989351
0.036744729
0.036749007
0.044380571
0.043415167
0.04341178
0.043421792
0.043418498
0.044383987
0.041132989
0.04233352
0.042336949
0.047303786
0.046704909
0.046700661
0.046713181
0.046709049
0.047308184
0.045245347
0.046019535
0.046023447
0.049096127
0.048724201
0.048719075
0.048734412
0.04872931
0.049101592
0.047833397
0.048304695
0.048309571
0.05010349
0.049921888
0.049914951
0.049935661
0.049928787
0.050110982
0.04942322
0.049699693
0.049706074
0.050629198
0.050514548
0.050504392
0.050534739
0.050524639
0.050639668
0.050258485
0.050393394
0.050402592
0.049548935
0.049725063
0.049708883
0.049757567
0.049741278
0.049564363
0.050280508
0.049970411
0.049988079
0.049196603
0.049243994
0.049230436
0.049271137
0.049257522
0.049208988
0.049426388
0.049324745
0.049339284
0.049082032
0.04909809
0.049088368
0.049117488
0.049107827
0.049091323
0.049167885
0.04913253
0.049142814
0.048941951
0.048999413
0.048991437
0.049015395
0.0490074
0.048949401
0.049074268
0.049047891
0.049056365
0.048448048
0.048619422
0.048613294
0.0486313
0.048625528
0.048453552
0.048868898
0.048762198
0.048768505
0.047117723
0.047579671
0.047577157
0.047584748
0.047582185
0.047118975
0.048234862
0.047942564
0.047946298
0.043417239
0.044730765
0.044735101
0.044722083
0.044726414
0.043409877
0.046518097
0.045737245
0.045735097
0.032791319
0.036538007
0.036560045
0.036494157
0.03651606
0.032763131
0.041690268
0.039438235
0.039422142
0.010235021
0.016235069
0.016269748
0.016166826
0.016200774
0.010210674
0.028067275
0.02243636
0.02239992
0.0029911284
0.0036862494
0.003673562
0.0037117285
0.0036989586
0.0029955739
0.0057777442
0.0037640384
0.0037687688
0.0039624521
0.0029919521
0.0029892119
0.0029973904
0.002994673
0.0039669097
0.0042277981
0.0034316523
0.0034342598
0.013709915
0.010794863
0.010787769
0.010808797
0.010801843
0.013716177
0.0057478427
0.0080762542
0.0080829642
0.024519984
0.022063145
0.022058932
0.022071188
0.022067192
0.024523817
0.016635759
0.01943766
0.019442097
0.033122405
0.031129637
0.031125364
0.031137821
0.031133739
0.033126703
0.026836002
0.029033553
0.02903738
0.039824553
0.038370037
0.038366482
0.038376964
0.038373493
0.039827793
0.035008144
0.036761589
0.036765628
0.044393932
0.043428235
0.043425031
0.043434492
0.043431379
0.044397148
0.041147032
0.042346943
0.042350181
0.047321134
0.046721221
0.046717205
0.046729036
0.046725131
0.047325365
0.045259645
0.046034816
0.046038484
0.049117872
0.048744586
0.048739499
0.048754724
0.048749653
0.049123269
0.047851887
0.048324124
0.048328949
0.050133336
0.049949315
0.049942498
0.049962863
0.049956097
0.050140746
0.049446777
0.049725024
0.049731283
0.050673006
0.050554762
0.05054471
0.050574741
0.050564748
0.050683376
0.050291458
0.050429716
0.050438845
0.049611091
0.049790319
0.049773896
0.04982333
0.049806778
0.049626798
0.050358563
0.050041344
0.050059209
0.049246076
0.049298398
0.049284727
0.0493257
0.049312009
0.049258391
0.049487406
0.049383209
0.049397955
0.049119091
0.049136758
0.04912716
0.04915592
0.049146381
0.049128342
0.049212367
0.04917341
0.049183504
0.048971834
0.049031436
0.049023409
0.049047542
0.049039483
0.048979346
0.04910982
0.04908186
0.049090378
0.048469409
0.048642805
0.048637048
0.048654362
0.048648582
0.048474458
0.048896623
0.048787598
0.048793992
0.047123163
0.0476061
0.047587564
0.047613015
0.047609802
0.047146242
0.048253584
0.047971684
0.047975221
0.043387709
0.044713319
0.044717724
0.044705091
0.044708969
0.043380369
0.04654166
0.04572946
0.045757307
0.032679287
0.036450577
0.036472348
0.036407268
0.036428906
0.032651558
0.041645147
0.039374071
0.039358096
0.010139625
0.016100003
0.016133249
0.016034554
0.016067122
0.01011657
0.02793386
0.022292257
0.022256905
0.0030094159
0.0037373665
0.0037245177
0.0037631602
0.0037502333
0.0030141235
0.0057377112
0.0037840857
0.0037894736
0.0039800662
0.0030027858
0.0030000888
0.0030081431
0.0030054645
0.0039843671
0.0043021209
0.0034424512
0.003445292
0.013734498
0.010822402
0.010815621
0.010835689
0.010829076
0.013740426
0.0057709707
0.0081027136
0.0081091949
0.02453482
0.022078857
0.022075032
0.022086158
0.022082531
0.024538309
0.016656492
0.019454898
0.019459017
0.033139136
0.031145606
0.031141709
0.031153135
0.03114935
0.033143209
0.026850753
0.029048444
0.029051981
0.039837302
0.038383727
0.03838034
0.038390292
0.038387001
0.039840434
0.035025678
0.03677709
0.036780756
0.044406514
0.043440585
0.04343755
0.043446528
0.043443566
0.044409549
0.041160247
0.042359643
0.042362723
0.047337831
0.046736638
0.04673284
0.046744038
0.046740339
0.047341906
0.04527302
0.046049158
0.04605261
0.049139375
0.048764825
0.048759772
0.048774885
0.048769852
0.049144717
0.047869958
0.048343338
0.048348101
0.05016287
0.04997631
0.049969594
0.049989666
0.049982994
0.050170205
0.049469947
0.049749908
0.049756068
0.05071628
0.050594549
0.050584608
0.050614306
0.050604426
0.050726548
0.050324177
0.05046574
0.050474798
0.049674403
0.049856611
0.049839912
0.049890166
0.049873327
0.049690404
0.050437311
0.05011312
0.050131202
0.049295139
0.049353029
0.049339334
0.049380309
0.049366645
0.049307301
0.049549497
0.049442403
0.049457284
0.049156023
0.049174976
0.049165488
0.049193955
0.049184505
0.049165256
0.049255981
0.049213537
0.049223449
0.049001984
0.049063716
0.04905562
0.049079965
0.049071831
0.049009564
0.049145473
0.049116037
0.049124614
0.048489652
0.048665958
0.048660156
0.048677606
0.048671781
0.048494729
0.048924632
0.048813274
0.04881973
0.047151613
0.047617955
0.04761551
0.047622823
0.047620394
0.047152748
0.048270779
0.047985534
0.047988955
0.043410096
0.044737118
0.044737566
0.044730115
0.044734481
0.04340686
0.046544713
0.045756488
0.045754306
0.032569124
0.036364302
0.036385738
0.036416335
0.036343874
0.032542751
0.041662744
0.039378618
0.039372095
0.010049296
0.015970437
0.016002349
0.015908083
0.015938895
0.010027424
0.027803456
0.022152488
0.022118804
0.0030287643
0.0037891071
0.0037761038
0.0038152047
0.0038021262
0.0030337197
0.0057007831
0.003806734
0.0038127556
0.0039971048
0.0030134675
0.0030108048
0.0030187488
0.0030161138
0.0040012767
0.0043777457
0.0034541603
0.0034572317
0.013757811
0.01084866
0.010842183
0.010861293
0.010854981
0.013763463
0.0057932184
0.0081283134
0.0081345476
0.024548559
0.022093164
0.022089676
0.022099977
0.022096566
0.024551842
0.016675962
0.0194712
0.019475062
0.033155161
0.031160556
0.031156817
0.03116788
0.031164193
0.033159023
0.026864275
0.02906238
0.029065755
0.039849823
0.038396678
0.038393461
0.038402984
0.038399796
0.039852937
0.035042082
0.036791568
0.03679504
0.044418426
0.043452341
0.043449441
0.043458033
0.043455193
0.044421316
0.041172937
0.042371781
0.042374741
0.047353922
0.046751251
0.046747646
0.046758288
0.046754771
0.047357852
0.045285596
0.046062685
0.046065953
0.049160657
0.048784893
0.048779886
0.048794839
0.048789862
0.049165938
0.047887597
0.048362285
0.048366971
0.050192113
0.05000293
0.049996303
0.050016105
0.050009522
0.050199377
0.049492781
0.049774408
0.049780473
0.050759025
0.050633887
0.050624063
0.050653407
0.050643648
0.050769192
0.050356632
0.050501461
0.050510436
0.04973887
0.049924005
0.049907021
0.04995811
0.049941
0.049755146
0.05051682
0.050185812
0.050204124
0.049343477
0.049407509
0.049393891
0.049434573
0.04942103
0.049355423
0.049612449
0.049502012
0.049516936
0.049192925
0.049212862
0.049203447
0.049231738
0.049222336
0.049202167
0.049298638
0.049252991
0.049262767
0.049032416
0.049096283
0.049088115
0.049112674
0.049104467
0.049040065
0.049181294
0.049150465
0.049159114
0.048510006
0.048689295
0.048683446
0.048701008
0.048695143
0.048515112
0.048952931
0.048839192
0.048845698
0.04715616
0.047627658
0.047625243
0.04763249
0.047630067
0.047157283
0.048288029
0.047999253
0.048002674
0.04338445
0.044721045
0.044725579
0.044711966
0.044716508
0.043376764
0.046543353
0.045747728
0.045745545
0.032574523
0.03638189
0.036402818
0.036338065
0.036359959
0.032547353
0.041621615
0.039327594
0.039311367
0.010065669
0.015972276
0.015978016
0.015915729
0.015946443
0.010049538
0.027809985
0.022163203
0.022128491
0.003049305
0.0038412238
0.003828262
0.0038698547
0.0038562462
0.0030628069
0.0057279595
0.0038506058
0.0038569344
0.0040135958
0.0030239869
0.0030213784
0.0030327371
0.0030304749
0.0040010032
0.0044421202
0.0034808469
0.003484555
0.013780116
0.010873514
0.010867476
0.010853542
0.010847498
0.013785449
0.0057865619
0.0081173687
0.0081221106
0.024561355
0.022106574
0.022103288
0.022112966
0.022109771
0.024564442
0.016694393
0.019486557
0.019490283
0.033170429
0.031174864
0.031171359
0.031181896
0.0311783
0.033174139
0.026877124
0.029075548
0.029078742
0.0398622
0.038409272
0.038406087
0.038415536
0.038412369
0.039865245
0.035057038
0.036805072
0.036808313
0.044429801
0.043463605
0.043460823
0.043469054
0.043466334
0.044432571
0.041185233
0.042383474
0.042386332
0.047369451
0.046765165
0.046761728
0.046771892
0.04676853
0.047373248
0.045297517
0.046075523
0.046078636
0.049181671
0.048804712
0.048799772
0.048814501
0.048809603
0.049186872
0.047904798
0.048380906
0.048385504
0.050221062
0.050029185
0.05002265
0.050042171
0.050035683
0.050228247
0.049515255
0.049798522
0.049804485
0.050801244
0.050672749
0.050663049
0.050692025
0.050682391
0.050811307
0.050388797
0.050536846
0.050545723
0.049804352
0.049992478
0.049975228
0.050027064
0.050009715
0.049820836
0.050597248
0.050259452
0.050278013
0.049390909
0.049461473
0.049448018
0.049488175
0.049474822
0.049402618
0.049675904
0.049561633
0.04957649
0.049229916
0.049250597
0.049241202
0.049269482
0.049260071
0.049239203
0.049340442
0.049291988
0.049301696
0.049063122
0.049129127
0.049120889
0.049145641
0.049137374
0.049070834
0.049217351
0.049185163
0.049193876
0.048530451
0.04871275
0.048706875
0.048724512
0.048718626
0.048535571
0.048981484
0.048865297
0.048871844
0.047160672
0.047637279
0.047634886
0.04764208
0.047639679
0.047161777
0.048305279
0.048012926
0.048016332
0.043353821
0.044702883
0.044707427
0.044693794
0.04469834
0.043346157
0.046541967
0.045738931
0.045736778
0.032465187
0.036294493
0.036316251
0.036251183
0.03627281
0.032437942
0.041575686
0.039263104
0.039247119
0.0099859127
0.015853691
0.015884558
0.015792832
0.015823101
0.0099649175
0.027680561
0.022025398
0.02199163
0.0030781518
0.0038965994
0.0038832412
0.0039234285
0.003910003
0.0030836953
0.0056945494
0.0038768015
0.0038837664
0.0040125625
0.0030379342
0.0030353253
0.0030431308
0.0030405365
0.0040165975
0.0045190712
0.0034956396
0.0034994414
0.013801176
0.010865398
0.010859486
0.010876928
0.010871189
0.013806258
0.0058066717
0.0081400491
0.0081459582
0.024573377
0.022119121
0.022116067
0.022125042
0.022122105
0.024576229
0.016711694
0.019501088
0.019504503
0.033185135
0.031188866
0.031185353
0.031195604
0.031192214
0.033188661
0.026889401
0.029088346
0.029091455
0.03987424
0.038421677
0.038418578
0.038427661
0.038424638
0.039877162
0.035070753
0.036817861
0.036820957
0.044440717
0.043474382
0.04347172
0.043479603
0.043476992
0.044443377
0.041196951
0.04239477
0.042397524
0.047384465
0.046778479
0.046775187
0.046784936
0.046781709
0.047388139
0.045308909
0.046087775
0.046090754
0.049202343
0.048824201
0.048819348
0.048833806
0.048829
0.049207448
0.047921568
0.048399164
0.048403667
0.050249689
0.050055053
0.050048618
0.05006783
0.050061448
0.05025679
0.049537311
0.049822212
0.049828062
0.050842932
0.050711124
0.050701549
0.05073016
0.050720649
0.050852889
0.050420648
0.050571863
0.050580642
0.049870505
0.050061852
0.0500444
0.050096789
0.050079264
0.049887081
0.050678796
0.050334065
0.050352863
0.049437437
0.049514663
0.049501421
0.049540925
0.049527802
0.049448947
0.049739355
0.049620839
0.049635522
0.049267133
0.049288419
0.049278977
0.049307445
0.049297956
0.049276493
0.049381663
0.049330843
0.049340571
0.049094053
0.049162205
0.049153912
0.049178811
0.049170498
0.049101812
0.04925368
0.049220097
0.049228856
0.048550949
0.048736292
0.048730394
0.048748064
0.048742172
0.048556074
0.04901021
0.048891511
0.048898077
0.047165142
0.047646844
0.047644455
0.047651607
0.047649228
0.047166255
0.048322531
0.048026556
0.048029962
0.043323345
0.044684757
0.044689305
0.044675718
0.044680266
0.043315708
0.046540544
0.045730178
0.045727976
0.032357258
0.03620831
0.036229636
0.03616552
0.036186892
0.032330433
0.04153011
0.039199338
0.039183492
0.0099040554
0.015733147
0.015762835
0.015674984
0.015704088
0.0098841092
0.027554172
0.021891813
0.021859042
0.0031006935
0.0039503895
0.0039369004
0.0039774868
0.0039639293
0.0031064878
0.0056632421
0.003905642
0.0039132703
0.0040285521
0.0030482848
0.0030457096
0.0030533905
0.0030508411
0.0040324614
0.0045970808
0.0035111792
0.0035151989
0.013820971
0.010888105
0.010882549
0.01089895
0.010893548
0.013825677
0.0058271227
0.0081633221
0.0081689879
0.024584451
0.022130619
0.022127848
0.022135893
0.022133271
0.024587035
0.016727705
0.019514385
0.019517517
0.033198806
0.031202081
0.031198822
0.031208235
0.031205142
0.033202011
0.026900738
0.02910036
0.029103173
0.039885688
0.038433457
0.03843053
0.03843903
0.038436219
0.039888423
0.03508322
0.036829977
0.036832869
0.044451208
0.043484733
0.043482165
0.043489781
0.043487253
0.044453768
0.041208116
0.042405632
0.042408268
0.047399003
0.04679127
0.046788105
0.046797489
0.046794382
0.047402564
0.045319879
0.04609952
0.046102384
0.049222617
0.048843314
0.048838556
0.048852725
0.048848015
0.049227619
0.047937925
0.048417047
0.048421458
0.050277965
0.050080496
0.05007417
0.05009305
0.05008678
0.050284974
0.049558904
0.049845436
0.049851167
0.050884094
0.050749032
0.050739574
0.050767851
0.05075845
0.050893945
0.050452165
0.050606519
0.050615207
0.049936851
0.050131825
0.050114256
0.05016692
0.050149323
0.049953402
0.050761591
0.050409576
0.050428582
0.049483219
0.049566916
0.04955394
0.04959261
0.049579789
0.049494578
0.049802197
0.04967914
0.049693522
0.049304675
0.049326575
0.049317028
0.049345839
0.049336224
0.049314122
0.04942268
0.049369913
0.04937975
0.049125135
0.049195441
0.049187115
0.049212082
0.049203754
0.049132912
0.049290247
0.049255179
0.049263961
0.048571457
0.048759841
0.048753952
0.048771607
0.048765724
0.048576583
0.049039005
0.048917763
0.048924319
0.047169576
0.047656331
0.047653962
0.047661069
0.047658712
0.047170673
0.048339754
0.048040135
0.048043524
0.043293053
0.044666689
0.044671227
0.044657713
0.044662202
0.043285449
0.046539099
0.045721445
0.045719238
0.032251012
0.036123169
0.036144402
0.036081065
0.036102176
0.032224817
0.041484907
0.039136195
0.039120452
0.0098262838
0.015618002
0.015646182
0.015562197
0.015589788
0.0098076089
0.027430487
0.021762213
0.021730439
0.0031242656
0.0040047236
0.0039910966
0.0040320876
0.0040183927
0.0031303258
0.005634511
0.0039371379
0.003945434
0.0040440103
0.0030584612
0.0030559313
0.0030634877
0.0030609798
0.0040477889
0.004676556
0.0035276124
0.0035318757
0.01383937
0.01090949
0.010904251
0.010919711
0.01091463
0.013843762
0.0058467999
0.0081856265
0.0081910578
0.024594378
0.022140866
0.022138406
0.022145577
0.022143249
0.024596679
0.016742276
0.019526466
0.019529304
0.033211172
0.031214077
0.031211141
0.031219595
0.031216823
0.033214052
0.026910824
0.029111219
0.029113771
0.039896369
0.038444336
0.038441664
0.038449342
0.038446824
0.039898906
0.035094649
0.03684118
0.036843786
0.044461314
0.043494746
0.043492259
0.043499625
0.043497181
0.044463783
0.041218791
0.042416005
0.042418512
0.047413098
0.046803597
0.046800546
0.046809597
0.046806601
0.047416552
0.045330497
0.04611082
0.046113579
0.049242477
0.048862041
0.048857378
0.048871261
0.048866646
0.049247377
0.047953885
0.048434563
0.048438883
0.050305863
0.050105488
0.050099277
0.050117814
0.05011166
0.050312774
0.049580023
0.04986818
0.049873792
0.050924748
0.050786524
0.050777168
0.05080516
0.050795852
0.050934502
0.050483341
0.050640843
0.050649449
0.05000294
0.050202034
0.050184428
0.050237128
0.050219536
0.050019378
0.050845627
0.05048582
0.050504974
0.049528504
0.049618113
0.049605365
0.049643466
0.049630813
0.049539786
0.049863956
0.049736336
0.049750499
0.049342556
0.049365244
0.049355557
0.049384787
0.04937503
0.04935208
0.049463908
0.049409522
0.049419527
0.049156244
0.04922872
0.049220395
0.049245333
0.049237022
0.049164013
0.049326958
0.049290299
0.049299069
0.048591932
0.048783361
0.048777481
0.048795091
0.048789224
0.048597041
0.049067765
0.048943959
0.048950494
0.047173972
0.047665768
0.047663421
0.047670463
0.047668109
0.04717508
0.048356928
0.048053663
0.048057049
0.043262905
0.04464869
0.04465323
0.044639734
0.044644214
0.04325548
0.04653764
0.045712737
0.045710527
0.032146649
0.036039215
0.036060196
0.035997787
0.036018474
0.032120899
0.041440084
0.039073656
0.039058036
0.0097527344
0.015507545
0.015534581
0.015453946
0.015480453
0.0097349636
0.027310084
0.021636873
0.021606379
0.0031489073
0.0040596092
0.0040458393
0.0040872793
0.0040734353
0.0031552408
0.005608205
0.003971278
0.0039802148
0.0040589512
0.0030684671
0.0030659886
0.0030734032
0.0030709433
0.0040626206
0.0047575195
0.0035450072
0.0035495081
0.01385649
0.010929639
0.010924702
0.010939314
0.010934504
0.013860591
0.0058656816
0.0082070201
0.0082122418
0.024603229
0.022150058
0.022147842
0.022154335
0.022152214
0.024605306
0.016755577
0.019537395
0.019539957
0.033222264
0.031224815
0.031222192
0.031229764
0.031227278
0.033224837
0.026919786
0.029121081
0.029123381
0.039906226
0.038454032
0.038451674
0.038458409
0.038456209
0.039908544
0.035104908
0.036851127
0.036853401
0.044471069
0.043504416
0.043502015
0.043509119
0.043506759
0.044473456
0.041228829
0.042425849
0.042428224
0.047426769
0.046815495
0.04681255
0.046821293
0.046818399
0.047430121
0.045340796
0.046121714
0.046124378
0.049261938
0.048880393
0.048875822
0.048889435
0.048884909
0.049266744
0.047969456
0.04845172
0.048455952
0.050333369
0.05013003
0.050123931
0.050142139
0.050136093
0.050340179
0.049600697
0.049890462
0.049895967
0.05096494
0.050823671
0.050814397
0.050842161
0.050832926
0.050974605
0.050514178
0.050674874
0.050683408
0.050068474
0.050272169
0.050254615
0.050307158
0.050289628
0.050084755
0.050930629
0.050562577
0.050581791
0.049573584
0.049668604
0.049656058
0.049693564
0.04968111
0.049584863
0.049924698
0.049792525
0.049806369
0.04938071
0.049404473
0.049394642
0.049424282
0.049414388
0.049390288
0.049505676
0.049449853
0.04946005
0.049187266
0.049261911
0.049253619
0.049278434
0.049270174
0.049194995
0.049363698
0.049325332
0.049334065
0.04861234
0.048806784
0.048800932
0.048818456
0.048812615
0.048617428
0.049096387
0.04897005
0.048976548
0.047178328
0.047675139
0.047672797
0.047679793
0.04767746
0.04717942
0.048374032
0.048067145
0.048070496
0.043233029
0.04463078
0.044635261
0.04462189
0.044626366
0.043225565
0.046536163
0.045704015
0.045701842
0.032044186
0.035956604
0.03597717
0.035915494
0.035935937
0.032018819
0.041395648
0.039011595
0.03899622
0.0096830558
0.015401808
0.01542775
0.015350376
0.015375803
0.0096661925
0.027192397
0.021515669
0.021486107
0.0031746459
0.004115101
0.0041011801
0.0041430849
0.0041290827
0.0031812486
0.0055842346
0.0040079592
0.0040175253
0.0040734414
0.003078312
0.0030758632
0.0030832082
0.0030807593
0.0040769845
0.004839896
0.0035634496
0.0035682215
0.013872514
0.010948759
0.010944066
0.010957989
0.010953406
0.013876365
0.0058838998
0.0082276151
0.0082326489
0.024611279
0.022158456
0.022156412
0.022162447
0.022160467
0.024613186
0.016767843
0.019547301
0.019549645
0.033232134
0.03123444
0.031232094
0.03123887
0.031236645
0.033234413
0.02692787
0.029129945
0.029132021
0.039915206
0.038462484
0.038460437
0.038466276
0.038464372
0.039917316
0.03511394
0.036859792
0.036861773
0.044480518
0.043513741
0.04351142
0.043518292
0.043516004
0.044482839
0.041238183
0.042435194
0.042437459
0.047440031
0.046826996
0.046824149
0.046832609
0.046829807
0.047443282
0.045350811
0.046132242
0.046134822
0.049281039
0.048898395
0.04889391
0.048907272
0.048902828
0.049285761
0.047984641
0.048468526
0.048472672
0.050360484
0.050154149
0.050148153
0.050166066
0.050160116
0.050367196
0.049620983
0.049912335
0.049917748
0.051004721
0.050860543
0.050851334
0.050878915
0.050869738
0.051014312
0.050544681
0.050708646
0.050717115
0.050133289
0.050342046
0.050324564
0.050376783
0.050359412
0.050149374
0.051016212
0.050639569
0.050658729
0.049618729
0.049718353
0.049705985
0.049743019
0.049730711
0.049630064
0.04998434
0.049847465
0.049861013
0.049419047
0.049444214
0.049434256
0.049464243
0.049454232
0.049428647
0.04954819
0.049490947
0.049501332
0.049218098
0.049294899
0.049286669
0.049311291
0.049303098
0.049225765
0.049400361
0.049360174
0.049368849
0.048632656
0.048830082
0.048824268
0.048841676
0.048835875
0.048637715
0.049124809
0.048995971
0.049002427
0.047182646
0.047684425
0.047682103
0.047689048
0.047686742
0.047183721
0.04839107
0.048080541
0.048083869
0.043203355
0.044612947
0.044617419
0.044604058
0.044608532
0.043195917
0.046534662
0.045695307
0.045693167
0.031943542
0.035874806
0.035895122
0.035834522
0.035854724
0.03191858
0.041351464
0.038950259
0.038934995
0.0096168475
0.015300289
0.015325215
0.015251205
0.015275617
0.009600814
0.027077633
0.021398435
0.021369778
0.0032014322
0.0041712367
0.0041571478
0.0041995609
0.0041853868
0.0032082785
0.00556249
0.0040471275
0.0040573088
0.004087532
0.0030881028
0.0030856621
0.0030929917
0.0030905521
0.0040910139
0.0049237253
0.0035829303
0.0035879611
0.01388753
0.010966988
0.010962532
0.010975759
0.010971419
0.01389112
0.0059016264
0.0082474106
0.0082522685
0.02461875
0.022166323
0.022164401
0.022170081
0.022168219
0.024620549
0.01677918
0.01955639
0.019558544
0.033240854
0.031243077
0.031240965
0.031247073
0.031245069
0.033242863
0.02693524
0.029137957
0.029139811
0.039923407
0.038469807
0.038468034
0.038473105
0.03847145
0.039925346
0.035121812
0.036867348
0.036869075
0.044489736
0.043522784
0.043520523
0.043527226
0.043524987
0.044492012
0.041246943
0.04244414
0.042446321
0.047452899
0.046838136
0.046835376
0.046843582
0.046840863
0.047456055
0.045360597
0.046142457
0.046144967
0.049299825
0.048916072
0.048911666
0.048924797
0.048920429
0.049304477
0.047999443
0.04848499
0.048489051
0.050387228
0.0501779
0.050171991
0.050189657
0.050183787
0.050393847
0.049640956
0.049933872
0.049939213
0.051044149
0.050897191
0.050888036
0.050915465
0.050906337
0.051053677
0.050574863
0.050742177
0.050750584
0.050197204
0.050411429
0.050394088
0.050445973
0.050428687
0.050213049
0.051101991
0.050716443
0.050735605
0.049664158
0.049767575
0.049755313
0.04979206
0.049779837
0.049675586
0.050042789
0.049901292
0.049914581
0.049457468
0.049484375
0.049474312
0.049504584
0.049494481
0.049467084
0.0495915
0.049532746
0.049543305
0.049248679
0.049327614
0.049319458
0.049343857
0.049335743
0.04925628
0.049436876
0.049394773
0.049403382
0.048652865
0.048853221
0.048847448
0.048864726
0.048858975
0.048657892
0.049152985
0.049021704
0.049028103
0.047186913
0.047693629
0.047691333
0.047698202
0.04769592
0.047187965
0.048408001
0.048093856
0.048097172
0.043173777
0.044595167
0.044599643
0.044586266
0.044590747
0.043166442
0.046533091
0.045686634
0.045684434
0.03184453
0.035794292
0.035814384
0.035754491
0.035774294
0.031820179
0.0413076
0.038889377
0.03887422
0.0095541748
0.015203092
0.015227039
0.015155976
0.015179412
0.0095389362
0.026965477
0.021284836
0.021257091
0.003229151
0.0042280679
0.0042137988
0.0042567528
0.0042423956
0.0032362167
0.0055428989
0.0040887651
0.0040995762
0.0041013052
0.0030978547
0.003095431
0.003102702
0.0031002819
0.0041046917
0.0050091141
0.0036035029
0.0036088128
0.013901508
0.010984286
0.010980059
0.010992609
0.010988487
0.013904855
0.0059188674
0.0082664714
0.0082710526
0.024625807
0.022173723
0.022171919
0.022177254
0.022175505
0.024627508
0.016789656
0.01956475
0.019566741
0.033248585
0.03125085
0.031248956
0.031254419
0.031252631
0.03325038
0.026942163
0.02914528
0.029147037
0.039930971
0.038476198
0.038474646
0.038479109
0.038477649
0.039932768
0.035128636
0.036873921
0.036875414
0.0444988
0.043531626
0.043529406
0.043535988
0.043533785
0.044501046
0.041255235
0.042452778
0.042454891
0.047465392
0.046848952
0.046846271
0.04685425
0.046851604
0.047468458
0.045370212
0.046152412
0.046154865
0.049318345
0.048933451
0.048929118
0.048942037
0.048937738
0.049322937
0.048013868
0.048501121
0.048505101
0.050413614
0.050201351
0.050195511
0.050212986
0.050207176
0.050420145
0.04966069
0.049955154
0.049960444
0.051083277
0.050933651
0.05092454
0.050951838
0.050942753
0.051092756
0.050604747
0.050775475
0.05078382
0.050260242
0.050480394
0.050463167
0.050514704
0.050497539
0.050275875
0.051187589
0.050793113
0.050812198
0.049710023
0.049816511
0.049804299
0.049840956
0.049828748
0.049721572
0.050100223
0.049954273
0.049967435
0.049495935
0.04952488
0.049514734
0.049545242
0.049535065
0.049505558
0.049635608
0.049575198
0.0495859
0.049278984
0.049360035
0.049351954
0.049376143
0.049368094
0.049286516
0.049473241
0.049429127
0.049437682
0.048672952
0.0488762
0.048870464
0.048887624
0.048881909
0.048677945
0.049180917
0.049047239
0.049053589
0.047191111
0.047702747
0.047700479
0.047707282
0.04770501
0.047192138
0.048424839
0.048107059
0.048110363
0.043144337
0.044577353
0.044581841
0.044568483
0.044572922
0.043136998
0.046531496
0.045677887
0.045675666
0.031747276
0.035714708
0.035734576
0.035675301
0.035695068
0.031723295
0.041264031
0.038828892
0.038813832
0.0094945659
0.015109743
0.015132761
0.015064693
0.015086948
0.0094802855
0.026856078
0.021174954
0.021147982
0.0032577452
0.0042856199
0.004271175
0.0043146552
0.0043001264
0.0032650349
0.0055253489
0.0041329751
0.004144452
0.0041147831
0.0031075279
0.0031051209
0.0031123359
0.0031099378
0.0041181199
0.0050961227
0.0036251586
0.0036307559
0.013914634
0.011000777
0.010996723
0.01100881
0.011004827
0.013917825
0.0059356902
0.0082847849
0.0082893418
0.024632436
0.022180674
0.02217898
0.022183991
0.022182348
0.024634016
0.016799463
0.019572514
0.019574379
0.033255447
0.03125778
0.031256098
0.031260937
0.031259358
0.033257017
0.026948663
0.029152097
0.029153705
0.039937991
0.038481851
0.038480478
0.038484435
0.038483144
0.039939662
0.035134559
0.036879565
0.036880835
0.044507762
0.043540317
0.043538128
0.043544609
0.043542437
0.044509987
0.041263138
0.042461148
0.042463195
0.047477529
0.04685948
0.046856868
0.046864644
0.046862064
0.047480509
0.045379697
0.046162152
0.046164557
0.049336642
0.048950557
0.048946291
0.048959014
0.04895478
0.049341185
0.048027923
0.048516928
0.048520828
0.050439655
0.050224575
0.050218786
0.050236122
0.050230354
0.050446108
0.049680252
0.049976257
0.049981503
0.051122161
0.050969945
0.050960874
0.050988058
0.050979008
0.051131605
0.050634368
0.050808548
0.050816834
0.050322495
0.050548886
0.050531788
0.050582954
0.050565915
0.050337964
0.051272772
0.050869369
0.050888342
0.049756382
0.04986539
0.049853188
0.049889847
0.049877629
0.049768045
0.050156912
0.050006784
0.050019871
0.049534429
0.049565673
0.049555461
0.049586159
0.049575921
0.04954406
0.049680418
0.049618178
0.049628998
0.049309025
0.04939219
0.049384171
0.049408177
0.049400188
0.049316495
0.049509469
0.049463266
0.049471776
0.048692903
0.048899017
0.048893322
0.048910362
0.048904687
0.048697872
0.049208619
0.049072581
0.049078893
0.047195206
0.047711768
0.04770953
0.047716242
0.047714
0.047196205
0.048441552
0.04812018
0.048123439
0.043114987
0.044559593
0.044564041
0.04455063
0.044555082
0.043107652
0.046529793
0.04566905
0.045666847
0.031651656
0.035636092
0.035655758
0.03559707
0.035616644
0.031628
0.041220701
0.038768914
0.038754072
0.0094379086
0.01502008
0.015042272
0.014976538
0.014998361
0.0094242415
0.026748835
0.02106802
0.021041745
0.0032872751
0.0043438395
0.0043292368
0.0043731469
0.004358486
0.0032948196
0.0055096969
0.0041799262
0.0041921262
0.0041280665
0.0031171306
0.0031147404
0.003121912
0.003119526
0.0041313679
0.0051847426
0.0036479532
0.0036538341
0.013927212
0.011016771
0.011012816
0.011024674
0.011020753
0.0139303
0.0059522042
0.0083027371
0.008307228
0.024638569
0.022187206
0.022185613
0.022190321
0.022188778
0.024640024
0.016808832
0.019579819
0.019581589
0.033261423
0.031263904
0.031262421
0.031266697
0.031265302
0.033262787
0.026954637
0.029158316
0.029159776
0.039944516
0.038486869
0.038485654
0.038489164
0.03848802
0.039946072
0.035139647
0.03688436
0.036885443
0.044516646
0.043548865
0.043546709
0.043553082
0.043550945
0.044518852
0.041270675
0.042469253
0.042471233
0.047489329
0.046869746
0.046867197
0.046874789
0.046872269
0.047492228
0.045389074
0.046171711
0.046174076
0.049354752
0.048967409
0.048963206
0.048975745
0.048971572
0.049359252
0.048041615
0.048532416
0.048536237
0.050465403
0.050247635
0.050241883
0.050259118
0.050253381
0.050471796
0.049699688
0.049997143
0.050002332
0.051160868
0.051006099
0.050997059
0.051024152
0.05101513
0.051170296
0.050663771
0.050841418
0.050849653
0.050384186
0.050616916
0.05059993
0.050650781
0.050633848
0.050399541
0.051357392
0.050945192
0.050964048
0.049803195
0.049914356
0.049902109
0.049938953
0.049926662
0.049814981
0.05021319
0.050059108
0.050072189
0.049572949
0.049606698
0.049596432
0.04962728
0.049616993
0.049582582
0.049725834
0.049661603
0.049672517
0.049338834
0.049424115
0.049416151
0.04944001
0.04943207
0.049346257
0.049545602
0.049497246
0.049505719
0.04871273
0.048921679
0.048916021
0.04893296
0.04892732
0.048717666
0.049236122
0.049097771
0.049104046
0.047199214
0.047720687
0.04771846
0.047725103
0.04772289
0.047200212
0.048458152
0.048133186
0.048136432
0.043085633
0.044541698
0.044546167
0.044532749
0.044537226
0.043078296
0.046527981
0.045660197
0.045657967
0.031557318
0.03555841
0.035577727
0.035519771
0.035538983
0.031533985
0.041177493
0.038709421
0.038694662
0.0093835778
0.014933674
0.014954866
0.014891492
0.014912337
0.0093704442
0.026643859
0.020964027
0.020938408
0.0033178881
0.0044025554
0.0043878468
0.0044320342
0.0044172941
0.00332573
0.0054957697
0.0042298446
0.0042428218
0.0041411847
0.0031266779
0.0031243024
0.0031314352
0.0031290606
0.004144435
0.0052748659
0.0036719275
0.0036781087
0.013939412
0.011032541
0.01102863
0.011040375
0.011036482
0.013942421
0.0059685251
0.0083204138
0.0083247518
0.024644203
0.022193335
0.022191843
0.022196242
0.022194804
0.024645533
0.016817896
0.01958678
0.019588475
0.033266619
0.031269327
0.031268014
0.031271804
0.031270569
0.033267808
0.026960043
0.029163951
0.029165268
0.039950593
0.038491334
0.038490255
0.03849339
0.038492369
0.039952043
0.035144014
0.036888468
0.036889405
0.044525454
0.043557258
0.04355514
0.043561388
0.043559292
0.04452764
0.041277851
0.042477086
0.042478995
0.047500813
0.046879779
0.046877285
0.04688472
0.046882249
0.047503637
0.045398354
0.046181125
0.046183459
0.049372697
0.048984021
0.048979878
0.04899224
0.048988125
0.049377157
0.048054953
0.048547591
0.048551334
0.050490936
0.050270576
0.05026485
0.050282011
0.050276297
0.050497288
0.049719014
0.050017841
0.050022997
0.05119948
0.051042143
0.051033127
0.051060155
0.051051152
0.051208914
0.050693004
0.050874123
0.05088232
0.050445501
0.050684571
0.050667668
0.050718285
0.050701421
0.050460788
0.051441375
0.051020562
0.051039349
0.049850513
0.049963644
0.049951298
0.04998845
0.049976049
0.049862427
0.05026934
0.050111499
0.050124628
0.049611489
0.049647898
0.049637594
0.049668538
0.049658225
0.049621128
0.049771748
0.049705363
0.049716343
0.049368469
0.049455872
0.049447947
0.049471703
0.049463794
0.049375857
0.049581673
0.049531103
0.049539551
0.048732439
0.048944215
0.048938593
0.048955429
0.048949824
0.048737344
0.049263476
0.049122818
0.04912906
0.047203136
0.047729492
0.047727291
0.047733851
0.047731686
0.047204084
0.048474632
0.048146094
0.048149312
0.043056352
0.044523833
0.044528324
0.044514837
0.044519339
0.043049088
0.04652613
0.045651239
0.045648984
0.031464448
0.035481301
0.035500604
0.035443187
0.035462227
0.031441417
0.041134502
0.038650379
0.038635568
0.0093315305
0.014849587
0.014870464
0.014808909
0.014829174
0.0093188608
0.026540973
0.020862542
0.020837754
0.0033497652
0.0044615605
0.0044468019
0.0044911167
0.0044763444
0.003357952
0.0054834672
0.0042829277
0.0042967162
0.0041541167
0.0031361941
0.0031338233
0.0031409433
0.0031385739
0.0041573187
0.0053663512
0.0036971187
0.0037036117
0.013951326
0.011048171
0.011044296
0.011055933
0.011052073
0.013954267
0.0059846598
0.0083378736
0.0083421695
0.024649332
0.022199038
0.022197657
0.022201715
0.022200395
0.02465053
0.016826734
0.019593443
0.019595064
0.033271147
0.031274125
0.031272971
0.031276286
0.031275215
0.033272179
0.026964846
0.029168993
0.029170151
0.039956257
0.03849534
0.038494373
0.038497189
0.038496275
0.039957607
0.035147788
0.036892037
0.036892856
0.044534178
0.043565469
0.043563397
0.043569496
0.043567451
0.044536339
0.041284654
0.042484628
0.042486459
0.047512013
0.046889618
0.046887168
0.046894478
0.046892046
0.047514773
0.045407545
0.046190429
0.04619274
0.049390486
0.049000399
0.048996315
0.049008502
0.049004446
0.049394907
0.048067958
0.048562457
0.048566125
0.050516331
0.050293426
0.050287722
0.050304809
0.050299127
0.050522659
0.049738182
0.050038435
0.050043572
0.051238089
0.051078116
0.051069114
0.051096105
0.051087111
0.051247552
0.050722105
0.05090671
0.050914878
0.050506604
0.05075194
0.05073511
0.050785557
0.050768745
0.05052187
0.051524637
0.051095512
0.0511142
0.049898333
0.050013373
0.050000911
0.050038442
0.050025903
0.049910371
0.050325559
0.050164142
0.050177361
0.049650036
0.049689202
0.049678876
0.049709876
0.049699545
0.049659674
0.049818031
0.049749343
0.049760362
0.049397972
0.049487509
0.049479613
0.049503297
0.049495409
0.049405334
0.049617696
0.049564876
0.04957331
0.048752023
0.048966621
0.048961031
0.048977784
0.048972201
0.048756909
0.049290712
0.04914775
0.049153965
0.047206963
0.047738207
0.047736034
0.047742518
0.047740377
0.047207913
0.048491009
0.048158911
0.048162088
0.043027132
0.044505875
0.044510334
0.044496837
0.04450136
0.043019787
0.046524173
0.045642182
0.045639903
0.031372743
0.035405242
0.035424196
0.035367467
0.035386337
0.031350003
0.041091606
0.038591658
0.038577052
0.009281289
0.014768495
0.014788473
0.014728651
0.014748348
0.0092690592
0.026439903
0.020763664
0.020739144
0.0033830803
0.0045206807
0.0045059074
0.0045502498
0.0045354772
0.0033916444
0.0054726996
0.0043392771
0.0043538895
0.004166871
0.0031456876
0.003143321
0.0031504463
0.0031480685
0.0041700426
0.0054589994
0.0037235535
0.0037303402
0.013963019
0.011063656
0.011059814
0.011071345
0.011067519
0.013965922
0.0060005943
0.0083550757
0.0083593251
0.02465391
0.022204269
0.022203011
0.022206694
0.022205502
0.024654961
0.016835424
0.019599809
0.019601355
0.033275055
0.031278281
0.031277296
0.031280101
0.031279207
0.033275934
0.026968968
0.029173368
0.029174347
0.039961506
0.038498937
0.038498076
0.038500582
0.038499775
0.039962746
0.03515103
0.036895142
0.036895849
0.044542799
0.043573464
0.043571448
0.043577366
0.043575384
0.04454493
0.041291042
0.042491839
0.04249358
0.047522973
0.046899307
0.04689689
0.04690411
0.046901706
0.04752568
0.045416649
0.046199657
0.046201953
0.049408116
0.049016544
0.049012519
0.049024529
0.049020534
0.049412497
0.048080659
0.048577024
0.048580619
0.050541645
0.050316157
0.050310491
0.050327479
0.050321827
0.050547957
0.049757218
0.050058962
0.050064084
0.05127678
0.051114051
0.051105055
0.05113203
0.051123039
0.051286291
0.050751096
0.050939213
0.05094736
0.050567661
0.050819135
0.050802343
0.050852717
0.050835918
0.05058294
0.051607133
0.051170048
0.05118864
0.049946661
0.050063655
0.050051042
0.050089005
0.050076326
0.049958817
0.050381981
0.050217147
0.050230448
0.049688577
0.049730553
0.049720221
0.049751221
0.049740892
0.049698211
0.049864567
0.049793435
0.049804464
0.049427388
0.049519072
0.04951119
0.049534832
0.049526959
0.049434737
0.049653683
0.049598594
0.049607019
0.048771512
0.04898892
0.048983351
0.049000027
0.048994474
0.048776359
0.049317866
0.049172587
0.049178777
0.047210725
0.047746824
0.047744678
0.047751113
0.047748974
0.047211653
0.048507287
0.04817163
0.048174799
0.042997893
0.044487836
0.044492369
0.044478813
0.044483358
0.042990618
0.046522125
0.045633071
0.045630813
0.031282159
0.03532984
0.035348632
0.035292359
0.03531108
0.031259907
0.041048903
0.038533213
0.03851868
0.0092327714
0.014689363
0.014709097
0.014650935
0.014670082
0.0092209603
0.026340554
0.020667056
0.020643405
0.0034179048
0.0045798234
0.0045650514
0.004609409
0.0045946291
0.0034268416
0.0054634322
0.0043989114
0.0044143413
0.0041794929
0.0031552127
0.0031528337
0.0031600042
0.0031576112
0.0041826293
0.0055527842
0.003751077
0.0037581208
0.013974584
0.011079002
0.011075189
0.011086627
0.011082829
0.013977461
0.0060164711
0.0083720701
0.0083762611
0.024657882
0.022208992
0.022207865
0.022211164
0.0222101
0.024658777
0.016843992
0.019605881
0.019607356
0.033278344
0.031281744
0.031280941
0.031283209
0.031282497
0.03327907
0.02697234
0.029177009
0.029177804
0.039966292
0.03850212
0.038501369
0.038503547
0.038502853
0.039967406
0.035153741
0.036897795
0.036898389
0.044551287
0.043581196
0.04357925
0.043584951
0.043583044
0.044553379
0.041296941
0.04249867
0.042500306
0.04753374
0.046908894
0.046906498
0.046913661
0.046911273
0.047536405
0.045425662
0.046208836
0.046211122
0.049425578
0.049032453
0.049028489
0.049040316
0.049036383
0.049429913
0.048093092
0.048591304
0.048594828
0.050566901
0.050338773
0.050333132
0.050350049
0.050344418
0.050573201
0.049776137
0.05007943
0.050084537
0.051315614
0.051149969
0.051140976
0.051167938
0.051158951
0.051325185
0.050779964
0.050971647
0.050979772
0.050628827
0.050886285
0.050869488
0.050919875
0.050903074
0.050644157
0.051688851
0.051244244
0.051262762
0.049995404
0.050114475
0.050101735
0.050140048
0.050127259
0.050007639
0.050438706
0.050270491
0.050283879
0.049727093
0.049771884
0.04976156
0.049792535
0.049782216
0.049736718
0.049911235
0.049837545
0.049848563
0.049456752
0.049550591
0.049542719
0.049566346
0.049558472
0.049464085
0.049689646
0.049632282
0.049640705
0.048790877
0.04901111
0.049005567
0.049022167
0.049016645
0.048795707
0.049344958
0.049197332
0.049203502
0.047214433
0.047755382
0.047753252
0.047759632
0.047757511
0.047215342
0.048523459
0.048184257
0.048187421
0.042968701
0.04446977
0.044474326
0.044460707
0.044465271
0.042961339
0.046520062
0.045623916
0.045621586
0.031192936
0.035255027
0.035273674
0.035217991
0.035236574
0.031170934
0.041006249
0.038475158
0.038460669
0.0091861312
0.01461272
0.014631918
0.014575326
0.014593963
0.0091747173
0.026243152
0.02057264
0.020549499
0.0034541851
0.0046390145
0.004624225
0.0046686595
0.004653847
0.0034634742
0.005455652
0.0044617876
0.004478018
0.0041919624
0.0031648136
0.0031624129
0.0031696499
0.0031672362
0.0041950532
0.0056477796
0.0037795919
0.0037868613
0.013986064
0.011094234
0.011090439
0.011101824
0.011098037
0.013988928
0.0060321078
0.008388836
0.0083929756
0.024661228
0.022213218
0.022212214
0.02221516
0.022214212
0.024661973
0.01685246
0.019611683
0.019613099
0.033281029
0.031284505
0.03128388
0.031285638
0.031285097
0.033281611
0.02697498
0.029179927
0.029180548
0.039970544
0.038504865
0.038504228
0.038506074
0.038505493
0.039971516
0.035155929
0.036900005
0.036900494
0.044559607
0.043588623
0.043586758
0.043592213
0.04359039
0.04456165
0.041302268
0.042505065
0.042506586
0.047544356
0.046918416
0.046916034
0.046923162
0.046920784
0.04754699
0.045434571
0.046217977
0.046220253
0.049442852
0.049048115
0.049044215
0.04905585
0.049051983
0.049447137
0.04810529
0.048605305
0.048608762
0.050592103
0.0503613
0.05035568
0.050372534
0.050366924
0.050598387
0.049794925
0.050099829
0.050104915
0.051354623
0.051185866
0.051176879
0.051203804
0.051194838
0.051364254
0.050808684
0.051004001
0.0510121
0.05069026
0.050953498
0.050936678
0.050987181
0.050970327
0.050705671
0.051769843
0.051318194
0.051336669
0.050044393
0.050165705
0.050152876
0.050191419
0.050178562
0.050056659
0.050495814
0.050324168
0.050337641
0.049765582
0.04981317
0.049802859
0.049833792
0.049823487
0.049775201
0.049957917
0.0498816
0.049892603
0.049486076
0.0495821
0.049574227
0.049597855
0.04958998
0.049493402
0.0497256
0.049665965
0.049674388
0.048810156
0.049033208
0.049027691
0.049044225
0.049038721
0.04881496
0.049371993
0.049221992
0.049228149
0.04721807
0.047763886
0.047761774
0.047768104
0.047765999
0.047218963
0.048539549
0.048196833
0.048199963
0.042939473
0.044451686
0.044456201
0.044442584
0.044447107
0.042932099
0.046517892
0.045614672
0.045612371
0.031104894
0.035180926
0.035199447
0.035144166
0.035162441
0.031082912
0.040963745
0.038417306
0.038403012
0.0091410462
0.014538424
0.014556816
0.014502018
0.014520175
0.0091300017
0.026147254
0.020480514
0.020457873
0.0034918607
0.0046983532
0.0046835197
0.0047281074
0.0047132417
0.0035014976
0.0054493515
0.0045278367
0.0045448208
0.0042042824
0.0031745109
0.0031720849
0.0031793914
0.0031769557
0.0042073434
0.0057440691
0.0038090558
0.0038165695
0.013997508
0.011109403
0.01110562
0.011116972
0.011113193
0.014000367
0.0060475842
0.008405415
0.0084095103
0.02466401
0.022216999
0.022216104
0.022218741
0.022217896
0.02466463
0.016860846
0.019617269
0.019618636
0.033283151
0.031286619
0.031286156
0.031287457
0.031287068
0.033283599
0.026976976
0.029182178
0.029182649
0.039974209
0.038507184
0.038506653
0.038508201
0.038507717
0.039975032
0.035157641
0.036901823
0.036902229
0.044567724
0.043595715
0.043593936
0.043599134
0.043597398
0.044569712
0.041306963
0.042510994
0.0425124
0.047554854
0.0469279
0.046925526
0.046932631
0.04693026
0.047557463
0.045443357
0.046227079
0.046229344
0.049459918
0.049063518
0.049059685
0.04907112
0.049067321
0.049464148
0.048117282
0.048619036
0.048622427
0.05061724
0.050383742
0.050378144
0.050394928
0.050389342
0.050623507
0.049813545
0.050120138
0.050125199
0.051393802
0.051221707
0.051212734
0.051239593
0.051230661
0.051403484
0.050837256
0.051036248
0.051044315
0.050752072
0.051020927
0.051004041
0.051054749
0.051037819
0.0507676
0.051850216
0.051392043
0.051410506
0.050093445
0.050217171
0.050204297
0.050242942
0.050230059
0.050105705
0.050553342
0.050378176
0.05039172
0.049804058
0.0498544
0.049844101
0.049875002
0.049864706
0.049813681
0.050004524
0.04992557
0.049936548
0.049515377
0.049613613
0.049605736
0.049629377
0.049621496
0.049522703
0.049761583
0.049699674
0.049708108
0.048829335
0.049055211
0.049049717
0.049066183
0.049060701
0.048834115
0.049398992
0.049246592
0.04925273
0.047221649
0.047772328
0.047770231
0.04777654
0.047774428
0.047222556
0.048555554
0.048209342
0.048212455
0.042910209
0.044433526
0.044438058
0.044424388
0.044428991
0.042902908
0.04651569
0.045605398
0.045603033
0.031017722
0.035107305
0.035125717
0.035070802
0.035089124
0.030995955
0.040921267
0.03835976
0.038345368
0.00909741
0.014466061
0.014483984
0.014430548
0.014448252
0.0090867153
0.026053115
0.020390341
0.020368174
0.0035309378
0.0047579273
0.0047430308
0.0047878087
0.0047728822
0.0035409311
0.0054445082
0.0045961945
0.0046134525
0.0042164668
0.003184295
0.0031818436
0.0031892309
0.0031867662
0.0042194932
0.0058416482
0.0038394636
0.0038471926
0.014008933
0.011124529
0.011120754
0.011132071
0.011128301
0.014011787
0.0060628033
0.0084217336
0.0084258806
0.024666317
0.022220392
0.022219593
0.022221956
0.022221202
0.024666828
0.016869142
0.019622664
0.019623984
0.03328476
0.031288157
0.03128784
0.031288723
0.031288477
0.033285093
0.026978413
0.029183846
0.029184178
0.039977287
0.038509133
0.038508693
0.038509984
0.038509586
0.039977969
0.035158947
0.036903328
0.036903664
0.044575615
0.043602466
0.043600775
0.043605717
0.043604068
0.044577545
0.041311048
0.042516474
0.042517773
0.04756526
0.046937356
0.046934988
0.046942075
0.046939711
0.047567848
0.045452
0.046236133
0.046238384
0.049476756
0.049078652
0.049074889
0.049086118
0.049082389
0.049480927
0.048129091
0.048632507
0.048635835
0.050642305
0.050406088
0.050400515
0.050417225
0.050411663
0.050648555
0.049831964
0.05014034
0.050145373
0.051433109
0.051257452
0.051248504
0.051275273
0.051266379
0.051442824
0.050865672
0.051068361
0.051076388
0.05081428
0.05108867
0.051071695
0.051122708
0.051105668
0.0508299
0.051930236
0.05146594
0.051484465
0.050142435
0.050268702
0.050255825
0.050294449
0.050281579
0.050154664
0.050611276
0.050432424
0.05044601
0.049842556
0.049895599
0.049885303
0.049916202
0.049905902
0.049852192
0.050051003
0.049969451
0.049980413
0.049544668
0.04964515
0.049637267
0.049660936
0.049653045
0.049551992
0.049797628
0.049733435
0.049741888
0.04884842
0.049077133
0.049071662
0.049088072
0.049082602
0.048853178
0.049425954
0.049271113
0.049277235
0.047225204
0.047780739
0.047778633
0.047784924
0.047782825
0.047226099
0.048571493
0.048221788
0.048224886
0.042880983
0.044415295
0.044419844
0.044406182
0.044410741
0.042873671
0.046513464
0.045596054
0.045593718
0.030931497
0.035034362
0.035052665
0.03499805
0.035016289
0.030910197
0.040878907
0.03830242
0.038288204
0.0090553286
0.014395462
0.014412956
0.01436078
0.014378076
0.0090449442
0.025960466
0.020302311
0.020280557
0.0035714548
0.0048177515
0.0048027931
0.0048477474
0.0048327632
0.003581811
0.0054411124
0.0046656221
0.0046831364
0.004228514
0.0031942007
0.0031917154
0.0031992028
0.0031967021
0.0042315088
0.0059403865
0.0038707056
0.0038786895
0.014020329
0.011139599
0.011135835
0.011147112
0.011143354
0.014023172
0.0060779498
0.0084380025
0.0084420315
0.024668191
0.022223437
0.022222726
0.022224841
0.02222417
0.024668599
0.016877325
0.019627866
0.019629137
0.03328591
0.031289158
0.03128898
0.031289466
0.031289355
0.033286131
0.026979332
0.029184956
0.02918515
0.039979819
0.038510754
0.038510398
0.038511442
0.038511129
0.039980373
0.035159892
0.03690456
0.036904826
0.044583261
0.043608879
0.043607275
0.043611958
0.043610397
0.044585126
0.041314591
0.042521539
0.04252274
0.047575589
0.046946788
0.046944426
0.046951494
0.046949136
0.047578161
0.045460474
0.046245122
0.046247352
0.049493356
0.049093517
0.049089822
0.049100855
0.049097191
0.049497469
0.048140741
0.048645735
0.048649007
0.0506673
0.050428336
0.050422787
0.050439426
0.050433887
0.050673536
0.049850165
0.050160432
0.050165439
0.05147247
0.051293058
0.051284156
0.051310801
0.051301949
0.051482194
0.050893937
0.051100318
0.051108304
0.050876931
0.05115685
0.051139763
0.051191119
0.051173963
0.050892666
0.052010142
0.051540077
0.051558657
0.050191281
0.050320147
0.050307308
0.050345809
0.050332989
0.050203467
0.050669553
0.050486798
0.050500398
0.049881123
0.049936809
0.049926508
0.04995744
0.049947126
0.049890781
0.050097337
0.05001328
0.050024236
0.049573958
0.049676733
0.049668836
0.049692537
0.049684638
0.049581283
0.049833775
0.049767272
0.049775746
0.048867435
0.049098982
0.049093531
0.049109876
0.049104433
0.048872174
0.049452885
0.049295584
0.049301691
0.047228735
0.047789097
0.047787004
0.047793255
0.047791169
0.047229588
0.048587382
0.048234191
0.048237275
0.042851791
0.044397048
0.044401618
0.04438789
0.044392472
0.04284446
0.046511175
0.04558663
0.045584273
0.030846426
0.034961847
0.034980025
0.034925757
0.034943877
0.030825118
0.040836548
0.038245324
0.038230987
0.009014452
0.014326477
0.014343585
0.014292545
0.014309469
0.0090043545
0.025869139
0.020215823
0.020194445
0.0036133896
0.0048777977
0.0048627887
0.0049078991
0.004892863
0.0036240828
0.0054391587
0.0047360591
0.0047538205
0.0042404726
0.0032042428
0.0032017237
0.0032093331
0.003206786
0.0042434507
0.0060400361
0.0039031478
0.0039114819
0.014031683
0.011154615
0.01115086
0.011162109
0.011158358
0.014034516
0.0060929329
0.0084540946
0.0084581097
0.024669651
0.022226173
0.022225539
0.022227437
0.022226839
0.024669959
0.01688537
0.019632873
0.019634097
0.033286608
0.031289651
0.031289604
0.031289722
0.031289735
0.033286719
0.026979768
0.029185529
0.029185598
0.039981868
0.038512048
0.038511777
0.03851257
0.038512341
0.039982318
0.035160487
0.036905494
0.03690568
0.044590637
0.043614947
0.043613433
0.043617852
0.043616382
0.04459243
0.041317689
0.042526219
0.04252733
0.047585857
0.046956191
0.046953838
0.04696088
0.046958532
0.047588416
0.045468747
0.046254018
0.046256222
0.04950973
0.049108133
0.049104499
0.04911536
0.049111752
0.049513791
0.048152261
0.048658753
0.048661979
0.050692245
0.050450499
0.050444968
0.05046156
0.050456034
0.050698474
0.049868175
0.050180432
0.050185424
0.051511799
0.051328498
0.051319647
0.051346151
0.051337347
0.05152151
0.050922067
0.051132117
0.051140062
0.050940019
0.051225493
0.05120829
0.051259986
0.05124273
0.050955858
0.052090241
0.051614528
0.051633174
0.050239935
0.050371407
0.050358619
0.050396941
0.050384188
0.050252071
0.050728014
0.050541166
0.050554738
0.049919804
0.049978095
0.049967767
0.04999878
0.049988435
0.049929494
0.050143555
0.050057113
0.050068076
0.049603252
0.049708353
0.049700445
0.049724183
0.049716269
0.049610582
0.049870041
0.049801198
0.049809691
0.048886377
0.049120762
0.049115327
0.049131632
0.049126196
0.048891107
0.049479789
0.049319992
0.049326094
0.047232208
0.047797399
0.04779532
0.047801549
0.047799478
0.047233041
0.048603194
0.048246533
0.048249601
0.042822433
0.04437872
0.044383311
0.044369583
0.044374186
0.042815165
0.046508814
0.045577168
0.045574787
0.03076192
0.03488978
0.034907838
0.03485409
0.034871927
0.030741014
0.040794161
0.038188356
0.038174075
0.008974702
0.014258989
0.014275725
0.014226092
0.014242655
0.0089648834
0.025778953
0.020130885
0.020109911
0.003656641
0.0049380295
0.0049229718
0.0049682179
0.0049531375
0.0036676548
0.0054386226
0.0048074724
0.0048254834
0.0042524023
0.0032144764
0.0032118999
0.0032196798
0.0032170751
0.0042553876
0.0061404864
0.0039370141
0.003945708
0.014042992
0.011169595
0.011165846
0.011177071
0.011173327
0.014045811
0.0061078972
0.0084701435
0.0084741504
0.024670715
0.022228639
0.022228072
0.022229782
0.022229246
0.024670931
0.016893266
0.019637696
0.019638875
0.033286877
0.031289688
0.031289755
0.031289559
0.031289675
0.03328689
0.026979794
0.029185636
0.029185606
0.039983542
0.038513011
0.038512822
0.038513405
0.038513237
0.03998392
0.035160744
0.036906121
0.036906243
0.044597719
0.04362067
0.043619245
0.043623408
0.043622023
0.044599436
0.041320455
0.042530552
0.042531584
0.047596078
0.046965556
0.046963214
0.046970221
0.046967886
0.047598628
0.045476786
0.046262795
0.046264964
0.04952591
0.049122542
0.049118956
0.049129686
0.049126119
0.04952993
0.048163687
0.048671607
0.048674801
0.050717175
0.050472619
0.050467093
0.050483682
0.050478153
0.050723408
0.049886088
0.050200409
0.050205409
0.051551013
0.051363751
0.051354955
0.051381307
0.051372553
0.051560691
0.050950093
0.051163771
0.051171681
0.05100344
0.051294576
0.051277271
0.051329246
0.051311903
0.051019332
0.052170796
0.051689354
0.051708128
0.050288407
0.050422407
0.050409686
0.050447805
0.050435115
0.050300498
0.050786492
0.050595383
0.050608908
0.049958623
0.050019494
0.050009133
0.050040251
0.050029869
0.04996835
0.050189723
0.050101002
0.050111991
0.049632554
0.049740024
0.049732103
0.049755867
0.049747946
0.049639878
0.049906429
0.049835199
0.049843709
0.048905261
0.049142481
0.04913706
0.049153327
0.049147912
0.048909969
0.049506673
0.049344367
0.04935045
0.047235608
0.047805659
0.047803595
0.04780977
0.047807718
0.047236454
0.048618971
0.048258811
0.048261878
0.042793153
0.044360351
0.04436497
0.04435115
0.044355722
0.042785774
0.046506403
0.045567652
0.045565245
0.030678568
0.034818311
0.034836098
0.034782785
0.03480054
0.030657846
0.040751861
0.038131549
0.038117432
0.0089360544
0.014193269
0.014209641
0.014161103
0.014177297
0.0089267203
0.025690256
0.020047491
0.02002688
0.0037011732
0.0049984365
0.0049833437
0.0050286905
0.0050135806
0.0037125097
0.0054395081
0.0048799035
0.0048981698
0.0042643468
0.0032249535
0.0032223103
0.0032302959
0.0032276195
0.0042673317
0.0062417141
0.0039722995
0.0039813416
0.014054238
0.011184532
0.011180795
0.011191973
0.011188245
0.014057037
0.0061228251
0.0084861546
0.0084901493
0.024671429
0.022230871
0.022230362
0.022231912
0.022231427
0.024671566
0.016901007
0.019642346
0.019643483
0.033286778
0.031289345
0.031289504
0.031289058
0.031289255
0.03328671
0.026979534
0.029185385
0.029185285
0.039984981
0.038513757
0.038513611
0.038514075
0.038513945
0.039985322
0.035160692
0.036906498
0.036906558
0.044604495
0.043626066
0.043624723
0.043628652
0.043627345
0.044606137
0.041323004
0.042534593
0.042535563
0.047606262
0.046974868
0.046972542
0.046979498
0.046977181
0.047608803
0.045484566
0.046271419
0.046273545
0.049541947
0.049136799
0.049133248
0.049143891
0.04914035
0.049545941
0.048175054
0.04868435
0.048687523
0.050742135
0.050494759
0.050489222
0.050505857
0.050500308
0.050748385
0.049903974
0.050220433
0.050225449
0.051590049
0.051398811
0.051390068
0.051416274
0.051407567
0.051599682
0.050978049
0.051195307
0.051203189
0.051067013
0.051363979
0.051346607
0.051398766
0.051381366
0.051082921
0.052251971
0.051764603
0.051783488
0.050336731
0.050473144
0.050460486
0.05049846
0.050485809
0.050348801
0.050844835
0.050649416
0.0506629
0.049997581
0.050061039
0.050050639
0.050081865
0.050071448
0.05000734
0.050235906
0.050144996
0.050156015
0.049661846
0.049771707
0.049763786
0.049787555
0.04977963
0.049669165
0.049942918
0.049869251
0.049877769
0.048924091
0.049164161
0.049158751
0.049174981
0.049169577
0.048928796
0.049533528
0.049368691
0.049374772
0.047238955
0.047813838
0.047811818
0.047817906
0.047815875
0.047239775
0.048634672
0.04827105
0.048274078
0.042763707
0.044341855
0.044346506
0.044332585
0.044337254
0.042756298
0.046503924
0.045557972
0.045555527
0.030595768
0.034747181
0.034764883
0.034711879
0.034729521
0.030575243
0.04070955
0.038075022
0.038060797
0.0088986937
0.014129001
0.014145011
0.014097549
0.014113386
0.0088894122
0.025602766
0.019965904
0.019945658
0.0037470109
0.0050589647
0.0050438429
0.0050892622
0.005074131
0.0037586808
0.0054418032
0.0049533611
0.0049718853
0.0042762778
0.0032356924
0.0032329917
0.0032411381
0.0032384126
0.0042792535
0.0063437521
0.004008973
0.0040183636
0.014065393
0.011199389
0.011195674
0.011206781
0.011203076
0.014068167
0.0061377019
0.0085021126
0.0085060907
0.024671863
0.02223292
0.022232451
0.022233898
0.022233445
0.02467195
0.016908577
0.019646847
0.019647959
0.03328638
0.03128871
0.031288938
0.031288316
0.031288568
0.033286248
0.026979128
0.029184888
0.029184745
0.039986317
0.038514374
0.038514252
0.038514664
0.038514545
0.039986649
0.035160385
0.036906651
0.036906667
0.044610967
0.043631167
0.043629897
0.043633617
0.04363238
0.044612533
0.041325435
0.042538405
0.042539328
0.047616409
0.0469841
0.046981798
0.046988676
0.046986387
0.047618938
0.045492063
0.046279856
0.046281928
0.049557899
0.049150965
0.049147433
0.049158028
0.049154502
0.049561879
0.048186385
0.048697027
0.048700189
0.050767174
0.050516985
0.05051142
0.050528144
0.050522563
0.05077345
0.049921872
0.05024053
0.050245567
0.05162887
0.051433688
0.051424994
0.05145107
0.051442401
0.051638451
0.051005992
0.051226756
0.051234619
0.051130595
0.051433564
0.051416153
0.051468374
0.051450971
0.051146481
0.05233386
0.051840267
0.051859237
0.050385032
0.050523768
0.050511119
0.050549082
0.050536431
0.050397115
0.05090302
0.050703333
0.050716806
0.050036653
0.050102721
0.050092288
0.050123606
0.050113159
0.050046435
0.050282184
0.050189121
0.050200171
0.049691115
0.049803394
0.049795475
0.04981923
0.049811315
0.049698431
0.049979469
0.049903328
0.049911841
0.048942876
0.049185792
0.049180394
0.049196602
0.0491912
0.048947554
0.049560355
0.049392985
0.049399056
0.047242194
0.047821943
0.047819926
0.047825955
0.047823953
0.047242985
0.048650318
0.048283186
0.048286209
0.04273423
0.044323283
0.044327902
0.044313882
0.044318586
0.042726797
0.046501276
0.045548192
0.045545757
0.030513948
0.034676478
0.034694256
0.034641347
0.034658901
0.030493604
0.040667302
0.038018436
0.038004374
0.0088623756
0.014066444
0.014081812
0.014035384
0.014050874
0.0088533515
0.025516732
0.019885752
0.019865854
0.0037941989
0.0051195841
0.0051044384
0.0051499243
0.0051347692
0.0038062124
0.0054454987
0.0050278488
0.005046627
0.0042881964
0.0032466282
0.0032438803
0.0032521621
0.0032493887
0.0042911875
0.0064466412
0.0040470426
0.0040567866
0.014076451
0.011214145
0.011210454
0.011221485
0.011217807
0.014079196
0.0061525131
0.0085179124
0.0085218736
0.024672159
0.022234854
0.022234411
0.02223579
0.022235355
0.024672233
0.016916022
0.019651253
0.019652343
0.033285752
0.031287886
0.031288155
0.031287436
0.031287715
0.033285574
0.026978716
0.02918425
0.029184087
0.039987645
0.038514957
0.038514835
0.038515259
0.038515131
0.039987985
0.035159902
0.03690666
0.036906654
0.044617136
0.043636003
0.043634799
0.043638331
0.043637157
0.044618627
0.041327818
0.04254204
0.042542925
0.0476265
0.046993213
0.046990945
0.046997709
0.046995462
0.04762901
0.045499254
0.046288061
0.046290069
0.04957381
0.049165083
0.049161561
0.049172133
0.049168614
0.049577786
0.048197682
0.048709662
0.048712815
0.050792325
0.050539341
0.05053374
0.050550575
0.050544955
0.050798632
0.049939808
0.050260713
0.050265771
0.051667468
0.05146841
0.051459753
0.051485723
0.051477084
0.051676997
0.051033979
0.051258149
0.051265998
0.051194067
0.051503177
0.05148578
0.05153797
0.051520575
0.05120991
0.05241642
0.051916235
0.051935259
0.05043339
0.050574418
0.050561753
0.050599785
0.050587101
0.050445493
0.050961046
0.050757206
0.050770675
0.050075803
0.050144509
0.050134053
0.050165429
0.050154964
0.050085594
0.050328586
0.050233364
0.050244443
0.04972035
0.049835054
0.049827142
0.049850866
0.049842959
0.049727648
0.050016037
0.049937388
0.049945895
0.048961601
0.04920739
0.049201995
0.049218174
0.049212785
0.048966275
0.049587138
0.049417243
0.04942329
0.047245308
0.047829938
0.047827951
0.04783389
0.047831919
0.047246067
0.048665903
0.048295239
0.048298233
0.04270461
0.044304506
0.04430923
0.044295082
0.044299831
0.042697227
0.046498523
0.045538302
0.04553578
0.030432831
0.034606292
0.034623808
0.034571311
0.034588792
0.030412657
0.040624903
0.037962213
0.037948021
0.0088270701
0.014004951
0.014020277
0.013974843
0.013990005
0.0088182961
0.025431522
0.01980697
0.019787404
0.0038427689
0.0051802877
0.0051651202
0.005210674
0.0051954989
0.0038551288
0.0054505991
0.0051033399
0.0051223621
0.0043001523
0.0032577361
0.0032549443
0.0032633536
0.0032605398
0.0043031447
0.0065503952
0.0040865472
0.004096658
0.014087377
0.011228784
0.011225126
0.011236049
0.01123241
0.014090083
0.006167259
0.0085337548
0.0085377158
0.024672453
0.02223671
0.022236284
0.022237616
0.022237197
0.02467254
0.016923395
0.019655568
0.019656628
0.033284975
0.031286972
0.031287258
0.031286509
0.031286794
0.033284771
0.026978401
0.029183558
0.029183396
0.039989019
0.038515576
0.03851544
0.038515913
0.038515766
0.039989374
0.035159343
0.036906606
0.036906597
0.044623004
0.0436406
0.043639456
0.043642814
0.043641699
0.04462442
0.041330189
0.042545534
0.042546389
0.047636501
0.047002155
0.046999935
0.047006547
0.047004354
0.047638982
0.045506116
0.046295992
0.046297926
0.049589706
0.049179175
0.04917566
0.049186211
0.049182699
0.049593679
0.048208923
0.048722255
0.048725394
0.050817603
0.050561846
0.050556208
0.050573152
0.050567496
0.050823942
0.049957785
0.050280976
0.050286052
0.05170585
0.051503002
0.051494373
0.051520257
0.051511641
0.051715331
0.051062044
0.051289506
0.051297345
0.051257369
0.051572727
0.051555352
0.051607436
0.051590082
0.051273159
0.052499515
0.051992406
0.052011473
0.050481873
0.050625188
0.050612483
0.050650659
0.050637915
0.050494024
0.051018941
0.050811068
0.050824539
0.050114978
0.050186359
0.050175891
0.050207293
0.050196821
0.050124765
0.050375138
0.0502777
0.050288793
0.049749531
0.04986666
0.049858762
0.049882437
0.049874548
0.049756818
0.050052583
0.0499714
0.049979895
0.048980258
0.049228932
0.049223552
0.049239683
0.049234311
0.048984913
0.049613869
0.049441442
0.049447483
0.047248312
0.047837829
0.047835876
0.047841707
0.047839773
0.04724903
0.048681386
0.048307173
0.048310139
0.042674934
0.044285602
0.044290378
0.044276136
0.044280875
0.042667422
0.046495647
0.045528207
0.045525689
0.030352376
0.034536395
0.034553842
0.034501557
0.034518962
0.030332363
0.040582507
0.037905903
0.037891858
0.0087927467
0.013945045
0.013960053
0.013915849
0.013930122
0.0087844117
0.025347653
0.019729492
0.019710546
0.0038927207
0.0052410961
0.0052258981
0.0052715866
0.0052563341
0.0039054219
0.0054571084
0.0051797881
0.0051990392
0.0043121223
0.0032690123
0.0032661758
0.0032746706
0.0032718602
0.004315119
0.0066550125
0.004127537
0.0041380591
0.014098169
0.011243275
0.011239654
0.011250457
0.01124686
0.014100852
0.0061818845
0.0085496147
0.0085533979
0.024672828
0.022238513
0.022238096
0.022239409
0.022238992
0.02467294
0.016930703
0.019659755
0.019660789
0.033284113
0.031286053
0.031286334
0.031285616
0.031285887
0.033283895
0.026978245
0.029182886
0.029182742
0.039990456
0.03851627
0.038516111
0.038516649
0.038516477
0.039990826
0.035158781
0.036906559
0.03690656
0.044628571
0.043644974
0.043643887
0.043647081
0.043646022
0.044629912
0.041332563
0.042548913
0.042549744
0.047646372
0.047010878
0.047008718
0.047015147
0.047013018
0.047648814
0.045512633
0.046303615
0.046305469
0.049605587
0.049193234
0.04918973
0.049200243
0.049196747
0.049609553
0.048220072
0.04873478
0.048737897
0.050842998
0.050584488
0.050578817
0.050595848
0.050590166
0.050849362
0.049975785
0.050301294
0.050306378
0.051744052
0.051537483
0.051528878
0.051554669
0.051546084
0.051753499
0.051090191
0.051320833
0.05132866
0.051320453
0.051642116
0.051624784
0.051676053
0.051659427
0.05133615
0.052583046
0.052068597
0.05208685
0.050530571
0.050676178
0.050663412
0.050701208
0.050688934
0.05054275
0.051076748
0.050864901
0.050877846
0.050154137
0.050228225
0.050217753
0.050248745
0.050238673
0.050163908
0.050421797
0.050322071
0.050332734
0.049778651
0.0498982
0.049890318
0.049913659
0.049906062
0.049785915
0.05008907
0.050005342
0.050013516
0.048998865
0.049250432
0.049245062
0.049260997
0.049255796
0.049003517
0.049640541
0.049465588
0.04947143
0.047251226
0.047845609
0.047843654
0.04784947
0.047847557
0.047251956
0.048696824
0.048319079
0.048321981
0.042645332
0.044266744
0.044271441
0.044257625
0.044262102
0.042638033
0.046492758
0.045518271
0.045515915
0.03027393
0.034467542
0.034484535
0.034434796
0.034450762
0.030254765
0.040540805
0.037850794
0.037837573
0.0087607474
0.013888112
0.013901655
0.013862565
0.013874937
0.0087536244
0.02526726
0.019656586
0.019639394
0.0039424982
0.005302411
0.0052869705
0.0053334849
0.0053179798
0.0039544048
0.0054652336
0.005257108
0.0052764658
0.0043233441
0.0032800492
0.003277397
0.0032851708
0.0032826354
0.0043257858
0.0067619991
0.0041705897
0.0041817186
0.014108885
0.011257578
0.011254014
0.011264624
0.011261095
0.014111547
0.006194853
0.0085635231
0.0085665218
0.024673322
0.022240312
0.022239889
0.022241279
0.022240801
0.024673464
0.016937979
0.019663818
0.019664839
0.03328322
0.031285204
0.031285461
0.031284895
0.031285066
0.033283006
0.026978288
0.029182307
0.029182252
0.039991955
0.038517048
0.038516865
0.038517512
0.038517275
0.039992339
0.035158276
0.036906574
0.036906644
0.04463384
0.043649139
0.043648105
0.043651156
0.043650135
0.044635105
0.041334946
0.042552197
0.042553022
0.047656075
0.047019349
0.047017255
0.047023461
0.04702142
0.047658469
0.045518791
0.046310908
0.04631267
0.049621429
0.049207232
0.049203747
0.049214142
0.049210721
0.049625383
0.048231083
0.048747204
0.048750247
0.05086848
0.050607224
0.050601536
0.050618475
0.050612914
0.050874861
0.049993765
0.050321634
0.05032662
0.051782164
0.05157177
0.051563225
0.051588519
0.051580277
0.051791602
0.051118365
0.051352119
0.051359744
0.0019911019
0.0027118571
0.0026453586
0.0033294063
0.0039197988
0.0025229495
0.0011645639
0.0011798274
0.00089724672
0.0010948362
0.0010396349
0.0010368436
0.0019608544
0.0020008773
0.0013892331
0.005742575
0.0038827417
0.003888215
0.002204583
0.001631673
0.001641225
0.0032388355
0.00417061
0.0038450875
0.00361998
0.0036446665
0.0036438961
0.0036432795
0.0036424534
0.0036290283
0.0026480454
0.0036033425
0.0036060638
0.0036032657
0.0036033846
0.0026390283
0.0026859604
0.0036150832
0.0036175554
0.0036088883
0.0036120854
0.00267759
0.0026250864
0.0036105945
0.0036066728
0.0044987756
0.0037310308
0.0042661775
0.0008216291
0.00047516236
0.0012346018
0.00099957931
0.0031164693
0.00036797542
0.0010163408
0.0031678162
0.00037926809
0.00079962558
0.0023953374
0.00028187458
0.004359365
0.0031788322
0.00069483434
0.00089108837
0.00046149246
0.0012141248
0.0012456482
0.0033413006
0.00041553862
0.0041212432
0.003928507
0.00083220493
0.0038571345
0.0039351563
0.00082433696
0.0041654437
0.0039337642
0.00083482838
0.0042886953
0.0031861325
0.00069945803
0.00028886379
0.0002550959
0.00012274619
0.0010220761
0.00069261385
0.00065222095
0.0010081903
0.00070551597
0.00063723448
0.00090079751
0.00046156901
0.0012102312
0.0012741915
0.003370958
0.00042211614
0.0036859142
0.0039388657
0.00082255931
0.0042079039
0.0039340138
0.00084556337
0.0042616329
0.0039368129
0.00084733485
0.0045826171
0.0035710587
0.00084788338
0.0045492169
0.0035795031
0.00084902777
0.0011311571
0.00045069068
0.0010640991
0.0041104951
0.0030039647
0.00057949475
0.0043593447
0.0029884478
0.00056758188
0.0005917079
0.00076912732
0.00031681568
0.00064472446
0.00085467328
0.00013869175
0.00063233501
0.00092233453
0.00014258793
0.00051244975
0.00055183767
0.00080246378
0.0028713966
0.0027212531
0.0007171063
0.0028204409
0.0027075501
0.00071487344
0.0028858952
0.0027242933
0.00071756231
0.0029380482
0.0027383662
0.00071998886
0.0011383138
0.00045288689
0.0010550204
0.0011584191
0.00045980243
0.0010250805
0.0008581338
0.0004623096
0.001224826
0.0011247516
0.0032226656
0.00039181931
0.0040611166
0.0030088105
0.00058502155
0.0035316821
0.0030255508
0.00059285167
0.00046335847
0.00057098835
0.0002632774
0.00058817893
0.00076948225
0.00031788135
0.00057526107
0.0007597236
0.00032015236
0.00065038815
0.00083084677
0.00013774557
0.00066024807
0.00077781965
0.00013729629
0.00055156698
0.0005278092
0.00041401351
0.0041428631
0.0034473597
0.00079414808
0.00067535339
0.00061269652
0.0001472669
0.00054874628
0.00053680672
0.00087589392
0.00055846055
0.00053704347
0.0008979357
0.00054595648
0.00053577818
0.00086995929
0.00053818784
0.00053718272
0.00087288912
0.0031392077
0.0027864529
0.00072981808
0.0030890976
0.0027734344
0.00072676765
0.003158475
0.0027904953
0.00073060532
0.0032162258
0.002805307
0.00073418968
0.00058724115
0.0006141497
0.00042595897
0.00044408874
0.00046979031
0.0001960622
0.00095527302
0.0004463177
0.0011923233
0.0013910856
0.0034919979
0.00045353657
0.0027227306
0.0039924493
0.00070026451
0.002595754
0.0039685762
0.00068338574
0.0027649876
0.0039943719
0.00070510186
0.0028966617
0.004015182
0.0007219821
0.0044956359
0.0037868966
0.00086102414
0.0042054965
0.0037955766
0.0008624248
0.0045556342
0.0037833097
0.00085944991
0.0046240489
0.0037761218
0.00085847354
0.0038745239
0.0036199117
0.00086104585
0.0043415852
0.0034433406
0.00079215602
0.0044384113
0.0034335069
0.0007866148
0.00054082481
0.00074707726
0.0003198032
0.00067463946
0.00062863302
0.00014585144
0.00066995204
0.00065963078
0.00014224913
0.0011167345
0.00065317189
0.00069671926
0.0011366936
0.00064039673
0.00071224258
0.00063385586
0.00099643073
0.00014611175
0.00063374325
0.00094453745
0.00014305996
0.00052314119
0.00055018543
0.00082307474
0.00051493179
0.00055192758
0.00080700949
0.0026276542
0.0026922167
0.00071175502
0.0028016902
0.0027036491
0.00071438669
0.003004296
0.0027534201
0.00072283018
0.0029520813
0.0027414136
0.0007204649
0.0033380934
0.0028599296
0.0007464588
0.0034101018
0.0028721309
0.00076694298
0.00030930903
0.00024391922
8.5032164e-05
0.0011631039
0.0004626783
0.001015693
0.0011738728
0.00047167145
0.00098237751
0.00086572258
0.0004619214
0.0012231398
0.0011563086
0.0032504553
0.00039680582
0.0022304648
0.0039282127
0.00065564624
0.0033846649
0.0041311234
0.00080901225
0.0032575286
0.0040442037
0.0007714858
0.0030785451
0.0040350642
0.00074919573
0.0032104721
0.0040560873
0.00076733963
0.0040040144
0.0039329168
0.00082952785
0.0039816408
0.00393242
0.0008278105
0.0040401325
0.0032094041
0.0007124126
0.0037688385
0.0032186016
0.00071566643
0.00055956305
0.0007523385
0.00032135112
0.00057199246
0.00076070303
0.00032045158
0.00065774722
0.00073840073
0.00013809388
0.00066141272
0.00076102492
0.0001377026
0.00062832137
0.0010277739
0.00014819492
0.0005621085
0.00053597747
0.00090371246
0.00052605028
0.0005486518
0.00082851954
0.00053506607
0.0005414673
0.00086229497
0.0023936694
0.002693652
0.00071084251
0.0030164545
0.0027587556
0.0007236263
0.0030752703
0.0027695798
0.00072606097
0.0033199901
0.0028388008
0.00074323681
0.0032433684
0.0028093276
0.0007351127
0.00085939533
0.00074214307
0.00059310801
0.00060271473
0.0007681857
0.00046398524
0.00042680039
0.00035405615
9.1458162e-05
0.00044472926
0.00047890828
0.00020421717
0.0011773536
0.00049575006
0.00092377185
0.0011753905
0.0004756948
0.00097135466
0.0011781488
0.00049025618
0.00093457446
0.00093659852
0.00045238888
0.0011977512
0.0013593625
0.0034649118
0.00044592686
0.0024296126
0.0039336178
0.00066095943
0.0025541784
0.0039636325
0.00067831081
0.0030356283
0.0040385173
0.000745307
0.0025593422
0.0040182171
0.00072720839
0.0038819679
0.0039346974
0.00083938749
0.004076836
0.0039342396
0.00084134289
0.0045519938
0.0039404267
0.00085399399
0.0043665059
0.0039452364
0.0008532298
0.003789592
0.0037988594
0.00086295099
0.0048203613
0.0037735283
0.0008547875
0.0048440587
0.0035481906
0.00083608212
0.0042665245
0.0036094006
0.00085878506
0.0047399862
0.0033987043
0.00076440731
0.0044536305
0.0034062814
0.0007715685
0.0041378933
0.0034177241
0.00077798474
0.0044133047
0.0034084103
0.00077261709
0.0045004811
0.003430178
0.00078371713
0.0037857556
0.0034202759
0.00077920421
0.00055664015
0.00075503715
0.00032129219
0.00054412903
0.00074659925
0.00032079733
0.00065505929
0.00072626507
0.00013853624
0.00066628725
0.00067652121
0.00014096513
0.00083419518
0.0004704952
0.0012317676
0.00098454719
0.0030721574
0.00035560375
0.0010571653
0.0031973139
0.00038382449
0.00099466718
0.00044463358
0.0011717499
0.0010044708
0.00044417441
0.0011654291
0.0044883781
0.0035162116
0.00082669074
0.0044985985
0.003511436
0.00082436845
0.00078793507
0.0023438397
0.00027850226
0.00043216452
0.00042653657
0.00015642051
0.00043137292
0.00041422092
0.00014595259
0.00037512514
0.00044501154
0.00017276517
0.0003045998
0.00043425806
0.00016528273
0.00098381198
0.00044595307
0.0011776492
0.00097331718
0.00044601673
0.0011832662
0.0014677359
0.003586771
0.00048105878
0.0014394136
0.0035531648
0.00047115687
0.0014965595
0.0036108619
0.00048894238
0.0015260534
0.0036428224
0.00049911787
0.003887688
0.0037577033
0.00085452457
0.0044417755
0.003521987
0.00082921957
0.0043949533
0.0035276636
0.00083165331
0.0010605519
0.00067840011
0.00066832109
0.0043539151
0.0031729796
0.00069124785
0.0042286239
0.0031383647
0.00066868423
0.0042092614
0.0031430569
0.00067209438
0.00064234565
0.00051419825
0.0010670435
0.00055611133
0.0012574726
0.00050611484
0.00055493268
0.0012441989
0.00050529087
0.00054636875
0.001173042
0.00050791747
0.00054829638
0.0011837198
0.00050688295
0.00055739666
0.0012730786
0.00050638144
0.00055878522
0.0012924541
0.00050818183
0.00061158288
0.0013301313
0.00050347754
0.00060377766
0.0013216181
0.00050468532
0.00073201088
0.0016093982
0.00050130346
0.00072834343
0.0015974874
0.00050035123
0.00070386285
0.0015215584
0.00049618737
0.00070813345
0.0015335214
0.00049651409
0.00073590253
0.0016235679
0.00050276739
0.0007399318
0.0016343664
0.00050392476
0.00076651196
0.001721256
0.00051769079
0.00076183545
0.001704611
0.00051419318
0.0010431034
0.0019369755
0.00054340617
0.0010308944
0.0019261084
0.00054222143
0.00096075591
0.0018621261
0.00053614049
0.00097223889
0.0018726809
0.00053701082
0.0010553077
0.0019476341
0.00054462731
0.0010679335
0.0019585655
0.00054580349
0.001144804
0.0020246423
0.00055424352
0.0011315276
0.0020131408
0.00055284772
0.0017706012
0.00038056751
0.00088222673
0.00046151911
0.0012176434
0.0012165128
0.0033101213
0.00040861344
0.0017493648
0.0038032987
0.00056893635
0.0017823777
0.0038474644
0.00058672329
0.004061871
0.0039320177
0.00083205043
0.0039172882
0.0039330504
0.00082542495
0.004346028
0.0039249504
0.00083401023
0.0042771732
0.0031929292
0.00070364017
0.00021229253
0.00024133352
0.0001557664
0.0043018341
0.0031341259
0.00066418289
0.004281377
0.0031299771
0.0006616794
0.00073825652
0.00049369583
0.0012501195
0.00052099623
0.0010744638
0.00051825877
0.00051725562
0.0010651013
0.00052036692
0.00052452827
0.0010850063
0.00051698572
0.00052774858
0.0010952846
0.00051516462
0.00054396264
0.0011609024
0.00050837965
0.00054175313
0.0011503865
0.00050961429
0.00066091958
0.0014138869
0.0004967852
0.0006555097
0.0014025436
0.00049720825
0.00061877717
0.0013392484
0.00050216206
0.00062559348
0.0013487783
0.00050107027
0.0006661619
0.0014254791
0.00049631167
0.00067130127
0.001437006
0.00049600268
0.0006995588
0.0015088639
0.00049581248
0.00069511766
0.0014967938
0.00049565724
0.00085993453
0.00177175
0.000529009
0.00084826527
0.0017644923
0.00052869279
0.00077114598
0.0017470825
0.00052440826
0.00077724252
0.0017866903
0.000534142
0.00087123815
0.0017802412
0.00052949007
0.00088257247
0.0017897986
0.00053020291
0.00094946291
0.0018515957
0.00053513622
0.00093816126
0.0018413444
0.0005342784
0.00097773891
0.00071785054
0.00062258105
0.00096057362
0.00077951072
0.00053343973
0.00092756772
0.00077285168
0.00054770791
0.00013811922
7.3147122e-05
0.00011102296
0.0004481648
0.00049866587
0.00022001831
0.00091078425
0.00045966218
0.0012061252
0.0013021859
0.0034040428
0.00043013096
0.0017172832
0.0037867661
0.00055864918
0.0016849924
0.0037537299
0.00054592506
0.0032817618
0.0039493373
0.0008210537
0.0041804609
0.0039384338
0.00084433227
0.0043078991
0.0039683704
0.00086693018
0.0040909416
0.0039688984
0.00086158116
0.0042765737
0.0039406938
0.00084939765
0.0044064257
0.0039919859
0.00087140701
0.0044377981
0.0040158217
0.00088199713
0.0046986718
0.0038943131
0.00087813653
0.0046562201
0.0035625036
0.00084328282
0.0044958279
0.003589443
0.00085308598
0.0041943528
0.0029979335
0.00057728727
0.0041455871
0.0029943082
0.00057238409
0.00059521242
0.00076879147
0.00031496564
0.00063904199
0.00087241362
0.00014059722
0.00063347074
0.00090104793
0.00014223788
0.0028526272
0.0027157943
0.00071621322
0.0028383885
0.0027125706
0.00071572587
0.0029050664
0.0027295602
0.00071847335
0.0029190407
0.0027328218
0.0007190201
0.0027093005
0.0028206127
0.00075424814
0.0011464387
0.00045582426
0.0010448867
0.0011536076
0.00045732346
0.0010342584
0.0010934728
0.0032131603
0.00038871849
0.0039797824
0.0030154875
0.00058627451
0.0038661174
0.0030190963
0.0005926257
0.00058356038
0.00076522133
0.000318376
0.0005786723
0.00075952258
0.00031884722
0.00065411806
0.00081377062
0.00013710575
0.00065839456
0.00079246292
0.00013704929
0.00053667805
0.00049005654
0.00040282004
0.00044424755
0.00047672155
0.00039159706
0.0010226667
0.00044490091
0.0011549556
0.0010133144
0.00044435979
0.0011603302
0.0045632828
0.0035022949
0.0008197298
0.0045571256
0.003506806
0.00082103781
0.0037343712
0.0034515179
0.00079560951
0.0005516745
0.00053749833
0.00088311451
0.00055500766
0.00053747734
0.00088869395
0.0005435836
0.00053474351
0.00086750198
0.00054143295
0.00053352489
0.00086941125
0.0031213209
0.0027818288
0.00072852273
0.0031051299
0.0027770521
0.00072773075
0.0031758369
0.0027967313
0.0007319591
0.0031964413
0.002799751
0.00073252043
9.5915181e-05
9.5115142e-05
6.2552971e-05
0.00015080369
0.00012079109
6.4521612e-05
0.00036140556
0.00040861031
0.00013484675
0.00030931887
0.00039624225
0.00012657784
0.00044240477
0.00045757715
0.00018728078
0.00096443923
0.00044617443
0.0011876189
0.001412992
0.0035269991
0.00046326242
0.0015880901
0.0036929262
0.00051778265
0.0015565508
0.0036628052
0.00050704494
0.0026798644
0.0039820178
0.0006942406
0.0026378835
0.0039781681
0.00068923536
0.0028077658
0.0040044002
0.00071104009
0.0028513197
0.0040050337
0.00071594225
0.0044680779
0.0037897182
0.00086099763
0.0044064885
0.0037927373
0.00086257588
0.0045546287
0.0037811347
0.00085986838
0.0046006198
0.0037782212
0.00085746236
0.0037728505
0.0035403726
0.00083626974
0.0041930824
0.0035334973
0.00083385285
0.0043842592
0.0034397424
0.00079058649
0.0044238672
0.003436392
0.00078806141
0.00052943136
0.00073213276
0.0003164074
0.00053577972
0.00074093154
0.00031813022
0.00067385351
0.00063560073
0.00014481453
0.00067205948
0.00064899408
0.00014335147
0.0011236711
0.00066480997
0.00068318191
0.004537333
0.0031663681
0.00068479712
0.0036849587
0.0031591837
0.00068273703
0.0040027545
0.0031530774
0.00068006956
0.0041391685
0.003148195
0.00067599035
0.00048188546
0.00064297388
0.00030379377
0.00063431949
0.00098070393
0.00014478374
0.00063585875
0.00095512253
0.00014393802
0.0005202759
0.00055111346
0.00081604846
0.00051743275
0.0005518215
0.00081195357
0.00055300988
0.0012197276
0.0005057819
0.00055390357
0.0012327412
0.00050565925
0.00055163487
0.0012070054
0.00050579987
0.00055022241
0.0011961218
0.00050664681
0.00057458561
0.0013322626
0.00051560544
0.00056034851
0.0013191725
0.00051364754
0.00058556382
0.0013214611
0.00051181458
0.00059522331
0.0013141055
0.00050648704
0.00072048355
0.0015717275
0.00049847648
0.0007245272
0.001584263
0.00049931398
0.00071645003
0.0015586998
0.00049765703
0.00071236815
0.0015464221
0.00049714188
0.00074833692
0.0016592946
0.0005069949
0.00074407588
0.0016500044
0.00050572755
0.00075273262
0.0016729395
0.00050937696
0.00075723334
0.0016861112
0.00051111243
0.0010070196
0.0019046991
0.00054003869
0.0010189933
0.0019154059
0.00054117134
0.00099537032
0.0018939294
0.00053905614
0.00098368419
0.0018833662
0.00053802749
0.0010932917
0.0019802764
0.000548466
0.0010804143
0.0019696933
0.0005471876
0.0011059468
0.0019914946
0.0005499624
0.0011186164
0.0020017823
0.00055122248
0.0027401589
0.0026953149
0.00071280167
0.0027823018
0.0026972416
0.00071342572
0.0029851272
0.0027502599
0.00072200945
0.002971566
0.0027458201
0.00072140503
0.00338618
0.0029285549
0.00076594935
0.0033216628
0.0029423121
0.00077213329
8.4409447e-05
0.00019530476
6.7353675e-05
0.0011727781
0.0004679898
0.00099327208
0.0011679835
0.00046635725
0.0010052945
0.00087348575
0.00046163341
0.0012207473
0.0011871424
0.0032804148
0.00040259811
0.0018318434
0.0038813541
0.00059574075
0.0033444696
0.0040658752
0.00078573168
0.0033036476
0.0040695433
0.00078075928
0.0031227769
0.0040441316
0.00075597976
0.0031694782
0.0040422895
0.00076006918
0.0040363887
0.0039299049
0.00083012003
0.0039494331
0.0039353031
0.00082706994
0.0041860915
0.0032013228
0.00070772024
0.00056297051
0.0007521649
0.00032051678
0.00056776719
0.00075707825
0.00032056969
0.00066055056
0.00073904863
0.00013825713
0.00066092679
0.00075121547
0.00013795843
0.0010326221
0.00044494062
0.0011485677
0.0010458305
0.00044158869
0.001141259
0.0010550386
0.00044217169
0.001135035
0.0047696651
0.0034977117
0.00081471838
0.004467426
0.0031257936
0.00065494673
0.00056987317
0.00053132822
0.00093255925
0.00056585007
0.00053417057
0.00091668961
0.00052902648
0.00054706304
0.0008368238
0.00053201652
0.00054439552
0.00084411358
0.00051284531
0.0010555146
0.00052205237
0.00050769384
0.0010469437
0.00052454652
0.00053377768
0.0011168496
0.000512534
0.0005309695
0.0011063134
0.00051414025
0.00053659832
0.0011280154
0.00051163916
0.00053911356
0.0011388155
0.0005102402
0.00064413675
0.0013805594
0.00049854128
0.0006499781
0.0013913448
0.00049787488
0.00063821658
0.0013695003
0.00049928173
0.00063203037
0.0013591222
0.0005001073
0.00068114619
0.0014606519
0.00049558571
0.00067627565
0.0014489509
0.00049573686
0.00068586525
0.001472785
0.00049551864
0.00069060468
0.0014846112
0.00049550837
0.00082346759
0.0017538334
0.00052835755
0.00083622777
0.0017586365
0.00052835609
0.0008099804
0.0017610245
0.00053074446
0.00079479932
0.001782074
0.00053402021
0.00090480343
0.001809845
0.00053167221
0.00089363068
0.0018000857
0.00053100243
0.00091583862
0.0018203317
0.00053255885
0.00092706644
0.0018304881
0.00053337935
0.0019033462
0.0025640981
0.00067972478
0.0030350483
0.0027608098
0.00072429863
0.0030582851
0.0027651061
0.00072510016
0.0032809101
0.0028228662
0.00073914955
0.0032644842
0.0028172021
0.00073774525
0.0010029539
0.00073009106
0.00060805931
0.00079922109
0.00075395436
0.00057780334
0.00090955212
0.00076423453
0.00056291467
0.00010016932
8.575182e-05
9.6911083e-05
0.00010431457
8.6793182e-05
3.2213623e-05
0.0001384782
0.00017120702
0.00010696135
0.00015004091
0.00034737836
9.9752479e-05
0.00044629379
0.00049114161
0.00021138421
0.0011775722
0.0005101886
0.00089501133
0.0011774173
0.00050229251
0.00090982581
0.0011776749
0.0004809782
0.00095920977
0.0011789073
0.00048537591
0.00094609852
0.00092264352
0.0004570301
0.0012019352
0.0013304724
0.0034315975
0.00043712004
0.0016202218
0.0037098111
0.00052593736
0.0016526184
0.0037403036
0.00053734881
0.0024712595
0.0039448881
0.00066707456
0.0025125072
0.003951494
0.00067236553
0.0029708472
0.0040259635
0.00073840525
0.0028323958
0.0040295789
0.00073433831
0.0031227675
0.0039513906
0.00081089488
0.0041436312
0.0039349329
0.00084272164
0.0036750587
0.0039614733
0.00085854021
0.0043190141
0.0039369468
0.0008505873
0.0045235959
0.0039766515
0.00090314782
0.0044960365
0.0040107593
0.00090099893
0.0045157695
0.0039549514
0.00089541702
0.00452011
0.0039228092
0.00088516848
0.0046372648
0.0035561164
0.00084266699
0.0044593683
0.0035983697
0.00085551829
0.0045131214
0.0034013641
0.00076882734
0.004533786
0.0034027978
0.00076898575
0.00432754
0.0034139474
0.00077673123
0.0043611861
0.003412179
0.00077448637
0.0047068033
0.0034251463
0.0007783455
0.0045010335
0.00342767
0.00078299051
0.00055240024
0.00075146158
0.00032073617
0.00054734272
0.0007457376
0.0003205896
0.00065778031
0.00070723375
0.00013934058
0.00066282937
0.00069081804
0.00014011353
0.00063403387
0.00081074344
0.00047832444
0.0012371522
0.00047444024
0.0006091548
0.00028572957
0.0006388986
0.0017200065
0.00022565887
0.0034481769
0.0028267709
0.00070518917
0.003459709
0.0028190034
0.00070167822
0.00047306038
0.00060290631
0.00028160198
0.00063839327
0.0016764851
0.00022011237
0.0046716461
0.0036848421
0.00088791621
0.0038350198
0.0028154541
0.00052534902
0.0006970701
0.00049821098
0.0011610025
0.00069249226
0.00049763371
0.0011599459
0.0036488148
0.0028056356
0.00067636199
0.00081088634
0.0024422315
0.00028569831
0.0046918393
0.0036652426
0.00087356383
0.0042914924
0.0037573993
0.00085532643
0.0011528579
0.0006035147
0.00075632025
0.00076059745
0.00048105596
0.0012495448
0.00065667787
0.002043223
0.00026419428
0.0031986829
0.0028092704
0.00071084211
0.0035569512
0.0028335816
0.00069451988
0.0035718082
0.0026363681
0.0006585587
0.00045491111
0.00052479059
0.00023819015
0.00089908875
0.0028178725
0.00031747059
0.0043815574
0.0032510591
0.00072941872
0.0038557748
0.0026680446
0.00049762335
0.00029281452
0.00026060953
0.00016444112
0.0011542307
0.00059154675
0.00077214334
0.00074825111
0.00048928979
0.0012515537
0.0045271141
0.0033748335
0.00075115918
0.00068475306
0.0020860361
0.00026507723
0.00064695497
0.00051525762
0.0010805658
0.0029162273
0.0028165132
0.00071280767
0.0035696708
0.002819529
0.00069102786
0.00045271558
0.00051382615
0.00022705637
0.0008866621
0.0027744333
0.00031310359
0.0037443623
0.0039382658
0.00081413949
0.0037894161
0.0039421131
0.00081554826
0.0047180609
0.0037557065
0.0008584405
0.00398021
0.0037542467
0.00086083124
0.0049260492
0.0037553839
0.00085800326
0.0043227123
0.0032635068
0.00073534682
0.0045512609
0.0033762109
0.00074815897
0.0011086155
0.0004475996
0.0010906918
0.00078646476
0.00048113345
0.001243993
0.00047964725
0.00063188845
0.00029992302
0.00060481498
0.00077889675
0.00031252756
0.00064859088
0.00077366038
0.00023983829
0.00065044904
0.00077566621
0.00023346659
0.00067152572
0.00057435595
0.00017027195
0.00067787943
0.00055253909
0.00016669787
0.00064324072
0.0018314191
0.00024195439
0.00050602161
0.0005581161
0.0008021584
0.00050389776
0.0005628964
0.00079139759
0.0004972748
0.00057491302
0.00076582186
0.0024467542
0.0025874747
0.00070533943
0.0024041364
0.0025821227
0.00070653524
0.0024628031
0.0025899361
0.00070500773
0.0025091698
0.0026002149
0.00070462457
0.0034080219
0.0028144318
0.00070654011
0.0035006174
0.0028297441
0.00070013559
0.00095557894
0.0029853961
0.00033421797
0.0020555118
0.0038423784
0.00061393391
0.0019247368
0.0038270958
0.00060120032
0.002097558
0.0038501335
0.00061835419
0.0022227288
0.003882955
0.00063359654
0.00064934397
0.00077739603
0.00024360602
0.00064936839
0.00078397914
0.00025276922
0.00067280118
0.00055872724
0.00017328423
0.00067325295
0.00056176349
0.00017994329
0.0046712887
0.003751679
0.00088265774
0.0045663559
0.0034622542
0.00080068374
0.00063550073
0.00078576993
0.0002852536
0.00062998229
0.00078679967
0.00029265583
0.00065843678
0.00073046501
0.00020697777
0.00065375719
0.00080374376
0.00021086871
0.00067171228
0.00061511748
0.00014964007
0.00076090596
0.0022466138
0.00027236841
0.00071397141
0.00050003546
0.0011929967
0.00067187452
0.00050800832
0.0011530964
0.00047518864
0.00062708556
0.0007059626
0.00047967126
0.00060820719
0.00072727649
0.00047351379
0.00063309994
0.00070031913
0.00046775812
0.00064942119
0.00068696287
0.0021026296
0.0025677737
0.00068188217
0.0021914953
0.0025668492
0.00068406235
0.0022885857
0.0025978235
0.00069404067
0.0027077758
0.002650931
0.00070672154
0.0026600509
0.0026379578
0.00070583288
0.0027297492
0.0026560453
0.00070728867
0.0027703984
0.0026666338
0.00070879929
0.0036004812
0.0028088285
0.00068343932
0.00084268123
0.0025892691
0.0002971465
0.0043777238
0.0038301437
0.00086871457
0.0045885767
0.0037574016
0.00085581582
0.00063713492
0.00078608062
0.00028270081
0.0006408195
0.00078235735
0.00027466892
0.00065941788
0.00071145196
0.0002045591
0.00066156872
0.00064808256
0.00019750698
0.0010738579
0.00044415811
0.0011210609
0.0011000359
0.00044598385
0.0010981619
0.00077933636
0.00048102666
0.0012457635
0.00061801661
0.00078512988
0.00030522358
0.00060770504
0.00077890914
0.00031076727
0.00065275715
0.00078540044
0.00022469488
0.0006511391
0.00077769671
0.00023133144
0.00067983384
0.00055969424
0.00015940844
0.00067899469
0.00055676747
0.00016460678
0.00064567876
0.001875466
0.0002476676
0.00048810766
0.00058748204
0.00074426038
0.00049504347
0.00057851474
0.00076056574
0.00046534512
0.00072509636
0.00063248014
0.00046588571
0.00071581008
0.00064695905
0.00046488749
0.00068509581
0.00067571049
0.00046580265
0.00071607014
0.00065189083
0.00046567147
0.00070627268
0.00065791789
0.00046512484
0.00072598749
0.00062856232
0.00046368063
0.00073774225
0.00061629187
0.00046051771
0.00075377959
0.00060240545
0.00046320149
0.00074068908
0.00061305219
0.00048467676
0.00090993771
0.00053977952
0.00048384782
0.00087818857
0.00054655599
0.00048041641
0.00084507445
0.00055732647
0.00048325384
0.00086767431
0.00054887247
0.00048453973
0.00092079342
0.00053802942
0.00048314264
0.00095326968
0.00053348786
0.00048207028
0.00100371
0.00053062231
0.00048265801
0.00096497381
0.00053218901
0.0014616759
0.0022312255
0.0006147378
0.0014048137
0.002293989
0.00062128111
0.0013479086
0.0022064801
0.00059328291
0.0013826625
0.0022864201
0.00061818556
0.0014792203
0.0022340058
0.00061511201
0.0015307518
0.0022518341
0.00061724933
0.0015983634
0.0022809311
0.00062130036
0.0015477007
0.0022580166
0.00061812006
0.0020088138
0.0024584955
0.00065339133
0.0019617708
0.0024356676
0.00064828415
0.0018960895
0.0024070339
0.00064242641
0.0019452347
0.0024300861
0.00064727747
0.0020254162
0.0024640645
0.00065455208
0.0020733556
0.0024865913
0.0006599345
0.002141176
0.0025137953
0.00066684861
0.0020897637
0.0024915499
0.00066126109
0.0023669163
0.0026091728
0.00071508509
0.0023913027
0.0025829904
0.0007075734
0.0025743852
0.0026158226
0.00070462353
0.0025260376
0.0026036785
0.00070459515
0.0033884187
0.002819241
0.00070957594
0.0035285453
0.0028201826
0.00069666596
0.00017624234
0.00029394703
7.213481e-05
0.00046138962
0.00056501058
0.00025811598
0.00094017673
0.0029477101
0.0003289149
0.001878656
0.0038627637
0.00060034847
0.0022643744
0.0038896739
0.00063806295
0.0041225725
0.003046872
0.00060809043
0.0043742966
0.0030314188
0.00059656546
0.00064587628
0.0007804427
0.00026164756
0.00064912288
0.00078512944
0.00025591541
0.00066777556
0.00060197092
0.00018763687
0.00067259402
0.00055840947
0.0001824721
0.0010768992
0.00056067913
0.00081418522
0.0010634231
0.00044286864
0.0011284637
0.0046041979
0.0037526487
0.00086651783
0.0043818833
0.0034825472
0.00081095681
0.0044206132
0.0034792269
0.00080880026
0.0045750611
0.003465411
0.00080108075
0.0043521973
0.0033766757
0.0007503655
0.0043048205
0.0033767195
0.0007542962
0.0041825701
0.0030986608
0.00064053743
0.0039513049
0.003115081
0.00065081195
0.0036345252
0.0031189076
0.00065427486
0.00062042991
0.00078495073
0.00030242725
0.00062809557
0.0007867987
0.00029565373
0.00065275473
0.00078787896
0.00022182632
0.00065189298
0.00079575791
0.00021280539
0.00067865101
0.00056950914
0.00015719459
0.00067174988
0.00060233797
0.00015138875
0.00074531197
0.0022009184
0.00026979945
0.00072073563
0.00049892479
0.0012026557
0.00066486406
0.00051132598
0.0011198642
0.00048594343
0.00058960656
0.00074134458
0.00048088366
0.00060159729
0.00073792544
0.00046419834
0.00067466413
0.00068573867
0.00046592605
0.00065436153
0.00068352571
0.00045350076
0.00083416126
0.00059541287
0.00045524474
0.00078746755
0.00059075887
0.00045942617
0.00076041758
0.00059955381
0.00045613118
0.00077698717
0.00059171821
0.0004598055
0.00083496302
0.00059525552
0.00047107484
0.00081608519
0.00057423348
0.00047905199
0.00083775239
0.00056024585
0.00047348076
0.00082136217
0.0005704561
0.000482214
0.0010294493
0.00053438331
0.00050313222
0.0010408987
0.00052718832
0.001237934
0.0021125056
0.00056923959
0.0012020936
0.0020792052
0.00056318054
0.0011542153
0.002036322
0.00055607051
0.0011901
0.002068521
0.0005612234
0.0012500745
0.0021230972
0.00057143375
0.0012868827
0.0021545949
0.00057880698
0.0013359495
0.0021977932
0.00059046749
0.0012991916
0.0021651857
0.00058116842
0.0017353218
0.0023414072
0.00063065314
0.0016833864
0.0023179166
0.00062682049
0.0016152653
0.0022878353
0.00062232649
0.001666338
0.0023114896
0.0006259299
0.0017527362
0.0023483875
0.00063178736
0.00180564
0.0023714434
0.00063590785
0.0018778014
0.0024012092
0.00064147632
0.0018234825
0.0023781532
0.00063701857
0.0021924934
0.0025423404
0.00067582912
0.0021553044
0.0025184191
0.00066836634
0.0022015217
0.0025360675
0.00067395291
0.0023804326
0.002655888
0.00072293403
0.0023147457
0.0026095484
0.00069966917
0.0025925526
0.0026201602
0.00070489078
0.0026406378
0.00263287
0.00070533434
0.0027971067
0.0026702422
0.00070886264
0.0036049131
0.0028307215
0.00068650975
0.00073132988
0.00078365919
0.00051847174
0.00084853
0.00077605143
0.00047747953
0.00042337719
0.00039033348
0.00011955685
0.00085317606
0.0026346248
0.00030131097
0.0034772539
0.0039465678
0.00081223397
0.003885449
0.0039297501
0.000816761
0.003909119
0.0039339463
0.0008194373
0.0045232325
0.0038527952
0.00087095327
0.0044857815
0.0038623504
0.00087226411
0.004154067
0.0038850797
0.00087716194
0.0044267007
0.0038663201
0.00087419097
0.0037300209
0.0038996042
0.00087932736
0.004700508
0.0038440022
0.00086677964
0.0044964695
0.0038143188
0.0008661018
0.0044308079
0.0038256587
0.00086729349
0.0045517807
0.0038103281
0.00086349056
0.0046551096
0.003756151
0.0008567366
0.0041649997
0.0033397803
0.00077074712
0.004282976
0.0033130645
0.00076163539
0.0041046095
0.0030506145
0.00061322706
0.0042431773
0.0030938324
0.00063718458
0.0035640007
0.0030683368
0.00062225046
0.0044897846
0.0030757069
0.00062467385
0.00064458504
0.00077843446
0.00026444955
0.00064216227
0.00078344216
0.0002723885
0.00066554908
0.00061639584
0.00018925343
0.00066147901
0.00064639897
0.00019496442
0.00080220925
0.00047968725
0.001239702
0.00047634898
0.00061912911
0.00029082128
0.00063984743
0.0017526128
0.0002307949
0.00060927218
0.00052366714
0.0010122364
0.00061449788
0.00052065913
0.0010369177
0.00060438746
0.0005254474
0.00099832433
0.00059974293
0.00052664693
0.00098825593
0.0031672091
0.0027920287
0.00074673733
0.003147671
0.0027968866
0.0007486696
0.0031805478
0.0027897084
0.00074459484
0.0031944391
0.002788441
0.0007428795
0.0034328571
0.0028164399
0.00070408612
0.0034746208
0.0028295639
0.00070286539
0.00085076377
0.00046251875
0.0012280458
0.00047124396
0.00059458363
0.00027725369
0.00063855786
0.0016439108
0.00021476117
0.0047354788
0.0037089914
0.00089881143
0.0037570474
0.0028848146
0.00052801196
0.00052256104
0.00073085948
0.00031281012
0.00051804834
0.00071846613
0.00031413338
0.00060287361
0.001220673
0.00017058275
0.0005973832
0.0011977557
0.00016988299
0.00070220629
0.00049891483
0.0011732857
0.00068845818
0.00049703758
0.0011688116
0.0033750214
0.0027958329
0.00072215941
0.0033699589
0.0027950671
0.00072362078
0.0034008892
0.0027974098
0.00072096699
0.0034010314
0.0027982548
0.0007196824
0.0036429116
0.0027829954
0.00067795238
0.00082299224
0.0024943707
0.00028903384
0.0048895355
0.0037587177
0.00085217101
0.0046997098
0.0036485585
0.00086945599
0.0045021451
0.0037570638
0.00085567178
0.00052562893
0.000732335
0.00031562626
0.000613598
0.0012415298
0.0001718168
0.00062310472
0.00124982
0.00017335568
0.0011478247
0.00061484973
0.00074248532
0.00093079141
0.00062739123
0.00072772151
0.00076705053
0.00048109902
0.0012475285
0.004000393
0.0029639985
0.00055536914
0.0039312617
0.0029696517
0.00055776059
0.00049398195
0.00066561718
0.00031384876
0.00049013849
0.00065600649
0.00030960396
0.00065229444
0.0019754424
0.00026057725
0.00063761154
0.00051348457
0.0010620737
0.00057884683
0.00052178387
0.00095364011
0.00058195517
0.00052325455
0.00095289478
0.0032658503
0.0027873232
0.00073319025
0.0032541213
0.0027863888
0.00073469099
0.003331542
0.0028144484
0.00071145197
0.0035431706
0.0028203534
0.00069399741
0.00045712646
0.00053764768
0.00024703001
0.00091219712
0.0028630372
0.00032106443
0.0032589421
0.0041361244
0.00082186237
0.0035599194
0.0039658451
0.00080984679
0.0035347652
0.0039728421
0.00080952152
0.0043729406
0.0032410206
0.00072522168
0.0021539502
0.000325673
0.00064742578
0.0014353425
0.00018812064
0.00064625069
0.0014605554
0.00019164574
0.00032269596
0.00033590078
0.00018929483
0.00117265
0.00052462037
0.00086992967
0.0011716436
0.00053329546
0.00085515938
0.0011587192
0.00058131486
0.00078498671
0.0036903776
0.0033944029
0.00076525257
0.0040796563
0.0033922071
0.00076458958
0.0044511916
0.0033829228
0.00075721425
0.0044526076
0.0033835842
0.00075684079
0.0044506308
0.0033747089
0.00074864047
0.0037765253
0.0033790496
0.00075511718
0.00465764
0.0033819938
0.00075285996
0.0040418092
0.0029583669
0.0005506075
0.0040631942
0.0029532831
0.0005474129
0.00049824389
0.00067874887
0.00031543065
0.00050148775
0.0006855227
0.00031399046
0.00062152511
0.0010443302
0.00015095708
0.00070695418
0.002121852
0.00026634857
0.00065250974
0.00051440803
0.0010917978
0.00057427605
0.00052776809
0.0009503023
0.0032833035
0.0027883165
0.00073182982
0.0032931729
0.0027892761
0.00073028174
0.0035641914
0.0028027953
0.00071205498
0.0035813504
0.0028333225
0.00069089849
0.0011731199
0.00051688172
0.00088277077
0.00087483108
0.0027284996
0.00030935609
0.0036974023
0.0039413614
0.00081373543
0.003612127
0.0039573728
0.00080938984
0.0036610774
0.0039528328
0.00081024353
0.0038166308
0.0039353467
0.00081545099
0.0034720086
0.0039382231
0.00083747327
0.0045279933
0.0037647248
0.00085576916
0.0045561456
0.0037635323
0.00085581394
0.004466324
0.003766583
0.0008565825
0.0042629864
0.0037679569
0.00085660864
0.0047014461
0.003755808
0.00085731619
0.0043348084
0.003276311
0.00074052471
0.0047873028
0.0033793413
0.00075392768
0.00064792798
0.0013976211
0.00018464854
0.00064709518
0.0013762258
0.0001817853
0.0011251324
0.00044885179
0.0010724999
0.0011167199
0.00044836251
0.0010821504
0.00079393811
0.00048125932
0.0012420504
0.00047796667
0.00062486662
0.00029504404
0.00060025446
0.00077457627
0.0003134513
0.00064812219
0.0007700921
0.00023647303
0.00064920662
0.00077275811
0.00023432508
0.00067372977
0.00057223363
0.00016899554
0.00067593353
0.00056874943
0.00016740332
0.0006413198
0.0017954938
0.00023621533
0.00062637384
0.00051021805
0.0010653856
0.00062006142
0.00051677032
0.0010587705
0.00059163857
0.000526816
0.00096674023
0.00059558341
0.00052700511
0.00097769315
0.00051059917
0.00055182315
0.00080292303
0.00050815352
0.00055178798
0.0008052131
0.00050173254
0.00056719725
0.00077862529
0.00049954972
0.00057136023
0.00077277728
0.0024314049
0.0025849014
0.00070556428
0.0024164438
0.0025835036
0.00070612271
0.0024777076
0.0025932702
0.00070482664
0.0024935376
0.0025962708
0.00070471718
0.0030336169
0.0028042681
0.00075089021
0.0032140171
0.0027860629
0.00073938672
0.0032021042
0.0027860829
0.00074096193
0.0034212918
0.0028235276
0.00070741702
0.0034805633
0.0028208056
0.00069920385
0.00097296054
0.0030300531
0.00034493305
0.002012697
0.003832018
0.00060911623
0.0019695472
0.003828104
0.00060511908
0.0021394814
0.0038609154
0.00062343185
0.0021812812
0.0038696395
0.00062805384
0.00046743568
0.00058110366
0.0002699311
0.00064949621
0.0007801518
0.00024670375
0.00064966282
0.00078268051
0.00025003445
0.00067356832
0.00055920179
0.00017534366
0.00067377053
0.00055360485
0.00017797016
0.000639682
0.0015981877
0.00020981588
0.00064277829
0.0015708751
0.00020501922
0.00037642928
0.0004227232
0.00038008114
0.0047189865
0.0037459975
0.00089774229
0.0047720957
0.0034573865
0.00079519304
0.0035817304
0.0029222844
0.00053825396
0.0042949842
0.0029329611
0.00053315615
0.00051232718
0.00070931337
0.00031495266
0.00051500591
0.00071419583
0.00031391615
0.00063273096
0.00078210121
0.00028688934
0.00063172768
0.00078519614
0.0002910199
0.00065692444
0.00079191244
0.00020830178
0.00065553621
0.00081321059
0.00021011978
0.00067518119
0.00061693848
0.0001478824
0.00067420331
0.0006112661
0.00014913021
0.00060573125
0.0011349042
0.00016111779
0.00060133839
0.0011582815
0.00016582083
0.00077693539
0.0022973075
0.0002748847
0.00070786259
0.00049958573
0.0011775219
0.00067957087
0.00050290864
0.0011703065
0.00047681229
0.00062104487
0.00071132577
0.00047829089
0.0006147126
0.00071800901
0.0004716793
0.00063890466
0.00069562384
0.00046968001
0.00064449293
0.00069043571
0.0022361121
0.0025790998
0.00068741411
0.0022594709
0.0025833157
0.00068998456
0.0026941265
0.0026471288
0.0007065218
0.0026736477
0.0026417353
0.00070591893
0.0027413803
0.0026595636
0.00070769343
0.0027645481
0.0026635954
0.00070810062
0.003340943
0.0027928054
0.00072633238
0.0033475496
0.0027936008
0.00072476777
0.0034279834
0.0027993701
0.0007173107
0.003429554
0.0027982791
0.00071816893
0.0036360012
0.0028302849
0.0006828027
0.00060504838
0.00064655161
0.00043836423
0.00085113676
0.00074573035
0.00045140717
0.0001254851
0.00012204202
5.3254998e-05
0.00083144892
0.0025382134
0.00029321607
0.0037801635
0.0038402794
0.00086908424
0.0041876552
0.0038347207
0.00086848321
0.0046568109
0.0037601851
0.00085366212
0.004672559
0.00375976
0.00085468997
0.0048911379
0.0036340186
0.00086261993
0.0045628929
0.0037568471
0.00085599552
0.00063875295
0.00078558942
0.00028056204
0.00063932227
0.00078272105
0.00027736982
0.00066042339
0.00067855111
0.00020248895
0.00066106475
0.00066614816
0.00019996674
0.00063657463
0.0012913806
0.0001759048
0.00063004693
0.001275662
0.00017450195
0.0010836195
0.00044354021
0.0011130272
0.001092555
0.00044489928
0.0011052565
0.00077301165
0.00048105876
0.0012469885
0.0034823967
0.0029808017
0.00056427598
0.0038153441
0.0029751738
0.0005631092
0.00048713106
0.00065274808
0.00030536013
0.00061436722
0.0007817645
0.00030632379
0.00061052391
0.00077794464
0.00030866355
0.00065228566
0.00078260957
0.00022696032
0.00065193128
0.0007804601
0.00022973778
0.0006798329
0.00055865805
0.00016100798
0.00068006155
0.00055063874
0.0001632907
0.00064867572
0.0019258493
0.00025353012
0.00063023628
0.00051133224
0.0010581314
0.00063365807
0.00051235116
0.0010534047
0.00058813561
0.00052585787
0.00096075998
0.0005847681
0.00052457681
0.00095179072
0.00049034026
0.0005849124
0.00074920438
0.00049268814
0.00058179745
0.00075468046
0.00046562923
0.00072184424
0.00063742039
0.00046571768
0.0007194808
0.00064168692
0.00046523543
0.00069560456
0.00066404646
0.00046471744
0.00073069357
0.00062410416
0.00046434511
0.000732497
0.00062061528
0.00046160226
0.00074942461
0.00060616873
0.00046234678
0.00074493736
0.00060900494
0.00048456507
0.000899398
0.00054197915
0.00048427879
0.00088858208
0.00054407346
0.00048158342
0.00085256206
0.00055433977
0.00048241697
0.00085958525
0.00055162393
0.00048435677
0.00093148413
0.00053609193
0.00048371312
0.00094297597
0.00053470666
0.00048209633
0.00098901563
0.00053059497
0.00048232134
0.0009772947
0.00053133135
0.0014434957
0.0022284787
0.00061495679
0.0014247374
0.0022611109
0.00062207536
0.0013597222
0.0022236838
0.00059863878
0.0013712045
0.0022445026
0.00060308554
0.0014965986
0.0022400292
0.00061581443
0.0015136455
0.0022442138
0.00061627699
0.0015814691
0.0022727321
0.00062016538
0.0015646032
0.0022661673
0.00061922644
0.0019935497
0.0024498251
0.00065132533
0.0019768081
0.0024444046
0.00065031727
0.00191386
0.0024159739
0.00064439516
0.0019300842
0.0024213757
0.0006453184
0.0020406245
0.0024725839
0.00065666501
0.0020569833
0.002478094
0.00065799296
0.0021223023
0.0025053724
0.00066479706
0.00210633
0.0025004117
0.00066336807
0.0023681607
0.0025890143
0.00071030139
0.0023787669
0.002584535
0.00070846241
0.0025581244
0.0026122652
0.00070471908
0.0025407782
0.0026072043
0.00070447425
0.0032280764
0.002785499
0.00073773456
0.0032389253
0.0027860188
0.00073619081
0.0033709732
0.0028087504
0.00070877019
0.0035356072
0.0028327187
0.0006977002
0.00045872452
0.00055043739
0.00025277436
0.00092580993
0.0029030821
0.00032535761
0.0023513986
0.0039112231
0.00064883753
0.0023069131
0.003905005
0.00064432269
0.0029308856
0.0041793684
0.00081842107
0.003425697
0.0040108115
0.00081085869
0.0033866568
0.0040494095
0.00081457274
0.0034749627
0.0039973588
0.00081037699
0.0034969763
0.003984105
0.00080987985
0.0045758869
0.0032297128
0.0007178686
0.0041960202
0.0030408699
0.00060566906
0.0041751771
0.0030380015
0.00060072529
0.00064738904
0.00078334135
0.00026049017
0.00064814018
0.00078409821
0.00025785458
0.00066976964
0.00057832915
0.00018641209
0.00067136382
0.000573491
0.00018422692
0.00064355654
0.0015266533
0.00020021022
0.00064497839
0.0014994496
0.0001955039
0.00030944919
0.00030493459
0.00021847596
0.00036970902
0.00039566283
0.00031320399
0.0011678452
0.00055009699
0.00082915621
0.0011706172
0.00054159346
0.00084170301
0.0011617084
0.00057166659
0.00079848127
0.0043738068
0.0037533693
0.00086510604
0.0041906138
0.0034877434
0.00081320826
0.0038176639
0.0034917273
0.00081450558
0.004467023
0.0034742208
0.00080581772
0.0044946523
0.0034707507
0.00080442868
0.0043201698
0.0033884364
0.00076211349
0.0042712972
0.0033904162
0.00076280076
0.004370834
0.0033864542
0.00075998396
0.0043876025
0.0033852757
0.00075951245
0.0043930267
0.0033754463
0.00075199496
0.004121568
0.0033781779
0.00075273191
0.0041285904
0.0031050519
0.00064399194
0.0040984831
0.0031089506
0.00064833114
0.0041392465
0.0029429025
0.00053964931
0.0041123079
0.0029480468
0.00054320758
0.00050889214
0.00070294234
0.00031802061
0.00050344596
0.00068606522
0.00031652152
0.00062252627
0.00078362794
0.00030053403
0.00062504386
0.00078341653
0.00029709705
0.00065273773
0.00079044301
0.00021913021
0.00065229143
0.0007930396
0.00021585882
0.00067716288
0.00057728375
0.00015538851
0.00067465082
0.00058889915
0.0001532472
0.0006104709
0.0011035762
0.0001576152
0.00061566075
0.0010775603
0.00015389381
0.00072640387
0.0021565853
0.00026829739
0.00072876231
0.00049708882
0.0012180271
0.00065836938
0.00051347956
0.0011010726
0.00048413069
0.00059172334
0.00074004748
0.00048191207
0.00059387896
0.00074218554
0.0004628676
0.00066378818
0.00068679415
0.00046439508
0.00065917968
0.00068385944
0.00045417291
0.00081343449
0.00059247099
0.00045463649
0.0007981871
0.00058750302
0.00045823432
0.00076368749
0.00059650196
0.00045705305
0.00077194801
0.00059454065
0.0004643962
0.00082019398
0.00058618927
0.00046800475
0.00081336072
0.00057861786
0.00047743115
0.00083184851
0.00056340393
0.00047562318
0.00082538341
0.00056677673
0.00048935854
0.0010496002
0.00053710951
0.00049711975
0.0010453317
0.00053354871
0.0012259375
0.00210143
0.0005671106
0.0012139933
0.0020904517
0.00056505811
0.0011660586
0.0020463136
0.00055764156
0.0011781471
0.002057118
0.00055946786
0.001262297
0.0021340086
0.00057380482
0.0012745742
0.0021446077
0.00057600677
0.0013237789
0.002184893
0.00058671788
0.0013114551
0.0021765739
0.00058445981
0.0017178734
0.0023332131
0.00062926526
0.0017006685
0.0023267723
0.00062833375
0.0016322195
0.0022961285
0.00062356207
0.0016492096
0.0023027306
0.00062449226
0.0017702726
0.0023564796
0.00063326157
0.0017878955
0.002363205
0.00063436788
0.0018595305
0.0023924587
0.00063963708
0.0018414493
0.0023863177
0.00063864274
0.0022782651
0.0025528777
0.000677513
0.0021735615
0.0025263147
0.00067050739
0.0021766193
0.0025293985
0.00067195824
0.0023752391
0.0026989858
0.00072413369
0.0023517949
0.0026476106
0.00071035942
0.0026075336
0.0026245193
0.00070487153
0.0026257902
0.002629287
0.00070530687
0.0028873249
0.0026834762
0.00070962677
0.0027888403
0.0026764451
0.00070980858
0.0033205914
0.0027912112
0.00072746495
0.0033113596
0.002790391
0.00072903163
0.0034579938
0.0027981793
0.00071529444
0.0034428187
0.0028033714
0.00071507231
0.0035840573
0.0028159987
0.00068777401
0.00082689859
0.00078432022
0.00050457296
0.00078960218
0.00078181797
0.00049052681
0.00028615225
0.00037380005
0.00010771374
0.0008636993
0.0026835139
0.00030526811
0.0036392601
0.0039422853
0.00081288245
0.0038103774
0.0039458372
0.00080925749
0.0038349713
0.0039363843
0.00081732028
0.0040758271
0.0039282897
0.00081777909
0.004512068
0.0038488052
0.00087006523
0.0044729767
0.0038591428
0.00087264014
0.0043433857
0.0038775665
0.00087655157
0.0044000586
0.003871808
0.00087437035
0.0044882909
0.0038175945
0.00086550271
0.0044554131
0.0038217489
0.00086741195
0.0045773059
0.003807103
0.00086471741
0.0047801308
0.0038031641
0.00086071392
0.0045997439
0.0037612841
0.00085504007
0.0045874152
0.0037617283
0.00085468551
0.0038619127
0.0037702333
0.00085677141
0.0046549386
0.0037564306
0.00085730728
0.0037337931
0.0033770053
0.00076652453
0.0042859704
0.0032933704
0.00074703695
0.0040282684
0.0030570666
0.00061519973
0.003895664
0.0030615996
0.00062048092
0.0042995346
0.003087127
0.00063368246
0.0042619569
0.0030831036
0.00063031657
0.00064398352
0.00078143133
0.00026739787
0.0006435707
0.00078346028
0.00027004879
0.00066261059
0.00065113553
0.00018988694
0.00066122165
0.00063928322
0.00019244687
0.00064077003
0.0013228092
0.00017727117
0.00064570074
0.0013410448
0.00017946971
0.0034687497
0.0024447153
0.00061002619
0.0035636161
0.002374072
0.00046974299
0.00064888962
0.0028646652
0.0018643061
0.00069287822
0.0032156795
0.0018364944
0.00047070793
0.00023598951
0.00023288759
0.00015525304
0.00010059572
9.5363481e-05
5.6128324e-05
0.00010311725
0.00010096479
5.6483825e-05
0.00048211387
0.00011275165
5.1641809e-05
0.00012463921
0.00015039367
5.6004533e-05
0.00038576618
0.00010969829
7.0972332e-05
0.00014911824
0.00020275783
5.4383818e-05
0.00021986126
0.00021161008
5.6723907e-05
0.00010206285
0.00022635049
6.5311383e-05
0.00025458263
0.00019413566
0.00012597099
)
;

boundaryField
{
    inlet
    {
        type            calculated;
        value           nonuniform List<scalar> 
40
(
0.025681395
0.029863272
0.046875
0.046875
0.046875
0.046875
0.046875
0.046875
0.046875
0.046875
0.046875
0.046875
0.046875
0.046875
0.046875
0.046875
0.046875
0.046875
0.046875
0.046875
0.046875
0.046875
0.046875
0.046875
0.046875
0.046875
0.046875
0.046875
0.046875
0.046875
0.046875
0.046875
0.046875
0.046875
0.046875
0.046875
0.041850801
0.031651227
0.02385513
0.028355124
)
;
    }
    outlet
    {
        type            calculated;
        value           nonuniform List<scalar> 
102
(
0.18774019
0.28330813
0.27860147
0.21045823
0.13717756
0.092953665
0.071491902
0.061377225
0.056856079
0.05321732
0.055110241
0.058145306
0.063098362
0.072035401
0.089749334
0.11496733
0.12616518
0.060303654
0.051351238
0.052603049
0.050554475
0.051090629
0.050173326
0.050433018
0.049792936
0.050097854
0.049008024
0.049646984
0.047252722
0.048700584
0.042631053
0.04649213
0.030236515
0.04053086
0.0087468072
0.025248398
0.0039661129
0.0054675434
0.0043281057
0.0067890607
0.014114212
0.0061976184
0.02467365
0.016939806
0.033282832
0.026978388
0.039992757
0.035158222
0.044636364
0.04133557
0.047660823
0.045520269
0.049629264
0.048233769
0.050881104
0.049998167
0.051800829
0.051125216
0.053538595
0.05498927
0.052417237
0.052048809
0.051676053
0.05208685
0.050701208
0.050877846
0.050248745
0.050332734
0.049913659
0.050013516
0.049260997
0.04947143
0.04784947
0.048321981
0.044257625
0.045515915
0.034434796
0.037837573
0.013862565
0.019639394
0.0053334849
0.0052764658
0.0032851708
0.0041817186
0.011264624
0.0085665218
0.022241279
0.019664839
0.031284895
0.029182252
0.038517512
0.036906644
0.043651156
0.042553022
0.047023461
0.04631267
0.049214142
0.048750247
0.050618475
0.05032662
0.051588519
0.051359744
)
;
    }
    top
    {
        type            slip;
    }
    bottom
    {
        type            slip;
    }
    symFront
    {
        type            empty;
    }
    symBack
    {
        type            empty;
    }
    wing
    {
        type            nutkWallFunction;
        blending        stepwise;
        value           nonuniform List<scalar> 
1073
(
0.00025511819
0.00014795653
0.00015015694
0.00015089952
0.00013451768
0.0001114856
0.00014561479
0.00015136707
0.00014671987
0.00014826093
0.00014654029
0.00011186681
3.8092634e-05
7.927959e-05
7.7440622e-05
0.00014517286
0.00015166611
0.00014850353
0.00014526169
0.00014508186
0.00012996429
0.00013023801
0.00012828711
9.8852245e-05
9.7555518e-05
0.00017725881
9.3107858e-05
9.4797724e-05
0.00015034652
0.00013260982
0.00013280004
0.00013255321
0.00013237841
0.00012723221
0.00012374767
0.0001468334
0.00015079436
9.92681e-05
0.00010050982
0.00016328467
0.00017816857
0.00018034728
9.2711267e-05
9.2770236e-05
4.930196e-05
0.00012354353
9.8130034e-05
0.00015133639
0.00015148084
0.00015127244
0.00015101739
0.00013180843
0.00013192787
0.00013178018
0.00013171466
5.0847511e-05
0.00013649852
0.00014312258
0.00015299396
0.00015553691
0.0001558074
0.00015549385
0.00015521747
0.00013726939
0.00013795941
0.000137042
0.00013638229
0.00013135127
0.00012328572
0.0001225563
0.00018489607
9.7468334e-05
9.5643052e-05
8.4702274e-05
8.6605861e-05
9.5424529e-05
9.4856482e-05
0.0001506814
0.00015045071
0.0001330786
0.00013286602
0.00013217779
0.00013232493
0.00013186028
0.00013202925
8.8975067e-05
0.00012265483
0.00011876774
0.00014664365
0.00015082753
0.00015630797
0.00015517309
0.00015474978
0.00015488049
0.00015477318
0.00014736522
0.00014758885
0.00011296172
0.00011333296
0.0001827722
0.00018105793
9.4070098e-05
9.3062102e-05
9.6138892e-05
0.00015152172
0.00015075125
0.00015095289
0.00013314674
0.00013210758
0.00013196969
0.0001317677
0.00013170964
7.2012975e-05
5.5756805e-05
9.3218284e-05
0.00013983587
0.00011189938
0.00011748842
0.00011318699
0.00014374558
0.00015263005
0.00015620697
0.00015590915
0.00015496389
0.00015517841
0.00014592745
0.00014574677
0.00014455406
0.00014467612
0.0001382074
0.00013615828
0.00012907565
0.00013108095
0.00011966552
0.00012037975
0.00012129721
0.00012058557
0.00012228676
0.00012154344
0.00018327263
0.00018451907
9.438953e-05
9.5187302e-05
0.00014763919
0.00014886637
0.00015087129
0.00014075772
0.00014002946
0.00012761938
0.00012734138
0.00013371176
0.00012193636
0.00011807337
0.00012963383
0.0001258204
0.00014143565
0.00014208238
0.00015409767
0.00015373679
0.00015445364
0.00015481518
0.00013406963
0.00012789434
0.00012820083
8.1245742e-05
0.0001111004
0.00010877905
0.00010915316
0.00015159696
0.00013697054
0.0001370388
0.00013760029
0.00013749353
0.00013689255
0.00013683224
0.00013649923
0.00013658611
0.00013452763
0.00013454863
0.00013482232
0.00013475951
0.00013451641
0.00013451271
0.00013474335
0.00013465326
0.00013451521
0.00013456204
0.00013477563
0.00013473794
0.00013448728
0.00013446633
0.00013438747
0.0001343981
6.8403136e-05
0.00014601884
0.00015116274
0.00015770743
0.00015843379
0.00014694837
0.00014802044
0.00014632755
0.00011222297
3.7283436e-05
0.00010841217
0.00010802859
0.00015005589
0.00013865671
0.00013876694
0.00013854109
0.00013842215
0.00013771
0.00013782408
0.00013563724
0.00013574845
0.00013640343
0.00013630057
0.00013553004
0.00013542544
0.00013489237
0.00013496375
0.000135093
0.00013511558
0.00013487376
0.00013502436
0.00013509421
0.00013505449
0.00013481325
0.00013485567
7.5643292e-05
6.4596704e-05
6.6381453e-05
5.4149408e-05
0.00014649803
0.00014470391
0.00015196651
0.00015716201
0.00015673339
0.00014875227
0.00014539763
0.00014434535
0.00014436332
0.00014494618
0.00014427912
0.00014442099
0.00014371364
0.00012967515
0.00013053399
9.843893e-05
9.8005343e-05
0.0001764655
9.3784914e-05
9.4697679e-05
0.00013267178
0.000132735
0.00013249372
0.00013243173
0.0001319187
0.00012605389
0.00012481611
0.00015081996
9.9668962e-05
0.00010008961
0.00017901314
0.00017972711
9.2538958e-05
9.2531009e-05
4.7850042e-05
4.6393773e-05
0.00013881717
0.00013943904
0.00012678326
0.00012706643
0.00012380678
0.00015138867
0.0001514355
0.00015119813
0.00015099993
0.00013184675
0.00013188814
0.00013175472
0.00013173151
4.6028227e-05
4.1459325e-05
0.00011414717
0.00011006427
0.00013318394
0.00014258487
0.00015336319
0.00015555696
0.00015518533
0.00015566036
0.00015571786
0.00015537669
0.00015531027
0.00013749489
0.00013772651
0.00013681899
0.00013660177
0.00012879351
0.00012847305
0.00012302854
0.00012278442
0.00018527918
0.00018516596
9.6818388e-05
9.6213957e-05
8.3065166e-05
0.00011069224
0.00011029738
0.0001099068
0.0001095211
0.00017806572
9.5090565e-05
9.4882092e-05
0.0001506042
0.00015052723
0.00013720707
0.0001371203
0.00013729621
0.00013739228
0.00013683313
0.00013683128
0.00013674768
0.00013666258
0.00013461116
0.00013457609
0.00013465368
0.00013470366
0.00013453434
0.00013451946
0.00013456199
0.00013459935
0.00013463114
0.00013457224
0.00013464546
0.00013469752
0.00013442159
0.00013444017
0.00013441098
0.00013438287
0.00013301122
0.00013293792
0.00013221353
0.0001322686
0.00013205289
0.00013210729
8.0565672e-05
0.00012003814
0.00012144341
0.00014637378
0.00015098215
0.00015835883
0.00015486001
0.00015479864
0.00015483094
0.00015480975
0.00014715568
0.00014779258
0.00011258996
0.00018231019
0.00018173864
9.3718231e-05
9.3377182e-05
0.00013807881
0.00013723359
0.00013651225
0.0001264905
0.00010762847
0.0001516046
0.00015155731
0.00015082096
0.00015089715
0.00013887223
0.00013897292
0.00013818473
0.00013830126
0.00013806406
0.00013794057
0.0001359719
0.0001358598
0.00013608332
0.0001361937
0.00013522785
0.00013532483
0.00013513616
0.00013504502
0.00013512482
0.00013511831
0.00013509798
0.0001350967
0.00013499616
0.00013500989
0.00013494668
0.00013490132
0.00013495222
0.00013206669
0.00013201748
0.00013173227
0.0001317155
7.3856671e-05
7.0121238e-05
6.8275092e-05
5.1111842e-05
4.838259e-05
3.952722e-05
9.7361942e-05
0.00014319434
0.0001085321
0.00011025546
0.0001160598
0.00011451735
0.00014422479
0.00015228097
0.00015594072
0.0001563179
0.00015607756
0.00015601722
0.00015500565
0.00015506939
0.00015180642
0.00014558852
0.00014444934
0.00014483193
0.0001444136
0.00014453836
0.00014420017
0.00014393923
0.00012938579
0.00013081085
0.00011991122
0.00012014824
0.00012104387
0.00012081474
0.00012179425
0.00012205677
0.00018378152
0.00018421624
9.4675942e-05
9.4769642e-05
0.0001056191
0.00014824332
0.00017175092
0.00011950458
0.00012608476
0.00012589703
0.00016983664
0.00011772616
0.00013232918
9.0560258e-05
0.00015093305
0.00015095268
0.00012076919
0.00013534571
0.0001320784
0.00013392806
9.1951977e-05
0.00014965005
0.00013127688
0.00012736515
0.0001245138
0.00011624398
0.00015274515
0.00014291551
0.0001144401
8.6744336e-05
3.9318827e-05
9.3849183e-05
0.00014987801
0.00011642621
0.0001313729
0.00015153895
0.00012754709
0.00012429955
0.00014973977
0.00014188433
0.00015062178
0.00015035126
0.00013293391
0.00013271257
0.00013280729
0.00011474513
0.00011624918
0.00013137535
0.00014902149
0.00017665604
0.00017443836
0.00014186494
0.00013891845
0.00011003301
0.00010738363
0.00012430356
0.00015008597
0.00015000278
0.0001496734
0.00013517298
0.00013540434
0.00013509047
0.0001348145
0.00012663688
0.00012532466
0.00014681159
0.00015745834
0.00015800129
0.00015726628
0.00015682529
0.00014299635
0.00014646351
0.00011081755
0.00011366135
0.00013262992
0.00012437093
0.00016141048
0.0001647138
0.00012643082
0.00012952476
0.00010018831
0.00013244267
0.00015055932
0.00015122552
0.00014813479
0.00014858539
0.0001479785
0.00014751286
0.00013497894
0.00013501453
0.00013518768
0.00013374744
0.00013400412
0.00013366812
0.00013344437
0.00012337686
0.00013805696
0.00014025481
0.00013348572
0.00016020945
0.00015691083
0.00012536952
0.00012229364
0.00013489404
0.00013224224
0.00014922519
0.0001703082
0.00017339521
0.00013445638
0.00013781508
0.00010378705
0.00010647384
0.00012604657
0.00014919518
0.00014955744
0.00014535529
0.0001459389
0.00014668338
0.0001461311
0.00014632897
0.00014516022
0.0001445531
0.00014383383
0.00014435194
0.00014035964
0.00014079927
0.00014140628
0.00014095076
0.0001402236
0.0001398516
0.00013938431
0.00013973822
0.00013586866
0.00013583872
0.0001351522
0.00013573829
0.00013588415
0.00013585211
0.00013572056
0.00013580134
0.00013493487
0.00013496936
0.00013506838
0.00013501507
0.00013489574
0.00013487026
0.00013486036
0.00013487866
0.0001356035
0.00013547217
0.00013444406
0.00013472566
0.00012681955
0.00012512563
8.4782663e-05
0.00016080105
0.00014585297
0.00015819422
0.00015665317
0.00010217977
0.00010093794
0.00015132186
0.00014765661
0.00011768425
0.00011462649
9.8902965e-05
0.00013575113
0.00013254934
0.00012565352
0.00012539413
0.00012461467
0.00011695779
0.00011712944
0.00010574808
0.00010686159
0.00010724503
0.00016918133
0.00016589182
0.00013337246
0.00013043759
0.00010294055
0.00010078787
0.00013192532
0.00015040266
0.00015129435
0.00014906753
0.00014873803
0.00014687104
0.00014735697
0.00014254748
0.00014302532
0.00014364663
0.00014317253
0.00014249202
0.00014211442
0.00014156251
0.00014198738
0.00013926255
0.00013905865
0.00013451876
0.00013443572
0.00013438702
0.00013441575
0.00013456638
0.00013473281
0.00013504297
0.00013480123
0.00013539821
0.00013549546
0.00013565866
0.00013555967
0.00013533599
0.00013524867
0.00013511992
0.00013519129
0.00013490561
0.00013486807
0.00013490189
0.00013562915
0.00013529871
0.00013435672
0.00013408589
0.00013337212
0.00012363082
6.2710899e-05
5.7491192e-05
0.00010590922
0.00013900038
0.00015151754
0.0001495588
0.00014928052
0.00014138421
0.00014217724
0.00014319224
0.00014241462
0.00014344114
0.00014107458
0.00013923077
0.00013999102
0.00013898044
0.00013332214
0.00011594082
0.00011565349
0.00010257074
0.00010538198
0.00010378884
0.00010419791
0.00015238723
0.00015575308
0.00011871199
0.00012130307
0.00014853182
0.00017343199
0.00012097166
0.00015176649
0.00015174072
0.00015179473
0.00015178837
0.00013158832
0.0001317119
0.0001314515
0.00013130654
0.00012626907
0.00012571092
0.00014722557
0.00016792277
0.00011626352
0.00013254243
9.2178895e-05
0.00018535722
0.00018523816
0.00010438549
0.00010413386
0.00015083534
0.00015095881
0.00012895541
0.00012912834
0.00012878024
0.00012860688
0.00012241624
0.00013616105
0.00013423513
0.00013185289
0.00013375123
0.00018530751
0.000104543
0.00010467485
9.0265761e-05
8.8483789e-05
0.00014943413
9.5784896e-05
9.6214359e-05
0.00018158762
0.00018059129
0.00012990477
0.00015166464
0.00015163462
0.0001516798
0.00013033663
0.00013050524
0.00012718225
0.00012472162
0.00015556
0.00014386458
0.00015486623
0.00015308174
0.00015338415
0.0001140746
5.1173816e-05
0.00010840789
0.00010936549
4.0528416e-05
0.00010553203
0.00010377163
9.5412953e-05
0.00011941937
0.00011919726
0.00011794674
0.00011814047
0.00011658553
0.00011753316
0.00011771726
9.5341076e-05
9.4912313e-05
0.00018234509
0.00018299814
9.7031426e-05
0.0001314505
0.00015146669
0.0001516506
0.00013016622
0.00012999404
0.00012772803
0.00012408349
0.00010704569
0.00014094852
0.00015092676
0.00015279863
0.00015245326
0.00015009279
0.00014611311
0.00013533508
0.00013514549
0.00013553162
0.00013572985
0.00013306656
0.00011504924
0.00011612876
0.00010732144
0.00010660507
0.00012926265
0.00013038378
0.00014879865
0.00017509639
0.00017551616
0.00014097841
0.00014001894
0.00010920501
0.00010834783
0.00012260021
0.0001516598
0.00015173789
0.00015180758
0.00015178339
0.00015022979
0.00015014879
0.00014988998
0.00014978338
0.00013525109
0.00013532908
0.00013499748
0.00013490185
0.00013182294
0.00013099777
0.00013115487
0.00012645395
0.00012551568
0.00014788926
0.00015764392
0.00015779814
0.00015710651
0.0001569459
0.00016576957
0.00014413814
0.00014527107
0.00011167761
0.00011266335
0.00011470381
0.00011340569
4.4897813e-05
0.00013263399
0.00012407234
9.302494e-05
9.3521426e-05
0.00018469064
0.00018498147
0.00016254346
0.00016360395
0.00012742229
0.00012843124
9.8810847e-05
9.9506655e-05
0.00010076044
0.00010232393
0.00013296059
0.00015070468
0.00015112955
0.00014828591
0.00014844801
0.00014781649
0.00014766075
0.00013507022
0.00013511699
0.00013382833
0.00013391534
0.00013358998
0.00013351858
0.00012947536
0.00012930151
0.00012826155
0.00012843461
0.00012306605
5.2450543e-05
5.4133876e-05
4.3607711e-05
0.0001370628
0.000140801
0.00014052776
0.00013459776
0.00013442123
0.00013159726
0.00013360776
0.000159055
0.00015791812
0.00012431988
0.00012328912
0.00010508965
0.00010485408
0.00013396325
0.00013306421
0.00014935559
9.7100154e-05
9.665902e-05
0.00017937971
0.00017143454
0.00017243106
0.00013557852
0.0001366854
0.00010464579
0.00010554172
0.00012780718
0.0001515993
0.0001516349
0.00015178744
0.00015172945
0.00014933113
0.00014942738
0.00014554124
0.00014574526
0.00014650371
0.00014494595
0.00014474823
0.00014398435
0.00014418957
0.00014050096
0.00014064611
0.00014125298
0.00014109933
0.0001400977
0.00013997422
0.00013949896
0.00013961795
0.00013586442
0.00013586446
0.00013527789
0.0001354748
0.0001358905
0.00013585154
0.00013573483
0.0001357927
0.00013492909
0.00013497163
0.00013506468
0.00013501567
0.00013490471
0.00013487074
0.00013486036
0.00013484897
0.00013556268
0.00013552373
0.00013453161
0.00013462874
0.00013083669
0.00013067222
0.00012700087
0.00012492737
0.00015825835
0.00014487262
0.00015640363
0.00015653349
0.00015507655
0.00015429075
0.00015458405
0.00015400622
0.00015370755
0.00011370497
0.00010178499
0.00010137197
0.00015011814
0.00014893827
0.00011670591
0.00011569627
0.00011184416
0.00011054153
4.1870758e-05
4.3377486e-05
0.00010068201
0.00010220566
9.6995647e-05
0.00013259876
0.00012594308
0.00012622416
0.00012513805
0.00012489946
0.00011875227
0.00011899017
0.00011854989
0.00011834804
0.00011675863
0.00011731365
0.00010611695
0.00010648541
9.4013382e-05
9.4462774e-05
0.00018433823
0.00018376538
0.00016808292
0.00016705787
0.00013231595
0.00013128948
0.00010209506
0.00010136245
9.9399358e-05
9.8149254e-05
0.00013171396
0.00015023072
0.00015138518
0.0001489082
0.00014883898
0.00014698698
0.00014712909
0.00014262438
0.0001428329
0.00014351155
0.00014334353
0.00014236075
0.00014223157
0.00014171121
0.00014185045
0.00013923593
0.00013917529
0.00013448739
0.00013446112
0.00013437941
0.00013441202
0.0001346179
0.00013467264
0.0001349556
0.00013487519
0.00013541424
0.00013547792
0.00013564155
0.00013557747
0.00013532112
0.00013526109
0.00013512668
0.00013518145
0.00013493218
0.00013488726
0.00013489011
0.0001356223
0.00013550094
0.00013426244
0.00013416903
0.0001332102
0.00013331187
0.0001296485
0.00012982177
0.00012809004
0.00012791346
0.00012385693
6.095144e-05
5.9162876e-05
0.00010173828
0.00013999513
0.00015121563
0.00015212252
0.00014982208
0.00014901159
0.00014162987
0.00014189331
0.00014293583
0.00014267233
0.00013948152
0.00013973763
0.00013872686
0.00013846232
0.00013477066
0.00013495534
0.00013594283
0.00013319448
0.00011611782
0.00011534514
0.00010296955
0.00010337627
0.00010500504
0.0001046137
0.00015342772
0.00015456961
0.00011964096
0.00012039869
0.00010539625
0.00010592691
0.0001058543
7.8725599e-05
9.4104435e-05
8.5480342e-05
6.3564093e-05
3.7073555e-05
5.9576036e-05
6.4882969e-05
7.0815121e-05
7.7063736e-05
5.6987246e-05
6.1918354e-05
6.7536795e-05
7.352562e-05
3.7840669e-05
)
;
    }
}


// ************************************************************************* //
