solid OBJECT
  facet normal -0.97705701962146818 0.21297788713482335 0
    outer loop
      vertex -0.99756407737731934 0.069756470620632172 1
      vertex -0.99739754199981689 0.070520468056201935 1
      vertex -0.99739754199981689 0.070520468056201935 -1
    endloop
  endfacet
  facet normal -0.97705701962146818 0.21297788713482335 0
    outer loop
      vertex -0.99756407737731934 0.069756470620632172 1
      vertex -0.99739754199981689 0.070520468056201935 -1
      vertex -0.99756407737731934 0.069756470620632172 -1
    endloop
  endfacet
  facet normal -0.97301373665432922 0.23074719561021756 0
    outer loop
      vertex -0.99739754199981689 0.070520468056201935 1
      vertex -0.99722790718078613 0.071235783398151398 1
      vertex -0.99722790718078613 0.071235783398151398 -1
    endloop
  endfacet
  facet normal -0.97301373665432922 0.23074719561021756 0
    outer loop
      vertex -0.99739754199981689 0.070520468056201935 1
      vertex -0.99722790718078613 0.071235783398151398 -1
      vertex -0.99739754199981689 0.070520468056201935 -1
    endloop
  endfacet
  facet normal -0.96833652479870169 0.24964850238039396 0
    outer loop
      vertex -0.99722790718078613 0.071235783398151398 1
      vertex -0.99705535173416138 0.071905091404914856 1
      vertex -0.99705535173416138 0.071905091404914856 -1
    endloop
  endfacet
  facet normal -0.96833652479870169 0.24964850238039396 0
    outer loop
      vertex -0.99722790718078613 0.071235783398151398 1
      vertex -0.99705535173416138 0.071905091404914856 -1
      vertex -0.99722790718078613 0.071235783398151398 -1
    endloop
  endfacet
  facet normal -0.96297818396593904 0.26957933378814863 -0
    outer loop
      vertex -0.99705535173416138 0.071905091404914856 1
      vertex -0.99688011407852173 0.072531066834926605 1
      vertex -0.99688011407852173 0.072531066834926605 -1
    endloop
  endfacet
  facet normal -0.96297818396593904 0.26957933378814863 0
    outer loop
      vertex -0.99705535173416138 0.071905091404914856 1
      vertex -0.99688011407852173 0.072531066834926605 -1
      vertex -0.99705535173416138 0.071905091404914856 -1
    endloop
  endfacet
  facet normal -0.95680225784114969 0.29073946995562588 -0
    outer loop
      vertex -0.99688011407852173 0.072531066834926605 1
      vertex -0.99670225381851196 0.073116391897201538 1
      vertex -0.99670225381851196 0.073116391897201538 -1
    endloop
  endfacet
  facet normal -0.95680225784114969 0.29073946995562588 0
    outer loop
      vertex -0.99688011407852173 0.072531066834926605 1
      vertex -0.99670225381851196 0.073116391897201538 -1
      vertex -0.99688011407852173 0.072531066834926605 -1
    endloop
  endfacet
  facet normal -0.94982262183824406 0.31278904559514853 -0
    outer loop
      vertex -0.99670225381851196 0.073116391897201538 1
      vertex -0.99652200937271118 0.073663726449012756 1
      vertex -0.99652200937271118 0.073663726449012756 -1
    endloop
  endfacet
  facet normal -0.94982262183824406 0.31278904559514853 0
    outer loop
      vertex -0.99670225381851196 0.073116391897201538 1
      vertex -0.99652200937271118 0.073663726449012756 -1
      vertex -0.99670225381851196 0.073116391897201538 -1
    endloop
  endfacet
  facet normal -0.94198448431359905 0.33565641854795941 0
    outer loop
      vertex -0.99652200937271118 0.073663726449012756 1
      vertex -0.99633955955505371 0.074175752699375153 1
      vertex -0.99633955955505371 0.074175752699375153 -1
    endloop
  endfacet
  facet normal -0.94198448431359905 0.33565641854795941 0
    outer loop
      vertex -0.99652200937271118 0.073663726449012756 1
      vertex -0.99633955955505371 0.074175752699375153 -1
      vertex -0.99652200937271118 0.073663726449012756 -1
    endloop
  endfacet
  facet normal -0.9332431401162764 0.35924537773771309 -0
    outer loop
      vertex -0.99633955955505371 0.074175752699375153 1
      vertex -0.9961550235748291 0.074655137956142426 1
      vertex -0.9961550235748291 0.074655137956142426 -1
    endloop
  endfacet
  facet normal -0.9332431401162764 0.35924537773771309 0
    outer loop
      vertex -0.99633955955505371 0.074175752699375153 1
      vertex -0.9961550235748291 0.074655137956142426 -1
      vertex -0.99633955955505371 0.074175752699375153 -1
    endloop
  endfacet
  facet normal -0.9187505137135803 0.3948385664433407 -0
    outer loop
      vertex -0.9961550235748291 0.074655137956142426 1
      vertex -0.99578046798706055 0.075526691973209381 1
      vertex -0.99578046798706055 0.075526691973209381 -1
    endloop
  endfacet
  facet normal -0.9187505137135803 0.3948385664433407 0
    outer loop
      vertex -0.9961550235748291 0.074655137956142426 1
      vertex -0.99578046798706055 0.075526691973209381 -1
      vertex -0.9961550235748291 0.074655137956142426 -1
    endloop
  endfacet
  facet normal -0.89712723947172368 0.44177224471196086 0
    outer loop
      vertex -0.99578046798706055 0.075526691973209381 1
      vertex -0.99539977312088013 0.076299786567687988 1
      vertex -0.99539977312088013 0.076299786567687988 -1
    endloop
  endfacet
  facet normal -0.89712723947172368 0.44177224471196086 0
    outer loop
      vertex -0.99578046798706055 0.075526691973209381 1
      vertex -0.99539977312088013 0.076299786567687988 -1
      vertex -0.99578046798706055 0.075526691973209381 -1
    endloop
  endfacet
  facet normal -0.87473835318734106 0.48459551531467804 -0
    outer loop
      vertex -0.99539977312088013 0.076299786567687988 1
      vertex -0.99501419067382812 0.076995797455310822 1
      vertex -0.99501419067382812 0.076995797455310822 -1
    endloop
  endfacet
  facet normal -0.87473835318734106 0.48459551531467798 0
    outer loop
      vertex -0.99539977312088013 0.076299786567687988 1
      vertex -0.99501419067382812 0.076995797455310822 -1
      vertex -0.99539977312088013 0.076299786567687988 -1
    endloop
  endfacet
  facet normal -0.85462456614374416 0.51924642602873727 -0
    outer loop
      vertex -0.99501419067382812 0.076995797455310822 1
      vertex -0.99462515115737915 0.077636115252971649 1
      vertex -0.99462515115737915 0.077636115252971649 -1
    endloop
  endfacet
  facet normal -0.85462456614374416 0.51924642602873727 0
    outer loop
      vertex -0.99501419067382812 0.076995797455310822 1
      vertex -0.99462515115737915 0.077636115252971649 -1
      vertex -0.99501419067382812 0.076995797455310822 -1
    endloop
  endfacet
  facet normal -0.83866865812712721 0.54464197586602126 -0
    outer loop
      vertex -0.99462515115737915 0.077636115252971649 1
      vertex -0.99423348903656006 0.078239217400550842 1
      vertex -0.99423348903656006 0.078239217400550842 -1
    endloop
  endfacet
  facet normal -0.83866865812712721 0.54464197586602126 0
    outer loop
      vertex -0.99462515115737915 0.077636115252971649 1
      vertex -0.99423348903656006 0.078239217400550842 -1
      vertex -0.99462515115737915 0.077636115252971649 -1
    endloop
  endfacet
  facet normal -0.82272469574285612 0.56844003642849161 -0
    outer loop
      vertex -0.99423348903656006 0.078239217400550842 1
      vertex -0.99383777379989624 0.078811950981616974 1
      vertex -0.99383777379989624 0.078811950981616974 -1
    endloop
  endfacet
  facet normal -0.82272469574285612 0.56844003642849161 0
    outer loop
      vertex -0.99423348903656006 0.078239217400550842 1
      vertex -0.99383777379989624 0.078811950981616974 -1
      vertex -0.99423348903656006 0.078239217400550842 -1
    endloop
  endfacet
  facet normal -0.80553163449835297 0.59255277049593802 -0
    outer loop
      vertex -0.99383777379989624 0.078811950981616974 1
      vertex -0.99343591928482056 0.079358242452144623 1
      vertex -0.99343591928482056 0.079358242452144623 -1
    endloop
  endfacet
  facet normal -0.80553163449835297 0.59255277049593802 0
    outer loop
      vertex -0.99383777379989624 0.078811950981616974 1
      vertex -0.99343591928482056 0.079358242452144623 -1
      vertex -0.99383777379989624 0.078811950981616974 -1
    endloop
  endfacet
  facet normal -0.78759955742899579 0.61618742046365249 -0
    outer loop
      vertex -0.99343591928482056 0.079358242452144623 1
      vertex -0.99302613735198975 0.079882018268108368 1
      vertex -0.99302613735198975 0.079882018268108368 -1
    endloop
  endfacet
  facet normal -0.78759955742899579 0.61618742046365249 0
    outer loop
      vertex -0.99343591928482056 0.079358242452144623 1
      vertex -0.99302613735198975 0.079882018268108368 -1
      vertex -0.99343591928482056 0.079358242452144623 -1
    endloop
  endfacet
  facet normal -0.769074056365462 0.63915967944291829 -0
    outer loop
      vertex -0.99302613735198975 0.079882018268108368 1
      vertex -0.99260628223419189 0.080387212336063385 1
      vertex -0.99260628223419189 0.080387212336063385 -1
    endloop
  endfacet
  facet normal -0.769074056365462 0.63915967944291829 0
    outer loop
      vertex -0.99302613735198975 0.079882018268108368 1
      vertex -0.99260628223419189 0.080387212336063385 -1
      vertex -0.99302613735198975 0.079882018268108368 -1
    endloop
  endfacet
  facet normal -0.75064113823831691 0.66071013431328884 -0
    outer loop
      vertex -0.99260628223419189 0.080387212336063385 1
      vertex -0.99217450618743896 0.08087775856256485 1
      vertex -0.99217450618743896 0.08087775856256485 -1
    endloop
  endfacet
  facet normal -0.75064113823831691 0.66071013431328884 0
    outer loop
      vertex -0.99260628223419189 0.080387212336063385 1
      vertex -0.99217450618743896 0.08087775856256485 -1
      vertex -0.99260628223419189 0.080387212336063385 -1
    endloop
  endfacet
  facet normal -0.73261721902130517 0.68064088210559981 -0
    outer loop
      vertex -0.99217450618743896 0.08087775856256485 1
      vertex -0.99172872304916382 0.081357583403587341 1
      vertex -0.99172872304916382 0.081357583403587341 -1
    endloop
  endfacet
  facet normal -0.73261721902130517 0.68064088210559981 0
    outer loop
      vertex -0.99217450618743896 0.08087775856256485 1
      vertex -0.99172872304916382 0.081357583403587341 -1
      vertex -0.99217450618743896 0.08087775856256485 -1
    endloop
  endfacet
  facet normal -0.71567199860687847 0.69843653284320417 -0
    outer loop
      vertex -0.99172872304916382 0.081357583403587341 1
      vertex -0.99126708507537842 0.081830613315105438 1
      vertex -0.99126708507537842 0.081830613315105438 -1
    endloop
  endfacet
  facet normal -0.71567199860687847 0.69843653284320417 0
    outer loop
      vertex -0.99172872304916382 0.081357583403587341 1
      vertex -0.99126708507537842 0.081830613315105438 -1
      vertex -0.99172872304916382 0.081357583403587341 -1
    endloop
  endfacet
  facet normal -0.69983453879974711 0.71430498969484002 0
    outer loop
      vertex -0.99126708507537842 0.081830613315105438 1
      vertex -0.99078786373138428 0.082300126552581787 1
      vertex -0.99078786373138428 0.082300126552581787 -1
    endloop
  endfacet
  facet normal -0.69983453879974711 0.71430498969484002 0
    outer loop
      vertex -0.99126708507537842 0.081830613315105438 1
      vertex -0.99078786373138428 0.082300126552581787 -1
      vertex -0.99126708507537842 0.081830613315105438 -1
    endloop
  endfacet
  facet normal -0.68437426822769931 0.72913089427605571 0
    outer loop
      vertex -0.99078786373138428 0.082300126552581787 1
      vertex -0.99029070138931274 0.08276677131652832 1
      vertex -0.99029070138931274 0.08276677131652832 -1
    endloop
  endfacet
  facet normal -0.68437426822769931 0.72913089427605571 0
    outer loop
      vertex -0.99078786373138428 0.082300126552581787 1
      vertex -0.99029070138931274 0.08276677131652832 -1
      vertex -0.99078786373138428 0.082300126552581787 -1
    endloop
  endfacet
  facet normal -0.66922130403630609 0.74306315089899733 0
    outer loop
      vertex -0.99029070138931274 0.08276677131652832 1
      vertex -0.98977577686309814 0.083230525255203247 1
      vertex -0.98977577686309814 0.083230525255203247 -1
    endloop
  endfacet
  facet normal -0.66922130403630609 0.74306315089899733 0
    outer loop
      vertex -0.99029070138931274 0.08276677131652832 1
      vertex -0.98977577686309814 0.083230525255203247 -1
      vertex -0.99029070138931274 0.08276677131652832 -1
    endloop
  endfacet
  facet normal -0.65415111534735082 0.7563638795512494 0
    outer loop
      vertex -0.98977577686309814 0.083230525255203247 1
      vertex -0.98924291133880615 0.08369138091802597 1
      vertex -0.98924291133880615 0.08369138091802597 -1
    endloop
  endfacet
  facet normal -0.65415111534735082 0.7563638795512494 0
    outer loop
      vertex -0.98977577686309814 0.083230525255203247 1
      vertex -0.98924291133880615 0.08369138091802597 -1
      vertex -0.98977577686309814 0.083230525255203247 -1
    endloop
  endfacet
  facet normal -0.63943095834358654 0.76884852182455454 0
    outer loop
      vertex -0.98924291133880615 0.08369138091802597 1
      vertex -0.98869228363037109 0.084149323403835297 1
      vertex -0.98869228363037109 0.084149323403835297 -1
    endloop
  endfacet
  facet normal -0.63943095834358654 0.76884852182455454 0
    outer loop
      vertex -0.98924291133880615 0.08369138091802597 1
      vertex -0.98869228363037109 0.084149323403835297 -1
      vertex -0.98924291133880615 0.08369138091802597 -1
    endloop
  endfacet
  facet normal -0.62491464562205179 0.78069308033763529 0
    outer loop
      vertex -0.98869228363037109 0.084149323403835297 1
      vertex -0.98812383413314819 0.084604345262050629 1
      vertex -0.98812383413314819 0.084604345262050629 -1
    endloop
  endfacet
  facet normal -0.62491464562205179 0.78069308033763529 0
    outer loop
      vertex -0.98869228363037109 0.084149323403835297 1
      vertex -0.98812383413314819 0.084604345262050629 -1
      vertex -0.98869228363037109 0.084149323403835297 -1
    endloop
  endfacet
  facet normal -0.61068356438458593 0.79187472758671695 0
    outer loop
      vertex -0.98812383413314819 0.084604345262050629 1
      vertex -0.98753762245178223 0.085056424140930176 1
      vertex -0.98753762245178223 0.085056424140930176 -1
    endloop
  endfacet
  facet normal -0.61068356438458593 0.79187472758671695 0
    outer loop
      vertex -0.98812383413314819 0.084604345262050629 1
      vertex -0.98753762245178223 0.085056424140930176 -1
      vertex -0.98812383413314819 0.084604345262050629 -1
    endloop
  endfacet
  facet normal -0.5967132269062233 0.80245456247389002 0
    outer loop
      vertex -0.98753762245178223 0.085056424140930176 1
      vertex -0.98693364858627319 0.085505545139312744 1
      vertex -0.98693364858627319 0.085505545139312744 -1
    endloop
  endfacet
  facet normal -0.5967132269062233 0.80245456247389002 0
    outer loop
      vertex -0.98753762245178223 0.085056424140930176 1
      vertex -0.98693364858627319 0.085505545139312744 -1
      vertex -0.98753762245178223 0.085056424140930176 -1
    endloop
  endfacet
  facet normal -0.58302441053580889 0.8124546367147969 0
    outer loop
      vertex -0.98693364858627319 0.085505545139312744 1
      vertex -0.98631191253662109 0.085951708257198334 1
      vertex -0.98631191253662109 0.085951708257198334 -1
    endloop
  endfacet
  facet normal -0.58302441053580889 0.8124546367147969 0
    outer loop
      vertex -0.98693364858627319 0.085505545139312744 1
      vertex -0.98631191253662109 0.085951708257198334 -1
      vertex -0.98693364858627319 0.085505545139312744 -1
    endloop
  endfacet
  facet normal -0.56963965662090443 0.82189455625695573 0
    outer loop
      vertex -0.98631191253662109 0.085951708257198334 1
      vertex -0.9856724739074707 0.086394891142845154 1
      vertex -0.9856724739074707 0.086394891142845154 -1
    endloop
  endfacet
  facet normal -0.56963965662090443 0.82189455625695573 0
    outer loop
      vertex -0.98631191253662109 0.085951708257198334 1
      vertex -0.9856724739074707 0.086394891142845154 -1
      vertex -0.98631191253662109 0.085951708257198334 -1
    endloop
  endfacet
  facet normal -0.5565248625545185 0.83083095594631917 0
    outer loop
      vertex -0.9856724739074707 0.086394891142845154 1
      vertex -0.98501533269882202 0.086835071444511414 1
      vertex -0.98501533269882202 0.086835071444511414 -1
    endloop
  endfacet
  facet normal -0.5565248625545185 0.83083095594631917 2.2519718185130192e-20
    outer loop
      vertex -0.9856724739074707 0.086394891142845154 1
      vertex -0.98501533269882202 0.086835071444511414 -1
      vertex -0.9856724739074707 0.086394891142845154 -1
    endloop
  endfacet
  facet normal -0.5436953402223017 0.83928265621336151 0
    outer loop
      vertex -0.98501533269882202 0.086835071444511414 1
      vertex -0.98434048891067505 0.087272241711616516 1
      vertex -0.98434048891067505 0.087272241711616516 -1
    endloop
  endfacet
  facet normal -0.5436953402223017 0.83928265621336151 0
    outer loop
      vertex -0.98501533269882202 0.086835071444511414 1
      vertex -0.98434048891067505 0.087272241711616516 -1
      vertex -0.98501533269882202 0.086835071444511414 -1
    endloop
  endfacet
  facet normal -0.53121772698969894 0.84723534306112236 0
    outer loop
      vertex -0.98434048891067505 0.087272241711616516 1
      vertex -0.98364806175231934 0.087706394493579865 1
      vertex -0.98364806175231934 0.087706394493579865 -1
    endloop
  endfacet
  facet normal -0.53121772698969894 0.84723534306112236 0
    outer loop
      vertex -0.98434048891067505 0.087272241711616516 1
      vertex -0.98364806175231934 0.087706394493579865 -1
      vertex -0.98434048891067505 0.087272241711616516 -1
    endloop
  endfacet
  facet normal -0.51896409113818576 0.8547960412338822 0
    outer loop
      vertex -0.98364806175231934 0.087706394493579865 1
      vertex -0.98293799161911011 0.088137492537498474 1
      vertex -0.98293799161911011 0.088137492537498474 -1
    endloop
  endfacet
  facet normal -0.51896409113818576 0.8547960412338822 0
    outer loop
      vertex -0.98364806175231934 0.087706394493579865 1
      vertex -0.98293799161911011 0.088137492537498474 -1
      vertex -0.98364806175231934 0.087706394493579865 -1
    endloop
  endfacet
  facet normal -0.50700624264561012 0.86194238201771967 0
    outer loop
      vertex -0.98293799161911011 0.088137492537498474 1
      vertex -0.98221027851104736 0.088565543293952942 1
      vertex -0.98221027851104736 0.088565543293952942 -1
    endloop
  endfacet
  facet normal -0.50700624264561012 0.86194238201771967 0
    outer loop
      vertex -0.98293799161911011 0.088137492537498474 1
      vertex -0.98221027851104736 0.088565543293952942 -1
      vertex -0.98293799161911011 0.088137492537498474 -1
    endloop
  endfacet
  facet normal -0.49536900800611616 0.8686826497099136 0
    outer loop
      vertex -0.98221027851104736 0.088565543293952942 1
      vertex -0.98146504163742065 0.08899051696062088 1
      vertex -0.98146504163742065 0.08899051696062088 -1
    endloop
  endfacet
  facet normal -0.49536900800611616 0.8686826497099136 0
    outer loop
      vertex -0.98221027851104736 0.088565543293952942 1
      vertex -0.98146504163742065 0.08899051696062088 -1
      vertex -0.98221027851104736 0.088565543293952942 -1
    endloop
  endfacet
  facet normal -0.48400554506554505 0.87506493035991595 0
    outer loop
      vertex -0.98146504163742065 0.08899051696062088 1
      vertex -0.98070228099822998 0.089412406086921692 1
      vertex -0.98070228099822998 0.089412406086921692 -1
    endloop
  endfacet
  facet normal -0.48400554506554505 0.87506493035991595 0
    outer loop
      vertex -0.98146504163742065 0.08899051696062088 1
      vertex -0.98070228099822998 0.089412406086921692 -1
      vertex -0.98146504163742065 0.08899051696062088 -1
    endloop
  endfacet
  facet normal -0.47289927954547722 0.88111649139337345 0
    outer loop
      vertex -0.98070228099822998 0.089412406086921692 1
      vertex -0.97992199659347534 0.089831188321113586 1
      vertex -0.97992199659347534 0.089831188321113586 -1
    endloop
  endfacet
  facet normal -0.47289927954547722 0.88111649139337345 -2.3882710354537519e-20
    outer loop
      vertex -0.98070228099822998 0.089412406086921692 1
      vertex -0.97992199659347534 0.089831188321113586 -1
      vertex -0.98070228099822998 0.089412406086921692 -1
    endloop
  endfacet
  facet normal -0.46207992005045007 0.88683828711111123 0
    outer loop
      vertex -0.97992199659347534 0.089831188321113586 1
      vertex -0.97912424802780151 0.09024684876203537 1
      vertex -0.97912424802780151 0.09024684876203537 -1
    endloop
  endfacet
  facet normal -0.46207992005044995 0.88683828711111112 0
    outer loop
      vertex -0.97992199659347534 0.089831188321113586 1
      vertex -0.97912424802780151 0.09024684876203537 -1
      vertex -0.97992199659347534 0.089831188321113586 -1
    endloop
  endfacet
  facet normal -0.45148785890481802 0.89227726254877926 0
    outer loop
      vertex -0.97912424802780151 0.09024684876203537 1
      vertex -0.97830897569656372 0.090659372508525848 1
      vertex -0.97830897569656372 0.090659372508525848 -1
    endloop
  endfacet
  facet normal -0.45148785890481802 0.89227726254877926 0
    outer loop
      vertex -0.97912424802780151 0.09024684876203537 1
      vertex -0.97830897569656372 0.090659372508525848 -1
      vertex -0.97912424802780151 0.09024684876203537 -1
    endloop
  endfacet
  facet normal -0.44122265895352974 0.89739766281508515 0
    outer loop
      vertex -0.97830897569656372 0.090659372508525848 1
      vertex -0.97747635841369629 0.091068744659423828 1
      vertex -0.97747635841369629 0.091068744659423828 -1
    endloop
  endfacet
  facet normal -0.44122265895352974 0.89739766281508515 0
    outer loop
      vertex -0.97830897569656372 0.090659372508525848 1
      vertex -0.97747635841369629 0.091068744659423828 -1
      vertex -0.97830897569656372 0.090659372508525848 -1
    endloop
  endfacet
  facet normal -0.4311669586853249 0.90227216167742164 0
    outer loop
      vertex -0.97747635841369629 0.091068744659423828 1
      vertex -0.97662633657455444 0.091474942862987518 1
      vertex -0.97662633657455444 0.091474942862987518 -1
    endloop
  endfacet
  facet normal -0.4311669586853249 0.90227216167742164 0
    outer loop
      vertex -0.97747635841369629 0.091068744659423828 1
      vertex -0.97662633657455444 0.091474942862987518 -1
      vertex -0.97747635841369629 0.091068744659423828 -1
    endloop
  endfacet
  facet normal -0.42134839734402157 0.90689885216358301 0
    outer loop
      vertex -0.97662633657455444 0.091474942862987518 1
      vertex -0.97575891017913818 0.091877952218055725 1
      vertex -0.97575891017913818 0.091877952218055725 -1
    endloop
  endfacet
  facet normal -0.42134839734402157 0.90689885216358301 0
    outer loop
      vertex -0.97662633657455444 0.091474942862987518 1
      vertex -0.97575891017913818 0.091877952218055725 -1
      vertex -0.97662633657455444 0.091474942862987518 -1
    endloop
  endfacet
  facet normal -0.41180137834214803 0.91127362783935939 0
    outer loop
      vertex -0.97575891017913818 0.091877952218055725 1
      vertex -0.97487419843673706 0.092277750372886658 1
      vertex -0.97487419843673706 0.092277750372886658 -1
    endloop
  endfacet
  facet normal -0.41180137834214803 0.91127362783935939 0
    outer loop
      vertex -0.97575891017913818 0.091877952218055725 1
      vertex -0.97487419843673706 0.092277750372886658 -1
      vertex -0.97575891017913818 0.091877952218055725 -1
    endloop
  endfacet
  facet normal -0.40246189632169116 0.91543673839820749 0
    outer loop
      vertex -0.97487419843673706 0.092277750372886658 1
      vertex -0.9739721417427063 0.092674329876899719 1
      vertex -0.9739721417427063 0.092674329876899719 -1
    endloop
  endfacet
  facet normal -0.40246189632169116 0.91543673839820749 0
    outer loop
      vertex -0.97487419843673706 0.092277750372886658 1
      vertex -0.9739721417427063 0.092674329876899719 -1
      vertex -0.97487419843673706 0.092277750372886658 -1
    endloop
  endfacet
  facet normal -0.39337875116540172 0.91937650510090208 0
    outer loop
      vertex -0.9739721417427063 0.092674329876899719 1
      vertex -0.97305285930633545 0.093067668378353119 1
      vertex -0.97305285930633545 0.093067668378353119 -1
    endloop
  endfacet
  facet normal -0.39337875116540172 0.91937650510090208 0
    outer loop
      vertex -0.9739721417427063 0.092674329876899719 1
      vertex -0.97305285930633545 0.093067668378353119 -1
      vertex -0.9739721417427063 0.092674329876899719 -1
    endloop
  endfacet
  facet normal -0.38448606242856587 0.92313079669035913 0
    outer loop
      vertex -0.97305285930633545 0.093067668378353119 1
      vertex -0.97211629152297974 0.093457750976085663 1
      vertex -0.97211629152297974 0.093457750976085663 -1
    endloop
  endfacet
  facet normal -0.38448606242856587 0.92313079669035913 0
    outer loop
      vertex -0.97305285930633545 0.093067668378353119 1
      vertex -0.97211629152297974 0.093457750976085663 -1
      vertex -0.97305285930633545 0.093067668378353119 -1
    endloop
  endfacet
  facet normal -0.37583483090380931 0.92668666758484508 0
    outer loop
      vertex -0.97211629152297974 0.093457750976085663 1
      vertex -0.97116255760192871 0.09384455531835556 1
      vertex -0.97116255760192871 0.09384455531835556 -1
    endloop
  endfacet
  facet normal -0.37583483090380931 0.92668666758484508 0
    outer loop
      vertex -0.97211629152297974 0.093457750976085663 1
      vertex -0.97116255760192871 0.09384455531835556 -1
      vertex -0.97211629152297974 0.093457750976085663 -1
    endloop
  endfacet
  facet normal -0.36738297728952379 0.93006975437215733 0
    outer loop
      vertex -0.97116255760192871 0.09384455531835556 1
      vertex -0.97019165754318237 0.094228066504001617 1
      vertex -0.97019165754318237 0.094228066504001617 -1
    endloop
  endfacet
  facet normal -0.36738297728952379 0.93006975437215733 0
    outer loop
      vertex -0.97116255760192871 0.09384455531835556 1
      vertex -0.97019165754318237 0.094228066504001617 -1
      vertex -0.97116255760192871 0.09384455531835556 -1
    endloop
  endfacet
  facet normal -0.35913800774601629 0.93328446434740497 0
    outer loop
      vertex -0.97019165754318237 0.094228066504001617 1
      vertex -0.9692036509513855 0.094608262181282043 1
      vertex -0.9692036509513855 0.094608262181282043 -1
    endloop
  endfacet
  facet normal -0.35913800774601629 0.93328446434740497 0
    outer loop
      vertex -0.97019165754318237 0.094228066504001617 1
      vertex -0.9692036509513855 0.094608262181282043 -1
      vertex -0.97019165754318237 0.094228066504001617 -1
    endloop
  endfacet
  facet normal -0.34714057493940875 0.93781310570429577 0
    outer loop
      vertex -0.9692036509513855 0.094608262181282043 1
      vertex -0.96717643737792969 0.095358654856681824 1
      vertex -0.96717643737792969 0.095358654856681824 -1
    endloop
  endfacet
  facet normal -0.34714057493940875 0.93781310570429577 0
    outer loop
      vertex -0.9692036509513855 0.094608262181282043 1
      vertex -0.96717643737792969 0.095358654856681824 -1
      vertex -0.9692036509513855 0.094608262181282043 -1
    endloop
  endfacet
  facet normal -0.33177487478029 0.94335859166306579 0
    outer loop
      vertex -0.96717643737792969 0.095358654856681824 1
      vertex -0.96508109569549561 0.096095576882362366 1
      vertex -0.96508109569549561 0.096095576882362366 -1
    endloop
  endfacet
  facet normal -0.33177487478029 0.94335859166306579 0
    outer loop
      vertex -0.96717643737792969 0.095358654856681824 1
      vertex -0.96508109569549561 0.096095576882362366 -1
      vertex -0.96717643737792969 0.095358654856681824 -1
    endloop
  endfacet
  facet normal -0.31712724315405355 0.94838299839754081 0
    outer loop
      vertex -0.96508109569549561 0.096095576882362366 1
      vertex -0.9629179835319519 0.096818894147872925 1
      vertex -0.9629179835319519 0.096818894147872925 -1
    endloop
  endfacet
  facet normal -0.31712724315405355 0.94838299839754081 0
    outer loop
      vertex -0.96508109569549561 0.096095576882362366 1
      vertex -0.9629179835319519 0.096818894147872925 -1
      vertex -0.96508109569549561 0.096095576882362366 -1
    endloop
  endfacet
  facet normal -0.30314006611519717 0.95294601122816713 0
    outer loop
      vertex -0.9629179835319519 0.096818894147872925 1
      vertex -0.96068745851516724 0.097528442740440369 1
      vertex -0.96068745851516724 0.097528442740440369 -1
    endloop
  endfacet
  facet normal -0.30314006611519717 0.95294601122816713 0
    outer loop
      vertex -0.9629179835319519 0.096818894147872925 1
      vertex -0.96068745851516724 0.097528442740440369 -1
      vertex -0.9629179835319519 0.096818894147872925 -1
    endloop
  endfacet
  facet normal -0.28977920164097171 0.95709352432054462 0
    outer loop
      vertex -0.96068745851516724 0.097528442740440369 1
      vertex -0.95838987827301025 0.098224081099033356 1
      vertex -0.95838987827301025 0.098224081099033356 -1
    endloop
  endfacet
  facet normal -0.28977920164097171 0.95709352432054462 -5.1884143917007123e-20
    outer loop
      vertex -0.96068745851516724 0.097528442740440369 1
      vertex -0.95838987827301025 0.098224081099033356 -1
      vertex -0.96068745851516724 0.097528442740440369 -1
    endloop
  endfacet
  facet normal -0.27698863050678907 0.9608731958848542 0
    outer loop
      vertex -0.95838987827301025 0.098224081099033356 1
      vertex -0.95602548122406006 0.098905660212039948 1
      vertex -0.95602548122406006 0.098905660212039948 -1
    endloop
  endfacet
  facet normal -0.27698863050678907 0.9608731958848542 0
    outer loop
      vertex -0.95838987827301025 0.098224081099033356 1
      vertex -0.95602548122406006 0.098905660212039948 -1
      vertex -0.95838987827301025 0.098224081099033356 -1
    endloop
  endfacet
  facet normal -0.26475141975700028 0.96431669369385731 0
    outer loop
      vertex -0.95602548122406006 0.098905660212039948 1
      vertex -0.95359468460083008 0.099573031067848206 1
      vertex -0.95359468460083008 0.099573031067848206 -1
    endloop
  endfacet
  facet normal -0.26475141975700028 0.96431669369385731 0
    outer loop
      vertex -0.95602548122406006 0.098905660212039948 1
      vertex -0.95359468460083008 0.099573031067848206 -1
      vertex -0.95602548122406006 0.098905660212039948 -1
    endloop
  endfacet
  facet normal -0.25302296379012534 0.96746027298016779 0
    outer loop
      vertex -0.95359468460083008 0.099573031067848206 1
      vertex -0.95109784603118896 0.10022603720426559 1
      vertex -0.95109784603118896 0.10022603720426559 -1
    endloop
  endfacet
  facet normal -0.25302296379012534 0.96746027298016779 0
    outer loop
      vertex -0.95359468460083008 0.099573031067848206 1
      vertex -0.95109784603118896 0.10022603720426559 -1
      vertex -0.95359468460083008 0.099573031067848206 -1
    endloop
  endfacet
  facet normal -0.24177347822105411 0.97033271882838912 0
    outer loop
      vertex -0.95109784603118896 0.10022603720426559 1
      vertex -0.94853532314300537 0.10086452960968018 1
      vertex -0.94853532314300537 0.10086452960968018 -1
    endloop
  endfacet
  facet normal -0.24177347822105411 0.97033271882838912 0
    outer loop
      vertex -0.95109784603118896 0.10022603720426559 1
      vertex -0.94853532314300537 0.10086452960968018 -1
      vertex -0.95109784603118896 0.10022603720426559 -1
    endloop
  endfacet
  facet normal -0.23097267861602597 0.97296023646032825 0
    outer loop
      vertex -0.94853532314300537 0.10086452960968018 1
      vertex -0.94590747356414795 0.10148835927248001 1
      vertex -0.94590747356414795 0.10148835927248001 -1
    endloop
  endfacet
  facet normal -0.23097267861602597 0.97296023646032825 0
    outer loop
      vertex -0.94853532314300537 0.10086452960968018 1
      vertex -0.94590747356414795 0.10148835927248001 -1
      vertex -0.94853532314300537 0.10086452960968018 -1
    endloop
  endfacet
  facet normal -0.22059499708452954 0.975365494192447 0
    outer loop
      vertex -0.94590747356414795 0.10148835927248001 1
      vertex -0.94321465492248535 0.10209738463163376 1
      vertex -0.94321465492248535 0.10209738463163376 -1
    endloop
  endfacet
  facet normal -0.22059499708452954 0.975365494192447 0
    outer loop
      vertex -0.94590747356414795 0.10148835927248001 1
      vertex -0.94321465492248535 0.10209738463163376 -1
      vertex -0.94590747356414795 0.10148835927248001 -1
    endloop
  endfacet
  facet normal -0.21061277750960911 0.97756956680825946 0
    outer loop
      vertex -0.94321465492248535 0.10209738463163376 1
      vertex -0.94045734405517578 0.10269143432378769 1
      vertex -0.94045734405517578 0.10269143432378769 -1
    endloop
  endfacet
  facet normal -0.21061277750960911 0.97756956680825946 0
    outer loop
      vertex -0.94321465492248535 0.10209738463163376 1
      vertex -0.94045734405517578 0.10269143432378769 -1
      vertex -0.94321465492248535 0.10209738463163376 -1
    endloop
  endfacet
  facet normal -0.20100225582810721 0.97959077841311482 0
    outer loop
      vertex -0.94045734405517578 0.10269143432378769 1
      vertex -0.93763589859008789 0.10327036678791046 1
      vertex -0.93763589859008789 0.10327036678791046 -1
    endloop
  endfacet
  facet normal -0.20100225582810721 0.97959077841311482 0
    outer loop
      vertex -0.94045734405517578 0.10269143432378769 1
      vertex -0.93763589859008789 0.10327036678791046 -1
      vertex -0.94045734405517578 0.10269143432378769 -1
    endloop
  endfacet
  facet normal -0.19174849477395697 0.9814440966004746 0
    outer loop
      vertex -0.93763589859008789 0.10327036678791046 1
      vertex -0.93475079536437988 0.10383404046297073 1
      vertex -0.93475079536437988 0.10383404046297073 -1
    endloop
  endfacet
  facet normal -0.19174849477395697 0.9814440966004746 0
    outer loop
      vertex -0.93763589859008789 0.10327036678791046 1
      vertex -0.93475079536437988 0.10383404046297073 -1
      vertex -0.93763589859008789 0.10327036678791046 -1
    endloop
  endfacet
  facet normal -0.1828171133477523 0.98314693869593839 0
    outer loop
      vertex -0.93475079536437988 0.10383404046297073 1
      vertex -0.93180239200592041 0.10438229888677597 1
      vertex -0.93180239200592041 0.10438229888677597 -1
    endloop
  endfacet
  facet normal -0.1828171133477523 0.98314693869593839 0
    outer loop
      vertex -0.93475079536437988 0.10383404046297073 1
      vertex -0.93180239200592041 0.10438229888677597 -1
      vertex -0.93475079536437988 0.10383404046297073 -1
    endloop
  endfacet
  facet normal -0.17000296105364163 0.98544355152032626 0
    outer loop
      vertex -0.93180239200592041 0.10438229888677597 1
      vertex -0.92571747303009033 0.10543203353881836 1
      vertex -0.92571747303009033 0.10543203353881836 -1
    endloop
  endfacet
  facet normal -0.17000296105364163 0.98544355152032626 0
    outer loop
      vertex -0.93180239200592041 0.10438229888677597 1
      vertex -0.92571747303009033 0.10543203353881836 -1
      vertex -0.93180239200592041 0.10438229888677597 -1
    endloop
  endfacet
  facet normal -0.15391158992586906 0.98808462314039236 0
    outer loop
      vertex -0.92571747303009033 0.10543203353881836 1
      vertex -0.91938483715057373 0.10641845315694809 1
      vertex -0.91938483715057373 0.10641845315694809 -1
    endloop
  endfacet
  facet normal -0.15391158992586906 0.98808462314039236 0
    outer loop
      vertex -0.92571747303009033 0.10543203353881836 1
      vertex -0.91938483715057373 0.10641845315694809 -1
      vertex -0.92571747303009033 0.10543203353881836 -1
    endloop
  endfacet
  facet normal -0.13883635129345839 0.99031533743526312 0
    outer loop
      vertex -0.91938483715057373 0.10641845315694809 1
      vertex -0.9128081202507019 0.10734046995639801 1
      vertex -0.9128081202507019 0.10734046995639801 -1
    endloop
  endfacet
  facet normal -0.13883635129345839 0.99031533743526312 0
    outer loop
      vertex -0.91938483715057373 0.10641845315694809 1
      vertex -0.9128081202507019 0.10734046995639801 -1
      vertex -0.91938483715057373 0.10641845315694809 -1
    endloop
  endfacet
  facet normal -0.12467108943757493 0.99219812510327199 0
    outer loop
      vertex -0.9128081202507019 0.10734046995639801 1
      vertex -0.90599125623703003 0.10819701850414276 1
      vertex -0.90599125623703003 0.10819701850414276 -1
    endloop
  endfacet
  facet normal -0.12467108943757493 0.99219812510327199 0
    outer loop
      vertex -0.9128081202507019 0.10734046995639801 1
      vertex -0.90599125623703003 0.10819701850414276 -1
      vertex -0.9128081202507019 0.10734046995639801 -1
    endloop
  endfacet
  facet normal -0.11133136485363918 0.99378334017019321 0
    outer loop
      vertex -0.90599125623703003 0.10819701850414276 1
      vertex -0.89893823862075806 0.10898715257644653 1
      vertex -0.89893823862075806 0.10898715257644653 -1
    endloop
  endfacet
  facet normal -0.11133136485363918 0.99378334017019321 0
    outer loop
      vertex -0.90599125623703003 0.10819701850414276 1
      vertex -0.89893823862075806 0.10898715257644653 -1
      vertex -0.90599125623703003 0.10819701850414276 -1
    endloop
  endfacet
  facet normal -0.098731220206715764 0.99511413725084485 0
    outer loop
      vertex -0.89893823862075806 0.10898715257644653 1
      vertex -0.89165323972702026 0.10970994085073471 1
      vertex -0.89165323972702026 0.10970994085073471 -1
    endloop
  endfacet
  facet normal -0.098731220206715764 0.99511413725084485 0
    outer loop
      vertex -0.89893823862075806 0.10898715257644653 1
      vertex -0.89165323972702026 0.10970994085073471 -1
      vertex -0.89893823862075806 0.10898715257644653 -1
    endloop
  endfacet
  facet normal -0.086802793141187523 0.99622551417984095 0
    outer loop
      vertex -0.89165323972702026 0.10970994085073471 1
      vertex -0.88414055109024048 0.11036453396081924 1
      vertex -0.88414055109024048 0.11036453396081924 -1
    endloop
  endfacet
  facet normal -0.086802793141187523 0.99622551417984095 0
    outer loop
      vertex -0.89165323972702026 0.10970994085073471 1
      vertex -0.88414055109024048 0.11036453396081924 -1
      vertex -0.89165323972702026 0.10970994085073471 -1
    endloop
  endfacet
  facet normal -0.075479045768416811 0.99714738812769754 0
    outer loop
      vertex -0.88414055109024048 0.11036453396081924 1
      vertex -0.8764045238494873 0.11095011234283447 1
      vertex -0.8764045238494873 0.11095011234283447 -1
    endloop
  endfacet
  facet normal -0.075479045768416811 0.99714738812769754 0
    outer loop
      vertex -0.88414055109024048 0.11036453396081924 1
      vertex -0.8764045238494873 0.11095011234283447 -1
      vertex -0.88414055109024048 0.11036453396081924 -1
    endloop
  endfacet
  facet normal -0.064719156430927627 0.99790351777657793 0
    outer loop
      vertex -0.8764045238494873 0.11095011234283447 1
      vertex -0.86844974756240845 0.11146602034568787 1
      vertex -0.86844974756240845 0.11146602034568787 -1
    endloop
  endfacet
  facet normal -0.064719156430927627 0.99790351777657793 0
    outer loop
      vertex -0.8764045238494873 0.11095011234283447 1
      vertex -0.86844974756240845 0.11146602034568787 -1
      vertex -0.8764045238494873 0.11095011234283447 -1
    endloop
  endfacet
  facet normal -0.054468967190471049 0.99851546388286017 0
    outer loop
      vertex -0.86844974756240845 0.11146602034568787 1
      vertex -0.86028087139129639 0.11191163212060928 1
      vertex -0.86028087139129639 0.11191163212060928 -1
    endloop
  endfacet
  facet normal -0.054468967190471049 0.99851546388286017 0
    outer loop
      vertex -0.86844974756240845 0.11146602034568787 1
      vertex -0.86028087139129639 0.11191163212060928 -1
      vertex -0.86844974756240845 0.11146602034568787 -1
    endloop
  endfacet
  facet normal -0.044693559966979941 0.99900074359205449 0
    outer loop
      vertex -0.86028087139129639 0.11191163212060928 1
      vertex -0.85190272331237793 0.11228645592927933 1
      vertex -0.85190272331237793 0.11228645592927933 -1
    endloop
  endfacet
  facet normal -0.044693559966979941 0.99900074359205449 0
    outer loop
      vertex -0.86028087139129639 0.11191163212060928 1
      vertex -0.85190272331237793 0.11228645592927933 -1
      vertex -0.86028087139129639 0.11191163212060928 -1
    endloop
  endfacet
  facet normal -0.035347916667993882 0.99937506712306601 0
    outer loop
      vertex -0.85190272331237793 0.11228645592927933 1
      vertex -0.84332013130187988 0.11259002238512039 1
      vertex -0.84332013130187988 0.11259002238512039 -1
    endloop
  endfacet
  facet normal -0.035347916667993882 0.99937506712306601 0
    outer loop
      vertex -0.85190272331237793 0.11228645592927933 1
      vertex -0.84332013130187988 0.11259002238512039 -1
      vertex -0.85190272331237793 0.11228645592927933 -1
    endloop
  endfacet
  facet normal -0.026412353340635571 0.99965113294139252 0
    outer loop
      vertex -0.84332013130187988 0.11259002238512039 1
      vertex -0.83453816175460815 0.11282205581665039 1
      vertex -0.83453816175460815 0.11282205581665039 -1
    endloop
  endfacet
  facet normal -0.026412353340635575 0.99965113294139263 0
    outer loop
      vertex -0.84332013130187988 0.11259002238512039 1
      vertex -0.83453816175460815 0.11282205581665039 -1
      vertex -0.84332013130187988 0.11259002238512039 -1
    endloop
  endfacet
  facet normal -0.013705753525684695 0.99990607174888835 0
    outer loop
      vertex -0.83453816175460815 0.11282205581665039 1
      vertex -0.81639689207077026 0.11307071894407272 1
      vertex -0.81639689207077026 0.11307071894407272 -1
    endloop
  endfacet
  facet normal -0.013705753525684695 0.99990607174888835 0
    outer loop
      vertex -0.83453816175460815 0.11282205581665039 1
      vertex -0.81639689207077026 0.11307071894407272 -1
      vertex -0.83453816175460815 0.11282205581665039 -1
    endloop
  endfacet
  facet normal 0.0020513372463712839 0.99999789600553746 0
    outer loop
      vertex -0.81639689207077026 0.11307071894407272 1
      vertex -0.79752111434936523 0.11303199827671051 1
      vertex -0.79752111434936523 0.11303199827671051 -1
    endloop
  endfacet
  facet normal 0.0020513372463712839 0.99999789600553746 0
    outer loop
      vertex -0.81639689207077026 0.11307071894407272 1
      vertex -0.79752111434936523 0.11303199827671051 -1
      vertex -0.81639689207077026 0.11307071894407272 -1
    endloop
  endfacet
  facet normal 0.016600000753028518 0.99986221049452584 0
    outer loop
      vertex -0.79752111434936523 0.11303199827671051 1
      vertex -0.7779548168182373 0.11270715296268463 1
      vertex -0.7779548168182373 0.11270715296268463 -1
    endloop
  endfacet
  facet normal 0.016600000753028518 0.99986221049452584 -0
    outer loop
      vertex -0.79752111434936523 0.11303199827671051 1
      vertex -0.7779548168182373 0.11270715296268463 -1
      vertex -0.79752111434936523 0.11303199827671051 -1
    endloop
  endfacet
  facet normal 0.030057883621098552 0.99954815973629818 0
    outer loop
      vertex -0.7779548168182373 0.11270715296268463 1
      vertex -0.75774359703063965 0.11209937185049057 1
      vertex -0.75774359703063965 0.11209937185049057 -1
    endloop
  endfacet
  facet normal 0.030057883621098552 0.99954815973629818 -0
    outer loop
      vertex -0.7779548168182373 0.11270715296268463 1
      vertex -0.75774359703063965 0.11209937185049057 -1
      vertex -0.7779548168182373 0.11270715296268463 -1
    endloop
  endfacet
  facet normal 0.0425291058434163 0.99909522827214003 0
    outer loop
      vertex -0.75774359703063965 0.11209937185049057 1
      vertex -0.7369343638420105 0.1112135723233223 1
      vertex -0.7369343638420105 0.1112135723233223 -1
    endloop
  endfacet
  facet normal 0.0425291058434163 0.99909522827214003 -0
    outer loop
      vertex -0.75774359703063965 0.11209937185049057 1
      vertex -0.7369343638420105 0.1112135723233223 -1
      vertex -0.75774359703063965 0.11209937185049057 -1
    endloop
  endfacet
  facet normal 0.054100042678601974 0.99853552034075066 0
    outer loop
      vertex -0.7369343638420105 0.1112135723233223 1
      vertex -0.71557551622390747 0.11005636304616928 1
      vertex -0.71557551622390747 0.11005636304616928 -1
    endloop
  endfacet
  facet normal 0.054100042678601974 0.99853552034075066 0
    outer loop
      vertex -0.7369343638420105 0.1112135723233223 1
      vertex -0.71557551622390747 0.11005636304616928 -1
      vertex -0.7369343638420105 0.1112135723233223 -1
    endloop
  endfacet
  facet normal 0.06483476538426669 0.99789601321859522 0
    outer loop
      vertex -0.71557551622390747 0.11005636304616928 1
      vertex -0.69371634721755981 0.10863614082336426 1
      vertex -0.69371634721755981 0.10863614082336426 -1
    endloop
  endfacet
  facet normal 0.06483476538426669 0.99789601321859522 0
    outer loop
      vertex -0.71557551622390747 0.11005636304616928 1
      vertex -0.69371634721755981 0.10863614082336426 -1
      vertex -0.71557551622390747 0.11005636304616928 -1
    endloop
  endfacet
  facet normal 0.074799751076598531 0.99719857462738037 0
    outer loop
      vertex -0.69371634721755981 0.10863614082336426 1
      vertex -0.67140758037567139 0.10696276277303696 1
      vertex -0.67140758037567139 0.10696276277303696 -1
    endloop
  endfacet
  facet normal 0.074799751076598531 0.99719857462738037 0
    outer loop
      vertex -0.69371634721755981 0.10863614082336426 1
      vertex -0.67140758037567139 0.10696276277303696 -1
      vertex -0.69371634721755981 0.10863614082336426 -1
    endloop
  endfacet
  facet normal 0.088369571352618859 0.99608775660528748 0
    outer loop
      vertex -0.67140758037567139 0.10696276277303696 1
      vertex -0.62564843893051147 0.10290316492319107 1
      vertex -0.62564843893051147 0.10290316492319107 -1
    endloop
  endfacet
  facet normal 0.088369571352618859 0.99608775660528748 0
    outer loop
      vertex -0.67140758037567139 0.10696276277303696 1
      vertex -0.62564843893051147 0.10290316492319107 -1
      vertex -0.67140758037567139 0.10696276277303696 -1
    endloop
  endfacet
  facet normal 0.1042777461963664 0.99454821484340628 0
    outer loop
      vertex -0.62564843893051147 0.10290316492319107 1
      vertex -0.57872051000595093 0.097982801496982574 1
      vertex -0.57872051000595093 0.097982801496982574 -1
    endloop
  endfacet
  facet normal 0.1042777461963664 0.99454821484340628 0
    outer loop
      vertex -0.62564843893051147 0.10290316492319107 1
      vertex -0.57872051000595093 0.097982801496982574 -1
      vertex -0.62564843893051147 0.10290316492319107 -1
    endloop
  endfacet
  facet normal 0.11793863853622655 0.99302088474524108 0
    outer loop
      vertex -0.57872051000595093 0.097982801496982574 1
      vertex -0.53105688095092773 0.092321909964084625 1
      vertex -0.53105688095092773 0.092321909964084625 -1
    endloop
  endfacet
  facet normal 0.11793863853622655 0.99302088474524108 -0
    outer loop
      vertex -0.57872051000595093 0.097982801496982574 1
      vertex -0.53105688095092773 0.092321909964084625 -1
      vertex -0.57872051000595093 0.097982801496982574 -1
    endloop
  endfacet
  facet normal 0.13224103112679991 0.99121758947595406 0
    outer loop
      vertex -0.53105688095092773 0.092321909964084625 1
      vertex -0.45914435386657715 0.082727864384651184 1
      vertex -0.45914435386657715 0.082727864384651184 -1
    endloop
  endfacet
  facet normal 0.13224103112679991 0.99121758947595406 -0
    outer loop
      vertex -0.53105688095092773 0.092321909964084625 1
      vertex -0.45914435386657715 0.082727864384651184 -1
      vertex -0.53105688095092773 0.092321909964084625 -1
    endloop
  endfacet
  facet normal 0.14827908713909688 0.98894555579020427 0
    outer loop
      vertex -0.45914435386657715 0.082727864384651184 1
      vertex -0.36480200290679932 0.068582497537136078 1
      vertex -0.36480200290679932 0.068582497537136078 -1
    endloop
  endfacet
  facet normal 0.14827908713909688 0.98894555579020427 0
    outer loop
      vertex -0.45914435386657715 0.082727864384651184 1
      vertex -0.36480200290679932 0.068582497537136078 -1
      vertex -0.45914435386657715 0.082727864384651184 -1
    endloop
  endfacet
  facet normal 0.16411612683416568 0.98644102556257862 0
    outer loop
      vertex -0.36480200290679932 0.068582497537136078 1
      vertex -0.25422140955924988 0.050184987485408783 1
      vertex -0.25422140955924988 0.050184987485408783 -1
    endloop
  endfacet
  facet normal 0.16411612683416568 0.98644102556257862 0
    outer loop
      vertex -0.36480200290679932 0.068582497537136078 1
      vertex -0.25422140955924988 0.050184987485408783 -1
      vertex -0.36480200290679932 0.068582497537136078 -1
    endloop
  endfacet
  facet normal 0.18025559143287262 0.98361980549254147 0
    outer loop
      vertex -0.25422140955924988 0.050184987485408783 1
      vertex -0.12435263395309448 0.026385575532913208 1
      vertex -0.12435263395309448 0.026385575532913208 -1
    endloop
  endfacet
  facet normal 0.18025559143287262 0.98361980549254147 -0
    outer loop
      vertex -0.25422140955924988 0.050184987485408783 1
      vertex -0.12435263395309448 0.026385575532913208 -1
      vertex -0.25422140955924988 0.050184987485408783 -1
    endloop
  endfacet
  facet normal 0.19681304156414278 0.98044103681469341 0
    outer loop
      vertex -0.12435263395309448 0.026385575532913208 1
      vertex -0.014451650902628899 0.0043241297826170921 1
      vertex -0.014451650902628899 0.0043241297826170921 -1
    endloop
  endfacet
  facet normal 0.19681304156414278 0.98044103681469341 -0
    outer loop
      vertex -0.12435263395309448 0.026385575532913208 1
      vertex -0.014451650902628899 0.0043241297826170921 -1
      vertex -0.12435263395309448 0.026385575532913208 -1
    endloop
  endfacet
  facet normal 0.20641272705564293 0.97846501527108909 0
    outer loop
      vertex -0.014451650902628899 0.0043241297826170921 1
      vertex 8.7893160525709391e-05 0.0012569307582452893 1
      vertex 8.7893160525709391e-05 0.0012569307582452893 -1
    endloop
  endfacet
  facet normal 0.20641272705564293 0.97846501527108909 0
    outer loop
      vertex -0.014451650902628899 0.0043241297826170921 1
      vertex 8.7893160525709391e-05 0.0012569307582452893 -1
      vertex -0.014451650902628899 0.0043241297826170921 -1
    endloop
  endfacet
  facet normal 0.99756405027264383 -0.069756473560797214 0
    outer loop
      vertex 8.7893160525709391e-05 0.0012569307582452893 1
      vertex -8.7893160525709391e-05 -0.0012569307582452893 1
      vertex -8.7893160525709391e-05 -0.0012569307582452893 -1
    endloop
  endfacet
  facet normal 0.99756405027264394 -0.069756473560797214 0
    outer loop
      vertex 8.7893160525709391e-05 0.0012569307582452893 1
      vertex -8.7893160525709391e-05 -0.0012569307582452893 -1
      vertex 8.7893160525709391e-05 0.0012569307582452893 -1
    endloop
  endfacet
  facet normal 0.060738542012447598 -0.99815371036439171 -0
    outer loop
      vertex -8.7893160525709391e-05 -0.0012569307582452893 1
      vertex -0.11114437878131866 -0.0080148167908191681 1
      vertex -0.11114437878131866 -0.0080148167908191681 -1
    endloop
  endfacet
  facet normal 0.060738542012447598 -0.99815371036439171 0
    outer loop
      vertex -8.7893160525709391e-05 -0.0012569307582452893 1
      vertex -0.11114437878131866 -0.0080148167908191681 -1
      vertex -8.7893160525709391e-05 -0.0012569307582452893 -1
    endloop
  endfacet
  facet normal 0.044030118595736627 -0.99903020407615573 -0
    outer loop
      vertex -0.11114437878131866 -0.0080148167908191681 1
      vertex -0.23781031370162964 -0.013597346842288971 1
      vertex -0.23781031370162964 -0.013597346842288971 -1
    endloop
  endfacet
  facet normal 0.044030118595736627 -0.99903020407615573 0
    outer loop
      vertex -0.11114437878131866 -0.0080148167908191681 1
      vertex -0.23781031370162964 -0.013597346842288971 -1
      vertex -0.11114437878131866 -0.0080148167908191681 -1
    endloop
  endfacet
  facet normal 0.028309004426043408 -0.99959921982182753 -0
    outer loop
      vertex -0.23781031370162964 -0.013597346842288971 1
      vertex -0.34756359457969666 -0.016705598682165146 1
      vertex -0.34756359457969666 -0.016705598682165146 -1
    endloop
  endfacet
  facet normal 0.028309004426043408 -0.99959921982182753 0
    outer loop
      vertex -0.23781031370162964 -0.013597346842288971 1
      vertex -0.34756359457969666 -0.016705598682165146 -1
      vertex -0.23781031370162964 -0.013597346842288971 -1
    endloop
  endfacet
  facet normal 0.013180189806906909 -0.99991313752578215 0
    outer loop
      vertex -0.34756359457969666 -0.016705598682165146 1
      vertex -0.44208425283432007 -0.017951507121324539 1
      vertex -0.44208425283432007 -0.017951507121324539 -1
    endloop
  endfacet
  facet normal 0.013180189806906909 -0.99991313752578215 0
    outer loop
      vertex -0.34756359457969666 -0.016705598682165146 1
      vertex -0.44208425283432007 -0.017951507121324539 -1
      vertex -0.34756359457969666 -0.016705598682165146 -1
    endloop
  endfacet
  facet normal -0.0019135711982225787 -0.99999816912095862 -0
    outer loop
      vertex -0.44208425283432007 -0.017951507121324539 1
      vertex -0.51457321643829346 -0.017812794074416161 1
      vertex -0.51457321643829346 -0.017812794074416161 -1
    endloop
  endfacet
  facet normal -0.0019135711982225787 -0.99999816912095862 0
    outer loop
      vertex -0.44208425283432007 -0.017951507121324539 1
      vertex -0.51457321643829346 -0.017812794074416161 -1
      vertex -0.44208425283432007 -0.017951507121324539 -1
    endloop
  endfacet
  facet normal -0.015283384666375039 -0.99988320225571314 -0
    outer loop
      vertex -0.51457321643829346 -0.017812794074416161 1
      vertex -0.56280696392059326 -0.017075533047318459 1
      vertex -0.56280696392059326 -0.017075533047318459 -1
    endloop
  endfacet
  facet normal -0.015283384666375039 -0.99988320225571314 0
    outer loop
      vertex -0.51457321643829346 -0.017812794074416161 1
      vertex -0.56280696392059326 -0.017075533047318459 -1
      vertex -0.51457321643829346 -0.017812794074416161 -1
    endloop
  endfacet
  facet normal -0.028021216379052354 -0.99960732862091328 -0
    outer loop
      vertex -0.56280696392059326 -0.017075533047318459 1
      vertex -0.61043506860733032 -0.015740411356091499 1
      vertex -0.61043506860733032 -0.015740411356091499 -1
    endloop
  endfacet
  facet normal -0.028021216379052354 -0.99960732862091328 0
    outer loop
      vertex -0.56280696392059326 -0.017075533047318459 1
      vertex -0.61043506860733032 -0.015740411356091499 -1
      vertex -0.56280696392059326 -0.017075533047318459 -1
    endloop
  endfacet
  facet normal -0.042837384118778389 -0.99908205795212857 -0
    outer loop
      vertex -0.61043506860733032 -0.015740411356091499 1
      vertex -0.65700751543045044 -0.013743536546826363 1
      vertex -0.65700751543045044 -0.013743536546826363 -1
    endloop
  endfacet
  facet normal -0.042837384118778389 -0.99908205795212857 0
    outer loop
      vertex -0.61043506860733032 -0.015740411356091499 1
      vertex -0.65700751543045044 -0.013743536546826363 -1
      vertex -0.61043506860733032 -0.015740411356091499 -1
    endloop
  endfacet
  facet normal -0.055451861188375903 -0.99846136184168144 -0
    outer loop
      vertex -0.65700751543045044 -0.013743536546826363 1
      vertex -0.67975980043411255 -0.012479935772716999 1
      vertex -0.67975980043411255 -0.012479935772716999 -1
    endloop
  endfacet
  facet normal -0.055451861188375903 -0.99846136184168144 0
    outer loop
      vertex -0.65700751543045044 -0.013743536546826363 1
      vertex -0.67975980043411255 -0.012479935772716999 -1
      vertex -0.65700751543045044 -0.013743536546826363 -1
    endloop
  endfacet
  facet normal -0.064711601349469461 -0.99790400773360333 -0
    outer loop
      vertex -0.67975980043411255 -0.012479935772716999 1
      vertex -0.70208436250686646 -0.011032243259251118 1
      vertex -0.70208436250686646 -0.011032243259251118 -1
    endloop
  endfacet
  facet normal -0.064711601349469461 -0.99790400773360333 0
    outer loop
      vertex -0.67975980043411255 -0.012479935772716999 1
      vertex -0.70208436250686646 -0.011032243259251118 -1
      vertex -0.67975980043411255 -0.012479935772716999 -1
    endloop
  endfacet
  facet normal -0.074676160384125057 -0.99720783744928743 -0
    outer loop
      vertex -0.70208436250686646 -0.011032243259251118 1
      vertex -0.72392845153808594 -0.0093964431434869766 1
      vertex -0.72392845153808594 -0.0093964431434869766 -1
    endloop
  endfacet
  facet normal -0.074676160384125057 -0.99720783744928743 0
    outer loop
      vertex -0.70208436250686646 -0.011032243259251118 1
      vertex -0.72392845153808594 -0.0093964431434869766 -1
      vertex -0.70208436250686646 -0.011032243259251118 -1
    endloop
  endfacet
  facet normal -0.085396060890809866 -0.99634708449632814 -0
    outer loop
      vertex -0.72392845153808594 -0.0093964431434869766 1
      vertex -0.74524050951004028 -0.0075698047876358032 1
      vertex -0.74524050951004028 -0.0075698047876358032 -1
    endloop
  endfacet
  facet normal -0.085396060890809866 -0.99634708449632814 0
    outer loop
      vertex -0.72392845153808594 -0.0093964431434869766 1
      vertex -0.74524050951004028 -0.0075698047876358032 -1
      vertex -0.72392845153808594 -0.0093964431434869766 -1
    endloop
  endfacet
  facet normal -0.09693186673881185 -0.99529101935591147 -0
    outer loop
      vertex -0.74524050951004028 -0.0075698047876358032 1
      vertex -0.76597046852111816 -0.0055509041994810104 1
      vertex -0.76597046852111816 -0.0055509041994810104 -1
    endloop
  endfacet
  facet normal -0.09693186673881185 -0.99529101935591147 0
    outer loop
      vertex -0.74524050951004028 -0.0075698047876358032 1
      vertex -0.76597046852111816 -0.0055509041994810104 -1
      vertex -0.74524050951004028 -0.0075698047876358032 -1
    endloop
  endfacet
  facet normal -0.10934487885572829 -0.99400387195826656 -0
    outer loop
      vertex -0.76597046852111816 -0.0055509041994810104 1
      vertex -0.78606963157653809 -0.0033399062231183052 1
      vertex -0.78606963157653809 -0.0033399062231183052 -1
    endloop
  endfacet
  facet normal -0.10934487885572829 -0.99400387195826656 0
    outer loop
      vertex -0.76597046852111816 -0.0055509041994810104 1
      vertex -0.78606963157653809 -0.0033399062231183052 -1
      vertex -0.76597046852111816 -0.0055509041994810104 -1
    endloop
  endfacet
  facet normal -0.1227150924962796 -0.99244194090819726 -0
    outer loop
      vertex -0.78606963157653809 -0.0033399062231183052 1
      vertex -0.80549073219299316 -0.00093849404947832227 1
      vertex -0.80549073219299316 -0.00093849404947832227 -1
    endloop
  endfacet
  facet normal -0.1227150924962796 -0.99244194090819726 0
    outer loop
      vertex -0.78606963157653809 -0.0033399062231183052 1
      vertex -0.80549073219299316 -0.00093849404947832227 -1
      vertex -0.78606963157653809 -0.0033399062231183052 -1
    endloop
  endfacet
  facet normal -0.13714168546346778 -0.99055144142454277 -0
    outer loop
      vertex -0.80549073219299316 -0.00093849404947832227 1
      vertex -0.82418817281723022 0.0016501635545864701 1
      vertex -0.82418817281723022 0.0016501635545864701 -1
    endloop
  endfacet
  facet normal -0.13714168546346778 -0.99055144142454277 0
    outer loop
      vertex -0.80549073219299316 -0.00093849404947832227 1
      vertex -0.82418817281723022 0.0016501635545864701 -1
      vertex -0.80549073219299316 -0.00093849404947832227 -1
    endloop
  endfacet
  facet normal -0.15273248569934075 -0.98826756893672318 -0
    outer loop
      vertex -0.82418817281723022 0.0016501635545864701 1
      vertex -0.84211832284927368 0.0044211908243596554 1
      vertex -0.84211832284927368 0.0044211908243596554 -1
    endloop
  endfacet
  facet normal -0.15273248569934075 -0.98826756893672318 0
    outer loop
      vertex -0.82418817281723022 0.0016501635545864701 1
      vertex -0.84211832284927368 0.0044211908243596554 -1
      vertex -0.82418817281723022 0.0016501635545864701 -1
    endloop
  endfacet
  facet normal -0.16527919941050054 -0.98624681811513293 -0
    outer loop
      vertex -0.84211832284927368 0.0044211908243596554 1
      vertex -0.85078251361846924 0.0058731706812977791 1
      vertex -0.85078251361846924 0.0058731706812977791 -1
    endloop
  endfacet
  facet normal -0.16527919941050054 -0.98624681811513293 0
    outer loop
      vertex -0.84211832284927368 0.0044211908243596554 1
      vertex -0.85078251361846924 0.0058731706812977791 -1
      vertex -0.84211832284927368 0.0044211908243596554 -1
    endloop
  endfacet
  facet normal -0.17409145544482416 -0.98472948830686635 -0
    outer loop
      vertex -0.85078251361846924 0.0058731706812977791 1
      vertex -0.85923928022384644 0.0073682521469891071 1
      vertex -0.85923928022384644 0.0073682521469891071 -1
    endloop
  endfacet
  facet normal -0.17409145544482416 -0.98472948830686635 0
    outer loop
      vertex -0.85078251361846924 0.0058731706812977791 1
      vertex -0.85923928022384644 0.0073682521469891071 -1
      vertex -0.85078251361846924 0.0058731706812977791 -1
    endloop
  endfacet
  facet normal -0.18329220103085192 -0.98305847691847192 -0
    outer loop
      vertex -0.85923928022384644 0.0073682521469891071 1
      vertex -0.86748373508453369 0.008905438706278801 1
      vertex -0.86748373508453369 0.008905438706278801 -1
    endloop
  endfacet
  facet normal -0.18329220103085192 -0.98305847691847192 0
    outer loop
      vertex -0.85923928022384644 0.0073682521469891071 1
      vertex -0.86748373508453369 0.008905438706278801 -1
      vertex -0.85923928022384644 0.0073682521469891071 -1
    endloop
  endfacet
  facet normal -0.19290551993591692 -0.98121733595480964 -0
    outer loop
      vertex -0.86748373508453369 0.008905438706278801 1
      vertex -0.87551110982894897 0.010483605787158012 1
      vertex -0.87551110982894897 0.010483605787158012 -1
    endloop
  endfacet
  facet normal -0.19290551993591692 -0.98121733595480964 0
    outer loop
      vertex -0.86748373508453369 0.008905438706278801 1
      vertex -0.87551110982894897 0.010483605787158012 -1
      vertex -0.86748373508453369 0.008905438706278801 -1
    endloop
  endfacet
  facet normal -0.20296913769759395 -0.97918513527437456 -0
    outer loop
      vertex -0.87551110982894897 0.010483605787158012 1
      vertex -0.88331669569015503 0.012101576663553715 1
      vertex -0.88331669569015503 0.012101576663553715 -1
    endloop
  endfacet
  facet normal -0.20296913769759395 -0.97918513527437456 0
    outer loop
      vertex -0.87551110982894897 0.010483605787158012 1
      vertex -0.88331669569015503 0.012101576663553715 -1
      vertex -0.87551110982894897 0.010483605787158012 -1
    endloop
  endfacet
  facet normal -0.2135217088096483 -0.97693831937692355 -0
    outer loop
      vertex -0.88331669569015503 0.012101576663553715 1
      vertex -0.89089590311050415 0.013758104294538498 1
      vertex -0.89089590311050415 0.013758104294538498 -1
    endloop
  endfacet
  facet normal -0.2135217088096483 -0.97693831937692355 0
    outer loop
      vertex -0.88331669569015503 0.012101576663553715 1
      vertex -0.89089590311050415 0.013758104294538498 -1
      vertex -0.88331669569015503 0.012101576663553715 -1
    endloop
  endfacet
  facet normal -0.22460609447537533 -0.97444964073292095 -0
    outer loop
      vertex -0.89089590311050415 0.013758104294538498 1
      vertex -0.89824438095092773 0.015451894141733646 1
      vertex -0.89824438095092773 0.015451894141733646 -1
    endloop
  endfacet
  facet normal -0.22460609447537533 -0.97444964073292095 0
    outer loop
      vertex -0.89089590311050415 0.013758104294538498 1
      vertex -0.89824438095092773 0.015451894141733646 -1
      vertex -0.89089590311050415 0.013758104294538498 -1
    endloop
  endfacet
  facet normal -0.23626222689606524 -0.97168933314208639 -0
    outer loop
      vertex -0.89824438095092773 0.015451894141733646 1
      vertex -0.9053579568862915 0.017181530594825745 1
      vertex -0.9053579568862915 0.017181530594825745 -1
    endloop
  endfacet
  facet normal -0.23626222689606524 -0.97168933314208639 0
    outer loop
      vertex -0.89824438095092773 0.015451894141733646 1
      vertex -0.9053579568862915 0.017181530594825745 -1
      vertex -0.89824438095092773 0.015451894141733646 -1
    endloop
  endfacet
  facet normal -0.24855608860071202 -0.96861750491074383 -0
    outer loop
      vertex -0.9053579568862915 0.017181530594825745 1
      vertex -0.91223233938217163 0.018945559859275818 1
      vertex -0.91223233938217163 0.018945559859275818 -1
    endloop
  endfacet
  facet normal -0.24855608860071202 -0.96861750491074383 0
    outer loop
      vertex -0.9053579568862915 0.017181530594825745 1
      vertex -0.91223233938217163 0.018945559859275818 -1
      vertex -0.9053579568862915 0.017181530594825745 -1
    endloop
  endfacet
  facet normal -0.26154555301488347 -0.96519113324674644 -0
    outer loop
      vertex -0.91223233938217163 0.018945559859275818 1
      vertex -0.91886365413665771 0.020742500200867653 1
      vertex -0.91886365413665771 0.020742500200867653 -1
    endloop
  endfacet
  facet normal -0.26154555301488347 -0.96519113324674644 1.0464623235298685e-19
    outer loop
      vertex -0.91223233938217163 0.018945559859275818 1
      vertex -0.91886365413665771 0.020742500200867653 -1
      vertex -0.91223233938217163 0.018945559859275818 -1
    endloop
  endfacet
  facet normal -0.27531055762186651 -0.96135534370072395 -0
    outer loop
      vertex -0.91886365413665771 0.020742500200867653 1
      vertex -0.92524802684783936 0.022570841014385223 1
      vertex -0.92524802684783936 0.022570841014385223 -1
    endloop
  endfacet
  facet normal -0.27531055762186651 -0.96135534370072395 0
    outer loop
      vertex -0.91886365413665771 0.020742500200867653 1
      vertex -0.92524802684783936 0.022570841014385223 -1
      vertex -0.91886365413665771 0.020742500200867653 -1
    endloop
  endfacet
  facet normal -0.28992885335249141 -0.95704820149964731 -0
    outer loop
      vertex -0.92524802684783936 0.022570841014385223 1
      vertex -0.93138176202774048 0.024428999051451683 1
      vertex -0.93138176202774048 0.024428999051451683 -1
    endloop
  endfacet
  facet normal -0.28992885335249141 -0.95704820149964731 0
    outer loop
      vertex -0.92524802684783936 0.022570841014385223 1
      vertex -0.93138176202774048 0.024428999051451683 -1
      vertex -0.92524802684783936 0.022570841014385223 -1
    endloop
  endfacet
  facet normal -0.30549603006794379 -0.95219334990994675 -0
    outer loop
      vertex -0.93138176202774048 0.024428999051451683 1
      vertex -0.93726134300231934 0.026315368711948395 1
      vertex -0.93726134300231934 0.026315368711948395 -1
    endloop
  endfacet
  facet normal -0.30549603006794379 -0.95219334990994675 0
    outer loop
      vertex -0.93138176202774048 0.024428999051451683 1
      vertex -0.93726134300231934 0.026315368711948395 -1
      vertex -0.93138176202774048 0.024428999051451683 -1
    endloop
  endfacet
  facet normal -0.31786269789323357 -0.94813675452860446 -0
    outer loop
      vertex -0.93726134300231934 0.026315368711948395 1
      vertex -0.94010478258132935 0.027268631383776665 1
      vertex -0.94010478258132935 0.027268631383776665 -1
    endloop
  endfacet
  facet normal -0.31786269789323357 -0.94813675452860446 0
    outer loop
      vertex -0.93726134300231934 0.026315368711948395 1
      vertex -0.94010478258132935 0.027268631383776665 -1
      vertex -0.93726134300231934 0.026315368711948395 -1
    endloop
  endfacet
  facet normal -0.32647171433717798 -0.94520697190496006 -0
    outer loop
      vertex -0.94010478258132935 0.027268631383776665 1
      vertex -0.94288337230682373 0.02822834812104702 1
      vertex -0.94288337230682373 0.02822834812104702 -1
    endloop
  endfacet
  facet normal -0.32647171433717798 -0.94520697190496006 0
    outer loop
      vertex -0.94010478258132935 0.027268631383776665 1
      vertex -0.94288337230682373 0.02822834812104702 -1
      vertex -0.94010478258132935 0.027268631383776665 -1
    endloop
  endfacet
  facet normal -0.33538306591768607 -0.94208184309838661 -0
    outer loop
      vertex -0.94288337230682373 0.02822834812104702 1
      vertex -0.94559675455093384 0.029194317758083344 1
      vertex -0.94559675455093384 0.029194317758083344 -1
    endloop
  endfacet
  facet normal -0.33538306591768607 -0.94208184309838661 0
    outer loop
      vertex -0.94288337230682373 0.02822834812104702 1
      vertex -0.94559675455093384 0.029194317758083344 -1
      vertex -0.94288337230682373 0.02822834812104702 -1
    endloop
  endfacet
  facet normal -0.3446138644869331 -0.93874452563164479 -0
    outer loop
      vertex -0.94559675455093384 0.029194317758083344 1
      vertex -0.94824457168579102 0.030166333541274071 1
      vertex -0.94824457168579102 0.030166333541274071 -1
    endloop
  endfacet
  facet normal -0.3446138644869331 -0.93874452563164479 0
    outer loop
      vertex -0.94559675455093384 0.029194317758083344 1
      vertex -0.94824457168579102 0.030166333541274071 -1
      vertex -0.94559675455093384 0.029194317758083344 -1
    endloop
  endfacet
  facet normal -0.35419141098792584 -0.93517294891500258 -0
    outer loop
      vertex -0.94824457168579102 0.030166333541274071 1
      vertex -0.95082640647888184 0.031144188717007637 1
      vertex -0.95082640647888184 0.031144188717007637 -1
    endloop
  endfacet
  facet normal -0.35419141098792584 -0.93517294891500258 0
    outer loop
      vertex -0.94824457168579102 0.030166333541274071 1
      vertex -0.95082640647888184 0.031144188717007637 -1
      vertex -0.94824457168579102 0.030166333541274071 -1
    endloop
  endfacet
  facet normal -0.36413891311368402 -0.9313446472474004 -0
    outer loop
      vertex -0.95082640647888184 0.031144188717007637 1
      vertex -0.95334184169769287 0.032127678394317627 1
      vertex -0.95334184169769287 0.032127678394317627 -1
    endloop
  endfacet
  facet normal -0.36413891311368402 -0.9313446472474004 0
    outer loop
      vertex -0.95082640647888184 0.031144188717007637 1
      vertex -0.95334184169769287 0.032127678394317627 -1
      vertex -0.95082640647888184 0.031144188717007637 -1
    endloop
  endfacet
  facet normal -0.37446379595267504 -0.9272415356964514 -0
    outer loop
      vertex -0.95334184169769287 0.032127678394317627 1
      vertex -0.95579057931900024 0.033116593956947327 1
      vertex -0.95579057931900024 0.033116593956947327 -1
    endloop
  endfacet
  facet normal -0.37446379595267504 -0.9272415356964514 0
    outer loop
      vertex -0.95334184169769287 0.032127678394317627 1
      vertex -0.95579057931900024 0.033116593956947327 -1
      vertex -0.95334184169769287 0.032127678394317627 -1
    endloop
  endfacet
  facet normal -0.38520238580268978 -0.92283212014532523 -0
    outer loop
      vertex -0.95579057931900024 0.033116593956947327 1
      vertex -0.9581722617149353 0.034110739827156067 1
      vertex -0.9581722617149353 0.034110739827156067 -1
    endloop
  endfacet
  facet normal -0.38520238580268978 -0.92283212014532523 0
    outer loop
      vertex -0.95579057931900024 0.033116593956947327 1
      vertex -0.9581722617149353 0.034110739827156067 -1
      vertex -0.95579057931900024 0.033116593956947327 -1
    endloop
  endfacet
  facet normal -0.39637962440928587 -0.9180867025249595 -0
    outer loop
      vertex -0.9581722617149353 0.034110739827156067 1
      vertex -0.96048653125762939 0.035109914839267731 1
      vertex -0.96048653125762939 0.035109914839267731 -1
    endloop
  endfacet
  facet normal -0.39637962440928587 -0.9180867025249595 0
    outer loop
      vertex -0.9581722617149353 0.034110739827156067 1
      vertex -0.96048653125762939 0.035109914839267731 -1
      vertex -0.9581722617149353 0.034110739827156067 -1
    endloop
  endfacet
  facet normal -0.40802410456693555 -0.91297115512613569 -0
    outer loop
      vertex -0.96048653125762939 0.035109914839267731 1
      vertex -0.96273303031921387 0.036113917827606201 1
      vertex -0.96273303031921387 0.036113917827606201 -1
    endloop
  endfacet
  facet normal -0.40802410456693555 -0.91297115512613569 0
    outer loop
      vertex -0.96048653125762939 0.035109914839267731 1
      vertex -0.96273303031921387 0.036113917827606201 -1
      vertex -0.96048653125762939 0.035109914839267731 -1
    endloop
  endfacet
  facet normal -0.4201581661038577 -0.9074508887296564 -0
    outer loop
      vertex -0.96273303031921387 0.036113917827606201 1
      vertex -0.96491146087646484 0.03712255135178566 1
      vertex -0.96491146087646484 0.03712255135178566 -1
    endloop
  endfacet
  facet normal -0.4201581661038577 -0.9074508887296564 0
    outer loop
      vertex -0.96273303031921387 0.036113917827606201 1
      vertex -0.96491146087646484 0.03712255135178566 -1
      vertex -0.96273303031921387 0.036113917827606201 -1
    endloop
  endfacet
  facet normal -0.43281555886114559 -0.90148249678388881 -0
    outer loop
      vertex -0.96491146087646484 0.03712255135178566 1
      vertex -0.96702152490615845 0.038135625422000885 1
      vertex -0.96702152490615845 0.038135625422000885 -1
    endloop
  endfacet
  facet normal -0.43281555886114559 -0.90148249678388881 0
    outer loop
      vertex -0.96491146087646484 0.03712255135178566 1
      vertex -0.96702152490615845 0.038135625422000885 -1
      vertex -0.96491146087646484 0.03712255135178566 -1
    endloop
  endfacet
  facet normal -0.44602677645518984 -0.89501961692746834 -0
    outer loop
      vertex -0.96702152490615845 0.038135625422000885 1
      vertex -0.9690629243850708 0.039152942597866058 1
      vertex -0.9690629243850708 0.039152942597866058 -1
    endloop
  endfacet
  facet normal -0.44602677645518984 -0.89501961692746834 0
    outer loop
      vertex -0.96702152490615845 0.038135625422000885 1
      vertex -0.9690629243850708 0.039152942597866058 -1
      vertex -0.96702152490615845 0.038135625422000885 -1
    endloop
  endfacet
  facet normal -0.45983894406119841 -0.88800233418875762 -0
    outer loop
      vertex -0.9690629243850708 0.039152942597866058 1
      vertex -0.97103530168533325 0.04017430916428566 1
      vertex -0.97103530168533325 0.04017430916428566 -1
    endloop
  endfacet
  facet normal -0.45983894406119841 -0.88800233418875762 0
    outer loop
      vertex -0.9690629243850708 0.039152942597866058 1
      vertex -0.97103530168533325 0.04017430916428566 -1
      vertex -0.9690629243850708 0.039152942597866058 -1
    endloop
  endfacet
  facet normal -0.47428017277501572 -0.8803739646948342 -0
    outer loop
      vertex -0.97103530168533325 0.04017430916428566 1
      vertex -0.97293835878372192 0.041199535131454468 1
      vertex -0.97293835878372192 0.041199535131454468 -1
    endloop
  endfacet
  facet normal -0.47428017277501572 -0.8803739646948342 0
    outer loop
      vertex -0.97103530168533325 0.04017430916428566 1
      vertex -0.97293835878372192 0.041199535131454468 -1
      vertex -0.97103530168533325 0.04017430916428566 -1
    endloop
  endfacet
  facet normal -0.48553327574870464 -0.87421818680506314 -0
    outer loop
      vertex -0.97293835878372192 0.041199535131454468 1
      vertex -0.97386384010314941 0.041713539510965347 1
      vertex -0.97386384010314941 0.041713539510965347 -1
    endloop
  endfacet
  facet normal -0.48553327574870464 -0.87421818680506314 0
    outer loop
      vertex -0.97293835878372192 0.041199535131454468 1
      vertex -0.97386384010314941 0.041713539510965347 -1
      vertex -0.97293835878372192 0.041199535131454468 -1
    endloop
  endfacet
  facet normal -0.4932457609910344 -0.86989000411797779 -0
    outer loop
      vertex -0.97386384010314941 0.041713539510965347 1
      vertex -0.97477191686630249 0.042228437960147858 1
      vertex -0.97477191686630249 0.042228437960147858 -1
    endloop
  endfacet
  facet normal -0.4932457609910344 -0.86989000411797779 0
    outer loop
      vertex -0.97386384010314941 0.041713539510965347 1
      vertex -0.97477191686630249 0.042228437960147858 -1
      vertex -0.97386384010314941 0.041713539510965347 -1
    endloop
  endfacet
  facet normal -0.50114984259981243 -0.86536052328621005 -0
    outer loop
      vertex -0.97477191686630249 0.042228437960147858 1
      vertex -0.97566252946853638 0.042744211852550507 1
      vertex -0.97566252946853638 0.042744211852550507 -1
    endloop
  endfacet
  facet normal -0.50114984259981243 -0.86536052328621005 0
    outer loop
      vertex -0.97477191686630249 0.042228437960147858 1
      vertex -0.97566252946853638 0.042744211852550507 -1
      vertex -0.97477191686630249 0.042228437960147858 -1
    endloop
  endfacet
  facet normal -0.50922282640321037 -0.86063471523633417 -0
    outer loop
      vertex -0.97566252946853638 0.042744211852550507 1
      vertex -0.97653567790985107 0.043260838836431503 1
      vertex -0.97653567790985107 0.043260838836431503 -1
    endloop
  endfacet
  facet normal -0.50922282640321037 -0.86063471523633417 0
    outer loop
      vertex -0.97566252946853638 0.042744211852550507 1
      vertex -0.97653567790985107 0.043260838836431503 -1
      vertex -0.97566252946853638 0.042744211852550507 -1
    endloop
  endfacet
  facet normal -0.51749223565292968 -0.85568790223943969 -0
    outer loop
      vertex -0.97653567790985107 0.043260838836431503 1
      vertex -0.97739130258560181 0.043778292834758759 1
      vertex -0.97739130258560181 0.043778292834758759 -1
    endloop
  endfacet
  facet normal -0.51749223565292968 -0.85568790223943969 0
    outer loop
      vertex -0.97653567790985107 0.043260838836431503 1
      vertex -0.97739130258560181 0.043778292834758759 -1
      vertex -0.97653567790985107 0.043260838836431503 -1
    endloop
  endfacet
  facet normal -0.52596656749659687 -0.85050524388497928 -0
    outer loop
      vertex -0.97739130258560181 0.043778292834758759 1
      vertex -0.9782293438911438 0.044296551495790482 1
      vertex -0.9782293438911438 0.044296551495790482 -1
    endloop
  endfacet
  facet normal -0.52596656749659687 -0.85050524388497928 0
    outer loop
      vertex -0.97739130258560181 0.043778292834758759 1
      vertex -0.9782293438911438 0.044296551495790482 -1
      vertex -0.97739130258560181 0.043778292834758759 -1
    endloop
  endfacet
  facet normal -0.5346238724429716 -0.84509012242131976 -0
    outer loop
      vertex -0.9782293438911438 0.044296551495790482 1
      vertex -0.97904980182647705 0.044815592467784882 1
      vertex -0.97904980182647705 0.044815592467784882 -1
    endloop
  endfacet
  facet normal -0.5346238724429716 -0.84509012242131976 0
    outer loop
      vertex -0.9782293438911438 0.044296551495790482 1
      vertex -0.97904980182647705 0.044815592467784882 -1
      vertex -0.9782293438911438 0.044296551495790482 -1
    endloop
  endfacet
  facet normal -0.54347057082840267 -0.8394282212574522 -0
    outer loop
      vertex -0.97904980182647705 0.044815592467784882 1
      vertex -0.97985267639160156 0.045335397124290466 1
      vertex -0.97985267639160156 0.045335397124290466 -1
    endloop
  endfacet
  facet normal -0.54347057082840267 -0.8394282212574522 0
    outer loop
      vertex -0.97904980182647705 0.044815592467784882 1
      vertex -0.97985267639160156 0.045335397124290466 -1
      vertex -0.97904980182647705 0.044815592467784882 -1
    endloop
  endfacet
  facet normal -0.55251018767439131 -0.83350614425810254 -0
    outer loop
      vertex -0.97985267639160156 0.045335397124290466 1
      vertex -0.98063796758651733 0.045855946838855743 1
      vertex -0.98063796758651733 0.045855946838855743 -1
    endloop
  endfacet
  facet normal -0.55251018767439131 -0.83350614425810254 0
    outer loop
      vertex -0.97985267639160156 0.045335397124290466 1
      vertex -0.98063796758651733 0.045855946838855743 -1
      vertex -0.97985267639160156 0.045335397124290466 -1
    endloop
  endfacet
  facet normal -0.56182735787099691 -0.82725450736015627 -0
    outer loop
      vertex -0.98063796758651733 0.045855946838855743 1
      vertex -0.98140549659729004 0.046377211809158325 1
      vertex -0.98140549659729004 0.046377211809158325 -1
    endloop
  endfacet
  facet normal -0.56182735787099691 -0.82725450736015627 0
    outer loop
      vertex -0.98063796758651733 0.045855946838855743 1
      vertex -0.98140549659729004 0.046377211809158325 -1
      vertex -0.98063796758651733 0.045855946838855743 -1
    endloop
  endfacet
  facet normal -0.57129252033030542 -0.82074652372985879 -0
    outer loop
      vertex -0.98140549659729004 0.046377211809158325 1
      vertex -0.98215538263320923 0.046899180859327316 1
      vertex -0.98215538263320923 0.046899180859327316 -1
    endloop
  endfacet
  facet normal -0.57129252033030542 -0.82074652372985879 0
    outer loop
      vertex -0.98140549659729004 0.046377211809158325 1
      vertex -0.98215538263320923 0.046899180859327316 -1
      vertex -0.98140549659729004 0.046377211809158325 -1
    endloop
  endfacet
  facet normal -0.58098432520901666 -0.81391474606461311 -0
    outer loop
      vertex -0.98215538263320923 0.046899180859327316 1
      vertex -0.98288756608963013 0.047421824187040329 1
      vertex -0.98288756608963013 0.047421824187040329 -1
    endloop
  endfacet
  facet normal -0.58098432520901666 -0.81391474606461311 0
    outer loop
      vertex -0.98215538263320923 0.046899180859327316 1
      vertex -0.98288756608963013 0.047421824187040329 -1
      vertex -0.98215538263320923 0.046899180859327316 -1
    endloop
  endfacet
  facet normal -0.59091841201426221 -0.80673132475598264 -0
    outer loop
      vertex -0.98288756608963013 0.047421824187040329 1
      vertex -0.98360198736190796 0.047945126891136169 1
      vertex -0.98360198736190796 0.047945126891136169 -1
    endloop
  endfacet
  facet normal -0.59091841201426221 -0.80673132475598264 0
    outer loop
      vertex -0.98288756608963013 0.047421824187040329 1
      vertex -0.98360198736190796 0.047945126891136169 -1
      vertex -0.98288756608963013 0.047421824187040329 -1
    endloop
  endfacet
  facet normal -0.60109354845497898 -0.79917866963889983 -0
    outer loop
      vertex -0.98360198736190796 0.047945126891136169 1
      vertex -0.98429858684539795 0.048469066619873047 1
      vertex -0.98429858684539795 0.048469066619873047 -1
    endloop
  endfacet
  facet normal -0.60109354845497898 -0.79917866963889983 0
    outer loop
      vertex -0.98360198736190796 0.047945126891136169 1
      vertex -0.98429858684539795 0.048469066619873047 -1
      vertex -0.98360198736190796 0.047945126891136169 -1
    endloop
  endfacet
  facet normal -0.61144898410887749 -0.79128385540981538 -0
    outer loop
      vertex -0.98429858684539795 0.048469066619873047 1
      vertex -0.98497742414474487 0.048993624746799469 1
      vertex -0.98497742414474487 0.048993624746799469 -1
    endloop
  endfacet
  facet normal -0.61144898410887749 -0.79128385540981538 0
    outer loop
      vertex -0.98429858684539795 0.048469066619873047 1
      vertex -0.98497742414474487 0.048993624746799469 -1
      vertex -0.98429858684539795 0.048469066619873047 -1
    endloop
  endfacet
  facet normal -0.62204927118634379 -0.78297809944885322 -0
    outer loop
      vertex -0.98497742414474487 0.048993624746799469 1
      vertex -0.98563843965530396 0.049518778920173645 1
      vertex -0.98563843965530396 0.049518778920173645 -1
    endloop
  endfacet
  facet normal -0.62204927118634379 -0.78297809944885322 0
    outer loop
      vertex -0.98497742414474487 0.048993624746799469 1
      vertex -0.98563843965530396 0.049518778920173645 -1
      vertex -0.98497742414474487 0.048993624746799469 -1
    endloop
  endfacet
  facet normal -0.63286433277057363 -0.77426270496960958 -0
    outer loop
      vertex -0.98563843965530396 0.049518778920173645 1
      vertex -0.9862816333770752 0.050044510513544083 1
      vertex -0.9862816333770752 0.050044510513544083 -1
    endloop
  endfacet
  facet normal -0.63286433277057363 -0.77426270496960958 0
    outer loop
      vertex -0.98563843965530396 0.049518778920173645 1
      vertex -0.9862816333770752 0.050044510513544083 -1
      vertex -0.98563843965530396 0.049518778920173645 -1
    endloop
  endfacet
  facet normal -0.64393192177516356 -0.76508279298318083 -0
    outer loop
      vertex -0.9862816333770752 0.050044510513544083 1
      vertex -0.98690694570541382 0.050570804625749588 1
      vertex -0.98690694570541382 0.050570804625749588 -1
    endloop
  endfacet
  facet normal -0.64393192177516356 -0.76508279298318083 0
    outer loop
      vertex -0.9862816333770752 0.050044510513544083 1
      vertex -0.98690694570541382 0.050570804625749588 -1
      vertex -0.9862816333770752 0.050044510513544083 -1
    endloop
  endfacet
  facet normal -0.65524710993750424 -0.75541460465002153 -0
    outer loop
      vertex -0.98690694570541382 0.050570804625749588 1
      vertex -0.98751431703567505 0.05109763890504837 1
      vertex -0.98751431703567505 0.05109763890504837 -1
    endloop
  endfacet
  facet normal -0.65524710993750424 -0.75541460465002153 0
    outer loop
      vertex -0.98690694570541382 0.050570804625749588 1
      vertex -0.98751431703567505 0.05109763890504837 -1
      vertex -0.98690694570541382 0.050570804625749588 -1
    endloop
  endfacet
  facet normal -0.66673689680843706 -0.74529317079539625 -0
    outer loop
      vertex -0.98751431703567505 0.05109763890504837 1
      vertex -0.98810380697250366 0.051624994724988937 1
      vertex -0.98810380697250366 0.051624994724988937 -1
    endloop
  endfacet
  facet normal -0.66673689680843706 -0.74529317079539625 0
    outer loop
      vertex -0.98751431703567505 0.05109763890504837 1
      vertex -0.98810380697250366 0.051624994724988937 -1
      vertex -0.98751431703567505 0.05109763890504837 -1
    endloop
  endfacet
  facet normal -0.67847099655006282 -0.73462718901519342 -0
    outer loop
      vertex -0.98810380697250366 0.051624994724988937 1
      vertex -0.98867535591125488 0.052152853459119797 1
      vertex -0.98867535591125488 0.052152853459119797 -1
    endloop
  endfacet
  facet normal -0.67847099655006282 -0.73462718901519342 0
    outer loop
      vertex -0.98810380697250366 0.051624994724988937 1
      vertex -0.98867535591125488 0.052152853459119797 -1
      vertex -0.98810380697250366 0.051624994724988937 -1
    endloop
  endfacet
  facet normal -0.69040928679662261 -0.7234189772911539 -0
    outer loop
      vertex -0.98867535591125488 0.052152853459119797 1
      vertex -0.98922896385192871 0.052681200206279755 1
      vertex -0.98922896385192871 0.052681200206279755 -1
    endloop
  endfacet
  facet normal -0.69040928679662261 -0.7234189772911539 0
    outer loop
      vertex -0.98867535591125488 0.052152853459119797 1
      vertex -0.98922896385192871 0.052681200206279755 -1
      vertex -0.98867535591125488 0.052152853459119797 -1
    endloop
  endfacet
  facet normal -0.70258101901721048 -0.71160376033066197 -0
    outer loop
      vertex -0.98922896385192871 0.052681200206279755 1
      vertex -0.98976457118988037 0.053210016340017319 1
      vertex -0.98976457118988037 0.053210016340017319 -1
    endloop
  endfacet
  facet normal -0.70258101901721048 -0.71160376033066197 0
    outer loop
      vertex -0.98922896385192871 0.052681200206279755 1
      vertex -0.98976457118988037 0.053210016340017319 -1
      vertex -0.98922896385192871 0.052681200206279755 -1
    endloop
  endfacet
  facet normal -0.71497603400088716 -0.69914896181311903 -0
    outer loop
      vertex -0.98976457118988037 0.053210016340017319 1
      vertex -0.99028211832046509 0.053739279508590698 1
      vertex -0.99028211832046509 0.053739279508590698 -1
    endloop
  endfacet
  facet normal -0.71497603400088716 -0.69914896181311903 0
    outer loop
      vertex -0.98976457118988037 0.053210016340017319 1
      vertex -0.99028211832046509 0.053739279508590698 -1
      vertex -0.98976457118988037 0.053210016340017319 -1
    endloop
  endfacet
  facet normal -0.72747141650171454 -0.6861379877058178 -0
    outer loop
      vertex -0.99028211832046509 0.053739279508590698 1
      vertex -0.99078172445297241 0.054268982261419296 1
      vertex -0.99078172445297241 0.054268982261419296 -1
    endloop
  endfacet
  facet normal -0.72747141650171454 -0.6861379877058178 0
    outer loop
      vertex -0.99028211832046509 0.053739279508590698 1
      vertex -0.99078172445297241 0.054268982261419296 -1
      vertex -0.99028211832046509 0.053739279508590698 -1
    endloop
  endfacet
  facet normal -0.7402050392925128 -0.67238121613112434 -0
    outer loop
      vertex -0.99078172445297241 0.054268982261419296 1
      vertex -0.99126327037811279 0.054799102246761322 1
      vertex -0.99126327037811279 0.054799102246761322 -1
    endloop
  endfacet
  facet normal -0.7402050392925128 -0.67238121613112434 0
    outer loop
      vertex -0.99078172445297241 0.054268982261419296 1
      vertex -0.99126327037811279 0.054799102246761322 -1
      vertex -0.99078172445297241 0.054268982261419296 -1
    endloop
  endfacet
  facet normal -0.75308618409983641 -0.6579218793427889 -0
    outer loop
      vertex -0.99126327037811279 0.054799102246761322 1
      vertex -0.99172675609588623 0.05532962828874588 1
      vertex -0.99172675609588623 0.05532962828874588 -1
    endloop
  endfacet
  facet normal -0.75308618409983641 -0.6579218793427889 0
    outer loop
      vertex -0.99126327037811279 0.054799102246761322 1
      vertex -0.99172675609588623 0.05532962828874588 -1
      vertex -0.99126327037811279 0.054799102246761322 -1
    endloop
  endfacet
  facet normal -0.76608754352420383 -0.64273624112621131 -0
    outer loop
      vertex -0.99172675609588623 0.05532962828874588 1
      vertex -0.99217218160629272 0.05586053803563118 1
      vertex -0.99217218160629272 0.05586053803563118 -1
    endloop
  endfacet
  facet normal -0.76608754352420383 -0.64273624112621131 0
    outer loop
      vertex -0.99172675609588623 0.05532962828874588 1
      vertex -0.99217218160629272 0.05586053803563118 -1
      vertex -0.99172675609588623 0.05532962828874588 -1
    endloop
  endfacet
  facet normal -0.77919442382733139 -0.62678229863038826 -0
    outer loop
      vertex -0.99217218160629272 0.05586053803563118 1
      vertex -0.99259954690933228 0.056391824036836624 1
      vertex -0.99259954690933228 0.056391824036836624 -1
    endloop
  endfacet
  facet normal -0.77919442382733139 -0.62678229863038826 0
    outer loop
      vertex -0.99217218160629272 0.05586053803563118 1
      vertex -0.99259954690933228 0.056391824036836624 -1
      vertex -0.99217218160629272 0.05586053803563118 -1
    endloop
  endfacet
  facet normal -0.79245881940849794 -0.6099254212948414 -0
    outer loop
      vertex -0.99259954690933228 0.056391824036836624 1
      vertex -0.99300873279571533 0.056923467665910721 1
      vertex -0.99300873279571533 0.056923467665910721 -1
    endloop
  endfacet
  facet normal -0.79245881940849794 -0.6099254212948414 0
    outer loop
      vertex -0.99259954690933228 0.056391824036836624 1
      vertex -0.99300873279571533 0.056923467665910721 -1
      vertex -0.99259954690933228 0.056391824036836624 -1
    endloop
  endfacet
  facet normal -0.80587808103847636 -0.59208151339299797 -0
    outer loop
      vertex -0.99300873279571533 0.056923467665910721 1
      vertex -0.99340009689331055 0.057456150650978088 1
      vertex -0.99340009689331055 0.057456150650978088 -1
    endloop
  endfacet
  facet normal -0.80587808103847636 -0.59208151339299797 0
    outer loop
      vertex -0.99300873279571533 0.056923467665910721 1
      vertex -0.99340009689331055 0.057456150650978088 -1
      vertex -0.99300873279571533 0.056923467665910721 -1
    endloop
  endfacet
  facet normal -0.82024798406209876 -0.57200808092374289 -0
    outer loop
      vertex -0.99340009689331055 0.057456150650978088 1
      vertex -0.99377471208572388 0.057993341237306595 1
      vertex -0.99377471208572388 0.057993341237306595 -1
    endloop
  endfacet
  facet normal -0.82024798406209876 -0.57200808092374289 0
    outer loop
      vertex -0.99340009689331055 0.057456150650978088 1
      vertex -0.99377471208572388 0.057993341237306595 -1
      vertex -0.99340009689331055 0.057456150650978088 -1
    endloop
  endfacet
  facet normal -0.83525125773878695 -0.54986847195104271 -0
    outer loop
      vertex -0.99377471208572388 0.057993341237306595 1
      vertex -0.99413406848907471 0.058539204299449921 1
      vertex -0.99413406848907471 0.058539204299449921 -1
    endloop
  endfacet
  facet normal -0.83525125773878695 -0.54986847195104271 0
    outer loop
      vertex -0.99377471208572388 0.057993341237306595 1
      vertex -0.99413406848907471 0.058539204299449921 -1
      vertex -0.99377471208572388 0.057993341237306595 -1
    endloop
  endfacet
  facet normal -0.85057695129355204 -0.52585059658439726 -0
    outer loop
      vertex -0.99413406848907471 0.058539204299449921 1
      vertex -0.9944794774055481 0.059097912162542343 1
      vertex -0.9944794774055481 0.059097912162542343 -1
    endloop
  endfacet
  facet normal -0.85057695129355204 -0.52585059658439726 0
    outer loop
      vertex -0.99413406848907471 0.058539204299449921 1
      vertex -0.9944794774055481 0.059097912162542343 -1
      vertex -0.99413406848907471 0.058539204299449921 -1
    endloop
  endfacet
  facet normal -0.86565999817516204 -0.50063236767050778 -0
    outer loop
      vertex -0.9944794774055481 0.059097912162542343 1
      vertex -0.99481242895126343 0.059673629701137543 1
      vertex -0.99481242895126343 0.059673629701137543 -1
    endloop
  endfacet
  facet normal -0.86565999817516204 -0.50063236767050778 0
    outer loop
      vertex -0.9944794774055481 0.059097912162542343 1
      vertex -0.99481242895126343 0.059673629701137543 -1
      vertex -0.9944794774055481 0.059097912162542343 -1
    endloop
  endfacet
  facet normal -0.88018677307280058 -0.47462747972245606 -0
    outer loop
      vertex -0.99481242895126343 0.059673629701137543 1
      vertex -0.99513429403305054 0.0602705217897892 1
      vertex -0.99513429403305054 0.0602705217897892 -1
    endloop
  endfacet
  facet normal -0.88018677307280058 -0.47462747972245606 0
    outer loop
      vertex -0.99481242895126343 0.059673629701137543 1
      vertex -0.99513429403305054 0.0602705217897892 -1
      vertex -0.99481242895126343 0.059673629701137543 -1
    endloop
  endfacet
  facet normal -0.89380023536030784 -0.44846531557062269 -0
    outer loop
      vertex -0.99513429403305054 0.0602705217897892 1
      vertex -0.99544650316238403 0.060892760753631592 1
      vertex -0.99544650316238403 0.060892760753631592 -1
    endloop
  endfacet
  facet normal -0.89380023536030784 -0.44846531557062269 0
    outer loop
      vertex -0.99513429403305054 0.0602705217897892 1
      vertex -0.99544650316238403 0.060892760753631592 -1
      vertex -0.99513429403305054 0.0602705217897892 -1
    endloop
  endfacet
  facet normal -0.90630274204645589 -0.42262908058849319 -0
    outer loop
      vertex -0.99544650316238403 0.060892760753631592 1
      vertex -0.99575042724609375 0.061544507741928101 1
      vertex -0.99575042724609375 0.061544507741928101 -1
    endloop
  endfacet
  facet normal -0.90630274204645589 -0.42262908058849319 0
    outer loop
      vertex -0.99544650316238403 0.060892760753631592 1
      vertex -0.99575042724609375 0.061544507741928101 -1
      vertex -0.99544650316238403 0.060892760753631592 -1
    endloop
  endfacet
  facet normal -0.91858318621197188 -0.39522769387868262 -0
    outer loop
      vertex -0.99575042724609375 0.061544507741928101 1
      vertex -0.99604654312133789 0.062232736498117447 1
      vertex -0.99604654312133789 0.062232736498117447 -1
    endloop
  endfacet
  facet normal -0.91858318621197188 -0.39522769387868262 0
    outer loop
      vertex -0.99575042724609375 0.061544507741928101 1
      vertex -0.99604654312133789 0.062232736498117447 -1
      vertex -0.99575042724609375 0.061544507741928101 -1
    endloop
  endfacet
  facet normal -0.93368969318487582 -0.35808317028357028 -0
    outer loop
      vertex -0.99604654312133789 0.062232736498117447 1
      vertex -0.99633145332336426 0.062975630164146423 1
      vertex -0.99633145332336426 0.062975630164146423 -1
    endloop
  endfacet
  facet normal -0.93368969318487582 -0.35808317028357028 0
    outer loop
      vertex -0.99604654312133789 0.062232736498117447 1
      vertex -0.99633145332336426 0.062975630164146423 -1
      vertex -0.99604654312133789 0.062232736498117447 -1
    endloop
  endfacet
  facet normal -0.94985340230625115 -0.31269556141275651 -0
    outer loop
      vertex -0.99633145332336426 0.062975630164146423 1
      vertex -0.9966009259223938 0.06379418820142746 1
      vertex -0.9966009259223938 0.06379418820142746 -1
    endloop
  endfacet
  facet normal -0.94985340230625115 -0.31269556141275651 0
    outer loop
      vertex -0.99633145332336426 0.062975630164146423 1
      vertex -0.9966009259223938 0.06379418820142746 -1
      vertex -0.99633145332336426 0.062975630164146423 -1
    endloop
  endfacet
  facet normal -0.96477324560734479 -0.26308284733191917 -0
    outer loop
      vertex -0.9966009259223938 0.06379418820142746 1
      vertex -0.99685049057006836 0.064709387719631195 1
      vertex -0.99685049057006836 0.064709387719631195 -1
    endloop
  endfacet
  facet normal -0.96477324560734479 -0.26308284733191917 0
    outer loop
      vertex -0.9966009259223938 0.06379418820142746 1
      vertex -0.99685049057006836 0.064709387719631195 -1
      vertex -0.9966009259223938 0.06379418820142746 -1
    endloop
  endfacet
  facet normal -0.97414641248176637 -0.22591761119687911 -0
    outer loop
      vertex -0.99685049057006836 0.064709387719631195 1
      vertex -0.99696654081344604 0.06520979106426239 1
      vertex -0.99696654081344604 0.06520979106426239 -1
    endloop
  endfacet
  facet normal -0.97414641248176637 -0.22591761119687911 0
    outer loop
      vertex -0.99685049057006836 0.064709387719631195 1
      vertex -0.99696654081344604 0.06520979106426239 -1
      vertex -0.99685049057006836 0.064709387719631195 -1
    endloop
  endfacet
  facet normal -0.97952403360045259 -0.20132726491734695 -0
    outer loop
      vertex -0.99696654081344604 0.06520979106426239 1
      vertex -0.99707597494125366 0.065742224454879761 1
      vertex -0.99707597494125366 0.065742224454879761 -1
    endloop
  endfacet
  facet normal -0.97952403360045259 -0.20132726491734695 0
    outer loop
      vertex -0.99696654081344604 0.06520979106426239 1
      vertex -0.99707597494125366 0.065742224454879761 -1
      vertex -0.99696654081344604 0.06520979106426239 -1
    endloop
  endfacet
  facet normal -0.98412131608043829 -0.1774971414871411 -0
    outer loop
      vertex -0.99707597494125366 0.065742224454879761 1
      vertex -0.99717825651168823 0.066309317946434021 1
      vertex -0.99717825651168823 0.066309317946434021 -1
    endloop
  endfacet
  facet normal -0.98412131608043829 -0.1774971414871411 0
    outer loop
      vertex -0.99707597494125366 0.065742224454879761 1
      vertex -0.99717825651168823 0.066309317946434021 -1
      vertex -0.99707597494125366 0.065742224454879761 -1
    endloop
  endfacet
  facet normal -0.98795751971824408 -0.15472536712567583 -0
    outer loop
      vertex -0.99717825651168823 0.066309317946434021 1
      vertex -0.99727290868759155 0.066913694143295288 1
      vertex -0.99727290868759155 0.066913694143295288 -1
    endloop
  endfacet
  facet normal -0.98795751971824408 -0.15472536712567583 0
    outer loop
      vertex -0.99717825651168823 0.066309317946434021 1
      vertex -0.99727290868759155 0.066913694143295288 -1
      vertex -0.99717825651168823 0.066309317946434021 -1
    endloop
  endfacet
  facet normal -0.99112228032045957 -0.13295347100535804 -0
    outer loop
      vertex -0.99727290868759155 0.066913694143295288 1
      vertex -0.99735933542251587 0.067557975649833679 1
      vertex -0.99735933542251587 0.067557975649833679 -1
    endloop
  endfacet
  facet normal -0.99112228032045968 -0.13295347100535806 0
    outer loop
      vertex -0.99727290868759155 0.066913694143295288 1
      vertex -0.99735933542251587 0.067557975649833679 -1
      vertex -0.99727290868759155 0.066913694143295288 -1
    endloop
  endfacet
  facet normal -0.99365728692637478 -0.11245086099321923 -0
    outer loop
      vertex -0.99735933542251587 0.067557975649833679 1
      vertex -0.99743705987930298 0.068244777619838715 1
      vertex -0.99743705987930298 0.068244777619838715 -1
    endloop
  endfacet
  facet normal -0.99365728692637478 -0.11245086099321923 0
    outer loop
      vertex -0.99735933542251587 0.067557975649833679 1
      vertex -0.99743705987930298 0.068244777619838715 -1
      vertex -0.99735933542251587 0.067557975649833679 -1
    endloop
  endfacet
  facet normal -0.9964886206471375 -0.083728304179443658 -0
    outer loop
      vertex -0.99743705987930298 0.068244777619838715 1
      vertex -0.99756407737731934 0.069756470620632172 1
      vertex -0.99756407737731934 0.069756470620632172 -1
    endloop
  endfacet
  facet normal -0.9964886206471375 -0.083728304179443658 0
    outer loop
      vertex -0.99743705987930298 0.068244777619838715 1
      vertex -0.99756407737731934 0.069756470620632172 -1
      vertex -0.99743705987930298 0.068244777619838715 -1
    endloop
  endfacet
  facet normal 0 0 1
    outer loop
      vertex -0.7779548168182373 0.11270715296268463 1
      vertex -0.76597046852111816 -0.0055509041994810104 1
      vertex -0.75774359703063965 0.11209937185049057 1
    endloop
  endfacet
  facet normal -0 0 1
    outer loop
      vertex -0.82418817281723022 0.0016501635545864701 1
      vertex -0.79752111434936523 0.11303199827671051 1
      vertex -0.81639689207077026 0.11307071894407272 1
    endloop
  endfacet
  facet normal -0 0 1
    outer loop
      vertex -0.80549073219299316 -0.00093849404947832227 1
      vertex -0.7779548168182373 0.11270715296268463 1
      vertex -0.79752111434936523 0.11303199827671051 1
    endloop
  endfacet
  facet normal 0 0 1
    outer loop
      vertex -0.7369343638420105 0.1112135723233223 1
      vertex -0.75774359703063965 0.11209937185049057 1
      vertex -0.74524050951004028 -0.0075698047876358032 1
    endloop
  endfacet
  facet normal 0 0 1
    outer loop
      vertex -0.71557551622390747 0.11005636304616928 1
      vertex -0.72392845153808594 -0.0093964431434869766 1
      vertex -0.69371634721755981 0.10863614082336426 1
    endloop
  endfacet
  facet normal 0 0 1
    outer loop
      vertex -0.69371634721755981 0.10863614082336426 1
      vertex -0.67975980043411255 -0.012479935772716999 1
      vertex -0.67140758037567139 0.10696276277303696 1
    endloop
  endfacet
  facet normal 0 -0 1
    outer loop
      vertex -0.84332013130187988 0.11259002238512039 1
      vertex -0.84211832284927368 0.0044211908243596554 1
      vertex -0.83453816175460815 0.11282205581665039 1
    endloop
  endfacet
  facet normal -0 0 1
    outer loop
      vertex -0.81639689207077026 0.11307071894407272 1
      vertex -0.83453816175460815 0.11282205581665039 1
      vertex -0.84211832284927368 0.0044211908243596554 1
    endloop
  endfacet
  facet normal -0 0 1
    outer loop
      vertex -0.65700751543045044 -0.013743536546826363 1
      vertex -0.62564843893051147 0.10290316492319107 1
      vertex -0.67140758037567139 0.10696276277303696 1
    endloop
  endfacet
  facet normal 0 0 1
    outer loop
      vertex -0.7369343638420105 0.1112135723233223 1
      vertex -0.74524050951004028 -0.0075698047876358032 1
      vertex -0.71557551622390747 0.11005636304616928 1
    endloop
  endfacet
  facet normal -0 0 1
    outer loop
      vertex -0.87551110982894897 0.010483605787158012 1
      vertex -0.86844974756240845 0.11146602034568787 1
      vertex -0.8764045238494873 0.11095011234283447 1
    endloop
  endfacet
  facet normal 0 -0 1
    outer loop
      vertex -0.86844974756240845 0.11146602034568787 1
      vertex -0.87551110982894897 0.010483605787158012 1
      vertex -0.86028087139129639 0.11191163212060928 1
    endloop
  endfacet
  facet normal 0 -0 1
    outer loop
      vertex -0.89165323972702026 0.10970994085073471 1
      vertex -0.89824438095092773 0.015451894141733646 1
      vertex -0.88414055109024048 0.11036453396081924 1
    endloop
  endfacet
  facet normal 0 -0 1
    outer loop
      vertex -0.88414055109024048 0.11036453396081924 1
      vertex -0.88331669569015503 0.012101576663553715 1
      vertex -0.8764045238494873 0.11095011234283447 1
    endloop
  endfacet
  facet normal -0 0 1
    outer loop
      vertex -0.85923928022384644 0.0073682521469891071 1
      vertex -0.85190272331237793 0.11228645592927933 1
      vertex -0.86028087139129639 0.11191163212060928 1
    endloop
  endfacet
  facet normal 0 -0 1
    outer loop
      vertex -0.9128081202507019 0.10734046995639801 1
      vertex -0.91223233938217163 0.018945559859275818 1
      vertex -0.90599125623703003 0.10819701850414276 1
    endloop
  endfacet
  facet normal 0 -0 1
    outer loop
      vertex -0.89893823862075806 0.10898715257644653 1
      vertex -0.90599125623703003 0.10819701850414276 1
      vertex -0.91223233938217163 0.018945559859275818 1
    endloop
  endfacet
  facet normal 0 -0 1
    outer loop
      vertex -0.91938483715057373 0.10641845315694809 1
      vertex -0.92571747303009033 0.10543203353881836 1
      vertex -0.93138176202774048 0.024428999051451683 1
    endloop
  endfacet
  facet normal 0 -0 1
    outer loop
      vertex -0.9128081202507019 0.10734046995639801 1
      vertex -0.91938483715057373 0.10641845315694809 1
      vertex -0.92524802684783936 0.022570841014385223 1
    endloop
  endfacet
  facet normal 0 -0 1
    outer loop
      vertex -0.89824438095092773 0.015451894141733646 1
      vertex -0.89165323972702026 0.10970994085073471 1
      vertex -0.89893823862075806 0.10898715257644653 1
    endloop
  endfacet
  facet normal 0 -0 1
    outer loop
      vertex -0.85078251361846924 0.0058731706812977791 1
      vertex -0.84332013130187988 0.11259002238512039 1
      vertex -0.85190272331237793 0.11228645592927933 1
    endloop
  endfacet
  facet normal 0 0 1
    outer loop
      vertex -0.62564843893051147 0.10290316492319107 1
      vertex -0.61043506860733032 -0.015740411356091499 1
      vertex -0.57872051000595093 0.097982801496982574 1
    endloop
  endfacet
  facet normal -0 0 1
    outer loop
      vertex -0.94288337230682373 0.02822834812104702 1
      vertex -0.93763589859008789 0.10327036678791046 1
      vertex -0.94045734405517578 0.10269143432378769 1
    endloop
  endfacet
  facet normal 0 -0 1
    outer loop
      vertex -0.93763589859008789 0.10327036678791046 1
      vertex -0.94010478258132935 0.027268631383776665 1
      vertex -0.93475079536437988 0.10383404046297073 1
    endloop
  endfacet
  facet normal -0 0 1
    outer loop
      vertex -0.56280696392059326 -0.017075533047318459 1
      vertex -0.53105688095092773 0.092321909964084625 1
      vertex -0.57872051000595093 0.097982801496982574 1
    endloop
  endfacet
  facet normal 0 -0 1
    outer loop
      vertex -0.94590747356414795 0.10148835927248001 1
      vertex -0.94824457168579102 0.030166333541274071 1
      vertex -0.94321465492248535 0.10209738463163376 1
    endloop
  endfacet
  facet normal 0 -0 1
    outer loop
      vertex -0.94321465492248535 0.10209738463163376 1
      vertex -0.94559675455093384 0.029194317758083344 1
      vertex -0.94045734405517578 0.10269143432378769 1
    endloop
  endfacet
  facet normal 0 -0 1
    outer loop
      vertex -0.93726134300231934 0.026315368711948395 1
      vertex -0.93180239200592041 0.10438229888677597 1
      vertex -0.93475079536437988 0.10383404046297073 1
    endloop
  endfacet
  facet normal -0 0 1
    outer loop
      vertex -0.36480200290679932 0.068582497537136078 1
      vertex -0.45914435386657715 0.082727864384651184 1
      vertex -0.44208425283432007 -0.017951507121324539 1
    endloop
  endfacet
  facet normal 0 -0 1
    outer loop
      vertex -0.25422140955924988 0.050184987485408783 1
      vertex -0.36480200290679932 0.068582497537136078 1
      vertex -0.34756359457969666 -0.016705598682165146 1
    endloop
  endfacet
  facet normal -0 0 1
    outer loop
      vertex -0.94590747356414795 0.10148835927248001 1
      vertex -0.94853532314300537 0.10086452960968018 1
      vertex -0.95082640647888184 0.031144188717007637 1
    endloop
  endfacet
  facet normal -0 0 1
    outer loop
      vertex -0.93726134300231934 0.026315368711948395 1
      vertex -0.92571747303009033 0.10543203353881836 1
      vertex -0.93180239200592041 0.10438229888677597 1
    endloop
  endfacet
  facet normal -0 0 1
    outer loop
      vertex -0.45914435386657715 0.082727864384651184 1
      vertex -0.53105688095092773 0.092321909964084625 1
      vertex -0.51457321643829346 -0.017812794074416161 1
    endloop
  endfacet
  facet normal 0 0 1
    outer loop
      vertex -0.25422140955924988 0.050184987485408783 1
      vertex -0.23781031370162964 -0.013597346842288971 1
      vertex -0.12435263395309448 0.026385575532913208 1
    endloop
  endfacet
  facet normal 0 -0 1
    outer loop
      vertex -0.95838987827301025 0.098224081099033356 1
      vertex -0.96273303031921387 0.036113917827606201 1
      vertex -0.95602548122406006 0.098905660212039948 1
    endloop
  endfacet
  facet normal -0 0 1
    outer loop
      vertex -0.95359468460083008 0.099573031067848206 1
      vertex -0.95602548122406006 0.098905660212039948 1
      vertex -0.96048653125762939 0.035109914839267731 1
    endloop
  endfacet
  facet normal 0 -0 1
    outer loop
      vertex -0.96068745851516724 0.097528442740440369 1
      vertex -0.9629179835319519 0.096818894147872925 1
      vertex -0.96491146087646484 0.03712255135178566 1
    endloop
  endfacet
  facet normal -0 0 1
    outer loop
      vertex -0.95838987827301025 0.098224081099033356 1
      vertex -0.96068745851516724 0.097528442740440369 1
      vertex -0.96491146087646484 0.03712255135178566 1
    endloop
  endfacet
  facet normal 0 -0 1
    outer loop
      vertex -0.95359468460083008 0.099573031067848206 1
      vertex -0.9581722617149353 0.034110739827156067 1
      vertex -0.95109784603118896 0.10022603720426559 1
    endloop
  endfacet
  facet normal 0 -0 1
    outer loop
      vertex -0.96717643737792969 0.095358654856681824 1
      vertex -0.9692036509513855 0.094608262181282043 1
      vertex -0.97103530168533325 0.04017430916428566 1
    endloop
  endfacet
  facet normal -0 0 1
    outer loop
      vertex -0.97103530168533325 0.04017430916428566 1
      vertex -0.96508109569549561 0.096095576882362366 1
      vertex -0.96717643737792969 0.095358654856681824 1
    endloop
  endfacet
  facet normal -0 0 1
    outer loop
      vertex -0.97386384010314941 0.041713539510965347 1
      vertex -0.97019165754318237 0.094228066504001617 1
      vertex -0.97116255760192871 0.09384455531835556 1
    endloop
  endfacet
  facet normal 0 -0 1
    outer loop
      vertex -0.97386384010314941 0.041713539510965347 1
      vertex -0.9692036509513855 0.094608262181282043 1
      vertex -0.97019165754318237 0.094228066504001617 1
    endloop
  endfacet
  facet normal 0 -0 1
    outer loop
      vertex -0.96508109569549561 0.096095576882362366 1
      vertex -0.96702152490615845 0.038135625422000885 1
      vertex -0.9629179835319519 0.096818894147872925 1
    endloop
  endfacet
  facet normal 0 -0 1
    outer loop
      vertex -0.95109784603118896 0.10022603720426559 1
      vertex -0.95334184169769287 0.032127678394317627 1
      vertex -0.94853532314300537 0.10086452960968018 1
    endloop
  endfacet
  facet normal 0 0 1
    outer loop
      vertex -0.014451650902628899 0.0043241297826170921 1
      vertex -0.12435263395309448 0.026385575532913208 1
      vertex -0.11114437878131866 -0.0080148167908191681 1
    endloop
  endfacet
  facet normal -0 0 1
    outer loop
      vertex -0.97904980182647705 0.044815592467784882 1
      vertex -0.97575891017913818 0.091877952218055725 1
      vertex -0.97662633657455444 0.091474942862987518 1
    endloop
  endfacet
  facet normal 0 -0 1
    outer loop
      vertex -0.97575891017913818 0.091877952218055725 1
      vertex -0.97904980182647705 0.044815592467784882 1
      vertex -0.97487419843673706 0.092277750372886658 1
    endloop
  endfacet
  facet normal -0 0 1
    outer loop
      vertex -0.97830897569656372 0.090659372508525848 1
      vertex -0.98140549659729004 0.046377211809158325 1
      vertex -0.97747635841369629 0.091068744659423828 1
    endloop
  endfacet
  facet normal 0 -0 1
    outer loop
      vertex -0.97747635841369629 0.091068744659423828 1
      vertex -0.98063796758651733 0.045855946838855743 1
      vertex -0.97662633657455444 0.091474942862987518 1
    endloop
  endfacet
  facet normal -0 0 1
    outer loop
      vertex -0.9782293438911438 0.044296551495790482 1
      vertex -0.9739721417427063 0.092674329876899719 1
      vertex -0.97487419843673706 0.092277750372886658 1
    endloop
  endfacet
  facet normal -0 0 1
    outer loop
      vertex -0.98070228099822998 0.089412406086921692 1
      vertex -0.98360198736190796 0.047945126891136169 1
      vertex -0.97992199659347534 0.089831188321113586 1
    endloop
  endfacet
  facet normal 0 -0 1
    outer loop
      vertex -0.97912424802780151 0.09024684876203537 1
      vertex -0.97992199659347534 0.089831188321113586 1
      vertex -0.98288756608963013 0.047421824187040329 1
    endloop
  endfacet
  facet normal 0 -0 1
    outer loop
      vertex -0.98146504163742065 0.08899051696062088 1
      vertex -0.98221027851104736 0.088565543293952942 1
      vertex -0.98497742414474487 0.048993624746799469 1
    endloop
  endfacet
  facet normal 0 -0 1
    outer loop
      vertex -0.98070228099822998 0.089412406086921692 1
      vertex -0.98146504163742065 0.08899051696062088 1
      vertex -0.98429858684539795 0.048469066619873047 1
    endloop
  endfacet
  facet normal 0 -0 1
    outer loop
      vertex -0.98215538263320923 0.046899180859327316 1
      vertex -0.97830897569656372 0.090659372508525848 1
      vertex -0.97912424802780151 0.09024684876203537 1
    endloop
  endfacet
  facet normal -0 0 1
    outer loop
      vertex -0.9739721417427063 0.092674329876899719 1
      vertex -0.97739130258560181 0.043778292834758759 1
      vertex -0.97305285930633545 0.093067668378353119 1
    endloop
  endfacet
  facet normal -0 0 1
    outer loop
      vertex -0.98501533269882202 0.086835071444511414 1
      vertex -0.98751431703567505 0.05109763890504837 1
      vertex -0.98434048891067505 0.087272241711616516 1
    endloop
  endfacet
  facet normal 0 -0 1
    outer loop
      vertex -0.98364806175231934 0.087706394493579865 1
      vertex -0.98434048891067505 0.087272241711616516 1
      vertex -0.98690694570541382 0.050570804625749588 1
    endloop
  endfacet
  facet normal 0 -0 1
    outer loop
      vertex -0.9856724739074707 0.086394891142845154 1
      vertex -0.98631191253662109 0.085951708257198334 1
      vertex -0.98867535591125488 0.052152853459119797 1
    endloop
  endfacet
  facet normal -0 0 1
    outer loop
      vertex -0.98501533269882202 0.086835071444511414 1
      vertex -0.9856724739074707 0.086394891142845154 1
      vertex -0.98751431703567505 0.05109763890504837 1
    endloop
  endfacet
  facet normal 0 -0 1
    outer loop
      vertex -0.98364806175231934 0.087706394493579865 1
      vertex -0.9862816333770752 0.050044510513544083 1
      vertex -0.98293799161911011 0.088137492537498474 1
    endloop
  endfacet
  facet normal 0 -0 1
    outer loop
      vertex -0.98753762245178223 0.085056424140930176 1
      vertex -0.98812383413314819 0.084604345262050629 1
      vertex -0.99028211832046509 0.053739279508590698 1
    endloop
  endfacet
  facet normal 0 -0 1
    outer loop
      vertex -0.98976457118988037 0.053210016340017319 1
      vertex -0.98693364858627319 0.085505545139312744 1
      vertex -0.98753762245178223 0.085056424140930176 1
    endloop
  endfacet
  facet normal -0 0 1
    outer loop
      vertex -0.99126327037811279 0.054799102246761322 1
      vertex -0.98869228363037109 0.084149323403835297 1
      vertex -0.98924291133880615 0.08369138091802597 1
    endloop
  endfacet
  facet normal 0 -0 1
    outer loop
      vertex -0.99078172445297241 0.054268982261419296 1
      vertex -0.98812383413314819 0.084604345262050629 1
      vertex -0.98869228363037109 0.084149323403835297 1
    endloop
  endfacet
  facet normal -0 0 1
    outer loop
      vertex -0.98693364858627319 0.085505545139312744 1
      vertex -0.98867535591125488 0.052152853459119797 1
      vertex -0.98631191253662109 0.085951708257198334 1
    endloop
  endfacet
  facet normal -0 0 1
    outer loop
      vertex -0.98293799161911011 0.088137492537498474 1
      vertex -0.98563843965530396 0.049518778920173645 1
      vertex -0.98221027851104736 0.088565543293952942 1
    endloop
  endfacet
  facet normal 0 -0 1
    outer loop
      vertex -0.97211629152297974 0.093457750976085663 1
      vertex -0.97305285930633545 0.093067668378353119 1
      vertex -0.97653567790985107 0.043260838836431503 1
    endloop
  endfacet
  facet normal 0 -0 1
    outer loop
      vertex -0.99172872304916382 0.081357583403587341 1
      vertex -0.99300873279571533 0.056923467665910721 1
      vertex -0.99126708507537842 0.081830613315105438 1
    endloop
  endfacet
  facet normal 0 -0 1
    outer loop
      vertex -0.99126708507537842 0.081830613315105438 1
      vertex -0.99259954690933228 0.056391824036836624 1
      vertex -0.99078786373138428 0.082300126552581787 1
    endloop
  endfacet
  facet normal 0 -0 1
    outer loop
      vertex -0.99217450618743896 0.08087775856256485 1
      vertex -0.99260628223419189 0.080387212336063385 1
      vertex -0.99377471208572388 0.057993341237306595 1
    endloop
  endfacet
  facet normal 0 -0 1
    outer loop
      vertex -0.99217450618743896 0.08087775856256485 1
      vertex -0.99340009689331055 0.057456150650978088 1
      vertex -0.99172872304916382 0.081357583403587341 1
    endloop
  endfacet
  facet normal -0 0 1
    outer loop
      vertex -0.99078786373138428 0.082300126552581787 1
      vertex -0.99217218160629272 0.05586053803563118 1
      vertex -0.99029070138931274 0.08276677131652832 1
    endloop
  endfacet
  facet normal -0 0 1
    outer loop
      vertex -0.99481242895126343 0.059673629701137543 1
      vertex -0.99343591928482056 0.079358242452144623 1
      vertex -0.99383777379989624 0.078811950981616974 1
    endloop
  endfacet
  facet normal 0 -0 1
    outer loop
      vertex -0.99302613735198975 0.079882018268108368 1
      vertex -0.99343591928482056 0.079358242452144623 1
      vertex -0.9944794774055481 0.059097912162542343 1
    endloop
  endfacet
  facet normal 0 -0 1
    outer loop
      vertex -0.99513429403305054 0.0602705217897892 1
      vertex -0.99383777379989624 0.078811950981616974 1
      vertex -0.99423348903656006 0.078239217400550842 1
    endloop
  endfacet
  facet normal 0 -0 1
    outer loop
      vertex -0.99462515115737915 0.077636115252971649 1
      vertex -0.99544650316238403 0.060892760753631592 1
      vertex -0.99423348903656006 0.078239217400550842 1
    endloop
  endfacet
  facet normal 0 -0 1
    outer loop
      vertex -0.99260628223419189 0.080387212336063385 1
      vertex -0.99302613735198975 0.079882018268108368 1
      vertex -0.99413406848907471 0.058539204299449921 1
    endloop
  endfacet
  facet normal -0 0 1
    outer loop
      vertex -0.98977577686309814 0.083230525255203247 1
      vertex -0.99029070138931274 0.08276677131652832 1
      vertex -0.99172675609588623 0.05532962828874588 1
    endloop
  endfacet
  facet normal 0 -0 1
    outer loop
      vertex -0.99578046798706055 0.075526691973209381 1
      vertex -0.9966009259223938 0.06379418820142746 1
      vertex -0.99539977312088013 0.076299786567687988 1
    endloop
  endfacet
  facet normal 0 -0 1
    outer loop
      vertex -0.99501419067382812 0.076995797455310822 1
      vertex -0.99539977312088013 0.076299786567687988 1
      vertex -0.99633145332336426 0.062975630164146423 1
    endloop
  endfacet
  facet normal 0 -0 1
    outer loop
      vertex -0.9961550235748291 0.074655137956142426 1
      vertex -0.99685049057006836 0.064709387719631195 1
      vertex -0.99578046798706055 0.075526691973209381 1
    endloop
  endfacet
  facet normal -0 0 1
    outer loop
      vertex -0.99696654081344604 0.06520979106426239 1
      vertex -0.9961550235748291 0.074655137956142426 1
      vertex -0.99633955955505371 0.074175752699375153 1
    endloop
  endfacet
  facet normal -0 0 1
    outer loop
      vertex -0.99652200937271118 0.073663726449012756 1
      vertex -0.99707597494125366 0.065742224454879761 1
      vertex -0.99633955955505371 0.074175752699375153 1
    endloop
  endfacet
  facet normal 0 -0 1
    outer loop
      vertex -0.99670225381851196 0.073116391897201538 1
      vertex -0.99707597494125366 0.065742224454879761 1
      vertex -0.99652200937271118 0.073663726449012756 1
    endloop
  endfacet
  facet normal 0 -0 1
    outer loop
      vertex -0.99501419067382812 0.076995797455310822 1
      vertex -0.99575042724609375 0.061544507741928101 1
      vertex -0.99462515115737915 0.077636115252971649 1
    endloop
  endfacet
  facet normal 0 -0 1
    outer loop
      vertex -0.99717825651168823 0.066309317946434021 1
      vertex -0.99670225381851196 0.073116391897201538 1
      vertex -0.99688011407852173 0.072531066834926605 1
    endloop
  endfacet
  facet normal 0 -0 1
    outer loop
      vertex -0.99688011407852173 0.072531066834926605 1
      vertex -0.99705535173416138 0.071905091404914856 1
      vertex -0.99727290868759155 0.066913694143295288 1
    endloop
  endfacet
  facet normal 0 -0 1
    outer loop
      vertex -0.99705535173416138 0.071905091404914856 1
      vertex -0.99722790718078613 0.071235783398151398 1
      vertex -0.99735933542251587 0.067557975649833679 1
    endloop
  endfacet
  facet normal 0 -0 1
    outer loop
      vertex -0.99739754199981689 0.070520468056201935 1
      vertex -0.99743705987930298 0.068244777619838715 1
      vertex -0.99722790718078613 0.071235783398151398 1
    endloop
  endfacet
  facet normal 0 -0 1
    outer loop
      vertex -0.98924291133880615 0.08369138091802597 1
      vertex -0.98977577686309814 0.083230525255203247 1
      vertex -0.99126327037811279 0.054799102246761322 1
    endloop
  endfacet
  facet normal 0 -0 1
    outer loop
      vertex -0.97116255760192871 0.09384455531835556 1
      vertex -0.97211629152297974 0.093457750976085663 1
      vertex -0.97566252946853638 0.042744211852550507 1
    endloop
  endfacet
  facet normal 0 -0 1
    outer loop
      vertex -8.7893160525709391e-05 -0.0012569307582452893 1
      vertex 8.7893160525709391e-05 0.0012569307582452893 1
      vertex -0.014451650902628899 0.0043241297826170921 1
    endloop
  endfacet
  facet normal -0 0 1
    outer loop
      vertex -0.23781031370162964 -0.013597346842288971 1
      vertex -0.11114437878131866 -0.0080148167908191681 1
      vertex -0.12435263395309448 0.026385575532913208 1
    endloop
  endfacet
  facet normal -0 0 1
    outer loop
      vertex -0.94559675455093384 0.029194317758083344 1
      vertex -0.94321465492248535 0.10209738463163376 1
      vertex -0.94824457168579102 0.030166333541274071 1
    endloop
  endfacet
  facet normal 0 -0 1
    outer loop
      vertex -0.36480200290679932 0.068582497537136078 1
      vertex -0.44208425283432007 -0.017951507121324539 1
      vertex -0.34756359457969666 -0.016705598682165146 1
    endloop
  endfacet
  facet normal 0 -0 1
    outer loop
      vertex -0.25422140955924988 0.050184987485408783 1
      vertex -0.34756359457969666 -0.016705598682165146 1
      vertex -0.23781031370162964 -0.013597346842288971 1
    endloop
  endfacet
  facet normal 0 -0 1
    outer loop
      vertex -0.94590747356414795 0.10148835927248001 1
      vertex -0.95082640647888184 0.031144188717007637 1
      vertex -0.94824457168579102 0.030166333541274071 1
    endloop
  endfacet
  facet normal -0 0 1
    outer loop
      vertex -0.93138176202774048 0.024428999051451683 1
      vertex -0.92571747303009033 0.10543203353881836 1
      vertex -0.93726134300231934 0.026315368711948395 1
    endloop
  endfacet
  facet normal 0 -0 1
    outer loop
      vertex -0.94010478258132935 0.027268631383776665 1
      vertex -0.93726134300231934 0.026315368711948395 1
      vertex -0.93475079536437988 0.10383404046297073 1
    endloop
  endfacet
  facet normal -0 -0 1
    outer loop
      vertex -0.44208425283432007 -0.017951507121324539 1
      vertex -0.45914435386657715 0.082727864384651184 1
      vertex -0.51457321643829346 -0.017812794074416161 1
    endloop
  endfacet
  facet normal 0 -0 1
    outer loop
      vertex -0.94288337230682373 0.02822834812104702 1
      vertex -0.94045734405517578 0.10269143432378769 1
      vertex -0.94559675455093384 0.029194317758083344 1
    endloop
  endfacet
  facet normal 0 -0 1
    outer loop
      vertex -0.94010478258132935 0.027268631383776665 1
      vertex -0.93763589859008789 0.10327036678791046 1
      vertex -0.94288337230682373 0.02822834812104702 1
    endloop
  endfacet
  facet normal 0 -0 1
    outer loop
      vertex -0.93138176202774048 0.024428999051451683 1
      vertex -0.92524802684783936 0.022570841014385223 1
      vertex -0.91938483715057373 0.10641845315694809 1
    endloop
  endfacet
  facet normal 0 -0 1
    outer loop
      vertex -0.96702152490615845 0.038135625422000885 1
      vertex -0.96508109569549561 0.096095576882362366 1
      vertex -0.9690629243850708 0.039152942597866058 1
    endloop
  endfacet
  facet normal 0 -0 1
    outer loop
      vertex -0.97103530168533325 0.04017430916428566 1
      vertex -0.9690629243850708 0.039152942597866058 1
      vertex -0.96508109569549561 0.096095576882362366 1
    endloop
  endfacet
  facet normal -0 0 1
    outer loop
      vertex -0.97386384010314941 0.041713539510965347 1
      vertex -0.97293835878372192 0.041199535131454468 1
      vertex -0.9692036509513855 0.094608262181282043 1
    endloop
  endfacet
  facet normal 0 -0 1
    outer loop
      vertex -0.97103530168533325 0.04017430916428566 1
      vertex -0.9692036509513855 0.094608262181282043 1
      vertex -0.97293835878372192 0.041199535131454468 1
    endloop
  endfacet
  facet normal -0 0 1
    outer loop
      vertex -0.96491146087646484 0.03712255135178566 1
      vertex -0.9629179835319519 0.096818894147872925 1
      vertex -0.96702152490615845 0.038135625422000885 1
    endloop
  endfacet
  facet normal -0 0 1
    outer loop
      vertex -0.9581722617149353 0.034110739827156067 1
      vertex -0.95579057931900024 0.033116593956947327 1
      vertex -0.95109784603118896 0.10022603720426559 1
    endloop
  endfacet
  facet normal 0 -0 1
    outer loop
      vertex -0.95359468460083008 0.099573031067848206 1
      vertex -0.96048653125762939 0.035109914839267731 1
      vertex -0.9581722617149353 0.034110739827156067 1
    endloop
  endfacet
  facet normal 0 -0 1
    outer loop
      vertex -0.96491146087646484 0.03712255135178566 1
      vertex -0.96273303031921387 0.036113917827606201 1
      vertex -0.95838987827301025 0.098224081099033356 1
    endloop
  endfacet
  facet normal 0 -0 1
    outer loop
      vertex -0.96273303031921387 0.036113917827606201 1
      vertex -0.96048653125762939 0.035109914839267731 1
      vertex -0.95602548122406006 0.098905660212039948 1
    endloop
  endfacet
  facet normal -0 0 1
    outer loop
      vertex -0.95334184169769287 0.032127678394317627 1
      vertex -0.95109784603118896 0.10022603720426559 1
      vertex -0.95579057931900024 0.033116593956947327 1
    endloop
  endfacet
  facet normal 0 -0 1
    outer loop
      vertex -0.95334184169769287 0.032127678394317627 1
      vertex -0.95082640647888184 0.031144188717007637 1
      vertex -0.94853532314300537 0.10086452960968018 1
    endloop
  endfacet
  facet normal -0 0 1
    outer loop
      vertex -0.97386384010314941 0.041713539510965347 1
      vertex -0.97116255760192871 0.09384455531835556 1
      vertex -0.97477191686630249 0.042228437960147858 1
    endloop
  endfacet
  facet normal 0 0 1
    outer loop
      vertex -0.61043506860733032 -0.015740411356091499 1
      vertex -0.56280696392059326 -0.017075533047318459 1
      vertex -0.57872051000595093 0.097982801496982574 1
    endloop
  endfacet
  facet normal 0 0 1
    outer loop
      vertex -0.65700751543045044 -0.013743536546826363 1
      vertex -0.61043506860733032 -0.015740411356091499 1
      vertex -0.62564843893051147 0.10290316492319107 1
    endloop
  endfacet
  facet normal -0 0 1
    outer loop
      vertex -0.80549073219299316 -0.00093849404947832227 1
      vertex -0.79752111434936523 0.11303199827671051 1
      vertex -0.82418817281723022 0.0016501635545864701 1
    endloop
  endfacet
  facet normal -0 -0 1
    outer loop
      vertex -0.65700751543045044 -0.013743536546826363 1
      vertex -0.67140758037567139 0.10696276277303696 1
      vertex -0.67975980043411255 -0.012479935772716999 1
    endloop
  endfacet
  facet normal -0 -0 1
    outer loop
      vertex -0.67975980043411255 -0.012479935772716999 1
      vertex -0.69371634721755981 0.10863614082336426 1
      vertex -0.70208436250686646 -0.011032243259251118 1
    endloop
  endfacet
  facet normal 0 -0 1
    outer loop
      vertex -0.81639689207077026 0.11307071894407272 1
      vertex -0.84211832284927368 0.0044211908243596554 1
      vertex -0.82418817281723022 0.0016501635545864701 1
    endloop
  endfacet
  facet normal -0 0 1
    outer loop
      vertex -0.71557551622390747 0.11005636304616928 1
      vertex -0.74524050951004028 -0.0075698047876358032 1
      vertex -0.72392845153808594 -0.0093964431434869766 1
    endloop
  endfacet
  facet normal 0 0 1
    outer loop
      vertex -0.75774359703063965 0.11209937185049057 1
      vertex -0.76597046852111816 -0.0055509041994810104 1
      vertex -0.74524050951004028 -0.0075698047876358032 1
    endloop
  endfacet
  facet normal 0 -0 1
    outer loop
      vertex -0.80549073219299316 -0.00093849404947832227 1
      vertex -0.78606963157653809 -0.0033399062231183052 1
      vertex -0.7779548168182373 0.11270715296268463 1
    endloop
  endfacet
  facet normal -0 -0 1
    outer loop
      vertex -0.78606963157653809 -0.0033399062231183052 1
      vertex -0.76597046852111816 -0.0055509041994810104 1
      vertex -0.7779548168182373 0.11270715296268463 1
    endloop
  endfacet
  facet normal 0 -0 1
    outer loop
      vertex -0.70208436250686646 -0.011032243259251118 1
      vertex -0.69371634721755981 0.10863614082336426 1
      vertex -0.72392845153808594 -0.0093964431434869766 1
    endloop
  endfacet
  facet normal 0 0 1
    outer loop
      vertex -0.9053579568862915 0.017181530594825745 1
      vertex -0.89824438095092773 0.015451894141733646 1
      vertex -0.89893823862075806 0.10898715257644653 1
    endloop
  endfacet
  facet normal 0 -0 1
    outer loop
      vertex -0.89893823862075806 0.10898715257644653 1
      vertex -0.91223233938217163 0.018945559859275818 1
      vertex -0.9053579568862915 0.017181530594825745 1
    endloop
  endfacet
  facet normal -0 0 1
    outer loop
      vertex -0.92524802684783936 0.022570841014385223 1
      vertex -0.91886365413665771 0.020742500200867653 1
      vertex -0.9128081202507019 0.10734046995639801 1
    endloop
  endfacet
  facet normal 0 0 1
    outer loop
      vertex -0.91886365413665771 0.020742500200867653 1
      vertex -0.91223233938217163 0.018945559859275818 1
      vertex -0.9128081202507019 0.10734046995639801 1
    endloop
  endfacet
  facet normal 0 -0 1
    outer loop
      vertex -0.89824438095092773 0.015451894141733646 1
      vertex -0.89089590311050415 0.013758104294538498 1
      vertex -0.88414055109024048 0.11036453396081924 1
    endloop
  endfacet
  facet normal 0 0 1
    outer loop
      vertex -0.86028087139129639 0.11191163212060928 1
      vertex -0.86748373508453369 0.008905438706278801 1
      vertex -0.85923928022384644 0.0073682521469891071 1
    endloop
  endfacet
  facet normal -0 0 1
    outer loop
      vertex -0.86748373508453369 0.008905438706278801 1
      vertex -0.86028087139129639 0.11191163212060928 1
      vertex -0.87551110982894897 0.010483605787158012 1
    endloop
  endfacet
  facet normal 0 0 1
    outer loop
      vertex -0.88414055109024048 0.11036453396081924 1
      vertex -0.89089590311050415 0.013758104294538498 1
      vertex -0.88331669569015503 0.012101576663553715 1
    endloop
  endfacet
  facet normal 0 0 1
    outer loop
      vertex -0.8764045238494873 0.11095011234283447 1
      vertex -0.88331669569015503 0.012101576663553715 1
      vertex -0.87551110982894897 0.010483605787158012 1
    endloop
  endfacet
  facet normal -0 -0 1
    outer loop
      vertex -0.85923928022384644 0.0073682521469891071 1
      vertex -0.85078251361846924 0.0058731706812977791 1
      vertex -0.85190272331237793 0.11228645592927933 1
    endloop
  endfacet
  facet normal 0 0 1
    outer loop
      vertex -0.84332013130187988 0.11259002238512039 1
      vertex -0.85078251361846924 0.0058731706812977791 1
      vertex -0.84211832284927368 0.0044211908243596554 1
    endloop
  endfacet
  facet normal -0 -0 1
    outer loop
      vertex -0.51457321643829346 -0.017812794074416161 1
      vertex -0.53105688095092773 0.092321909964084625 1
      vertex -0.56280696392059326 -0.017075533047318459 1
    endloop
  endfacet
  facet normal 0 -0 1
    outer loop
      vertex -0.9944794774055481 0.059097912162542343 1
      vertex -0.99413406848907471 0.058539204299449921 1
      vertex -0.99302613735198975 0.079882018268108368 1
    endloop
  endfacet
  facet normal 0 -0 1
    outer loop
      vertex -0.99481242895126343 0.059673629701137543 1
      vertex -0.9944794774055481 0.059097912162542343 1
      vertex -0.99343591928482056 0.079358242452144623 1
    endloop
  endfacet
  facet normal -0 0 1
    outer loop
      vertex -0.99513429403305054 0.0602705217897892 1
      vertex -0.99423348903656006 0.078239217400550842 1
      vertex -0.99544650316238403 0.060892760753631592 1
    endloop
  endfacet
  facet normal -0 0 1
    outer loop
      vertex -0.99481242895126343 0.059673629701137543 1
      vertex -0.99383777379989624 0.078811950981616974 1
      vertex -0.99513429403305054 0.0602705217897892 1
    endloop
  endfacet
  facet normal -0 0 1
    outer loop
      vertex -0.99377471208572388 0.057993341237306595 1
      vertex -0.99260628223419189 0.080387212336063385 1
      vertex -0.99413406848907471 0.058539204299449921 1
    endloop
  endfacet
  facet normal 0 -0 1
    outer loop
      vertex -0.99078786373138428 0.082300126552581787 1
      vertex -0.99259954690933228 0.056391824036836624 1
      vertex -0.99217218160629272 0.05586053803563118 1
    endloop
  endfacet
  facet normal -0 0 1
    outer loop
      vertex -0.99126708507537842 0.081830613315105438 1
      vertex -0.99300873279571533 0.056923467665910721 1
      vertex -0.99259954690933228 0.056391824036836624 1
    endloop
  endfacet
  facet normal -0 0 1
    outer loop
      vertex -0.99217450618743896 0.08087775856256485 1
      vertex -0.99377471208572388 0.057993341237306595 1
      vertex -0.99340009689331055 0.057456150650978088 1
    endloop
  endfacet
  facet normal 0 -0 1
    outer loop
      vertex -0.99340009689331055 0.057456150650978088 1
      vertex -0.99300873279571533 0.056923467665910721 1
      vertex -0.99172872304916382 0.081357583403587341 1
    endloop
  endfacet
  facet normal -0 0 1
    outer loop
      vertex -0.99172675609588623 0.05532962828874588 1
      vertex -0.99029070138931274 0.08276677131652832 1
      vertex -0.99217218160629272 0.05586053803563118 1
    endloop
  endfacet
  facet normal -0 0 1
    outer loop
      vertex -0.99575042724609375 0.061544507741928101 1
      vertex -0.99544650316238403 0.060892760753631592 1
      vertex -0.99462515115737915 0.077636115252971649 1
    endloop
  endfacet
  facet normal -0 0 1
    outer loop
      vertex -0.99717825651168823 0.066309317946434021 1
      vertex -0.99707597494125366 0.065742224454879761 1
      vertex -0.99670225381851196 0.073116391897201538 1
    endloop
  endfacet
  facet normal -0 0 1
    outer loop
      vertex -0.99688011407852173 0.072531066834926605 1
      vertex -0.99727290868759155 0.066913694143295288 1
      vertex -0.99717825651168823 0.066309317946434021 1
    endloop
  endfacet
  facet normal 0 -0 1
    outer loop
      vertex -0.99722790718078613 0.071235783398151398 1
      vertex -0.99743705987930298 0.068244777619838715 1
      vertex -0.99735933542251587 0.067557975649833679 1
    endloop
  endfacet
  facet normal 0 -0 1
    outer loop
      vertex -0.99735933542251587 0.067557975649833679 1
      vertex -0.99727290868759155 0.066913694143295288 1
      vertex -0.99705535173416138 0.071905091404914856 1
    endloop
  endfacet
  facet normal -0 0 1
    outer loop
      vertex -0.99743705987930298 0.068244777619838715 1
      vertex -0.99739754199981689 0.070520468056201935 1
      vertex -0.99756407737731934 0.069756470620632172 1
    endloop
  endfacet
  facet normal -0 0 1
    outer loop
      vertex -0.99604654312133789 0.062232736498117447 1
      vertex -0.99501419067382812 0.076995797455310822 1
      vertex -0.99633145332336426 0.062975630164146423 1
    endloop
  endfacet
  facet normal -0 0 1
    outer loop
      vertex -0.9966009259223938 0.06379418820142746 1
      vertex -0.99633145332336426 0.062975630164146423 1
      vertex -0.99539977312088013 0.076299786567687988 1
    endloop
  endfacet
  facet normal 0 -0 1
    outer loop
      vertex -0.9961550235748291 0.074655137956142426 1
      vertex -0.99696654081344604 0.06520979106426239 1
      vertex -0.99685049057006836 0.064709387719631195 1
    endloop
  endfacet
  facet normal -0 0 1
    outer loop
      vertex -0.99685049057006836 0.064709387719631195 1
      vertex -0.9966009259223938 0.06379418820142746 1
      vertex -0.99578046798706055 0.075526691973209381 1
    endloop
  endfacet
  facet normal -0 0 1
    outer loop
      vertex -0.99633955955505371 0.074175752699375153 1
      vertex -0.99707597494125366 0.065742224454879761 1
      vertex -0.99696654081344604 0.06520979106426239 1
    endloop
  endfacet
  facet normal 0 -0 1
    outer loop
      vertex -0.99501419067382812 0.076995797455310822 1
      vertex -0.99604654312133789 0.062232736498117447 1
      vertex -0.99575042724609375 0.061544507741928101 1
    endloop
  endfacet
  facet normal -0 0 1
    outer loop
      vertex -0.99172675609588623 0.05532962828874588 1
      vertex -0.99126327037811279 0.054799102246761322 1
      vertex -0.98977577686309814 0.083230525255203247 1
    endloop
  endfacet
  facet normal 0 -0 1
    outer loop
      vertex -0.98215538263320923 0.046899180859327316 1
      vertex -0.98140549659729004 0.046377211809158325 1
      vertex -0.97830897569656372 0.090659372508525848 1
    endloop
  endfacet
  facet normal -0 0 1
    outer loop
      vertex -0.97912424802780151 0.09024684876203537 1
      vertex -0.98288756608963013 0.047421824187040329 1
      vertex -0.98215538263320923 0.046899180859327316 1
    endloop
  endfacet
  facet normal -0 0 1
    outer loop
      vertex -0.98070228099822998 0.089412406086921692 1
      vertex -0.98429858684539795 0.048469066619873047 1
      vertex -0.98360198736190796 0.047945126891136169 1
    endloop
  endfacet
  facet normal 0 -0 1
    outer loop
      vertex -0.98360198736190796 0.047945126891136169 1
      vertex -0.98288756608963013 0.047421824187040329 1
      vertex -0.97992199659347534 0.089831188321113586 1
    endloop
  endfacet
  facet normal 0 -0 1
    outer loop
      vertex -0.98140549659729004 0.046377211809158325 1
      vertex -0.98063796758651733 0.045855946838855743 1
      vertex -0.97747635841369629 0.091068744659423828 1
    endloop
  endfacet
  facet normal 0 -0 1
    outer loop
      vertex -0.9739721417427063 0.092674329876899719 1
      vertex -0.9782293438911438 0.044296551495790482 1
      vertex -0.97739130258560181 0.043778292834758759 1
    endloop
  endfacet
  facet normal -0 0 1
    outer loop
      vertex -0.9782293438911438 0.044296551495790482 1
      vertex -0.97487419843673706 0.092277750372886658 1
      vertex -0.97904980182647705 0.044815592467784882 1
    endloop
  endfacet
  facet normal 0 -0 1
    outer loop
      vertex -0.97662633657455444 0.091474942862987518 1
      vertex -0.98063796758651733 0.045855946838855743 1
      vertex -0.97985267639160156 0.045335397124290466 1
    endloop
  endfacet
  facet normal 0 -0 1
    outer loop
      vertex -0.97662633657455444 0.091474942862987518 1
      vertex -0.97985267639160156 0.045335397124290466 1
      vertex -0.97904980182647705 0.044815592467784882 1
    endloop
  endfacet
  facet normal -0 0 1
    outer loop
      vertex -0.97739130258560181 0.043778292834758759 1
      vertex -0.97653567790985107 0.043260838836431503 1
      vertex -0.97305285930633545 0.093067668378353119 1
    endloop
  endfacet
  facet normal 0 -0 1
    outer loop
      vertex -0.98497742414474487 0.048993624746799469 1
      vertex -0.98429858684539795 0.048469066619873047 1
      vertex -0.98146504163742065 0.08899051696062088 1
    endloop
  endfacet
  facet normal 0 -0 1
    outer loop
      vertex -0.98693364858627319 0.085505545139312744 1
      vertex -0.98976457118988037 0.053210016340017319 1
      vertex -0.98922896385192871 0.052681200206279755 1
    endloop
  endfacet
  facet normal 0 -0 1
    outer loop
      vertex -0.98976457118988037 0.053210016340017319 1
      vertex -0.98753762245178223 0.085056424140930176 1
      vertex -0.99028211832046509 0.053739279508590698 1
    endloop
  endfacet
  facet normal 0 -0 1
    outer loop
      vertex -0.98869228363037109 0.084149323403835297 1
      vertex -0.99126327037811279 0.054799102246761322 1
      vertex -0.99078172445297241 0.054268982261419296 1
    endloop
  endfacet
  facet normal 0 -0 1
    outer loop
      vertex -0.98812383413314819 0.084604345262050629 1
      vertex -0.99078172445297241 0.054268982261419296 1
      vertex -0.99028211832046509 0.053739279508590698 1
    endloop
  endfacet
  facet normal 0 -0 1
    outer loop
      vertex -0.98693364858627319 0.085505545139312744 1
      vertex -0.98922896385192871 0.052681200206279755 1
      vertex -0.98867535591125488 0.052152853459119797 1
    endloop
  endfacet
  facet normal -0 0 1
    outer loop
      vertex -0.9862816333770752 0.050044510513544083 1
      vertex -0.98364806175231934 0.087706394493579865 1
      vertex -0.98690694570541382 0.050570804625749588 1
    endloop
  endfacet
  facet normal 0 -0 1
    outer loop
      vertex -0.98751431703567505 0.05109763890504837 1
      vertex -0.98690694570541382 0.050570804625749588 1
      vertex -0.98434048891067505 0.087272241711616516 1
    endloop
  endfacet
  facet normal -0 0 1
    outer loop
      vertex -0.98810380697250366 0.051624994724988937 1
      vertex -0.9856724739074707 0.086394891142845154 1
      vertex -0.98867535591125488 0.052152853459119797 1
    endloop
  endfacet
  facet normal -0 0 1
    outer loop
      vertex -0.98751431703567505 0.05109763890504837 1
      vertex -0.9856724739074707 0.086394891142845154 1
      vertex -0.98810380697250366 0.051624994724988937 1
    endloop
  endfacet
  facet normal 0 -0 1
    outer loop
      vertex -0.98293799161911011 0.088137492537498474 1
      vertex -0.9862816333770752 0.050044510513544083 1
      vertex -0.98563843965530396 0.049518778920173645 1
    endloop
  endfacet
  facet normal -0 0 1
    outer loop
      vertex -0.98497742414474487 0.048993624746799469 1
      vertex -0.98221027851104736 0.088565543293952942 1
      vertex -0.98563843965530396 0.049518778920173645 1
    endloop
  endfacet
  facet normal -0 0 1
    outer loop
      vertex -0.97653567790985107 0.043260838836431503 1
      vertex -0.97566252946853638 0.042744211852550507 1
      vertex -0.97211629152297974 0.093457750976085663 1
    endloop
  endfacet
  facet normal -0 0 1
    outer loop
      vertex -0.97116255760192871 0.09384455531835556 1
      vertex -0.97566252946853638 0.042744211852550507 1
      vertex -0.97477191686630249 0.042228437960147858 1
    endloop
  endfacet
  facet normal 0 -0 1
    outer loop
      vertex -8.7893160525709391e-05 -0.0012569307582452893 1
      vertex -0.014451650902628899 0.0043241297826170921 1
      vertex -0.11114437878131866 -0.0080148167908191681 1
    endloop
  endfacet
  facet normal 0 0 -1
    outer loop
      vertex -0.7779548168182373 0.11270715296268463 -1
      vertex -0.75774359703063965 0.11209937185049057 -1
      vertex -0.76597046852111816 -0.0055509041994810104 -1
    endloop
  endfacet
  facet normal -0 0 -1
    outer loop
      vertex -0.82418817281723022 0.0016501635545864701 -1
      vertex -0.81639689207077026 0.11307071894407272 -1
      vertex -0.79752111434936523 0.11303199827671051 -1
    endloop
  endfacet
  facet normal -0 0 -1
    outer loop
      vertex -0.80549073219299316 -0.00093849404947832227 -1
      vertex -0.79752111434936523 0.11303199827671051 -1
      vertex -0.7779548168182373 0.11270715296268463 -1
    endloop
  endfacet
  facet normal 0 0 -1
    outer loop
      vertex -0.7369343638420105 0.1112135723233223 -1
      vertex -0.74524050951004028 -0.0075698047876358032 -1
      vertex -0.75774359703063965 0.11209937185049057 -1
    endloop
  endfacet
  facet normal 0 0 -1
    outer loop
      vertex -0.71557551622390747 0.11005636304616928 -1
      vertex -0.69371634721755981 0.10863614082336426 -1
      vertex -0.72392845153808594 -0.0093964431434869766 -1
    endloop
  endfacet
  facet normal 0 0 -1
    outer loop
      vertex -0.69371634721755981 0.10863614082336426 -1
      vertex -0.67140758037567139 0.10696276277303696 -1
      vertex -0.67975980043411255 -0.012479935772716999 -1
    endloop
  endfacet
  facet normal 0 -0 -1
    outer loop
      vertex -0.84332013130187988 0.11259002238512039 -1
      vertex -0.83453816175460815 0.11282205581665039 -1
      vertex -0.84211832284927368 0.0044211908243596554 -1
    endloop
  endfacet
  facet normal -0 0 -1
    outer loop
      vertex -0.81639689207077026 0.11307071894407272 -1
      vertex -0.84211832284927368 0.0044211908243596554 -1
      vertex -0.83453816175460815 0.11282205581665039 -1
    endloop
  endfacet
  facet normal -0 0 -1
    outer loop
      vertex -0.65700751543045044 -0.013743536546826363 -1
      vertex -0.67140758037567139 0.10696276277303696 -1
      vertex -0.62564843893051147 0.10290316492319107 -1
    endloop
  endfacet
  facet normal 0 0 -1
    outer loop
      vertex -0.7369343638420105 0.1112135723233223 -1
      vertex -0.71557551622390747 0.11005636304616928 -1
      vertex -0.74524050951004028 -0.0075698047876358032 -1
    endloop
  endfacet
  facet normal -0 0 -1
    outer loop
      vertex -0.87551110982894897 0.010483605787158012 -1
      vertex -0.8764045238494873 0.11095011234283447 -1
      vertex -0.86844974756240845 0.11146602034568787 -1
    endloop
  endfacet
  facet normal -0 0 -1
    outer loop
      vertex -0.86844974756240845 0.11146602034568787 -1
      vertex -0.86028087139129639 0.11191163212060928 -1
      vertex -0.87551110982894897 0.010483605787158012 -1
    endloop
  endfacet
  facet normal 0 -0 -1
    outer loop
      vertex -0.89165323972702026 0.10970994085073471 -1
      vertex -0.88414055109024048 0.11036453396081924 -1
      vertex -0.89824438095092773 0.015451894141733646 -1
    endloop
  endfacet
  facet normal 0 -0 -1
    outer loop
      vertex -0.88414055109024048 0.11036453396081924 -1
      vertex -0.8764045238494873 0.11095011234283447 -1
      vertex -0.88331669569015503 0.012101576663553715 -1
    endloop
  endfacet
  facet normal -0 0 -1
    outer loop
      vertex -0.85923928022384644 0.0073682521469891071 -1
      vertex -0.86028087139129639 0.11191163212060928 -1
      vertex -0.85190272331237793 0.11228645592927933 -1
    endloop
  endfacet
  facet normal 0 -0 -1
    outer loop
      vertex -0.9128081202507019 0.10734046995639801 -1
      vertex -0.90599125623703003 0.10819701850414276 -1
      vertex -0.91223233938217163 0.018945559859275818 -1
    endloop
  endfacet
  facet normal 0 -0 -1
    outer loop
      vertex -0.89893823862075806 0.10898715257644653 -1
      vertex -0.91223233938217163 0.018945559859275818 -1
      vertex -0.90599125623703003 0.10819701850414276 -1
    endloop
  endfacet
  facet normal 0 -0 -1
    outer loop
      vertex -0.91938483715057373 0.10641845315694809 -1
      vertex -0.93138176202774048 0.024428999051451683 -1
      vertex -0.92571747303009033 0.10543203353881836 -1
    endloop
  endfacet
  facet normal 0 -0 -1
    outer loop
      vertex -0.9128081202507019 0.10734046995639801 -1
      vertex -0.92524802684783936 0.022570841014385223 -1
      vertex -0.91938483715057373 0.10641845315694809 -1
    endloop
  endfacet
  facet normal 0 -0 -1
    outer loop
      vertex -0.89824438095092773 0.015451894141733646 -1
      vertex -0.89893823862075806 0.10898715257644653 -1
      vertex -0.89165323972702026 0.10970994085073471 -1
    endloop
  endfacet
  facet normal 0 -0 -1
    outer loop
      vertex -0.85078251361846924 0.0058731706812977791 -1
      vertex -0.85190272331237793 0.11228645592927933 -1
      vertex -0.84332013130187988 0.11259002238512039 -1
    endloop
  endfacet
  facet normal 0 0 -1
    outer loop
      vertex -0.62564843893051147 0.10290316492319107 -1
      vertex -0.57872051000595093 0.097982801496982574 -1
      vertex -0.61043506860733032 -0.015740411356091499 -1
    endloop
  endfacet
  facet normal -0 0 -1
    outer loop
      vertex -0.94288337230682373 0.02822834812104702 -1
      vertex -0.94045734405517578 0.10269143432378769 -1
      vertex -0.93763589859008789 0.10327036678791046 -1
    endloop
  endfacet
  facet normal -0 0 -1
    outer loop
      vertex -0.93763589859008789 0.10327036678791046 -1
      vertex -0.93475079536437988 0.10383404046297073 -1
      vertex -0.94010478258132935 0.027268631383776665 -1
    endloop
  endfacet
  facet normal -0 0 -1
    outer loop
      vertex -0.56280696392059326 -0.017075533047318459 -1
      vertex -0.57872051000595093 0.097982801496982574 -1
      vertex -0.53105688095092773 0.092321909964084625 -1
    endloop
  endfacet
  facet normal -0 0 -1
    outer loop
      vertex -0.94590747356414795 0.10148835927248001 -1
      vertex -0.94321465492248535 0.10209738463163376 -1
      vertex -0.94824457168579102 0.030166333541274071 -1
    endloop
  endfacet
  facet normal 0 -0 -1
    outer loop
      vertex -0.94321465492248535 0.10209738463163376 -1
      vertex -0.94045734405517578 0.10269143432378769 -1
      vertex -0.94559675455093384 0.029194317758083344 -1
    endloop
  endfacet
  facet normal 0 -0 -1
    outer loop
      vertex -0.93726134300231934 0.026315368711948395 -1
      vertex -0.93475079536437988 0.10383404046297073 -1
      vertex -0.93180239200592041 0.10438229888677597 -1
    endloop
  endfacet
  facet normal 0 0 -1
    outer loop
      vertex -0.36480200290679932 0.068582497537136078 -1
      vertex -0.44208425283432007 -0.017951507121324539 -1
      vertex -0.45914435386657715 0.082727864384651184 -1
    endloop
  endfacet
  facet normal 0 -0 -1
    outer loop
      vertex -0.25422140955924988 0.050184987485408783 -1
      vertex -0.34756359457969666 -0.016705598682165146 -1
      vertex -0.36480200290679932 0.068582497537136078 -1
    endloop
  endfacet
  facet normal -0 0 -1
    outer loop
      vertex -0.94590747356414795 0.10148835927248001 -1
      vertex -0.95082640647888184 0.031144188717007637 -1
      vertex -0.94853532314300537 0.10086452960968018 -1
    endloop
  endfacet
  facet normal -0 0 -1
    outer loop
      vertex -0.93726134300231934 0.026315368711948395 -1
      vertex -0.93180239200592041 0.10438229888677597 -1
      vertex -0.92571747303009033 0.10543203353881836 -1
    endloop
  endfacet
  facet normal 0 0 -1
    outer loop
      vertex -0.45914435386657715 0.082727864384651184 -1
      vertex -0.51457321643829346 -0.017812794074416161 -1
      vertex -0.53105688095092773 0.092321909964084625 -1
    endloop
  endfacet
  facet normal 0 0 -1
    outer loop
      vertex -0.25422140955924988 0.050184987485408783 -1
      vertex -0.12435263395309448 0.026385575532913208 -1
      vertex -0.23781031370162964 -0.013597346842288971 -1
    endloop
  endfacet
  facet normal -0 0 -1
    outer loop
      vertex -0.95838987827301025 0.098224081099033356 -1
      vertex -0.95602548122406006 0.098905660212039948 -1
      vertex -0.96273303031921387 0.036113917827606201 -1
    endloop
  endfacet
  facet normal -0 0 -1
    outer loop
      vertex -0.95359468460083008 0.099573031067848206 -1
      vertex -0.96048653125762939 0.035109914839267731 -1
      vertex -0.95602548122406006 0.098905660212039948 -1
    endloop
  endfacet
  facet normal 0 -0 -1
    outer loop
      vertex -0.96068745851516724 0.097528442740440369 -1
      vertex -0.96491146087646484 0.03712255135178566 -1
      vertex -0.9629179835319519 0.096818894147872925 -1
    endloop
  endfacet
  facet normal -0 0 -1
    outer loop
      vertex -0.95838987827301025 0.098224081099033356 -1
      vertex -0.96491146087646484 0.03712255135178566 -1
      vertex -0.96068745851516724 0.097528442740440369 -1
    endloop
  endfacet
  facet normal -0 0 -1
    outer loop
      vertex -0.95359468460083008 0.099573031067848206 -1
      vertex -0.95109784603118896 0.10022603720426559 -1
      vertex -0.9581722617149353 0.034110739827156067 -1
    endloop
  endfacet
  facet normal 0 -0 -1
    outer loop
      vertex -0.96717643737792969 0.095358654856681824 -1
      vertex -0.97103530168533325 0.04017430916428566 -1
      vertex -0.9692036509513855 0.094608262181282043 -1
    endloop
  endfacet
  facet normal -0 0 -1
    outer loop
      vertex -0.97103530168533325 0.04017430916428566 -1
      vertex -0.96717643737792969 0.095358654856681824 -1
      vertex -0.96508109569549561 0.096095576882362366 -1
    endloop
  endfacet
  facet normal -0 0 -1
    outer loop
      vertex -0.97386384010314941 0.041713539510965347 -1
      vertex -0.97116255760192871 0.09384455531835556 -1
      vertex -0.97019165754318237 0.094228066504001617 -1
    endloop
  endfacet
  facet normal 0 -0 -1
    outer loop
      vertex -0.97386384010314941 0.041713539510965347 -1
      vertex -0.97019165754318237 0.094228066504001617 -1
      vertex -0.9692036509513855 0.094608262181282043 -1
    endloop
  endfacet
  facet normal -0 0 -1
    outer loop
      vertex -0.96508109569549561 0.096095576882362366 -1
      vertex -0.9629179835319519 0.096818894147872925 -1
      vertex -0.96702152490615845 0.038135625422000885 -1
    endloop
  endfacet
  facet normal -0 0 -1
    outer loop
      vertex -0.95109784603118896 0.10022603720426559 -1
      vertex -0.94853532314300537 0.10086452960968018 -1
      vertex -0.95334184169769287 0.032127678394317627 -1
    endloop
  endfacet
  facet normal 0 0 -1
    outer loop
      vertex -0.014451650902628899 0.0043241297826170921 -1
      vertex -0.11114437878131866 -0.0080148167908191681 -1
      vertex -0.12435263395309448 0.026385575532913208 -1
    endloop
  endfacet
  facet normal -0 0 -1
    outer loop
      vertex -0.97904980182647705 0.044815592467784882 -1
      vertex -0.97662633657455444 0.091474942862987518 -1
      vertex -0.97575891017913818 0.091877952218055725 -1
    endloop
  endfacet
  facet normal 0 -0 -1
    outer loop
      vertex -0.97575891017913818 0.091877952218055725 -1
      vertex -0.97487419843673706 0.092277750372886658 -1
      vertex -0.97904980182647705 0.044815592467784882 -1
    endloop
  endfacet
  facet normal -0 0 -1
    outer loop
      vertex -0.97830897569656372 0.090659372508525848 -1
      vertex -0.97747635841369629 0.091068744659423828 -1
      vertex -0.98140549659729004 0.046377211809158325 -1
    endloop
  endfacet
  facet normal 0 -0 -1
    outer loop
      vertex -0.97747635841369629 0.091068744659423828 -1
      vertex -0.97662633657455444 0.091474942862987518 -1
      vertex -0.98063796758651733 0.045855946838855743 -1
    endloop
  endfacet
  facet normal -0 0 -1
    outer loop
      vertex -0.9782293438911438 0.044296551495790482 -1
      vertex -0.97487419843673706 0.092277750372886658 -1
      vertex -0.9739721417427063 0.092674329876899719 -1
    endloop
  endfacet
  facet normal -0 0 -1
    outer loop
      vertex -0.98070228099822998 0.089412406086921692 -1
      vertex -0.97992199659347534 0.089831188321113586 -1
      vertex -0.98360198736190796 0.047945126891136169 -1
    endloop
  endfacet
  facet normal 0 -0 -1
    outer loop
      vertex -0.97912424802780151 0.09024684876203537 -1
      vertex -0.98288756608963013 0.047421824187040329 -1
      vertex -0.97992199659347534 0.089831188321113586 -1
    endloop
  endfacet
  facet normal 0 -0 -1
    outer loop
      vertex -0.98146504163742065 0.08899051696062088 -1
      vertex -0.98497742414474487 0.048993624746799469 -1
      vertex -0.98221027851104736 0.088565543293952942 -1
    endloop
  endfacet
  facet normal 0 -0 -1
    outer loop
      vertex -0.98070228099822998 0.089412406086921692 -1
      vertex -0.98429858684539795 0.048469066619873047 -1
      vertex -0.98146504163742065 0.08899051696062088 -1
    endloop
  endfacet
  facet normal 0 -0 -1
    outer loop
      vertex -0.98215538263320923 0.046899180859327316 -1
      vertex -0.97912424802780151 0.09024684876203537 -1
      vertex -0.97830897569656372 0.090659372508525848 -1
    endloop
  endfacet
  facet normal -0 0 -1
    outer loop
      vertex -0.9739721417427063 0.092674329876899719 -1
      vertex -0.97305285930633545 0.093067668378353119 -1
      vertex -0.97739130258560181 0.043778292834758759 -1
    endloop
  endfacet
  facet normal -0 0 -1
    outer loop
      vertex -0.98501533269882202 0.086835071444511414 -1
      vertex -0.98434048891067505 0.087272241711616516 -1
      vertex -0.98751431703567505 0.05109763890504837 -1
    endloop
  endfacet
  facet normal 0 -0 -1
    outer loop
      vertex -0.98364806175231934 0.087706394493579865 -1
      vertex -0.98690694570541382 0.050570804625749588 -1
      vertex -0.98434048891067505 0.087272241711616516 -1
    endloop
  endfacet
  facet normal 0 -0 -1
    outer loop
      vertex -0.9856724739074707 0.086394891142845154 -1
      vertex -0.98867535591125488 0.052152853459119797 -1
      vertex -0.98631191253662109 0.085951708257198334 -1
    endloop
  endfacet
  facet normal -0 0 -1
    outer loop
      vertex -0.98501533269882202 0.086835071444511414 -1
      vertex -0.98751431703567505 0.05109763890504837 -1
      vertex -0.9856724739074707 0.086394891142845154 -1
    endloop
  endfacet
  facet normal 0 -0 -1
    outer loop
      vertex -0.98364806175231934 0.087706394493579865 -1
      vertex -0.98293799161911011 0.088137492537498474 -1
      vertex -0.9862816333770752 0.050044510513544083 -1
    endloop
  endfacet
  facet normal 0 -0 -1
    outer loop
      vertex -0.98753762245178223 0.085056424140930176 -1
      vertex -0.99028211832046509 0.053739279508590698 -1
      vertex -0.98812383413314819 0.084604345262050629 -1
    endloop
  endfacet
  facet normal 0 -0 -1
    outer loop
      vertex -0.98976457118988037 0.053210016340017319 -1
      vertex -0.98753762245178223 0.085056424140930176 -1
      vertex -0.98693364858627319 0.085505545139312744 -1
    endloop
  endfacet
  facet normal -0 0 -1
    outer loop
      vertex -0.99126327037811279 0.054799102246761322 -1
      vertex -0.98924291133880615 0.08369138091802597 -1
      vertex -0.98869228363037109 0.084149323403835297 -1
    endloop
  endfacet
  facet normal 0 -0 -1
    outer loop
      vertex -0.99078172445297241 0.054268982261419296 -1
      vertex -0.98869228363037109 0.084149323403835297 -1
      vertex -0.98812383413314819 0.084604345262050629 -1
    endloop
  endfacet
  facet normal -0 0 -1
    outer loop
      vertex -0.98693364858627319 0.085505545139312744 -1
      vertex -0.98631191253662109 0.085951708257198334 -1
      vertex -0.98867535591125488 0.052152853459119797 -1
    endloop
  endfacet
  facet normal -0 0 -1
    outer loop
      vertex -0.98293799161911011 0.088137492537498474 -1
      vertex -0.98221027851104736 0.088565543293952942 -1
      vertex -0.98563843965530396 0.049518778920173645 -1
    endloop
  endfacet
  facet normal 0 -0 -1
    outer loop
      vertex -0.97211629152297974 0.093457750976085663 -1
      vertex -0.97653567790985107 0.043260838836431503 -1
      vertex -0.97305285930633545 0.093067668378353119 -1
    endloop
  endfacet
  facet normal -0 0 -1
    outer loop
      vertex -0.99172872304916382 0.081357583403587341 -1
      vertex -0.99126708507537842 0.081830613315105438 -1
      vertex -0.99300873279571533 0.056923467665910721 -1
    endloop
  endfacet
  facet normal -0 0 -1
    outer loop
      vertex -0.99126708507537842 0.081830613315105438 -1
      vertex -0.99078786373138428 0.082300126552581787 -1
      vertex -0.99259954690933228 0.056391824036836624 -1
    endloop
  endfacet
  facet normal 0 -0 -1
    outer loop
      vertex -0.99217450618743896 0.08087775856256485 -1
      vertex -0.99377471208572388 0.057993341237306595 -1
      vertex -0.99260628223419189 0.080387212336063385 -1
    endloop
  endfacet
  facet normal 0 -0 -1
    outer loop
      vertex -0.99217450618743896 0.08087775856256485 -1
      vertex -0.99172872304916382 0.081357583403587341 -1
      vertex -0.99340009689331055 0.057456150650978088 -1
    endloop
  endfacet
  facet normal -0 0 -1
    outer loop
      vertex -0.99078786373138428 0.082300126552581787 -1
      vertex -0.99029070138931274 0.08276677131652832 -1
      vertex -0.99217218160629272 0.05586053803563118 -1
    endloop
  endfacet
  facet normal -0 0 -1
    outer loop
      vertex -0.99481242895126343 0.059673629701137543 -1
      vertex -0.99383777379989624 0.078811950981616974 -1
      vertex -0.99343591928482056 0.079358242452144623 -1
    endloop
  endfacet
  facet normal 0 -0 -1
    outer loop
      vertex -0.99302613735198975 0.079882018268108368 -1
      vertex -0.9944794774055481 0.059097912162542343 -1
      vertex -0.99343591928482056 0.079358242452144623 -1
    endloop
  endfacet
  facet normal 0 -0 -1
    outer loop
      vertex -0.99513429403305054 0.0602705217897892 -1
      vertex -0.99423348903656006 0.078239217400550842 -1
      vertex -0.99383777379989624 0.078811950981616974 -1
    endloop
  endfacet
  facet normal 0 -0 -1
    outer loop
      vertex -0.99462515115737915 0.077636115252971649 -1
      vertex -0.99423348903656006 0.078239217400550842 -1
      vertex -0.99544650316238403 0.060892760753631592 -1
    endloop
  endfacet
  facet normal 0 -0 -1
    outer loop
      vertex -0.99260628223419189 0.080387212336063385 -1
      vertex -0.99413406848907471 0.058539204299449921 -1
      vertex -0.99302613735198975 0.079882018268108368 -1
    endloop
  endfacet
  facet normal -0 0 -1
    outer loop
      vertex -0.98977577686309814 0.083230525255203247 -1
      vertex -0.99172675609588623 0.05532962828874588 -1
      vertex -0.99029070138931274 0.08276677131652832 -1
    endloop
  endfacet
  facet normal 0 -0 -1
    outer loop
      vertex -0.99578046798706055 0.075526691973209381 -1
      vertex -0.99539977312088013 0.076299786567687988 -1
      vertex -0.9966009259223938 0.06379418820142746 -1
    endloop
  endfacet
  facet normal 0 -0 -1
    outer loop
      vertex -0.99501419067382812 0.076995797455310822 -1
      vertex -0.99633145332336426 0.062975630164146423 -1
      vertex -0.99539977312088013 0.076299786567687988 -1
    endloop
  endfacet
  facet normal -0 0 -1
    outer loop
      vertex -0.9961550235748291 0.074655137956142426 -1
      vertex -0.99578046798706055 0.075526691973209381 -1
      vertex -0.99685049057006836 0.064709387719631195 -1
    endloop
  endfacet
  facet normal -0 0 -1
    outer loop
      vertex -0.99696654081344604 0.06520979106426239 -1
      vertex -0.99633955955505371 0.074175752699375153 -1
      vertex -0.9961550235748291 0.074655137956142426 -1
    endloop
  endfacet
  facet normal -0 0 -1
    outer loop
      vertex -0.99652200937271118 0.073663726449012756 -1
      vertex -0.99633955955505371 0.074175752699375153 -1
      vertex -0.99707597494125366 0.065742224454879761 -1
    endloop
  endfacet
  facet normal 0 -0 -1
    outer loop
      vertex -0.99670225381851196 0.073116391897201538 -1
      vertex -0.99652200937271118 0.073663726449012756 -1
      vertex -0.99707597494125366 0.065742224454879761 -1
    endloop
  endfacet
  facet normal 0 -0 -1
    outer loop
      vertex -0.99501419067382812 0.076995797455310822 -1
      vertex -0.99462515115737915 0.077636115252971649 -1
      vertex -0.99575042724609375 0.061544507741928101 -1
    endloop
  endfacet
  facet normal 0 -0 -1
    outer loop
      vertex -0.99717825651168823 0.066309317946434021 -1
      vertex -0.99688011407852173 0.072531066834926605 -1
      vertex -0.99670225381851196 0.073116391897201538 -1
    endloop
  endfacet
  facet normal 0 -0 -1
    outer loop
      vertex -0.99688011407852173 0.072531066834926605 -1
      vertex -0.99727290868759155 0.066913694143295288 -1
      vertex -0.99705535173416138 0.071905091404914856 -1
    endloop
  endfacet
  facet normal 0 -0 -1
    outer loop
      vertex -0.99705535173416138 0.071905091404914856 -1
      vertex -0.99735933542251587 0.067557975649833679 -1
      vertex -0.99722790718078613 0.071235783398151398 -1
    endloop
  endfacet
  facet normal 0 -0 -1
    outer loop
      vertex -0.99739754199981689 0.070520468056201935 -1
      vertex -0.99722790718078613 0.071235783398151398 -1
      vertex -0.99743705987930298 0.068244777619838715 -1
    endloop
  endfacet
  facet normal 0 -0 -1
    outer loop
      vertex -0.98924291133880615 0.08369138091802597 -1
      vertex -0.99126327037811279 0.054799102246761322 -1
      vertex -0.98977577686309814 0.083230525255203247 -1
    endloop
  endfacet
  facet normal 0 -0 -1
    outer loop
      vertex -0.97116255760192871 0.09384455531835556 -1
      vertex -0.97566252946853638 0.042744211852550507 -1
      vertex -0.97211629152297974 0.093457750976085663 -1
    endloop
  endfacet
  facet normal 0 -0 -1
    outer loop
      vertex -8.7893160525709391e-05 -0.0012569307582452893 -1
      vertex -0.014451650902628899 0.0043241297826170921 -1
      vertex 8.7893160525709391e-05 0.0012569307582452893 -1
    endloop
  endfacet
  facet normal -0 0 -1
    outer loop
      vertex -0.23781031370162964 -0.013597346842288971 -1
      vertex -0.12435263395309448 0.026385575532913208 -1
      vertex -0.11114437878131866 -0.0080148167908191681 -1
    endloop
  endfacet
  facet normal -0 0 -1
    outer loop
      vertex -0.94559675455093384 0.029194317758083344 -1
      vertex -0.94824457168579102 0.030166333541274071 -1
      vertex -0.94321465492248535 0.10209738463163376 -1
    endloop
  endfacet
  facet normal -0 0 -1
    outer loop
      vertex -0.36480200290679932 0.068582497537136078 -1
      vertex -0.34756359457969666 -0.016705598682165146 -1
      vertex -0.44208425283432007 -0.017951507121324539 -1
    endloop
  endfacet
  facet normal -0 0 -1
    outer loop
      vertex -0.25422140955924988 0.050184987485408783 -1
      vertex -0.23781031370162964 -0.013597346842288971 -1
      vertex -0.34756359457969666 -0.016705598682165146 -1
    endloop
  endfacet
  facet normal 0 -0 -1
    outer loop
      vertex -0.94590747356414795 0.10148835927248001 -1
      vertex -0.94824457168579102 0.030166333541274071 -1
      vertex -0.95082640647888184 0.031144188717007637 -1
    endloop
  endfacet
  facet normal -0 0 -1
    outer loop
      vertex -0.93138176202774048 0.024428999051451683 -1
      vertex -0.93726134300231934 0.026315368711948395 -1
      vertex -0.92571747303009033 0.10543203353881836 -1
    endloop
  endfacet
  facet normal -0 0 -1
    outer loop
      vertex -0.94010478258132935 0.027268631383776665 -1
      vertex -0.93475079536437988 0.10383404046297073 -1
      vertex -0.93726134300231934 0.026315368711948395 -1
    endloop
  endfacet
  facet normal -0 -0 -1
    outer loop
      vertex -0.44208425283432007 -0.017951507121324539 -1
      vertex -0.51457321643829346 -0.017812794074416161 -1
      vertex -0.45914435386657715 0.082727864384651184 -1
    endloop
  endfacet
  facet normal 0 -0 -1
    outer loop
      vertex -0.94288337230682373 0.02822834812104702 -1
      vertex -0.94559675455093384 0.029194317758083344 -1
      vertex -0.94045734405517578 0.10269143432378769 -1
    endloop
  endfacet
  facet normal 0 -0 -1
    outer loop
      vertex -0.94010478258132935 0.027268631383776665 -1
      vertex -0.94288337230682373 0.02822834812104702 -1
      vertex -0.93763589859008789 0.10327036678791046 -1
    endloop
  endfacet
  facet normal -0 0 -1
    outer loop
      vertex -0.93138176202774048 0.024428999051451683 -1
      vertex -0.91938483715057373 0.10641845315694809 -1
      vertex -0.92524802684783936 0.022570841014385223 -1
    endloop
  endfacet
  facet normal 0 -0 -1
    outer loop
      vertex -0.96702152490615845 0.038135625422000885 -1
      vertex -0.9690629243850708 0.039152942597866058 -1
      vertex -0.96508109569549561 0.096095576882362366 -1
    endloop
  endfacet
  facet normal -0 0 -1
    outer loop
      vertex -0.97103530168533325 0.04017430916428566 -1
      vertex -0.96508109569549561 0.096095576882362366 -1
      vertex -0.9690629243850708 0.039152942597866058 -1
    endloop
  endfacet
  facet normal -0 0 -1
    outer loop
      vertex -0.97386384010314941 0.041713539510965347 -1
      vertex -0.9692036509513855 0.094608262181282043 -1
      vertex -0.97293835878372192 0.041199535131454468 -1
    endloop
  endfacet
  facet normal 0 -0 -1
    outer loop
      vertex -0.97103530168533325 0.04017430916428566 -1
      vertex -0.97293835878372192 0.041199535131454468 -1
      vertex -0.9692036509513855 0.094608262181282043 -1
    endloop
  endfacet
  facet normal -0 0 -1
    outer loop
      vertex -0.96491146087646484 0.03712255135178566 -1
      vertex -0.96702152490615845 0.038135625422000885 -1
      vertex -0.9629179835319519 0.096818894147872925 -1
    endloop
  endfacet
  facet normal -0 0 -1
    outer loop
      vertex -0.9581722617149353 0.034110739827156067 -1
      vertex -0.95109784603118896 0.10022603720426559 -1
      vertex -0.95579057931900024 0.033116593956947327 -1
    endloop
  endfacet
  facet normal 0 -0 -1
    outer loop
      vertex -0.95359468460083008 0.099573031067848206 -1
      vertex -0.9581722617149353 0.034110739827156067 -1
      vertex -0.96048653125762939 0.035109914839267731 -1
    endloop
  endfacet
  facet normal -0 0 -1
    outer loop
      vertex -0.96491146087646484 0.03712255135178566 -1
      vertex -0.95838987827301025 0.098224081099033356 -1
      vertex -0.96273303031921387 0.036113917827606201 -1
    endloop
  endfacet
  facet normal -0 0 -1
    outer loop
      vertex -0.96273303031921387 0.036113917827606201 -1
      vertex -0.95602548122406006 0.098905660212039948 -1
      vertex -0.96048653125762939 0.035109914839267731 -1
    endloop
  endfacet
  facet normal -0 0 -1
    outer loop
      vertex -0.95334184169769287 0.032127678394317627 -1
      vertex -0.95579057931900024 0.033116593956947327 -1
      vertex -0.95109784603118896 0.10022603720426559 -1
    endloop
  endfacet
  facet normal -0 0 -1
    outer loop
      vertex -0.95334184169769287 0.032127678394317627 -1
      vertex -0.94853532314300537 0.10086452960968018 -1
      vertex -0.95082640647888184 0.031144188717007637 -1
    endloop
  endfacet
  facet normal -0 0 -1
    outer loop
      vertex -0.97386384010314941 0.041713539510965347 -1
      vertex -0.97477191686630249 0.042228437960147858 -1
      vertex -0.97116255760192871 0.09384455531835556 -1
    endloop
  endfacet
  facet normal -0 -0 -1
    outer loop
      vertex -0.61043506860733032 -0.015740411356091499 -1
      vertex -0.57872051000595093 0.097982801496982574 -1
      vertex -0.56280696392059326 -0.017075533047318459 -1
    endloop
  endfacet
  facet normal -0 -0 -1
    outer loop
      vertex -0.65700751543045044 -0.013743536546826363 -1
      vertex -0.62564843893051147 0.10290316492319107 -1
      vertex -0.61043506860733032 -0.015740411356091499 -1
    endloop
  endfacet
  facet normal -0 0 -1
    outer loop
      vertex -0.80549073219299316 -0.00093849404947832227 -1
      vertex -0.82418817281723022 0.0016501635545864701 -1
      vertex -0.79752111434936523 0.11303199827671051 -1
    endloop
  endfacet
  facet normal -0 -0 -1
    outer loop
      vertex -0.65700751543045044 -0.013743536546826363 -1
      vertex -0.67975980043411255 -0.012479935772716999 -1
      vertex -0.67140758037567139 0.10696276277303696 -1
    endloop
  endfacet
  facet normal -0 -0 -1
    outer loop
      vertex -0.67975980043411255 -0.012479935772716999 -1
      vertex -0.70208436250686646 -0.011032243259251118 -1
      vertex -0.69371634721755981 0.10863614082336426 -1
    endloop
  endfacet
  facet normal 0 -0 -1
    outer loop
      vertex -0.81639689207077026 0.11307071894407272 -1
      vertex -0.82418817281723022 0.0016501635545864701 -1
      vertex -0.84211832284927368 0.0044211908243596554 -1
    endloop
  endfacet
  facet normal -0 0 -1
    outer loop
      vertex -0.71557551622390747 0.11005636304616928 -1
      vertex -0.72392845153808594 -0.0093964431434869766 -1
      vertex -0.74524050951004028 -0.0075698047876358032 -1
    endloop
  endfacet
  facet normal 0 0 -1
    outer loop
      vertex -0.75774359703063965 0.11209937185049057 -1
      vertex -0.74524050951004028 -0.0075698047876358032 -1
      vertex -0.76597046852111816 -0.0055509041994810104 -1
    endloop
  endfacet
  facet normal 0 -0 -1
    outer loop
      vertex -0.80549073219299316 -0.00093849404947832227 -1
      vertex -0.7779548168182373 0.11270715296268463 -1
      vertex -0.78606963157653809 -0.0033399062231183052 -1
    endloop
  endfacet
  facet normal -0 -0 -1
    outer loop
      vertex -0.78606963157653809 -0.0033399062231183052 -1
      vertex -0.7779548168182373 0.11270715296268463 -1
      vertex -0.76597046852111816 -0.0055509041994810104 -1
    endloop
  endfacet
  facet normal 0 -0 -1
    outer loop
      vertex -0.70208436250686646 -0.011032243259251118 -1
      vertex -0.72392845153808594 -0.0093964431434869766 -1
      vertex -0.69371634721755981 0.10863614082336426 -1
    endloop
  endfacet
  facet normal -0 -0 -1
    outer loop
      vertex -0.9053579568862915 0.017181530594825745 -1
      vertex -0.89893823862075806 0.10898715257644653 -1
      vertex -0.89824438095092773 0.015451894141733646 -1
    endloop
  endfacet
  facet normal 0 -0 -1
    outer loop
      vertex -0.89893823862075806 0.10898715257644653 -1
      vertex -0.9053579568862915 0.017181530594825745 -1
      vertex -0.91223233938217163 0.018945559859275818 -1
    endloop
  endfacet
  facet normal -0 0 -1
    outer loop
      vertex -0.92524802684783936 0.022570841014385223 -1
      vertex -0.9128081202507019 0.10734046995639801 -1
      vertex -0.91886365413665771 0.020742500200867653 -1
    endloop
  endfacet
  facet normal -0 -0 -1
    outer loop
      vertex -0.91886365413665771 0.020742500200867653 -1
      vertex -0.9128081202507019 0.10734046995639801 -1
      vertex -0.91223233938217163 0.018945559859275818 -1
    endloop
  endfacet
  facet normal -0 0 -1
    outer loop
      vertex -0.89824438095092773 0.015451894141733646 -1
      vertex -0.88414055109024048 0.11036453396081924 -1
      vertex -0.89089590311050415 0.013758104294538498 -1
    endloop
  endfacet
  facet normal 0 0 -1
    outer loop
      vertex -0.86028087139129639 0.11191163212060928 -1
      vertex -0.85923928022384644 0.0073682521469891071 -1
      vertex -0.86748373508453369 0.008905438706278801 -1
    endloop
  endfacet
  facet normal -0 0 -1
    outer loop
      vertex -0.86748373508453369 0.008905438706278801 -1
      vertex -0.87551110982894897 0.010483605787158012 -1
      vertex -0.86028087139129639 0.11191163212060928 -1
    endloop
  endfacet
  facet normal 0 0 -1
    outer loop
      vertex -0.88414055109024048 0.11036453396081924 -1
      vertex -0.88331669569015503 0.012101576663553715 -1
      vertex -0.89089590311050415 0.013758104294538498 -1
    endloop
  endfacet
  facet normal 0 0 -1
    outer loop
      vertex -0.8764045238494873 0.11095011234283447 -1
      vertex -0.87551110982894897 0.010483605787158012 -1
      vertex -0.88331669569015503 0.012101576663553715 -1
    endloop
  endfacet
  facet normal -0 -0 -1
    outer loop
      vertex -0.85923928022384644 0.0073682521469891071 -1
      vertex -0.85190272331237793 0.11228645592927933 -1
      vertex -0.85078251361846924 0.0058731706812977791 -1
    endloop
  endfacet
  facet normal 0 0 -1
    outer loop
      vertex -0.84332013130187988 0.11259002238512039 -1
      vertex -0.84211832284927368 0.0044211908243596554 -1
      vertex -0.85078251361846924 0.0058731706812977791 -1
    endloop
  endfacet
  facet normal -0 -0 -1
    outer loop
      vertex -0.51457321643829346 -0.017812794074416161 -1
      vertex -0.56280696392059326 -0.017075533047318459 -1
      vertex -0.53105688095092773 0.092321909964084625 -1
    endloop
  endfacet
  facet normal -0 0 -1
    outer loop
      vertex -0.9944794774055481 0.059097912162542343 -1
      vertex -0.99302613735198975 0.079882018268108368 -1
      vertex -0.99413406848907471 0.058539204299449921 -1
    endloop
  endfacet
  facet normal 0 -0 -1
    outer loop
      vertex -0.99481242895126343 0.059673629701137543 -1
      vertex -0.99343591928482056 0.079358242452144623 -1
      vertex -0.9944794774055481 0.059097912162542343 -1
    endloop
  endfacet
  facet normal -0 0 -1
    outer loop
      vertex -0.99513429403305054 0.0602705217897892 -1
      vertex -0.99544650316238403 0.060892760753631592 -1
      vertex -0.99423348903656006 0.078239217400550842 -1
    endloop
  endfacet
  facet normal -0 0 -1
    outer loop
      vertex -0.99481242895126343 0.059673629701137543 -1
      vertex -0.99513429403305054 0.0602705217897892 -1
      vertex -0.99383777379989624 0.078811950981616974 -1
    endloop
  endfacet
  facet normal -0 0 -1
    outer loop
      vertex -0.99377471208572388 0.057993341237306595 -1
      vertex -0.99413406848907471 0.058539204299449921 -1
      vertex -0.99260628223419189 0.080387212336063385 -1
    endloop
  endfacet
  facet normal 0 -0 -1
    outer loop
      vertex -0.99078786373138428 0.082300126552581787 -1
      vertex -0.99217218160629272 0.05586053803563118 -1
      vertex -0.99259954690933228 0.056391824036836624 -1
    endloop
  endfacet
  facet normal -0 0 -1
    outer loop
      vertex -0.99126708507537842 0.081830613315105438 -1
      vertex -0.99259954690933228 0.056391824036836624 -1
      vertex -0.99300873279571533 0.056923467665910721 -1
    endloop
  endfacet
  facet normal -0 0 -1
    outer loop
      vertex -0.99217450618743896 0.08087775856256485 -1
      vertex -0.99340009689331055 0.057456150650978088 -1
      vertex -0.99377471208572388 0.057993341237306595 -1
    endloop
  endfacet
  facet normal -0 0 -1
    outer loop
      vertex -0.99340009689331055 0.057456150650978088 -1
      vertex -0.99172872304916382 0.081357583403587341 -1
      vertex -0.99300873279571533 0.056923467665910721 -1
    endloop
  endfacet
  facet normal -0 0 -1
    outer loop
      vertex -0.99172675609588623 0.05532962828874588 -1
      vertex -0.99217218160629272 0.05586053803563118 -1
      vertex -0.99029070138931274 0.08276677131652832 -1
    endloop
  endfacet
  facet normal -0 0 -1
    outer loop
      vertex -0.99575042724609375 0.061544507741928101 -1
      vertex -0.99462515115737915 0.077636115252971649 -1
      vertex -0.99544650316238403 0.060892760753631592 -1
    endloop
  endfacet
  facet normal -0 0 -1
    outer loop
      vertex -0.99717825651168823 0.066309317946434021 -1
      vertex -0.99670225381851196 0.073116391897201538 -1
      vertex -0.99707597494125366 0.065742224454879761 -1
    endloop
  endfacet
  facet normal -0 0 -1
    outer loop
      vertex -0.99688011407852173 0.072531066834926605 -1
      vertex -0.99717825651168823 0.066309317946434021 -1
      vertex -0.99727290868759155 0.066913694143295288 -1
    endloop
  endfacet
  facet normal 0 -0 -1
    outer loop
      vertex -0.99722790718078613 0.071235783398151398 -1
      vertex -0.99735933542251587 0.067557975649833679 -1
      vertex -0.99743705987930298 0.068244777619838715 -1
    endloop
  endfacet
  facet normal -0 0 -1
    outer loop
      vertex -0.99735933542251587 0.067557975649833679 -1
      vertex -0.99705535173416138 0.071905091404914856 -1
      vertex -0.99727290868759155 0.066913694143295288 -1
    endloop
  endfacet
  facet normal -0 0 -1
    outer loop
      vertex -0.99743705987930298 0.068244777619838715 -1
      vertex -0.99756407737731934 0.069756470620632172 -1
      vertex -0.99739754199981689 0.070520468056201935 -1
    endloop
  endfacet
  facet normal -0 0 -1
    outer loop
      vertex -0.99604654312133789 0.062232736498117447 -1
      vertex -0.99633145332336426 0.062975630164146423 -1
      vertex -0.99501419067382812 0.076995797455310822 -1
    endloop
  endfacet
  facet normal -0 0 -1
    outer loop
      vertex -0.9966009259223938 0.06379418820142746 -1
      vertex -0.99539977312088013 0.076299786567687988 -1
      vertex -0.99633145332336426 0.062975630164146423 -1
    endloop
  endfacet
  facet normal 0 -0 -1
    outer loop
      vertex -0.9961550235748291 0.074655137956142426 -1
      vertex -0.99685049057006836 0.064709387719631195 -1
      vertex -0.99696654081344604 0.06520979106426239 -1
    endloop
  endfacet
  facet normal -0 0 -1
    outer loop
      vertex -0.99685049057006836 0.064709387719631195 -1
      vertex -0.99578046798706055 0.075526691973209381 -1
      vertex -0.9966009259223938 0.06379418820142746 -1
    endloop
  endfacet
  facet normal -0 0 -1
    outer loop
      vertex -0.99633955955505371 0.074175752699375153 -1
      vertex -0.99696654081344604 0.06520979106426239 -1
      vertex -0.99707597494125366 0.065742224454879761 -1
    endloop
  endfacet
  facet normal 0 -0 -1
    outer loop
      vertex -0.99501419067382812 0.076995797455310822 -1
      vertex -0.99575042724609375 0.061544507741928101 -1
      vertex -0.99604654312133789 0.062232736498117447 -1
    endloop
  endfacet
  facet normal -0 0 -1
    outer loop
      vertex -0.99172675609588623 0.05532962828874588 -1
      vertex -0.98977577686309814 0.083230525255203247 -1
      vertex -0.99126327037811279 0.054799102246761322 -1
    endloop
  endfacet
  facet normal 0 -0 -1
    outer loop
      vertex -0.98215538263320923 0.046899180859327316 -1
      vertex -0.97830897569656372 0.090659372508525848 -1
      vertex -0.98140549659729004 0.046377211809158325 -1
    endloop
  endfacet
  facet normal -0 0 -1
    outer loop
      vertex -0.97912424802780151 0.09024684876203537 -1
      vertex -0.98215538263320923 0.046899180859327316 -1
      vertex -0.98288756608963013 0.047421824187040329 -1
    endloop
  endfacet
  facet normal -0 0 -1
    outer loop
      vertex -0.98070228099822998 0.089412406086921692 -1
      vertex -0.98360198736190796 0.047945126891136169 -1
      vertex -0.98429858684539795 0.048469066619873047 -1
    endloop
  endfacet
  facet normal 0 -0 -1
    outer loop
      vertex -0.98360198736190796 0.047945126891136169 -1
      vertex -0.97992199659347534 0.089831188321113586 -1
      vertex -0.98288756608963013 0.047421824187040329 -1
    endloop
  endfacet
  facet normal 0 -0 -1
    outer loop
      vertex -0.98140549659729004 0.046377211809158325 -1
      vertex -0.97747635841369629 0.091068744659423828 -1
      vertex -0.98063796758651733 0.045855946838855743 -1
    endloop
  endfacet
  facet normal 0 -0 -1
    outer loop
      vertex -0.9739721417427063 0.092674329876899719 -1
      vertex -0.97739130258560181 0.043778292834758759 -1
      vertex -0.9782293438911438 0.044296551495790482 -1
    endloop
  endfacet
  facet normal -0 0 -1
    outer loop
      vertex -0.9782293438911438 0.044296551495790482 -1
      vertex -0.97904980182647705 0.044815592467784882 -1
      vertex -0.97487419843673706 0.092277750372886658 -1
    endloop
  endfacet
  facet normal 0 -0 -1
    outer loop
      vertex -0.97662633657455444 0.091474942862987518 -1
      vertex -0.97985267639160156 0.045335397124290466 -1
      vertex -0.98063796758651733 0.045855946838855743 -1
    endloop
  endfacet
  facet normal 0 -0 -1
    outer loop
      vertex -0.97662633657455444 0.091474942862987518 -1
      vertex -0.97904980182647705 0.044815592467784882 -1
      vertex -0.97985267639160156 0.045335397124290466 -1
    endloop
  endfacet
  facet normal -0 0 -1
    outer loop
      vertex -0.97739130258560181 0.043778292834758759 -1
      vertex -0.97305285930633545 0.093067668378353119 -1
      vertex -0.97653567790985107 0.043260838836431503 -1
    endloop
  endfacet
  facet normal 0 -0 -1
    outer loop
      vertex -0.98497742414474487 0.048993624746799469 -1
      vertex -0.98146504163742065 0.08899051696062088 -1
      vertex -0.98429858684539795 0.048469066619873047 -1
    endloop
  endfacet
  facet normal 0 -0 -1
    outer loop
      vertex -0.98693364858627319 0.085505545139312744 -1
      vertex -0.98922896385192871 0.052681200206279755 -1
      vertex -0.98976457118988037 0.053210016340017319 -1
    endloop
  endfacet
  facet normal 0 -0 -1
    outer loop
      vertex -0.98976457118988037 0.053210016340017319 -1
      vertex -0.99028211832046509 0.053739279508590698 -1
      vertex -0.98753762245178223 0.085056424140930176 -1
    endloop
  endfacet
  facet normal 0 -0 -1
    outer loop
      vertex -0.98869228363037109 0.084149323403835297 -1
      vertex -0.99078172445297241 0.054268982261419296 -1
      vertex -0.99126327037811279 0.054799102246761322 -1
    endloop
  endfacet
  facet normal 0 -0 -1
    outer loop
      vertex -0.98812383413314819 0.084604345262050629 -1
      vertex -0.99028211832046509 0.053739279508590698 -1
      vertex -0.99078172445297241 0.054268982261419296 -1
    endloop
  endfacet
  facet normal 0 -0 -1
    outer loop
      vertex -0.98693364858627319 0.085505545139312744 -1
      vertex -0.98867535591125488 0.052152853459119797 -1
      vertex -0.98922896385192871 0.052681200206279755 -1
    endloop
  endfacet
  facet normal -0 0 -1
    outer loop
      vertex -0.9862816333770752 0.050044510513544083 -1
      vertex -0.98690694570541382 0.050570804625749588 -1
      vertex -0.98364806175231934 0.087706394493579865 -1
    endloop
  endfacet
  facet normal -0 0 -1
    outer loop
      vertex -0.98751431703567505 0.05109763890504837 -1
      vertex -0.98434048891067505 0.087272241711616516 -1
      vertex -0.98690694570541382 0.050570804625749588 -1
    endloop
  endfacet
  facet normal -0 0 -1
    outer loop
      vertex -0.98810380697250366 0.051624994724988937 -1
      vertex -0.98867535591125488 0.052152853459119797 -1
      vertex -0.9856724739074707 0.086394891142845154 -1
    endloop
  endfacet
  facet normal -0 0 -1
    outer loop
      vertex -0.98751431703567505 0.05109763890504837 -1
      vertex -0.98810380697250366 0.051624994724988937 -1
      vertex -0.9856724739074707 0.086394891142845154 -1
    endloop
  endfacet
  facet normal 0 -0 -1
    outer loop
      vertex -0.98293799161911011 0.088137492537498474 -1
      vertex -0.98563843965530396 0.049518778920173645 -1
      vertex -0.9862816333770752 0.050044510513544083 -1
    endloop
  endfacet
  facet normal -0 0 -1
    outer loop
      vertex -0.98497742414474487 0.048993624746799469 -1
      vertex -0.98563843965530396 0.049518778920173645 -1
      vertex -0.98221027851104736 0.088565543293952942 -1
    endloop
  endfacet
  facet normal -0 0 -1
    outer loop
      vertex -0.97653567790985107 0.043260838836431503 -1
      vertex -0.97211629152297974 0.093457750976085663 -1
      vertex -0.97566252946853638 0.042744211852550507 -1
    endloop
  endfacet
  facet normal -0 0 -1
    outer loop
      vertex -0.97116255760192871 0.09384455531835556 -1
      vertex -0.97477191686630249 0.042228437960147858 -1
      vertex -0.97566252946853638 0.042744211852550507 -1
    endloop
  endfacet
  facet normal 0 -0 -1
    outer loop
      vertex -8.7893160525709391e-05 -0.0012569307582452893 -1
      vertex -0.11114437878131866 -0.0080148167908191681 -1
      vertex -0.014451650902628899 0.0043241297826170921 -1
    endloop
  endfacet
endsolid OBJECT
