/*--------------------------------*- C++ -*----------------------------------*\
| =========                 |                                                 |
| \\      /  F ield         | OpenFOAM: The Open Source CFD Toolbox           |
|  \\    /   O peration     | Version:  2412                                  |
|   \\  /    A nd           | Website:  www.openfoam.com                      |
|    \\/     M anipulation  |                                                 |
\*---------------------------------------------------------------------------*/
FoamFile
{
    version     2.0;
    format      ascii;
    arch        "LSB;label=32;scalar=64";
    class       volScalarField;
    location    "4000";
    object      omega;
}
// * * * * * * * * * * * * * * * * * * * * * * * * * * * * * * * * * * * * * //

dimensions      [0 0 -1 0 0 0 0];

internalField   nonuniform List<scalar> 
38343
(
32.312221
32.360467
32.221128
32.202504
32.160372
32.092286
32.052213
32.020626
32.00904
31.988902
31.984313
31.977779
31.972967
31.969784
31.967076
31.965095
31.962726
31.962525
31.95959
31.961539
31.960997
31.961783
31.962562
31.964018
31.971134
31.95931
31.975214
31.969014
31.958638
32.015739
32.004231
32.039398
32.007536
32.03143
32.181891
32.208633
32.255497
32.314998
32.45754
32.526649
33.248034
32.770115
32.463924
32.414161
32.357297
32.212751
32.120246
32.056952
32.023192
31.990764
31.975813
31.962504
31.952293
31.944573
31.938352
31.933247
31.92879
31.926411
31.922893
31.923884
31.923666
31.925932
31.927889
31.935925
31.941223
31.923139
31.951787
31.942697
31.919452
32.022633
32.087828
32.189906
32.048438
32.238836
32.35593
32.406279
32.453252
32.512688
32.660159
33.244504
33.999473
33.182202
32.724665
32.634823
32.540199
32.340553
32.196549
32.099282
32.042767
31.997298
31.970328
31.950099
31.933345
31.920628
31.910517
31.902188
31.894916
31.890538
31.885356
31.885091
31.885097
31.885067
31.886859
31.891113
31.921026
31.891822
31.963017
31.972093
31.97601
32.104628
32.116171
32.20969
32.25961
32.336379
32.527148
32.603208
32.651874
32.737527
32.897482
33.715372
34.528482
33.640622
33.004454
32.865697
32.731812
32.474753
32.27689
32.145959
32.065216
32.004854
31.967552
31.939255
31.916198
31.898279
31.88381
31.871706
31.861438
31.854186
31.847526
31.84598
31.846025
31.844025
31.855068
31.852411
31.89304
31.893506
31.935798
31.950091
31.971914
32.071953
32.128499
32.194748
32.304572
32.425952
32.707237
32.800447
32.850995
32.977557
33.137935
33.976745
35.062846
34.193069
33.307973
33.107835
32.956146
32.617589
32.364128
32.197241
32.093323
32.018007
31.96718
31.930631
31.900833
31.877396
31.858284
31.842133
31.828133
31.81797
31.80848
31.80617
31.805634
31.804001
31.821656
31.833713
31.85653
31.865128
31.914503
31.936823
31.978742
32.065252
32.149941
32.22194
32.376387
32.525908
32.883674
32.997202
33.050175
33.194156
33.416457
34.174438
35.525416
34.836763
33.658705
33.364283
33.19448
32.767881
32.457104
32.253545
32.12143
32.030135
31.969962
31.924651
31.887879
31.858513
31.834217
31.813429
31.795228
31.781228
31.768724
31.764799
31.761519
31.765769
31.785644
31.793433
31.819107
31.838536
31.891678
31.922489
31.981969
32.080901
32.159187
32.26864
32.462422
32.659824
33.057084
33.192856
33.249105
33.406006
33.73962
34.337899
35.940038
35.546127
34.092025
33.640388
33.439982
32.923549
32.557636
32.313182
32.158012
32.049427
31.973043
31.919999
31.876718
31.84149
31.811859
31.786063
31.762968
31.74468
31.727827
31.722266
31.720108
31.72789
31.743225
31.752253
31.780401
31.81602
31.871865
31.915688
31.984465
32.092439
32.203661
32.34262
32.546222
32.788911
33.226645
33.387088
33.44778
33.618702
34.09087
34.504978
36.390127
36.31366
34.608943
33.940308
33.694251
33.084183
32.66454
32.376316
32.189707
32.057718
31.984128
31.922314
31.871174
31.829352
31.793625
31.76209
31.733244
31.709528
31.687928
31.677578
31.672232
31.679436
31.69333
31.712845
31.745903
31.79564
31.85873
31.917202
31.996722
32.121093
32.24961
32.410122
32.632772
32.920555
33.371663
33.57828
33.646034
33.832265
34.452043
34.674958
36.878055
37.138373
35.186667
34.265746
33.9589
33.250703
32.778643
32.442787
32.226342
32.082748
31.99015
31.92457
31.870067
31.824946
31.786201
31.751603
31.71983
31.692513
31.668873
31.654263
31.648298
31.65456
31.667761
31.687794
31.726211
31.778039
31.844762
31.911566
31.994205
32.120399
32.244072
32.474038
32.721135
33.056218
33.497268
33.765653
33.843813
34.048925
34.824012
34.847155
37.4061
38.020235
35.826645
34.618344
34.235178
33.424365
32.900066
32.512337
32.270792
32.130886
32.022101
31.934307
31.873946
31.82336
31.779861
31.741089
31.705201
31.671912
31.64323
31.622686
31.613056
31.614839
31.62677
31.646051
31.69208
31.745687
31.812639
31.89087
31.975034
32.095857
32.266215
32.553042
32.807883
33.195036
33.617716
33.949742
34.041147
34.267105
35.203211
34.985619
37.976922
38.959067
36.531097
34.999592
34.524269
33.60678
33.027381
32.584035
32.315865
32.166583
32.045654
31.944597
31.877454
31.82153
31.772787
31.728198
31.685673
31.645276
31.609013
31.581575
31.566194
31.564069
31.576644
31.604714
31.653932
31.723819
31.798277
31.883513
31.980885
32.09887
32.302838
32.630681
32.891014
33.334784
33.733194
34.131161
34.238145
34.490246
35.588679
35.080886
38.592157
39.956175
37.300878
35.419763
34.827889
33.799087
33.160453
32.657313
32.361488
32.207807
32.062733
31.955869
31.882833
31.821162
31.767225
31.717585
31.668429
31.620137
31.576152
31.541431
31.52022
31.514257
31.531107
31.571036
31.630298
31.716177
31.806597
31.899188
32.014722
32.139484
32.346616
32.703256
32.968656
33.47072
33.850319
34.310641
34.434987
34.718527
35.978881
35.153132
39.171851
41.01049
38.138468
35.897749
35.148913
34.002351
33.298796
32.731918
32.407796
32.247111
32.083064
31.967684
31.889771
31.824938
31.76735
31.712901
31.657583
31.601384
31.548237
31.504422
31.47658
31.467674
31.490997
31.541784
31.618666
31.7192
31.826843
31.931732
32.06039
32.19885
32.397302
32.77909
33.044194
33.601972
33.961948
34.488704
34.631897
34.952126
36.374156
35.204409
39.643774
42.11942
39.044409
36.4337
35.489747
34.217871
33.442215
32.807734
32.45441
32.285001
32.107649
31.983634
31.902226
31.835174
31.775103
31.717205
31.656617
31.59258
31.529186
31.474907
31.438917
31.426593
31.457304
31.521651
31.616063
31.73286
31.859821
31.980553
32.119537
32.268204
32.459181
32.851319
33.116267
33.725727
34.075698
34.665746
34.829011
35.191127
36.77345
35.24586
40.027106
43.281192
40.019357
37.027448
35.852587
34.44643
33.590372
32.884285
32.500674
32.321815
32.134395
32.000311
31.916636
31.849246
31.78896
31.730152
31.666756
31.597084
31.524381
31.459492
31.414177
31.398601
31.436823
31.516497
31.628059
31.761219
31.906139
32.044255
32.19121
32.347424
32.531254
32.928072
33.186407
33.834278
34.176446
34.841849
35.031807
35.435317
37.177026
35.275283
40.33727
44.4954
41.064362
37.679401
36.238925
34.688669
33.743048
32.961226
32.545977
32.356293
32.162112
32.01592
31.9314
31.865901
31.808695
31.753058
31.691638
31.621129
31.542298
31.468703
31.414203
31.395787
31.442052
31.537077
31.66452
31.813501
31.968906
32.123246
32.273455
32.436797
32.616087
32.999178
33.253648
33.921294
34.282889
35.015862
35.24156
35.684906
37.584326
35.299933
40.586332
45.761018
42.179927
38.389441
36.650437
34.945347
33.900055
33.038374
32.589724
32.388724
32.187278
32.030138
31.945946
31.884998
31.834753
31.787631
31.735526
31.672504
31.596419
31.517937
31.460128
31.442176
31.496677
31.601672
31.740756
31.90038
32.056358
32.219465
32.367944
32.533045
32.711183
33.074537
33.317912
33.990685
34.37569
35.184957
35.457121
35.939282
37.995242
35.317166
40.785028
47.079082
43.366107
39.157617
37.09949
35.217792
34.061179
33.11542
32.631145
32.418828
32.208583
32.042361
31.959838
31.906413
31.867407
31.835849
31.80379
31.762776
31.707664
31.626306
31.58947
31.578421
31.627633
31.747718
31.879144
32.034761
32.179894
32.33682
32.476981
32.636067
32.810553
33.143807
33.379597
34.050465
34.470206
35.342556
35.676919
36.198604
38.409367
35.331886
40.942469
48.447934
44.622692
39.983327
37.588647
35.507154
34.226736
33.192285
32.66981
32.445845
32.225878
32.051854
31.972725
31.929759
31.907528
31.900379
31.904971
31.908986
31.908902
31.854509
31.878484
31.872332
31.901127
32.03212
32.11427
32.235047
32.350604
32.478861
32.601258
32.739919
32.910825
33.216201
33.425227
34.10674
34.554786
35.4935
35.899986
36.462099
38.826355
35.341227
41.068053
49.868826
45.948595
40.866558
38.11682
35.814508
34.397063
33.268843
32.705317
32.469257
32.23872
32.057912
31.983914
31.954952
31.957394
31.987867
32.043483
32.14283
32.255138
32.341273
32.469658
32.49394
32.50343
32.532464
32.501456
32.52847
32.579286
32.648697
32.739547
32.847045
33.009317
33.280259
33.479328
34.155033
34.637233
35.635431
36.125394
36.729715
39.245768
35.349244
41.168878
51.339853
47.343304
41.806147
38.68277
36.140057
34.571979
33.345476
32.737446
32.488433
32.24667
32.060713
31.992644
31.983468
32.01472
32.091083
32.225126
32.450211
32.839184
33.281143
33.715211
33.938941
33.562765
33.424963
33.122833
32.948372
32.87099
32.857648
32.893646
32.95681
33.101215
33.34489
33.517605
34.202517
34.711812
35.769436
36.352304
37.000832
39.666993
35.353648
41.252772
52.862312
48.805647
42.800926
39.285769
36.483788
34.751397
33.42183
32.765999
32.503183
32.249211
32.059309
31.997546
32.008804
32.075915
32.213732
32.462908
32.91451
33.687335
34.986021
36.457964
37.032265
35.653527
34.98403
34.067783
33.50056
33.235248
33.101384
33.059169
33.073406
33.182738
33.397386
33.558773
34.245057
34.781779
35.896396
36.580178
37.274913
40.089301
35.356973
41.325093
54.436636
50.335632
43.851329
39.92483
36.846603
34.935935
33.498022
32.791011
32.513424
32.246087
32.052844
31.997225
32.032473
32.140273
32.354804
32.761627
33.552505
35.108962
38.231691
41.734815
43.158561
39.780437
37.562756
35.470297
34.252092
33.692338
33.382274
33.238123
33.193166
33.251973
33.445935
33.587184
34.281727
34.844853
36.015669
36.808172
37.5517
40.512477
35.35753
41.394072
56.064209
51.931836
44.954552
40.598378
37.229022
35.125829
33.574058
32.812551
32.518967
32.237248
32.041011
31.991182
32.050041
32.203067
32.506456
33.114742
34.391928
37.232586
43.478129
52.652801
56.186875
47.309673
41.896177
37.538904
35.266221
34.232375
33.689773
33.417707
33.312947
33.309278
33.476559
33.61093
34.315049
34.901595
36.129482
37.035884
37.83019
40.935681
35.357315
41.465468
57.777919
53.616887
46.122893
41.313493
37.631118
35.321854
33.65091
32.831112
32.520182
32.222834
32.023577
31.97897
32.061588
32.260597
32.657715
33.511058
35.305863
40.247259
52.678817
77.042124
108.01354
62.467413
48.499714
40.238227
36.486199
34.843963
34.022516
33.605703
33.417645
33.357086
33.503182
33.620406
34.339506
34.9524
36.236551
37.26285
38.110504
41.358494
35.354447
41.548735
59.555473
55.374632
47.347326
42.063323
38.053818
35.524122
33.728871
32.847324
32.517751
32.20302
32.000452
31.960259
32.065305
32.30415
32.800738
33.752333
35.723021
42.085661
66.771264
251.26541
1045.9105
103.05541
57.504009
43.597771
37.893544
35.519372
34.372909
33.79477
33.514433
33.394619
33.495646
33.624527
34.360829
34.9964
36.339268
37.488334
38.391371
41.779656
35.351359
41.65146
61.402705
57.205157
48.624741
42.846666
38.496478
35.733955
33.80871
32.861774
32.512543
32.178768
31.971851
31.934763
32.061959
32.351836
32.955555
34.089516
36.876528
46.11763
87.84203
762.36861
193.20953
68.511714
47.357059
39.410081
36.222553
34.724836
33.97359
33.602054
33.421421
33.499331
33.615071
34.372184
35.035575
36.435864
37.714322
38.67521
42.202445
35.346128
41.783635
63.321789
59.108441
49.953893
43.662238
38.959447
35.951063
33.89085
32.875361
32.505258
32.150958
31.938247
31.903987
32.056769
32.386238
33.02111
34.402054
37.883457
49.500261
107.9039
1183.5341
279.53061
79.485572
51.077753
40.947263
36.91615
35.065749
34.137421
33.678504
33.435978
33.474528
33.601681
34.381369
35.069135
36.5288
37.938147
38.959655
42.624007
35.340779
41.95425
65.329998
61.095291
51.340083
44.511081
39.44385
36.177143
33.976075
32.888588
32.496712
32.120726
31.900142
31.867941
32.027512
32.379762
33.125679
34.707803
38.692961
52.071484
124.93653
330.29909
89.121217
54.554841
42.452629
37.568027
35.382198
34.280836
33.740505
33.440055
33.454271
33.576824
34.38068
35.099966
36.616838
38.162347
39.245614
43.045421
35.334266
42.174972
67.444752
63.175623
52.785391
45.394088
39.947147
36.410968
34.064532
32.902226
32.487788
32.089166
31.858383
31.825111
31.991268
32.371286
33.188577
34.922509
39.299387
53.920738
139.41161
354.38643
95.678739
57.092285
43.502952
38.202231
35.639316
34.410482
33.787551
33.432793
33.417457
33.550266
34.377213
35.127448
36.703006
38.382008
39.5307
43.462994
35.327167
42.457528
69.676593
65.355362
54.291747
46.311814
40.470275
36.653888
34.157278
32.917146
32.479362
32.057354
31.814228
31.776298
31.946642
32.348591
33.208882
35.079332
39.73371
55.200168
150.7758
354.64728
99.915037
59.338595
44.687445
38.743155
35.918574
34.519424
33.818778
33.417454
33.383633
33.515592
34.366406
35.15422
36.785415
38.603271
39.816943
43.880111
35.319089
42.81755
72.020361
67.628952
55.853496
47.259548
41.01281
36.905234
34.25415
32.933831
32.472137
32.026315
31.768402
31.728067
31.90013
32.31621
33.208535
35.182594
40.019498
56.015489
159.33983
347.53697
101.95267
60.965074
45.600924
39.14803
36.13575
34.597491
33.830914
33.392829
33.339501
33.481572
34.355826
35.180653
36.867327
38.821275
40.102165
44.292902
35.311371
43.269126
74.502206
70.012541
57.478694
48.241055
41.575309
37.165684
34.355796
32.952842
32.466944
31.997074
31.721615
31.67611
31.851929
32.276531
33.192867
35.233775
40.187989
56.489279
163.70536
7247.7496
334.80871
102.83909
61.987554
46.317002
39.479439
36.280298
34.649435
33.828596
33.359898
33.296848
33.443471
34.340625
35.208388
36.947999
39.038998
40.386862
44.702497
35.302113
43.831194
77.125647
72.507894
59.163003
49.251404
42.15564
37.434978
34.462287
32.974747
32.464061
31.970037
31.674746
31.625598
31.801182
32.23047
33.162479
35.243453
40.260368
56.722102
169.39881
3592.5937
318.0069
102.89882
62.626583
46.778187
39.740962
36.38904
34.689441
33.814093
33.328167
33.251179
33.409461
34.328746
35.238336
37.028482
39.258339
40.670858
45.107627
35.292469
44.520439
79.952344
75.127533
60.910978
50.292276
42.75362
37.713033
34.573774
32.999556
32.464162
31.946268
31.628179
31.575431
31.74963
32.18042
33.120932
35.220092
40.252794
56.701242
168.38807
2082.6598
299.67447
102.38416
62.955688
47.089328
39.930794
36.470193
34.715343
33.797091
33.286461
33.203579
33.372156
34.314958
35.271025
37.111515
39.480663
40.956755
45.513128
35.282345
45.358149
83.070329
77.883873
62.723871
51.363261
43.368428
37.999428
34.690093
33.027581
32.46741
31.927235
31.583291
31.526238
31.698454
32.129184
33.071894
35.171318
40.184865
56.474004
164.97048
1347.6418
281.96523
101.44746
63.072605
47.314448
40.054979
36.526211
34.720037
33.77638
33.244067
33.162219
33.342266
34.306751
35.308658
37.194144
39.706275
41.243336
45.917147
35.271919
46.372121
86.518923
80.789332
64.606607
52.464782
43.99961
38.293947
34.811193
33.058479
32.473178
31.913948
31.542605
31.478551
31.647592
32.077951
33.017507
35.104908
40.078742
56.165887
161.06142
1160.3575
264.97827
100.21156
63.067231
47.460414
40.142136
36.570155
34.712224
33.748274
33.202208
33.120802
33.31762
34.308075
35.348693
37.2833
39.935461
41.526343
46.310644
35.261454
47.598035
90.341612
83.868275
66.566567
53.598511
44.6454
38.595974
34.936758
33.092517
32.480348
31.897451
31.499266
31.431631
31.597135
32.026686
32.959606
35.027422
39.9507
55.832179
158.10805
1008.6399
249.04471
98.862833
62.984371
47.532775
40.201399
36.599155
34.701625
33.71661
33.162161
33.080853
33.293107
34.302791
35.394684
37.374656
40.168321
41.810545
46.704813
35.251816
49.0752
94.591638
87.140763
68.608014
54.766051
45.306901
38.904488
35.06655
33.129239
32.491326
31.886572
31.459056
31.386077
31.547511
31.9753
32.899882
34.943528
39.807005
55.432938
153.7432
886.47307
234.50607
97.43838
62.824909
47.547253
40.232404
36.614606
34.687809
33.687485
33.123556
33.045552
33.278532
34.308742
35.448218
37.472535
40.404932
42.095172
47.093876
35.241346
50.854507
99.329136
90.628583
70.736722
55.966289
45.982716
39.220026
35.201078
33.169227
32.507536
31.881118
31.422294
31.342727
31.499345
31.924084
32.839618
34.856565
39.654469
55.006859
149.39433
787.15589
221.58358
95.996049
62.588024
47.520065
40.237304
36.621299
34.674278
33.661072
33.088941
33.015544
33.268733
34.313543
35.50595
37.580203
40.645384
42.380592
47.482497
35.23064
52.993787
104.63294
94.342038
72.944135
57.198828
46.668042
39.538035
35.337221
33.210222
32.527806
31.888945
31.388057
31.300854
31.452589
31.873399
32.779404
34.769151
39.49818
54.572123
145.23941
708.18165
210.39777
94.62302
62.293869
47.469037
40.228949
36.618975
34.662966
33.636413
33.059616
32.990575
33.262592
34.328073
35.569202
37.686771
40.889612
42.669511
47.870182
35.220604
55.564427
110.56976
98.411623
75.279665
58.467407
47.370397
39.864717
35.479211
33.255065
32.548456
31.889077
31.356441
31.258371
31.405763
31.822503
32.719347
34.683182
39.345951
54.144161
141.21739
645.96511
200.88285
93.249287
61.970867
47.405901
40.217532
36.6097
34.651926
33.614539
33.035607
32.970441
33.2624
34.349153
35.651522
37.808011
41.134723
42.958379
48.256043
35.210325
58.636656
117.14809
102.95739
77.750839
59.776984
48.085198
40.196288
35.624317
33.302472
32.573519
31.862657
31.320989
31.221452
31.372225
31.796988
32.710633
34.715956
39.540853
55.261964
154.69225
4701.0799
638.79342
200.7514
93.103438
61.64274
47.335596
40.203079
36.597188
34.639784
33.595753
33.017016
32.955286
33.267269
34.375094
35.729747
37.919975
41.382795
43.248067
48.634516
35.201356
62.210896
123.72035
108.05381
80.376934
61.132269
48.811571
40.531617
35.771302
33.352422
32.597684
31.887057
31.291049
31.182626
31.328507
31.748727
32.652796
34.637556
39.411671
54.953269
152.76293
3211.0608
594.79409
193.21367
91.812813
61.457652
47.247107
40.184531
36.583727
34.627477
33.579706
33.003183
32.944557
33.277967
34.406539
35.809817
38.046557
41.634467
43.536584
49.012053
35.193154
66.185893
129.51098
113.74401
83.176649
62.532836
49.551613
40.872206
35.920635
33.405004
32.62417
31.891524
31.267282
31.145608
31.286284
31.701938
32.59733
34.566958
39.306385
54.765578
152.60789
2518.7518
560.32823
186.96087
90.622797
61.067435
47.111602
40.136186
36.558042
34.610402
33.564506
32.993314
32.937997
33.293676
34.442886
35.896474
38.174171
41.889085
43.822896
49.380769
35.185763
70.448164
134.6374
120.0602
86.174913
63.97988
50.302657
41.216093
36.071894
33.459875
32.652107
31.898363
31.246374
31.110114
31.245846
31.656879
32.544666
34.503961
39.22135
54.651423
153.53079
2105.3103
532.46457
181.72533
89.548294
60.697834
46.977568
40.083735
36.532558
34.593791
33.551145
32.987284
32.935057
33.313801
34.48217
35.988867
38.307025
42.147778
44.110477
49.746803
35.179925
74.887555
139.22889
127.03881
89.437864
65.48111
51.065738
41.564026
36.225377
33.516534
32.681913
31.90788
31.226416
31.07646
31.207476
31.613817
32.495091
34.447795
39.151682
54.590875
154.92445
1824.6942
509.33312
177.31201
88.584242
60.3439
46.846797
40.028737
36.508237
34.577234
33.539744
32.983238
32.936096
33.337944
34.525477
36.086201
38.442314
42.410851
44.401571
50.104061
35.175682
79.411761
143.4478
134.69071
93.112239
67.037509
51.841474
41.915111
36.380143
33.575009
32.713748
31.921185
31.222625
31.045783
31.171373
31.572993
32.448828
34.397692
39.093473
54.580176
156.57173
1619.2205
489.6483
173.52517
87.716989
60.009534
46.717523
39.971267
36.484894
34.560441
33.529593
32.98077
32.940204
33.36693
34.575035
36.190001
38.581632
42.675531
44.696763
50.45796
35.173092
83.954263
147.40522
142.92062
97.313095
68.687521
52.62956
42.271162
36.537605
33.635378
32.748033
31.937207
31.202845
31.016465
31.137514
31.53449
32.405916
34.352564
39.043756
54.591571
158.33999
1461.2393
472.44667
170.20495
86.935634
59.695116
46.59087
39.911871
36.460757
34.543524
33.520163
32.979836
32.94712
33.398547
34.628098
36.298303
38.727179
42.943373
44.996161
50.805685
35.172274
88.448826
151.14822
150.8287
102.09307
70.458498
53.43161
42.629568
36.696158
33.697717
32.785436
31.956027
31.189211
30.98721
31.105777
31.498307
32.3662
34.311441
39.001524
54.619632
160.16228
1335.3356
457.06156
167.23638
86.215674
59.400728
46.466796
39.852252
36.434501
34.526803
33.510819
32.980068
32.956589
33.43199
34.684066
36.409024
38.879176
43.222194
45.30272
51.150278
35.187169
92.856302
154.6641
157.8127
107.46474
72.377182
54.248195
42.992221
36.855629
33.761246
32.824957
31.97693
31.178399
30.960903
31.07615
31.46444
32.329316
34.273114
38.967679
54.659248
161.995
1232.2367
443.09006
164.54226
85.550967
59.126394
46.345885
39.79364
36.405746
34.510407
33.501011
32.981359
32.968115
33.466601
34.742465
36.521534
39.034664
43.504744
45.616091
51.49677
35.209586
97.14333
157.94892
163.92387
113.3998
74.500043
55.085994
43.356901
37.016957
33.825962
32.865621
31.995866
31.172186
30.932243
31.04865
31.432897
32.294988
34.236752
38.938499
54.707114
163.78611
1146.0132
430.29232
162.06671
84.928714
58.870817
46.227746
39.73661
36.374897
34.494053
33.490582
32.983695
32.981077
33.501917
34.802971
36.635595
39.193045
43.791044
45.934272
51.831513
35.21408
101.28178
160.9835
169.23282
119.87689
76.879798
55.945946
43.724665
37.179527
33.891629
32.907759
32.019286
31.167904
30.904642
31.023288
31.403676
32.262952
34.201975
38.912794
54.76004
165.4993
1072.6623
418.4808
159.76371
84.347734
58.630941
46.111555
39.68088
36.342389
34.477203
33.479725
32.986678
32.99506
33.537717
34.865216
36.750976
39.353763
44.081119
46.256958
52.158858
35.220492
105.24023
163.76914
173.83565
126.84745
79.556811
56.843807
44.095764
37.342457
33.958189
32.951968
32.043789
31.153964
30.878997
30.999918
31.376688
32.23296
34.168957
38.890277
54.815778
167.11473
1009.397
407.49999
157.60725
83.799172
58.403226
45.996343
39.625593
36.30836
34.459371
33.469049
32.990096
33.009858
33.573966
34.928971
36.867608
39.516657
44.373545
46.584519
52.485714
35.22873
109.00277
166.28333
177.77857
133.70686
82.546334
57.795141
44.470886
37.507242
34.025961
32.997808
32.070313
31.152332
30.855467
30.978397
31.351764
32.204769
34.136978
38.870451
54.872942
168.62081
954.20594
397.23051
155.58414
83.27925
58.185683
45.881648
39.569792
36.272823
34.440336
33.45869
32.993697
33.025633
33.610636
34.993976
36.985327
39.68146
44.665815
46.916761
52.815985
35.238572
112.56556
168.53713
181.15731
140.20609
85.864443
58.798711
44.859097
37.672691
34.095488
33.045785
32.102095
31.152051
30.834551
30.959001
31.328708
32.178337
34.106033
38.853022
54.930936
170.01531
905.59367
387.60601
153.68559
82.782734
57.97373
45.767716
39.512828
36.235899
34.420163
33.448499
32.997229
33.042337
33.647691
35.060098
37.104023
39.848151
44.957943
47.253797
53.150139
35.250204
115.92181
170.5383
184.0809
146.32891
89.459573
59.863943
45.257149
37.843627
34.167283
33.092972
32.13229
31.152389
30.818272
30.941854
31.307313
32.153256
34.076219
38.837744
54.989553
171.30126
862.42503
378.5821
151.89831
82.308096
57.766163
45.655173
39.454503
36.197859
34.399081
33.438198
33.000517
33.059579
33.685128
35.127366
37.223497
40.016521
45.249788
47.595611
53.488276
35.263508
119.05362
172.28571
186.54346
152.04012
93.218369
61.001393
45.666872
38.018627
34.242284
33.143493
32.162265
31.155352
30.80823
30.926292
31.287279
32.129327
34.047683
38.824347
55.048543
172.47754
823.82359
370.10345
150.20692
81.853845
57.562959
45.544593
39.394983
36.159044
34.377369
33.427767
33.003463
33.077127
33.72292
35.19535
37.343636
40.186548
45.541275
47.942295
53.830561
35.278694
121.96347
173.793
188.60985
157.32329
97.118003
62.216999
46.087986
38.197595
34.320877
33.199722
32.196937
31.156227
30.80322
30.911626
31.268282
32.106421
34.020585
38.812503
55.107592
173.54499
789.09504
362.10879
148.60212
81.414676
57.361962
45.436588
39.334654
36.119809
34.355312
33.417245
33.00607
33.094944
33.761063
35.263791
37.464266
40.357913
45.832364
48.293934
54.177073
35.295641
124.65613
175.07089
190.3373
162.16075
101.13169
63.514837
46.522344
38.379262
34.40282
33.258493
32.231452
31.155528
30.800027
30.897594
31.250132
32.084466
33.995047
38.801875
55.166515
174.51121
757.67878
354.5445
147.07521
80.986651
57.165989
45.331678
39.273987
36.080478
34.333195
33.406741
33.008404
33.112843
33.799515
35.332703
37.585287
40.530533
46.123054
48.650616
54.527935
35.31458
127.12632
176.13165
191.78073
166.56366
105.23029
64.904672
46.972164
38.564423
34.487941
33.317868
32.264935
31.155151
30.79718
30.88419
31.232739
32.063419
33.971182
38.792196
55.225209
175.38253
729.11961
347.36327
145.61206
80.568979
56.972916
45.229898
39.213451
36.041323
34.311272
33.396325
33.010533
33.130839
33.838266
35.402003
37.706536
40.704314
46.413347
49.012422
54.883249
35.335375
129.38505
176.99112
192.95938
170.52984
109.38195
66.389474
47.43725
38.752499
34.57548
33.378545
32.298372
31.154962
30.794747
30.871508
31.216065
32.043248
33.948971
38.783292
55.283488
176.16121
703.04822
340.51858
144.19906
80.160521
56.785173
45.13066
39.153502
36.002554
34.289704
33.385971
33.012316
33.148776
33.87726
35.471744
37.827908
40.879014
46.703233
49.379436
55.243161
35.358275
131.44182
177.66155
193.89544
174.08281
113.55887
67.973712
47.920163
38.94406
34.66477
33.44111
32.332363
31.15761
30.793146
30.859678
31.200083
32.023923
33.928118
38.775063
55.341167
176.85342
679.15722
333.96622
142.83364
79.761226
56.601372
45.033335
39.094579
35.964327
34.268519
33.375586
33.013827
33.166705
33.916494
35.541803
37.949244
41.054558
46.992707
49.751741
55.607781
35.383132
133.29736
178.15449
194.61228
177.22953
117.72081
69.658342
48.422852
39.138967
34.755807
33.505795
32.367761
31.18017
30.792373
30.848766
31.184771
32.005415
33.908652
38.767452
55.398302
177.4731
657.18511
327.67298
141.51593
79.373732
56.42106
44.937979
39.037024
35.926741
34.247623
33.365058
33.015075
33.184487
33.955914
35.61222
38.070449
41.230619
47.281738
50.12943
55.977245
35.410214
134.96469
178.48651
195.13153
180.00021
121.84211
71.448155
48.948265
39.337614
34.848266
33.571723
32.404462
31.187185
30.792828
30.838813
31.170113
31.987691
33.89046
38.760496
55.455211
178.03652
636.91506
321.61839
140.24351
79.000908
56.245575
44.844451
38.980949
35.889811
34.226829
33.354315
33.016036
33.202136
33.995527
35.682856
38.191396
41.407222
47.570335
50.512594
56.351655
35.439366
136.45568
178.6694
195.47173
182.40773
125.8937
73.33856
49.4968
39.539928
34.942385
33.638525
32.442832
31.195106
30.792909
30.829939
31.156103
31.97071
33.873411
38.754302
55.512279
178.55446
618.16177
315.79456
139.01002
78.64188
56.074086
44.752276
38.926249
35.853455
34.205928
33.343341
33.016667
33.219486
34.035289
35.753734
38.312033
41.584154
47.858484
50.901343
56.731135
35.47087
137.7727
178.71587
195.65081
184.473
129.84375
75.32934
50.072652
39.746226
35.037913
33.705785
32.483424
31.203899
30.792841
30.821722
31.142747
31.954419
33.857364
38.748844
55.569643
179.03032
600.76109
310.19868
137.81447
78.294364
55.906239
44.661111
38.872731
35.817529
34.184729
33.332167
33.016957
33.236584
34.075221
35.824722
38.432286
41.761532
48.146246
51.295774
57.115787
35.504566
138.92984
178.63603
195.68498
186.2316
133.67344
77.419125
50.676876
39.957048
35.135197
33.773769
32.526244
31.213685
30.794882
30.814773
31.130051
31.938754
33.842178
38.74404
55.627123
179.463
584.56709
304.82425
136.65838
77.957664
55.741734
44.570807
38.820193
35.781889
34.163111
33.320836
33.016887
33.253462
34.115278
35.895828
38.552159
41.93918
48.433638
51.696013
57.505728
35.540752
139.93973
178.44509
195.5893
187.69984
137.36686
79.602797
51.314371
40.172904
35.234321
33.842203
32.571083
31.22426
30.795276
30.808387
31.117965
31.92363
33.827706
38.739748
55.684376
179.85066
569.4554
299.65964
135.53986
77.63136
55.580183
44.481343
38.768422
35.746427
34.141017
33.309377
33.016502
33.270204
34.155482
35.966928
38.671627
42.117299
48.72078
52.102161
57.901076
35.579262
140.80572
178.1527
195.37767
188.91168
140.8984
81.880054
51.985345
40.393808
35.33526
33.911345
32.617426
31.23554
30.795931
30.801309
31.106494
31.909237
33.813876
38.735776
55.741044
180.19449
555.32803
294.68726
134.45451
77.31459
55.421201
44.392733
38.717179
35.711059
34.118433
33.297781
33.015887
33.286815
34.195777
36.038014
38.790738
42.295694
49.007696
52.514352
58.301949
35.620408
141.54103
177.76731
195.06041
189.88614
144.26083
84.24076
52.694668
40.620451
35.437952
33.981037
32.664612
31.247591
30.796878
30.796188
31.095509
31.895123
33.800282
38.731997
55.796798
180.49768
542.10302
289.89301
133.3974
77.005737
55.264245
44.304962
38.666192
35.675695
34.095346
33.285986
33.015164
33.303408
34.236171
36.108989
38.909499
42.474661
49.294519
52.932687
58.708487
35.664017
142.15725
177.3011
194.64725
190.6429
147.44925
86.676772
53.442441
40.852008
35.542286
34.051162
32.711842
31.260507
30.798204
30.791841
31.078475
31.88111
33.787202
38.728147
55.851575
180.76403
529.70977
285.26075
132.36296
76.702569
55.108753
44.218009
38.615176
35.640213
34.071738
33.273891
33.014408
33.319943
34.276596
36.179833
39.027978
42.653951
49.581272
53.357307
59.120815
35.710418
142.6574
176.76135
194.14733
191.21004
150.44581
89.178688
54.233943
41.089462
35.648179
34.122071
32.758317
31.274345
30.79998
30.787888
31.068387
31.85361
33.774367
38.724311
55.90533
180.99748
518.09305
280.77726
131.34564
76.403019
54.954381
44.1319
38.563886
35.604486
34.047591
33.2614
33.013686
33.336545
34.317056
36.250489
39.146193
42.83395
49.868149
53.788314
59.539095
35.759432
143.0532
176.15362
193.56855
191.60333
153.2519
91.736093
55.069732
41.333752
35.755691
34.193659
32.803602
31.289053
30.802074
30.784219
31.058752
31.83953
33.731323
38.71941
55.957745
181.20157
507.20323
276.4358
130.34218
76.105558
54.800851
44.046625
38.512195
35.568428
34.022912
33.248456
33.013011
33.353121
34.35748
36.320952
39.264209
43.014337
50.155127
54.225859
59.96345
35.811404
143.35472
175.48865
192.91724
191.83767
155.86827
94.342605
55.952929
41.584268
35.864709
34.265851
32.847514
31.304537
30.804268
30.78073
31.04939
31.82668
33.719081
38.646078
55.794181
181.37807
497.00906
272.23116
129.35149
75.809216
54.647932
43.962232
38.460109
35.532037
33.997709
33.235069
33.012445
33.3698
34.397884
36.391191
39.382042
43.19557
50.442411
54.670043
60.394063
35.866149
143.56409
174.7697
192.20055
191.93573
158.28414
96.978839
56.884848
41.842788
35.975478
34.338662
32.890258
31.320753
30.806449
30.777416
31.040253
31.814017
33.70714
38.643806
55.837758
179.79904
487.87473
268.90418
128.37313
75.513528
54.495721
43.878819
38.407725
35.495378
33.972004
33.221303
33.012032
33.386439
34.438205
36.461241
39.499737
43.377237
50.729919
55.121034
60.831042
35.924029
143.69146
174.00508
191.4252
191.90875
160.51141
99.638113
57.867933
42.109249
36.087597
34.411624
32.932388
31.337668
30.808649
30.774323
31.031368
31.801518
33.69508
38.641438
55.89396
180.02225
478.90906
264.92096
127.40681
75.218404
54.344482
43.796382
38.355155
35.458557
33.945928
33.207252
33.011771
33.403172
34.478474
36.531086
39.617313
43.55984
51.017874
55.578935
61.274592
35.984855
143.74525
173.19917
190.59707
191.7697
162.54193
102.30791
58.903332
42.383976
36.201247
34.484763
32.97458
31.355253
30.810932
30.771475
31.022746
31.789149
33.682954
38.639117
55.948574
180.22938
470.49234
261.05737
126.45232
74.923914
54.194462
43.714821
38.302477
35.421673
33.919564
33.193004
33.011625
33.419815
34.518637
36.600816
39.734815
43.742884
51.306131
56.043932
61.724797
36.049007
143.72669
172.35539
189.72239
191.53167
164.39074
104.98212
59.992884
42.668757
36.316419
34.558124
33.017372
31.373334
30.813326
30.768875
31.014401
31.776878
33.670695
38.636798
56.002597
180.42952
462.57708
257.30216
125.50953
74.630169
54.045881
43.634025
38.249727
35.384807
33.892964
33.178633
33.011566
33.436515
34.558743
36.670427
39.852267
43.926897
51.594944
56.516133
62.181892
36.116289
143.6445
171.48088
188.80595
191.20437
166.05735
107.64005
61.136834
42.96401
36.433132
34.63134
33.061176
31.391643
30.815838
30.766519
31.006303
31.764717
33.65838
38.634399
56.056245
180.63144
455.12129
253.65277
124.57843
74.337209
53.898909
43.5539
38.196903
35.348021
33.866195
33.164209
33.011528
33.453058
34.598742
36.740055
39.969717
44.111314
51.884097
56.995741
62.645936
36.187101
143.50393
170.57735
187.8533
190.79828
167.5435
110.27689
62.336303
43.270521
36.550939
34.70451
33.106094
31.409966
30.818498
30.764402
30.998415
31.752647
33.646008
38.632121
56.108806
180.84247
448.13612
250.09791
123.65923
74.044957
53.753599
43.47436
38.143987
35.311358
33.839369
33.149788
33.011462
33.469613
34.638692
36.809712
40.087195
44.296706
52.173889
57.482868
63.117204
36.261242
143.31186
169.65155
186.86831
190.32384
168.86593
112.88561
63.591242
43.589503
36.670428
34.777816
33.151951
31.428165
30.821356
30.762484
30.990677
31.740671
33.633692
38.629838
56.161247
181.06718
441.64066
246.63639
122.75204
73.753307
53.609895
43.395319
38.090967
35.274843
33.812643
33.135426
33.011291
33.48595
34.678547
36.879505
40.204753
44.482441
52.464041
57.977736
63.595729
36.339128
143.06844
168.70398
185.85622
189.78857
170.02376
115.44887
64.901373
43.921759
36.791172
34.85113
33.198369
31.446108
30.824478
30.76068
30.983051
31.728781
33.621431
38.627639
56.213601
181.30781
435.65163
243.26386
121.85658
73.462175
53.467699
43.316694
38.037847
35.238488
33.786184
33.121179
33.010974
33.502267
34.718364
36.949494
40.32243
44.669172
52.75489
58.480458
64.081834
36.420556
142.78064
167.73998
184.8198
189.19077
171.03338
117.96518
66.265762
44.268628
36.913563
34.92431
33.24485
31.463947
30.827863
30.758884
30.975494
31.716963
33.609238
38.625305
56.265004
181.56538
430.17976
239.98024
120.97208
73.171645
53.326954
43.238439
37.984655
35.2023
33.760155
33.107082
33.01046
33.518329
34.758095
37.019638
40.440288
44.856165
53.046122
58.991276
64.575528
36.505963
142.45248
166.76052
183.76239
188.54273
171.89887
120.41886
67.685596
44.631073
37.037115
34.99777
33.290833
31.481682
30.831503
30.757002
30.96798
31.705213
33.597143
38.623121
56.316615
181.83867
425.22232
236.78169
120.098
72.882071
53.187663
43.160545
37.931439
35.166286
33.734679
33.093191
33.009744
33.534373
34.797795
37.090108
40.558365
45.044218
53.338112
59.510305
65.077178
36.595135
142.08926
165.77098
182.68732
187.84838
172.62733
122.81013
69.154496
45.010439
37.162787
35.071336
33.335942
31.499434
30.835381
30.75499
30.960489
31.693502
33.585101
38.620816
56.367023
182.12541
420.76926
233.66682
119.23448
72.593983
53.049832
43.083034
37.87827
35.130462
33.709787
33.079563
33.008808
33.550156
34.837412
37.160629
40.676736
45.232508
53.630554
60.037805
65.586785
36.688538
141.69051
164.77079
181.59692
187.11208
173.22777
125.12489
70.673087
45.407661
37.289991
35.145043
33.380001
31.51735
30.839463
30.752856
30.953013
31.681803
33.573109
38.61859
56.417405
182.42269
416.80245
230.6335
118.3819
72.307884
52.913404
43.005924
37.825239
35.094844
33.685472
33.066239
33.007672
33.565962
34.877001
37.231581
40.795426
45.421903
53.923833
60.573893
66.104747
36.785944
141.26166
163.76434
180.49456
186.33824
173.70393
127.36428
72.240731
45.824265
37.419514
35.218879
33.423067
31.535537
30.843704
30.750642
30.945547
31.670115
33.56118
38.616399
56.466296
182.72917
413.30745
227.68078
117.54045
72.024087
52.778251
42.929229
37.772459
35.059443
33.661696
33.053237
33.006331
33.581533
34.916511
37.302397
40.91452
45.611627
54.217706
61.118857
66.631079
36.887851
140.80559
162.75122
179.38223
185.53082
174.07342
129.52079
73.850499
46.261957
37.551095
35.292845
33.465329
31.554048
30.848052
30.748409
30.938108
31.658432
33.549264
38.61437
56.514855
183.04594
410.26169
224.80506
116.71011
71.74269
52.644224
42.852949
37.720048
35.024247
33.638393
33.040563
33.004814
33.597199
34.955998
37.373779
41.034012
45.802407
54.512567
61.672813
67.166159
36.994016
140.32642
161.73559
178.26117
184.69098
174.33789
131.58251
75.503118
46.720849
37.685227
35.366941
33.507027
31.572884
30.85245
30.746214
30.930709
31.64678
33.537387
38.612564
56.562119
183.37492
407.63819
222.00428
115.89073
71.463667
52.511198
42.777075
37.668117
34.989228
33.61547
33.028199
33.003114
33.612679
34.995418
37.444964
41.153978
45.993687
54.80827
62.235965
67.710061
37.104971
139.82312
160.7165
177.13444
183.82427
174.5066
133.55902
77.19036
47.202433
37.821508
35.44115
33.548447
31.59196
30.856862
30.74411
30.923367
31.635209
33.525521
38.610935
56.608542
183.71973
405.40744
219.27607
115.08226
71.18697
52.379084
42.701575
37.616739
34.954343
33.592815
33.016111
33.001266
33.628345
35.034835
37.516771
41.274365
46.185901
55.10515
62.800818
68.263088
37.220456
139.30006
159.69746
176.00315
182.93382
174.58419
135.43894
78.914081
47.709531
37.961052
35.51547
33.58989
31.611189
30.861283
30.742131
30.916098
31.623744
33.513677
38.609487
56.65371
184.08254
403.53615
216.61867
114.28491
70.912563
52.247799
42.626386
37.565936
34.919552
33.57032
33.00425
32.999273
33.643879
35.07421
37.588429
41.395225
46.378855
55.403
63.36253
68.825254
37.34104
138.75919
158.67747
174.86871
182.02326
174.5804
137.22337
80.667125
48.240649
38.103129
35.589936
33.631465
31.630511
30.865721
30.740285
30.908897
31.612423
33.501916
38.608428
56.698062
184.46649
401.9842
214.03164
113.49912
70.640361
52.117225
42.551405
37.515675
34.884822
33.547889
32.992553
32.997182
33.659689
35.113616
37.660671
41.51645
46.572579
55.702197
63.920967
69.396813
37.466441
138.20396
157.65983
173.73304
181.09468
174.49797
138.90197
82.441838
48.799682
38.249224
35.664567
33.673297
31.649839
30.870188
30.738544
30.901744
31.601246
33.490145
38.607427
56.741152
184.87294
400.71755
211.51295
112.72507
70.37017
51.987181
42.4765
37.465881
34.850142
33.525457
32.980957
32.995012
33.675403
35.153019
37.732747
41.638071
46.767297
56.002433
64.476331
69.977809
37.59727
137.63256
156.64385
172.59833
180.15171
174.3482
140.48908
84.23966
49.384392
38.398018
35.739618
33.715373
31.669099
30.874682
30.73685
30.894596
31.590182
33.478449
38.606727
56.78385
185.30315
399.71486
209.05981
111.96254
70.101645
51.857426
42.401542
37.416459
34.815518
33.502991
32.9694
32.992818
33.691462
35.192497
37.805412
41.759941
46.962652
56.304262
65.028924
70.568461
37.733219
137.04958
155.62968
171.46309
179.19537
174.13079
141.97412
86.053967
49.999158
38.551418
35.814682
33.757563
31.688214
30.879186
30.735129
30.887412
31.579197
33.466747
38.606072
56.825259
185.76103
398.95865
206.66657
111.21058
69.834321
51.727698
42.326433
37.367319
34.780975
33.480482
32.95784
32.990628
33.707413
35.232012
37.877836
41.88208
47.159204
56.607192
65.578173
71.168867
37.874942
136.45471
154.62336
170.33435
178.23009
173.86002
143.3623
87.874284
50.640615
38.708018
35.890051
33.799761
31.707125
30.883684
30.733311
30.880147
31.568266
33.455031
38.605503
56.865837
186.24888
398.4336
204.32906
110.46793
69.567722
51.597778
42.251141
37.318397
34.746551
33.457942
32.946255
32.988491
33.723732
35.27164
37.950878
42.004317
47.356571
56.912125
66.125553
71.779191
38.022111
135.85647
153.61781
169.2067
177.25476
173.52974
144.64954
89.706107
51.313987
38.869497
35.965973
33.84185
31.72581
30.888178
30.731349
30.872768
31.557353
33.443323
38.604872
56.905217
186.77116
398.12314
202.04474
109.73365
69.301498
51.467538
42.175711
37.269655
34.712283
33.435395
32.934642
32.986417
33.739863
35.311315
38.023652
42.126648
47.555127
57.217998
66.671177
72.399707
38.175425
135.26246
152.64853
168.11369
176.29255
173.16543
145.83917
91.533655
52.01565
39.035344
36.042058
33.883729
31.744285
30.892672
30.729222
30.865266
31.546423
33.431624
38.604245
56.943859
187.33193
398.00914
199.8129
109.00728
69.035506
51.336964
42.100252
37.221085
34.678203
33.412868
32.923015
32.984396
33.756505
35.351124
38.097105
42.24888
47.754995
57.525812
67.211503
73.030215
38.334486
134.76197
151.79601
167.14191
175.41753
172.78313
146.87734
93.306404
52.733529
39.204331
36.118842
33.925273
31.762597
30.897158
30.726926
30.857649
31.535464
33.419869
38.603481
56.980874
187.9161
398.05848
197.6363
108.28873
68.769821
51.206125
42.024911
37.172693
34.644326
33.39038
32.911378
32.982184
33.772962
35.390512
38.169966
42.369791
47.953668
57.83084
67.744504
73.663188
38.49924
125.81737
960.33021
252.10266
168.44066
308.14832
82.505081
1262.6815
667.80215
145.96856
285.00392
371.21089
670.15093
103.00108
1135.706
333.95068
454.20054
717.4128
1181.0881
120.94506
484.92327
541.99599
1185.5737
136.00784
554.13235
576.65941
148.37767
577.86857
571.55659
157.77487
567.83765
551.85295
161.7782
8492.8718
545.17313
523.06856
7611.0978
169.16862
8557.1402
5067.5507
514.96797
489.08287
3672.9415
168.7936
6010.5327
3421.4688
480.06625
452.79067
2164.1993
166.21754
3278.431
2787.4895
443.8505
418.06749
1399.8698
161.70629
2649.0209
1943.8358
409.74307
385.70855
1203.5056
159.10505
1867.8269
1473.187
378.03623
356.13388
1043.5633
154.69369
1428.5675
1526.6264
150.44929
1457.4968
1278.2285
146.29916
1226.8506
1095.9832
142.17971
1058.7882
962.95548
9835.7644
155.54522
935.83718
939.94171
6800.4429
69.31221
114.40137
651.4972
902.61142
456.3815
433.73065
658.01599
3261.0413
927.21528
1150.9447
1277.6988
1233.8686
1501.279
1561.0682
1569.3224
1563.6985
1539.2926
1485.1979
1393.2869
1326.1162
1219.9917
1352.8409
8337.1289
1240.5165
1204.2809
4780.3634
1100.5014
1067.9617
2518.5901
975.39292
946.56555
1871.2246
349.22681
329.61922
914.79749
5895.5123
5047.5298
323.48697
306.31796
809.96944
3873.8016
3213.1541
301.03934
286.42459
726.16915
2951.0489
2589.4467
2174.9535
1997.0259
879.52831
232.15474
394.25057
4444.2117
1160.5962
4677.35
493.2018
3589.727
890.55919
1121.3169
475.62306
198.12541
178.8633
241.09975
223.09797
525.63405
960.56177
1326.7074
1448.1126
910.0319
281.63553
262.37146
324.01487
303.74173
955.32243
1237.4922
1566.1742
1570.8365
362.81188
343.99191
368.42231
362.79144
1559.9664
1546.9655
382.51069
370.62423
399.91696
384.35887
1458.8898
1410.3818
407.11097
404.02873
431.71405
409.12501
1306.2417
1242.7299
433.33128
433.91044
431.40703
432.86171
8416.6136
1314.9381
1276.9445
454.15891
432.09306
456.49911
457.7069
7179.9677
6982.3405
4619.7555
1169.2949
1134.3906
453.1888
455.59323
448.6629
452.24614
4596.2676
4472.2032
2426.1425
1036.1935
1005.3439
444.543
447.40004
437.22644
443.79475
2658.1144
2592.6293
1809.6076
918.81232
892.46882
408.7872
432.45639
399.57421
404.06133
2304.1433
2201.9995
396.71481
398.6146
392.02658
395.80555
1678.0255
1621.2641
374.95751
390.09119
361.63501
368.82283
1680.2308
6898.3886
4969.2604
6961.4548
1600.8778
5924.0797
355.26544
360.31083
338.51092
351.81915
1393.1312
3425.6979
4876.5651
2876.2264
3281.876
1333.4672
4880.6925
4007.2192
331.06288
335.78656
318.83914
329.10015
1179.3321
2429.29
2752.378
3564.8798
3097.5138
309.70722
315.63474
298.53529
307.29147
2494.233
2246.1824
291.82781
296.54687
70.030215
121.58296
62.737331
2127.6699
863.92304
2462.5574
2629.1869
1190.1921
3370.315
3507.7283
95.784252
105.80219
320.35148
3287.747
3234.9792
108.60054
115.69959
351.19853
3012.0126
2968.5544
102.54836
105.91685
55.851737
244.86956
247.45557
152.7683
2481.8163
2386.3012
106.74865
108.46986
56.390561
261.39691
261.7521
160.15527
1979.4459
1918.9765
109.32191
111.56032
56.690444
266.10299
274.13024
166.5645
1910.3699
1868.4528
5639.6082
111.78843
111.6591
56.727812
277.63456
277.21663
169.35674
1555.0582
1517.2779
2711.9238
111.50258
110.5834
56.546982
274.78454
273.77551
167.86759
110.0995
108.75182
56.24565
267.25079
263.68604
163.58828
866.83043
841.95505
1297.1427
108.42367
107.44073
55.923016
258.87625
257.95055
160.4961
772.40735
751.07891
1119.3763
107.00538
105.52711
55.534585
253.17285
250.11608
156.8983
6633.1194
5790.9792
281.97215
269.78759
659.9969
4562.7288
4302.3902
5196.4565
4351.2371
153.07881
916.6331
855.90034
3468.5153
124.78789
222.88893
610.09451
158.46747
139.68331
274.09414
2945.8
4337.4089
612.94553
1269.1533
1862.1611
5170.9168
2218.879
2448.8617
1079.3585
3101.3625
3207.1086
776.81949
495.54752
474.40253
625.6021
596.65033
1026.8431
1299.1247
925.44722
913.96036
527.289
3366.48
3309.0059
1217.647
652.66527
636.36481
710.26093
703.55489
564.04173
940.60738
934.10516
946.0183
944.81325
571.72479
3077.5286
3029.3164
726.97179
710.26677
804.58636
755.04413
2536.3665
2498.2004
804.27056
808.02322
908.3557
833.48527
155.15693
252.27943
259.01077
2122.6853
2012.2289
900.33568
906.93654
862.34694
874.4241
160.79859
261.83331
262.482
9686.1969
2030.1595
1967.5881
850.52727
859.96565
1136.5485
1144.4252
168.42285
277.61027
277.92063
9790.9433
6537.1252
4200.2352
1637.9716
1595.5956
1148.7845
1134.2438
1175.2296
1174.3137
169.13135
276.57139
275.71926
5294.3212
3740.2176
1172.8076
1174.4413
1317.8147
1278.9795
167.19473
272.5155
270.46117
3006.2902
8380.301
7720.7883
2908.374
1189.8541
1322.7627
962.69225
945.26974
162.51684
261.30356
259.82353
2528.2291
6580.1139
8266.3943
3326.8829
4288.7053
2019.3402
1249.1567
817.91224
794.72372
991.63357
966.68057
1631.7086
1605.6767
159.86914
256.82813
255.35348
1802.1864
3029.845
3164.2291
1651.7778
1640.9244
1291.748
1277.758
155.7108
247.23534
245.20306
1304.1442
1294.8433
1029.7962
1092.0901
1018.9334
1022.5293
870.38623
971.82656
1825.4777
1917.0011
1136.0695
6583.1167
840.60475
850.63544
722.72307
754.3642
1024.4319
1663.7476
1741.0893
1528.2171
1593.048
992.46882
4998.7235
4646.2444
723.06965
718.40977
514.75156
522.71144
2003.7746
2698.7985
3452.3797
1201.7905
948.22956
1742.0687
1215.8132
2132.5966
1215.846
1485.3163
2700.052
868.33806
2661.5508
2831.9589
1198.4822
3497.2549
3457.7541
1568.4524
2158.778
2168.9258
2135.9709
2146.1254
1565.5345
3214.1784
3162.6472
2946.5473
2745.7699
2327.484
2212.7675
2269.3188
2192.3269
5555.152
1821.1524
1770.2071
2603.3602
1479.6182
1447.2924
5246.4068
5184.8833
3582.9104
3477.1304
2821.9863
5046.8418
5383.2182
4645.5653
4965.1672
2697.2303
5760.3043
5309.3273
4239.8615
4026.142
580.6235
672.92661
3171.0661
3405.8955
4444.5391
732.90446
1092.7704
525.46307
2461.176
1963.8601
2681.7726
2484.4907
1731.3835
1986.8614
4977.6206
1042.3986
2978.3406
3095.5509
537.44686
517.07449
843.50381
1026.0971
578.31168
561.60041
1295.5139
3440.3169
3384.9674
1569.4512
2197.9424
2203.7276
2180.0342
2189.7746
1570.3425
692.78396
686.13964
1228.7335
696.00459
691.11894
3144.2829
3093.5038
1556.8208
2112.0908
2123.6685
754.36544
745.14465
752.58712
753.39157
2654.4543
2553.9071
798.05432
802.52881
406.2463
539.41651
539.10828
425.44796
585.69132
597.97032
540.07781
549.94652
414.54655
800.01249
796.52715
2192.3282
2145.4648
888.97695
897.93096
434.03358
597.89895
597.8173
598.33443
598.42106
434.24288
431.70698
598.46818
598.35143
598.17889
598.56234
432.22428
876.31686
887.33701
2125.3164
2081.4673
9546.7947
1145.3577
851.23067
444.86457
618.56173
740.52349
598.51602
604.95107
435.7892
457.47565
744.88578
741.64578
745.75319
745.85443
457.99983
1145.4658
1147.7597
9924.8409
6633.2394
1723.7621
1683.3908
4347.8351
1165.1042
1151.0472
454.07032
740.49341
739.33996
740.47142
740.66666
454.82615
449.96631
736.35063
733.74633
738.83309
737.03176
451.1164
1174.1521
1166.2698
4957.4873
3862.7587
1222.908
1171.2842
445.29889
728.59167
730.48194
732.67889
728.97292
446.15686
440.81811
731.35854
728.85367
730.87757
731.37545
442.23844
1273.2464
1229.1621
2920.0914
3054.166
7653.0237
954.46879
1110.3243
414.9551
684.9455
658.52652
726.77385
702.02723
424.11447
400.10979
649.69031
649.54565
655.50959
650.90013
402.17959
946.63807
950.63602
5076.3469
5738.0594
2415.3949
8015.9547
6458.5882
7923.973
5423.5904
5471.3176
6346.7754
5625.6137
2108.9716
4475.2357
4926.2319
1005.3991
994.20874
397.36052
649.99176
647.96919
649.77179
650.08361
398.11462
393.77384
650.85074
651.34336
647.72993
650.21474
394.81017
1597.3483
1574.3704
4543.2418
4035.4602
5173.233
4684.0118
3453.3176
3171.8108
3931.0592
3559.0824
1404.305
1650.7241
381.56703
563.53877
550.47351
651.42516
571.04257
386.42545
362.75618
534.60109
535.36889
539.95564
535.18669
365.49596
1277.7493
1319.4105
3254.977
3101.9898
3069.6049
3451.3774
5447.6761
2669.8479
2545.1609
2947.5186
2803.9255
6009.5003
6866.3395
6957.9696
1303.2584
1306.4777
1159.1276
1298.6987
4319.9548
2222.0036
2134.8082
2430.164
2323.1104
4447.5754
4497.6876
4334.2178
1015.2754
1017.1094
991.41135
1014.4201
3407.0046
6529.2526
5459.4486
6582.4883
3247.076
839.57444
840.48759
778.87442
835.0983
5542.9956
5085.1706
2406.7042
3772.8538
3914.3661
1150.5206
1163.1379
667.06442
959.05284
1646.9693
3959.9722
4100.3587
79.048499
91.577499
260.70708
1486.5581
1190.5734
6609.681
96.750387
101.2724
54.926506
221.33725
228.15608
142.56837
117.65468
121.94462
355.28145
8440.5532
8803.1506
122.87756
124.56453
349.93458
4160.7728
4046.0351
3271.8003
3195.2007
6936.8647
1288.8072
1261.3263
2010.1098
105.0566
103.561
55.114256
243.49432
241.51385
152.75001
103.0711
101.61126
54.680423
233.96227
232.06798
148.41138
101.12817
99.668555
54.246853
225.09041
223.00039
144.22565
6576.5882
6436.6317
266.11779
267.54813
651.92921
2106.6493
755.01839
622.43801
229.37954
124.91309
104.03724
5857.837
3877.7149
3964.5116
454.85201
433.40675
622.44617
1102.9196
1465.0579
1476.5412
379.90904
712.9595
641.85894
823.24987
770.53183
420.44141
6437.0987
6566.2029
903.33783
882.82314
1098.5424
1314.656
508.99104
897.84055
870.6981
1199.3454
906.99333
907.49811
1021.8776
1025.9035
1015.3947
1020.1915
1254.0961
145.40552
233.53197
240.47243
576.4032
932.65367
941.25359
912.0058
922.13449
574.36824
7881.4342
8320.856
563.21075
886.62102
900.05391
857.69084
872.68164
557.88322
5058.5515
4286.4116
9727.6446
3612.7985
3422.0086
9138.9949
5401.3417
5907.5156
5543.4671
5794.4531
3551.7125
2245.6889
1349.0004
1319.1904
3171.1763
5028.3127
5234.0611
2327.7617
2428.1907
1519.0303
1080.4597
730.3983
710.59232
5149.631
4940.5833
151.60112
238.82338
236.11881
5409.9287
5215.9685
3888.5143
4661.3283
147.3859
229.90679
227.37968
3770.7626
3815.4002
2650.7628
2659.9053
6430.4389
6511.7847
2650.6357
2648.248
911.39427
1418.5327
1470.1449
250.82274
169.36922
263.15206
3319.4493
3144.5374
379.33761
520.52328
587.01969
1684.7214
1560.396
1230.2973
4640.7728
5173.9742
1236.4581
1534.7102
2197.0725
2150.1242
2208.0302
2206.5891
1551.7414
1527.7671
2056.4105
2073.4209
1987.5208
2027.4743
1510.0637
6368.3298
1372.0429
1824.8861
1855.3435
1757.3464
1788.1405
1347.5648
5867.1316
5723.8513
4718.4814
4385.1967
5054.3125
2832.1575
2734.4784
5747.0825
6437.3988
5294.7653
3770.7182
5013.7397
5124.8042
2109.766
3272.3707
3389.0869
5708.1644
5511.3497
3996.388
2339.4275
2526.4117
5324.0299
3420.6754
2698.8591
2855.1325
3711.4603
577.25822
417.65366
400.36169
1207.211
1256.0199
993.38983
5696.3427
5963.0317
1367.0272
1872.0089
1810.0801
2010.8535
1918.6286
1401.583
1015.1884
810.73089
784.21559
1283.4798
980.21285
982.37932
974.01269
977.85392
2087.2384
2100.1596
1552.0737
1162.8997
1144.9427
379.47368
476.9907
483.83769
436.8639
456.74224
374.79186
392.26313
506.24837
532.30753
486.04246
490.54008
387.13732
1187.3842
1168.2053
6248.7092
6544.1849
1440.5473
1919.2208
1946.8993
1879.2708
1898.8635
1424.0798
539.70808
540.23065
405.61304
5709.529
5699.3204
1287.1526
1707.9733
1732.4539
4155.4775
4064.7628
8922.2938
9091.4637
6824.4571
2655.4832
2605.0637
4526.5604
9307.503
8905.8473
4688.5934
4265.2785
8828.5688
9407.9968
1413.4577
1380.8826
2328.8562
2765.0625
2893.0775
1736.7654
7049.0151
7243.9057
6000.1557
5537.6017
7341.8083
7346.9436
1569.185
2532.9597
2648.102
6630.7512
4743.7467
4657.298
5364.8286
5169.6541
5101.6211
3681.316
3570.8988
4532.9821
4355.7383
6445.9911
6685.5972
6324.0831
357.74876
535.29183
532.86072
535.86133
536.42446
359.22232
341.82533
506.62512
500.61492
526.98416
516.92561
346.88958
3003.5556
1905.6403
1841.1039
2052.3055
1977.9734
3141.4711
4785.506
6714.1658
6486.6511
5294.894
5418.7758
4121.2615
5998.9133
5887.7118
332.64194
492.93516
490.87715
497.03747
495.0874
334.26639
322.60732
475.71648
467.58257
487.84002
483.25281
326.22021
6116.6817
6029.9621
1777.887
1721.5171
2638.623
3786.3776
3765.2975
461.70722
458.5891
313.57029
3764.0147
3794.2383
3510.4011
3642.8223
2322.1029
3509.3028
3461.7773
2151.933
1262.9552
1196.6301
1452.471
1394.8302
2161.9237
4338.9401
4567.6631
1188.2477
3487.5612
5566.7303
4849.7868
5820.1016
5618.5237
3509.8643
3271.6148
5881.0756
5852.348
5898.0517
5890.5616
3253.0039
2999.4879
6892.2791
6591.7727
7176.3512
6970.5588
2984.2291
2459.7516
3932.0089
3957.7185
3796.7344
3898.9746
2431.7303
8970.8459
8831.0847
4013.0959
5148.1737
6888.7732
3137.4757
3091.6335
6135.6304
5933.126
4477.0605
5450.2066
5540.9373
5258.9644
5327.9821
4374.6735
6155.5782
5878.9251
4139.2809
3460.688
2508.8758
4136.2177
2696.5026
3914.8985
1099.5246
1014.0557
1643.4144
3360.05
3564.0281
5709.4548
1450.5242
1461.8945
1096.1035
1662.4655
6272.115
6412.3233
3112.4528
4131.3236
4080.6479
4408.7792
4145.7625
3135.4314
1048.1956
852.58136
837.97863
1309.2063
3349.6194
5976.3702
5990.2482
5882.3583
5952.5762
3329.2786
920.52213
908.37414
1203.7368
1027.3164
1009.2559
3063.1661
6481.0779
6290.0022
6583.1909
6516.3671
3045.6091
1060.0173
1014.3175
715.28076
806.13025
838.65498
799.30468
799.93644
711.50235
788.21862
991.38635
1102.7431
895.07466
926.40526
765.12696
1245.4308
1228.7928
7185.5269
7729.5014
2524.9562
4876.0627
4893.728
3979.234
4865.9482
2511.8512
805.96711
1154.9993
1174.842
1117.2167
1147.746
807.36481
908.93761
1339.6722
896.99207
5686.2204
5337.1506
902.86515
905.00296
867.39365
869.51652
3890.821
3777.7154
9956.576
852.81302
854.99108
1139.8301
1141.5421
9324.5694
5701.1351
1139.7721
1136.0302
1175.1486
1175.7009
8453.1156
5686.0913
9024.7673
8250.8146
8655.7278
8957.8837
3652.3912
5933.6396
7069.2623
1173.2177
1174.4112
1302.461
1297.0239
6672.4274
6561.2862
7543.8871
6748.1317
8169.4638
4754.5248
4626.5848
4964.7157
4851.7706
8065.2732
1319.3015
1322.3472
947.5721
944.76917
6805.7889
4032.6609
3916.5526
4435.1151
4213.4805
7020.1701
981.82933
978.7143
1623.2805
1614.3504
1654.2571
1646.3073
1286.934
4882.7626
5097.1546
4551.7312
4806.3116
1283.7672
1301.2541
5411.1961
5581.0923
5163.5209
5351.8299
1298.4933
1034.0704
3714.4026
3658.7839
4200.9827
3756.1282
1057.7815
4871.9028
4747.502
5650.96
5471.484
1019.6845
3613.7788
3597.9636
3646.3009
3620.7947
1022.6715
896.77089
2286.8682
2167.5331
2621.1653
2478.0426
936.54333
5328.5471
6159.6066
6401.4224
6386.7004
3750.8607
3757.6078
839.3497
2089.4158
2088.429
2114.2105
2097.2452
844.92231
2692.6158
2919.944
4884.1716
6451.0602
6547.1388
5895.4546
6199.1504
4745.1112
3448.391
3446.6085
19238.061
1918.1199
1690.1443
3976.724
4937.263
10900.745
2145.1123
1746.0152
2584.5394
1610.6477
2230.3506
2439.9299
2996.5193
2691.656
1534.0158
1480.5355
1569.1979
1555.3366
4581.3637
4617.2732
3567.2755
3313.3418
2735.092
1236.7815
3486.3943
6034.5894
5871.3672
6150.7849
6073.0179
3471.515
3195.0891
5826.613
5879.1381
6022.3713
5878.4759
3177.7259
2903.6094
7286.3715
7225.1569
5995.2131
7301.0474
2839.5518
8111.7376
6074.685
2276.9801
3459.1739
3614.6606
3335.8647
3368.9834
2234.6837
5110.2265
4977.4595
3033.6979
2943.8545
5372.2947
5617.2085
5501.151
5774.2829
5641.3932
6156.524
5801.7824
5173.3713
5430.6299
5533.6441
5224.8284
5120.3744
3960.8363
3868.7629
4204.6172
4081.5352
5243.4199
5488.6358
5395.4169
5867.0772
5784.8659
2620.9081
1248.1785
1557.8373
3837.2935
4725.6348
2564.5446
3352.9382
5562.5044
2382.2532
2702.3985
2816.3783
2182.9667
2590.2149
2579.271
3867.7026
3021.3385
3230.7312
1632.5294
1590.1929
1654.1208
1637.6589
1009.9483
1256.9004
1350.081
3050.2777
4059.9319
3970.7377
4065.8688
4062.6809
3078.3017
6025.0887
6232.9947
831.31738
824.69393
1026.3761
1286.3963
3422.8597
6109.0763
6156.011
6007.1797
6085.9806
3403.6889
982.25058
962.59315
983.75785
972.22915
3127.1397
6088.929
6044.4929
6217.1602
6082.3983
3107.7671
754.6486
897.71802
895.89416
889.60371
898.61231
752.85036
1138.632
1114.7576
1223.387
1199.8359
752.15036
893.4488
894.43913
893.93191
892.20523
752.7891
2605.7714
5022.7101
5482.1474
4900.7853
4974.9072
2566.6791
6648.7168
6983.0502
799.45715
1223.7006
1252.407
1180.9315
1209.3604
801.05543
795.24488
1280.87
1317.5492
1258.7047
1275.7703
795.55206
2179.082
3312.3664
3319.6292
5695.5317
5690.4351
893.41598
895.45961
881.05622
882.64027
9083.9671
4001.9453
3954.7637
1049.6118
934.78189
1147.2779
1147.6621
9737.7727
6784.1631
1159.7108
1158.0047
1171.1698
1170.5578
4799.0152
8751.6636
8337.2574
7165.8257
8125.1923
4030.1413
8483.0817
8548.002
1200.9356
1193.0161
1254.4045
1248.6333
5559.5229
5274.343
6486.1368
5810.4408
5549.4796
5203.9352
5960.3461
5835.8006
964.96801
982.70458
947.38108
949.08636
5312.279
3542.8152
3410.3996
3812.8635
3691.8639
5578.1098
7923.6989
7552.7805
7641.5743
7686.1713
5191.9284
5654.9784
6225.8163
6166.5651
3296.733
3205.6626
4810.0018
1003.442
1001.8471
1589.1493
1581.713
7116.0117
4349.4851
6832.6736
7521.7552
6258.8262
6534.0866
4160.1547
4938.4308
7097.9437
7472.0528
7189.6697
4786.9852
6119.4312
6046.6952
3367.6935
4835.8602
4930.3865
3820.0409
5465.7624
5592.8371
5050.4262
5245.034
3680.9317
7066.8058
6198.1873
1526.1371
3999.3385
1612.2468
1271.1526
4223.4792
4457.1196
3997.4317
4165.8398
1292.2953
5095.0783
4879.9256
6576.9841
5535.5763
5368.9071
3944.9872
3822.5404
5300.5329
6210.2399
4178.1644
4055.5348
6655.1686
6716.7191
1309.1559
5840.1713
5978.2442
5635.1883
5790.379
1307.5579
4882.4788
1230.8604
6066.7051
4696.158
6021.754
6112.4089
1272.353
6284.5293
6758.3661
4663.8977
6498.6461
6719.7367
6497.589
6469.3146
6644.5325
4224.5448
5874.2635
6070.3193
1016.182
2740.8932
2737.9775
3589.7414
2744.7607
1016.6739
5848.4523
5706.1304
6165.954
6139.7262
1005.3856
2712.8019
2684.4774
2734.0085
2725.6081
1009.8093
6284.9469
4892.3887
4819.2956
5246.8139
5031.3098
6215.5869
5974.2802
4418.2497
4313.0967
4717.3508
4566.6936
6172.1651
3760.5047
3750.5738
3137.541
3718.8052
5389.1834
6487.7846
6392.8009
5194.92
3451.3846
3451.1174
5673.7934
5809.5819
89.678658
95.066242
53.518085
8564.3217
8704.3653
124.90407
125.3241
338.44981
4791.6564
4699.1675
7080.9109
691.55961
673.22553
975.75197
99.208907
106.20699
55.350713
216.35024
215.01586
140.63253
5397.9083
5545.8341
1086.8295
1080.8493
1176.7994
1190.3284
1086.4281
1087.4767
132.39821
205.18753
213.5395
8384.2332
8442.869
8674.0844
538.21357
826.09791
841.95066
8271.9732
5295.1351
5016.5416
8753.1412
7149.6511
7259.3178
5106.943
3808.1852
2297.8077
2244.2783
1388.625
2149.2326
2233.0256
5853.0385
5770.0894
143.20739
220.71896
218.43117
6006.0048
5928.9551
1270.3146
1265.4748
991.89362
2948.8341
2227.0232
2463.0034
904.10822
1078.0276
1119.1419
1191.2397
1456.1701
1307.2419
1233.5249
1318.9919
1322.9237
1199.8185
1587.0844
1614.5383
8479.2414
7953.2117
7280.7189
1938.9534
1233.4315
1207.8405
5875.2432
6814.5762
6740.0114
4361.3476
4451.9133
3288.4616
3063.2771
3165.8585
2050.4624
6574.1266
6731.9287
696.99421
911.17514
1676.7877
4993.5549
4836.3663
4267.9827
4886.5225
5006.7411
388.95696
377.18313
420.99921
764.40851
753.71109
896.69443
1326.1643
1331.6816
1253.7089
1182.5999
1178.5989
366.26777
418.00586
427.96679
376.70341
398.00011
364.12143
1189.129
1185.8496
1645.0501
1678.7146
1265.7242
6855.6147
6722.223
8576.3226
8594.0949
8499.4348
7461.1736
6925.6916
8929.2727
8753.3228
4079.0825
4227.8181
2730.1479
6877.8755
6805.5651
5875.4289
5860.3276
6821.5904
6855.3558
5826.8216
5725.4156
6930.6507
6658.2125
6577.956
5961.2892
3468.826
3373.1961
4764.8078
2529.7839
1666.1714
1617.4685
311.69731
455.95778
453.29828
301.03591
435.52484
431.19213
448.71418
442.31145
304.16932
6961.1802
6750.1503
427.96019
425.49719
294.61584
2137.6537
1817.6011
1766.9052
1984.011
1987.8372
2507.0126
2816.9288
2603.838
3175.8058
3069.457
2577.4694
1187.1902
1192.0324
1205.3592
1957.4959
2802.4513
2849.7377
2730.4812
2764.734
1936.4122
9274.8386
9416.7009
6579.1593
6546.4373
6475.627
5810.721
511.51404
319.25545
375.6185
1521.1537
947.59464
858.16781
1679.4192
1649.5548
1703.1725
4305.6623
4360.2051
5351.3633
721.46577
717.6527
738.62563
1027.7465
1023.5086
1024.4156
1302.3484
1088.2632
1080.8191
1212.9463
709.72109
799.86176
799.67435
785.75393
797.88525
708.2496
1248.2007
2089.308
3149.3451
3230.6829
2923.9221
3032.0433
2049.2602
863.74898
918.80375
919.55401
912.60173
913.8576
872.94441
6421.5633
6374.0242
9824.2363
850.81107
925.12881
926.51692
920.28329
921.06181
858.6103
1137.1657
1907.6824
1925.2178
1792.7666
1814.4735
1143.7453
9639.7597
6321.7652
9512.6919
9729.6372
2444.2948
2369.4105
3996.7033
1145.8878
2159.0523
2197.6615
1941.0883
1956.7365
1133.6744
1174.8649
2802.0665
2819.7256
2680.8012
2702.2399
1175.2349
1172.3197
2929.3815
2940.9024
2836.9052
2853.9385
1174.8565
1313.4193
3761.9792
3791.3409
3579.5208
3611.1185
1285.394
4788.327
4901.5883
3082.1734
8350.5266
6419.981
6328.5601
6682.3824
6601.7491
7835.3244
1259.3877
3671.73
3287.9712
3820.3282
3849.2134
1323.8874
957.55732
2052.0849
2057.1609
2053.4961
2046.6256
945.55405
6635.0036
5140.37
5117.6225
6187.7686
5950.3634
7944.3604
2902.6626
2823.4194
4144.6417
988.36339
2090.6426
2095.8997
2061.7377
2066.5617
971.1552
6500.1187
726.90122
1640.6262
1625.9227
1737.8426
1674.7958
738.70182
5341.0067
5307.5508
6378.6038
6322.1171
1614.7957
1604.2163
717.57028
19924.481
4908.9413
3940.5428
5965.4057
6613.3844
3037.137
3001.4105
3529.2578
1815.492
2048.012
1475.0262
3378.7909
3338.5512
922.91692
1019.9971
887.85288
1993.89
1992.2298
2692.3104
3249.2659
3215.8948
1245.2144
1303.826
1221.1452
9612.7067
9791.6918
6065.53
6172.272
5319.941
5177.3911
5977.5348
6001.0594
4842.7214
4937.5299
3673.474
6565.4013
6596.757
6382.1919
3381.6793
4565.2861
4702.749
4727.1121
3573.1867
3505.0948
3772.1738
3674.6974
4848.8556
5695.9065
6574.2581
6594.8588
5911.4308
5924.4202
5313.3541
4178.0984
5165.1358
5222.6553
5007.8393
5075.2815
4098.618
5013.1748
4170.0417
5824.215
807.59421
751.549
870.91653
2399.5421
2495.2611
2666.9189
2647.6345
2684.034
2687.7988
2510.9806
4799.2464
4062.4971
4220.6114
885.6283
744.84577
733.01571
1293.1131
1248.1521
1155.0957
1114.6977
1226.5321
1219.0232
691.36811
716.21823
748.51045
696.59996
701.8503
691.09267
3276.0802
3300.5888
2163.8092
890.61589
894.20795
894.46117
591.05353
592.14162
597.71921
598.39279
584.01662
585.13458
581.79855
582.83546
598.31489
598.48365
588.73722
589.85187
586.47233
587.55227
598.55892
877.8237
909.7123
911.20123
897.37278
900.12093
885.77083
9396.0323
6467.092
6446.5415
1137.6087
1516.8669
1549.3664
931.45264
955.06297
856.05279
656.99864
586.86637
580.36852
606.63068
598.94963
717.14603
599.14995
579.78976
580.71263
578.92207
579.0207
600.68748
743.91872
608.63343
609.60676
606.49688
607.60022
742.83344
746.75491
610.91107
609.95899
610.38902
610.94775
746.58101
1146.1093
1746.6459
1770.4724
1580.3984
1610.9199
1148.0297
10019.696
9723.7741
9643.3078
6710.4548
4445.6951
2558.3184
2507.3808
1163.18
2425.8493
2454.1756
2234.3066
2269.1777
1153.5959
740.23007
601.97162
602.66537
600.42415
601.21791
739.81626
740.38838
604.64369
605.49478
603.33289
603.96814
740.6304
735.56939
594.91065
595.86
592.75582
593.77679
734.71087
738.28377
598.74712
599.60137
596.90073
597.8287
737.68755
1172.9759
2634.9016
2657.5352
2482.0473
2508.9974
1168.1198
1215.6579
3220.9054
3262.5674
2950.7491
2970.817
1172.3759
729.23189
586.97135
587.50068
586.05596
586.49847
729.931
731.54367
590.57341
591.57495
588.48024
589.35738
730.20068
731.05909
581.59414
582.91679
577.77343
580.36564
730.3707
731.14665
585.03715
585.57321
583.64896
584.43311
731.33201
1266.7718
3514.9694
3547.6655
3302.0002
3340.3254
1236.0406
8181.5695
8287.4693
2824.4901
4426.3167
4635.9648
7720.3368
7356.1672
6943.3133
8399.4375
8507.8469
954.32352
2135.3668
2124.2907
2824.6384
2481.8848
1049.271
671.45968
532.4565
541.5023
521.2414
524.8401
663.13333
722.80749
570.14835
575.3732
553.06314
563.40557
715.50048
649.18382
511.06764
511.6557
510.21393
510.37072
649.26882
653.65628
515.85334
517.41791
513.14273
513.84432
652.0747
946.32468
2067.5826
2060.8994
2113.1811
2105.0775
951.01046
8082.5756
7261.7594
7226.1926
6619.7196
7847.6823
5314.2902
6519.9785
6677.4359
6307.5024
7400.9439
7328.3242
6985.5459
7399.4811
5845.8463
4667.9995
3108.7544
3005.9357
1004.7526
2132.2782
2133.7917
2100.9989
2106.5092
997.12364
649.7566
508.64206
509.04457
507.42335
508.02984
649.17858
649.95232
509.79298
509.93977
509.37475
509.57152
650.04721
4535.9941
4711.1075
3272.8188
6800.403
6396.1533
6626.6442
2992.2176
4227.6749
4362.1319
7185.1453
7070.0418
6034.0325
5064.1211
5049.9112
6789.6912
7005.7905
3069.2582
2990.2942
4216.6771
4604.5843
3263.3136
3164.084
6455.1957
5680.1307
5672.4856
6541.2186
6350.1622
5648.7103
5578.7475
6559.3992
842.95531
2085.0601
2079.206
2087.2066
2086.5104
842.83885
5410.6425
804.17027
1953.2603
1841.3699
2063.6196
2026.0369
821.75444
6478.8639
6427.9139
3963.4541
4089.2957
4017.1433
4615.5799
4237.9165
3988.1023
5932.6154
6080.5897
1404.1141
1402.9718
1408.5785
1406.5268
6722.1733
8558.6062
8650.8624
4118.2487
6684.7053
6788.9304
6548.2206
6606.4659
4064.3992
8831.2257
8959.4782
6985.5138
4618.6263
4592.6197
6625.7868
6591.149
5099.0459
5238.9956
1469.0401
1334.1818
1334.7317
1365.6962
1340.7465
1471.4493
6465.4802
6516.2957
1171.6477
1065.0731
1036.824
1329.1597
1083.6545
1084.8122
1195.0558
1023.3176
1149.3588
1156.472
1128.7105
1140.7254
1024.7893
1016.5462
1173.6421
1179.467
1162.2413
1168.1085
1018.6992
1280.4297
8033.0235
8177.5642
8560.8352
4730.584
8097.5964
9046.7856
6987.2271
7366.7971
4441.456
5992.8956
5668.1129
9146.732
8948.5792
8939.0021
9091.9708
8683.0102
8783.9986
5238.3464
7425.3754
7727.5582
9513.8104
9609.8449
9244.8957
9386.696
5081.0003
5011.962
5345.8521
5281.993
3956.0778
4847.1383
4934.5701
4906.9544
4811.0681
4227.4582
3776.569
5219.1419
5311.201
5028.5585
5125.2
3804.4648
2647.1005
4279.0055
4271.0495
4306.7646
4291.3635
2659.4981
5687.5833
5598.6876
6407.6546
6457.1804
6145.9595
6075.8479
2650.3812
4253.9651
4244.5023
4263.6853
4259.2216
2652.0108
3241.4563
3201.1965
3155.0563
4686.0498
6341.0834
6232.3937
6604.2185
6459.3838
4813.6902
1312.092
1315.9844
1235.3531
5817.9693
7786.5546
7632.7227
8149.7689
7914.6188
5737.7076
9716.3331
8990.6828
6827.1859
6862.9973
5836.5978
6469.0161
6243.9248
6015.4992
6844.4881
6628.7336
6540.5983
5611.0217
6283.3985
6512.9174
6048.6573
6126.4618
5540.5501
5216.0162
4148.3255
4603.5313
4365.3671
3418.2619
2119.8938
1618.4432
3109.89
1545.1167
2735.6178
4146.1999
5180.0659
5758.2408
6806.7699
5862.5982
1280.8007
1345.2761
1173.576
1168.4954
1204.4647
1197.5814
975.55039
978.65262
979.32307
1157.2603
1150.9061
1177.3918
1173.5604
6315.9771
6414.8991
5705.8793
8623.6144
8398.0164
9028.4758
8831.8606
5700.2415
8746.9242
6605.3341
6572.4965
8175.3521
8629.1915
9249.7147
9095.0755
6850.9613
9182.8043
6799.3368
6761.7819
6847.3101
6827.9122
9050.9883
9271.5345
6427.0116
6131.1333
6717.1069
6603.6988
9435.7107
7090.7925
7170.577
5888.4579
7176.9074
7238.1956
6642.5747
6988.9561
5727.5346
7425.5666
7470.3197
5899.2371
5883.6763
6699.9706
5273.2006
6255.892
6386.2851
6140.9039
6179.8078
5191.8426
6923.7725
6984.0653
6774.0178
5571.9502
5388.0532
6094.0819
6524.357
6556.4763
6642.6009
5812.2678
5790.2346
5879.7149
5840.8473
6563.2272
5962.9988
5927.9164
6088.889
6061.9484
3778.6969
6133.5598
6192.3035
6008.4265
6072.1254
3771.8129
3799.179
6355.3455
6390.1694
6249.2766
6303.1414
3794.3672
6666.1236
6612.414
1851.4792
1836.0654
2140.5163
2169.7799
1985.1658
1901.749
6297.9513
4483.9122
5294.1776
5171.2668
5545.605
5406.5651
4544.8198
1412.0734
1411.0867
1416.1294
1414.279
5500.5127
4583.7788
4639.6743
4160.7962
4434.5843
5443.6967
5743.249
4638.3897
4633.2057
4649.4659
4642.8904
5668.8053
5848.8637
4259.2968
4253.8541
4288.8943
4269.4299
5828.2694
5898.2376
4214.5163
4202.8913
4240.2453
4229.8907
5905.4151
6790.6366
3977.5352
3983.1633
3970.2466
3972.7997
6686.305
7117.7266
3983.167
3981.2876
3984.294
3985.8239
7050.0021
9111.272
9176.9907
9066.1716
9152.1656
4003.3219
6412.8902
6488.337
4552.4035
4545.0019
6831.2333
6367.5141
6423.4096
5855.8619
6401.8059
6346.3705
5991.3428
6384.297
6401.0827
6503.83
6435.1785
5903.4091
4006.6866
3611.8786
3771.0108
4564.6808
3912.888
4778.4554
4523.5129
4823.8926
5022.5172
5525.3371
4457.5703
4712.9102
1454.3719
1326.4211
1307.255
1335.8689
1334.2045
1457.4932
6310.6686
6368.1519
4112.8486
4017.7961
4005.0937
4048.584
4032.8552
4093.075
4238.0827
3983.972
4019.6504
3992.0227
3983.0449
4172.7621
1025.0622
1022.7104
1031.729
1305.796
5983.7571
4398.5518
4387.1039
4423.9932
4414.4528
5996.4059
5904.6401
4330.4493
4312.8306
4367.1739
4350.7178
5931.1107
1208.2411
1080.8072
1082.0474
1027.2162
1116.9071
1122.8
1107.1991
1111.7181
1022.7704
6424.7163
4023.189
4021.9561
4028.9428
4028.0195
6362.6901
6570.5605
3995.0309
3984.7358
4013.7835
4006.4215
6553.6543
1025.9898
1196.9124
1205.6178
1185.156
1190.949
1016.2086
1081.7795
941.88824
904.44501
970.42916
962.02142
1087.4435
897.17845
883.53655
884.65442
886.83658
883.35233
903.71412
1239.63
1234.1996
7377.9584
7548.6318
4880.6539
3142.9296
3142.5189
3142.221
3142.8694
4887.0483
3134.2046
3125.9211
4846.502
1161.8364
968.39377
969.61949
965.78842
967.07421
1168.4806
1128.9294
972.55427
972.75127
970.75819
971.84397
1139.911
1218.7578
1204.191
1245.4531
1232.7727
1364.5877
1063.0208
986.71146
1190.258
1176.6692
1426.709
5622.6147
9953.5672
9837.2987
9705.8644
9979.1732
5542.8081
1310.315
1301.1712
1327.858
1318.8674
1269.9328
1258.8679
1291.3922
1281.6585
917.16236
918.01602
865.96343
1690.2302
1676.9908
1713.9706
1702.991
1630.7927
1614.2171
1662.2786
1647.1887
870.97466
915.06874
916.15468
9936.1466
6319.3866
6185.3034
923.43803
924.27612
851.7758
1775.2589
1765.3351
1796.0434
1785.4118
1735.0698
1724.6129
1755.3918
1745.3343
856.27761
921.81663
922.62525
1871.6167
1890.2506
1139.132
1142.3231
1833.7768
1853.1668
9477.6968
8307.2961
9062.8543
6033.386
8769.5624
2073.5837
2117.8238
1143.2738
1131.8596
1972.2259
2025.5451
2765.0415
2783.7764
1175.4931
1175.0926
2724.3126
2744.3295
8826.2817
8019.7591
9652.6119
9389.8072
8982.1374
8770.391
8760.863
8864.3697
5138.787
5111.1227
6988.1973
2901.7262
2916.2631
1173.7051
1173.9667
2870.4474
2886.4495
3702.6519
3732.688
1308.2025
1290.9436
3641.9568
3672.6684
6649.8809
8453.1264
8313.1877
8692.199
8581.0872
6615.6124
7104.2553
7902.9236
7927.7415
8162.0278
8009.9932
6830.6067
6484.9958
6457.3811
8268.6897
7951.6031
6533.253
6513.5029
3906.9321
3859.4246
1295.4583
1326.7377
3877.5229
3898.2212
2040.2182
2046.8805
953.02826
3859.4299
3775.1702
4010.9006
3936.9493
3605.8939
3564.8773
3682.5162
3644.5338
944.45598
2039.5005
2034.4361
5286.8568
5210.6081
6704.7908
7411.6427
5668.5601
5457.8399
2080.6582
2085.7565
985.47285
4388.9849
4331.2607
4499.5083
4444.8622
4146.8603
4080.0388
4271.9678
4210.4124
974.67708
2071.1658
2076.0313
5445.8437
5411.5341
5511.9059
5479.3369
5302.5908
5264.329
5376.152
5339.8834
5685.7513
5658.6904
5726.5766
5709.9117
5574.1236
5543.3344
5631.7633
5602.7986
4956.8961
2940.0626
2937.8119
2944.9281
2941.5651
5028.1747
4641.1894
2936.4026
2935.8233
2937.6128
2935.9314
4725.405
5469.0191
2969.8876
2964.0102
2981.8534
2975.225
5525.8673
5227.8227
2951.1722
2947.2095
2959.7058
2954.6587
5290.6531
3690.2866
1941.3945
1944.555
1931.4314
1930.3994
3670.4697
3944.4455
2081.296
2191.9019
1976.1081
1998.6349
3817.0291
4805.3666
4753.0728
5592.5413
5533.3373
3608.0683
1930.3865
1927.7065
1931.6787
1930.2284
3602.4581
3636.8622
1927.1911
1924.9031
1928.9979
1925.6314
3628.1712
5838.7428
6042.433
6424.7578
3750.7064
5570.612
5651.0282
5400.9596
5487.5616
3754.7413
5509.2701
5418.1477
2715.6929
4396.8302
4342.4632
4745.8777
4513.0795
2806.2699
6565.8474
5702.7215
5598.4415
5800.5225
5766.0136
6590.3336
5930.5173
5312.974
5302.6525
5474.039
5384.364
6029.4476
6267.1699
6205.8697
3714.4787
2757.5348
2870.2184
3065.8548
2009.906
1998.7938
1489.8709
1562.1368
1701.5046
1563.8729
1703.5827
1704.2042
1701.1919
1701.3836
1564.2211
4590.5402
5833.8177
5699.9863
6102.654
5940.786
4595.7704
1431.3825
1420.6992
1232.2974
1305.8336
1309.165
5966.2338
4606.8087
4604.1666
4625.3964
4615.7461
5919.8984
6106.1013
4570.3168
4567.2211
4594.9075
4585.5422
6105.5876
5841.7325
4149.4328
4132.3035
4183.2523
4168.0462
5862.0325
5973.5786
4114.152
4109.9984
4125.3204
4122.237
5935.3685
7289.711
3945.9076
3912.4583
3976.0262
3960.8674
7267.1658
6670.0088
3654.0888
3505.1062
3872.3492
3781.3504
7135.3364
7125.6289
7589.6514
7502.8963
7418.0378
6367.7398
9947.4012
9954.9278
6577.3234
6625.8671
6603.4553
5462.4473
6387.6151
6682.2135
6852.4484
6898.0623
6699.3307
6769.0167
5753.8241
6574.6611
6514.4806
6573.6361
6611.1862
5718.4567
5955.079
6336.0398
6364.9045
6446.8784
6380.276
5838.409
6447.0775
6499.6683
5171.338
5823.2161
5843.1242
5404.5672
6186.0969
6444.6992
5903.3708
5998.1559
5286.3969
6354.0657
6390.0115
6218.5118
6464.7347
5601.7589
6445.7539
6546.527
6604.8245
6431.7779
6480.7898
5355.4905
5972.3096
6049.2043
5862.6943
6615.3694
6563.4285
6625.5461
6653.9944
5840.8949
4729.9643
5160.5953
4003.8046
4427.1649
4720.0552
3877.4337
3676.1421
4933.1902
3103.8387
5706.799
2807.0675
2744.5251
2972.1985
2916.3013
2716.4822
2552.7769
2485.9565
2678.9014
2602.4098
2769.4395
2615.0257
2529.6804
2711.1008
2714.7931
3733.8263
3837.1335
4243.6662
1629.1527
1708.1145
1716.4355
1626.7741
1648.0951
1642.7953
1271.0427
1257.1672
1280.2383
6086.075
6167.5317
1289.6223
6128.84
4522.6339
4510.1668
4554.2353
4543.0307
6155.334
6034.8061
4457.9431
4440.2416
4493.975
4478.487
6063.5737
1163.5598
1158.8611
972.47175
999.44447
1043.5421
980.47151
984.54933
971.33679
1213.9805
1209.2578
6077.2916
4078.1965
4068.0215
4098.8401
4091.2261
6070.4711
6119.0218
4027.6112
4032.1753
4050.4727
4036.0826
6079.0477
1132.3224
1237.5212
1123.8248
1217.8748
1209.3089
893.90559
888.56937
890.02029
885.92814
887.14711
894.12504
5087.488
3224.3087
3203.2405
3363.7854
3285.9466
5219.2211
4918.3732
3149.1733
3146.9085
3173.9123
3164.0017
4945.1635
6756.9656
6848.4318
1234.9666
959.66001
960.31099
957.78948
958.54415
1245.1957
1186.7127
963.05957
964.22895
961.09614
961.4801
1192.6987
1286.6025
950.93133
951.55644
960.38145
951.32048
1292.3689
1264.5411
955.38501
956.23994
953.20806
953.97042
1270.0514
5696.9568
9381.3213
9210.0291
9694.9003
9544.6802
5696.4438
1374.9504
1367.33
1390.087
1381.9539
1344.8069
1335.971
1360.7621
1352.2787
906.34908
908.10761
879.53813
1555.7725
1533.3833
1595.4939
1576.3242
1455.0994
1424.0871
1509.6317
1483.6385
884.17552
902.43232
904.50144
6519.4086
6494.294
9246.9752
1457.1741
1485.8142
1111.8192
1991.608
1836.9108
1806.7525
1913.4967
1872.7964
873.55322
1023.7226
1209.1922
1695.7994
1722.1115
1146.725
1148.0915
1640.2634
1668.9982
10060.184
6749.8144
9524.959
9393.7966
2366.4913
2396.497
1161.7562
1155.643
2302.7772
2335.0065
2586.3508
2610.5682
1172.5286
1168.9949
2535.6008
2560.9541
8585.8633
6955.3096
6907.5214
7377.2709
7121.7822
8436.1363
7307.4545
5318.8431
5226.3878
5786.5587
5526.1263
7598.7567
8379.524
8439.5399
3131.2163
3177.6042
1208.9985
1182.6327
3029.1158
3082.4525
3447.5076
3481.6314
1261.0588
1241.9137
3376.9692
3412.888
8012.2349
8076.4413
5422.2905
7061.7203
7290.4464
6848.8409
6931.9969
5308.7651
6318.8642
8634.4985
8745.8794
7726.98
8300.4212
6083.4102
8089.9539
8447.9735
8013.674
8598.2147
8602.6511
2176.1845
2153.2825
961.60656
3023.1828
2970.1343
3129.6591
3077.0689
2865.9018
2956.6756
2918.486
2876.5201
1000.9074
2300.291
2220.8104
2081.6849
2074.9368
947.71019
3429.4558
3381.8142
3521.1583
3476.1161
3232.7904
3181.5119
3332.9409
3283.3185
948.7331
2096.445
2089.431
8107.2274
7027.6722
7324.3178
7728.347
7766.1372
6377.5383
6429.858
5220.8856
7398.5824
7489.4675
7252.9197
7307.5062
7757.9687
7626.0291
7598.2436
7700.7474
7585.7891
7471.8589
6263.519
7312.2362
6035.6854
7610.7876
7660.7124
2122.6501
2128.1316
1004.9418
4800.9862
4752.9384
4892.5364
4847.2323
4604.758
4552.481
4704.953
4654.9276
999.36249
2111.6849
2117.3149
5146.7745
5105.9197
5225.9784
5186.3168
4980.2916
4936.5767
5064.8304
5022.7384
7236.2731
5737.7566
5517.7367
6054.5695
5926.2747
7454.9703
6300.9832
5121.2937
5102.1762
5315.4373
5207.8131
6384.2179
7041.595
6428.6475
6286.1647
7300.2233
6805.7894
7123.5917
7387.265
6141.6763
6108.4532
6192.7311
6168.1462
7289.0414
6099.515
7047.4887
6963.4724
7198.3819
7129.1221
6075.4041
6639.936
6913.0203
6885.1528
6838.2618
6318.2501
4697.9679
5337.8984
3489.9077
3969.4989
4129.5565
5749.4107
5748.4267
5627.7266
5752.6169
4281.6048
2957.8905
2968.5814
2939.4994
2938.5288
4352.9261
4046.3279
3105.5642
3191.5435
3011.4279
3026.6139
4103.3415
6548.8065
6090.0583
5974.3932
7071.4759
7146.2493
5221.1303
5134.3907
6096.6144
6709.8933
6947.3684
5887.5193
3025.3648
3017.2449
3038.6764
3033.4401
5934.1449
5687.685
2995.0763
2987.9455
3009.4709
3001.9262
5739.7298
5824.9537
2823.6867
2960.4539
2397.9956
2630.7726
5333.8343
6062.5257
3043.7293
3047.192
3005.1474
3042.1687
6100.5642
6576.1736
5531.465
5373.4223
5753.0697
5664.0583
6720.8809
6755.3421
6698.7379
6513.5401
6581.4747
5901.4788
5101.6515
5093.4061
5231.691
5159.9765
5964.2872
3575.6986
1931.4534
1929.6895
5804.2699
5758.1951
6174.2494
6156.2156
5719.9008
5694.137
6372.3403
6201.959
6014.6124
5827.564
5221.9474
5180.9137
5887.7274
6435.2982
5471.6892
5339.7926
3755.6183
5873.492
5942.4308
5727.936
5802.1121
3753.1732
3378.9677
5774.4447
5196.6842
6373.3909
6185.5387
3577.7007
6661.4234
6480.3765
6666.349
6708.0885
6417.9257
5865.7818
5830.242
6159.5835
5969.2646
6369.6794
6570.7576
6523.671
2594.4957
2495.7794
4180.1395
1844.4054
1853.6468
17929.975
9619.1277
4728.9417
4533.9173
4875.3658
526.89857
520.89774
8541.2169
7451.532
7006.468
7508.3229
5762.6039
6053.1126
30892.723
7193.7183
6980.2993
10425.779
10551.232
8333.9925
9860.4392
29278.887
14070.362
15282.732
14991.405
13146.113
12591.117
31.979379
31.973815
32.014554
31.91638
31.908471
31.93167
31.862855
31.853391
31.873033
31.818757
31.807294
31.82413
31.780486
31.766771
31.782071
31.74644
31.72997
31.744611
31.714702
31.69581
31.710111
31.687982
31.667022
31.678742
31.665176
31.644458
31.651989
31.652968
31.629934
31.633372
31.648078
31.623402
31.624799
31.655992
31.633085
31.627937
31.670078
31.647278
31.639851
31.694998
31.682065
31.658959
31.731315
31.723515
31.703665
31.789037
31.789949
31.755011
31.854288
31.858759
31.821552
31.920864
31.934281
31.896648
32.007335
32.025858
31.979994
32.139427
32.171002
32.102423
31.972317
31.974124
32.04004
31.905581
31.903095
31.942276
31.849634
31.843918
31.876588
31.802471
31.79355
31.821553
31.760807
31.748206
31.774286
31.722646
31.705211
31.731432
31.687001
31.664127
31.690436
31.656847
31.628087
31.651751
31.633536
31.600297
31.617566
31.618163
31.581686
31.591753
31.611869
31.575612
31.577838
31.621312
31.585342
31.576617
31.636753
31.610237
31.588792
31.674675
31.652234
31.614052
31.719699
31.709919
31.662407
31.789948
31.793709
31.727367
31.861238
31.870316
31.798946
31.941362
31.966256
31.882634
32.035505
32.071456
31.976028
32.175036
32.213194
32.095032
31.976266
31.985733
32.058225
31.903653
31.909073
31.952799
31.843746
31.845416
31.881319
31.792243
31.789557
31.821026
31.745058
31.73807
31.768176
31.700327
31.687734
31.719665
31.657195
31.63894
31.672498
31.619268
31.594868
31.626054
31.589436
31.558096
31.584028
31.569623
31.534134
31.551314
31.563394
31.526087
31.531643
31.573546
31.53816
31.526783
31.601957
31.575457
31.54195
31.645294
31.626932
31.579061
31.707484
31.703854
31.635036
31.795917
31.803736
31.717067
31.874099
31.888322
31.803239
31.976253
32.003768
31.893644
32.085164
32.127034
32.005021
32.218442
32.259405
32.127552
31.989531
32.001673
32.077185
31.911083
31.917989
31.964284
31.846379
31.84967
31.88739
31.789305
31.789511
31.823314
31.736175
31.733293
31.766569
31.684494
31.677709
31.71321
31.633903
31.621311
31.659378
31.587475
31.56753
31.605194
31.548222
31.520492
31.554507
31.522606
31.489316
31.513145
31.513632
31.477058
31.487218
31.526713
31.49321
31.479106
31.56625
31.538683
31.500179
31.62121
31.60708
31.548366
31.703007
31.70249
31.621105
31.806342
31.815283
31.717501
31.89405
31.915217
31.820556
32.013614
32.045928
31.921989
32.142119
32.186956
32.04769
32.268668
32.312042
32.183613
32.00544
32.016153
32.101022
31.920453
31.92747
31.97947
31.851234
31.856306
31.898785
31.790241
31.793597
31.832121
31.733142
31.73457
31.772504
31.676279
31.674567
31.715308
31.61815
31.611724
31.65585
31.56195
31.548695
31.593658
31.512204
31.49102
31.532832
31.47883
31.450883
31.481277
31.465512
31.433996
31.44774
31.482848
31.453468
31.435902
31.53047
31.508484
31.46422
31.602563
31.594646
31.525252
31.702385
31.706079
31.616373
31.819029
31.834568
31.728501
31.923534
31.953184
31.850265
32.057621
32.095707
31.966766
32.202347
32.24869
32.103357
32.325122
32.372218
32.250913
32.019299
32.028537
32.127598
31.929636
31.935948
31.996245
31.858053
31.863893
31.912978
31.795092
31.801307
31.845474
31.735754
31.742222
31.78498
31.675102
31.680759
31.726051
31.611044
31.613764
31.662903
31.546081
31.54334
31.594302
31.485703
31.475987
31.523867
31.442829
31.42591
31.461594
31.425047
31.404761
31.419316
31.445697
31.426045
31.403711
31.503985
31.493655
31.438371
31.592155
31.595661
31.515442
31.707952
31.722141
31.624802
31.841328
31.866649
31.752707
31.964724
32.004902
31.893401
32.109635
32.155357
32.026894
32.264773
32.314622
32.172282
32.388896
32.442669
32.327668
32.031389
32.040275
32.155103
31.938084
31.94486
32.012187
31.866193
31.874429
31.927705
31.80409
31.814852
31.861495
31.745507
31.759169
31.803197
31.684344
31.700246
31.746301
31.616983
31.633398
31.683662
31.545415
31.558709
31.61277
31.475692
31.484377
31.535114
31.422281
31.425189
31.463456
31.398947
31.3966
31.412326
31.424103
31.422534
31.392647
31.49483
31.504013
31.434829
31.596965
31.620235
31.527741
31.728792
31.76162
31.65536
31.876647
31.914991
31.798468
32.020114
32.072117
31.951704
32.171743
32.225209
32.101943
32.332444
32.38779
32.251804
32.461613
32.523203
32.414894
32.043113
32.052206
32.181176
31.947266
31.954956
32.026687
31.877641
31.888631
31.942362
31.819318
31.835303
31.879998
31.765068
31.787412
31.827707
31.707767
31.736472
31.777868
31.642126
31.676518
31.722365
31.567932
31.605091
31.655792
31.492396
31.528649
31.578529
31.429475
31.467352
31.501849
31.396351
31.433746
31.445129
31.430698
31.449808
31.422197
31.516357
31.55951
31.469525
31.62761
31.682718
31.582786
31.775336
31.834686
31.720505
31.930163
31.989328
31.875955
32.091424
32.155632
32.032219
32.244789
32.308859
32.193572
32.407682
32.469012
32.343043
32.544755
32.612334
32.509801
32.055174
32.063668
32.203354
31.957642
31.966082
32.039632
31.892708
31.906156
31.956432
31.841607
31.86326
31.900789
31.796398
31.829191
31.858765
31.748872
31.794311
31.822597
31.692442
31.751693
31.783794
31.624883
31.697177
31.734651
31.550474
31.631142
31.672585
31.485956
31.585113
31.593556
31.455339
31.548784
31.554207
31.474494
31.534566
31.532051
31.584364
31.68865
31.571958
31.701446
31.804059
31.711078
31.858196
31.954663
31.841011
32.012595
32.101152
31.99788
32.17986
32.261164
32.145507
32.332113
32.408381
32.305202
32.49064
32.55798
32.448175
32.636656
32.707979
32.611121
32.066218
32.073702
32.221543
31.968956
31.977444
32.049758
31.911003
31.926678
31.969632
31.871595
31.898844
31.923655
31.841464
31.883708
31.89694
31.812753
31.876677
31.883565
31.777879
31.872524
31.87529
31.732629
31.858432
31.86312
31.676201
31.842153
31.845797
31.626812
31.829803
31.786513
31.582768
31.811199
31.803015
31.596074
31.719921
31.791009
31.73416
31.942612
31.789291
31.844415
32.02123
31.956257
31.992055
32.141653
32.052041
32.135578
32.262028
32.180188
32.291876
32.396399
32.302602
32.436135
32.526297
32.440884
32.582577
32.658848
32.568613
32.731692
32.800181
32.715229
32.075897
32.081986
32.23543
31.980199
31.987955
32.05673
31.932161
31.949223
31.981317
31.908934
31.941304
31.94828
31.901127
31.953472
31.944421
31.901533
31.984401
31.967372
31.911834
32.049134
32.004586
31.918251
32.126931
32.070314
31.92645
32.229842
32.145215
31.914223
32.308828
32.196735
31.909872
32.316714
32.312694
31.859485
32.108035
32.29488
32.029057
32.408653
32.253017
32.091499
32.389244
32.406505
32.198344
32.422318
32.397345
32.310956
32.482781
32.445638
32.435123
32.568171
32.514527
32.559108
32.663468
32.603514
32.685345
32.767968
32.704297
32.823342
32.890128
32.82119
32.083633
32.087427
32.244563
31.990322
31.996649
32.06018
31.955004
31.972452
31.990691
31.953309
31.990049
31.975911
31.974126
32.040283
32.000257
32.01777
32.135956
32.063643
32.104171
32.295225
32.172339
32.22529
32.557685
32.355442
32.383535
32.923403
32.655687
32.468808
33.243243
33.006441
32.511889
33.490134
33.310168
32.351927
32.932984
33.408861
32.541484
33.288166
33.205039
32.503142
32.986388
33.21118
32.511817
32.831091
32.932544
32.548626
32.782188
32.830414
32.617591
32.776713
32.791202
32.701898
32.819462
32.801839
32.797007
32.884394
32.853616
32.912358
32.973321
32.930701
32.088283
32.089478
32.248468
31.998554
32.002363
32.060119
31.977972
31.996419
31.996812
32.003571
32.044684
32.002743
32.064738
32.144703
32.059757
32.181227
32.33189
32.182635
32.381232
32.660491
32.393427
32.712192
33.226373
32.775426
33.199141
34.158516
33.433014
33.556748
35.176633
34.48061
33.971052
35.840999
35.596368
33.454007
34.645272
35.951298
33.485537
34.801119
35.080329
33.179352
33.937646
34.568972
32.966363
33.43602
33.765922
32.875467
33.172651
33.353841
32.832422
33.015877
33.137671
32.863599
32.999063
33.038558
32.914614
33.012216
33.015157
32.995006
33.053311
33.044862
32.089323
32.08713
32.246752
32.003116
32.003512
32.054945
32.002374
32.018048
31.997841
32.057923
32.097813
32.026937
32.171649
32.262187
32.123977
32.388774
32.568518
32.319934
32.777783
33.154256
32.674585
33.472967
34.289125
33.365789
34.657499
36.379464
34.668306
35.922246
39.104297
37.306396
36.952131
40.765296
40.096097
35.441911
38.703177
40.995299
35.227286
37.396005
38.669865
34.248448
35.44499
36.905227
33.637719
34.275937
35.060414
33.275459
33.642702
34.036381
33.083875
33.322836
33.56596
33.043903
33.187372
33.310069
33.046819
33.147013
33.194066
33.075086
33.127128
33.163414
32.085761
32.079663
32.239294
32.003006
31.999262
32.044462
32.022631
32.033618
31.993279
32.111027
32.149731
32.046336
32.29228
32.386186
32.187006
32.640215
32.849408
32.467941
33.30822
33.795771
33.016845
34.637891
35.809504
34.151055
37.162861
40.232262
36.593658
40.637179
46.961318
41.840539
42.726179
51.850991
48.726603
39.97846
46.325505
50.559495
38.313817
41.887302
45.240226
35.902355
37.687825
40.748251
34.53514
35.4001
36.95549
33.786428
34.250638
34.995257
33.408417
33.680644
34.090598
33.236983
33.394822
33.609064
33.178654
33.273208
33.37267
33.148819
33.197162
33.285168
32.07696
32.066555
32.226388
31.997229
31.988563
32.028457
32.036503
32.041458
31.982593
32.162377
32.194807
32.05968
32.417173
32.513301
32.246725
32.925067
33.156543
32.62276
33.988589
34.507927
33.3993
36.301812
37.927898
35.027116
41.587405
46.511273
39.380925
50.33679
62.609252
49.846487
57.657432
95.250932
68.332804
48.742918
62.548128
82.273956
43.41089
48.798175
57.774673
38.351398
40.815113
46.541872
35.720288
36.801629
39.481435
34.420557
34.966022
36.16603
33.777075
34.075277
34.684904
33.449478
33.620114
33.936058
33.305445
33.401207
33.558867
33.218815
33.263191
33.393061
32.062311
32.047189
32.207859
31.984783
31.97079
32.006737
32.042182
32.040555
31.9655
32.206226
32.231842
32.065649
32.538062
32.604868
32.299185
33.235584
33.443341
32.760899
34.671055
34.939947
33.71569
38.561449
39.520841
35.636179
48.630139
54.84015
41.819934
57.987137
62.458225
55.83377
100.40923
133.22496
89.756843
90.048548
121.38922
149.55553
51.132837
59.428131
88.135447
41.768165
44.905871
54.807042
37.191378
38.462565
42.689969
35.15475
35.765351
37.525794
34.178602
34.494779
35.343188
33.676776
33.84844
34.283774
33.431756
33.522074
33.748353
33.283298
33.327443
33.491664
32.04141
32.021682
32.184691
31.965264
31.945816
31.97949
32.038649
32.031406
31.941816
32.238258
32.251383
32.062163
32.603703
32.701507
32.341836
33.475604
33.72156
32.926743
35.017677
35.70908
34.000687
39.618393
41.881955
36.59804
56.496396
66.608918
45.158633
79.433777
90.845376
73.032662
292.74491
378.67181
311.93021
62.856255
74.95097
167.93755
46.077788
49.655309
65.862685
38.920165
40.308617
46.398418
35.971279
36.600804
39.027947
34.602217
34.919562
36.040848
33.904185
34.069434
34.635019
33.551435
33.6365
33.929563
33.344611
33.381933
33.58138
32.014377
31.990339
32.157777
31.938311
31.913744
31.947103
32.025595
32.018761
31.911822
32.27474
32.272682
32.061851
32.724925
32.793705
32.36923
33.78001
33.995126
32.995362
35.926741
36.508465
34.317534
42.572292
44.468342
37.649589
70.017929
78.61395
48.728054
120.54182
130.49214
92.853683
127.2422
138.86338
218.94723
50.929028
54.411953
76.760555
40.791515
42.199541
50.195482
36.823757
37.454738
40.559822
35.029243
35.339512
36.748256
34.121824
34.277745
34.978249
33.66365
33.739971
34.09763
33.396161
33.427933
33.661156
31.981656
31.953748
32.12816
31.904882
31.874887
31.910024
32.010531
31.985948
31.874096
32.271495
32.266602
32.030265
32.815819
32.865368
32.379614
34.060916
34.233217
33.102076
36.688109
37.159319
34.641538
45.033384
46.501276
38.512463
81.122571
87.71291
51.501791
155.00967
161.85237
112.30641
174.56169
183.54206
295.32253
55.68528
58.28421
87.61556
42.681534
44.066944
53.891978
37.661901
38.236935
42.083559
35.440792
35.737571
37.433216
34.327048
34.468819
35.303912
33.764184
33.828293
34.250255
33.439403
33.4698
33.726784
31.943898
31.912974
32.096845
31.865925
31.833828
31.869097
31.975295
31.946432
31.834028
32.261259
32.240673
32.000741
32.880127
32.912467
32.374898
34.279728
34.393842
33.177114
37.293831
37.641153
34.875197
46.914524
47.950102
39.166601
59.520635
60.211609
52.594672
188.47716
196.12738
128.66191
206.74628
212.83068
338.87246
59.122162
61.853105
94.130346
44.56563
45.648576
56.455737
38.438413
39.042389
43.260352
35.82855
36.110508
38.093313
34.51103
34.631974
35.587009
33.848793
33.899528
34.377486
33.477778
33.497713
33.776884
31.902252
31.869035
32.065108
31.822255
31.785992
31.824458
31.935039
31.900477
31.789178
32.233774
32.213187
31.958095
32.918481
32.926622
32.355471
34.425683
34.505988
33.206114
37.738837
37.988834
35.045249
48.229651
48.911035
39.640052
62.037498
62.563669
54.286572
225.4284
227.70504
355.38217
62.659708
64.690124
99.05801
45.923536
46.881131
58.847052
39.188537
39.738963
44.415121
36.149891
36.406247
38.626306
34.673457
34.770693
35.845125
33.915507
33.940927
34.491541
33.502098
33.511068
33.810375
31.857586
31.822651
32.033909
31.773238
31.735621
31.77993
31.888602
31.85235
31.739897
32.205883
32.181249
31.911917
32.926527
32.919258
32.325031
34.527502
34.573668
33.21014
38.056079
38.220478
35.161877
49.090518
49.516761
39.959721
63.885063
64.249547
55.444616
230.5448
230.89432
353.48915
65.274222
66.784217
101.57623
47.164044
47.956708
60.611487
39.86584
40.221087
45.380307
36.472448
36.66088
39.050827
34.809257
34.895404
36.083562
33.943781
33.968202
34.587303
33.512496
33.511599
33.830569
31.811091
31.777344
32.004094
31.723277
31.685427
31.732909
31.84015
31.802814
31.689064
32.172044
32.141316
31.864278
32.915031
32.898428
32.287111
34.583512
34.597143
33.198432
38.263082
38.359964
35.224932
49.62594
49.880041
40.154913
65.142499
65.368945
56.155785
230.1719
229.40946
344.84214
67.190727
68.150721
102.71526
48.197747
48.810978
61.777896
40.337356
40.645823
46.161108
36.712321
36.853812
39.405349
34.903372
34.966697
36.248054
33.98073
33.990386
34.639762
33.511093
33.507093
33.829199
31.766196
31.731221
31.976455
31.672365
31.633337
31.686252
31.790125
31.751236
31.638232
32.130157
32.094708
31.814033
32.89178
32.868401
32.242505
34.5971
34.586222
33.171323
38.38284
38.427396
35.244206
49.942684
50.073497
40.249955
65.965539
66.150549
56.576708
125.30473
124.76715
322.46664
68.419047
69.057727
102.9522
48.982115
49.413171
62.500158
40.743096
40.99766
46.682195
36.901153
37.034586
39.682639
34.985056
35.032613
36.365083
33.990205
33.996906
34.679309
33.505546
33.482813
33.81714
31.719947
31.686107
31.951888
31.620543
31.583213
31.640095
31.738029
31.698331
31.587886
32.082396
32.044735
31.76251
32.859412
32.829188
32.193178
34.579529
34.551404
33.132167
38.434589
38.436104
35.228379
50.095559
50.106232
40.261043
66.456486
66.482622
56.739106
124.44281
123.30565
304.24989
69.213471
69.525261
102.56363
49.534894
49.858816
62.899269
41.066973
41.238487
47.020701
37.072384
37.162204
39.889693
35.046363
35.078267
36.453271
33.998635
33.993619
34.710906
33.473796
33.452056
33.80257
31.675031
31.643436
31.931677
31.571042
31.53441
31.594268
31.685192
31.646341
31.538372
32.032027
31.993863
31.711194
32.818101
32.782362
32.142023
34.539577
34.498063
33.084689
38.430304
38.397193
35.185383
50.090884
50.001421
40.206363
66.431677
66.376624
56.663137
122.86225
121.41274
286.33476
69.579132
69.633371
101.71911
49.94933
50.166273
63.057129
41.285904
41.407495
47.266202
37.185746
37.24558
40.028536
35.085927
35.100029
36.513833
33.990935
33.980742
34.720534
33.442438
33.417074
33.782065
31.633899
31.60513
31.916149
31.522256
31.486288
31.552375
31.633577
31.595576
31.490355
31.981181
31.943223
31.660264
32.769701
32.729967
32.090745
34.482588
34.433143
33.031512
38.381452
38.323087
35.122709
49.959236
49.813352
40.107814
66.095976
65.979354
56.400153
120.86271
119.14649
269.14626
69.623433
69.537077
100.54061
50.221662
50.342114
63.077983
41.44275
41.531246
47.431545
37.263177
37.310376
40.124006
35.102134
35.104566
36.560638
33.975583
33.956024
34.71474
33.407734
33.381119
33.755875
31.596522
31.568179
31.902104
31.474423
31.439044
31.510313
31.582984
31.545434
31.443259
31.930617
31.89289
31.609673
32.716239
32.674053
32.039481
34.415963
34.362665
32.974318
38.300569
38.225459
35.047683
49.762577
49.598657
39.984827
65.64117
65.537887
56.088328
118.54451
116.77305
252.91731
69.497544
69.339641
99.203544
50.36797
50.417022
63.009242
41.555053
41.609356
47.520619
37.32382
37.358495
40.189967
35.104542
35.102246
36.592978
33.948802
33.927638
34.704664
33.371656
33.345182
33.724481
31.558748
31.534842
31.890188
31.427435
31.393533
31.468677
31.533007
31.496164
31.397239
31.880346
31.842766
31.559775
32.659717
32.61629
31.98809
34.344487
34.288995
32.914889
38.197978
38.110562
34.96498
49.536441
49.336386
39.843973
65.172796
65.032142
55.735922
116.18285
114.42327
238.00736
69.274597
69.046055
97.795422
50.424605
50.42849
62.871634
41.621758
41.644145
47.548074
37.367272
37.386127
40.228115
35.100622
35.093042
36.611654
33.921042
33.902252
34.691581
33.335366
33.308874
33.694573
31.525316
31.500495
31.880812
31.382626
31.35091
31.430317
31.484094
31.44859
31.353355
31.830306
31.793127
31.511213
32.601743
32.558064
31.936798
34.27023
34.213347
32.85466
38.081042
37.98529
34.878624
49.264981
49.046512
39.693434
64.582421
64.429115
55.327787
622.42943
606.83374
859.51767
113.84677
112.15039
224.65455
68.960808
68.681587
96.352495
50.422673
50.389372
62.651137
41.647339
41.648776
47.52973
37.390222
37.39786
40.238209
35.090225
35.081977
36.620293
33.896209
33.878442
34.677375
33.299426
33.275641
33.667569
31.494061
31.472875
31.887568
31.340653
31.310296
31.396448
31.437025
31.402814
31.311186
31.78084
31.744274
31.46412
32.543538
32.500089
31.885913
34.19418
34.136423
32.79434
37.953084
37.854242
34.790855
48.971849
48.746634
39.537093
63.951675
63.792135
54.898186
563.99387
550.97146
765.69774
111.59857
109.98309
213.04261
68.579718
68.261431
94.958622
50.373651
50.314385
62.36998
41.647502
41.639701
47.483769
37.399001
37.398099
40.23182
35.079259
35.070697
36.620349
33.872593
33.855434
34.665626
33.267639
33.247608
33.642389
31.466011
31.449865
31.889263
31.300317
31.269875
31.364351
31.391628
31.357845
31.26928
31.732208
31.695832
31.417718
32.485732
32.442804
31.835403
34.117197
34.059292
32.734336
37.821491
37.724102
34.704373
48.670473
48.444762
39.382811
63.314293
63.153026
54.462512
516.18846
505.64008
691.09053
109.44791
107.86035
203.14561
68.149562
67.81216
93.598453
50.291518
50.21844
62.053312
41.636682
41.626735
47.423041
37.396584
37.389506
40.22095
35.067832
35.058523
36.612432
33.849952
33.834509
34.654677
33.241286
33.224179
33.619754
31.443935
31.416268
31.86469
31.259324
31.231343
31.329095
31.346222
31.322921
31.231428
31.683372
31.668002
31.383325
32.428291
32.427997
31.809199
34.040174
34.078407
32.725298
37.692951
37.856411
34.736664
48.371161
49.143239
39.576838
62.67863
62.611575
54.094137
477.61475
469.20333
632.63669
107.36823
105.95806
201.00114
67.696896
67.339189
92.305167
50.192025
50.111832
61.723715
41.622755
41.608705
47.353979
37.386251
37.374755
40.20681
35.055255
35.044739
36.600521
33.829627
33.815551
34.642793
33.218632
33.203653
33.600202
31.410299
31.393421
31.887505
31.221661
31.193234
31.297992
31.312182
31.280383
31.192186
31.656277
31.621507
31.339306
32.414013
32.372755
31.76062
34.059536
34.00458
32.66699
37.826012
37.740757
34.656418
49.07854
48.896833
39.441673
105.82399
104.93425
55.01671
252.0568
250.45926
154.02159
264.23205
255.06898
604.70186
107.26155
105.82496
194.96676
67.218332
67.135979
92.128936
50.084843
50.0091
61.559384
41.602969
41.582261
47.280372
37.370353
37.356163
40.189591
35.041066
35.029873
36.58721
33.811018
33.798202
34.630457
33.198596
33.185662
33.583471
31.38826
31.374741
31.890171
31.184001
31.156785
31.273634
31.269951
31.23922
31.154718
31.610081
31.576328
31.296686
32.35924
32.31955
31.713458
33.986916
33.935991
32.610918
37.714734
37.643289
34.583867
48.847472
48.724668
39.330616
104.76156
104.47155
54.804241
4130.4472
3590.4991
152.49326
838.71699
793.24002
2656.2921
252.32602
244.81892
568.22148
105.36608
104.06971
188.41347
67.000224
66.607535
90.910828
49.96427
49.829207
61.163484
41.575755
41.530651
47.145688
37.350968
37.323363
40.148642
35.026049
35.00959
36.56455
33.794175
33.781332
34.614543
33.180953
33.168589
33.568219
31.370961
31.362867
31.895962
31.147815
31.121273
31.251195
31.229183
31.199743
31.118871
31.565263
31.532696
31.255781
32.306604
32.268714
31.667944
33.919722
33.873199
32.557543
37.621644
37.562437
34.518982
48.691565
48.611027
39.240933
104.46356
104.61104
54.675006
3443.9276
3069.957
153.24227
779.89435
744.0542
2192.6848
242.57971
236.40685
538.93226
103.664
102.5174
182.95583
66.480129
66.10654
89.807829
49.783729
49.646882
60.789366
41.514807
41.46557
47.010795
37.313896
37.285455
40.097119
35.004142
34.987991
36.538838
33.777037
33.764998
34.597832
33.163773
33.153022
33.554272
31.359565
31.368721
31.903992
31.11256
31.08756
31.231981
31.190174
31.162263
31.084641
31.522049
31.490842
31.216863
32.256406
32.220481
31.624365
33.858435
33.816307
32.507167
37.544513
37.49499
34.461188
48.589643
48.53828
39.167982
104.68799
104.98826
54.599508
2962.8786
2683.1496
154.5444
733.30519
703.98873
1886.3173
234.51689
229.3413
514.7518
102.16005
101.15434
178.34145
65.98501
65.632598
88.816803
49.601098
49.468942
60.431088
41.4487
41.396448
46.879257
37.276004
37.247849
40.042669
34.982655
34.96681
36.514142
33.761175
33.75025
34.581312
33.14916
33.139716
33.542441
31.367417
31.358445
31.915966
31.079897
31.058795
31.226706
31.153251
31.1271
31.053267
31.480689
31.451001
31.180181
32.208871
32.175077
31.582988
33.802992
33.76511
32.460077
37.479817
37.43789
34.40963
48.524568
48.496235
39.107117
105.09816
105.4682
54.58056
2601.7253
2385.9735
156.14315
695.06612
670.38866
1665.3326
227.76399
223.36557
494.30279
100.83891
99.942189
174.42334
65.518862
65.190385
87.925757
49.425778
49.299615
60.091481
41.378609
41.323805
46.74955
37.238578
37.210638
39.985882
34.961513
34.945716
36.490664
33.746695
33.736284
34.564579
33.135868
33.128222
33.532027
31.357608
31.351618
31.932471
31.052134
31.03199
31.207063
31.11868
31.094219
31.02374
31.441357
31.413271
31.145771
32.164184
32.132548
31.543904
33.753171
33.719166
32.416337
37.424888
37.388626
34.363334
48.490893
48.478551
39.055449
105.59668
105.9892
54.586858
2322.3031
2151.5299
157.88987
662.76738
641.39639
1497.2583
221.99843
218.15279
476.55714
99.661822
98.862098
170.99632
65.084815
64.779419
87.126058
49.258674
49.139245
59.772015
41.305212
41.248806
46.622167
37.201207
37.172367
39.926863
34.940476
34.924987
36.466814
33.732844
33.722752
34.547677
33.124904
33.119024
33.522469
31.350161
31.345962
31.949405
31.025571
31.009159
31.19235
31.086334
31.063409
30.994598
31.404176
31.377694
31.113511
32.122363
32.092828
31.507149
33.708437
33.677808
32.375853
37.377308
37.345358
34.321331
48.475315
48.469373
39.011207
106.12333
106.52705
54.611485
2100.4955
1962.0469
159.70305
634.71111
615.78005
1364.3804
216.94751
213.52393
460.76304
98.604876
97.868705
167.9509
64.681471
64.398377
86.384409
49.1005
48.986543
59.472775
41.229905
41.173546
46.49737
37.162587
37.13267
39.867135
34.919905
34.904998
36.441158
33.719438
33.709798
34.530893
33.116202
33.111788
33.513223
31.34484
31.342207
31.973554
31.003006
30.983366
31.180861
31.056031
31.034707
30.968342
31.369136
31.344273
31.083353
32.083302
32.0557
31.472705
33.668062
33.639994
32.338283
37.335316
37.307151
34.282399
48.468552
48.469327
38.975624
106.66498
107.07778
54.648406
1920.2198
1805.678
161.53826
609.80879
592.79915
1256.2374
212.44103
209.34594
446.46396
97.640877
96.970178
165.19399
64.307816
64.045974
85.713108
48.949382
48.839714
59.193287
41.154926
41.099774
46.375705
37.122568
37.092027
39.80815
34.90013
34.885729
36.413021
33.706659
33.69754
34.51444
33.109368
33.106024
33.50356
31.341523
31.340738
31.992085
30.975919
30.956084
31.173433
31.027848
31.008126
30.939421
31.336259
31.313041
31.055325
32.046808
32.021026
31.440579
33.630985
33.604833
32.303339
37.298631
37.274719
34.245634
48.470522
48.476412
38.945447
107.21593
107.62985
54.69451
1770.7707
1674.4668
163.3429
587.40664
571.98049
1166.2305
208.36094
205.52315
433.39461
96.756081
96.137386
162.66945
63.962014
63.721197
85.079064
48.803658
48.696711
58.932939
41.081646
41.028032
46.256936
37.081825
37.051254
39.750665
34.880964
34.866577
36.382673
33.694565
33.685835
34.498136
33.103896
33.101249
33.493307
31.340687
31.341654
32.013984
30.949306
30.928542
31.168771
31.001839
30.983829
30.91147
31.305583
31.284044
31.029433
32.012726
31.988671
31.410779
33.596361
33.571599
32.27075
37.267141
37.245395
34.210436
48.479037
48.488546
38.918908
107.76704
108.17494
54.746389
1644.9051
1562.8075
165.07831
567.06964
552.9649
1089.961
204.61305
201.97843
421.35278
95.938009
95.357458
160.32715
63.64402
63.419863
84.489637
48.661378
48.556155
58.689429
41.010393
40.958042
46.140396
37.041083
37.010579
39.694617
34.861715
34.846776
36.350583
33.682949
33.674316
34.481476
33.099328
33.097101
33.482403
31.342094
31.344371
32.037084
30.921695
30.90186
31.155002
30.978089
30.961557
30.885306
31.277145
31.257263
31.005585
31.980928
31.958477
31.383239
33.563528
33.540036
32.24027
37.238446
37.218392
34.177114
48.492182
48.504266
38.895645
108.30933
108.70757
54.80157
1537.4495
1466.6158
166.71885
548.45783
535.46393
1024.3884
201.1303
198.66837
410.17812
95.169773
94.621911
158.13623
63.347731
63.13793
83.933348
48.521271
48.417226
58.45878
40.940727
40.88906
46.025073
37.000386
36.969639
39.639271
34.841654
34.825819
36.31696
33.67141
33.662584
34.463938
33.095319
33.093286
33.471628
31.344349
31.330654
32.063957
30.895402
30.87651
31.152593
30.956256
30.940961
30.861229
31.250905
31.232602
30.983593
31.951244
31.930233
31.357809
33.532429
33.510019
32.211637
37.211959
37.193362
34.144917
48.508631
48.522616
38.875172
108.83837
109.22448
54.858454
1444.6103
1382.8166
168.25299
531.29775
519.25629
967.33608
197.87392
195.56283
399.73959
94.444416
93.926554
156.08095
63.070128
62.871336
83.406489
48.382725
48.279829
58.239023
40.871866
40.820313
45.91033
36.959302
36.927994
39.583662
34.820374
34.803585
36.281822
33.659571
33.650071
34.445224
33.091583
33.08956
33.461214
31.330945
31.33635
32.09443
30.870219
30.851253
31.151907
30.936087
30.922294
30.839537
31.226754
31.209937
30.963627
31.923449
31.903768
31.334298
33.502667
33.480943
32.184798
37.187386
37.170141
34.113741
48.527541
48.543062
38.857156
109.35084
109.72362
54.916262
1363.522
1309.0768
169.675
515.38821
504.19488
917.19831
194.81589
192.64
389.95856
93.758962
93.270125
154.15228
62.806711
62.618207
82.904598
48.245746
48.144223
58.025771
40.803081
40.75127
45.796236
36.917442
36.885473
39.527042
34.797837
34.78022
36.24525
33.646733
33.636352
34.425332
33.087887
33.085746
33.451
31.336957
31.341904
32.124886
30.845252
30.829692
31.152385
30.918011
30.906047
30.821862
31.204563
31.189077
30.945944
31.897423
31.878923
31.312498
33.473804
33.452681
32.159404
37.164626
37.148788
34.083655
48.548462
48.565319
38.841348
109.84561
110.20503
54.974737
1291.9994
1243.6023
170.98797
500.59544
490.16683
872.75971
191.93587
189.88162
380.78889
93.11188
92.649449
152.3383
62.55566
62.372797
82.424496
48.110604
48.010808
57.817534
40.733921
40.681724
45.683348
36.874707
36.842136
39.469095
34.774228
34.755974
36.207483
33.632764
33.622154
34.404463
33.084074
33.081766
33.440799
31.342454
31.349523
32.154073
30.825361
30.81476
31.154479
30.902309
30.891595
30.810094
31.184116
31.16974
30.930053
31.872923
31.855386
31.292158
33.445739
33.425218
32.135204
37.143745
37.129305
34.054797
48.57113
48.589102
38.827491
110.32233
110.6667
55.033654
1228.3602
1184.9918
172.1918
486.80833
477.05927
833.08787
189.21592
187.27161
372.17892
92.499092
92.05793
150.62376
62.312071
62.132946
81.965727
47.977851
47.879931
57.613725
40.664254
40.611729
45.57224
36.831191
36.79813
39.409897
34.749802
34.731096
36.168849
33.618586
33.607997
34.382887
33.08009
33.077648
33.43043
31.352273
31.359662
32.188125
30.811988
30.806306
31.156638
30.888146
30.87808
30.804056
31.16509
31.151513
30.915206
31.849685
31.832991
31.272925
33.418486
33.398631
32.112055
37.12471
37.111493
34.027328
48.595238
48.614054
38.815273
110.77873
111.10718
55.092705
1171.2833
1132.1429
173.28583
473.91323
464.76356
797.44842
186.64098
184.79817
364.06765
91.913301
91.486061
148.9974
62.074122
61.898813
81.523091
47.847651
47.751961
57.411529
40.594183
40.541531
45.463522
36.787046
36.753637
39.349781
34.724807
34.705841
36.129702
33.60443
33.593836
34.360886
33.075988
33.073512
33.419919
31.362223
31.369839
32.222814
30.8049
30.802743
31.156628
30.874803
30.865234
30.800575
31.147093
31.134134
30.901033
31.827556
31.811628
31.254578
33.392138
33.373045
32.089869
37.107267
37.095097
34.001383
48.620431
48.639881
38.804357
111.21408
111.52812
55.151663
1119.7332
1084.2011
174.27656
461.8064
453.19535
765.25061
184.19981
182.44748
356.39936
91.345833
90.930074
147.45167
61.840364
61.666995
81.09265
47.720563
47.627786
57.214738
40.523989
40.471469
45.357781
36.742469
36.708907
39.289197
34.6995
34.680477
36.090375
33.590279
33.579736
34.338751
33.071908
33.069541
33.409393
31.372389
31.380074
32.256419
30.802567
30.802984
31.154849
30.862122
30.853055
30.79768
31.129904
31.117488
30.887479
31.806438
31.79122
31.237007
33.366823
33.348576
32.0686
37.091198
37.079949
33.977056
48.646446
48.666416
38.794453
111.63052
111.9313
55.210424
1072.908
1040.4982
175.17125
450.40904
442.28626
736.01496
181.87677
180.19978
349.12582
90.793292
90.388886
145.97341
61.609696
61.439241
80.672653
47.597346
47.507345
57.020836
40.454015
40.401863
45.255192
36.697728
36.664261
39.228614
34.67415
34.655249
36.051154
33.576219
33.565835
34.316746
33.068043
33.065935
33.398942
31.404629
31.409302
32.289946
30.803223
30.804159
31.155651
30.850117
30.841615
30.795202
31.113435
31.101543
30.874615
31.786258
31.771702
31.220162
33.342648
33.325306
32.048212
37.076335
37.065895
33.954459
48.67314
48.69354
38.785365
112.02923
112.31629
55.268829
1030.1759
1000.485
175.97283
439.65436
431.97015
709.35238
179.65179
178.03725
342.20062
90.256211
89.864516
144.54823
61.382596
61.214664
80.26198
47.477773
47.390115
56.832041
40.384568
40.332988
45.155346
36.653158
36.62005
39.168487
34.648985
34.63031
36.012263
33.562391
33.552242
34.295062
33.064586
33.06283
33.388568
31.410721
31.415184
32.32372
30.804489
30.806166
31.156459
30.838882
30.831044
30.793294
31.097666
31.086299
30.862567
31.766953
31.753012
31.204015
33.319683
33.303261
32.028676
37.062533
37.052805
33.933236
48.700389
48.721115
38.776974
112.40948
112.68254
55.32667
990.95697
962.32059
176.6862
429.47581
422.17838
684.94291
177.50869
175.95015
335.5784
89.736121
89.357053
143.17062
61.159388
60.994163
79.860349
47.361222
47.27549
56.647069
40.315917
40.265107
45.057521
36.609109
36.5766
39.109264
34.624127
34.605679
35.973872
33.548882
33.538958
34.273765
33.061645
33.060236
33.37819
31.417447
31.425566
32.358724
30.806835
30.808807
31.179535
30.828558
30.821413
30.792554
31.0826
31.07176
30.851426
31.748461
31.735095
31.188543
33.297942
33.28243
32.009963
37.049666
37.040577
33.913409
48.728062
48.749064
38.769213
112.77125
113.03239
55.383928
952.81741
924.41794
177.32221
419.80454
412.84842
662.51302
175.43983
173.93541
329.22272
89.232609
88.865169
141.84059
60.93987
60.777994
79.469574
47.247294
47.163917
56.465756
40.24833
40.19849
44.961643
36.56589
36.534147
39.051326
34.59956
34.581254
35.936099
33.535658
33.52585
34.252791
33.059197
33.058029
33.367699
31.427847
31.437155
32.395091
30.809411
30.81203
31.186035
30.81913
30.812732
30.791966
31.068237
31.057924
30.841232
31.730731
31.717908
31.173726
33.277409
33.262775
31.992042
37.037641
37.029144
33.894888
48.756106
48.777432
38.762077
113.11775
113.37041
55.440866
915.0393
887.11042
177.89842
410.58303
403.941
641.83576
173.44259
171.98822
323.10981
88.744689
88.390083
140.55715
60.724568
60.566826
79.092732
47.136514
47.055232
56.289099
40.18206
40.133278
44.867679
36.523705
36.492776
38.994852
34.57516
34.556866
35.898985
33.522564
33.512726
34.231973
33.057088
33.055993
33.357009
31.440305
31.450213
32.432999
30.813257
30.815271
31.19334
30.810643
30.804789
30.792967
31.054574
31.044783
30.831969
31.713722
31.701415
31.159557
33.258039
33.244227
31.974875
37.026401
37.018472
33.877546
48.784599
48.806343
38.755693
113.45337
113.69936
55.497875
877.91958
850.64314
178.42702
401.77736
395.43392
622.7192
171.51115
170.10248
317.22875
88.273841
87.930603
139.31387
60.514832
60.360105
78.730445
47.028415
46.948632
56.116598
40.117197
40.069432
44.775197
36.482599
36.452419
38.939789
34.550753
34.532343
35.862473
33.509407
33.499434
34.211105
33.055093
33.05391
33.346091
31.453657
31.464618
32.473096
30.816387
30.823323
31.201696
30.803458
30.798371
30.792641
31.041609
31.032342
30.823817
31.697395
31.685577
31.146045
33.239753
33.22669
31.958414
37.015913
37.008526
33.861245
48.813661
48.83587
38.750054
113.78019
114.01923
55.555171
841.70202
815.28707
178.91333
393.36813
387.31278
604.99476
169.6408
168.27875
311.57642
87.817984
87.485234
138.10849
60.309102
60.157798
78.379903
46.922246
46.84363
55.947834
40.053672
40.006828
44.683802
36.44247
36.412915
38.885959
34.526172
34.507553
35.826433
33.496063
33.485933
34.189987
33.053003
33.051622
33.334963
31.468378
31.480149
32.51545
30.824206
30.826348
31.211221
30.796888
30.791941
30.794938
31.029381
31.020659
30.816599
31.681709
31.670341
31.133174
33.222448
33.210045
31.94259
37.006141
36.999247
33.845843
48.843339
48.865954
38.745096
114.09752
114.32809
55.612651
806.67212
781.34933
179.35696
385.34089
379.56032
588.51159
167.83254
166.51791
306.14754
87.376381
87.055061
136.94226
60.107946
59.960111
78.040343
46.817598
46.739997
55.782497
39.991356
39.945327
44.593298
36.40315
36.374094
38.833165
34.501302
34.482428
35.790719
33.482514
33.472257
34.16848
33.05068
33.049068
33.323669
31.484195
31.496744
32.559892
30.826952
30.829149
31.221599
30.79062
30.787169
30.795107
31.017678
31.009639
30.809649
31.666609
31.655683
31.120932
33.206002
33.194162
31.92732
36.997018
36.99053
33.831196
48.873537
48.896404
38.740693
114.40331
114.62369
55.670001
773.12478
749.05791
179.75631
377.67735
372.15586
573.13983
166.08726
164.81701
300.93161
86.94996
86.640091
135.81444
59.911393
59.766846
77.711332
46.714294
46.63766
55.620223
39.930105
39.884764
44.503635
36.364476
36.335825
38.781199
34.476088
34.456945
35.755212
33.468805
33.458458
34.146512
33.048087
33.046251
33.312244
31.501016
31.514143
32.605976
30.829889
30.832137
31.232705
30.785405
30.78217
30.795711
31.006985
30.99913
30.802901
31.652155
31.641663
31.109346
33.190292
33.178926
31.912771
36.988434
36.982233
33.817157
48.904042
48.926965
38.736665
114.69524
114.90412
55.726855
741.274
718.57403
180.11075
370.35637
365.07433
558.77487
164.40033
163.16946
295.91259
86.538499
86.238543
134.72092
59.719187
59.577692
77.392131
46.612264
46.536502
55.460635
39.869746
39.824944
44.414822
36.326326
36.297991
38.729833
34.450515
34.431098
35.719826
33.454981
33.444552
34.124059
33.045243
33.043235
33.30069
31.518589
31.532257
32.65305
30.832881
30.835163
31.244549
30.781026
30.778241
30.796593
30.996669
30.989472
30.797351
31.63816
31.627786
31.098237
33.175267
33.164231
31.898595
36.980217
36.974213
33.803561
48.934596
48.957397
38.73282
114.97182
115.16835
55.782891
711.25311
689.94754
180.42407
363.35161
358.29022
545.33206
162.76513
161.56932
291.07487
86.139966
85.848199
133.65708
59.530976
59.392034
77.081372
46.511376
46.436322
55.303231
39.810078
39.765656
44.326852
36.28858
36.260449
38.678802
34.424574
34.404864
35.684474
33.441044
33.430492
34.10111
33.042223
33.040133
33.288956
31.536891
31.55119
32.700324
30.835941
30.838405
31.257237
30.777404
30.775069
30.797822
30.982477
30.974781
30.792883
31.624301
31.614477
31.08148
33.160581
33.149928
31.884588
36.972288
36.966251
33.790393
48.96496
48.987454
38.729016
115.23201
115.41711
55.837933
683.08782
663.14495
180.69948
356.63777
351.77868
532.73674
161.17584
160.0098
286.40356
85.752003
85.466312
132.61744
59.346069
59.209151
76.776914
46.411394
46.336879
55.147431
39.75089
39.706704
44.239699
36.25108
36.222994
38.627818
34.398238
34.378204
35.649041
33.426932
33.416177
34.077648
33.039138
33.03703
33.276951
31.556066
31.571161
32.746962
30.839266
30.842002
31.270837
30.774357
30.772344
30.799493
30.972544
30.966042
30.788835
31.611108
31.589302
31.07085
33.146424
33.136069
31.857916
36.964262
36.958269
33.777367
48.994956
49.017329
38.725223
115.47679
115.64978
55.891955
656.72853
638.08373
180.941
350.19101
345.52076
520.93121
159.62537
158.48426
281.88371
85.371769
85.090097
131.59629
59.163787
59.028477
76.4766
46.312125
46.238093
54.992826
39.691996
39.647934
44.153381
36.21361
36.185391
38.576622
34.371464
34.351074
35.613396
33.412534
33.40148
34.053652
33.036062
33.033963
33.264571
31.576318
31.592308
32.792529
30.842954
30.845926
31.285337
30.771726
30.769964
30.801529
30.963924
30.957662
30.785108
31.585832
31.576353
31.061129
33.132577
33.096411
31.842747
36.956282
36.950179
33.736061
49.024724
49.046747
38.721299
115.70549
115.86664
55.944745
632.08759
614.6715
181.15218
343.99444
339.50448
509.86536
158.10752
156.98845
277.50734
84.996609
84.717474
130.58967
58.983581
58.849423
76.178754
46.213481
46.139822
54.839144
39.633251
39.58924
44.067897
36.175935
36.147437
38.525048
34.344203
34.323396
35.577439
33.397722
33.386295
34.02912
33.03302
33.030919
33.251749
31.597786
31.614641
32.836733
30.846937
30.850008
31.300635
30.769417
30.767829
30.803718
30.955603
30.949496
30.781578
31.57325
31.564002
31.051702
33.092993
33.083494
31.829861
36.947392
36.884214
33.721973
49.053983
48.94682
38.647145
115.91865
116.06883
55.994365
609.07343
592.82224
181.33741
338.03686
333.71937
499.49746
156.61885
155.52094
273.2689
84.624661
84.347214
129.59606
58.804844
58.671503
75.882257
46.11533
46.042063
54.686106
39.57457
39.530614
43.98327
36.137873
36.109028
38.473069
34.316399
34.295275
35.541142
33.382408
33.370588
34.00407
33.02999
33.027859
33.238475
31.620328
31.637713
32.879712
30.851027
30.854083
31.316656
30.767329
30.765867
30.805908
30.947485
30.941521
30.778216
31.560956
31.551875
31.042511
33.080343
33.070872
31.817152
36.882518
36.877628
33.71005
48.933258
48.950713
38.644317
116.11461
115.37274
55.823346
587.60526
573.1432
179.7426
332.30876
329.4608
490.21619
155.15832
154.08128
269.91582
84.254874
83.978682
128.61489
58.627154
58.494457
75.586512
46.017728
45.945009
54.533723
39.515969
39.472113
43.899599
36.099349
36.070173
38.420764
34.288183
34.266795
35.504556
33.366575
33.3544
33.978494
33.02693
33.024736
33.224802
31.643553
31.661442
32.921917
30.855093
30.858116
31.333402
30.765408
30.764072
30.808101
30.939557
30.933759
30.775063
31.548877
31.539966
31.033561
33.06774
33.058327
31.804615
36.875987
36.870934
33.698048
48.958901
48.983077
38.642043
115.42539
115.58385
55.879779
568.29789
554.22511
179.9684
328.09504
324.06613
481.09753
153.72546
152.66778
265.90439
83.886722
83.611594
127.64583
58.450327
58.318296
75.29134
45.920883
45.848842
54.382236
39.457509
39.413785
43.816914
36.060395
36.030954
38.368247
34.259625
34.238018
35.467779
33.350281
33.337815
33.952517
33.023796
33.02151
33.210819
31.667477
31.685908
32.964021
30.85912
30.862143
31.350819
30.763661
30.762482
30.81036
30.931859
30.926263
30.772152
31.53701
31.528237
31.024874
33.055176
33.045732
31.792215
36.869296
36.864274
33.685948
48.991197
49.014955
38.639712
115.63607
115.78396
55.934988
549.69538
536.57728
180.17918
322.74856
318.86942
472.54832
152.31821
151.27878
262.01215
83.519975
83.245822
126.68863
58.274395
58.143064
74.99678
45.824954
45.753645
54.231899
39.399226
39.355629
43.735133
36.021102
35.991481
38.315605
34.230784
34.209005
35.430912
33.333613
33.320928
33.926231
33.020545
33.018138
33.196616
31.69211
31.710977
33.006589
30.863152
30.866183
31.368792
30.762128
30.761127
30.81273
30.924435
30.919055
30.769491
31.525339
31.516687
31.016456
33.042577
33.033092
31.77993
36.862583
36.857628
33.673748
49.023034
49.0467
38.637371
115.83386
115.97305
55.98957
532.35786
520.14653
180.38071
317.60039
313.86217
464.5117
150.93518
149.91333
258.23027
83.154523
82.881298
125.74314
58.099407
57.968846
74.702934
45.730007
45.659459
54.082938
39.341109
39.297604
43.654141
35.981583
35.951858
38.262884
34.201723
34.179824
35.394043
33.316665
33.303824
33.899696
33.017137
33.014574
33.182268
31.717279
31.736314
33.050106
30.867201
30.870242
31.387061
30.760835
30.760024
30.815212
30.917296
30.912128
30.767074
31.513819
31.505273
31.008301
33.029887
33.0203
31.767745
36.855961
36.850936
33.661416
49.054483
49.077804
38.635049
116.0213
116.15626
56.042892
516.22155
504.86817
180.58123
312.63851
309.03162
456.94227
149.57551
148.57075
254.55442
82.790312
82.517983
124.8093
57.925466
57.795805
74.409868
45.636075
45.566297
53.935544
39.283108
39.239645
43.573844
35.941937
35.912165
38.210092
34.172515
34.150568
35.357237
33.299521
33.286586
33.872969
33.013522
33.010763
33.167851
31.742631
31.761586
33.094701
30.871269
30.87436
31.405397
30.759795
30.759179
30.817829
30.910437
30.905451
30.764899
31.502442
31.493991
31.000361
33.017083
33.007447
31.755651
36.849298
36.84435
33.649074
49.085582
49.108924
38.632737
116.20081
116.33356
56.095914
501.21837
490.65126
180.7893
307.85007
304.36638
449.83689
148.23855
147.25019
250.9778
82.427287
82.155751
123.88726
57.75275
57.624112
74.117526
45.543168
45.474143
53.789804
39.225156
39.181683
43.494155
35.902237
35.872456
38.157212
34.143257
34.121349
35.320543
33.282262
33.269291
33.846149
33.009643
33.006645
33.153421
31.767844
31.786525
33.140333
30.875417
30.878638
31.423635
30.75901
30.758572
30.820634
30.903815
30.898975
30.762937
31.491196
31.48284
30.992592
33.004254
32.994629
31.74365
36.842736
36.837798
33.636744
49.116446
49.139858
38.630436
116.37763
116.50949
56.148372
487.25094
477.39732
181.01003
303.22491
299.85819
443.21732
146.92328
145.95009
247.49384
82.065306
81.794424
122.9772
57.581409
57.453831
73.825807
45.451258
45.382948
53.645687
39.167184
39.123664
43.414988
35.86253
35.83276
38.10423
34.114068
34.092289
35.28399
33.264966
33.252023
33.819384
33.005444
33.002174
33.139034
31.792612
31.810868
33.18665
30.879756
30.883215
31.44162
30.75845
30.758132
30.823689
30.897382
30.892644
30.761115
31.480071
31.471781
30.984942
32.991428
32.981867
31.73175
36.836207
36.831255
33.624495
49.147405
49.170642
38.628226
116.5509
116.68025
56.200328
474.2238
465.02017
181.24622
298.75467
295.50047
437.10019
145.62803
144.66888
244.09941
81.704179
81.433813
122.07896
57.411476
57.284923
73.534614
45.360291
45.292641
53.5031
39.109147
39.065566
43.336258
35.822841
35.793092
38.051144
34.085064
34.063482
35.247593
33.247718
33.234863
33.792842
33.000884
32.997327
33.124746
31.816888
31.834782
33.233151
30.884419
30.888181
31.459499
30.758035
30.757752
30.827007
30.891076
30.886397
30.759327
31.469025
31.460793
30.97737
32.97869
32.96918
31.719914
36.829683
36.82478
33.61228
49.178221
49.20153
38.625976
116.7243
116.85403
56.252171
462.05376
453.44516
181.49992
294.43409
291.28884
431.49875
144.35139
143.40563
240.7928
81.343736
81.07391
121.19188
57.242905
57.117366
73.24397
45.270192
45.203145
53.361973
39.051029
39.007401
43.257907
35.783183
35.753467
37.997976
34.056336
34.03503
35.211361
33.230598
33.217888
33.766684
32.995947
32.992114
33.110608
31.840681
31.858194
33.279276
30.889493
30.89359
31.477259
30.757652
30.757324
30.830583
30.884841
30.880184
30.757474
31.458052
31.44985
30.969851
32.966007
32.956578
31.70815
36.823149
36.818283
33.600163
49.209124
49.232216
38.623691
116.89563
117.0255
56.303852
450.66883
442.60749
181.76938
290.25805
287.21852
426.41309
143.09256
142.16009
237.57315
80.984067
80.715187
120.31528
57.075693
56.951219
72.954162
45.180888
45.1144
53.222297
38.992854
38.949216
43.179919
35.743571
35.713905
37.944769
34.027988
34.007022
35.175299
33.21368
33.201158
33.741058
32.990651
32.986575
33.096657
31.863989
31.881257
33.324593
30.895013
30.899449
31.494997
30.757198
30.756774
30.834402
30.878636
30.873983
30.755498
31.447122
31.438941
30.962356
32.953456
32.944086
31.69643
36.816662
36.811749
33.588102
49.239824
49.262637
38.621466
117.06705
117.19636
56.354777
440.0063
432.45099
182.05254
286.22247
283.28533
421.8349
141.85153
140.93294
234.43759
80.625765
80.358432
119.44914
56.909914
56.78658
72.665691
45.092323
45.026365
53.084085
38.934675
38.891083
43.102308
35.704031
35.67444
37.891587
34.000101
33.979512
35.139423
33.19702
33.184721
33.716008
32.985045
32.980778
33.082955
31.886993
31.904194
33.368946
30.90098
30.905726
31.51285
30.756612
30.756079
30.838433
30.872432
30.867783
30.753395
31.436206
31.428021
30.954878
32.940965
32.931672
31.68474
36.810139
36.805246
33.576093
49.27023
49.292979
38.619221
117.23757
117.36296
56.404873
430.01175
422.92321
182.34735
282.32304
279.48546
417.74785
140.62914
139.72507
231.38552
80.269616
80.00427
118.59385
56.745664
56.623512
72.379083
45.004459
44.939
52.947299
38.876571
38.833099
43.025097
35.664596
35.635112
37.838516
33.972719
33.952515
35.103749
33.180662
33.168607
33.691538
32.979199
32.974798
33.069546
31.909947
31.927235
33.412234
30.907355
30.91235
31.53096
30.755885
30.755266
30.84264
30.866233
30.861597
30.751198
31.425297
31.417106
30.947413
32.928576
32.919314
31.673039
36.803644
36.798716
33.564152
49.300542
49.323141
38.616992
117.40364
117.52744
56.454358
420.63411
413.97969
182.65153
278.55551
275.81304
414.13664
139.42617
138.53693
228.4118
79.916161
79.652972
117.74966
56.582989
56.462007
72.094711
44.917254
44.852258
52.811826
38.818641
38.775377
42.948298
35.625308
35.595958
37.785664
33.945848
33.926012
35.068289
33.164631
33.152832
33.66762
32.973191
32.968712
33.056456
31.93304
31.950547
33.454678
30.914049
30.919221
31.549395
30.755049
30.75438
30.846965
30.860055
30.855447
30.748966
31.414369
31.406169
30.939962
32.916234
32.907014
31.661351
36.797131
36.792272
33.552227
49.330642
49.352768
38.614918
117.56753
117.68704
56.502668
411.8301
405.57954
182.96584
274.91417
272.26261
410.98064
138.24299
137.36853
225.51698
79.565586
79.304528
116.91659
56.421865
56.302004
71.812723
44.83066
44.766089
52.67752
38.761003
38.718036
42.871916
35.586202
35.557003
37.733149
33.91946
33.899946
35.03304
33.148943
33.137403
33.644195
32.967094
32.962584
33.043693
31.956415
31.974181
33.496492
30.920966
30.926239
31.568143
30.754153
30.753475
30.851354
30.853919
30.849362
30.746758
31.403434
31.395249
30.932549
32.903945
32.894734
31.649698
36.790645
36.785888
33.540341
49.360176
49.382074
38.613054
117.72662
117.84485
56.55018
403.55989
397.68624
183.29174
271.39332
268.82913
408.25445
137.07948
136.21952
222.69761
79.217841
78.95883
116.09452
56.262226
56.143432
71.533118
44.744626
44.680443
52.544248
38.703777
38.661189
42.795944
35.5473
35.518259
37.681085
33.893492
33.874235
34.997977
33.133599
33.122311
33.621176
32.960968
32.956466
33.031247
31.980143
31.99811
33.537955
30.928006
30.933315
31.587163
30.753252
30.752609
30.855764
30.847851
30.843358
30.744628
31.392524
31.384376
30.925195
32.891677
32.882497
31.638103
36.784301
36.779682
33.528466
49.389156
49.410836
38.61134
117.88411
118.00178
56.596813
395.78775
390.26509
183.63207
267.98865
265.50941
405.92825
135.93523
135.08941
219.95137
78.872819
78.615827
115.28335
56.104002
55.98623
71.255852
44.659103
44.595265
52.411911
38.647067
38.604912
42.720358
35.508608
35.479721
37.629559
33.867853
33.848776
34.963061
33.118587
33.107527
33.598456
32.954863
32.950396
33.019089
32.004135
32.0223
33.57936
30.935088
30.940408
31.606358
30.752404
30.75183
30.860183
30.841874
30.837451
30.742615
31.38167
31.373595
30.917906
32.879427
32.870285
31.626616
36.778137
36.77361
33.516637
49.418119
49.439302
38.609919
118.04097
118.15621
56.642613
388.47998
383.28673
183.99018
264.69682
262.30128
403.97135
134.80982
133.97808
217.27761
78.530496
78.275564
114.48323
55.947131
55.830325
70.980886
44.574031
44.510476
52.28043
38.590937
38.549227
42.645104
35.470119
35.441376
37.578605
33.84244
33.823465
34.928248
33.103872
33.093
33.575924
32.948816
32.944413
33.007171
32.028364
32.046593
33.620911
30.942181
30.947507
31.625663
30.751653
30.75117
30.864617
30.835986
30.83162
30.740736
31.370919
31.362939
30.910688
32.867225
32.858123
31.615244
36.772132
36.767779
33.504836
49.446512
49.467479
38.608687
118.19564
118.31443
56.687169
381.6079
376.72303
184.36898
261.51652
259.20495
402.34354
133.7032
132.8857
214.67206
78.190933
77.938109
113.69454
55.791535
55.675598
70.708159
44.489324
44.425969
52.149699
38.535396
38.4941
42.570087
35.431818
35.403205
37.528206
33.81715
33.798211
34.893504
33.089399
33.078664
33.553481
32.942864
32.93855
32.995436
32.052686
32.070911
33.662685
30.949288
30.954625
31.644993
30.751025
30.750631
30.869077
30.83017
30.82584
30.738972
31.360287
31.352412
30.903524
32.855079
32.84599
31.604029
36.766357
36.762096
33.493084
49.474335
49.49506
38.607715
118.35421
118.47176
56.730463
375.14357
370.547
184.76941
258.44856
256.22275
401.00892
132.61558
131.81227
212.13625
77.854181
77.603427
112.91758
55.637074
55.521849
70.437508
44.404867
44.341604
52.019554
38.480397
38.439448
42.495184
35.393687
35.365192
37.478296
33.791898
33.772948
34.858812
33.0751
33.064447
33.531052
32.937042
32.932846
32.983817
32.076989
32.095137
33.704684
30.95641
30.961757
31.66428
30.750512
30.750178
30.873564
30.824396
30.820055
30.737271
31.349795
31.342009
30.896383
32.842958
32.833901
31.592934
36.760736
36.756612
33.481378
49.50184
49.522318
38.606866
118.5095
118.62896
56.773372
369.06054
364.73413
185.19361
255.49491
253.35044
399.94272
131.54684
130.75742
209.66713
77.520166
77.271289
112.15225
55.483528
55.368794
70.16863
44.320513
44.257229
51.889768
38.425846
38.385163
42.420259
35.355711
35.327325
37.428783
33.766626
33.747643
34.824172
33.060902
33.050283
33.508595
32.931387
32.927331
32.972254
32.101169
32.119137
33.746865
30.963545
30.968902
31.683427
30.750071
30.749747
30.878068
30.818601
30.814214
30.735563
31.33943
31.331707
30.889211
32.830878
32.821813
31.58194
36.755282
36.751266
33.46967
49.529011
49.549235
38.606174
118.67007
118.79216
56.814981
363.33492
359.26246
185.64414
252.64801
250.57541
399.12737
130.49652
129.72021
207.25928
77.188602
76.941248
111.39778
55.330596
55.216101
69.901084
44.236114
44.172712
51.760077
38.371635
38.33114
42.345204
35.31788
35.289602
37.379575
33.741308
33.722292
34.789606
33.046741
33.03612
33.486097
32.92593
32.922032
32.960697
32.125095
32.142836
33.789107
30.97069
30.97605
31.702395
30.749634
30.749269
30.882568
30.812736
30.808263
30.733775
31.329138
31.321467
30.881967
32.818794
32.80974
31.570996
36.749896
36.745949
33.457949
49.555837
49.575499
38.605584
118.83428
118.95728
56.855769
357.94539
354.11227
186.12428
249.89581
247.89002
398.54661
129.4635
128.69921
204.90808
76.859001
76.612762
110.65293
55.177941
55.063451
69.634385
44.151546
44.087972
51.630247
38.317664
38.277301
42.269968
35.280195
35.252034
37.3306
33.715948
33.696914
34.755148
33.032574
33.021935
33.463565
32.920692
32.916961
32.94912
32.148687
32.166176
33.831224
30.977839
30.983209
31.721138
30.749136
30.748694
30.887064
30.806752
30.802168
30.731852
31.318906
31.311238
30.874619
32.806723
32.797671
31.56008
36.744667
36.740694
33.446271
49.58201
49.601403
38.60504
119.00078
119.12838
56.895329
352.8727
349.26568
186.63725
247.23233
245.29099
398.18472
128.44633
127.69314
202.61064
76.530828
76.285376
109.91666
55.025263
54.910616
69.368138
44.066748
44.003001
51.500123
38.263864
38.223606
42.194575
35.242667
35.214635
37.281812
33.690569
33.671545
34.720837
33.018382
33.007724
33.441019
32.915686
32.912125
32.937516
32.171959
32.189169
33.873171
30.985002
30.990391
31.739665
30.748531
30.747988
30.891557
30.800621
30.795922
30.729768
31.308678
31.301001
30.867151
32.794655
32.785582
31.54915
36.739422
36.735471
33.434538
49.607825
49.626954
38.604411
119.17359
119.30678
56.934576
348.09942
344.70653
187.18821
244.6544
242.77569
398.02414
127.44386
126.70124
200.36613
76.203671
75.958841
109.18837
54.872363
54.757495
69.102144
43.981728
43.917865
51.36966
38.210203
38.170053
42.11912
35.205313
35.177421
37.233197
33.665207
33.646219
34.686708
33.004166
32.9935
33.418486
32.910912
32.907519
32.925894
32.194869
32.211859
33.914813
30.99219
30.997597
31.758021
30.74779
30.747136
30.896048
30.794335
30.789528
30.727515
31.298436
31.290732
30.859563
32.782567
32.773501
31.538208
36.734133
36.730193
33.422843
49.633286
49.651856
38.603756
119.35407
119.49115
56.972224
343.60975
340.41716
187.77575
242.15976
240.34386
398.04308
126.45545
125.72324
198.17178
75.87734
75.633147
108.46791
54.71917
54.604103
68.836421
43.89657
43.832683
51.23891
38.156689
38.116663
42.043742
35.168149
35.140403
37.184759
33.639898
33.620966
34.652778
32.989942
32.979279
33.395988
32.906373
32.903173
32.914263
32.217487
32.234044
33.955575
30.999405
31.004762
31.776042
30.746901
30.746159
30.900482
30.787908
30.783068
30.725133
31.288151
31.280479
30.851932
32.770464
32.761356
31.527269
36.72878
36.724281
33.411004
49.65752
49.672805
38.602083
119.5327
119.63862
57.003682
339.37805
336.33317
188.30145
239.75488
238.04176
398.14119
125.4809
124.76053
196.06045
75.551881
75.309479
107.75672
54.565725
54.451217
68.572086
43.8114
43.748048
51.108601
38.103346
38.063777
41.969
35.131181
35.103817
37.136795
33.614668
33.595982
34.61927
32.975723
32.965181
33.373678
32.902117
32.899177
32.90265
177.96688
181.82955
103.28683
1186.3637
803.20796
715.87346
77.478501
100.19121
110.45212
1896.4187
2816.4277
1686.9571
188.2665
335.80265
238.27148
548.70719
438.54513
234.4118
97.946348
139.86144
146.98902
116.8379
171.2627
179.11097
794.39172
810.32628
530.81906
506.60734
762.39802
778.48124
730.16793
746.37827
497.98675
470.95473
697.98847
714.00257
666.3282
682.07479
461.84308
435.12544
635.64072
650.79103
606.30008
620.77407
426.52713
401.57484
578.18803
592.101
551.35112
564.57777
393.54105
370.53394
525.94187
538.43439
502.00406
513.78845
363.27401
156.57082
256.8602
253.97671
1448.7765
1495.8998
966.50223
79.237175
95.908274
78.03925
166.6845
121.38055
92.58162
438.33883
341.28464
473.23457
342.49452
479.48789
490.54742
458.39713
468.76689
335.9767
944.54957
655.63731
638.72374
317.55351
438.73097
448.36743
420.47597
429.42152
311.84752
833.97082
591.87976
577.5906
295.94815
403.76585
411.96279
388.55809
395.99474
291.09327
745.38386
538.79218
527.12717
258.35367
399.16118
309.22097
80.137236
71.708035
64.045824
91.895817
80.354074
99.764038
59.604196
68.232392
72.740684
99.448023
128.29094
122.42602
138.34088
133.7204
102.70355
308.72267
191.82195
199.66185
111.03651
146.85382
142.67407
153.62791
150.50048
113.497
345.93507
217.9674
222.18372
103.68896
79.438899
78.843477
80.481599
79.988964
104.83279
55.661614
64.582885
64.881467
107.33788
81.240188
80.898878
81.869521
81.550138
107.85934
56.278212
65.573596
65.77111
110.31689
82.599395
82.22969
83.118764
82.910084
111.11189
56.641614
66.305324
66.407989
111.8178
83.250942
83.229111
83.182125
83.232085
111.76999
56.739966
66.4858
66.469552
111.27718
82.988002
83.102044
82.64282
82.834689
110.98401
56.607467
66.29919
66.205311
109.5914
82.181572
82.417237
81.743644
81.952033
109.12056
56.322212
65.864748
65.753999
108.12611
81.37919
81.561971
80.965293
81.181682
107.81187
56.009449
65.427337
65.30527
106.50629
80.468101
80.728522
79.938382
80.203027
106.00492
55.638656
64.887148
64.738196
277.73265
374.78191
381.45716
362.44534
368.48154
273.6547
675.22114
495.8951
486.37734
550.96709
535.52321
4599.0007
153.48442
249.28377
248.42565
894.64626
1365.7176
1405.5911
1295.3791
1329.1236
874.51434
3784.2857
2402.4742
2316.6045
586.83836
548.71239
540.93388
1108.9612
1214.4507
1591.6789
1786.7424
1993.5662
2555.6607
972.04558
759.46856
611.25905
83.327803
102.56049
95.790126
116.78406
110.05878
87.810221
240.68463
151.36664
163.30789
98.345035
76.627039
75.726035
78.182253
77.441975
99.842749
54.622628
63.044689
63.484458
119.34581
158.27415
156.21848
161.09964
159.88521
120.77144
355.40008
229.14525
229.94257
123.58224
162.4817
161.89834
163.23799
162.96062
124.10491
351.9178
230.9338
230.67934
104.58048
79.415867
79.680468
78.868286
79.142995
104.0726
55.221857
64.27043
64.110426
102.58948
78.326388
78.597855
77.782145
78.058292
102.11051
54.790495
63.633761
63.472864
100.63672
77.23975
77.513807
76.702441
76.972992
100.16402
54.354569
62.993241
62.833976
262.73529
351.35906
356.74714
357.43982
346.7442
259.73459
655.82579
462.1099
477.52026
1244.7218
1165.1599
1601.6711
91.546376
72.507423
71.271439
74.739749
73.665536
93.334647
53.076276
60.862909
61.474226
125.13288
163.25589
163.32773
162.7103
163.04821
125.26832
341.79174
228.43398
227.27348
98.961963
76.333636
76.449223
80.116327
80.385985
106.77044
55.460093
64.910074
64.756652
32.054093
32.057451
32.104287
32.299938
32.324809
32.268221
32.059197
32.070456
32.147327
31.998638
32.002633
32.024866
31.923367
31.924642
31.93683
31.864345
31.864199
31.874769
31.81527
31.813678
31.82255
31.77253
31.769483
31.777596
31.734098
31.729642
31.737808
31.69816
31.691994
31.70031
31.665416
31.657605
31.665103
31.637142
31.627575
31.634655
31.619371
31.608202
31.61225
31.612107
31.600222
31.601276
31.616755
31.604553
31.602153
31.63423
31.622481
31.613856
31.659974
31.649628
31.634463
31.707941
31.699629
31.681351
31.769908
31.766562
31.737881
31.838486
31.836074
31.806046
31.923834
31.926129
31.886349
32.016155
32.02059
31.972486
32.156453
32.161716
32.092945
32.318409
32.351186
32.299346
32.077612
32.09423
32.18397
32.01788
32.023092
32.047047
31.929236
31.931023
31.947072
31.864391
31.865117
31.878485
31.810343
31.809806
31.821485
31.762353
31.760547
31.771124
31.718078
31.71489
31.725126
31.675886
31.671091
31.68105
31.63564
31.628827
31.638801
31.599987
31.591178
31.600543
31.575299
31.564673
31.571441
31.563339
31.551146
31.554649
31.565559
31.552769
31.551497
31.586171
31.574091
31.564775
31.619379
31.609772
31.595896
31.675847
31.66912
31.646735
31.75648
31.75404
31.720976
31.83039
31.82991
31.799159
31.930278
31.93093
31.885761
32.03357
32.040342
31.987517
32.173205
32.177826
32.106703
32.344538
32.388428
32.341664
32.104848
32.123879
32.224063
32.036445
32.040223
32.064556
31.938957
31.941399
31.958416
31.868704
31.870173
31.884025
31.809477
31.8099
31.821567
31.756868
31.756144
31.766647
31.70735
31.705242
31.715623
31.6584
31.65453
31.664812
31.610183
31.604427
31.61464
31.566448
31.558737
31.568544
31.534185
31.524519
31.531726
31.515697
31.504561
31.509058
31.515408
31.503467
31.502696
31.539844
31.529014
31.52036
31.583289
31.575406
31.563134
31.652248
31.648459
31.626801
31.747537
31.746189
31.716025
31.83428
31.83731
31.810558
31.940613
31.945588
31.905788
32.063581
32.071957
32.024974
32.203813
32.212465
32.154027
32.385169
32.429135
32.388843
32.135512
32.154791
32.262477
32.050713
32.054709
32.086069
31.947048
31.949024
31.971454
31.873264
31.874449
31.89251
31.810813
31.81142
31.82699
31.754399
31.75438
31.768614
31.700175
31.699273
31.713138
31.645027
31.642789
31.656349
31.58976
31.585788
31.598123
31.538125
31.532145
31.542431
31.497724
31.489754
31.49613
31.473368
31.464085
31.466586
31.470609
31.460388
31.456554
31.500887
31.492168
31.481432
31.555562
31.550384
31.535501
31.63967
31.638611
31.617566
31.745977
31.747618
31.721723
31.850919
31.85717
31.833765
31.966598
31.975476
31.942381
32.100707
32.111814
32.073906
32.245715
32.257463
32.21627
32.432493
32.481365
32.445929
32.166313
32.185282
32.299914
32.066467
32.071356
32.111715
31.956025
31.958889
31.987893
31.879609
31.881985
31.905754
31.815321
31.817493
31.838425
31.756998
31.759012
31.778058
31.700017
31.70161
31.719603
31.640412
31.641104
31.657927
31.578397
31.577264
31.592202
31.518446
31.515194
31.526379
31.469493
31.464362
31.46942
31.43923
31.433045
31.431587
31.433891
31.426188
31.417904
31.472663
31.466177
31.449447
31.539844
31.538476
31.518282
31.638124
31.640913
31.618464
31.758178
31.763943
31.73854
31.881099
31.891326
31.870182
32.007734
32.02069
31.995097
32.150082
32.164171
32.136448
32.300003
32.315029
32.288052
32.492476
32.525238
32.514202
32.196276
32.213962
32.335667
32.085025
32.09061
32.139071
31.968611
31.972184
32.004378
31.89087
31.894347
31.92032
31.826663
31.830557
31.853177
31.768566
31.772953
31.793331
31.710828
31.715482
31.734869
31.648654
31.652972
31.671309
31.580677
31.583586
31.600874
31.512659
31.513555
31.526343
31.454774
31.454409
31.459058
31.41831
31.41724
31.41231
31.410524
31.406356
31.394677
31.458782
31.455904
31.43262
31.540074
31.544005
31.51791
31.654227
31.663474
31.636619
31.787794
31.799081
31.772264
31.928803
31.943946
31.92033
32.066329
32.083701
32.062549
32.21259
32.230557
32.210758
32.368723
32.387753
32.370188
32.545979
32.586928
32.592768
32.223883
32.239933
32.369146
32.106088
32.112506
32.166803
31.983343
31.987182
32.019619
31.906092
31.910391
31.93508
31.844568
31.849944
31.870456
31.789668
31.796493
31.814649
31.734663
31.742844
31.760579
31.673268
31.682384
31.700506
31.602949
31.611695
31.630541
31.528882
31.536252
31.551844
31.463217
31.471043
31.477
31.420651
31.427955
31.421983
31.40816
31.405258
31.399674
31.469886
31.474224
31.446548
31.565057
31.578636
31.548314
31.697005
31.715076
31.682569
31.841396
31.860827
31.83252
31.996574
32.017127
31.98853
32.142776
32.165181
32.145498
32.2903
32.312087
32.295899
32.452661
32.474986
32.461791
32.619977
32.645016
32.683316
32.248596
32.262593
32.400628
32.128366
32.134359
32.1912
31.998748
32.002734
32.033544
31.924108
31.928843
31.949477
31.86812
31.874698
31.890096
31.8204
31.829599
31.842421
31.773514
31.785533
31.798415
31.719577
31.734727
31.749839
31.654553
31.671941
31.690121
31.580783
31.598643
31.617748
31.511899
31.533411
31.539263
31.465546
31.490031
31.486786
31.439512
31.446512
31.464776
31.529994
31.542444
31.509091
31.631635
31.664672
31.635359
31.77815
31.80838
31.771966
31.929681
31.960359
31.930404
32.087728
32.11537
32.08395
32.240713
32.268949
32.246699
32.384002
32.410109
32.393739
32.548486
32.573519
32.559497
32.687968
32.725331
32.780468
32.270127
32.282381
32.42944
32.148894
32.154321
32.211742
32.013984
32.017345
32.044991
31.943202
31.947976
31.96318
31.895938
31.903453
31.912018
31.860685
31.87267
31.876811
31.829482
31.846113
31.850671
31.79352
31.816317
31.825238
31.747829
31.777527
31.791359
31.691759
31.727277
31.747003
31.629179
31.674693
31.67226
31.59162
31.651547
31.651175
31.552635
31.577462
31.631452
31.66598
31.702708
31.665393
31.77305
31.836074
31.815925
31.916448
31.96648
31.932496
32.064964
32.109428
32.080304
32.21069
32.248103
32.218095
32.361378
32.394917
32.369695
32.493998
32.524168
32.506466
32.653287
32.67877
32.663569
32.768719
32.79311
32.879541
32.288538
32.298777
32.454917
32.166719
32.171272
32.228173
32.026266
32.028824
32.053716
31.962023
31.966546
31.975709
31.927727
31.936634
31.935537
31.911878
31.926212
31.918631
31.905938
31.924872
31.923013
31.905045
31.938439
31.935315
31.902498
31.949944
31.954218
31.900952
31.966949
31.975993
31.875109
31.96671
31.952998
31.879054
32.002703
32.01133
31.772965
31.830265
31.994385
31.940018
32.038994
32.002473
32.039663
32.150955
32.147573
32.141892
32.225207
32.204709
32.262136
32.32359
32.300659
32.376944
32.425929
32.400851
32.504228
32.543681
32.518896
32.620515
32.654289
32.634566
32.75842
32.784196
32.7677
32.842032
32.878495
32.978232
32.303257
32.310941
32.476427
32.180775
32.184179
32.240047
32.035376
32.037198
32.058841
31.979399
31.983337
31.986347
31.962544
31.971608
31.961847
31.968383
31.984345
31.971958
32.002873
32.028549
32.01142
32.067204
32.11288
32.081667
32.150157
32.22985
32.209211
32.273602
32.393092
32.367778
32.372415
32.554142
32.537613
32.493146
32.733756
32.738985
32.30464
32.417062
32.732089
32.507174
32.691968
32.629298
32.506883
32.709765
32.754988
32.500464
32.629444
32.63635
32.540579
32.627538
32.618792
32.593269
32.65641
32.64571
32.66935
32.714795
32.697474
32.75725
32.794116
32.77667
32.865244
32.8917
32.8758
32.925126
32.946173
33.072005
32.313562
32.318508
32.493582
32.190049
32.192016
32.246888
32.041311
32.041964
32.060839
31.993897
31.996944
31.994387
31.997447
32.006462
31.990041
32.032462
32.049246
32.029242
32.117715
32.151793
32.120833
32.280489
32.341304
32.275821
32.533908
32.640907
32.54477
32.92551
33.141845
33.021018
33.373821
33.723425
33.634554
33.789326
34.397638
34.265298
33.308029
33.586155
34.462156
33.533088
34.037328
33.985462
33.339074
33.630494
33.802669
33.05634
33.242328
33.303338
32.930829
33.047443
33.076836
32.856014
32.930006
32.954405
32.862285
32.914841
32.916191
32.905676
32.94327
32.93297
32.974246
33.001544
32.986591
32.995263
33.025496
33.157228
32.319009
32.321128
32.506333
32.193561
32.19392
32.248216
32.041707
32.040886
32.058177
32.004347
32.006111
31.997983
32.031821
32.03891
32.014839
32.103318
32.122301
32.091864
32.261927
32.3017
32.249123
32.560859
32.636671
32.526455
33.06946
33.231023
33.048017
34.021585
34.322918
33.948593
35.364658
36.032356
35.639135
36.799396
37.99045
37.536703
35.896043
36.488019
38.111801
35.591097
36.538322
36.600951
34.749197
35.170683
35.57434
33.894333
34.15565
34.347095
33.446084
33.595253
33.660021
33.200154
33.294821
33.338269
33.089439
33.15269
33.168709
33.062578
33.10509
33.104586
33.084976
33.112378
33.103879
33.068205
33.080589
33.230024
32.319477
32.31876
32.514423
32.190697
32.189295
32.243804
32.036145
32.033761
32.050391
32.009049
32.009219
31.996258
32.057873
32.063972
32.037731
32.179984
32.199729
32.155652
32.431406
32.474304
32.393137
32.915596
33.010539
32.838435
33.848752
34.071434
33.732494
35.670905
36.195711
35.540562
39.276362
40.555756
39.263071
42.668052
44.990844
43.628216
40.792092
42.296579
45.123315
39.372894
40.863357
41.483328
37.000071
37.744853
38.609759
35.103409
35.451585
35.923796
34.103981
34.300684
34.484371
33.608994
33.720332
33.820635
33.348007
33.415273
33.455918
33.229961
33.272801
33.282621
33.194428
33.221564
33.223785
33.122375
33.14028
33.291313
32.31488
32.311427
32.517926
32.181172
32.178012
32.233718
32.024224
32.020216
32.037201
32.007228
32.005538
31.98872
32.081019
32.085671
32.053713
32.256102
32.274041
32.217563
32.614247
32.661514
32.544422
33.346139
33.4606
33.203869
34.894092
35.185818
34.623057
38.390432
39.233458
37.867964
45.617316
47.742442
45.366793
55.253816
61.771239
57.798268
52.050845
57.474689
60.20684
45.953585
48.347638
50.368437
40.538906
41.770004
43.326583
36.793105
37.277691
38.135089
34.952758
35.18892
35.555469
34.073295
34.199204
34.378985
33.623629
33.694919
33.769289
33.400806
33.443395
33.464598
33.300628
33.326119
33.340872
33.171912
33.174924
33.341309
32.305427
32.299428
32.517431
32.164868
32.159981
32.218004
32.005792
32.000165
32.018302
31.997469
31.993674
31.974883
32.096849
32.099424
32.063746
32.325632
32.346059
32.273746
32.801645
32.851694
32.701497
33.809732
33.892308
33.593644
36.174408
36.321819
35.383594
42.479315
43.500539
40.759832
57.723731
61.987738
69.118148
45.897433
47.49913
50.34384
38.977426
39.604082
41.002338
35.96675
36.239067
36.824196
34.594954
34.732185
35.006473
33.912547
33.986653
34.107868
33.568064
33.60979
33.653773
33.39827
33.420706
33.443448
33.203844
33.207759
33.383128
32.291415
32.283267
32.51372
32.142234
32.135839
32.197052
31.981025
31.973861
31.993798
31.97975
31.97381
31.954442
32.104611
32.106773
32.065436
32.387439
32.391605
32.325754
32.983522
33.053864
32.805407
34.049136
34.264595
33.796079
36.570737
37.190128
36.173271
45.569139
47.5363
43.586101
82.053466
91.740878
122.45569
52.923144
54.958458
60.041257
41.643568
42.383551
44.503229
37.113291
37.41223
38.264774
35.162681
35.302353
35.688752
34.210854
34.285486
34.459964
33.732453
33.772009
33.840455
33.48474
33.504824
33.537566
33.225632
33.227369
33.413207
32.273822
32.264071
32.507518
32.114056
32.106347
32.171893
31.950259
31.941795
31.963919
31.953852
31.946773
31.927574
32.111709
32.115962
32.056009
32.443845
32.454589
32.370117
33.172069
33.191423
32.969212
34.594731
34.688349
34.143714
38.142287
38.496
37.143684
51.23581
52.548117
47.028239
61.106629
63.397306
71.675135
44.619328
45.367131
48.328684
38.331298
38.652968
39.80191
35.744016
35.8875
36.395488
34.506178
34.578814
34.808236
33.884971
33.920941
34.015433
33.560308
33.577254
33.622838
33.242134
33.251459
33.433344
32.253429
32.242514
32.499752
32.081312
32.072602
32.143414
31.914373
31.904583
31.929111
31.920682
31.910329
31.894398
32.101343
32.093451
32.045923
32.486605
32.493931
32.382814
33.286816
33.317857
33.047957
35.015527
35.116567
34.487481
39.475917
39.768341
38.1074
56.057646
57.047319
50.218045
68.656696
69.873855
82.094998
47.54947
48.208254
51.899768
39.564941
39.851597
41.310709
36.318244
36.45686
37.095516
34.785833
34.858304
35.144013
34.022484
34.05259
34.175976
33.622875
33.636341
33.695866
33.255211
33.254327
33.440487
32.231212
32.21972
32.490925
32.045224
32.035837
32.112796
31.873911
31.862954
31.889935
31.880826
31.87238
31.856866
32.080038
32.071626
32.018599
32.505171
32.508621
32.378563
33.407246
33.432166
33.146373
35.377384
35.45063
34.768384
40.537307
40.757874
38.863289
76.13765
77.50827
90.656258
50.156108
50.764465
55.330763
40.674233
41.007623
42.758846
36.844195
36.973928
37.7109
35.045784
35.106361
35.453458
34.139179
34.165706
34.318681
33.67081
33.680566
33.753856
33.255824
33.253523
33.4386
32.208212
32.19669
32.482299
32.007044
31.997323
32.081076
31.829912
31.818732
31.847296
31.841431
31.828878
31.812616
32.046911
32.038026
31.980456
32.509583
32.50721
32.367052
33.487031
33.499631
33.196075
35.641254
35.695243
34.966856
41.320764
41.476342
39.423999
81.017327
82.065829
96.984986
52.491324
53.01518
57.736489
41.725187
42.032456
43.874118
37.343102
37.420963
38.313798
35.263703
35.308272
35.735826
34.239054
34.250209
34.431383
33.703638
33.709801
33.795895
33.245917
33.23514
33.425662
32.185453
32.174412
32.47452
31.967999
31.958238
32.049388
31.784882
31.772678
31.802477
31.793059
31.780591
31.763914
32.009901
31.999923
31.935162
32.494958
32.489612
32.341244
33.525106
33.53033
33.210161
35.832379
35.870719
35.110231
41.860779
41.963511
39.817677
84.567735
85.213013
100.59172
54.318326
54.697027
59.7938
42.630716
42.839846
44.933794
37.734871
37.83946
38.854873
35.435458
35.492151
35.96798
34.318868
34.344747
34.553808
33.721651
33.723985
33.819352
33.225944
33.214676
33.405605
32.1638
32.153697
32.468346
31.929229
31.91968
32.018774
31.737211
31.725156
31.756802
31.744215
31.731687
31.715472
31.967909
31.956646
31.888358
32.470085
32.462569
32.306967
33.537695
33.537683
33.20621
35.959594
35.98176
35.199696
42.205821
42.268094
40.071283
86.628432
86.982217
102.27709
55.704054
55.975666
61.272217
43.389209
43.547452
45.801966
38.104128
38.176092
39.239912
35.597879
35.631338
36.176649
34.372368
34.379803
34.614305
33.724333
33.719563
33.829593
33.199016
33.182979
33.376846
32.144342
32.135602
32.464371
31.892138
31.883269
31.990199
31.689566
31.678137
31.709833
31.693135
31.680623
31.663391
31.921563
31.909543
31.83944
32.437194
32.427814
32.265538
33.530377
33.525566
33.186571
36.029074
36.038983
35.239572
42.406782
42.439207
40.214238
225.91563
224.40336
330.92518
87.80906
88.002245
102.92459
56.60912
56.775768
62.179909
43.957516
44.07448
46.454129
38.39213
38.462876
39.55157
35.715464
35.745052
36.310159
34.405349
34.412435
34.659567
33.714518
33.708838
33.827415
33.165133
33.147538
33.345015
32.127564
32.120345
32.462995
31.857671
31.849637
31.963609
31.641482
31.62965
31.663691
31.642978
31.630329
31.613001
31.872907
31.860563
31.788294
32.39697
32.385918
32.218217
33.504794
33.496125
33.152991
36.052965
36.0527
35.24028
42.497761
42.505946
40.265115
218.87591
216.7851
313.434
88.33017
88.368286
102.82413
57.217531
57.342633
62.735479
44.365575
44.445106
46.863208
38.644745
38.69312
39.795216
35.826555
35.84935
36.412508
34.420748
34.423423
34.698079
33.689926
33.684709
33.811522
33.128424
33.111791
33.307077
32.113915
32.108478
32.464726
31.825933
31.818572
31.940861
31.594693
31.583037
31.616425
31.59253
31.580098
31.562995
31.823197
31.810638
31.736783
32.351066
32.339025
32.167641
33.466152
33.455095
33.109222
36.039084
36.030643
35.209895
42.497851
42.485982
40.240595
210.06379
207.81193
295.18556
88.298849
88.225095
102.18539
57.641345
57.712859
62.999163
44.652001
44.714025
47.153673
38.810636
38.842783
39.967125
35.905162
35.919309
36.486146
34.428944
34.429155
34.718342
33.665922
33.659009
33.792228
33.091813
33.07211
33.265713
32.103588
32.099951
32.469371
31.799091
31.793715
31.923386
31.549198
31.538328
31.572753
31.543563
31.531603
31.514188
31.772869
31.760272
31.685718
32.302113
32.289575
32.116373
33.419603
33.407071
33.058743
35.995354
35.980546
35.156006
42.42746
42.40191
40.16111
201.0365
198.80091
277.64998
87.914827
87.775358
101.16424
57.860321
57.889414
63.080401
44.88265
44.933289
47.359262
38.924084
38.946824
40.080089
35.950263
35.958294
36.538363
34.423523
34.420258
34.718633
33.637382
33.629895
33.770119
33.052173
33.033078
33.222774
32.096382
32.09386
32.475864
31.778533
31.771957
31.910187
31.505551
31.494343
31.532335
31.496031
31.484229
31.46675
31.722519
31.709973
31.634916
32.251307
32.238378
32.065131
33.367407
33.353605
33.003288
35.928979
35.909768
35.086415
42.31413
42.281803
40.048411
192.11536
189.92547
260.89326
87.298204
87.117907
99.873653
57.940554
57.947933
63.053678
45.05859
45.091975
47.485586
39.006004
39.022215
40.159851
35.978823
35.984525
36.578656
34.409214
34.405521
34.709775
33.605732
33.597423
33.740348
33.014508
32.997154
33.182579
32.091142
32.090479
32.484817
31.753263
31.749611
31.894
31.459692
31.448263
31.488581
31.449018
31.437396
31.420043
31.672484
31.660034
31.584611
32.199165
32.185959
32.013821
33.310848
33.296222
32.944778
35.847005
35.824544
35.006939
42.17715
42.139143
39.916115
183.56111
181.52094
245.2898
86.501994
86.279361
98.509347
57.938399
57.925285
62.951001
45.160659
45.17608
47.541658
39.062946
39.07379
40.212671
35.998306
36.001849
36.603923
34.394706
34.390912
34.698432
33.572077
33.563746
33.709044
32.978948
32.962549
33.142932
32.08977
32.090476
32.49823
31.741143
31.736246
31.885718
31.41542
31.405164
31.448955
31.403166
31.39198
31.375021
31.622971
31.610734
31.535299
32.1462
32.132912
31.962434
33.251595
33.236515
32.884841
35.754122
35.729863
34.922045
42.01772
41.975375
39.769534
175.61556
173.74059
231.12342
85.589989
85.350936
97.072327
57.857957
57.827592
62.771803
45.201384
45.204318
47.54405
39.097753
39.102832
40.235814
36.009119
36.010296
36.616967
34.379174
34.375159
34.684179
33.53931
33.531529
33.680783
32.947562
32.933313
33.106218
32.091613
32.095065
32.516865
31.731279
31.730998
31.880133
31.37647
31.367603
31.413815
31.359109
31.348286
31.332137
31.574519
31.562566
31.487521
32.093088
32.079809
31.911286
33.190673
33.175227
32.824522
35.655673
35.630592
34.83471
41.843905
41.799061
39.615538
168.42755
166.7701
218.62213
84.632797
84.395369
95.645055
57.715468
57.672599
62.517731
45.199105
45.19367
47.509145
39.110215
39.11028
40.235857
36.010975
36.010145
36.621487
34.363323
34.359611
34.671259
33.508937
33.501863
33.654751
32.922542
32.910339
33.074236
32.102345
32.1027
32.537083
31.719868
31.718724
31.887922
31.341427
31.332439
31.3801
31.316248
31.305598
31.290441
31.5272
31.515475
31.441019
32.040324
32.02724
31.860769
33.128642
33.113056
32.764377
35.555472
35.53076
34.747607
41.662812
41.617214
39.45951
162.06035
160.59678
207.8946
83.705541
83.466207
94.282717
57.533462
57.484425
62.214665
45.17118
45.162148
47.45436
39.106423
39.104264
40.226325
36.006013
36.004036
36.617122
34.348906
34.345335
34.660275
33.48171
33.475505
33.630728
32.902003
32.891722
33.047616
32.112233
32.106433
32.561043
31.71088
31.708226
31.887835
31.30493
31.296644
31.34959
31.272865
31.263353
31.248966
31.47976
31.469514
31.395591
31.987504
31.976533
31.811805
33.065913
33.053989
32.707524
35.457446
35.440777
34.668417
41.483094
41.460285
39.324491
156.47027
155.20269
198.77285
82.755185
82.494199
92.924142
57.330413
57.277772
61.888582
45.133058
45.123003
47.389355
39.096099
39.092739
40.214206
35.997116
35.994492
36.606755
34.334439
34.330706
34.648946
33.458007
33.45264
33.60961
32.884602
32.876332
33.026494
32.10841
32.114787
32.584755
31.683251
31.68135
31.864958
31.267279
31.25854
31.313378
31.237129
31.227064
31.211589
31.447867
31.436636
31.361167
31.96472
31.952039
31.78477
33.06652
33.050966
32.695936
35.511351
35.488779
34.695645
41.784277
41.74289
39.506278
64.624945
64.491735
55.170346
469.51715
461.97524
626.66833
156.35914
155.16075
198.73825
82.380269
82.38264
92.778305
57.119096
57.195893
61.76906
45.091015
45.08003
47.317371
39.080884
39.076302
40.198876
35.985833
35.982805
36.593904
34.319473
34.315757
34.63662
33.437495
33.432892
33.591511
32.87067
32.864645
33.010536
32.120906
32.128265
32.610445
31.676148
31.678304
31.88666
31.233277
31.225448
31.285823
31.197469
31.187811
31.173222
31.403427
31.392523
31.317801
31.914568
31.902268
31.736866
33.005269
32.990366
32.638662
35.424772
35.404784
34.619162
41.632822
41.600498
39.383111
64.192075
64.120136
54.897383
248.3179
248.8999
152.52102
2237.7482
2164.8649
2996.3624
441.74042
435.69417
585.34696
151.78914
150.75615
191.53681
81.673213
81.444964
91.505797
56.963469
56.881274
61.358282
45.033539
45.009068
47.213467
39.061532
39.051411
40.172924
35.973393
35.96788
36.577379
34.304894
34.301602
34.623126
33.420181
33.416384
33.576122
32.860554
32.856931
32.998637
32.136298
32.145359
32.637527
31.700825
31.701379
31.893691
31.203525
31.196373
31.261466
31.159433
31.15018
31.136617
31.360377
31.349866
31.275998
31.866014
31.854155
31.690483
32.946859
32.932767
32.583881
35.348837
35.33148
34.5505
41.515317
41.49037
39.283379
63.969993
63.937902
54.731644
253.16457
255.1848
152.77542
1976.4911
1922.2524
2397.4421
419.66193
414.81645
552.82988
147.90877
147.03295
185.55662
80.781684
80.568376
90.344351
56.645321
56.570346
60.973636
44.932327
44.905653
47.07788
39.019361
39.00822
40.123293
35.951119
35.945495
36.551606
34.289047
34.284991
34.606164
33.404468
33.400912
33.560961
32.8542
32.852614
32.990661
32.153955
32.163276
32.666331
31.702669
31.704186
31.899266
31.174289
31.165996
31.241606
31.123031
31.11421
31.101485
31.318983
31.308911
31.236052
31.81933
31.807978
31.645906
32.891812
32.878646
32.531958
35.282886
35.267783
34.489252
41.424868
41.405821
39.202611
63.871262
63.865435
54.630584
262.27466
264.83887
153.84581
1779.6987
1737.9079
2025.8346
401.58744
397.56267
526.29567
144.61062
143.85972
180.55431
79.957401
79.762825
89.298293
56.353072
56.281713
60.607678
44.824256
44.796706
46.944704
38.973882
38.962084
40.070176
35.928701
35.923144
36.526307
34.273104
34.26917
34.589619
33.391278
33.38847
33.548144
32.850936
32.850978
32.985782
32.172692
32.182766
32.697191
31.706666
31.707325
31.911046
31.141613
31.133215
31.221358
31.088607
31.080378
31.068541
31.279468
31.269913
31.198233
31.774813
31.764061
31.603391
32.840523
32.828304
32.483191
35.225316
35.212066
34.434727
41.355379
41.340348
39.136262
63.878322
63.889707
54.585485
272.68274
275.28874
155.31807
1626.355
1593.1279
1767.6608
386.48825
383.08391
504.13419
141.79909
141.17326
176.31996
79.20819
79.032285
88.359968
56.072612
56.004708
60.258749
44.714004
44.68629
46.814113
38.925672
38.913144
40.014623
35.906786
35.901454
36.502374
34.257325
34.25335
34.572998
33.380861
33.378615
33.537106
32.850576
32.852304
32.982202
32.193812
32.205297
32.730398
31.713691
31.71751
31.92567
31.114883
31.118791
31.217285
31.056539
31.048774
31.038374
31.24205
31.233035
31.162699
31.732726
31.722577
31.563143
32.793205
32.782018
32.437802
35.174727
35.162973
34.385959
41.300546
41.288496
39.080334
63.936036
63.954817
54.581027
282.88238
285.3137
157.00506
1503.1287
1475.9119
1576.0205
373.60093
370.65224
485.15125
139.36971
138.80384
172.65587
78.530012
78.371144
87.511598
55.806668
55.742436
59.929238
44.603509
44.576112
46.685508
38.874873
38.861835
39.956583
35.885659
35.880488
36.478931
34.241398
34.237403
34.556165
33.372303
33.370423
33.527177
32.852754
32.855694
32.98026
32.218403
32.230551
32.766061
31.725665
31.729092
31.940713
31.102509
31.097985
31.199387
31.026023
31.018567
31.009459
31.206807
31.198328
31.12938
31.693114
31.683602
31.525234
32.749893
32.739676
32.395704
35.129644
35.119092
34.341918
41.256523
41.247589
39.032452
64.019532
64.042945
54.597369
292.23436
294.40691
158.7912
1401.207
1378.347
1427.1941
362.3383
359.72342
468.44832
137.21845
136.71596
169.43379
77.915528
77.770524
86.74998
55.554964
55.494152
59.61972
44.494307
44.467245
46.559519
38.82206
38.808765
39.896952
35.864973
35.859761
36.454361
34.225535
34.221633
34.539279
33.364584
33.362731
33.517868
32.856919
32.86089
32.979759
32.245084
32.261512
32.8047
31.739054
31.741331
31.962193
31.085527
31.081955
31.186172
30.996711
30.98958
30.981486
31.173697
31.165754
31.098164
31.65596
31.647051
31.48963
32.710346
32.70097
32.356717
35.088819
35.079117
34.301599
41.225125
41.218512
38.992417
64.120417
64.147534
54.628548
300.50057
302.39161
160.62105
1315.0683
1295.5644
1307.6986
352.27454
349.91075
453.45008
135.27982
134.82483
166.54082
77.352118
77.216737
86.047791
55.315917
55.25813
59.33051
44.387167
44.360892
46.436223
38.769007
38.755896
39.837478
35.843692
35.838142
36.42747
34.21015
34.206406
34.522656
33.356771
33.354806
33.508463
32.862785
32.86757
32.980393
32.276887
32.292692
32.844816
31.752655
31.75596
31.983042
31.071807
31.069033
31.176607
30.968911
30.962253
30.953887
31.142728
31.135319
31.069074
31.621212
31.612898
31.456343
32.673998
32.665353
32.320502
35.050945
35.041827
34.263831
41.200571
41.195005
38.960016
64.232519
64.26175
54.670561
307.62687
309.23458
162.44755
1241.2449
1224.4126
1209.283
343.11923
340.95161
439.78977
133.51458
133.0963
163.90554
76.824395
76.69938
85.390357
55.089262
55.03454
59.060795
44.283408
44.258062
46.316046
38.717101
38.704399
39.779223
35.820731
35.814646
36.398151
34.195361
34.191736
34.50632
33.348421
33.346291
33.498516
32.870065
32.875503
32.982023
32.309093
32.325943
32.88612
31.768716
31.773052
32.00305
31.061054
31.051846
31.171115
30.943021
30.936896
30.925276
31.113905
31.107043
31.042111
31.588833
31.581105
31.425383
32.640354
32.632309
32.286767
35.015201
35.006654
34.227867
41.179306
41.174417
38.931758
64.35101
64.381071
54.719937
313.63011
314.9684
164.22218
1177.2928
1162.618
1126.5942
334.70118
332.69619
427.25439
131.88807
131.4995
161.47691
76.339271
76.220784
84.780425
54.874978
54.823224
58.80947
44.183377
44.158903
46.198506
38.666874
38.654557
39.722544
35.795555
35.788906
36.36687
34.180881
34.177251
34.4899
33.339399
33.337086
33.487912
32.878477
32.884364
32.984606
32.34248
32.360187
32.929441
31.783253
31.787283
32.024038
31.043772
31.042029
31.167269
30.919412
30.913889
30.898087
31.087268
31.080944
31.017269
31.558763
31.551594
31.396731
32.608962
32.601419
32.255266
34.981918
34.973849
34.193608
41.160825
41.156653
38.906894
64.471476
64.501559
54.773732
318.57134
319.64962
165.91156
1121.3665
1108.4653
1055.9906
326.89516
325.028
415.66459
130.37271
130.00929
159.21266
75.878939
75.768833
84.20761
54.671848
54.622635
58.572877
44.086448
44.06255
46.082666
38.617954
38.605834
39.666988
35.768208
35.761058
36.333991
34.166164
34.162381
34.472846
33.329714
33.327418
33.476952
32.887721
32.893918
32.98782
32.378898
32.396646
32.974066
31.801761
31.806561
32.050587
31.034624
31.032261
31.153005
30.897999
30.892894
30.87296
31.062729
31.056911
30.994362
31.530867
31.524211
31.370272
32.579446
32.572319
32.225743
34.95011
34.942343
34.160877
41.145196
41.141711
38.885082
64.591307
64.620986
54.829917
322.55134
323.41201
167.50103
1072.07
1060.6522
994.90877
319.6079
317.85788
404.87096
128.95232
128.61085
157.09072
75.44718
75.342648
83.666479
54.478084
54.430826
58.347864
43.991318
43.967664
45.96763
38.569516
38.557381
39.611638
35.738982
35.731414
36.299594
34.150672
34.146633
34.454728
33.320049
33.317822
33.466372
32.897514
32.903857
32.991384
32.414843
32.43626
33.021418
31.819599
31.824166
32.076833
31.026898
31.025149
31.152154
30.878051
30.873397
30.849991
31.0402
31.03489
30.973333
31.504951
31.498757
31.34583
32.551659
32.544961
32.198011
34.919479
34.912002
34.12917
41.132164
41.129263
38.865876
64.709227
64.73836
54.887318
325.68561
326.35075
168.97887
1028.3583
1018.2032
941.48692
312.76533
311.11838
394.76759
127.61751
127.29659
155.09969
75.040525
74.942214
83.152891
54.291847
54.246362
58.131848
43.896826
43.873217
45.853117
38.520783
38.508484
39.555588
35.708203
35.700297
36.263705
34.134103
34.129784
34.435402
33.310605
33.308414
33.456068
32.907597
32.913994
32.995026
32.45752
32.477625
33.068789
31.842094
31.847365
32.108654
31.019644
31.017779
31.15111
30.861165
30.857794
30.830019
31.019742
31.014952
30.954515
31.480803
31.475025
31.323202
32.525329
32.518919
32.171944
34.890008
34.882827
34.098512
41.12136
41.118976
38.849
64.825019
64.853656
54.945483
328.08506
328.58361
170.34607
989.41215
980.33455
894.33022
306.323
304.77214
385.29766
126.36229
126.05986
153.23036
74.656409
74.562976
82.661997
54.111171
54.066206
57.921494
43.802402
43.7788
45.739508
38.471275
38.458746
39.498301
35.676186
35.668021
36.226486
34.11645
34.111886
34.414983
33.301282
33.299106
33.445898
32.917748
32.924073
32.998523
32.497679
32.517425
33.11738
31.8624
31.868031
32.138969
31.012345
31.010442
31.153028
30.849109
30.846448
30.815191
31.001273
30.996911
30.937837
31.458288
31.452877
31.302181
32.500068
32.493895
32.147168
34.861744
34.854881
34.069012
41.112547
41.110627
38.834211
64.938876
64.967028
55.004218
329.85849
330.21609
171.60481
954.52196
946.35722
852.37746
300.25647
298.79566
376.41555
125.17659
124.88923
151.46818
74.288441
74.198624
82.192801
53.933981
53.890106
57.714626
43.70812
43.684613
45.627416
38.420811
38.408039
39.439675
35.643242
35.634897
36.188231
34.097912
34.09317
34.393722
33.292029
33.289864
33.435603
32.927778
32.933975
33.001738
32.537909
32.559748
33.171089
31.887531
31.895027
32.170829
31.006192
31.004315
31.156473
30.838568
30.835938
30.806548
30.984319
30.980249
30.922545
31.43711
31.431993
31.28243
32.475703
32.469738
32.123506
34.834793
34.828277
34.040825
41.105496
41.103974
38.821225
65.050717
65.078335
55.063245
331.1011
331.33804
172.75342
923.07107
915.68587
814.80351
294.5378
293.15841
368.06306
124.04524
123.77007
149.7988
73.933917
73.846987
81.742818
53.76068
53.717653
57.51185
43.614398
43.591125
45.517438
38.369398
38.356406
39.37994
35.609686
35.601239
36.149289
34.078762
34.073912
34.371896
33.282859
33.280717
33.425159
32.937547
32.943527
33.004622
32.581693
32.604049
33.229071
31.918792
31.926855
32.205655
30.998563
30.996649
31.155906
30.828333
30.825928
30.802253
30.968367
30.964494
30.90805
31.417036
31.412168
31.263658
32.452147
32.446378
32.100844
34.809272
34.803138
34.014107
41.099923
41.098722
38.809707
65.160409
65.187506
55.12227
331.8873
332.02055
173.79476
894.58308
887.88103
780.95112
289.1302
287.82239
360.18023
122.96418
122.70175
148.21423
73.589765
73.504967
81.306598
53.589927
53.547644
57.312933
43.521834
43.498953
45.410158
38.317168
38.304007
39.319506
35.575827
35.567349
36.110006
34.05928
34.054391
34.349795
33.273842
33.271744
33.414629
32.946957
32.952702
33.007209
32.626583
32.648954
33.289134
31.950111
31.957668
32.239826
30.99124
30.989736
31.155858
30.819231
30.817122
30.799178
30.953154
30.949453
30.894177
31.397917
31.393274
31.245705
32.429376
32.423806
32.079121
34.785373
34.779675
33.988963
41.095536
41.094593
38.799332
65.268107
65.294737
55.181145
332.28188
332.32652
174.73685
868.71392
862.62144
750.28814
283.99453
282.74879
352.71563
121.93227
121.68125
146.70469
73.253642
73.170725
80.881456
53.422449
53.381313
57.117307
43.430977
43.408557
45.306026
38.264365
38.251112
39.258848
35.54193
35.533475
36.070698
34.039733
34.034866
34.327702
33.265075
33.263047
33.404141
32.955951
32.961408
33.009544
32.671272
32.693812
33.349104
31.979277
31.986279
32.273267
30.986201
30.985204
31.155481
30.811203
30.80936
30.796461
30.938629
30.935107
30.88095
31.379664
31.375225
31.228498
32.407404
32.402037
32.058295
34.763229
34.75797
33.965538
41.092116
41.091389
38.789857
65.373939
65.400085
55.239755
332.34178
332.31061
175.58478
845.17422
839.619
722.3826
279.09442
277.90249
345.62249
120.9404
120.69752
145.25455
72.92363
72.841936
80.465986
53.259938
53.220264
56.925263
43.341968
43.320001
45.204933
38.211341
38.198103
39.198427
35.508176
35.499771
36.031621
34.020339
34.015543
34.30585
33.25664
33.254693
33.393741
32.964502
32.969685
33.011487
32.716525
32.739707
33.411149
32.006256
32.012867
32.30677
30.982938
30.982412
31.154733
30.804223
30.802653
30.794149
30.92484
30.921515
30.868475
31.362204
31.357954
31.212003
32.386253
32.381095
32.038338
34.74274
34.737833
33.943652
41.089523
41.088989
38.781128
65.477735
65.503337
55.297897
332.11952
332.02714
176.34088
823.68716
818.60435
696.8835
274.39889
273.25395
338.85444
119.97992
119.74422
143.8533
72.599
72.517995
80.059903
53.102122
53.063269
56.738785
43.254704
43.233145
45.106181
38.158553
38.145454
39.138698
35.474641
35.466294
35.992969
34.00127
33.996562
34.28437
33.248535
33.246651
33.383385
32.972605
32.97748
33.013126
32.763262
32.787448
33.475163
32.032516
32.039284
32.34105
30.982302
30.983343
31.177877
30.79844
30.797105
30.792858
30.911863
30.908748
30.856872
31.345473
31.341395
31.196193
32.365944
32.361
32.019218
34.723584
34.718989
33.923138
41.087669
41.087309
38.773057
65.579376
65.604479
55.355426
331.67426
331.53618
177.01374
803.993
799.31735
673.49497
269.88375
268.78097
332.36934
119.04661
118.81783
142.49963
72.276636
72.196783
79.663245
52.947128
52.908703
56.55606
43.169053
43.1479
45.009319
38.106496
38.093652
39.080087
35.441337
35.433046
35.954886
33.98256
33.977938
34.263262
33.240647
33.238783
33.372969
32.980259
32.984861
33.014507
32.812087
32.837375
33.540383
32.059551
32.066455
32.376805
30.984939
30.986056
31.181706
30.793498
30.792573
30.792084
30.89974
30.896844
30.846193
31.329413
31.325495
31.181048
32.346492
32.341761
32.000907
34.705639
34.701329
33.903991
41.086494
41.086299
38.765596
65.679273
65.704063
55.412473
331.07418
330.90838
177.61797
785.84327
781.52462
651.96738
265.5316
264.46738
326.13718
118.14296
117.92215
141.19369
71.959619
71.881536
79.279511
52.795368
52.758095
56.376794
43.085033
43.064277
44.914446
38.055568
38.043042
39.022889
35.408249
35.400008
35.917456
33.964164
33.959604
34.2424
33.232787
33.230891
33.362388
32.987478
32.991783
33.015613
32.8631
32.889359
33.606465
32.08751
32.094627
32.413803
31.00292
31.004169
31.189387
30.789914
30.789156
30.793432
30.888477
30.885808
30.836465
31.313983
31.310219
31.166554
32.32789
32.323367
31.98337
34.688803
34.684755
33.886085
41.085976
41.085946
38.758831
65.778231
65.802899
55.469394
330.38459
330.20535
178.16923
769.05454
765.04898
632.09299
261.33017
260.30256
320.14069
117.27141
117.05808
139.93107
71.651093
71.575245
78.910029
52.647514
52.611033
56.202364
43.002514
42.98209
44.821292
38.00594
37.993737
38.967155
35.37535
35.36715
35.880667
33.945966
33.94143
34.221591
33.224766
33.222799
33.351585
32.994275
32.998329
33.016413
32.915966
32.943006
33.673431
32.116154
32.123513
32.452773
31.007601
31.009051
31.197229
30.786421
30.785803
30.79238
30.878054
30.87563
30.827784
31.299161
31.295548
31.152711
32.310109
32.305784
31.966565
34.672984
34.669178
33.86929
41.086126
41.086265
38.752825
65.876866
65.90149
55.526538
329.65742
329.47467
178.67653
753.46173
749.73472
613.69262
257.27484
256.28386
314.3743
116.42919
116.223
138.70715
71.35022
71.27641
78.553859
52.502691
52.466947
56.031785
42.921232
42.90108
44.729391
37.957572
37.945663
38.91275
35.342599
35.334428
35.844421
33.927764
33.923178
34.200625
33.216463
33.214408
33.340557
33.000675
33.004464
33.016871
32.970424
32.99813
33.740767
32.146027
32.153787
32.494012
31.013128
31.01449
31.206296
30.783528
30.783038
30.794866
30.868814
30.866551
30.819884
31.284945
31.281462
31.139531
32.293092
32.288952
31.950436
34.658112
34.654534
33.853465
41.086952
41.087254
38.747539
65.975287
65.999815
55.583958
328.92421
328.74313
179.14173
738.94848
735.47805
596.60647
253.36596
252.4115
308.83465
115.61451
115.41512
137.5212
71.058256
70.9867
78.209
52.360711
52.325621
55.864788
42.840976
42.821056
44.638451
37.910332
37.898682
38.859479
35.309948
35.301793
35.808569
33.909272
33.9046
34.179327
33.207849
33.205713
33.329339
33.006712
33.010301
33.01696
33.026101
33.054418
33.808925
32.177748
32.186019
32.537456
31.018868
31.020456
31.216292
30.782443
30.782261
30.795059
30.860017
30.857867
30.812993
31.271274
31.26799
31.126987
32.276767
32.272779
31.934897
34.644116
34.640738
33.838464
41.088411
41.088853
38.742878
66.07315
66.097453
55.641418
328.20331
328.02726
179.56329
725.4408
722.21619
580.69389
249.60088
248.68128
303.51389
114.82702
114.63427
136.37459
70.775401
70.706078
77.874871
52.221237
52.18673
55.701045
42.761599
42.741875
44.548362
37.864078
37.852649
38.807139
35.277347
35.269199
35.772976
33.890447
33.885694
34.157593
33.198965
33.196764
33.317975
33.01244
33.015831
33.01669
33.082952
33.11198
33.877479
32.211305
32.21993
32.582808
31.025515
31.027291
31.22704
30.780802
30.780459
30.795384
30.852404
30.850364
30.806876
31.258149
31.25498
31.115095
32.26105
32.257193
31.920017
34.630853
34.627634
33.824148
41.09039
41.090932
38.738687
66.169882
66.19381
55.698564
327.5056
327.33717
179.93975
712.89388
709.89744
565.83675
245.97172
245.08398
298.39913
114.06502
113.87806
135.26476
70.501284
70.434052
77.550964
52.084003
52.050009
55.54017
42.682958
42.663397
44.459114
37.81865
37.807396
38.755513
35.244755
35.236601
35.737542
33.871318
33.866493
34.135381
33.189872
33.18762
33.306486
33.017927
33.021201
33.016149
33.140987
33.17045
33.946802
32.245991
32.254802
32.629475
31.032869
31.034816
31.238508
30.779621
30.779386
30.796125
30.842683
30.841266
30.79997
31.245591
31.242556
31.103717
32.245868
32.242076
31.905765
34.618165
34.615069
33.810393
41.092724
41.093314
38.734769
66.264906
66.288337
55.755039
326.84503
326.68893
180.2734
701.2176
698.42487
551.94266
242.46616
241.60836
293.47206
113.32497
113.14289
134.1868
70.235262
70.169899
77.236291
51.948672
51.915071
55.381747
42.604953
42.585545
44.370722
37.773833
37.762686
38.704355
35.21212
35.203944
35.702186
33.851909
33.847011
34.112677
33.180604
33.178303
33.294849
33.023253
33.026409
33.015442
33.199932
33.229741
34.016611
32.281235
32.290113
32.67679
31.040899
31.043015
31.250759
30.778881
30.778761
30.797164
30.83594
30.834403
30.795057
31.233356
31.230563
31.086894
32.231081
32.227514
31.891604
34.605817
34.602817
33.797009
41.095218
41.095782
38.730989
66.357815
66.380583
55.810575
326.24026
326.10002
180.56701
690.33507
687.72736
538.93183
239.07665
238.24585
288.72002
112.60325
112.42523
133.13582
69.976258
69.912432
76.929021
51.81472
51.781392
55.225208
42.527564
42.508318
44.283158
37.729329
37.718207
38.653385
35.179369
35.171149
35.666807
33.832197
33.827211
34.089468
33.17115
33.168791
33.282991
33.028491
33.03161
33.014669
33.259294
33.289321
34.087142
32.316749
32.325722
32.72384
31.049604
31.051879
31.263903
30.778606
30.778605
30.798605
30.829953
30.828516
30.790813
31.214198
31.210878
31.075867
32.216848
32.213158
31.877339
34.59385
34.590864
33.783932
41.09762
41.098246
38.727152
66.448322
66.470606
55.865104
325.69884
325.57303
180.82483
680.16491
677.72551
526.73764
235.78994
234.98288
284.12588
111.8963
111.72133
132.10611
69.722883
69.660239
76.626907
51.681741
51.648616
55.070029
42.450871
42.431816
44.196418
37.684797
37.673613
38.602321
35.146409
35.138123
35.631279
33.812095
33.80699
34.065733
33.161458
33.159027
33.270808
33.033716
33.036799
33.013912
33.318933
33.348711
34.158236
32.352662
32.361835
32.770016
31.058912
31.061325
31.277973
30.778788
30.778887
30.800481
30.824331
30.822978
30.786943
31.202472
31.199744
31.065947
32.18723
32.182533
31.849445
34.581983
34.579005
33.770557
41.100185
41.100794
38.723305
66.53651
66.558121
55.918554
325.21308
325.09938
181.05057
670.65374
668.37404
515.30843
232.59535
231.81048
279.67841
111.20029
111.02758
131.09249
69.473714
69.41191
76.327998
51.549497
51.51652
54.91591
42.374945
42.356082
44.110519
37.639916
37.628604
38.550942
35.113157
35.104791
35.59548
33.791476
33.786225
34.041459
33.151469
33.148955
33.258209
33.038998
33.042119
33.013194
33.378308
33.407762
34.230089
32.389268
32.398569
32.814915
31.068707
31.071218
31.292881
30.779304
30.779455
30.80262
30.819043
30.81776
30.783326
31.191657
31.188997
31.056389
32.171384
32.168096
31.836287
34.535424
34.530545
33.72801
41.10251
41.101849
38.660351
66.621932
66.642822
55.970666
324.77444
324.67067
181.24793
661.76814
659.63782
504.5944
229.48834
228.7249
275.37163
110.51259
110.34171
130.09236
69.227498
69.166245
76.030908
51.417743
51.384866
54.762557
42.299792
42.281132
44.025455
37.594473
37.583007
38.499153
35.079582
35.071139
35.559344
33.770254
33.76485
34.01666
33.141153
33.138554
33.245155
33.044386
33.047524
33.012565
33.437134
33.466173
34.302398
32.426375
32.43577
32.858442
31.078887
31.081491
31.308544
30.779963
30.780126
30.804815
30.813992
30.812758
30.779878
31.181095
31.178497
31.04708
32.158308
32.155059
31.82349
34.52207
34.519371
33.716079
41.016224
41.01703
38.645455
66.393066
66.389568
55.796088
324.36092
321.8777
179.79368
653.50571
651.46515
494.59002
226.46636
225.72465
271.20114
109.83183
109.66255
129.1049
68.983122
68.922199
75.734789
51.286416
51.253677
54.60981
42.225483
42.207046
43.941297
37.548415
37.536803
38.44699
35.04572
35.037218
35.522885
33.74844
33.7429
33.991329
33.130527
33.127856
33.231669
33.049912
33.053124
33.012097
33.495216
33.523875
34.375183
32.463821
32.473268
32.900948
31.089459
31.092167
31.324931
30.780666
30.780844
30.806997
30.809135
30.807954
30.776615
31.170785
31.168249
31.03801
32.145385
32.14218
31.810875
34.51114
34.508428
33.704102
41.020444
41.021543
38.643191
66.455288
66.477883
55.851696
320.78233
320.74308
179.85672
645.36317
643.58378
485.57947
224.10792
223.37886
267.89722
109.15725
108.98944
128.12968
68.73987
68.679159
75.439284
51.155749
51.123225
54.45783
42.152069
42.133851
43.858128
37.501812
37.490084
38.394558
35.011656
35.003119
35.486183
33.726112
33.720459
33.96553
33.119651
33.116927
33.217826
33.055584
33.058825
33.011773
33.552654
33.581038
34.448115
32.501536
32.511053
32.943015
31.10047
31.103287
31.342022
30.781457
30.781673
30.809213
30.804509
30.803394
30.773582
31.160742
31.158277
31.029187
32.132544
32.12935
31.798414
34.500134
34.497373
33.692029
41.025019
41.026153
38.640917
66.544867
66.566941
55.907679
320.63468
320.60074
180.07518
638.20127
636.39247
476.75509
221.21849
220.50826
263.94407
108.48838
108.32194
127.16645
68.497362
68.436799
75.144355
51.026038
50.993791
54.306882
42.079486
42.061454
43.775916
37.454787
37.442975
38.341963
34.977484
34.968933
35.449344
33.703359
33.697612
33.939383
33.1086
33.105843
33.20372
33.061397
33.064712
33.011586
33.609644
33.638058
34.521453
32.539526
32.549112
32.985269
31.111894
31.114804
31.359745
30.782418
30.782688
30.811526
30.80015
30.799104
30.770798
31.150978
31.148577
31.020634
32.119769
32.116574
31.786067
34.489049
34.486284
33.679865
41.02948
41.030655
38.638526
66.632483
66.654131
55.962556
320.50566
320.47675
180.28011
630.93002
629.09767
468.46886
218.40497
217.71267
260.10708
107.8249
107.65979
126.215
68.255382
68.194933
74.850088
50.897508
50.865586
54.157204
42.007592
41.989707
43.694549
37.407461
37.39559
38.289273
34.943281
34.934732
35.412462
33.680253
33.674428
33.912962
33.097444
33.094667
33.189433
33.067328
33.070652
33.011493
33.66652
33.694955
34.594552
32.577765
32.587408
33.02827
31.12362
31.126578
31.3779
30.783595
30.783922
30.813952
30.796061
30.795079
30.768259
31.141482
31.139144
31.012351
32.107013
32.103831
31.773825
34.47792
34.475121
33.667617
41.034105
41.035315
38.636148
66.717887
66.739215
56.016042
320.40268
320.38349
180.48027
623.56956
621.71755
460.67054
215.66134
214.98576
256.37993
107.1666
107.00276
125.27523
68.013839
67.953501
74.556584
50.770342
50.738782
54.00901
41.936232
41.918456
43.613922
37.359921
37.348007
38.236512
34.909105
34.900573
35.375614
33.656858
33.650974
33.886317
33.086232
33.083446
33.175042
33.073347
33.076715
33.011459
33.723591
33.752034
34.667939
32.61623
32.625906
33.072329
31.135491
31.138475
31.39623
30.784996
30.785379
30.816497
30.792227
30.791308
30.765964
31.132218
31.129933
31.004309
32.094292
32.091124
31.761692
34.466787
34.463996
33.655271
41.038758
41.039876
38.63387
66.802155
66.82258
56.069204
320.34365
320.33805
180.6835
616.13824
614.27262
453.3299
212.98272
212.32261
252.75517
106.51333
106.35077
124.34716
67.772747
67.712534
74.263851
50.644648
50.613457
53.862447
41.865261
41.847561
43.533946
37.312219
37.300271
38.183672
34.875013
34.866511
35.338858
33.633255
33.627335
33.859525
33.074998
33.072211
33.160612
33.079408
33.082745
33.011415
33.780817
33.809551
34.740984
32.654719
32.664373
33.11747
31.147442
31.150436
31.414535
30.786621
30.787062
30.8192
30.788627
30.78776
30.763901
31.123142
31.120898
30.996461
32.081617
32.078468
31.749649
34.455663
34.452891
33.642911
41.043425
41.044586
38.631617
66.884329
66.905311
56.12214
320.34262
320.3534
180.8977
608.65337
606.77496
446.4654
210.3656
209.71987
249.22368
105.86522
105.70398
123.43104
67.532167
67.472091
73.971796
50.520408
50.489566
53.717537
41.794553
41.776903
43.454534
37.26438
37.2524
38.130737
34.841063
34.832606
35.30223
33.609553
33.603629
33.832711
33.063776
33.060995
33.146197
33.085471
33.08881
33.011308
33.838514
33.867284
34.814316
32.692866
32.702362
33.163514
31.159467
31.162496
31.432689
30.788464
30.788958
30.822121
30.785212
30.784377
30.762021
31.114205
31.11199
30.988759
32.069021
32.065879
31.737687
34.444549
34.441789
33.630614
41.04825
41.049442
38.629266
66.96605
66.986888
56.174565
320.40831
320.43705
181.12558
601.12813
599.24269
440.09502
207.8052
207.17326
245.7847
105.22246
105.06261
122.52688
67.292114
67.232166
73.680314
50.397525
50.367006
53.574208
41.724019
41.706405
43.375598
37.216418
37.204409
38.077697
34.807312
34.798913
35.265755
33.585887
33.579996
33.806037
33.052596
33.04983
33.131853
33.091486
33.094745
33.011067
33.896373
33.925355
34.887362
32.730644
32.740025
33.209987
31.171603
31.174673
31.45058
30.790493
30.791025
30.825309
30.781899
30.781074
30.760228
31.10537
31.103169
30.98115
32.056505
32.053386
31.725821
34.433435
34.430681
33.618382
41.052952
41.054182
38.627084
67.047342
67.067443
56.226467
320.54482
320.58972
181.37073
593.58897
591.70445
434.23458
205.29918
204.68219
242.43602
104.58525
104.4268
121.63428
67.052555
66.992738
73.389345
50.27592
50.245717
53.432367
41.653622
41.636042
43.297066
37.168351
37.156322
38.024561
34.773804
34.765473
35.229441
33.562403
33.556579
33.779667
33.041493
33.038752
33.117637
33.097414
33.100637
33.01066
33.954456
33.983432
34.960808
32.767884
32.777078
33.256353
31.18397
31.187103
31.468394
30.792641
30.793187
30.828758
30.778596
30.777762
30.758417
31.096595
31.094406
30.973608
32.044057
32.040963
31.714022
34.422362
34.41958
33.606217
41.057777
41.059033
38.624767
67.127541
67.147507
56.278253
320.74976
320.81105
181.63237
586.06455
584.18803
428.89228
202.84828
202.24321
239.17211
103.95373
103.79676
120.75245
66.813586
66.753961
73.099039
50.15559
50.125713
53.291974
41.583378
41.565845
43.218898
37.120212
37.108172
37.971362
34.740571
34.732311
35.193295
33.539239
33.533519
33.753768
33.030505
33.027797
33.103587
33.103217
33.106324
33.010046
34.012295
34.041103
35.034234
32.804458
32.813496
33.302143
31.196587
31.199791
31.486119
30.794838
30.795388
30.832457
30.775237
30.774383
30.756506
31.087862
31.085681
30.966102
32.031718
32.028631
31.702289
34.411297
34.408526
33.594112
41.06271
41.063847
38.622508
67.206435
67.2262
56.329376
321.01709
321.09262
181.90967
578.58074
576.71964
424.06243
200.45049
199.85872
235.99469
103.32818
103.17275
119.88101
66.575519
66.516184
72.809808
50.036586
50.007046
53.15304
41.513347
41.495879
43.141097
37.072046
37.060008
37.918154
34.707629
34.699443
35.157325
33.516522
33.510922
33.728432
33.019668
33.017001
33.089757
33.108876
33.111927
33.009226
34.069856
34.09841
35.107906
32.840389
32.849299
33.346966
31.209518
31.212812
31.503894
30.797048
30.797599
30.836387
30.771792
30.770916
30.754463
31.079145
31.076966
30.958616
32.01943
32.016361
31.690572
34.400237
34.397479
33.582091
41.067602
41.068779
38.620315
67.284471
67.303972
56.379674
321.33769
321.42611
182.19881
571.16598
569.32462
419.73183
198.10572
197.52837
232.90045
102.70889
102.55505
119.02022
66.338747
66.279793
72.522192
49.918929
49.889719
53.015559
41.443601
41.426215
43.063684
37.02391
37.011891
37.865014
34.674987
34.666877
35.12155
33.494296
33.488821
33.70368
33.009015
33.006398
33.076201
33.114376
33.117298
33.00819
34.126858
34.155093
35.181581
32.875867
32.884713
33.390783
31.222808
31.226186
31.521867
30.799266
30.79982
30.840513
30.768276
30.767391
30.752306
31.070431
31.068245
30.951145
32.007204
32.004147
31.67889
34.389229
34.386479
33.570118
41.072477
41.073677
38.618024
67.361249
67.380374
56.429484
321.70443
321.80349
182.49828
563.83875
562.02227
415.88449
195.81459
195.24898
229.88856
102.09596
101.94371
118.17043
66.103605
66.0451
72.236659
49.802556
49.773647
52.879455
41.374203
41.356913
42.986678
36.975875
36.963893
37.812037
34.642648
34.634612
35.085984
33.47257
33.467219
33.679498
32.998576
32.996016
33.062954
33.119722
33.122595
33.006961
34.183189
34.211099
35.255535
32.911084
32.919887
33.433616
31.236469
31.23994
31.540131
30.801493
30.802051
30.844785
30.764737
30.763854
30.750082
31.061701
31.059521
30.943684
31.995006
31.991956
31.667193
34.378222
34.375488
33.558202
41.07745
41.078693
38.615957
67.435742
67.454439
56.478624
322.11377
322.2233
182.80769
556.61691
554.82843
412.50416
193.57373
193.02205
226.95525
101.48939
101.33872
117.33178
65.870324
65.81231
71.953466
49.687334
49.658688
52.744591
41.305203
41.288019
42.910087
36.928021
36.916098
37.759338
34.610597
34.602629
35.050634
33.451332
33.446098
33.655842
32.988372
32.985872
33.050032
33.124926
33.127682
33.005533
34.23889
34.266515
35.329463
32.946217
32.955
33.475704
31.250468
31.254015
31.558725
30.80373
30.804292
30.849151
30.761224
30.760356
30.747855
31.052973
31.050795
30.936249
31.982828
31.979791
31.655518
34.367263
34.364541
33.546297
41.082423
41.083689
38.613987
67.508455
67.526001
56.526537
322.56522
322.68672
183.12717
549.50563
547.74441
409.56624
191.38465
190.84571
224.09711
100.88912
100.74002
116.50421
65.639043
65.581543
71.672671
49.573111
49.544693
52.610821
41.236639
41.219569
42.833911
36.880436
36.868594
37.707037
34.5788
34.570886
35.015484
33.430545
33.425414
33.632637
32.978413
32.975973
33.037434
33.130013
33.132745
33.003935
34.29403
34.321431
35.403708
32.981384
32.990185
33.517301
31.264728
31.268324
31.57763
30.805982
30.806549
30.853555
30.757789
30.756946
30.745679
31.044264
31.042088
30.928864
31.970706
31.967686
31.643884
34.356319
34.35361
33.534399
41.087535
41.08884
38.612146
67.578616
67.5957
56.573592
323.06399
323.19775
183.45955
542.50663
540.77418
407.04415
189.24659
188.71851
221.31596
100.29514
100.14764
115.68757
65.409838
65.352865
71.394237
49.45976
49.431545
52.478029
41.168535
41.151581
42.758136
36.833201
36.821457
37.655237
34.547198
34.53932
34.980501
33.410147
33.405101
33.609787
32.968694
32.966311
33.02514
33.135008
33.137651
33.002163
34.348771
34.376005
35.477846
33.016645
33.025491
33.558698
31.279168
31.282803
31.596748
30.808255
30.808828
30.85797
30.754464
30.753653
30.743604
31.035593
31.033433
30.921539
31.958666
31.95567
31.632339
34.345436
34.342707
33.522546
41.092688
41.094046
38.610583
67.646969
67.663615
56.619802
323.6151
323.76235
183.80862
535.62286
533.92014
404.90667
187.15568
186.64067
218.60555
99.707612
99.561767
114.88187
65.18274
65.126292
71.118121
49.347185
49.319149
52.34613
41.100884
41.084038
42.682724
36.786376
36.77474
37.603999
34.515718
34.507859
34.945642
33.390056
33.385071
33.587178
32.959197
32.956864
33.013111
33.139946
33.142599
33.000251
34.403213
34.43037
35.552349
33.052018
33.06088
33.60014
31.293718
31.297364
31.616003
30.810565
30.811152
30.862394
30.751266
30.750484
30.741659
31.026989
31.024849
30.91429
31.946712
31.943745
31.620906
34.334595
34.331888
33.510746
41.098052
41.099462
38.609208
67.713586
67.729795
56.664772
324.22109
324.38196
184.17685
528.86256
527.19156
403.1194
185.11209
184.6087
215.96555
99.12684
98.982734
114.08739
64.95772
64.901777
70.844281
49.23529
49.207406
52.215039
41.033639
41.016881
42.607601
36.739987
36.728459
37.553332
34.484293
34.476439
34.910867
33.370178
33.365232
33.564704
32.949893
32.9476
33.001295
33.144857
33.147452
32.998207
34.457533
34.484643
35.626766
33.08748
33.096343
33.641793
31.308328
31.311983
31.635333
30.812933
30.813537
30.866839
30.748179
30.747422
30.739842
31.01846
31.016334
30.907102
31.93486
31.931923
31.609621
34.323844
34.32116
33.498969
41.103634
41.105094
38.608116
67.77782
67.793621
56.708911
324.88118
325.05603
184.56604
522.22652
520.58525
401.64168
183.11554
182.6235
213.39562
98.553097
98.410771
113.30454
64.734653
64.679162
70.572613
49.123949
49.096178
52.084621
40.966707
40.950009
42.532654
36.694022
36.682594
37.503192
34.452874
34.445016
34.87615
33.350427
33.3455
33.542276
32.940741
32.938478
32.989629
33.149771
33.152409
32.996081
34.511754
34.538855
35.701849
33.122935
33.131773
33.683676
31.32297
31.326625
31.654657
30.815365
30.815982
30.871315
30.745165
30.744415
30.738119
31.010004
31.0079
30.899956
31.923123
31.920213
31.598465
34.313136
34.310471
33.487211
41.109275
41.11078
38.607265
67.840416
67.855804
56.751805
325.59494
325.78395
184.97808
515.71067
514.09896
400.44347
181.16432
180.68353
210.89371
97.986447
97.845863
112.53343
64.513285
64.458163
70.302886
49.012991
48.985283
51.95468
40.899966
40.883295
42.457751
36.64844
36.637099
37.453496
34.421439
34.413577
34.841482
33.330731
33.325808
33.519836
32.931698
32.929454
32.978046
33.154715
33.157321
32.993894
34.565974
34.593056
35.776671
33.158278
33.167096
33.725804
31.337594
31.341237
31.673887
30.817841
30.818462
30.875811
30.742157
30.741396
30.736424
31.001603
30.999508
30.892803
31.911483
31.908576
31.587426
34.302498
34.299846
33.475522
41.115079
41.116614
38.606505
67.901352
67.916345
56.794278
326.36534
326.5678
185.41507
509.31465
507.73328
399.50462
179.25751
178.78752
208.456
97.42656
97.287554
111.77367
64.293233
64.238369
70.03472
48.902206
48.874507
51.824964
40.83329
40.816618
42.382767
36.603185
36.591917
37.404149
34.389995
34.382135
34.806876
33.311043
33.306118
33.497359
32.922721
32.920488
32.966492
33.159713
33.162388
32.991701
34.620298
34.647373
35.85199
33.193426
33.202183
33.768015
31.352163
31.355796
31.692942
30.820326
30.820945
30.880317
30.739083
30.738295
30.734684
30.993219
30.991116
30.885602
31.899892
31.896998
31.576457
34.291869
34.289227
33.463792
41.120985
41.122388
38.605873
67.960743
67.97465
56.835478
327.19426
327.41285
185.87995
503.04013
501.48894
398.80822
177.39285
176.93288
206.07697
96.872634
96.734968
111.02415
64.074036
64.019311
69.767636
48.791384
48.763647
51.695216
40.766582
40.749893
42.307617
36.558205
36.546998
37.355066
34.358575
34.350729
34.772359
33.29134
33.286411
33.474842
32.913777
32.911548
32.954928
33.164785
33.167451
32.989528
34.674439
34.701478
35.927644
33.228288
33.236932
33.810194
31.366656
31.370266
31.711797
30.822789
30.823398
30.884812
30.735881
30.735055
30.732833
30.984803
30.982688
30.878309
31.88834
31.885451
31.565533
34.281265
34.27863
33.452111
41.126796
41.128224
38.605312
68.018005
68.032265
56.875424
328.08768
328.32388
186.37629
496.88825
495.36813
398.3386
175.56706
175.1164
203.75294
96.323736
96.187204
110.28368
63.855246
63.800567
69.501178
48.680357
48.652552
51.565236
40.699802
40.683096
42.232289
36.51346
36.502309
37.306189
34.327226
34.319407
34.73797
33.271622
33.26669
33.452298
32.904846
32.902619
32.943337
33.169962
33.172732
32.987421
34.728473
34.755455
36.003643
33.262769
33.271303
33.852223
31.381072
31.384664
31.730441
30.825211
30.825807
30.889305
30.732516
30.731646
30.730831
30.976326
30.974198
30.870901
31.876789
31.873902
31.554618
34.270687
34.268054
33.440404
41.132632
41.134052
38.604686
68.073925
68.087887
56.915052
329.05269
329.30757
186.90805
490.86066
489.37059
398.07972
173.77877
173.33697
201.48163
95.779165
95.64365
109.55142
63.636542
63.581855
69.235041
48.569037
48.541155
51.434926
40.632975
40.616269
42.156845
36.468931
36.457833
37.25749
34.295999
34.288216
34.703747
33.2519
33.24697
33.429755
32.895922
32.893696
32.931721
33.175277
33.178076
32.985374
34.782536
34.809436
36.079816
33.296812
33.305262
33.894032
31.395409
31.398995
31.748871
30.827583
30.828164
30.893801
30.728977
30.728062
30.728662
30.96778
30.965627
30.863373
31.865243
31.862355
31.543685
34.260123
34.257453
33.428707
41.13845
41.139865
38.604149
68.128675
68.141702
56.953477
330.09539
330.37121
187.47874
484.95675
483.49843
398.01261
172.02458
171.59141
199.26238
95.238593
95.104071
108.82702
63.417778
63.363077
68.969139
48.457418
48.42947
51.304292
40.566184
40.549504
42.081405
36.424611
36.413564
37.208963
34.264931
34.257193
34.669716
33.23219
33.227266
33.407237
32.887011
32.884788
32.920093
33.180806
33.183749
32.983269
34.83616
34.862386
36.155967
33.330444
33.338774
33.935459
31.409704
31.413268
31.767158
30.82989
30.830452
30.898279
30.725266
30.724311
30.726324
30.959144
30.956966
30.855722
31.853682
31.850763
31.532707
34.24945
34.246741
33.41689
41.143823
41.144948
38.603073
68.180256
68.190816
56.989002
331.19986
331.47101
188.05029
479.20679
477.81244
398.08481
170.31031
169.89215
197.10449
94.702027
94.568546
108.11047
63.198987
63.144305
68.703588
48.345563
48.317574
51.173422
40.49954
40.482916
42.00612
36.380498
36.369503
37.160617
34.234045
34.226355
34.63589
33.212505
33.20759
33.38476
32.878119
32.875902
32.908448
33.186594
33.189382
32.980873
31.989043
31.985024
31.975959
32.003262
31.990838
31.994863
31.921191
31.918658
31.911845
31.927162
31.922658
31.922663
31.864836
31.864344
31.857548
31.870404
31.866748
31.865025
31.817315
31.818483
31.812482
31.823443
31.820431
31.817392
31.775538
31.778341
31.773111
31.783182
31.780503
31.776058
31.737414
31.741943
31.737763
31.747404
31.74461
31.739017
31.70203
31.70841
31.704923
31.714389
31.711489
31.704596
31.671402
31.679601
31.677249
31.685222
31.682505
31.67375
31.645772
31.655885
31.654547
31.660253
31.6574
31.646975
31.631127
31.642198
31.641377
31.644037
31.642096
31.630612
31.623862
31.636144
31.635703
31.636297
31.635738
31.623741
31.632433
31.644356
31.644421
31.641089
31.641941
31.629393
31.648624
31.658665
31.658125
31.653412
31.656764
31.645557
31.679685
31.686599
31.688007
31.672734
31.679031
31.669798
31.723527
31.726299
31.72633
31.714682
31.720905
31.715176
31.788398
31.786865
31.78861
31.765854
31.775817
31.772204
31.856458
31.854017
31.85541
31.832787
31.842844
31.840124
31.936903
31.92718
31.926036
31.903988
31.916939
31.920655
32.028424
32.015612
32.014472
31.986727
32.003993
32.009999
32.16907
32.149693
32.156064
32.110557
32.1361
32.147662
31.97196
31.99841
31.994559
32.005457
32.001953
31.972651
32.034471
32.007621
32.013256
31.903731
31.927492
31.924973
31.930062
31.929047
31.903038
31.939593
31.92589
31.927568
31.846777
31.867095
31.866556
31.867045
31.867314
31.844911
31.875621
31.864101
31.864057
31.798515
31.81618
31.817244
31.813304
31.814927
31.795487
31.821851
31.812179
31.810985
31.755745
31.771046
31.773587
31.764763
31.768064
31.751714
31.775825
31.766704
31.764434
31.716185
31.729454
31.733783
31.719818
31.72466
31.710424
31.734699
31.725366
31.721529
31.678903
31.689862
31.696348
31.676711
31.683255
31.671278
31.695344
31.686347
31.68091
31.646877
31.654898
31.663522
31.638157
31.646509
31.6373
31.658404
31.650073
31.642718
31.62239
31.625883
31.636152
31.605272
31.615583
31.611339
31.626132
31.618214
31.608993
31.605978
31.608423
31.62004
31.584887
31.59674
31.593841
31.601978
31.597149
31.586167
31.599771
31.600688
31.611977
31.57664
31.588899
31.587731
31.589522
31.588091
31.575717
31.609167
31.608041
31.620205
31.583416
31.595718
31.597164
31.589336
31.591639
31.578516
31.626998
31.628943
31.638724
31.609235
31.619211
31.618502
31.601214
31.610526
31.598331
31.666904
31.662394
31.670868
31.645883
31.654131
31.659386
31.623898
31.639422
31.629333
31.716178
31.713116
31.71792
31.703114
31.707997
31.712719
31.671463
31.691253
31.683459
31.79015
31.787693
31.787406
31.787899
31.787542
31.790973
31.731644
31.763264
31.759589
31.863279
31.857402
31.856256
31.862065
31.859357
31.866288
31.801593
31.834403
31.832069
31.948448
31.950345
31.943418
31.963974
31.957334
31.957162
31.883828
31.927432
31.929014
32.045746
32.048838
32.03791
32.070724
32.059805
32.058118
31.972784
32.024874
32.028729
32.18855
32.189543
32.176892
32.211776
32.196845
32.199633
32.092234
32.165592
32.168173
31.978792
32.011354
32.008454
32.017105
32.014013
31.982076
32.054111
32.027413
32.033331
31.904875
31.931664
31.93092
31.932798
31.932247
31.906598
31.949493
31.932982
31.935689
31.844151
31.8659
31.866433
31.864787
31.865255
31.844756
31.879896
31.866253
31.867516
31.791033
31.809481
31.811346
31.806328
31.807761
31.79018
31.821238
31.809549
31.809535
31.742374
31.758723
31.761675
31.753332
31.755935
31.739959
31.769548
31.759124
31.757825
31.695924
31.710647
31.715189
31.702665
31.706343
31.691666
31.72223
31.712236
31.709672
31.650586
31.664299
31.670307
31.653314
31.658622
31.64451
31.676742
31.666623
31.662405
31.610772
31.621942
31.629978
31.606869
31.614239
31.60266
31.632352
31.622398
31.61614
31.578733
31.585047
31.595108
31.56574
31.575275
31.568291
31.592219
31.582677
31.574389
31.557653
31.561382
31.573113
31.53858
31.549893
31.545824
31.561355
31.554293
31.544111
31.551089
31.551637
31.564193
31.526419
31.539004
31.538696
31.543084
31.539094
31.527293
31.561662
31.558494
31.57102
31.533728
31.546157
31.549918
31.539168
31.540107
31.527693
31.593417
31.588305
31.598977
31.56644
31.577529
31.584624
31.553309
31.562387
31.550791
31.638898
31.629365
31.637562
31.613485
31.621229
31.632606
31.587409
31.600524
31.59168
31.705913
31.694523
31.698342
31.687692
31.690702
31.704508
31.640232
31.662655
31.657337
31.798489
31.788027
31.788212
31.787957
31.787919
31.801023
31.718546
31.751595
31.749422
31.878609
31.866478
31.864565
31.872171
31.86915
31.883233
31.800775
31.830554
31.83204
31.98568
31.977497
31.970908
31.987204
31.982475
31.994384
31.889215
31.933278
31.936579
32.098515
32.093089
32.082155
32.113948
32.104071
32.112952
31.995891
32.047455
32.055311
32.237718
32.233234
32.218525
32.256629
32.240259
32.243979
32.115214
32.186185
32.19402
31.993569
32.02302
32.020157
32.028352
32.025433
31.997539
32.072123
32.043366
32.048022
31.913043
31.93444
31.933317
31.936444
31.935481
31.915491
31.961089
31.94336
31.945232
31.847175
31.864167
31.864379
31.864593
31.86435
31.848263
31.885436
31.871294
31.872254
31.788978
31.803929
31.804961
31.803005
31.803387
31.789052
31.822177
31.810214
31.810455
31.734655
31.74935
31.750984
31.74686
31.747967
31.733778
31.766323
31.755414
31.754778
31.681816
31.696546
31.699436
31.691939
31.694044
31.679576
31.714113
31.703267
31.701532
31.629236
31.643943
31.64843
31.636403
31.639936
31.625061
31.661815
31.650968
31.647735
31.58038
31.593422
31.599936
31.581954
31.587439
31.57378
31.609666
31.59913
31.594126
31.538586
31.547842
31.556615
31.531832
31.539602
31.529362
31.561348
31.551474
31.544511
31.511259
31.516813
31.527563
31.496504
31.506432
31.500121
31.52229
31.515183
31.506232
31.50134
31.502051
31.513973
31.478984
31.490468
31.489141
31.497934
31.49381
31.483445
31.515262
31.509221
31.521481
31.486272
31.497683
31.504286
31.490934
31.492224
31.481106
31.556864
31.544515
31.555534
31.523974
31.534203
31.547806
31.510308
31.51916
31.509355
31.616271
31.598589
31.60571
31.585318
31.591453
31.611123
31.555618
31.568123
31.56146
31.702773
31.681947
31.684368
31.677251
31.67904
31.702193
31.623341
31.644668
31.642259
31.809049
31.787897
31.787753
31.789095
31.788162
31.811949
31.716214
31.745317
31.745245
31.900441
31.879485
31.875592
31.889178
31.883949
31.907427
31.815182
31.841008
31.845592
32.023884
31.999728
31.993067
32.015262
32.007131
32.034656
31.913388
31.951582
31.958561
32.156849
32.132706
32.122799
32.153587
32.142672
32.171987
32.035892
32.080824
32.090213
32.287844
32.279808
32.264417
32.303576
32.286256
32.298235
32.167589
32.223372
32.23338
32.009198
32.033405
32.030752
32.038774
32.035736
32.012614
32.094826
32.057964
32.063294
31.922877
31.938402
31.937367
31.940809
31.939524
31.925204
31.975324
31.951135
31.953486
31.852877
31.865459
31.864946
31.867108
31.866172
31.854568
31.895529
31.875874
31.877575
31.791186
31.802984
31.802858
31.804317
31.803448
31.792303
31.829385
31.812374
31.813627
31.733304
31.745749
31.746098
31.746478
31.745872
31.733773
31.770327
31.754769
31.755601
31.67523
31.689198
31.690337
31.688645
31.688663
31.674677
31.713944
31.698894
31.699102
31.61539
31.631025
31.633451
31.628095
31.629261
31.613306
31.655822
31.641273
31.6404
31.55678
31.572803
31.577088
31.56635
31.569233
31.552509
31.595579
31.58265
31.579983
31.504399
31.518188
31.524714
31.507462
31.51246
31.497389
31.537317
31.526921
31.522157
31.468921
31.478314
31.487055
31.462979
31.470131
31.459437
31.488397
31.482312
31.475586
31.454306
31.458554
31.468864
31.440801
31.449509
31.443854
31.456672
31.455022
31.447093
31.472352
31.465275
31.475684
31.446957
31.45607
31.463043
31.446041
31.451015
31.441895
31.522183
31.506096
31.51505
31.491738
31.49916
31.515541
31.473131
31.485183
31.477642
31.599638
31.57453
31.579208
31.567031
31.569759
31.595955
31.530292
31.546039
31.542603
31.703341
31.67411
31.67493
31.673476
31.672819
31.703925
31.615936
31.637233
31.637796
31.823383
31.792451
31.790404
31.798365
31.79502
31.828577
31.72449
31.750092
31.75368
31.932619
31.901772
31.89501
31.917655
31.909204
31.942358
31.84157
31.864089
31.872151
32.069742
32.033354
32.023971
32.053986
32.0433
32.082414
31.954012
31.98523
31.995911
32.217506
32.176169
32.164387
32.200601
32.187851
32.233157
32.088115
32.123868
32.136494
32.344987
32.328549
32.311473
32.355269
32.335553
32.358162
32.232358
32.27119
32.284464
32.022504
32.044533
32.041508
32.050888
32.0474
32.025416
32.120743
32.075183
32.081262
31.931753
31.943771
31.942204
31.947451
31.945502
31.933839
31.992038
31.96193
31.965207
31.859858
31.869784
31.868297
31.873622
31.871563
31.86179
31.909342
31.884668
31.887638
31.796838
31.807038
31.805503
31.81125
31.808941
31.798901
31.841866
31.820116
31.823166
31.737383
31.749007
31.747504
31.753582
31.751016
31.739527
31.781337
31.761613
31.764803
31.676209
31.690444
31.68926
31.694948
31.692381
31.67816
31.722551
31.703923
31.70698
31.61095
31.628075
31.627727
31.631591
31.629448
31.612015
31.660108
31.642766
31.645145
31.543952
31.563161
31.564338
31.56393
31.563043
31.543416
31.592843
31.57751
31.578199
31.481214
31.500316
31.503418
31.497528
31.498322
31.478096
31.524575
31.513404
31.511991
31.436161
31.451302
31.456402
31.444233
31.446707
31.430015
31.46489
31.459979
31.456896
31.41699
31.426394
31.432978
31.416172
31.420026
31.410037
31.424327
31.426646
31.422706
31.437566
31.431947
31.439516
31.421012
31.426882
31.432209
31.410329
31.42005
31.414143
31.498635
31.481541
31.487402
31.476408
31.480131
31.496642
31.444663
31.463559
31.458254
31.592932
31.563595
31.563951
31.565002
31.562575
31.592076
31.516686
31.537552
31.538611
31.711831
31.676514
31.673724
31.684599
31.678941
31.715738
31.619651
31.643383
31.649091
31.848948
31.807592
31.802488
31.821152
31.813694
31.857211
31.744631
31.770508
31.778798
31.977245
31.93711
31.926768
31.960539
31.948154
31.990484
31.881243
31.902543
31.915121
32.124301
32.076849
32.06506
32.102815
32.089322
32.139521
32.010436
32.034763
32.04999
32.280846
32.226841
32.213223
32.25495
32.24031
32.297736
32.153961
32.179392
32.195366
32.411626
32.385202
32.364553
32.418076
32.394464
32.427359
32.306342
32.332319
32.349329
32.034384
32.057741
32.054212
32.064942
32.061195
32.037203
32.147792
32.09484
32.101388
31.940281
31.951923
31.94958
31.957142
31.954435
31.942528
32.00828
31.975822
31.979573
31.868711
31.878581
31.875966
31.884605
31.881464
31.871452
31.924012
31.898054
31.901977
31.807255
31.817101
31.813956
31.824661
31.820645
31.810848
31.857263
31.834865
31.839526
31.7494
31.760466
31.756729
31.769862
31.764859
31.753934
31.798055
31.777919
31.783513
31.688631
31.702514
31.698379
31.713545
31.707642
31.694071
31.740242
31.720991
31.727344
31.620969
31.639036
31.634922
31.650967
31.644642
31.626838
31.677098
31.65861
31.665149
31.547871
31.569436
31.566108
31.580613
31.574364
31.553161
31.606361
31.588847
31.594434
31.476511
31.500122
31.49808
31.509341
31.503811
31.479854
31.529791
31.517346
31.521093
31.421611
31.442918
31.442133
31.449009
31.444165
31.421345
31.460127
31.455253
31.458423
31.397203
31.411386
31.411586
31.415359
31.411407
31.393818
31.410055
31.415664
31.418174
31.420427
31.414458
31.419094
31.413424
31.416706
31.423068
31.392952
31.406201
31.403186
31.494804
31.477741
31.478025
31.486913
31.483324
31.500525
31.435236
31.459779
31.460724
31.60419
31.572432
31.56655
31.58752
31.57707
31.608165
31.522814
31.548707
31.556504
31.738331
31.699022
31.689847
31.72096
31.707677
31.748259
31.642415
31.671687
31.685056
31.888271
31.840201
31.829695
31.865772
31.851614
31.900511
31.783723
31.810975
31.825986
32.036508
31.987992
31.973616
32.019797
32.003204
32.053717
31.935115
31.960103
31.977834
32.188762
32.132957
32.117278
32.167584
32.149582
32.206595
32.081673
32.102184
32.121854
32.350199
32.285708
32.269643
32.31982
32.302056
32.368996
32.23085
32.249575
32.26943
32.486711
32.454619
32.42988
32.494251
32.466605
32.504565
32.390918
32.408932
32.429787
32.046142
32.072603
32.068595
32.080511
32.076481
32.049048
32.174928
32.117265
32.123902
31.949762
31.962938
31.959973
31.969145
31.965988
31.952323
32.023151
31.991003
31.994868
31.881088
31.891633
31.888007
31.899606
31.895514
31.884744
31.938738
31.914838
31.919424
31.824188
31.833973
31.829068
31.845086
31.839252
31.829569
31.875169
31.855692
31.861742
31.771774
31.781986
31.775628
31.79709
31.789243
31.779133
31.82093
31.803852
31.811913
31.716032
31.728497
31.720605
31.747946
31.737794
31.725853
31.768801
31.752134
31.762204
31.651619
31.66817
31.659232
31.691602
31.679602
31.663627
31.710917
31.693375
31.705349
31.577233
31.598574
31.588848
31.62477
31.610804
31.591223
31.642586
31.62423
31.636985
31.501084
31.526795
31.516893
31.554607
31.539162
31.515097
31.563739
31.549202
31.561154
31.439269
31.464677
31.454579
31.492815
31.475872
31.449684
31.487635
31.481121
31.494922
31.404986
31.428906
31.419921
31.453869
31.437388
31.41874
31.429506
31.435978
31.450179
31.430885
31.41964
31.421247
31.434621
31.434707
31.445964
31.411021
31.417552
31.417935
31.524075
31.50462
31.499237
31.537508
31.526401
31.5424
31.460611
31.492641
31.498949
31.645704
31.612388
31.59568
31.649299
31.624729
31.657678
31.562042
31.591428
31.613446
31.793266
31.751687
31.733593
31.792743
31.769053
31.811425
31.696458
31.731805
31.755362
31.948213
31.898943
31.880523
31.940958
31.917718
31.967083
31.851935
31.880483
31.905152
32.111723
32.056706
32.037489
32.099776
32.077368
32.133247
32.008913
32.038819
32.06264
32.26518
32.206723
32.186347
32.250573
32.22774
32.286586
32.169014
32.188794
32.214179
32.427486
32.357544
32.338004
32.398992
32.377583
32.448269
32.319036
32.334957
32.358912
32.572114
32.537198
32.508749
32.583038
32.551554
32.591891
32.484178
32.499047
32.522677
32.058187
32.08816
32.084325
32.095764
32.091864
32.06088
32.198168
32.138737
32.144893
31.960389
31.975729
31.97237
31.982726
31.979221
31.963203
32.036675
32.006658
32.010443
31.896997
31.908486
31.903949
31.918144
31.913244
31.90147
31.952974
31.933612
31.938405
31.848244
31.85813
31.851312
31.872974
31.865271
31.855511
31.895414
31.881572
31.888595
31.806413
31.815424
31.806047
31.836723
31.826001
31.81729
31.850242
31.839252
31.849686
31.762359
31.772419
31.75977
31.802051
31.786811
31.777766
31.809803
31.79904
31.813204
31.709326
31.722211
31.706735
31.761253
31.74167
31.729866
31.766165
31.752677
31.771392
31.644263
31.661129
31.641972
31.70974
31.684321
31.671065
31.711976
31.69494
31.71769
31.570286
31.595546
31.572976
31.653457
31.621594
31.602209
31.643213
31.626906
31.652436
31.514059
31.535475
31.511347
31.594643
31.563612
31.542967
31.562187
31.559347
31.590995
31.484793
31.494016
31.467723
31.569832
31.525078
31.500747
31.511639
31.515641
31.553998
31.483377
31.462493
31.459067
31.509028
31.500872
31.52435
31.494493
31.481479
31.497506
31.612421
31.587811
31.56502
31.657412
31.625232
31.646867
31.552025
31.58002
31.609709
31.734214
31.701218
31.667555
31.772308
31.728049
31.762416
31.661632
31.690276
31.737006
31.887742
31.846123
31.81584
31.914424
31.876184
31.917695
31.800476
31.838601
31.877383
32.039813
31.993229
31.964631
32.057335
32.02288
32.068255
31.960715
31.990609
32.027974
32.205019
32.150082
32.123869
32.20843
32.178058
32.232427
32.113021
32.14459
32.176729
32.35647
32.299625
32.2743
32.354554
32.326405
32.381808
32.275198
32.298288
32.329159
32.512228
32.444069
32.420777
32.492996
32.467649
32.534887
32.420484
32.437089
32.465206
32.665534
32.6317
32.599933
32.67996
32.647689
32.686463
32.583376
32.600314
32.62603
32.068842
32.103126
32.099454
32.110159
32.106605
32.07124
32.217501
32.15808
32.163399
31.971815
31.989222
31.986061
31.995339
31.992251
31.974633
32.047424
32.020475
32.023472
31.916072
31.928395
31.923224
31.939062
31.93371
31.921256
31.96645
31.952717
31.957401
31.88028
31.889276
31.880851
31.906921
31.897817
31.889728
31.917906
31.911282
31.91933
31.855541
31.860941
31.84897
31.888784
31.874711
31.86887
31.886211
31.885253
31.898118
31.832667
31.837007
31.819228
31.878089
31.85739
31.85356
31.86638
31.865355
31.885447
31.805614
31.810078
31.785825
31.870062
31.840412
31.838179
31.849869
31.84336
31.871187
31.767285
31.773991
31.740431
31.856114
31.813523
31.813557
31.827256
31.816149
31.853914
31.719386
31.733536
31.689483
31.842689
31.782638
31.781408
31.794434
31.780802
31.829418
31.687935
31.674396
31.633728
31.783849
31.729194
31.746643
31.719326
31.730172
31.794808
31.637949
31.667168
31.610152
31.795035
31.712545
31.726416
31.713449
31.710635
31.789029
31.610262
31.582049
31.567597
31.689916
31.665264
31.697457
31.713253
31.649778
31.685372
31.797357
31.762604
31.712165
31.908898
31.825902
31.857003
31.754549
31.784223
31.850013
31.897592
31.868572
31.810861
31.997987
31.921182
31.952015
31.868232
31.887362
31.969149
32.038193
32.000951
31.952848
32.109785
32.04937
32.084257
31.981735
32.015911
32.080648
32.174793
32.135017
32.09387
32.228025
32.179072
32.216097
32.125269
32.154777
32.206998
32.324888
32.275565
32.241024
32.353116
32.313428
32.359219
32.258708
32.287607
32.331024
32.464863
32.415558
32.384238
32.482007
32.447966
32.49527
32.404673
32.429999
32.466347
32.607194
32.546518
32.518664
32.605193
32.574947
32.633125
32.537146
32.555144
32.587793
32.759991
32.728234
32.697012
32.776383
32.744303
32.780644
32.687882
32.705644
32.731277
32.078091
32.116677
32.113472
32.122659
32.119692
32.080037
32.232639
32.174176
32.178407
31.982884
32.00147
31.99845
32.007072
32.004321
31.985466
32.055304
32.031123
32.033323
31.937825
31.949964
31.944512
31.960931
31.955446
31.943533
31.978579
31.97097
31.975252
31.919416
31.925751
31.916023
31.946013
31.936135
31.930205
31.941754
31.945034
31.953817
31.917072
31.918615
31.902733
31.953207
31.936186
31.934041
31.930851
31.939154
31.952887
31.927261
31.927286
31.902488
31.978365
31.951534
31.956337
31.946081
31.947782
31.976223
31.952785
31.943834
31.907145
32.027257
31.986083
32.000647
31.970647
31.978987
32.020056
31.976749
31.961538
31.906742
32.095599
32.025881
32.053153
32.013455
32.011059
32.071634
32.007638
31.990236
31.90914
32.188209
32.079762
32.121741
32.059423
32.061616
32.150127
32.031294
31.93358
31.85676
32.146747
32.03539
32.144366
32.051761
32.082529
32.212091
32.077246
32.040411
31.906927
32.320452
32.14458
32.132689
32.109529
32.135384
32.319364
31.893594
31.880563
31.805942
32.103766
32.054036
32.055099
32.110123
31.983045
32.080062
32.134323
32.096232
31.993766
32.369955
32.226782
32.25003
32.14149
32.18912
32.285708
32.182431
32.1714
32.064922
32.398366
32.252352
32.271473
32.246845
32.240555
32.39401
32.268406
32.245514
32.170152
32.413071
32.320563
32.339159
32.284292
32.300795
32.406422
32.364428
32.338202
32.280439
32.468298
32.40033
32.421099
32.367973
32.389723
32.462352
32.477032
32.441412
32.395565
32.540428
32.490105
32.519594
32.45594
32.480075
32.534805
32.592755
32.553956
32.517747
32.632417
32.592728
32.627793
32.560543
32.584278
32.626696
32.712109
32.665962
32.634975
32.728623
32.696983
32.739909
32.668902
32.688092
32.722947
32.850504
32.824609
32.793512
32.872342
32.840748
32.87088
32.792841
32.81141
32.837608
32.085137
32.127857
32.125357
32.132205
32.130111
32.086298
32.24316
32.185996
32.188876
31.992558
32.012031
32.009648
32.016318
32.014214
31.994645
32.059506
32.038742
32.040156
31.960802
31.97192
31.966443
31.982615
31.977321
31.966521
31.988605
31.987097
31.990608
31.965619
31.965593
31.956138
31.987258
31.976317
31.977128
31.9688
31.980504
31.988843
31.995046
31.98958
31.970479
32.032489
32.01051
32.016752
31.986391
32.000557
32.016201
32.053515
32.048188
32.012662
32.120324
32.084237
32.094717
32.036374
32.055655
32.085403
32.159035
32.12709
32.077379
32.251775
32.190792
32.223776
32.12766
32.165617
32.218375
32.318305
32.262795
32.176182
32.476053
32.363356
32.442862
32.287908
32.33105
32.427348
32.527054
32.452471
32.308296
32.802919
32.613759
32.733398
32.511664
32.553618
32.7136
32.68848
32.450138
32.287236
32.897306
32.649029
32.919853
32.743829
32.779497
33.033581
32.740964
32.731688
32.456517
33.225232
32.880607
33.040787
32.92884
33.043429
33.423341
32.450356
32.42746
32.34943
32.910579
32.772003
32.840112
33.02674
32.688719
32.871673
32.786154
32.764563
32.521923
33.296006
32.940663
32.940798
32.960892
32.923344
33.262033
32.652937
32.689009
32.499413
33.056545
32.825565
32.800592
32.914815
32.863491
33.113511
32.608339
32.618708
32.50648
32.868891
32.733793
32.720242
32.776767
32.74943
32.903745
32.618354
32.62202
32.540675
32.797457
32.704782
32.698685
32.721241
32.717727
32.821005
32.669731
32.651359
32.594933
32.778844
32.713358
32.721858
32.717525
32.719458
32.787377
32.739604
32.715969
32.673756
32.802742
32.758081
32.778953
32.748179
32.76339
32.812424
32.82559
32.793348
32.760658
32.861163
32.827117
32.855239
32.814518
32.830027
32.869226
32.937785
32.920252
32.889487
32.968387
32.936852
32.957428
32.901866
32.919437
32.946374
32.088933
32.135404
32.133969
32.137432
32.136556
32.089289
32.248485
32.19249
32.193775
32.000134
32.019729
32.018245
32.021617
32.02083
32.001389
32.060624
32.042227
32.042146
31.983913
31.992746
31.987802
32.001704
31.997462
31.990146
31.995768
31.999743
32.00218
32.017422
32.008006
31.997688
32.028958
32.018357
32.031415
31.996547
32.015189
32.023932
32.090774
32.076473
32.054116
32.122441
32.098835
32.116655
32.044449
32.066916
32.084842
32.228032
32.198907
32.158577
32.285982
32.241137
32.278821
32.149953
32.187126
32.223844
32.464117
32.395005
32.324592
32.56164
32.480571
32.564476
32.336093
32.412101
32.480059
32.859188
32.737755
32.611001
33.067357
32.905366
33.04113
32.661741
32.773862
32.905838
33.450432
33.265353
33.018081
33.899319
33.559787
33.82001
33.234253
33.423071
33.701264
34.022215
33.591864
33.203443
34.619214
34.027831
34.507673
34.003263
34.204826
34.683076
34.503399
34.29809
33.713665
35.796825
34.999029
34.956346
34.811605
34.952069
35.860257
33.606231
33.667974
33.422667
34.727905
34.409904
34.284053
35.186348
34.318575
34.719617
33.946499
34.012538
33.519433
34.973913
34.320753
34.228246
34.416199
34.389909
35.097811
33.40666
33.523065
33.250863
34.119214
33.793513
33.657124
34.103315
33.956603
34.296199
33.103274
33.169684
33.010921
33.537342
33.344341
33.271596
33.548977
33.433049
33.660333
32.972746
32.997707
32.89391
33.232613
33.112914
33.070057
33.204868
33.172887
33.301699
32.891837
32.921962
32.848805
33.074948
32.996471
32.95142
33.044196
33.015079
33.103618
32.909321
32.895792
32.847466
32.995996
32.944244
32.953753
32.975535
32.97068
33.029534
32.945718
32.932667
32.896944
33.004881
32.968572
32.978427
32.973552
32.981819
33.021329
33.019291
33.017729
32.986522
33.067929
33.035983
33.039331
33.014095
33.029388
33.057098
32.088913
32.138132
32.137979
32.137338
32.137931
32.08815
32.248283
32.192909
32.192449
32.003548
32.022176
32.022072
32.021255
32.021907
32.003712
32.056726
32.039692
32.038106
32.008085
32.009252
32.005699
32.015927
32.012751
32.013199
31.998062
32.007591
32.008444
32.071028
32.052056
32.040679
32.07386
32.063525
32.084334
32.020918
32.045376
32.051586
32.201791
32.170252
32.1455
32.219074
32.193701
32.230451
32.10838
32.141468
32.161091
32.445663
32.37964
32.331688
32.480329
32.430097
32.509293
32.282104
32.343462
32.385761
32.889311
32.753311
32.660854
32.970953
32.866156
33.025039
32.605283
32.728686
32.813225
33.71502
33.453681
33.263694
33.92294
33.690451
34.004412
33.210272
33.427562
33.618605
35.142343
34.738709
34.311661
35.667494
35.200414
35.801361
34.312077
34.720965
35.142254
36.874045
36.213131
35.271428
38.479845
37.221405
37.939668
36.376408
37.009786
38.001157
38.05925
37.980466
36.773664
41.019908
39.35747
39.397185
38.707947
39.215648
40.833597
36.39358
36.505784
35.748284
39.001025
37.757005
37.409606
39.613143
37.962502
38.874448
35.91806
36.261084
35.415266
37.957541
36.913852
36.558612
37.407217
37.223175
38.407852
34.610908
34.880013
34.482941
35.853892
35.354908
34.971807
36.114633
35.745532
36.292112
33.82668
33.984813
33.744252
34.483745
34.210423
34.056211
34.718798
34.459709
34.768866
33.388118
33.51014
33.36843
33.809093
33.657238
33.513013
33.841793
33.752746
33.922895
33.159318
33.245413
33.15763
33.43344
33.335863
33.237518
33.449981
33.395611
33.498527
33.091049
33.103628
33.047786
33.222325
33.162182
33.138679
33.237754
33.217005
33.282715
33.08134
33.080026
33.042327
33.154815
33.117036
33.114403
33.149865
33.146399
33.188268
33.097226
33.118889
33.087558
33.170005
33.138311
33.117047
33.132875
33.139728
33.167134
32.084081
32.134988
32.136384
32.131036
32.133236
32.082034
32.242265
32.186697
32.184457
32.002125
32.018727
32.020195
32.014512
32.016835
32.000883
32.047604
32.03099
32.027796
32.026627
32.020916
32.018589
32.024307
32.022908
32.030247
31.994951
32.008965
32.008322
32.124496
32.093669
32.0841
32.112065
32.102768
32.137284
32.042244
32.070183
32.075771
32.32371
32.267444
32.242622
32.315569
32.291784
32.354719
32.17194
32.218285
32.237544
32.703782
32.589801
32.536915
32.705241
32.649612
32.780563
32.429603
32.522158
32.565566
33.456002
33.215187
33.096891
33.486333
33.354134
33.627765
32.932955
33.123112
33.229028
34.98133
34.484493
34.207482
35.144577
34.818588
35.39739
33.943837
34.335402
34.592246
37.957016
37.034178
36.33688
38.74387
37.875768
39.094931
36.072803
36.873566
37.55385
42.294134
41.540044
39.811047
45.646337
43.342916
44.543223
40.452188
42.066196
43.605581
44.890559
45.531583
43.036614
52.575422
48.649063
48.424901
45.847331
47.503681
51.079093
41.837692
42.425798
40.621162
47.308236
44.602223
43.665131
48.524115
45.126783
47.533171
39.35349
40.16533
38.897742
43.005654
41.444771
40.574747
42.960675
42.227025
44.091471
36.484615
37.034071
36.456883
38.468385
37.715262
37.024416
39.482395
38.563278
39.533729
34.800797
35.0816
34.776069
35.788744
35.426916
35.091551
36.431112
35.875817
36.301021
33.932943
34.143685
33.97129
34.510068
34.322599
34.091814
34.732267
34.508485
34.724634
33.497184
33.633466
33.531424
33.842273
33.736344
33.588036
33.954302
33.834597
33.952337
33.288362
33.344789
33.283057
33.47208
33.408358
33.340568
33.532574
33.483527
33.553145
33.210726
33.229801
33.191976
33.303835
33.267299
33.241763
33.327251
33.314369
33.358523
33.167927
33.220486
33.190145
33.269258
33.239969
33.188072
33.253613
33.248498
33.274835
32.073919
32.125499
32.128514
32.118104
32.122058
32.070439
32.230742
32.173813
32.169761
31.994807
32.008525
32.011746
32.000698
32.004839
31.991883
32.033019
32.015807
32.010977
32.038693
32.025533
32.02519
32.024476
32.025349
32.04046
31.985839
32.003337
32.000588
32.173046
32.128739
32.12008
32.143035
32.135691
32.185746
32.05661
32.0898
32.093445
32.449571
32.363396
32.34062
32.411202
32.386994
32.478419
32.232965
32.292542
32.309964
33.001115
32.825704
32.763894
32.947502
32.882101
33.076835
32.583337
32.706703
32.759703
34.168967
33.738559
33.637065
33.997202
33.900223
34.369597
33.308114
33.583774
33.6974
36.792614
35.908776
35.530908
36.723381
36.347879
37.368895
34.88229
35.518182
35.82371
42.98645
40.993107
39.850376
43.726997
42.332375
44.691248
38.631805
40.246998
41.275441
53.936217
50.868007
47.887901
59.016124
53.959533
57.797532
47.433681
50.834921
53.798431
63.457562
65.380513
57.940013
98.795295
76.315617
76.304175
63.661007
69.729456
82.866134
52.714748
55.123379
50.398866
68.642721
59.946128
56.365097
71.070802
64.663966
75.80201
44.974189
46.665427
44.652524
51.283339
48.763651
46.843263
53.420373
50.995815
54.049754
39.12699
40.247105
39.305953
42.380054
41.271058
39.937543
44.891032
43.00365
44.422645
36.066612
36.600097
36.189288
37.503205
37.041922
36.419129
38.808258
37.824721
38.376463
34.595236
34.906287
34.700386
35.333837
35.110882
34.775597
35.850905
35.439693
35.695918
33.873776
34.061299
33.95183
34.289449
34.176324
33.97449
34.529171
34.327286
34.459949
33.506131
33.602849
33.537699
33.735139
33.669248
33.562242
33.853464
33.76684
33.839544
33.337925
33.378397
33.340516
33.455319
33.416968
33.369735
33.510939
33.484635
33.526601
33.235998
33.31638
33.288754
33.360958
33.334727
33.255621
33.366546
33.350701
33.374924
32.05765
32.108973
32.113796
32.0981
32.103782
32.05263
32.213509
32.154254
32.14856
31.980569
31.991084
31.996134
31.979669
31.985615
31.975943
32.012715
31.994195
31.987788
32.041996
32.021103
32.023292
32.015419
32.018986
32.041666
31.970472
31.989655
31.984748
32.214885
32.154773
32.148711
32.164144
32.158711
32.223895
32.06458
32.10202
32.103789
32.574056
32.457223
32.429638
32.49461
32.472197
32.588395
32.284792
32.355937
32.376829
33.314195
33.068184
33.005171
33.191741
33.126164
33.379925
32.731455
32.902429
32.944165
34.767979
34.22633
34.146221
34.341866
34.308338
34.864889
33.683064
33.974817
34.010813
38.945919
37.382954
37.200198
37.779224
37.730104
39.405001
35.547955
36.482671
36.523301
50.942441
46.967146
45.333058
49.392443
48.821017
53.536746
41.698722
44.831574
45.166247
53.577171
57.198741
54.019816
65.167317
60.891527
56.418173
77.235314
67.748653
73.908049
42.748732
44.838025
43.593013
47.607828
46.203335
43.826978
52.675742
49.203739
51.028333
37.602665
38.49464
37.981902
39.559712
39.007605
38.028153
41.837822
40.253184
40.94747
35.357459
35.78839
35.553832
36.267959
36.024627
35.55444
37.168276
36.526099
36.812936
34.282752
34.525778
34.408093
34.769686
34.646661
34.388364
35.175185
34.874555
35.014647
33.734563
33.867761
33.801589
34.000577
33.934213
33.791195
34.196286
34.060843
34.13629
33.461752
33.531674
33.493655
33.606096
33.568931
33.491707
33.700875
33.65111
33.692321
33.300408
33.402878
33.378672
33.442252
33.419604
33.318476
33.467538
33.442448
33.463796
32.035218
32.085604
32.09209
32.071464
32.078751
32.028642
32.191382
32.128771
32.121642
31.959166
31.966453
31.973268
31.951624
31.95913
31.952668
31.986803
31.966315
31.958499
32.037169
32.007425
32.012223
31.996983
32.002888
32.032795
31.948271
31.967696
31.961131
32.246982
32.170906
32.165798
32.155029
32.162309
32.246528
32.063876
32.105815
32.104474
32.605349
32.539374
32.513518
32.585038
32.567105
32.673537
32.346326
32.421071
32.439195
33.512373
33.320057
33.246883
33.448821
33.4062
33.658223
32.856114
33.130104
33.155448
35.383304
34.678854
34.380095
34.96934
34.807653
35.533497
33.843614
34.344458
34.457685
40.75907
38.697511
37.867849
39.493918
39.066663
41.282566
36.368287
37.461452
37.773925
60.547928
53.066475
50.341584
56.594286
54.71853
63.430338
44.318976
48.618728
49.847844
66.601928
75.784303
70.071857
89.001392
82.078012
70.563087
144.25606
102.69536
115.1197
47.235323
50.635538
49.082532
53.775418
52.182121
48.464241
62.869971
56.9436
59.12916
39.369934
40.684563
40.115111
41.857739
41.277895
39.846339
45.462618
43.110911
43.876103
36.179942
36.763882
36.516404
37.270164
37.018851
36.395585
38.646404
37.718329
38.027677
34.707352
35.015815
34.890806
35.263122
35.136898
34.816282
35.869539
35.453118
35.594383
33.96015
34.131405
34.066527
34.259611
34.196598
34.014293
34.549356
34.35964
34.433154
33.580538
33.677802
33.64204
33.746539
33.71236
33.608754
33.88581
33.810419
33.848346
33.359453
33.477849
33.457868
33.509563
33.491564
33.375111
33.559429
33.524136
33.542675
32.006715
32.055888
32.063882
32.03894
32.047602
31.998694
32.165219
32.098174
32.089895
31.930715
31.935208
31.943436
31.917238
31.926298
31.922417
31.955649
31.932922
31.923783
32.020455
31.983708
31.991212
31.975946
31.97768
32.02355
31.920074
31.938842
31.931279
32.278
32.159697
32.163074
32.159575
32.159841
32.271979
32.052706
32.107995
32.103853
32.74942
32.603481
32.595271
32.627488
32.628879
32.769276
32.366006
32.466628
32.479227
33.853198
33.552875
33.499154
33.626576
33.590949
33.929
32.978787
33.223663
33.254585
36.127255
35.295473
35.143819
35.594234
35.443786
36.319369
34.227771
34.791725
34.908018
43.231954
40.467391
39.991168
41.364086
40.926546
43.866186
37.401159
38.837613
39.16546
73.115278
60.586202
58.655751
64.12224
62.419011
76.043084
47.903733
53.803497
54.973584
52.080431
56.941333
55.386639
59.713101
58.309733
53.394196
74.151374
65.230867
67.521509
41.259515
43.05587
42.466427
44.235518
43.665742
41.746296
49.232244
46.141918
46.829151
37.027917
37.780057
37.528988
38.285188
38.035602
37.245164
40.17852
38.944219
39.268291
35.130741
35.508587
35.38432
35.749456
35.630276
35.238467
36.573115
36.033235
36.177599
34.175665
34.384652
34.324557
34.505834
34.449238
34.22642
34.897919
34.648746
34.720992
33.689911
33.811802
33.779499
33.872969
33.842731
33.715661
34.057865
33.955929
33.989122
33.405136
33.538243
33.522286
33.563346
33.549416
33.418849
33.642059
33.593255
33.608586
31.972653
32.020779
32.030031
32.001528
32.011297
31.963345
32.136057
32.063599
32.054496
31.895355
31.897962
31.907754
31.877611
31.887599
31.885186
31.919685
31.894596
31.884292
32.002772
31.956963
31.967524
31.937551
31.94755
31.992683
31.882562
31.90332
31.891663
32.266611
32.15359
32.159037
32.142816
32.147524
32.267114
32.036295
32.087746
32.08589
32.83156
32.636755
32.628815
32.651189
32.645417
32.849955
32.379461
32.500353
32.501762
34.123645
33.705661
33.665999
33.781138
33.744458
34.181342
33.076765
33.34946
33.379798
36.856631
35.865269
35.734277
36.10043
35.987359
37.013538
34.568055
35.211104
35.297634
45.560949
42.164639
41.777371
42.864047
42.527033
46.049665
38.316766
40.043194
40.298928
83.425357
67.168088
65.700133
69.95933
68.585431
85.647234
50.885509
57.955078
58.773573
56.208341
61.95532
60.725043
64.457072
62.748333
57.002597
85.026092
72.182813
74.184389
43.150628
45.359055
44.852413
46.59164
45.938895
43.557442
52.954504
48.680297
49.516083
37.86134
38.757448
38.537177
39.133611
38.982026
38.082155
41.650529
40.162464
40.449469
35.543633
35.983489
35.871749
36.207176
36.10606
35.635562
37.248725
36.587254
36.720221
34.375554
34.623273
34.568298
34.736161
34.679836
34.422073
35.227297
34.917855
34.9886
33.786251
33.9295
33.901416
33.981031
33.955184
33.808687
34.211732
34.083798
34.111506
33.449935
33.584972
33.573053
33.60337
33.593312
33.460435
33.711312
33.648671
33.66035
31.933808
31.981391
31.99158
31.960497
31.971074
31.923512
32.105019
32.026321
32.016701
31.854756
31.855557
31.867473
31.835006
31.845778
31.844801
31.879686
31.852547
31.841162
31.96568
31.915965
31.924798
31.890981
31.903744
31.956871
31.844984
31.865482
31.854088
32.254443
32.134803
32.139651
32.122174
32.128871
32.247469
32.009376
32.063579
32.055495
32.893303
32.663063
32.657731
32.67015
32.667198
32.904127
32.377123
32.510162
32.510388
34.32147
33.844187
33.814618
33.894958
33.871141
34.359331
33.16331
33.453484
33.471874
37.418978
36.301109
36.204988
36.471042
36.389782
37.533947
34.823863
35.519135
35.582217
47.293154
43.465968
43.176911
43.978056
43.732805
47.63664
39.020511
40.962253
41.149336
60.035905
66.664183
65.55534
68.786817
67.767172
60.98235
92.424885
78.63794
79.8165
44.97752
47.484977
47.195809
48.347108
47.819887
45.391956
55.931422
51.279988
51.879155
38.711642
39.57491
39.285772
40.117094
39.829028
38.88058
43.050049
41.39577
41.552063
35.910111
36.386998
36.331713
36.595305
36.451889
36.021624
37.939911
37.086678
37.243552
34.555418
34.841008
34.784651
34.933459
34.885454
34.595606
35.533394
35.158799
35.199401
33.866218
34.027436
34.003759
34.06795
34.047235
33.884208
34.346994
34.189893
34.212874
33.484551
33.618102
33.610262
33.629527
33.623736
33.491522
33.765932
33.689233
33.697013
31.891393
31.939038
31.949894
31.917156
31.928182
31.880304
32.073195
31.987566
31.977781
31.811258
31.810958
31.82229
31.786601
31.798952
31.79839
31.835897
31.807586
31.796573
31.923682
31.869608
31.882917
31.847104
31.85785
31.911783
31.800238
31.816847
31.805349
32.226919
32.108336
32.11542
32.093832
32.101283
32.220149
31.969231
32.028842
32.019526
32.923025
32.67145
32.671472
32.669323
32.670974
32.925407
32.361745
32.50373
32.499648
34.454998
33.933776
33.915629
33.961897
33.948908
34.482086
33.201944
33.509696
33.517996
37.830333
36.614324
36.545942
36.734415
36.677535
37.912435
35.00753
35.745561
35.790719
48.484305
44.408099
44.202669
44.763383
44.595981
48.708948
39.536504
41.61829
41.746601
63.406954
70.714134
69.790616
72.351215
71.566092
64.072787
98.112602
82.994077
83.827119
46.261858
49.116052
48.70098
49.897856
49.530611
46.585099
58.322206
53.49616
53.921597
39.383484
40.520647
40.327144
40.899555
40.719555
39.581045
44.139464
42.207721
42.409122
36.205046
36.815541
36.700651
36.964628
36.901907
36.329794
38.482581
37.534273
37.648182
34.701152
35.026405
34.978837
35.111191
35.078881
34.736607
35.785047
35.351931
35.386728
33.927226
34.101832
34.087028
34.134507
34.122376
33.939681
34.455751
34.265988
34.301904
33.505455
33.636816
33.633439
33.641214
33.639567
33.508397
33.805507
33.714259
33.718877
31.846041
31.895082
31.90621
31.872946
31.884021
31.834206
32.041656
31.94854
31.938812
31.761066
31.760712
31.773977
31.735023
31.748109
31.749081
31.790755
31.760849
31.74936
31.876572
31.822749
31.834895
31.797608
31.810264
31.864493
31.752018
31.768981
31.75673
32.198139
32.077397
32.085873
32.059123
32.068448
32.18992
31.923591
31.989581
31.978901
32.925205
32.664908
32.667387
32.657612
32.661765
32.922673
32.333372
32.48365
32.47715
34.545731
33.979469
33.971716
33.989422
33.985413
34.561078
33.210579
33.534127
33.536524
38.117299
36.834268
36.787718
36.914216
36.876713
38.17207
35.137918
35.90433
35.933891
49.250525
45.052113
44.915429
45.283119
45.174663
49.391725
39.892709
42.054361
42.135223
65.820386
73.69993
73.060045
74.781108
74.270645
66.326453
101.14368
85.768208
86.235904
47.436002
50.549109
50.231942
51.121141
50.8407
47.701394
60.218838
55.059865
55.396658
39.967361
41.23342
41.070025
41.528641
41.384941
40.094602
45.161464
43.036402
43.219026
36.531811
37.13928
37.038326
37.300078
37.221683
36.596453
38.952818
37.938114
38.026821
34.846714
35.184882
35.148559
35.228848
35.204599
34.874845
36.021609
35.52563
35.560506
33.961735
34.159283
34.145618
34.190237
34.171234
33.962481
34.583277
34.366046
34.36861
33.51309
33.641782
33.642188
33.639217
33.641803
33.513016
33.82235
33.726078
33.724253
31.799468
31.850859
31.861817
31.829655
31.839821
31.788278
32.011366
31.910283
31.901075
31.711039
31.710298
31.722196
31.686742
31.69902
31.698354
31.744801
31.713215
31.701435
31.827832
31.772157
31.78487
31.74642
31.759292
31.815384
31.702411
31.718702
31.705755
32.162295
32.039322
32.049361
32.018249
32.028882
32.15203
31.876423
31.945146
31.933446
32.910069
32.647215
32.652793
32.634329
32.641048
32.904506
32.297258
32.454575
32.446123
34.590573
33.99327
33.992176
33.991738
33.993291
34.595069
33.202882
33.536465
33.534034
38.300376
36.977112
36.947868
37.024528
37.002719
38.332566
35.213708
36.00062
36.016332
49.722677
45.462352
45.378757
45.597895
45.535047
49.806192
40.116348
42.321581
42.368039
67.549671
75.60596
75.218697
76.26869
75.948233
67.865012
102.52936
87.302374
87.575331
48.421009
51.649578
51.392568
52.09956
51.886867
48.625913
61.542062
56.214658
56.423282
40.44457
41.796949
41.665403
42.04217
41.92302
40.546492
45.989835
43.694489
43.830526
36.76045
37.440701
37.374303
37.564197
37.503489
36.807162
39.325687
38.247292
38.319389
34.921594
35.294514
35.264441
35.341142
35.319914
34.945751
36.213088
35.661194
35.687357
33.984031
34.204287
34.196587
34.203775
34.209011
33.993607
34.627207
34.385017
34.395868
33.507384
33.630732
33.637527
33.620402
33.624101
33.504779
33.830354
33.7159
33.717643
31.754169
31.808862
31.818936
31.787661
31.798824
31.742785
31.983422
31.874749
31.866244
31.659121
31.661642
31.674146
31.636775
31.649273
31.646197
31.698165
31.666041
31.65389
31.777297
31.720734
31.733583
31.694843
31.707819
31.764332
31.650797
31.668122
31.655578
32.118622
31.996167
32.007298
31.973215
31.984777
32.106787
31.8268
31.897415
31.885194
32.884553
32.619349
32.627065
32.602455
32.611099
32.876756
32.254189
32.417964
32.407677
34.595145
33.985191
33.989235
33.973899
33.980234
34.591493
33.179365
33.519653
33.512724
38.401677
37.058233
37.042961
37.079465
37.07028
38.416382
35.242956
36.046197
36.050791
49.996735
45.695016
45.650646
45.756632
45.729762
50.039481
40.234661
42.464606
42.484556
125.21456
161.69271
162.25554
160.18893
160.98655
125.0251
326.79016
222.69757
220.85647
68.660449
76.794781
76.546102
77.174489
76.998696
68.871916
102.95773
88.150333
88.259866
49.139361
52.464433
52.292142
52.752085
52.613714
49.281862
62.350426
56.932887
57.08134
40.835103
42.256516
42.153402
42.439906
42.352047
40.920637
46.575113
44.181251
44.277627
36.947794
37.678243
37.622147
37.779458
37.730603
36.992742
39.619615
38.529629
38.590395
35.001946
35.37535
35.358355
35.411724
35.393538
35.01788
36.338461
35.774357
35.801651
33.997977
34.205741
34.202612
34.210562
34.208429
33.996277
34.669367
34.415744
34.418074
33.495948
33.615693
33.617054
33.606484
33.611469
33.486465
33.822896
33.704678
33.697657
31.708692
31.768015
31.778172
31.748404
31.75784
31.69714
31.957477
31.841503
31.833738
31.607932
31.61139
31.623997
31.587335
31.599129
31.595417
31.651854
31.618063
31.606372
31.724781
31.66865
31.681762
31.642447
31.65552
31.711532
31.600411
31.617672
31.605059
32.069937
31.949476
31.961414
31.925137
31.937365
32.057373
31.775398
31.848167
31.835713
32.849866
32.583717
32.593261
32.563281
32.573656
32.839769
32.205775
32.374547
32.362921
34.57146
33.958359
33.966729
33.939225
33.949331
34.562063
33.142869
33.486752
33.476752
38.438369
37.08929
37.08564
37.088455
37.090023
38.438721
35.235184
36.050197
36.045623
50.109165
45.785108
45.774403
45.782551
45.787082
50.111507
40.265061
42.508109
42.505616
124.09676
158.28777
159.26533
156.1828
157.24215
123.7136
308.84327
214.5921
212.35073
69.344893
77.424355
77.31144
77.554796
77.503298
69.447955
102.7103
88.373832
88.346646
49.651373
52.994525
52.878393
53.19701
53.099674
49.759059
62.828249
57.455444
57.555496
41.12949
42.599301
42.522162
42.738894
42.671276
41.186263
46.944191
44.517863
44.586002
37.106052
37.864269
37.823708
37.933293
37.900247
37.13593
39.844722
38.736207
38.774974
35.058453
35.44309
35.428617
35.467015
35.456088
35.069161
36.433997
35.870183
35.888832
33.998075
34.211041
34.211727
34.211207
34.211037
33.996107
34.705252
34.425906
34.427853
33.468253
33.587691
33.597028
33.571187
33.57889
33.461945
33.807368
33.679254
33.672936
31.66495
31.730024
31.739067
31.712036
31.720789
31.654169
31.936261
31.812908
31.805177
31.558841
31.563841
31.575573
31.540485
31.552148
31.546618
31.605249
31.571525
31.560231
31.672136
31.616558
31.629445
31.591237
31.603825
31.659185
31.550631
31.567794
31.555618
32.019294
31.900374
31.912786
31.875457
31.887919
32.006567
31.723972
31.798057
31.785465
32.806586
32.541274
32.552423
32.51795
32.52973
32.794648
32.154844
32.326847
32.314538
34.52665
33.917085
33.928585
33.892559
33.905187
34.512802
33.097141
33.443637
33.431821
38.421835
37.077542
37.083996
37.057676
37.06852
38.410659
35.198324
36.020468
36.00864
50.068667
45.753176
45.770559
45.701211
45.729473
50.038304
40.224914
42.469911
42.450344
122.40743
154.06686
155.11642
151.96886
153.00997
121.91214
290.76023
205.54601
203.30747
69.61219
77.58458
77.580448
77.538622
77.567357
69.628644
101.95994
88.137056
88.032278
50.03039
53.365583
53.285878
53.500821
53.437507
50.102325
63.033355
57.771839
57.820619
41.32893
42.859951
42.800881
42.965519
42.914537
41.369241
47.212601
44.773022
44.829235
37.207329
37.990118
37.962682
38.037385
38.014621
37.227089
39.999613
38.872168
38.899252
35.092136
35.484622
35.476473
35.49662
35.49118
35.09678
36.500493
35.931204
35.941431
33.988189
34.210067
34.210841
34.20475
34.20799
33.98486
34.719934
34.428188
34.426244
33.43438
33.55434
33.562974
33.536227
33.545254
33.425425
33.787195
33.651848
33.64477
31.624943
31.694999
31.703951
31.679269
31.686004
31.614842
31.919674
31.787438
31.782714
31.510186
31.517235
31.528824
31.494119
31.505683
31.498212
31.56265
31.527552
31.516585
31.620873
31.566459
31.578795
31.542038
31.55422
31.608207
31.502236
31.519711
31.507852
31.968518
31.850519
31.862986
31.825597
31.838059
31.955863
31.672983
31.747674
31.73508
32.756728
32.493589
32.505869
32.468341
32.481056
32.743476
32.103563
32.276915
32.264149
34.466534
33.866279
33.879683
33.838465
33.852593
34.450047
33.045265
33.394193
33.380965
38.363699
37.029711
37.044487
36.994798
37.012987
38.344141
35.13979
35.964485
35.947182
49.912447
45.632679
45.668805
45.55366
45.593863
49.864189
40.135312
42.374392
42.344975
120.31592
149.8296
150.89367
147.66474
148.74787
119.72506
273.35094
196.55431
194.33514
69.602112
77.428211
77.489212
77.274864
77.355425
69.57419
100.8524
87.632686
87.470021
50.269806
53.604104
53.556582
53.673375
53.642781
50.309542
63.083724
57.912852
57.9283
41.475095
43.055199
43.012024
43.128749
43.094211
41.504886
47.398126
44.979754
45.0214
37.279841
38.07753
38.058281
38.111517
38.095208
37.295537
40.103414
38.96826
38.988147
35.103395
35.505194
35.50122
35.512602
35.50899
35.104099
36.549893
35.965655
35.972578
33.969631
34.195283
34.200352
34.183792
34.189549
33.962999
34.716777
34.416645
34.413002
33.398813
33.517597
33.526868
33.498024
33.507649
33.389511
33.763174
33.621978
33.614032
31.586994
31.664606
31.67321
31.650337
31.656631
31.577558
31.90656
31.765576
31.759107
31.462584
31.471
31.482567
31.447889
31.459434
31.450775
31.521338
31.482709
31.471138
31.570427
31.517851
31.52992
31.49383
31.505816
31.557907
31.45498
31.472452
31.460702
31.918034
31.800742
31.813156
31.775937
31.788332
31.90546
31.622275
31.697455
31.684949
32.702329
32.442462
32.455463
32.416074
32.429322
32.688247
32.052306
32.225367
32.212289
34.398431
33.809447
33.824119
33.7794
33.794525
34.380675
32.988886
33.339567
33.325313
38.276615
36.954422
36.975193
36.909202
36.932382
38.25162
35.067343
35.889693
35.868714
49.709639
45.466778
45.509985
45.373221
45.420263
49.652854
40.017083
42.248225
42.2137
117.9396
145.47018
146.56912
143.28172
144.3736
117.36092
256.87944
187.76676
185.64185
69.451095
77.082227
77.183907
76.854525
76.973053
69.397243
99.535818
86.919684
86.714081
50.390025
53.71519
53.696266
53.732589
53.725037
50.405519
63.034795
57.950686
57.94684
41.576456
43.186093
43.158988
43.226678
43.208299
41.594514
47.505079
45.119459
45.142321
37.336528
38.140052
38.126585
38.16201
38.151759
37.348315
40.176088
39.037249
39.050784
35.104146
35.518753
35.515854
35.523666
35.52151
35.103504
36.58618
35.989813
35.994274
33.941547
34.171845
34.177766
34.16057
34.166181
33.934488
34.707414
34.401968
34.398322
33.362843
33.47824
33.48796
33.458719
33.468179
33.35343
33.732332
33.588929
33.580547
31.550318
31.633779
31.641655
31.62402
31.62924
31.542796
31.893331
31.748018
31.746196
31.415958
31.425438
31.436567
31.403724
31.414482
31.404654
31.478063
31.437021
31.426006
31.520638
31.470003
31.481885
31.446495
31.458199
31.508352
31.408579
31.425869
31.414449
31.867794
31.751178
31.763548
31.726509
31.738825
31.855268
31.572149
31.647622
31.635256
32.6453
32.389309
32.402736
32.362278
32.375813
32.630815
32.000939
32.172722
32.159464
34.326132
33.748528
33.764031
33.716972
33.732792
34.307652
32.929866
33.281467
33.266567
38.16946
36.859656
36.884925
36.80667
36.83376
38.140605
34.986143
35.801568
35.778073
49.470068
45.273754
45.325417
45.167505
45.221213
49.404434
39.880266
42.100058
42.059308
115.59136
141.11689
142.18655
139.00269
140.05174
115.01105
241.59637
179.5108
177.5367
69.20195
76.593338
76.727892
76.314762
76.455352
69.12542
98.153194
86.055013
85.824717
50.429231
53.731913
53.734083
53.717469
53.725307
50.429805
62.913234
57.906692
57.885267
41.631991
43.253143
43.241426
43.266404
43.261139
41.639209
47.54616
45.187462
45.195688
37.374695
38.178347
38.170768
38.190213
38.184923
37.381064
40.221481
39.083402
39.091358
35.098343
35.526363
35.525373
35.527298
35.526958
35.095873
36.608164
36.005019
36.007361
33.914578
34.149725
34.155182
34.138987
34.14441
33.908345
34.695192
34.387151
34.383209
33.326432
33.439617
33.448873
33.421302
33.430047
33.316904
33.701668
33.555422
33.547397
31.515654
31.612845
31.616801
31.608026
31.607563
31.507249
31.882277
31.732725
31.729963
31.371872
31.382796
31.393189
31.362611
31.372624
31.361329
31.439175
31.395274
31.385703
31.472129
31.423429
31.434918
31.400818
31.412072
31.460321
31.364138
31.380938
31.369956
31.817864
31.702031
31.714247
31.677773
31.689879
31.805484
31.523208
31.598586
31.586507
32.587184
32.335103
32.348702
32.30785
32.321484
32.572618
31.949608
32.119636
32.106338
34.251387
33.68482
33.700918
33.652091
33.668481
34.23238
32.869757
33.221314
33.206021
38.049481
36.751506
36.779703
36.696473
36.723747
38.017218
34.900395
35.705317
35.680493
49.193588
45.056928
45.112785
44.942642
45.000034
49.120284
39.731809
41.932229
41.888329
113.27217
136.9622
137.97501
135.00113
135.96822
112.70641
227.83756
171.9277
170.15015
68.871721
76.023107
76.169931
75.724106
75.874084
68.777771
96.709893
85.111059
84.871068
50.414701
53.692367
53.705531
53.65619
53.675141
50.403006
62.713076
57.792569
57.755026
41.649085
43.271399
43.270129
43.27076
43.272084
41.649769
47.537728
45.204363
45.20246
37.393496
38.198053
38.194598
38.202374
38.200889
37.396152
40.237825
39.10674
39.109023
35.087466
35.526488
35.527051
35.524369
35.525583
35.084758
36.618984
36.01109
36.011209
33.890259
34.127937
34.13348
34.11675
34.122316
33.884294
34.680681
34.371138
34.367203
33.291107
33.40366
33.412056
33.386916
33.394799
33.282682
33.674037
33.523749
33.516361
31.487418
31.599486
31.607383
31.590119
31.594577
31.480553
31.884113
31.725126
31.722324
31.330462
31.342997
31.352789
31.323717
31.333372
31.320362
31.404939
31.358787
31.35009
31.425513
31.378607
31.389679
31.356728
31.367656
31.41415
31.321662
31.337576
31.326844
31.768593
31.653784
31.665767
31.630038
31.641915
31.756422
31.475812
31.550749
31.538905
32.529012
32.280596
32.294219
32.253384
32.266992
32.514541
31.898618
32.066605
32.053414
34.174961
33.618844
33.635476
33.585164
33.601995
34.155698
32.809432
33.159742
33.144171
37.920308
36.6385
36.667203
36.579244
36.609007
37.887244
34.812806
35.605511
35.580528
48.897666
44.825688
44.884221
44.706928
44.766129
48.821758
39.576421
41.753663
41.708162
111.05772
133.1218
134.0453
131.33184
132.21106
110.51645
215.77804
165.14439
163.59369
68.476619
75.416211
75.570869
75.102019
75.25958
68.369145
95.297198
84.162229
83.930046
50.355406
53.61078
53.635013
53.555721
53.584386
50.336006
62.445705
57.628121
57.581495
41.645139
43.266115
43.269282
43.258306
43.262914
41.642709
47.497104
45.18743
45.179631
37.39925
38.203104
38.203308
38.200738
38.20221
37.398859
40.23392
39.109391
39.108148
35.076372
35.521168
35.522911
35.517403
35.519302
35.073544
36.621094
36.009042
36.007724
33.866771
34.105565
34.111159
34.094776
34.100065
33.861028
34.668411
34.355993
34.352418
33.260366
33.370788
33.378371
33.35548
33.362659
33.253565
33.648426
33.494852
33.488256
31.462402
31.581315
31.584914
31.568707
31.576339
31.458013
31.889006
31.715349
31.71162
31.290305
31.304676
31.314255
31.285277
31.295315
31.280431
31.372932
31.32421
31.314644
31.380434
31.335109
31.345929
31.313195
31.324428
31.369393
31.280184
31.295094
31.283991
31.720127
31.606501
31.618266
31.582786
31.594835
31.708163
31.429592
31.50389
31.491878
32.471455
32.226417
32.239913
32.19932
32.213022
32.457214
31.848239
32.014217
32.000903
34.097937
33.551281
33.568203
33.51693
33.534179
34.078722
32.749508
33.097453
33.081697
37.788779
36.521714
36.550328
36.4646
36.49322
37.756211
34.72598
35.506086
35.481503
48.595461
44.588074
44.647143
44.470186
44.528254
48.518752
39.421005
41.571789
41.526817
108.9154
129.61404
130.45581
127.955
128.75722
108.39029
205.44674
159.1769
157.80493
68.039683
74.786935
74.945293
74.463002
74.629386
67.925704
93.935871
83.236913
82.985824
50.268061
53.491743
53.524237
53.421797
53.457708
50.243875
62.134697
57.434783
57.383043
41.633453
43.247845
43.253464
43.235551
43.241919
41.630127
47.439259
45.152862
45.143251
37.394604
38.195912
38.198615
38.18977
38.19303
37.392161
40.223695
39.101878
39.099293
35.064837
35.512858
35.515203
35.507552
35.510268
35.061718
36.61492
36.001886
35.999532
33.844657
34.084541
34.089592
34.074613
34.079513
33.839484
34.657498
34.341737
34.338086
33.235051
33.340673
33.347639
33.32668
33.333246
33.229266
33.625071
33.469393
33.463668
31.437839
31.560281
31.564059
31.536124
31.542046
31.422026
31.866646
31.687847
31.684563
31.250188
31.2663
31.275071
31.246441
31.255829
31.241095
31.336799
31.28486
31.27613
31.33637
31.292336
31.301909
31.277711
31.288057
31.333608
31.241442
31.257441
31.247274
31.673066
31.560447
31.570597
31.552689
31.563923
31.679544
31.394359
31.470326
31.459144
32.416816
32.174445
32.185507
32.180375
32.193299
32.441623
31.821257
31.989983
31.977468
34.026539
33.487204
33.499825
33.527246
33.543795
34.096734
32.739661
33.097343
33.082162
37.673159
36.41891
36.437354
36.54878
36.574725
37.886047
34.756821
35.557203
35.534545
48.340519
44.38708
44.413252
44.90684
44.963238
49.213696
39.612068
41.868054
41.825534
106.85277
126.37106
127.13431
125.00292
125.62406
106.383
196.77838
153.98434
152.98376
67.583954
74.132726
74.308416
73.801053
73.969687
67.462672
92.587821
82.279245
82.038071
50.165899
53.346433
53.383909
53.268513
53.3071
50.138468
61.805555
57.223071
57.169529
41.618675
43.22083
43.228303
43.203847
43.212515
41.613922
47.371694
45.112543
45.101952
37.382722
38.182221
38.186198
38.173678
38.178247
37.378957
40.2104
39.089128
39.085058
35.051841
35.501506
35.504628
35.494639
35.498163
35.048356
36.60377
35.991739
35.988787
33.824849
34.064951
34.069746
34.055441
34.060151
33.820129
34.645877
34.326943
34.323181
33.213219
33.313279
33.319544
33.300825
33.306648
33.207962
33.604732
33.447341
33.442391
31.40511
31.530445
31.533397
31.524757
31.52776
31.399336
31.867452
31.678148
31.676856
31.212057
31.227888
31.237088
31.210016
31.218849
31.202582
31.305936
31.249899
31.241447
31.301506
31.257041
31.267349
31.236673
31.246818
31.290903
31.201832
31.217097
31.207236
31.644603
31.529963
31.541291
31.507505
31.518684
31.633006
31.35019
31.425482
31.41441
32.40014
32.15401
32.167142
32.128009
32.140939
32.38637
31.772638
31.939441
31.926959
34.040921
33.49313
33.510068
33.459763
33.476304
34.022588
32.681371
33.035565
33.020329
37.796512
36.496812
36.522452
36.448358
36.472234
37.768082
34.675786
35.466812
35.445478
49.012076
44.802537
44.855009
44.709119
44.754024
48.951585
39.473286
41.704051
41.667303
105.45737
79.685598
79.900061
79.363012
79.507383
105.16152
55.088219
64.375699
64.277001
261.00983
347.20641
352.20258
338.01995
342.46643
257.97782
615.33423
454.70844
448.04937
106.77956
126.39856
127.14268
124.95218
125.6643
106.29583
196.80897
153.99026
152.86653
67.416565
73.972134
73.668502
73.632696
73.803533
67.276058
92.451273
82.142821
81.905939
50.061746
53.264051
53.230988
53.148052
53.206107
50.036286
61.663645
57.12215
57.044457
41.596455
43.185698
43.194906
43.166306
43.176112
41.588315
47.299156
45.068913
45.057378
37.365818
38.164312
38.16926
38.154121
38.159384
37.361041
40.194347
39.071586
39.066739
35.037372
35.48723
35.490949
35.479451
35.483318
35.033611
36.590572
35.979683
35.976558
33.80663
34.046459
34.050874
34.037866
34.042103
33.802343
34.633488
34.31202
34.308218
33.193981
33.289072
33.294514
33.278482
33.283405
33.189225
33.587339
33.428406
33.424254
31.383649
31.517781
31.520268
31.51632
31.516671
31.379315
31.888461
31.681614
31.702496
31.174866
31.192748
31.20132
31.175571
31.184161
31.16579
31.280117
31.217943
31.210753
31.259609
31.216658
31.226624
31.197015
31.206794
31.249368
31.163916
31.178252
31.168797
31.598739
31.485351
31.496379
31.463539
31.47439
31.587486
31.307193
31.381709
31.370996
32.345872
32.102427
32.115157
32.077299
32.089795
32.332629
31.725099
31.890073
31.877986
33.969581
33.427323
33.443408
33.395913
33.411488
33.952593
32.624694
32.975666
32.961139
37.689799
36.403412
36.425452
36.361951
36.382281
37.665982
34.601243
35.385526
35.366843
48.802174
44.629477
44.667671
44.561491
44.594166
48.761615
39.356172
41.570251
41.541927
104.63396
79.14765
79.244461
79.003955
79.068568
104.53497
54.848082
64.060454
64.010486
3931.6005
593.35249
571.56801
636.92319
615.72373
3752.5266
152.44869
249.96123
251.39784
822.55269
1234.7285
1263.9947
1181.8384
1207.413
807.43359
2813.7835
2097.3227
2034.6971
249.70251
329.73033
333.7498
322.36759
325.9886
247.20455
576.54918
430.10046
424.72634
104.92155
123.60519
124.26718
122.35088
122.96789
104.48957
189.94389
149.76748
148.81741
66.867822
73.300137
73.465284
72.977233
73.137784
66.736676
91.204897
81.219696
80.999013
49.919328
53.030302
53.090177
52.911314
52.969966
49.874476
61.260605
56.800778
56.722061
41.56108
43.127278
43.147047
43.086731
43.107144
41.546016
47.179633
44.98405
44.958387
37.341928
38.138853
38.148663
38.118654
38.128918
37.332717
40.16092
39.040972
39.030299
35.02056
35.469476
35.475415
35.457399
35.463412
35.015042
36.570999
35.962324
35.956739
33.790296
34.029726
34.03373
34.020177
34.024881
33.785723
34.618803
34.297328
34.293142
33.176745
33.268694
33.273174
33.259468
33.263773
33.171952
33.572025
33.412175
33.40828
31.368704
31.515403
31.514617
31.531008
31.515714
31.366175
31.894486
31.702735
31.702664
31.138919
31.158372
31.16698
31.141045
31.149712
31.130062
31.256337
31.189066
31.181866
31.219257
31.177772
31.187349
31.158947
31.16831
31.209445
31.127697
31.141025
31.131975
31.554298
31.442085
31.452755
31.421028
31.431501
31.543434
31.265831
31.339454
31.329158
32.293811
32.052661
32.064902
32.028538
32.040518
32.281172
31.679153
31.842414
31.830805
33.903842
33.365614
33.380598
33.336474
33.350886
33.888353
32.570609
32.918896
32.905228
37.600994
36.323671
36.342438
36.28834
36.305657
37.581306
34.534501
35.314714
35.298493
48.661574
44.503224
44.531022
44.453215
44.477292
48.634727
39.261648
41.467119
41.445424
104.49495
78.912165
78.951031
78.895319
78.894779
104.54435
54.701563
63.910098
63.886404
3309.4436
676.0051
657.42444
709.43023
693.79745
3185.3257
152.98811
257.41799
259.79562
767.29173
1135.2289
1157.8311
1093.7353
1113.9076
755.3653
2289.4902
1871.602
1824.1687
240.41418
315.6766
318.96086
309.58838
312.54603
238.35503
545.70058
410.19532
405.78776
103.26844
121.18479
121.7603
120.10087
120.63476
102.88793
184.22615
146.19419
145.39255
66.354464
72.662608
72.819504
72.356997
72.508871
66.229932
90.072708
80.360212
80.156427
49.738254
52.798327
52.854475
52.688267
52.74319
49.692715
60.881264
56.497208
56.424778
41.498672
43.045232
43.066055
43.002894
43.024108
41.48227
47.04415
44.878826
44.851621
37.304468
38.097738
38.108329
38.076433
38.087213
37.294967
40.110243
38.997002
38.985539
34.998704
35.445351
35.451319
35.433399
35.439316
34.993316
36.545213
35.939873
35.93429
33.772908
34.011052
34.015536
34.002303
34.006608
33.768881
34.601969
34.280989
34.277031
33.159838
33.250769
33.254885
33.243174
33.246625
33.155335
33.557484
33.39748
33.39433
31.356899
31.528336
31.52971
31.52514
31.526339
31.354243
31.901359
31.704919
31.70506
31.103933
31.123822
31.132448
31.106569
31.115095
31.095599
31.236242
31.157858
31.149997
31.18073
31.140583
31.149707
31.122768
31.131607
31.171429
31.092977
31.105527
31.096984
31.511526
31.400402
31.410651
31.380224
31.390243
31.501127
31.226389
31.298972
31.289154
32.244253
32.005
32.016681
31.982071
31.99345
32.23228
31.635068
31.796778
31.785729
33.844024
33.308552
33.322378
33.281872
33.295058
33.82999
32.519472
32.865685
32.852964
37.527331
36.25567
36.271703
36.225242
36.240201
37.510803
34.475024
35.253137
35.238987
48.570378
44.41016
44.430814
44.373024
44.39106
48.553327
39.184807
41.387947
41.371081
104.78147
78.922756
78.906202
78.976061
78.945942
104.87994
54.612258
63.865662
63.870363
2863.1191
736.11748
723.63198
756.91076
747.17936
2770.1045
154.18375
267.43544
270.06397
723.07123
1056.463
1074.6201
1022.7164
1039.1863
713.31284
1953.116
1698.5593
1661.4344
232.709
304.03461
306.75955
298.93591
301.43571
230.99373
520.40032
393.71266
390.02178
101.81337
119.09462
119.58476
118.14628
118.6116
101.47783
179.42771
143.1462
142.44992
65.865585
72.062083
72.208789
71.77819
71.919067
65.748087
89.054211
79.573409
79.388449
49.556127
52.580933
52.63434
52.476249
52.528523
49.512381
60.51902
56.211248
56.141405
41.431468
42.960139
42.981541
42.916955
42.938544
41.414048
46.911912
44.769204
44.741574
37.266588
38.054872
38.065748
38.033095
38.044098
37.257218
40.056508
38.950148
38.938029
34.977357
35.421581
35.427439
35.409838
35.415665
34.972073
36.520162
35.917639
35.912169
33.757473
33.993822
33.998004
33.985545
33.989639
33.753815
34.585449
34.26522
34.261272
33.146004
33.236934
33.239706
33.231187
33.233898
33.142007
33.54519
33.385756
33.383286
31.363407
31.524825
31.525946
31.524946
31.525033
31.359771
31.913358
31.708705
31.709712
31.072531
31.089931
31.098051
31.074962
31.082211
31.065615
31.217177
31.125963
31.120669
31.144381
31.105561
31.114088
31.088977
31.097197
31.135671
31.060817
31.072317
31.064368
31.470659
31.360538
31.370312
31.341352
31.350882
31.460764
31.189133
31.26049
31.2512
32.197412
31.959778
31.970838
31.938151
31.948878
32.18616
31.593116
31.753455
31.743014
33.790043
33.256462
33.269011
33.23228
33.244222
33.777378
32.471536
32.816349
32.804647
37.465292
36.196836
36.210788
36.170302
36.183342
37.451331
34.421967
35.199216
35.186784
48.512507
44.340586
44.35632
44.3122
44.325993
48.503299
39.121426
41.326331
41.313091
105.21854
79.046702
79.00926
79.131871
79.08788
105.3435
54.582269
63.902862
63.91864
2525.3256
772.62618
765.35014
784.03239
778.81961
2453.5405
155.72461
277.86233
280.39924
686.51163
991.94633
1006.9899
963.70579
977.53592
678.29522
1714.6855
1561.6125
1531.6537
226.24789
294.24828
296.54864
289.90742
292.03862
224.78315
499.12735
379.80635
376.65006
100.53467
117.27424
117.70722
116.44687
116.861
100.23396
175.35972
140.5482
139.94249
65.407564
71.504816
71.640348
71.241519
71.372385
65.297842
88.140082
78.860433
78.692934
49.38315
52.373927
52.424915
52.274105
52.323649
49.341125
60.174646
55.93797
55.871909
41.360613
42.873496
42.895272
42.829576
42.851536
41.342319
46.781728
44.65872
44.631098
37.229283
38.010963
38.022124
37.988504
37.999846
37.219987
40.000295
38.900574
38.887811
34.956229
35.398165
35.403967
35.386564
35.392319
34.950953
36.496517
35.896146
35.890878
33.743199
33.977402
33.981434
33.969346
33.973336
33.739714
34.568769
34.24936
34.245374
33.133386
33.226004
33.228386
33.221646
33.223707
33.129899
33.534488
33.376396
33.374391
31.355769
31.52723
31.525375
31.529559
31.528122
31.353502
31.927915
31.719424
31.722302
31.04545
31.060986
31.068087
31.054479
31.054812
31.038622
31.212502
31.113312
31.107251
31.11039
31.072946
31.080898
31.05741
31.065112
31.102242
31.030914
31.04112
31.033537
31.431859
31.322705
31.33196
31.304588
31.313579
31.422499
31.154167
31.224157
31.215414
32.15347
31.917187
31.927592
31.896871
31.906943
32.142908
31.553451
31.712601
31.702781
33.74155
33.209377
33.220689
33.187603
33.198344
33.730198
32.426953
32.771054
32.76035
37.412439
36.145342
36.157637
36.12182
36.133422
37.400313
34.374474
35.151572
35.140444
48.486081
44.287817
44.299167
44.269248
44.277885
48.481896
39.067628
41.277223
41.26644
105.72445
79.226736
79.178401
79.331505
79.279651
105.85675
54.583306
63.975326
63.996763
2262.1862
791.88063
788.359
796.80811
794.6727
2205.3539
157.44434
287.68614
289.99438
655.40733
937.6046
950.40726
913.33137
925.25404
648.2897
1535.4469
1449.9118
1425.0313
220.67653
285.86406
287.85044
282.07147
283.93622
219.39472
480.78648
367.79701
365.02869
99.383997
115.65603
116.04539
114.92734
115.28459
99.115564
171.81191
138.25705
137.73256
64.980987
70.988682
71.114018
70.745482
70.866287
64.879345
87.316148
78.21617
78.065156
49.218355
52.176171
52.224892
52.080175
52.127801
49.178549
59.850131
55.67931
55.616678
41.286456
42.785517
42.807536
42.741389
42.763416
41.267672
46.653792
44.548724
44.521498
37.191676
37.965459
37.977132
37.941875
37.953776
37.182055
39.941764
38.84866
38.835406
34.93527
35.375166
35.380805
35.363991
35.369518
34.930099
36.472895
35.875324
35.87015
33.729452
33.961399
33.965334
33.953584
33.95745
33.726073
34.551895
34.233415
34.229455
33.123087
33.217683
33.21951
33.214269
33.215897
33.120116
33.524765
33.3684
33.366572
31.348031
31.530839
31.530763
31.534442
31.532148
31.346339
31.944161
31.731849
31.735511
31.018753
31.043622
31.049425
31.03423
31.038428
31.012724
31.195651
31.093526
31.089328
31.078567
31.04235
31.04982
31.02768
31.034979
31.070927
31.001966
31.011161
31.003942
31.395215
31.287
31.295729
31.269945
31.278408
31.386386
31.121379
31.189984
31.181775
32.112351
31.877216
31.886967
31.858187
31.86763
32.102509
31.516124
31.67424
31.665024
33.697977
33.16699
33.177164
33.147386
33.15706
33.68777
32.385686
32.729684
32.719911
37.366336
36.099593
36.110549
36.078455
36.088888
37.355693
34.331498
35.10878
35.09869
48.4729
44.253974
44.261405
44.240969
44.247168
48.470816
39.021554
41.239541
41.232123
106.25702
79.440502
79.385199
79.555197
79.496148
106.3902
54.604165
64.068617
64.09409
2052.025
799.38624
798.36478
800.04145
799.93394
2005.9382
159.24629
296.50905
298.54216
628.2206
890.63777
901.79692
869.33375
879.81868
621.91359
1394.957
1356.4106
1335.3316
215.77492
278.50353
280.26237
275.12481
276.79249
214.6348
464.55704
357.17899
354.69721
98.354972
114.22576
114.57443
113.56303
113.89144
98.107984
168.68304
136.22511
135.7463
64.585306
70.510752
70.627112
70.285001
70.396811
64.491035
86.563835
77.624668
77.485473
49.062104
51.985849
52.03269
51.892963
51.939116
49.024121
59.545742
55.433965
55.374554
41.211023
42.697312
42.719318
42.653591
42.675365
41.192241
46.528331
44.440331
44.413655
37.152694
37.917983
37.930021
37.893921
37.906012
37.142715
39.88204
38.795484
38.782235
34.914876
35.35304
35.358451
35.342304
35.347616
34.9099
36.447801
35.854487
35.849126
33.716183
33.945961
33.949727
33.938546
33.942211
33.712958
34.535057
34.217759
34.213929
33.114949
33.210986
33.212528
33.207998
33.209487
33.112423
33.515469
33.360711
33.358829
31.343495
31.539992
31.537297
31.541653
31.540404
31.343144
31.969654
31.745512
31.749083
30.997246
31.025138
31.029862
31.015808
31.020546
30.990988
31.183329
31.078543
31.075221
31.048796
31.013442
31.020479
30.999969
31.006638
31.041686
30.97501
30.982752
30.97579
31.360712
31.253417
31.261618
31.237419
31.245356
31.352426
31.090688
31.157945
31.150271
32.073946
31.839763
31.848901
31.821949
31.830789
32.064748
31.481099
31.638291
31.62968
33.658504
33.128671
33.137917
33.110763
33.119604
33.649155
32.347416
32.691797
32.682809
37.325504
36.058253
36.068238
36.038821
36.048415
37.316097
34.291892
35.069553
35.060172
48.468297
44.230199
44.235319
44.221369
44.225552
48.468568
38.983862
41.212247
41.206299
106.80192
79.672067
79.613128
79.791875
79.731605
106.93947
54.638159
64.175311
64.203674
1880.2931
799.13986
799.76392
796.94797
798.17877
1842.1575
161.07993
304.20666
305.95605
603.99361
849.27394
859.15366
830.33732
839.66841
598.32642
1281.3623
1276.7854
1258.6909
211.38637
271.91022
273.4971
268.83574
270.3538
210.3529
449.91312
347.59349
345.33243
97.414175
112.93258
113.24453
112.32418
112.62614
97.190136
165.8588
134.37798
133.94168
64.219003
70.068278
70.175863
69.857954
69.962599
64.131691
85.878255
77.086177
76.954898
48.912534
51.801792
51.847013
51.712399
51.756777
48.875972
59.261332
55.20106
55.144756
41.136414
42.610391
42.631911
42.567764
42.58898
41.118022
46.405841
44.334829
44.308994
37.112408
37.869902
37.881948
37.846079
37.858007
37.102221
39.822778
38.742874
38.729948
34.895294
35.331643
35.33693
35.320969
35.326275
34.890489
36.420282
35.832466
35.826653
33.703579
33.93136
33.93491
33.924383
33.927836
33.700532
34.518527
34.202691
34.199009
33.108545
33.204933
33.206467
33.202102
33.203633
33.106359
33.505947
33.352664
33.35063
31.34115
31.5442
31.543081
31.546275
31.545059
31.340955
31.988301
31.761612
31.766702
30.969845
31.006973
31.010889
30.993277
30.998766
30.963304
31.174795
31.06682
31.063316
31.021126
30.986904
30.993375
30.974377
30.980579
31.014554
30.94667
30.955748
30.949321
31.32838
31.221953
31.229624
31.207029
31.214428
31.320642
31.062132
31.128044
31.120906
32.038066
31.804729
31.813273
31.7881
31.796349
32.029475
31.448392
31.604732
31.596712
33.622127
33.093549
33.10205
33.076936
33.085144
33.613408
32.311844
32.656867
32.648535
37.29045
36.020188
36.029387
36.002663
36.011278
37.282485
34.254661
35.032826
35.023934
48.472121
44.214216
44.217591
44.208512
44.211187
48.474094
38.952611
41.189602
41.184367
107.35424
79.913191
79.852302
80.034922
79.973906
107.49208
54.682323
64.291279
64.321053
1737.3222
793.7033
795.4302
789.61063
791.74134
1705.2544
162.89705
310.76659
312.23483
582.14387
812.42527
821.25616
795.44635
803.8229
577.00314
1187.3007
1208.1636
1192.4657
207.3962
265.89296
267.34949
263.06414
264.46529
206.45068
436.55894
338.8272
336.74429
96.546136
111.73877
112.02891
111.17439
111.45417
96.340358
163.28172
132.68613
132.28352
63.880114
69.655824
69.755988
69.46143
69.557912
63.799889
85.233676
76.576707
76.456556
48.767806
51.62475
51.668249
51.538817
51.581473
48.732147
58.996314
54.980586
54.927396
41.063644
42.525768
42.546658
42.484385
42.504965
41.045767
46.286384
44.232942
44.208044
37.071622
37.82256
37.834321
37.799363
37.810959
37.06143
39.764895
38.691802
38.679301
34.876184
35.310106
35.315526
35.298965
35.304531
34.871385
36.390438
35.808414
35.802039
33.691633
33.917578
33.920951
33.910893
33.914215
33.688718
34.502225
34.188117
34.1845
33.103352
33.199234
33.200715
33.19655
33.198058
33.101406
33.495858
33.34399
33.34178
31.340826
31.549612
31.547921
31.55318
31.551389
31.341292
32.009215
31.777851
31.780574
30.942321
30.984676
30.989337
30.975037
30.979731
30.93542
31.170216
31.049367
31.047043
30.995695
30.962419
30.968317
30.951085
30.956679
30.989695
30.918345
30.93092
30.925096
31.298263
31.192652
31.199777
31.17883
31.185678
31.291085
31.035706
31.100317
31.093727
32.004567
31.772049
31.78001
31.756568
31.764245
31.996552
31.418014
31.573519
31.566074
33.588001
33.060846
33.068798
33.045214
33.052944
33.579744
32.278688
32.624397
32.616615
37.259735
35.98601
35.994263
35.969898
35.977891
37.252491
34.219072
34.998294
34.990059
48.481949
44.204063
44.206132
44.200698
44.202244
48.485122
38.925228
41.169706
41.165174
107.90367
80.156308
80.095527
80.276818
80.216515
108.03947
54.733027
64.41118
64.44132
1616.4781
784.84241
787.29101
779.53676
782.23637
1589.139
164.65259
316.23242
317.44465
562.26676
779.3188
787.27974
763.97153
771.55093
557.5664
1107.9237
1148.4204
1134.6769
203.71932
260.33953
261.68998
257.71065
259.01446
202.84142
424.27572
330.72793
328.79477
95.741515
110.6289
110.89974
110.10023
110.36285
95.548027
160.89747
131.11763
130.74224
63.567983
69.274903
69.367484
69.093654
69.183088
63.493181
84.63407
76.103854
75.990127
48.626171
51.45446
51.496344
51.371488
51.4127
48.591081
58.748926
54.772099
54.721659
40.992851
42.443545
42.463857
42.403125
42.423236
40.975395
46.169379
44.134597
44.110446
37.030916
37.776451
37.787902
37.75374
37.765095
37.02075
39.708535
38.642307
38.630113
34.856793
35.287444
35.293214
35.27551
35.281489
34.85181
36.358752
35.782122
35.775211
33.680076
33.904256
33.907565
33.897606
33.900931
33.677194
34.485706
34.173592
34.169897
33.098951
33.193787
33.195254
33.191193
33.192705
33.097172
33.485168
33.334609
33.332285
31.342431
31.557866
31.555129
31.563232
31.560555
31.343592
32.02974
31.792701
31.797788
30.915016
30.965723
30.970129
30.956513
30.961088
30.908437
31.155712
31.039349
31.036814
30.972467
30.940316
30.945635
30.930011
30.935113
30.966958
30.891666
30.90849
30.903204
31.270383
31.165559
31.172131
31.152833
31.159133
31.263757
31.011369
31.074747
31.068676
31.973316
31.741635
31.749041
31.727231
31.734374
31.965835
31.389921
31.544557
31.53765
33.555549
33.029982
33.037519
33.015104
33.022469
33.547717
32.247705
32.593987
32.586661
37.231633
35.954284
35.962036
35.939134
35.946663
37.224952
34.185321
34.965859
34.957946
48.496023
44.198276
44.199366
44.196678
44.197367
48.500051
38.901181
41.152657
41.14884
108.44278
80.396086
80.336441
80.513887
80.455
108.57551
54.787566
64.531556
64.561467
1512.9936
773.78665
776.69807
767.74347
770.79078
1489.4022
166.318
320.67018
321.64084
544.04094
749.34133
756.57059
735.37196
742.27726
539.71088
1039.9088
1095.961
1083.8333
200.2963
255.16998
256.43079
252.71095
253.93195
199.47595
412.89812
323.19201
321.38579
94.984657
109.5871
109.84207
109.08893
109.33645
94.80203
158.67056
129.6515
129.29931
63.27674
68.918151
69.005103
68.747372
68.832322
63.206774
84.069579
75.660276
75.552778
48.486486
51.289704
51.330345
51.208943
51.249111
48.451791
58.515444
54.57392
54.525738
40.923462
42.362996
42.382973
42.323017
42.342934
40.906232
46.053832
44.038735
44.014991
36.990171
37.731133
37.74244
37.708525
37.719839
36.979924
39.653099
38.593728
38.581625
34.836452
35.263154
35.26935
35.250389
35.256791
34.831171
36.325507
35.753795
35.746429
33.668495
33.890874
33.89425
33.884012
33.88746
33.665548
34.468425
34.15854
34.154639
33.095021
33.188501
33.189972
33.185981
33.18751
33.093345
33.474341
33.324841
33.322595
31.3454
31.568035
31.565506
31.573185
31.570881
31.345735
32.057495
31.810521
31.814369
30.888997
30.947392
30.951914
30.938891
30.943046
30.88276
31.153454
31.030424
31.028707
30.951054
30.920054
30.924989
30.910405
30.915187
30.945953
30.86703
30.88787
30.882904
31.244677
31.140639
31.146672
31.128971
31.134741
31.238576
30.988919
31.051217
31.045645
31.944128
31.713327
31.720222
31.699894
31.706556
31.937126
31.36398
31.517676
31.511258
33.524891
33.000669
33.007796
32.986609
32.993579
33.517419
32.218635
32.56531
32.558429
37.205646
35.924431
35.931742
35.910161
35.917261
37.199452
34.152869
34.934651
34.927032
48.513148
44.195812
44.196144
44.195602
44.195612
48.517807
38.880049
41.13838
41.135198
108.96817
80.630017
80.571991
80.744376
80.687243
109.09676
54.844127
64.650518
64.67992
1423.3281
761.47059
764.62401
755.04274
758.26516
1402.7476
167.88008
324.21745
324.97624
527.20926
722.01744
728.62103
709.23759
715.55864
523.19634
980.89538
1049.5707
1038.8091
197.09179
250.32769
251.51159
248.01593
249.16469
196.32173
402.28502
316.13474
314.43755
94.269318
108.60588
108.84597
108.1374
108.37031
94.096697
156.5824
128.27467
127.94363
63.002824
68.581587
68.663462
68.422032
68.501376
62.93688
83.535728
75.240061
75.139451
48.348309
51.129132
51.168853
51.050157
51.089505
48.314018
58.293124
54.384114
54.337742
40.854678
42.283083
42.30299
42.243105
42.263049
40.837484
45.938967
43.944035
43.92042
36.94892
37.685847
37.697198
37.663032
37.674455
36.938485
39.597635
38.545216
38.533015
34.814852
35.23726
35.243845
35.223798
35.23055
34.809253
36.290744
35.723755
35.716013
33.656492
33.876984
33.880523
33.869764
33.873404
33.653317
34.450015
34.142526
34.138351
33.091295
33.18335
33.184841
33.180746
33.182305
33.089667
33.463859
33.315301
33.313109
31.331826
31.577951
31.575448
31.585621
31.582359
31.33429
32.085483
31.830098
31.837567
30.863834
30.930425
30.934723
30.921482
30.926027
30.857604
31.151846
31.023426
31.021514
30.931341
30.90113
30.905704
30.892447
30.8967
30.926738
30.844668
30.869006
30.864913
31.22103
31.117821
31.12333
31.107185
31.112437
31.215424
30.968407
31.029711
31.024661
31.916769
31.686904
31.693347
31.674328
31.680564
31.910209
31.340008
31.49267
31.486686
33.495372
32.972804
32.979655
32.959226
32.96597
33.48813
32.191356
32.538342
32.531796
37.181525
35.896318
35.90321
35.882897
35.88958
37.175778
34.121436
34.904601
34.897274
48.532591
44.195992
44.195706
44.196939
44.196377
48.53776
38.861444
41.126496
41.123861
109.47615
80.856985
80.800724
80.967954
80.912502
109.60031
54.90174
64.767352
64.796225
1344.8135
748.52773
751.78648
741.97878
745.24764
1326.6805
169.32988
326.96981
327.54822
511.58976
696.99986
703.05394
685.27297
691.0757
507.85944
929.15621
1008.336
998.74152
194.07998
245.77233
246.88745
243.59464
244.6771
193.35499
392.34439
309.49605
307.89786
93.593606
107.68337
107.90916
107.2434
107.46225
93.43075
154.62294
126.98068
126.66942
62.743034
68.265738
68.343079
68.113946
68.188891
62.680108
83.028121
74.845363
74.750084
48.211783
50.971871
51.010913
50.894374
50.933029
48.177919
58.0786
54.200985
54.156072
40.785827
42.203032
42.223034
42.162852
42.182918
40.768546
45.824663
43.849608
43.826004
36.90684
37.640056
37.651559
37.616894
37.628494
36.896185
39.541312
38.496132
38.483725
34.792027
35.21006
35.216949
35.196079
35.203091
34.786153
36.254513
35.692321
35.684281
33.643344
33.86235
33.866091
33.854607
33.858527
33.639876
34.430405
34.125401
34.120959
33.087556
33.178014
33.179528
33.175256
33.17684
33.085936
33.453613
33.305926
33.30376
31.337749
31.590439
31.587525
31.574967
31.59237
31.340661
32.116399
31.851051
31.85657
30.839462
30.912403
30.916895
30.904023
30.90819
30.834311
31.152138
31.01573
31.014073
30.913881
30.884525
30.888382
30.877404
30.880866
30.909895
30.82575
30.854708
30.851848
31.199299
31.097035
31.102047
31.087332
31.092125
31.194137
30.950166
31.010283
31.005726
31.89117
31.662195
31.668208
31.650433
31.656267
31.885004
31.317793
31.469356
31.463778
33.466715
32.945856
32.952504
32.932675
32.939233
33.459676
32.165633
32.512573
32.506289
37.159231
35.869932
35.876381
35.857463
35.863664
37.153954
34.091069
34.875726
34.868704
48.553972
44.198406
44.197586
44.200355
44.199295
48.559586
38.845106
41.116712
41.114567
109.96653
81.077387
81.022702
81.185336
81.131394
110.08625
54.960066
64.882165
64.910561
1275.4026
735.44115
738.69857
728.9517
732.18086
1259.2844
170.66994
329.04323
329.46824
497.0588
674.02801
679.59336
663.23587
668.57865
493.58344
883.38946
971.50182
962.89989
191.24162
241.48065
242.53156
239.42828
240.44857
190.55717
383.02616
303.24454
301.73964
92.955724
106.81646
107.02878
106.4012
106.60776
92.801681
152.78172
125.7616
125.4671
62.493852
67.965073
68.038992
67.820023
67.891877
62.433059
82.542558
74.470519
74.379118
48.077148
50.817651
50.855926
50.741606
50.779586
48.043905
57.869212
54.021837
53.977866
40.716542
42.122569
42.142694
42.082221
42.102385
40.699134
45.711415
43.755217
43.731659
36.863897
37.593548
37.605239
37.570012
37.581802
36.853042
39.483701
38.446155
38.433506
34.768191
35.181905
35.189012
35.167564
35.174755
34.762107
36.217016
35.659805
35.651545
33.629244
33.846776
33.850733
33.838845
33.842846
33.625679
34.409756
34.107274
34.10262
33.083675
33.172403
33.173922
33.169531
33.171114
33.082046
33.443401
33.29664
33.294485
31.345266
31.580776
31.577773
31.591634
31.585642
31.348129
32.146188
31.874231
31.880667
30.821248
30.896412
30.900297
30.888747
30.892488
30.817601
31.153754
31.00878
31.007735
30.898665
30.870891
30.874081
30.864742
30.867765
30.895095
30.812451
30.843811
30.841185
31.179245
31.078024
31.082622
31.06905
31.07349
31.174453
30.933902
30.992638
30.988444
31.867003
31.639008
31.644676
31.62789
31.633407
31.861158
31.297128
31.447546
31.442291
33.438851
32.919678
32.92615
32.90686
32.913247
33.432013
32.14115
32.487777
32.481713
37.138819
35.845496
35.851446
35.834013
35.839727
37.134008
34.061891
34.848105
34.841416
48.577032
44.202746
44.201468
44.205532
44.204058
48.583017
38.830788
41.108811
41.107098
110.43839
81.291775
81.238599
81.396656
81.344262
110.5531
55.0189
64.995041
65.022927
1213.5154
722.5418
725.72707
716.24167
719.36819
1199.0726
171.90129
330.54084
330.83577
483.50545
652.8676
658.0018
642.89695
647.83555
480.25658
842.60138
938.40049
930.64003
188.5592
237.43524
238.4261
235.49893
236.46162
187.91134
374.282
297.35615
295.93724
92.35054
105.99527
106.19801
105.59732
105.79587
92.203708
151.0437
124.60511
124.32391
62.251993
67.677006
67.747772
67.535794
67.605944
62.192202
82.078773
74.109616
74.021339
47.945029
50.666379
50.703916
50.59197
50.629128
47.912418
57.6638
53.846723
53.803509
40.646758
42.041832
42.062024
42.001464
42.021648
40.629243
45.599807
43.661157
43.637755
36.820208
37.546292
37.558176
37.522395
37.53437
36.809191
39.424792
38.39521
38.382326
34.7436
35.1531
35.160351
35.138539
35.145837
34.737367
36.178567
35.62652
35.618118
33.615077
33.830798
33.834854
33.822654
33.826757
33.611521
34.38833
34.088397
34.083599
33.079627
33.166617
33.168105
33.163707
33.16525
33.077999
33.433029
33.287426
33.285283
31.355146
31.603661
31.597078
31.615918
31.61016
31.357294
32.179505
31.902785
31.910778
30.809765
30.881623
30.885144
30.875303
30.878577
30.808069
31.15687
31.002566
31.000857
30.884747
30.858797
30.86173
30.852967
30.855845
30.88139
30.805183
30.83334
30.830787
31.160505
31.060344
31.064657
31.051857
31.056065
31.155979
30.918846
30.976235
30.972275
31.844054
31.61706
31.622435
31.606495
31.611739
31.83849
31.277642
31.426942
31.421957
33.411814
32.894229
32.900526
32.881785
32.887991
33.4052
32.117749
32.463824
32.45796
37.120212
35.82294
35.828454
35.812261
35.817575
37.115808
34.03406
34.821856
34.815528
48.601443
44.208663
44.207021
44.212091
44.210302
48.607708
38.818192
41.102536
41.101182
110.88945
81.499949
81.448353
81.601632
81.550833
110.99883
55.077945
65.105808
65.133154
1157.9066
710.07871
713.13305
704.07425
707.04677
1144.8726
173.0224
331.54667
331.7297
470.81606
633.29903
638.05404
624.05354
628.63468
467.76676
806.01408
908.48144
901.448
186.01873
233.61674
234.55259
231.78565
232.69619
185.40473
366.05179
291.79791
290.45553
91.769866
105.20667
105.40137
104.82268
105.0143
91.627477
149.39594
123.49835
123.22985
62.015288
67.395537
67.465343
67.256674
67.325556
61.956978
81.632388
73.760634
73.674902
47.815564
50.518312
50.555084
50.445358
50.481819
47.783671
57.461727
53.674524
53.632134
40.576629
41.96117
41.981319
41.921018
41.941095
40.559075
45.490442
43.567938
43.544847
36.775934
37.498333
37.510394
37.47413
37.486262
36.764803
39.364867
38.343368
38.330286
34.718501
35.123921
35.131244
35.109276
35.116609
34.712182
36.139517
35.592779
35.58431
33.600915
33.814446
33.818577
33.806198
33.810347
33.59736
34.366409
34.069048
34.064175
33.075489
33.160819
33.162238
33.157965
33.159431
33.073892
33.422545
33.278325
33.276209
31.364587
31.628354
31.622175
31.639792
31.634285
31.367095
32.214358
31.934712
31.94251
30.803857
30.870005
30.872485
30.866719
30.868121
30.803163
31.156431
30.995025
30.992809
30.871571
30.847278
30.850086
30.841745
30.844477
30.868381
30.80135
30.823613
30.821374
31.142725
31.043562
31.047678
31.035437
31.03947
31.138404
30.904517
30.960668
30.956887
31.822186
31.596186
31.601304
31.586115
31.591115
31.816877
31.259087
31.40736
31.402609
33.385713
32.869545
32.875651
32.857514
32.863516
33.379354
32.095328
32.440661
32.434994
37.103128
35.801968
35.807088
35.792046
35.796977
37.099071
34.007724
34.797114
34.791199
48.62686
44.215772
44.21386
44.219673
44.217653
48.633335
38.80698
41.097587
41.09652
111.31983
81.70181
81.651748
81.800625
81.751227
111.42442
55.136938
65.214473
65.241328
1107.6047
698.24341
701.12684
692.5974
695.38705
1095.7731
174.03817
332.12936
332.21652
458.89325
615.14127
619.55817
606.54642
610.80661
456.02338
773.00469
881.34039
874.9518
183.60886
230.00216
230.88919
228.2625
229.12792
183.02503
358.27758
286.53102
285.25537
91.20631
104.44559
104.63363
104.0756
104.26002
91.067741
147.831
122.44256
122.18622
61.782338
67.117921
67.186995
66.980181
67.04878
61.724553
81.199286
73.420661
73.336884
47.689421
50.373268
50.409283
50.302047
50.337626
47.65852
57.263782
53.505676
53.463926
40.506462
41.88107
41.901045
41.841373
41.861222
40.488956
45.383923
43.476188
43.453539
36.731289
37.449816
37.462005
37.42543
37.437652
36.720108
39.304357
38.290817
38.277603
34.693158
35.094641
35.101966
35.080044
35.087346
34.68682
36.100207
35.558873
35.550404
33.586769
33.797936
33.802087
33.789687
33.793827
33.583233
34.34428
34.049503
34.044621
33.071418
33.155123
33.156507
33.152424
33.15378
33.069898
33.412013
33.269424
33.26736
31.374446
31.653334
31.64671
31.662611
31.657316
31.377283
32.248121
31.96483
31.972274
30.802596
30.86498
30.865804
30.86367
30.864242
30.802761
31.156198
30.987875
30.986887
30.859056
30.836393
30.839037
30.831217
30.833771
30.856033
30.798362
30.815077
30.813103
31.12572
31.027479
31.031432
31.019684
31.023557
31.121581
30.890803
30.945799
30.94219
31.801308
31.576278
31.581163
31.566662
31.571437
31.796236
31.241328
31.388684
31.384147
33.360674
32.845708
32.851598
32.834131
32.839906
33.354598
32.073832
32.418288
32.412822
37.087374
35.782482
35.787233
35.773256
35.777834
37.083623
33.982975
34.774088
34.768613
48.653055
44.223771
44.221654
44.228047
44.225842
48.659703
38.796844
41.093704
41.092872
111.73182
81.898162
81.849397
81.994451
81.946309
111.83199
55.195759
65.32124
65.347631
1061.8566
687.1419
689.83511
681.88253
684.47689
1051.0657
174.95646
332.35016
332.35514
447.66271
598.25322
602.36451
590.24771
594.21678
444.95557
743.06812
856.67217
850.85678
181.3122
226.56266
227.40848
224.89906
225.72701
180.7534
350.90979
281.51726
280.29938
90.657498
103.71317
103.89384
103.3577
103.53487
90.522677
146.33758
121.43222
121.18557
61.552583
66.843169
66.9114
66.707186
66.774899
61.495929
80.776763
73.088057
73.00584
47.567142
50.231624
50.266804
50.162101
50.196805
47.537163
57.06889
53.340607
53.300164
40.436595
41.801957
41.821664
41.762833
41.782395
40.419215
45.280556
43.386255
43.36407
36.68656
37.401026
37.413256
37.376655
37.388864
36.67541
39.243732
38.237855
38.224599
34.667835
35.065511
35.072777
35.051055
35.05828
34.661538
36.060936
35.525032
35.516602
33.572751
33.781466
33.785587
33.773297
33.777387
33.569267
34.322222
34.030001
34.025166
33.067613
33.14974
33.151041
33.147238
33.148489
33.066219
33.401541
33.26082
33.25883
31.406386
31.67287
31.667492
31.682112
31.677622
31.407894
32.281668
31.992971
31.999682
30.803531
30.863505
30.863422
30.864254
30.86367
30.803793
31.155492
30.984117
30.983485
30.847234
30.826241
30.828691
30.821471
30.823815
30.844397
30.795747
30.807571
30.805861
31.109426
31.012059
31.015849
31.004608
31.008311
31.105462
30.877755
30.931635
30.928213
31.781353
31.55726
31.56193
31.548063
31.552632
31.776501
31.224305
31.370836
31.366496
33.336797
32.822797
32.82845
32.811707
32.817237
33.331022
32.053227
32.396724
32.391464
37.072789
35.764351
35.768767
35.755746
35.760009
37.069306
33.959976
34.752811
34.74774
48.679899
44.232491
44.230204
44.237088
44.234727
48.686691
38.787565
41.090711
41.090082
112.12607
82.089421
82.041947
82.182994
82.136221
112.22165
55.254273
65.426087
65.451961
1020.0622
676.82151
679.31603
671.96406
674.35595
1010.1778
175.78112
332.26182
332.19814
437.05843
582.51509
586.34962
575.04082
578.74779
434.49747
715.79437
834.19082
828.88051
179.10884
223.26871
224.08025
221.66915
222.46546
178.5708
343.90189
276.72288
275.55518
90.124604
103.00912
103.1829
102.66605
102.83707
89.9941
144.90006
120.45689
120.21767
61.326171
66.572258
66.639435
66.439207
66.505496
61.269929
80.36372
72.760855
72.679886
47.448405
50.093683
50.12782
50.026336
50.05996
47.419206
56.878544
53.180749
53.141292
40.367324
41.724005
41.743418
41.685464
41.704735
40.350137
45.180101
43.298141
43.276384
36.642089
37.352387
37.364539
37.328274
37.340341
36.631059
39.183451
38.18489
38.171709
34.64274
35.036683
35.043863
35.022394
35.029531
34.636517
36.021945
35.491382
35.483008
33.558996
33.765185
33.769242
33.757143
33.761161
33.555591
34.300447
34.010765
34.006009
33.064253
33.144776
33.145964
33.142492
33.143632
33.063016
33.391154
33.252559
33.250642
31.412228
31.690934
31.686555
31.699978
31.695488
31.413472
32.315281
32.019334
32.025893
30.804958
30.86449
30.864279
30.866136
30.865392
30.805413
31.155411
30.982376
30.982505
30.836213
30.816937
30.81916
30.812661
30.814758
30.833601
30.793636
30.801155
30.799732
31.093833
30.997341
31.000954
30.990263
30.993782
31.090045
30.865492
30.918245
30.915028
31.762256
31.539062
31.543534
31.530249
31.534629
31.757609
31.207987
31.353749
31.349589
33.314137
32.800869
32.806272
32.790284
32.795558
33.308669
32.033481
32.375993
32.370944
37.05923
35.747422
35.751543
35.73936
35.743347
37.055983
33.938413
34.733006
34.72826
48.707265
44.241829
44.239399
44.246702
44.244208
48.714166
38.779007
41.088497
41.08805
112.50159
82.275105
82.229061
82.365799
82.320448
112.59247
55.312268
65.528792
65.554126
981.39891
667.31424
669.60215
662.8741
665.05672
971.86744
176.51511
331.92108
331.80182
427.01321
567.80998
571.3968
560.80871
564.28215
424.58112
690.84896
813.63243
808.76241
176.9846
220.0986
220.88052
218.55582
219.32393
176.46527
337.20785
272.12001
270.9967
89.608737
102.3285
102.4968
101.99595
102.16165
89.482458
143.51062
119.51002
119.27751
61.103881
66.306296
66.372635
66.173898
66.240002
61.048844
79.959864
72.437298
72.356813
47.332484
49.959803
49.993018
49.89404
49.926869
47.303909
56.69286
53.024515
52.985793
40.298913
41.647211
41.666333
41.609258
41.628227
40.281982
45.081807
43.211686
43.190327
36.598222
37.304385
37.316332
37.280762
37.292569
36.587392
39.123963
38.132411
38.119428
34.617959
35.008173
35.015273
34.994009
35.00108
34.611811
35.983417
35.457962
35.449645
33.545567
33.749167
33.753148
33.741258
33.745203
33.542237
34.279056
33.991873
33.987207
33.061416
33.140225
33.141318
33.138087
33.139156
33.060336
33.380789
33.244582
33.242709
31.419783
31.709775
31.704995
31.719532
31.714695
31.422877
32.349935
32.045971
32.052771
30.807558
30.867592
30.866668
30.869373
30.868528
30.808394
31.178873
30.983572
30.983768
30.826111
30.808654
30.810627
30.804864
30.806727
30.82374
30.79264
30.79589
30.79475
31.078943
30.983379
30.986803
30.976691
30.980018
31.075332
30.854123
30.905695
30.90269
31.743959
31.521617
31.525908
31.513159
31.517364
31.739504
31.192348
31.33736
31.333366
33.2927
32.779955
32.7851
32.769881
32.774896
33.287534
32.014565
32.356111
32.351276
37.046581
35.731542
35.735406
35.723958
35.727701
37.043545
33.918239
34.714467
34.710018
48.735031
44.251696
44.249144
44.256806
44.254198
48.742022
38.771092
41.086988
41.08671
112.85913
82.455194
82.410479
82.543516
82.499308
112.94601
55.369657
65.629472
65.654388
943.3121
658.6444
660.72073
654.63594
656.60006
933.86185
177.16927
331.38884
331.235
417.4587
554.02576
557.39146
547.45063
550.71359
415.14021
667.94703
794.73717
790.24552
174.93387
217.03997
217.79465
215.55013
216.29189
174.43247
330.78822
267.68818
266.6051
89.109109
101.6683
101.83161
101.34525
101.50625
88.986662
142.16868
118.59101
118.36601
60.885904
66.042687
66.108084
65.91251
65.977638
60.831874
79.566122
72.117293
72.038272
47.219302
49.828957
49.861438
49.764629
49.796702
47.191519
56.510861
52.870675
52.832896
40.231635
41.571627
41.590429
41.534335
41.552964
40.215028
44.985425
43.12685
43.105899
36.555247
37.257453
37.269094
37.234478
37.245946
36.544672
39.065679
38.080883
38.068191
34.593447
34.979879
34.986932
34.965768
34.97281
34.587344
35.945482
35.424768
35.416503
33.532393
33.733407
33.73732
33.725607
33.729492
33.529102
34.258013
33.97333
33.968738
33.059042
33.135909
33.136964
33.133791
33.134855
33.058084
33.370336
33.236731
33.234854
31.430722
31.729558
31.724527
31.739944
31.734802
31.433811
32.385995
32.073402
32.080487
30.810399
30.871343
30.870191
30.873377
30.872713
30.811068
31.183637
31.001508
31.002547
30.816936
30.8013
30.803012
30.798133
30.799604
30.814779
30.792198
30.79157
30.790401
31.064756
30.970205
30.973433
30.963918
30.967046
31.061321
30.843693
30.894003
30.891225
31.726412
31.504871
31.508993
31.496747
31.500787
31.722139
31.17737
31.321619
31.317781
33.272462
32.760059
32.764946
32.750486
32.755247
33.267587
31.99645
32.337085
32.332461
37.034755
35.716629
35.720238
35.709555
35.713035
37.031916
33.899403
34.697086
34.69291
48.763176
44.262023
44.259364
44.267378
44.264644
48.770276
38.763789
41.086142
41.086028
113.20256
82.631012
82.587192
82.717922
82.674374
113.28664
55.42664
65.728801
65.753508
905.67476
650.85784
652.70541
647.31829
649.0449
896.38113
177.75914
330.73659
330.56248
408.34362
541.07582
544.23975
534.89253
537.96177
406.12979
646.8507
777.28932
773.13299
172.9541
214.08519
214.81461
212.64409
213.36168
172.46937
324.61614
263.41253
262.36676
88.625438
101.02779
101.18587
100.71565
100.87112
88.5074
140.87414
117.70353
117.48653
60.671695
65.783385
65.847836
65.655464
65.719205
60.619109
79.185756
71.804146
71.727344
47.109273
49.701156
49.732793
49.638475
49.669727
47.082186
56.33282
52.721038
52.684188
40.165715
41.497382
41.515838
41.460762
41.47905
40.149461
44.891014
43.043609
43.023025
36.513332
37.21185
37.223136
37.18956
37.200672
36.503027
39.008836
38.030597
38.018232
34.569061
34.951651
34.958696
34.937519
34.94457
34.562961
35.908205
35.391777
35.383558
33.519299
33.717842
33.721707
33.710103
33.713955
33.515998
34.237174
33.955049
33.950501
33.056952
33.131567
33.132652
33.129338
33.130464
33.056062
33.359701
33.228809
33.226879
31.443535
31.750451
31.745151
31.761423
31.755947
31.446837
32.42337
32.101701
32.108926
30.813517
30.876051
30.874784
30.886917
30.886036
30.814256
31.191357
31.005363
31.006679
30.808768
30.795033
30.796691
30.792325
30.793746
30.806914
30.793007
30.788356
30.787542
31.05127
30.957836
30.960859
30.951947
30.954869
31.048007
30.834207
30.883172
30.880592
31.709576
31.488785
31.492745
31.480979
31.484862
31.705476
31.163039
31.306495
31.30281
33.253369
32.741156
32.745794
32.732059
32.736579
33.248768
31.979099
32.318898
32.314477
37.023705
35.702724
35.706081
35.696127
35.699365
37.021055
33.881778
34.680767
34.676843
48.791801
44.272895
44.27008
44.278583
44.275682
48.799042
38.757215
41.085956
41.086009
113.53587
82.804406
82.761059
82.890565
82.847374
113.61778
55.483598
65.827549
65.852191
868.75741
644.02606
645.62773
640.98575
642.46014
859.68025
178.2989
330.02292
329.84103
399.63836
528.89466
531.87203
523.07595
525.96461
397.52412
627.36052
761.11694
757.25402
171.03757
211.2265
211.93234
209.83255
210.5265
170.56804
318.67748
259.28415
258.27473
88.158566
100.40899
100.56166
100.10792
100.25774
88.044229
139.62111
116.84674
116.63713
60.463008
65.529479
65.592331
65.404599
65.466874
60.411408
78.819887
71.499774
71.424694
47.00171
49.576449
49.607382
49.514995
49.545642
46.975118
56.159366
52.574735
52.538623
40.101197
41.424457
41.442586
41.388453
41.40643
40.085279
44.798205
42.961739
42.941454
36.472482
37.167593
37.178537
37.145926
37.156715
36.462424
38.953433
37.981609
37.969555
34.544624
34.923349
34.930417
34.909137
34.916225
34.538483
35.871551
35.358957
35.350772
33.506101
33.702371
33.706218
33.694636
33.698485
33.502757
34.216337
33.936887
33.932331
33.054921
33.126956
33.128126
33.124525
33.125756
33.054043
33.348838
33.220654
33.218644
31.457243
31.772548
31.767009
31.783852
31.778213
31.4609
32.462812
32.130868
32.138428
30.8174
30.88862
30.887422
30.890791
30.889637
30.822879
31.199447
31.010438
31.011855
30.801992
30.789499
30.791009
30.787133
30.788299
30.799991
30.79243
30.785314
30.784633
31.038473
30.946257
30.949082
30.940758
30.943469
31.0354
30.82564
30.873243
30.87092
31.693416
31.473331
31.477135
31.465834
31.469558
31.689474
31.149355
31.291975
31.288434
33.235339
32.723186
32.727593
32.714524
32.718825
33.230985
31.962466
32.301507
32.297278
37.0134
35.68975
35.692876
35.683581
35.686602
37.010929
33.865229
34.665426
34.661733
48.821019
44.284447
44.281458
44.290484
44.287409
48.828416
38.751394
41.086446
41.086667
113.86045
82.976384
82.933368
83.061796
83.018985
113.94007
55.54082
65.926097
65.950682
832.80826
638.1996
639.54611
635.6629
636.88469
824.0158
178.79575
329.29007
329.10749
391.32617
517.43158
520.23343
511.95683
514.67446
389.30784
609.30286
746.07564
742.47899
169.18283
208.46273
209.14465
207.1169
207.78653
168.72876
312.96827
255.30198
254.32948
87.706369
99.812293
99.959308
99.522028
99.666283
87.595369
138.40641
116.01827
115.81547
60.258381
65.281554
65.342912
65.160143
65.220661
60.207948
78.466501
71.203137
71.130415
46.895949
49.454042
49.484441
49.393551
49.423721
46.869742
55.989696
52.431371
52.39596
40.037985
41.352732
41.370565
41.317284
41.33498
40.022372
44.706564
42.880989
42.860955
36.43257
37.124529
37.135178
37.103378
37.113899
36.422717
38.899313
37.933819
37.92204
34.519978
34.894868
34.901984
34.880545
34.887687
34.513767
35.835407
35.326261
35.318098
33.492703
33.686881
33.690739
33.679096
33.68297
33.489307
34.195297
33.91856
33.913921
33.052753
33.121921
33.123208
33.119255
33.120607
33.051849
33.337759
33.212192
33.210096
31.472247
31.79543
31.789631
31.807315
31.801345
31.476154
32.504513
32.161604
32.169644
30.824903
30.892871
30.891896
30.894956
30.893891
30.825563
31.208746
31.015891
31.017336
30.795302
30.784887
30.785763
30.782293
30.783821
30.79357
30.794551
30.78275
30.78232
31.026407
30.935588
30.938131
30.930416
30.933002
31.02351
30.818276
30.8642
30.862099
31.677887
31.458482
31.46213
31.451261
31.454847
31.674091
31.136333
31.278052
31.274635
33.218262
32.706061
32.710262
32.697781
32.70189
33.214122
31.946493
32.284845
32.280787
37.003798
35.677606
35.680531
35.671809
35.674645
37.001492
33.849615
34.651005
34.64753
48.850841
44.296688
44.293532
44.303043
44.299813
48.858375
38.746275
41.087598
41.087973
114.17509
83.146673
83.104146
83.230878
83.188705
114.25189
55.598279
66.024301
66.048731
798.12673
633.37216
634.47101
631.31768
632.29911
789.69971
179.25017
328.56114
328.38231
383.39182
506.64702
509.28263
501.49741
504.05354
381.46504
592.52205
732.07253
728.72582
167.39036
205.79486
206.45266
204.49651
205.14259
166.95231
307.48428
251.46586
250.52909
87.26829
99.237128
99.378661
98.957538
99.096341
87.161125
137.2303
115.21736
115.02128
60.05838
65.04039
65.100065
64.922406
64.981175
60.009101
78.124259
70.915713
70.845275
46.791647
49.333488
49.363445
49.27384
49.303591
46.765776
55.823532
52.290678
52.255882
39.975948
41.28209
41.299658
41.247137
41.264584
39.960604
44.615846
42.801187
42.781369
36.393423
37.082448
37.092854
37.061716
37.072019
36.383734
38.846277
37.887086
37.875546
34.495025
34.866157
34.87333
34.85171
34.858912
34.488727
35.799623
35.293639
35.285487
33.479107
33.671268
33.675163
33.663393
33.667312
33.47567
34.173896
33.899897
33.895175
33.050337
33.116419
33.117825
33.113531
33.114996
33.049392
33.326502
33.203436
33.201267
31.488345
31.819588
31.813424
31.832182
31.825861
31.492516
32.548374
32.19431
32.202791
30.827677
30.897194
30.896055
30.899521
30.898321
30.8284
31.218935
31.022092
31.023785
30.789193
30.780828
30.781703
30.779351
30.779898
30.788319
30.794989
30.781636
30.781313
31.014837
30.925629
30.927894
30.920863
30.923362
31.01223
30.811462
30.855918
30.854171
31.662937
31.444199
31.447707
31.437144
31.440679
31.659249
31.123964
31.264617
31.261294
33.202012
32.68967
32.693697
32.681716
32.685667
33.198058
31.931099
32.268834
32.264905
36.994816
35.666171
35.668928
35.660671
35.66336
36.992656
33.834791
34.637394
34.634098
48.881139
44.309531
44.306238
44.316135
44.312785
48.888757
38.741748
41.089335
41.089832
114.47761
83.314246
83.272517
83.396613
83.355403
114.55113
55.655693
66.121675
66.145806
764.98515
629.48616
630.35687
627.86558
628.63198
756.97658
179.66064
327.8507
327.678
375.81596
496.50368
498.98231
491.66164
494.06489
373.97562
576.88317
719.05085
715.94297
165.66031
203.22064
203.85529
201.96663
202.59063
165.23685
302.21636
247.77009
246.86698
86.845762
98.683205
98.819352
98.413717
98.547414
86.742441
136.09322
114.44305
114.25319
59.862942
64.806154
64.864049
64.691566
64.748623
59.814755
77.792673
70.637282
70.56901
46.688672
49.214589
49.244145
49.155711
49.185086
46.663125
55.660529
52.152355
52.11811
39.914936
41.212401
41.22974
41.177865
41.195104
39.89982
44.525972
42.722195
42.702556
36.35489
37.041164
37.051373
37.020771
37.030898
36.345333
38.794124
37.841264
37.829924
34.469722
34.837196
34.844432
34.822621
34.829888
34.463335
35.764072
35.261047
35.252895
33.465364
33.655459
33.659409
33.647467
33.651447
33.4619
34.152046
33.880914
33.876119
33.047641
33.110492
33.112001
33.107421
33.108978
33.04666
33.315108
33.194442
33.192216
31.505363
31.845058
31.838594
31.858111
31.851566
31.509723
32.594008
32.228527
32.237269
30.830632
30.901953
30.900709
30.904458
30.903179
30.831378
31.229856
31.02911
31.030975
30.784527
30.77769
30.778385
30.776201
30.776856
30.783224
30.795534
30.780156
30.779863
31.004369
30.916463
30.918601
30.91182
30.914275
31.001718
30.804036
30.848814
30.846997
31.648726
31.430421
31.433722
31.423831
31.426997
31.645319
31.112271
31.251694
31.248565
33.186467
32.67391
32.677784
32.66623
32.670037
33.182677
31.91627
32.25337
32.249632
36.986327
35.655287
35.65792
35.649994
35.652585
36.984277
33.82062
34.624436
34.621278
48.911678
44.322843
44.319447
44.329606
44.326188
48.919319
38.737645
41.091515
41.092087
114.76572
83.477844
83.437224
83.557785
83.517839
114.83537
55.712703
66.217616
66.241304
733.58495
626.44359
627.11163
625.21025
625.78529
726.03217
180.02592
327.16913
327.00631
368.57678
486.96415
489.29594
482.40816
484.67068
366.81623
562.27449
706.95455
704.05965
163.98694
200.73328
201.34698
199.51993
200.12362
163.57659
297.14991
244.20377
243.33124
86.437705
98.148622
98.280103
97.887484
98.016977
86.337676
134.9915
113.6924
113.50797
59.671777
64.578547
64.634811
64.467018
64.522531
59.624608
77.471113
70.367302
70.301027
46.586942
49.097174
49.126384
49.038936
49.068005
46.561688
55.500309
52.016126
51.982346
39.854768
41.143506
41.160657
41.109311
41.126379
39.839831
44.436944
42.643876
42.624394
36.316852
37.000514
37.010572
36.980369
36.990371
36.307399
38.742631
37.79617
37.784974
34.444059
34.807978
34.81528
34.793266
34.800603
34.437581
35.728663
35.22844
35.220276
33.451514
33.639403
33.64342
33.631266
33.635321
33.448024
34.129715
33.861644
33.85678
33.044715
33.104224
33.105813
33.101018
33.102643
33.043718
33.303588
33.18526
33.182986
31.523119
31.871316
31.864689
31.884613
31.877938
31.527653
32.640841
32.263541
32.2724
30.833631
30.907029
30.905722
30.909675
30.908332
30.834382
31.241508
31.036799
31.038831
30.780053
30.775014
30.775607
30.773944
30.774473
30.779137
30.796344
30.779194
30.779013
30.993947
30.90791
30.910008
30.900293
30.90213
30.99179
30.798568
30.839342
30.837654
31.634742
31.417299
31.420675
31.410926
31.414093
31.631319
31.100894
31.239492
31.236554
33.171632
32.658801
32.662558
32.651227
32.654925
33.167839
31.902221
32.23835
32.234704
36.978184
35.64476
35.647331
35.63958
35.642149
36.976209
33.806891
34.611987
34.608852
48.942204
44.336387
44.332963
44.343158
44.339742
48.949807
38.733778
41.093955
41.094548
115.03838
83.636316
83.597106
83.713545
83.674923
115.10386
55.768959
66.311617
66.334793
704.02922
624.15637
624.6426
623.27815
623.67728
696.94122
180.34953
326.53436
326.38591
361.64684
477.98273
480.18017
473.68303
475.81876
359.95975
548.60813
695.68171
692.98471
162.36371
198.3255
198.9198
197.14916
197.73448
161.96505
292.26801
240.75762
239.91375
86.042044
97.62979
97.757575
97.375026
97.501361
85.944732
133.92072
112.96188
112.78193
59.484465
64.356869
64.411692
64.247954
64.302165
59.438145
77.158428
70.104941
70.040375
46.48631
48.980966
49.009908
48.923219
48.95206
46.461294
55.342412
51.881547
51.848095
39.795239
41.075265
41.09226
41.041362
41.058284
39.780427
44.348766
42.566176
42.546849
36.279184
36.960303
36.970267
36.940284
36.950228
36.269799
38.691542
37.751549
37.740421
34.418024
34.778477
34.785856
34.763606
34.771028
34.411449
35.693312
35.195757
35.187562
33.437542
33.623043
33.627145
33.614728
33.618877
33.434011
34.106892
33.842088
33.837149
33.041647
33.097705
33.099353
33.094397
33.096074
33.040655
33.291906
33.175904
33.173578
31.541619
31.898047
31.891302
31.911601
31.904783
31.54636
32.688175
32.298919
32.307849
30.836743
30.912402
30.911018
30.915226
30.913794
30.837557
31.253978
31.045169
31.047367
30.776592
30.772967
30.77345
30.772083
30.77252
30.775824
30.797474
30.778682
30.778622
30.979719
30.895933
30.898157
30.892139
30.894009
30.977217
30.793957
30.832884
30.831404
31.620955
31.404434
31.407685
31.398159
31.401368
31.617644
31.084428
31.227617
31.217525
33.156969
32.643963
32.647559
32.636754
32.640348
33.153444
31.888084
32.223929
32.220345
36.970209
35.634418
35.636907
35.629369
35.631802
36.968196
33.793683
34.599829
34.59682
48.972446
44.349911
44.346501
44.356616
44.35323
48.979958
38.729968
41.09636
41.096986
115.29461
83.78914
83.751381
83.863394
83.826291
115.35633
55.824241
66.403326
66.425826
676.32297
622.42437
622.86577
621.44048
621.94629
669.68852
180.63402
325.96192
325.82913
355.00185
469.50391
471.57978
465.44103
467.45921
353.38223
535.80696
685.16526
682.64229
160.78477
195.98955
196.56664
194.84541
195.41489
160.39601
287.55684
237.42122
236.60259
85.656278
97.12267
97.247828
96.872266
96.996477
85.560979
132.87556
112.24803
112.07163
59.300269
64.140122
64.193796
64.033225
64.086439
59.254621
76.852608
69.84892
69.785712
46.386514
48.865656
48.894415
48.808237
48.836932
46.361677
55.186259
51.74812
51.714901
39.73614
41.007596
41.02445
40.97396
40.990748
39.721406
44.261409
42.48912
42.469971
36.241713
36.920268
36.930214
36.900219
36.910187
36.232344
38.640572
37.707072
37.695926
34.391584
34.748645
34.756116
34.733585
34.741109
34.384902
35.657911
35.162914
35.154664
33.423371
33.606306
33.610513
33.597767
33.602035
33.419774
34.08356
33.822195
33.817157
33.03854
33.090995
33.09269
33.0876
33.089321
33.037571
33.279979
33.166338
33.163949
31.561045
31.925377
31.918444
31.93938
31.932334
31.566059
32.735099
32.334583
32.34366
30.840156
30.918155
30.916671
30.921187
30.919654
30.841062
31.26735
31.054188
31.05654
30.773657
30.771299
30.771687
30.770615
30.770954
30.772996
30.799031
30.778643
30.778696
30.970343
30.888495
30.890304
30.884931
30.886703
30.968184
30.789813
30.827098
30.825704
31.597247
31.382537
31.386219
31.375798
31.378896
31.593107
31.073336
31.208011
31.205222
33.142957
32.629582
32.633138
32.622554
32.625983
33.139498
31.861146
32.209676
32.205938
36.962244
35.624288
35.626805
35.619155
35.621677
36.960243
33.780645
34.587893
34.584928
49.002428
44.363314
44.359946
44.369972
44.366636
49.009883
38.726182
41.098901
41.099535
115.53542
83.936064
83.89981
84.007241
83.971774
115.5931
55.878537
66.492735
66.51469
650.40259
620.33559
620.9013
619.11836
619.73939
644.1999
180.88375
325.44942
325.32994
348.61887
461.49179
463.45356
457.65423
459.56025
347.06216
523.80798
675.32892
672.96976
159.24296
193.71555
194.27798
192.59918
193.15493
158.86248
283.00009
234.18142
233.38554
85.277527
96.623367
96.746862
96.375663
96.49859
85.183555
131.85026
111.54696
111.37317
59.118555
63.927136
63.979951
63.82174
63.874217
59.073442
76.551436
69.597823
69.535617
46.287414
48.750954
48.779588
48.693788
48.722372
46.262741
55.031378
51.615536
51.582496
39.677296
40.940449
40.957175
40.90705
40.92372
39.662603
44.174881
42.41281
42.393854
36.204213
36.880094
36.890106
36.859861
36.869933
36.194799
38.589449
37.662399
37.651157
34.364696
34.718422
34.726001
34.703151
34.710788
34.357898
35.622331
35.129817
35.121492
33.408881
33.589102
33.593438
33.580299
33.584706
33.405185
34.059699
33.801849
33.796679
33.035456
33.084111
33.085851
33.080627
33.082393
33.034513
33.267702
33.156503
33.154036
31.581576
31.95369
31.946471
31.968349
31.960936
31.586895
32.781033
32.37084
32.380071
30.843932
30.924309
30.922735
30.9275
30.925893
30.844919
31.281628
31.063762
31.066229
30.771117
30.770028
30.77032
30.769524
30.769777
30.770539
30.800994
30.779015
30.779147
30.96182
30.881455
30.883179
30.878054
30.879743
30.959733
30.786015
30.821649
30.820335
31.582625
31.369806
31.372783
31.363901
31.366844
31.579468
31.063527
31.19703
31.194334
33.128841
32.597092
32.618546
32.587873
32.592009
33.101454
31.846027
32.178137
32.174687
36.954288
35.614044
35.616562
35.608049
35.611422
36.952266
33.741672
34.575487
34.541507
49.032097
44.376566
44.373266
44.383099
44.379831
49.039428
38.722269
41.101398
41.101964
115.76006
84.076826
84.042158
84.144843
84.110969
115.81387
55.931674
66.579553
66.600813
626.17706
617.79666
618.46897
616.37686
617.09746
620.38297
181.10232
324.9883
324.87971
342.48307
453.92736
455.77815
450.31025
452.10624
340.98643
512.5612
666.13584
663.93196
157.7326
191.49576
192.0451
190.40504
190.94807
157.35945
278.58835
231.03098
230.2569
84.903305
96.12888
96.251382
95.882871
96.005014
84.810171
130.84021
110.85533
110.68356
58.93878
63.716926
63.769121
63.612587
63.664558
58.894048
76.253094
69.350263
69.288758
46.188902
48.636721
48.665264
48.579733
48.608243
46.164353
54.877494
51.483572
51.450649
39.618572
40.873766
40.890378
40.840589
40.857147
39.603895
44.08919
42.337267
42.318504
36.166455
36.839489
36.849636
36.818962
36.829191
36.156948
38.537976
37.617254
37.605867
34.337299
34.687776
34.695468
34.672295
34.680043
34.330359
35.586457
35.096404
35.088
33.39395
33.571356
33.575837
33.562266
33.566823
33.390131
34.035299
33.780934
33.775612
33.032408
33.077046
33.078834
33.073466
33.075281
33.031483
33.254994
33.146352
33.1438
31.60336
31.983318
31.975719
31.998547
31.990809
31.608966
32.825645
32.407742
32.417071
30.847959
30.930747
30.929119
30.934023
30.932383
30.848981
31.296735
31.073752
31.076312
30.76887
30.769088
30.769309
30.768701
30.7689
30.768351
30.803164
30.779623
30.779785
30.953556
30.874715
30.876375
30.871425
30.873062
30.951521
30.782445
30.816492
30.815235
31.570148
31.358049
31.360965
31.35225
31.355136
31.567072
31.054039
31.186346
31.183716
33.089794
32.581122
32.584424
32.574523
32.577797
33.086635
31.833067
32.164815
32.16156
36.892262
35.560965
35.567666
35.554284
35.556783
36.886386
33.724965
34.527517
34.524783
49.06124
44.389553
44.386368
44.282301
44.391433
49.066975
38.652028
41.028262
41.018844
115.96953
84.211333
84.178227
84.274324
84.244068
116.01974
55.98343
66.663536
66.682415
603.55685
614.86511
615.63096
613.26697
614.07496
598.15017
181.29354
324.57067
324.46962
336.58361
446.80091
448.54305
443.39729
445.08674
335.14442
502.01877
657.54586
655.49199
156.25102
189.32684
189.86367
188.26108
188.79173
155.88494
274.31588
227.96672
227.2138
84.531971
95.637498
95.759359
95.392715
95.51431
84.439397
129.8434
110.17122
110.00115
58.76033
63.508619
63.560416
63.404948
63.456608
58.715873
75.956331
69.105081
69.044002
46.090873
48.522833
48.551301
48.466055
48.494462
46.066454
54.724307
51.352019
51.319203
39.559907
40.807534
40.82403
40.774598
40.791033
39.545249
44.004341
42.262525
42.243975
36.128281
36.798267
36.808585
36.777408
36.787812
36.118659
38.486094
37.571501
37.559962
34.309381
34.656723
34.664519
34.641066
34.648906
34.30234
35.550243
35.062679
35.054205
33.378504
33.553036
33.557666
33.543665
33.548367
33.374556
34.010383
33.75941
33.753942
33.029363
33.069789
33.071625
33.066113
33.067976
33.028445
33.24183
33.135875
33.133244
31.626107
32.014
32.006146
32.029627
32.021697
31.631868
32.868943
32.445041
32.454433
30.852051
30.937322
30.935674
30.940636
30.938982
30.853069
31.312577
31.08412
31.086783
30.766826
30.768347
30.76853
30.768022
30.768191
30.766348
30.805358
30.780306
30.780477
30.945485
30.86817
30.869788
30.864956
30.866557
30.943492
30.779039
30.811538
30.810326
31.557913
31.346503
31.349366
31.340832
31.343662
31.554885
31.04479
31.175908
31.173341
33.077168
32.567975
32.571223
32.561449
32.564699
33.07402
31.820311
32.151808
32.148587
36.880891
35.549556
35.551897
35.544796
35.547155
36.879257
33.713046
34.516624
34.513872
48.935145
44.280294
44.277254
44.288623
44.284451
48.942765
38.644926
41.018127
41.019345
115.31754
83.86104
83.921764
83.908829
83.87576
115.32144
55.809291
66.408989
66.431833
582.43835
611.56805
612.42681
605.45362
606.28592
578.02077
179.70307
321.01349
320.83656
330.9123
440.09908
441.73791
439.3226
440.88885
330.80949
492.65788
648.76502
647.11452
154.79737
187.20847
187.7322
186.53258
187.05268
154.43839
270.91217
225.54996
224.8369
84.162631
95.148463
95.269831
94.904744
95.025877
84.070479
128.85914
109.49363
109.32509
58.582858
63.301517
63.353067
63.198301
63.249752
58.538616
75.66042
68.861328
68.800514
45.99344
48.409444
48.437766
48.353049
48.38126
45.969205
54.571742
51.220985
51.188345
39.501335
40.741797
40.758163
40.709125
40.725427
39.486711
43.920423
42.188664
42.170339
36.089644
36.75639
36.766877
36.735226
36.745788
36.079913
38.43386
37.525159
37.513487
34.281075
34.625341
34.633218
34.609559
34.617466
34.273947
35.513722
35.028706
35.020185
33.362549
33.534163
33.538934
33.524529
33.529372
33.358484
33.984929
33.73733
33.731737
33.026278
33.062349
33.064228
33.058591
33.060493
33.025354
33.22825
33.125115
33.122421
31.649487
32.045414
32.037399
32.061308
32.05324
31.655426
32.911327
32.482609
32.492081
30.856103
30.943971
30.94231
30.947325
30.945652
30.857109
31.329138
31.09491
31.097678
30.764945
30.767725
30.76788
30.767466
30.767602
30.764508
30.807545
30.781042
30.781239
30.937606
30.861786
30.863363
30.858669
30.860218
30.935674
30.775829
30.80679
30.80564
31.545894
31.335221
31.338017
31.329679
31.33244
31.542922
31.035777
31.165729
31.163225
33.064588
32.554944
32.558181
32.548397
32.551658
33.061462
31.807743
32.138956
32.135752
36.87427
35.540016
35.542386
35.535222
35.537602
36.872632
33.701058
34.505677
34.502879
48.967065
44.296924
44.292777
44.305196
44.301064
48.975209
38.642658
41.022777
41.023894
115.47981
83.97898
83.94408
84.047815
84.01356
115.53345
55.865994
66.500323
66.522681
563.52584
603.69652
604.58856
601.86406
602.79048
558.8347
179.91277
320.70598
320.67042
326.73983
436.16404
437.73279
433.10065
434.61995
325.39659
483.32024
641.79676
640.0024
153.37123
185.49882
186.01369
184.4761
184.98553
153.01858
266.89775
222.65286
221.93322
83.79485
94.66155
94.782458
94.418896
94.539567
83.703058
127.88705
108.82196
108.65485
58.406251
63.095274
63.146641
62.992429
63.043715
58.362232
75.365101
68.618483
68.557849
45.896814
48.296905
48.324988
48.24104
48.268981
45.872806
54.420007
51.090766
51.058375
39.442918
40.676587
40.692822
40.644172
40.660347
39.428339
43.837496
42.115681
42.097559
36.050596
36.713936
36.724565
36.692535
36.703221
36.040779
38.381386
37.478331
37.466559
34.252441
34.593737
34.601666
34.577881
34.585828
34.245242
35.476984
34.994578
34.986034
33.346152
33.514773
33.519681
33.504908
33.509869
33.341992
33.959042
33.714782
33.709086
33.023109
33.054755
33.056669
33.050935
33.052866
33.022167
33.214336
33.114143
33.111406
31.673592
32.077312
32.06919
32.093366
32.085225
31.679715
32.953419
32.520466
32.530008
30.860127
30.950703
30.949019
30.954107
30.952411
30.861136
31.346403
31.106137
31.109011
30.763247
30.767252
30.767363
30.767095
30.767177
30.762862
30.809783
30.781913
30.782154
30.929975
30.855615
30.857132
30.852627
30.85411
30.928108
30.772857
30.802296
30.801213
31.534077
31.324196
31.326931
31.318787
31.321482
31.531156
31.027022
31.155828
31.153391
33.052026
32.541856
32.545122
32.5353
32.538564
33.048873
31.795308
32.126145
32.122943
36.867595
35.530371
35.532754
35.525527
35.527908
36.865964
33.688976
34.494608
34.491843
48.999039
44.313261
44.309322
44.32151
44.317381
49.007134
38.64031
41.027301
41.02844
115.68512
84.115493
84.081809
84.18094
84.147736
115.73609
55.921356
66.588894
66.61074
545.24487
599.96285
600.92342
597.99732
598.98952
540.87241
180.12748
320.56793
320.53612
321.44332
430.13366
431.60606
427.25638
428.68409
320.15047
474.63555
634.5781
632.75678
151.97015
183.46437
183.96837
182.46336
182.96207
151.6236
262.97444
219.80262
219.1015
83.428441
94.176785
94.297222
93.935224
94.055421
83.336982
126.9269
108.15584
107.99007
58.230552
62.889748
62.940963
62.787227
62.838371
58.186768
75.070375
68.376261
68.315757
45.801125
48.185475
48.213264
48.130224
48.157851
45.777362
54.269362
50.961622
50.929533
39.38468
40.61187
40.627988
40.579668
40.595739
39.370143
43.755499
42.043461
42.025506
36.011238
36.671045
36.681777
36.649479
36.660252
36.001362
38.32877
37.431145
37.419302
34.223541
34.562005
34.569965
34.546113
34.554082
34.216285
35.440131
34.960383
34.951835
33.329406
33.494952
33.49996
33.484917
33.489964
33.325174
33.932828
33.691846
33.686064
33.019817
33.047047
33.048986
33.04318
33.045134
33.018845
33.200182
33.103033
33.100269
31.698389
32.109485
32.10132
32.125628
32.11746
31.704652
32.995841
32.558572
32.568204
30.86416
30.957529
30.955825
30.960971
30.959261
30.865174
31.364252
31.117728
31.120672
30.761773
30.766997
30.767047
30.766969
30.766985
30.761446
30.812126
30.782982
30.783277
30.92262
30.849705
30.851156
30.846859
30.84827
30.920827
30.770134
30.798074
30.797057
31.522441
31.31343
31.316095
31.308131
31.310768
31.519553
31.018539
31.146198
31.143829
33.039418
32.52877
32.532032
32.522207
32.525468
33.036254
31.782993
32.113383
32.110194
36.860908
35.520688
35.523072
35.515823
35.518243
36.859296
33.676798
34.483478
34.480714
49.030839
44.329548
44.325444
44.337592
44.333484
49.038641
38.637945
41.031839
41.033031
115.88071
84.245504
84.213966
84.309323
84.278141
115.92711
55.976084
66.675701
66.697172
528.21356
595.97008
596.99289
593.88465
594.93664
524.14333
180.3302
320.44932
320.42542
316.34294
424.46303
425.84923
421.74811
423.09543
315.09684
466.47526
627.25999
625.41687
150.59304
181.4729
181.96639
180.49275
180.98117
150.25236
259.16527
217.02465
216.34085
83.063307
93.694215
93.814172
93.453775
93.573478
82.972165
125.97847
107.49499
107.33052
58.055814
62.68486
62.735936
62.582655
62.633657
58.012288
74.776337
68.134508
68.074114
45.70643
48.075302
48.102761
48.020717
48.048002
45.682918
54.120037
50.833754
50.802012
39.326597
40.54755
40.56358
40.515502
40.531499
39.312092
43.67432
41.971852
41.954025
35.97168
36.627857
36.63866
36.606188
36.617016
35.961771
38.276068
37.383707
37.371813
34.194436
34.530214
34.538188
34.514315
34.52229
34.187141
35.403256
34.926188
34.91765
33.312402
33.474816
33.479898
33.464659
33.469769
33.308119
33.906352
33.668588
33.662737
33.016356
33.039253
33.041211
33.035342
33.03732
33.01534
33.185866
33.091844
33.089066
31.723635
32.141809
32.133631
32.157934
32.149801
31.729955
33.039122
32.596938
32.606624
30.868212
30.964422
30.962709
30.967883
30.966166
30.86923
31.382473
31.129545
31.132518
30.760542
30.767007
30.766989
30.767118
30.767062
30.760278
30.814583
30.784271
30.784622
30.915557
30.844078
30.845458
30.841367
30.842712
30.913832
30.767656
30.794114
30.793162
31.510961
31.302878
31.305496
31.297676
31.300269
31.508111
31.010315
31.136826
31.134515
33.026702
32.515669
32.518929
32.509119
32.512395
33.023487
31.770781
32.100652
32.09746
36.854299
35.51103
35.513389
35.506207
35.508606
36.852578
33.664507
34.472324
34.46957
49.062269
44.345633
44.341529
44.353495
44.34957
49.070022
38.635596
41.036409
41.037636
116.06655
84.37244
84.341559
84.435086
84.404485
116.11155
56.029504
66.760478
66.781004
512.36786
591.7424
592.82202
589.54734
590.653
508.58382
180.53086
320.36719
320.35389
311.42558
419.10573
420.41746
416.53214
417.81034
310.22326
458.79205
619.86157
618.00092
149.23912
179.52265
180.00611
178.56233
179.04097
148.90414
255.46402
214.31417
213.64648
82.699407
93.21393
93.333368
92.974693
93.093858
82.608572
125.0417
106.83922
106.67601
57.882163
62.480627
62.531548
62.378793
62.429623
57.838939
74.483073
67.89319
67.832914
45.612754
47.966474
47.993585
47.912572
47.939507
45.589498
53.972239
50.707317
50.675945
39.268615
40.483506
40.49948
40.45155
40.467506
39.254125
43.593858
41.900702
41.882968
35.932015
36.584484
36.595331
36.562752
36.573615
35.922092
38.223295
37.336084
37.324152
34.165206
34.498428
34.506397
34.482556
34.490519
34.157896
35.36643
34.892049
34.883533
33.295222
33.454457
33.459591
33.444218
33.449369
33.290909
33.879666
33.645079
33.639179
33.012676
33.03138
33.033356
33.027427
33.02943
33.011601
33.171464
33.080617
33.077834
31.748967
32.174016
32.16593
32.189989
32.181966
31.755277
33.083464
32.635446
32.645112
30.872291
30.971361
30.969635
30.974858
30.973124
30.873327
31.400816
31.141458
31.144446
30.759569
30.767295
30.767204
30.767544
30.767416
30.759368
30.817164
30.785784
30.786191
30.908758
30.838721
30.840033
30.836136
30.837415
30.907095
30.765422
30.790402
30.789507
31.49962
31.292526
31.295097
31.287401
31.289961
31.496807
31.002328
31.127659
31.125395
33.013884
32.502576
32.505848
32.496047
32.499314
33.010661
31.758673
32.087945
32.084785
36.847666
35.501417
35.503797
35.496597
35.49897
36.846038
33.652164
34.461212
34.458433
49.093359
44.361369
44.357436
44.36944
44.365501
49.101142
38.633258
41.041136
41.042277
116.24519
84.496089
84.465661
84.557999
84.527741
116.28945
56.082573
66.843656
66.864008
497.63327
587.30172
588.43236
585.00953
586.16301
494.11125
180.73634
320.33514
320.33707
306.67882
414.02301
415.26922
411.5748
412.79113
305.51774
451.56837
612.40171
610.52877
147.90771
177.61141
178.08544
176.66952
177.13913
147.57822
251.86352
211.66618
211.01337
82.336663
92.736066
92.854957
92.498053
92.616663
82.246101
124.11668
106.18852
106.02662
57.709781
62.277178
62.327904
62.175798
62.226411
57.666901
74.190557
67.652353
67.59221
45.520099
47.859003
47.885769
47.805755
47.832356
45.497093
53.826084
50.582357
50.551346
39.210664
40.419616
40.435564
40.387695
40.403638
39.196171
43.514025
41.829875
41.812204
35.89231
36.540998
36.551874
36.519226
36.530113
35.882385
38.170439
37.288313
37.276349
34.135954
34.466716
34.474662
34.450915
34.458841
34.128658
35.329704
34.858021
34.849542
33.277946
33.433955
33.439119
33.423677
33.428847
33.273622
33.852858
33.621412
33.615491
33.008718
33.023429
33.025423
33.019431
33.021459
33.007568
33.157036
33.069385
33.066605
31.774102
32.205831
32.197876
32.221367
32.213634
31.780324
33.128855
32.673864
32.683341
30.876475
30.978395
30.976642
30.981989
30.980204
30.877558
31.419084
31.153446
31.156452
30.758848
30.767854
30.767693
30.768223
30.768029
30.758702
30.819921
30.787521
30.787986
30.90219
30.8336
30.834857
30.831111
30.832345
30.900577
30.763412
30.786902
30.786051
31.488407
31.28232
31.284854
31.277264
31.279791
31.485624
30.994521
31.118661
31.116426
33.00104
32.489534
32.492794
32.483026
32.486272
32.997829
31.746646
32.075309
32.072168
36.841062
35.491856
35.494219
35.487082
35.489437
36.839461
33.639819
34.450119
34.447312
49.12425
44.377336
44.373394
44.385076
44.381119
49.132055
38.631027
41.045756
41.046938
116.42164
84.618389
84.588249
84.678573
84.648536
116.46561
56.135056
66.925576
66.945819
483.90936
582.67384
583.84852
580.29796
581.49255
480.6251
180.95341
320.36732
320.38641
302.09309
409.18501
410.37227
406.85101
408.0106
300.97074
444.82572
604.8947
603.01101
146.59762
175.73627
176.20162
174.81153
175.27264
146.27319
248.35673
209.07763
208.43912
81.97492
92.26067
92.378992
92.02392
92.141948
81.884582
123.20363
105.54308
105.38252
57.538795
62.07467
62.125162
61.973804
62.02417
57.496269
73.898691
67.412047
67.352038
45.428431
47.752815
47.779259
47.700168
47.72646
45.405661
53.681568
50.458807
50.42813
39.152679
40.355774
40.37172
40.32385
40.339799
39.138171
43.434735
41.759262
41.741632
35.852606
36.497439
36.508335
36.475639
36.486543
35.842684
38.117484
37.240412
37.228418
34.106801
34.43517
34.443066
34.419489
34.427353
34.099549
35.293113
34.824165
34.815737
33.260654
33.413403
33.41857
33.40314
33.408299
33.25634
33.826064
33.597712
33.591804
33.00443
33.015396
33.017409
33.011353
33.013406
33.003194
33.142637
33.058179
33.055409
31.79872
32.236793
32.229081
32.252049
32.244428
31.804807
33.175056
32.711781
32.721225
30.880888
30.985659
30.983827
30.989406
30.987538
30.882045
31.437128
31.165533
31.168546
30.758337
30.768636
30.768421
30.769083
30.768851
30.758229
30.822903
30.789461
30.789972
30.895792
30.828657
30.829876
30.82623
30.827436
30.894214
30.761563
30.783548
30.782721
31.477298
31.272242
31.274749
31.267238
31.269733
31.474542
30.986848
31.109773
31.107569
32.988235
32.476558
32.479796
32.470099
32.473324
32.985046
31.734723
32.062743
32.059613
36.834554
35.482327
35.484672
35.477589
35.479927
36.832897
33.627547
34.438986
34.436227
49.155225
44.393034
44.389058
44.400799
44.397002
49.162814
38.628802
41.050518
41.051734
116.59486
84.73857
84.708574
84.798299
84.768476
116.63882
56.187449
67.007075
67.027221
471.10383
577.88478
579.09743
575.43634
576.6664
468.03617
181.18539
320.46857
320.50528
297.66076
404.57211
405.70447
402.34598
403.45221
296.57594
438.58153
597.35801
595.47271
145.30713
173.89487
174.35205
172.98632
173.43948
144.98739
244.94009
206.54473
205.92089
81.613979
91.787805
91.905541
91.552317
91.669758
81.523819
122.30247
104.90309
104.74393
57.369207
61.873204
61.923441
61.772875
61.82298
57.327022
73.60737
67.172247
67.112363
45.337687
47.647804
47.673951
47.595713
47.621719
45.315136
53.538608
50.336566
50.306205
39.094623
40.291919
40.307873
40.259982
40.27594
39.080095
43.355902
41.688798
41.671201
35.812923
36.453829
36.464739
36.432011
36.442927
35.803009
38.064423
37.192395
37.180376
34.077857
34.403888
34.41171
34.388374
34.396151
34.07067
35.256677
34.790531
34.782166
33.24343
33.392911
33.398051
33.382725
33.387841
33.239145
33.799451
33.57412
33.568262
32.999773
33.007282
33.009313
33.0032
33.005274
32.998445
33.128323
33.047034
33.044283
31.822886
32.26714
32.259594
32.282063
32.274613
31.828847
33.221566
32.749313
32.758617
30.885649
30.993263
30.991334
30.997235
30.995249
30.886906
31.455049
31.177761
31.180862
30.757941
30.769551
30.769312
30.770024
30.769783
30.757846
30.826156
30.79156
30.792099
30.88951
30.823816
30.825016
30.82141
30.82261
30.887951
30.759776
30.780249
30.779424
31.466273
31.262245
31.264738
31.257275
31.259761
31.463536
30.979259
31.100971
31.098783
32.975497
32.463669
32.46688
32.457251
32.460466
32.972333
31.722865
32.050278
32.047156
36.828046
35.472867
35.475198
35.468106
35.470482
36.826413
33.615307
34.427891
34.425143
49.186078
44.408787
44.404801
44.416614
44.412617
49.19367
38.626534
41.055419
41.056662
116.76836
84.8578
84.828088
84.915768
84.887438
116.80993
56.239325
67.087515
67.107548
459.1364
572.95573
574.20203
570.4451
571.70591
456.26703
181.43479
320.63961
320.69247
293.37669
400.17138
401.25197
398.04602
399.10255
292.32825
432.85089
589.82294
587.94214
144.035
172.0858
172.53499
171.19331
171.63851
143.71972
241.61176
204.06712
203.45538
81.253707
91.317487
91.434616
91.083359
91.200146
81.16373
121.41267
104.26872
104.111
57.200972
61.672823
61.722791
61.573069
61.622889
57.159124
73.316571
66.932961
66.873231
45.247793
47.543891
47.569758
47.492332
47.518063
45.225441
53.39712
50.215592
50.185549
39.036488
40.228044
40.244005
40.196113
40.21207
39.021945
43.27746
41.618472
41.600914
35.773275
36.410188
36.421107
36.388365
36.399285
35.763372
38.011272
37.144289
37.132254
34.049214
34.372956
34.380682
34.357641
34.365315
34.042119
35.220404
34.757159
34.748862
33.226353
33.3726
33.377683
33.362546
33.367591
33.222117
33.77318
33.550779
33.545004
32.994741
32.999102
33.001146
32.994994
32.997084
32.993326
33.114145
33.035985
33.033261
31.846532
32.296823
32.289454
32.311432
32.304139
31.85237
33.267849
32.786203
32.79533
30.890834
31.001326
30.999279
31.005538
31.00343
30.892202
31.47283
31.19025
31.193413
30.757549
30.77049
30.770255
30.770935
30.770712
30.757439
30.829668
30.793736
30.794285
30.883286
30.819005
30.820205
30.816592
30.817796
30.881735
30.757946
30.776925
30.776082
31.455316
31.252309
31.25479
31.24736
31.249837
31.452582
30.971724
31.092226
31.090043
32.962863
32.450884
32.454063
32.444527
32.447711
32.959728
31.711086
32.037877
32.034795
36.821523
35.463359
35.465729
35.458669
35.461041
36.819898
33.603168
34.416841
34.414066
49.216728
44.424458
44.420455
44.432321
44.428308
49.224338
38.624235
41.060294
41.061436
116.93978
84.974699
84.945275
85.032041
85.002776
116.98139
56.291061
67.167432
67.187301
447.93764
567.90683
569.18094
565.34302
566.62962
445.25065
181.70038
320.87582
320.94501
289.23635
395.96742
397.00088
393.934
394.94538
288.22298
427.63642
582.31523
580.44499
142.78059
170.30884
170.75005
169.43243
169.86962
142.46974
238.37079
201.64273
201.04432
80.894312
90.850031
90.966422
90.617582
90.733539
80.804654
120.53347
103.64015
103.48393
57.034108
61.473629
61.52329
61.374535
61.424021
56.992614
73.026512
66.694399
66.634908
45.158677
47.441039
47.466633
47.390006
47.415466
45.13651
53.25708
50.095917
50.066206
38.978307
40.164198
40.180148
40.132311
40.148247
38.963761
43.199381
41.548326
41.530824
35.733678
36.366545
36.377464
36.344736
36.35565
35.723792
37.95807
37.096131
37.084091
34.020974
34.342434
34.350051
34.327338
34.334898
34.013992
35.184299
34.724069
34.715845
33.209494
33.352578
33.357577
33.342701
33.347652
33.205321
33.747414
33.527829
33.522169
32.989358
32.990886
32.992934
32.98677
32.988866
32.987868
33.100138
33.025068
33.022381
31.869759
32.325923
32.318687
32.340314
32.333131
31.875512
33.313424
32.822471
32.831431
30.896468
31.009878
31.007705
31.014346
31.01211
30.897948
31.490553
31.20302
31.20626
30.757066
30.771356
30.771146
30.771746
30.771553
30.756923
30.833426
30.795941
30.796493
30.877084
30.814172
30.815381
30.811742
30.812954
30.875533
30.756003
30.773522
30.772659
31.444393
31.242409
31.244883
31.23746
31.239934
31.441667
30.964227
31.083502
31.081323
32.950317
32.438201
32.441371
32.431903
32.435059
32.947186
31.699354
32.025565
32.022488
36.815046
35.453945
35.456306
35.449227
35.451585
36.813432
33.591117
34.405759
34.402996
49.247428
44.440026
44.436173
44.447908
44.444071
49.255037
38.621995
41.065139
41.066308
117.11108
85.088918
85.061148
85.145298
85.117776
117.1525
56.34207
67.245961
67.265591
437.44774
562.7572
564.05438
560.15036
561.45792
434.92907
181.98095
321.17095
321.25319
285.23508
391.9444
392.93387
389.99707
390.96585
284.25597
422.93345
574.86297
573.01179
141.54413
168.56417
168.9973
167.70412
168.13316
141.23792
235.21436
199.27151
198.6876
80.536483
90.386107
90.501579
90.155661
90.270626
80.447347
119.66468
103.01771
102.86307
56.868702
61.275807
61.325108
61.177474
61.226574
56.827588
72.737655
66.456935
66.397782
45.07029
47.339232
47.364559
47.288709
47.313908
45.048299
53.118504
49.977587
49.948211
38.920138
40.100463
40.116379
40.068667
40.084557
38.905609
43.121674
41.47843
41.461001
35.69416
36.322942
36.333848
36.301171
36.312066
35.684299
37.904875
37.047973
37.035943
33.99321
34.312353
34.319855
34.297482
34.304925
33.986353
35.148375
34.691276
34.683127
33.192905
33.332926
33.337823
33.323254
33.328097
33.188807
33.722218
33.505354
33.499817
32.983683
32.982668
32.984716
32.978558
32.980657
32.982134
33.086366
33.014319
33.011678
31.892737
32.354668
32.347489
32.368967
32.361818
31.898463
33.358031
32.858157
32.867023
30.902541
31.018936
31.016634
31.023639
31.021283
30.904126
31.508373
31.216122
31.219452
30.756443
30.772106
30.771928
30.772436
30.772273
30.756265
30.837408
30.798154
30.79871
30.870882
30.809301
30.81052
30.806855
30.808076
30.869331
30.753929
30.770037
30.769158
31.433482
31.232503
31.234978
31.227551
31.230028
31.430757
30.956746
31.074787
31.072609
32.937857
32.425629
32.428775
32.41938
32.422494
32.934774
31.687658
32.013311
32.01025
36.808529
35.444471
35.446822
35.439779
35.442125
36.806854
33.579087
34.394724
34.391974
49.277821
44.45581
44.45178
44.463524
44.45968
49.285408
38.619727
41.069966
41.071288
117.27855
85.202327
85.173886
85.25616
85.229303
117.31956
56.392295
67.32338
67.342004
427.61111
557.52546
558.84202
554.88462
556.20867
425.24834
182.27268
321.51581
321.60918
281.36913
388.09066
389.03866
386.22441
387.15279
280.42323
418.7248
567.49061
565.6614
140.32654
166.85236
167.27727
166.00887
166.42966
140.02518
232.14056
196.95306
196.38222
80.180975
89.926284
90.04072
89.697985
89.811892
80.092506
118.80665
102.4016
102.24856
56.704844
61.079552
61.128444
60.98206
61.030733
56.664124
72.450538
66.220944
66.162209
44.982594
47.238429
47.263505
47.18838
47.21334
44.960769
52.981369
49.860584
49.831525
38.862068
40.036936
40.052793
40.005281
40.021099
38.847579
43.044361
41.408851
41.391511
35.654759
36.279428
36.290309
36.257724
36.268584
35.644933
37.851768
36.999879
36.987876
33.965956
34.282719
34.290105
34.268064
34.275395
33.959226
35.112649
34.658785
34.650711
33.176626
33.31369
33.318476
33.304235
33.308965
33.172608
33.697604
33.483377
33.477964
32.977786
32.974465
32.976519
32.970396
32.972476
32.976198
33.072879
33.00377
33.001182
31.915694
32.383282
32.376132
32.397616
32.390454
31.921464
33.401593
32.893476
32.902294
30.909003
31.028452
31.026042
31.03337
31.030907
30.910671
31.526411
31.229597
31.233027
30.755684
30.77274
30.77259
30.773025
30.772885
30.755477
30.841573
30.800377
30.800935
30.864687
30.804408
30.80563
30.801966
30.803184
30.863141
30.751752
30.766505
30.76562
31.422571
31.222588
31.225067
31.217621
31.22011
31.419835
30.949277
31.066066
31.063886
32.925484
32.413131
32.416255
32.406918
32.410014
32.922397
31.675966
32.001093
31.998057
36.801975
35.435053
35.437438
35.430388
35.432721
36.800381
33.567131
34.383737
34.380998
49.30809
44.471247
44.467401
44.47897
44.475125
49.315626
38.617562
41.074887
41.076108
117.44419
85.310515
85.284038
85.364067
85.338003
117.4846
56.441947
67.398705
67.417625
418.38085
552.22912
553.5603
549.56084
550.89852
416.16276
182.57452
321.90355
322.00738
277.63362
384.39694
385.30608
382.60726
383.49803
276.71935
414.99568
560.21452
558.41181
139.12851
165.17366
165.59032
164.34666
164.75923
138.8321
229.14851
194.68779
194.12979
79.828236
89.470748
89.584133
89.244556
89.35743
79.740491
117.95966
101.79186
101.64041
56.542562
60.885007
60.933458
60.7884
60.836624
56.50223
72.165584
65.986712
65.928449
44.895546
47.13855
47.1634
47.088925
47.113672
44.873875
52.845581
49.744804
49.716028
38.804201
39.973717
39.989489
39.942253
39.957974
38.78978
42.967458
41.339646
41.322407
35.615514
36.236061
36.2469
36.21445
36.225263
35.605732
37.798851
36.951924
36.939969
33.939209
34.25351
34.260789
34.239054
34.246282
33.932601
35.077135
34.626593
34.61859
33.160679
33.294889
33.299562
33.285652
33.290269
33.156745
33.673553
33.461898
33.456605
32.971746
32.966348
32.968385
32.962343
32.964391
32.970138
33.059707
32.993446
32.990916
31.938848
32.411997
32.40481
32.426448
32.419216
31.944689
33.444229
32.92862
32.937419
30.915764
31.038369
31.035863
31.04344
31.040901
30.91749
31.544753
31.243435
31.246941
30.754828
30.773293
30.773162
30.773551
30.773424
30.754605
30.845874
30.80261
30.80317
30.858517
30.799534
30.800747
30.797117
30.798322
30.856978
30.749523
30.762974
30.762096
31.411633
31.212652
31.215143
31.207684
31.210172
31.408906
30.941823
31.057335
31.055157
32.913157
32.400703
32.403808
32.394498
32.3976
32.910084
31.664274
31.988911
31.985869
36.795484
35.425689
35.428015
35.421011
35.423326
36.793844
33.555227
34.372756
34.369988
49.338123
44.486698
44.482849
44.494422
44.490576
49.345316
38.615443
41.079929
41.081177
117.6075
85.41681
85.389904
85.467419
85.442213
117.64733
56.490891
67.472325
67.4901
409.71389
546.88122
548.22465
544.19161
545.53962
407.63041
182.88636
322.33368
322.44905
274.023
380.85323
381.72619
379.13302
379.98926
273.13888
411.7286
553.04762
551.27253
137.95028
163.52783
163.93634
162.71708
163.12156
137.6588
226.23314
192.47354
191.92813
79.47838
89.019372
89.131751
88.795173
88.907069
79.391347
117.12382
101.18845
101.03857
56.381815
60.692242
60.740239
60.596535
60.644304
56.341856
71.882996
65.75442
65.69666
44.809097
47.039491
47.064142
46.990239
47.0148
44.787566
52.710997
49.630098
49.601566
38.746655
39.910903
39.926565
39.879676
39.895276
38.732334
42.890972
41.270861
41.253732
35.576457
36.192895
36.203679
36.171404
36.182155
35.566726
37.746241
36.904194
36.892309
33.912932
34.224683
34.231867
34.210391
34.217536
33.906431
35.041835
34.594674
34.586733
33.145077
33.27652
33.281082
33.267492
33.272
33.141229
33.650011
33.44089
33.435708
32.965634
32.958362
32.960368
32.954435
32.956442
32.964021
33.046863
32.983364
32.980894
31.962319
32.440954
32.433684
32.455521
32.448236
31.96824
33.486184
32.96376
32.97257
30.922719
31.04856
31.045996
31.053727
31.051142
30.924478
31.563426
31.257577
31.261151
30.753926
30.773803
30.773679
30.774056
30.773931
30.753699
30.850254
30.804855
30.805418
30.852393
30.794719
30.795914
30.792346
30.79353
30.850875
30.747304
30.759495
30.758638
31.400711
31.202717
31.205205
31.197756
31.200234
31.39798
30.934399
31.048614
31.046441
32.900855
32.388307
32.391403
32.382132
32.38522
32.897793
31.652609
31.976775
31.973731
36.789029
35.416358
35.41866
35.411732
35.414021
36.787492
33.543303
34.36178
34.359071
49.367592
44.502147
44.498303
44.50969
44.505838
49.374709
38.613523
41.084964
41.086249
117.76611
85.518485
85.492422
85.567468
85.54307
117.80552
56.5386
67.544125
67.561425
401.57188
541.49277
542.84522
538.78587
540.14203
399.61384
183.20925
322.80907
322.93608
270.53144
377.44667
378.2858
375.79403
376.61625
269.67677
408.89704
545.99169
544.24471
136.79163
161.91445
162.31485
161.11966
161.51619
136.50499
223.39513
190.30963
189.7766
79.131324
88.571935
88.68336
88.349655
88.460608
79.044976
116.29901
100.59132
100.44301
56.222534
60.501277
60.548818
60.406467
60.453782
56.18293
71.6028
65.524172
65.466932
44.723195
46.941155
46.965632
46.892232
46.91663
44.701793
52.577477
49.516324
49.488005
38.689549
39.848581
39.864113
39.817624
39.833086
38.675355
42.814899
41.202526
41.185512
35.537608
36.14998
36.160696
36.128628
36.139307
35.527929
37.694055
36.856775
36.84498
33.887055
34.196164
34.203276
34.181994
34.189077
33.880638
35.006729
34.562982
34.555087
33.129818
33.25856
33.263018
33.24972
33.254131
33.126053
33.626899
33.420306
33.415218
32.959508
32.950533
32.952501
32.946691
32.948653
32.957901
33.034339
32.973526
32.971115
31.986117
32.470174
32.462838
32.484875
32.477513
31.992097
33.527733
32.99897
33.007804
30.929774
31.05892
31.056324
31.064133
31.061527
30.931546
31.582389
31.271931
31.275545
30.753035
30.774313
30.774186
30.774581
30.774447
30.752819
30.854662
30.807116
30.807686
30.846346
30.790001
30.791171
30.787685
30.788839
30.844851
30.745149
30.756111
30.755284
31.389804
31.192798
31.195278
31.187855
31.190327
31.387089
30.927028
31.039924
31.037757
32.888597
32.375955
32.379034
32.369816
32.372885
32.885546
31.640992
31.964676
31.961669
36.782727
35.407085
35.409409
35.402527
35.404834
36.781236
33.531446
34.350868
34.34813
49.396496
44.517428
44.513573
44.524984
44.521313
49.403818
38.611745
41.090157
41.091354
117.92332
85.615704
85.591675
85.66318
85.639486
117.96261
56.585445
67.613373
67.630223
393.91834
536.07106
537.43164
533.34889
534.7129
392.07746
183.54522
323.33253
323.47332
267.15532
374.17677
374.98108
372.59713
373.38269
266.32884
406.47425
539.04966
537.33168
135.65212
160.33275
160.72535
159.55363
159.94234
135.37019
220.63084
188.19461
187.67367
78.786976
88.128334
88.238813
87.907996
88.017987
78.701301
115.48511
100.00054
99.853854
56.064654
60.312098
60.35919
60.218167
60.265039
56.025389
71.324953
65.29602
65.239307
44.63779
46.843459
46.867783
46.794827
46.819083
44.616504
52.444914
49.403372
49.375244
38.63298
39.78681
39.802199
39.756137
39.771455
38.61893
42.739221
41.134652
41.117751
35.498968
36.107352
36.117992
36.086153
36.096753
35.48934
37.642389
36.809739
36.798048
33.861482
34.167862
34.174926
34.153762
34.16081
33.855124
34.97178
34.531448
34.523582
33.114883
33.240963
33.245331
33.232283
33.236611
33.111194
33.604115
33.400071
33.395056
32.95341
32.942871
32.944798
32.939115
32.941029
32.951821
33.022111
32.963921
32.961563
32.010176
32.499629
32.492241
32.514403
32.507001
32.01624
33.569117
33.034305
33.043152
30.936863
31.069357
31.066746
31.074591
31.071972
30.938636
31.601546
31.286436
31.290075
30.752207
30.774864
30.774723
30.77517
30.775016
30.752015
30.859079
30.809406
30.809984
30.840393
30.785399
30.786538
30.783142
30.784266
30.838918
30.743106
30.752849
30.752054
31.378973
31.182939
31.185401
31.178038
31.180488
31.376282
30.919722
31.031278
31.029128
32.876384
32.363678
32.366737
32.357561
32.360629
32.87332
31.629476
31.952667
31.949687
36.776617
35.397957
35.400242
35.393481
35.395693
36.775109
33.519605
34.339985
34.337309
49.425109
44.532738
44.528874
44.540321
44.536447
49.432355
38.610251
41.095416
41.096798
118.08021
85.710061
85.686711
85.756339
85.733291
118.11947
56.631025
67.680848
67.697267
386.72217
530.619
531.9872
527.88046
529.25299
384.99109
183.89874
323.91058
324.06506
263.89148
371.05199
371.82235
369.53108
370.28893
263.09278
404.42818
532.22755
530.54026
134.53139
158.78229
159.16712
158.01871
158.39967
134.25415
217.93945
186.12862
185.61837
78.445335
87.688664
87.798155
87.470372
87.579347
78.36035
114.68219
99.41635
99.271366
55.90811
60.124661
60.17132
60.031569
60.078022
55.869167
71.049416
65.06997
65.013775
44.552819
46.746324
46.770517
46.697938
46.722076
44.531627
52.313227
49.29115
49.263189
38.576999
39.725603
39.740851
39.695202
39.710384
38.563097
42.663891
41.067213
41.050411
35.460528
36.065033
36.075593
36.043989
36.05451
35.450948
37.591292
36.76313
36.751548
33.836109
34.139678
34.146719
34.125602
34.132639
33.829784
34.936945
34.500003
34.492148
33.100234
33.223667
33.227962
33.215108
33.219374
33.096607
33.581546
33.380096
33.375132
32.947382
32.935376
32.937262
32.931704
32.933572
32.945818
33.010137
32.954524
32.952212
32.034437
32.529208
32.521796
32.544029
32.536599
32.04051
33.610615
33.069713
33.078602
30.943958
31.079825
31.077209
31.085069
31.082444
30.945733
31.620821
31.301021
31.304673
30.751485
30.7755
30.775333
30.775857
30.775676
30.751324
30.863508
30.811742
30.812337
30.834526
30.780912
30.782021
30.778701
30.779802
30.833071
30.741193
30.749711
30.748942
31.368252
31.173165
31.1756
31.168314
31.170742
31.365592
30.912486
31.022714
31.020584
32.864196
32.35147
32.354525
32.3454
32.348444
32.861146
31.61808
31.940772
31.937821
36.770668
35.388995
35.391238
35.384551
35.386772
36.769219
33.507789
34.329188
34.326494
49.453416
44.54792
44.544036
44.555514
44.55162
49.460334
38.608946
41.100885
41.10219
118.23516
85.802031
85.77927
85.847175
85.824687
118.27475
56.675785
67.745903
67.76191
379.95463
525.13429
526.51031
522.38079
523.76033
378.32634
184.27248
324.54425
324.71211
260.73902
368.03422
368.78037
366.56132
367.29539
259.96847
402.72149
525.53005
523.87389
133.42951
157.26282
157.63993
156.51451
156.88785
133.15702
215.31671
184.10816
183.61045
78.106474
87.253143
87.36159
87.036995
87.144908
78.022194
113.89061
98.839072
98.695854
55.752814
59.938863
59.985124
59.846522
59.892604
55.71416
70.776139
64.845949
64.790237
44.468187
46.649652
46.673743
46.60145
46.625503
44.447062
52.182321
49.179551
49.151725
38.5216
39.664923
39.680044
39.634752
39.64982
38.507836
42.588826
41.000139
40.983412
35.422271
36.023023
36.033504
36.002128
36.012573
35.412735
37.540759
36.716956
36.70548
33.810835
34.111523
34.118562
34.097436
34.104479
33.804522
34.902186
34.468585
34.46073
33.085811
33.206593
33.210837
33.198113
33.202339
33.082229
33.559088
33.360291
33.355355
32.941457
32.928045
32.929889
32.924451
32.926275
32.939927
32.99836
32.9453
32.943024
32.058765
32.55883
32.551421
32.573619
32.566207
32.064836
33.652319
33.105184
33.114061
30.951065
31.090309
31.08769
31.095561
31.092937
30.952848
31.640166
31.315646
31.319303
30.750888
30.776241
30.776048
30.776651
30.776445
30.750757
30.86796
30.814144
30.814754
30.828727
30.776506
30.777599
30.774322
30.775409
30.827282
30.739404
30.746666
30.745914
31.357654
31.163502
31.165906
31.158718
31.161107
31.35503
30.905311
31.01422
31.01211
32.852038
32.339352
32.342385
32.333325
32.336348
32.849026
31.606817
31.928979
31.926056
36.764877
35.38015
35.382349
35.375788
35.377966
36.763483
33.496025
34.31848
34.315806
49.481173
44.563129
44.559235
44.570749
44.566854
49.48827
38.607913
41.106434
41.107919
118.39153
85.891779
85.869565
85.935868
85.913904
118.43159
56.719715
67.809324
67.82492
373.58802
519.62211
521.00443
516.85935
518.24333
372.05582
184.66696
325.23203
325.41315
257.69951
365.11069
365.83357
363.67978
364.39326
256.95769
401.31628
518.95419
517.32756
132.34664
155.77367
156.14328
155.04021
155.40613
132.07888
212.76384
182.1343
181.64792
77.770422
86.821922
86.929305
86.607906
86.71477
77.686835
113.11071
98.26889
98.127446
55.598606
59.754504
59.80043
59.662772
59.708561
55.56019
70.504992
64.623771
64.568475
44.38377
46.553309
46.577336
46.505211
46.529222
44.362677
52.052049
49.068425
49.04069
38.466722
39.604676
39.619697
39.574677
39.589661
38.453073
42.513906
40.933318
40.916636
35.384181
35.981304
35.991713
35.960543
35.97092
35.374683
37.490734
36.671189
36.659806
33.785582
34.083336
34.090386
34.06922
34.076278
33.779265
34.867481
34.437158
34.429299
33.071543
33.189657
33.193872
33.181217
33.185423
33.067988
33.53666
33.340573
33.335649
32.935674
32.92087
32.922672
32.917349
32.919133
32.934186
32.986717
32.936208
32.933956
32.083043
32.588358
32.580981
32.603056
32.595711
32.089101
33.694263
33.140618
33.149438
30.958191
31.100815
31.09819
31.106068
31.103445
30.959977
31.659462
31.330283
31.333934
30.750399
30.777083
30.776867
30.777529
30.777306
30.750287
30.872441
30.816601
30.81722
30.822952
30.772135
30.773226
30.76994
30.771036
30.821502
30.737694
30.743664
30.742911
31.347195
31.153955
31.15633
31.149216
31.151586
31.344596
30.898169
31.005801
31.003698
32.839927
32.327316
32.330329
32.321302
32.324307
32.836929
31.595704
31.917293
31.914394
36.759373
35.371454
35.373615
35.367104
35.36925
36.757954
33.484309
34.307809
34.305152
49.508874
44.578366
44.57447
44.585783
44.582079
49.515611
38.60711
41.112163
41.113684
118.55004
85.979447
85.95774
86.021369
85.999807
118.59072
56.762836
67.871106
67.886246
367.5965
514.09305
515.4786
511.32498
512.71122
366.15435
185.0853
325.97324
326.1688
254.77364
362.2674
362.97196
360.87245
361.56816
254.05894
400.18435
512.49783
510.9015
131.28257
154.31417
154.67637
153.59548
153.95401
131.01945
210.27846
180.20549
179.73017
77.437057
86.394903
86.501273
86.182851
86.288761
77.354099
112.34252
97.705696
97.565931
55.445244
59.571273
59.616954
59.479959
59.525556
55.406993
70.235706
64.403115
64.348136
44.299419
46.45713
46.481138
46.409045
46.433061
44.27832
51.922196
48.95758
48.929883
38.412266
39.544739
39.559694
39.514848
39.529781
38.398705
42.438998
40.866624
40.849955
35.346241
35.939845
35.95019
35.919203
35.92952
35.336779
37.44113
36.625777
36.614473
33.760301
34.055088
34.062154
34.040941
34.048015
33.753972
34.832826
34.405715
34.397855
33.057359
33.172783
33.176987
33.164351
33.168554
33.053815
33.514212
33.320885
33.315961
32.930064
32.91384
32.915604
32.910385
32.912131
32.928626
32.975144
32.927202
32.924965
32.10717
32.617691
32.610378
32.63224
32.624972
32.113166
33.736415
33.175869
33.184661
30.965333
31.111326
31.108699
31.116574
31.113949
30.967117
31.678655
31.344886
31.34853
30.749965
30.777985
30.777757
30.77844
30.778214
30.749857
30.876943
30.819085
30.819707
30.817145
30.767727
30.768834
30.765491
30.766609
30.815682
30.735995
30.740631
30.73986
31.336848
31.144504
31.146857
31.139798
31.142145
31.33428
30.891008
30.997408
30.995313
32.827855
32.315321
32.318321
32.309329
32.312324
32.824834
31.584676
31.905689
31.902789
36.753889
35.362833
35.364966
35.358527
35.360703
36.752576
33.472595
34.297157
34.294512
49.535681
44.593374
44.58968
44.60076
44.59707
49.542334
38.606384
41.11802
41.119433
118.7114
86.064095
86.042801
86.105197
86.084065
118.75035
56.804656
67.931244
67.94604
361.95684
508.55456
509.94226
505.78381
507.17169
360.59932
185.52869
326.77195
326.98299
251.95146
359.49348
360.18129
358.13008
358.81014
251.26059
399.30745
506.16232
504.59595
130.23671
152.88398
153.23893
152.1795
152.53096
129.97795
207.85582
178.32014
177.85527
77.106036
85.971669
86.077162
85.761265
85.866387
77.023588
111.58544
97.14891
97.010607
55.292413
59.388771
59.434316
59.297658
59.343177
55.254244
69.967871
64.18355
64.128771
44.214988
46.360935
46.384969
46.312782
46.336843
44.193851
51.792504
48.846802
48.81909
38.358123
39.484988
39.499907
39.45515
39.470059
38.344624
42.363982
40.799941
40.783262
35.308445
35.898616
35.908904
35.878078
35.888341
35.29902
37.391853
36.580664
36.569428
33.734971
34.026785
34.033863
34.012621
34.019703
33.728631
34.798238
34.374278
34.366425
33.043199
33.155914
33.160119
33.147471
33.151679
33.039655
33.491725
33.30119
33.296263
32.924661
32.906943
32.908671
32.903547
32.905261
32.923277
32.963589
32.918245
32.916014
32.131017
32.646698
32.639477
32.66107
32.653887
32.136934
33.778627
33.210873
33.219589
30.972478
31.12182
31.119202
31.127066
31.124445
30.974264
31.69767
31.359423
31.363036
30.749518
30.77889
30.778667
30.779327
30.779111
30.749397
30.881445
30.821561
30.822177
30.811253
30.763223
30.764358
30.760915
30.762072
30.809762
30.734233
30.7375
30.736695
31.326582
31.135101
31.137444
31.130408
31.13275
31.324019
30.883789
30.989015
30.986908
32.815775
32.303364
32.306337
32.297383
32.300373
32.812757
31.573732
31.894106
31.891231
36.7486
35.354291
35.356406
35.350016
35.352124
36.747308
33.46087
34.286586
34.283947
49.562413
44.608327
44.604633
44.615653
44.61199
49.56897
38.605774
41.123815
41.125372
118.87408
86.14726
86.126305
86.187767
86.166925
118.91685
56.845651
67.989189
68.003634
356.64828
503.01154
504.39994
500.23901
501.62785
355.37052
186.00082
327.63239
327.85958
249.22173
356.78213
357.4543
355.44893
356.11375
248.55321
398.66947
499.94862
498.41321
129.20778
151.48174
151.82987
150.79039
151.13534
128.95304
205.49079
176.47529
176.02003
76.776842
85.551549
85.656346
85.342438
85.446952
76.694767
110.83829
96.597608
96.460534
55.139779
59.20657
59.252088
59.115465
59.161003
55.101613
69.701
63.964608
63.909919
44.130367
46.26457
46.288666
46.21629
46.240425
44.109173
51.662726
48.735895
48.708129
38.304199
39.425325
39.440229
39.395509
39.410409
38.290744
42.288792
40.733198
40.7165
35.270798
35.85759
35.867827
35.83715
35.847363
35.261411
37.342824
36.535805
36.524626
33.709603
33.998459
34.00554
33.984303
33.99138
33.703258
34.76375
34.342888
34.335054
33.029027
33.139018
33.143231
33.130557
33.134774
33.025476
33.469199
33.281479
33.276548
32.919482
32.900166
32.901863
32.896824
32.898507
32.918155
32.952018
32.909309
32.90708
32.154537
32.675319
32.668189
32.689454
32.6824
32.160365
33.820798
33.245558
33.254169
30.979629
31.13231
31.129689
31.137547
31.134932
30.981421
31.71647
31.373873
31.377473
30.748996
30.779747
30.779541
30.780147
30.779951
30.74885
30.885942
30.824005
30.82461
30.805234
30.758568
30.759744
30.756175
30.757374
30.803704
30.732348
30.734219
30.733372
31.316347
31.125712
31.128056
31.121002
31.123357
31.313797
30.876468
30.980575
30.978452
32.803705
32.291407
32.294396
32.28543
32.288418
32.800688
31.562811
31.882563
31.879675
36.743316
35.345754
35.347913
35.341547
35.343649
36.742038
33.449191
34.275994
34.27332
49.588494
44.623151
44.619313
44.630418
44.626787
49.594962
38.605127
41.129783
41.131206
119.04201
86.228063
86.208603
86.269487
86.24883
119.08632
56.885402
68.045754
68.059875
351.65202
497.46651
498.85514
494.6935
496.08244
350.44961
186.50591
328.56109
328.80609
246.58001
354.13007
354.78776
352.82526
353.47638
245.93273
398.25396
493.8588
492.35397
128.19438
150.10522
150.4471
149.42606
149.76494
127.94333
203.18011
174.66897
174.22277
76.448955
85.133867
85.238129
84.925781
85.029816
76.367145
110.09995
96.050941
95.914931
54.98706
59.024309
59.069884
58.933081
58.978703
54.948843
69.434665
63.745893
63.691218
44.045509
46.167937
46.192114
46.119511
46.143728
44.024259
51.532683
48.62473
48.596889
38.250434
39.365702
39.380598
39.335906
39.350796
38.237014
42.213432
40.666387
40.64968
35.233311
35.816757
35.826945
35.796412
35.806576
35.223968
37.293992
36.49117
36.480044
33.684225
33.97016
33.97723
33.956036
33.963097
33.677883
34.729399
34.311595
34.303792
33.014828
33.122088
33.126309
33.113613
33.117837
33.011271
33.446654
33.261757
33.256826
32.914538
32.8935
32.895167
32.890209
32.891864
32.913266
32.940419
32.900381
32.898154
32.177704
32.703494
32.696484
32.717433
32.71047
32.183443
33.86279
33.279829
33.288322
30.986798
31.142794
31.140172
31.148042
31.145419
30.988595
31.735062
31.388252
31.391835
30.748359
30.780522
30.780339
30.78087
30.780701
30.748179
30.890435
30.826403
30.826996
30.799063
30.753738
30.754962
30.751257
30.752503
30.797497
30.730306
30.730767
30.729876
31.306117
31.11629
31.11865
31.11156
31.113925
31.303555
30.869031
30.972061
30.969925
32.791638
32.279454
32.282441
32.273478
32.276465
32.788622
31.551883
31.871015
31.868128
36.738078
35.337291
35.33939
35.333038
35.335135
36.736738
33.437486
34.265382
34.262752
49.614222
44.637648
44.634036
44.644841
44.641245
49.620601
38.604594
41.135477
41.137032
119.2166
86.309537
86.288904
86.349546
86.32893
119.26281
56.92484
68.101083
68.11492
346.95109
491.9202
493.3094
489.14658
490.53658
345.82003
187.04689
329.56412
329.82931
244.02304
351.53451
352.17842
350.25709
350.89435
243.39675
398.04412
487.89299
486.4188
127.19546
148.75278
149.08874
148.08527
148.41835
126.94793
200.92169
172.89735
172.45988
76.122015
84.718155
84.821975
84.510973
84.614584
76.040414
109.36969
95.50839
95.373376
54.834089
58.841771
58.887444
58.750376
58.7961
54.795801
69.168612
63.527169
63.472478
43.960446
46.071017
46.095272
46.022464
46.046752
43.939158
51.402304
48.513259
48.485344
38.196809
39.306127
39.321009
39.276373
39.291242
38.183424
42.137981
40.599567
40.582871
35.196003
35.776114
35.786254
35.755866
35.765981
35.186706
37.245334
36.446745
36.435671
33.658873
33.941937
33.948984
33.927868
33.934901
33.652543
34.695222
34.280444
34.272682
33.000609
33.105135
33.109361
33.096656
33.100882
32.997049
33.424115
33.24204
33.237112
32.909826
32.886939
32.888578
32.8837
32.885325
32.908609
32.928799
32.891462
32.889237
32.200549
32.731266
32.724357
32.74498
32.738121
32.206211
33.904501
33.313678
33.322065
30.993992
31.153295
31.150669
31.158556
31.155923
30.995795
31.753448
31.402568
31.406139
30.747581
30.781194
30.781038
30.781487
30.781346
30.747365
30.894927
30.828744
30.829319
30.792743
30.748734
30.750001
30.746172
30.747459
30.791139
30.728094
30.727141
30.726208
31.295869
31.106824
31.109196
31.102067
31.104445
31.293302
30.861471
30.963471
30.961309
32.779552
32.267484
32.27047
32.26151
32.264496
32.776539
31.540945
31.859471
31.856583
36.732795
35.328787
35.330884
35.324483
35.326633
36.73153
33.425762
34.254823
34.25216
49.639596
44.652
44.648423
44.65911
44.65556
49.645881
38.603957
41.141275
41.142694
119.39914
86.389594
86.368947
86.428343
86.410277
119.44494
56.963099
68.155343
68.168192
342.53003
486.37395
487.76306
483.60679
484.99065
341.46664
187.62802
330.64793
330.92901
241.54878
348.993
349.62382
347.74716
348.36565
240.9427
398.02226
482.05215
480.61602
126.21053
147.42346
147.75369
146.76728
147.09471
125.96647
198.71494
171.16037
170.73336
75.795893
84.304247
84.407641
84.097995
84.201161
75.714507
108.64726
94.969808
94.835802
54.680828
58.658907
58.704677
58.567378
58.613185
54.642476
68.902806
63.308382
63.25369
43.875271
45.973865
45.998178
45.925237
45.949567
43.853977
51.271616
48.401513
48.373543
38.143334
39.246652
39.261504
39.216974
39.231805
38.129991
42.062571
40.532836
40.51618
35.158887
35.735665
35.745756
35.715514
35.72558
35.149639
37.196852
36.402529
36.391505
33.633581
33.913832
33.920848
33.899832
33.90683
33.627271
34.661241
34.249466
34.24175
32.986385
33.088178
33.092404
33.079702
33.083927
32.982827
33.401608
33.222342
33.21742
32.905355
32.880482
32.882091
32.877278
32.878877
32.904199
32.91717
32.88256
32.880338
32.223092
32.758641
32.751809
32.77192
32.765433
32.228692
33.945896
33.34707
33.35497
31.001213
31.163813
31.161185
31.168972
31.166443
31.003019
31.771686
31.416818
31.420235
30.746654
30.781751
30.781625
30.782
30.781883
30.746405
30.899403
30.831017
30.831557
30.786281
30.743571
30.744878
30.740996
30.742265
30.784649
30.725721
30.723353
30.722424
31.285566
31.097281
31.099674
31.092573
31.094887
31.282976
30.853796
30.95479
30.952683
32.767401
32.255477
32.258502
32.249529
32.252455
32.764344
31.529943
31.847846
31.845025
36.727291
35.320068
35.322274
35.31561
35.317807
36.725803
33.41392
34.243987
34.241324
49.662871
44.665383
44.662252
44.670744
44.668295
49.668192
38.602581
41.145912
41.146865
119.57199
86.461897
86.446444
86.4874
86.476068
119.60661
56.996681
68.20055
68.21013
338.34996
480.87911
482.24096
478.19876
479.53498
337.33251
188.17876
331.73468
332.00192
239.17487
346.55459
347.14402
345.41546
345.97831
238.60328
398.10696
476.44199
475.09368
125.23944
146.1167
146.44133
145.4737
145.7936
124.99884
196.57888
169.47692
169.06806
75.470685
83.892259
83.995174
83.688193
83.78974
75.389579
107.93273
94.435356
94.303638
54.527338
58.475815
58.521646
58.384996
58.4301
54.488964
68.637422
63.089656
63.035819
43.790121
45.876596
45.900934
45.828463
45.852312
43.768869
51.140737
48.2896
48.262143
38.090038
39.187347
39.202152
39.158117
39.172564
38.076754
41.987363
40.466321
40.450092
35.121968
35.69541
35.705453
35.675601
35.685381
35.112778
37.148562
36.358529
36.347815
33.608374
33.885867
33.892847
33.87212
33.878906
33.602096
34.627472
34.218685
34.211213
32.97217
33.071226
33.075452
33.062852
33.066979
32.968624
33.379145
33.202685
33.197905
32.901184
32.874057
32.87567
32.870801
32.87243
32.900124
32.905514
32.873692
32.871548
16801.501
5485.6454
5601.8566
6705.8932
6390.4825
9212.7498
2196.5037
2153.5952
3518.3389
2534.5913
3893.9157
3985.806
1182.2492
1158.933
1750.9177
292.53368
422.98299
421.91435
723.17059
1604.4621
1609.377
2262.4996
3416.956
3069.7453
597.41519
593.46417
594.61678
595.85249
596.98007
598.92499
651.38069
504.15056
504.80523
502.35081
503.22661
651.79578
648.68152
506.5772
507.2693
505.47216
505.99178
649.03541
651.06917
499.65929
501.03517
4099.3034
5423.3973
5044.3898
2972.4939
13338.309
40547.168
17948.569
23826.968
46805.472
17858.08
23658.572
46739.53
19226.846
26481.607
48072.782
9355.5094
13148.652
27259.617
2794.1965
12645.235
39580.65
17392.578
23008.923
46048.951
13295.649
17600.479
39002.424
13581.401
17903.311
39547.565
13244.448
17553.139
38922.203
9378.121
13173.362
27375.176
5331.7223
6998.4621
11974.411
3233.2062
5224.4584
21131.951
3265.0917
5163.4195
20707.281
2774.032
12547.963
39407.15
17320
22910.098
45928.98
13617.366
17947.835
39633.775
13047.221
17249.538
38459.763
12998.912
17209.83
38410.665
10620.876
14939.902
33115.944
10642.479
14958.146
33208.116
2520.8364
9454.964
33737.967
8820.1672
12042.163
23472.044
8721.3182
11921.906
23105.921
11883.348
20839.937
27108.155
23174.032
39288.839
50225.343
23053.473
38023.276
50583.978
4530.1275
16429.086
42762.626
10928.218
18160.344
39101.574
10967.496
18232.976
39146.638
10915.17
18134.485
39086.373
10876.531
18059.187
39048.063
2527.3061
9311.6651
33421.912
2551.7673
8852.6876
32394.447
2863.2224
12923.203
40063.231
17663.056
23395.537
46488.913
8845.3466
12078.876
23588.524
8892.0737
12182.804
23939.931
12161.081
21697.756
48277.8
11944.883
20456.069
27809.254
12109.939
19918.329
29934.505
23203.218
39695.277
50109.308
23191.336
40915.683
49809.933
4214.4655
6025.5332
14496.624
10323.612
14350.337
31091.499
22236.131
46951.503
47663.586
4214.5155
15991.94
42830.856
4164.3221
15903.472
42807
4228.2647
15998.901
42833.594
4289.9929
16042.896
42771.321
10696.067
17740.038
38950.208
10748.54
17821.475
38963.788
10677.951
17711.344
38947.771
10614.378
17617.625
38951.697
4202.4059
5948.2367
14853.91
11511.469
19751.568
42565.246
2664.0566
11931.912
38568.461
16998.274
22504.657
45495.169
15195.07
19784.101
42559.267
15361.327
19982.5
42814.871
15136.775
19714.067
42472.563
14913.47
19515.334
42246.548
11768.313
16073.596
35669.422
11860.429
16187.275
35884.738
11729.919
16040.15
35602.375
11604.95
15925.634
35402.166
10686.189
14997.228
33569.256
10308.972
14324.634
31009.104
10244.001
14239.22
30766.194
12803.265
20532.484
37410.584
22357.853
46511.188
47869.109
22601.955
45149.237
48616.11
3103.7492
5458.6275
22402.122
3066.6444
5564.3412
22842.728
22872.405
36613.204
50403.792
23030.828
37649.564
50516.332
4467.8327
16360.938
42803.568
4517.3202
16430.332
42782.389
11010.764
18327.443
39213.751
10980.544
18257.384
39162.733
10824.105
17954.834
39000.242
10863.556
18033.34
39035.633
10461.318
17396.886
39004.494
10438.997
17385.044
39071.51
9485.3882
20097.849
28633.522
2564.0763
8717.0634
32079.266
2602.9688
8246.5803
30973.878
2847.6152
12876.921
40000.812
17599.578
23302.068
46384.709
15579.699
20323.315
43296.318
14263.485
18671.82
41687.878
14533.753
18916.379
41737.37
14798.943
19181.605
41924.363
14602.652
18984.42
41768.694
13423.085
17724.921
39221.634
13463.06
17771.218
39298.314
9421.6026
13235.423
27734.352
9421.5244
13251.039
27857.739
12416.774
19955.354
33041.077
12195.172
19866.235
30685.48
22933.983
42641.881
49712.795
23156.713
41330.115
49758.447
22766.339
36269.435
50394.572
4136.8765
15849.63
42794.935
4441.3375
16315.25
42808.884
4338.3342
16132.967
42798.904
10996.315
18353.727
39233.64
10810.429
17928.234
38996.883
10764.676
17848.389
38970.945
10498.795
17454.368
38993.343
10589.745
17582.998
38956.592
3381.1272
5084.0325
19500.402
3888.9044
5665.9908
15973.338
9705.8118
20031.692
29921.548
11553.347
19813.016
43458.278
2674.9736
7514.4041
29116.484
2617.559
8106.1269
30625.216
2658.8189
7649.1946
29470.892
2707.8003
12147.551
38793.783
17097.578
22607.068
45606.098
15564.859
20253.698
43192.666
15415.773
20052.241
42901.197
14858.506
19251.829
41974.06
14984.222
19448.158
42168.127
13205.815
17426.401
38710.863
13170.532
17382.877
38644.831
12759.101
17019.961
38200.706
12839.177
17071.14
38253.621
11868.899
16225.659
35962.298
11544.551
15884.127
35330.377
10523.972
14872.715
32826.387
10686.766
14988.673
33477.445
9934.0286
13877.72
29881.797
10054.717
13974.671
30090.336
10158.851
14089.944
30376.738
10085.137
14006.446
30164.327
10214.192
14210.899
30695.622
10168.826
14121.003
30452.757
12512.103
20050.708
33898.161
12723.235
20385.183
36506.858
22825.283
43121.016
49746.846
22661.736
44661.806
48931.341
2939.2827
13185.763
40380.756
18008.307
24014.751
46799.837
17793.422
23573.231
46664.864
2605.468
11484.2
37763.308
2591.6625
11363.167
37531.053
10535.222
14738.532
32360.714
10514.658
14708.967
32272.912
19273.127
26656.128
48205.484
11099.508
19635.571
38457.263
11054.027
19662.333
37348.511
11341.358
19554.311
40653.835
11152.834
19563.165
39570.332
2622.1035
11625.933
38016.636
2638.4193
11749.04
38246.558
16991.445
22195.001
45196.817
17054.806
22299.407
45289.982
16922.342
22090.118
45109.588
16849.487
21985.602
45025.47
11238.891
15466.426
34658.372
10555.387
14766.772
32449.915
10570.418
14794.599
32535.441
3187.966
5299.5334
21585.047
9332.4902
13118.33
27136.971
9261.2304
12933.344
26413.485
9280.982
12966.084
26527.72
3625.3089
15021.936
42345.929
7890.6754
20535.987
40029.88
7863.5522
20527.089
40055.725
7667.066
20351.212
40193.198
7705.1442
20389.833
40167.189
7910.4021
20529.624
40013.885
7930.7121
20504.86
39978.068
8299.2573
20776.071
39937.14
8240.9898
20717.108
39955.587
9320.0868
21381.266
39477.55
9288.327
21380.455
39482.917
9071.9921
21335.576
39548.842
9109.3325
21347.184
39533.905
9352.5214
21378.225
39474.215
9381.867
21373.034
39472.67
9511.4547
21207.85
39509.848
9501.0623
21263.788
39502.691
10604.3
21241.716
39468.14
10565.403
21252.45
39470.627
10324.178
21291.895
39533.111
10365.735
21289.656
39520.687
10642.459
21227.945
39461.853
10681.102
21213.868
39455.067
10879.994
21104.838
39442.036
10854.094
21125.966
39439.848
20616.282
64751.311
2812.7474
12732.094
39738.894
17462.218
23110.271
46153.914
16265.831
21232.293
44626.948
16157.101
21096.494
44622.22
13341.925
17639.337
39069.347
13543.158
17861.502
39465.32
13170.124
17508.663
38847.443
9394.1648
13198.048
27495.789
4829.8761
5987.4398
11708.614
9235.9517
12898.89
26299.838
9212.6236
12863.898
26182.376
3231.1943
14128.327
41510.625
7275.854
19894.706
40455.598
7226.8471
19831.938
40482.408
7323.0399
19954.524
40427.176
7369.8319
20012.115
40397.941
7627.7274
20309.873
40220.611
7587.6122
20266.394
40248.838
8697.2767
21129.584
39739.831
8652.5887
21095.196
39765.461
8355.1493
20831.161
39915.876
8408.2076
20882.425
39892.856
8742.3757
21161.687
39714.725
8785.5586
21191.059
39690.426
9032.6633
21321.013
39565.33
8994.0565
21305.188
39584.5
9916.8596
21223.715
39625.707
9865.4704
21203.299
39627.294
9518.3008
21121.528
39519.607
9548.6986
21072.168
39544.085
9966.1146
21240.601
39612.48
10014.415
21255.45
39607.759
10282.025
21293.284
39545.69
10239.214
21291.971
39557.224
3300.2321
5121.4566
20308.219
3589.0795
5288.7014
17900.87
3537.488
5207.0748
18278.387
6463.6523
18614.386
17009.173
11661.829
20067.627
45129.275
2753.7687
12443.298
39224.424
17248.679
22806.791
45821.992
16361.54
21345.072
44655.638
16448.466
21453.847
44696.516
13628.545
17989.94
39723.976
13089.625
17293.741
38524.435
12688.3
16862.518
38078.175
12740.619
16916.873
38113.01
12950.463
17163.939
38355.47
12629.611
16803.881
38060.36
12564.756
16732.8
38056.969
12341.129
16725.306
37813.096
10593.717
14922.601
33023.871
10660.017
14966.63
33294.479
8790.8841
12004.658
23356.343
8763.1477
11962.999
23232.619
11838.992
21282.803
26420.238
23137.119
38871.108
50382.607
23087.452
38437.167
50565.283
10941.343
18184.266
39116.019
10954.585
18209.086
39130.977
10902.479
18110.517
39072.944
10889.519
18084.809
39061.328
10534.095
17421.92
39072.424
2532.7604
9148.7136
33055.705
2539.7137
8981.1359
32671.218
17729.187
23481.562
46585.519
8866.3762
12110.375
23703.983
8880.9827
12148.038
23821.061
11988.166
20181.401
28512.624
12031.128
20000.176
29207.443
23207.302
40100.745
49997.519
23210.417
40503.842
49887.237
4249.497
6115.9302
14168.792
4334.6308
6213.2208
13840.576
2569.6116
11149.271
37117.918
2581.4711
11267.111
37354.883
10462.282
14648.211
32098.397
10488.853
14679.561
32186.872
10323.487
14375.601
31177.788
4199.998
15979.163
42824.32
4182.275
15944.032
42816.173
4238.3923
15994.537
42812.682
4246.5816
15972.843
42755.544
10714.02
17767.863
38953.165
10731.602
17794.639
38957.301
10658.724
17682.061
38946.316
10637.113
17650.927
38947.795
6469.232
12684.729
14554.414
5624.1474
9897.3548
13161.046
10986.442
19700.348
36194.432
10742.75
19747.22
34990.449
11467.871
19637.918
41656.135
2650.8672
11844.449
38425.666
17079.394
22404.857
45391.494
16696.346
21769.236
44870.345
16773.352
21876.418
44945.45
15250.746
19846.108
42634.163
15306.949
19917.619
42723.424
15074.293
19653.03
42402.416
15006.456
19581.548
42324.323
11801.683
16109.372
35738.105
11832.325
16148.163
35809.587
11691.782
16001.597
35536.636
11650.129
15966.699
35469.96
10576.159
14847.894
32724.529
10580.958
14822.657
32632.809
10290.414
14296.782
30929.119
10267.842
14268.641
30849.332
12884.039
20792.495
39228.421
12851.347
20658.182
38315.402
22455.967
46058.262
48096.093
22531.16
45610.606
48353.122
3142.8224
5385.6304
22024.126
9299.8865
13088.299
27010.411
9319.7077
13061.553
26885.463
9313.3195
13030.708
26763.239
9299.7538
12998.815
26644.043
12651.53
22371.414
47934.724
22941.034
36956.353
50420.136
22993.799
37292.642
50463.378
4485.7511
16396.782
42796.911
4503.0392
16422.028
42789.582
7806.4648
20486.554
40097.678
7837.0938
20510.209
40076.025
7776.1632
20458.163
40119.433
7741.4618
20426.299
40142.453
8035.4663
20521.297
39958.047
7946.1578
20458.043
39950.663
8110.2759
20582.559
39975.334
8177.9952
20652.25
39971.381
9219.5707
21371.451
39498.464
9254.525
21376.558
39489.786
9183.1798
21365.058
39508.65
9147.3894
21357.548
39520.539
9437.2746
21349.142
39476.471
9411.7433
21363.226
39473.791
9462.7893
21329.339
39482.537
9482.6329
21303.615
39490.462
10486.761
21271.764
39487.303
10526.577
21263.305
39485.617
10447.033
21279.616
39503.746
10406.439
21285.08
39510.13
10755.56
21181.726
39448.317
10718.529
21198.329
39451.847
10790.1
21163.8
39444.334
10822.577
21146.247
39447.667
11003.924
18303.608
39194.206
10992.624
18280.633
39178.189
10837.604
17981.664
39015.111
10850.851
18008.13
39025.105
10418.465
17309.379
39033.997
10429.288
17343.514
39045.866
8870.1386
20243.994
25987.009
2584.6398
8386.9288
31296.471
2574.384
8564.034
31708.668
2831.2789
12810.421
39876.894
17532.079
23205.785
46263.519
16052.498
21034.794
44556.512
14372.305
18767.988
41688.989
14457.104
18847.667
41698.485
14738.096
19117.736
41867.599
14670.181
19051.097
41814.196
13383.014
17683.8
39144.041
13503.115
17814.859
39383.985
9409.7247
13218.582
27614.024
12328.647
19871.877
32224.527
12266.127
19848.087
31451.377
23034.977
42182.864
49684.65
23100.282
41756.642
49724.268
2557.4507
11022.181
36857.231
2543.3152
10825.119
36573.036
2536.779
10707.181
36346.942
10422.563
14616.223
32007.941
9177.8276
12827.49
26061.984
4067.4065
15713.307
42753.101
4107.0035
15790.969
42779.878
4413.4011
16267.476
42811.003
4377.1383
16204.529
42806.074
7175.5302
19765.067
40507.868
7119.0918
19690.812
40531.215
7460.321
20120.528
40336.526
7415.4573
20067.748
40367.876
7503.2662
20171.846
40306.293
7546.031
20220.178
40278.077
8558.5136
21018.226
39817.299
8605.8141
21058.119
39791.466
8509.6026
20975.875
39843.176
8460.089
20930.824
39868.358
8870.6292
21243.013
39644.234
8829.1365
21218.442
39666.818
8912.8525
21265.868
39622.666
8953.3629
21286.639
39603.657
9754.9529
21154.157
39620.166
9811.8401
21180.983
39627.802
9694.1843
21123.907
39612.71
9626.7081
21096.147
39579.685
10107.048
21276.566
39584.84
10061.043
21266.796
39602.281
10151.784
21283.286
39577.37
10196.029
21289.53
39567.306
11375.601
19190.393
39626.652
10796.381
17902.196
38985.618
10781.028
17875.672
38977.955
10532.36
17502.941
38975.571
10562.49
17544.844
38964.633
3336.8036
5091.9861
19900.884
3428.3483
5094.1552
19084.321
3477.9676
5149.2194
18686.913
6672.5876
15519.513
16093.267
6716.7615
14414.375
15285.565
6011.3951
7821.6787
12651.337
10259.368
19946.426
31203.92
11612.19
19984.231
44297.252
2705.1223
7184.4452
28238.488
2689.9493
7348.6624
28680.873
2629.9105
7941.1478
30203.225
2641.8322
7782.6205
29790.513
2731.4176
12304.393
39024.604
17174.962
22710.832
45713.908
16616.176
21663.024
44804.556
16534.214
21558.6
44744.746
15519.024
20188.439
43096.329
15468.192
20118
42993.866
14915.026
19316.159
42040.577
14965.987
19385.182
42105.596
13999.944
18442.945
40717.444
13130.76
17339.322
38578.45
12773.221
16969.64
38154.125
12897.228
17119.856
38298.343
12467.202
16689.955
37995.219
12501.485
16659.981
38030.792
12430.722
16704.936
37955.52
12394.592
16717.712
37899.224
10566.035
14895.025
32927.327
10675.313
14983.53
33384.25
9983.678
13910.112
29953.221
10019.299
13946.189
30022.099
10136.923
14064.111
30306.034
10112.396
14030.512
30234.055
10141.846
14145.297
30531.265
10184.66
14178.513
30611.174
12582.326
20126.254
34763.549
12638.24
20226.291
35615.053
22773.072
43624.155
49576.047
22722.987
44163.11
49212.635
47036.116
2999.5175
13466.243
40686.793
12497.124
22450.373
48632.109
20638.079
29455.782
49169.791
10702.284
17153.477
37594.673
10701.372
17137.128
37546.483
12450.826
22353.184
48675.617
20763.835
29685.759
49223.592
10727.378
14960.44
33893.676
8640.7107
11611.594
21854.232
3368.1317
14492.335
41925.932
3381.4377
14491.777
41920.242
10867.35
17277.347
37381.671
19145.343
26309.339
47953.013
10704.961
14979.962
33835.227
11226.074
15431.381
34596.026
2964.3055
5883.9067
24120.273
3136.7977
13855.958
41274.875
19723.679
27788.957
49046.043
10684.155
17250.063
37926.604
10690.991
17048.7
37204.363
11309.07
17995.599
38698.782
11851.073
20587.17
46550.644
18439.373
24975.018
47162.744
9445.978
13278.723
28213.693
8814.7449
11902.394
22386.81
5155.8977
6776.2221
12160.741
2938.1736
6011.6395
24564.898
3196.5057
14003.588
41398.012
9575.1662
13364.228
28919.801
19637.679
27624.086
48951.519
3608.0204
14998.896
42304.903
10663.932
17262.873
37974.259
10686.164
17033.694
37152.496
11764.276
20328.943
45899.512
18529.114
25136.989
47231.451
13867.903
18279.907
40344.336
13820.74
18235.578
40253.729
10981.161
15224.562
34241.409
10920.132
15145.109
34128.746
10919.166
15182.506
34186.282
9462.0645
13278.633
28326.142
9531.8959
13321.078
28865.701
2511.8932
9902.5575
34687.839
3067.225
13705.071
41029.032
12600.305
22392.268
48190.36
11844.919
22655.302
25070.432
13608.873
48868.867
31234.204
14094.192
49283.25
31589.783
20079.694
53162.578
43436.887
20745.796
52190.018
43911.986
20255.498
28768.784
49038.741
4603.3744
16505.331
42695.566
4647.8752
16576.082
42697.695
4744.0448
16735.82
42664.27
11232.939
18801.18
39763.51
11253.825
18815.732
39818.033
11223.093
18792.51
39740.658
11188.579
18758.205
39673.1
10698.578
17194.718
37737.316
10701.397
17099.016
37402.162
18061.214
24342.59
46888.637
15950.977
20815.053
44121.295
16113.665
20964.291
44411.01
15886.736
20758.391
44025.979
15702.589
20569.238
43713.374
13544.202
48996.961
30321.906
13299.721
48960.344
28022.99
19934.781
53596.571
42719.477
19393.464
54427.228
40828.323
10811.823
14971.844
34028.853
10316.73
14419.709
31345.529
12709.33
41313.989
18938.767
12457.934
35750.075
19794.297
16315.132
52218.715
35528.653
15544.298
51137.489
35317.916
21777.849
48322.795
47368.717
19282.511
26993.148
48466.823
3313.5941
14378.545
41756.434
3496.3276
14727.807
42072.951
5047.2515
17145.551
42411.63
4947.1536
16983.201
42473.434
5073.2746
17185.02
42386.261
5124.5019
17254.533
42310.39
11393.036
19148.913
39638.26
11385.308
19107.081
39652.436
11320.393
18957.133
39712.036
11015.321
18540.025
39392.383
11060.144
18604.423
39456.45
11000.789
18518.535
39371.127
10955.945
18449.476
39309.017
10673.267
16986.727
36948.794
18882.226
25800.001
47616.148
12115.069
16510.868
36634.371
11134.91
15338.35
34438.148
12754.499
42921.022
18813.422
12779.837
46343.385
22523.358
16512.076
52613.859
35888.406
17115.446
53759.72
37380.099
2521.8737
10441.165
35806.077
2512.6048
10038.767
34977.899
3087.0775
13755.31
41119.32
11979.218
27119.028
22526.995
11836.771
23559.449
24415.534
14676.901
50493.146
32695.872
14243.948
49546.619
31694.218
21311.663
50783.808
45305.568
20919.269
51871.599
44213.265
20126.886
28531.965
49034.965
4816.5852
16842.965
42592.298
4769.6498
16776.785
42646.774
5586.5366
17861.57
41902.11
5476.7302
17702.323
42017.521
5291.7162
17412.328
42136.406
5435.5543
17639.115
42053.007
5389.5561
17569.445
42086.062
5620.8494
17911.239
41860.863
5713.5975
18038.592
41747.774
5811.929
18176.577
41597.291
5742.5506
18076.812
41712.604
6642.7305
19243.014
40863.719
6544.2069
19094.356
40964.002
6399.2427
18867.728
41105.077
6509.2238
19040.651
40998.985
6672.5093
19286.804
40831.758
6750.9882
19397.789
40745.116
6833.287
19446.892
40614.915
6774.0999
19423.355
40716.7
11365.103
20376.422
39851.205
11265.672
20348.217
39776.037
11264.223
20581.388
39651.152
11218.1
20334.179
39737.623
11389.504
20378.786
39850.033
11449.407
20365.932
39833.845
11504.846
20315.901
39795.012
11465.721
20356.72
39832.859
11498.528
19689.281
39574.41
11524.962
19784.449
39594.296
11549.305
19905.687
39619.663
11532.234
19814.862
39592.802
11488.066
19657.649
39578.34
11452.681
19562.046
39570.797
11393.94
19433.77
39577.563
11438.528
19530.639
39567.635
11252.423
18786.964
39841.488
11257.681
18815.512
39830.474
11133.798
18697.717
39576.296
11175.58
18744.861
39647.64
10697.595
17210.638
37784.726
10697.709
17084.641
37352.848
9233.3963
20210.543
27311.602
12101.863
21483.134
47956.018
18162.746
24504.068
46947.527
16131.178
21001.586
44494.679
15641.395
20511.427
43620.912
8965.6132
12339.742
24413.266
8873.9374
12220.963
24060.447
12969.224
48187.655
26941.12
13221.125
48925.012
27312.65
18444.458
54572.418
39253.976
19204.601
54548.083
40298.218
2860.2687
6370.499
25801.856
2530.04
10585.951
36100.776
10857.724
15037.426
34042.799
10436.622
14539.753
31751.882
10417.63
14510.108
31670.706
10346.032
14447.906
31433.2
9678.2057
13455.444
29080.339
9707.8452
13490.162
29137.601
9141.2177
12676.39
25481.651
9191.5763
12766.07
25824.284
9199.1835
12799.156
25940.814
12042.454
28621.278
21917.736
12347.663
33843.331
20262.673
14818.1
50664.177
33359.12
15244.108
50899.374
35442.393
21412.135
50362.782
45740.876
21678.786
48799.906
47214.14
19374.838
27161.321
48608.323
3291.4671
14331.281
41689.513
3533.6492
14817.565
42145.373
4828.8887
16842.009
42562.489
4902.9367
16917.728
42476.06
5231.4162
17328.751
42132.905
5138.0779
17257.194
42276.1
5928.33
18158.881
41267.873
5895.3235
18239.831
41431.865
5831.6494
18203.277
41570.249
5882.1
18239.169
41470.486
6007.5332
18254.771
41273.943
6183.2301
18524.128
41254.132
6359.1909
18805.146
41137.188
6231.3446
18601.541
41229.178
6844.8893
19398.866
40542.834
7056.6903
19616.048
40550.447
11165.019
20919.341
39486.827
11093.121
20995.417
39458.878
10953.958
21083.389
39443.047
11065.74
21018.211
39453.167
11186.644
20892.173
39496.694
11236.476
20796.665
39537.729
11266.25
20633.794
39623.329
11248.989
20761.114
39555.293
11559.106
20151.282
39699.209
11546.148
20220.649
39741.848
11515.391
20299.651
39790.508
11540.236
20242.299
39747.038
11561.366
20126.994
39694.862
11562.598
20047.791
39656.103
11553.708
19935.251
39620.305
11561.616
20020.861
39653.474
11314.4
19264.347
39611.25
11378.098
19399.388
39581.999
11328.483
19300.099
39599.516
11244.141
18769.725
39822.544
11284.691
18889.746
39739.334
11119.382
18680.771
39550.653
11074.768
18623.607
39480.873
10941.94
18428.024
39290.004
10676.971
16999.767
36999.457
3663.7936
5369.4897
17496.817
3809.4257
5565.2721
16362.112
10629.005
19804.262
33756.468
18794.71
25633.924
47504.989
13987.1
18399.406
40615.713
13682.987
18114.053
39988.754
13632.027
18067.301
39904.974
12175.386
16616.343
37014.99
12277.277
16671.136
37291.918
12376.092
16720.089
37649.065
12307.597
16684.803
37387.927
12378.879
16727.296
37737.819
12118.391
16594.495
36920.347
11985.451
16372.685
36288.021
12085.697
16478.844
36544.657
11945.673
16338.365
36206.441
11100.364
15313.286
34394.907
9489.8272
13213.544
28674.459
9488.4225
13241.925
28611.479
8990.2893
12382.082
24528.571
9116.1711
12641.91
25368.046
9038.9602
12495.792
24884.671
9020.3916
12534.495
25008.215
12909.645
47955.739
26713.123
12809.559
47066.052
23272.043
18138.642
54472.895
39076.428
17316.792
54011.852
38030.757
3023.3718
13571.245
40809.452
12545.019
22494.614
48554.127
20510.597
29229.371
49096.725
3818.9903
15335.36
42561.107
3782.392
15260.595
42519.953
3848.0967
15399.71
42592.736
3873.082
15451.369
42628.975
10580.178
17481.188
38997.481
10571.394
17468.972
39027.175
10587.239
17487.77
38965.117
10593.606
17491.36
38929.972
10700.748
17165.771
37642.248
10702.221
17125.488
37498.361
2879.8972
12996.286
40199.716
12380.019
22169.928
48635.798
20879.841
29923.297
49295.208
10745.938
14940.536
33939.294
8580.339
11522.96
21759.639
12996.994
21218.733
41106.839
12998.9
21346.889
41982.209
22386.174
33866.423
50771.869
22475.674
34199.447
50883.008
3351.8435
14461.298
41871.27
3392.8264
14492.155
41911.515
10622.267
17366.023
38337.079
10623.673
17381.207
38382.041
10620.644
17352.868
38293.25
10618.361
17337.119
38248.242
10715.46
17043.99
36981.694
19059.421
26141.557
47842.675
11223.924
15500.098
34717.346
10683.355
14990.403
33753.072
11196.561
15399.483
34547.525
12955.104
21025.147
40184.453
22304.4
33577.726
50691.605
22213.89
33303.351
50600.621
2998.7029
5780.5074
23724.061
3035.5524
5667.543
23287.709
3119.2258
13810.983
41195.295
8692.744
11762.266
22602.706
8714.4872
11806.175
22723.638
12812.108
22082.926
46715.541
12757.897
22170.093
47155.802
19856.221
28033.008
49088.933
3643.4204
15046.366
42387.244
3965.3453
15519.032
42666.532
3952.5941
15525.968
42680.039
10619.86
17464.17
38688.688
10616.852
17472.61
38731.207
10690.901
17237.48
37879.097
10692.616
17059.158
37253.268
11927.834
20880.089
47079.466
18349.162
24815.333
47073.312
14327.351
18640.033
41595.027
14108.168
18575.813
41106.659
14147.706
18602.42
41201.21
9429.3441
13269.962
28103.623
12829.613
34032.631
21407.4
31444.455
49819.936
21283.938
31190.642
49703.362
4953.7545
6668.1264
12472.208
2755.2379
6914.8383
27468.954
2775.8992
6767.6071
27026.901
2911.5132
6119.0996
24963.945
9969.542
13847.934
29815.393
9960.8445
13815.933
29744.741
9786.0907
13617.709
29371.653
9821.0683
13653.863
29435.609
9614.5258
13397.494
28977.668
9752.4758
13552.702
29249.004
9738.8131
13581.397
29314.154
8669.0867
11723.488
22478.162
8643.5323
11678.078
22358.242
12885.56
22050.973
46255.597
12926.351
21957.596
45679.924
22900.634
35942.695
50442.693
19549.027
27469.279
48853.557
3586.489
14951.077
42254.463
4021.5114
15621.904
42707.755
10621.79
17454.71
38645.665
10623.527
17443.856
38602.46
10601.022
17272.236
38020.472
10683.864
17023.462
37102.685
2732.7175
7056.7086
27875.788
18618.72
25300.365
47314.445
13909.924
18315.716
40429.408
14062.22
18544.639
41006.855
14012.875
18512.335
40916.364
13775.981
18196.451
40160.844
13218.601
17470.021
38781.239
11479.709
15730.093
35070.348
11443.129
15690.752
35009.82
11513.189
15768.062
35131.974
11543.249
15808.63
35196.937
11026.453
15256.809
34292.625
9473.3031
13277.215
28430.734
9470.9092
13257.841
28803.569
21531.478
31703.593
49913.855
21653.953
31964.453
50023.889
2512.4254
9586.9012
34014.38
2511.9787
9756.4787
34367.885
3046.6289
13642.808
40922.669
12572.688
22463.58
48404.695
11840.527
21895.454
25734.379
13692.66
48783.712
31897.633
13878.171
48988.571
31758.88
20309.217
52818.678
43618.504
20541.383
52503.494
43722.682
20383.095
28996.957
49078.758
3683.1162
15056.813
42395.368
3739.5836
15167.311
42455.131
3911.3229
15515.972
42679.345
3892.5435
15491.206
42659.977
4537.0505
16416.966
42718.353
4549.0155
16411.273
42686.289
4683.1083
16637.278
42693.318
4717.6224
16694.669
42680.6
11241.115
18808.447
39784.759
11248.583
18813.347
39803.22
11212.626
18783.017
39719.715
11201.059
18771.532
39697.888
10559.828
17451.713
39052.36
10604.741
17489.667
38854.047
10599.177
17491.338
38892.732
10700.652
17181.918
37689.977
10700.976
17109.462
37450.589
17929.384
24175.354
46837.963
16010.056
20869.211
44217.702
16064.819
20921.022
44321.846
15824.691
20695.317
43921.604
15761.689
20634.578
43820.274
12276.751
21922.904
48488.98
13461.625
49019.537
29576.646
13389.363
49064.263
28662.373
19758.332
53963.147
42033.452
19579.8
54247.405
41389.581
20959.037
30166.546
49352.432
20862.131
30417.951
49451.647
4461.1899
6338.9636
13507.849
10764.932
14905.737
33988.435
10273.088
14397.493
31263.385
8551.3539
11501.219
21849.774
8544.2167
11539.523
21969.381
13024.869
21665.33
43621.212
13013.358
21504.317
42820.899
12550.814
39544.338
19246.351
12529.497
37730.577
19329.578
16068.942
51809.964
35374.65
15831.494
51456.396
35274.553
22032.593
47389.852
47528.422
21923.362
47845.316
47414.422
22704.249
34937.719
50612.341
22596.851
34579.52
50733.067
19168.359
26828.017
48336.803
3333.7285
14432.725
41826.379
3450.7729
14611.912
41988.176
5018.5599
17099.154
42435.494
4984.7937
17046.059
42453.653
5092.9829
17219.991
42362.45
5110.2344
17243.324
42337.313
11370.474
19063.019
39664.801
11347.083
19012.514
39688.058
11030.633
18562.952
39414.163
11045.17
18583.568
39435.04
10985.31
18494.645
39350.232
10970.734
18472.177
39328.777
10624.954
17408.048
38470.701
10624.529
17394.008
38426.4
10613.778
17309.259
38159.186
10616.35
17324.401
38203.776
10680.011
16989.702
36921.332
4070.7069
5856.9763
15223.907
3960.1038
5750.3282
15603.512
5994.8899
11083.459
13841.328
18968.921
25973.015
47725.229
12145.417
16570.594
36822.849
12139.624
16542.361
36725.623
11324.406
15578.632
34835.407
11281.304
15539.102
34776.522
10648.857
14992.306
33664.649
11166.295
15367.19
34494.178
12763.109
44421.97
19630.949
12760.715
45394.026
21421.693
16717.04
53034.773
36275.244
16912.803
53410.605
36823.39
22006.67
32765.081
50364.527
22112.787
33034.436
50491.416
2514.5866
10283.907
35489.723
2512.0434
10152.565
35212.841
3103.8931
13795.023
41182.836
8740.8404
11885.847
22976.572
8729.2773
11843.635
22851.313
12727.73
22305.675
47570.526
11898.967
25729.049
23156.574
11832.681
24584.78
23767.01
14538.887
50162.388
32276.578
14407.89
49904.114
31846.545
21195.482
51171.14
44930.776
21077.186
51526.421
44513.142
19998.391
28295.533
49025.193
3668.7903
15046.558
42382.596
3657.7908
15050.438
42398.292
3926.9733
15530.076
42705.599
3942.0923
15534.758
42715.423
4803.4969
16831.999
42605.288
4787.3536
16807.614
42631.204
5551.9255
17811.668
41945.053
5514.8592
17758.493
41981.115
5346.6819
17495.529
42116.354
5653.1376
17955.051
41825.859
5684.8419
17998.233
41786.456
5791.719
18145.727
41639.192
5767.998
18113.046
41668.017
6610.9511
19195.236
40896.806
6578.2934
19146.415
40930.749
6437.1337
18927.9
41070.571
6473.5628
18985.579
41035.59
6700.4207
19328.786
40799.914
6726.0296
19365.894
40771.15
6815.6071
19450.531
40655.599
6796.5517
19443.489
40687.194
11336.326
20366.405
39841.523
11303.679
20351.379
39819.377
11255.57
20519.756
39681.805
11240.636
20440.703
39708.346
11411.656
20377.526
39844.648
11431.124
20373.503
39847.367
11493.226
20331.512
39813.167
11480.127
20344.63
39816.413
11508.083
19721.555
39585.008
11516.848
19752.528
39582.336
11544.455
19875.758
39605.536
11538.514
19846.053
39605.881
11476.913
19625.558
39569.068
11464.854
19594.163
39574.888
11409.585
19465.975
39574.638
11424.775
19498.52
39575.434
11257.762
18803.086
39846.574
11258.867
18811.472
39840.451
11148.312
18715.119
39601.803
11162.215
18730.455
39624.795
10609.315
17485.454
38813.989
10613.755
17479.865
38773.047
10693.97
17223.106
37831.9
10696.229
17073.938
37303.963
12020.025
21186.991
47554.057
18258.731
24659.251
47012.266
15502.495
20384.507
43407.437
15582.142
20447.065
43515.09
14334.236
18623.126
41638.755
14262.988
18650.772
41460.985
14296.802
18648.937
41536.34
14224.885
18640.98
41375.879
14187.735
18623.722
41286.193
9401.5532
13261.761
27979.748
8938.5281
12302.417
24298.619
8911.6861
12258.435
24181.917
13066.935
48505.197
26823.511
13141.113
48681.46
27066.413
18725.661
54610.772
39501.34
18978.668
54605.044
39823.488
21022.831
30680.613
49553.388
21158.79
30939.411
49632.295
5034.0875
6639.5565
12813.234
4674.2036
6474.6981
13161.119
2831.3438
6516.0247
26263.814
2801.5035
6636.1826
26644.056
2880.4245
6234.5496
25350.667
10898.337
15092.439
34087.501
10453.198
14562.509
31830.746
10457.244
14592.071
31915.391
10396.489
14491.166
31590.079
10374.323
14466.39
31506.681
9914.3534
13752.059
29618.407
9939.5531
13783.723
29676.009
9885.3265
13719.786
29555.394
9855.7287
13686.157
29493.657
9647.2067
13428.637
29031.02
9735.1539
13519.325
29196.339
9161.3441
12702.245
25595.209
9178.3657
12738.538
25708.321
8584.5404
11588.1
22108.851
8615.0524
11638.033
22232.926
13003.667
21772.348
44358.707
12940.285
21795.611
45041.47
12097.615
30304.478
21317.435
12198.667
31987.915
20779.908
14964.215
50832.648
34028.568
15098.578
50891.078
34764.915
21511.42
49875.957
46195.531
21597.821
49372.978
46712.621
22800.61
35279.477
50539.286
22877.562
35611.971
50476.9
19462.672
27312.196
48732.926
3264.8295
14235.752
41609.653
3563.5837
14893.954
42201.03
4837.6071
16834.587
42513.244
4850.5165
16830.805
42480.523
5157.028
17218.534
42134.219
5147.753
17247.4
42213.043
5913.224
18185.438
41305.457
5906.2708
18217.583
41381.794
5849.8271
18220.311
41530.31
5866.8211
18235.163
41506.172
6073.1057
18344.569
41284.201
6131.2072
18437.982
41275.485
6318.9544
18739.959
41169.411
6275.7894
18673.387
41201.217
6915.6719
19462.648
40548.671
6989.3978
19535.285
40551.202
11142.184
20946.596
39475.607
11118.226
20971.33
39466.08
11001.546
21062.205
39448.874
11036.439
21040.451
39445.177
11205.21
20861.721
39507.865
11222.802
20830.388
39521.888
11264.225
20680.366
39597.712
11257.931
20721.913
39574.774
11555.565
20175.61
39717.836
11551.551
20198.516
39722.768
11524.577
20281.803
39771.462
11532.867
20262.439
39766.291
11562.445
20100.94
39676.838
11563.126
20075.285
39673.277
11557.03
19964.286
39635.504
11559.478
19992.757
39637.217
11291.545
19228.151
39617.033
11361.741
19366.517
39583.054
11344.854
19331.879
39592.586
11228.803
18742.686
39785.327
11242.485
18801.093
39765.319
11104.609
18662.751
39528.008
11090.033
18644.513
39505.58
10908.578
18382.27
39255.151
10928.315
18405.155
39266.62
10625.038
17420.234
38514.826
10624.416
17432.763
38558.742
10611.272
17298.12
38114.778
10609.33
17284.082
38068.383
10679
17008.761
37050.188
3697.3552
5423.7352
17114.776
3747.6659
5499.4007
16736.665
10477.134
19816.023
32512.19
18706.45
25466.355
47418.187
13950.649
18360.817
40520.955
13939.192
18474.4
40815.784
13731.056
18150.575
40075.674
13558.921
18030.475
39811.349
12214.568
16640.418
37116.376
12248.23
16655.752
37208.311
12355.518
16710.76
37562.236
12332.19
16696.602
37475.781
12020.455
16409.734
36370.797
12053.799
16443.342
36456.199
11904.117
16298.069
36124.654
11846.263
16259.719
36040.483
11366.196
15615.392
34894.217
11405.291
15654.468
34951.414
11555.091
15847.868
35263.022
11065.956
15285.025
34343.219
9486.2758
13181.529
28733.956
9483.0816
13263.341
28528.827
9011.7229
12418.612
24644.158
9028.4559
12458.701
24761.976
9088.4659
12610.727
25252.418
9060.931
12569.578
25134.212
12874.056
47836.82
25588.902
12849.305
47631.979
24200.991
17773.318
54349.307
39068.806
17523.679
54162.504
38764.062
21891.867
32498.101
50256.464
21777.421
32230.498
50132.218
12481.067
19799.429
42447.652
9271.1554
12603.187
24144.709
31564.926
15419.383
24749.607
52333.411
10364.824
14649.414
28711.333
5439.2658
6822.5399
11673.083
6861.5285
19816.969
18857.137
7221.3499
19934.849
20623.304
7350.6543
20474.851
22516.008
7612.3745
20354.687
24723.313
6368.7556
18869.19
17956.576
6892.417
19155.818
19662.572
7243.5264
19681.438
21490.891
7379.775
20196.48
23558.904
4585.4087
7350.3343
12176.716
)
;

boundaryField
{
    inlet
    {
        type            fixedValue;
        value           uniform 32;
    }
    outlet
    {
        type            inletOutlet;
        inletValue      uniform 32;
        value           nonuniform List<scalar> 
102
(
134.76197
151.79601
167.14191
175.41753
172.78313
146.87734
93.306404
52.733529
39.204331
33.772962
35.390512
38.169966
42.369791
47.953668
57.83084
67.744504
73.663188
38.49924
32.234044
33.955575
31.004762
31.776042
30.746159
30.900482
30.783068
30.725133
31.280479
30.851932
32.761356
31.527269
36.724281
33.411004
49.672805
38.602083
119.63862
57.003682
336.33317
188.30145
238.04176
398.14119
124.76053
196.06045
75.309479
107.75672
54.451217
68.572086
43.748048
51.108601
38.063777
41.969
35.103817
37.136795
33.595982
34.61927
32.965181
33.373678
32.899177
32.90265
34.862386
36.155967
33.189382
32.980873
32.77192
33.35497
31.168972
31.420235
30.782
30.831557
30.740996
30.722424
31.092573
30.952683
32.249529
31.845025
35.31561
34.241324
44.670744
41.146865
86.4874
68.21013
478.19876
332.00192
345.41546
475.09368
145.4737
169.06806
83.688193
94.303638
58.384996
63.035819
45.828463
48.262143
39.158117
40.450092
35.675601
36.347815
33.87212
34.211213
33.062852
33.197905
32.870801
32.871548
)
;
    }
    top
    {
        type            slip;
    }
    bottom
    {
        type            slip;
    }
    symFront
    {
        type            empty;
    }
    symBack
    {
        type            empty;
    }
    wing
    {
        type            omegaWallFunction;
        blending        binomial;
        n               2;
        value           nonuniform List<scalar> 
1073
(
12591.117
40547.168
46805.472
46739.53
48072.782
27259.617
39580.65
46048.951
39002.424
39547.565
38922.203
27375.176
11974.411
21131.951
20707.281
39407.15
45928.98
39633.775
38459.763
38410.665
33115.944
33208.116
33737.967
23472.044
23105.921
27108.155
50225.343
50583.978
42762.626
39101.574
39146.638
39086.373
39048.063
33421.912
32394.447
40063.231
46488.913
23588.524
23939.931
48277.8
27809.254
29934.505
50109.308
49809.933
14496.624
31091.499
47663.586
42830.856
42807
42833.594
42771.321
38950.208
38963.788
38947.771
38951.697
14853.91
42565.246
38568.461
45495.169
42559.267
42814.871
42472.563
42246.548
35669.422
35884.738
35602.375
35402.166
33569.256
31009.104
30766.194
37410.584
47869.109
48616.11
22402.122
22842.728
50403.792
50516.332
42803.568
42782.389
39213.751
39162.733
39000.242
39035.633
39004.494
39071.51
28633.522
32079.266
30973.878
40000.812
46384.709
43296.318
41687.878
41737.37
41924.363
41768.694
39221.634
39298.314
27734.352
27857.739
33041.077
30685.48
49712.795
49758.447
50394.572
42794.935
42808.884
42798.904
39233.64
38996.883
38970.945
38993.343
38956.592
19500.402
15973.338
29921.548
43458.278
29116.484
30625.216
29470.892
38793.783
45606.098
43192.666
42901.197
41974.06
42168.127
38710.863
38644.831
38200.706
38253.621
35962.298
35330.377
32826.387
33477.445
29881.797
30090.336
30376.738
30164.327
30695.622
30452.757
33898.161
36506.858
49746.846
48931.341
40380.756
46799.837
46664.864
37763.308
37531.053
32360.714
32272.912
48205.484
38457.263
37348.511
40653.835
39570.332
38016.636
38246.558
45196.817
45289.982
45109.588
45025.47
34658.372
32449.915
32535.441
21585.047
27136.971
26413.485
26527.72
42345.929
40029.88
40055.725
40193.198
40167.189
40013.885
39978.068
39937.14
39955.587
39477.55
39482.917
39548.842
39533.905
39474.215
39472.67
39509.848
39502.691
39468.14
39470.627
39533.111
39520.687
39461.853
39455.067
39442.036
39439.848
64751.311
39738.894
46153.914
44626.948
44622.22
39069.347
39465.32
38847.443
27495.789
11708.614
26299.838
26182.376
41510.625
40455.598
40482.408
40427.176
40397.941
40220.611
40248.838
39739.831
39765.461
39915.876
39892.856
39714.725
39690.426
39565.33
39584.5
39625.707
39627.294
39519.607
39544.085
39612.48
39607.759
39545.69
39557.224
20308.219
17900.87
18278.387
17009.173
45129.275
39224.424
45821.992
44655.638
44696.516
39723.976
38524.435
38078.175
38113.01
38355.47
38060.36
38056.969
37813.096
33023.871
33294.479
23356.343
23232.619
26420.238
50382.607
50565.283
39116.019
39130.977
39072.944
39061.328
39072.424
33055.705
32671.218
46585.519
23703.983
23821.061
28512.624
29207.443
49997.519
49887.237
14168.792
13840.576
37117.918
37354.883
32098.397
32186.872
31177.788
42824.32
42816.173
42812.682
42755.544
38953.165
38957.301
38946.316
38947.795
14554.414
13161.046
36194.432
34990.449
41656.135
38425.666
45391.494
44870.345
44945.45
42634.163
42723.424
42402.416
42324.323
35738.105
35809.587
35536.636
35469.96
32724.529
32632.809
30929.119
30849.332
39228.421
38315.402
48096.093
48353.122
22024.126
27010.411
26885.463
26763.239
26644.043
47934.724
50420.136
50463.378
42796.911
42789.582
40097.678
40076.025
40119.433
40142.453
39958.047
39950.663
39975.334
39971.381
39498.464
39489.786
39508.65
39520.539
39476.471
39473.791
39482.537
39490.462
39487.303
39485.617
39503.746
39510.13
39448.317
39451.847
39444.334
39447.667
39194.206
39178.189
39015.111
39025.105
39033.997
39045.866
25987.009
31296.471
31708.668
39876.894
46263.519
44556.512
41688.989
41698.485
41867.599
41814.196
39144.041
39383.985
27614.024
32224.527
31451.377
49684.65
49724.268
36857.231
36573.036
36346.942
32007.941
26061.984
42753.101
42779.878
42811.003
42806.074
40507.868
40531.215
40336.526
40367.876
40306.293
40278.077
39817.299
39791.466
39843.176
39868.358
39644.234
39666.818
39622.666
39603.657
39620.166
39627.802
39612.71
39579.685
39584.84
39602.281
39577.37
39567.306
39626.652
38985.618
38977.955
38975.571
38964.633
19900.884
19084.321
18686.913
16093.267
15285.565
12651.337
31203.92
44297.252
28238.488
28680.873
30203.225
29790.513
39024.604
45713.908
44804.556
44744.746
43096.329
42993.866
42040.577
42105.596
40717.444
38578.45
38154.125
38298.343
37995.219
38030.792
37955.52
37899.224
32927.327
33384.25
29953.221
30022.099
30306.034
30234.055
30531.265
30611.174
34763.549
35615.053
49576.047
49212.635
47036.116
40686.793
48632.109
49169.791
37594.673
37546.483
48675.617
49223.592
33893.676
21854.232
41925.932
41920.242
37381.671
47953.013
33835.227
34596.026
24120.273
41274.875
49046.043
37926.604
37204.363
38698.782
46550.644
47162.744
28213.693
22386.81
12160.741
24564.898
41398.012
28919.801
48951.519
42304.903
37974.259
37152.496
45899.512
47231.451
40344.336
40253.729
34241.409
34128.746
34186.282
28326.142
28865.701
34687.839
41029.032
48190.36
25070.432
31234.204
31589.783
43436.887
43911.986
49038.741
42695.566
42697.695
42664.27
39763.51
39818.033
39740.658
39673.1
37737.316
37402.162
46888.637
44121.295
44411.01
44025.979
43713.374
30321.906
28022.99
42719.477
40828.323
34028.853
31345.529
18938.767
19794.297
35528.653
35317.916
47368.717
48466.823
41756.434
42072.951
42411.63
42473.434
42386.261
42310.39
39638.26
39652.436
39712.036
39392.383
39456.45
39371.127
39309.017
36948.794
47616.148
36634.371
34438.148
18813.422
22523.358
35888.406
37380.099
35806.077
34977.899
41119.32
22526.995
24415.534
32695.872
31694.218
45305.568
44213.265
49034.965
42592.298
42646.774
41902.11
42017.521
42136.406
42053.007
42086.062
41860.863
41747.774
41597.291
41712.604
40863.719
40964.002
41105.077
40998.985
40831.758
40745.116
40614.915
40716.7
39851.205
39776.037
39651.152
39737.623
39850.033
39833.845
39795.012
39832.859
39574.41
39594.296
39619.663
39592.802
39578.34
39570.797
39577.563
39567.635
39841.488
39830.474
39576.296
39647.64
37784.726
37352.848
27311.602
47956.018
46947.527
44494.679
43620.912
24413.266
24060.447
26941.12
27312.65
39253.976
40298.218
25801.856
36100.776
34042.799
31751.882
31670.706
31433.2
29080.339
29137.601
25481.651
25824.284
25940.814
21917.736
20262.673
33359.12
35442.393
45740.876
47214.14
48608.323
41689.513
42145.373
42562.489
42476.06
42132.905
42276.1
41267.873
41431.865
41570.249
41470.486
41273.943
41254.132
41137.188
41229.178
40542.834
40550.447
39486.827
39458.878
39443.047
39453.167
39496.694
39537.729
39623.329
39555.293
39699.209
39741.848
39790.508
39747.038
39694.862
39656.103
39620.305
39653.474
39611.25
39581.999
39599.516
39822.544
39739.334
39550.653
39480.873
39290.004
36999.457
17496.817
16362.112
33756.468
47504.989
40615.713
39988.754
39904.974
37014.99
37291.918
37649.065
37387.927
37737.819
36920.347
36288.021
36544.657
36206.441
34394.907
28674.459
28611.479
24528.571
25368.046
24884.671
25008.215
26713.123
23272.043
39076.428
38030.757
40809.452
48554.127
49096.725
42561.107
42519.953
42592.736
42628.975
38997.481
39027.175
38965.117
38929.972
37642.248
37498.361
40199.716
48635.798
49295.208
33939.294
21759.639
41106.839
41982.209
50771.869
50883.008
41871.27
41911.515
38337.079
38382.041
38293.25
38248.242
36981.694
47842.675
34717.346
33753.072
34547.525
40184.453
50691.605
50600.621
23724.061
23287.709
41195.295
22602.706
22723.638
46715.541
47155.802
49088.933
42387.244
42666.532
42680.039
38688.688
38731.207
37879.097
37253.268
47079.466
47073.312
41595.027
41106.659
41201.21
28103.623
34032.631
49819.936
49703.362
12472.208
27468.954
27026.901
24963.945
29815.393
29744.741
29371.653
29435.609
28977.668
29249.004
29314.154
22478.162
22358.242
46255.597
45679.924
50442.693
48853.557
42254.463
42707.755
38645.665
38602.46
38020.472
37102.685
27875.788
47314.445
40429.408
41006.855
40916.364
40160.844
38781.239
35070.348
35009.82
35131.974
35196.937
34292.625
28430.734
28803.569
49913.855
50023.889
34014.38
34367.885
40922.669
48404.695
25734.379
31897.633
31758.88
43618.504
43722.682
49078.758
42395.368
42455.131
42679.345
42659.977
42718.353
42686.289
42693.318
42680.6
39784.759
39803.22
39719.715
39697.888
39052.36
38854.047
38892.732
37689.977
37450.589
46837.963
44217.702
44321.846
43921.604
43820.274
48488.98
29576.646
28662.373
42033.452
41389.581
49352.432
49451.647
13507.849
33988.435
31263.385
21849.774
21969.381
43621.212
42820.899
19246.351
19329.578
35374.65
35274.553
47528.422
47414.422
50612.341
50733.067
48336.803
41826.379
41988.176
42435.494
42453.653
42362.45
42337.313
39664.801
39688.058
39414.163
39435.04
39350.232
39328.777
38470.701
38426.4
38159.186
38203.776
36921.332
15223.907
15603.512
13841.328
47725.229
36822.849
36725.623
34835.407
34776.522
33664.649
34494.178
19630.949
21421.693
36275.244
36823.39
50364.527
50491.416
35489.723
35212.841
41182.836
22976.572
22851.313
47570.526
23156.574
23767.01
32276.578
31846.545
44930.776
44513.142
49025.193
42382.596
42398.292
42705.599
42715.423
42605.288
42631.204
41945.053
41981.115
42116.354
41825.859
41786.456
41639.192
41668.017
40896.806
40930.749
41070.571
41035.59
40799.914
40771.15
40655.599
40687.194
39841.523
39819.377
39681.805
39708.346
39844.648
39847.367
39813.167
39816.413
39585.008
39582.336
39605.536
39605.881
39569.068
39574.888
39574.638
39575.434
39846.574
39840.451
39601.803
39624.795
38813.989
38773.047
37831.9
37303.963
47554.057
47012.266
43407.437
43515.09
41638.755
41460.985
41536.34
41375.879
41286.193
27979.748
24298.619
24181.917
26823.511
27066.413
39501.34
39823.488
49553.388
49632.295
12813.234
13161.119
26263.814
26644.056
25350.667
34087.501
31830.746
31915.391
31590.079
31506.681
29618.407
29676.009
29555.394
29493.657
29031.02
29196.339
25595.209
25708.321
22108.851
22232.926
44358.707
45041.47
21317.435
20779.908
34028.568
34764.915
46195.531
46712.621
50539.286
50476.9
48732.926
41609.653
42201.03
42513.244
42480.523
42134.219
42213.043
41305.457
41381.794
41530.31
41506.172
41284.201
41275.485
41169.411
41201.217
40548.671
40551.202
39475.607
39466.08
39448.874
39445.177
39507.865
39521.888
39597.712
39574.774
39717.836
39722.768
39771.462
39766.291
39676.838
39673.277
39635.504
39637.217
39617.033
39583.054
39592.586
39785.327
39765.319
39528.008
39505.58
39255.151
39266.62
38514.826
38558.742
38114.778
38068.383
37050.188
17114.776
16736.665
32512.19
47418.187
40520.955
40815.784
40075.674
39811.349
37116.376
37208.311
37562.236
37475.781
36370.797
36456.199
36124.654
36040.483
34894.217
34951.414
35263.022
34343.219
28733.956
28528.827
24644.158
24761.976
25252.418
25134.212
25588.902
24200.991
39068.806
38764.062
50256.464
50132.218
42447.652
24144.709
31564.926
52333.411
28711.333
11673.083
18857.137
20623.304
22516.008
24723.313
17956.576
19662.572
21490.891
23558.904
12176.716
)
;
    }
}


// ************************************************************************* //
