/*--------------------------------*- C++ -*----------------------------------*\
| =========                 |                                                 |
| \\      /  F ield         | OpenFOAM: The Open Source CFD Toolbox           |
|  \\    /   O peration     | Version:  2412                                  |
|   \\  /    A nd           | Website:  www.openfoam.com                      |
|    \\/     M anipulation  |                                                 |
\*---------------------------------------------------------------------------*/
FoamFile
{
    version     2.0;
    format      ascii;
    arch        "LSB;label=32;scalar=64";
    class       volScalarField;
    location    "3600";
    object      k;
}
// * * * * * * * * * * * * * * * * * * * * * * * * * * * * * * * * * * * * * //

dimensions      [0 2 -2 0 0 0 0];

internalField   nonuniform List<scalar> 
38343
(
1.524119
1.5240983
1.5239309
1.5227168
1.5117512
1.5065336
1.5038171
1.5018923
1.5010959
1.5000903
1.4997468
1.49929
1.498874
1.49858
1.4983616
1.4981918
1.4980627
1.4979522
1.4979057
1.4979122
1.4978976
1.4978718
1.497745
1.4978563
1.4978067
1.4975451
1.497482
1.497486
1.4981547
1.5016833
1.5016797
1.4989041
1.505866
1.5141364
1.522912
1.5237179
1.5238881
1.5240229
1.5242344
1.5242284
1.5509272
1.5498399
1.5488497
1.547415
1.525824
1.5144925
1.5084192
1.5045371
1.5024189
1.5005289
1.4996041
1.4987226
1.4979795
1.4973729
1.4969068
1.4965339
1.496236
1.4959956
1.4958498
1.4957729
1.495803
1.4957541
1.4959537
1.4958733
1.4965011
1.4966733
1.4971691
1.4978035
1.4996169
1.5020072
1.5051099
1.5017984
1.5086934
1.5184478
1.5297143
1.5346704
1.5473737
1.5486308
1.5484217
1.5478936
1.5804147
1.5769247
1.5746622
1.5721
1.5395013
1.5229246
1.5134172
1.5074756
1.5040215
1.5013551
1.4997074
1.4983767
1.4972046
1.4962598
1.4955284
1.4949344
1.4944497
1.4940533
1.4937932
1.4936532
1.4936116
1.4938689
1.4936497
1.4942673
1.4946085
1.4948757
1.4955409
1.4963436
1.4990468
1.5015796
1.505716
1.503338
1.5094351
1.5227868
1.5370523
1.5473017
1.5704808
1.5734024
1.5726926
1.5711486
1.6122612
1.605445
1.6014603
1.5921067
1.5534947
1.5316802
1.518564
1.5106286
1.5057688
1.5021636
1.499929
1.4981238
1.4965531
1.4952668
1.4942442
1.4934041
1.4927049
1.4921263
1.4917154
1.4914749
1.49137
1.4915635
1.4912915
1.4919926
1.4926356
1.4932257
1.4941541
1.4952774
1.4973477
1.5007155
1.5063127
1.5064507
1.5110134
1.5264887
1.5452099
1.5623466
1.593501
1.5983131
1.5970773
1.5941068
1.6463952
1.6354641
1.6293397
1.6103306
1.5689866
1.5408087
1.5240521
1.5140103
1.5078496
1.5033974
1.5003127
1.4980338
1.4960386
1.4944011
1.4930732
1.4919621
1.4910209
1.4902246
1.4896306
1.4892355
1.4891064
1.4891271
1.4891479
1.4897635
1.4907055
1.4916406
1.4929523
1.4947424
1.496551
1.5007387
1.5078864
1.510165
1.5145696
1.5311683
1.5535706
1.5778343
1.6121501
1.6231407
1.6215802
1.6169023
1.682835
1.6671014
1.6583556
1.6289265
1.5862909
1.5502783
1.5298118
1.5176611
1.5098867
1.504538
1.5009639
1.4981282
1.4957125
1.4937021
1.4920427
1.4906331
1.4894119
1.4883586
1.4875432
1.4869616
1.4866998
1.4867682
1.4867564
1.4875419
1.4887391
1.4900545
1.4917902
1.4942104
1.4962012
1.5009168
1.5089616
1.513263
1.5187433
1.5368219
1.562153
1.5947628
1.6293702
1.6478936
1.6462601
1.6396827
1.7215982
1.7004729
1.6885836
1.6488524
1.6051901
1.5600418
1.5359725
1.5214639
1.5124909
1.50615
1.5015738
1.4983618
1.4955434
1.4931712
1.4911742
1.4894437
1.4879142
1.4865656
1.4854838
1.4846871
1.4842774
1.4843678
1.4844186
1.4853678
1.4868131
1.4885719
1.4907811
1.4937881
1.4962826
1.50113
1.5104751
1.5167614
1.5233967
1.543346
1.5708151
1.6127757
1.6458938
1.6726234
1.6711748
1.6625213
1.7627211
1.7356706
1.7200952
1.6708675
1.6251328
1.5700347
1.5424559
1.52543
1.5147201
1.5074533
1.5028724
1.4990589
1.4957704
1.4929979
1.4906272
1.4885337
1.4866387
1.4849376
1.4835267
1.4824414
1.481849
1.4818317
1.4820616
1.4832395
1.4850173
1.487301
1.4900837
1.4936892
1.4970134
1.5025456
1.5121877
1.5198133
1.5283001
1.5503905
1.5792699
1.6288091
1.6621593
1.697384
1.6963499
1.6818293
1.8061079
1.7727827
1.7529577
1.6956882
1.6444641
1.5801878
1.5493
1.5295151
1.5172184
1.5090895
1.5034379
1.4993603
1.4959418
1.4930075
1.4904629
1.4882034
1.4861329
1.4842468
1.4826594
1.4813584
1.4806857
1.480587
1.4808284
1.481987
1.4838764
1.486441
1.4895544
1.4933836
1.4972018
1.5028513
1.5113533
1.5236209
1.5333707
1.5578947
1.5874795
1.6429358
1.6785994
1.7222413
1.7217992
1.6947981
1.8389534
1.8116657
1.787223
1.723664
1.6640137
1.5904947
1.5565074
1.5337231
1.5202381
1.5110013
1.5056256
1.50023
1.4966052
1.4934023
1.4906406
1.4881844
1.4858826
1.483694
1.4817437
1.4800251
1.4790581
1.4787536
1.4789294
1.4800427
1.4821832
1.4850873
1.4885586
1.4926871
1.4970141
1.5027235
1.5122346
1.5283197
1.5387219
1.5657134
1.5955042
1.6553787
1.6955985
1.7472562
1.74755
1.7041603
1.8640241
1.8522773
1.8229708
1.7549216
1.6840415
1.6010277
1.5639403
1.5379669
1.5232686
1.5132726
1.5077643
1.5014962
1.4974839
1.4940135
1.490983
1.4881935
1.4855092
1.4829078
1.480498
1.4782976
1.4769947
1.4765166
1.4765701
1.4778719
1.4803756
1.4837221
1.4877907
1.4924022
1.497469
1.5033746
1.5147561
1.532776
1.5439921
1.5737767
1.6032118
1.6675928
1.7130209
1.7724763
1.7736221
1.7108778
1.8836112
1.8946388
1.8602808
1.7894682
1.7049092
1.6118084
1.5715688
1.5421971
1.5263395
1.515644
1.5095937
1.5030418
1.4986698
1.4948686
1.4915217
1.4884263
1.4854218
1.4823967
1.4794612
1.4768204
1.4751937
1.4744596
1.474562
1.4761218
1.4792052
1.4831712
1.4879414
1.4932173
1.4991408
1.5052942
1.5179504
1.537361
1.5493717
1.5818354
1.6106845
1.6787967
1.7308697
1.7979327
1.8000463
1.7161199
1.89902
1.9388183
1.8992494
1.8261597
1.7265968
1.6228769
1.5793136
1.5463998
1.5293805
1.5185784
1.5111925
1.5045803
1.4999456
1.4959593
1.492441
1.4891564
1.4858373
1.48236
1.4789377
1.4758332
1.4738086
1.4727255
1.4729707
1.4749499
1.4787139
1.4835266
1.488974
1.495029
1.5016651
1.5084977
1.5216034
1.5423481
1.5546954
1.5899908
1.6178618
1.689943
1.7491193
1.8236689
1.8268376
1.720048
1.9112764
1.9849017
1.9399503
1.8640299
1.749242
1.6342636
1.5871306
1.550548
1.532359
1.5214663
1.5129453
1.506177
1.5014789
1.497452
1.4939048
1.490513
1.4869601
1.4831777
1.4792602
1.4756528
1.4731654
1.4715813
1.4719775
1.4746071
1.4791425
1.4848615
1.4910407
1.4978673
1.5050957
1.5125698
1.5256537
1.5476087
1.5601715
1.5981173
1.6247117
1.7003869
1.7677081
1.849702
1.8540191
1.7233119
1.9209768
2.0329989
1.9824656
1.9031396
1.7727527
1.6459869
1.5949496
1.5546038
1.5352331
1.5242
1.5148414
1.508014
1.5033189
1.4993697
1.4959318
1.4926425
1.4889995
1.4849548
1.4806319
1.4765986
1.473652
1.4713631
1.4719784
1.4752315
1.4803035
1.4866997
1.4936336
1.5012771
1.5093607
1.5172465
1.5300899
1.5532527
1.5654945
1.6061564
1.6311633
1.7107099
1.7865008
1.8760619
1.8816184
1.7258076
1.9286696
2.0832454
2.0269065
1.9435825
1.7971859
1.6580234
1.6027343
1.558519
1.5379868
1.5266604
1.5168526
1.509948
1.5054122
1.5017003
1.4986364
1.4952994
1.4914412
1.4872435
1.4826731
1.4783919
1.4750801
1.4718827
1.4727922
1.4765229
1.4819807
1.4888862
1.4964798
1.5047907
1.5136699
1.5223777
1.5349297
1.5587505
1.570897
1.6140825
1.6374017
1.7205089
1.8054082
1.9027615
1.9096501
1.7279596
1.9346926
2.1357625
2.0733809
1.9854232
1.8224511
1.6703969
1.6104293
1.5622739
1.5405687
1.528877
1.5188184
1.511885
1.5076315
1.5043848
1.501576
1.4981185
1.494231
1.4900532
1.4854997
1.4811772
1.4776233
1.4736454
1.4743781
1.4787398
1.484358
1.4915656
1.4996435
1.5084448
1.5179498
1.5274204
1.5401047
1.5643475
1.5759983
1.6213089
1.6434667
1.7301203
1.8242527
1.9298226
1.9381371
1.7296444
1.9393963
2.1907333
2.121998
2.0287511
1.8486158
1.6830969
1.6178568
1.5658133
1.5429401
1.5308344
1.5206291
1.5137123
1.5098782
1.5073033
1.5044402
1.5010462
1.4974459
1.4935247
1.489326
1.4852689
1.4816704
1.4774291
1.4768353
1.4821877
1.4876656
1.4948845
1.5031925
1.5122995
1.522248
1.5325125
1.5453764
1.569589
1.5810288
1.627856
1.6491565
1.7392913
1.843036
1.9572579
1.9670986
1.7311305
1.9429866
2.2482656
2.1728772
2.0736174
1.8756432
1.6961216
1.6250076
1.5691299
1.5450432
1.5325136
1.5222342
1.5153021
1.512057
1.5100507
1.5072704
1.5041322
1.5011161
1.4978598
1.4944268
1.4911077
1.4878448
1.4835687
1.4806732
1.4872802
1.492143
1.4989876
1.5072031
1.5164023
1.5266013
1.5374658
1.5507211
1.574774
1.5855138
1.6328147
1.6547488
1.7482364
1.8615379
1.9850823
1.9965563
1.7322805
1.9457168
2.3085761
2.2261073
2.1201108
1.9035133
1.7094663
1.6322065
1.5721965
1.5468649
1.5338752
1.5235494
1.5165874
1.5141006
1.5125733
1.510046
1.5074455
1.5052095
1.5032604
1.5012136
1.4993115
1.4971056
1.4928753
1.4876308
1.4944902
1.4981334
1.5040435
1.5117825
1.5207591
1.5310488
1.5422878
1.5558915
1.5795982
1.5893788
1.6368172
1.6597296
1.7567687
1.8798386
2.0132983
2.0265259
1.7333195
1.9477124
2.3718259
2.2818416
2.1682562
1.9321377
1.7231074
1.6391805
1.575047
1.5483619
1.5349057
1.5245142
1.5175594
1.515914
1.5148581
1.5128136
1.5109912
1.5098843
1.5096665
1.5101809
1.510783
1.5109835
1.5070757
1.4987801
1.5044744
1.5060293
1.5103211
1.5170001
1.5253661
1.5354652
1.5469724
1.5608072
1.5841224
1.592876
1.6397889
1.6646527
1.7650591
1.8977321
2.0419497
2.0570287
1.7341398
1.9491918
2.4382255
2.340209
2.2181322
1.9615551
1.7369813
1.6461466
1.5776455
1.5495458
1.5355761
1.5250708
1.5181404
1.5173338
1.5169559
1.5155699
1.5147323
1.5151842
1.517361
1.5213301
1.5271776
1.5323382
1.5287146
1.5162152
1.5181666
1.5161959
1.5179577
1.5229241
1.5305705
1.5401614
1.5516246
1.5654062
1.5883511
1.5953172
1.6425017
1.6688289
1.772857
1.9152917
2.0710223
2.0880808
1.7348716
1.9502417
2.5079741
2.4013801
2.26986
1.9917588
1.7511433
1.6529059
1.5800258
1.5503951
1.5358276
1.525201
1.5182629
1.5182473
1.5187911
1.5182526
1.5186678
1.5210666
1.5264444
1.5356672
1.549952
1.5627062
1.5578112
1.5412345
1.5366061
1.5290882
1.5270388
1.5297038
1.5362088
1.545032
1.5561839
1.5696623
1.5918426
1.5976064
1.6446077
1.6727608
1.7804561
1.9324496
2.1005735
2.1197068
1.7354339
1.9510435
2.5812975
2.4654855
2.323496
2.0227118
1.7655955
1.6595789
1.5821679
1.5509523
1.5357306
1.5248882
1.5179053
1.518626
1.5203607
1.5207334
1.5225776
1.5274281
1.5369879
1.5538007
1.5816343
1.6015578
1.5966721
1.5717309
1.5612538
1.5450679
1.5378484
1.5373417
1.5419331
1.5497846
1.5605808
1.5735904
1.5950379
1.5991103
1.6464784
1.6760898
1.787492
1.9491477
2.130593
2.1519258
1.7359395
1.9516518
2.658472
2.5327139
2.3791349
2.0545083
1.7803348
1.6661478
1.5841607
1.5512212
1.5353737
1.5241449
1.5170624
1.5184633
1.5216037
1.5229734
1.5262375
1.5322529
1.5472453
1.575314
1.6215372
1.6621021
1.6586798
1.6112911
1.5922276
1.5641304
1.5498916
1.5456109
1.5479426
1.5545511
1.5647553
1.5772871
1.5971642
1.6001239
1.6481749
1.6789644
1.7943644
1.9655788
2.1611543
2.1847644
1.7362712
1.952238
2.7396752
2.6032408
2.436887
2.0870389
1.7954173
1.6726363
1.5860004
1.5512842
1.5347527
1.5229824
1.5157635
1.5177191
1.5224065
1.5251989
1.5301129
1.5362736
1.5553978
1.5961566
1.6749
1.8015543
1.9527085
1.6720727
1.6286134
1.5855138
1.5630497
1.5544425
1.5542399
1.559324
1.5686928
1.5806722
1.5980939
1.6007817
1.648984
1.6813613
1.8006805
1.981465
2.1922767
2.2182401
1.7365989
1.9528679
2.8253072
2.6772698
2.496817
2.1204387
1.8108236
1.6791188
1.5877755
1.5511525
1.5339276
1.521461
1.5140547
1.5164213
1.5229149
1.5266317
1.5324525
1.5422232
1.5668757
1.6209864
1.7463087
2.2805768
1.7740079
1.668097
1.6087279
1.5769715
1.563501
1.560601
1.5639864
1.5723263
1.583697
1.5988751
1.6005725
1.6501875
1.6832554
1.8067805
1.997171
2.2239418
2.2523645
1.7367806
1.9536814
2.9155888
2.7549953
2.559046
2.1546367
1.8265919
1.6856045
1.5894878
1.5509318
1.5329384
1.5196384
1.5120139
1.514648
1.5219787
1.5277945
1.5349156
1.5480937
1.5783217
1.645432
1.8162551
2.526741
1.8696696
1.7083882
1.6314571
1.5910566
1.5727012
1.5669349
1.5685401
1.5756946
1.5861051
1.5978794
1.6000623
1.6499765
1.6848814
1.8124259
2.0122986
2.2561618
2.2871558
1.7369704
1.9547445
3.0108279
2.836656
2.6237181
2.1897836
1.8428352
1.6921961
1.5912323
1.5506274
1.5318684
1.5175878
1.5096877
1.5128108
1.5209884
1.5284938
1.5374289
1.5532314
1.5884336
1.6671711
1.8748273
1.9354877
1.7419425
1.6543507
1.6056934
1.5820424
1.5731099
1.5728372
1.5786991
1.5879042
1.597369
1.5988626
1.6500536
1.6860672
1.8178063
2.0272666
2.2890139
2.3226422
1.7370905
1.9561728
3.1113826
2.922434
2.690882
2.2256346
1.8594097
1.6988582
1.5929977
1.5503449
1.5307686
1.5153852
1.5071601
1.5103689
1.5194443
1.5288033
1.5393013
1.557489
1.5969481
1.6855178
1.9174157
1.9806577
1.7687779
1.6753294
1.6181735
1.5910496
1.5794981
1.5768724
1.5813548
1.5886046
1.5954306
1.5974701
1.6491216
1.687179
1.8230094
2.041958
2.3225086
2.3588367
1.7371826
1.9580405
3.217595
3.0125926
2.760678
2.2625113
1.8764271
1.7056925
1.5948912
1.5500925
1.5297204
1.5131092
1.5045941
1.5076386
1.5174955
1.5284122
1.5405004
1.5608604
1.6038416
1.700159
1.9446461
2.0065768
1.7914429
1.690668
1.6302374
1.6003083
1.5856772
1.5800713
1.5836159
1.5886424
1.5937697
1.5955812
1.6483977
1.6880599
1.8278211
2.0568347
2.3567042
2.3957672
1.737229
1.9604845
3.3298341
3.1073837
2.8332223
2.3001287
1.8938773
1.712678
1.5968844
1.5499627
1.52876
1.5108316
1.5022926
1.5048367
1.515416
1.5275031
1.5411512
1.5633814
1.6092119
1.7112734
1.9605747
2.0206843
1.8120015
1.7052289
1.640833
1.6053691
1.5893199
1.5840004
1.5851407
1.5871973
1.5913768
1.5936592
1.6470081
1.6889533
1.8328664
2.0718091
2.3915921
2.4334511
1.7373186
1.963576
3.4484985
3.207092
2.9086903
2.3389304
1.9118495
1.7198892
1.5990584
1.549936
1.5279559
1.508614
1.4995627
1.5020689
1.5131314
1.5261744
1.5413605
1.5651081
1.6132156
1.7195224
1.9665632
2.481573
2.0252979
1.8287822
1.7188155
1.650336
1.612225
1.5934874
1.5868379
1.5871628
1.586025
1.5892093
1.5915712
1.6459526
1.6899083
1.8376073
2.0871157
2.4272887
2.4719113
1.7373277
1.967444
3.574022
3.3120143
2.987149
2.3784119
1.9302331
1.7273093
1.6013945
1.5501009
1.527317
1.5065392
1.4970878
1.4994488
1.5107215
1.524534
1.5409977
1.5661039
1.6159901
1.7254754
1.9654923
1.8743687
2.0219463
1.8409724
1.7300733
1.6588696
1.6186963
1.5978444
1.5894978
1.5885138
1.5845265
1.5867751
1.5893741
1.6450529
1.6909576
1.843031
2.1027481
2.4637722
2.5111637
1.737322
1.9721803
3.7068186
3.4224578
3.0687697
2.4191002
1.949099
1.734992
1.6039403
1.5503978
1.5268653
1.5045412
1.494696
1.4969271
1.5082748
1.5226996
1.5399746
1.5664472
1.6176539
1.7288449
1.9564937
1.7365427
2.0202251
1.8502413
1.7391474
1.6666154
1.6239618
1.6018415
1.5922021
1.5894344
1.5831071
1.5843702
1.5872961
1.643317
1.6922784
1.8480217
2.1188034
2.5010884
2.5512478
1.7373199
1.9779111
3.8474059
3.5387623
3.1536567
2.4604977
1.9684224
1.7428922
1.6066728
1.5509178
1.5266111
1.5027315
1.492489
1.4945017
1.5058453
1.5206792
1.5384685
1.5660563
1.6183627
1.7296944
1.9434599
1.7416696
2.0211973
1.8577348
1.7467738
1.6735292
1.6285476
1.60555
1.5946057
1.5897952
1.5816084
1.5819953
1.585676
1.6426666
1.6945861
1.8541154
2.1353574
2.5392603
2.5921875
1.7373115
1.9847491
3.9962253
3.6612779
3.2420643
2.5031752
1.9882199
1.7510792
1.6096158
1.5515772
1.526532
1.5011245
1.4904205
1.4921738
1.5034728
1.5185029
1.5365797
1.5648048
1.6182292
1.7302829
1.9297265
1.7266182
2.0212183
1.8636986
1.7532212
1.6792446
1.6328619
1.6088929
1.5966567
1.5900048
1.5799283
1.5798199
1.584567
1.6417947
1.6962175
1.8600313
2.1526
2.5784177
2.6339759
1.7373473
1.99282
4.1538966
3.7903921
3.3341145
2.5464756
2.0084165
1.7594669
1.6127459
1.5524681
1.5266176
1.4996714
1.4884719
1.4899154
1.5011498
1.5162326
1.5343896
1.5628962
1.6170524
1.7297325
1.9163112
1.7227686
2.0195805
1.8688434
1.7587064
1.6839644
1.6369333
1.611792
1.5984386
1.5900968
1.5783219
1.5779051
1.583424
1.6409394
1.6996241
1.867226
2.1703314
2.61843
2.6766578
1.737464
2.0022454
4.3209001
3.9265141
3.4299788
2.5911605
2.0291096
1.7681282
1.6160515
1.5534748
1.5269233
1.4984972
1.4866173
1.4877218
1.4988495
1.5138946
1.5319814
1.5605007
1.6150654
1.7281401
1.90334
1.7283629
2.0178889
1.8735938
1.7636296
1.6881787
1.6407044
1.6143793
1.6000419
1.589912
1.5767992
1.5762936
1.5826343
1.6408008
1.7031148
1.8734921
2.1893035
2.6595221
2.720243
1.7375647
2.0131997
4.4979472
4.0700905
3.5298541
2.6365738
2.0502415
1.7769852
1.6195476
1.554701
1.527417
1.4972263
1.4849163
1.4856247
1.4965802
1.5115008
1.5294206
1.5577497
1.612434
1.7262663
1.8915152
1.7388755
2.0178521
1.8777163
1.7679428
1.6920453
1.6440654
1.6167131
1.6014947
1.5895553
1.5754325
1.574997
1.5823142
1.6410075
1.7064551
1.880903
2.2092076
2.7015364
2.7647531
1.7376461
2.0258712
4.6856783
4.2214816
3.6337667
2.6830162
2.0715556
1.7860109
1.6231025
1.5559425
1.5278708
1.496256
1.4832498
1.4836209
1.4943501
1.5090643
1.5267849
1.5547999
1.6094881
1.7244636
1.8831335
1.7511926
2.0200024
1.8815398
1.7717773
1.6954863
1.6470703
1.6188577
1.6028174
1.5892004
1.5743251
1.5740123
1.5823764
1.6416066
1.7103174
1.8884665
2.2287632
2.7443364
2.8101706
1.7378567
2.040334
4.8846043
4.3813526
3.742253
2.7307198
2.0935253
1.7953196
1.6269948
1.5574687
1.5290718
1.4952977
1.4815459
1.4816283
1.4921078
1.5065669
1.5240809
1.5517919
1.6065116
1.7229921
1.8812138
1.7627536
2.0233708
1.8850649
1.7752665
1.698269
1.6497973
1.6208299
1.604064
1.5889539
1.573577
1.5733386
1.5828673
1.6427004
1.7145964
1.8966955
2.2495254
2.7884844
2.8564752
1.7382078
2.0567412
5.0955195
4.5502109
3.8554131
2.779566
2.1159178
1.8049376
1.6310323
1.5590944
1.5298137
1.4938283
1.4798527
1.4800825
1.4904646
1.5047255
1.5222094
1.550353
1.607116
1.7296828
1.8842651
19.670131
1.7615328
2.0274315
1.8908619
1.7781404
1.7004838
1.6522776
1.6225846
1.6052794
1.5888588
1.5732008
1.5729736
1.5837469
1.6442603
1.7194589
1.9054977
2.2713638
2.8333254
2.9036671
1.7387205
2.0753379
5.3194512
4.7286588
3.9735027
2.8296523
2.1386363
1.8146623
1.6352999
1.5609188
1.5309163
1.4944751
1.4783481
1.4782578
1.4883481
1.5023066
1.5195963
1.5475461
1.6043882
1.7287124
1.8820288
13.447682
1.7565259
2.0237088
1.892845
1.7808219
1.7023003
1.6544819
1.6241799
1.6064017
1.5889288
1.5731144
1.5729332
1.5849975
1.6462476
1.7248098
1.9147445
2.2937203
2.8791925
2.9518694
1.7393887
2.0963444
5.5568289
4.9173419
4.0968169
2.880964
2.1618634
1.8246921
1.6397265
1.5632014
1.5325354
1.493975
1.4769687
1.4765224
1.4863071
1.4999798
1.5171219
1.5450152
1.6021231
1.7283119
1.8710232
10.349683
1.745276
2.016312
1.8936127
1.7817941
1.7035646
1.6561468
1.6255504
1.6073145
1.5891178
1.5731998
1.5731933
1.5865687
1.6486145
1.7305397
1.9244386
2.316427
2.9258007
3.0008888
1.7402414
2.1198094
5.8093419
5.1169087
4.2256776
2.9333747
2.1853705
1.8347964
1.6443009
1.565006
1.5339695
1.4936018
1.475709
1.4749076
1.4843718
1.4977823
1.5148267
1.5427554
1.6004314
1.7273627
1.8576887
8.4503054
1.7287641
2.0055223
1.8928844
1.7823773
1.7045593
1.6574921
1.6268288
1.6080903
1.5894274
1.5733734
1.5736895
1.5883561
1.6513427
1.73667
1.934617
2.3397398
2.9732834
3.0508681
1.7412611
2.1462953
6.0773715
5.3279987
4.3603023
2.9871232
2.2093338
1.8451536
1.6490306
1.5675246
1.5352264
1.4933061
1.4745474
1.4734273
1.4825648
1.495739
1.5127273
1.5407666
1.5990641
1.7255879
1.8443208
7.1626118
1.7094978
1.9940627
1.8900071
1.7824888
1.7053682
1.6585937
1.6279427
1.6087448
1.5898304
1.5735435
1.5744236
1.5903359
1.6544277
1.7430141
1.9450962
2.3636413
3.0215335
3.1018073
1.7424572
2.1762208
6.3620074
5.5514947
4.5012894
3.0420353
2.2336172
1.8557541
1.6540345
1.5699188
1.5370512
1.4931801
1.473734
1.4720852
1.4808955
1.4938631
1.510829
1.5390175
1.5978407
1.7230832
1.8313099
6.2292367
1.6887807
1.9823052
1.885568
1.7813874
1.7058985
1.6593277
1.6287901
1.6092727
1.5902683
1.573719
1.5753188
1.592641
1.658072
1.7495982
1.9559575
2.3877688
3.0706384
3.1537868
1.7438389
2.2105477
6.6645481
5.7882377
4.6487271
3.0982233
2.258328
1.8665364
1.6590778
1.5723493
1.5388276
1.4931369
1.472771
1.4709015
1.4793669
1.4921557
1.5091155
1.5374619
1.5966482
1.7202616
1.8182721
5.5196687
1.6678166
1.9697555
1.8801387
1.7792849
1.7058515
1.6595079
1.629356
1.6096665
1.5906954
1.5739246
1.5763423
1.5950739
1.6620208
1.7568353
1.9670697
2.4122417
3.1207273
3.2069355
1.7454205
2.2484412
6.986141
6.0394713
4.8031339
3.1557473
2.2833109
1.8775196
1.6640368
1.5750432
1.54075
1.4932032
1.4719386
1.4698419
1.4779753
1.4906077
1.5075649
1.5360507
1.5954659
1.7172143
1.8048235
4.9609763
1.6471663
1.9569944
1.8745698
1.77654
1.7052785
1.6592678
1.6296445
1.6099282
1.591094
1.5741964
1.5774763
1.5976137
1.6662075
1.7642766
1.9792502
2.4380935
3.1720868
3.2617888
1.7481931
2.2908412
7.3283812
6.3063646
4.9650788
3.2146235
2.3086338
1.8885414
1.6694691
1.577853
1.5427939
1.4933277
1.4713131
1.4688616
1.4767166
1.4892045
1.5061528
1.5347397
1.5942926
1.7140022
1.7907367
4.508934
1.6269781
1.9441962
1.8680908
1.7734133
1.7042571
1.6587392
1.6296819
1.6100612
1.5914619
1.5745602
1.5787061
1.6002609
1.670585
1.7718866
1.9917986
2.4643579
3.2242772
3.3178952
1.7517224
2.3382136
7.6927953
6.5901639
5.1342562
3.2749714
2.3345428
1.8999774
1.6750097
1.5808254
1.5450087
1.4935373
1.4708866
1.4680597
1.4755858
1.4879338
1.5048567
1.5334976
1.5931042
1.7106944
1.7759071
4.1352269
1.6072269
1.9316177
1.8616136
1.7701063
1.7028741
1.6580148
1.6294999
1.610065
1.5917952
1.5749982
1.5800062
1.6030169
1.6751155
1.7796558
2.0046434
2.4910226
3.2774253
3.3744016
1.7538051
2.391473
8.0813631
6.8918106
5.3081321
3.3366414
2.3607779
1.9114478
1.6807732
1.583913
1.5474206
1.4939101
1.4706454
1.4673846
1.4745793
1.4867842
1.5036582
1.5323058
1.5918256
1.7073052
1.7603444
3.820897
1.5878386
1.9192103
1.8546888
1.7666752
1.7012121
1.6571361
1.6291261
1.6099402
1.5920859
1.5754914
1.5813671
1.6058706
1.679769
1.7875771
2.0177348
2.5180723
3.3314466
3.4321258
1.7560558
2.4498341
8.4959027
7.2126962
5.4865785
3.3997259
2.3875008
1.9227261
1.6866026
1.587111
1.5499683
1.4944867
1.4702791
1.466817
1.4736897
1.4857432
1.5025437
1.5311563
1.5904261
1.7038384
1.744099
3.5528446
1.5687786
1.9070141
1.8479027
1.7631263
1.699338
1.6561077
1.6285857
1.6096969
1.5923276
1.5760376
1.5827745
1.6088067
1.6845369
1.7956434
2.0310513
2.5455088
3.386253
3.4911119
1.7585023
2.5144433
8.9387976
7.5543984
5.6691745
3.4646343
2.4145795
1.9347202
1.6925594
1.5904526
1.5526284
1.4952447
1.4703068
1.4663291
1.4729047
1.484798
1.5015024
1.5300431
1.58894
1.7002935
1.7272479
3.3236485
1.5500661
1.8949858
1.841084
1.7594863
1.697299
1.6549252
1.6279057
1.6093559
1.5925156
1.576633
1.584233
1.6118098
1.6894038
1.8038418
2.0445741
2.5733195
3.4418156
3.551397
1.7611298
2.5858828
9.4122176
7.9185995
5.8565876
3.531398
2.442136
1.9467756
1.6986524
1.5939503
1.5554125
1.4961442
1.4704285
1.4658884
1.4722149
1.4839369
1.5005228
1.5289588
1.5874062
1.6966684
1.7098886
3.128881
1.5317315
1.883064
1.8343766
1.7557934
1.6951192
1.6535954
1.6271136
1.6089434
1.592657
1.5772714
1.5857389
1.6148642
1.6943595
1.8121635
2.058301
2.6015069
3.4980958
3.6130225
1.7639644
2.6655312
9.9189451
8.3072152
6.0486395
3.6001412
2.4702285
1.9590509
1.7048782
1.597577
1.5582992
1.4971814
1.4707021
1.4654727
1.4716164
1.4831495
1.4995939
1.5278941
1.5858684
1.6929472
1.6921124
2.9644324
1.5137943
1.8712287
1.8277402
1.7521518
1.6927825
1.6521363
1.6262307
1.6084812
1.5927484
1.5779445
1.5873042
1.617957
1.6993886
1.8205935
2.0722187
2.6300571
3.5550796
3.6760269
1.7669902
2.7525649
10.462106
8.7223582
6.2453669
3.6706684
2.4987495
1.9716739
1.7112438
1.6013126
1.5612579
1.4983577
1.4711089
1.4650762
1.4711069
1.4824263
1.4987055
1.5268389
1.5843188
1.6890892
1.674005
2.8267006
1.4962556
1.8595206
1.8211539
1.7481952
1.6902887
1.6505702
1.6252644
1.6079794
1.5927969
1.5786426
1.5888892
1.6210752
1.7044854
1.8291214
2.0863279
2.6589737
3.6127474
3.7404536
1.7702353
2.8485614
11.044652
9.1663346
6.4474248
3.7430225
2.5276783
1.9844396
1.7177415
1.6051534
1.5642576
1.4996916
1.4716149
1.4647089
1.4706793
1.4817584
1.4978482
1.5257837
1.5827478
1.6850918
1.6556537
2.7126073
1.4791121
1.8479907
1.8146236
1.7441829
1.6877042
1.6489176
1.6242109
1.6074373
1.5927913
1.5793555
1.5904713
1.6242089
1.7096386
1.8377299
2.1006157
2.6882434
3.6710988
3.806342
1.7736834
2.9552814
11.670321
9.641728
6.6547209
3.8172739
2.5571507
1.9974379
1.7243619
1.6090791
1.5672832
1.5011942
1.4721914
1.4643897
1.4703198
1.4811378
1.4970128
1.5247227
1.5811534
1.6809634
1.6371461
2.6196416
1.4623704
1.8366801
1.8081394
1.7401582
1.6850671
1.64719
1.6230641
1.6068496
1.5927239
1.5800722
1.5920417
1.6273485
1.7148499
1.8464084
2.115084
2.7178711
3.7301234
3.8737377
1.7773642
3.0719133
12.343382
10.151464
6.8681661
3.8934505
2.5872391
2.0106516
1.7311743
1.6130982
1.5703415
1.5028449
1.4727953
1.4641423
1.4700115
1.4805565
1.4961905
1.5236526
1.5795375
1.6767122
1.6185565
2.5457468
1.44604
1.8256005
1.8017111
1.7360439
1.6823792
1.6453933
1.6218253
1.6062139
1.5925925
1.580783
1.5936077
1.6304883
1.7201076
1.8551407
2.1297168
2.7478445
3.7898268
3.9426816
1.7812609
3.2005018
13.067854
10.698668
7.0876461
3.9717073
2.6180601
2.024034
1.7381366
1.6172022
1.573454
1.5046013
1.4734181
1.4639879
1.4697387
1.4800065
1.4953737
1.5225719
1.5778989
1.6723462
1.5999587
2.4890863
1.4301208
1.8147592
1.7953204
1.7318931
1.6796463
1.6435363
1.6205067
1.6055316
1.5924024
1.5814798
1.5951603
1.6336227
1.725374
1.8639183
2.1445165
2.7781698
3.8502007
4.0132217
1.7854049
3.3433203
13.847652
11.286318
7.3141164
4.0522407
2.6494612
2.037592
1.7452374
1.6213868
1.5766146
1.5064334
1.4739998
1.4639304
1.4694894
1.4794794
1.4945573
1.5214795
1.5762338
1.6678772
1.5814187
2.4479015
1.4146001
1.8041555
1.7890693
1.7277539
1.6768856
1.641631
1.6191283
1.6048069
1.5921639
1.5821582
1.5967069
1.6367506
1.7306303
1.8727279
2.1594645
2.8088349
3.9112528
4.0854006
1.7897792
3.4990941
14.661681
11.89769
7.5473057
4.1348959
2.6813034
2.0513456
1.7524345
1.6256502
1.5798424
1.508307
1.4749304
1.4639537
1.4692568
1.478968
1.4937387
1.5203751
1.5745404
1.6633205
1.5629953
2.4206784
1.3994633
1.7937832
1.7828661
1.7236309
1.6740895
1.6396881
1.6177118
1.6040434
1.591889
1.5828127
1.598238
1.6398697
1.7358705
1.8815644
2.1745669
2.8398464
3.9729722
4.1592688
1.7944165
3.6690261
15.468182
12.515992
7.7879262
4.2198455
2.713776
2.065311
1.7597234
1.6299922
1.5831395
1.5101868
1.4754498
1.4640383
1.4690398
1.4784677
1.4929171
1.5192592
1.5728199
1.6586909
1.5447396
2.4063307
1.3846986
1.7836398
1.7766696
1.7195239
1.6712557
1.6377184
1.6162763
1.6032453
1.5915886
1.5834389
1.5997612
1.6429818
1.7410858
1.8904174
2.1898028
2.8711912
4.0353665
4.2348706
1.7992998
3.8543716
16.264477
13.139836
8.0357732
4.3072494
2.7468591
2.0794461
1.7670821
1.634412
1.5865101
1.5120532
1.4759663
1.4641678
1.4688413
1.4779761
1.4920928
1.5181317
1.571063
1.6539988
1.5266971
2.398404
1.3702882
1.7737152
1.7705313
1.715501
1.6684297
1.6357351
1.6148343
1.6024176
1.5912706
1.5840405
1.6012666
1.6460848
1.7462736
1.8992841
2.205184
2.9028754
4.0984204
4.312259
1.8044633
4.0524534
17.048795
13.768194
8.2905416
4.3971057
2.7805661
2.0937974
1.7745131
1.6389067
1.5899289
1.5138992
1.4765019
1.4643318
1.4686647
1.4774925
1.4912666
1.5169922
1.5692696
1.6492498
1.5089072
2.3930217
1.3561986
1.7639909
1.7644235
1.7115397
1.6656474
1.6337457
1.6133895
1.6015653
1.5909393
1.5846204
1.6027626
1.6491806
1.751428
1.9081571
2.2206868
2.9348853
4.1621418
4.3914804
1.80989
4.2644366
17.818939
14.399816
8.5530863
4.4896198
2.8148951
2.1083122
1.7820072
1.6434748
1.5934004
1.5157252
1.477083
1.4646261
1.4685121
1.477016
1.4904393
1.5158356
1.5674436
1.6444478
1.4914038
2.3900204
1.3423852
1.7544524
1.7584006
1.7076654
1.6628908
1.6317481
1.6119368
1.6006914
1.5905956
1.5851789
1.6042398
1.6522656
1.7565492
1.917036
2.23633
2.9672274
4.2265114
4.4725905
1.8156153
4.4914556
18.572739
15.033047
8.8226211
4.5849499
2.8497804
2.1230389
1.7895687
1.6481138
1.5968915
1.5175361
1.4777167
1.4648671
1.4683777
1.4765447
1.4896118
1.5146639
1.56559
1.6395967
1.4742186
2.38919
1.3288221
1.7450531
1.7524439
1.7038022
1.6601368
1.6297365
1.6104668
1.5997955
1.5902382
1.5857147
1.6057082
1.655341
1.761634
1.9259173
2.252087
2.9998884
4.2915388
4.5556381
1.8216225
4.7302438
19.30873
15.66772
9.099972
4.6829279
2.8853784
2.1379227
1.7971928
1.6528102
1.6004081
1.5193377
1.4783969
1.4651442
1.4681643
1.4760761
1.4887849
1.51349
1.5637124
1.6347014
1.4573815
2.3903165
1.3154961
1.7357539
1.7464993
1.6999227
1.6573763
1.6277074
1.6089721
1.5988737
1.5898643
1.5862249
1.6071587
1.6584017
1.7666848
1.9348034
2.2679839
3.0328777
4.3572012
4.6406817
1.8279484
4.9818927
20.026058
16.302198
9.3847247
4.7837658
2.9216089
2.1530178
1.8048968
1.6575632
1.6039319
1.5211338
1.4791169
1.4654479
1.4680592
1.4755976
1.4879588
1.5123119
1.5618127
1.6297662
1.4409185
2.3932046
1.3023952
1.7265531
1.7406004
1.6960144
1.6546165
1.6256615
1.6074507
1.5979221
1.5894709
1.5867077
1.6086027
1.6614492
1.7717002
1.9436954
2.2839923
3.0661833
4.4235109
4.7277727
1.8345762
5.247459
20.722401
16.935137
9.6763884
4.8877701
2.9585216
2.1682684
1.8126463
1.6623606
1.607446
1.5229246
1.479873
1.4657697
1.4679716
1.475011
1.4871349
1.5111232
1.5598912
1.6247951
1.42485
2.3976702
1.2895121
1.7174352
1.7347945
1.6921096
1.6518682
1.623601
1.6059062
1.5969385
1.5890553
1.5871624
1.6100302
1.6644782
1.7766847
1.952598
2.3001433
3.0998181
4.4904417
4.8169729
1.8415444
5.5231627
21.397735
17.565427
9.9757241
4.9946121
2.9961264
2.1837444
1.8204607
1.6672001
1.610966
1.5247127
1.4806623
1.4661041
1.4678873
1.4745437
1.4861232
1.5099209
1.5579486
1.6197911
1.4091952
2.4035505
1.2768704
1.7083682
1.729043
1.6882216
1.649133
1.6215278
1.6043448
1.595924
1.5886151
1.5875903
1.6114532
1.6674911
1.7816384
1.9615155
2.3164081
3.1337713
4.5580061
4.9083365
1.8488366
5.8101045
22.050922
18.19259
10.282246
5.1046479
3.0344814
2.1994127
1.8283529
1.6720749
1.6144808
1.5265084
1.4814782
1.4664492
1.4678053
1.4740786
1.4852925
1.5083391
1.5559712
1.6147578
1.3939704
2.4107193
1.2644745
1.6993607
1.7233295
1.684333
1.646412
1.6194424
1.6027727
1.5948824
1.5881488
1.587993
1.61286
1.6704833
1.7865677
1.9704537
2.3328191
3.1680586
4.6261743
5.0019292
1.8564924
6.1091904
22.681222
18.814202
10.595242
5.2180865
3.0737084
2.2152814
1.8362922
1.6769829
1.61799
1.528326
1.482309
1.4668068
1.4677245
1.4736137
1.4844759
1.5071236
1.5534416
1.6094835
1.3792043
2.4190929
1.2523257
1.6904244
1.7176539
1.680457
1.6437075
1.6173449
1.6011938
1.5938189
1.5876556
1.588373
1.6142626
1.6734583
1.7914735
1.9794178
2.3493469
3.2026688
4.6949493
5.0978076
1.8644959
6.4164052
23.288408
19.429849
10.915493
5.3346725
3.113637
2.2313551
1.8443111
1.6819255
1.6215046
1.5301799
1.4831416
1.4671799
1.4676452
1.4731497
1.4836568
1.5059005
1.5514691
1.6044584
1.3662103
2.420161
1.2379173
1.6815546
1.7120228
1.6766081
1.6410234
1.6152372
1.5996098
1.5927384
1.5871359
1.5887319
1.6156472
1.6764122
1.7963639
1.9884136
2.3660241
3.2376189
4.7643344
5.1960422
1.8728885
6.7326833
23.871877
20.038728
11.24241
5.4548882
3.1544199
2.2476309
1.8523901
1.6868963
1.625005
1.5320804
1.4839636
1.4675692
1.4675667
1.4726864
1.4828328
1.5046652
1.5494784
1.5993931
1.3524023
2.4292256
1.2263241
1.6727547
1.7064388
1.6727988
1.6383625
1.6131216
1.5980202
1.591645
1.5865919
1.5890714
1.6170266
1.6793493
1.80124
1.9974455
2.3828193
3.2728964
4.8343616
5.2966923
1.8816542
7.0590668
24.43151
20.639539
11.575488
5.5784005
3.1960637
2.2641231
1.8605161
1.6918863
1.6285029
1.5340291
1.4847706
1.4679714
1.4674879
1.4722223
1.4820019
1.5034177
1.5474682
1.5943107
1.3390424
2.4394742
1.2149569
1.664022
1.7009008
1.6690278
1.6357133
1.6109985
1.5964236
1.590541
1.5860269
1.5893922
1.6183853
1.6822665
1.8061109
2.0065185
2.3997659
3.3085186
4.9050166
5.399834
1.8908368
7.3911253
24.967899
21.231984
11.914822
5.7057773
3.2386852
2.2808241
1.8687202
1.6969064
1.6320093
1.5360183
1.4855694
1.4683809
1.4674074
1.4717562
1.4811625
1.5021579
1.5454378
1.5892106
1.3261336
2.4507723
1.2038215
1.6553563
1.6953979
1.6652831
1.6330111
1.6088727
1.5948194
1.5894266
1.5854449
1.5896947
1.6197374
1.6851688
1.8109776
2.0156353
2.41683
3.3444719
4.9763079
5.5055296
1.90042
7.7300089
25.48015
21.814707
12.259763
5.8368783
3.2821216
2.2977488
1.8769846
1.7019418
1.6355034
1.53804
1.4863665
1.4687922
1.4673245
1.4712872
1.4803142
1.5008875
1.5433887
1.5840946
1.3136945
2.4630487
1.192907
1.646762
1.6899248
1.6615627
1.6302581
1.6067488
1.5932077
1.5883008
1.5848502
1.5899787
1.6210665
1.688054
1.8158498
2.0248005
2.4340472
3.3807732
5.0482255
5.6138609
1.9104501
8.0748519
25.969551
22.387569
12.609672
5.9714864
3.3265313
2.3148881
1.885313
1.7069901
1.6389944
1.5400852
1.4871651
1.4692015
1.4672393
1.4708155
1.4794568
1.4996081
1.5413238
1.5789655
1.3017334
2.4762291
1.1822325
1.6382547
1.6844862
1.6578811
1.6274447
1.6046268
1.591589
1.5871618
1.5842475
1.5902441
1.6223884
1.690928
1.8207279
2.0340138
2.4513931
3.4174092
5.1207763
5.7248942
1.9209106
8.4267219
26.435263
22.950218
12.96522
6.1102036
3.3720052
2.332265
1.8937044
1.712054
1.6424935
1.5421468
1.4879687
1.4696066
1.4671528
1.4703417
1.4785909
1.4983225
1.5392438
1.573825
1.2902512
2.4902618
1.1717595
1.6298464
1.6790866
1.6542261
1.6245924
1.6025037
1.5899642
1.5860089
1.583641
1.5904902
1.6236867
1.6937889
1.8256216
2.0432803
2.4688815
3.4543967
5.1939558
5.8387168
1.9318506
8.7810446
26.878832
23.500682
13.325645
6.252511
3.4183278
2.3498647
1.9021582
1.7171335
1.6459893
1.5442219
1.4887784
1.4700078
1.4670662
1.4698663
1.4777173
1.4970316
1.5371502
1.5686717
1.2792568
2.5051293
1.1614797
1.6215419
1.6737275
1.6506162
1.6217536
1.6003744
1.5883346
1.5848424
1.583035
1.5907177
1.6249787
1.6966439
1.8305306
2.0525955
2.4864955
3.4917242
5.2677738
5.9553999
1.9432534
9.1390788
27.299573
24.038974
13.690308
6.3990642
3.466004
2.3677196
1.9106811
1.72222
1.6494692
1.5463095
1.4896006
1.4704047
1.4669806
1.4693896
1.4768367
1.495736
1.5350413
1.563508
1.2687527
2.5207931
1.1513739
1.6133438
1.6684072
1.6470146
1.6189324
1.5982358
1.586702
1.5836645
1.5824334
1.5909266
1.6262484
1.6994908
1.8354629
2.0619652
2.5042487
3.5294088
5.3422291
6.075037
1.9551709
9.4999578
27.699213
24.565056
14.059032
6.5496221
3.5145927
2.3858772
1.9192637
1.7273133
1.652959
1.5484062
1.4904345
1.4707979
1.4668963
1.4689111
1.4759503
1.4944363
1.5329186
1.5583366
1.2587418
2.5371985
1.1414401
1.6052524
1.6631214
1.6434147
1.6161277
1.5960879
1.5850677
1.5824786
1.5818388
1.5911181
1.6275142
1.7023377
1.8404009
2.0713814
2.5221244
3.5674424
5.4173411
6.1977039
1.9675865
9.8648522
28.076988
25.07811
14.431126
6.7042007
3.5644292
2.4042335
1.9279081
1.73242
1.6564461
1.5505096
1.4912797
1.4711881
1.4668131
1.4684299
1.4750593
1.493132
1.53078
1.5531573
1.2492319
2.5542535
1.1316855
1.5972722
1.6578692
1.6398223
1.6133412
1.5939334
1.5834324
1.5812881
1.5812517
1.5912921
1.6287609
1.7051821
1.8453779
2.0808503
2.54015
3.6058414
5.493107
6.3235015
1.9805552
10.229193
28.435016
25.579197
14.806525
6.862815
3.6153295
2.4228526
1.9366166
1.7375407
1.6599332
1.5526165
1.4921357
1.4715754
1.4667303
1.4679455
1.4741649
1.4918235
1.528628
1.5479608
1.2402335
2.5718571
1.1221223
1.5894032
1.6526514
1.6362246
1.6105771
1.5917768
1.5817964
1.5800955
1.5806709
1.5914488
1.6300015
1.7080328
1.8503915
2.0903622
2.5583018
3.6446043
5.5695594
6.4525096
1.9940601
10.594411
28.772242
26.065485
15.184493
7.0252071
3.6676133
2.4417821
1.945393
1.7426689
1.6634202
1.5547255
1.4930011
1.4719606
1.4666469
1.4674579
1.4732691
1.4905117
1.5264637
1.5427632
1.2317504
2.5899973
1.1127603
1.5816449
1.6474702
1.6325908
1.6078418
1.5896234
1.5801591
1.5789024
1.5800934
1.5915871
1.631229
1.7108859
1.855447
2.0999238
2.5766114
3.683744
5.6466945
6.5848377
2.0081599
10.959651
29.091303
26.538528
15.56562
7.1920058
3.7211319
2.4609438
1.9542585
1.7478206
1.6669085
1.5568348
1.4938755
1.4723446
1.4665619
1.4669672
1.4723731
1.4891969
1.5242876
1.5375579
1.223794
2.6086784
1.1036073
1.5740012
1.6423339
1.6289347
1.6051388
1.5874775
1.5785207
1.5777081
1.5795159
1.5917086
1.6324534
1.7137508
1.8605472
2.1095251
2.5950521
3.7232678
5.7245504
6.7205692
2.0228375
11.326273
29.390644
26.998228
15.947624
7.3629668
3.7758962
2.4804359
1.9631691
1.7529723
1.6703983
1.5589433
1.4947592
1.4727278
1.4664742
1.4664738
1.4714783
1.48788
1.5221013
1.5323532
1.2163739
2.6278772
1.0946521
1.5664757
1.637237
1.6252778
1.6024662
1.5853416
1.5768817
1.57651
1.5789356
1.5918122
1.6336723
1.7166211
1.8656613
2.1191734
2.6136646
3.7631846
5.8031381
6.8598228
2.0381557
11.689738
29.673482
27.443373
16.331187
7.5379974
3.8320829
2.5001706
1.972152
1.758141
1.6738895
1.561052
1.4956523
1.47311
1.4663828
1.465978
1.4705853
1.4865609
1.5199062
1.5271472
1.2094914
2.6475997
1.0858843
1.5590658
1.632176
1.6216473
1.5998189
1.5832163
1.5752432
1.5753089
1.5783491
1.5919011
1.6348993
1.7195061
1.8708213
2.12886
2.6324131
3.8035072
5.8824705
7.0026864
2.0540966
12.051731
29.937662
27.873943
16.715384
7.7172006
3.8897401
2.5202644
1.9812176
1.7633175
1.6773812
1.5631638
1.4965543
1.4734895
1.466286
1.4654796
1.4696939
1.4852395
1.5177016
1.5219472
1.2031281
2.6679056
1.0772929
1.5517683
1.6271442
1.61804
1.5971917
1.581101
1.5736068
1.574107
1.5777559
1.5919759
1.6361281
1.722397
1.8759797
2.1385921
2.6513546
3.8442487
5.9626182
7.1492863
2.070728
12.411312
30.187258
28.292088
17.100347
7.9004207
3.9487646
2.5406689
1.990336
1.7685138
1.6808747
1.5652767
1.4974654
1.4738627
1.4661827
1.4649781
1.4688035
1.4839156
1.5154895
1.5167523
1.1972783
2.6888459
1.0688643
1.5445768
1.6221278
1.6144526
1.5945798
1.5789938
1.5719739
1.5729084
1.5771561
1.5920417
1.6373765
1.7253027
1.8811808
2.1483633
2.6704363
3.8854089
6.0435109
7.2997185
2.0880312
12.770179
30.418899
28.694123
17.485069
8.0878241
4.0091702
2.5613433
1.999538
1.7737251
1.684369
1.5673939
1.4983848
1.4742253
1.4660721
1.464473
1.467913
1.4825877
1.5132705
1.5115656
1.1919428
2.7104618
1.0606001
1.5374777
1.6171319
1.6108834
1.5919798
1.5768924
1.5703452
1.5717168
1.5765525
1.5920997
1.6386308
1.7282126
1.8863789
2.1581801
2.6897354
3.9270314
6.1253317
7.4541127
2.1060792
13.123754
30.638177
29.083317
17.869629
8.2791252
4.0712056
2.5824002
2.0087893
1.7789491
1.6878777
1.5695164
1.4993122
1.474574
1.4659543
1.4639641
1.4670218
1.4812567
1.5110397
1.5063845
1.187119
2.7326885
1.0524966
1.5304513
1.6121577
1.6073299
1.5893885
1.5747944
1.5687208
1.5705319
1.5759489
1.5921558
1.6399118
1.7311352
1.8916109
2.1680384
2.7091846
3.9690683
6.2079298
7.6125775
2.1248526
13.474252
30.839946
29.458123
18.254034
8.474631
4.1348456
2.6038078
2.0181313
1.7841879
1.6913728
1.5716444
1.5002482
1.4749065
1.4658302
1.4634517
1.4661291
1.4799213
1.5088016
1.5012117
1.1828102
2.7553799
1.0445466
1.5234838
1.6072069
1.6037892
1.5868034
1.5726977
1.5671007
1.5693534
1.5753482
1.5922127
1.6411962
1.7340596
1.8968392
2.1779425
2.7288651
4.0116239
6.2915024
7.7752448
2.1444303
13.82035
31.031574
29.819955
18.636582
8.6738518
4.200064
2.6255039
2.0275184
1.7894405
1.69487
1.5737816
1.5011888
1.4752224
1.4657013
1.4629362
1.4652351
1.4785819
1.5065574
1.4960446
1.1790098
2.7782933
1.0367534
1.5165759
1.602281
1.60026
1.5842219
1.5706013
1.565485
1.5681813
1.5747531
1.5922753
1.6425084
1.7369939
1.9021003
2.1878905
2.748752
4.0545822
6.3762381
7.9422301
2.1647914
14.162956
31.205692
30.166574
19.017178
8.8772383
4.2669791
2.6476394
2.0369983
1.7946943
1.6983821
1.5759316
1.5021294
1.4755235
1.4655691
1.4624185
1.4643402
1.4772396
1.5043082
1.4908849
1.1757167
2.801151
1.0291217
1.5097171
1.597383
1.5967446
1.581642
1.5685061
1.5638744
1.5670156
1.5741656
1.5923436
1.6438155
1.739927
1.9073584
2.1978802
2.7688474
4.098101
6.4615361
8.1136793
2.1860213
14.50117
31.372167
30.501027
19.395689
9.0839785
4.3354874
2.6701344
2.0465456
1.7999831
1.7018844
1.5780974
1.5030658
1.4758125
1.4654345
1.4618992
1.4634449
1.475895
1.5020537
1.4857313
1.1729296
2.8238869
1.0216401
1.5029031
1.5925172
1.5932469
1.5790622
1.5664137
1.5622702
1.5658568
1.573587
1.5924178
1.6451544
1.7428684
1.9126559
2.2079084
2.7892038
4.1420365
6.54792
8.2896639
2.2080981
14.818533
31.507479
30.799101
19.756103
9.2889869
4.4044814
2.6927292
2.0560112
1.8052084
1.7054042
1.580279
1.5039946
1.4760922
1.4652976
1.4613788
1.4625493
1.4745481
1.4997935
1.4805881
1.1705671
2.8468261
1.0142702
1.4961341
1.5876865
1.5897715
1.5764818
1.5643263
1.5606735
1.5647053
1.5730174
1.5924906
1.6464784
1.7457678
1.9179138
2.2178655
2.8095544
4.1858886
6.634115
8.4673734
2.2309279
1.6691555
1.9013746
1.7704211
1.7626211
1.9679714
1.7278629
1.9810342
2.2077984
1.7005017
1.8129538
2.046212
2.2835215
1.7995351
2.5087527
1.8569006
1.9538058
2.3049919
2.4737422
1.8618583
1.9834196
2.0445246
2.4730275
1.908333
2.06135
2.1030258
1.9391927
2.113799
2.1388725
1.9578461
2.1435716
2.1453791
1.9651239
2.7197773
2.1432052
2.1320046
2.5467258
1.9669502
2.7367351
2.2184979
2.12609
2.1068579
1.8878435
1.9586475
2.6848505
1.9723835
2.1004255
2.0844954
1.7440977
1.9471713
1.9412226
2.0327017
2.0801187
2.0680996
1.7479608
1.9329653
1.9937275
1.8066683
2.0642767
2.0540049
1.7290468
1.9198095
1.7893592
1.7089637
2.0512212
2.0440475
1.723015
1.9063067
1.7013636
1.8853209
1.8942363
1.853381
1.7785129
1.8844186
1.7592925
1.7175214
1.8808931
1.7084145
1.6883124
21.637792
1.8838185
1.6829976
1.7638564
26.785805
1.6183409
1.6723783
1.8326299
2.1021043
1.9299478
1.8236172
1.9269139
2.5109386
2.4128223
2.1660742
2.2510082
2.5200997
2.3314428
2.3154242
2.2783277
2.2478025
2.1923989
2.160898
2.1177996
2.0965201
2.0670115
1.9968191
2.6951006
1.9626624
1.9535031
2.0534016
1.9312963
1.925321
1.7843046
1.9115219
1.9081334
1.7188207
2.0420986
2.0374161
1.7261657
19.497263
15.183115
2.0363395
2.0337624
1.736014
9.793544
7.2584799
2.0333724
2.0336281
1.747926
7.146572
5.9760491
4.6779544
4.1449624
1.9940622
1.7477535
1.7613433
2.711524
2.1328959
2.7924951
1.9899698
2.5903369
2.0300495
2.1349817
2.1477516
1.9198658
1.8784911
1.9941835
1.9609686
2.1844843
2.4266703
2.2725536
2.3260932
2.393499
2.0542284
2.0268273
2.1006215
2.0787867
2.4069171
2.5178372
2.3116653
2.2850454
2.134431
2.1184657
2.1316319
2.1321739
2.2383853
2.2027317
2.1293945
2.1292134
2.1245643
2.1261885
2.1534898
2.1254826
2.1131499
2.1213528
2.1013584
2.1089076
2.0902598
2.0722959
2.0851525
2.0963611
2.0674677
2.0809207
2.7196259
1.984435
1.9729945
2.0474195
2.0627482
2.0258734
2.0418769
2.9256857
2.8546843
2.027721
1.9450393
1.9377888
2.0045381
2.0209259
1.98244
1.9990043
2.2724045
2.2368122
1.7727013
1.9200501
1.915452
1.9611831
1.9771954
1.939309
1.9555734
1.8091136
1.7957091
1.7140071
1.9050401
1.9023438
1.9233114
1.9343611
1.9056712
1.919243
1.8982773
1.8713044
1.8864289
1.9007195
1.8679982
1.881641
1.7478085
1.7362713
1.8557961
1.8636584
1.8440044
1.8537144
1.9620277
24.719219
13.169455
25.368676
1.9212458
19.717584
1.8297379
1.8402913
1.8215698
1.8270676
1.8253182
7.1470155
12.729193
5.6185669
6.7295963
1.8001951
14.37019
10.344882
1.8090768
1.818818
1.8027139
1.8064094
1.7426193
4.4860191
5.2962589
9.2543948
7.6358222
1.7978026
1.801886
1.7963947
1.7971565
5.6705238
4.8940167
1.7942984
1.7963657
1.6523414
1.7216364
1.6596493
2.8300934
2.3551572
2.4817328
2.5223714
2.524166
2.5154787
2.5079243
1.7255628
1.7570933
1.9218838
2.3531764
2.3209508
1.7671897
1.7927193
1.9718685
2.1812209
2.1513777
1.8631332
1.8774097
1.708813
2.0480413
2.0498186
1.9492366
2.0216462
1.9984674
1.8810661
1.8891508
1.7176796
2.0494928
2.0462145
1.9624288
1.9264107
1.911418
1.8916687
1.8974175
1.724267
2.0348775
2.0309044
1.9677191
1.8623197
1.8542568
2.1890434
1.8982633
1.8986207
1.7281835
2.01499
2.0091769
1.9637716
1.8199512
1.8175431
1.8108395
1.8976028
1.8951768
1.7299433
1.9911256
1.9856093
1.953469
1.8929923
1.8875305
1.7301708
1.9657651
1.9591222
1.9397329
1.9002146
1.8985014
1.7364182
1.8859326
1.8807607
1.729969
1.9407884
1.9347612
1.9265227
1.8956556
1.8951854
1.7247978
1.8788056
1.8730997
1.7285702
1.9165981
1.911002
1.9127982
30.905118
24.772111
2.0339439
2.0359016
1.760766
16.9107
15.344897
11.831196
10.182119
1.8835875
1.7554027
1.7256076
14.563196
1.7205186
1.7597545
1.9481142
1.8389544
1.7953813
1.8909672
2.383869
2.5035854
2.1358555
2.485948
2.7329585
2.9243201
2.4038625
2.4698388
2.4783417
2.5211882
2.5017392
2.3322863
2.1807947
2.1596154
2.2708117
2.2558431
2.4268302
2.533128
2.2099611
2.2000672
2.0259151
2.3996105
2.3655541
2.4611739
2.2819311
2.275567
2.2778709
2.2838218
2.0766417
2.2199843
2.2162628
2.2205184
2.2212677
2.0905235
2.2229173
2.1919739
2.2685958
2.2737069
2.2306989
2.2396542
2.0570253
2.030904
2.2120864
2.225815
2.1477371
2.1671183
1.9536816
2.0511249
2.0513725
1.9418869
1.9304276
2.1224245
2.1412646
2.0533547
2.0737895
1.9638059
2.0425982
2.0385839
2.9826371
1.8761826
1.8695579
2.032188
2.0506317
1.9690528
1.9934408
1.9678967
2.0260239
2.020805
3.6282233
2.6634315
1.9515162
1.8272958
1.8240442
1.9461488
1.9656959
1.882823
1.9016667
1.9611514
2.0031242
1.9968242
2.4708819
2.052933
1.8614867
1.8801224
1.8456518
1.850266
1.9504847
1.9791843
1.9725912
1.8786587
16.86227
13.113889
2.0698032
1.8338054
1.84475
1.797995
1.806555
1.9361947
1.9528732
1.9468669
1.9594518
10.769345
16.61744
3.4890136
5.0956579
1.8248109
1.732276
1.8972337
1.8962566
1.7898377
1.7971309
1.9515258
1.9525533
1.9232001
1.9286594
1.9225941
1.7743124
3.1645389
3.3099318
1.943838
1.9514657
1.869695
1.8631941
1.9094532
1.9056226
1.9006158
1.8708713
1.8699426
1.7890997
1.8093239
1.775224
1.7849414
1.7326783
1.7469798
3.0592477
3.2184702
1.7292713
30.414702
1.7261713
1.7293047
1.7091369
1.7151232
1.7001441
2.7889193
2.9146048
2.5749266
2.6730945
1.6938128
19.61442
17.419656
1.7207656
1.7073956
2.0502011
2.049525
4.1923569
7.8285898
2.981479
2.1190435
1.9932992
2.474539
2.2095135
2.2235555
2.059154
2.1535991
3.0173001
2.3616629
2.5257333
2.5347697
2.5243169
2.4960206
2.4598092
2.2675954
2.250302
2.2642613
2.2202103
2.2348133
2.2595239
2.3090177
2.2768319
2.1399354
2.1043735
1.9923668
1.9750551
1.9162543
1.9073423
2.1674867
1.8471958
1.8426677
1.7972381
1.8147106
1.8119092
15.375228
14.989712
8.6203407
8.2197659
6.711488
18.603459
20.905042
16.065641
18.06287
6.3202489
24.573964
20.876918
14.966446
13.756399
1.8607847
1.8405225
2.3300148
2.493562
2.5090045
2.2022273
2.4119778
2.0641369
2.8181547
2.5744582
2.9992061
2.8246132
2.2425897
2.330299
2.8908167
2.4647016
2.5445187
2.5292163
2.2175315
2.200017
2.3625904
2.4287457
2.2448517
2.2330733
2.5325115
2.4472762
2.4114156
2.3006048
2.3067452
2.3189776
2.2793068
2.2926211
2.295375
2.2950886
2.2918482
2.4609138
2.2856236
2.2902532
2.2656412
2.2333825
2.2256329
2.1891746
2.2045028
2.2585852
2.2675797
2.2435657
2.2536712
2.0939199
2.0664436
2.1934304
2.2073509
2.1153519
2.1526354
2.1478523
2.1041148
2.1357711
2.1299474
2.1427739
2.1389399
2.1071969
2.1740955
2.188561
1.9679524
1.9480513
2.0999295
2.1163715
2.0890035
2.1119363
2.101896
2.123049
2.1156335
2.0928326
2.0719423
2.0839453
2.0727692
2.0983951
2.0877213
2.076583
2.0767446
2.0971474
1.897399
1.8862927
2.9596775
2.0254312
2.0295561
2.052702
2.052665
2.0340245
2.0690339
2.0577877
2.0580556
2.0313652
2.0097874
1.9953542
2.0291385
2.0145367
2.036626
1.9970081
2.0220854
3.7333164
2.7001619
1.8370153
1.8316399
1.9732659
1.9252668
1.9435001
2.0101313
1.9723022
1.9578135
1.9908746
1.9770376
2.015707
1.9878906
1.9336636
1.9195515
1.9529794
1.938478
1.9934746
1.9043496
1.9226057
2.3807077
2.0848077
1.8552258
1.8590106
1.9667103
1.8976199
1.8844076
1.915
1.9017507
1.9721144
1.9443745
1.8619702
1.8487289
1.8799884
1.866487
1.9500581
1.8509573
1.8545989
1.860219
2.1135877
12.748803
1.8238667
1.8332608
1.9270871
1.8399255
1.8357797
1.8446583
1.8386785
1.9306468
1.9102507
1.8184962
1.8076415
1.832607
1.8218422
1.914879
1.8084865
1.8220742
6.6106176
8.0868674
1.9279972
17.222172
11.997227
16.620781
8.5041308
9.5802981
11.575781
9.1305372
1.8471647
5.4261423
6.2983015
1.7760941
1.7884551
1.8910766
1.7895657
1.7787005
1.8040675
1.7932125
1.8960453
1.8722234
1.7628138
1.7531004
1.7753229
1.7659678
1.8770127
1.9531067
1.9563416
7.1327682
5.9369743
8.7782954
7.4810693
4.704789
4.1647816
5.7081578
4.9145719
1.8911598
1.941486
1.8573707
1.7688718
1.76864
1.750087
1.772269
1.8603466
1.847596
1.7593955
1.7544594
1.7673858
1.7639976
1.8509809
1.8622304
1.874087
5.0312257
4.7471842
3.9805639
5.3944268
15.476786
3.9806578
3.7658945
4.4705967
4.2149554
19.059188
25.740268
26.504031
1.8626564
1.8703302
1.823298
1.8588035
10.384785
3.2299196
3.0874104
3.5716113
3.3939139
10.892658
12.545639
11.790731
1.7639018
1.7717764
1.75123
1.7612223
8.6861133
29.466936
21.446124
29.992371
8.149776
1.7296308
1.727454
1.7185044
1.7273991
23.08391
20.165106
5.3852196
11.674334
12.311625
2.3012173
2.29893
1.866788
1.9686795
2.1212958
2.6981453
2.712771
1.6838645
1.7183162
1.8477204
2.6413019
2.5275671
3.2065852
1.8367181
1.8574002
1.6968396
2.0234994
2.0320911
1.9255163
1.7998617
1.818327
2.0012986
2.9901161
2.9741525
1.8239488
1.840079
2.0180001
2.1262636
2.0957346
1.9229577
1.9111013
2.4130919
1.803058
1.8022908
1.7296045
1.8714148
1.8663592
1.7266978
1.8955358
1.8907348
1.9002908
1.8649057
1.8610986
1.7248434
1.876806
1.8726217
1.8887934
1.8604519
1.8588293
1.7233432
1.8625252
1.860606
1.8817323
33.129582
32.365235
2.0364973
2.0341584
1.7603888
2.1154315
1.840398
1.8176687
1.8174139
1.7571729
1.7255005
3.0047751
2.6913777
2.7028719
2.1463249
2.122659
2.2499918
2.4953124
2.6325561
2.6396551
1.8916845
2.0433664
1.9878317
2.1254747
2.0852633
1.9190556
3.142697
3.1945941
2.3789082
2.3706941
2.4466746
2.5294195
2.0052195
2.1836767
2.1592007
2.4689984
2.375227
2.3781322
2.3446282
2.3546555
2.3307706
2.3410164
2.261803
1.9325653
2.0385346
2.0444482
2.123549
2.2139055
2.2182644
2.2013645
2.2080642
2.1320158
3.0093517
3.0019977
2.1459631
2.1828337
2.1919706
2.1619389
2.1719824
2.1466349
2.2529321
2.1464921
2.9398569
1.9576695
1.9392346
3.1493501
2.3204032
2.6445809
3.697808
3.9049092
2.0031138
1.7527778
1.8056369
1.8043997
1.9169929
3.3031447
3.4576059
2.4776504
2.5683763
1.7168583
1.7237393
1.8950166
1.8950141
9.8153835
9.1330173
1.8973137
1.8859152
1.8814757
10.724655
10.040019
8.4316347
10.651542
1.8866214
1.868522
1.8655262
8.1591224
8.237537
5.5043954
5.4898428
31.318593
32.464059
5.5701428
5.519559
1.677477
2.406874
2.4832595
1.72928
1.6982823
1.7421498
3.0431716
2.874146
1.891557
1.9574995
2.0631668
2.3115578
2.2756132
2.2207789
2.7513746
2.8394382
2.5278823
2.3275054
2.3534164
2.3575591
2.3320894
2.3428224
2.32563
2.1803172
2.1267757
2.1418647
2.1005893
2.1120919
2.1709682
3.0575739
2.1096261
2.0267217
2.0368338
2.0085323
2.0177988
2.1038357
2.4783223
2.4377753
2.1191138
2.0820332
2.0908417
1.8598304
1.8510671
18.51768
25.034381
16.377627
9.3650596
16.112017
16.76625
4.4753566
9.4578633
9.9734548
27.42443
25.785436
2.6252645
2.2111572
2.5583325
2.9553986
3.0777153
2.4087139
2.4672525
2.6218881
2.224943
2.1092661
2.0869702
2.5246945
2.5463103
2.4429786
2.9343915
3.0004384
2.2941075
2.3435919
2.3355074
2.349791
2.3450975
2.3107204
2.4294991
2.3416178
2.3302341
2.5297546
2.3783174
2.3833951
2.3703801
2.3727595
2.1579565
2.1733388
2.2154474
2.3051452
2.3143289
2.1288117
2.1670167
2.1665311
2.1583214
2.1632479
2.130692
2.12382
2.1622348
2.1649993
2.1634772
2.1619099
2.12629
2.29236
2.3019355
3.003517
2.9946704
2.1435205
2.0764776
2.0888001
2.0495838
2.0625432
2.1355164
2.1620344
2.1577709
2.1197799
2.4271763
2.4025075
2.083049
1.9879963
1.9979202
2.0532192
2.0360765
2.8376402
3.6228816
2.7883888
1.8424387
1.834888
2.0089126
8.0325287
7.1367149
2.3013331
2.1835773
7.7302425
8.2921493
1.8092912
1.807757
1.7627365
2.8917674
3.0220922
1.7601671
20.249429
22.016343
15.696483
13.396751
22.77128
23.353396
1.7262503
2.6659044
2.7763203
22.286014
10.954783
10.600471
12.57067
11.611551
13.802183
7.2757311
6.939744
10.140195
9.492701
22.145656
23.731523
22.482853
1.8326896
1.7386447
1.7342207
1.7491031
1.7440016
1.8364348
1.8237529
1.7300626
1.7275017
1.7309603
1.7305105
1.8253815
5.9578306
2.7333699
2.6369417
2.9576972
2.8417505
6.3342274
13.900508
27.486327
25.497039
17.753399
18.508599
10.835824
13.323295
12.705536
1.8119898
1.7137137
1.7091441
1.723358
1.7187086
1.8152734
1.8032253
1.7017348
1.7026693
1.7049332
1.7024405
1.8041145
14.077751
13.51997
2.5472948
2.4678705
5.0058115
8.4233468
8.305172
1.7014313
1.6994413
1.7994961
8.4317227
8.4653385
10.506799
11.100807
5.1363321
9.0807292
8.7397148
2.8542456
2.5304879
2.4890849
2.6272331
2.5923174
2.861003
2.748563
2.7696683
2.521807
2.5245278
2.9618582
2.776242
3.0426086
2.9739815
2.5184595
2.3426477
3.4032569
3.3705827
3.4363096
3.415803
2.3315905
2.1716529
3.4784462
3.4527859
3.4861028
3.4821938
2.161704
2.013412
2.3044938
2.3236818
2.2508166
2.2826387
2.0049499
2.979737
2.9201589
2.0861995
2.1959893
2.3988369
1.9000684
1.8902938
27.257028
25.730315
16.389504
24.212886
24.836866
22.8392
23.331942
15.778513
30.261342
28.420104
2.5154233
2.4286065
2.2740554
2.5602049
2.2450577
2.5231545
2.434932
2.3815111
2.6292727
2.6196467
2.6502587
3.0083543
2.6258517
2.6348907
2.4896351
2.7171969
3.0814585
3.1339295
2.5114214
2.6301617
2.6353808
2.6745944
2.6279899
2.5044195
2.4291036
2.3596671
2.3560432
2.527733
2.3886129
3.3668589
3.3086738
3.3789997
3.374142
2.376888
2.3795425
2.3753275
2.4677241
2.3581651
2.3636805
2.2129475
3.4842708
3.474746
3.4641155
3.4818419
2.2022924
2.3226563
2.3275492
2.2685039
2.2972989
2.296497
2.3022178
2.2990554
2.2715636
2.2337776
2.2489018
2.2453874
2.2561324
2.2492289
2.2370589
2.2645264
2.2759739
2.9846286
3.0107002
2.0488165
2.5992948
2.6307929
2.3425943
2.5883772
2.0396344
2.2164175
2.232216
2.2225143
2.2431536
2.2351508
2.2213997
2.1542034
2.1710529
2.1604566
2.3577901
2.2925284
2.1285614
2.1348729
2.061989
2.0648636
1.9931321
1.9761221
2.9969404
2.0399395
2.0425284
1.9793578
1.9828517
3.2717892
2.4046503
1.9538975
1.9564968
1.8910095
1.8937213
6.0698704
2.579095
9.3064557
8.4132945
8.1355402
9.0417082
2.0289136
4.0279915
5.4124497
1.8693807
1.8719531
1.8478995
1.8486447
5.9681284
5.8264478
7.3074216
6.0781697
15.416428
4.3943903
4.2452445
4.6425142
4.5067909
14.833385
1.8382017
1.8399566
1.7994453
1.8005178
11.574252
3.5956349
3.4756618
4.0310159
3.7844814
12.311261
1.7933102
1.7945024
1.9520364
1.9521817
1.9484559
1.9493663
1.867378
6.9723299
7.5497241
6.1471239
6.7777084
1.866758
1.8707255
8.4861997
9.0470897
7.7366142
8.2992464
1.8708849
1.7923556
6.2205906
6.1220204
7.1922259
6.300737
1.8000251
8.9143117
8.4539722
11.625588
10.948771
1.7786774
6.0528495
6.0355662
6.102123
6.0629752
1.7822813
1.7364086
3.6370026
3.4722125
4.1119518
3.9040385
1.7414541
12.628422
14.758552
28.611322
28.607821
8.1765555
8.1410285
1.724624
3.3868411
3.391713
3.4041326
3.3898962
1.7266469
5.565782
6.1433733
18.908105
31.768322
32.023531
27.85494
29.959134
18.033225
8.4919863
8.4439064
35.030348
4.7823538
4.0780753
13.49028
20.666129
27.98177
2.421475
2.1942302
2.6790295
2.3913977
2.6351248
2.7205082
2.7832588
2.5796605
2.6570206
2.6387317
2.6616483
2.6613514
2.7666484
2.7524526
2.5989631
2.5727075
2.5280027
2.5313966
2.4840322
3.1198662
3.0572474
3.1904929
3.1365134
2.4716955
2.2976954
3.4176814
3.4359497
3.4690669
3.434851
2.2868974
2.1277627
3.4472323
3.4815152
2.993632
3.4255059
2.1156156
2.7987797
2.5130482
1.9875069
2.1717384
2.2077227
2.1299827
2.1466033
1.981292
2.1779121
2.1530812
1.8797573
1.8696664
2.1353766
17.686059
17.366519
22.002119
21.112087
24.690784
22.18852
17.737942
19.874433
20.322161
18.110039
19.123266
11.976662
11.519971
13.182445
12.575496
19.958508
22.480731
21.688885
28.418849
28.047095
2.2628203
1.9892226
2.0200227
2.5865784
2.6341419
2.2744579
2.7452923
3.0056086
2.7721161
2.8539425
2.9443812
2.6765349
2.9099923
2.8842536
2.6519658
2.5154087
2.5812343
2.685862
2.6639017
2.7141901
2.6925565
2.448187
2.543193
2.5863468
2.5423382
2.6562631
2.6513657
2.6382262
2.6456899
2.5383608
3.0132712
3.0716744
2.3529909
2.3485867
2.4310202
2.5320286
2.4352054
3.2449822
3.2066106
3.2887188
3.2617813
2.4230099
2.3875152
2.387157
2.3629546
2.3673065
2.2548046
3.4701969
3.4732898
3.4676835
3.462706
2.2433135
2.2616032
2.2864889
2.2809621
2.2972417
2.2923125
2.2659501
2.3171376
2.3240854
2.2794418
2.2895536
2.2464807
2.2675936
2.2590241
2.275509
2.2703522
2.2504948
2.0847929
2.7002978
2.8446113
2.6409013
2.6814884
2.0748576
2.989337
2.9718522
2.1980159
2.2075246
2.1985703
2.2192084
2.2100467
2.202916
2.1792604
2.1809113
2.1723231
2.195283
2.1845399
2.1839653
1.961282
2.1026709
2.1157508
2.3938789
2.3677745
2.1051632
2.1106353
2.0856689
2.0885916
2.8685974
2.0210666
2.0078423
2.0282958
2.0241842
2.0077306
2.0113108
3.8291694
2.7687985
1.9330687
1.9357371
1.9121636
1.9148284
2.3350514
6.8380468
6.042302
5.5339256
6.781237
2.1266429
7.4748589
7.8739135
1.856323
1.8567243
1.8524329
1.853147
4.469149
4.1003069
5.7222005
4.7921888
5.3705101
4.9339676
5.9242267
5.7320356
1.8292232
1.8305732
1.8143849
1.8162816
7.1156723
3.104876
2.9785207
3.3709646
3.2479799
7.7130552
17.530213
16.226076
14.709071
15.058463
7.7795816
10.080944
11.108877
10.902612
2.8751708
2.7924394
6.0640058
1.7826064
1.7842804
1.9537774
1.9550084
20.328836
6.6579952
18.933156
22.454472
15.710162
17.301957
6.2204299
8.1463055
19.064007
21.964125
19.764625
7.7541119
16.415895
15.951517
4.5356256
9.5216097
9.8559861
5.4625293
11.829459
12.333602
10.287258
10.99664
5.1687995
21.854819
16.873055
1.9138517
5.091978
1.931412
1.8582636
5.4409855
5.9205962
5.0995294
5.3505197
1.865292
12.350618
11.489624
21.793453
14.116511
13.438693
8.1074135
7.707503
14.740611
20.566403
8.8876625
8.4688518
23.724881
25.064391
1.8675589
9.9749205
10.519735
9.2334925
9.7891278
1.8689327
8.6772328
1.8383505
11.154819
8.226629
10.703041
11.171451
1.8495319
24.804924
27.938046
13.323808
26.177666
28.490613
27.098212
26.12516
27.828075
11.279264
21.931189
23.326591
1.7665037
4.3351811
4.3254051
6.0246206
4.3459222
1.7691286
12.495736
11.842156
14.665641
14.254711
1.7550876
4.2621711
4.2117834
4.3123063
4.2911861
1.7581428
27.219569
16.843367
16.405553
18.853643
17.635654
26.583751
25.701269
14.259398
13.723916
15.854505
15.051951
27.12774
8.2739322
8.1920262
6.7192723
8.3141245
22.133272
31.38643
30.23363
20.881856
8.6303729
8.5560856
2.9932753
3.0136825
1.8021031
1.8287532
1.6812771
2.5825323
2.5810688
1.8449558
1.8581448
2.02534
2.0733551
2.0585022
2.4486502
1.8951908
1.8954622
1.7233174
1.8587421
1.8636445
1.7296107
1.8569715
1.8576645
1.8807151
2.952533
2.9835404
2.4405371
2.4390071
2.4727951
2.4720087
2.4354239
2.4381619
1.8981723
1.9997656
2.0126704
2.5982762
2.586269
2.7549596
2.1404667
2.1423084
2.1509524
2.662585
2.1364191
2.1019995
2.8858565
3.2041002
3.2582284
2.2348394
1.9053668
1.8034807
1.7988545
1.6950689
2.3232503
2.3943099
17.245171
16.837557
1.8815235
1.8586306
1.8578596
18.02742
17.623677
2.3616946
2.0948962
2.0273817
2.4394874
2.2894183
2.3590539
2.393314
2.4738952
2.493736
2.1962357
2.239161
2.1930765
2.5217305
2.5498505
2.5506121
2.0607424
1.9580697
1.9656721
2.7037843
2.5590795
2.4668033
1.723738
1.8013283
1.8011101
19.338565
26.450434
25.783213
12.698554
13.144279
7.533345
8.5826189
9.0274014
4.3125795
34.174138
35.409951
1.9184978
1.9486647
2.1166539
2.8445807
2.7509367
2.683442
2.860031
2.8440707
2.0750632
2.0565791
2.0971017
2.324348
2.3170846
2.3857884
2.5484201
2.5505284
2.5213327
2.4261486
2.4272957
2.1304025
2.1543524
2.1572876
2.1392399
2.1475883
2.1327312
2.4223164
2.4242158
1.9727698
1.9793621
2.0775381
2.4063748
2.3840988
2.7564075
3.6094581
3.5436627
3.0269111
2.8321843
3.805696
3.7009475
2.6699296
2.7607118
1.8235281
21.994541
23.840743
17.260737
17.137013
21.891205
22.29092
16.923982
16.378445
25.321244
25.069728
24.374891
19.983322
6.6411848
6.3593338
12.22319
4.7322819
2.3933981
2.328025
1.7986002
1.6961699
1.6943431
1.7967191
1.6946461
1.6953071
1.6927805
1.6940607
1.7956581
24.409037
23.181053
1.6937011
1.6931942
1.7941474
2.8440065
2.7209085
2.6934298
2.8013214
2.7959608
2.4997571
2.5257394
2.4996372
2.570065
2.5582403
2.5143971
2.5223684
2.5222459
2.5240555
1.9220706
1.9719765
1.9848067
1.9486649
1.9604327
1.9169151
2.5769012
2.5787034
30.586212
30.469586
29.816804
24.883811
1.866022
1.8022513
1.8146312
2.590348
2.3488044
2.2958766
2.6531233
2.6351479
2.6618297
2.7501338
2.7528285
2.9572329
2.3060141
2.3036921
2.31367
2.4250017
2.4234694
2.4251712
2.5303383
2.4222962
2.4214139
2.4641735
2.2798967
2.307747
2.3047817
2.3094418
2.3095107
2.2835012
2.4062453
1.9376641
2.0387885
2.0577724
1.9996943
2.0180754
1.9336774
2.0562441
2.0558674
2.0528857
2.0739114
2.0708974
2.070769
2.3013151
2.2885513
2.9973782
2.0347632
2.0324509
2.029676
2.0499083
2.0469521
2.047844
1.9724393
2.0901855
2.0889704
2.0933792
2.0938406
1.9899022
3.5100515
2.5917564
4.2087283
4.3051826
1.81391
1.8085442
1.9271205
1.948717
2.1347811
2.1447318
2.0875807
2.0860483
1.9623688
1.8855787
2.273762
2.2750728
2.2546338
2.2586853
1.8990506
1.8641393
2.2782809
2.2779755
2.2755679
2.2762792
1.8773467
1.8465082
2.8169336
2.8404595
2.6795545
2.7026353
1.8498573
3.1278555
3.2093541
1.8963391
16.527877
8.9284625
8.6894485
9.6489706
9.4251856
13.664025
1.8351911
2.8666539
2.7143286
2.8635582
2.8871259
1.8432974
1.798441
2.1272144
2.1276254
2.1467659
2.139557
1.8045127
10.985771
5.9261073
5.8611157
8.3456851
7.7618411
15.555242
2.5372654
2.4728057
4.8505695
1.790998
2.1309008
2.1320067
2.1277005
2.1281277
1.7964276
29.689224
1.7102789
2.8359043
2.8220358
2.9585697
2.877661
1.7121452
14.878779
14.692427
20.309263
19.917723
2.8114533
2.8038902
1.7062108
44.691284
14.605834
11.035099
29.766216
32.221274
3.1244655
2.8447067
2.8641385
2.376952
2.499241
2.2935801
3.4246458
3.2793078
2.3950969
2.4447685
2.3826458
2.8064694
2.8082817
2.5277717
2.5721004
2.5725412
2.5347571
2.5520228
2.5311502
2.6363643
2.6958215
21.481686
22.234436
15.850771
14.824589
20.783187
21.063515
15.138291
15.665332
8.9799793
28.909477
29.194775
26.903258
7.8628198
13.707871
14.408623
16.612897
10.147191
9.8071286
11.058893
10.608312
17.327267
24.105924
30.955399
30.965754
26.202898
26.368837
20.973387
14.603225
22.209546
22.590175
21.013532
21.55977
14.15011
2.579614
2.5386097
3.0296427
2.2664189
2.2224299
2.290443
2.7836354
2.8108005
2.8867981
2.9699364
2.8928725
2.8960513
2.8509972
2.8525959
2.7105412
2.7395274
2.383169
2.3151937
2.3087662
2.5324514
2.4620338
2.4348402
2.4266561
2.4058619
2.4076146
2.2856486
2.2978332
2.3031294
2.2956877
2.2954026
2.2893031
2.0742527
2.0889001
1.9540767
2.1026976
2.1022793
2.0999576
2.1000974
2.1034751
2.1053283
2.0802097
2.0776813
2.0814818
2.0706817
2.0740427
2.0764705
2.0949192
2.0924878
2.0962613
2.0853098
2.0887054
2.0913649
2.0796776
2.0799163
2.0769188
2.0971723
2.0943955
2.0942924
2.9303795
2.3212268
2.3118658
2.0282695
2.0637475
2.0683472
2.0269959
2.0253334
2.0269089
2.0454386
2.0496692
2.0535736
2.0412402
2.0453497
2.039097
2.0653907
2.0636449
2.0672158
2.0570418
2.0603321
2.061723
2.00485
2.0181253
2.0218736
2.0106941
2.0144509
2.000186
2.0242793
2.0333113
2.0372269
2.0256137
2.0294359
2.019425
2.0005782
2.0907733
2.0922361
2.0726906
2.0767084
2.0185001
3.8291363
4.2913982
4.2432894
2.7316253
1.9915902
1.8273874
1.820627
1.9278301
2.1997833
2.2063426
2.1539318
2.1625816
1.9409556
1.9675034
1.9885785
1.9923336
1.9808562
1.9847291
1.9626821
1.9864904
2.0034021
2.0069964
1.9960756
1.9997443
1.98179
1.9288939
1.9578828
1.9616531
1.9504919
1.9541598
1.9241924
1.9481521
1.9731748
1.9769744
1.9654395
1.9693205
1.9432918
1.9069216
2.2456842
2.2502714
2.2126388
2.2187388
1.9200599
1.8555162
2.4399488
2.4665639
2.2771262
2.2817165
1.8566832
1.8931855
1.9297679
1.9333331
1.9225831
1.9261734
1.8887725
1.9105911
1.9434098
1.94693
1.936579
1.9398997
1.906064
1.8574575
1.9007902
1.9043338
1.8941131
1.897234
1.8530088
1.8755198
1.9153534
1.9189997
1.9080226
1.9116955
1.8710018
1.8513341
2.6338495
2.6570216
2.4915713
2.5165086
1.8542218
12.256638
12.80247
1.8414581
2.8848482
3.0221316
12.753162
11.613993
10.388748
13.409701
14.029765
1.8257802
2.2265078
2.2173049
2.5181319
2.3800267
1.8326422
1.8400836
1.8865182
1.8869478
1.8833564
1.8855121
1.8385248
1.8411846
1.888761
1.8909432
1.8868622
1.8870526
1.838843
1.8148655
1.8676647
1.8703918
1.8617556
1.8647024
1.8111925
1.8291089
1.8784132
1.8812373
1.8729802
1.8759706
1.8255305
1.8104699
2.161507
2.1542787
2.2081177
2.2000626
1.8201258
17.698359
15.253259
14.970716
12.615392
16.095181
8.1576196
13.676335
14.393374
11.423226
16.160284
15.679848
15.79649
17.686963
9.8397725
5.7869386
2.7088744
2.6210238
1.7786445
2.1402325
2.1414871
2.1329081
2.1343157
1.7871777
1.7859055
1.8434076
1.8465539
1.8375917
1.8404651
1.7822265
1.8004583
1.8556294
1.858775
1.8496065
1.8526105
1.7968232
8.5394567
9.1027014
4.3563459
22.910433
20.51565
21.732649
3.8390221
7.6096396
8.0100786
25.040207
24.452481
19.356617
12.93632
12.775312
24.979912
26.918409
5.53238
5.3186089
9.9806788
11.542595
6.0547342
5.7820674
28.756612
22.777617
22.710424
28.865297
27.501183
22.543855
22.055645
29.926777
1.7313494
3.4085841
3.4080849
3.3967982
3.4037538
1.7304391
14.994338
1.7214503
3.2392839
3.0923223
3.3897613
3.3379004
1.7241756
21.050253
20.665239
2.6981028
2.712593
2.7076433
2.8081364
2.7409311
2.7001735
3.0352413
3.0512411
2.5948247
2.5970639
2.5970464
2.598281
3.2433687
2.9822928
2.9694689
2.1155353
2.4078605
2.4265759
2.3785473
2.3920604
2.1035892
2.5804065
2.579881
2.4272888
2.0450825
2.0372698
33.609606
33.480516
2.894098
2.9273231
2.6369627
2.5675541
2.5687973
2.581432
2.5680471
2.6347698
3.1517876
3.1739137
2.4710916
2.4341506
2.425421
2.5303765
2.4302209
2.4320748
2.4712156
2.3480282
2.3661719
2.3634489
2.3704461
2.3687258
2.3515751
2.3340266
2.3530391
2.3497707
2.3599799
2.3568071
2.3375332
2.2622831
3.0111863
3.004805
2.6358716
2.2091004
2.595492
2.70952
2.4559709
2.5058896
2.1697348
2.2238438
2.1817616
2.8195791
3.0148707
5.0847762
5.3853479
4.5559193
4.7985151
2.2725805
3.3367869
3.4806027
6.3054615
6.5795665
5.6929422
6.0044566
9.586486
9.362107
10.493602
10.268995
8.6128949
11.450639
11.799973
11.467687
11.270455
9.3786239
8.1588151
12.901207
13.262517
12.164447
12.538402
8.2206117
5.4759978
11.188803
11.19414
11.212618
11.197512
5.4949725
16.448987
16.036352
31.362214
31.851187
18.790903
18.39526
5.5647846
11.23344
11.249825
11.200023
11.218849
5.5493827
2.9811364
2.9885533
2.9242096
2.7527353
3.0736533
3.0630106
3.1172055
3.0936073
2.7722572
2.5508445
2.5517558
2.5257242
2.4648507
2.635799
2.6415486
2.6533828
2.6295214
2.4470585
2.779014
2.7014079
26.796796
26.930154
19.082723
25.070406
23.676134
22.129517
27.695245
26.21409
33.765025
26.639692
32.303781
33.950601
30.758802
31.261149
26.038647
2.7647079
2.6675816
2.7320025
2.6808752
2.4394408
2.2794306
2.1587857
2.6395441
2.3862068
2.4736035
2.72857
2.9226811
2.9472257
3.145473
2.9744812
2.5276829
2.5529772
2.4286457
2.4312012
2.4175182
2.4197761
2.3716741
2.371355
2.3694056
2.3081858
2.311183
2.2952388
2.2985626
2.9956942
2.9923203
2.4189144
2.7185979
2.6863838
2.773068
2.7453582
2.4102789
2.7953568
2.3634736
2.3539308
3.2814518
3.5689761
4.0003392
3.9038641
2.8027822
7.7360504
4.2370365
4.1979903
4.2852783
4.2653963
7.4443287
8.3003172
3.9075545
3.6682264
4.1549321
4.0525622
8.4492327
20.703886
21.353405
15.124497
23.980576
24.213454
20.718263
22.861018
14.323891
23.419538
23.88958
17.497933
17.359642
22.874529
12.116439
18.309953
19.12638
17.551576
17.85503
11.748344
22.861951
23.442892
24.321873
15.568656
14.621004
20.903779
23.883191
23.918933
26.841156
20.754586
20.609397
21.213685
20.951445
26.158585
13.120453
12.915858
13.894585
13.712571
8.3814744
16.874631
17.178603
16.253506
16.565293
8.3429992
8.5220211
18.074808
18.316907
17.482858
17.778328
8.4889747
22.592099
22.144228
2.7407807
2.7289821
2.8463236
2.8593439
2.7872966
2.7577124
3.0708201
2.7676499
2.922013
2.8987211
2.9636432
2.9416137
2.773261
2.5982618
2.6001236
2.593976
2.5970193
2.9388116
2.7113672
2.7223323
2.6205423
2.6799787
2.919306
3.0134282
2.7055576
2.7005938
2.7192547
2.712231
2.9875285
3.383926
2.5583009
2.559472
2.5665228
2.5595427
3.3655561
3.4314876
2.549716
2.5471715
2.5561123
2.5542973
3.4272824
3.4695293
2.4543192
2.4545283
2.4549756
2.4549651
3.4607535
3.4871481
2.4468522
2.4435436
2.452329
2.4510545
3.4868806
2.9888217
2.9773416
2.579307
2.5777893
2.0793168
2.3490882
2.3648515
2.0278593
2.0215696
2.382697
28.701838
29.380847
25.192372
29.161142
28.652137
29.097797
31.718784
31.646707
32.92153
32.241552
28.495323
2.501022
2.4830834
2.5004575
2.6247824
2.516158
2.6263567
2.5703757
2.5984074
2.6586686
2.985767
2.7742724
2.8264892
2.630674
2.5686725
2.5620236
2.5721025
2.5705395
2.6299451
3.0934231
3.1165203
2.6313526
2.6149502
2.6091598
2.6301823
2.623065
2.6325728
2.6385398
2.5899953
2.594135
2.6014364
2.5950403
2.6289533
2.4225539
2.4212352
2.4248717
2.5304335
3.3510772
2.5972788
2.5959046
2.6016877
2.6008292
3.3346881
3.380069
2.5799428
2.5753738
2.5908049
2.5868047
3.3822754
2.4652636
2.4241018
2.4269079
2.3609524
2.3747636
2.3727364
2.3793323
2.3773027
2.3634789
3.4832725
2.4833361
2.4820629
2.4868701
2.4864051
3.4803867
3.4723392
2.4678872
2.4627581
2.4775929
2.4740137
3.4793974
2.3226545
2.3388772
2.3362483
2.345953
2.3426299
2.3246273
2.2500458
2.2440276
2.2460009
2.2392777
2.2419026
2.2473869
2.2534428
2.2529764
2.2560955
2.2483222
2.2505466
2.2509979
2.2683434
2.2720068
2.9967177
3.001765
2.6098032
2.1571917
2.1531918
2.1660954
2.1617017
2.6202524
2.1464271
2.1403763
2.5738472
2.2290225
2.2182711
2.2218962
2.2115731
2.2147808
2.2258052
2.240631
2.2324153
2.2360038
2.2255291
2.2288735
2.2380213
2.1565521
2.1579664
2.1530649
2.1549627
2.1709356
2.1586439
2.159157
2.159366
2.1609058
2.1772476
2.3419725
2.8618127
2.8573721
2.8053591
2.8505111
2.3240557
2.1390797
2.1419695
2.133417
2.1363532
2.1490323
2.1513173
2.1444018
2.1469227
2.061869
2.0588703
2.0590563
2.1031051
2.1049033
2.0989065
2.101168
2.1092376
2.1103594
2.1065541
2.1079655
2.0678505
2.0678887
2.0648796
3.0087144
2.2749867
2.2523404
2.0381883
2.0353195
2.0373439
2.0814232
2.0845347
2.0751855
2.0782986
2.0938065
2.0964983
2.0876583
2.0907532
2.0451979
2.0440037
2.0410842
2.0923339
2.0913472
1.9758553
1.9863554
2.0938217
2.09326
3.3947254
3.7596508
4.1342584
2.503488
4.4619192
2.1121817
2.124039
1.9513721
1.9590742
2.0845683
2.0994056
2.269034
2.2716731
1.8883293
1.8963676
2.2625772
2.2659717
6.2140592
5.3908402
6.7999912
6.6714727
9.3941758
9.1870169
8.4033399
8.7230905
2.94325
2.9181487
5.3017396
2.2777231
2.2782028
1.8666706
1.8746966
2.276725
2.2773719
2.7708791
2.7941661
1.8472882
1.8491156
2.7251196
2.7482958
5.9445172
10.967258
10.358055
12.113035
11.561044
5.9008417
6.6127498
8.5857996
8.1842158
9.7356463
9.1105901
6.1947418
9.1054003
9.0265544
16.00316
14.237726
9.2386819
9.1839115
2.9456329
2.9370779
1.8366267
1.8417818
2.9101965
2.9308717
2.1258352
2.1269344
1.7991059
3.3234362
3.2144633
3.5186505
3.4228079
3.0439515
3.0175519
3.0944051
3.0689414
1.8025021
2.132227
2.1256428
6.2486181
6.0752002
11.220901
13.681503
7.1128686
6.6247321
2.1293523
2.1302427
1.7922778
4.0164629
3.9380179
4.16996
4.0930832
3.6945787
3.6073593
3.8591321
3.7775051
1.7953815
2.1283805
2.1289821
6.0095936
5.9163469
6.1944198
6.1016581
5.6425145
5.5512359
5.8249394
5.7327935
6.736752
6.6458926
6.9014543
6.8207041
6.3783298
6.2853882
6.5596458
6.4672508
7.1675983
3.7381325
3.734169
3.7469484
3.740823
7.3588877
6.3656754
3.7327874
3.7324387
3.7341812
3.7317115
6.5731556
8.673357
3.7931458
3.7821129
3.8156108
3.8030647
8.8606214
7.9234489
3.7583252
3.7509772
3.774316
3.7647222
8.1108
6.1766489
2.7238475
2.7278988
2.713215
2.7116242
6.1418849
6.6712577
2.8734957
2.9938014
2.7613901
2.7859519
6.419372
8.7003454
8.5240501
11.398208
11.177876
6.0462872
2.7209443
2.7158305
2.7252427
2.7225316
6.039481
6.0871031
2.7094569
2.7055137
2.7155284
2.7092041
6.0734318
14.052631
14.510052
29.075963
8.1581537
14.299421
14.63773
13.612744
13.959912
8.1508863
15.636966
15.22518
5.616861
11.460538
11.301669
12.622193
11.835606
5.8465653
32.513184
25.783903
24.987235
26.415119
26.212588
32.514953
28.131652
22.71327
22.542988
23.99184
23.272602
28.765123
19.553912
19.159202
3.5191211
2.6826776
2.8445019
2.9207831
2.8093567
2.8085896
2.6397379
2.665395
2.7056186
2.6614562
2.7038645
2.7011993
2.7046408
2.7025845
2.6652423
2.7603578
3.0072805
2.990117
3.0436703
3.017332
2.7561073
2.5993009
2.5969311
2.5309984
2.5503882
2.552368
3.0894541
2.6776605
2.6735326
2.6927745
2.6851582
3.0729277
3.1590726
2.6516523
2.6486282
2.6662802
2.6596094
3.1543181
3.424893
2.5277486
2.5216598
2.5406981
2.5359611
3.4331952
3.4591034
2.5192157
2.5190057
2.5206702
2.5214832
3.4500906
3.4649733
2.4215615
2.4067051
2.4382426
2.4315813
3.4762158
3.1883613
2.3251188
2.2846254
2.3904869
2.3617091
3.3509272
2.6649661
2.7080691
2.6510734
2.6619585
2.5579353
2.7492587
2.7858296
25.124594
25.606123
25.164035
16.724437
23.746413
25.803709
27.617672
28.004174
26.237142
26.91744
21.871014
28.146939
27.571905
28.403067
28.547183
21.641249
23.245384
25.930737
25.988246
26.951822
26.349901
22.414055
27.771815
28.331407
17.591428
22.992461
23.234072
19.405307
25.646658
27.503127
23.605637
24.281021
18.56197
26.842474
27.237827
28.44098
30.203953
23.356646
29.825837
30.997642
31.667701
29.864942
30.370388
21.28954
26.649571
27.218178
28.474679
34.188351
33.576429
34.661638
34.67154
28.414882
2.6547008
2.7643021
2.5285209
2.6074758
2.6334853
2.4556163
2.4885664
2.841971
2.9410032
3.0322174
2.9532974
2.9209977
3.0248993
2.9981348
2.8922265
2.8195608
2.7794751
2.8939168
2.8555137
2.9178113
2.9394327
2.8635687
2.9193738
2.9191955
2.6354632
2.6627733
2.7363053
2.6796074
2.7056712
2.707466
2.6737633
2.7069681
2.699787
2.5471025
2.5412424
2.5545607
3.0267468
3.0517362
2.5318108
3.2296482
2.6300223
2.6260977
2.6425544
2.6374341
3.2242556
3.2832233
2.6100489
2.6054511
2.6212806
2.6168018
3.27889
2.4327705
2.433349
2.3629365
2.3657702
2.3711141
2.36722
2.3655947
2.3658591
2.4113077
2.4139991
3.4734425
2.5073352
2.5034689
2.5149466
2.5127629
3.4757516
3.4557547
2.4863838
2.4886129
2.4961236
2.4902198
3.4542606
2.3196121
2.337356
2.321985
2.2831451
2.2863471
2.2646941
2.2640059
2.2670868
2.258773
2.2612513
2.2618391
2.7240481
2.2096868
2.2014463
2.2485083
2.2271662
2.766192
2.6529537
2.176052
2.1717922
2.1905835
2.1837381
2.6668307
2.9839057
2.9733799
2.2046922
2.192292
2.1955023
2.1858753
2.1891207
2.2017618
2.2157822
2.2048424
2.2081285
2.1986397
2.2015834
2.2123927
2.1772077
2.1672206
2.1702079
2.161689
2.1644457
2.17348
2.1917391
2.1793658
2.1826245
2.1732029
2.1762965
2.1881588
2.385964
2.8157886
2.7943715
2.8478619
2.8332603
2.3774307
2.1154289
2.1185702
2.1091854
2.1122512
2.1274977
2.1304853
2.1215442
2.1245627
2.0858501
2.0828809
2.0826786
2.1125395
2.1127547
2.1113709
2.1120326
2.1116796
2.1106203
2.1128034
2.1123978
2.0914516
2.0915989
2.0887732
2.3406856
2.3316258
2.904806
2.0555658
2.0593098
2.0295006
2.111523
2.0755552
2.0720899
2.0893149
2.0811657
2.0244499
2.0264868
2.036268
2.0865575
2.0887458
2.0041496
2.0149367
2.0803814
2.0835764
3.8983971
2.7506983
4.1722807
4.090493
2.1859556
2.1930364
1.9304972
1.938301
2.1707145
2.1784436
2.2354744
2.2407665
1.9095841
1.9173948
2.2245402
2.2301028
6.5268064
4.3833206
4.3416229
4.7775997
4.5361447
6.25335
5.7155759
3.0714
3.0039796
3.4116711
3.2174961
6.0883116
7.432602
7.610283
2.3832241
2.4127359
1.8560989
1.8565746
2.3184317
2.3525353
2.5873571
2.610788
1.8520501
1.8535264
2.5402818
2.5643025
11.336287
11.733235
4.290314
8.5035996
9.0618734
7.9956735
8.2054423
4.1508412
5.4857923
12.408461
12.512609
10.15904
11.651378
5.1639708
11.319615
14.688339
13.533509
14.597333
14.897293
2.2516429
2.2381413
1.8274441
2.6980112
2.6655272
2.7622869
2.730612
2.5929427
2.6262257
2.6334822
2.6059932
1.8319314
2.307296
2.2729837
2.1764396
2.1690641
1.8124026
2.9343833
2.9060833
2.990348
2.962422
2.8210459
2.7922091
2.8776757
2.8492687
1.8182532
2.1918542
2.1842765
18.045535
14.173811
15.198206
14.789983
15.572233
13.014567
13.284832
7.8841342
18.667521
19.403832
17.413685
17.955656
21.466037
21.015204
20.204921
20.921701
17.616555
16.657517
11.254509
17.367452
10.459439
18.451818
18.358725
2.1381746
2.1397494
1.7808931
4.6241759
4.5467604
4.7751621
4.698787
4.3221218
4.2452149
4.4730895
4.3960984
1.7856849
2.1353428
2.1369529
5.2872718
5.1988339
5.4636938
5.373507
4.9432588
4.8573952
5.1138922
5.0270137
21.123099
12.200563
11.312133
13.525637
12.975032
22.253642
16.013526
9.7556413
9.6395687
10.524594
10.089927
16.468837
18.560563
15.381849
14.682883
19.609989
17.198951
18.686007
21.278504
13.939516
13.771402
14.231208
14.088823
20.523935
16.279317
22.46601
21.762856
23.783855
23.15858
16.123144
19.420174
20.800721
21.110995
20.640404
17.57631
5.9007456
6.6679342
4.4131595
5.0002905
5.2368857
7.0381034
6.9792192
6.9916014
7.0923951
5.5342544
3.7635175
3.7813842
3.7374893
3.7380298
5.6694388
5.1718352
3.9536099
4.0592828
3.835256
3.8577697
5.2571444
21.465832
18.684113
17.969609
24.110049
24.66817
13.771997
13.300541
19.781059
24.277416
26.610054
10.156048
3.8988733
3.882991
3.9274991
3.9147398
10.340782
9.4180169
3.8405214
3.8269362
3.8680712
3.8534634
9.6044211
10.674177
3.6936463
3.8517598
3.2168262
3.4774727
9.6267669
10.879037
3.9443565
3.9443322
3.901781
3.9441147
11.057549
26.824604
18.927008
17.931651
20.359595
19.788507
27.801957
28.838694
28.523967
26.579441
27.180051
22.198864
16.127321
15.961743
17.017459
16.517269
22.591679
6.0042172
2.7229003
2.7222864
12.27898
12.061139
14.579987
14.414696
23.059296
22.889402
27.994376
26.266522
25.158247
23.824318
19.490733
19.070743
24.976036
29.042445
21.276304
20.344787
8.2413785
15.618381
15.938679
14.968362
15.295666
8.2174418
7.3794106
16.292282
14.197343
18.365721
17.750732
7.9202163
32.549968
31.222896
32.322476
32.756995
30.723354
26.724318
26.554087
28.833246
27.461128
30.235877
21.788678
21.401873
7.4987605
7.1882579
17.559939
4.6291236
4.6816088
33.515273
26.115815
19.930868
19.406818
11.228856
2.1081981
2.0533945
30.632348
26.737837
37.085599
39.006002
16.342474
16.992763
41.506422
32.673627
32.144095
34.032597
34.608605
39.89081
39.237232
41.025465
33.505093
35.535541
34.318013
32.386
30.140186
1.5030059
1.5030634
1.5050894
1.4990673
1.4989729
1.4999491
1.4956342
1.4954255
1.4964008
1.4927174
1.4923786
1.4932847
1.4901907
1.489709
1.4905962
1.4879248
1.4872847
1.4881988
1.4858547
1.485043
1.4859776
1.4839711
1.4829926
1.4838979
1.4823752
1.4812164
1.4820719
1.4812171
1.4800311
1.4804848
1.4806245
1.4793989
1.4796036
1.4805984
1.4793214
1.4793308
1.4809366
1.4799117
1.479531
1.4822804
1.4815347
1.4806525
1.4842621
1.4838853
1.482731
1.4868531
1.486913
1.4854913
1.4899581
1.4905195
1.48886
1.4938426
1.4947466
1.4928811
1.4976543
1.4991
1.4970594
1.503436
1.5050224
1.5027308
1.503112
1.5036118
1.5072282
1.4989532
1.499225
1.501171
1.4953521
1.4954402
1.4972542
1.4922455
1.492158
1.493819
1.4895086
1.48923
1.4908596
1.4870124
1.4864739
1.4881907
1.4846778
1.4838171
1.4855935
1.4825338
1.4813305
1.4830885
1.4806717
1.4791887
1.480801
1.4794295
1.4776843
1.4787143
1.4787711
1.4768874
1.477489
1.4786868
1.4768283
1.4770675
1.4793758
1.4778285
1.4771347
1.4811286
1.4799965
1.4783806
1.4836264
1.4828816
1.4807764
1.486841
1.4865972
1.4840055
1.4906556
1.4909577
1.4879135
1.4950705
1.4959599
1.4923688
1.4996937
1.5012735
1.497216
1.5050875
1.5072478
1.5031599
1.5038763
1.504934
1.5091655
1.4994116
1.5003036
1.5026139
1.4955826
1.4962809
1.4983697
1.4922538
1.4927215
1.4946448
1.489234
1.4894497
1.4913595
1.4863693
1.4862793
1.4883291
1.4835908
1.4831146
1.4853998
1.4809863
1.480165
1.4824957
1.4787379
1.4775401
1.4796886
1.4771408
1.4756419
1.4771571
1.476281
1.474557
1.4756082
1.4762404
1.4745876
1.4749439
1.477338
1.4759196
1.4750161
1.4796486
1.4787325
1.4765112
1.4826849
1.482317
1.4794454
1.4865842
1.4868079
1.4832249
1.4911453
1.4919876
1.4878262
1.4963489
1.4977748
1.4929039
1.5019374
1.5043427
1.4986266
1.5076739
1.5103236
1.5047024
1.5053724
1.5066383
1.5107833
1.5006576
1.501766
1.504204
1.4965521
1.4974995
1.4996027
1.4929343
1.49374
1.4956526
1.4895873
1.4902109
1.4921681
1.4863149
1.486632
1.4889166
1.4830322
1.4830913
1.4856934
1.4799611
1.4796151
1.4823043
1.4771986
1.4764068
1.4790083
1.4751888
1.473984
1.4760221
1.4740191
1.4725277
1.4740895
1.4740704
1.472601
1.473095
1.4754848
1.4743682
1.473307
1.4784629
1.4778582
1.4751822
1.4822697
1.4823819
1.4787659
1.4869785
1.487773
1.4833548
1.4923426
1.4937086
1.4886252
1.4983207
1.5002224
1.4944846
1.5052442
1.5080908
1.5009537
1.5109181
1.5137736
1.5076361
1.5070506
1.5084389
1.5124898
1.5021546
1.503363
1.5057556
1.4978603
1.4990056
1.501078
1.4940663
1.4951565
1.4970461
1.4904751
1.4914465
1.4934956
1.4868244
1.4877485
1.4901189
1.4832124
1.4838928
1.4865942
1.4795869
1.4798645
1.482887
1.4762287
1.4760498
1.4790949
1.4736656
1.4729866
1.4756082
1.4721099
1.4711008
1.4732015
1.4721832
1.471152
1.4717074
1.4740729
1.4735276
1.4721028
1.4777308
1.477707
1.4745999
1.482506
1.4832299
1.4789196
1.4881273
1.4895272
1.4844461
1.4942744
1.4962949
1.4904271
1.5009758
1.5035758
1.497052
1.5090721
1.5120834
1.504141
1.5145803
1.5179141
1.5115331
1.5089054
1.5103134
1.5143503
1.5037922
1.5051453
1.5075439
1.4994035
1.5007684
1.5028289
1.4955483
1.4969898
1.4988449
1.4918598
1.4933798
1.4953643
1.4881543
1.48968
1.4920366
1.484224
1.4855947
1.4884407
1.480081
1.4811922
1.48447
1.476125
1.4768852
1.4802403
1.47292
1.4731604
1.4762852
1.4709115
1.4707509
1.473404
1.4709649
1.470622
1.4711772
1.4734765
1.4738013
1.4718339
1.4778333
1.4785345
1.4750198
1.4835691
1.48473
1.4799744
1.490064
1.4917536
1.4862153
1.497054
1.499339
1.492966
1.5045553
1.5075669
1.5004158
1.5131264
1.5164024
1.5082737
1.5191006
1.5229606
1.5160687
1.510757
1.5120774
1.5163293
1.5056009
1.5069681
1.5094657
1.5012527
1.5027725
1.5048734
1.4975269
1.4992925
1.5010833
1.4939651
1.4958486
1.4979117
1.4902393
1.4920192
1.4946274
1.4860991
1.4878071
1.4908078
1.4816384
1.4832294
1.4866455
1.4772622
1.4786997
1.4821222
1.4734704
1.4746261
1.4778736
1.4709444
1.4718722
1.4745852
1.4708247
1.4711563
1.4715231
1.4740379
1.4749806
1.4724075
1.4788137
1.4799652
1.4761343
1.4851401
1.4865996
1.4815413
1.4923387
1.4942159
1.4883017
1.5001098
1.5024688
1.4957399
1.5085607
1.5115079
1.503901
1.5175329
1.5208651
1.512598
1.524286
1.5284859
1.5211369
1.5124884
1.51372
1.5183342
1.5074218
1.5087719
1.5114018
1.503298
1.5049246
1.5070699
1.4999327
1.5019244
1.5036789
1.4964876
1.4984758
1.5008582
1.4926409
1.4946349
1.4974194
1.4884167
1.4904806
1.4935088
1.4838279
1.4859491
1.4893085
1.4792729
1.4813977
1.4847484
1.4751795
1.4771347
1.4803896
1.4723111
1.4741027
1.4768079
1.4716425
1.4727261
1.4727476
1.4754204
1.477091
1.4736591
1.4803735
1.482117
1.4781024
1.4871256
1.4889951
1.4837531
1.4948802
1.4970249
1.4908517
1.5032737
1.5057698
1.4988084
1.5124833
1.5154055
1.5075195
1.5219692
1.5252813
1.5168793
1.5298817
1.5340783
1.5261986
1.5141072
1.5152182
1.5201892
1.509215
1.5105217
1.5132828
1.5054769
1.5071971
1.5093196
1.502578
1.5045492
1.5065745
1.4991486
1.5012562
1.503728
1.4953332
1.4976061
1.5003088
1.4912178
1.4937367
1.4966163
1.4867368
1.4895316
1.4926152
1.482223
1.4852378
1.4883183
1.478005
1.4810368
1.4841233
1.4749842
1.4778178
1.4804093
1.473522
1.4752327
1.4762388
1.4777734
1.4804165
1.4757509
1.4827105
1.4851961
1.4812591
1.4896848
1.4920684
1.4867983
1.497803
1.500291
1.4939987
1.5066315
1.5093149
1.5022601
1.516385
1.5193507
1.5113229
1.5263894
1.5297311
1.5211671
1.5354282
1.5393505
1.5312653
1.5155489
1.5164963
1.5218518
1.510948
1.5121923
1.5149297
1.5077775
1.5096256
1.5115221
1.5051991
1.5071692
1.5093807
1.5019691
1.5041863
1.5065737
1.4984018
1.5009204
1.5033544
1.4946405
1.4977611
1.5002003
1.490555
1.4942119
1.4966986
1.4863942
1.4905753
1.493089
1.4823271
1.4868243
1.4894861
1.4791613
1.4827878
1.4859572
1.4765018
1.4792483
1.4818927
1.4813914
1.4852589
1.4792068
1.4860726
1.48949
1.4859365
1.4929586
1.4959799
1.4909374
1.5011946
1.5041006
1.4978714
1.5102507
1.5131714
1.5061608
1.5203495
1.5233962
1.5153557
1.5308762
1.5342899
1.5255065
1.5405786
1.5443134
1.5362709
1.5167729
1.5175361
1.5232419
1.5125884
1.5137054
1.5162965
1.5102286
1.5119748
1.5136074
1.507831
1.5098206
1.5119664
1.5049285
1.5072741
1.5093596
1.501768
1.5046599
1.5066052
1.498807
1.5023797
1.5041578
1.4955432
1.5003822
1.5018566
1.4921717
1.4979025
1.4994162
1.4887021
1.4952516
1.4970467
1.4848679
1.4907338
1.4943351
1.4811819
1.485506
1.4895317
1.4866707
1.4920849
1.4855623
1.4907342
1.4953727
1.4925829
1.4971107
1.5009328
1.4965198
1.5051372
1.5085296
1.5026705
1.5141943
1.5173956
1.5105917
1.5244157
1.5275493
1.5196816
1.5354018
1.5386877
1.5299329
1.5455103
1.5492205
1.5411149
1.5177456
1.5182688
1.5242972
1.5140517
1.5149876
1.5173395
1.5125395
1.5141761
1.5154875
1.5104789
1.5124484
1.5143073
1.5080625
1.5105331
1.5121255
1.5056574
1.5089165
1.5101011
1.503648
1.507991
1.5086804
1.5021023
1.507956
1.508002
1.5000899
1.5079349
1.5079344
1.4979621
1.5075104
1.5076286
1.4941146
1.5028431
1.5068541
1.4883821
1.4948288
1.5017151
1.4940822
1.5015716
1.4958745
1.4970385
1.5032187
1.5017888
1.5023712
1.5071599
1.5039004
1.509745
1.5137234
1.5085857
1.5185346
1.5220336
1.5156287
1.528618
1.5318509
1.5241763
1.5397704
1.5429733
1.5343539
1.5504036
1.5539959
1.5458418
1.518397
1.5186625
1.5249568
1.5152714
1.5160106
1.518038
1.5147045
1.5162422
1.5170221
1.5130957
1.5150311
1.5164519
1.5113569
1.5139354
1.5148818
1.5100319
1.5136477
1.5137991
1.509521
1.5146955
1.5138343
1.5099587
1.5174346
1.5153656
1.5109313
1.521974
1.518376
1.5114466
1.52571
1.522598
1.5073003
1.524242
1.526033
1.4980455
1.5108578
1.5221081
1.5043878
1.514706
1.5116199
1.5054561
1.5134041
1.5142872
1.508981
1.5149321
1.5134519
1.515151
1.5196139
1.5159151
1.523287
1.5271285
1.5213784
1.5329665
1.5363947
1.5292372
1.5440606
1.547418
1.5389281
1.5551317
1.5585593
1.5504414
1.5186992
1.5186758
1.5251948
1.5162143
1.5166747
1.5182771
1.5167226
1.5180745
1.5180703
1.5156746
1.5175424
1.5183545
1.5147856
1.5174909
1.5176026
1.5148747
1.5188276
1.517698
1.516499
1.5225315
1.5195695
1.5201089
1.5295392
1.5241039
1.5260993
1.540359
1.5318938
1.5316496
1.5531007
1.5438921
1.5284207
1.5519708
1.5544889
1.5155894
1.5341116
1.5494965
1.5186467
1.5329703
1.53456
1.5165061
1.5264992
1.5311909
1.5170725
1.5242342
1.5255815
1.5212533
1.5265736
1.5245608
1.5284458
1.5327398
1.5278972
1.5375655
1.5412376
1.5347809
1.5486124
1.5519997
1.5438508
1.5596382
1.5628842
1.5550695
1.518613
1.5182794
1.5249888
1.5167758
1.5168937
1.5180405
1.5184772
1.5195683
1.5185837
1.5181335
1.5198449
1.5199976
1.5183478
1.5210137
1.520137
1.5201742
1.5244489
1.5216309
1.5246173
1.5315458
1.5258838
1.5328996
1.544509
1.5342576
1.5460841
1.5663142
1.5490043
1.5611082
1.5880728
1.5730683
1.5607533
1.5907989
1.5905984
1.5409948
1.564434
1.5855297
1.5384309
1.5581977
1.563562
1.530528
1.5434687
1.5541966
1.5268706
1.5357075
1.5406688
1.5285503
1.5347864
1.5350411
1.5342151
1.5386731
1.5354188
1.5424337
1.5460376
1.540466
1.5530842
1.5562691
1.5485933
1.5639391
1.5670752
1.5595003
1.5181129
1.5174625
1.5243571
1.5168668
1.516589
1.5173161
1.5198934
1.5207116
1.5185502
1.5203956
1.5219165
1.5213286
1.5218517
1.5244352
1.5224529
1.5256877
1.5291709
1.5254757
1.5339313
1.5409381
1.5314196
1.5486624
1.5626589
1.5454485
1.5742704
1.6008932
1.5703108
1.5984083
1.6360839
1.6104562
1.602471
1.6470278
1.6430016
1.5733233
1.605273
1.6388638
1.5654816
1.589791
1.6000784
1.5482816
1.5642056
1.584052
1.5388595
1.5486754
1.5591018
1.5369127
1.5435396
1.546807
1.540194
1.5449624
1.5435094
1.5472524
1.5509289
1.5464113
1.5573251
1.560405
1.5533612
1.5680792
1.570967
1.5637385
1.5171926
1.5162392
1.5232933
1.5164352
1.5157755
1.5161301
1.520921
1.5213191
1.5179537
1.5224202
1.5237521
1.5222816
1.525244
1.5273281
1.524393
1.5299184
1.5314753
1.5287913
1.542259
1.5457727
1.5340853
1.5663469
1.5760038
1.5514789
1.6108679
1.6415885
1.5880421
1.6320185
1.6454711
1.6333738
1.6720277
1.7046162
1.6857093
1.6445689
1.6674311
1.685844
1.5985753
1.6271288
1.6533253
1.5697858
1.5880203
1.6188752
1.5521192
1.5630736
1.5799749
1.5458545
1.5529953
1.5596938
1.5465721
1.5516178
1.5521881
1.5521633
1.5559106
1.5526451
1.5614248
1.5644114
1.5581449
1.5719209
1.5746753
1.5677363
1.5158728
1.5146436
1.5218581
1.5155099
1.5144989
1.5145159
1.5213471
1.5212606
1.5167945
1.5241661
1.5253709
1.5227884
1.5285372
1.5300189
1.5262243
1.5334075
1.5372061
1.5319395
1.549139
1.5563225
1.5406643
1.5826444
1.5975261
1.5638697
1.6540312
1.6930669
1.6145359
1.6956684
1.7165923
1.6912967
1.8120291
1.8745166
1.8444999
1.6375812
1.672187
1.7484598
1.5943632
1.6142677
1.6582625
1.5667222
1.578533
1.6026172
1.555471
1.5629742
1.573432
1.5533305
1.5584251
1.5612724
1.5571632
1.5608557
1.5589819
1.5653866
1.5681901
1.5628265
1.5755783
1.578008
1.5714458
1.5141938
1.5127389
1.5201062
1.5141185
1.5128407
1.5125502
1.5212098
1.5206825
1.5151412
1.5257301
1.5264252
1.5223789
1.5307628
1.5328689
1.5275734
1.5385311
1.542333
1.5342353
1.558875
1.5662371
1.5466842
1.6027663
1.6178873
1.5755685
1.706933
1.7468829
1.6395794
1.7954652
1.8227905
1.7645126
1.7283864
1.7449893
1.7955319
1.6208176
1.6409349
1.6973607
1.582461
1.5944698
1.6261574
1.5654781
1.573191
1.5876029
1.5602012
1.5653595
1.5705522
1.5621119
1.5657461
1.5653579
1.5691063
1.5717399
1.5673867
1.578817
1.5810052
1.5748799
1.5122197
1.5105751
1.5181086
1.5123437
1.5108567
1.5102906
1.5202664
1.5194447
1.5133571
1.5265043
1.5269083
1.5213415
1.5335068
1.5352247
1.5283576
1.543547
1.546907
1.5368732
1.5685682
1.5751152
1.5520274
1.6226673
1.6360584
1.586049
1.7592295
1.7922411
1.662049
1.8943631
1.914914
1.8325157
1.7941339
1.812398
1.8890961
1.645838
1.665125
1.7368105
1.5982568
1.6083212
1.6477291
1.5756891
1.583208
1.6013401
1.5670365
1.5721931
1.5795088
1.5669628
1.5704895
1.5716156
1.5726072
1.5750408
1.5717915
1.5816725
1.5833832
1.5779713
1.5100063
1.5082333
1.5159371
1.5103
1.5084925
1.5078185
1.5190282
1.5177898
1.5108125
1.5269398
1.5268178
1.5198933
1.5356875
1.5367929
1.5287903
1.5479274
1.5506881
1.5389027
1.5771379
1.5826904
1.5565077
1.6402566
1.6517769
1.5949783
1.7017772
1.7078419
1.6721004
1.97058
1.9847637
1.8870213
1.8548555
1.8633872
1.9489699
1.671695
1.6893381
1.7622379
1.6142935
1.6243045
1.6698684
1.5855475
1.5931646
1.6158829
1.5737385
1.5784616
1.5892251
1.5716164
1.5749662
1.5775025
1.5757974
1.5780534
1.5759237
1.583923
1.5851271
1.5807393
1.5076281
1.5057869
1.5136754
1.507954
1.5060353
1.5052268
1.5173017
1.5157198
1.5083262
1.5267073
1.5261378
1.51799
1.5370875
1.5377451
1.5285665
1.5515084
1.5536752
1.540258
1.5843625
1.5888775
1.5600988
1.6552341
1.664556
1.6022704
1.7241838
1.7290532
1.6895173
1.891746
1.8990922
1.9881981
1.6940792
1.7083024
1.7859774
1.6280211
1.6389479
1.6866376
1.5952797
1.6025243
1.6272523
1.5805085
1.5860385
1.5980062
1.5760044
1.5798593
1.5844389
1.5787363
1.5805961
1.57946
1.5854646
1.5861399
1.5830566
1.5051631
1.5033192
1.5113946
1.5053703
1.5033715
1.5029587
1.5151736
1.51349
1.5055465
1.5258737
1.5249219
1.5159545
1.5378815
1.5380848
1.5277715
1.5542959
1.5558777
1.5410396
1.5902076
1.5937148
1.5628285
1.6672971
1.6745914
1.6080088
1.7419615
1.745738
1.703253
1.9187324
1.9248325
2.0110589
1.7128164
1.7247851
1.807124
1.6415924
1.6499225
1.701934
1.6043835
1.6103547
1.6382184
1.5870731
1.5909683
1.603602
1.5812113
1.5831922
1.5881994
1.5811444
1.5826752
1.5829863
1.5862985
1.5864848
1.5841654
1.5027092
1.5010937
1.5091537
1.5027119
1.5007118
1.5002317
1.5129136
1.5111171
1.5027472
1.5245599
1.5233545
1.5137173
1.5380939
1.537942
1.5265412
1.5563135
1.5573583
1.5413514
1.5947245
1.597311
1.564747
1.6766914
1.6822493
1.6123318
1.7554919
1.7582503
1.7135673
1.9406955
1.9450049
2.0231088
1.7285083
1.7392458
1.8250015
1.6527913
1.6608547
1.7155938
1.6122433
1.6177862
1.648079
1.5921612
1.595446
1.6105251
1.5838963
1.5862289
1.5924443
1.5831121
1.5849109
1.5862146
1.5861971
1.5861874
1.5866479
1.5004601
1.4986513
1.507042
1.5000556
1.4981318
1.4976815
1.5104987
1.5086098
1.5000962
1.5229177
1.5215271
1.5113305
1.537815
1.5372258
1.5249636
1.5576207
1.5581636
1.5411625
1.5980333
1.5997964
1.5659195
1.6838365
1.6879119
1.6154023
1.7654291
1.7675416
1.7212705
1.8621004
1.8721349
2.0232802
1.7425818
1.75172
1.8382463
1.6634231
1.6705375
1.7274797
1.619665
1.6250322
1.6568353
1.596634
1.600097
1.6171944
1.5870946
1.5897677
1.5967983
1.5855461
1.5870852
1.5888301
1.5867995
1.5862016
1.5882106
1.4980984
1.4963169
1.5050199
1.4975026
1.4956463
1.4952836
1.5079754
1.506076
1.4975495
1.5210438
1.519549
1.5088884
1.5369668
1.5360195
1.5231741
1.5582661
1.5583591
1.5402843
1.6002583
1.6012805
1.5664171
1.688965
1.6913704
1.6173373
1.772459
1.7736047
1.7265716
1.8749805
1.8823474
2.020168
1.7544836
1.7620495
1.8481087
1.6726437
1.6783811
1.7370271
1.6266812
1.6312182
1.6647378
1.6011885
1.6043622
1.6227187
1.5905976
1.592834
1.6008664
1.5875408
1.5887041
1.5915441
1.5860348
1.585548
1.5892632
1.4957878
1.4942534
1.5031601
1.4950366
1.4932504
1.4930226
1.5054443
1.5035599
1.495097
1.5190353
1.5174467
1.506449
1.5356503
1.5343973
1.521199
1.5582933
1.5577725
1.5388857
1.6015092
1.6018762
1.5662437
1.6919682
1.6929443
1.6182689
1.7757649
1.7763717
1.7293379
1.8844247
1.8896491
2.0209317
1.7643407
1.7705153
1.8560337
1.6801528
1.6852538
1.7449714
1.6326086
1.6364482
1.6718967
1.6054069
1.6084571
1.6274406
1.593522
1.5954755
1.6046443
1.5889479
1.5894882
1.5940323
1.5852588
1.5846459
1.5897348
1.4937074
1.4922552
1.5014922
1.492674
1.4909891
1.4909132
1.5029379
1.5010934
1.4927476
1.5169014
1.5152255
1.5040613
1.533935
1.5324333
1.5190566
1.5575023
1.5564374
1.5370851
1.601924
1.6016777
1.5651887
1.6931554
1.6933403
1.6184539
1.7763046
1.7762161
1.7300102
1.8911504
1.8953711
2.0213426
1.7723514
1.7773142
1.8623325
1.686911
1.6916933
1.7517163
1.6376429
1.6410691
1.6779311
1.6094412
1.6122657
1.6318156
1.5960944
1.5978328
1.6080915
1.5896604
1.5902309
1.5961659
1.5843468
1.5834996
1.5899559
1.4918442
1.4903571
1.4999588
1.4904399
1.4888136
1.4889499
1.5004872
1.4986921
1.490474
1.514656
1.5129256
1.5017282
1.5318982
1.5302145
1.5168063
1.5560059
1.5545289
1.5349628
1.6014149
1.6003873
1.5634284
1.6932803
1.6930201
1.6174006
1.7755026
1.7752216
1.7302579
1.8967166
1.9003979
2.020183
1.778844
1.7831405
1.86762
1.6931954
1.6973489
1.7574328
1.6421688
1.6453524
1.6828563
1.6131551
1.615652
1.6359424
1.5983618
1.5998102
1.6110974
1.5904228
1.5909605
1.5980107
1.5830509
1.5821318
1.5900976
1.4898375
1.48855
1.4986651
1.488277
1.4866843
1.4870743
1.4981001
1.4963399
1.4882618
1.5123422
1.5105736
1.4994221
1.5296296
1.5278142
1.5144841
1.5539721
1.5522223
1.5325975
1.5999504
1.5983486
1.5611341
1.6927937
1.6916932
1.6156307
1.7741006
1.7735497
1.729382
1.9014867
1.904431
2.0183585
1.7844886
1.7883068
1.8724677
1.6986239
1.7021468
1.7624635
1.6463705
1.649248
1.6871686
1.6164204
1.6185577
1.6397916
1.6002552
1.601552
1.6137549
1.5911106
1.5914742
1.5996527
1.5817704
1.581074
1.5899847
1.4881237
1.4869132
1.4974574
1.4861621
1.4846269
1.4853261
1.4957591
1.4940357
1.4861389
1.5099796
1.5081854
1.4971435
1.5271936
1.5252896
1.5121037
1.5515965
1.5495901
1.5300765
1.5977406
1.5957291
1.5584622
1.691254
1.6897694
1.6131389
1.771895
1.7712936
1.7276514
1.8976953
1.898569
1.7306874
1.9053908
1.9081622
2.01779
1.7895335
1.7930061
1.8767303
1.7032409
1.7063864
1.7669191
1.6501529
1.6527034
1.6911182
1.6192253
1.6211341
1.6432576
1.6019773
1.6032361
1.6161491
1.5915583
1.591766
1.6011431
1.5808038
1.5802984
1.5896592
1.4865183
1.4854388
1.4965003
1.484128
1.4826593
1.4836676
1.4934694
1.4917851
1.4841132
1.5075842
1.5057748
1.494903
1.5246399
1.522663
1.5096756
1.5488896
1.5467289
1.5274451
1.5950022
1.5927508
1.5555464
1.6892856
1.6876599
1.610255
1.7698063
1.7693015
1.7257467
1.9025283
1.9037044
1.7418257
1.9090968
1.9119345
2.0193931
1.794067
1.7969179
1.8805772
1.7073735
1.7101091
1.7708443
1.6535048
1.6557987
1.6946878
1.6217403
1.6234891
1.6463446
1.6036514
1.6048876
1.6183359
1.5918222
1.5920113
1.602499
1.5800364
1.5796086
1.5892941
1.4850867
1.4839265
1.4954649
1.4821834
1.4807523
1.4819223
1.4912314
1.4895608
1.4821318
1.5051697
1.5033335
1.4926759
1.5219951
1.5199974
1.5072011
1.5459941
1.5437914
1.5247644
1.5919646
1.5896474
1.5525326
1.687173
1.6856139
1.6072525
1.7682612
1.767918
1.7240404
1.908297
1.9096616
1.7543378
1.9129161
1.9156948
2.0227202
1.7977519
1.8000295
1.8841723
1.7109533
1.7133255
1.774443
1.6565322
1.6586695
1.6976463
1.6240491
1.6256621
1.6491361
1.6052973
1.6065256
1.6203554
1.5920772
1.5923051
1.6037548
1.5793417
1.5789617
1.5890153
1.4835725
1.4823984
1.4940832
1.4802749
1.4791909
1.4802469
1.4889953
1.4878745
1.480549
1.502709
1.5014862
1.4910005
1.5193196
1.5180552
1.5053388
1.5430624
1.5421835
1.5228752
1.5889028
1.5893312
1.5510908
1.6851315
1.6907627
1.6079207
1.7672204
1.7674358
1.7232311
1.9150137
1.9158506
1.7653688
1.9165921
1.9191274
2.0258471
1.800713
1.802598
1.887523
1.7140379
1.7159973
1.7774716
1.6593575
1.6613369
1.6999775
1.6261725
1.627626
1.651673
1.6069311
1.6081116
1.6221596
1.5923824
1.5926356
1.6049817
1.5787107
1.5784279
1.5888802
1.4820488
1.4810752
1.4945445
1.4787465
1.4774295
1.4787172
1.4873447
1.485778
1.4787068
1.500887
1.4991088
1.4888702
1.517398
1.5154567
1.5029048
1.541466
1.5393724
1.5202373
1.5887493
1.586655
1.5482229
1.6901404
1.6889988
1.6050342
1.8634291
1.8624728
1.7287942
1.8839584
1.8795437
1.8847253
2.0342119
2.0316089
1.7587402
1.9227664
1.9241654
2.0250231
1.8032049
1.8058165
1.8924605
1.7165773
1.7182171
1.7804895
1.6619611
1.6637021
1.7019434
1.6280919
1.6294451
1.6539584
1.6084974
1.609632
1.6237943
1.5927213
1.5930115
1.6061332
1.578218
1.5780751
1.5889068
1.4807518
1.4797996
1.4941315
1.4769978
1.4757376
1.4773027
1.4852647
1.4837583
1.4769463
1.4985253
1.4968092
1.4868078
1.5148226
1.5129676
1.5005516
1.5386993
1.5367687
1.5177239
1.5860297
1.5842811
1.5456216
1.6886411
1.6878141
1.6026357
1.8621641
1.8589422
1.7284795
9.725618
8.5715132
1.87417
1.7161304
1.6880042
10.975408
2.029995
2.0234438
1.7486761
1.9244564
1.9249672
2.0184009
1.8061166
1.8067779
1.8935089
1.7186096
1.71968
1.7815915
1.66424
1.6655495
1.7032802
1.6298818
1.6310782
1.6557584
1.6099888
1.610941
1.6252189
1.5931152
1.5934353
1.6071007
1.5779149
1.5778968
1.589069
1.4794993
1.4786896
1.4937136
1.4753336
1.474179
1.476016
1.4832689
1.4818453
1.4752996
1.4962508
1.4946236
1.4848441
1.5123659
1.5106191
1.4983189
1.5361563
1.5344157
1.5153815
1.5837401
1.5822766
1.5432932
1.6876358
1.6872043
1.6008215
1.8571928
1.8510143
1.7276431
8.2458923
7.4054642
1.8610496
1.6787312
1.6514747
8.8530766
2.0213037
2.0121746
1.7331575
1.9248675
1.9236073
2.0085037
1.8069144
1.8071407
1.8932858
1.7200001
1.7208553
1.7822619
1.6659391
1.6669912
1.7043329
1.6314676
1.6326107
1.6571782
1.6112343
1.6120345
1.6265164
1.5935459
1.5939168
1.6079092
1.5777758
1.5778978
1.5893454
1.4784709
1.4781496
1.493367
1.4738137
1.4727694
1.474821
1.4813868
1.480061
1.4737857
1.4940986
1.4925816
1.4830038
1.5100581
1.5084438
1.4962353
1.5338667
1.5323193
1.5132324
1.5818332
1.5806066
1.5412393
1.6870588
1.6865561
1.5993848
1.8487114
1.8413798
1.72614
7.1634396
6.5274338
1.8476152
1.6426087
1.6166514
7.4442266
2.0090753
1.9988238
1.7144786
1.9228536
1.9199359
1.997161
1.8071581
1.8069088
1.8908715
1.7211048
1.7217684
1.782561
1.6673061
1.6681565
1.7051758
1.632983
1.6340684
1.6583366
1.6122745
1.6129134
1.6276896
1.5940481
1.5944636
1.6085943
1.5778249
1.5780493
1.5897282
1.4779464
1.477308
1.4932031
1.4724358
1.4714778
1.4740107
1.4796361
1.478413
1.4724084
1.4920962
1.4907016
1.4812997
1.5079297
1.5064605
1.4943173
1.5318337
1.5304617
1.5112843
1.5802282
1.5791722
1.5394342
1.6863598
1.6856714
1.5981389
1.8388114
1.8308736
1.7237443
6.3409091
5.8429328
1.8345348
1.6082103
1.5835856
6.4378052
1.9953832
1.984899
1.6940183
1.9187906
1.9145386
1.9853676
1.8066503
1.8054294
1.8867973
1.7219638
1.7224666
1.7817719
1.6684094
1.6690668
1.7058172
1.6344176
1.6353414
1.6592005
1.6130995
1.6135854
1.6286042
1.5946026
1.5950171
1.6091547
1.5779941
1.5783094
1.5901612
1.4771303
1.4765342
1.4931516
1.4711743
1.4703507
1.4730127
1.4780228
1.4769048
1.4711865
1.4902572
1.4889863
1.4797364
1.5059954
1.5046689
1.4925677
1.5300303
1.528805
1.5095268
1.5788415
1.5778918
1.537835
1.6853839
1.6841855
1.5969441
1.8281602
1.8198898
1.7209903
5.6947633
5.2939605
1.8215534
1.5756112
1.5523654
5.6806725
1.9813354
1.9705277
1.6730419
1.912878
1.9080428
1.9729206
1.8048923
1.8029831
1.8815805
1.7225537
1.7225504
1.7798874
1.6692145
1.6694353
1.7059101
1.6355897
1.6361643
1.6595095
1.6137241
1.6140793
1.6292405
1.5951487
1.5955274
1.6095821
1.5782734
1.5786412
1.5905931
1.4763541
1.4758261
1.4931897
1.4701088
1.4693755
1.4721302
1.4765494
1.4755321
1.4700926
1.4885831
1.4874326
1.4783112
1.5042487
1.5030491
1.4909813
1.5284181
1.5273141
1.5079379
1.5775877
1.5766985
1.5363922
1.6836933
1.6820274
1.5957595
1.8170911
1.8085823
1.7179992
5.1700844
4.818109
1.8082353
1.5448302
1.5228471
5.0892494
1.9668993
1.9560515
1.652289
1.9060285
1.9010359
1.9601896
1.8022602
1.7998836
1.8758837
1.7224639
1.7219645
1.777276
1.6694417
1.6693027
1.7054612
1.636301
1.6365605
1.6593625
1.6141783
1.6144206
1.6295965
1.5956444
1.5959761
1.6098763
1.5786117
1.578998
1.5909993
1.475654
1.4751673
1.4933041
1.4691793
1.468604
1.4714541
1.4752095
1.4742893
1.4690987
1.487068
1.4860282
1.4770199
1.502668
1.5015776
1.489543
1.5269626
1.52595
1.5064934
1.576408
1.5755455
1.5350597
1.6814252
1.6795287
1.5945855
1.8057082
1.7969761
1.7148193
4.7077163
4.3974808
1.7943247
1.5157242
1.4949577
4.6136958
1.952431
1.9415223
1.63198
1.899305
1.8936225
1.947372
1.7990239
1.796249
1.8697161
1.7217243
1.7208039
1.7742213
1.6692107
1.668824
1.7045443
1.6366004
1.6365934
1.6588957
1.6144838
1.6146206
1.6296937
1.5960772
1.5963592
1.6100414
1.5789655
1.579358
1.591375
1.4750225
1.4746565
1.4934873
1.4683925
1.4678986
1.4709871
1.473998
1.4731706
1.468247
1.485699
1.4847617
1.4758573
1.5012306
1.5002363
1.4882401
1.5256242
1.5246768
1.5051704
1.5752592
1.5743977
1.5338028
1.6788841
1.6769521
1.5934038
1.7940314
1.7850908
1.7115346
4.301024
4.0316497
1.7796837
1.4882292
1.4685752
4.2224774
1.937874
1.9269946
1.6121209
1.8915984
1.8858211
1.934753
1.7952747
1.7922707
1.8634128
1.7204384
1.7191903
1.7709503
1.6686637
1.6681007
1.7032441
1.6365528
1.6363269
1.6582138
1.6146489
1.61468
1.629564
1.5964434
1.5966709
1.6100777
1.5793302
1.5797269
1.5917175
1.4745622
1.4743338
1.4938109
1.4677464
1.4673016
1.4706825
1.4729102
1.4721747
1.4675425
1.4844655
1.4836225
1.4748203
1.4999193
1.4990088
1.4870613
1.5243695
1.5234709
1.5039489
1.5741083
1.5732309
1.5325996
1.6763081
1.67437
1.5921571
1.7820777
1.772935
1.7081645
3.9483106
3.7163391
1.7643007
1.4621889
1.4434756
3.8947105
1.9234006
1.9127135
1.5926467
1.8838918
1.8782547
1.9222949
1.7912429
1.788112
1.8565309
1.7187311
1.7172437
1.7675532
1.6678888
1.6671814
1.7016458
1.6362204
1.6358175
1.6573713
1.6146725
1.6145963
1.6292359
1.5967362
1.5969047
1.6099848
1.5797065
1.5801019
1.5920195
1.474288
1.4741678
1.4943257
1.4671723
1.4668464
1.4703016
1.4719443
1.4712953
1.4669503
1.4833561
1.4825975
1.4739023
1.4987178
1.4978797
1.4859942
1.5231783
1.5223205
1.5028146
1.5729343
1.5720312
1.5314401
1.6737211
1.6717611
1.5907847
1.7698543
1.7604886
1.7047154
3.6447498
3.4458047
1.7482224
1.437377
1.4194706
3.6160576
1.9091708
1.898581
1.5735054
1.876275
1.8704325
1.9100497
1.7870375
1.7837917
1.8496554
1.7167163
1.7150578
1.7640199
1.6669228
1.666076
1.6998198
1.6356581
1.635116
1.6563797
1.614553
1.6143716
1.6287348
1.5969504
1.5970615
1.6097699
1.5800882
1.5804814
1.592274
1.4741417
1.4737838
1.4950319
1.4667498
1.466501
1.4702982
1.4710923
1.4705207
1.4664452
1.4823575
1.4816731
1.4730921
1.4976112
1.4968361
1.4850261
1.5220405
1.5212171
1.5017559
1.5717254
1.5707943
1.5303184
1.6711026
1.6691092
1.5893178
1.7573272
1.7477561
1.7011883
3.3843768
3.2130028
1.7315138
1.4136255
1.3964478
3.3775597
1.8950645
1.8845591
1.5547056
1.8685007
1.8627352
1.8979853
1.7826941
1.7794453
1.8428016
1.7144826
1.7127024
1.7604069
1.6657704
1.6647842
1.697819
1.634916
1.6342694
1.655235
1.6142944
1.6140179
1.628087
1.597089
1.5971495
1.6094512
1.5804741
1.580865
1.5924773
1.4738022
1.4739138
1.4958951
1.4664283
1.4662358
1.4703754
1.4703421
1.4698407
1.465996
1.4814563
1.4808373
1.4723789
1.4965872
1.4958668
1.4841449
1.5209476
1.5201522
1.5007618
1.5704796
1.5695227
1.5292275
1.668438
1.6664026
1.58779
1.7445362
1.7348098
1.6975825
3.1598159
3.0107565
1.7142728
1.3908361
1.374334
3.1745973
1.8810733
1.8706605
1.5362764
1.8608331
1.8551975
1.8860469
1.7783692
1.775156
1.8360549
1.712092
1.7102159
1.7567286
1.6644331
1.6633178
1.6956741
1.6340398
1.6333172
1.6539403
1.613912
1.613558
1.6273206
1.5971614
1.5971786
1.6090544
1.580864
1.5812522
1.5926282
1.4739615
1.4742061
1.4968876
1.4661773
1.4660135
1.4706147
1.469685
1.4692522
1.4655758
1.4806411
1.4800811
1.4717576
1.4956348
1.4949606
1.4833399
1.5198908
1.5191164
1.4998211
1.569197
1.5681961
1.5281587
1.6657159
1.6636285
1.5862534
1.7315455
1.7217006
1.6938885
2.9642956
2.8335947
1.6965905
1.3689393
1.3530625
3.0029307
1.8672067
1.8569111
1.518241
1.8533245
1.847793
1.8741873
1.774075
1.7707975
1.8294241
1.7095722
1.7075741
1.753061
1.6629263
1.6617004
1.6933805
1.633066
1.6322847
1.6525114
1.6134298
1.6130174
1.6264591
1.5971771
1.5971549
1.6086031
1.5812574
1.5816425
1.5927306
1.4742874
1.474618
1.4980301
1.4659607
1.4658017
1.4709929
1.4691197
1.4687567
1.4651749
1.4799037
1.4793969
1.4712262
1.4947426
1.4941062
1.4826014
1.5188609
1.5181002
1.4989233
1.567855
1.5668109
1.527102
1.6629224
1.6607717
1.5847078
1.7184014
1.7084571
1.6900654
2.7927104
2.6773342
1.6785592
1.3478678
1.3325644
2.8588337
1.8535055
1.8433755
1.5006044
1.8459246
1.8403471
1.8624452
1.7697427
1.7663918
1.8227723
1.7068771
1.7047199
1.7491701
1.6612756
1.6599619
1.6909208
1.6320153
1.6311791
1.6509699
1.6128722
1.612414
1.6255136
1.5971404
1.5970781
1.6081106
1.5816539
1.5820352
1.5927911
1.4747519
1.4752141
1.4993216
1.465748
1.4655815
1.4714757
1.4686475
1.4683522
1.4647997
1.4792361
1.4787763
1.4707791
1.4938994
1.493293
1.4819204
1.517848
1.5170941
1.498059
1.5664563
1.5653747
1.5260475
1.6600431
1.657825
1.5831426
1.7051275
1.6950988
1.6861021
2.6411354
2.5387151
1.6602588
1.3275529
1.3127789
2.7390917
1.8400303
1.8300907
1.4833627
1.8384941
1.8329202
1.8508663
1.7652941
1.7619407
1.8162736
1.7039851
1.701752
1.7451827
1.6595121
1.658134
1.6883547
1.6308907
1.6299937
1.6493375
1.6122544
1.6117549
1.6244826
1.5970495
1.5969426
1.6075785
1.5820524
1.5824279
1.5927995
1.4753873
1.4759426
1.5007818
1.465525
1.4653515
1.4720359
1.4682643
1.4680283
1.4644669
1.47863
1.47821
1.4704039
1.493095
1.4925119
1.4812887
1.5168433
1.5160912
1.497219
1.5650089
1.5638984
1.5249883
1.6570746
1.6547951
1.5815538
1.6917437
1.6816476
1.6820058
2.506502
2.4151649
1.6417834
1.3079385
1.2936677
2.6410586
1.8268111
1.8170694
1.4665199
1.8310725
1.8255684
1.8394988
1.7608315
1.7574595
1.8097485
1.7010013
1.6987417
1.7411728
1.6576656
1.6562361
1.6857299
1.6296835
1.6287183
1.647628
1.6115814
1.6110402
1.6233595
1.5968986
1.5967436
1.6070022
1.5824497
1.5828152
1.5927478
1.4761434
1.4767536
1.5023968
1.4652946
1.4651283
1.4726351
1.4679582
1.4677689
1.4641994
1.4780758
1.4776881
1.4700843
1.4923206
1.4917542
1.4806982
1.5158403
1.5150866
1.4963942
1.5635245
1.5623933
1.5239207
1.6540256
1.6516911
1.5799431
1.6782723
1.6681232
1.6777849
2.3863803
2.304628
1.6232071
1.2889924
1.2752114
2.5625764
1.8138558
1.8043107
1.4500859
1.8237395
1.818289
1.8283596
1.7563319
1.7529677
1.8033144
1.6979855
1.6957041
1.7370731
1.6557513
1.6542735
1.6830549
1.6283847
1.6273502
1.645848
1.6108526
1.6102699
1.6221433
1.5966834
1.5964806
1.606378
1.5828396
1.5831897
1.5926322
1.4774532
1.4780947
1.504134
1.4650781
1.4649468
1.4732673
1.4677121
1.4675566
1.4640203
1.4775634
1.4772005
1.469804
1.4915672
1.4910111
1.4801411
1.5148348
1.5140775
1.4955768
1.5620132
1.5608661
1.5228428
1.6509036
1.648515
1.5783104
1.6647327
1.6545448
1.6734471
2.2788239
2.2054427
1.6046049
1.270697
1.2573875
2.5017775
1.8011625
1.791813
1.434064
1.8164889
1.8111198
1.8174566
1.7518781
1.7484994
1.7969179
1.69494
1.6926393
1.7329391
1.653773
1.6522508
1.6803322
1.6269945
1.6258988
1.6440052
1.6100686
1.6094463
1.6208435
1.5964052
1.5961595
1.6057067
1.5832145
1.583545
1.592456
1.4783113
1.4789523
1.5059532
1.464914
1.4648449
1.4738598
1.4675089
1.4673755
1.4639388
1.4770828
1.4767379
1.4695497
1.4908265
1.490275
1.479609
1.5138241
1.5130619
1.4947608
1.5604825
1.5593293
1.5217533
1.6477093
1.6452665
1.5766521
1.6511436
1.6409304
1.669003
2.1822517
2.1162308
1.5860448
1.2530256
1.2401574
2.4568814
1.7887296
1.7795723
1.418444
1.8093457
1.8040536
1.8067921
1.7473684
1.7440253
1.7906311
1.6918712
1.6895707
1.7287899
1.6517367
1.6501776
1.6775778
1.6255251
1.6243828
1.6421111
1.6092325
1.6085735
1.6194783
1.5960709
1.5957896
1.604992
1.5835691
1.5838801
1.5922284
1.4791649
1.4798226
1.5078229
1.4648365
1.4648401
1.4748089
1.4673337
1.4672148
1.4639431
1.4766253
1.4762932
1.4693133
1.4900911
1.48954
1.4790943
1.5128068
1.5120391
1.493943
1.5589438
1.5577836
1.5206519
1.6444433
1.641951
1.5749657
1.6375229
1.6272977
1.6644672
2.0953428
2.0358228
1.5675875
1.2359374
1.2234818
2.426295
1.7765518
1.7675816
1.4032111
1.802292
1.7970291
1.7963593
1.742896
1.7395006
1.7844162
1.6888037
1.6864815
1.7246675
1.6496523
1.648061
1.6747928
1.6239964
1.622824
1.6401768
1.608348
1.6076554
1.6180697
1.5956906
1.5953812
1.6042376
1.5839039
1.5841998
1.5919614
1.4800341
1.4806622
1.5097069
1.4648563
1.4649267
1.4753302
1.4671773
1.4670707
1.4640126
1.4761843
1.4758622
1.4690922
1.4893558
1.4888026
1.4785915
1.5117822
1.5110091
1.4931224
1.5573955
1.5562272
1.5195388
1.6411126
1.6385791
1.5732526
1.6238886
1.6136654
1.6598548
2.0169736
1.9632268
1.5492858
1.2193958
1.2073338
2.4088211
1.7646234
1.7558414
1.3883535
1.7952837
1.7900588
1.786157
1.7383464
1.734926
1.7782198
1.685696
1.6833148
1.7205458
1.6475258
1.6459076
1.6719657
1.6224301
1.6212423
1.6382127
1.6074195
1.6066975
1.6166375
1.595274
1.5949428
1.6034476
1.5842249
1.5845131
1.5916664
1.4808628
1.4814736
1.511581
1.4649688
1.4651006
1.4758403
1.4670377
1.4669457
1.4641288
1.4757566
1.4754439
1.4688886
1.4886176
1.4880616
1.4780978
1.5107504
1.5099721
1.4922989
1.5558362
1.5546585
1.5184142
1.6377282
1.6351596
1.5715054
1.6102592
1.6000516
1.6551777
1.9461948
1.8975852
1.5311864
1.2033762
1.1916897
2.4001328
1.7529456
1.744352
1.3738561
1.7883237
1.7831485
1.7761758
1.7337874
1.7303986
1.7720702
1.6825181
1.6801396
1.7165074
1.6453653
1.6437321
1.6691334
1.6208454
1.6196528
1.6362318
1.6064527
1.6057071
1.6151963
1.5948293
1.5944804
1.6026266
1.5845416
1.5848291
1.591352
1.4816724
1.4822741
1.5134359
1.4651635
1.4655198
1.4763681
1.4669185
1.4668436
1.4642919
1.4753417
1.4750385
1.468706
1.4878756
1.487317
1.4776121
1.5097117
1.5089283
1.4914733
1.5542641
1.5530752
1.5172779
1.6342975
1.6316957
1.5697208
1.596653
1.5864742
1.6504425
1.8821574
1.8380601
1.5133304
1.1878532
1.1765146
2.3941267
1.7415191
1.7331137
1.35969
1.7814365
1.7763284
1.7664017
1.7292845
1.7259772
1.7659492
1.6793569
1.6770358
1.7125155
1.6431869
1.6415487
1.6663401
1.6192554
1.6180621
1.6342436
1.6054556
1.6046927
1.6137521
1.5943616
1.5939973
1.6017799
1.5848623
1.5851523
1.5910236
1.4824741
1.4830855
1.5152697
1.465588
1.4657957
1.4769354
1.4668238
1.4667682
1.4645835
1.4749399
1.474646
1.4685468
1.4871303
1.4865697
1.4771336
1.5086663
1.5078778
1.4906463
1.552677
1.5514762
1.5161256
1.6308225
1.6281874
1.5679027
1.5830875
1.5729489
1.6456533
1.8240413
1.7839189
1.4957528
1.1727882
1.1617619
2.3905453
1.7303425
1.7221082
1.3458113
1.7746358
1.7695996
1.7568167
1.7248854
1.7216476
1.759912
1.6762687
1.6739754
1.7086313
1.6410022
1.63936
1.663579
1.6176642
1.6164674
1.6322483
1.6044363
1.6036604
1.6123019
1.5938735
1.5934944
1.6009112
1.5851901
1.5854804
1.5906829
1.4832908
1.48392
1.5170859
1.4658665
1.4661037
1.4775557
1.4667555
1.466711
1.464804
1.474551
1.4742645
1.4684054
1.4863826
1.485821
1.4766607
1.5076141
1.5068206
1.489819
1.5510745
1.5498633
1.5149566
1.6273031
1.6246354
1.5660557
1.5695775
1.5594897
1.640814
1.771144
1.7345418
1.478486
1.1581343
1.1473939
2.3891891
1.7193873
1.7112818
1.3321883
1.7679294
1.7629558
1.7473837
1.7205763
1.7173872
1.7539294
1.6732126
1.6709246
1.7047691
1.6388115
1.6371623
1.6608253
1.6160672
1.6148605
1.6302404
1.6033998
1.6026109
1.6108369
1.5933655
1.592971
1.6000208
1.585521
1.5858051
1.5903289
1.4841324
1.4847817
1.5188912
1.4661879
1.4664531
1.4782248
1.4666258
1.4666062
1.4650727
1.4741727
1.4738894
1.4682025
1.4856338
1.4850722
1.4761906
1.5065551
1.5057569
1.4889922
1.5494589
1.548239
1.5137821
1.6237406
1.6210416
1.5641839
1.5561373
1.5461102
1.6359293
1.7228712
1.6894043
1.4615608
1.1438583
1.1333873
2.3898445
1.7085976
1.7006074
1.3188051
1.7613064
1.7563787
1.7380647
1.7163323
1.713161
1.7479934
1.6701609
1.6678678
1.7008955
1.6366109
1.6349535
1.6580663
1.6144559
1.6132339
1.6282155
1.6023454
1.6015403
1.6093487
1.5928367
1.5924259
1.5991058
1.5858455
1.5861148
1.5899593
1.4850007
1.4856693
1.5206897
1.4665454
1.4668339
1.4789349
1.4665961
1.4665923
1.4653703
1.4738002
1.4735142
1.4680822
1.4848853
1.4843243
1.4757211
1.5054896
1.5046865
1.4881664
1.5478326
1.5466042
1.5126062
1.6201364
1.6174065
1.5622897
1.5427798
1.5328238
1.6310038
1.67872
1.6480611
1.4450011
1.1299393
1.1197241
2.3923116
1.6979604
1.6900564
1.3056504
1.7547417
1.7498761
1.7288386
1.7120975
1.7089045
1.7420709
1.667103
1.6648119
1.6969934
1.6343994
1.6327355
1.6553051
1.6128236
1.6115851
1.6261733
1.6012687
1.6004435
1.6078337
1.5922859
1.5918578
1.5981618
1.5861521
1.5863994
1.5895709
1.485895
1.4865855
1.5224827
1.466933
1.4672384
1.4796818
1.4665936
1.4665996
1.4656881
1.4733199
1.4730287
1.4679926
1.484138
1.4835783
1.4751348
1.5044171
1.5036086
1.4873421
1.5461952
1.5449548
1.5114203
1.6164906
1.6137305
1.5603738
1.5295174
1.5196389
1.6260415
1.6382625
1.6101378
1.4288327
1.1163588
1.1063857
2.3964021
1.687435
1.6796205
1.2927124
1.7482633
1.7434444
1.7197026
1.7078347
1.7046516
1.7362396
1.6640505
1.6617749
1.6930846
1.6321798
1.6305119
1.6525537
1.6111696
1.6099169
1.6241162
1.6001645
1.599317
1.6062943
1.5917119
1.5912661
1.5971862
1.5864316
1.5866526
1.589161
1.4868196
1.4875381
1.5242707
1.4673419
1.4676573
1.4804629
1.4666031
1.4666154
1.4660195
1.4729364
1.4726611
1.4679076
1.4833871
1.482656
1.4746596
1.5033359
1.5025208
1.486338
1.5445415
1.5432871
1.5102186
1.6128043
1.6100147
1.5584364
1.5163603
1.506568
1.6210454
1.6011399
1.5753184
1.4130733
1.103102
1.0933756
2.4019455
1.6770252
1.669272
1.2800129
1.7418432
1.7370775
1.7106228
1.7035897
1.7004067
1.7304763
1.661019
1.6587587
1.6891946
1.6299551
1.6282831
1.649815
1.6094972
1.6082339
1.6220459
1.5990305
1.5981613
1.6047365
1.5911142
1.5906503
1.5961793
1.5866787
1.5868729
1.5887273
1.4877821
1.488531
1.526064
1.4677631
1.4680845
1.4812729
1.4666208
1.4666387
1.4663617
1.4725689
1.4722908
1.4678252
1.4824672
1.4819165
1.4741948
1.5022474
1.5010966
1.4854961
1.5428699
1.5416069
1.508657
1.6090788
1.6062627
1.5564792
1.503319
1.49362
1.6160193
1.5670487
1.5433282
1.3977378
1.0901731
1.0806901
2.408806
1.6667029
1.6590319
1.2675549
1.7354922
1.7307604
1.7016024
1.6993452
1.6961643
1.7247527
1.658007
1.6557574
1.685305
1.6277245
1.6260454
1.6470901
1.6078112
1.6065402
1.6199635
1.5978681
1.5969804
1.6031665
1.5904923
1.59001
1.5951442
1.586893
1.587062
1.5882678
1.4887844
1.4895588
1.5278746
1.4681924
1.4685196
1.4821011
1.466646
1.4666693
1.4667158
1.4721976
1.4719169
1.4677441
1.4817341
1.4811875
1.4737298
1.5008204
1.4999971
1.4846798
1.5411639
1.5393643
1.5074272
1.6053175
1.6020403
1.5539347
1.4904034
1.4808049
1.6109621
1.5357197
1.5139157
1.3828436
1.0775688
1.068324
2.4168965
1.6564896
1.6488919
1.255345
1.7291897
1.724496
1.6926527
1.6951047
1.69193
1.719067
1.655009
1.6527693
1.6814245
1.6254839
1.6237957
1.6443809
1.6061153
1.604838
1.6178691
1.5966818
1.5957802
1.601589
1.5898459
1.5893451
1.5940858
1.5870768
1.5872231
1.5877816
1.489819
1.490608
1.5297185
1.4686299
1.4689657
1.4829341
1.4666784
1.4667065
1.4670847
1.4718232
1.4715414
1.4676645
1.4810056
1.4804595
1.4732656
1.4997218
1.4988912
1.4838616
1.5389425
1.5376736
1.5062071
1.6010826
1.5982433
1.5519632
1.4776307
1.4703005
1.605722
1.5069199
1.4927619
1.3697407
1.0652841
1.0550486
2.4180189
1.6463719
1.6388446
1.2408663
1.7229376
1.7182796
1.6837663
1.6908737
1.6877123
1.7134248
1.6520251
1.6498005
1.6775671
1.6232314
1.6215363
1.6416904
1.6044112
1.6031282
1.6157637
1.5954777
1.5945664
1.6000062
1.5891751
1.5886568
1.5930094
1.5872332
1.587359
1.5872687
1.4908713
1.4916644
1.5316067
1.4690796
1.4694268
1.48376
1.466717
1.4667487
1.4674699
1.4714475
1.4711654
1.4675859
1.4802773
1.4797299
1.4728022
1.4986132
1.4977747
1.4830391
1.5372488
1.5359672
1.5049753
1.5972949
1.5944396
1.5499777
1.4671602
1.457781
1.6006613
1.4862544
1.4676335
1.3558171
1.0520888
1.0433381
2.4268499
1.6363463
1.628885
1.2292062
1.7167329
1.7121072
1.6749495
1.6866617
1.6835205
1.7078289
1.6490617
1.6468569
1.6737471
1.6209703
1.6192708
1.6390247
1.6026996
1.6014108
1.6136502
1.5942612
1.5933429
1.5984181
1.5884811
1.5879471
1.5919191
1.587365
1.5874717
1.5867309
1.491928
1.4927181
1.5335439
1.4695445
1.4699033
1.484571
1.4667601
1.4667933
1.4678692
1.4710714
1.4707892
1.4675074
1.4795469
1.4789964
1.4723385
1.4974937
1.4966466
1.4822101
1.5355382
1.5342436
1.503731
1.5934847
1.5906105
1.5479724
1.4546715
1.4454085
1.5955827
1.4616688
1.4444687
1.3423455
1.0404608
1.0319308
2.4368073
1.62641
1.6190137
1.2177831
1.7105702
1.7059751
1.6662024
1.6824776
1.6793604
1.7022805
1.6461273
1.6439541
1.6699671
1.6187031
1.6169953
1.6363773
1.6009802
1.5996857
1.6115291
1.5930357
1.5921113
1.5968234
1.5877666
1.5872194
1.5908179
1.5874736
1.5875612
1.5861712
1.4929802
1.4937646
1.5355235
1.4700244
1.470392
1.4853711
1.4668048
1.4668374
1.4682773
1.4706951
1.4704124
1.4674275
1.4788122
1.4782568
1.4718729
1.4963628
1.4955075
1.4813732
1.5338097
1.5325022
1.5024744
1.5896496
1.5867577
1.5459469
1.4423378
1.4331957
1.5904863
1.438958
1.423078
1.3293231
1.0291223
1.0208004
2.447858
1.616562
1.6092392
1.2065895
1.7044485
1.6998834
1.6575203
1.6783244
1.6752242
1.69677
1.6432324
1.6410748
1.6662165
1.616424
1.6147062
1.6336941
1.5992533
1.597954
1.6094036
1.591802
1.5908709
1.5952213
1.587035
1.5864775
1.5897063
1.5875588
1.5876263
1.5855933
1.4940245
1.4948012
1.5375383
1.4705156
1.4708886
1.4861686
1.4668482
1.4668784
1.4686885
1.470318
1.4700347
1.4673453
1.4780706
1.4775095
1.4714047
1.4952207
1.4943572
1.4805273
1.532064
1.5307435
1.5012063
1.5857909
1.5828832
1.5439026
1.4301649
1.4211413
1.5853747
1.4179963
1.4033689
1.3167648
1.0180622
1.0099568
2.4598938
1.6068093
1.5995629
1.1956229
1.698366
1.6938276
1.6489081
1.6741922
1.6711019
1.6912895
1.640356
1.6382036
1.6624893
1.6141328
1.6124124
1.6309499
1.5975202
1.5962176
1.6072793
1.5905592
1.5896198
1.5936115
1.5862902
1.5857253
1.5885837
1.5876189
1.5876648
1.5850017
1.4950589
1.4958285
1.539577
1.4710134
1.4713892
1.4869666
1.4668882
1.4669152
1.4690982
1.4699401
1.4696562
1.4672606
1.4773214
1.4767543
1.4709336
1.4940682
1.4931977
1.4796722
1.5303017
1.5289709
1.4999292
1.5819114
1.5789891
1.5418416
1.4181537
1.4092518
1.5802482
1.3986932
1.385248
1.3046835
1.0072921
0.99939935
2.4728577
1.5971609
1.5899968
1.1848848
1.692319
1.6878082
1.6403784
1.6700735
1.6669943
1.6858419
1.6374856
1.6353019
1.6587969
1.6118391
1.6101193
1.6281549
1.595783
1.594478
1.6051571
1.589305
1.5883557
1.5919945
1.585536
1.5849658
1.5874483
1.5876518
1.5876744
1.5844007
1.4960844
1.4968494
1.5416348
1.4715147
1.4718914
1.4877687
1.4669238
1.4669478
1.4695045
1.4695615
1.4692775
1.4671743
1.4765643
1.4759915
1.4704603
1.4929068
1.4920308
1.4788085
1.5285259
1.5271859
1.4986451
1.5780125
1.5750762
1.5397652
1.4063052
1.3975274
1.5751102
1.3809546
1.3686187
1.2930812
0.9968024
0.98910275
2.4866797
1.5876241
1.5805509
1.1743614
1.6863096
1.6818303
1.631945
1.6659702
1.6629164
1.6804327
1.6345688
1.6323629
1.6551334
1.6095462
1.6078262
1.6253076
1.5940426
1.5927354
1.6030348
1.5880374
1.5870773
1.5903712
1.5847737
1.5841959
1.5862991
1.5876551
1.587654
1.5837948
1.4971026
1.4978649
1.5437071
1.4720172
1.4723948
1.4885759
1.4669553
1.466977
1.4699068
1.4691829
1.4688994
1.4670877
1.4757997
1.4752216
1.4699853
1.491738
1.4908575
1.477937
1.5267382
1.5253896
1.4973557
1.5740951
1.5711455
1.5376751
1.3946269
1.3859803
1.5699612
1.3646831
1.3533829
1.2819635
0.98656701
0.97904361
2.5013435
1.5782092
1.5712297
1.1640344
1.6803426
1.6758955
1.6236144
1.6619026
1.6588726
1.6750636
1.6316223
1.6293982
1.6515152
1.6072524
1.6055291
1.6224646
1.5922992
1.5909895
1.6009076
1.5867554
1.5857851
1.5887427
1.5840014
1.583418
1.5851361
1.5876283
1.587604
1.5831883
1.4981196
1.4988844
1.5457916
1.4725205
1.4728984
1.4893952
1.4669838
1.467004
1.4703046
1.4688049
1.4685219
1.4670017
1.475028
1.4744449
1.469509
1.4905633
1.4896787
1.4770581
1.5249392
1.5235825
1.4960611
1.57016
1.5671952
1.5355702
1.3831184
1.3746016
1.5647993
1.3497797
1.3394403
1.2713365
0.97656394
0.96920895
2.5168089
1.5689195
1.5620351
1.1538923
1.6744183
1.6700011
1.6153891
1.6578688
1.6548676
1.6697342
1.6286571
1.6264373
1.6479124
1.604954
1.6032266
1.6196389
1.5905525
1.5892403
1.5987716
1.5854602
1.5844816
1.5871107
1.5832225
1.5826382
1.583961
1.5875722
1.5875269
1.5825852
1.4991402
1.499908
1.5478855
1.4730244
1.4734025
1.4902262
1.4670105
1.4670298
1.4706987
1.4684275
1.4681443
1.466917
1.4742498
1.4736623
1.469031
1.4893831
1.4884952
1.4761732
1.5231289
1.5217642
1.4947624
1.5662044
1.5632272
1.5334507
1.3717874
1.3634023
1.5596292
1.3361469
1.326716
1.2612022
0.96678456
0.95958718
2.5330341
1.5597567
1.5529676
1.1439155
1.6685333
1.6641433
1.6072703
1.6538696
1.6508832
1.6644399
1.6256983
1.6234852
1.644312
1.6026502
1.6009202
1.6168296
1.5888024
1.5874878
1.5966261
1.5841544
1.5831701
1.5854768
1.5824432
1.5818616
1.5827768
1.5874899
1.5874268
1.5819885
1.5001652
1.5009379
1.549986
1.4735284
1.4739068
1.4910686
1.4670361
1.4670551
1.4710896
1.4680497
1.4677655
1.4668336
1.4734658
1.4728745
1.4685505
1.4881987
1.4873075
1.4752832
1.5213079
1.5199342
1.4934591
1.5622321
1.5592413
1.5313164
1.3606323
1.3523806
1.5544527
1.3237193
1.315159
1.2515646
0.9572141
0.95017133
2.5499403
1.5507212
1.5440301
1.1341157
1.6626844
1.6583225
1.5992612
1.6498894
1.646917
1.6591794
1.6227486
1.6205416
1.6407166
1.6003433
1.5986133
1.614038
1.5870492
1.5857324
1.5944731
1.5828414
1.5818538
1.5838418
1.5816681
1.5810915
1.5815872
1.5873854
1.5873076
1.5813993
1.5011966
1.5019749
1.5520937
1.4740327
1.474411
1.4919216
1.4670613
1.4670803
1.4714775
1.4676704
1.4673844
1.4667507
1.4726767
1.4720823
1.4680669
1.4870099
1.4861161
1.4743895
1.519475
1.5180933
1.4921515
1.5582416
1.5552371
1.5291675
1.3496551
1.3415426
1.549261
1.3124462
1.3047243
1.2424375
0.94784964
0.94096679
2.5674102
1.5418168
1.5352279
1.1244964
1.6568734
1.652542
1.5913636
1.6459288
1.6429742
1.6539532
1.6198066
1.6176033
1.6371251
1.598037
1.5963106
1.6112674
1.5852932
1.5839745
1.5923167
1.5815244
1.580535
1.5822059
1.5809
1.5803288
1.580395
1.5872628
1.5871728
1.5808169
1.5022358
1.5030198
1.5542017
1.474537
1.4749151
1.4927847
1.4670865
1.4671056
1.4718632
1.4672886
1.4670001
1.4666675
1.4718839
1.4712876
1.4675801
1.4858178
1.4849219
1.4734938
1.5176317
1.5162423
1.4908404
1.5542334
1.5512154
1.5270061
1.338862
1.3308829
1.5440631
1.302287
1.2953786
1.2338241
0.93870039
0.93198499
2.5854121
1.5330499
1.5265711
1.1150882
1.6511032
1.6468019
1.5835758
1.6419889
1.6390435
1.648762
1.6168699
1.6146752
1.6334976
1.5957361
1.5940168
1.608524
1.5835346
1.5822145
1.5901621
1.5802052
1.579215
1.580569
1.5801389
1.5795721
1.5792019
1.5871254
1.5870247
1.5802386
1.5032828
1.5040735
1.5563112
1.4750411
1.4754193
1.4936571
1.4671119
1.4671309
1.4722473
1.4669034
1.4666121
1.466583
1.4710886
1.4704912
1.4670901
1.4846231
1.483726
1.4725976
1.5157784
1.5143823
1.4895261
1.5502085
1.5471783
1.524833
1.328247
1.320407
1.5388612
1.2932076
1.2870817
1.2257347
0.92977383
0.92321985
2.6039631
1.5244304
1.5180612
1.1058833
1.6453742
1.6411084
1.5759023
1.6380596
1.6351021
1.6436145
1.6139464
1.6117682
1.6298507
1.5934453
1.5917357
1.6058125
1.5817743
1.5804535
1.588014
1.578885
1.5778943
1.5789309
1.5793834
1.5788188
1.5780081
1.5869749
1.5868644
1.5796613
1.5043384
1.5051369
1.5584198
1.4755454
1.4759241
1.4945382
1.4671371
1.4671555
1.4726307
1.4665146
1.4662204
1.4664961
1.4702921
1.4696949
1.4665973
1.4834269
1.4825292
1.4717024
1.5139157
1.5125135
1.4882096
1.5461676
1.5431311
1.522649
1.3178164
1.3101129
1.5336545
1.2851668
1.2797918
1.2181798
0.92106074
0.91465774
2.6230316
1.5159557
1.5096885
1.0968788
1.6396907
1.6354621
1.5683458
1.6341147
1.631144
1.6385084
1.6110456
1.6088869
1.6261905
1.5911676
1.5894684
1.6031323
1.5800133
1.5786929
1.5858754
1.5775641
1.5765732
1.5772919
1.5786304
1.5780659
1.576811
1.5868128
1.5866935
1.5790818
1.5054049
1.5062113
1.5605281
1.4760504
1.4764295
1.4954289
1.4671614
1.4671782
1.4730132
1.4661219
1.465825
1.4664057
1.469496
1.4688994
1.4661022
1.48223
1.481332
1.4708089
1.5120451
1.5106375
1.4868909
1.5421193
1.5390782
1.5204561
1.307568
1.3000033
1.5284495
1.2781192
1.2734461
1.2111623
0.9125478
0.9062909
2.6426198
1.5076161
1.5014479
1.0880647
1.6340577
1.6298669
1.5609056
1.6301516
1.6271806
1.6334387
1.6081708
1.6060314
1.6225533
1.5889037
1.5872137
1.6004788
1.578253
1.5769344
1.5837475
1.576243
1.5752524
1.5756531
1.5778772
1.5773112
1.5756104
1.5866404
1.5865142
1.5784964
1.5064822
1.5072983
1.5626381
1.4765558
1.4769349
1.4963286
1.4671832
1.4671967
1.4733936
1.4657257
1.4654259
1.4663105
1.4687007
1.4681046
1.4656045
1.4810326
1.4801343
1.4699171
1.5101674
1.5087538
1.4855703
1.5380642
1.5350177
1.5182541
1.2975047
1.2900823
1.5232467
1.2719998
1.267981
1.2046703
0.90422935
0.89811197
2.6627675
1.4994088
1.4933408
1.0794222
1.6284756
1.6243153
1.5535796
1.6261938
1.6232433
1.6284012
1.6053215
1.6031995
1.6189405
1.5866518
1.5849691
1.5978467
1.5764953
1.5751797
1.5816297
1.5749225
1.573933
1.574016
1.5771219
1.5765538
1.5744084
1.5864606
1.5863303
1.5779043
1.5075719
1.5083955
1.5647512
1.4770607
1.4774376
1.4972375
1.4672003
1.4672086
1.4737688
1.4653255
1.4650227
1.466209
1.467906
1.4673102
1.4651038
1.4798347
1.4789356
1.4690264
1.5082817
1.5068628
1.4842469
1.5340011
1.5309496
1.5160435
1.2876304
1.280345
1.5180503
1.2667442
1.2633278
1.1986929
0.89609653
0.89011414
2.6835415
1.491335
1.4853676
1.0709582
1.6229327
1.6187931
1.5463612
1.6222634
1.6193329
1.6233804
1.6024949
1.6003877
1.6153481
1.5844092
1.5827315
1.5952312
1.5747419
1.5734305
1.5795206
1.5736036
1.5726161
1.5723821
1.576364
1.5757942
1.5732084
1.586277
1.586146
1.5773062
1.508672
1.5095028
1.5668673
1.4775625
1.4779343
1.4981547
1.4672103
1.4672121
1.4741346
1.4649213
1.4646154
1.4661003
1.4671115
1.4665152
1.4645997
1.4786356
1.4777349
1.468136
1.506389
1.5049653
1.4829202
1.5299324
1.5268786
1.5138278
1.27794
1.2707984
1.5128618
1.2622829
1.2594276
1.1932277
0.88814231
0.88229141
2.70498
1.4833943
1.4775216
1.0626525
1.6174163
1.6132955
1.539239
1.6183594
1.6154474
1.6183796
1.5996875
1.5975922
1.6117745
1.582173
1.5804982
1.5926283
1.5729942
1.5716874
1.577418
1.5722875
1.5713028
1.5707522
1.575604
1.5750335
1.5720149
1.5860943
1.5859664
1.5767034
1.5097816
1.5106201
1.5689869
1.478057
1.4784208
1.4990799
1.4672115
1.4672062
1.4744872
1.4645129
1.464204
1.4659843
1.4663162
1.4657189
1.4640918
1.4774343
1.4765319
1.4672449
1.5044901
1.5030601
1.4815899
1.5258606
1.5228057
1.5115978
1.2684433
1.2614418
1.5076787
1.2585674
1.2562763
1.1882761
0.88036279
0.87464227
2.7270567
1.4755786
1.4697931
1.0545094
1.6119258
1.6078283
1.5321963
1.6144796
1.611584
1.6133999
1.5968954
1.5948095
1.6082173
1.5799403
1.5782664
1.590035
1.5712527
1.5699507
1.5753193
1.5709752
1.5699936
1.5691267
1.5748433
1.5742734
1.5708283
1.5859173
1.585796
1.5760996
1.5109013
1.5117479
1.5711131
1.4785403
1.4788936
1.5000137
1.4672033
1.4671913
1.4748239
1.4641006
1.4637889
1.4658618
1.4655197
1.464921
1.4635802
1.4762308
1.4753259
1.4663526
1.5025832
1.5011475
1.4802556
1.5217874
1.5187311
1.5093617
1.2591302
1.2522679
1.5025042
1.255609
1.2539258
1.1838375
0.87275678
0.86716297
2.7496346
1.4678776
1.4621684
1.0465209
1.6064661
1.6023892
1.5252139
1.6106214
1.6077412
1.6084431
1.5941154
1.5920368
1.6046736
1.5777085
1.5760344
1.5874485
1.5695174
1.5682196
1.5732223
1.569667
1.5686885
1.5675054
1.5740837
1.573516
1.5696481
1.5857506
1.5856387
1.575498
1.5120319
1.5128877
1.5732484
1.4790094
1.4793505
1.5009536
1.4671863
1.4671687
1.4751441
1.4636846
1.4633706
1.4657341
1.4647213
1.4641216
1.4630654
1.475024
1.474117
1.4654589
1.5006671
1.4992257
1.4789172
1.5177123
1.5146546
1.5071192
1.2500026
1.2432809
1.4973356
1.2534718
1.2524473
1.1799103
0.86532006
0.85985698
2.7725208
1.460277
1.4546431
1.0386876
1.6010337
1.5969795
1.5182922
1.6067838
1.6039198
1.6035109
1.5913449
1.589272
1.6011414
1.5754763
1.5738016
1.5848662
1.5677877
1.5664937
1.5711259
1.568363
1.5673878
1.5658885
1.5733273
1.5727632
1.5684743
1.5855977
1.5854972
1.5749013
1.5131737
1.5140375
1.5753935
1.4794621
1.4797909
1.5018945
1.4671621
1.4671404
1.4754491
1.4632657
1.4629499
1.4656026
1.4639216
1.4633211
1.4625483
1.4738145
1.4729058
1.4645641
1.4987447
1.4972995
1.4775757
1.513635
1.5105757
1.5048712
1.2410614
1.2344765
1.4921744
1.2522135
1.2518367
1.176489
0.85805861
0.85273346
2.7954049
1.4527776
1.4472204
1.0310154
1.5956324
1.5916048
1.5114222
1.602968
1.6001218
1.5986055
1.5885818
1.5865137
1.5976222
1.5732434
1.571569
1.582286
1.566063
1.5647728
1.5690302
1.5670635
1.566092
1.5642765
1.572576
1.5720167
1.5673068
1.5854611
1.5853732
1.5743117
1.5143263
1.5151944
1.5775544
1.4798984
1.4802157
1.5028322
1.4671327
1.467108
1.475741
1.4628444
1.4625271
1.4654686
1.4631209
1.4625201
1.4620293
1.4726027
1.4716926
1.4636689
1.4968175
1.4953693
1.4762314
1.5095559
1.5064959
1.502618
1.2323025
1.2258537
1.4870175
1.2518153
1.2520616
1.1735762
0.85098113
0.84579137
2.8181705
1.4453799
1.4398904
1.0234953
1.590267
1.5862683
1.5045978
1.5991763
1.5963498
1.5937314
1.585825
1.5837608
1.5941197
1.5710113
1.5693391
1.5797063
1.5643434
1.5630572
1.5669369
1.565769
1.5648021
1.5626705
1.5718313
1.5712779
1.5661462
1.5853423
1.5852675
1.5737308
1.5154843
1.516354
1.5797315
1.4803197
1.4806269
1.5037633
1.4670996
1.4670726
1.476023
1.4624212
1.4621024
1.4653323
1.4623199
1.4617191
1.4615091
1.4713891
1.4704774
1.4627734
1.4948859
1.4934341
1.4748854
1.5054757
1.5024153
1.5003593
1.2237252
1.2174141
1.4818706
1.2522429
1.2530014
1.1711503
0.84408276
0.83901185
2.840905
1.4380699
1.4326355
1.0161242
1.5849405
1.5809718
1.4978182
1.5954111
1.5926056
1.5888917
1.5830733
1.581012
1.5906384
1.5687825
1.5671146
1.5771261
1.5626293
1.5613475
1.564848
1.5644808
1.5635194
1.5610717
1.5710945
1.5705471
1.5649927
1.585242
1.5851823
1.5731589
1.5166436
1.517498
1.5818995
1.4807282
1.4810218
1.5046753
1.4670633
1.4670335
1.4762934
1.4619959
1.4616788
1.4651942
1.4615189
1.4609254
1.4609923
1.470173
1.4692694
1.4618857
1.4929493
1.4915063
1.4735474
1.5013961
1.498366
1.4981111
1.2153362
1.2091976
1.4767781
1.2531483
1.2530994
1.1687687
0.8373145
0.83219465
2.8651267
1.4308324
1.4254653
1.0086963
1.5796541
1.5757368
1.4911043
1.5916738
1.5889087
1.5841092
1.5803254
1.5782837
1.5872007
1.5665597
1.564913
1.574562
1.5609211
1.559656
1.5627802
1.5632
1.5622545
1.5594924
1.5703656
1.5698304
1.5638544
1.5851636
1.5851206
1.5725969
1.7002217
1.7121967
1.6745976
1.9405258
1.8613124
1.8484214
1.7089909
1.7400195
1.7675166
2.1395011
2.3136029
2.0516715
1.7363658
1.8090374
1.7488945
1.9293805
1.8722011
1.777297
1.7822655
1.8489359
1.87205
1.8477352
1.9352831
1.9532301
2.1266466
2.1343765
2.1367519
2.1199528
2.1118052
2.1191223
2.0979894
2.1047593
2.1131929
2.0947287
2.0853092
2.0915483
2.0733981
2.0792876
2.0890545
2.076119
2.06222
2.0677427
2.0518109
2.0568936
2.0721566
2.0604723
2.042339
2.0468853
2.0340219
2.0379793
2.0570817
2.0486255
2.026975
2.0303267
2.0210463
2.0238929
2.0463132
1.8821191
1.8856935
1.8865347
2.6583622
2.7269025
1.7766439
1.6332458
1.6484222
1.6296838
1.7023568
1.6714754
1.650922
1.773478
1.7562197
1.7973487
2.0402984
2.0160312
2.0182961
2.0123616
2.0138697
2.0388951
1.7245427
1.8959968
1.896583
2.0351901
2.0098393
2.0108311
2.0081438
2.0087296
2.0344362
1.7333793
1.8999948
1.9009975
2.0332725
2.0072028
2.0073673
2.0069859
2.0067309
2.0332172
1.7447882
1.9052295
1.9065545
1.7427177
1.7927238
1.7854137
1.6716458
1.6580818
1.6421892
1.6984111
1.6766573
1.6950247
1.6460721
1.6605617
1.6767474
1.7386832
1.7668768
1.7549475
1.7927415
1.78018
1.7477838
1.9077716
1.8284459
1.8435254
1.776474
1.81291
1.8034258
1.8305692
1.8216576
1.7849389
1.9611887
1.8738474
1.8833983
1.8682736
1.8003318
1.7960576
1.8078793
1.8042765
1.8730828
1.7061333
1.7492401
1.7525167
1.8840451
1.8139862
1.8111429
1.8191576
1.8166954
1.8866584
1.7156781
1.7607784
1.7631777
1.8941728
1.824053
1.821749
1.8278982
1.8262445
1.8960853
1.7228325
1.7694316
1.7710703
1.898688
1.8303667
1.8293355
1.8318271
1.8312242
1.8987985
1.7274356
1.7745497
1.7752849
1.8973793
1.8325892
1.8320353
1.8321815
1.8327438
1.8969673
1.7298401
1.7767944
1.7766079
1.8909985
1.8312941
1.8317549
1.8301864
1.8307136
1.8891035
1.7300357
1.7760672
1.7758025
1.884329
1.8289475
1.829618
1.8272142
1.8281419
1.8825761
1.7301486
1.7749364
1.7745541
1.8768312
1.8251098
1.8261919
1.8230616
1.8240829
1.8748963
1.7290043
1.7730106
1.7724127
2.0346376
2.00732
2.0068321
2.0078528
2.0074407
2.0351924
1.7577742
1.9116923
1.9128853
2.2664706
2.1834472
10.6828
1.8847764
1.877669
1.8768739
1.7449427
2.5291352
2.591467
2.4196125
2.4720385
1.7351805
15.908327
6.8948074
6.62419
1.915898
1.8633015
1.8656683
2.0771667
2.1273429
2.2838935
2.1679341
2.2302622
2.3401081
1.908069
1.8946776
1.8465274
1.6953877
1.7157243
1.7014284
1.7402307
1.7277606
1.7075415
1.8233804
1.7589734
1.778091
1.8441586
1.7808921
1.7749451
1.7914364
1.7863519
1.8510256
1.6933028
1.7336382
1.7379436
1.8064292
1.8465181
1.838832
1.8599576
1.8535618
1.8125165
1.9951467
1.9057725
1.9123413
1.8295165
1.8717356
1.8660626
1.8816513
1.8769025
1.8349174
2.014829
1.9305796
1.9358973
1.8697151
1.8211863
1.8221585
1.8193688
1.8203205
1.868062
1.7272189
1.7708083
1.7702231
1.8634269
1.8177559
1.8186008
1.8164554
1.8171576
1.8623137
1.725341
1.7689621
1.7685482
1.8596742
1.8154725
1.8159922
1.8147732
1.8151535
1.8593139
1.7236685
1.7676607
1.7673849
2.0370877
2.0083108
2.0081535
1.9969712
2.0080857
2.0374069
1.7653716
1.9163509
1.8991256
1.9530952
1.9084925
2.0081406
1.8114285
1.7544984
1.7468696
1.7685754
1.7617304
1.8202919
1.6768143
1.713586
1.7190265
1.8495844
1.8900129
1.8860106
1.8970362
1.8936764
1.853967
2.024483
1.9485951
1.9515121
1.8589895
1.8149434
1.8146546
1.8222468
1.8219996
1.8629709
1.7299674
1.7750209
1.7754084
1.5075228
1.5081538
1.5103708
1.5126941
1.5141525
1.5123152
1.5083063
1.5092335
1.5123233
1.5043983
1.5048166
1.5059152
1.4998572
1.5001214
1.5005256
1.4962019
1.4963716
1.4968076
1.4930219
1.4931054
1.493519
1.4902368
1.4902356
1.4906807
1.4877263
1.4876438
1.4881787
1.4853866
1.4851971
1.4857895
1.4831993
1.4829148
1.4834854
1.4812908
1.480886
1.4814196
1.4797453
1.4792302
1.4795782
1.478879
1.4782785
1.4785221
1.4787029
1.4780711
1.4781785
1.4791268
1.4785406
1.4783272
1.4805061
1.4800039
1.4794655
1.4826426
1.4822681
1.481679
1.4856168
1.4854238
1.4847008
1.4892564
1.4892722
1.4883073
1.4936402
1.4938407
1.4925257
1.4983464
1.4988077
1.4970116
1.5047429
1.5053255
1.5028309
1.5138284
1.5156973
1.5142301
1.5096505
1.5108386
1.5145842
1.5060873
1.5065618
1.5080307
1.5009407
1.5012168
1.5018502
1.4969351
1.4971427
1.4977517
1.4934687
1.4936134
1.4942312
1.4903713
1.4904647
1.4910977
1.4875449
1.4875641
1.4882148
1.4848292
1.4847569
1.4854468
1.4822196
1.4820356
1.4827469
1.4798109
1.4795026
1.480211
1.4777786
1.477337
1.4778984
1.4765397
1.4760025
1.4765121
1.4762501
1.4756812
1.4759708
1.476803
1.4762519
1.4760215
1.4785296
1.4780663
1.4773876
1.4812442
1.480953
1.4800305
1.4849875
1.4848953
1.4835
1.4894857
1.4895586
1.4877526
1.4946446
1.4949107
1.4924969
1.5002277
1.5007109
1.4978021
1.5071743
1.5077601
1.5037416
1.5155473
1.5179676
1.5173847
1.5113986
1.5127486
1.5170177
1.5079628
1.5084539
1.5097832
1.5021882
1.5025325
1.5034378
1.4979098
1.4981868
1.4989705
1.4941908
1.4944242
1.4951091
1.4908834
1.491076
1.4917096
1.4877908
1.4879275
1.4885558
1.4847358
1.4847935
1.4854759
1.4816728
1.4816247
1.4823304
1.4787449
1.4785598
1.4792723
1.4761763
1.4758552
1.4765188
1.4745808
1.4741642
1.4747913
1.4741536
1.4737213
1.4739842
1.4748216
1.4744119
1.4741139
1.4768422
1.4765097
1.4757695
1.4802405
1.4800852
1.4790187
1.4847964
1.4848353
1.4831784
1.4899707
1.4901893
1.4881131
1.4957779
1.4961518
1.4935843
1.5021501
1.5026937
1.4996959
1.5097374
1.5103261
1.5060336
1.5180332
1.5207101
1.5208171
1.5134792
1.5149685
1.5198702
1.5096689
1.5101253
1.5114203
1.5035909
1.5039551
1.5049659
1.4990999
1.4994366
1.5003019
1.4952455
1.4955654
1.4962933
1.4918152
1.4921144
1.4927557
1.4885435
1.4888072
1.489438
1.4851927
1.4854027
1.4860328
1.481696
1.4818104
1.4824801
1.4782418
1.4782397
1.4789346
1.4751538
1.4750189
1.4757032
1.47321
1.4729604
1.4735425
1.4726712
1.472397
1.4723247
1.4734637
1.4732105
1.4726255
1.4757824
1.4756521
1.4747769
1.4798689
1.4799148
1.4787181
1.4852109
1.4854504
1.4837704
1.4910827
1.4914817
1.4893865
1.4975724
1.4981477
1.4956342
1.5045866
1.5053108
1.5024301
1.5123632
1.5131005
1.5094942
1.521242
1.524457
1.5247167
1.5157623
1.5172964
1.5227136
1.5112497
1.5117052
1.5132266
1.505066
1.5054339
1.506623
1.500542
1.5009207
1.5019048
1.4966706
1.497071
1.4978823
1.4932314
1.4936566
1.4943457
1.4898531
1.4902785
1.4909688
1.4862796
1.4866913
1.4873992
1.4824739
1.4828357
1.4835637
1.4786012
1.4788765
1.4795385
1.4750362
1.4751796
1.4757952
1.4727414
1.472745
1.47313
1.4719512
1.4719113
1.4713118
1.4729155
1.4728856
1.4718242
1.4756715
1.475828
1.4746988
1.4804497
1.4807395
1.4793875
1.4865296
1.4869743
1.4852988
1.4930495
1.4936502
1.4916693
1.5002445
1.5010423
1.4987119
1.5077799
1.5087051
1.5061135
1.5156897
1.5166221
1.5137316
1.525533
1.5287017
1.5289492
1.518101
1.519587
1.525295
1.5128715
1.5133374
1.5151612
1.5065708
1.5069696
1.5084974
1.5021179
1.5025478
1.5038248
1.4983791
1.498867
1.4999178
1.4951098
1.4956668
1.4965518
1.4918383
1.4924229
1.4932962
1.4881497
1.4886954
1.4895866
1.484122
1.4846217
1.4854943
1.4799461
1.4803865
1.4810984
1.4760498
1.4764136
1.4769781
1.4734568
1.4737205
1.4738803
1.4722281
1.4723682
1.4712286
1.4732939
1.4734457
1.472057
1.4765093
1.4767991
1.475488
1.4817682
1.4821788
1.4806862
1.4884083
1.4889427
1.4872107
1.4955597
1.4962309
1.4943214
1.5035055
1.5043421
1.5021451
1.5117275
1.5127516
1.5104445
1.5197891
1.5209124
1.5185733
1.5302248
1.5336686
1.5334981
1.5203561
1.5217457
1.5276574
1.5145344
1.5150302
1.517206
1.5082028
1.5086284
1.5104361
1.5039378
1.504434
1.505959
1.5004864
1.5010773
1.502337
1.4975715
1.4982421
1.4993833
1.494261
1.4948994
1.4960038
1.4904455
1.4910985
1.4921123
1.4863013
1.4869454
1.4879038
1.4819415
1.4825704
1.4833313
1.4778645
1.4784474
1.4790001
1.4750542
1.475549
1.475549
1.4731948
1.4735138
1.472053
1.4744086
1.4747337
1.4729298
1.4779325
1.4784193
1.4769912
1.4836054
1.484175
1.4825551
1.4906738
1.491319
1.4895095
1.4983809
1.4991342
1.4972325
1.5069255
1.5078057
1.505691
1.5158482
1.5168885
1.5147414
1.5245461
1.5257467
1.5236768
1.5356624
1.5388268
1.5383371
1.5224218
1.5236723
1.5297301
1.5162098
1.5166753
1.5191549
1.5099297
1.5103822
1.5123699
1.506006
1.5065547
1.5081943
1.5030075
1.5037018
1.5051026
1.5003158
1.5010147
1.5022879
1.4969343
1.497646
1.4988341
1.4931735
1.4939536
1.495005
1.4891116
1.4899374
1.4908795
1.4847425
1.485616
1.4864008
1.480662
1.4815385
1.4820821
1.477723
1.4785105
1.4784047
1.4752201
1.4756958
1.4742561
1.4763688
1.4768961
1.4745843
1.480172
1.4809594
1.4795099
1.4860919
1.4868617
1.4851569
1.4934376
1.4942118
1.4923432
1.5015525
1.5024146
1.5004821
1.5105344
1.5114733
1.5093955
1.5200408
1.5211037
1.5190196
1.5294215
1.53066
1.5287126
1.5413556
1.5447116
1.543391
1.524253
1.5253424
1.5315852
1.5177659
1.5181997
1.5209409
1.511709
1.5121269
1.5141331
1.508249
1.5088228
1.5104331
1.5058798
1.506604
1.5080001
1.503146
1.5038738
1.5051613
1.4998683
1.5006896
1.5018057
1.496406
1.4972927
1.498341
1.4926576
1.4937051
1.4945417
1.4885866
1.4897826
1.4905358
1.4847796
1.48605
1.4865692
1.4818318
1.4830561
1.4829083
1.4777772
1.4787403
1.478802
1.479354
1.4802692
1.4772184
1.4835491
1.4846973
1.4833829
1.4893843
1.4904205
1.4887097
1.4968028
1.4977253
1.4958344
1.5051239
1.5060996
1.5041508
1.5143745
1.5153687
1.5133083
1.5243295
1.5254195
1.5233247
1.5344383
1.5356615
1.5338003
1.5473677
1.5503271
1.5485434
1.5257985
1.5266908
1.5330913
1.5191735
1.5195569
1.522498
1.5133069
1.5136745
1.5156548
1.5105565
1.5111306
1.5125828
1.5086793
1.5093608
1.5107028
1.5061592
1.5069321
1.5079726
1.5032752
1.5041739
1.5049463
1.500141
1.5012171
1.5021055
1.4971531
1.4984595
1.4991507
1.4937998
1.4954199
1.4960317
1.490701
1.4925174
1.492947
1.4879989
1.4898302
1.489725
1.4823649
1.4839858
1.4854052
1.483839
1.4853216
1.4819724
1.4884446
1.4900207
1.4889803
1.493731
1.4950847
1.4935244
1.5008538
1.5019742
1.5001422
1.5091344
1.5102278
1.5083025
1.5184605
1.5195102
1.5174759
1.5287632
1.5298665
1.5277078
1.5393744
1.5405882
1.5387057
1.5531341
1.5561287
1.5537702
1.5270089
1.5276893
1.5343225
1.5203676
1.5206836
1.5237469
1.5147003
1.5150196
1.5168565
1.5128157
1.5133643
1.5145847
1.5113826
1.5120501
1.5131654
1.5092479
1.5100325
1.510741
1.5068841
1.5078438
1.5083271
1.5046432
1.5058962
1.5063424
1.5025805
1.504219
1.5048066
1.500823
1.5030002
1.5033805
1.4991361
1.5017295
1.5018949
1.4972318
1.499961
1.4999673
1.4900175
1.4927298
1.4957109
1.4906498
1.4931299
1.4902166
1.4952777
1.4974766
1.4968267
1.4994615
1.5011632
1.4999622
1.5057242
1.5071157
1.5054767
1.5136427
1.5148691
1.5130491
1.5227921
1.5239026
1.5218705
1.5331451
1.5342648
1.5321437
1.5442714
1.5454788
1.5435059
1.5587283
1.5609682
1.5587572
1.5278495
1.5282963
1.5351537
1.5212855
1.5215122
1.5246286
1.5158934
1.5161372
1.517748
1.5149591
1.5154703
1.5163124
1.5140037
1.5146378
1.515398
1.5123454
1.5131284
1.5135074
1.5107668
1.5117986
1.5119265
1.5097909
1.5112196
1.5111818
1.5095586
1.5115883
1.5115159
1.5104022
1.5132608
1.512776
1.5111642
1.5148898
1.5144197
1.5110764
1.5154661
1.5153411
1.5023699
1.505839
1.5114361
1.5010749
1.5049491
1.5028869
1.5046429
1.5076425
1.5075755
1.5068987
1.5090002
1.5083804
1.5116073
1.5133225
1.512051
1.5187618
1.5201547
1.5183902
1.5273316
1.5285132
1.5266291
1.5376091
1.5387358
1.5365915
1.5490748
1.5502448
1.5481228
1.5635591
1.5662436
1.56347
1.5282912
1.5285057
1.5356089
1.5218537
1.5219794
1.525094
1.5167072
1.5168474
1.5182157
1.5168115
1.5171999
1.5176112
1.5164948
1.5170755
1.5174351
1.515433
1.5162206
1.5162649
1.5149083
1.5160043
1.5157156
1.5156467
1.5172614
1.5166321
1.5180552
1.5205146
1.5195608
1.5225344
1.526344
1.5247422
1.5285577
1.5341341
1.5324661
1.5329887
1.5401109
1.5391731
1.5210669
1.5254729
1.5345259
1.51696
1.5226938
1.5224002
1.5173381
1.5212397
1.5220921
1.5163375
1.5189536
1.5191873
1.518762
1.5207094
1.5199938
1.524589
1.5261511
1.5245146
1.5322363
1.5335562
1.5319256
1.5422278
1.5434549
1.5414252
1.5537548
1.5548776
1.552803
1.5685597
1.5701612
1.5678376
1.5283219
1.5282983
1.5356681
1.5220295
1.522042
1.5251246
1.5170987
1.5171251
1.5182197
1.5182476
1.5185336
1.5183927
1.5187115
1.5192171
1.5192163
1.518478
1.5192156
1.5188941
1.5193119
1.5204595
1.5196721
1.5222238
1.5240292
1.5226742
1.5282822
1.5311934
1.5289918
1.5388158
1.5437011
1.5399764
1.5546213
1.5624446
1.5573282
1.5638439
1.5726729
1.5713738
1.5479001
1.5555142
1.5666761
1.5407725
1.5477853
1.5483893
1.5342438
1.5393
1.541797
1.5281133
1.5315161
1.53283
1.5271476
1.5295077
1.5295859
1.5311586
1.5329178
1.5316135
1.5376598
1.5390119
1.537604
1.5470081
1.5481719
1.546217
1.5582484
1.5593437
1.5573076
1.5724988
1.5748602
1.5718702
1.5279439
1.5277046
1.5354963
1.5217844
1.5216831
1.5247136
1.5170176
1.5169209
1.5177389
1.5191869
1.5193314
1.5186292
1.5206231
1.5210437
1.5207018
1.521348
1.5220149
1.5213155
1.5237465
1.5247981
1.5235791
1.5294413
1.531357
1.5290882
1.540388
1.5437798
1.5398963
1.5598605
1.5661507
1.5591331
1.5883438
1.5980002
1.5906406
1.6039313
1.6166624
1.6136341
1.5865689
1.5986682
1.6088249
1.5703675
1.5786219
1.5804641
1.5563902
1.5627909
1.5686122
1.5423764
1.5463756
1.5495551
1.5370408
1.5396317
1.5407723
1.5382523
1.5401058
1.5393806
1.5431606
1.544585
1.5434013
1.5516713
1.5528288
1.5509758
1.5625871
1.5636325
1.5616567
1.5768082
1.5773526
1.5756292
1.5271862
1.526742
1.5349944
1.5211032
1.5208857
1.5238697
1.5164346
1.516208
1.5167791
1.5195467
1.5195417
1.5183234
1.5221862
1.5225563
1.521857
1.5239318
1.5246425
1.5235288
1.5272516
1.5279168
1.5270119
1.5352211
1.5362443
1.5330855
1.5525972
1.555339
1.5492467
1.5861475
1.5937116
1.5814341
1.6066794
1.617433
1.623572
1.5846456
1.5921857
1.6009777
1.5590694
1.5636957
1.5692604
1.5479908
1.5508402
1.5531225
1.5458433
1.5478464
1.5477753
1.5488947
1.5503706
1.5494879
1.5562939
1.5574417
1.5557451
1.5667461
1.5677425
1.5657636
1.579376
1.5812333
1.5791639
1.5260776
1.5254645
1.5342952
1.5200004
1.5196793
1.5226168
1.5153538
1.5150038
1.5153717
1.51932
1.51916
1.5174376
1.5233199
1.5234969
1.5225782
1.5265799
1.5269696
1.5259344
1.5301217
1.5309603
1.5306492
1.5400282
1.5415795
1.5375808
1.5628004
1.5659138
1.5579665
1.6124992
1.6196165
1.6018227
1.65584
1.6716384
1.6944487
1.6171306
1.6252912
1.6380993
1.5780419
1.5829761
1.5911527
1.5598947
1.5630035
1.5664885
1.5539443
1.5560193
1.5566823
1.5548272
1.5563218
1.5558139
1.5608759
1.5619994
1.5605069
1.5706729
1.5716013
1.5696364
1.5824555
1.5830912
1.5823177
1.5246832
1.523932
1.5333637
1.5185169
1.5181008
1.5210189
1.5138143
1.5133676
1.5135733
1.5184246
1.5182039
1.5160286
1.5243821
1.5240616
1.5228323
1.528791
1.5289892
1.5269407
1.5340616
1.5347298
1.5330782
1.5470582
1.548865
1.5437428
1.5766165
1.5801634
1.5698374
1.6436298
1.6515729
1.6273455
1.6517222
1.6601954
1.6781887
1.5983349
1.603286
1.6143305
1.5724369
1.57556
1.5804713
1.5622936
1.56439
1.565913
1.5607833
1.5622616
1.5621732
1.5653021
1.5663868
1.5651245
1.5742503
1.5750987
1.5732011
1.5843193
1.5855599
1.5851229
1.5230601
1.5222114
1.5323546
1.5167009
1.516208
1.5191351
1.511894
1.5113712
1.5114544
1.5171113
1.5167366
1.5143858
1.5241899
1.5238373
1.5217312
1.5300854
1.5303802
1.5280122
1.5374377
1.5382589
1.5356018
1.5540258
1.555645
1.549456
1.5903229
1.5935079
1.5809884
1.6745624
1.6817873
1.6511588
1.6857509
1.6943853
1.7173817
1.6187308
1.6234921
1.6375667
1.5851827
1.588282
1.5947482
1.5707238
1.5728225
1.5751233
1.5667055
1.5681601
1.5685052
1.5695769
1.5705954
1.5696124
1.5775178
1.5782758
1.5764715
1.5859755
1.5864191
1.5871444
1.5212855
1.5203755
1.5312442
1.5146185
1.5140681
1.5170424
1.5096512
1.5090181
1.5090825
1.5149994
1.514702
1.5121541
1.5233113
1.523054
1.520653
1.5311525
1.5313611
1.5286215
1.5404702
1.5411296
1.537966
1.5601473
1.5615194
1.554378
1.6024015
1.6051284
1.5907185
1.7191688
1.7245332
1.7477648
1.6398206
1.6434669
1.6589271
1.5979458
1.5997796
1.6092176
1.5789531
1.5810914
1.5838572
1.5724216
1.5739085
1.5746632
1.5735999
1.5745369
1.5738846
1.5804341
1.5811124
1.579394
1.586827
1.5873805
1.5884027
1.5194268
1.5185015
1.530181
1.5123432
1.5117565
1.5148153
1.5072028
1.5065212
1.5064966
1.5128943
1.5123345
1.5096847
1.5220622
1.5216773
1.51897
1.531779
1.5318498
1.5287651
1.5428519
1.5433365
1.5396567
1.5652472
1.5663623
1.5584148
1.6125629
1.6148172
1.5988277
1.7429053
1.7487174
1.7748589
1.6568266
1.6613075
1.6800527
1.6090812
1.6125576
1.620795
1.5872967
1.5891726
1.5931427
1.5775987
1.5785967
1.5808672
1.5773084
1.578299
1.577865
1.583002
1.5835875
1.5819725
1.5870887
1.5868595
1.588663
1.5175711
1.5166603
1.5291673
1.5099519
1.509349
1.5125344
1.5045542
1.5039096
1.5041232
1.5105003
1.509822
1.5069337
1.5204347
1.5199866
1.5169936
1.5318703
1.5317902
1.5282256
1.5445157
1.5448284
1.5407127
1.5693153
1.5701749
1.5615689
1.6208657
1.622665
1.6053266
1.7644852
1.7694632
1.796738
1.6725981
1.6760025
1.6945379
1.6205303
1.6231447
1.6330172
1.595143
1.5969683
1.6010033
1.5830253
1.5845606
1.5865218
1.5813339
1.5819562
1.5816184
1.5852381
1.5852502
1.5845312
1.5866256
1.5862476
1.5879678
1.5157629
1.5149013
1.5282915
1.5075316
1.5069268
1.5102654
1.5019412
1.5012706
1.5015915
1.5077574
1.5070644
1.5041302
1.5185291
1.5180097
1.5148623
1.5312633
1.5310066
1.5272079
1.5455544
1.5457299
1.5412443
1.572386
1.5730058
1.5638851
1.6273851
1.6287543
1.6103358
1.7834887
1.7877303
1.8166583
1.6858991
1.6890191
1.7087383
1.6306834
1.6330468
1.6433024
1.6015418
1.60308
1.6071141
1.5883148
1.5888489
1.5903885
1.5845001
1.58489
1.5848667
1.5857778
1.5862511
1.5854975
1.5857901
1.5853395
1.5861505
1.5140815
1.5132904
1.527573
1.5051227
1.5045383
1.508078
1.4992677
1.4986127
1.4989134
1.5050057
1.5043266
1.5014049
1.516374
1.5158064
1.512536
1.5300731
1.5297203
1.5257862
1.5460632
1.5461116
1.5413459
1.5745301
1.5749312
1.5654225
1.6322845
1.6332634
1.6140162
1.9537162
1.9554937
2.0248431
1.7991861
1.8026578
1.8321953
1.6978269
1.7005895
1.7218753
1.6396998
1.641794
1.6525689
1.6075291
1.6089426
1.6139418
1.5918612
1.5928991
1.5946067
1.5868875
1.5875309
1.5874794
1.5869786
1.5874188
1.5876313
1.5845894
1.5838787
1.5852649
1.5125469
1.5118285
1.5270336
1.5028532
1.5022866
1.5060263
1.4966825
1.4960617
1.4964717
1.5023128
1.5016522
1.4988109
1.51406
1.5134685
1.5101115
1.5285616
1.5281458
1.5240919
1.5460316
1.5459037
1.5407975
1.5758326
1.5760376
1.5662473
1.6356451
1.6362805
1.6165056
1.957898
1.9584528
2.021158
1.8120318
1.8148007
1.8434943
1.7082919
1.7106631
1.7325028
1.6476198
1.6494012
1.6608635
1.612957
1.6142162
1.6201081
1.5959363
1.5968762
1.5988753
1.589345
1.5898912
1.5901909
1.5878711
1.5880744
1.5888047
1.5830338
1.5819456
1.5838283
1.5111604
1.5105357
1.5266853
1.5006033
1.5000693
1.5040589
1.4942284
1.4936293
1.494089
1.4997046
1.4990663
1.4963104
1.5116893
1.5110976
1.5076636
1.5268099
1.5263358
1.5222109
1.545251
1.5449588
1.5396396
1.5763861
1.5764211
1.5664422
1.6376744
1.6379905
1.6179136
1.9605113
1.961574
2.0204463
1.8220066
1.8240759
1.8522664
1.7172906
1.719359
1.7411642
1.6544543
1.6560384
1.6684385
1.6178387
1.6190025
1.6251431
1.5994816
1.6002964
1.6027922
1.5914215
1.5919081
1.592837
1.5885309
1.5885888
1.5895657
1.5808512
1.5800121
1.5824409
1.5099632
1.5094554
1.5265311
1.4986588
1.4981452
1.5023025
1.4919048
1.4913524
1.4919577
1.4971904
1.4965764
1.4939118
1.5093378
1.5087562
1.5052472
1.5248388
1.5243179
1.5201465
1.5438896
1.5434765
1.5380308
1.5762315
1.5760401
1.565817
1.6385806
1.6386064
1.6184322
1.9638422
1.964638
2.0213269
1.8296185
1.8312854
1.8593577
1.7252801
1.7271416
1.7484851
1.6604903
1.661879
1.6750794
1.6223464
1.6234119
1.6296506
1.6026016
1.6033246
1.6064218
1.593295
1.5937356
1.5951439
1.588494
1.5884407
1.589853
1.5788875
1.5779992
1.5808365
1.5090075
1.508559
1.5265437
1.4969146
1.4965485
1.5007328
1.4897241
1.4891872
1.4899282
1.4947606
1.4941639
1.4916032
1.5070192
1.5064421
1.502889
1.5227017
1.5221491
1.5179418
1.5420789
1.5415692
1.5360584
1.5751389
1.5747424
1.5643846
1.6385426
1.6384213
1.6179582
1.96653
1.9669512
2.0209803
1.8359402
1.8373943
1.8650282
1.7322452
1.7337826
1.7546933
1.6657584
1.6669719
1.6805023
1.6264348
1.6273907
1.6339047
1.6053654
1.6060017
1.6096524
1.5949998
1.5954007
1.59712
1.5882534
1.5881978
1.5900546
1.5770176
1.5762648
1.5792022
1.5081475
1.5078166
1.5267113
1.4951524
1.4947535
1.4993201
1.4875983
1.4870851
1.4879924
1.4923973
1.4918159
1.4893594
1.5047101
1.5041309
1.5005728
1.5204549
1.5198782
1.5156536
1.5399144
1.5393273
1.5338052
1.5732805
1.5727251
1.5623251
1.6376146
1.6371958
1.6166313
1.9682395
1.9687914
2.0192582
1.8413338
1.8424801
1.8700719
1.7378457
1.739058
1.7599593
1.6703603
1.6714233
1.68507
1.630129
1.6310029
1.6379059
1.6078267
1.6084131
1.6124608
1.5965313
1.5968735
1.598853
1.5879492
1.5878593
1.5900808
1.5754517
1.574757
1.5776497
1.5075151
1.5072847
1.5270313
1.4934729
1.4931745
1.4981949
1.4856057
1.485123
1.4861603
1.4901005
1.4895385
1.4871871
1.5023918
1.5018123
1.4982782
1.5181169
1.5175198
1.5133009
1.537486
1.5368534
1.5313495
1.5708785
1.5702118
1.559837
1.6356702
1.6350874
1.6144536
1.9705133
1.9711247
2.0178005
1.8458286
1.8468158
1.8746718
1.7424764
1.7435179
1.7647671
1.6744475
1.6754001
1.6891884
1.6334922
1.6342766
1.6415814
1.6101209
1.6106701
1.6149821
1.5977815
1.5980577
1.6004156
1.5875285
1.5874211
1.5898378
1.5739932
1.5733339
1.5761815
1.5070127
1.5066756
1.5276867
1.492012
1.491655
1.4970028
1.4836937
1.483221
1.4845072
1.4878867
1.4873453
1.4851151
1.5000813
1.499506
1.4960189
1.5156993
1.5150837
1.5108941
1.5349176
1.5342503
1.5287617
1.5680966
1.5673567
1.557024
1.6331941
1.6325246
1.6117268
1.9732801
1.974121
2.0182943
1.8495739
1.8503901
1.8786741
1.7464622
1.7474044
1.7689276
1.6781441
1.6790368
1.6929598
1.6364829
1.6371685
1.6448431
1.6122371
1.612728
1.6172619
1.5988452
1.5990986
1.6018355
1.5870541
1.5869362
1.5894692
1.5726219
1.57205
1.574906
1.5064684
1.5064417
1.5282013
1.4906629
1.4903744
1.4960021
1.481811
1.4813387
1.4827747
1.4857516
1.4852284
1.4831306
1.4977912
1.4972215
1.4937975
1.5132159
1.5125894
1.5084506
1.5321908
1.5315054
1.526107
1.5650805
1.5643072
1.5540441
1.6304559
1.6297417
1.6087593
1.9769318
1.9779992
2.0209518
1.852755
1.8534262
1.8824257
1.7501173
1.7509778
1.7726926
1.6815855
1.6823782
1.6962545
1.6391089
1.6397249
1.647774
1.614144
1.6145982
1.6193691
1.5998327
1.6000669
1.6031303
1.5865515
1.5864338
1.5891353
1.5714253
1.5710083
1.5739686
1.5064384
1.5057936
1.5295432
1.4894795
1.4892342
1.4951424
1.4799562
1.4795612
1.4811869
1.4836298
1.4831767
1.4812072
1.4954777
1.4949724
1.4916218
1.5106658
1.5100894
1.5060062
1.5294535
1.5288185
1.5234609
1.5620272
1.5613397
1.5511039
1.6277205
1.6272835
1.6059577
1.9811279
1.9822223
2.0243888
1.8554945
1.8560643
1.8858376
1.7533415
1.7540751
1.7760563
1.6845448
1.685199
1.6988701
1.6415172
1.6420973
1.6504368
1.6159146
1.6163353
1.6212851
1.600733
1.6009431
1.6043723
1.5860882
1.5859938
1.5889244
1.5705024
1.5702753
1.5734212
1.5057994
1.506033
1.5303688
1.4879662
1.4877505
1.4937395
1.4783424
1.4779407
1.4794656
1.48202
1.4815246
1.4796189
1.4937766
1.4932211
1.4899291
1.5087858
1.5081585
1.5041147
1.5276501
1.526974
1.5215452
1.5608897
1.5601681
1.5496281
1.6295403
1.6288098
1.6063553
1.7754206
1.7747506
1.7291404
1.8999075
1.900152
1.7604286
1.9892947
1.990028
2.0270098
1.8594568
1.8608947
1.8915186
1.7560822
1.7573375
1.7796681
1.6869541
1.6874742
1.7009851
1.6437987
1.6443465
1.6528565
1.617556
1.6179529
1.6229958
1.6015429
1.601734
1.6055715
1.5857405
1.5856829
1.5888687
1.5699122
1.5698871
1.5731989
1.5062054
1.5061434
1.5314757
1.4872055
1.4869855
1.4943346
1.4767575
1.4763676
1.4779892
1.4800682
1.4795944
1.4778144
1.4915791
1.4910411
1.487829
1.5063026
1.5056951
1.5017149
1.5249942
1.5243518
1.518962
1.5580821
1.5574256
1.5468865
1.6269706
1.6264701
1.6037722
1.7741616
1.7741503
1.7286457
1.8772111
1.8786806
1.8798208
6.3756307
6.1461307
12.503174
1.8941081
1.8921206
1.7543347
1.9902421
1.9897301
2.0221272
1.8619271
1.8621858
1.8931377
1.758617
1.7589733
1.7811084
1.6887966
1.6891295
1.7026452
1.6459158
1.6463618
1.6549299
1.6190924
1.6194326
1.6245335
1.6022931
1.6024782
1.6066448
1.5855621
1.5855535
1.5889787
1.5696616
1.5698169
1.5731982
1.5064312
1.5066753
1.5331703
1.4871521
1.4869404
1.4938739
1.4752171
1.4748405
1.4766417
1.478215
1.4777715
1.4761068
1.4894615
1.4889483
1.4858117
1.5039144
1.5033368
1.4994174
1.5224878
1.5218897
1.5165296
1.555579
1.5550043
1.5444247
1.6251152
1.6247062
1.6016594
1.774121
1.7739589
1.7281212
1.8879047
1.8921172
1.8677648
5.5557371
5.3862645
9.7945409
1.8853679
1.8822171
1.741466
1.9867215
1.9853066
2.0135112
1.8626498
1.8627253
1.893648
1.7598622
1.7601033
1.7819694
1.6900079
1.690266
1.7038365
1.6475878
1.6479612
1.656507
1.6203983
1.6207029
1.625877
1.6029741
1.6031402
1.6075209
1.5855375
1.5855639
1.5891899
1.5697068
1.5700048
1.5733187
1.5068337
1.5070164
1.5346273
1.4865222
1.4863426
1.4935046
1.4737417
1.4733824
1.4754122
1.4764904
1.4760808
1.4745255
1.4874532
1.4869706
1.4839073
1.5016581
1.501118
1.4972566
1.5201742
1.5196299
1.5142826
1.5534017
1.5529059
1.5422337
1.6236109
1.623296
1.6000683
1.7727655
1.7721814
1.7270476
1.9055347
1.9098833
1.8542945
4.9422664
4.8123014
8.0842814
1.8714717
1.867501
1.7241405
1.9800871
1.9780266
2.0023573
1.862545
1.862226
1.8923286
1.7606886
1.7608406
1.7824682
1.6909691
1.6911818
1.7047735
1.6489879
1.6492999
1.6577863
1.6214974
1.6217275
1.6271326
1.6036322
1.6037935
1.6082661
1.5856985
1.5857714
1.5895267
1.569984
1.5703868
1.5734823
1.5072819
1.5076118
1.5361227
1.4858694
1.4857262
1.4932634
1.4723503
1.4720309
1.474244
1.4748989
1.4745219
1.4730798
1.4855753
1.4851279
1.4821344
1.4995604
1.4990629
1.4952545
1.5180787
1.51759
1.512233
1.551515
1.5510807
1.5403079
1.6224589
1.6222042
1.5987488
1.7698949
1.7689945
1.7250005
1.9209007
1.9239152
1.8410365
4.4653154
4.3618235
6.9025504
1.8548588
1.8504549
1.70439
1.9715261
1.9696757
1.9912724
1.860591
1.8598246
1.8890594
1.7611861
1.7612231
1.782327
1.6917694
1.6919478
1.7055481
1.6501546
1.6504053
1.6588334
1.6223279
1.6225012
1.6281806
1.6042493
1.6043908
1.6088899
1.5860192
1.5861167
1.5899428
1.5704596
1.5709579
1.5736268
1.5079817
1.5083652
1.537923
1.485377
1.4852803
1.4931665
1.4710919
1.4710535
1.4734978
1.4734391
1.4730976
1.4717755
1.48384
1.4834291
1.4805003
1.4976351
1.4971807
1.4934206
1.5161992
1.51576
1.5103837
1.5498566
1.5494713
1.538612
1.621464
1.6212182
1.5975399
1.7660573
1.7650167
1.7224009
1.9301868
1.9314957
1.8280635
4.0814575
3.9967572
6.0343867
1.8369092
1.832335
1.6835212
1.9621341
1.9598245
1.9792044
1.8570649
1.8560267
1.8843042
1.7608952
1.7606559
1.7809422
1.6923114
1.6923568
1.7059364
1.6509273
1.6510289
1.6594194
1.6229472
1.6230736
1.6289582
1.6047705
1.604882
1.6093847
1.586406
1.5865067
1.5903801
1.5710896
1.5716456
1.5737777
1.5087761
1.5092345
1.5397806
1.4850293
1.4849697
1.4931446
1.4703383
1.4701041
1.4725438
1.472125
1.4718185
1.4706356
1.4822518
1.4818773
1.4790065
1.4958836
1.4954717
1.4917547
1.5145092
1.5141136
1.5087129
1.5483761
1.5480287
1.5370972
1.620466
1.6202093
1.5963505
1.761754
1.760624
1.719521
1.9324636
1.9319814
1.814957
3.7648342
3.6940228
5.3679445
1.8185971
1.8140312
1.6626165
1.9521432
1.9495024
1.966559
1.8526467
1.8514677
1.8787152
1.7596242
1.7591895
1.77865
1.6922962
1.6922172
1.7057518
1.6511521
1.6511385
1.6594821
1.6233892
1.6234748
1.6294532
1.6051704
1.6052521
1.6097451
1.5867885
1.5868816
1.5908
1.5718211
1.5724164
1.57399
1.5097099
1.5101993
1.5417648
1.4848292
1.4847937
1.4932367
1.4695407
1.469378
1.4717658
1.4709434
1.4706657
1.46953
1.4808087
1.4804703
1.4776487
1.494294
1.49392
1.4902439
1.5129838
1.5126242
1.507199
1.547029
1.5467075
1.5357148
1.6194157
1.6191427
1.5951718
1.7571464
1.7559557
1.7164234
1.9282124
1.9262406
1.8013666
3.4982769
3.4381251
4.8392947
1.8004106
1.7958943
1.6420699
1.9416807
1.9390372
1.9537792
1.8478399
1.8465369
1.8729343
1.7576682
1.757098
1.7757852
1.6918306
1.6916573
1.7050589
1.6509681
1.6508739
1.6591595
1.6236746
1.6237234
1.629676
1.6054566
1.6055119
1.6099743
1.5871402
1.5872256
1.5911906
1.5726185
1.5732344
1.5742948
1.5106998
1.5112204
1.5438669
1.4847
1.4846818
1.4933728
1.4689609
1.4688293
1.4711949
1.4698873
1.4696437
1.468659
1.4795065
1.4792021
1.4764221
1.4928513
1.492512
1.4888748
1.5115915
1.5112609
1.5058181
1.5457682
1.545462
1.5344234
1.6182879
1.6179766
1.5939977
1.7522992
1.7510521
1.7131861
1.9184721
1.9153274
1.7870989
3.2710448
3.2194435
4.4090508
1.7824269
1.7779596
1.6219997
1.9309929
1.9282948
1.9410345
1.8424898
1.8411229
1.8665554
1.7552434
1.7545858
1.772601
1.6910154
1.6907642
1.7039393
1.6505041
1.6503561
1.6585755
1.623815
1.6238278
1.6296558
1.6056393
1.6056689
1.610075
1.5874677
1.5875489
1.59155
1.5734529
1.5740777
1.5746934
1.5117633
1.5123462
1.5461651
1.4846716
1.484691
1.493614
1.4685136
1.4683734
1.4708174
1.4689607
1.4687471
1.4678808
1.4783387
1.478067
1.4753228
1.4915427
1.4912351
1.4876355
1.5103054
1.5099981
1.504548
1.5445577
1.5442603
1.533195
1.6169508
1.6165825
1.5927973
1.7472337
1.7459355
1.7098572
1.904504
1.900498
1.7720826
3.0754086
3.0307173
4.0516765
1.7646328
1.7602162
1.6023455
1.9202968
1.9176766
1.9284964
1.8369311
1.8355902
1.8598076
1.7525121
1.7517928
1.7692651
1.6899003
1.689578
1.70248
1.6498489
1.6496608
1.6578103
1.6238099
1.6237845
1.6294234
1.6057177
1.6057205
1.6100462
1.5877841
1.5878634
1.591873
1.574302
1.5749237
1.575166
1.5129451
1.5135805
1.5486378
1.4847962
1.4848536
1.4940266
1.4681473
1.4681367
1.4705652
1.468151
1.4679664
1.4672331
1.4772988
1.4770576
1.4743465
1.490356
1.4900769
1.4865142
1.5091065
1.5088188
1.5033716
1.5433786
1.543088
1.5320145
1.6154125
1.6150034
1.591485
1.741972
1.7406289
1.7064476
1.8875264
1.8829406
1.7563456
2.9054446
2.8663776
3.7499694
1.7470448
1.7426798
1.5830397
1.9098532
1.9072444
1.9161424
1.8313432
1.8299659
1.8530299
1.7495538
1.7487837
1.7657979
1.688511
1.6881246
1.7007597
1.6490408
1.6488161
1.656894
1.6236489
1.6235826
1.6290052
1.605689
1.6056655
1.6098904
1.588092
1.5881685
1.5921517
1.5751516
1.5757664
1.5756939
1.5142469
1.5149512
1.5512249
1.4850592
1.4851492
1.4946423
1.4680127
1.4679777
1.4702671
1.467451
1.4672895
1.4666881
1.4763757
1.4761615
1.4734841
1.4892784
1.4890245
1.4854983
1.5079816
1.5077107
1.5022765
1.5422251
1.5419402
1.5308747
1.613731
1.613294
1.5900612
1.73654
1.7351592
1.7029602
1.8685151
1.8635172
1.7399403
2.7563043
2.7217929
3.4920787
1.7296646
1.7253529
1.5640644
1.89949
1.8969366
1.9039957
1.8255487
1.8240913
1.8461804
1.7464195
1.7456176
1.7622192
1.6868828
1.6864443
1.6988408
1.6480875
1.6478268
1.6558265
1.6233239
1.6232168
1.628427
1.6055589
1.6055123
1.6096206
1.5883591
1.5884261
1.5923807
1.5759945
1.5765971
1.5762739
1.5156847
1.5164502
1.5539336
1.4854506
1.485576
1.4954354
1.4679789
1.4679927
1.4703161
1.4668321
1.4666868
1.4662151
1.4755558
1.4753656
1.4727235
1.4882965
1.4880646
1.4845751
1.5069197
1.5066628
1.5012517
1.5410924
1.5408119
1.5297695
1.6119526
1.6114978
1.588558
1.7309648
1.7295517
1.6993949
1.8480221
1.8427253
1.7229538
2.6241657
2.5934343
3.2719114
1.7125023
1.7082478
1.5454445
1.8893587
1.8868543
1.8920035
1.8197639
1.8182726
1.8393931
1.7431699
1.7423481
1.7585747
1.6850675
1.6845901
1.6967653
1.6469937
1.6466996
1.6546055
1.6228405
1.6226969
1.6277164
1.6053432
1.6052784
1.6092596
1.5885539
1.5885988
1.5925562
1.5768285
1.5774204
1.5769008
1.5172465
1.5180745
1.5567681
1.4859744
1.4861354
1.496365
1.4680799
1.4681193
1.4704686
1.4662722
1.4661406
1.4657824
1.4748286
1.4746608
1.4720567
1.4873977
1.4871846
1.4837334
1.5059102
1.505665
1.5002858
1.539974
1.5396958
1.528691
1.610127
1.6096675
1.5870221
1.7252667
1.7238249
1.6957481
1.826489
1.8209971
1.7054812
2.5062201
2.4786883
3.0850952
1.6955793
1.6913901
1.5272091
1.8793649
1.8768716
1.8800998
1.8138451
1.8123866
1.8327177
1.7398532
1.7390316
1.7548852
1.6831112
1.6826019
1.6945496
1.6457732
1.6454506
1.6532413
1.6222193
1.6220454
1.6269004
1.6050613
1.6049827
1.6088333
1.5886806
1.5887311
1.5926817
1.5776537
1.5782323
1.577567
1.5189265
1.5198092
1.5596945
1.4866204
1.4868082
1.4974367
1.468281
1.4683397
1.4707897
1.4657673
1.4656508
1.4653721
1.4741888
1.4740423
1.4714809
1.4865698
1.4863727
1.482963
1.5049438
1.5047078
1.4993679
1.5388613
1.5385829
1.5276296
1.6082792
1.6078125
1.5854825
1.719457
1.717988
1.6919954
1.8043186
1.7987208
1.6876122
2.400379
2.375608
2.9276496
1.6789316
1.6748167
1.5093728
1.8693885
1.8668964
1.8682938
1.8080469
1.8065569
1.8260819
1.7364627
1.7355717
1.7511851
1.6810281
1.6804876
1.6921693
1.6444455
1.644099
1.6517534
1.6214847
1.6212855
1.6259968
1.6047283
1.6046382
1.6083607
1.5888001
1.5888541
1.5927659
1.5784714
1.5790393
1.5782628
1.520719
1.5216617
1.5626817
1.4874197
1.4876482
1.4986493
1.468539
1.4686114
1.4712237
1.4653261
1.4652275
1.4649823
1.4736321
1.4735053
1.4709928
1.4858018
1.4856181
1.4822544
1.5040112
1.5037823
1.4984881
1.5377442
1.5374631
1.5265751
1.6063999
1.6059246
1.5839282
1.7135391
1.7120432
1.6881017
1.7818521
1.7762287
1.6694359
2.3050211
2.2826479
2.7960983
1.6625883
1.6585521
1.4919335
1.8594522
1.8569832
1.8566251
1.8021234
1.8006558
1.8195371
1.7329006
1.7319977
1.7471828
1.6788303
1.6782671
1.6896477
1.6430275
1.6426603
1.6501643
1.6206528
1.6204304
1.6250095
1.6043503
1.6042487
1.6078489
1.5889279
1.5889745
1.5928015
1.5792829
1.5798379
1.5789777
1.5226344
1.5236377
1.5657053
1.4883892
1.4886618
1.5000269
1.4688478
1.4689311
1.4717492
1.4649598
1.4648813
1.4646256
1.4731505
1.4730406
1.4705837
1.4850844
1.484912
1.4815991
1.5031036
1.5028794
1.4976371
1.5366136
1.5363281
1.5255189
1.6044864
1.6040031
1.5823512
1.7075155
1.7059943
1.6840707
1.759424
1.753859
1.6510386
2.2187641
2.1984678
2.687508
1.6465635
1.6426087
1.4748898
1.8496188
1.8471795
1.8451479
1.7963551
1.7949101
1.8129812
1.7292429
1.72831
1.7431965
1.6765518
1.6759718
1.6870487
1.6415298
1.6411433
1.6484922
1.6197292
1.6194841
1.6239331
1.6039257
1.6038117
1.6072955
1.5890334
1.5890679
1.5927808
1.5800894
1.5806344
1.5797007
1.5246761
1.5257494
1.5687563
1.4895246
1.4898361
1.5015697
1.4691878
1.469274
1.4723358
1.4646752
1.4646175
1.4643223
1.4727311
1.4726342
1.4702385
1.4844096
1.4842468
1.480989
1.5022118
1.5019903
1.4968057
1.5354646
1.5351743
1.5244558
1.6025432
1.6020534
1.5807512
1.7013928
1.6998476
1.6799111
1.737319
1.731875
1.6325034
2.1403864
2.1218905
2.5994934
1.6308688
1.6269985
1.4582501
1.8399091
1.8375042
1.8338941
1.7905974
1.7891807
1.8065343
1.7255008
1.7245669
1.7391373
1.6742083
1.6736122
1.6843993
1.6399561
1.6395509
1.6467467
1.618716
1.6184491
1.6227626
1.6034513
1.6033246
1.6066955
1.5891006
1.5891205
1.5926973
1.580892
1.5814252
1.5804214
1.5268529
1.5279868
1.5718437
1.4908009
1.4911436
1.5032535
1.4695213
1.4696034
1.4729553
1.4644736
1.464436
1.4640966
1.4723584
1.4722708
1.4699404
1.4837705
1.4836154
1.4804162
1.501328
1.5011073
1.4959854
1.5342963
1.5340012
1.5233832
1.6005744
1.6000782
1.5791298
1.6951741
1.6936052
1.6756306
1.7157915
1.7105285
1.6139051
2.0688629
2.0519492
2.5300809
1.6155159
1.6117323
1.4420229
1.8303515
1.8279913
1.8228728
1.7849163
1.7835084
1.8001111
1.7217616
1.7208233
1.7350133
1.6718009
1.6711897
1.681699
1.6383096
1.6378872
1.6449337
1.6176192
1.617333
1.6215024
1.6029272
1.6027887
1.6060474
1.5891185
1.5891234
1.5925505
1.5816919
1.5822162
1.581131
1.5291462
1.5303385
1.5749917
1.4921758
1.4925376
1.5050343
1.4698295
1.4699045
1.4735708
1.4643492
1.4643288
1.4639664
1.4720182
1.4719367
1.4696744
1.4831594
1.4830099
1.4798726
1.5004458
1.5002249
1.4951692
1.5331089
1.5328091
1.5222996
1.5985785
1.5980748
1.5774848
1.6888616
1.6872699
1.6712378
1.6950574
1.6900177
1.5953159
2.0034019
1.9879021
2.4774543
1.6005101
1.5968129
1.4262044
1.8209839
1.8186746
1.8120905
1.7792391
1.7778376
1.7937374
1.7179973
1.717062
1.7308572
1.6693388
1.6687167
1.6789578
1.6365986
1.6361622
1.6430635
1.6164509
1.6161494
1.620167
1.6023581
1.6022095
1.605354
1.5890843
1.5890759
1.5923472
1.5824887
1.5830015
1.5818236
1.5315449
1.5327897
1.5781913
1.4936188
1.4939967
1.5068837
1.4700984
1.4701738
1.4745442
1.4642864
1.4642784
1.4639304
1.4716994
1.471622
1.4694296
1.4825678
1.482422
1.4793499
1.4995619
1.4993403
1.4943524
1.5319033
1.5315992
1.5212042
1.5965516
1.5960398
1.5758126
1.6824601
1.6808475
1.6667456
1.6752606
1.6704701
1.5768
1.9433732
1.9291421
2.4398948
1.5858471
1.5822341
1.4107803
1.8118176
1.8095556
1.8015436
1.7736642
1.7722716
1.7875151
1.7142777
1.7133686
1.7267262
1.666838
1.666207
1.6761906
1.6348368
1.6343901
1.641148
1.6152273
1.6149146
1.6187773
1.6017509
1.601594
1.6046191
1.5890038
1.5889853
1.5920984
1.583281
1.5837846
1.5824923
1.5340324
1.5353132
1.5814602
1.4951026
1.4954809
1.5087648
1.4703804
1.4704491
1.475062
1.464266
1.4642667
1.46397
1.4713959
1.4713218
1.4692007
1.4819884
1.4818446
1.4788416
1.498675
1.4984527
1.4935332
1.5306812
1.5303731
1.5200969
1.5944932
1.593974
1.5741125
1.6759788
1.6743479
1.6621696
1.6564855
1.6519584
1.5584141
1.8882133
1.8751186
2.4159858
1.5715183
1.5679875
1.395737
1.8028354
1.8006171
1.7912278
1.7680911
1.7667124
1.7813081
1.7106182
1.7096904
1.7225973
1.6642995
1.663659
1.673383
1.633039
1.6325858
1.6391974
1.6139646
1.6136446
1.6173546
1.6011118
1.6009476
1.6038466
1.5888892
1.5888647
1.5918162
1.5840662
1.5845572
1.5831312
1.5365814
1.5378857
1.5847962
1.4965952
1.4969742
1.510645
1.470997
1.4710781
1.4755874
1.4642759
1.464285
1.4640656
1.4711066
1.4710364
1.4689878
1.4814155
1.4812728
1.4783435
1.4977852
1.4975623
1.492711
1.5294416
1.5291284
1.518978
1.5924059
1.5918798
1.572384
1.6694275
1.6677803
1.6575237
1.6387845
1.6345336
1.5402079
1.8374229
1.8253554
2.4040982
1.5575157
1.5540649
1.3810626
1.7940261
1.7918503
1.7811393
1.7625769
1.7612016
1.7751298
1.706919
1.7059907
1.7185136
1.6617304
1.6610874
1.6705467
1.6312201
1.630764
1.6372235
1.6126774
1.6123533
1.6159166
1.6004448
1.6002742
1.6030407
1.588755
1.5887276
1.5915108
1.5848412
1.5853217
1.583744
1.5391706
1.5404882
1.5882032
1.4980841
1.4984606
1.5125103
1.4713224
1.4714176
1.4760981
1.4643148
1.4643327
1.4641978
1.4708341
1.4707684
1.4687942
1.4808461
1.4807041
1.4778539
1.4968931
1.4966697
1.4918862
1.5281813
1.5278631
1.5178476
1.5902908
1.5897574
1.5706177
1.6628133
1.6611513
1.6528169
1.6222162
1.6182546
1.5222252
1.7905996
1.7794742
2.3968202
1.5438261
1.5404499
1.3667361
1.7853835
1.783249
1.7712645
1.7570992
1.7557252
1.768993
1.7031825
1.7022631
1.7144882
1.6591644
1.658527
1.6677308
1.6293931
1.6289362
1.6352385
1.6113764
1.6110499
1.614474
1.5997524
1.5995757
1.6022064
1.5886135
1.588585
1.5911892
1.5856034
1.5860702
1.5843339
1.5417867
1.5431088
1.5916509
1.4995637
1.499937
1.5143545
1.4716986
1.4718041
1.4766438
1.4643811
1.4644074
1.4644744
1.4705812
1.4705205
1.4686231
1.4802787
1.4801373
1.4773719
1.4959992
1.4957754
1.4910598
1.526902
1.5265794
1.5167042
1.5881464
1.5876056
1.5688158
1.6561422
1.6544667
1.6480543
1.6068374
1.6031752
1.504504
1.7474405
1.7371863
2.3920493
1.5304211
1.5271089
1.3527196
1.7769044
1.7748085
1.7615882
1.7516589
1.750307
1.7629131
1.6995163
1.6985983
1.7105694
1.6566231
1.6559908
1.6649575
1.6275634
1.6271053
1.6332475
1.6100664
1.6097375
1.6130279
1.5990357
1.5988528
1.6013486
1.5884712
1.5884421
1.5908547
1.586351
1.586807
1.5849027
1.5444053
1.545727
1.5951425
1.5010353
1.5014073
1.5161784
1.4721349
1.4722534
1.477238
1.464508
1.4645493
1.4646884
1.4703492
1.470293
1.4684746
1.4797127
1.4795718
1.4768965
1.4951039
1.4948797
1.4902326
1.525606
1.5252795
1.5155432
1.5859726
1.5854246
1.5669826
1.6494203
1.6477332
1.6432396
1.5926778
1.5893229
1.4870776
1.7076663
1.6982117
2.3896084
1.5172531
1.5139945
1.3389705
1.7685745
1.7665122
1.7520876
1.7462792
1.7449324
1.7568978
1.6958448
1.6949277
1.7066994
1.6540966
1.6534652
1.6622028
1.6257269
1.6252658
1.6312467
1.608745
1.6084122
1.6115717
1.5982943
1.598105
1.6004694
1.588329
1.5882984
1.5905077
1.5870836
1.5875261
1.5854496
1.5470222
1.5483449
1.5986473
1.5025069
1.5028785
1.5179886
1.4726258
1.4727567
1.4778839
1.4646443
1.4646844
1.4649336
1.4701347
1.4700788
1.46834
1.4791473
1.4790072
1.4764254
1.4942077
1.4939831
1.4894055
1.5242983
1.5239705
1.5143695
1.583771
1.5832163
1.5651228
1.6426551
1.6409582
1.638377
1.5797689
1.5767281
1.4699774
1.6709833
1.6622561
2.3892844
1.5042947
1.5010863
1.3254685
1.7603487
1.7583117
1.7427133
1.7409077
1.7395604
1.7509622
1.6921734
1.6912534
1.7028349
1.6515696
1.6509366
1.6594471
1.6238758
1.6234097
1.6292307
1.6074053
1.6070665
1.610096
1.5975264
1.59733
1.5995673
1.5881827
1.5881491
1.5901463
1.5878016
1.5882344
1.5859725
1.5496366
1.5509457
1.6021703
1.5039824
1.5043543
1.51979
1.4731638
1.4733051
1.4785745
1.4648189
1.4648668
1.4652183
1.4698313
1.4697956
1.4681373
1.4785817
1.4784433
1.4759548
1.4933105
1.4930852
1.4885792
1.5229894
1.5226608
1.5131952
1.5815436
1.5809823
1.5632397
1.6358538
1.6341488
1.6334714
1.5681511
1.5654418
1.453231
1.6370998
1.6290303
2.3908694
1.4915329
1.4883711
1.3122
1.7522298
1.7502148
1.7334412
1.735552
1.7342197
1.7450086
1.6884878
1.6875675
1.6989475
1.6490357
1.6484014
1.6566856
1.6220043
1.6215329
1.627197
1.6060399
1.6056939
1.6085945
1.5967295
1.5965254
1.5986383
1.5880252
1.5879873
1.5897676
1.5885064
1.588927
1.5864688
1.5522379
1.5535369
1.6056969
1.5054624
1.5058341
1.5215848
1.4737403
1.4738898
1.4793034
1.4650185
1.4650708
1.4655269
1.4696376
1.4695913
1.4680364
1.4780146
1.4778782
1.4753635
1.4924123
1.4921859
1.4877539
1.5216791
1.521348
1.512015
1.5792899
1.5787214
1.5613346
1.6290217
1.6273108
1.628527
1.5578863
1.5555227
1.4368654
1.6057397
1.5982613
2.3941702
1.4789577
1.4758392
1.2991523
1.7441983
1.7422093
1.724263
1.7302506
1.7289322
1.7391399
1.6848198
1.6839108
1.6950367
1.6464992
1.6458653
1.653928
1.6201118
1.6196354
1.625147
1.6046456
1.6042925
1.6070667
1.5959019
1.59569
1.5976786
1.5878495
1.587806
1.5893688
1.5891997
1.5896124
1.5869374
1.5548153
1.5561078
1.6092211
1.5069477
1.5073215
1.5233753
1.4743478
1.4745036
1.4800679
1.4652345
1.4652905
1.4658522
1.4694558
1.4694107
1.4679497
1.4773243
1.4771781
1.474893
1.4915141
1.4912823
1.4869198
1.5203588
1.5200221
1.5108226
1.5770062
1.5764299
1.5594078
1.6221666
1.6204506
1.6235474
1.5490404
1.5470355
1.420899
1.5766487
1.5697052
2.3990051
1.4665451
1.4634683
1.2863308
1.7362556
1.7342753
1.7151626
1.7250091
1.7237041
1.7333509
1.6811975
1.6802967
1.6911378
1.6439653
1.643332
1.651183
1.6182007
1.6177201
1.6230831
1.6032244
1.6028653
1.6055172
1.5950433
1.5948238
1.596687
1.5876501
1.5876001
1.5889472
1.5898832
1.5902854
1.5873783
1.5573804
1.558655
1.6127402
1.5084445
1.5088221
1.5251654
1.4749777
1.4751378
1.4808646
1.4654642
1.4655235
1.4661892
1.4692753
1.4692298
1.4678662
1.476759
1.4766208
1.4744274
1.4904017
1.4901641
1.4859079
1.5190207
1.5186735
1.509601
1.5746921
1.5741076
1.5574599
1.6152927
1.6135729
1.6185359
1.541645
1.5400069
1.4053495
1.5496409
1.5431944
2.4052208
1.4543085
1.4512771
1.27375
1.728349
1.7263807
1.7061083
1.7198167
1.7185237
1.7276099
1.6775995
1.6767018
1.6872494
1.6414327
1.6407993
1.6484509
1.6162733
1.615789
1.6210066
1.6017821
1.601419
1.6039525
1.5941555
1.5939291
1.5956654
1.5874232
1.5873661
1.5885008
1.5905587
1.5909548
1.5877933
1.5599294
1.5611964
1.6162529
1.509962
1.510346
1.5269657
1.475621
1.475783
1.4816852
1.4657077
1.4657708
1.4665371
1.4690931
1.4690473
1.4677846
1.4762064
1.4760688
1.4739623
1.4894774
1.4892529
1.4850882
1.517272
1.5169195
1.5080342
1.5723504
1.5717492
1.5549845
1.6084067
1.6066848
1.613496
1.5357069
1.5344249
1.3902326
1.5245727
1.5185924
2.4126964
1.4422552
1.4392739
1.2614168
1.720497
1.7185421
1.6971193
1.7146554
1.7133707
1.7219054
1.6740146
1.6731213
1.6833626
1.6388997
1.6382662
1.6457336
1.6143314
1.6138437
1.6189182
1.6003261
1.5999606
1.6023783
1.5932414
1.5930091
1.5946179
1.5871669
1.5871024
1.5880279
1.5912269
1.5916139
1.5881843
1.5624711
1.5637363
1.6197614
1.5115082
1.5119002
1.5287905
1.4762698
1.4764323
1.4825177
1.4659668
1.4660339
1.4668984
1.4689093
1.4688632
1.4677043
1.4756562
1.4755191
1.4734976
1.4885769
1.4883508
1.4842713
1.5159165
1.5155821
1.5068189
1.5694082
1.5688198
1.5529494
1.6017928
1.6001476
1.6082422
1.5310518
1.5276288
1.3770091
1.5013792
1.495742
2.4214786
1.4303984
1.4274569
1.2493237
1.7126994
1.7107608
1.6881989
1.7095335
1.7082603
1.716241
1.6704516
1.6695661
1.6794917
1.6363673
1.6357348
1.6430334
1.612377
1.6118867
1.616818
1.5988625
1.5984959
1.6007981
1.5923049
1.5920675
1.5935498
1.5868804
1.5868084
1.5875281
1.5918888
1.592271
1.5885536
1.5650152
1.5662844
1.6232628
1.5130868
1.5134862
1.5306555
1.4769188
1.4770807
1.4833487
1.4662421
1.466313
1.4672756
1.4687245
1.4686781
1.4676253
1.4751077
1.4749707
1.4730339
1.4876697
1.4874419
1.4834512
1.5145726
1.5142349
1.5055928
1.5670517
1.5664593
1.550973
1.5950067
1.5932883
1.6031938
1.5228887
1.5221571
1.3627186
1.4916387
1.4866407
2.422308
1.4164276
1.4135499
1.2349967
1.7049676
1.703044
1.6793493
1.7044583
1.7031971
1.7106215
1.6669232
1.6660473
1.6756519
1.6338389
1.6332068
1.6403553
1.6104133
1.6099211
1.6147083
1.597395
1.5970277
1.5992128
1.5913497
1.5911083
1.5924659
1.586564
1.5864847
1.5870023
1.592544
1.5929174
1.5889026
1.5675715
1.5688473
1.626763
1.5146961
1.5151028
1.5325687
1.4775642
1.4777249
1.4841675
1.4665314
1.4666052
1.4676685
1.4685388
1.4684922
1.467547
1.4745592
1.4744218
1.4725705
1.4867551
1.4865252
1.4826257
1.5132153
1.5128738
1.5043546
1.5646746
1.5640767
1.5489779
1.5881317
1.5864122
1.598124
1.5204971
1.5201181
1.3490222
1.472242
1.4676329
2.4316802
1.4049903
1.402157
1.2234628
1.697294
1.6953842
1.6705669
1.6994297
1.6981792
1.7050499
1.6634327
1.6625656
1.671853
1.631307
1.6306714
1.6377022
1.608442
1.607948
1.6125909
1.5959241
1.5955556
1.5976217
1.5903794
1.5901348
1.5913699
1.5862189
1.5861327
1.586453
1.5931924
1.5935616
1.5892327
1.5701439
1.5714364
1.6302702
1.5163328
1.5167447
1.5345279
1.4782056
1.4783671
1.4849714
1.4668298
1.4669049
1.4680731
1.468352
1.4683051
1.4674679
1.4740084
1.4738701
1.472106
1.4858319
1.4855995
1.4817928
1.5118436
1.5114986
1.5031039
1.5622742
1.5616706
1.5469622
1.581253
1.5795326
1.5930365
1.519486
1.5194548
1.3357748
1.4543739
1.4501293
2.4422008
1.393726
1.3909327
1.2121572
1.6896668
1.6877676
1.6618511
1.6944395
1.693196
1.6995218
1.6599721
1.6591108
1.668089
1.6287577
1.6281153
1.6350407
1.606464
1.6059689
1.6104668
1.5944478
1.5940776
1.5960233
1.5893968
1.5891493
1.5902634
1.5858472
1.5857547
1.5858835
1.5938331
1.5941934
1.5895443
1.5727355
1.5740366
1.6337663
1.517989
1.5184042
1.5365265
1.478853
1.4790164
1.4857696
1.4671314
1.4672064
1.4684834
1.4681639
1.4681166
1.4673868
1.4734539
1.4733144
1.4716392
1.4848987
1.4846638
1.4809513
1.5104581
1.5101096
1.5018415
1.5598513
1.5592424
1.5449267
1.5743714
1.57265
1.5879327
1.5198831
1.5202054
1.3229822
1.4378678
1.4339347
2.4537526
1.3826309
1.3798873
1.2010748
1.6820843
1.680195
1.6532028
1.6894741
1.6882363
1.6940264
1.6565407
1.6556885
1.6643497
1.6261683
1.6255102
1.6323245
1.6044834
1.6039884
1.6083414
1.5929635
1.5925909
1.5944173
1.588403
1.5881529
1.5891463
1.5854514
1.5853529
1.585298
1.5944658
1.594822
1.5898377
1.5753499
1.5766522
1.6372693
1.5196566
1.5200735
1.5385547
1.4795078
1.4796729
1.4865669
1.4674311
1.467505
1.4688942
1.4679745
1.467927
1.4673033
1.4728946
1.472754
1.4711695
1.4839555
1.4837183
1.4801008
1.5090604
1.5087094
1.5005686
1.5574077
1.5567934
1.542874
1.5674882
1.5657692
1.5828137
1.5216822
1.5223547
1.3106618
1.4225794
1.4189444
2.4662619
1.3717292
1.3690346
1.19022
1.674545
1.6726681
1.6446289
1.6845315
1.683299
1.6885613
1.6531528
1.652317
1.660636
1.6235197
1.6228551
1.6295619
1.6025043
1.60201
1.6062181
1.5914693
1.591094
1.5928037
1.5873985
1.5871456
1.5880174
1.5850337
1.5849299
1.584701
1.5950897
1.5954368
1.5901124
1.5779718
1.5792877
1.6407601
1.5213258
1.5217433
1.5406034
1.4801698
1.4803365
1.4873664
1.4677256
1.4677981
1.4693024
1.4677845
1.4677371
1.4672176
1.4723306
1.4721888
1.4706972
1.4830027
1.4827632
1.4792413
1.5076529
1.5072998
1.4992875
1.5549445
1.5543258
1.5408053
1.5606111
1.5588906
1.5776807
1.5248905
1.5259206
1.2988204
1.4084953
1.4051633
2.4796594
1.3610154
1.3583673
1.1795988
1.6670593
1.6651975
1.6361459
1.6796106
1.6783842
1.6831324
1.649823
1.6489936
1.6569629
1.6208659
1.6202045
1.6267331
1.600527
1.6000326
1.6040963
1.5899643
1.5895864
1.5911834
1.5863827
1.586127
1.5868751
1.5845978
1.5844899
1.5840969
1.5957047
1.5960479
1.5903683
1.5806137
1.5819289
1.6442555
1.5229897
1.5234048
1.5426691
1.48084
1.4810092
1.4881716
1.4680138
1.4680848
1.4697065
1.4675951
1.467548
1.467131
1.4717621
1.4716193
1.470223
1.4820412
1.4817994
1.4783734
1.5062376
1.5058831
1.4980006
1.5524635
1.5518403
1.5387215
1.5537379
1.5520207
1.5725373
1.5295319
1.5309213
1.2874589
1.3956243
1.3925887
2.493904
1.3504815
1.347876
1.1691753
1.6596358
1.6577901
1.6277634
1.6747157
1.6734969
1.6777429
1.6465184
1.6457019
1.6533202
1.6182213
1.6175605
1.6238827
1.598548
1.5980524
1.6019721
1.5884494
1.5880693
1.5895573
1.5853556
1.5850965
1.5857187
1.5841487
1.5840381
1.5834902
1.5963104
1.5966443
1.590605
1.5832605
1.5845888
1.6477388
1.5246534
1.525069
1.5447474
1.48152
1.4816919
1.4889835
1.468296
1.4683657
1.4701067
1.4674073
1.4673607
1.4670446
1.4711897
1.471046
1.4697473
1.4810714
1.4808277
1.477498
1.504816
1.5044599
1.4967086
1.5499636
1.5493359
1.5366244
1.5468739
1.5451598
1.5673817
1.5356153
1.5373655
1.2765863
1.3839158
1.3811669
2.5089724
1.3401148
1.3375458
1.1589358
1.6522774
1.6504481
1.6194853
1.6698565
1.6686485
1.6723941
1.6432572
1.6424421
1.6497145
1.6155783
1.6149179
1.6210482
1.596563
1.5960652
1.5998407
1.5869267
1.5865452
1.5879268
1.5843125
1.5840496
1.5845493
1.5836927
1.5835812
1.5828849
1.5969069
1.5972373
1.5908232
1.5859257
1.5872607
1.6512276
1.5263172
1.526732
1.5468364
1.482213
1.4823882
1.4898087
1.468573
1.4686414
1.4705026
1.4672218
1.4671757
1.4669592
1.4706138
1.4704692
1.4692701
1.4800943
1.4798491
1.4766159
1.5033886
1.5030308
1.495412
1.5474454
1.5468132
1.5345119
1.5400193
1.5383076
1.5622138
1.5431483
1.5452615
1.2662058
1.3733085
1.3708248
2.5248262
1.3299047
1.3273797
1.1488798
1.6449846
1.6431717
1.6113135
1.6650381
1.6638385
1.6670827
1.6399933
1.6391748
1.6461131
1.6129392
1.6122806
1.6182309
1.5945685
1.5940682
1.5976997
1.5853993
1.585017
1.5862936
1.5832568
1.5829919
1.5833691
1.5832365
1.5831258
1.5822849
1.5974944
1.5978158
1.5910232
1.5885953
1.5899354
1.6547189
1.5279801
1.5283955
1.5489352
1.4829183
1.4830964
1.4906453
1.4688454
1.4689128
1.470895
1.4670381
1.4669924
1.4668753
1.4700343
1.4698888
1.468791
1.4791114
1.4788647
1.4757284
1.5019553
1.5015959
1.4941108
1.5449096
1.5442724
1.5323852
1.5331816
1.5314729
1.5570431
1.5521264
1.5546003
1.2563196
1.3637618
1.3615375
2.5414045
1.3198542
1.3173708
1.1389902
1.6377581
1.6359621
1.6032491
1.6602508
1.6590579
1.6618051
1.6367133
1.6358899
1.6425141
1.6103091
1.6096536
1.6154302
1.5925637
1.5920608
1.5955499
1.5838696
1.583487
1.5846591
1.5821951
1.5819296
1.5821819
1.5827856
1.5826766
1.5816921
1.5980737
1.5983922
1.5912061
1.5912823
1.5926274
1.6582027
1.5296434
1.5300601
1.5510388
1.4836349
1.4838156
1.4914932
1.4691141
1.4691806
1.4712843
1.4668554
1.4668096
1.4667921
1.4694511
1.4693047
1.468309
1.4781235
1.4778759
1.4748362
1.5005158
1.500155
1.4928055
1.5423541
1.5417122
1.5302435
1.5263544
1.524649
1.551858
1.5625413
1.5653764
1.2469362
1.3552471
1.3532809
2.5586052
1.3099721
1.3075261
1.1292821
1.6306004
1.6288221
1.5952965
1.6554895
1.6543027
1.6565616
1.6334137
1.6325856
1.6389233
1.6076931
1.607042
1.6126487
1.5905497
1.5900451
1.5933945
1.5823392
1.5819565
1.5830237
1.5811325
1.5808672
1.5809907
1.5823428
1.5822357
1.5811067
1.5986455
1.5989558
1.5913709
1.593979
1.5953281
1.6616923
1.5313107
1.5317297
1.5531476
1.4843608
1.4845433
1.4923516
1.4693798
1.4694458
1.4716711
1.4666722
1.4666261
1.4667092
1.4688644
1.4687172
1.4678238
1.4771323
1.4768842
1.4739415
1.4990707
1.4987087
1.4914961
1.5397811
1.5391353
1.528088
1.519541
1.5178389
1.5466636
1.5743963
1.5775946
1.2380651
1.3477695
1.3460581
2.5763371
1.3002603
1.2978653
1.1197625
1.6235165
1.6217579
1.5874545
1.6507522
1.6495719
1.6513523
1.6300934
1.6292579
1.6353156
1.6050965
1.6044513
1.6098911
1.58853
1.5880247
1.5912383
1.5808083
1.5804255
1.5813874
1.5800713
1.5798064
1.579798
1.5819079
1.5818023
1.5805269
1.5992108
1.5995192
1.591518
1.5966831
1.5980353
1.6651764
1.5329837
1.533404
1.5552566
1.4850941
1.4852784
1.4932192
1.4696437
1.4697094
1.4720558
1.4664871
1.4664403
1.4666255
1.4682747
1.4681269
1.4673354
1.4761396
1.4758914
1.4730454
1.4976204
1.4972572
1.4901835
1.5371934
1.5365442
1.5259212
1.5127437
1.5110454
1.541463
1.5877214
1.5912954
1.2297135
1.3412864
1.3398234
2.5946169
1.2907396
1.2883869
1.1104535
1.6165115
1.6147732
1.5797239
1.6460458
1.6448751
1.6461832
1.6267371
1.6258945
1.6316788
1.6025251
1.6018868
1.6071636
1.586509
1.5860041
1.5890865
1.5792766
1.5788936
1.5797499
1.5790115
1.5787468
1.5786048
1.5814784
1.5813734
1.5799496
1.599771
1.6000725
1.5916476
1.5993926
1.6007471
1.668668
1.5346632
1.5350846
1.5573657
1.4858339
1.4860198
1.4940959
1.4699066
1.4699721
1.4724396
1.4662991
1.4662515
1.46654
1.4676828
1.4675347
1.466844
1.4751468
1.4748988
1.4721495
1.4961656
1.4958013
1.488868
1.5345901
1.5339373
1.5237423
1.5059616
1.50427
1.5362582
1.6025733
1.6065415
1.2218899
1.3358099
1.3345914
2.6134319
1.2814045
1.2790988
1.1013577
1.6095873
1.6078693
1.572109
1.6413787
1.6402167
1.6410563
1.6233695
1.6225292
1.6280187
1.5999812
1.5993496
1.6044684
1.584491
1.5839874
1.5869429
1.5777439
1.5773606
1.5781112
1.5779517
1.5776866
1.5774096
1.5810508
1.5809456
1.5793716
1.6003273
1.6006276
1.5917599
1.602106
1.6034622
1.6721556
1.5363502
1.5367734
1.5594741
1.4865798
1.4867672
1.4949821
1.4701689
1.4702342
1.4728227
1.4661074
1.4660587
1.4664515
1.4670895
1.466941
1.46635
1.4741552
1.4739076
1.4712551
1.4947067
1.4943415
1.4875504
1.531975
1.5313195
1.5215535
1.4992004
1.4975142
1.5310535
1.6190221
1.623398
1.2146038
1.3313016
1.3303282
2.6327541
1.2722455
1.2699887
1.0924432
1.6027485
1.6010522
1.5646121
1.6367434
1.6355854
1.6359674
1.6200122
1.6191752
1.6243683
1.5974623
1.5968361
1.6018024
1.5824794
1.5819779
1.5848097
1.5762103
1.5758269
1.5764722
1.5768902
1.5766245
1.5762105
1.580622
1.580516
1.5787896
1.6008808
1.6011747
1.591856
1.6048223
1.6061792
1.6756488
1.5380455
1.5384713
1.5615834
1.487332
1.4875211
1.4958773
1.4704298
1.4704944
1.4732045
1.4659111
1.4658613
1.4663589
1.466495
1.4663461
1.4658536
1.4731654
1.4729183
1.4703626
1.493244
1.4928776
1.4862308
1.5293489
1.5286906
1.5193562
1.492461
1.4907803
1.5258473
1.6368811
1.641417
1.2078526
1.3277518
1.3269996
2.6526171
1.2632633
1.2610424
1.08372
1.5959982
1.5943248
1.5572297
1.6321187
1.6309648
1.6309169
1.6166692
1.6158361
1.6207441
1.5949631
1.5943409
1.5991605
1.5804765
1.5799774
1.582687
1.5746768
1.5742936
1.5748341
1.5758264
1.5755603
1.5750089
1.5801901
1.5800831
1.5782008
1.6014328
1.6017273
1.5919376
1.6075402
1.6088984
1.679138
1.5397495
1.5401769
1.5636947
1.4880901
1.4882803
1.4967815
1.4706868
1.47075
1.4735827
1.4657098
1.4656585
1.4662607
1.4658989
1.4657496
1.4653546
1.4721771
1.4719302
1.4694715
1.4917772
1.4914098
1.484909
1.526712
1.5260516
1.5171493
1.4857448
1.4840704
1.5206485
1.6551407
1.6597477
1.2016188
1.3250709
1.3245349
2.6730748
1.2544449
1.2522642
1.0751713
1.5893422
1.5876912
1.5499589
1.6275078
1.6263575
1.6258885
1.6133416
1.6125121
1.6171418
1.5924779
1.5918583
1.5965374
1.5784831
1.5779863
1.5805739
1.5731447
1.5727622
1.5731984
1.5747614
1.5744953
1.5738072
1.5797549
1.579647
1.5776057
1.6019857
1.6022767
1.5920078
1.6102602
1.6116187
1.6826339
1.5414622
1.5418909
1.5658094
1.4888526
1.4890436
1.4976948
1.4709366
1.4709974
1.4739537
1.4655026
1.4654499
1.4661557
1.4653006
1.4651506
1.4648522
1.4711896
1.4709428
1.4685811
1.4903062
1.4899377
1.4835841
1.5240674
1.5234044
1.5149358
1.4790583
1.4773909
1.5154552
1.6736787
1.6783534
1.1958964
1.3232467
1.3229158
2.6941813
1.2457807
1.243639
1.0667838
1.5827677
1.5811346
1.5427915
1.622913
1.6217671
1.6208773
1.6100282
1.6092019
1.613559
1.5900021
1.5893842
1.5939287
1.5764987
1.576004
1.5784684
1.5716153
1.5712336
1.5715665
1.5736975
1.5734323
1.5726103
1.5793175
1.579209
1.5770049
1.6025423
1.6028371
1.5920699
1.6129807
1.6143393
1.6861386
1.5431816
1.5436114
1.5679271
1.4896181
1.4898096
1.4986161
1.4711754
1.471233
1.4743132
1.4652897
1.4652355
1.4660433
1.4646994
1.4645486
1.4643462
1.470202
1.4699551
1.4676904
1.48883
1.4884602
1.4822553
1.5214132
1.5207487
1.5127124
1.4723976
1.4707363
1.51027
1.6924769
1.6972196
1.1906882
1.3222036
1.3220507
2.7159535
1.2372719
1.2351687
1.0585603
1.5762591
1.57464
1.5357123
1.6183362
1.6171949
1.6158867
1.6067267
1.6059031
1.609994
1.5875325
1.5869157
1.591331
1.574522
1.5740289
1.576368
1.5700892
1.5697082
1.5699388
1.5726384
1.5723745
1.5714203
1.5788796
1.5787712
1.5764011
1.6031045
1.6033981
1.5921275
1.615702
1.6170606
1.6896366
1.5449074
1.5453397
1.5700509
1.4903856
1.4905775
1.4995458
1.4714007
1.4714547
1.474658
1.4650712
1.4650158
1.4659238
1.4640948
1.4639432
1.4638364
1.4692138
1.4689665
1.4667988
1.4873497
1.4869789
1.4809234
1.5187513
1.5180845
1.5104804
1.4657622
1.464107
1.5050907
1.7115566
1.7163679
1.1859936
1.3218446
1.3218434
2.7383067
1.2289124
1.2268443
1.0504953
1.5698001
1.568192
1.5287006
1.613777
1.6126404
1.6109182
1.6034359
1.6026148
1.6064439
1.5850668
1.5844508
1.5887414
1.5725509
1.5720589
1.5742704
1.5685662
1.5681861
1.5683155
1.5715848
1.5713224
1.5702371
1.5784436
1.578336
1.5757981
1.6036753
1.6039759
1.5921843
1.6184329
1.6197922
1.6931261
1.5466407
1.5470757
1.5721809
1.4911535
1.491345
1.5004829
1.4716116
1.4716622
1.4749865
1.4648481
1.4647918
1.4657984
1.463487
1.4633346
1.4633231
1.468224
1.4679763
1.4659058
1.4858639
1.4854917
1.4795867
1.5160807
1.5154121
1.5082412
1.4591509
1.4575051
1.4999193
1.7309214
1.7358053
1.1818114
1.3220101
1.3221016
2.7610763
1.2206919
1.2186585
1.0425838
1.5633831
1.5617843
1.521749
1.6092386
1.6081082
1.6059736
1.600155
1.5993363
1.6029059
1.5826034
1.5819876
1.5861573
1.5705835
1.5700922
1.5721738
1.5670465
1.5666672
1.5666964
1.5705372
1.5702764
1.5690602
1.5780119
1.5779056
1.5751987
1.6042553
1.604556
1.5922437
1.6211576
1.6225186
1.6966426
1.5483842
1.5488214
1.5743204
1.4919173
1.492107
1.5014238
1.4718093
1.4718568
1.4752987
1.4646218
1.4645648
1.4656686
1.4628764
1.4627235
1.4628071
1.4672329
1.4669849
1.4650115
1.4843731
1.4839999
1.4782467
1.5134037
1.5127333
1.5059956
1.4525672
1.4509242
1.4947553
1.7505678
1.7555197
1.178139
1.3225691
1.3228
2.7839927
1.2126119
1.2106142
1.0348308
1.5570032
1.555414
1.5148543
1.6047274
1.6036044
1.6010541
1.5968838
1.5960676
1.5993798
1.580141
1.5795255
1.5835763
1.5686186
1.5681278
1.5700776
1.5655305
1.5651523
1.5650819
1.5694961
1.569237
1.5678896
1.5775869
1.5774823
1.5746055
1.6048475
1.605158
1.5923083
1.6238857
1.6252491
1.7001353
1.5501404
1.550581
1.5764733
1.4926729
1.49286
1.5023641
1.4719959
1.4720411
1.4755967
1.4643928
1.4643353
1.4655358
1.4622639
1.4621106
1.4622889
1.4662405
1.4659923
1.4641165
1.4828785
1.4825044
1.4769038
1.5107198
1.5100478
1.5037452
1.4460078
1.4443708
1.4895953
1.7704729
1.7754829
1.1749735
1.3237214
1.3241096
2.8068186
1.204669
1.2027065
1.0272391
1.5506616
1.5490828
1.5080071
1.6002473
1.5991324
1.5961639
1.5936235
1.5928103
1.5958684
1.5776794
1.5770641
1.5809965
1.566656
1.566166
1.5679829
1.5640194
1.5636427
1.5634728
1.5684619
1.5682046
1.5667255
1.5771702
1.5770679
1.5740201
1.6054523
1.6057641
1.5923786
1.6266282
1.6279953
1.7036446
1.55191
1.552355
1.5786434
1.4934169
1.4936011
1.5032988
1.4721741
1.4722176
1.4758833
1.4641617
1.4641036
1.4654008
1.4616502
1.4614968
1.4617693
1.4652472
1.4649989
1.4632211
1.4813804
1.4810052
1.4755587
1.5080299
1.5073566
1.5014893
1.4394725
1.4378453
1.4844437
1.7905965
1.7956543
1.172312
1.3255229
1.326083
2.8295291
1.1968693
1.1949398
1.0197949
1.544365
1.5427984
1.5012045
1.5958003
1.5946938
1.5913067
1.5903765
1.5895672
1.592376
1.575219
1.5746041
1.5784166
1.5646968
1.5642078
1.5658916
1.5625149
1.5621402
1.5618703
1.5674349
1.5671794
1.5655685
1.5767635
1.5766636
1.5734439
1.6060736
1.6063976
1.5924536
1.6293678
1.6307046
1.7071135
1.5536932
1.5541402
1.5808297
1.4941482
1.4943287
1.5042257
1.4723458
1.4723879
1.476161
1.4639283
1.4638695
1.4652632
1.4610362
1.4608826
1.4612486
1.4642531
1.4640045
1.4623256
1.479878
1.4795016
1.474211
1.5053347
1.5046599
1.4992273
1.4329722
1.4313615
1.4793074
1.8108501
1.8158898
1.1699701
1.328121
1.3289998
2.852821
1.1891648
1.1872272
1.0124188
1.5381171
1.5365626
1.4944475
1.591387
1.590289
1.5864849
1.5871463
1.5863418
1.5889065
1.5727606
1.5721464
1.5758361
1.5627422
1.5622545
1.5638058
1.5610189
1.5606466
1.5602756
1.5664152
1.5661616
1.5644187
1.5763673
1.57627
1.5728758
1.6067125
1.6070227
1.5925183
1.50414
1.5036642
1.5030258
1.5042612
1.5036267
1.5040703
1.4998447
1.4995066
1.4990097
1.499563
1.4994518
1.4996357
1.4961687
1.4959503
1.4955233
1.4960857
1.495963
1.4960701
1.4929954
1.4928855
1.4925431
1.49307
1.4929575
1.4929786
1.4902026
1.4902022
1.4899465
1.4904658
1.4903437
1.4902801
1.4876775
1.487785
1.4875986
1.4881494
1.4880052
1.4878543
1.4853917
1.4856104
1.4854407
1.486017
1.4858429
1.4856121
1.483275
1.4836162
1.4834679
1.4840464
1.4838578
1.4835204
1.481475
1.4819261
1.4817753
1.4823555
1.4821687
1.481725
1.4801776
1.4807025
1.4806067
1.4809294
1.4807978
1.4802736
1.4794342
1.480021
1.4800006
1.4801494
1.4800786
1.4794827
1.4793598
1.4799806
1.4799565
1.479951
1.4799605
1.4793304
1.4798517
1.4803829
1.4804094
1.4801785
1.4802719
1.479701
1.4813261
1.4817767
1.4818962
1.4813057
1.4814943
1.4810066
1.4835199
1.4838624
1.484057
1.4832755
1.4834372
1.4830441
1.486465
1.4866363
1.4868651
1.485938
1.4861247
1.4858541
1.4900377
1.4899657
1.4902133
1.4892107
1.4893982
1.4893
1.4943143
1.4940185
1.4942381
1.4931356
1.493402
1.4934916
1.4987498
1.4981768
1.4983145
1.4971746
1.4975166
1.4979314
1.5047221
1.5038184
1.5041145
1.5027644
1.5034416
1.5041163
1.5032204
1.5051072
1.5046646
1.5059725
1.50554
1.5033884
1.5066581
1.5052185
1.5057078
1.4989887
1.5005864
1.5002517
1.5012131
1.5009052
1.4990799
1.5008383
1.5003922
1.5006687
1.4953286
1.4966834
1.4964536
1.4971266
1.4969094
1.4953577
1.4970256
1.4965537
1.4967412
1.4921597
1.4932927
1.4931611
1.4935694
1.4934281
1.4921265
1.493655
1.493207
1.4933287
1.4893598
1.4902804
1.4902455
1.4903767
1.4903217
1.4892711
1.4907559
1.4902636
1.490311
1.4867879
1.4875314
1.4876031
1.4873856
1.4874531
1.486612
1.4881914
1.4875793
1.4875491
1.4843585
1.4849876
1.4851995
1.4846028
1.4847833
1.4840697
1.4856887
1.4850487
1.4849261
1.4821078
1.4825998
1.4829359
1.4819804
1.4822768
1.481704
1.4832823
1.4826622
1.482431
1.4801497
1.4805664
1.4810227
1.4796906
1.4801192
1.4796591
1.4811072
1.4805046
1.4801477
1.4788334
1.4790828
1.4796404
1.4779803
1.4785261
1.4782504
1.4791409
1.4787284
1.4782452
1.4781375
1.4782029
1.4788252
1.4769504
1.4775745
1.4775097
1.4780016
1.4776839
1.4770993
1.4780565
1.4780869
1.4787213
1.4768353
1.4774573
1.4774365
1.477625
1.4774456
1.4768351
1.4788376
1.478757
1.4793031
1.4776635
1.4782133
1.4783293
1.4777287
1.4779573
1.477372
1.4807321
1.4804002
1.4808482
1.479549
1.4799672
1.480353
1.4789138
1.4795049
1.4790129
1.4833537
1.4828057
1.4831392
1.4822384
1.4825078
1.4831045
1.4812022
1.4819072
1.4815716
1.4867264
1.4861459
1.4862671
1.4859962
1.486059
1.4866463
1.4843319
1.4852537
1.485108
1.4907079
1.4901406
1.4900452
1.4905059
1.4903157
1.4908094
1.488086
1.4893369
1.4894088
1.4953054
1.494872
1.4945392
1.4956963
1.4952766
1.495603
1.492402
1.4940737
1.4943444
1.5001755
1.4998784
1.4992435
1.5011608
1.5005236
1.5006952
1.4970635
1.4992823
1.499758
1.5059069
1.5061036
1.5051608
1.5078398
1.5067598
1.5061395
1.5029365
1.5059574
1.5065677
1.5041779
1.5067243
1.5063615
1.5074985
1.5070966
1.5045194
1.5087111
1.5070018
1.5075814
1.4996541
1.5018038
1.5015166
1.502354
1.5020742
1.4999523
1.5022025
1.5015097
1.5018382
1.4957961
1.4975646
1.4973539
1.4979868
1.4977654
1.4960325
1.4980541
1.4973885
1.4976461
1.4923825
1.4938556
1.4937207
1.4941627
1.4939979
1.4925382
1.4944372
1.4937883
1.4939815
1.4892725
1.4904828
1.4904255
1.4906676
1.4905642
1.4893437
1.4912192
1.4905817
1.4907188
1.4863031
1.4873235
1.4873432
1.4873569
1.4873281
1.4862704
1.4882572
1.487609
1.4876808
1.4834045
1.4843077
1.4844428
1.4841245
1.4841939
1.4832397
1.4854083
1.4847211
1.4847142
1.4806786
1.481454
1.4817029
1.4810443
1.4812304
1.4804015
1.4826109
1.4818805
1.4817608
1.4783125
1.4788896
1.4792766
1.4781972
1.4785251
1.4779107
1.4799367
1.479219
1.478968
1.4766171
1.4769287
1.4774453
1.4759625
1.4764322
1.4761223
1.4775155
1.4769198
1.4765326
1.4756862
1.4757379
1.4763357
1.4745886
1.4751538
1.475117
1.4760548
1.4754988
1.4750179
1.4756705
1.4756312
1.4762309
1.474488
1.4750568
1.4751272
1.4754486
1.4751376
1.4746283
1.4768512
1.4765683
1.4771133
1.4755329
1.4760409
1.4763778
1.4755124
1.4757399
1.4752551
1.479327
1.4787362
1.4791325
1.4779919
1.478349
1.4790147
1.4769343
1.4776254
1.4772182
1.4825256
1.4817776
1.4819921
1.481446
1.4815927
1.4824008
1.4797126
1.4806788
1.4804494
1.4866114
1.4859753
1.4859696
1.486103
1.4860202
1.4866851
1.4833333
1.4848315
1.4847984
1.4913932
1.4909031
1.4907075
1.4913985
1.4911358
1.491675
1.4877651
1.4896523
1.4897913
1.4967827
1.4965832
1.4961559
1.4974493
1.4970197
1.4972611
1.4926601
1.4951764
1.4954599
1.5026601
1.5026123
1.5018416
1.5041942
1.5033993
1.5034496
1.4981717
1.5012002
1.5016498
1.5087419
1.5095925
1.5085141
1.5113175
1.5102209
1.5091665
1.5041474
1.5084367
1.5090999
1.5057927
1.5082326
1.507868
1.508948
1.5085764
1.5062104
1.510353
1.5087992
1.5093451
1.5010163
1.5029311
1.5026365
1.5035204
1.5032266
1.5013804
1.5038079
1.5028744
1.5032291
1.4968448
1.4984627
1.4982222
1.4989647
1.4987084
1.4971632
1.4992807
1.4984777
1.4987833
1.4931738
1.4945365
1.4943418
1.49498
1.4947483
1.4934458
1.49537
1.4946776
1.4949541
1.4897627
1.4909418
1.4907927
1.4913215
1.4911173
1.489967
1.4919226
1.4912965
1.4915401
1.4863958
1.4874951
1.487411
1.4877725
1.4876056
1.4864943
1.4887166
1.4881085
1.4883121
1.4830019
1.4840948
1.4840885
1.4842323
1.484138
1.4830159
1.4855703
1.4848855
1.4850228
1.4798043
1.4807757
1.4808869
1.4806793
1.4806987
1.4796833
1.4822921
1.4816089
1.4816347
1.4768959
1.477645
1.4778983
1.4772637
1.477426
1.476628
1.4791139
1.478408
1.4783038
1.474754
1.4751165
1.4755223
1.474427
1.4747505
1.4743578
1.4762478
1.4755752
1.4753372
1.4734927
1.4735416
1.4740553
1.4726407
1.4730801
1.4730015
1.4744333
1.4738075
1.4734656
1.473557
1.4734207
1.4739543
1.4724752
1.4729537
1.4730763
1.473548
1.4733212
1.4729644
1.4750777
1.4746171
1.4750605
1.4738613
1.4742211
1.4747022
1.4737113
1.47406
1.4737255
1.4782314
1.4773486
1.47765
1.4768457
1.4770713
1.4780208
1.4754538
1.4762159
1.4759755
1.4822664
1.4812505
1.4813269
1.4812082
1.4812038
1.4822999
1.4788646
1.4799586
1.4798935
1.4871991
1.4863753
1.4862197
1.4867918
1.4865601
1.487461
1.483235
1.4849119
1.4850397
1.4927444
1.4920357
1.4916993
1.4928433
1.4924178
1.4932011
1.48834
1.4904443
1.4907408
1.4989004
1.4984027
1.4979037
1.4995491
1.4989497
1.499531
1.4940078
1.4965796
1.4970514
1.5061766
1.5057047
1.5049459
1.5072668
1.5064681
1.5071271
1.5002992
1.5032799
1.5039074
1.5120661
1.5128993
1.5119001
1.5144671
1.5133974
1.5126248
1.5067617
1.5109732
1.5116314
1.5075008
1.5096741
1.5093032
1.5104025
1.51002
1.5079527
1.5120101
1.5104338
1.5109356
1.502565
1.5041075
1.5038111
1.5047258
1.5044011
1.5029623
1.5053471
1.5043319
1.5047043
1.4982286
1.4995127
1.4992328
1.5001069
1.4998053
1.4986205
1.5006886
1.4997842
1.5001631
1.4944068
1.4955049
1.4952326
1.4961106
1.4958012
1.4947816
1.4966518
1.4959007
1.4962777
1.4907805
1.4918176
1.4915543
1.4924547
1.4921094
1.4910931
1.4930968
1.4924586
1.4928282
1.4870821
1.4882322
1.4879825
1.4888489
1.4885155
1.487387
1.4897641
1.4891161
1.4894692
1.4833907
1.4845607
1.4843679
1.4850988
1.4847958
1.4836074
1.4862807
1.4856436
1.4859419
1.4796223
1.4807886
1.4806988
1.4811386
1.4809206
1.4797044
1.4826448
1.4819692
1.4821955
1.4761088
1.477092
1.4771425
1.4771775
1.4770904
1.4760427
1.4789717
1.4782902
1.4784143
1.4733756
1.4739397
1.474158
1.473709
1.4737951
1.4731647
1.4756182
1.4749569
1.4749483
1.4717134
1.4719334
1.4722756
1.4714793
1.4716951
1.4713904
1.4733666
1.4728355
1.4727008
1.4717786
1.471692
1.4721035
1.4711094
1.4714431
1.471457
1.4720474
1.4721766
1.4720191
1.4738347
1.4733053
1.4735634
1.4729974
1.4731299
1.4736456
1.4723678
1.4730579
1.4729117
1.4776638
1.4765348
1.4766575
1.4764779
1.4764653
1.477649
1.4746522
1.4755838
1.4755865
1.4826894
1.4813542
1.4812489
1.481733
1.4815014
1.4829212
1.4787913
1.4800159
1.4801975
1.4885393
1.4873807
1.4870556
1.4881826
1.487745
1.488999
1.4840657
1.4857394
1.486117
1.4948902
1.4938363
1.493317
1.4950266
1.4944097
1.495567
1.4898682
1.4919391
1.4924685
1.5017856
1.5009067
1.5002039
1.5024608
1.5016594
1.5026536
1.4963097
1.4987832
1.499479
1.5100601
1.5088947
1.508062
1.5106052
1.5097289
1.5110661
1.5032531
1.5060843
1.5069046
1.5157913
1.5161315
1.515038
1.5179474
1.5167065
1.5166429
1.5104475
1.5139199
1.5147656
1.5093843
1.5111067
1.5107464
1.51182
1.5114434
1.5098414
1.51385
1.5120362
1.5125458
1.5042386
1.5053835
1.5050535
1.5060505
1.5057137
1.5046901
1.5070733
1.5058031
1.5061847
1.49984
1.5007911
1.5004447
1.5015134
1.5011464
1.5002963
1.5023561
1.5013061
1.5017045
1.495996
1.4968519
1.4964734
1.4976665
1.4972497
1.4964781
1.4983488
1.4974841
1.4979195
1.4923243
1.4932401
1.492832
1.494167
1.4936843
1.4928298
1.4948299
1.4941062
1.494591
1.4886186
1.4896562
1.4892227
1.4906783
1.4901354
1.4891276
1.4914698
1.4907466
1.49127
1.4846392
1.485876
1.4854483
1.4868308
1.486338
1.4851003
1.4878912
1.4871443
1.4876427
1.4803934
1.4817708
1.4814024
1.482604
1.4821626
1.4807668
1.4839954
1.483232
1.4836677
1.4762925
1.4775785
1.4773226
1.4782758
1.4778934
1.4765431
1.4798547
1.4791946
1.4795563
1.4728878
1.4738017
1.4737241
1.4742849
1.4740159
1.473011
1.4760006
1.4754345
1.4757087
1.4707584
1.4713486
1.4714082
1.4716201
1.4714862
1.4707339
1.4732787
1.4729687
1.4731404
1.4707697
1.4708148
1.471033
1.4708708
1.4709362
1.4707538
1.4713619
1.472005
1.4721244
1.4735038
1.4729976
1.4729794
1.4733441
1.4731705
1.473629
1.4718641
1.4730146
1.4730924
1.4780372
1.476742
1.4765615
1.4772175
1.4769585
1.4782607
1.474842
1.476026
1.4762449
1.483942
1.48233
1.4820098
1.4830276
1.4826564
1.4843128
1.4796685
1.4810527
1.4813989
1.4906173
1.489089
1.4886228
1.4900597
1.4895608
1.4911745
1.485744
1.4874257
1.4879135
1.4978117
1.4962847
1.4956523
1.4975848
1.4969309
1.4985742
1.4923072
1.4942673
1.4949028
1.5055647
1.5041426
1.5033005
1.5058371
1.5049881
1.5065691
1.4995601
1.5018549
1.5026718
1.5141864
1.512432
1.5114927
1.5143853
1.5133905
1.5152819
1.5071839
1.5096867
1.5107044
1.5204156
1.5199435
1.5186515
1.5220932
1.5206616
1.521588
1.5148312
1.5176364
1.518673
1.5112099
1.5125275
1.5121644
1.5132435
1.512866
1.5116364
1.5157963
1.5136701
1.5141927
1.5060575
1.5067399
1.5063911
1.5074549
1.5070932
1.5065127
1.5089758
1.5073722
1.5077861
1.5017489
1.5022898
1.501894
1.5031274
1.5027004
1.5022555
1.5043434
1.5029942
1.5034581
1.4980903
1.4985799
1.4981118
1.4996138
1.4990848
1.4986759
1.5004902
1.4993809
1.4999216
1.4945871
1.4952709
1.4946994
1.4964976
1.4958845
1.4952104
1.4972011
1.496263
1.4968973
1.4908184
1.491807
1.4912325
1.4929924
1.4923899
1.4914074
1.4939481
1.4930198
1.4936325
1.4866459
1.4878741
1.4873345
1.4890177
1.4884249
1.4872046
1.4901813
1.4892479
1.4898445
1.4821347
1.4835651
1.483054
1.4846679
1.4840831
1.4826531
1.4860454
1.485144
1.4857138
1.477695
1.4791432
1.4786751
1.4801882
1.4796231
1.4781643
1.4815654
1.4808554
1.4813843
1.4737795
1.4750274
1.4746457
1.4759816
1.4754911
1.474204
1.4773872
1.4768512
1.4773168
1.4711422
1.4722681
1.4719595
1.4731549
1.472727
1.4714802
1.4742457
1.4741407
1.4745155
1.4707693
1.4711966
1.4711507
1.471704
1.4715518
1.4711074
1.4715357
1.4725853
1.4727939
1.4742901
1.4738586
1.4736074
1.4745695
1.474224
1.4746245
1.4723039
1.4737463
1.4739903
1.4791713
1.4778378
1.4774996
1.4786193
1.4781905
1.4795107
1.4757828
1.477137
1.477515
1.485609
1.4838361
1.4834053
1.4847753
1.4842754
1.4860702
1.4810683
1.4826113
1.4830992
1.4929485
1.4911087
1.4905696
1.4922523
1.4916667
1.4935686
1.4877405
1.4894862
1.4900732
1.5008868
1.4989362
1.4982554
1.5003458
1.4996343
1.501672
1.495021
1.4969295
1.4976384
1.5095472
1.5075473
1.5066901
1.5092732
1.5084075
1.5105309
1.5030187
1.5051948
1.5060512
1.5186496
1.5163595
1.5153683
1.5183386
1.5173437
1.5197609
1.5115214
1.5137801
1.5148124
1.5257174
1.524333
1.522932
1.5266022
1.5251733
1.5269972
1.5198283
1.5221171
1.5233245
1.5129104
1.5139654
1.5135935
1.5146889
1.5143136
1.5133068
1.5178296
1.5153709
1.5158888
1.5078744
1.5081937
1.5078208
1.5089508
1.5085695
1.5083245
1.5109157
1.5090551
1.5094903
1.5038338
1.5040307
1.5035707
1.5050036
1.5045076
1.5043744
1.5065115
1.5049446
1.5054691
1.5006101
1.5007609
1.5001815
1.5020429
1.5013803
1.5012656
1.5029974
1.501693
1.5023327
1.4971521
1.4977475
1.4971236
1.4990562
1.4983892
1.4978047
1.5001268
1.4989246
1.4996147
1.4932889
1.494236
1.4936028
1.4955506
1.4948783
1.4939475
1.496709
1.4955564
1.4962382
1.4890787
1.4902699
1.4896201
1.4916395
1.4909286
1.4897485
1.4927881
1.4917514
1.4924656
1.484494
1.4859214
1.4852554
1.487347
1.4865875
1.4851816
1.4885671
1.4876118
1.4883472
1.4799239
1.4814319
1.4807575
1.4829013
1.4821026
1.4806155
1.4839765
1.4832278
1.4839709
1.4757313
1.477177
1.4765625
1.4786486
1.4778912
1.4764322
1.4796435
1.4791219
1.4798411
1.4728489
1.4743122
1.4737389
1.4757989
1.4750359
1.4734981
1.4761911
1.4762333
1.476857
1.4718224
1.4723482
1.4721335
1.4731887
1.4728508
1.472459
1.4724435
1.4741061
1.4745318
1.4759013
1.4754933
1.4750585
1.4766566
1.4761051
1.4764581
1.4734737
1.4752703
1.4756829
1.4809387
1.4795876
1.4790521
1.4807774
1.4801147
1.4814298
1.4774991
1.4789388
1.4795558
1.4877221
1.485865
1.4852886
1.4871215
1.4864621
1.4883247
1.483068
1.4847597
1.4854222
1.49557
1.4935056
1.4928674
1.494884
1.4941858
1.4962873
1.4901557
1.4919861
1.4926937
1.5040931
1.5018246
1.5010767
1.5033841
1.5025947
1.5049235
1.4980173
1.4999201
1.5007245
1.5134559
1.5110178
1.5101415
1.51279
1.5118994
1.5144303
1.5065966
1.5087038
1.5096119
1.5230724
1.5203312
1.51933
1.5223412
1.5213295
1.524178
1.5158101
1.5179334
1.5189838
1.5313253
1.5289634
1.5275633
1.5313626
1.5299131
1.5326435
1.5249128
1.526965
1.5281767
1.514499
1.5153823
1.5150345
1.516046
1.5157053
1.5148557
1.519723
1.5169868
1.5174753
1.5096541
1.5097247
1.5093341
1.5105203
1.5101213
1.5100895
1.5128328
1.5108339
1.5112803
1.5060433
1.5060397
1.5055135
1.5071287
1.5065764
1.506611
1.508757
1.5071123
1.5076775
1.5032409
1.5033912
1.502715
1.5047506
1.5040667
1.5038968
1.5058458
1.5044308
1.5051548
1.4998487
1.5004305
1.4997313
1.5018404
1.5011316
1.5005429
1.5030047
1.5017122
1.5024273
1.4960629
1.4969573
1.4962357
1.4984272
1.4976875
1.4968126
1.4995532
1.4983562
1.4990968
1.4920272
1.4931358
1.4923601
1.494763
1.4939205
1.4928391
1.4957788
1.4947202
1.4955686
1.4876216
1.4889729
1.4881087
1.4908114
1.4898298
1.4885193
1.4917019
1.4907821
1.4917034
1.4831549
1.484628
1.4836874
1.4866485
1.4855481
1.4841341
1.4872719
1.4865165
1.4875403
1.4788848
1.4804396
1.479518
1.4826008
1.4814874
1.4799481
1.4830361
1.4825298
1.4835886
1.4758283
1.4775414
1.4766622
1.479762
1.4786956
1.4768715
1.4794352
1.4795507
1.4805572
1.473866
1.4742531
1.4738025
1.4755783
1.4750141
1.474866
1.4752407
1.4764076
1.4770863
1.478586
1.4781087
1.4773994
1.4798725
1.4789821
1.4794048
1.4755253
1.4777167
1.4784141
1.4835266
1.4822111
1.4814036
1.4839217
1.4829633
1.4842471
1.4802881
1.4816966
1.4826618
1.490438
1.488564
1.4878135
1.4902108
1.4893586
1.4912238
1.4858821
1.4876254
1.4885201
1.4985951
1.4964004
1.4956352
1.4980642
1.4972245
1.4994362
1.4931352
1.4950404
1.4958842
1.5075073
1.5050315
1.5041997
1.5067736
1.5058975
1.5084036
1.5013655
1.5032859
1.5042055
1.5173675
1.5146012
1.5136914
1.5164598
1.5155255
1.518356
1.5103435
1.5124245
1.5133918
1.5274945
1.5243767
1.5233509
1.5264475
1.5254019
1.5286079
1.5200945
1.5221733
1.523249
1.5368002
1.5338989
1.5324613
1.5363644
1.5349456
1.5380297
1.5299522
1.5319244
1.5331756
1.5158829
1.5166736
1.516362
1.5172593
1.5169633
1.5161873
1.5214405
1.5184782
1.5189187
1.51137
1.5112887
1.5109093
1.5120313
1.5116589
1.5117839
1.5145356
1.5125283
1.5129244
1.5083807
1.5082536
1.5076845
1.5093927
1.5088143
1.50901
1.5109812
1.5094022
1.50998
1.5058518
1.5061037
1.505424
1.5074689
1.5067836
1.5065086
1.5086949
1.507305
1.5079964
1.5027225
1.5032669
1.5025571
1.5047007
1.5039639
1.5034489
1.5058671
1.5046296
1.5053979
1.4992464
1.4999248
1.4991577
1.5015417
1.5006987
1.5000809
1.5025681
1.5015178
1.5024057
1.4956461
1.4965376
1.4956082
1.4984542
1.4974612
1.4966524
1.4992461
1.4981557
1.4991387
1.4917191
1.4929212
1.4917943
1.4952894
1.4940334
1.4928821
1.4955545
1.4947825
1.4959465
1.4876923
1.4890055
1.4877222
1.4917492
1.4902565
1.4890522
1.4916965
1.4909965
1.4923909
1.4836552
1.4851956
1.4838553
1.4882985
1.4866925
1.4852146
1.4879368
1.4874762
1.488997
1.4801521
1.482457
1.4810577
1.4856792
1.4840232
1.48183
1.4844397
1.4845833
1.4861263
1.4770054
1.4774806
1.4766349
1.4799085
1.4788479
1.4785968
1.4801514
1.4796876
1.4809873
1.4826244
1.4819956
1.4808887
1.4845331
1.4831791
1.4837929
1.4784049
1.4813544
1.4825364
1.4871698
1.4859482
1.4848237
1.4883397
1.4870294
1.4882228
1.484498
1.4857823
1.4871264
1.4939076
1.4920862
1.4911149
1.4942176
1.4931104
1.4949131
1.4897386
1.4914063
1.4925995
1.5021235
1.4998858
1.4989608
1.5018714
1.500855
1.5030902
1.496829
1.4987357
1.499749
1.5112008
1.5086143
1.5076925
1.5105565
1.5095866
1.5121791
1.5051331
1.5070713
1.5081037
1.5213602
1.5183719
1.5174096
1.5203384
1.5193461
1.5223682
1.5143159
1.5163862
1.5174066
1.5320164
1.5285842
1.5275007
1.5308116
1.5296935
1.5331648
1.5244147
1.526529
1.52765
1.5418674
1.5388148
1.5374226
1.5412647
1.5398488
1.5430359
1.5350149
1.5369079
1.5381294
1.5170478
1.5177929
1.5175321
1.5182741
1.5180353
1.5172922
1.5229091
1.519789
1.5201621
1.5129745
1.5127676
1.5124027
1.5134652
1.5131208
1.5133473
1.5159824
1.5140224
1.5143659
1.5108197
1.5105893
1.509987
1.5117998
1.5111958
1.5114017
1.5131007
1.5116976
1.5122637
1.5084932
1.5088286
1.5081493
1.5101617
1.5094991
1.5091557
1.5113426
1.5100338
1.5107105
1.5057027
1.5062004
1.5054396
1.5077285
1.5069526
1.506473
1.5086644
1.5076982
1.5084801
1.5027083
1.503314
1.5024058
1.5051691
1.5042116
1.5036532
1.5057544
1.5050534
1.5059748
1.4999697
1.5005328
1.499447
1.5028086
1.5016079
1.5011082
1.5030945
1.502304
1.5034798
1.4970903
1.4979404
1.4965262
1.5009018
1.4993404
1.4986233
1.5004313
1.4997536
1.5011532
1.4939518
1.4949397
1.4932054
1.4986489
1.4966332
1.4958205
1.4975706
1.4970515
1.4989295
1.4906454
1.4920024
1.4900829
1.4964254
1.4941269
1.4929015
1.4948647
1.4945476
1.4967187
1.4861295
1.4895901
1.4875875
1.4944266
1.4919445
1.4886245
1.4920066
1.4921259
1.4943835
1.4820334
1.4828638
1.4816168
1.4865728
1.4850843
1.4844156
1.4873916
1.4856495
1.4877511
1.4883878
1.4875649
1.4859298
1.4911921
1.4891857
1.4900723
1.4836954
1.486878
1.4887895
1.4922065
1.4911536
1.4896246
1.4944426
1.4926691
1.4936552
1.490585
1.4915908
1.4934445
1.4983128
1.4966364
1.4953723
1.499379
1.4979378
1.4995858
1.4949241
1.4964013
1.4979257
1.5062307
1.5040311
1.5029199
1.5063758
1.5051741
1.5073501
1.501383
1.5031766
1.5044225
1.5152318
1.5126056
1.5115846
1.5147619
1.5136912
1.5163065
1.5094119
1.5113212
1.512481
1.5254574
1.522359
1.521338
1.5244311
1.5233864
1.5264905
1.5185566
1.5205959
1.5216717
1.5364999
1.5329852
1.5319048
1.5351268
1.534059
1.5376024
1.5288132
1.5309732
1.5320627
1.5467781
1.5437398
1.5423339
1.5462202
1.544793
1.547946
1.5398893
1.5418245
1.5430361
1.5179441
1.5186883
1.5184896
1.5190381
1.5188681
1.5181083
1.5240621
1.5208573
1.5211482
1.5143773
1.5141117
1.5137956
1.5147019
1.514411
1.5146898
1.5171008
1.5153192
1.5156141
1.5130938
1.5129902
1.5124022
1.5141224
1.5135634
1.5136398
1.5150449
1.5139042
1.5144339
1.5111395
1.5114794
1.5108219
1.5127762
1.5121291
1.5117928
1.5137427
1.5127101
1.5133624
1.5088842
1.5092858
1.5084925
1.5108735
1.5100637
1.5096905
1.5114289
1.5107983
1.5115827
1.5067266
1.5071297
1.5061196
1.5091825
1.5081255
1.5077847
1.5091926
1.5087896
1.5097875
1.5050511
1.5053409
1.5040151
1.5080977
1.5066577
1.506446
1.5074658
1.507134
1.5084711
1.5040491
1.5041354
1.5024226
1.5077599
1.5058065
1.5058961
1.5063209
1.5058842
1.5077403
1.5025221
1.5029703
1.5006251
1.507997
1.505277
1.5050785
1.5054881
1.5051957
1.5077589
1.5007997
1.5017101
1.4989618
1.5080435
1.5047418
1.5040627
1.5045683
1.5046126
1.5077161
1.497204
1.5004521
1.4973032
1.5073711
1.5037184
1.5004776
1.5033231
1.5034325
1.506884
1.4897676
1.4910793
1.4894492
1.4965088
1.4946869
1.4928317
1.4984947
1.4954813
1.4987362
1.4964534
1.4955791
1.4930708
1.500764
1.4977628
1.4988182
1.4926879
1.4953458
1.498446
1.4990266
1.4982626
1.4962193
1.5026808
1.5003481
1.5009454
1.4990809
1.4995959
1.5021838
1.5038721
1.5024836
1.5008402
1.5059824
1.5041132
1.5054947
1.5018156
1.5029462
1.504838
1.5110148
1.5089174
1.5076275
1.5117009
1.5102771
1.5123551
1.5070116
1.5085243
1.5100842
1.5196537
1.517101
1.5159214
1.5195196
1.5183023
1.5208204
1.5143306
1.5161202
1.5174188
1.5296995
1.5266003
1.5254899
1.5288975
1.5277434
1.5307714
1.5230128
1.5250312
1.526161
1.5408365
1.5372274
1.5361741
1.5394036
1.5383042
1.5419103
1.5332322
1.5353814
1.5365064
1.5516479
1.5486958
1.5473007
1.551122
1.5497415
1.5527763
1.5446612
1.5466926
1.5478886
1.5185099
1.5193035
1.5191828
1.5194888
1.5194045
1.5185919
1.5248297
1.5216085
1.5217984
1.5155391
1.5152202
1.5149771
1.515626
1.5154348
1.5157852
1.5179056
1.5163508
1.516542
1.5152258
1.5152004
1.5146652
1.5162214
1.5157225
1.5157411
1.5166833
1.5159491
1.5163931
1.5137431
1.5140485
1.5134136
1.5153117
1.514678
1.5143844
1.5159311
1.5152658
1.5158908
1.5122188
1.5124857
1.5116627
1.5141166
1.5132836
1.513057
1.5141909
1.5138886
1.5146686
1.511224
1.5113288
1.5102229
1.5135714
1.5124156
1.5123957
1.5128403
1.5128074
1.5138714
1.5112049
1.5110819
1.5095239
1.514299
1.5126221
1.5128685
1.5124603
1.5126277
1.51415
1.5123491
1.51198
1.5097382
1.5166525
1.5141714
1.5147409
1.5133429
1.5135993
1.5158421
1.5143367
1.5139531
1.5107232
1.5206676
1.5171222
1.5179438
1.5153084
1.5160389
1.5192707
1.5156768
1.5156798
1.5116958
1.5249538
1.5201037
1.5204978
1.5181759
1.5190274
1.5235316
1.51295
1.516204
1.5116884
1.5276185
1.5215768
1.5195609
1.5205029
1.5209288
1.5262329
1.5020363
1.5030096
1.5006217
1.5103545
1.5072483
1.505605
1.5163521
1.5105016
1.5145508
1.5075994
1.5069198
1.5033424
1.5142796
1.5100674
1.5109407
1.5065306
1.5081511
1.5129319
1.5079901
1.507773
1.5051314
1.5136299
1.5106327
1.5106231
1.5107852
1.5105153
1.5139469
1.5108368
1.5098876
1.5077973
1.514203
1.5119296
1.5128394
1.5108106
1.5113467
1.5136873
1.5165925
1.5147719
1.5132108
1.5180975
1.5164237
1.5181008
1.513997
1.5150138
1.516875
1.5245422
1.5219889
1.5207368
1.5245512
1.5232431
1.5258312
1.5198711
1.5215806
1.5230645
1.5341119
1.5311381
1.5300386
1.533406
1.5322631
1.5352503
1.5279215
1.5297241
1.5309618
1.5451572
1.5416716
1.5405338
1.543927
1.5428006
1.5462645
1.5377509
1.5398722
1.5410347
1.5563195
1.5535055
1.5521637
1.5558593
1.5545241
1.5574016
1.5492506
1.5514299
1.552585
1.5187188
1.5195845
1.5195498
1.5195866
1.5195969
1.5187058
1.525181
1.5219885
1.5220675
1.5163935
1.5159374
1.5157937
1.5161497
1.5160562
1.5165467
1.5182602
1.5169589
1.5170439
1.517186
1.5171541
1.5166953
1.5179677
1.5175756
1.5176464
1.5178597
1.5175657
1.5179235
1.5163167
1.5165566
1.5159447
1.5177332
1.5171539
1.5169302
1.5179001
1.5176371
1.5181828
1.5156891
1.5157796
1.5149251
1.5174622
1.5166112
1.5165634
1.5169427
1.516983
1.5177454
1.5161843
1.5159042
1.5147024
1.5183353
1.5170803
1.5174625
1.5166789
1.5170757
1.5182148
1.5184708
1.5177483
1.5159529
1.5214263
1.5195151
1.5204146
1.5180507
1.5188462
1.5205492
1.5231362
1.5218392
1.5190945
1.5275567
1.5245401
1.5261514
1.5217298
1.5229438
1.5256282
1.530599
1.5282198
1.5241021
1.5372901
1.5322382
1.5352183
1.5280529
1.5301994
1.5344753
1.5381429
1.5363277
1.5303869
1.5505683
1.5431144
1.54548
1.5379227
1.540338
1.5473291
1.5360903
1.5411319
1.5339892
1.5564196
1.5485908
1.5435314
1.5466758
1.547654
1.5555363
1.521671
1.519419
1.5152689
1.5326761
1.5250175
1.5275046
1.5418498
1.5333228
1.5390746
1.5230798
1.5231117
1.5182238
1.5337037
1.5280753
1.5277229
1.5278579
1.5277443
1.5343408
1.5195466
1.5203736
1.5169298
1.5281072
1.5240824
1.5231337
1.5267359
1.5251955
1.5296488
1.5194413
1.5190697
1.516608
1.5244059
1.5218218
1.5217382
1.5222368
1.5219229
1.5249691
1.5229346
1.5217851
1.5199164
1.5257141
1.5237121
1.5247232
1.5222404
1.5227704
1.5248856
1.5298123
1.5273082
1.5258912
1.5303527
1.5287828
1.5312409
1.5261524
1.5277388
1.5294235
1.5387953
1.535858
1.5346049
1.5384415
1.5371663
1.5400316
1.5333543
1.5349409
1.5363054
1.5497742
1.546231
1.5450713
1.548447
1.5473416
1.5508984
1.5426566
1.5446599
1.5458385
1.5607648
1.5581666
1.5568757
1.5603932
1.5591466
1.5617978
1.5539272
1.5560104
1.5571255
1.5185302
1.5194905
1.5195526
1.5192983
1.519407
1.5184147
1.5250894
1.5219542
1.5219175
1.5168466
1.5162554
1.5162159
1.5162492
1.516266
1.5168854
1.5181449
1.5171192
1.5170844
1.5188595
1.5187243
1.5183588
1.5193659
1.5190599
1.5192227
1.5185044
1.5187869
1.5190035
1.518722
1.5188612
1.518305
1.519925
1.5193998
1.5192916
1.5196127
1.519708
1.520168
1.5192607
1.5190978
1.5182722
1.5207099
1.5198991
1.5201072
1.5195184
1.5199365
1.5206379
1.5216161
1.52087
1.5195668
1.5234118
1.5221121
1.5230006
1.5206308
1.5215497
1.5226917
1.5268743
1.5253401
1.5233089
1.5295161
1.5273588
1.5291198
1.524239
1.5258113
1.5277001
1.5366483
1.5338432
1.5305401
1.5407239
1.5371203
1.5403785
1.5315159
1.5340784
1.537231
1.5523065
1.5478441
1.5420895
1.5600126
1.5533993
1.5589562
1.5442244
1.5486624
1.554215
1.569534
1.5664929
1.5583536
1.5841728
1.575108
1.5784953
1.5649216
1.5706656
1.579233
1.5701005
1.5734955
1.5646723
1.5934672
1.583004
1.5801062
1.580621
1.5822049
1.5925503
1.5483199
1.5483419
1.5398023
1.5670721
1.5572907
1.5560522
1.5762158
1.5653397
1.5757192
1.5446224
1.546384
1.53995
1.5608759
1.5535218
1.5509667
1.5557713
1.5550141
1.5625259
1.5343649
1.5368941
1.5322122
1.5469023
1.5417121
1.5386947
1.5479319
1.5446495
1.550245
1.5296727
1.5302264
1.5273396
1.5369172
1.5335811
1.5326559
1.5365142
1.5350065
1.5386154
1.5306154
1.5300239
1.5277994
1.5345121
1.5322499
1.5326936
1.5322825
1.5319856
1.5344644
1.5356886
1.5335631
1.531953
1.5368419
1.5351812
1.5371598
1.5334684
1.5346629
1.5364422
1.5436293
1.5409671
1.5397049
1.5435229
1.5422367
1.5448307
1.5390398
1.5403794
1.5417674
1.5541516
1.5506379
1.5495389
1.5528351
1.5517352
1.5552192
1.5474041
1.5493407
1.5505025
1.565041
1.5625654
1.5613624
1.5646901
1.5635185
1.5660561
1.5583996
1.5604316
1.5615073
1.5179246
1.5190105
1.519169
1.5186169
1.5188276
1.5177041
1.5245668
1.5214953
1.5213388
1.5168102
1.5161284
1.5162032
1.5158878
1.5160238
1.5167175
1.5175421
1.5167898
1.5166273
1.5201947
1.5198721
1.5196371
1.5202278
1.5200813
1.5204803
1.5186117
1.5194339
1.5195008
1.5209071
1.5209261
1.5204311
1.521863
1.5213986
1.5214474
1.5210323
1.5214547
1.521845
1.522742
1.5222971
1.5214867
1.5238465
1.5230181
1.5235672
1.5218984
1.5226857
1.5233547
1.527151
1.525711
1.5244955
1.5275699
1.5266403
1.5281129
1.5245017
1.5256925
1.5265868
1.5364517
1.5337919
1.5315988
1.5374036
1.5355086
1.5384324
1.5302206
1.5326514
1.5342728
1.5532268
1.5482683
1.5443392
1.5562638
1.5521452
1.5577819
1.5424774
1.5468935
1.5503977
1.5826896
1.5740246
1.5665008
1.5901641
1.5816003
1.5915746
1.5644989
1.5725668
1.5795934
1.6096352
1.6042891
1.5938894
1.628158
1.6156837
1.622074
1.6002525
1.6084433
1.6196346
1.6154095
1.618084
1.6049399
1.651968
1.6329352
1.6300068
1.6273216
1.6314422
1.6491626
1.5830311
1.5885388
1.577268
1.6143738
1.6005522
1.5935397
1.6227321
1.6117772
1.6271594
1.5733233
1.5765216
1.5685276
1.5936825
1.5849287
1.5813583
1.5898731
1.5874192
1.5967207
1.5534913
1.5577157
1.5518603
1.5699771
1.5635144
1.5586992
1.5757883
1.5697976
1.577032
1.5420365
1.5440036
1.5404466
1.5514663
1.5476288
1.5453233
1.554322
1.5504052
1.5547587
1.5390786
1.5391288
1.5367961
1.5439801
1.5415478
1.5412982
1.5437083
1.5423727
1.5450952
1.5417656
1.5402571
1.5385201
1.5437921
1.5419868
1.5433327
1.5413948
1.5419838
1.5439137
1.5484713
1.5461232
1.5448147
1.5487579
1.5474332
1.5496977
1.5449024
1.5460018
1.547454
1.5583554
1.5550326
1.5539369
1.5572178
1.5561302
1.5593934
1.5521697
1.5539911
1.5551419
1.5691122
1.5667094
1.5656017
1.5686734
1.5675943
1.5700431
1.5627003
1.5646886
1.5657148
1.5169
1.5181231
1.5183845
1.5175327
1.5178407
1.5165806
1.523608
1.5205987
1.5203302
1.5162422
1.515529
1.5157268
1.5150515
1.5153096
1.5160326
1.5164682
1.5159548
1.5156656
1.52109
1.5204361
1.5203625
1.5205118
1.5204767
1.5211957
1.5181647
1.5195111
1.5194316
1.5228795
1.5227194
1.522287
1.5234763
1.5230713
1.5232865
1.5220658
1.522798
1.5231785
1.5260479
1.5252999
1.5244999
1.5254598
1.5253516
1.526836
1.5239738
1.5250647
1.5256806
1.5306641
1.5289737
1.5282737
1.5296764
1.5293151
1.5310584
1.5280069
1.528235
1.5285882
1.543912
1.5397564
1.5385504
1.5413232
1.540527
1.5448311
1.5335737
1.5368632
1.5375082
1.5711553
1.5626903
1.5591889
1.5662763
1.5644026
1.5733036
1.5503508
1.5566991
1.5581518
1.6213508
1.608217
1.5988808
1.6218819
1.6142616
1.630288
1.584533
1.5977706
1.6031105
1.6077394
1.6126924
1.6029031
1.6339227
1.6230183
1.6172344
1.6374897
1.6290879
1.6417384
1.5756982
1.5831693
1.5763183
1.597383
1.5901908
1.5816536
1.6099113
1.6004493
1.6082562
1.5556857
1.5593719
1.5552528
1.5676813
1.5633352
1.5592514
1.5744948
1.5682999
1.5731274
1.5481736
1.5490805
1.5465365
1.5544337
1.5517612
1.5505865
1.556347
1.5538419
1.5568298
1.5482462
1.5474276
1.5455706
1.5511662
1.5492718
1.5499086
1.5499724
1.5498369
1.5519098
1.5534049
1.5514261
1.5500856
1.5541398
1.5527756
1.5546547
1.5510607
1.551842
1.5533447
1.5624211
1.5593818
1.5583034
1.5615335
1.5604579
1.5634253
1.5569384
1.5585913
1.5597425
1.5729013
1.5705905
1.5695556
1.5724343
1.5714375
1.5737887
1.566753
1.5687406
1.5697065
1.5154843
1.5168516
1.5172047
1.5160815
1.5164775
1.5150731
1.5222606
1.5193023
1.5189329
1.5151886
1.5144569
1.5147725
1.5137535
1.5141196
1.514869
1.5149533
1.5146356
1.5142342
1.5213716
1.5204219
1.5204384
1.5201801
1.5202568
1.5213982
1.5171344
1.5189683
1.5187597
1.5245132
1.5235813
1.5235519
1.5246521
1.5242212
1.524934
1.522556
1.5241413
1.5245159
1.5288225
1.5272325
1.5265071
1.5289917
1.5282243
1.5290927
1.5259608
1.5273651
1.5281257
1.5345327
1.532418
1.5314107
1.5348474
1.5336012
1.5358141
1.5310611
1.5319372
1.5331566
1.5513115
1.5460844
1.5442376
1.5503711
1.5481538
1.5537326
1.5390576
1.5433257
1.5452117
1.587214
1.5755987
1.5718154
1.5841831
1.5797659
1.5922209
1.5608237
1.5693536
1.5730088
1.6661107
1.6417862
1.6324803
1.662317
1.6517679
1.6792003
1.6079951
1.6273549
1.6355366
1.6486517
1.6583628
1.6456642
1.6870943
1.6721573
1.6600178
1.7198353
1.6894865
1.708668
1.6009683
1.6124212
1.6049929
1.6278669
1.6202177
1.6075738
1.6481667
1.6343219
1.642786
1.570739
1.5763125
1.5718422
1.5851397
1.5806787
1.5744826
1.5970287
1.5881072
1.5930687
1.5579228
1.5599458
1.5571937
1.5655834
1.5627485
1.5604357
1.5699383
1.5661005
1.5692781
1.5550113
1.5549373
1.5530648
1.5587558
1.5568773
1.5567663
1.5589543
1.5580947
1.5601808
1.5583983
1.5568511
1.5554897
1.5595484
1.5581873
1.5596453
1.5574175
1.5578017
1.5592882
1.566338
1.56363
1.5625848
1.5656653
1.5646513
1.5672742
1.5616662
1.5631081
1.5642071
1.5764927
1.5742138
1.5732738
1.575864
1.5749901
1.5773106
1.5705439
1.5725061
1.5733859
1.5137268
1.5152318
1.5156676
1.5143079
1.5147799
1.5132405
1.5205804
1.517645
1.5171891
1.5137115
1.5129505
1.5133636
1.5120533
1.5125139
1.5132751
1.5130729
1.5128982
1.5124107
1.5208745
1.5195917
1.5198712
1.5191873
1.5196773
1.5207173
1.5156317
1.5177833
1.5173189
1.5259421
1.5247088
1.5245992
1.5249427
1.5247819
1.526197
1.5227843
1.5237948
1.5240395
1.5316254
1.5302531
1.5295029
1.5313777
1.5308924
1.532255
1.5272894
1.5293137
1.5297219
1.5398108
1.5370442
1.5359716
1.5391938
1.5381301
1.5410823
1.5336263
1.5356299
1.5365666
1.5613847
1.5546873
1.5525501
1.558816
1.5567793
1.5638425
1.5452317
1.5506312
1.552353
1.6079202
1.5928327
1.5885397
1.6011288
1.5970379
1.6129802
1.5727406
1.5836423
1.5870254
1.7206187
1.6828946
1.6726639
1.7028066
1.6930103
1.7341422
1.6335566
1.6593837
1.6670377
1.6277442
1.6432177
1.6355388
1.6579823
1.650888
1.6339131
1.688049
1.6691107
1.6772381
1.586439
1.5941366
1.5896831
1.6032035
1.5986238
1.5904164
1.6202498
1.6085742
1.6133824
1.568089
1.5712825
1.5683971
1.5769772
1.5740898
1.5705575
1.5840441
1.5788398
1.5818604
1.5618821
1.5626209
1.560706
1.5664868
1.5645394
1.5636351
1.568086
1.5665216
1.568609
1.563308
1.5622414
1.5608867
1.5649115
1.5635916
1.564567
1.5637911
1.5637671
1.5652191
1.569995
1.5676631
1.5666737
1.5696107
1.5686592
1.5708919
1.566293
1.567465
1.5685206
1.5796255
1.5774256
1.5766119
1.5788639
1.5781142
1.5803277
1.5740521
1.5759238
1.576731
1.5116862
1.5133176
1.5138227
1.5122681
1.5128016
1.5111377
1.5186353
1.5156876
1.5151637
1.511956
1.5110854
1.5115801
1.5099777
1.51058
1.5115091
1.5108814
1.5108071
1.510231
1.5199966
1.5183769
1.5188848
1.5178737
1.5179739
1.5196684
1.5139057
1.5164629
1.5157234
1.5266757
1.5253461
1.5252119
1.5255616
1.5254492
1.5268237
1.5215883
1.5236706
1.5235187
1.5341299
1.5323758
1.5318963
1.5332944
1.5328467
1.5347049
1.528194
1.5306521
1.5309111
1.5447153
1.5411991
1.5402186
1.5430324
1.5421391
1.5458369
1.5362598
1.5390388
1.5397745
1.5708262
1.5627167
1.5607993
1.5663549
1.5645729
1.5730108
1.5507692
1.557208
1.5587098
1.6272659
1.608937
1.605102
1.6161797
1.612632
1.631739
1.5835682
1.5965926
1.5995522
1.7706854
1.7214287
1.7122714
1.7387565
1.7302425
1.7817806
1.656706
1.6887646
1.6953936
1.650691
1.6714609
1.6661292
1.6855077
1.6765745
1.6589713
1.7267379
1.7011594
1.7099421
1.6024399
1.6120079
1.6075292
1.6205947
1.6165468
1.6052991
1.6423663
1.6281276
1.6343485
1.578251
1.5826621
1.579801
1.5876657
1.5851797
1.5808021
1.5980826
1.5914338
1.5944599
1.5687981
1.5702998
1.5683679
1.5740491
1.5721829
1.5703992
1.577326
1.5748564
1.5770189
1.5681499
1.5675542
1.5662687
1.5701538
1.5688907
1.5693044
1.5700508
1.5695958
1.5710664
1.5734187
1.5714953
1.5705823
1.5733113
1.5724313
1.5742458
1.5707254
1.5716228
1.5726019
1.5823249
1.5802137
1.5795334
1.5814561
1.5808197
1.5828619
1.5772483
1.5790196
1.5797335
1.5094215
1.5111691
1.511726
1.5100277
1.5106056
1.5088367
1.5164994
1.5135002
1.5129283
1.5097463
1.508894
1.5094174
1.5077056
1.508309
1.5090838
1.508464
1.5084291
1.507861
1.5185448
1.5168087
1.5173524
1.5159025
1.5163545
1.5182135
1.5114543
1.5140812
1.5134877
1.5269302
1.5254507
1.5255414
1.5250515
1.5252776
1.5268909
1.5202965
1.5227633
1.52243
1.5360973
1.5340007
1.5336678
1.5345471
1.534288
1.5364646
1.528721
1.5315367
1.5316758
1.5488965
1.5446929
1.5438844
1.5461808
1.545459
1.5498175
1.538453
1.5417475
1.542324
1.579076
1.5697031
1.5680691
1.5727487
1.5712658
1.5809241
1.5554707
1.5628263
1.5640711
1.6442664
1.6228453
1.6195767
1.6290036
1.6259835
1.6481097
1.592898
1.6077312
1.610212
1.6771403
1.6986151
1.6919262
1.7123091
1.7061615
1.683161
1.7552924
1.7302973
1.7367856
1.6177929
1.6306935
1.6258384
1.6378039
1.6341814
1.6203412
1.6637615
1.6472909
1.6521182
1.5886609
1.592193
1.5900473
1.5989082
1.596272
1.5912525
1.6125012
1.6017138
1.6060562
1.5754512
1.5777538
1.5759377
1.5814905
1.5796101
1.5771739
1.5865563
1.5830911
1.5849168
1.572745
1.5727077
1.5714456
1.5752626
1.5739238
1.5738729
1.5761495
1.5751899
1.5766487
1.5765999
1.5750525
1.574201
1.5766806
1.5759037
1.5772741
1.5748937
1.5755165
1.5763817
1.584472
1.58265
1.5820524
1.5837294
1.5831628
1.5847614
1.5800583
1.5817534
1.5823973
1.5070174
1.5088525
1.509445
1.5076603
1.5082613
1.5064129
1.5142501
1.5111581
1.5105598
1.5072838
1.5064548
1.5070696
1.5052091
1.5058665
1.5066414
1.50586
1.5058823
1.5052316
1.5167904
1.5149536
1.5154504
1.5137076
1.5143431
1.5162602
1.5090152
1.5117565
1.5111497
1.5265582
1.5245112
1.5247933
1.523864
1.5242006
1.526368
1.5184837
1.5212779
1.5208645
1.5373438
1.5349687
1.534772
1.535234
1.5351225
1.5375633
1.528685
1.531887
1.5318959
1.5522791
1.5474882
1.5468568
1.5486062
1.5480702
1.5529999
1.5399773
1.5437744
1.5441657
1.5859572
1.5754907
1.5741587
1.5779352
1.5767514
1.5874588
1.5592863
1.5674084
1.5683943
1.6585244
1.6346013
1.6318728
1.6396091
1.6371745
1.6616246
1.6005946
1.6169428
1.6189671
1.6986082
1.7229501
1.7171655
1.7330141
1.7281578
1.7035109
1.7805918
1.754185
1.7594052
1.6314429
1.645857
1.6417785
1.6530515
1.6495308
1.6350032
1.6836252
1.6658253
1.6692515
1.5977906
1.6027799
1.6005149
1.6083363
1.6059137
1.600514
1.6238764
1.6153963
1.617726
1.5824649
1.5856093
1.5838328
1.5890503
1.5873718
1.5842222
1.5952829
1.5911958
1.5931664
1.5771836
1.577918
1.5762872
1.5801001
1.5794026
1.578171
1.5821737
1.5802165
1.5813917
1.579375
1.5781485
1.5775618
1.5802177
1.5791293
1.5801843
1.5788335
1.5788537
1.5800089
1.5858747
1.5847547
1.5842412
1.5855705
1.5851242
1.5859254
1.5826269
1.5841598
1.5845992
1.5045469
1.5064493
1.5070538
1.5052481
1.5058478
1.5039377
1.5119653
1.5087395
1.508133
1.5047057
1.5038997
1.504548
1.5025572
1.5032215
1.5040382
1.5036185
1.5032697
1.5026003
1.5146204
1.5124611
1.5130821
1.5112046
1.5118334
1.5140585
1.5062326
1.5091358
1.5084483
1.5255808
1.5231184
1.5235037
1.5222841
1.5227114
1.5252625
1.5164807
1.5195192
1.5190328
1.5379814
1.5353312
1.5353045
1.5352516
1.5353175
1.5380483
1.528012
1.5316598
1.5314833
1.5548701
1.5495469
1.5490995
1.5503152
1.5499525
1.5553969
1.5408929
1.5451054
1.5453471
1.5914592
1.5800781
1.5790408
1.5819367
1.5810401
1.5926262
1.5622245
1.5709718
1.5717089
1.6698946
1.6440406
1.6418918
1.6479215
1.6460435
1.6723088
1.6067078
1.6243409
1.625922
1.717
1.7424345
1.7377977
1.7513002
1.7469316
1.7209614
1.8020257
1.7742924
1.7790041
1.6438977
1.6598685
1.6565259
1.6660617
1.6630319
1.6469445
1.6983082
1.679378
1.6826832
1.6062943
1.6126269
1.6102366
1.6172644
1.614973
1.6083556
1.6356438
1.6257046
1.6282289
1.5881793
1.5919685
1.5902355
1.5949891
1.5935324
1.5895699
1.6019837
1.5985441
1.600019
1.5820778
1.5820828
1.5811123
1.5847787
1.5832359
1.5828237
1.5873703
1.5863889
1.5880013
1.5818276
1.5814402
1.5808465
1.5827565
1.5820703
1.582309
1.5822748
1.58258
1.5836387
1.5861251
1.586293
1.5860559
1.5868054
1.5866799
1.5866577
1.584306
1.5858005
1.5859829
1.5022764
1.5040302
1.504637
1.5028353
1.5034439
1.5017886
1.5097086
1.5063231
1.5057245
1.5020539
1.5012601
1.5019103
1.4999478
1.5006027
1.5013816
1.5009212
1.5006091
1.4999387
1.5123253
1.5099179
1.5105664
1.5086136
1.5092672
1.511726
1.5034336
1.506374
1.5056881
1.5241768
1.521373
1.5218376
1.5203926
1.5208905
1.5237745
1.5142948
1.5174763
1.5169308
1.538077
1.5349584
1.535129
1.5345116
1.5347523
1.5380312
1.5268866
1.5307196
1.5304075
1.5567052
1.5509203
1.5506382
1.5513659
1.5511632
1.557053
1.541312
1.545873
1.5459841
1.5956593
1.5835244
1.5827621
1.5848534
1.5842199
1.5965224
1.5643399
1.5735688
1.5740764
1.6786854
1.6512872
1.6496594
1.6541838
1.6527902
1.6805097
1.6113744
1.6300253
1.6311976
1.7321952
1.7597159
1.7555916
1.7673072
1.7636126
1.7357831
1.820985
1.7917487
1.7955525
1.6555553
1.6718345
1.6689797
1.6774924
1.6746946
1.6582379
1.7122058
1.692041
1.694981
1.6140817
1.6217524
1.6195292
1.6260503
1.6239127
1.6159251
1.645725
1.6353243
1.6375372
1.593224
1.5978248
1.5964112
1.6005762
1.5992129
1.5943011
1.6088447
1.6045938
1.606077
1.5846762
1.5867772
1.5859525
1.588666
1.5876957
1.5854209
1.5914501
1.5898324
1.5908393
1.5836945
1.5842984
1.5834976
1.5855928
1.5850219
1.5843254
1.5855795
1.5855474
1.5862325
1.5860891
1.5871251
1.5868105
1.5875432
1.5876347
1.5857822
1.5860284
1.586527
1.5866532
1.4998432
1.5016321
1.5022204
1.5007034
1.5010709
1.4992287
1.5075565
1.5039491
1.503385
1.4994079
1.4986451
1.4992942
1.4973767
1.4980052
1.4987667
1.4982872
1.4979594
1.4973155
1.5098731
1.5073011
1.5079583
1.5059834
1.5066419
1.5092428
1.5007483
1.5036512
1.5029795
1.5224656
1.5193516
1.5198784
1.5182673
1.5188135
1.5220014
1.5119354
1.5152307
1.5146479
1.537652
1.5339583
1.5342483
1.5333227
1.5336523
1.5374552
1.5253817
1.5293499
1.5289637
1.5578421
1.5516579
1.5515311
1.5518018
1.551748
1.5580227
1.5412788
1.5461286
1.5461098
1.5986847
1.5859386
1.5854263
1.5867898
1.5863949
1.5992746
1.5656927
1.5752811
1.5755807
1.6853352
1.6566557
1.6554761
1.6587051
1.6577354
1.6866732
1.6147504
1.6341578
1.6349462
1.8657285
1.9028565
1.9001068
1.9067226
1.9048906
1.8690257
2.0237893
1.9566618
1.9575342
1.7457812
1.7740406
1.7707661
1.779912
1.7770647
1.748821
1.8353136
1.8059542
1.8090797
1.6659165
1.6828196
1.680219
1.6876909
1.6853122
1.6682933
1.7247582
1.7032544
1.7058297
1.621513
1.6300911
1.6280857
1.633948
1.632032
1.6233089
1.6547425
1.6438179
1.6457624
1.5978146
1.6031097
1.6018725
1.6054991
1.6043264
1.5989732
1.6156066
1.6103208
1.6116608
1.5879924
1.5904595
1.5895602
1.5921856
1.5913435
1.588896
1.5957171
1.5939381
1.5949568
1.586125
1.5865873
1.5860995
1.5875892
1.5870721
1.5866263
1.5881466
1.5881656
1.5887736
1.5866739
1.5873409
1.587438
1.586957
1.587077
1.5863918
1.5879424
1.5877341
1.5877604
1.4975202
1.4996112
1.5002785
1.4984386
1.4990386
1.4969116
1.5055253
1.5017506
1.5011908
1.4968796
1.4961391
1.4967547
1.4949204
1.4955265
1.4962602
1.4958668
1.4954385
1.4948282
1.5073414
1.5046696
1.5053252
1.5033662
1.5040164
1.5067082
1.4981778
1.5009975
1.5003483
1.5205528
1.5171564
1.5177134
1.5160342
1.516596
1.5200543
1.5095005
1.5128758
1.5122824
1.5366796
1.5326083
1.5329768
1.5318147
1.5322222
1.5363632
1.5236383
1.5277151
1.5272702
1.5583321
1.5518018
1.5518212
1.5515896
1.5517229
1.5583627
1.5405583
1.5457272
1.5455096
1.6006576
1.5874207
1.5871341
1.5878447
1.5876578
1.6009963
1.5663512
1.5761962
1.5763132
1.6899269
1.6602755
1.6595384
1.6614408
1.6608982
1.6906853
1.6169514
1.636808
1.6372887
1.8776718
1.9101025
1.9082369
1.9138844
1.9118423
1.880138
2.0201047
1.9589162
1.9598151
1.7571284
1.785036
1.7825555
1.7894777
1.787351
1.7596534
1.845863
1.8173833
1.8197727
1.6746388
1.6921971
1.6899831
1.6964193
1.6943444
1.6765435
1.7348201
1.7129492
1.7151542
1.6282602
1.637587
1.6357944
1.6409635
1.639306
1.6297692
1.6628214
1.6511293
1.6528143
1.60226
1.6078143
1.6066743
1.6100671
1.6089566
1.6033186
1.6214418
1.6154485
1.6166561
1.5913818
1.593837
1.5930258
1.595382
1.594622
1.5921272
1.5998808
1.5977803
1.5986496
1.5879885
1.5885809
1.5880997
1.5894486
1.5890353
1.5883852
1.5908756
1.5904169
1.5909254
1.5859376
1.5868918
1.5869717
1.5867125
1.5867763
1.5857285
1.5890527
1.5882576
1.5884332
1.4952484
1.4973101
1.4978493
1.496279
1.4968012
1.4947686
1.5035813
1.4996082
1.4991487
1.494432
1.4937069
1.4943117
1.4925273
1.49311
1.4938357
1.4935239
1.4930361
1.4924668
1.5048136
1.5020719
1.5027176
1.5007922
1.5014299
1.5041853
1.4956999
1.4984349
1.4978098
1.5185135
1.5149053
1.5154701
1.5137719
1.5143386
1.5179836
1.507055
1.5105083
1.5099218
1.5352567
1.5309408
1.5313878
1.5299923
1.5304751
1.534838
1.5217099
1.5258487
1.5253497
1.5581716
1.5511771
1.5514061
1.5505964
1.5509064
1.5579968
1.5392757
1.5446323
1.5442766
1.6016807
1.588074
1.5879802
1.5881268
1.5881196
1.6018141
1.5663728
1.5764176
1.5763556
1.6923798
1.6622566
1.6619151
1.66268
1.6625955
1.6928643
1.6181211
1.6382551
1.638438
1.8862855
1.9175287
1.9156662
1.9208503
1.9191957
1.8880639
2.0207293
1.9622838
1.963268
1.7665074
1.7933529
1.7914913
1.7968345
1.7951384
1.7685645
1.8541969
1.8260229
1.8278642
1.6818778
1.7003201
1.698421
1.7038904
1.7021487
1.6835732
1.7431103
1.7213795
1.7233504
1.6339339
1.644028
1.6425325
1.6468225
1.6454534
1.6352136
1.6702015
1.6575729
1.6590571
1.6064392
1.6122744
1.6111875
1.6144115
1.6133565
1.6074559
1.6263024
1.6201424
1.6212579
1.5941902
1.5968256
1.596116
1.5981573
1.5975032
1.5948384
1.6037242
1.6010844
1.6018533
1.5891483
1.5902108
1.5898352
1.5909412
1.5905747
1.5893165
1.5934444
1.5923812
1.5928434
1.5850295
1.5865598
1.5866292
1.5863003
1.586407
1.5847824
1.5896524
1.5885781
1.5885545
1.4932488
1.4952429
1.4957401
1.4943263
1.4947984
1.4927462
1.5018996
1.4976991
1.4972788
1.4921054
1.4913798
1.4919506
1.4902538
1.4908133
1.4915443
1.49143
1.4908044
1.4902622
1.5023194
1.4995287
1.5001584
1.498281
1.498903
1.5017046
1.4933271
1.4959668
1.4953615
1.5163492
1.5126312
1.5132021
1.5114801
1.5120565
1.5157898
1.5046529
1.508176
1.5075969
1.5334535
1.5289792
1.529493
1.5279105
1.528451
1.5329519
1.5196048
1.523787
1.5232478
1.557187
1.5498683
1.5502498
1.5490086
1.5494542
1.5568319
1.537569
1.5430354
1.5425706
1.6018979
1.5879753
1.5880845
1.5875665
1.5877993
1.6018658
1.5655252
1.5757963
1.5754959
1.6932858
1.662854
1.6627069
1.6630931
1.6629958
1.6933209
1.6184115
1.6387497
1.6387262
1.8925566
1.9236955
1.9223032
1.9262482
1.9249928
1.8939968
2.0213395
1.9652434
1.9658934
1.7740781
1.8000466
1.7984716
1.803136
1.8016188
1.7757465
1.8608892
1.8328984
1.8344512
1.6885459
1.7071601
1.7055631
1.710147
1.7086909
1.690144
1.7501414
1.7289325
1.7306353
1.6388063
1.6494023
1.6481332
1.6518342
1.6506357
1.6399491
1.6765424
1.6632199
1.664511
1.6104045
1.6164662
1.6154494
1.6184383
1.6174599
1.6113454
1.6307442
1.6244466
1.6254585
1.5966939
1.5994065
1.5987909
1.6006025
1.6000096
1.5972721
1.6072659
1.6040245
1.6047065
1.5898452
1.5916547
1.5913027
1.5923054
1.5919888
1.5900318
1.5956599
1.5941645
1.5945882
1.5841046
1.5859694
1.5861205
1.5855945
1.5857376
1.5837
1.589895
1.5883651
1.588319
1.4913636
1.4933619
1.4938506
1.4924404
1.4928709
1.4908535
1.5003152
1.4960321
1.495558
1.4898946
1.4891568
1.4897029
1.4880786
1.4886163
1.4893529
1.4894341
1.488653
1.4881229
1.4998853
1.4970513
1.4976643
1.4958379
1.4964429
1.4992872
1.4910365
1.493571
1.4929821
1.5140828
1.5103198
1.5109002
1.5091506
1.5097357
1.5135057
1.502308
1.5058653
1.5052878
1.5313504
1.5267992
1.5273593
1.525653
1.52623
1.530788
1.5173759
1.5215899
1.5210251
1.555545
1.5480357
1.5485356
1.5469652
1.54751
1.5550437
1.5355179
1.5410344
1.5404846
1.6011725
1.5869005
1.5872654
1.5860269
1.5865033
1.6007927
1.5639211
1.5742953
1.5738076
1.6932524
1.6628673
1.6629515
1.6625688
1.6627691
1.693169
1.6177179
1.6382436
1.6379629
1.8979727
1.9287619
1.9275073
1.9310024
1.9298971
1.8992533
2.0205536
1.9673929
1.9677681
1.7803106
1.8061697
1.8046822
1.8091351
1.8076816
1.7817469
1.8663113
1.8387623
1.8400647
1.6946436
1.712911
1.7115574
1.7154894
1.7142286
1.6960334
1.7560775
1.7352117
1.7365584
1.6432514
1.6541613
1.6530081
1.6563938
1.6552912
1.6443151
1.681695
1.6681395
1.6692708
1.6140148
1.6203108
1.619384
1.6220873
1.6212091
1.6148491
1.6349349
1.6283241
1.6292367
1.5988654
1.6017463
1.6011822
1.6028403
1.6023044
1.5993493
1.6103874
1.6066276
1.6072318
1.5906135
1.592865
1.5925942
1.5933361
1.593108
1.5907896
1.5975731
1.5957932
1.5961684
1.5827493
1.5852132
1.585372
1.5848252
1.5849647
1.5823294
1.5900726
1.5881134
1.5880459
1.4893717
1.4914794
1.4919616
1.4906622
1.491084
1.4889613
1.4989856
1.4943372
1.4938732
1.4877426
1.4870124
1.4875444
1.48596
1.4864858
1.4872115
1.487532
1.486585
1.486095
1.4975108
1.4946394
1.4952373
1.4934562
1.4940461
1.496924
1.4888084
1.4912387
1.4906672
1.5117552
1.5079728
1.5085623
1.506788
1.5073807
1.5111655
1.4999967
1.5035511
1.502971
1.5290335
1.5244762
1.5250682
1.5232715
1.5238768
1.5284292
1.5150703
1.5192959
1.5187089
1.5534318
1.5458107
1.5463919
1.5446542
1.5452232
1.5528586
1.5332084
1.5387286
1.5381126
1.5994561
1.5849801
1.5855254
1.5837909
1.5844044
1.5989245
1.5617437
1.5721392
1.5715192
1.6924771
1.6619714
1.6623062
1.6611357
1.6615859
1.6921159
1.616158
1.636731
1.6362166
1.9024985
1.9329397
1.9320115
1.9346696
1.9338009
1.9035033
2.0186417
1.9693717
1.9699141
1.7858224
1.8119873
1.8106199
1.8144307
1.8132573
1.7870742
1.8713076
1.8436506
1.8447555
1.6998345
1.7179218
1.7167187
1.7202047
1.7190757
1.7010092
1.7612313
1.7402407
1.7413936
1.6473611
1.6585287
1.6574751
1.6605516
1.6595502
1.6483183
1.6861348
1.6724509
1.6734677
1.6171619
1.6237565
1.6229318
1.6253135
1.624543
1.6178736
1.6388579
1.6318563
1.6326873
1.6006937
1.6038709
1.603364
1.6048546
1.6043701
1.6011256
1.6131158
1.6089915
1.6095594
1.59125
1.5937341
1.593539
1.594084
1.5939112
1.5913673
1.5992573
1.5971932
1.5974948
1.5815114
1.5844437
1.5845898
1.5840717
1.5841946
1.5811956
1.5900282
1.5877437
1.5876489
1.4877175
1.4898313
1.4902463
1.489023
1.4894047
1.4873248
1.49778
1.492846
1.4924467
1.4856445
1.4849204
1.4854395
1.4839085
1.48441
1.4851324
1.4857164
1.4846363
1.4841598
1.4951811
1.4922914
1.4928727
1.4911445
1.491716
1.4946078
1.4866605
1.4889834
1.4884318
1.5093833
1.5056008
1.5061946
1.504412
1.5050067
1.5087854
1.4977097
1.501234
1.500657
1.5265648
1.5220429
1.5226602
1.5207918
1.5214198
1.52593
1.5127039
1.5169177
1.516311
1.5509451
1.543397
1.5440714
1.5420894
1.5427621
1.5502801
1.5307172
1.5362162
1.535567
1.5970974
1.5824834
1.5831547
1.5810753
1.5817928
1.596425
1.5591597
1.5695282
1.5688201
1.690769
1.6601097
1.6606462
1.6589625
1.6595511
1.6902946
1.6138083
1.6344803
1.6338467
1.9063131
1.9363885
1.9355191
1.9382121
1.9372616
1.9072427
2.0176354
1.9718077
1.9725293
1.7907322
1.8166035
1.8155475
1.8186384
1.8176409
1.7918911
1.8757283
1.8477861
1.8486802
1.7043171
1.722363
1.7213037
1.7243843
1.723386
1.7053649
1.7658664
1.7445226
1.7455034
1.6510288
1.662461
1.6615218
1.6642607
1.663376
1.6518788
1.690167
1.6763246
1.6772379
1.6198755
1.6267574
1.6260463
1.6281125
1.6274434
1.6205105
1.6424307
1.6350381
1.6357741
1.6023991
1.6058073
1.6053356
1.6067422
1.6062771
1.6028189
1.615571
1.611207
1.6117311
1.5916358
1.5944019
1.5942421
1.5947096
1.5945538
1.5916995
1.6007811
1.5983242
1.5985871
1.5806165
1.5836997
1.5838327
1.5833345
1.5834524
1.5803539
1.5897386
1.5872909
1.5871853
1.4861737
1.4882962
1.4886327
1.4875755
1.4879275
1.4858103
1.4967476
1.4913571
1.4910106
1.4836333
1.4829228
1.4834139
1.4819569
1.4824396
1.4831449
1.484105
1.4827501
1.4822785
1.4929042
1.4900146
1.4905783
1.4889018
1.4894573
1.4923438
1.4846133
1.4868104
1.4862776
1.5069821
1.5032244
1.5038187
1.5020384
1.5026322
1.5063787
1.4954606
1.4989343
1.4983612
1.5239863
1.5195192
1.5201562
1.5182322
1.5188758
1.5233234
1.5102865
1.5144636
1.5138416
1.5481765
1.5406846
1.5413876
1.5392802
1.5399747
1.547456
1.5281022
1.5335721
1.5328829
1.5942696
1.5795946
1.5803439
1.5780671
1.5788367
1.5935042
1.5562909
1.5666069
1.5658449
1.6887291
1.6577526
1.6583699
1.656518
1.6571536
1.6882401
1.6109833
1.6318443
1.6311452
1.9100286
1.9401625
1.9391504
1.9422161
1.9411619
1.9109834
2.0186733
1.9749914
1.9759589
1.7950748
1.8205852
1.8196351
1.8224628
1.8215531
1.7960239
1.8796457
1.8512256
1.8519694
1.7083216
1.7262908
1.7253592
1.7280436
1.7271894
1.7092323
1.7699021
1.7483335
1.7492414
1.6542851
1.6659313
1.6651124
1.6674905
1.6667249
1.6550503
1.6938423
1.6799156
1.680766
1.6223329
1.6293851
1.6287572
1.6305948
1.6299948
1.6229142
1.6456021
1.6378331
1.6384797
1.6040643
1.6076535
1.6072015
1.6085563
1.6081054
1.6044765
1.6178012
1.6132083
1.6136828
1.5918831
1.5950141
1.5948593
1.5953254
1.5951671
1.5919423
1.602171
1.5993473
1.5995925
1.5798912
1.582957
1.5830897
1.5825913
1.5827113
1.5796374
1.5893689
1.5867978
1.5866845
1.4846741
1.4869451
1.4872811
1.4862228
1.4866124
1.4842943
1.4957221
1.4900679
1.4897471
1.4817101
1.4810201
1.4814865
1.4800857
1.4805662
1.4812477
1.48231
1.4808747
1.4804001
1.4906796
1.4878054
1.4883529
1.4866984
1.4872641
1.4901322
1.4826463
1.4847104
1.4841654
1.5045641
1.5008542
1.5014462
1.4996523
1.5002637
1.5039587
1.4932486
1.4966547
1.496065
1.5213273
1.5169356
1.517584
1.5156212
1.5162884
1.5206722
1.5078357
1.5119607
1.5113125
1.5452627
1.5378961
1.5385729
1.5364918
1.5372165
1.5445251
1.5254416
1.5308196
1.530143
1.5912037
1.5765173
1.5772964
1.5749631
1.5757435
1.5904093
1.5532893
1.563539
1.5627664
1.6866096
1.6552971
1.6559357
1.654118
1.6547396
1.6861188
1.6079792
1.62906
1.6283566
1.9138553
1.9442826
1.943251
1.9462602
1.9452791
1.9147971
2.0216869
1.979016
1.9801255
1.7985563
1.8242492
1.8233923
1.8258826
1.8251158
1.7993074
1.8833391
1.854159
1.8547711
1.7117786
1.7296473
1.7288559
1.7311558
1.7304092
1.7125662
1.7735849
1.7518005
1.7525934
1.6572555
1.6689651
1.6682349
1.6703841
1.6696794
1.6579651
1.6969711
1.6831367
1.6838617
1.6245992
1.6317446
1.6311752
1.632843
1.632298
1.6251352
1.64846
1.6403292
1.6409288
1.6057055
1.6094338
1.608998
1.6102992
1.6098683
1.6061156
1.6198669
1.6150429
1.6154826
1.5921517
1.5956404
1.5954807
1.5959543
1.595796
1.5922246
1.6034425
1.6002944
1.6005164
1.5792183
1.582219
1.5823487
1.5818774
1.5819873
1.5789723
1.5890617
1.5863038
1.5862029
1.4833006
1.4856445
1.4858766
1.4848213
1.4851108
1.4827529
1.4943516
1.4885384
1.4882115
1.4798761
1.479239
1.479632
1.4784856
1.4789222
1.4796334
1.4806526
1.4791543
1.4787466
1.4885123
1.4856636
1.4861402
1.4850083
1.4855254
1.4883996
1.4810143
1.4830152
1.4825189
1.5021599
1.4985114
1.4990427
1.4978435
1.4984199
1.5020796
1.4915323
1.4948869
1.4943343
1.5187076
1.5143524
1.5149529
1.5136594
1.5143026
1.5187069
1.5059454
1.5100385
1.5094154
1.5423924
1.5351138
1.5357729
1.5347258
1.5354227
1.5428911
1.523537
1.5290073
1.5283312
1.5883488
1.5735996
1.5742246
1.5742668
1.5749793
1.5901462
1.5518128
1.5623403
1.5616224
1.6850462
1.6532756
1.6535873
1.6574554
1.6578839
1.6908924
1.608564
1.6306926
1.6301596
1.9174098
1.948105
1.9472085
1.9499785
1.9489786
1.9182295
2.0245919
1.9831931
1.9844108
1.8013774
1.8273111
1.8266648
1.8284892
1.8279651
1.8019943
1.8866901
1.8567679
1.857327
1.7147308
1.7325857
1.7318704
1.7339419
1.7332632
1.715372
1.7767778
1.7547566
1.7554307
1.660032
1.6717367
1.6710681
1.6730196
1.672386
1.6606905
1.6994316
1.6858159
1.6864027
1.6266673
1.6338846
1.6333705
1.6348859
1.6343912
1.6271547
1.6510605
1.6426733
1.6432377
1.6073287
1.6111367
1.6107229
1.6119494
1.6115455
1.6077223
1.6217284
1.616749
1.6171551
1.592466
1.5962628
1.5961078
1.5965624
1.596412
1.5925476
1.604679
1.6011471
1.6013467
1.5786164
1.5815522
1.5816573
1.5812877
1.5813598
1.5784034
1.5888888
1.5858925
1.5858214
1.4817107
1.4842341
1.4845152
1.4836938
1.483978
1.4813945
1.4936073
1.4875443
1.487383
1.4783041
1.4776222
1.4780507
1.4767847
1.4772008
1.477865
1.4790893
1.4775438
1.4771496
1.4868183
1.4839724
1.4844884
1.4829548
1.4834609
1.4862957
1.47916
1.4810336
1.4805481
1.5002902
1.4966824
1.4972618
1.4955356
1.496107
1.4996972
1.4893972
1.4926693
1.4921218
1.5167451
1.5123646
1.5130104
1.5110872
1.511723
1.5160973
1.5035075
1.5075347
1.5069161
1.5407577
1.5333304
1.5340233
1.5319736
1.5326461
1.5400589
1.520887
1.5263053
1.5256452
1.5879977
1.5727832
1.5735126
1.571408
1.5720901
1.5873029
1.5489171
1.5594539
1.558758
1.6896245
1.6562428
1.6567644
1.6553621
1.6558031
1.689332
1.6056844
1.6281501
1.627524
1.8629242
1.8220287
1.8220993
1.8221619
1.8221056
1.8627001
1.7289169
1.7744317
1.7742544
2.0336899
1.9963795
1.9968551
1.9940627
1.994854
2.0327225
1.7590357
1.8979693
1.8957572
1.9233692
1.9549205
1.9542128
1.955809
1.9553939
1.923803
2.0260122
1.9903884
1.9904611
1.8050405
1.8312376
1.8291127
1.831893
1.8316046
1.805469
1.8920297
1.8612956
1.8616354
1.7171451
1.7355177
1.7345913
1.7364672
1.7360123
1.7177014
1.7801167
1.7578095
1.7582306
1.6625627
1.6742127
1.6736277
1.6753049
1.6747721
1.663135
1.7014766
1.6879701
1.6884365
1.6285482
1.6358612
1.6353772
1.6368194
1.6363423
1.6290003
1.6534162
1.6448857
1.6454094
1.6088832
1.6127504
1.6123497
1.6135358
1.6131456
1.6092629
1.6233974
1.6183406
1.6187193
1.5928147
1.5968613
1.5967105
1.5971613
1.5970102
1.5929091
1.6058567
1.6019214
1.6021036
1.5781712
1.5810537
1.5811063
1.580892
1.5809005
1.5780062
1.5888753
1.5856239
1.5855956
1.4804285
1.4831705
1.4834194
1.4826773
1.4829004
1.4801085
1.4942625
1.4867784
1.4873381
1.476571
1.4759647
1.4763739
1.4751576
1.4755602
1.4761503
1.4776422
1.475981
1.475597
1.4847564
1.4819579
1.4824534
1.4809856
1.4814684
1.4842542
1.4773768
1.479127
1.4786673
1.4979471
1.4944075
1.4949692
1.4933023
1.493852
1.497375
1.4873152
1.4905083
1.4899818
1.5141963
1.5098354
1.510458
1.5086148
1.5092212
1.5135776
1.5011297
1.5050941
1.5045003
1.5380403
1.5306621
1.5313117
1.5293983
1.5300238
1.5373963
1.5183374
1.5237194
1.5230973
1.5854271
1.5701184
1.57075
1.5689242
1.5695102
1.584844
1.5462448
1.5567897
1.5561735
1.6882966
1.6546237
1.6549979
1.6539319
1.6542618
1.6880298
1.6031889
1.6259976
1.6255472
1.8615428
1.8222861
1.82228
1.821694
1.8220905
1.8604054
1.7285697
1.77415
1.7741446
9.3079007
2.4307429
2.3504177
2.5701914
2.5041183
8.9244367
1.8771395
1.8810126
1.8841925
1.706702
2.3253602
2.3708696
2.2430741
2.2828763
1.6973433
11.68732
5.9341951
5.7378625
2.0284844
1.9888671
1.9916102
1.9837004
1.9864415
2.025963
1.7517698
1.8903627
1.8881181
1.9246961
1.9564167
1.9561529
1.9562093
1.9564406
1.9248477
2.0204318
1.9889692
1.9879236
1.8063819
1.8323945
1.8321548
1.8327879
1.8326023
1.806599
1.8933515
1.8623798
1.8625441
1.7189837
1.7372791
1.7368855
1.7379783
1.7376398
1.7193416
1.7813636
1.7592985
1.7595939
1.6647002
1.6761512
1.6757425
1.676887
1.6765315
1.6651359
1.702973
1.6894408
1.6897328
1.6302863
1.6377141
1.6372866
1.6385446
1.6381316
1.6306845
1.6553535
1.6467883
1.6471961
1.6103187
1.6142887
1.6139237
1.6149955
1.6146462
1.6106355
1.6248797
1.6197634
1.6200851
1.5932278
1.5974686
1.5973132
1.5977548
1.597609
1.5933267
1.6068772
1.602643
1.6028087
1.5779142
1.5807847
1.5807671
1.5807404
1.5806921
1.5777902
1.5890125
1.5855292
1.5855351
1.4792125
1.4821658
1.4824305
1.4822307
1.4819547
1.4789342
1.4937966
1.486795
1.4866497
1.474939
1.4743654
1.4747593
1.4735952
1.473977
1.4745537
1.4763209
1.4744696
1.4741028
1.4827866
1.4800415
1.4805098
1.4791288
1.4795809
1.4823121
1.4756987
1.477336
1.4769092
1.4957
1.4922233
1.4927595
1.4911749
1.4916956
1.4951573
1.4853239
1.4884419
1.4879435
1.5117734
1.5074288
1.5080174
1.5062796
1.5068495
1.5111908
1.4988639
1.5027678
1.5022082
1.5355601
1.5281852
1.5287843
1.5270259
1.5275978
1.5349802
1.5159491
1.5213044
1.5207321
1.5832275
1.5678098
1.5683575
1.5667796
1.5672845
1.5827414
1.5438505
1.5544486
1.5539146
1.6874839
1.6533133
1.6536184
1.6527096
1.6530102
1.6873431
1.6012287
1.624317
1.6239522
1.8552818
1.8203468
1.8211099
1.8183989
1.8194371
1.853198
1.7278942
1.7736661
1.7732632
7.944638
2.6787784
2.6281628
2.7579472
2.7215912
7.6652538
1.8644555
1.8965105
1.9010921
1.6695343
2.1704521
2.2056821
2.1056646
2.1371744
1.660443
9.2988112
5.2283021
5.0806094
2.0181029
1.9787155
1.981528
1.9720817
1.9753325
2.0150374
1.737404
1.8788205
1.875259
1.924638
1.9551498
1.9557884
1.9533616
1.9542917
1.9241722
2.0106299
1.983694
1.9820694
1.8070223
1.8330731
1.8329426
1.8332493
1.8331711
1.8070953
1.8935419
1.8627501
1.862729
1.720303
1.7385827
1.7382886
1.7391177
1.7388566
1.7205883
1.7821244
1.7603203
1.7605147
1.6663084
1.6775305
1.6772187
1.6780972
1.6778224
1.6666587
1.7040918
1.690512
1.6907461
1.6318533
1.6393433
1.6389465
1.6401071
1.6397284
1.6322341
1.6568496
1.648319
1.6486603
1.6115144
1.6156366
1.6153259
1.6162002
1.6159282
1.6117811
1.6261992
1.6209864
1.6212508
1.5936653
1.598054
1.5979013
1.5983662
1.5982074
1.5937867
1.6077188
1.6033051
1.6034696
1.5778196
1.5807367
1.5806726
1.5807989
1.5806944
1.5777338
1.5892576
1.5855925
1.5856469
1.4782178
1.4817875
1.482043
1.4814264
1.4815875
1.477986
1.4934202
1.4861838
1.4860225
1.4734578
1.4728563
1.4732213
1.47216
1.4725037
1.4731096
1.4751018
1.4730275
1.4726874
1.4809362
1.4782491
1.4786845
1.4774038
1.477822
1.4804943
1.4741506
1.4756786
1.4752852
1.4935831
1.4901602
1.4906635
1.4891817
1.4896665
1.4930777
1.4834512
1.4864969
1.4860317
1.5095081
1.5051701
1.5057198
1.5041023
1.5046311
1.50897
1.4967412
1.5005883
1.5000694
1.533334
1.5259236
1.526467
1.5248826
1.5253945
1.5328191
1.5137512
1.5190985
1.5185809
1.5814066
1.5658267
1.5662938
1.56494
1.565375
1.5809976
1.5417281
1.5524268
1.5519631
1.6869042
1.6521007
1.6524074
1.6514963
1.6517999
1.6867363
1.5997204
1.623002
1.6227234
1.8463409
1.8158739
1.8172056
1.8129428
1.8144437
1.8438844
1.7266378
1.7715018
1.7707388
6.937399
2.8117515
2.7875024
2.844841
2.8303695
6.7258703
1.8509481
1.9138474
1.917615
1.6338488
2.0472972
2.0757556
1.9942081
2.020157
1.6251957
7.7503309
4.6899565
4.5744806
2.0056232
1.9651539
1.9687102
1.9577226
1.9614672
2.0022225
1.7193688
1.8633998
1.8591817
1.9219687
1.9508354
1.952215
1.9477638
1.9495223
1.9210758
1.9998237
1.976197
1.973644
1.8071519
1.833255
1.8332924
1.8328567
1.8331079
1.8070777
1.8916787
1.8617873
1.8612314
1.7213401
1.7396011
1.7393624
1.7400513
1.7398285
1.7215608
1.7825384
1.7609756
1.761091
1.6676045
1.678605
1.6783578
1.6790639
1.6788404
1.6678879
1.7049785
1.6913863
1.691582
1.6333504
1.6408325
1.6404729
1.6415187
1.6411791
1.6337125
1.6580674
1.6495979
1.6498824
1.6125011
1.6166912
1.6164551
1.6171148
1.6169119
1.6127142
1.6274195
1.621942
1.6221419
1.5941854
1.5986866
1.5985244
1.5990093
1.5988469
1.5943219
1.6084342
1.6039502
1.6041025
1.5779193
1.5809052
1.580779
1.5810426
1.5809019
1.5778631
1.5896197
1.5858433
1.5859353
1.4776932
1.4810538
1.4812523
1.4807126
1.4808856
1.4774885
1.4932222
1.4855967
1.4854851
1.47211
1.4715051
1.471829
1.4709056
1.4711957
1.4717907
1.4739663
1.4717015
1.4713793
1.4792194
1.4765927
1.4769936
1.4758167
1.4762001
1.4788118
1.472738
1.4741519
1.473792
1.4916209
1.4882412
1.4887069
1.4873398
1.4877861
1.4911562
1.4817125
1.4846895
1.4842601
1.507427
1.5030777
1.5035847
1.5020977
1.5025824
1.5069375
1.4947809
1.498576
1.4981003
1.5313629
1.5239012
1.5243843
1.5229732
1.5234298
1.5309052
1.5117523
1.5171135
1.5166499
1.5798649
1.5641122
1.5645189
1.5633335
1.5637171
1.5795134
1.5398638
1.5506601
1.5502523
1.6861458
1.6508843
1.6511934
1.650256
1.6505759
1.6859181
1.5984414
1.6219565
1.6217108
1.8362034
1.8097856
1.811387
1.8064819
1.8081489
1.8335533
1.7243848
1.7680492
1.7670692
6.1652226
2.8615338
2.8547708
2.8655625
2.8646659
5.9995256
1.8377841
1.9263971
1.9285807
1.5998829
1.9453875
1.9693149
1.9001758
1.922362
1.5916733
6.6616765
4.2636426
4.1702975
1.9919496
1.9498774
1.9538317
1.9417846
1.9458543
1.9884561
1.6992229
1.8459845
1.8414589
1.9174243
1.9447016
1.94599
1.940634
1.9427599
1.9160128
1.988489
1.9672497
1.9646285
1.8063135
1.8320815
1.8325191
1.8309706
1.8315718
1.8059041
1.8879974
1.858985
1.8580542
1.7221507
1.7404719
1.7402642
1.7408224
1.7406654
1.7223297
1.7820877
1.761184
1.7610727
1.6686496
1.6794831
1.6792784
1.6798337
1.6796781
1.6688764
1.7057007
1.6921088
1.6922294
1.6347547
1.6421632
1.6418448
1.6426995
1.6424478
1.6350627
1.659035
1.6506163
1.6507896
1.6132734
1.6174807
1.6173057
1.6177968
1.617646
1.6134354
1.6284013
1.6226617
1.6228105
1.5947433
1.5993255
1.5991671
1.5996279
1.5994773
1.5948798
1.6090268
1.6045247
1.6046515
1.5781303
1.5811929
1.5810458
1.5813707
1.581209
1.5780962
1.5900465
1.5862082
1.5863128
1.4769212
1.4804048
1.4805517
1.480146
1.4802694
1.4767205
1.4931463
1.4851892
1.4851062
1.4708901
1.4703409
1.470619
1.469962
1.4701036
1.4706045
1.4732663
1.4708041
1.4705731
1.4776413
1.4750762
1.4754417
1.4743712
1.474719
1.4772688
1.4714697
1.4727638
1.4724419
1.4898234
1.4864786
1.4869047
1.4856571
1.4860633
1.4894
1.480114
1.4830276
1.4826352
1.505542
1.5011646
1.5016258
1.5002756
1.5007148
1.5050996
1.492989
1.4967377
1.4963057
1.5296108
1.5220959
1.522528
1.5212638
1.5216737
1.5292022
1.5099494
1.5153317
1.5149148
1.5785183
1.5625952
1.562959
1.5618892
1.5622381
1.5782016
1.5382183
1.5490968
1.5487316
1.6850355
1.6496062
1.6499366
1.64893
1.6492747
1.6846338
1.5972416
1.6209696
1.62072
1.8254239
1.8030664
1.8047864
1.7995586
1.8013223
1.8226667
1.721703
1.7639517
1.7628629
5.5542686
2.8602992
2.8636296
2.8479069
2.8546681
5.420908
1.8248174
1.9322171
1.9325548
1.5677516
1.8581272
1.8787802
1.8188988
1.8381814
1.5600035
5.8519024
3.9159383
3.8386951
1.9777641
1.933571
1.9376771
1.9253444
1.9294521
1.9741521
1.6782786
1.8277523
1.8231694
1.9113311
1.9365762
1.9387574
1.9324958
1.9344115
1.9096564
1.9760629
1.957334
1.9547476
1.8043031
1.8295915
1.830307
1.8279835
1.8288075
1.8036624
1.8829366
1.854938
1.8538207
1.7225957
1.7409525
1.7409146
1.7408542
1.7409279
1.7225936
1.7804397
1.7603616
1.760016
1.6693239
1.6800434
1.6799552
1.6801277
1.6801006
1.6693971
1.7059396
1.6923677
1.6923473
1.6358089
1.6430976
1.6429144
1.6433683
1.6432476
1.6360001
1.6594795
1.6510987
1.6511392
1.6138526
1.6180706
1.6179399
1.6183069
1.6181947
1.6139712
1.6291082
1.6231893
1.6232946
1.5952791
1.5999101
1.5997703
1.600169
1.6000413
1.5954038
1.609488
1.6049854
1.6050817
1.5784374
1.5815453
1.5813846
1.5817432
1.581577
1.5784135
1.5904827
1.5865989
1.5866998
1.4761758
1.4799237
1.4800299
1.4797239
1.4798213
1.4759996
1.4931548
1.4849191
1.4848746
1.4698568
1.4695347
1.4697585
1.4691954
1.4693489
1.4696028
1.4723261
1.4699074
1.4697113
1.4762021
1.4737013
1.4740321
1.4730641
1.4733789
1.4758631
1.4703487
1.4715151
1.4712289
1.48819
1.4848747
1.4852615
1.4841318
1.4844988
1.4878068
1.4786546
1.481512
1.4811559
1.5038388
1.4994302
1.499848
1.4986261
1.4990236
1.5034392
1.4913635
1.4950696
1.4946773
1.528041
1.5204749
1.5208639
1.5197237
1.5200944
1.5276732
1.5083203
1.5137277
1.5133512
1.5772874
1.56121
1.5615467
1.5605512
1.5608784
1.5769912
1.5367407
1.5476888
1.5473558
1.6831674
1.6481732
1.6485677
1.647331
1.6477619
1.6826103
1.5960541
1.6199487
1.6196843
1.8142735
1.7959854
1.7977779
1.7923551
1.7941756
1.8114372
1.7187679
1.7594815
1.7583211
5.049372
2.8311024
2.839946
2.8112601
2.8214546
4.9320454
1.8116129
1.9310991
1.9298396
1.5373994
1.7821849
1.8002507
1.7476945
1.7646817
1.5300719
5.2246938
3.6260651
3.5608726
1.9632771
1.9171525
1.9212407
1.9090018
1.9130692
1.9596644
1.6574388
1.8094757
1.8049356
1.9042443
1.9275406
1.9301277
1.9232047
1.9253792
1.9027528
1.9633773
1.9469237
1.9443208
1.8015023
1.8261981
1.8271059
1.8242907
1.8252589
1.8007129
1.8772461
1.8502911
1.8490801
1.7223351
1.7405322
1.7407177
1.7400012
1.7402884
1.7221674
1.7779798
1.7587158
1.7582073
1.6694205
1.6801026
1.6801282
1.6799832
1.6800544
1.6693737
1.7056201
1.6921118
1.6919825
1.6364116
1.6435229
1.6434592
1.6435741
1.6435609
1.6364976
1.6594336
1.651102
1.6510448
1.6142681
1.6185086
1.6184132
1.6186774
1.6185981
1.6143491
1.629533
1.6235509
1.6236175
1.5957593
1.6004022
1.6002876
1.6006096
1.6005081
1.5958685
1.6098151
1.6053268
1.6053951
1.5787913
1.5819285
1.5817681
1.5821423
1.581983
1.5787662
1.5908967
1.5869666
1.5870588
1.4754849
1.4795294
1.4796253
1.4793396
1.4794319
1.4753226
1.4932631
1.4847612
1.484731
1.4689693
1.4688462
1.4690236
1.4685054
1.4686653
1.4687529
1.4716004
1.4692318
1.4690856
1.4748952
1.47246
1.4727578
1.4718855
1.4721685
1.4745882
1.4693034
1.4704097
1.4701432
1.4867124
1.4834267
1.483775
1.4827577
1.4830881
1.486366
1.4773303
1.4801404
1.4798193
1.5022957
1.4978606
1.4982389
1.4971322
1.4974923
1.5019324
1.4898891
1.4935551
1.493199
1.5266186
1.5190053
1.5193604
1.5183155
1.5186567
1.5262809
1.5068418
1.5122725
1.5119284
1.5761187
1.5599078
1.5602281
1.5592775
1.5595914
1.5758317
1.5353842
1.5463902
1.5460774
1.6808061
1.6464398
1.6468916
1.6455203
1.645984
1.6801734
1.5948783
1.6188648
1.6185816
1.8028148
1.788666
1.7905163
1.7849213
1.7867992
1.799905
1.7156254
1.7547509
1.7535314
4.6007903
2.7897813
2.800631
2.7677839
2.7787587
4.4974118
1.797868
1.9239493
1.9213516
1.5087031
1.715182
1.7312098
1.6844301
1.6995981
1.5017805
4.7236711
3.3802789
3.3246318
1.9488035
1.9008878
1.9049361
1.8928144
1.896843
1.9451657
1.6370156
1.791398
1.7869058
1.8974116
1.9187275
1.9210183
1.9141221
1.9163784
1.895509
1.9505648
1.9363743
1.9336956
1.7981237
1.8222208
1.8232865
1.820031
1.8211441
1.797199
1.871326
1.8452106
1.8438708
1.7214481
1.7392845
1.7396622
1.7384099
1.7388633
1.7211399
1.7750138
1.7565022
1.7558834
1.6690994
1.67978
1.679892
1.6795012
1.67965
1.6689701
1.7048126
1.691463
1.6912485
1.6366181
1.6435351
1.6435659
1.6434181
1.6434867
1.6366154
1.6590357
1.6507643
1.6506409
1.6145384
1.6188136
1.6187504
1.6189169
1.6188699
1.6145841
1.6296921
1.6237631
1.6237937
1.5961758
1.6007902
1.6007024
1.6009448
1.6008701
1.5962687
1.6100121
1.6055607
1.6056034
1.5791519
1.582337
1.5821856
1.5825579
1.5824093
1.5791283
1.5912806
1.5873045
1.5873905
1.4748878
1.4791664
1.4792486
1.4790247
1.4790901
1.4747674
1.4934191
1.4846714
1.4846695
1.4682499
1.4681878
1.4683558
1.46788
1.4680425
1.468087
1.4710787
1.4687213
1.4686336
1.4737143
1.4713433
1.4716105
1.4708318
1.4710841
1.4734386
1.4684474
1.4694095
1.4691815
1.4853782
1.4821239
1.4824368
1.4815242
1.4818202
1.485066
1.4761357
1.478906
1.4786184
1.5008915
1.4964383
1.4967814
1.495777
1.496104
1.5005602
1.4885535
1.4921809
1.4918579
1.5253036
1.5176503
1.5179796
1.517007
1.5173257
1.5249879
1.5054905
1.5109363
1.5106179
1.5749726
1.5586571
1.5589664
1.5580446
1.5583503
1.5746857
1.5341111
1.5451582
1.5448569
1.6782403
1.6445952
1.6450591
1.6436696
1.6441327
1.6775969
1.5937015
1.6176489
1.6173066
1.7910674
1.7811223
1.7830275
1.7772684
1.7792011
1.7880884
1.7123644
1.7497924
1.748519
4.2079328
2.7462097
2.7568607
2.7258239
2.7357972
4.1181847
1.7834155
1.9119415
1.9083251
1.4815925
1.6552983
1.669672
1.6276457
1.641298
1.4750417
4.3136519
3.1696932
3.1217171
1.9342323
1.8847684
1.888782
1.8767434
1.8807484
1.9306041
1.6170468
1.7735038
1.7690611
1.8896621
1.9096383
1.9118803
1.9052473
1.9074699
1.8877594
1.937892
1.9256117
1.9229425
1.7942909
1.8177812
1.8189057
1.8154693
1.8166383
1.7932891
1.8650433
1.8397532
1.8383758
1.7200454
1.7374068
1.7379215
1.7363009
1.7368643
1.719628
1.77178
1.7539098
1.7532181
1.6684893
1.6791505
1.6793347
1.6787314
1.6789493
1.6683016
1.7036003
1.6904941
1.6902057
1.6364941
1.6432343
1.6433354
1.6429916
1.6431212
1.6364185
1.6584008
1.6501974
1.6500285
1.6146683
1.618987
1.6189565
1.6190225
1.6190091
1.6146788
1.6296163
1.6238313
1.6238254
1.5965242
1.6010726
1.6010117
1.6011745
1.6011265
1.5965992
1.6100806
1.6056919
1.6057085
1.5795183
1.582748
1.5826168
1.5829572
1.582837
1.5795027
1.5916325
1.5876255
1.5877084
1.4744719
1.4789201
1.4789667
1.4788532
1.4788817
1.4744046
1.4937105
1.4847184
1.4847571
1.4675859
1.4676716
1.4677898
1.4674445
1.467547
1.4674397
1.4707488
1.4682953
1.4682178
1.4726575
1.4703498
1.4705872
1.4698978
1.4701203
1.4724124
1.4677081
1.468541
1.4683423
1.4841769
1.4809573
1.481237
1.4804216
1.4806859
1.483896
1.4750678
1.4778032
1.4775473
1.4996091
1.4951465
1.4954583
1.4945449
1.4948425
1.4993057
1.4873447
1.4909348
1.4906419
1.524066
1.5163837
1.5166926
1.515779
1.5160788
1.5237666
1.5042453
1.5096957
1.5093986
1.5738174
1.5574384
1.557741
1.5568375
1.5571377
1.5735251
1.5328957
1.5439646
1.5436708
1.6756636
1.6427458
1.6432079
1.6418197
1.6422832
1.6750182
1.5924811
1.6162027
1.6158124
1.7790459
1.7733588
1.7753199
1.7693918
1.7713821
1.775999
1.7090145
1.744626
1.7433047
3.8680213
2.7072436
2.7162387
2.6909915
2.6987492
3.7907417
1.7682139
1.8963193
1.8919916
1.4558789
1.6013567
1.6143407
1.5763187
1.588692
1.4496417
3.9715601
2.9875375
2.9458114
1.919824
1.8687255
1.8727284
1.8607163
1.864715
1.9162623
1.5974845
1.7558122
1.7514213
1.8819623
1.9007213
1.9029829
1.8962617
1.898496
1.8801103
1.9253888
1.9150724
1.9124674
1.7902157
1.8130665
1.81428
1.810664
1.8118742
1.7891829
1.8582146
1.8343057
1.8327733
1.7182522
1.7351142
1.7357158
1.7338619
1.7344945
1.7177552
1.7684102
1.7510607
1.7503135
1.6676648
1.6782448
1.6784962
1.677693
1.6779764
1.6674291
1.7020693
1.6892385
1.6888823
1.6360996
1.6426972
1.6428521
1.6423555
1.6425335
1.6359652
1.6575962
1.6494636
1.6492573
1.6146561
1.6190228
1.619027
1.6189862
1.6190088
1.6146309
1.6293351
1.6237493
1.6237042
1.5967976
1.6012507
1.6012159
1.6013024
1.6012796
1.596853
1.6100197
1.6057167
1.6057064
1.5798933
1.5831324
1.5830332
1.5833335
1.5832408
1.5798841
1.5919459
1.5879388
1.5880194
1.4742276
1.4788246
1.478833
1.478836
1.4788221
1.4741993
1.4941855
1.4849155
1.4849892
1.4670562
1.4672577
1.4673317
1.4671063
1.4671733
1.4669484
1.4703285
1.4680867
1.4680393
1.471721
1.4694743
1.4696828
1.4690772
1.4692728
1.4715048
1.4670886
1.4677886
1.4676171
1.4830965
1.4799155
1.4801652
1.4794371
1.4796731
1.4828438
1.4741209
1.4768234
1.4765962
1.4984326
1.4939706
1.4942548
1.4934218
1.4936934
1.4981534
1.4862509
1.4898043
1.4895383
1.5228891
1.5151915
1.5154829
1.51462
1.5149036
1.5226032
1.5030903
1.5085354
1.5082563
1.5726354
1.5562408
1.5565389
1.5556476
1.555944
1.5723344
1.531726
1.5427988
1.5425113
1.6730704
1.6408879
1.6413544
1.639948
1.6404185
1.6724174
1.5911377
1.6145861
1.6141617
1.7667533
1.7653672
1.7673869
1.7612849
1.7633339
1.7636288
1.7055849
1.7392756
1.7379132
3.5758601
2.6768429
2.6838295
2.6619708
2.6695314
3.509586
1.7523047
1.8782366
1.8734297
1.4313447
1.5524183
1.5642347
1.5295612
1.5408665
1.4253758
3.6817363
2.8285471
2.791867
1.9056342
1.8527208
1.8567131
1.844751
1.8487301
1.9021041
1.5782607
1.7383278
1.733989
1.8742912
1.8918219
1.8940366
1.8874021
1.8896159
1.8723647
1.9130902
1.9046477
1.9020617
1.7859596
1.8081167
1.8093728
1.8056168
1.8068777
1.7848822
1.8514038
1.828534
1.8270778
1.7161756
1.7325558
1.7332138
1.7312086
1.7318866
1.7156218
1.7649159
1.7480056
1.7472166
1.6666523
1.6770784
1.6773928
1.6764056
1.6767481
1.6663701
1.7002946
1.6877237
1.6873093
1.6354878
1.6419708
1.6421698
1.6415459
1.6417645
1.6353072
1.656642
1.6485825
1.64834
1.614501
1.6189121
1.6189535
1.6187997
1.6188602
1.6144406
1.6288745
1.6235063
1.62342
1.5969923
1.6013313
1.6013201
1.6013391
1.6013382
1.5970287
1.6098339
1.6056358
1.6056005
1.5802729
1.5835051
1.5834294
1.5836949
1.5836236
1.5802696
1.5922131
1.5882314
1.5883079
1.474137
1.4788813
1.4788495
1.4789502
1.4789032
1.4740898
1.4948543
1.4852405
1.4853458
1.4666607
1.4669943
1.467045
1.4669245
1.4669541
1.4665779
1.4703082
1.4679785
1.4679705
1.4708956
1.4687044
1.4688882
1.4683535
1.4685265
1.4707052
1.4665642
1.4671327
1.4669804
1.4821235
1.4789846
1.4792079
1.4785563
1.4787676
1.4818954
1.4732849
1.4759535
1.4757517
1.4973478
1.4928969
1.4931567
1.4923943
1.492643
1.4970895
1.4852593
1.4887763
1.4885337
1.5217633
1.514063
1.5143396
1.5135194
1.5137894
1.5214889
1.5020139
1.5074433
1.5071797
1.5714172
1.5550573
1.5553524
1.5544695
1.5547633
1.5711069
1.5305955
1.5416565
1.541374
1.6704414
1.6389985
1.6394739
1.6380384
1.6385191
1.669777
1.5896915
1.6128514
1.6124041
1.7541529
1.7571468
1.7592235
1.752949
1.755055
1.7509601
1.7020775
1.733769
1.7323716
3.3251787
2.6461545
2.6541573
2.6296387
2.6379622
3.2680892
1.735743
1.8584247
1.853264
1.4078409
1.5076648
1.5184991
1.4866554
1.4970549
1.4021148
3.433669
2.6883058
2.6557705
1.8915551
1.8368181
1.8407793
1.8289277
1.8328682
1.8880532
1.5593723
1.721055
1.7167713
1.866583
1.8830072
1.8852013
1.8786577
1.8808286
1.8646594
1.9009872
1.8943972
1.8918719
1.7816157
1.8030905
1.8043563
1.8005582
1.8018157
1.78053
1.8444801
1.8226692
1.8212565
1.713898
1.7298286
1.7305234
1.7284242
1.729131
1.7133043
1.7613189
1.744808
1.7439914
1.665453
1.6756799
1.6760483
1.6749071
1.6752981
1.6651243
1.6983339
1.6859949
1.6855356
1.6347081
1.6410846
1.641321
1.6405898
1.6408423
1.6344927
1.6555355
1.6475576
1.6472801
1.6142096
1.6186493
1.6187287
1.6184623
1.6185598
1.6141174
1.6282605
1.6231002
1.6229747
1.5971134
1.6013279
1.6013365
1.6012994
1.6013165
1.5971331
1.609539
1.6054606
1.6054045
1.5806565
1.5838726
1.5838028
1.5840606
1.5839916
1.5806591
1.5924297
1.5884674
1.5885234
1.4738298
1.4790591
1.478999
1.4792159
1.4791391
1.4738692
1.4956859
1.4857004
1.4858417
1.4663603
1.4668803
1.4668985
1.4668584
1.4668653
1.4662962
1.4703443
1.4680149
1.4680439
1.4701692
1.4680235
1.4681863
1.4677136
1.4678664
1.4700022
1.4661042
1.466545
1.4664069
1.4812447
1.4781507
1.4783508
1.4777668
1.4779562
1.4810385
1.4725483
1.475181
1.4750021
1.4963428
1.4919123
1.4921508
1.4914494
1.4916786
1.4961027
1.4843575
1.4878375
1.4876153
1.5206803
1.512988
1.513252
1.5124676
1.5127262
1.5204152
1.5010048
1.5064089
1.5061581
1.5701629
1.5538836
1.5541765
1.5532987
1.5535912
1.5698441
1.5294977
1.540532
1.5402528
1.6677634
1.6370666
1.6375533
1.636082
1.6365751
1.6670849
1.5881738
1.6110418
1.6105849
1.7413062
1.7486956
1.750829
1.7443915
1.7465497
1.7380623
1.6984919
1.7281303
1.7267026
3.1084381
2.6126362
2.6211796
2.5953331
2.6040065
3.0587777
1.7186262
1.8373606
1.8319536
1.3852807
1.4664636
1.4764625
1.4470303
1.4566567
1.3797798
3.2222336
2.5635638
2.5344956
1.8775951
1.8210861
1.8250028
1.8132953
1.8171872
1.8741242
1.5408472
1.7040088
1.699786
1.8589508
1.874377
1.8765039
1.870158
1.8722757
1.8570794
1.8890256
1.8843557
1.8818586
1.777298
1.7980196
1.7992703
1.7955202
1.7967845
1.7762126
1.8377284
1.8168098
1.8153309
1.7114741
1.726998
1.7277136
1.7255563
1.7262782
1.7108488
1.7576507
1.7415211
1.7406878
1.6640714
1.6740934
1.6745044
1.6732426
1.6736716
1.6636994
1.6962231
1.6841046
1.6836115
1.6338045
1.6400655
1.6403323
1.6395147
1.6397942
1.6335637
1.654277
1.646398
1.6460893
1.6137997
1.6182405
1.6183552
1.6179871
1.6181173
1.6136817
1.6275213
1.622545
1.6223856
1.5971709
1.6012556
1.6012802
1.6011974
1.6012291
1.5971762
1.6091595
1.6052097
1.6051376
1.5810436
1.5842504
1.584168
1.5844451
1.5843661
1.581052
1.5925929
1.5886207
1.5886685
1.4740134
1.4794114
1.47931
1.4791532
1.4794767
1.4741451
1.4966481
1.4862801
1.4864512
1.466121
1.4668556
1.4668535
1.466866
1.4668582
1.4660664
1.4705452
1.468168
1.468223
1.4695349
1.4674236
1.4675664
1.4671545
1.4672868
1.4693907
1.4656784
1.4660124
1.465888
1.4804498
1.4774036
1.4775827
1.4770606
1.4772297
1.4802631
1.4719044
1.4744981
1.4743408
1.4954064
1.4910041
1.4912246
1.4905749
1.4907875
1.4951817
1.4835345
1.4869756
1.4867708
1.5196312
1.5119573
1.512211
1.5114559
1.5117053
1.5193731
1.5000518
1.5054221
1.5051817
1.5688672
1.5527138
1.5530064
1.5521271
1.5524208
1.5685336
1.5284244
1.5394176
1.5391395
1.6650249
1.6350831
1.6355837
1.6340682
1.634577
1.6643289
1.5866379
1.6092064
1.6087436
1.7282736
1.7400409
1.742222
1.7356474
1.7378497
1.7249911
1.6948221
1.7223757
1.7209202
2.919327
2.5778808
2.5866123
2.5604082
2.5691369
2.8757798
1.7010468
1.8154572
1.8099012
1.3635968
1.4283007
1.4375818
1.4102289
1.4191863
1.3583044
3.0431056
2.4518962
2.4257937
1.8637634
1.8055615
1.8094247
1.7978899
1.8017222
1.8603317
1.522712
1.6872189
1.6830663
1.8514942
1.8658822
1.8680233
1.8616391
1.863768
1.8496584
1.8771424
1.8743786
1.8718845
1.7729384
1.7930201
1.7943032
1.7904386
1.791705
1.7718548
1.8310952
1.8109437
1.8095069
1.7089194
1.7240978
1.7248299
1.7225914
1.723354
1.7082544
1.7539859
1.7381916
1.7373589
1.662526
1.6723585
1.6728039
1.6714414
1.6719032
1.6621171
1.6939697
1.6820848
1.6815601
1.6328102
1.6389406
1.6392313
1.6383451
1.6386463
1.6325499
1.6528798
1.6451216
1.6447866
1.6132967
1.6177046
1.617849
1.617396
1.6175533
1.6131593
1.6266822
1.6218647
1.6216776
1.5971734
1.601126
1.6011642
1.6010415
1.6010862
1.5971656
1.6087203
1.604901
1.6048164
1.5814339
1.5846387
1.5845481
1.5848322
1.5847477
1.5814481
1.592707
1.5887375
1.5887911
1.4743843
1.4794272
1.4792848
1.4797549
1.4795883
1.4744957
1.4977553
1.4870027
1.4872092
1.4659078
1.4668847
1.4668735
1.4669081
1.4668949
1.4658548
1.4708872
1.4684019
1.4684683
1.4689929
1.4669068
1.4670283
1.4666817
1.4667919
1.4688719
1.4652731
1.4655383
1.4654301
1.4797305
1.476737
1.4768965
1.4764322
1.4765824
1.4795616
1.4713509
1.4739007
1.473764
1.4945275
1.4901603
1.4903657
1.4897589
1.4899578
1.4943154
1.4827803
1.486179
1.4859888
1.5186064
1.5109623
1.5112079
1.5104752
1.5107177
1.5183529
1.4991442
1.5044738
1.5042416
1.5675104
1.5515371
1.5518326
1.5509401
1.5512401
1.5671623
1.5273656
1.5383039
1.5380244
1.662211
1.6330348
1.6335532
1.631981
1.6325098
1.6614939
1.5850957
1.6073437
1.6068729
1.7150943
1.731214
1.733436
1.7267429
1.7289835
1.7117795
1.6910345
1.7165117
1.7150293
2.7530741
2.5430226
2.5516988
2.5258107
2.534392
2.7146309
1.6830956
1.7931191
1.7874805
1.3427208
1.3927733
1.4014278
1.3758981
1.3842666
1.3376194
2.8924323
2.3514812
2.3279514
1.8501144
1.7902862
1.7940842
1.7827547
1.7865165
1.8467384
1.5049761
1.6707212
1.6666455
1.8440793
1.8574184
1.8595253
1.8531924
1.8553111
1.8422105
1.8653672
1.8644097
1.8619287
1.7686284
1.7878444
1.7891606
1.7851562
1.7864993
1.767486
1.8244224
1.8050643
1.803578
1.7061666
1.7210127
1.721813
1.7193739
1.720199
1.7054471
1.7501607
1.7347131
1.7338032
1.6608439
1.6704939
1.6709706
1.6695185
1.6700088
1.6604057
1.6915479
1.6799406
1.6793878
1.6317414
1.6377299
1.6380406
1.6370952
1.6374156
1.6314628
1.6513645
1.643747
1.6433899
1.6127232
1.6170635
1.6172325
1.6167086
1.6168887
1.6125706
1.6257578
1.6210803
1.6208693
1.5971235
1.6009442
1.6009953
1.6008334
1.6008912
1.5971024
1.6082376
1.6045452
1.6044495
1.5818267
1.5850225
1.5849282
1.5852087
1.5851227
1.5818466
1.5927795
1.5888647
1.5889174
1.4748954
1.4801325
1.4799404
1.4805542
1.4803381
1.4750505
1.4990048
1.4878847
1.4881357
1.4656932
1.4669343
1.4669202
1.4669604
1.4669469
1.4656377
1.4713472
1.4686868
1.4687658
1.4685437
1.4664791
1.466578
1.4662994
1.4663869
1.4684453
1.4648906
1.4651336
1.4650445
1.4790792
1.476145
1.4762864
1.4758744
1.4760077
1.478926
1.4708836
1.4733829
1.4732647
1.493695
1.4893694
1.4895624
1.4889907
1.4891784
1.4934928
1.4820858
1.4854374
1.4852594
1.5175963
1.5099934
1.5102334
1.5095156
1.5097537
1.517345
1.4982724
1.5035548
1.5033285
1.5660986
1.5503308
1.5506368
1.5497099
1.5500216
1.565738
1.5263113
1.537181
1.5368978
1.6593092
1.6309062
1.6314457
1.6298103
1.6303603
1.6585694
1.5835361
1.6054471
1.6049677
1.701791
1.7222349
1.7244937
1.717692
1.7199678
1.6984478
1.6871056
1.71054
1.7090314
2.605994
2.5088206
2.5172783
2.4921307
2.5004298
2.5718658
1.664853
1.7706143
1.7650126
1.3225855
1.359571
1.3676696
1.3437629
1.3516054
1.3176606
2.7668658
2.2608365
2.2395398
1.8367014
1.775299
1.7790226
1.7679214
1.7716058
1.8333891
1.4876358
1.6545359
1.6505403
1.8366343
1.8489546
1.8510781
1.8447093
1.846835
1.83478
1.8537419
1.8545217
1.8520674
1.7641726
1.782581
1.7838847
1.7799205
1.7812608
1.7630596
1.8179111
1.7991898
1.797774
1.7032445
1.717691
1.7185365
1.7159973
1.7168461
1.7024999
1.7462013
1.7310925
1.730173
1.6590573
1.6685191
1.669021
1.6674985
1.6680108
1.6585978
1.6890027
1.6776992
1.6771273
1.6305972
1.6364409
1.6367709
1.6357665
1.6361067
1.6302983
1.6497533
1.6422883
1.6419115
1.6120916
1.6163326
1.6165231
1.6159358
1.6161367
1.6119253
1.6247489
1.6202023
1.6199686
1.5970181
1.600709
1.6007737
1.60057
1.600642
1.5969822
1.6077157
1.6041442
1.6040368
1.5822209
1.5853893
1.5852954
1.5855619
1.5854784
1.5822457
1.5928018
1.5889842
1.5890262
1.4755646
1.4810085
1.4807748
1.4814928
1.481243
1.4757534
1.50042
1.4889384
1.4892356
1.4654675
1.4669836
1.4669721
1.4670016
1.4669933
1.4654097
1.4718926
1.4690153
1.4691016
1.4681812
1.4661414
1.4662181
1.4660043
1.4660707
1.4681026
1.4645456
1.4648078
1.4647392
1.478487
1.4756187
1.4757447
1.4753767
1.475496
1.478347
1.470492
1.4729342
1.4728311
1.4928989
1.4886217
1.4888046
1.4882615
1.4884401
1.4927045
1.4814425
1.4847421
1.4845747
1.5165925
1.5090409
1.5092776
1.5085684
1.5088041
1.5163418
1.4974272
1.5026561
1.5024336
1.5646408
1.5490782
1.5493952
1.5484368
1.5487585
1.5642706
1.5252537
1.5360414
1.5357536
1.6563195
1.6286957
1.629255
1.6275641
1.6281317
1.6555593
1.5819531
1.603518
1.6030314
1.6883837
1.7131172
1.7154085
1.7085133
1.7108188
1.6850178
1.6830417
1.7044663
1.7029331
2.4751954
2.4757862
2.4839086
2.4598127
2.4677466
2.4447586
1.6464144
1.7483146
1.7428024
1.3031403
1.3284472
1.3360468
1.3135993
1.3209678
1.298383
2.6636186
2.1786604
2.1592966
1.8235481
1.7606233
1.7642677
1.7534041
1.7570089
1.8203018
1.4706923
1.6386747
1.634762
1.829239
1.8404695
1.8425906
1.8362606
1.8383654
1.8274035
1.8423191
1.8447484
1.8423255
1.7597344
1.7773798
1.7786398
1.7748621
1.7761138
1.7585942
1.8113543
1.793466
1.7920264
1.7002496
1.7143124
1.7151543
1.7126347
1.7134742
1.699496
1.7421761
1.7273709
1.7264343
1.6571931
1.6664585
1.6669802
1.6654003
1.6659311
1.6567165
1.6863904
1.6753878
1.6747999
1.6293676
1.6350712
1.6354217
1.6343544
1.6347157
1.6290459
1.6480622
1.6407522
1.6403566
1.6114046
1.6155192
1.61573
1.6150831
1.6153036
1.6112244
1.6236492
1.6192335
1.6189775
1.5968512
1.6004162
1.6004956
1.6002471
1.6003341
1.5967993
1.6071507
1.6036948
1.6035749
1.5826126
1.5857204
1.5856367
1.5858726
1.5857963
1.5826407
1.5927658
1.589072
1.5891006
1.4763422
1.4820024
1.4817391
1.4825232
1.4822437
1.4765513
1.501996
1.4901407
1.4904793
1.4652377
1.4670124
1.467008
1.4670166
1.4670156
1.4651826
1.4724928
1.4693573
1.469441
1.4678917
1.4658863
1.4659432
1.4657855
1.4658341
1.4678288
1.4642597
1.4645648
1.4645171
1.4779442
1.4751463
1.47526
1.4749264
1.4750351
1.477815
1.4701601
1.47254
1.4724481
1.4921306
1.487909
1.4880839
1.4875633
1.487735
1.4919417
1.4808425
1.4840861
1.4839273
1.5155892
1.5080971
1.5083323
1.5076265
1.5078614
1.515338
1.4965994
1.5017692
1.5015484
1.5631489
1.5477869
1.5481127
1.547129
1.5474587
1.5627718
1.5241884
1.5348828
1.5345901
1.653252
1.626418
1.6269928
1.6252584
1.6258399
1.6524735
1.5803477
1.6015619
1.601069
1.6748934
1.7038828
1.7062013
1.6992283
1.7015584
1.6715099
1.6788513
1.6982953
1.6967382
2.3583814
2.4442282
2.4519653
2.4290472
2.4365808
2.3311372
1.6278562
1.7264675
1.7211078
1.2843586
1.2991962
1.3063451
1.2852169
1.2921562
1.2797646
2.5804229
2.1038225
2.0861423
1.8106585
1.7462633
1.7498287
1.7391996
1.7427262
1.8074777
1.4541553
1.6231497
1.6193227
1.821918
1.8320874
1.8341747
1.8279491
1.8300186
1.8201015
1.8311221
1.8351098
1.8327259
1.75522
1.7724258
1.7736438
1.7699186
1.7711802
1.7541017
1.8049246
1.7877405
1.7863149
1.6972269
1.7109553
1.7117967
1.7092679
1.7101129
1.6964668
1.7381086
1.7236327
1.7226966
1.6552625
1.6643243
1.664864
1.6632315
1.6637794
1.6547698
1.6837283
1.6730121
1.6724082
1.6280453
1.6336161
1.6339882
1.6328568
1.6332392
1.6277005
1.6462991
1.6391414
1.6387277
1.6106618
1.6146284
1.614858
1.6141562
1.6143944
1.6104677
1.6224556
1.6181772
1.6179006
1.5966198
1.6000631
1.6001575
1.5998644
1.599966
1.596552
1.6065383
1.603195
1.6030628
1.5829952
1.5860018
1.5859337
1.5861232
1.5860629
1.5830245
1.5926663
1.5891154
1.5891289
1.4776646
1.4830943
1.4828046
1.4836702
1.4833826
1.4778807
1.5037048
1.4914774
1.4918331
1.4650302
1.4670142
1.4670169
1.4670106
1.4670137
1.4649873
1.4731096
1.46968
1.4697586
1.467658
1.4657001
1.4657411
1.4656275
1.4656624
1.4676062
1.4640569
1.464403
1.4643744
1.4774406
1.4747149
1.4748196
1.4745108
1.4746119
1.4773197
1.4698713
1.4721851
1.4721009
1.4913812
1.4872235
1.4873923
1.4868881
1.4870548
1.4911957
1.4802777
1.4834619
1.4833099
1.5145827
1.507156
1.507391
1.5066851
1.5069203
1.5143302
1.4957807
1.5008867
1.5006662
1.5616319
1.5464641
1.5467972
1.5457924
1.5461289
1.5612492
1.5231132
1.5337048
1.5334074
1.650112
1.624086
1.624674
1.6228961
1.6234934
1.6493155
1.5787207
1.5995801
1.5990803
1.6613397
1.6945519
1.6968927
1.6898554
1.692206
1.6579433
1.674542
1.6920294
1.690449
2.2537078
2.4142752
2.4216036
2.3999182
2.4070381
2.2292522
1.6092537
1.7053145
1.7001591
1.2662224
1.2716409
1.2783808
1.2584497
1.2649992
1.2617857
2.5153668
2.0354164
2.0192292
1.7980304
1.7322126
1.7357005
1.7253018
1.7287512
1.7949147
1.4380308
1.6079703
1.6042301
1.8146944
1.8238483
1.8258988
1.8197827
1.821815
1.8129063
1.8201596
1.8256434
1.8233084
1.7507616
1.7674559
1.7686645
1.7649738
1.7662238
1.7496332
1.798515
1.7820997
1.7806591
1.6941739
1.7075742
1.7084229
1.7058717
1.7067238
1.6934066
1.7339782
1.7198808
1.7189396
1.6532688
1.6621226
1.6626785
1.6610002
1.6615626
1.6527613
1.6810164
1.6705753
1.6699583
1.6266337
1.6320776
1.6324699
1.6312805
1.6316815
1.6262685
1.6444708
1.6374611
1.6370316
1.6098643
1.6136675
1.6139139
1.6131638
1.6134175
1.609657
1.621175
1.6170427
1.6167487
1.5963267
1.5996522
1.5997604
1.5994271
1.5995416
1.5962446
1.6058784
1.6026476
1.6025043
1.5833613
1.5862225
1.5861701
1.5863145
1.5862692
1.58339
1.5925046
1.5891071
1.5891061
1.4785253
1.4842577
1.4839676
1.4848517
1.4845627
1.4787423
1.505503
1.4928903
1.4932608
1.4648849
1.4670094
1.4670112
1.467016
1.467014
1.4648637
1.4737121
1.4699693
1.470044
1.467463
1.4655657
1.4655954
1.4655123
1.4655381
1.4674186
1.4639512
1.4643117
1.4642981
1.4769665
1.4743125
1.4744109
1.4741191
1.4742152
1.4768517
1.4696115
1.4718565
1.4717774
1.4906424
1.4865565
1.4867215
1.4862275
1.4863913
1.4904585
1.4797401
1.4828615
1.4827142
1.5135705
1.5062136
1.5064492
1.5057411
1.5059772
1.5133164
1.4949647
1.5000039
1.4997829
1.5600986
1.5451177
1.545455
1.5444413
1.5447795
1.5597142
1.5220267
1.5325081
1.5322062
1.6468996
1.621688
1.6222943
1.6204623
1.6210773
1.646085
1.5770691
1.597569
1.5970613
1.647741
1.6851408
1.6875003
1.6804092
1.682777
1.6443361
1.6701232
1.6856714
1.684069
2.1596673
2.3859793
2.3928898
2.3724638
2.3791616
2.1376635
1.590677
1.6850354
1.6801179
1.2487009
1.2456248
1.2519932
1.233149
1.2393447
1.2444112
2.4666499
1.9727447
1.9578971
1.7856619
1.718467
1.721878
1.7117079
1.7150805
1.7826102
1.4223119
1.5931369
1.5894821
1.8075747
1.8157544
1.8177678
1.8117591
1.8137573
1.8058108
1.809436
1.8163777
1.8140934
1.7462463
1.7624595
1.7637115
1.75998
1.7612217
1.7451318
1.7921822
1.7764308
1.7750448
1.6911041
1.7041693
1.7050208
1.7024713
1.703321
1.6903376
1.7298267
1.7161333
1.7152054
1.6512196
1.6598658
1.6604341
1.6587212
1.6592945
1.6506998
1.6782683
1.6680924
1.6674663
1.6251475
1.6304676
1.6308764
1.6296415
1.6300565
1.6247667
1.6425882
1.6357228
1.6352811
1.6090156
1.6126462
1.6129068
1.6121162
1.6123828
1.608796
1.6198242
1.6158447
1.6155374
1.5959798
1.5991907
1.5993107
1.598944
1.599069
1.5958859
1.6051741
1.6020587
1.601906
1.5837069
1.5863869
1.5863482
1.5864543
1.5864213
1.5837347
1.5922888
1.5890486
1.5890356
1.4793834
1.4854682
1.4851671
1.486074
1.4857702
1.47961
1.5073613
1.4943605
1.4947382
1.4648311
1.4670331
1.4670263
1.4670658
1.4670511
1.464835
1.4746759
1.4702449
1.4703139
1.467293
1.4654656
1.4654882
1.465424
1.4654442
1.4672535
1.4639358
1.464272
1.4642688
1.4765136
1.4739299
1.4740241
1.4737442
1.4738366
1.4764031
1.469371
1.4715457
1.4714702
1.4899074
1.4859002
1.4860633
1.4855738
1.4857365
1.4897236
1.4792216
1.4822768
1.4821323
1.5125513
1.5052678
1.5055044
1.5047934
1.5050305
1.5122954
1.4941475
1.4991186
1.4988968
1.5585576
1.5437633
1.5441023
1.5430833
1.5434233
1.5581709
1.5209283
1.531294
1.530988
1.6436165
1.6192199
1.6198431
1.6179621
1.6185928
1.6427853
1.5753898
1.5955261
1.5950106
1.6341152
1.6756622
1.6780375
1.6709007
1.6732832
1.6307063
1.6656087
1.6792287
1.6776067
2.0749921
2.3593778
2.3658603
2.3467269
2.3529911
2.0551537
1.5721888
1.6657419
1.6610815
1.2317522
1.2210049
1.2270366
1.2091767
1.2150521
1.2276001
2.4326092
1.9152174
1.9015702
1.7735465
1.7050242
1.7083586
1.6984154
1.7017119
1.7705572
1.4069837
1.5786418
1.5750701
1.8005343
1.8077857
1.8097728
1.8038374
1.8058106
1.7987808
1.7989457
1.8073048
1.8050654
1.7417746
1.7575158
1.7587451
1.7550092
1.7562619
1.740654
1.7859581
1.7708722
1.7694704
1.6880352
1.7007767
1.7016252
1.6990787
1.6999297
1.6872617
1.7256977
1.7124567
1.7115378
1.6491242
1.6575666
1.6581451
1.6564021
1.6569854
1.6485937
1.675493
1.6655734
1.6649376
1.6236075
1.6288046
1.6292248
1.6279594
1.6283835
1.6232167
1.6406631
1.6339414
1.633491
1.6081197
1.6115749
1.6118472
1.6110234
1.6113005
1.6078888
1.6184245
1.6145997
1.6142831
1.5955895
1.5986883
1.5988177
1.5984247
1.5985578
1.5954862
1.6044293
1.601435
1.6012744
1.5840339
1.5865063
1.5864779
1.5865569
1.5865321
1.5840618
1.5920306
1.5889494
1.5889281
1.4802484
1.4866769
1.4863743
1.4872728
1.4869763
1.4804551
1.5092416
1.495849
1.4962296
1.4648731
1.4671107
1.4670919
1.4671914
1.4671507
1.464901
1.4751893
1.4708632
1.4709343
1.4671405
1.4653874
1.4654053
1.4653556
1.465371
1.4671053
1.4639911
1.4642673
1.4642721
1.4760761
1.4735619
1.4736528
1.4733829
1.4734721
1.4759689
1.4691461
1.4712491
1.4711771
1.4891715
1.4852479
1.4854105
1.4849218
1.4850846
1.4889871
1.4787162
1.4817011
1.4815581
1.5115249
1.504318
1.5045556
1.5038416
1.5040797
1.5112672
1.4933276
1.4982302
1.4980077
1.5570067
1.5424016
1.5427425
1.5417178
1.5420597
1.5566172
1.5198181
1.5300639
1.5297533
1.6402714
1.6166902
1.6173279
1.6154055
1.6160495
1.6394265
1.5736832
1.593453
1.5929304
1.6204804
1.6661262
1.668515
1.6613396
1.6637344
1.6170722
1.6610143
1.6727113
1.6710721
1.9986034
2.3345165
2.3405601
2.3227487
2.3285708
1.9806879
1.5538435
1.6474974
1.6431065
1.2153431
1.1976488
1.2033758
1.1864068
1.1919924
1.2113221
2.4119366
1.8622986
1.8497294
1.7616805
1.6918811
1.6951399
1.6854198
1.6886418
1.7587536
1.3920335
1.564477
1.5609866
1.7935389
1.7999196
1.8018774
1.7960351
1.797975
1.7917978
1.7886862
1.7984101
1.7962135
1.737205
1.7524728
1.7537409
1.7499508
1.7512121
1.7360643
1.7797638
1.765328
1.7639556
1.6849053
1.6973723
1.6982276
1.6956581
1.6965166
1.6841111
1.7215691
1.7087682
1.7078418
1.6469881
1.655228
1.655816
1.6540468
1.654638
1.6464485
1.6726748
1.6630168
1.6623737
1.622035
1.6271083
1.6275351
1.6262536
1.6266819
1.6216392
1.6387056
1.6321315
1.6316762
1.6071809
1.6104631
1.6107446
1.6098951
1.6101802
1.6069402
1.6169966
1.6133233
1.6130009
1.5951652
1.5981538
1.5982905
1.5978766
1.5980162
1.5950546
1.6036479
1.6007816
1.6006141
1.5843498
1.5865967
1.5865743
1.5866387
1.5866179
1.5843798
1.5917417
1.5888235
1.5887977
1.4810685
1.4878611
1.4875675
1.4884438
1.4881535
1.4812715
1.5111171
1.4973412
1.4977198
1.4649986
1.4672895
1.4672418
1.4676733
1.4676162
1.4650515
1.4757136
1.4711529
1.4712429
1.4670054
1.4653292
1.465342
1.4653085
1.4653184
1.4669754
1.464098
1.4642918
1.4643048
1.4756514
1.4732077
1.4732951
1.4730362
1.4731218
1.4755476
1.4689379
1.4709678
1.4709
1.4884324
1.4845955
1.4847585
1.4842687
1.484432
1.488247
1.4782205
1.4811302
1.4809881
1.5104913
1.5033643
1.5036029
1.5028862
1.5031252
1.5102319
1.4925048
1.4973392
1.4971162
1.5554444
1.5410321
1.541375
1.5403442
1.5406882
1.5550519
1.5186963
1.5288138
1.5284981
1.6368751
1.6141089
1.6147587
1.6128008
1.6134563
1.6360185
1.5719457
1.5913519
1.5908222
1.6068551
1.6565422
1.6589423
1.6517352
1.65414
1.6034522
1.6563525
1.6661279
1.6644731
1.9295903
2.3114242
2.3170249
2.3005393
2.3059208
1.913387
1.5356895
1.6303537
1.626246
1.1994504
1.1754376
1.1808884
1.1647288
1.1700509
1.1955546
2.4020343
1.813535
1.8019468
1.7500659
1.6790302
1.6822158
1.6727095
1.6758603
1.7472015
1.377448
1.5506331
1.5472204
1.7865946
1.7921835
1.7941067
1.7883637
1.7902707
1.7848684
1.7786512
1.7896844
1.7875291
1.7326526
1.7474304
1.7486903
1.74491
1.7461696
1.7315228
1.7736022
1.7598324
1.7584608
1.681722
1.6939371
1.694799
1.6922083
1.6930747
1.6809286
1.7175065
1.7050509
1.704115
1.6448217
1.6528613
1.6534543
1.6516751
1.6522681
1.6442771
1.6698392
1.6604451
1.6598039
1.6204481
1.6253969
1.625826
1.6245399
1.624969
1.6200507
1.6367281
1.6303074
1.6298504
1.6062058
1.6093209
1.609609
1.6087414
1.6090319
1.6059572
1.6155569
1.6120283
1.6117028
1.5947143
1.597593
1.5977358
1.5973039
1.5974493
1.5945979
1.6028344
1.6001018
1.5999279
1.584664
1.5866738
1.5866536
1.5867137
1.5866937
1.584698
1.5914317
1.5886846
1.5886569
1.4818728
1.4890179
1.4887317
1.4895871
1.4893034
1.4820717
1.512975
1.4988256
1.4992013
1.4652151
1.4678006
1.4677307
1.4679487
1.4678744
1.4654616
1.476233
1.4715069
1.471601
1.4668916
1.4652949
1.4653013
1.465288
1.4652917
1.4668679
1.4642406
1.4643439
1.464367
1.4752395
1.4728691
1.4729526
1.4727063
1.4727876
1.4751392
1.46875
1.4707049
1.4706418
1.4876895
1.4839415
1.484105
1.4836137
1.4837775
1.4875033
1.477733
1.4805619
1.4804204
1.5094509
1.5024072
1.5026466
1.5019274
1.5021672
1.5091898
1.4916796
1.4964462
1.4962226
1.5538687
1.5396538
1.5399991
1.5389606
1.5393074
1.5534725
1.517563
1.5275438
1.5272233
1.6334332
1.6114818
1.6121426
1.6101517
1.6108181
1.6325657
1.5701702
1.5892223
1.5886853
1.5932572
1.6469199
1.6493288
1.6420977
1.6445099
1.5898641
1.6516314
1.6594845
1.6578156
1.8671066
2.2900894
2.2952539
2.2800673
2.2850187
1.8524057
1.5177692
1.6143759
1.6105627
1.1840462
1.1542698
1.1594683
1.14405
1.1491302
1.1802663
2.3953965
1.7685786
1.7578961
1.738702
1.666455
1.6695727
1.660263
1.6633496
1.7358998
1.3632029
1.5370905
1.533748
1.7797268
1.7845783
1.7864677
1.7808274
1.7826986
1.778025
1.7688273
1.7811244
1.7790104
1.7281742
1.7424063
1.7436577
1.7399375
1.7411696
1.7270733
1.7674656
1.7543662
1.7530147
1.6785794
1.6904757
1.691343
1.6887529
1.6896143
1.6778063
1.7134935
1.7013506
1.7004348
1.6426412
1.6504902
1.6510823
1.6493073
1.6498984
1.6420951
1.6670348
1.6578912
1.6572566
1.6188578
1.623683
1.6241119
1.6228264
1.6232551
1.6184602
1.6347415
1.6284791
1.6280215
1.6052025
1.6081578
1.6084503
1.6075707
1.6078648
1.6049482
1.6141136
1.6107228
1.610395
1.5942414
1.5970087
1.5971571
1.596708
1.596859
1.5941198
1.6019938
1.5993972
1.5992172
1.5849839
1.586749
1.5867287
1.5867901
1.5867694
1.5850225
1.5911066
1.5885424
1.5885138
1.4826771
1.4901509
1.4898696
1.4907119
1.4904316
1.4828794
1.5148124
1.5003009
1.5006739
1.4656532
1.4681123
1.468034
1.468286
1.4681982
1.4657197
1.4767884
1.471911
1.472021
1.4668027
1.4652871
1.4652891
1.4652913
1.4652942
1.4667864
1.4645204
1.4644376
1.4644621
1.4748407
1.4725481
1.4726272
1.4723942
1.4724713
1.474744
1.4685851
1.4704625
1.4704043
1.4869435
1.4832855
1.4834495
1.4829569
1.4831211
1.4867566
1.4772531
1.4799953
1.4798544
1.5084038
1.5014467
1.501687
1.5009653
1.501206
1.5081409
1.4908528
1.4955516
1.4953276
1.5522775
1.5382646
1.5386128
1.5375657
1.5379154
1.5518776
1.5164153
1.5262558
1.5259312
1.629947
1.6088109
1.6094826
1.6074594
1.6081364
1.6290684
1.56836
1.5870631
1.5865187
1.5797042
1.6372699
1.6396848
1.6324379
1.6348547
1.5763247
1.6468553
1.6527871
1.6511057
1.8103575
2.2704669
2.275208
2.26128
2.2658156
1.7969797
1.5001189
1.5996036
1.5960938
1.1690883
1.1340598
1.1390263
1.1242893
1.1291472
1.1654123
2.3912268
1.7271486
1.7173017
1.7275852
1.6541284
1.6571851
1.6480422
1.6510785
1.7248398
1.3492564
1.5238099
1.5205245
1.7729486
1.7771123
1.7789657
1.7734279
1.7752674
1.7712685
1.759198
1.7727203
1.770643
1.723802
1.7374843
1.7387055
1.7350509
1.7362666
1.7227218
1.7614123
1.7489608
1.7476244
1.6755035
1.687039
1.6878968
1.6853299
1.6861856
1.6747394
1.7096005
1.6976803
1.696763
1.6404555
1.6481261
1.6487164
1.6469448
1.6475352
1.6399081
1.6642683
1.6553593
1.6547279
1.617266
1.6219695
1.6223983
1.6211111
1.6215408
1.6168672
1.6327485
1.6266468
1.6261873
1.6041787
1.6069804
1.607276
1.6063868
1.6066841
1.6039201
1.6126657
1.6094078
1.609077
1.5937484
1.5964011
1.5965552
1.5960883
1.5962453
1.5936219
1.6011305
1.5986683
1.5984821
1.5853106
1.5868272
1.586806
1.5868693
1.5868481
1.5853529
1.590769
1.5884004
1.5883709
1.4834995
1.4912715
1.4909919
1.4918315
1.4915513
1.4837081
1.5166315
1.5017719
1.5021436
1.4659438
1.4684741
1.4683804
1.4686722
1.4685723
1.4660224
1.4773955
1.4723744
1.4724991
1.4667367
1.4653052
1.4653026
1.4653012
1.4652781
1.4667284
1.4647426
1.4645731
1.464612
1.4744541
1.4722445
1.4723198
1.4720983
1.472172
1.4743608
1.4684427
1.4702404
1.4701851
1.4861954
1.4826282
1.4827924
1.4822993
1.4824635
1.4860082
1.4767796
1.4794298
1.4792894
1.50735
1.500483
1.5007241
1.4999999
1.5002414
1.5070854
1.4900253
1.4946558
1.4944315
1.5506713
1.5368627
1.5372146
1.5361548
1.5365091
1.5502681
1.5152505
1.5249525
1.524625
1.6264167
1.6060974
1.6067796
1.6047251
1.6054124
1.6255271
1.5665197
1.584875
1.5843237
1.5662102
1.6276031
1.6300212
1.6227667
1.6251855
1.5628479
1.6420281
1.6460426
1.6443505
1.7586694
2.2524988
2.2568321
2.2441124
2.2482491
1.7464628
1.4827712
1.5860647
1.5828655
1.1545314
1.1147303
1.1194833
1.105375
1.1100273
1.1509504
2.389337
1.688957
1.6798737
1.7166741
1.6419991
1.6450124
1.6360014
1.6389915
1.7139729
1.3355707
1.5107483
1.5075152
1.7662655
1.7697682
1.7715941
1.7661293
1.7679454
1.7646117
1.7497277
1.7644595
1.7623954
1.7195104
1.7326241
1.7338368
1.7302104
1.7314161
1.7184494
1.7554124
1.7435914
1.7422526
1.6724504
1.6836253
1.6844785
1.6819244
1.6827759
1.671688
1.7057347
1.6940108
1.6930928
1.6382627
1.6457632
1.6463537
1.6445797
1.6451712
1.6377129
1.6615143
1.6528338
1.6522019
1.6156663
1.6202504
1.6206813
1.6193859
1.6198187
1.6152641
1.6307442
1.6248037
1.6243404
1.603138
1.6057895
1.6060886
1.6051876
1.6054891
1.602875
1.6112053
1.6080781
1.6077425
1.5932353
1.595769
1.5959293
1.5954432
1.5956067
1.5931037
1.6002457
1.5979139
1.597721
1.5856387
1.5869066
1.5868855
1.5869471
1.5869268
1.5856822
1.5904185
1.5882568
1.5882251
1.4843476
1.4923926
1.4921118
1.4929563
1.492674
1.4845632
1.5184376
1.5032455
1.503617
1.4662744
1.4688804
1.4687756
1.4690985
1.4689886
1.4663627
1.4780531
1.4728899
1.4730262
1.4666302
1.4653198
1.4653042
1.4653502
1.4653315
1.4666123
1.465002
1.4647274
1.4647721
1.4740766
1.4719546
1.472028
1.4718111
1.4718855
1.4739865
1.468218
1.4700319
1.4699748
1.4854466
1.4819704
1.4821345
1.4816416
1.4818055
1.4852594
1.47631
1.4788645
1.4787251
1.5062894
1.4995159
1.4997579
1.4990309
1.4992734
1.5060231
1.4891981
1.4937592
1.4935343
1.5490524
1.5354426
1.5357991
1.5347263
1.5350848
1.5486469
1.5140761
1.5236438
1.5233158
1.6228436
1.6033428
1.6040351
1.6019507
1.6026479
1.6219436
1.5646537
1.5826604
1.5821025
1.5527894
1.6179301
1.620349
1.6130947
1.6155129
1.5494476
1.6371543
1.6392586
1.6375577
1.7114724
2.2361076
2.2400541
2.2284701
2.232235
1.7003087
1.4657575
1.5737962
1.5709166
1.1403466
1.0962166
1.1007713
1.0872489
1.0917095
1.1368552
2.3895102
1.6537095
1.6453187
1.705925
1.6300433
1.6330157
1.6241183
1.6270737
1.7032606
1.3221285
1.4978893
1.4947045
1.7596594
1.7625086
1.7643186
1.758904
1.7606998
1.7580165
1.7403854
1.7562771
1.75425
1.7152764
1.7278061
1.7290088
1.725408
1.7266033
1.7142199
1.7494811
1.7382209
1.7368861
1.6693971
1.6802262
1.6810762
1.6785302
1.6793792
1.6686328
1.7018657
1.690332
1.68941
1.6360593
1.6433949
1.6439869
1.6422081
1.6428012
1.6355067
1.6587569
1.6503033
1.6496695
1.6140501
1.6185171
1.618952
1.6176429
1.6180806
1.6136428
1.6287236
1.6229426
1.6224741
1.6020786
1.6045804
1.6048846
1.6039669
1.6042743
1.6018102
1.6097235
1.6067262
1.606384
1.5927012
1.5951104
1.5952774
1.5947707
1.5949411
1.5925641
1.5993372
1.5971317
1.5969315
1.5859576
1.5869812
1.5869619
1.5870163
1.5869988
1.5859992
1.5900531
1.5881056
1.5880704
1.4852224
1.4935229
1.4932389
1.4940937
1.4938073
1.4854445
1.5202373
1.5047233
1.5050947
1.46664
1.4693254
1.4692113
1.4695607
1.4694425
1.466736
1.4787535
1.473448
1.4735936
1.4665933
1.4653938
1.4653721
1.4654426
1.4654183
1.4665928
1.4652932
1.4649162
1.4649667
1.4737005
1.4716692
1.4717452
1.4714412
1.4715021
1.473614
1.468106
1.4697366
1.4696891
1.4846981
1.4813129
1.4814766
1.4809845
1.4811478
1.4845114
1.4758397
1.4782992
1.4781622
1.5052225
1.4985449
1.4987879
1.4980575
1.4983013
1.5049542
1.4883715
1.4928615
1.4926357
1.5474229
1.5340063
1.5343666
1.5332826
1.5336447
1.5470155
1.5129012
1.5223345
1.522005
1.6192293
1.6005489
1.601251
1.5991377
1.5998446
1.6183187
1.562765
1.5804202
1.5798554
1.5394554
1.608262
1.6106788
1.6034303
1.6058464
1.5361367
1.6322385
1.632441
1.6307328
1.6682833
2.2211814
2.2247745
2.2142382
2.2176592
1.6580533
1.4491043
1.5628484
1.5603065
1.1265139
1.0784652
1.0828348
1.0698596
1.0741412
1.1231081
2.3915417
1.6211206
1.6133547
1.6953162
1.6182259
1.6211656
1.6123663
1.6152906
1.6926821
1.3089185
1.4852225
1.4820838
1.7531154
1.7553145
1.7571061
1.7517432
1.7535215
1.7514947
1.7311304
1.7482091
1.7462017
1.7110414
1.7230146
1.7242108
1.7206258
1.7218196
1.7099795
1.7435377
1.7328977
1.7315755
1.6663386
1.6768377
1.6776844
1.6751515
1.6759948
1.6655749
1.6979713
1.6866491
1.6857328
1.6338452
1.6410206
1.6416138
1.6398323
1.6404259
1.6332905
1.6559951
1.6477672
1.6471329
1.6124123
1.6167638
1.6172038
1.6158792
1.6163219
1.6119995
1.6266854
1.6210603
1.6205866
1.6009954
1.6033465
1.6036574
1.6027187
1.6030333
1.6007203
1.6082151
1.6053463
1.6049969
1.5921447
1.5944238
1.5945978
1.5940698
1.5942473
1.5920019
1.5984008
1.5963195
1.5961116
1.5862561
1.5870434
1.5870278
1.5870695
1.5870567
1.5862933
1.5896696
1.5879398
1.5878996
1.4861236
1.4946693
1.4943805
1.4952509
1.4949587
1.486353
1.5220306
1.506205
1.5065774
1.4670339
1.4698027
1.4696812
1.4700504
1.4699262
1.4671355
1.4794915
1.4740407
1.4741938
1.4665949
1.4654952
1.465469
1.4655509
1.4655232
1.4665974
1.4656066
1.4651245
1.4651789
1.4732173
1.4712951
1.47137
1.4711587
1.4712267
1.473125
1.4680142
1.4695451
1.4695003
1.4839507
1.4806541
1.4808191
1.4803242
1.4804915
1.4837644
1.4752553
1.4777314
1.4774682
1.5041485
1.4975688
1.4978133
1.4970785
1.4973239
1.5038776
1.4875455
1.4919629
1.4917358
1.5457817
1.5325551
1.5329191
1.5318238
1.5321896
1.5453706
1.5117185
1.5210207
1.5206873
1.6155735
1.5977174
1.5984288
1.596288
1.597004
1.6146525
1.5608543
1.5781519
1.5775796
1.5262177
1.5986031
1.6010167
1.5937808
1.596192
1.522925
1.6272849
1.6255968
1.6238834
1.6286929
2.2076132
2.2108785
2.2012901
2.2044045
1.6193045
1.4328366
1.5532847
1.5511
1.1130145
1.0614247
1.0656218
1.0531553
1.0572702
1.1096897
2.3952424
1.5909241
1.5837188
1.6848246
1.6065412
1.6094491
1.6007377
1.6036344
1.6822199
1.2959256
1.47273
1.469632
1.7466548
1.7482111
1.7499734
1.7446729
1.7464397
1.7450442
1.7219772
1.7402168
1.7382322
1.7067736
1.7182613
1.7194421
1.7158911
1.7170753
1.7057129
1.737688
1.7276181
1.7263131
1.6632906
1.6734742
1.6743128
1.6718061
1.6726401
1.6625321
1.6940602
1.6830047
1.6821004
1.6316241
1.6386442
1.6392377
1.6374558
1.6380494
1.631068
1.6532403
1.6452318
1.6445983
1.6107532
1.6149901
1.6154349
1.6140963
1.6145435
1.6103356
1.6246317
1.6191581
1.6186798
1.5998839
1.6020835
1.6024018
1.6014409
1.6017628
1.5996013
1.6066812
1.6039379
1.6035819
1.5915648
1.5937086
1.5938897
1.5933404
1.593525
1.5914161
1.5974331
1.5954762
1.5952606
1.5865258
1.5870862
1.587076
1.5871004
1.5870936
1.5865571
1.5892653
1.5877527
1.5877065
1.487057
1.4958399
1.4955439
1.4964376
1.4961372
1.4872959
1.5238198
1.5076947
1.5080699
1.4674465
1.4703025
1.4701762
1.4705575
1.4704298
1.4675514
1.4802643
1.4746604
1.474819
1.4666064
1.46561
1.4655807
1.465672
1.4656411
1.466611
1.465935
1.4653475
1.4654052
1.4728443
1.4710237
1.4710911
1.4708872
1.4709555
1.4727529
1.4679284
1.4693655
1.4693204
1.4830425
1.4798524
1.4800202
1.4795214
1.4796831
1.4828446
1.4747755
1.4770372
1.4768973
1.503066
1.4965858
1.4968328
1.496092
1.4963377
1.5027914
1.4865341
1.4910603
1.4908301
1.5441233
1.5310886
1.5314562
1.5303495
1.5307188
1.543708
1.510523
1.5196923
1.5193508
1.6118774
1.5948501
1.5955705
1.5934038
1.5941285
1.6109463
1.5589221
1.5758528
1.5752725
1.5130889
1.5889637
1.5913724
1.5841527
1.5865583
1.5098249
1.6222969
1.6187317
1.6170136
1.5923578
2.1952592
2.1982301
2.1895045
2.192341
1.5837328
1.4169732
1.5451596
1.5433381
1.0998399
1.0450475
1.0490818
1.0370984
1.0410539
1.0965971
2.4004356
1.5628936
1.5562028
1.6744371
1.5949666
1.5978463
1.5892285
1.5920922
1.6718513
1.2831647
1.4604029
1.4573501
1.7402496
1.7411713
1.7429179
1.737678
1.7394248
1.7386646
1.7128932
1.7322956
1.7303186
1.7025285
1.7135392
1.7147127
1.7111947
1.7123661
1.7014678
1.7319128
1.7224068
1.7211114
1.6602647
1.6701452
1.6709757
1.6684895
1.6693175
1.6595112
1.6901664
1.6793972
1.6784983
1.6293981
1.636267
1.6368608
1.6350771
1.6356715
1.6288407
1.6504984
1.6426987
1.6420656
1.6090769
1.6131989
1.6136477
1.6122977
1.6127484
1.6086558
1.6225644
1.6172386
1.6167563
1.5987425
1.6007916
1.6011168
1.6001359
1.6004642
1.5984526
1.6051273
1.6025052
1.6021442
1.5909611
1.5929653
1.5931534
1.5925834
1.5927749
1.5908063
1.5964338
1.5946026
1.5943798
1.5867628
1.5871042
1.5871007
1.5871046
1.5871049
1.5867878
1.5888377
1.5875399
1.5874868
1.4880295
1.4970448
1.4967394
1.4976625
1.4973519
1.4882786
1.5256105
1.5092009
1.5095812
1.4678699
1.4708147
1.4706861
1.4710732
1.4709438
1.4679768
1.4810676
1.4752982
1.4754597
1.466626
1.4657372
1.4657047
1.4658055
1.4657714
1.4666325
1.4662746
1.4655839
1.465645
1.4724764
1.4707497
1.4708184
1.4706112
1.4706805
1.4723837
1.4678454
1.4691844
1.4691387
1.4822826
1.4792006
1.4793606
1.4788815
1.479041
1.482099
1.474311
1.4764825
1.4763444
1.501964
1.4953582
1.4958377
1.4948371
1.4950918
1.5013902
1.4857011
1.4899281
1.4897022
1.542447
1.5296011
1.5299772
1.528831
1.5292259
1.5420277
1.5089888
1.5183288
1.5176337
1.608143
1.5919498
1.5926784
1.5904884
1.5912208
1.6072023
1.5569692
1.5735241
1.5729356
1.5000781
1.5793491
1.5817508
1.5745534
1.576951
1.4968451
1.6172778
1.6118508
1.6101297
1.5589859
2.1840115
2.1867206
2.1787721
2.1813556
1.5510552
1.4015315
1.5384979
1.5370405
1.0869925
1.0293049
1.0331833
1.0216642
1.0254668
1.0838308
2.4069773
1.5368722
1.5306626
1.6641407
1.5835263
1.5863749
1.577858
1.5806865
1.6615862
1.2706449
1.4482574
1.4452507
1.7339117
1.7341966
1.7359343
1.7307278
1.7324582
1.7323345
1.7038533
1.7244153
1.7224547
1.6982843
1.7088506
1.7100223
1.7065111
1.7076792
1.6972241
1.7261799
1.7172321
1.7159426
1.6572564
1.6668375
1.6676636
1.6651896
1.6660134
1.6565065
1.686277
1.6758052
1.6749094
1.6271653
1.633886
1.6344811
1.6326927
1.6332889
1.6266056
1.6477697
1.640166
1.6395327
1.6073881
1.6113934
1.6118456
1.6104858
1.6109396
1.6069644
1.620485
1.6153038
1.6148179
1.5975735
1.599475
1.5998058
1.5988095
1.5991426
1.5972776
1.6035597
1.6010552
1.6006909
1.5903331
1.5921951
1.5923898
1.5918002
1.5919982
1.5901722
1.5954053
1.5937013
1.593472
1.5869674
1.5870941
1.587098
1.5870793
1.5870874
1.5869865
1.5883849
1.5872985
1.5872382
1.4890412
1.4982901
1.4979742
1.4989269
1.4986064
1.4892987
1.5274151
1.5107321
1.5111196
1.4683009
1.4713328
1.471203
1.4715936
1.4714632
1.4684098
1.4818924
1.4759449
1.4761075
1.4666531
1.4658772
1.4658413
1.4659521
1.4659146
1.4666613
1.4666256
1.4658351
1.4659001
1.4721042
1.4704717
1.4705415
1.4703315
1.4704016
1.4720106
1.4677642
1.4690014
1.4689553
1.4815517
1.478563
1.4787221
1.478245
1.4784038
1.4813696
1.4738461
1.4759311
1.4757937
1.5005461
1.4943399
1.4945876
1.4938425
1.4940914
1.5002719
1.484884
1.4890279
1.4888026
1.5402393
1.5276492
1.5280573
1.526887
1.5272619
1.5397887
1.5077306
1.516584
1.5162505
1.6043763
1.5890235
1.5897561
1.5869723
1.5882765
1.6034194
1.5544508
1.5706403
1.5700109
1.4871955
1.5697664
1.5721596
1.5649927
1.5673779
1.4839959
1.6122338
1.6049644
1.6032358
1.528313
2.1737832
2.1762387
2.1690318
2.1713648
1.5210148
1.3865281
1.5332588
1.5321364
1.074468
1.0141732
1.0179014
1.0068302
1.0104851
1.0713868
2.414749
1.5127303
1.5069827
1.6539537
1.57223
1.5750392
1.5666398
1.5694307
1.6514212
1.2583739
1.436302
1.4333448
1.7276218
1.7272685
1.7289954
1.7238241
1.725543
1.7260568
1.6948832
1.7165909
1.7146426
1.6940456
1.7041783
1.7053433
1.7018528
1.7030143
1.6929873
1.7204843
1.7120885
1.7108094
1.6542614
1.6635461
1.6643677
1.661907
1.6627263
1.6535148
1.6823931
1.6722296
1.6713397
1.6249218
1.6314967
1.6320944
1.6302975
1.6308968
1.6243589
1.6450565
1.6376328
1.6369997
1.60569
1.6095753
1.6100306
1.6086618
1.6091185
1.6052642
1.6183935
1.6133553
1.6128663
1.5963823
1.5981407
1.5984754
1.5974689
1.597805
1.5960817
1.6019837
1.5995948
1.5992288
1.5896805
1.5913993
1.5916003
1.5909923
1.5911964
1.5895135
1.5943522
1.5927755
1.5925407
1.5871423
1.5870535
1.5870653
1.587023
1.5870391
1.5871564
1.5879054
1.5870272
1.5869593
1.4900815
1.4995718
1.4992473
1.500223
1.4998957
1.4903439
1.5292491
1.5122946
1.5126896
1.4687411
1.4718558
1.4717246
1.4721201
1.4719878
1.4688529
1.4827256
1.4765944
1.476757
1.4666871
1.4660303
1.4659912
1.4661114
1.4660708
1.4666969
1.4669908
1.4661024
1.4661715
1.4717293
1.4701904
1.470261
1.4700489
1.4701198
1.4716353
1.4676843
1.468817
1.4687707
1.4808235
1.4779271
1.478086
1.4776094
1.4777682
1.4806415
1.4733816
1.4753819
1.4752449
1.4994454
1.4933424
1.4935926
1.49284
1.4930915
1.4991687
1.4840665
1.488124
1.4878971
1.5385204
1.526139
1.5265133
1.5253876
1.5257636
1.5380975
1.5065133
1.5152463
1.5149099
1.600135
1.585482
1.5862171
1.5840131
1.5847483
1.5991902
1.552457
1.5682316
1.5676426
1.4765041
1.56132
1.5634238
1.5566458
1.5590105
1.4734428
1.6069839
1.598443
1.5967264
1.5001885
2.1642689
2.166699
2.1523193
2.1538819
1.4998065
1.3733056
1.5248819
1.5237363
1.0622578
0.99963221
1.0032152
0.99750572
1.0010672
1.0581001
2.4155405
1.501659
1.4967011
1.6438591
1.5610778
1.5638597
1.5542321
1.5569879
1.6413484
1.2438988
1.4223093
1.419332
1.7213818
1.7203913
1.7221049
1.7169699
1.7186779
1.7198288
1.6859813
1.708824
1.7068934
1.6898185
1.6995349
1.7006924
1.6972251
1.6983785
1.6887645
1.7148311
1.7069899
1.7057225
1.6512823
1.6602735
1.6610898
1.6586463
1.6594592
1.6505405
1.6785285
1.6686826
1.6678018
1.6226666
1.6290953
1.6296961
1.6278907
1.6284926
1.6221015
1.6423606
1.6351025
1.6344705
1.603984
1.6077456
1.6082036
1.6068267
1.607286
1.6035563
1.6162907
1.6113959
1.6109047
1.5951746
1.5967951
1.5971321
1.5961196
1.5964574
1.5948708
1.6004022
1.5981291
1.5977622
1.5890038
1.59058
1.5907868
1.5901622
1.5903717
1.588831
1.5932798
1.5918292
1.5915899
1.5872907
1.5869813
1.5870013
1.5869347
1.5869591
1.5873004
1.5873992
1.5867256
1.5866504
1.4911359
1.5008792
1.5005492
1.5015383
1.5012072
1.4913997
1.5311255
1.5138887
1.5142915
1.4691944
1.4723868
1.4722534
1.4726563
1.4725213
1.46931
1.4835543
1.4772422
1.4774035
1.4667271
1.4661951
1.4661532
1.4662809
1.4662381
1.4667381
1.4673721
1.4663852
1.4664577
1.4713534
1.4699069
1.4699779
1.4697646
1.4698358
1.4712595
1.4676056
1.4686318
1.4685853
1.480095
1.4772913
1.4774503
1.4769728
1.477132
1.4799125
1.4729181
1.4748336
1.4746965
1.4983343
1.4923354
1.4925879
1.491828
1.492082
1.498055
1.4832453
1.4872134
1.4869846
1.5368224
1.524633
1.5250106
1.5238748
1.5242543
1.5363956
1.5052844
1.5138961
1.513556
1.5963448
1.5825379
1.5832762
1.5810567
1.5817979
1.5953931
1.5504761
1.5658661
1.5652711
1.4640233
1.5519051
1.5542745
1.547175
1.5495392
1.4608958
1.6019277
1.5915696
1.589851
1.4799243
2.1487
2.1505165
2.1452221
2.1469412
1.4737183
1.3592541
1.5215178
1.5209693
1.0491527
0.99050729
0.99399016
0.98364583
0.98706126
1.0462371
2.4245467
1.4817442
1.4769464
1.633855
1.5487453
1.5514862
1.5432913
1.5460156
1.6313687
1.2320922
1.4106894
1.4078339
1.7151883
1.7135601
1.7152621
1.7101621
1.7118586
1.7136463
1.6771473
1.7011257
1.6992085
1.6856127
1.6949233
1.6960727
1.69263
1.6937752
1.6845657
1.7092234
1.7019385
1.7006826
1.6483256
1.6570259
1.6578355
1.6554116
1.6562183
1.6475915
1.6746983
1.6651739
1.6643022
1.6204041
1.6266839
1.6272872
1.6254725
1.6260785
1.6198375
1.6396899
1.6325739
1.6319408
1.6022704
1.6059056
1.606366
1.6049821
1.6054437
1.6018408
1.6141791
1.6094283
1.6089352
1.5939556
1.5954428
1.5957812
1.5947645
1.5951038
1.5936495
1.5988156
1.5966601
1.5962922
1.5883045
1.5897398
1.5899517
1.5893128
1.589527
1.5881264
1.5921928
1.5908661
1.5906232
1.5874151
1.5868771
1.5869053
1.5868145
1.586847
1.5874206
1.5868674
1.5863947
1.5863123
1.4921919
1.5021992
1.5018671
1.5028609
1.5025283
1.4924549
1.5330501
1.5155124
1.5159213
1.4696633
1.4729288
1.4727923
1.4732042
1.4730663
1.4697828
1.4843696
1.4778852
1.4780456
1.4667708
1.4663683
1.4663246
1.4664567
1.4664126
1.4667823
1.4677683
1.4666798
1.4667543
1.4709774
1.4696222
1.4696934
1.4694795
1.4695509
1.4708833
1.4675272
1.4684456
1.4683989
1.4793637
1.4766534
1.4768131
1.4763331
1.4764933
1.4791803
1.4724546
1.4742843
1.4741464
1.497212
1.4913183
1.4915735
1.4908059
1.4910624
1.4969297
1.4824181
1.4862945
1.4860634
1.5351076
1.5231126
1.523494
1.5223466
1.5227299
1.5346764
1.5040432
1.5125314
1.5121881
1.592528
1.579569
1.5803137
1.5780762
1.5788231
1.5915701
1.5484757
1.5634774
1.5628768
1.4515759
1.5424555
1.544814
1.5377506
1.5401037
1.4484853
1.5968538
1.5846925
1.5829729
1.4558223
2.1419442
2.1435653
2.1388657
2.1403871
1.4500891
1.3456699
1.5198222
1.519612
1.0375996
0.97691769
0.98026647
0.97031846
0.97360401
1.0347564
2.434213
1.4631178
1.4587036
1.6239404
1.5378702
1.5405799
1.5324839
1.5351746
1.621473
1.2206169
1.3993364
1.3965265
1.7090358
1.7067743
1.7084661
1.703395
1.7050828
1.707504
1.6683836
1.6934769
1.6915699
1.6814368
1.690345
1.6914861
1.6880674
1.689205
1.6803977
1.7036638
1.6969309
1.6956843
1.6453998
1.6538051
1.6546075
1.6522044
1.6530037
1.6446749
1.6709089
1.6616997
1.660835
1.6181347
1.6242553
1.6248645
1.6230284
1.6236426
1.6175654
1.6370394
1.6300348
1.6293969
1.6005491
1.6040566
1.6045193
1.6031292
1.6035928
1.6001176
1.6120599
1.6074535
1.6069587
1.592728
1.594085
1.5944249
1.5934039
1.5937446
1.5924199
1.5972228
1.5951868
1.5948175
1.5875853
1.5888821
1.5890981
1.5884476
1.5886655
1.5874029
1.5910941
1.5898895
1.5896435
1.5875164
1.586741
1.5867774
1.5866626
1.5867032
1.5875177
1.5863129
1.586036
1.585947
1.4932424
1.5035218
1.5031898
1.5041822
1.5038504
1.4935036
1.5350193
1.5171598
1.5175735
1.4701464
1.4734824
1.4733431
1.4737633
1.4736228
1.4702689
1.4851712
1.4785286
1.4786909
1.4668156
1.4665453
1.4665011
1.4666337
1.4665897
1.4668268
1.4681748
1.4669805
1.4670557
1.4706009
1.4693367
1.4694082
1.4691937
1.4692652
1.4705067
1.4674478
1.4682582
1.4682111
1.4786274
1.4760114
1.4761723
1.4756883
1.4758499
1.4784422
1.4719896
1.4737317
1.4735929
1.4960784
1.4902912
1.490549
1.4897735
1.4900326
1.4957933
1.4815832
1.4853665
1.4851329
1.5333748
1.521577
1.5219621
1.5208034
1.5211907
1.5329393
1.5027896
1.5111524
1.5108059
1.588687
1.5765769
1.5773269
1.5750718
1.5758246
1.587723
1.5464551
1.5610656
1.5604594
1.4392807
1.5330578
1.5354013
1.5283764
1.5307142
1.4362337
1.5917619
1.5778118
1.5760908
1.433558
2.1359835
2.1374074
2.1332786
2.1346139
1.4282643
1.3325344
1.5195076
1.5196553
1.0263301
0.96384058
0.96706492
0.95749127
0.96065063
1.0235578
2.4450058
1.4459638
1.4418762
1.6141144
1.5271344
1.5298062
1.5218155
1.5244739
1.6116746
1.2093679
1.3881542
1.3853873
1.7029244
1.7000238
1.7017075
1.6966603
1.6983404
1.7014026
1.6596841
1.6858708
1.6839762
1.6772898
1.685796
1.6869307
1.6835298
1.6846619
1.6762563
1.6981447
1.6919539
1.6907132
1.6425108
1.6506127
1.6514077
1.6490321
1.6498212
1.6417932
1.6671518
1.6582516
1.6573949
1.6158518
1.6217944
1.6224117
1.6205592
1.6211767
1.6152791
1.634369
1.6274695
1.6268212
1.5988205
1.6022004
1.6026647
1.6012707
1.6017354
1.5983874
1.609935
1.6054736
1.6049783
1.5914923
1.5927208
1.5930626
1.5920355
1.5923785
1.5911819
1.5956225
1.5937068
1.5933355
1.5868501
1.5880101
1.5882295
1.5875696
1.5877906
1.5866643
1.5899852
1.5889012
1.5886525
1.5875941
1.5865738
1.5866181
1.5864802
1.5865285
1.5875907
1.5857392
1.5856519
1.585557
1.4942841
1.5048411
1.50451
1.5054985
1.5051683
1.494543
1.5370264
1.5188229
1.5192391
1.4706396
1.4740465
1.4739048
1.4743319
1.4741892
1.470764
1.4859691
1.4791799
1.4793439
1.4668583
1.4667214
1.4666778
1.466808
1.4667649
1.4668687
1.4685857
1.4672816
1.4673561
1.4702237
1.4690507
1.4691223
1.4689075
1.4689792
1.4701292
1.4673661
1.4680693
1.468022
1.477884
1.4753634
1.475526
1.475037
1.4752004
1.477697
1.471522
1.4731748
1.4730349
1.4949336
1.4892534
1.4895139
1.4887306
1.4889925
1.4946457
1.4807396
1.4844284
1.4841922
1.5316249
1.5200268
1.5204153
1.5192467
1.5196372
1.5311844
1.5015243
1.5097604
1.509411
1.5848228
1.5735613
1.5743168
1.5720452
1.5728037
1.5838538
1.5444151
1.5586317
1.5580204
1.4271472
1.5237075
1.5260394
1.5190494
1.5213753
1.4241395
1.5866543
1.5709287
1.5692094
1.413019
2.1307484
2.1319992
2.128378
2.1295506
1.4081431
1.3198592
1.5206095
1.5211051
1.0153424
0.95126223
0.95436234
0.94515216
0.94819294
1.0126411
2.4568012
1.4300741
1.4262902
1.6043872
1.5165329
1.5191723
1.5112883
1.5139087
1.6019723
1.1983431
1.3771566
1.3744375
1.6968509
1.6933039
1.6949806
1.6899551
1.6916281
1.695338
1.6510539
1.6783086
1.6764253
1.6731615
1.6812673
1.6823977
1.6790078
1.6801369
1.6721311
1.6926569
1.6869999
1.685765
1.639637
1.647463
1.6482459
1.6459091
1.6466833
1.6389178
1.6634186
1.6548391
1.6539933
1.6135593
1.6193249
1.6199421
1.6180918
1.6187086
1.6129858
1.6316378
1.6248481
1.6241842
1.5970862
1.6003406
1.6008055
1.5994105
1.5998754
1.596652
1.6078101
1.6034936
1.6029988
1.5902468
1.5913477
1.591692
1.5906569
1.5910028
1.5899338
1.5940146
1.5922177
1.5918439
1.5861027
1.5871269
1.587349
1.5866816
1.586905
1.5859145
1.5888654
1.5879021
1.5876507
1.5876464
1.5863767
1.5864285
1.5862688
1.5863244
1.5876376
1.5851506
1.5852448
1.5851442
1.4953157
1.5061538
1.5058251
1.5068081
1.5064798
1.4955728
1.5390602
1.5204922
1.5209084
1.4711385
1.4746193
1.4744756
1.4749084
1.4747639
1.4712639
1.4867669
1.479838
1.4800038
1.4668973
1.4668932
1.4668507
1.4669768
1.4669351
1.4669065
1.4689961
1.467579
1.4676522
1.4698455
1.4687645
1.4688361
1.4686216
1.4686931
1.4697509
1.467282
1.4678795
1.467832
1.4771329
1.474709
1.4748732
1.4743792
1.4745443
1.4769439
1.4710517
1.4726131
1.472472
1.4937787
1.4882055
1.4884687
1.4876783
1.4879425
1.4934886
1.4798869
1.4834803
1.4832419
1.529859
1.5184641
1.5188558
1.5176784
1.5180715
1.5294157
1.5002493
1.5083578
1.5080057
1.5809384
1.5705242
1.5712852
1.5689987
1.5697621
1.5799643
1.542358
1.5561785
1.5555621
1.4151763
1.5144075
1.5167272
1.5097744
1.5120876
1.4122091
1.5815313
1.5640482
1.5623296
1.3941159
2.1261461
2.1272512
2.1240475
2.1250877
1.3896343
1.3076584
1.5231079
1.5239578
1.0046454
0.93916073
0.94214193
0.93327914
0.9362065
1.0020136
2.4695403
1.4153837
1.411901
1.5947659
1.5060814
1.5086831
1.500913
1.5034955
1.5923781
1.1875462
1.3663517
1.363681
1.6908128
1.6866148
1.6882836
1.683284
1.6849481
1.6893091
1.6425018
1.6707949
1.6689253
1.6690461
1.6767513
1.6778785
1.6744998
1.6756247
1.6680195
1.6872003
1.6820679
1.6808383
1.6367608
1.6443633
1.645136
1.6428236
1.6435893
1.6360329
1.6597142
1.6514823
1.6506501
1.6112658
1.6168584
1.6174754
1.6156252
1.616242
1.6106925
1.6288608
1.6221911
1.6215281
1.5953481
1.5984804
1.5989453
1.5975504
1.5980153
1.5949132
1.6056875
1.6015156
1.6010213
1.5889894
1.5899631
1.5903105
1.5892661
1.5896151
1.5886731
1.5923994
1.5907181
1.5903415
1.5853466
1.5862346
1.5864589
1.5857855
1.5860108
1.5851565
1.5877334
1.586892
1.5866378
1.5876709
1.5861518
1.5862105
1.5860312
1.5860932
1.587656
1.5845515
1.5848175
1.5847121
1.4963394
1.5074603
1.5071329
1.5081083
1.5077847
1.4965952
1.5411133
1.522161
1.5225732
1.4716401
1.4751992
1.475054
1.4754918
1.4753456
1.471766
1.4875674
1.4805039
1.4806717
1.4669319
1.4670588
1.4670178
1.4671392
1.4670988
1.4669399
1.4694035
1.4678704
1.4679421
1.4694668
1.468479
1.4685503
1.4683367
1.4684079
1.4693722
1.467196
1.4676897
1.4676424
1.4763739
1.474048
1.4742138
1.473715
1.4738817
1.4761831
1.4705788
1.4720468
1.4719046
1.4926153
1.4871491
1.4874143
1.4866178
1.4868839
1.4923233
1.4790253
1.482523
1.4822825
1.5280798
1.5168911
1.5172852
1.5161012
1.5164964
1.5276335
1.4989666
1.5069463
1.5065921
1.5770349
1.5674681
1.5682338
1.5659323
1.5667004
1.576056
1.5402856
1.5537059
1.553085
1.403369
1.505158
1.5074648
1.5005556
1.5028553
1.4004432
1.576396
1.5571727
1.5554549
1.3767535
2.1220654
2.1230476
2.120192
2.1211223
1.372642
1.295936
1.5270324
1.5282418
0.99422112
0.92750293
0.93037872
0.92182953
0.92465354
0.99165506
2.4831519
1.4019091
1.3987309
1.585259
1.4957818
1.4983458
1.4906888
1.4932332
1.5829018
1.1769715
1.35573
1.3531038
1.6848137
1.6799635
1.6816225
1.6766541
1.6783076
1.6833206
1.6340435
1.6633397
1.6614858
1.6649496
1.6722522
1.673375
1.6700124
1.6711308
1.6639324
1.6817813
1.6771596
1.6759365
1.6338364
1.6413024
1.6420619
1.6397735
1.6405354
1.6331015
1.6560462
1.648161
1.6473364
1.608973
1.6143922
1.615009
1.6131592
1.6137761
1.6083997
1.6260207
1.6195435
1.6188827
1.593607
1.5966203
1.5970853
1.5956897
1.5961549
1.5931713
1.6035656
1.599538
1.5990431
1.5877182
1.5885658
1.5889165
1.5878624
1.5882147
1.5873983
1.5907775
1.5892079
1.588829
1.5845824
1.5853349
1.585561
1.5848825
1.5851096
1.5843892
1.5865876
1.5858705
1.5856136
1.5876657
1.5859027
1.5859672
1.5857717
1.5858388
1.5876443
1.5839464
1.5843744
1.5842654
1.4973562
1.5087564
1.5084319
1.5094045
1.5090801
1.497611
1.5431825
1.5238226
1.5242372
1.4721429
1.4757861
1.4756388
1.4760817
1.4759339
1.4722688
1.4883728
1.4811791
1.4813487
1.4669626
1.4672181
1.4671784
1.4672957
1.4672566
1.4669698
1.4698064
1.4681554
1.4682257
1.4690883
1.468195
1.4682659
1.4680538
1.4681244
1.4689939
1.4671093
1.4675009
1.4674541
1.4756074
1.4733808
1.4735481
1.473045
1.4732131
1.4754149
1.4701042
1.4714763
1.4713332
1.4914449
1.4860849
1.486352
1.4855501
1.4858181
1.4911515
1.4781556
1.4815572
1.4813145
1.5262893
1.5153096
1.5157056
1.5145162
1.5149131
1.5258399
1.4976785
1.5055276
1.5051723
1.5731129
1.5643922
1.5651626
1.5628468
1.5636201
1.5721298
1.538199
1.5512155
1.5505901
1.3917327
1.4959673
1.4982601
1.4913916
1.4936769
1.3888493
1.5712494
1.5503021
1.5485877
1.3608331
2.1184213
2.1192995
2.1167436
2.1175764
1.3570669
1.2846961
1.5323936
1.533964
0.9840448
0.91625442
0.91902992
0.91077419
0.91350261
0.98153688
2.4976049
1.3896306
1.3867366
1.5758752
1.485632
1.4881588
1.4806122
1.4831206
1.5735491
1.166596
1.3452807
1.3426906
1.6788575
1.6733561
1.6750039
1.6700696
1.6717117
1.6773752
1.6256869
1.6559486
1.6541112
1.6608908
1.6677845
1.6688967
1.66557
1.6666754
1.6598801
1.6764021
1.6722807
1.6710672
1.630881
1.6382534
1.6390123
1.6367303
1.637491
1.6301395
1.6524169
1.6448863
1.6440714
1.6066783
1.6119255
1.6125428
1.6106907
1.6113085
1.606104
1.623174
1.6168998
1.6162392
1.5918628
1.5947582
1.595224
1.5938255
1.5942919
1.5914262
1.60144
1.5975564
1.59706
1.5864328
1.5871561
1.5875099
1.5864473
1.5868023
1.5861094
1.5891501
1.5876888
1.587308
1.5838077
1.584429
1.5846566
1.5839741
1.5842024
1.5836127
1.5854279
1.584836
1.5845748
1.5876304
1.5856343
1.5857032
1.5854959
1.5855667
1.5876026
1.5833396
1.5839211
1.5838102
1.4983742
1.5100522
1.5097278
1.5107001
1.5103758
1.4986297
1.545264
1.5254863
1.5259014
1.4726464
1.4763793
1.4762303
1.4766787
1.4765288
1.4727723
1.4891893
1.4818649
1.4820387
1.4669906
1.467372
1.4673336
1.4674474
1.4674094
1.4669973
1.4702054
1.468435
1.468504
1.4687105
1.4679131
1.4679834
1.4677729
1.467843
1.4686162
1.4670231
1.4673142
1.467268
1.474834
1.4727079
1.4728768
1.4723696
1.4725391
1.4746398
1.4696282
1.4709021
1.4707581
1.4902687
1.4850139
1.4852826
1.484476
1.4847456
1.489974
1.4772784
1.4805838
1.4803393
1.5244877
1.513721
1.5141188
1.5129236
1.5133226
1.5240355
1.496385
1.5041031
1.5037463
1.569173
1.5612964
1.5620721
1.5597403
1.5605187
1.5681847
1.5360977
1.548707
1.5480769
1.3802673
1.486832
1.4891087
1.4822927
1.4845587
1.3774313
1.5660909
1.5434474
1.5417348
1.3462564
2.1151626
2.1159507
2.1136763
2.1144155
1.3428099
1.2739455
1.5392019
1.5411331
0.97409915
0.90538907
0.90806983
0.90009427
0.9027304
0.97164735
2.5128713
1.3784798
1.3758593
1.5666171
1.4756295
1.4781191
1.4706848
1.4731555
1.5643229
1.1564094
1.334991
1.3324462
1.6729435
1.6667946
1.668431
1.6635309
1.6651617
1.6714711
1.6174353
1.648623
1.646802
1.6568669
1.663368
1.6644674
1.6611757
1.6622706
1.6558665
1.6710632
1.6674429
1.6662394
1.6279167
1.6352022
1.6359654
1.6336689
1.6344348
1.6271767
1.6488128
1.6416263
1.64081
1.6043785
1.609455
1.6100734
1.6082185
1.6088372
1.6038028
1.6203438
1.614258
1.6135986
1.5901152
1.5928913
1.5933586
1.5919553
1.5924234
1.5896779
1.5993064
1.5955669
1.595068
1.5851346
1.5857365
1.5860925
1.5850239
1.5853807
1.5848085
1.5875188
1.5861634
1.5857815
1.5830281
1.5835184
1.5837471
1.583062
1.583291
1.5828329
1.5842556
1.5837858
1.5835217
1.5875666
1.5853529
1.5854245
1.5852104
1.585283
1.5875331
1.5827353
1.5834643
1.5833533
1.4993953
1.5113475
1.5110236
1.5119951
1.5116711
1.499652
1.5473562
1.5271488
1.5275636
1.4731503
1.4769794
1.4768289
1.4772815
1.4771303
1.4732763
1.4900173
1.4825642
1.482741
1.4670169
1.4675219
1.4674844
1.4675956
1.4675585
1.4670233
1.4706004
1.4687095
1.4687774
1.4683331
1.4676332
1.467703
1.4674937
1.4675634
1.4682387
1.466938
1.4671297
1.4670839
1.4740543
1.4720301
1.4722001
1.4716894
1.47186
1.4738586
1.4691505
1.4703244
1.4701795
1.4890876
1.4839371
1.4842071
1.4833967
1.4836675
1.4887918
1.4763949
1.4796036
1.4793577
1.5226746
1.5121243
1.5125243
1.5113236
1.5117245
1.5222197
1.4950873
1.5026729
1.5023143
1.5652128
1.5581793
1.5589601
1.5566139
1.557397
1.5642204
1.5339818
1.5461799
1.5455451
1.36898
1.477764
1.4800268
1.4732562
1.4755105
1.3661878
1.5609212
1.5365984
1.5348884
1.3329294
2.112286
2.1129763
2.1109869
2.111632
1.329786
1.2636884
1.5474561
1.5497512
0.96437225
0.89489007
0.89748132
0.88977095
0.89232042
0.96197356
2.5289176
1.3684052
1.3660506
1.557486
1.4657771
1.4682292
1.4609073
1.4633404
1.5552235
1.1463895
1.3248593
1.3223548
1.6670677
1.6602784
1.6619037
1.6570374
1.6586568
1.6656043
1.6092897
1.6413632
1.6395588
1.652873
1.6589907
1.6600819
1.6568113
1.6578998
1.6518772
1.6657604
1.6626409
1.6614449
1.6249601
1.6321308
1.6328992
1.6305883
1.631359
1.6242225
1.6452116
1.6383551
1.6375345
1.6020737
1.6069821
1.6076008
1.6057462
1.6063645
1.6014971
1.6175303
1.6116227
1.6109657
1.5883644
1.5910175
1.5914866
1.5900778
1.5905478
1.5879262
1.5971632
1.5935672
1.5930657
1.5838267
1.5843101
1.5846676
1.5835955
1.5839533
1.5834987
1.5858853
1.5846346
1.5842522
1.5822494
1.5826053
1.5828344
1.5821485
1.5823776
1.5820551
1.5830734
1.5827265
1.582461
1.5874777
1.5850648
1.5851376
1.584921
1.5849942
1.5874392
1.5821368
1.5830104
1.5829005
1.5004222
1.5126432
1.5123189
1.5132918
1.5129674
1.5006803
1.5494559
1.5288124
1.5292274
1.4736545
1.4775849
1.477433
1.4778898
1.4777372
1.4737805
1.4908567
1.4832754
1.4834549
1.4670424
1.4676687
1.4676319
1.4677412
1.4677047
1.4670486
1.4709919
1.46898
1.4690469
1.467955
1.4673543
1.467424
1.4672148
1.4672845
1.4678604
1.4668542
1.4669467
1.466901
1.473269
1.4713476
1.4715187
1.4710046
1.4711763
1.473072
1.4686708
1.4697431
1.4695973
1.4879019
1.4828553
1.4831266
1.4823129
1.4825846
1.4876048
1.4755061
1.478618
1.4783709
1.5208508
1.5105205
1.5109224
1.5097153
1.5101183
1.5203931
1.4937853
1.5012362
1.5008763
1.5612371
1.5550427
1.5558288
1.5534653
1.5542549
1.5602412
1.5318513
1.5436343
1.5429946
1.3578693
1.4687645
1.4710063
1.4642889
1.4665228
1.3551216
1.5557484
1.529766
1.528059
1.3207949
2.1097867
2.1103821
2.1086778
2.1092282
1.3179419
1.2539266
1.5571538
1.5598082
0.95485358
0.88473621
0.88724308
0.87978584
0.88225096
0.95250602
2.5456581
1.3593738
1.357279
1.5484829
1.4560756
1.4584894
1.4512827
1.453677
1.5462531
1.1365445
1.3148922
1.3124246
1.6612279
1.6538077
1.6554215
1.6505889
1.6521972
1.6597739
1.6012529
1.6341705
1.6323835
1.6488972
1.6546367
1.6557229
1.6524661
1.6535503
1.6479059
1.6604912
1.6578668
1.6566773
1.6220124
1.6290415
1.6298146
1.6274897
1.6282654
1.6212769
1.6416138
1.6350655
1.6342397
1.5997666
1.604512
1.6051294
1.6032798
1.6038961
1.59919
1.6147339
1.6089991
1.6083458
1.5866105
1.5891363
1.5896073
1.5881931
1.588665
1.5861716
1.5950117
1.5915575
1.5910539
1.5825125
1.5828803
1.5832384
1.5821647
1.582523
1.5821834
1.5842505
1.5831044
1.5827219
1.5814758
1.581692
1.581921
1.5812359
1.5814646
1.5812833
1.581885
1.5816639
1.5813984
1.5873676
1.5847753
1.5848481
1.584632
1.5847048
1.5873253
1.5815459
1.5825634
1.5824554
1.5014557
1.5139421
1.5136165
1.5145933
1.5142673
1.5017155
1.5515617
1.5304775
1.5308945
1.4741587
1.4781957
1.4780424
1.4785028
1.478349
1.4742847
1.4917075
1.4839969
1.4841785
1.4670676
1.4678133
1.467777
1.4678851
1.4678489
1.4670738
1.4713806
1.469247
1.4693133
1.4675752
1.4670749
1.4671449
1.4669345
1.4670047
1.4674799
1.4667712
1.4667638
1.466718
1.4724789
1.4706606
1.4708328
1.4703158
1.4704885
1.4722809
1.468188
1.4691581
1.4690114
1.4867122
1.4817697
1.4820418
1.4812257
1.4814981
1.4864145
1.4746132
1.4776283
1.4773804
1.5190152
1.5089079
1.5093118
1.508099
1.5085038
1.5185544
1.4924787
1.4997939
1.4994326
1.5572415
1.551883
1.5526746
1.5502964
1.5510902
1.55624
1.5297057
1.5410693
1.5404259
1.346942
1.4598242
1.4620549
1.4553833
1.4576021
1.3442388
1.5505601
1.5229448
1.5212438
1.3098034
2.1076632
2.1081681
2.1067393
2.1071981
1.3072296
1.2446704
1.5682883
1.5713027
0.94554164
0.87491729
0.87734212
0.87012927
0.87251376
0.94324751
2.5629983
1.3513815
1.349546
1.5396121
1.4465292
1.4489037
1.4418165
1.4441702
1.5374161
1.1268839
1.3050968
1.3026733
1.6554271
1.6473817
1.6489842
1.6441867
1.645783
1.6539832
1.5933276
1.6270488
1.6252805
1.6449413
1.6503008
1.6513826
1.6481405
1.6492192
1.6439565
1.6552564
1.6531179
1.6519339
1.6190717
1.6259316
1.6267109
1.624368
1.6251498
1.6183374
1.6380235
1.631756
1.6309251
1.5974612
1.6020509
1.6026654
1.6008256
1.6014383
1.5968858
1.6119577
1.6063921
1.6057438
1.5848537
1.5872487
1.5877212
1.5863031
1.5867761
1.5844142
1.5928557
1.5895402
1.5890353
1.5811948
1.5814491
1.5818074
1.5807332
1.5810916
1.5808651
1.582615
1.5815739
1.5811912
1.5807095
1.5807804
1.5810088
1.5803254
1.5805535
1.5805188
1.5806933
1.5806019
1.5803368
1.5872404
1.5844872
1.5845595
1.5843449
1.5844171
1.587195
1.580962
1.5821247
1.5820185
1.5024964
1.5152465
1.5149198
1.5159017
1.515574
1.5027585
1.5536701
1.5321473
1.5325663
1.4746629
1.478811
1.4786566
1.4791204
1.4789654
1.4747889
1.4925682
1.4847267
1.4849103
1.4670928
1.4679567
1.4679206
1.4680281
1.467992
1.4670991
1.4717667
1.4695117
1.4695775
1.4671926
1.4667934
1.466864
1.4666515
1.4667225
1.4670964
1.4666882
1.4665798
1.4665335
1.4716853
1.4699702
1.4701433
1.469624
1.4697974
1.4714866
1.467702
1.4685698
1.4684224
1.4855193
1.4806812
1.4809539
1.4801364
1.4804091
1.4852208
1.4737178
1.4766361
1.476388
1.517169
1.5072882
1.507694
1.5064758
1.5068823
1.5167062
1.4911684
1.4983464
1.4979838
1.5532279
1.5487059
1.5495018
1.5471113
1.5479091
1.5522214
1.5275476
1.5384886
1.5378413
1.3361924
1.4509529
1.4531642
1.4465377
1.4487412
1.3335341
1.5453634
1.5161403
1.5144401
1.2999179
2.1058963
2.1063154
2.1051297
2.105513
1.2976155
1.2359279
1.5808716
1.5842546
0.9364483
0.86541498
0.86776415
0.86077363
0.86308711
0.93421035
2.5808671
1.3444053
1.3428158
1.530881
1.4371464
1.4394782
1.4325181
1.4348289
1.5287218
1.1174162
1.2954763
1.2930996
1.6496666
1.6410052
1.6425946
1.6378392
1.6394207
1.6482337
1.5855121
1.6200042
1.6182555
1.6410068
1.6459872
1.6470624
1.6438415
1.6449125
1.6400237
1.6500561
1.6483939
1.6472189
1.6161372
1.6228018
1.6235846
1.6212366
1.6220187
1.6154056
1.6344065
1.6284192
1.6275786
1.5951623
1.5996051
1.6002153
1.5983895
1.5989972
1.5945893
1.6092069
1.6038076
1.6031656
1.5830947
1.5853568
1.5858301
1.5844101
1.5848837
1.5826547
1.5907002
1.5875193
1.5870141
1.5798753
1.5800173
1.5803757
1.5793013
1.5796598
1.5795454
1.5809784
1.5800427
1.5796598
1.57995
1.579871
1.5800987
1.579417
1.5796445
1.5797608
1.5795004
1.5795416
1.5792768
1.5870988
1.5842008
1.5842727
1.5840587
1.5841309
1.5870509
1.580383
1.5816929
1.5815878
1.5035454
1.5165591
1.5162303
1.5172194
1.5168889
1.5038096
1.555779
1.533823
1.5342435
1.4751671
1.4794307
1.4792752
1.4797419
1.4795859
1.4752931
1.493438
1.4854633
1.4856483
1.4671182
1.4680995
1.4680635
1.4681708
1.4681347
1.4671245
1.4721512
1.469775
1.4698406
1.4668065
1.4665086
1.4665801
1.4663647
1.4664367
1.4667094
1.4666041
1.4663934
1.4663463
1.4708895
1.4692774
1.469451
1.4689305
1.4691041
1.4706905
1.4672128
1.4679789
1.467831
1.4843242
1.4795914
1.4798642
1.4790462
1.4793191
1.4840252
1.4728217
1.4756432
1.4753951
1.5153135
1.5056615
1.5060688
1.5048455
1.5052536
1.514848
1.4898551
1.4968937
1.4965297
1.5492012
1.5455133
1.5463129
1.5439108
1.5447126
1.5481926
1.5253776
1.5358939
1.5352425
1.3256225
1.4421383
1.4443384
1.4377596
1.439947
1.3230092
1.5401627
1.5093509
1.5076571
1.2911016
2.1044309
2.1047828
2.1037931
2.1041138
1.2890602
1.2277069
1.5949516
1.5987207
0.92757629
0.85620059
0.85848028
0.85169358
0.8539397
0.92539266
2.5992803
1.3384225
1.3370842
1.5222987
1.427935
1.430223
1.4233953
1.4256616
1.520176
1.1081666
1.2860462
1.2837172
1.64395
1.6346896
1.6362625
1.6315563
1.6331217
1.6425283
1.5778098
1.6130396
1.611311
1.6370749
1.6417013
1.6427702
1.6395633
1.6406315
1.636089
1.6448978
1.6437083
1.6425415
1.6132187
1.6196738
1.6204548
1.618115
1.6188939
1.6124927
1.6307659
1.6250521
1.6242104
1.5928746
1.5971795
1.5977843
1.5959748
1.596577
1.5923048
1.6064873
1.60125
1.600615
1.5813341
1.5834636
1.583937
1.5825174
1.5829906
1.5808939
1.5885501
1.5854994
1.5849951
1.5785549
1.5785851
1.5789436
1.5778688
1.5782274
1.5782248
1.5793406
1.5785105
1.5781273
1.5791954
1.5789633
1.5791907
1.5785095
1.578737
1.5790069
1.578307
1.5784819
1.5782171
1.5869444
1.5839143
1.5839865
1.5837711
1.5838439
1.5868942
1.5798057
1.5812648
1.5811599
1.5046038
1.517882
1.5175501
1.5185475
1.5182146
1.5048704
1.557888
1.5355062
1.5359284
1.4756715
1.4800539
1.4798974
1.4803668
1.4802099
1.4757976
1.494317
1.4862062
1.4863929
1.4671433
1.4682421
1.4682061
1.4683133
1.4682773
1.4671493
1.4725347
1.4700376
1.4701031
1.4664167
1.4662198
1.4662923
1.4660737
1.4661468
1.4663186
1.4665179
1.4662037
1.4661556
1.4700931
1.4685834
1.4687571
1.4682362
1.4684099
1.4698941
1.4667207
1.4673863
1.467238
1.4831276
1.4785012
1.478774
1.4779564
1.4782291
1.4828285
1.4719261
1.474651
1.4744031
1.5134487
1.504028
1.5044368
1.5032091
1.5036186
1.5129815
1.4885388
1.4954365
1.495072
1.5451552
1.5423049
1.5431083
1.5406954
1.5415007
1.5441424
1.5231959
1.5332839
1.5326297
1.3152372
1.4333925
1.4355764
1.429047
1.4312178
1.3126694
1.5349559
1.5025769
1.5008879
1.2833157
2.1032079
2.1035017
2.1026678
2.1029392
1.2815238
1.220018
1.6105963
1.6147657
0.91891453
0.84725454
0.8494661
0.84288469
0.84506212
0.9167798
2.6182254
1.3334327
1.3323339
1.5138587
1.4188993
1.4211431
1.414442
1.4166667
1.5117697
1.0991131
1.2768036
1.2745194
1.6382789
1.6284399
1.6299961
1.62534
1.6268879
1.6368681
1.5702238
1.6061569
1.60445
1.633126
1.6374243
1.6384935
1.6352829
1.6363537
1.6321359
1.639782
1.6390576
1.6379006
1.6103244
1.61656
1.617337
1.6150097
1.6157843
1.6096048
1.6271038
1.6216895
1.6208504
1.5906004
1.5947753
1.5953749
1.5935806
1.5941777
1.5900341
1.6037996
1.5987192
1.5980902
1.5795731
1.581572
1.5820448
1.5806277
1.5810999
1.579133
1.586409
1.5834843
1.5829817
1.5772339
1.5771524
1.577511
1.5764359
1.5767946
1.5769037
1.5777017
1.5769772
1.5765938
1.5784425
1.5780552
1.5782831
1.5775999
1.5778284
1.5782541
1.5771108
1.5774214
1.577156
1.5867787
1.5836251
1.5836982
1.5834797
1.5835536
1.5867268
1.579227
1.5808369
1.5807314
1.5056729
1.5192163
1.5188816
1.5198883
1.5195519
1.5059419
1.5599973
1.5371972
1.5376214
1.4761766
1.4806805
1.4805232
1.4809951
1.4808373
1.4763029
1.4952054
1.4869551
1.4871433
1.4671671
1.4683842
1.4683484
1.4684545
1.4684189
1.4671726
1.4729176
1.4702994
1.4703645
1.4660231
1.4659265
1.4660002
1.4657782
1.4658525
1.4659242
1.4664286
1.4660098
1.4659606
1.4692971
1.467889
1.4680627
1.4675417
1.4677155
1.4690983
1.4662262
1.4667924
1.4666437
1.4819306
1.4774117
1.4776842
1.4768675
1.4771398
1.4816314
1.4710322
1.4736602
1.4734128
1.5115763
1.5023886
1.502799
1.501567
1.5019782
1.5111073
1.4872209
1.4939758
1.4936099
1.5411064
1.5390838
1.5398893
1.5374687
1.538278
1.5400919
1.5210053
1.5306627
1.530006
1.3050347
1.4247187
1.4268808
1.4204085
1.422562
1.3025136
1.529751
1.4958264
1.494143
1.2765051
2.1021704
2.1024239
2.101718
2.1019472
1.2749477
1.2128655
1.6278639
1.6323624
0.91045032
0.83858447
0.84072725
0.83435485
0.83646183
0.90836493
2.6376744
1.3294141
1.328553
1.5055519
1.4100254
1.4122295
1.405647
1.407832
1.5034958
1.0902525
1.2677367
1.2654953
1.6326565
1.6222551
1.6237952
1.6191861
1.620719
1.6312609
1.5627553
1.5993619
1.5976774
1.6291597
1.6331439
1.6342133
1.631003
1.6320735
1.6281692
1.6347011
1.6344281
1.6332731
1.6074561
1.6134638
1.6142362
1.6119225
1.6126926
1.606743
1.6234603
1.618339
1.6175037
1.5883397
1.5923899
1.5929851
1.5912028
1.5917962
1.5877764
1.60114
1.5962109
1.5955866
1.5778133
1.5796849
1.5801563
1.5787437
1.5792143
1.5773738
1.5842785
1.581477
1.5809765
1.5759128
1.5757196
1.5760781
1.5750034
1.5753619
1.5755828
1.5760627
1.5754435
1.5750602
1.5776889
1.5771432
1.5773724
1.5766851
1.576915
1.5775
1.5759109
1.5763587
1.5760928
1.5866035
1.5833312
1.5834056
1.583183
1.5832582
1.5865504
1.5786438
1.5804066
1.5803002
1.5067533
1.5205632
1.5202254
1.5212409
1.5209015
1.507026
1.5621067
1.5388973
1.539323
1.4766822
1.4813104
1.4811523
1.4816264
1.4814679
1.4768085
1.4961028
1.4877104
1.4879001
1.467188
1.4685238
1.4684888
1.4685919
1.4685576
1.4671924
1.4732988
1.4705588
1.4706228
1.4656259
1.4656286
1.4657035
1.4654778
1.4655533
1.465526
1.4663348
1.4658111
1.4657606
1.468502
1.4671944
1.4673682
1.4668469
1.4670208
1.4683033
1.4657292
1.4661972
1.4660481
1.4807333
1.4763233
1.4765955
1.4757793
1.4760516
1.4804338
1.47014
1.4726711
1.4724241
1.5096967
1.5007437
1.5011556
1.4999192
1.5003316
1.5092255
1.4859008
1.492511
1.4921444
1.5370489
1.5358511
1.5366595
1.534232
1.535042
1.5360331
1.5188057
1.5280323
1.5273729
1.2950178
1.4161152
1.4182596
1.41184
1.4139753
1.2925426
1.5245477
1.4890983
1.4874207
1.2706082
2.1013134
2.1015201
2.1009548
2.1011381
1.2692685
1.2062441
1.6459732
1.6505465
0.9021789
0.83019869
0.83226888
0.82611304
0.82814813
0.90014025
2.6576783
1.3263073
1.3256594
1.4973777
1.4013065
1.4034723
1.3970033
1.3991502
1.4953551
1.0815662
1.2588315
1.2566361
1.6270871
1.6161327
1.6176571
1.6130944
1.6146114
1.6256999
1.5554007
1.5926577
1.5909971
1.6252087
1.6288635
1.629933
1.6267284
1.6277956
1.6242252
1.6296589
1.6298117
1.6286593
1.6046128
1.6103855
1.6111535
1.6088528
1.6096186
1.6039055
1.6198419
1.6150038
1.6141722
1.5860904
1.5900185
1.5906105
1.5888365
1.5894274
1.5855295
1.5985031
1.5937193
1.5930983
1.5760565
1.5778044
1.578274
1.5768671
1.5773357
1.575618
1.5821583
1.5794788
1.5789807
1.5745926
1.5742877
1.5746459
1.5735726
1.5739305
1.5742629
1.5744251
1.5739106
1.5735277
1.5769329
1.5762257
1.5764561
1.5757652
1.5759961
1.5767433
1.5747089
1.5752941
1.5750279
1.5864217
1.5830319
1.5831077
1.58288
1.5829578
1.5863683
1.5780538
1.5799731
1.5798656
1.5078458
1.5219214
1.5215808
1.5226052
1.5222627
1.5081206
1.5642196
1.5406051
1.5410336
1.4771866
1.4819427
1.4817841
1.482259
1.4821004
1.4773121
1.4970092
1.488471
1.4886617
1.4672035
1.4686582
1.4686248
1.4687223
1.4686901
1.4672062
1.4736756
1.4708127
1.4708748
1.4652248
1.4653258
1.4654019
1.4651724
1.4652492
1.4651239
1.466235
1.4656069
1.465555
1.4677074
1.4664992
1.4666732
1.4661511
1.4663253
1.4675089
1.4652293
1.4656001
1.4654505
1.4795352
1.4752354
1.4755077
1.4746915
1.4749637
1.4792354
1.4692491
1.4716834
1.4714366
1.5078091
1.4990931
1.4995064
1.4982656
1.4986796
1.5073363
1.4845781
1.4910421
1.4906742
1.5329834
1.5326105
1.5334224
1.5309886
1.5317995
1.5319667
1.5165966
1.5253906
1.5247292
1.2851902
1.4075832
1.4097092
1.403345
1.4054617
1.2827618
1.51935
1.4823978
1.4807272
1.2655579
2.1006514
2.1008049
2.1004018
2.1005281
1.2644189
1.2001392
1.6643756
1.6690169
0.89409145
0.82209683
0.82409801
0.81814947
0.82011572
0.89209728
2.6782959
1.3240539
1.3236245
1.4893376
1.3927369
1.3948653
1.3885071
1.390617
1.4873484
1.0730601
1.2500934
1.2479325
1.6215517
1.6100704
1.61158
1.6070586
1.6085624
1.6201719
1.5481561
1.5860448
1.584404
1.6212851
1.6245985
1.6256631
1.622475
1.6235364
1.6203082
1.6246339
1.6252083
1.6240601
1.6017914
1.6073239
1.6080878
1.6057988
1.6065609
1.601089
1.6162446
1.6116834
1.6108555
1.5838497
1.5876561
1.5882463
1.5864772
1.5870667
1.5832905
1.5958838
1.5912391
1.5906204
1.5743044
1.5759319
1.5763994
1.5749989
1.5754653
1.5738673
1.5800472
1.57749
1.5769942
1.5732743
1.5728581
1.5732156
1.5721445
1.5725015
1.5729452
1.5727902
1.5723798
1.5719975
1.5761743
1.575304
1.5755352
1.5748423
1.5750737
1.5759842
1.5735078
1.5742291
1.5739633
1.5862372
1.5827267
1.5828038
1.5825724
1.5826518
1.5861846
1.5774572
1.5795365
1.5794283
1.5089484
1.523291
1.5229478
1.5239799
1.5236348
1.5092256
1.5663349
1.5423212
1.5427509
1.4776868
1.4825746
1.4824165
1.4828894
1.4827318
1.4778108
1.4979248
1.4892351
1.4894264
1.4672114
1.468784
1.4687531
1.4688429
1.4688135
1.467212
1.4740441
1.4710574
1.4711167
1.4648196
1.4650178
1.4650953
1.4648619
1.46494
1.4647176
1.4661282
1.4653969
1.4653434
1.4669128
1.4658026
1.465977
1.4654536
1.4656283
1.4667141
1.4647261
1.4650004
1.4648501
1.4783355
1.4741474
1.4744197
1.4736031
1.4738755
1.4780354
1.4683586
1.4706959
1.4704491
1.5059147
1.4974366
1.4978513
1.4966057
1.4970215
1.5054399
1.4832523
1.4895689
1.4891997
1.528915
1.5293636
1.5301763
1.5277369
1.5285509
1.5278967
1.5143824
1.5227411
1.5220776
1.2755498
1.3991251
1.4012326
1.3949236
1.3970218
1.2731682
1.5141584
1.475725
1.4740605
1.2612857
2.1002148
2.1003109
2.1000882
2.1001529
1.260333
1.1945443
1.6830486
1.6877552
0.88618144
0.81426939
0.8162022
0.8104568
0.81235624
0.88423078
2.6995652
1.3226355
1.3223968
1.481429
1.3843125
1.3864048
1.3801528
1.3822272
1.4794713
1.0647134
1.2415069
1.2393847
1.6160409
1.6040564
1.6055561
1.6010625
1.6025581
1.6146672
1.5410116
1.5795058
1.5778804
1.6173874
1.6203577
1.6214159
1.6182466
1.6193017
1.6164167
1.619628
1.6206225
1.6194789
1.5989881
1.6042769
1.6050374
1.6027582
1.6035172
1.5982897
1.6126664
1.6083762
1.6075511
1.5816146
1.5852989
1.5858881
1.5841213
1.5847102
1.5810564
1.5932781
1.5887667
1.5881494
1.5725582
1.5740679
1.5745333
1.573139
1.5736033
1.5721226
1.5779432
1.5755096
1.5750157
1.571959
1.5714317
1.5717883
1.5707199
1.571076
1.5716309
1.5711593
1.5708519
1.5704705
1.5754139
1.5743806
1.5746118
1.5739191
1.5741502
1.5752236
1.5723127
1.5731674
1.5729029
1.586055
1.5824176
1.5824961
1.5822632
1.5823428
1.5860043
1.576855
1.5790986
1.5789901
1.5100603
1.5246708
1.524325
1.5253649
1.5250177
1.5103404
1.5684541
1.5440444
1.5444748
1.4781789
1.4832028
1.483046
1.4835143
1.4833585
1.4783001
1.4988477
1.4900013
1.4901932
1.4672103
1.4688989
1.468871
1.4689518
1.4689254
1.4672085
1.4744002
1.4712897
1.4713455
1.4644102
1.4647049
1.4647836
1.4645467
1.464626
1.4643072
1.466014
1.4651811
1.4651263
1.4661172
1.465104
1.4652789
1.4647537
1.464929
1.4659182
1.4642191
1.4643976
1.4642464
1.4771336
1.4730583
1.4733309
1.4725131
1.4727859
1.476833
1.4674678
1.4697081
1.4694611
1.5040134
1.495773
1.4961897
1.4949397
1.4953561
1.5035368
1.4819229
1.4880902
1.4877201
1.524842
1.5261075
1.5269226
1.5244774
1.5252927
1.523824
1.5121549
1.5200835
1.5194178
1.2660967
1.3907405
1.3928294
1.3865813
1.3886606
1.2637618
1.5089734
1.4690766
1.467419
1.2577562
2.1000089
2.1000462
2.0999871
2.0999994
1.2569912
1.1894654
1.7019816
1.706758
0.87844585
0.80671054
0.80857674
0.80302894
0.80486213
0.87653884
2.7214942
1.3219486
1.3218802
1.4736428
1.3760275
1.3780849
1.3719343
1.3739754
1.4717142
1.0565303
1.2330745
1.2309892
1.6105581
1.5980756
1.5995675
1.5950968
1.5965849
1.6091923
1.5339515
1.5730236
1.5714101
1.6135133
1.6161415
1.6171936
1.6140426
1.6150917
1.612548
1.6146429
1.6160546
1.6149154
1.5961994
1.6012422
1.6019998
1.5997287
1.6004851
1.595504
1.6091053
1.6050801
1.6042577
1.5793823
1.5829438
1.5835327
1.5817664
1.5823552
1.5788244
1.5906826
1.5862992
1.5856829
1.5708183
1.5722119
1.5726753
1.5712866
1.5717491
1.5703843
1.5758437
1.573536
1.5730434
1.5706477
1.570009
1.5703646
1.569299
1.5696542
1.5703206
1.5695327
1.5693274
1.5689468
1.5746533
1.5734582
1.5736889
1.5729982
1.5732284
1.5744633
1.5711243
1.572111
1.5718479
1.5858797
1.5821093
1.5821877
1.5819571
1.5820355
1.585832
1.576251
1.5786613
1.5785533
1.5111827
1.5260618
1.5257133
1.5267619
1.5264117
1.5114653
1.5705792
1.5457736
1.546207
1.478659
1.4838235
1.4836689
1.4841298
1.4839766
1.4787766
1.4997796
1.4907697
1.4909618
1.4671998
1.4690016
1.4689768
1.4690486
1.4690252
1.4671958
1.4747412
1.4715079
1.4715601
1.4639969
1.4643876
1.4644673
1.4642275
1.4643077
1.463893
1.4658929
1.4649602
1.4649043
1.4653202
1.4644028
1.4645784
1.4640512
1.4642271
1.4651207
1.4637084
1.4637913
1.4636393
1.4759294
1.4719675
1.4722406
1.4714212
1.4716945
1.4756278
1.4665758
1.4687192
1.4684717
1.5021062
1.4941061
1.494523
1.4932694
1.4936885
1.5016278
1.4805897
1.4866076
1.486236
1.5207689
1.522846
1.5236619
1.5212139
1.5220302
1.5197504
1.5099216
1.5174171
1.5167491
1.2568302
1.3824352
1.3845056
1.3783123
1.3803736
1.2545445
1.5037973
1.4624534
1.4608013
1.2549951
2.0999972
2.0999966
2.1000342
2.1000225
1.2544325
1.1848975
1.7212022
1.7260515
0.87088182
0.79941456
0.80121494
0.7958646
0.7976326
0.86901719
2.7439663
1.3218821
1.3219387
1.4659683
1.3678717
1.3698975
1.3638391
1.3658501
1.4640648
1.0485035
1.2247848
1.2227341
1.6051056
1.5921254
1.5936098
1.5891615
1.5906424
1.6037465
1.526954
1.5665865
1.5649834
1.6096602
1.6119501
1.6129959
1.6098642
1.6109067
1.6087
1.6096801
1.6115049
1.6103711
1.5934219
1.5982176
1.5989728
1.5967087
1.5974628
1.5927291
1.6055587
1.6017943
1.6009744
1.5771506
1.5805888
1.5811778
1.579411
1.5800001
1.5765926
1.5880946
1.5838348
1.583219
1.5690844
1.5703627
1.5708245
1.5694401
1.5699013
1.5686519
1.5737465
1.571567
1.5710752
1.5693406
1.5685898
1.5689446
1.5678816
1.5682359
1.5690145
1.5679103
1.5678061
1.5674262
1.5738943
1.5725393
1.5727689
1.5720818
1.5723107
1.573705
1.5699426
1.5710604
1.5707987
1.5857158
1.5818064
1.5818833
1.5816585
1.5817346
1.585672
1.5756484
1.5782272
1.5781202
1.5123162
1.5274652
1.5271134
1.5281722
1.5278184
1.5126017
1.5727115
1.5475109
1.5479473
1.479124
1.484433
1.4842816
1.484733
1.4845831
1.4792376
1.5007181
1.4915362
1.4917268
1.4671808
1.4690927
1.4690707
1.4691346
1.4691138
1.4671749
1.4750655
1.4717119
1.4717608
1.4635801
1.4640665
1.4641472
1.463905
1.4639859
1.4634755
1.4657664
1.4647354
1.4646787
1.4645215
1.4636991
1.4638752
1.4633465
1.4635229
1.4643216
1.4631944
1.4631821
1.4630293
1.4747218
1.4708744
1.4711479
1.4703271
1.4706009
1.4744195
1.4656825
1.4677286
1.4674808
1.500187
1.4924318
1.4928507
1.4915928
1.4920126
1.4997067
1.4792521
1.4851191
1.4847464
1.5166933
1.5195807
1.5203974
1.5179455
1.5187635
1.5156741
1.5076806
1.514743
1.5140736
1.2477514
1.3742026
1.3762548
1.3701162
1.3721592
1.245509
1.4986273
1.4558577
1.4542116
1.2530755
2.1000714
2.1000597
2.1001024
2.100097
1.2527329
1.1808416
1.7407099
1.7456285
0.86348817
0.79238137
0.79411587
0.78896629
0.79066689
0.86166688
2.7668044
1.3222213
1.3223791
1.4583924
1.3598354
1.361832
1.3558598
1.3578423
1.456514
1.0406308
1.216634
1.2146184
1.5996803
1.5862051
1.5876822
1.583258
1.5847302
1.5983289
1.5200178
1.560188
1.5585942
1.6058278
1.6077851
1.6088242
1.6057129
1.6067485
1.6048731
1.6047418
1.6069793
1.6058526
1.5906534
1.5952021
1.5959551
1.5936977
1.5944496
1.5899625
1.6020235
1.5985182
1.5977008
1.5749181
1.578233
1.5788222
1.5770549
1.5776441
1.5743599
1.5855114
1.581372
1.5807564
1.567356
1.5685187
1.5689793
1.5675984
1.5680584
1.5669247
1.5716499
1.5696008
1.5691097
1.5680377
1.5671742
1.567528
1.5664678
1.5668211
1.5677127
1.5662923
1.5662881
1.5659092
1.573139
1.5716258
1.5718538
1.5711716
1.5713987
1.5729509
1.5687672
1.570016
1.5697559
1.5855666
1.581513
1.5815872
1.581371
1.5814437
1.585527
1.5750502
1.5777986
1.5776931
1.5134612
1.5288821
1.5285266
1.5295951
1.5292387
1.5137492
1.5748549
1.5492603
1.5497
1.4795726
1.4850293
1.4848813
1.4853215
1.4851757
1.4796821
1.5016593
1.4922962
1.4924848
1.4671551
1.4691742
1.4691545
1.4692122
1.4691934
1.4671479
1.4753741
1.4719037
1.47195
1.4631606
1.4637429
1.4638241
1.4635802
1.4636617
1.4630554
1.4656358
1.4645076
1.4644503
1.4637215
1.4629934
1.46317
1.46264
1.4628168
1.4635213
1.4626778
1.4625704
1.4624172
1.4735117
1.4697793
1.4700534
1.4692311
1.4695053
1.4732089
1.464788
1.4667368
1.4664887
1.4982631
1.4907517
1.4911729
1.4899093
1.4903308
1.4977816
1.4779114
1.4836264
1.4832525
1.5126153
1.516308
1.5171272
1.5146693
1.5154889
1.5115956
1.5054335
1.5120626
1.5113914
1.2388558
1.3660479
1.3680768
1.3619925
1.3640174
1.2366591
1.4934646
1.4492861
1.4476461
1.252035
2.100117
2.1001194
2.1001049
2.1001218
1.2519084
1.1772968
1.7604903
1.7654718
0.85627193
0.78562316
0.78728664
0.78235299
0.78397964
0.85449748
2.7897083
1.3230647
1.3233741
1.4509185
1.3519132
1.3538811
1.3479959
1.3499491
1.4490658
1.0329182
1.2086198
1.20664
1.5942876
1.5803216
1.5817885
1.5773966
1.5788578
1.592945
1.5131356
1.5538272
1.5522428
1.6020178
1.6036481
1.6046798
1.6015909
1.6026188
1.601069
1.5998292
1.6024833
1.6013644
1.587892
1.5921957
1.5929464
1.5906962
1.5914456
1.5872027
1.5985007
1.5952521
1.5944375
1.5726852
1.5758768
1.576466
1.5746991
1.575288
1.5721271
1.5829309
1.57891
1.5782946
1.5656326
1.566679
1.5671385
1.5657607
1.5662197
1.5652025
1.569554
1.567637
1.5671465
1.5667393
1.5657625
1.5661152
1.5650585
1.5654105
1.5664155
1.564679
1.5647744
1.5643967
1.5723891
1.5707193
1.5709454
1.5702691
1.570494
1.5722027
1.5675981
1.5689782
1.5687199
1.5854343
1.5812322
1.5813027
1.5810973
1.581166
1.5853993
1.5744585
1.5773775
1.577274
1.5146152
1.5303115
1.5299533
1.5310307
1.530671
1.5149048
1.5770121
1.5510233
1.5514662
1.480005
1.4856102
1.4854662
1.485895
1.4857529
1.4801107
1.5025986
1.4930465
1.4932321
1.4671247
1.4692486
1.4692305
1.4692838
1.4692663
1.4671165
1.4756691
1.4720859
1.4721302
1.4627388
1.4634171
1.4634988
1.4632534
1.4633354
1.462633
1.4655024
1.4642776
1.4642197
1.4629206
1.4622864
1.4624633
1.4619328
1.4621097
1.4627204
1.4621592
1.4619572
1.4618038
1.4722995
1.4686825
1.4689569
1.4681337
1.4684083
1.4719962
1.4638928
1.4657441
1.4654958
1.496335
1.4890652
1.4894874
1.48822
1.4886427
1.4958522
1.4765678
1.4821298
1.4817552
1.5085359
1.5130295
1.5138496
1.5113887
1.5122093
1.5075159
1.503182
1.5093755
1.5087029
1.2301423
1.3579603
1.3599761
1.353946
1.3559528
1.2279911
1.4883061
1.4427388
1.4411048
1.2518467
2.1000597
2.1000944
2.0999781
2.1000353
1.2519281
1.1742563
1.7805101
1.7855455
0.84924022
0.77915331
0.78074535
0.77602284
0.77758017
0.8475104
2.8125083
1.3245378
1.3250118
1.4435447
1.3441077
1.3460465
1.3402474
1.3421724
1.4417147
1.025366
1.2007524
1.1988067
1.5889317
1.5744832
1.5759385
1.5715817
1.573031
1.5875988
1.5063
1.5475069
1.5459342
1.5982324
1.599542
1.6005656
1.5975012
1.5985207
1.5972903
1.5949468
1.5980196
1.596909
1.5851366
1.5891992
1.5899474
1.587705
1.5884518
1.5844485
1.5949935
1.591998
1.5911868
1.5704536
1.5735219
1.5741105
1.5723457
1.5729338
1.5698963
1.5803512
1.5764489
1.5758338
1.5639142
1.5648434
1.5653019
1.5639273
1.5643852
1.5634855
1.5674599
1.565676
1.5651863
1.5654463
1.5643559
1.5647071
1.5636551
1.5640054
1.565124
1.5630714
1.5632664
1.5628904
1.5716463
1.569821
1.5700448
1.5693751
1.5695978
1.5714619
1.5664357
1.5679476
1.5676911
1.5853199
1.5809663
1.5810326
1.5808395
1.5809035
1.5852896
1.5738752
1.5769656
1.5768645
1.5157743
1.5317519
1.5313912
1.5324739
1.5321126
1.5160643
1.5791846
1.5528002
1.5532464
1.4804228
1.4861761
1.4860359
1.4864539
1.4863153
1.4805252
1.5035315
1.4937843
1.4939667
1.4670908
1.4693178
1.469301
1.469351
1.4693346
1.4670818
1.4759534
1.4722607
1.4723034
1.4623151
1.4630892
1.4631715
1.4629245
1.463007
1.4622088
1.4653667
1.4640454
1.463987
1.4621196
1.4615791
1.461756
1.4612255
1.4614023
1.4619194
1.4616393
1.4613433
1.4611897
1.4710855
1.4675846
1.4678592
1.4670353
1.4673101
1.4707815
1.4629974
1.4647504
1.4645018
1.4944022
1.4873739
1.4877971
1.4865265
1.4869504
1.4939185
1.4752221
1.4806299
1.4802544
1.5044555
1.509747
1.510568
1.5081044
1.5089258
1.5034349
1.5009245
1.506683
1.5060093
1.2216102
1.3499497
1.3519476
1.3459766
1.3479553
1.2195063
1.483156
1.4362159
1.4345914
1.2524735
2.099864
2.0999348
2.0997439
2.0998026
1.2527513
1.1717221
1.8007266
1.8057926
0.84238538
0.77295871
0.77448237
0.76995283
0.77145051
0.84069827
2.8351849
1.3266781
1.3273509
1.4362537
1.3364142
1.3383258
1.3326069
1.3345057
1.434442
1.0179587
1.1930182
1.1910932
1.5836151
1.5686918
1.5701353
1.5658135
1.5672512
1.5822923
1.499509
1.5412348
1.5396743
1.5944743
1.5954688
1.5964841
1.5934447
1.5944557
1.5935391
1.5900983
1.5935895
1.5924873
1.5823859
1.5862136
1.5869589
1.584725
1.5854689
1.5816989
1.5915065
1.5887591
1.5879521
1.5682261
1.5711706
1.5717582
1.5699972
1.570584
1.5676702
1.5777712
1.5739894
1.5733748
1.5622016
1.5630123
1.5634696
1.5620986
1.5625552
1.5617743
1.5653698
1.563719
1.5632304
1.5641598
1.5629562
1.5633055
1.5622596
1.5626077
1.5638394
1.5614708
1.5617659
1.5613922
1.5709115
1.5689314
1.5691529
1.5684898
1.5687102
1.570729
1.5652804
1.5669243
1.5666696
1.5852246
1.5807169
1.5807785
1.5805971
1.5806568
1.5851995
1.5733011
1.5765641
1.5764655
1.5169327
1.5331979
1.5328357
1.5339074
1.5335601
1.5172217
1.5813748
1.5545868
1.5550147
1.4808284
1.4867282
1.4865914
1.4869931
1.4868642
1.4809279
1.5044556
1.4945081
1.494679
1.4670538
1.4693831
1.4693672
1.469413
1.4693988
1.467044
1.4762293
1.4724293
1.472468
1.4618893
1.462759
1.4628419
1.4625952
1.462676
1.4617825
1.4652286
1.4638105
1.4637528
1.4613188
1.4608719
1.4610487
1.4605245
1.4606953
1.4611187
1.4611185
1.4607291
1.4605806
1.4698685
1.4664852
1.4667605
1.4659445
1.4662105
1.4695639
1.4621019
1.463756
1.4635158
1.4924635
1.4856779
1.4861025
1.4848417
1.4852534
1.4919778
1.4738739
1.4791247
1.47876
1.5003778
1.5064619
1.5072833
1.5048411
1.5056412
1.4993599
1.498661
1.5039849
1.5033282
1.213271
1.3420419
1.3440013
1.338178
1.3400911
1.21122
1.478029
1.429756
1.4281762
1.2532032
2.0998246
2.0997678
2.1001028
2.0999625
1.25318
1.1693636
1.8209242
1.825924
0.83561031
0.76697713
0.76846146
0.76403778
0.76550012
0.83390072
2.8589641
1.3299659
1.3310309
1.4290334
1.3288244
1.330711
1.325083
1.3269405
1.4272388
1.0105554
1.1852915
1.183366
1.5783388
1.5629465
1.5643786
1.5601115
1.5615175
1.5770263
1.4927646
1.5350113
1.5334824
1.5907438
1.5914285
1.5924355
1.5894404
1.5904236
1.5898159
1.5852859
1.5891934
1.58812
1.5796387
1.5832395
1.5839819
1.5817754
1.5824984
1.5789529
1.5880434
1.585539
1.5847558
1.5660052
1.5688255
1.5694114
1.5676718
1.5682412
1.5654517
1.575191
1.5715331
1.5709352
1.560495
1.5611861
1.5616421
1.5602875
1.5607306
1.5600697
1.5632862
1.5617675
1.5612936
1.5628812
1.5615651
1.5619121
1.5608827
1.561219
1.5625634
1.5598785
1.5602752
1.5599142
1.5701846
1.5680501
1.5682696
1.5676184
1.5678308
1.5700046
1.5641326
1.5659088
1.5656635
1.5851523
1.5804784
1.5805376
1.5803601
1.5804193
1.5851339
1.5727345
1.5761737
1.576081
32.342882
15.806274
16.122743
31.620119
31.095302
26.579885
1.793452
1.7894898
1.8622714
1.7845945
2.5587981
2.6135263
1.8001776
1.8002866
1.7108657
1.7957345
1.6943598
1.6965868
1.7170941
2.8176352
2.8508721
5.5084804
11.03902
8.6984382
2.1086425
2.1074277
2.1113833
2.1153998
2.1191695
2.1191876
1.7596115
1.8191626
1.8222057
1.8134643
1.8163008
1.7564638
1.772227
1.8312824
1.8343378
1.8252374
1.8282468
1.7690246
1.7471371
1.8079993
1.8107625
14.145049
24.147795
21.523369
2.7654956
7.0524807
53.562101
18.800254
144.63988
55.543185
19.128685
144.6741
56.096748
14.219693
132.11152
44.361691
51.872787
48.075197
29.990682
2.8008095
6.604991
51.937626
23.657937
146.097
56.623832
66.589339
86.518914
52.904158
65.664374
89.715641
54.11647
66.665395
86.080581
52.745661
52.051075
48.247303
30.196014
3.5287293
4.3128991
3.9837767
3.2703272
3.910456
15.158532
3.2821062
3.9172775
14.472173
2.8086737
6.5694159
51.627197
24.191238
146.19256
56.855412
65.47569
90.218598
54.312247
67.637531
83.312068
51.765032
67.677802
82.951651
51.647282
61.630046
60.24073
41.001249
61.805738
60.448915
41.183694
2.949435
4.8868926
40.082837
48.195693
42.891955
23.405932
47.606007
42.41292
22.78875
6.2969566
15.875113
77.743773
6.6682757
45.947099
21.091078
6.6835926
49.523588
21.907489
2.5102608
9.6137797
55.781745
35.138967
53.663056
42.84871
34.726834
53.738812
42.971424
35.274077
53.638472
42.809514
35.672516
53.555778
42.697152
2.9587617
4.8392616
39.402193
2.9821102
4.6623076
37.209112
2.7669486
6.6973751
52.710067
21.325958
145.26998
56.101366
48.335173
43.04101
23.605278
48.634186
43.500884
24.210679
4.6381796
10.46183
66.207578
6.2868163
16.035342
78.539952
6.1646076
16.116513
80.701786
6.6938617
44.775094
20.847663
6.7193261
41.159761
20.628325
3.5748343
4.3837384
6.2492193
58.704226
55.955592
36.984866
6.4631463
28.583877
22.918279
2.5317533
8.8374683
56.578681
2.5539874
8.773388
56.658922
2.5227141
8.8308945
56.542338
2.5120916
8.9181663
56.305816
37.001161
53.211306
42.331236
36.719956
53.297711
42.406898
37.085977
53.181659
42.311631
37.313838
53.073195
42.271409
3.5533788
4.3538739
6.6040456
4.362822
8.8242187
45.503571
2.8211864
6.0800249
50.141325
26.308621
146.03865
57.996816
49.422185
120.87165
59.914769
47.803903
123.29665
60.129498
49.927007
120.06707
59.862416
51.326477
117.53001
59.673351
67.010113
69.810252
46.118029
67.359627
70.582304
46.590001
66.871696
69.556509
45.965697
66.411204
68.821776
45.516795
62.328722
61.287493
41.91269
58.549997
55.784526
36.826259
58.050606
55.290959
36.367158
5.7574598
15.997349
85.736059
6.4996844
29.430188
22.573166
6.5339374
32.141071
21.656469
3.2345058
3.8949532
17.2816
3.219936
3.9061642
18.049091
7.1030026
55.111074
22.118549
6.8013214
50.806892
21.935541
2.5357724
9.4253151
56.083001
2.5186671
9.5894336
55.867051
34.151932
53.823403
43.149734
34.588254
53.761485
43.014131
36.173908
53.442547
42.559043
35.802001
53.528364
42.661277
37.426332
52.697732
42.345106
37.653266
52.202819
42.453627
3.5063174
6.6194345
19.130307
2.9924257
4.6210878
36.533126
3.0168981
4.4360529
34.184794
2.7759112
6.6837613
52.652476
21.946654
145.5396
56.149581
44.719877
127.25173
60.551389
56.367085
106.59994
59.64932
55.598266
109.809
59.362153
54.026263
113.31058
59.442767
55.239111
110.70447
59.362518
66.246564
87.835182
53.395669
66.113541
88.289036
53.568525
52.488825
48.75939
30.810863
52.566667
48.933331
31.019867
6.0073326
16.194131
83.337708
6.1493757
16.258785
81.427518
6.4958724
36.833329
21.094349
6.6966167
40.012406
20.724559
7.1200566
56.733724
22.346144
2.5563258
8.7227405
56.676089
2.5352638
9.3437284
56.146282
2.5241422
9.0545025
56.292898
33.966736
53.841926
43.197177
36.292818
53.413028
42.526632
36.619152
53.326537
42.435323
37.445713
52.817233
42.306118
37.369665
53.027001
42.267999
3.3070371
3.9588659
12.544604
3.4519873
4.2451363
7.7885521
3.5885635
7.0121717
20.968008
4.3822063
8.9653665
47.81919
3.0591065
4.2259735
30.221215
3.0256181
4.3961603
33.424192
3.0511727
4.2578617
30.953784
2.82513
6.2480099
50.56783
25.743828
146.15319
57.685474
45.444359
126.46034
60.460745
47.247833
124.09088
60.203249
53.594255
114.16419
59.482741
52.096587
116.70962
59.629779
67.46073
84.823925
52.285034
67.54014
84.431853
52.146309
67.636821
81.506779
51.242661
67.712054
81.882673
51.338902
67.352551
70.853305
46.758295
66.165059
68.567075
45.359444
60.927262
59.623852
40.424386
62.270547
61.073489
41.730777
56.170763
53.484661
34.600997
56.852853
53.910189
35.027977
57.486155
54.493619
35.597375
57.020074
54.051065
35.166958
57.859746
55.132619
36.21682
57.561673
54.645743
35.748887
5.9835361
16.305997
83.946452
5.8000856
16.007575
85.353108
6.4044694
35.886706
21.219008
6.495934
33.078263
21.468332
2.7664347
6.9061059
53.301525
18.513227
144.98254
54.546989
19.971884
144.77885
56.089961
2.8510413
5.8559656
48.531778
2.8576353
5.7855291
48.03827
60.660049
58.640805
39.501661
60.489888
58.459312
39.327432
13.8825
130.46675
43.859184
4.0476477
7.8823651
36.097728
4.0122033
7.5799927
33.79201
4.2564073
8.3185799
40.92835
4.1459575
8.0646836
38.498808
2.843984
5.9464872
49.012134
2.8365383
6.007786
49.472769
27.842774
145.34086
58.922648
27.320071
145.63438
58.615898
28.372907
145.01702
59.222822
28.919231
144.61538
59.521608
65.358631
66.119162
43.886912
60.830392
58.830536
39.676753
60.984957
59.018145
39.856906
3.2607518
3.9033388
15.913435
51.693156
47.904872
29.7773
51.020333
46.876314
28.508062
51.166626
47.039328
28.709864
2.6257349
8.0830574
56.404194
4.495448
32.327205
45.639096
4.4752409
32.047793
45.698916
4.3280532
30.120037
46.115699
4.3595541
30.452117
46.034558
4.5150354
32.584012
45.589885
4.5342711
32.795144
45.524877
5.165294
34.67446
45.367233
5.0681862
34.328588
45.416523
7.0246102
42.537959
44.24967
6.9548776
42.23314
44.261913
6.5125755
40.359388
44.422061
6.5874781
40.67768
44.385778
7.0923746
42.835759
44.24221
7.1609562
43.122116
44.239336
7.5661259
44.426554
44.366442
7.5027071
44.293745
44.324056
11.615518
50.072767
44.248337
11.4314
49.854806
44.266045
10.386277
48.471755
44.402496
10.556499
48.711244
44.376681
11.797846
50.285823
44.232457
11.986802
50.494734
44.218217
13.128824
51.666658
44.176614
12.938604
51.474612
44.178331
45.082257
35.415064
2.792661
6.6351793
52.227437
23.107011
145.95803
56.425424
33.040316
139.43953
61.872385
33.569432
138.13569
62.424215
66.489806
86.952679
53.064263
65.825268
89.228315
53.928227
66.685063
85.627831
52.582074
52.196297
48.416049
30.400115
3.4033795
4.156888
3.7798322
50.846968
46.717913
28.308166
50.682652
46.558848
28.101301
2.7069442
7.5574646
55.081977
3.9440841
27.076062
46.965284
3.8903182
26.736145
47.05928
3.9954882
27.416469
46.869385
4.0445818
27.758675
46.771103
4.2937953
29.788282
46.200968
4.2582609
29.453173
46.29027
5.8272149
37.405675
44.880359
5.749947
37.068396
44.941731
5.2567858
35.019292
45.312822
5.3443253
35.36366
45.254127
5.9042214
37.740916
44.820068
5.980891
38.074717
44.761437
6.4368858
40.038548
44.461351
6.3616656
39.715786
44.504381
8.9020163
46.160276
44.612592
8.7302055
45.889814
44.622964
7.6225697
44.484606
44.428201
7.7152782
44.665169
44.506426
9.0667895
46.428374
44.597342
9.232447
46.694467
44.577873
10.217816
48.226798
44.428175
10.050404
47.979613
44.454776
3.290902
3.930326
13.820336
3.3554726
4.0510629
10.170105
3.3435736
4.0182902
10.70854
3.0932228
4.8445177
7.191781
4.4129024
9.2145077
52.632804
2.8164915
6.4880761
51.300604
24.706896
146.22742
57.117868
32.484817
140.53149
61.444528
31.890921
141.45213
61.096601
65.200457
90.739739
54.515512
67.633552
83.674679
51.887381
68.161595
80.428033
51.071879
68.211025
80.793113
51.099465
67.710022
82.595153
51.539881
68.051932
80.041742
51.041057
67.887272
79.595865
51.10711
67.490381
77.117953
50.614073
61.422602
60.033793
40.815288
61.981877
60.653327
41.366477
48.021213
42.725534
23.209137
47.86891
42.582611
23.001319
6.3188235
15.722885
76.99581
6.6478667
47.130789
21.424025
6.6241849
48.239922
21.843436
35.00308
53.690396
42.888615
34.866043
53.71423
42.929401
35.408864
53.610695
42.771117
35.54136
53.584511
42.733671
37.991887
52.147873
42.409013
2.9652528
4.7878102
38.62675
2.9726482
4.703393
37.844976
20.709454
144.97224
56.08751
48.476639
43.201709
23.801126
48.569773
43.333894
24.004913
6.2383832
16.037614
79.305625
6.1850351
15.986901
80.014533
6.7061958
43.545235
20.69331
6.7346662
42.347347
20.598356
3.613068
4.413711
5.9309023
3.6658531
4.4350899
5.6215676
2.8726633
5.7061454
47.20994
2.8656008
5.7488254
47.662015
60.100161
58.099302
38.979735
60.298133
58.281813
39.155783
58.780057
56.133576
37.1487
2.5408991
8.831116
56.607393
2.5481827
8.8031393
56.63396
2.5134801
8.8197891
56.473246
2.5041769
8.7974713
56.301185
36.911709
53.240812
42.354473
36.817662
53.269756
42.37986
37.16699
53.149707
42.294069
37.243888
53.114264
42.2807
3.1884302
4.3860693
5.3149154
3.2514387
4.2832154
4.3761243
3.9741782
7.5305882
31.531335
3.8925579
7.3506744
29.270686
4.3251069
8.5876517
43.266686
2.8286218
6.0425617
49.812261
26.805328
145.85791
58.304604
30.064061
143.58874
60.132419
29.483257
144.14517
59.827354
48.889461
121.6888
59.993065
48.359135
122.49194
60.05046
50.423122
119.24702
59.79406
50.893244
118.41426
59.741187
67.160953
70.061094
46.271103
67.261613
70.318949
46.42861
66.738461
69.311379
45.816385
66.581365
69.071082
45.667524
61.188661
59.407155
40.232032
61.125408
59.208622
40.040513
58.389196
55.615703
36.670808
58.219382
55.451077
36.518471
5.5634102
15.469687
86.175808
5.674413
15.771669
86.01811
6.5312569
30.312187
22.240782
6.5359189
31.212435
21.937186
3.2438127
3.901759
16.63455
51.436405
47.729457
29.554399
51.527021
47.549211
29.336763
51.440711
47.372571
29.122624
51.313554
47.206723
28.91277
4.9147059
12.754718
79.703535
7.0061995
53.585261
22.017921
6.9300811
52.166479
21.961821
2.5312071
9.4899253
56.012321
2.5269869
9.5458578
55.940652
4.4338143
31.431643
45.821101
4.4547003
31.744965
45.756785
4.4130585
31.107755
45.88775
4.3881114
30.78123
45.958776
4.7168218
33.308359
45.501839
4.5542186
32.988659
45.492903
4.8468342
33.633909
45.49239
4.9629849
33.981791
45.459172
6.810285
41.61893
44.299643
6.8837137
41.927376
44.278577
6.736762
41.307812
44.324562
6.6623385
40.993547
44.353122
7.2996824
43.655422
44.251336
7.2299764
43.392732
44.242693
7.368015
43.896368
44.267713
7.4363636
44.116177
44.290529
11.074841
49.409445
44.306353
11.25331
49.633634
44.28532
10.901051
49.180471
44.328533
10.726105
48.947337
44.352184
12.366958
50.899912
44.196093
12.173725
50.699212
44.206135
12.557361
51.094495
44.188109
12.746783
51.284693
44.182147
34.303161
53.803535
43.102912
34.447004
53.78446
43.057984
36.053099
53.470671
42.592188
35.929437
53.499529
42.626346
37.396535
52.510403
42.43788
37.526805
52.333975
42.461062
3.3625387
6.1851879
15.695131
3.0081067
4.4787919
34.919978
3.0002873
4.5762331
35.760143
2.7841946
6.6614489
52.456284
22.54631
145.76933
56.257858
34.500167
137.08021
62.344075
56.201314
107.832
59.452611
55.939937
108.86509
59.384075
54.445993
112.46364
59.405315
54.849359
111.59515
59.379951
66.374668
87.389048
53.227335
65.973779
88.754602
53.74645
52.347512
48.592857
30.603953
6.0402529
16.143094
82.745659
6.1041197
16.232365
82.115633
6.5939742
37.842618
20.964002
6.6428264
38.904557
20.839265
2.8789717
5.6362582
46.680451
2.8810878
5.4872728
46.107848
2.8888192
5.4407871
45.624995
59.821816
57.913678
38.798179
50.44116
46.398494
27.887287
2.554353
8.5762386
56.688289
2.5578856
8.6620778
56.687597
2.5349463
9.2665859
56.20493
2.5298947
9.1614409
56.254613
3.8311582
26.390608
47.151108
3.7631798
26.025501
47.239268
4.1366168
28.440317
46.573995
4.0925212
28.10014
46.672587
4.1794153
28.779722
46.477265
4.2192073
29.117394
46.38215
5.5915471
36.390038
45.067738
5.6717852
36.730029
45.00442
5.5110655
36.049222
45.130697
5.428981
35.706913
45.193255
6.133177
38.736756
44.650769
6.0572058
38.406499
44.70493
6.2091961
39.064894
44.599137
6.2859522
39.391475
44.550227
8.3715074
45.358882
44.62135
8.555326
45.622442
44.625936
8.1771604
45.099155
44.60551
7.961095
44.862302
44.569805
9.5590747
47.218259
44.532107
9.3945868
46.957312
44.556348
9.7212532
47.475344
44.507154
9.8865555
47.729272
44.480896
26.983227
55.267732
44.385452
36.408565
53.384834
42.495273
36.515954
53.356066
42.464788
37.438546
52.9034
42.28234
37.411032
52.971008
42.271113
3.2984753
3.9431382
13.179806
3.3171561
3.9766674
11.907105
3.328634
4.001459
11.304997
3.1495485
4.5702313
6.4609216
3.1719699
4.4691716
5.8281225
3.5751187
4.4630517
4.0393873
3.7255376
7.0248013
22.888069
4.4057165
9.1512885
50.182704
3.0669708
4.1376112
28.370768
3.0635139
4.1741963
29.315332
3.0349323
4.3527724
32.562887
3.0401119
4.2941537
31.684586
2.8223723
6.3876014
50.953181
25.224853
146.222
57.386125
30.66253
142.9658
60.447546
31.275
142.25263
60.755802
46.07778
125.66843
60.362933
46.668243
124.88624
60.290213
53.143444
115.00726
59.524335
52.659488
115.8497
59.56944
61.931153
97.102543
56.981602
67.588283
84.050201
52.014398
68.114086
81.159729
51.163838
67.721597
82.24616
51.438563
67.707772
78.389923
51.05856
67.758558
79.061983
51.136348
67.667195
77.901162
50.945236
67.610845
77.507188
50.792539
61.219488
59.832555
40.624912
62.126823
60.858277
41.547624
56.462835
53.628488
34.74722
56.655423
53.762978
34.888961
57.33516
54.336477
35.450093
57.191738
54.197372
35.307279
57.396755
54.816077
35.903059
57.667863
54.97328
36.062715
5.9233828
16.198506
84.496623
5.8402612
16.00369
84.952331
6.4205977
34.9256
21.319526
6.4640084
34.033796
21.321387
40.439076
2.7616192
7.1478839
53.782015
4.8216578
11.532131
73.781237
9.7382148
105.35989
34.797306
41.582986
50.988296
38.65806
41.652106
50.949358
38.535332
4.8044651
11.326526
72.079343
9.6348808
103.16083
33.71002
62.792365
62.269893
42.557513
46.317514
39.679755
20.230598
2.6627831
7.6911737
55.78727
2.6533432
7.6728587
55.789191
42.784956
49.88349
36.425941
14.530137
133.67142
44.893276
62.590634
62.012806
42.420757
65.314635
65.918542
43.768193
3.1908772
3.9227643
20.318552
2.7003933
7.2780838
54.70399
10.628858
117.81724
42.338609
41.018889
51.285207
39.484291
42.096006
50.594371
37.630207
43.222157
49.341539
36.213167
4.5558611
9.6152306
57.438227
16.708519
142.87501
50.075577
52.930515
49.451276
31.628816
45.69579
38.779847
19.893135
3.7130996
4.4015604
4.2344785
3.1747266
3.9402069
21.154822
2.7079575
7.4613593
54.907363
54.327358
51.495394
32.732998
11.26376
119.58647
42.386205
2.6358788
8.098298
56.350625
40.884361
51.318321
39.600543
42.149802
50.551114
37.488718
4.5123981
9.4649399
55.102452
16.428034
142.06019
49.333436
63.124049
94.659368
56.025674
63.385114
94.076242
55.802022
64.060905
64.63357
43.057051
63.982314
64.222364
42.872063
63.777209
64.431765
42.960673
53.105929
49.619807
31.809341
54.116234
51.361523
32.637294
2.9318448
5.1064445
42.117084
2.7363305
7.2693123
54.342181
4.8850212
12.383934
78.346489
6.4247573
15.784058
75.393729
6.3167755
13.57491
49.461744
6.2636719
13.480029
47.221752
5.8978242
19.508384
29.29722
6.0761496
20.8675
27.92744
10.081918
111.56235
37.860227
2.5117419
9.8379003
55.511572
2.5250951
9.9855182
55.442799
2.5436321
10.366696
55.151712
29.924029
54.168394
44.56648
29.345522
54.195051
44.722076
30.109018
54.161761
44.507769
30.648964
54.141933
44.323529
41.358024
51.127087
39.016443
41.85982
50.799828
38.161024
17.898559
144.85774
52.950069
39.030312
133.11842
61.603907
36.574745
135.30902
62.081442
39.768738
132.41494
61.448562
41.862584
130.29557
61.022487
6.379228
13.779261
50.336369
6.4973454
14.226334
53.072741
5.9293798
19.15907
29.729462
5.9678568
18.074396
31.252149
63.45273
63.479178
42.770597
58.856729
56.506546
37.484034
6.665633
15.1415
65.092148
6.6528986
15.334173
67.790664
6.0294812
14.554095
38.594236
6.0212391
13.860994
40.539913
6.2266529
26.258188
23.995148
13.117856
126.90184
43.063776
2.689983
7.7152838
55.502126
2.6556647
7.9046499
56.000654
2.577604
11.760177
53.81463
2.552211
11.285486
54.17471
2.580794
11.903752
53.689418
2.571463
12.259295
53.324384
27.159731
55.232917
44.405503
27.312754
55.191625
44.43131
27.673875
54.948756
44.556024
32.631445
54.007151
43.598394
32.164152
54.052231
43.767387
32.784491
53.988877
43.544705
33.22362
53.936515
43.391404
42.391574
50.336212
36.898232
15.370579
137.82521
46.677332
67.770066
73.093599
48.161185
64.824635
65.363821
43.444591
6.6661528
15.099673
64.169202
6.6296716
14.792012
61.400182
6.0158637
14.765441
37.943208
5.9564099
15.422735
36.083893
2.9027668
5.341227
44.493705
2.9237661
5.1525022
42.700462
2.7276825
7.2784702
54.501383
6.5585573
15.586166
72.143053
6.4406196
15.663015
74.577405
6.1860709
13.587034
43.990968
6.2489857
13.498711
46.423162
6.2205413
23.079486
25.981172
6.120656
21.372189
27.444999
10.203023
113.36995
38.983113
2.5341052
10.749049
54.715789
2.5461705
10.478768
55.044632
2.7570599
14.5013
51.746852
2.7177452
13.894488
52.163226
2.6302429
12.977222
52.680258
2.6995033
13.675644
52.299771
2.6789377
13.444081
52.437237
2.7685527
14.706349
51.607305
2.7910696
15.290077
51.200289
2.8041036
16.051477
50.708358
2.7980299
15.48395
51.071171
3.3404418
22.130421
48.365728
3.2777718
21.189665
48.683908
3.1775995
19.964849
49.110728
3.2543557
20.877654
48.791369
3.3585321
22.441621
48.262718
3.3982978
23.358184
47.972976
3.4261944
24.447997
47.591321
3.4047444
23.64913
47.883904
17.534017
53.635853
45.143382
16.725602
53.445159
45.060919
16.058325
53.753155
44.668957
16.398901
53.4764
44.986149
17.773633
53.723735
45.14337
18.45922
53.986534
45.102523
19.321729
54.309513
45.001703
18.679029
54.071894
45.080691
24.196754
55.279435
44.391561
23.613313
55.228315
44.443784
22.81345
55.136985
44.528511
23.41642
55.207121
44.463521
24.386651
55.294705
44.377037
24.951553
55.325356
44.343398
25.671851
55.341715
44.326395
25.131465
55.333715
44.337623
28.49369
54.283722
44.837269
29.144788
54.207628
44.764471
31.338732
54.110481
44.071002
30.823783
54.134856
44.260142
41.281842
51.164511
39.134259
41.914834
50.757919
38.030525
3.4373773
6.4415057
17.355393
4.6290247
10.37468
64.036873
17.59156
144.52596
52.224525
35.602896
136.11364
62.23484
42.52134
129.57981
60.891693
49.038093
44.136336
25.039523
48.486184
43.663899
24.421233
6.548791
14.39795
56.881005
6.5287267
14.343257
54.025779
5.9303134
16.695979
33.458751
5.9704436
17.727166
31.790153
3.141468
3.9849643
23.491249
2.8949243
5.3941015
45.102532
63.698321
63.768295
42.747022
59.784573
57.364039
38.283813
59.629126
57.194876
38.122463
59.063956
56.678005
37.646325
54.866008
51.864339
33.025533
55.014167
51.969991
33.1288
50.10526
45.606192
26.881526
50.489405
46.072508
27.473726
50.551795
46.219254
27.678422
6.5765458
15.502584
71.284619
6.6457177
15.387887
68.683621
6.1480743
13.604883
43.226188
6.0067069
13.644103
41.128141
6.2261376
23.686639
25.524986
6.184795
25.609603
24.323371
12.721158
125.06923
42.761756
2.6987351
7.6851746
55.37627
2.6551688
7.9822215
56.102635
2.5271748
10.80796
54.6043
2.5353412
11.112194
54.274786
2.5984184
12.740831
52.772146
2.5659471
12.351697
53.200981
2.7928003
17.308006
49.781032
2.7971193
16.911412
50.16921
2.8039613
16.236973
50.598235
2.7984187
16.751825
50.280511
2.8673028
17.618937
49.761778
3.0172749
18.505972
49.581725
3.1502458
19.670737
49.213638
3.0542103
18.794577
49.498947
3.4317607
24.641157
47.451096
3.6963317
25.679478
47.315845
14.613356
52.98888
44.263356
14.087983
52.527787
44.207039
13.331246
51.84357
44.176855
13.907127
52.363348
44.194675
14.78585
53.128592
44.290436
15.296555
53.475427
44.392189
15.921868
53.744818
44.597278
15.46024
53.570501
44.435843
20.982586
54.802921
44.765321
20.364001
54.643528
44.853628
19.532234
54.38314
44.973039
20.159034
54.582247
44.88359
21.1867
54.851056
44.736494
21.798788
54.976631
44.653457
22.612885
55.108747
44.552081
22.002292
55.013819
44.627085
26.53828
55.295532
44.358998
25.845946
55.333416
44.329623
26.360375
55.314
44.348049
28.256413
54.344618
44.829755
27.757355
54.797507
44.626657
31.50738
54.100501
44.008377
32.002396
54.066475
43.826213
33.368722
53.917425
43.343307
42.331407
50.377676
37.055243
3.3791134
4.0772245
9.6253741
3.4184594
4.2067775
8.2299017
3.852526
7.3371059
27.067968
15.635567
139.06778
47.301739
62.310446
96.474283
56.732866
64.100084
92.408599
55.153779
64.31959
91.85664
54.941167
67.515741
74.325028
48.939144
67.749584
75.210998
49.503089
68.003412
76.442295
50.248663
67.820586
75.510766
49.690412
67.943002
76.772591
50.435626
67.363892
74.000466
48.735871
67.444874
71.974973
47.453184
67.702662
72.810254
47.97883
67.327802
71.703094
47.282082
64.641427
65.176024
43.344074
53.780171
50.485249
32.423367
53.597637
50.187584
32.297539
49.169846
44.283643
25.239125
49.950544
45.455412
26.686642
49.473336
44.783315
25.856841
49.340139
44.970596
26.06871
6.5552347
14.391036
57.742162
6.6238315
14.769372
60.488585
5.9097836
16.378087
33.989102
5.9166857
15.619054
35.517428
2.7533029
7.2133188
53.984964
4.8473396
11.872572
75.367934
9.8485989
107.52615
35.725445
2.6007914
8.3256258
56.648954
2.6003331
8.2508368
56.601607
2.5975685
8.3694722
56.684064
2.5920659
8.4027679
56.712858
38.430542
52.026251
42.190102
38.301205
52.060835
42.272688
38.556583
51.995497
42.100497
38.68058
51.966122
42.005079
41.508716
51.040483
38.778043
41.723694
50.895278
38.412841
2.7589599
6.7227697
52.991238
4.7726186
11.067306
70.316686
9.533999
100.80353
32.790217
62.989544
62.614344
42.666688
46.598601
40.257755
20.474084
5.4859173
15.430956
86.304844
5.4154561
15.097866
86.212185
7.3943099
67.530296
25.800439
7.1782364
65.876003
25.694418
2.672052
7.704923
55.719709
2.6436993
7.6467359
55.727185
40.102335
51.597941
40.491659
40.01953
51.626983
40.601948
40.180864
51.565575
40.382307
40.259739
51.534646
40.272086
42.561305
50.168127
36.57441
14.848785
135.12227
45.426928
65.084715
66.328455
44.009424
62.381351
61.76407
42.264368
65.1685
65.726474
43.655518
5.5174047
15.468856
86.255799
7.6927105
69.185579
25.904312
7.9694141
71.006603
26.00083
3.2032434
3.9167522
19.595755
3.2159773
3.9091179
18.831042
2.7095476
7.2730768
54.583523
47.488068
41.73566
21.962816
47.611203
41.908853
22.161284
5.1067933
13.561534
82.891483
5.0481711
13.245172
81.980187
10.462243
116.26809
41.46826
2.6158782
8.0738634
56.477168
2.5359458
8.3193172
56.621024
2.545878
8.3506199
56.675206
39.368291
51.817537
41.373226
39.261731
51.842114
41.482543
41.114569
51.243877
39.367235
42.033425
50.656224
37.764735
4.5791406
9.8297018
59.643677
16.997631
143.51458
50.750278
57.725296
104.48315
59.399136
60.266761
99.829417
58.010688
59.910553
100.52423
58.26059
52.758559
49.290586
31.435318
37.89305
18.346547
9.0936227
86.21255
28.017448
9.1574163
88.627384
28.574357
3.83818
4.4302437
4.4802139
3.0890206
4.0799123
26.785123
3.0971638
4.0495832
25.890289
3.165947
3.9500857
21.876619
56.382476
53.327689
34.460856
56.315947
53.192056
34.324011
55.370119
52.457614
33.586622
55.548502
52.576874
33.705466
54.525775
51.627749
32.828217
55.247549
52.204909
33.348827
55.112344
52.339274
33.464352
47.352648
41.5793
21.759504
47.217123
41.410131
21.562619
5.1768092
13.984938
83.697745
5.2122829
14.169874
84.336914
7.1465551
58.355916
22.680696
11.786347
121.37853
42.452926
2.6441619
8.0663265
56.274539
2.5480944
8.4767996
56.664207
39.469554
51.792098
41.263513
39.569441
51.766632
41.153156
40.611982
51.354956
39.714938
42.211471
50.486952
37.348955
3.0735043
4.1085401
27.60078
16.154322
141.20933
48.651868
62.870483
95.253825
56.255768
60.603856
99.151832
57.761849
60.922821
98.461103
57.503391
63.640721
93.50765
55.581094
67.28466
85.224431
52.431107
66.197576
67.620929
44.784087
66.049343
67.400095
44.650939
66.335356
67.847148
44.92145
66.452914
68.076373
45.062644
64.267574
64.821242
43.151982
53.261183
49.791239
31.981774
53.805895
51.185143
32.565682
9.011568
83.864713
27.412711
8.9033478
81.52396
27.010644
2.9424116
4.9331454
40.708017
2.9382095
5.0270746
41.436087
2.7449908
7.2597574
54.174141
4.8658916
12.105719
76.913272
6.3736495
15.773575
76.203881
6.2641606
13.388582
48.727638
6.2628297
13.428843
48.006751
5.9548442
19.926654
28.861776
6.0158711
20.371454
28.417991
9.9608501
109.56585
36.788201
2.586811
8.0018419
56.443282
2.5971515
8.1569465
56.532458
2.5745456
8.4185881
56.755053
2.583751
8.4156828
56.735443
2.5011714
9.6273325
55.652852
2.4927195
9.6492533
55.562657
2.5340313
10.12202
55.353437
2.5411203
10.253688
55.255849
29.734752
54.175855
44.622133
29.54353
54.184342
44.674591
30.29242
54.154792
44.447666
30.472177
54.14853
44.385808
38.16269
52.100442
42.346106
38.924195
51.914807
41.80275
38.803411
51.940429
41.905593
41.43595
51.07825
38.89804
41.791808
50.854815
38.286733
18.224755
145.0105
53.782704
38.253696
133.8336
61.76128
37.449596
134.54936
61.920377
40.489189
131.7091
61.298337
41.188484
131.00942
61.152909
4.7079736
10.711863
68.347183
6.4241878
13.944189
51.214173
6.4677049
14.105743
52.118469
5.9527795
18.799591
30.214367
5.9673407
18.440249
30.718681
9.444003
98.460858
31.809549
9.3674943
96.016247
31.004124
3.7301016
4.4628565
5.3207372
63.22439
63.112172
42.742108
58.558958
56.326469
37.313208
46.709211
40.616635
20.721702
46.638642
40.929167
20.927702
5.3560889
14.855397
85.763626
5.3749283
14.936162
86.017505
6.6349936
15.062387
65.983515
6.6542738
15.222749
66.854779
6.0296632
14.312024
39.260606
6.0317026
14.098975
39.90661
6.3950635
27.765876
23.278578
6.3281611
26.975897
23.643505
7.1578045
63.061766
24.178223
7.16949
64.524019
24.878091
13.518179
128.75053
43.391641
2.6811362
7.7149252
55.621142
2.6526255
7.7862792
55.87214
2.5725474
11.612037
53.93892
2.5638378
11.452626
54.059977
2.5802038
12.034195
53.565059
2.5770199
12.160015
53.4432
27.447097
55.13288
44.463339
27.57003
55.051105
44.504766
32.479894
54.022598
43.653481
32.322476
54.038908
43.709752
32.932038
53.972268
43.492003
33.080171
53.953791
43.441159
39.847382
51.685185
40.822146
39.935716
51.657282
40.711661
40.408592
51.469888
40.053757
40.334715
51.501595
40.163246
42.465274
50.251749
36.747413
3.5172709
4.3226406
6.9825625
3.4676126
4.286711
7.3886124
3.2883941
4.3641519
4.804605
15.082895
136.51908
46.012873
67.7648
73.688679
48.541884
67.822096
73.384785
48.347856
65.54915
66.761432
44.266186
65.35871
66.550209
44.13973
62.100799
61.522545
42.091009
65.015806
65.538256
43.547781
6.6652846
15.025486
63.220865
6.6342914
14.865708
62.297569
6.0033737
14.996537
37.299159
5.9811195
15.202246
36.676343
8.4190164
74.963815
26.219231
8.1987352
72.914266
26.104593
2.9078815
5.2428076
43.859826
2.9160823
5.1948424
43.239443
2.7186707
7.2762015
54.575097
47.767343
42.234797
22.575231
47.710146
42.062183
22.368855
5.0065569
13.10079
80.91605
6.5110976
15.558185
72.998955
6.4594669
15.520915
73.785346
6.2098863
13.553789
44.791095
6.2365663
13.538333
45.596152
6.189738
22.482621
26.462326
6.169332
21.924168
26.943187
10.332517
114.95274
40.119318
2.5963322
8.0235186
56.427269
2.6060984
8.0487477
56.463926
2.5651896
8.4022201
56.772951
2.5557261
8.3789364
56.750322
2.5411143
10.67103
54.82441
2.5440439
10.577823
54.934001
2.7460479
14.302065
51.887068
2.7318301
14.100133
52.026459
2.6570114
13.21331
52.563928
2.7772632
14.900564
51.468988
2.7859304
15.098878
51.333448
2.8047518
15.863322
50.824619
2.8012978
15.673929
50.945295
3.3212761
21.81984
48.470549
3.3001004
21.506201
48.576766
3.2047554
20.266484
49.005504
3.2294889
20.571547
48.898703
3.3753875
22.749397
48.162416
3.3879215
23.056398
48.065591
3.4186514
24.199173
47.698548
3.4121808
23.93393
47.79086
17.279707
53.552264
45.135504
17.013097
53.47296
45.114727
16.186295
53.733238
44.749048
16.295982
53.63989
44.853954
18.008081
53.810955
45.135427
18.234148
53.900184
45.121312
19.109446
54.233569
45.029747
18.895583
54.153614
45.05606
24.003616
55.264983
44.407881
23.81009
55.246817
44.425246
23.016933
55.161177
44.506126
23.215956
55.186095
44.484324
24.577026
55.306377
44.364054
24.763121
55.317991
44.353578
25.49209
55.341242
44.328754
25.316499
55.337559
44.330605
28.721669
54.24985
44.823938
28.936397
54.22633
44.798592
31.169408
54.118841
44.133725
30.997534
54.127946
44.196986
39.039734
51.890619
41.697717
39.153391
51.866253
41.59071
41.198497
51.210633
39.250919
41.976882
50.698827
37.900533
4.5953233
10.061164
61.862978
17.291112
144.11501
51.485089
43.797682
128.02435
60.656537
43.167694
128.82004
60.775848
57.096433
105.58996
59.541135
58.703856
102.76361
58.981427
58.237398
103.58087
59.204882
59.129614
101.98573
58.749352
59.531687
101.24301
58.506592
52.5001
49.118334
31.227269
48.875905
43.971914
24.840683
48.728105
43.833536
24.634742
6.5538185
14.430793
55.949206
6.5387894
14.384272
55.008672
5.9500331
17.03417
32.901174
5.9627572
17.373141
32.349837
9.2861068
93.515835
30.088211
9.2183896
91.044494
29.296692
3.8736514
4.4685765
4.740494
3.7886813
4.4713062
5.0287162
3.1297019
4.0075287
24.367029
3.1148991
4.0272414
25.115352
3.1455812
3.9653846
22.603406
63.902684
64.00193
42.800511
59.940608
57.545356
38.451086
60.014491
57.72257
38.6226
59.448287
57.022867
37.962944
59.27296
56.855456
37.805256
56.038878
52.94005
34.06653
56.182302
53.066475
34.192905
55.882085
52.815371
33.943707
55.72634
52.695313
33.823643
54.697608
51.746487
32.92602
55.163781
52.091771
33.235992
50.251309
45.759601
27.076706
50.366779
45.908898
27.27291
46.89151
41.07782
21.153842
47.060281
41.258922
21.358147
5.3060746
14.649764
85.418442
5.2272596
14.197694
84.928719
6.5853458
15.388525
70.405067
6.6083623
15.323722
69.57231
6.109164
13.614122
42.493582
6.0574533
13.629111
41.7587
6.2288942
24.320485
25.086129
6.2094085
24.962215
24.684604
7.1511144
61.570962
23.60454
7.1461389
59.967343
23.102274
12.260338
123.24145
42.626464
2.7051544
7.6415171
55.240604
2.6518317
8.0391876
56.191978
2.5199689
10.854971
54.448388
2.5133783
10.910697
54.357002
2.5545657
12.487509
52.844308
2.5602366
12.429077
53.01566
2.793933
17.175489
49.852828
2.7951217
17.05011
50.033741
2.8018596
16.413223
50.493752
2.8005089
16.588539
50.39412
2.9253971
17.917307
49.720256
2.9740058
18.213029
49.656499
3.1202424
19.375524
49.313513
3.0889319
19.085944
49.409157
3.5209719
24.970115
47.425146
3.6158584
25.322685
47.382669
14.439558
52.841193
44.241162
14.264449
52.686875
44.222431
13.534269
52.0211
44.179697
13.724312
52.194927
44.185743
14.958066
53.255862
44.319843
15.128629
53.371563
44.354317
15.773241
53.702322
44.537844
15.618638
53.644914
44.483039
20.776293
54.753394
44.794341
20.572138
54.69903
44.823963
19.74179
54.452202
44.943415
19.950084
54.520074
44.913547
21.391083
54.895362
44.708209
21.59497
54.937909
44.680513
22.408789
55.080402
44.576196
22.205796
55.047243
44.601326
26.709658
55.282985
44.371038
26.020724
55.331364
44.332434
26.189896
55.315487
44.340493
27.991458
54.46678
44.789713
27.82729
54.599523
44.729234
31.674109
54.089836
43.946818
31.840329
54.077438
43.885978
33.661943
53.863963
43.244857
33.519005
53.896076
43.294524
39.758434
51.713572
40.932316
39.66458
51.739981
41.042941
40.481714
51.436193
39.94523
40.557471
51.398842
39.832378
42.267587
50.444622
37.200974
3.380989
4.1218782
9.1369494
3.4028998
4.163372
8.663137
3.7944867
7.0791579
24.968017
15.890972
140.15495
48.000259
62.608745
95.853009
56.489684
61.201067
97.748144
57.236564
63.874485
92.955414
55.366685
64.497567
91.27026
54.720514
67.604016
74.624961
49.129676
67.685698
74.917331
49.317246
67.964181
76.122932
50.062697
67.918041
75.812978
49.875784
67.538091
72.248811
47.62497
67.62772
72.52721
47.800953
67.195754
71.421096
47.109116
66.983635
71.131413
46.92876
65.730988
66.971248
44.392062
65.890646
67.179881
44.519743
66.46638
68.31829
45.210187
64.464734
64.998843
43.246759
53.943786
50.911316
32.520001
53.434088
49.983161
32.145559
49.304655
44.454122
25.439952
49.411204
44.607318
25.645952
49.775029
45.293628
26.488842
49.614164
45.14586
26.28461
6.5860454
14.565294
58.633142
6.6192914
14.703495
59.559413
5.8724937
16.045958
34.503181
5.874642
15.806531
34.979395
8.5946013
77.066668
26.379539
8.781936
79.284452
26.645164
43.83468
48.028595
36.037568
44.432233
36.877067
19.534808
28.16874
44.241116
45.445545
35.741375
41.740154
33.485478
18.955173
3.3829578
4.0733399
3.6680774
3.1175375
5.1438221
8.6547618
3.1663147
5.2447069
10.225785
3.1378579
5.6696033
12.163116
3.2273312
6.1225264
14.415373
3.0364411
4.9628692
7.9203677
3.1098418
5.0465624
9.3256445
3.1616615
5.2129383
11.074486
3.2047994
5.6698544
13.113192
3.3557017
4.2123492
3.789023
)
;

boundaryField
{
    inlet
    {
        type            fixedValue;
        value           uniform 1.5;
    }
    outlet
    {
        type            inletOutlet;
        inletValue      uniform 1.5;
        value           nonuniform List<scalar> 
102
(
14.818533
31.507479
30.799101
19.756103
9.2889869
4.4044814
2.6927292
2.0560112
1.8052084
1.6464784
1.7457678
1.9179138
2.2178655
2.8095544
4.1858886
6.634115
8.4673734
2.2309279
1.517498
1.5818995
1.4810218
1.5046753
1.4670335
1.4762934
1.4616788
1.4651942
1.4609254
1.4609923
1.4692694
1.4618857
1.4915063
1.4735474
1.498366
1.4981111
1.2091976
1.4767781
1.2530994
1.1687687
0.83219465
2.8651267
1.4254653
1.0086963
1.5757368
1.4911043
1.5889087
1.5841092
1.5782837
1.5872007
1.564913
1.574562
1.559656
1.5627802
1.5622545
1.5594924
1.5698304
1.5638544
1.5851206
1.5725969
1.6307046
1.7071135
1.6070227
1.5925183
1.5339074
1.5550147
1.4869931
1.494679
1.469413
1.472468
1.4625952
1.4637528
1.4605245
1.4605806
1.4659445
1.4635158
1.4848417
1.47876
1.5048411
1.5033282
1.338178
1.4281762
2.1001028
1.825924
0.76403778
1.3310309
1.325083
1.183366
1.5601115
1.5334824
1.5894404
1.58812
1.5817754
1.5847558
1.5676718
1.5709352
1.5602875
1.5612936
1.5608827
1.5599142
1.5676184
1.5656635
1.5803601
1.576081
)
;
    }
    top
    {
        type            slip;
    }
    bottom
    {
        type            slip;
    }
    symFront
    {
        type            empty;
    }
    symBack
    {
        type            empty;
    }
    wing
    {
        type            kqRWallFunction;
        value           nonuniform List<scalar> 
1073
(
30.140186
53.562101
55.543185
56.096748
44.361691
29.990682
51.937626
56.623832
52.904158
54.11647
52.745661
30.196014
3.9837767
15.158532
14.472173
51.627197
56.855412
54.312247
51.765032
51.647282
41.001249
41.183694
40.082837
23.405932
22.78875
77.743773
21.091078
21.907489
55.781745
42.84871
42.971424
42.809514
42.697152
39.402193
37.209112
52.710067
56.101366
23.605278
24.210679
66.207578
78.539952
80.701786
20.847663
20.628325
6.2492193
36.984866
22.918279
56.578681
56.658922
56.542338
56.305816
42.331236
42.406898
42.311631
42.271409
6.6040456
45.503571
50.141325
57.996816
59.914769
60.129498
59.862416
59.673351
46.118029
46.590001
45.965697
45.516795
41.91269
36.826259
36.367158
85.736059
22.573166
21.656469
17.2816
18.049091
22.118549
21.935541
56.083001
55.867051
43.149734
43.014131
42.559043
42.661277
42.345106
42.453627
19.130307
36.533126
34.184794
52.652476
56.149581
60.551389
59.64932
59.362153
59.442767
59.362518
53.395669
53.568525
30.810863
31.019867
83.337708
81.427518
21.094349
20.724559
22.346144
56.676089
56.146282
56.292898
43.197177
42.526632
42.435323
42.306118
42.267999
12.544604
7.7885521
20.968008
47.81919
30.221215
33.424192
30.953784
50.56783
57.685474
60.460745
60.203249
59.482741
59.629779
52.285034
52.146309
51.242661
51.338902
46.758295
45.359444
40.424386
41.730777
34.600997
35.027977
35.597375
35.166958
36.21682
35.748887
83.946452
85.353108
21.219008
21.468332
53.301525
54.546989
56.089961
48.531778
48.03827
39.501661
39.327432
43.859184
36.097728
33.79201
40.92835
38.498808
49.012134
49.472769
58.922648
58.615898
59.222822
59.521608
43.886912
39.676753
39.856906
15.913435
29.7773
28.508062
28.709864
56.404194
45.639096
45.698916
46.115699
46.034558
45.589885
45.524877
45.367233
45.416523
44.24967
44.261913
44.422061
44.385778
44.24221
44.239336
44.366442
44.324056
44.248337
44.266045
44.402496
44.376681
44.232457
44.218217
44.176614
44.178331
35.415064
52.227437
56.425424
61.872385
62.424215
53.064263
53.928227
52.582074
30.400115
3.7798322
28.308166
28.101301
55.081977
46.965284
47.05928
46.869385
46.771103
46.200968
46.29027
44.880359
44.941731
45.312822
45.254127
44.820068
44.761437
44.461351
44.504381
44.612592
44.622964
44.428201
44.506426
44.597342
44.577873
44.428175
44.454776
13.820336
10.170105
10.70854
7.191781
52.632804
51.300604
57.117868
61.444528
61.096601
54.515512
51.887381
51.071879
51.099465
51.539881
51.041057
51.10711
50.614073
40.815288
41.366477
23.209137
23.001319
76.99581
21.424025
21.843436
42.888615
42.929401
42.771117
42.733671
42.409013
38.62675
37.844976
56.08751
23.801126
24.004913
79.305625
80.014533
20.69331
20.598356
5.9309023
5.6215676
47.20994
47.662015
38.979735
39.155783
37.1487
56.607393
56.63396
56.473246
56.301185
42.354473
42.37986
42.294069
42.2807
5.3149154
4.3761243
31.531335
29.270686
43.266686
49.812261
58.304604
60.132419
59.827354
59.993065
60.05046
59.79406
59.741187
46.271103
46.42861
45.816385
45.667524
40.232032
40.040513
36.670808
36.518471
86.175808
86.01811
22.240782
21.937186
16.63455
29.554399
29.336763
29.122624
28.91277
79.703535
22.017921
21.961821
56.012321
55.940652
45.821101
45.756785
45.88775
45.958776
45.501839
45.492903
45.49239
45.459172
44.299643
44.278577
44.324562
44.353122
44.251336
44.242693
44.267713
44.290529
44.306353
44.28532
44.328533
44.352184
44.196093
44.206135
44.188109
44.182147
43.102912
43.057984
42.592188
42.626346
42.43788
42.461062
15.695131
34.919978
35.760143
52.456284
56.257858
62.344075
59.452611
59.384075
59.405315
59.379951
53.227335
53.74645
30.603953
82.745659
82.115633
20.964002
20.839265
46.680451
46.107848
45.624995
38.798179
27.887287
56.688289
56.687597
56.20493
56.254613
47.151108
47.239268
46.573995
46.672587
46.477265
46.38215
45.067738
45.00442
45.130697
45.193255
44.650769
44.70493
44.599137
44.550227
44.62135
44.625936
44.60551
44.569805
44.532107
44.556348
44.507154
44.480896
44.385452
42.495273
42.464788
42.28234
42.271113
13.179806
11.907105
11.304997
6.4609216
5.8281225
4.0393873
22.888069
50.182704
28.370768
29.315332
32.562887
31.684586
50.953181
57.386125
60.447546
60.755802
60.362933
60.290213
59.524335
59.56944
56.981602
52.014398
51.163838
51.438563
51.05856
51.136348
50.945236
50.792539
40.624912
41.547624
34.74722
34.888961
35.450093
35.307279
35.903059
36.062715
84.496623
84.952331
21.319526
21.321387
40.439076
53.782015
73.781237
34.797306
38.65806
38.535332
72.079343
33.71002
42.557513
20.230598
55.78727
55.789191
36.425941
44.893276
42.420757
43.768193
20.318552
54.70399
42.338609
39.484291
37.630207
36.213167
57.438227
50.075577
31.628816
19.893135
4.2344785
21.154822
54.907363
32.732998
42.386205
56.350625
39.600543
37.488718
55.102452
49.333436
56.025674
55.802022
43.057051
42.872063
42.960673
31.809341
32.637294
42.117084
54.342181
78.346489
75.393729
49.461744
47.221752
29.29722
27.92744
37.860227
55.511572
55.442799
55.151712
44.56648
44.722076
44.507769
44.323529
39.016443
38.161024
52.950069
61.603907
62.081442
61.448562
61.022487
50.336369
53.072741
29.729462
31.252149
42.770597
37.484034
65.092148
67.790664
38.594236
40.539913
23.995148
43.063776
55.502126
56.000654
53.81463
54.17471
53.689418
53.324384
44.405503
44.43131
44.556024
43.598394
43.767387
43.544705
43.391404
36.898232
46.677332
48.161185
43.444591
64.169202
61.400182
37.943208
36.083893
44.493705
42.700462
54.501383
72.143053
74.577405
43.990968
46.423162
25.981172
27.444999
38.983113
54.715789
55.044632
51.746852
52.163226
52.680258
52.299771
52.437237
51.607305
51.200289
50.708358
51.071171
48.365728
48.683908
49.110728
48.791369
48.262718
47.972976
47.591321
47.883904
45.143382
45.060919
44.668957
44.986149
45.14337
45.102523
45.001703
45.080691
44.391561
44.443784
44.528511
44.463521
44.377037
44.343398
44.326395
44.337623
44.837269
44.764471
44.071002
44.260142
39.134259
38.030525
17.355393
64.036873
52.224525
62.23484
60.891693
25.039523
24.421233
56.881005
54.025779
33.458751
31.790153
23.491249
45.102532
42.747022
38.283813
38.122463
37.646325
33.025533
33.1288
26.881526
27.473726
27.678422
71.284619
68.683621
43.226188
41.128141
25.524986
24.323371
42.761756
55.37627
56.102635
54.6043
54.274786
52.772146
53.200981
49.781032
50.16921
50.598235
50.280511
49.761778
49.581725
49.213638
49.498947
47.451096
47.315845
44.263356
44.207039
44.176855
44.194675
44.290436
44.392189
44.597278
44.435843
44.765321
44.853628
44.973039
44.88359
44.736494
44.653457
44.552081
44.627085
44.358998
44.329623
44.348049
44.829755
44.626657
44.008377
43.826213
43.343307
37.055243
9.6253741
8.2299017
27.067968
47.301739
56.732866
55.153779
54.941167
48.939144
49.503089
50.248663
49.690412
50.435626
48.735871
47.453184
47.97883
47.282082
43.344074
32.423367
32.297539
25.239125
26.686642
25.856841
26.06871
57.742162
60.488585
33.989102
35.517428
53.984964
75.367934
35.725445
56.648954
56.601607
56.684064
56.712858
42.190102
42.272688
42.100497
42.005079
38.778043
38.412841
52.991238
70.316686
32.790217
42.666688
20.474084
86.304844
86.212185
25.800439
25.694418
55.719709
55.727185
40.491659
40.601948
40.382307
40.272086
36.57441
45.426928
44.009424
42.264368
43.655518
86.255799
25.904312
26.00083
19.595755
18.831042
54.583523
21.962816
22.161284
82.891483
81.980187
41.46826
56.477168
56.621024
56.675206
41.373226
41.482543
39.367235
37.764735
59.643677
50.750278
59.399136
58.010688
58.26059
31.435318
18.346547
28.017448
28.574357
4.4802139
26.785123
25.890289
21.876619
34.460856
34.324011
33.586622
33.705466
32.828217
33.348827
33.464352
21.759504
21.562619
83.697745
84.336914
22.680696
42.452926
56.274539
56.664207
41.263513
41.153156
39.714938
37.348955
27.60078
48.651868
56.255768
57.761849
57.503391
55.581094
52.431107
44.784087
44.650939
44.92145
45.062644
43.151982
31.981774
32.565682
27.412711
27.010644
40.708017
41.436087
54.174141
76.913272
76.203881
48.727638
48.006751
28.861776
28.417991
36.788201
56.443282
56.532458
56.755053
56.735443
55.652852
55.562657
55.353437
55.255849
44.622133
44.674591
44.447666
44.385808
42.346106
41.80275
41.905593
38.89804
38.286733
53.782704
61.76128
61.920377
61.298337
61.152909
68.347183
51.214173
52.118469
30.214367
30.718681
31.809549
31.004124
5.3207372
42.742108
37.313208
20.721702
20.927702
85.763626
86.017505
65.983515
66.854779
39.260606
39.90661
23.278578
23.643505
24.178223
24.878091
43.391641
55.621142
55.87214
53.93892
54.059977
53.565059
53.4432
44.463339
44.504766
43.653481
43.709752
43.492003
43.441159
40.822146
40.711661
40.053757
40.163246
36.747413
6.9825625
7.3886124
4.804605
46.012873
48.541884
48.347856
44.266186
44.13973
42.091009
43.547781
63.220865
62.297569
37.299159
36.676343
26.219231
26.104593
43.859826
43.239443
54.575097
22.575231
22.368855
80.91605
72.998955
73.785346
44.791095
45.596152
26.462326
26.943187
40.119318
56.427269
56.463926
56.772951
56.750322
54.82441
54.934001
51.887068
52.026459
52.563928
51.468988
51.333448
50.824619
50.945295
48.470549
48.576766
49.005504
48.898703
48.162416
48.065591
47.698548
47.79086
45.135504
45.114727
44.749048
44.853954
45.135427
45.121312
45.029747
45.05606
44.407881
44.425246
44.506126
44.484324
44.364054
44.353578
44.328754
44.330605
44.823938
44.798592
44.133725
44.196986
41.697717
41.59071
39.250919
37.900533
61.862978
51.485089
60.656537
60.775848
59.541135
58.981427
59.204882
58.749352
58.506592
31.227269
24.840683
24.634742
55.949206
55.008672
32.901174
32.349837
30.088211
29.296692
4.740494
5.0287162
24.367029
25.115352
22.603406
42.800511
38.451086
38.6226
37.962944
37.805256
34.06653
34.192905
33.943707
33.823643
32.92602
33.235992
27.076706
27.27291
21.153842
21.358147
85.418442
84.928719
70.405067
69.57231
42.493582
41.7587
25.086129
24.684604
23.60454
23.102274
42.626464
55.240604
56.191978
54.448388
54.357002
52.844308
53.01566
49.852828
50.033741
50.493752
50.39412
49.720256
49.656499
49.313513
49.409157
47.425146
47.382669
44.241162
44.222431
44.179697
44.185743
44.319843
44.354317
44.537844
44.483039
44.794341
44.823963
44.943415
44.913547
44.708209
44.680513
44.576196
44.601326
44.371038
44.332434
44.340493
44.789713
44.729234
43.946818
43.885978
43.244857
43.294524
40.932316
41.042941
39.94523
39.832378
37.200974
9.1369494
8.663137
24.968017
48.000259
56.489684
57.236564
55.366685
54.720514
49.129676
49.317246
50.062697
49.875784
47.62497
47.800953
47.109116
46.92876
44.392062
44.519743
45.210187
43.246759
32.520001
32.145559
25.439952
25.645952
26.488842
26.28461
58.633142
59.559413
34.503181
34.979395
26.379539
26.645164
36.037568
19.534808
28.16874
35.741375
18.955173
3.6680774
8.6547618
10.225785
12.163116
14.415373
7.9203677
9.3256445
11.074486
13.113192
3.789023
)
;
    }
}


// ************************************************************************* //
